{"type":"FeatureCollection","features":[{"type":"Feature","properties":{"ma":0,"type":"gpml:TopologicalNetwork","name":"Alpine_Deforming_Mesh_ELB","pid":301,"deforming":true},"geometry":{"type":"Polygon","coordinates":[[[7.14,43.56],[6.53,43.18],[5.94,42.81],[5.23,42.64],[4.54,42.48],[3.44,42.46],[3.32,42.47],[3.32,42.47],[3.32,42.47],[3.32,42.47],[2.34,42.55],[1.36,42.63],[0.39,42.71],[-0.58,42.78],[-1.21,43],[-1.83,43.21],[-2.11,43.36],[-2.11,43.36],[-1.45,43.52],[-0.78,43.67],[0.43,43.56],[1.64,43.44],[2.44,43.47],[3.24,43.49],[4.17,43.57],[5.1,43.65],[5.84,43.71],[6.35,43.75],[6.35,43.75],[6.32,43.76],[5.88,43.83],[5.31,43.87],[5.24,43.99],[5.27,44.2],[5.17,44.85],[5.24,45.07],[5.78,45.52],[6.32,45.97],[6.35,46.05],[6.29,46.24],[6.7,46.58],[7.45,46.82],[7.82,46.84],[8.01,46.97],[8.17,47.04],[8.34,47.04],[8.48,47.13],[9.16,47.32],[9.85,47.51],[10.26,47.73],[11.38,47.82],[12.59,47.82],[12.99,47.99],[14.16,48.03],[15.11,48.07],[15.99,48.29],[16.6,48.75],[16.84,49.14],[17.56,49.35],[17.98,49.63],[18.79,49.85],[20.24,50.02],[21.32,50.02],[22.41,50.02],[23.31,49.57],[24.2,49.11],[24.78,48.62],[25.34,48.12],[26.07,47.39],[26.77,46.66],[26.75,46.11],[26.68,45.26],[26.06,44.99],[25.44,44.72],[24.11,44.59],[22.88,44.82],[22.88,44.82],[22.96,44.88],[22.39,44.91],[21.83,44.94],[21.4,44.96],[20.88,44.99],[20.41,45.01],[19.39,45.04],[19.85,45.01],[19.79,44.59],[19.97,43.86],[20.29,43.25],[20.53,42.61],[20.83,41.97],[21.47,41.26],[21.47,41.26],[22.03,40.76],[22.63,40.35],[23.24,39.91],[23.94,39.55],[24.6,39.18],[25.37,39.09],[26.41,38.95],[27.35,38.86],[28.27,38.84],[29.16,38.88],[30.2,38.85],[31.27,38.87],[32.29,38.96],[33.15,39.04],[34.12,39.09],[34.99,39.1],[36.05,39.04],[36.97,38.95],[37.81,38.88],[38.77,38.79],[39.74,38.63],[40.68,38.4],[41.62,38.19],[42.59,37.87],[43.23,37.58],[43.23,37.58],[43.04,37.04],[42.86,36.49],[42.86,36.49],[42.28,36.95],[41.69,37.39],[40.79,37.28],[39.57,37.18],[38.49,36.83],[37.8,36.53],[37.12,36.22],[36.26,35.99],[35.77,35.79],[35.09,35.51],[34.42,35.22],[34.42,35.22],[34.42,35.22],[34.42,35.22],[33.5,34.8],[32.59,34.38],[31.68,34.42],[30.77,34.45],[29.91,34.39],[29.04,34.33],[28.43,34.16],[27.83,33.99],[27.09,33.47],[26.36,32.96],[25.56,32.4],[24.61,32.48],[23.46,32.57],[22.78,32.86],[22.11,33.16],[21.09,33.59],[20.15,34.01],[19.56,34.53],[18.97,35.05],[18.92,36.03],[18.89,36.91],[19.34,37.51],[19.8,38.11],[20.15,38.61],[20.49,39.1],[20.08,39.54],[19.66,39.98],[19.66,40.54],[19.66,41.11],[19.66,41.11],[19.34,41.52],[19.17,41.88],[18.57,42.28],[18.36,42.44],[17.72,42.66],[17.01,42.7],[16.15,42.97],[15.29,43.23],[14.84,43.6],[14.28,44.39],[14.13,45.31],[14.04,45.47],[13.42,45.9],[12.81,46.31],[12.3,46.02],[11.98,45.98],[11.56,45.91],[10.86,45.69],[10.58,45.51],[10.06,45.42],[9.51,45.45],[9.07,45.48],[8.74,45.56],[8.08,45.69],[7.82,45.51],[7.59,45.28],[7.47,45.11],[7.55,45.11],[7.55,45.11],[7.68,44.53],[7.81,43.96],[7.21,43.59],[7.14,43.56]]]}},{"type":"Feature","properties":{"ma":0,"type":"gpml:TopologicalNetwork","name":"Alpine Mesh - East","pid":301,"deforming":true},"geometry":{"type":"Polygon","coordinates":[[[33.34,42.74],[34.06,42.65],[34.79,42.55],[35.55,42.45],[36.3,42.33],[36.97,42.23],[37.64,42.12],[38.78,41.61],[39.78,41.15],[40.77,40.67],[41.63,40.52],[42.49,40.36],[43.72,40.15],[44.95,39.93],[44.95,39.93],[44.26,39.27],[43.6,38.61],[43.41,38.1],[43.23,37.58],[43.23,37.58],[42.59,37.87],[41.62,38.19],[40.68,38.4],[39.74,38.63],[38.77,38.79],[37.81,38.88],[36.97,38.95],[36.05,39.04],[34.99,39.1],[34.12,39.09],[33.15,39.04],[32.29,38.96],[31.27,38.87],[30.2,38.85],[29.16,38.88],[28.27,38.84],[27.35,38.86],[26.41,38.95],[25.37,39.09],[24.6,39.18],[23.94,39.55],[23.24,39.91],[22.63,40.35],[22.03,40.76],[21.47,41.26],[21.47,41.26],[20.83,41.97],[20.53,42.61],[20.29,43.25],[19.97,43.86],[19.79,44.59],[19.85,45.01],[19.39,45.04],[20.41,45.01],[20.88,44.99],[21.4,44.96],[21.83,44.94],[22.39,44.91],[22.96,44.88],[22.48,44.52],[22.37,44.11],[22.64,43.88],[23.11,43.64],[23.7,43.41],[24.54,43.27],[25.66,43.2],[26.49,43.12],[27.33,43.03],[28.3,42.97],[29.53,42.95],[30.76,42.93],[31.98,42.89],[32,42.9],[33.34,42.74]]]}},{"type":"Feature","properties":{"ma":0,"type":"gpml:TopologicalNetwork","name":"Andes","pid":201,"deforming":true},"geometry":{"type":"Polygon","coordinates":[[[-81.52,-2.02],[-80.87,-2.58],[-80.22,-3.14],[-79.57,-3.71],[-78.92,-4.27],[-78.26,-4.83],[-77.61,-5.4],[-76.93,-5.97],[-76.25,-6.54],[-75.57,-7.1],[-74.89,-7.67],[-74.21,-8.24],[-73.52,-8.8],[-72.77,-9.36],[-72.01,-9.92],[-71.25,-10.48],[-70.49,-11.03],[-69.82,-11.55],[-69.14,-12.07],[-68.46,-12.59],[-67.78,-13.11],[-67.03,-13.57],[-66.28,-14.04],[-65.52,-14.5],[-64.76,-14.96],[-64.21,-15.52],[-63.65,-16.08],[-63.09,-16.63],[-62.53,-17.18],[-62.35,-17.84],[-62.17,-18.49],[-61.99,-19.14],[-62.16,-19.96],[-62.34,-20.78],[-62.51,-21.59],[-62.94,-22.51],[-63.37,-23.42],[-63.8,-24.34],[-64.21,-25.26],[-64.63,-26.17],[-65.05,-27.09],[-65.53,-27.91],[-66.02,-28.73],[-66.51,-29.55],[-66.88,-30.41],[-67.26,-31.27],[-67.65,-32.13],[-67.71,-32.88],[-67.77,-33.64],[-67.84,-34.39],[-68.44,-35.01],[-69.04,-35.63],[-69.65,-36.24],[-70.28,-36.85],[-71.18,-37.29],[-72.08,-37.72],[-73,-38.15],[-73.93,-38.57],[-74.87,-38.98],[-74.87,-38.98],[-74.86,-38.96],[-74.78,-38.73],[-74.78,-38.73],[-74.61,-37.98],[-74.43,-37.23],[-74.26,-36.48],[-74.02,-35.62],[-73.78,-34.76],[-73.54,-33.9],[-73.32,-33.03],[-73.09,-32.17],[-72.87,-31.31],[-72.65,-30.44],[-72.44,-29.58],[-72.23,-28.76],[-72.01,-27.94],[-71.8,-27.11],[-71.6,-26.29],[-71.49,-25.3],[-71.39,-24.31],[-71.29,-23.31],[-71.19,-22.32],[-71.19,-21.47],[-71.18,-20.61],[-71.33,-19.96],[-71.59,-19.46],[-71.78,-19.14],[-72.33,-18.61],[-72.91,-17.94],[-73.58,-17.43],[-74.22,-16.94],[-74.86,-16.45],[-75.5,-15.96],[-76.11,-15.37],[-76.71,-14.78],[-77.31,-14.19],[-77.82,-13.46],[-78.33,-12.73],[-78.84,-12],[-79.34,-11.27],[-79.84,-10.53],[-80.34,-9.8],[-80.7,-9.02],[-81.07,-8.24],[-81.43,-7.46],[-81.54,-6.67],[-81.64,-5.88],[-81.74,-5.09],[-81.85,-4.31],[-81.75,-3.74],[-81.66,-3.17],[-81.66,-3.17],[-81.61,-2.78],[-81.58,-2.5],[-81.56,-2.24],[-81.52,-2.02]]]}},{"type":"Feature","properties":{"ma":0,"type":"gpml:TopologicalSlabBoundary","name":"Northern Andes Flat Slab","pid":201,"deforming":false},"geometry":{"type":"Polygon","coordinates":[[[-71.6,-13.91],[-71.92,-14.18],[-72.49,-14.63],[-72.89,-14.96],[-73.31,-15.29],[-73.8,-15.69],[-74.43,-16.16],[-74.81,-16.48],[-74.81,-16.48],[-75.24,-16.11],[-75.68,-15.75],[-76.14,-15.33],[-76.6,-14.91],[-76.82,-14.69],[-77.32,-14.19],[-77.82,-13.47],[-78.33,-12.75],[-78.83,-12.03],[-79.33,-11.31],[-79.83,-10.58],[-80.33,-9.86],[-80.7,-9.07],[-81.06,-8.28],[-81.43,-7.49],[-81.47,-6.55],[-81.51,-5.6],[-81.55,-4.66],[-81.59,-3.71],[-81.63,-2.77],[-81.56,-2.2],[-81.48,-1.64],[-81.48,-1.64],[-81.06,-1.78],[-80.71,-1.9],[-80.3,-2.03],[-79.82,-2.16],[-79.37,-2.3],[-78.6,-2.56],[-77.94,-2.79],[-77.27,-3.01],[-76.71,-3.2],[-76.14,-3.38],[-75.95,-3.43],[-75.95,-3.43],[-75.77,-3.87],[-75.76,-4.26],[-75.88,-4.47],[-76.14,-4.72],[-76.4,-4.94],[-76.5,-5.13],[-76.58,-5.38],[-76.61,-5.71],[-76.64,-6.11],[-76.62,-6.54],[-76.56,-6.84],[-76.43,-7.03],[-76.34,-7.16],[-76.04,-7.45],[-75.83,-7.64],[-75.5,-7.86],[-75.3,-8.07],[-75.14,-8.27],[-74.96,-8.55],[-74.84,-8.76],[-74.76,-8.98],[-74.73,-9.21],[-74.76,-9.56],[-74.77,-9.83],[-74.69,-10.06],[-74.51,-10.32],[-74.16,-10.77],[-73.83,-11.15],[-73.49,-11.51],[-72.97,-12.09],[-72.81,-12.18],[-72.59,-12.26],[-72.35,-12.4],[-72.15,-12.59],[-71.93,-12.93],[-71.76,-13.21],[-71.64,-13.63],[-71.6,-13.91]]]}},{"type":"Feature","properties":{"ma":0,"type":"gpml:TopologicalSlabBoundary","name":"Southern Andes Flat Slab Section","pid":201,"deforming":false},"geometry":{"type":"Polygon","coordinates":[[[-69.22,-33.26],[-69.26,-33.26],[-69.93,-33.22],[-70.51,-33.2],[-70.95,-33.18],[-71.42,-33.16],[-71.99,-33.18],[-72.93,-33.19],[-73.34,-33.22],[-73.34,-33.22],[-73.34,-33.2],[-73.1,-32.3],[-72.86,-31.4],[-72.63,-30.51],[-72.41,-29.61],[-72.19,-28.71],[-71.97,-27.81],[-71.76,-26.91],[-71.55,-26.01],[-71.55,-25.83],[-71.55,-25.83],[-71.51,-25.83],[-71.09,-25.84],[-70.56,-25.85],[-70.07,-25.88],[-69.57,-25.89],[-69.08,-25.95],[-68.59,-26.03],[-68.01,-26.15],[-67.98,-26.16],[-67.98,-26.16],[-68.03,-26.29],[-68.08,-26.42],[-68.2,-26.82],[-68.24,-27.25],[-68.17,-27.76],[-68.05,-28.11],[-67.9,-28.4],[-67.74,-28.68],[-67.54,-29.07],[-67.27,-29.57],[-67.1,-29.97],[-66.98,-30.16],[-66.81,-30.37],[-66.63,-30.62],[-66.58,-30.81],[-66.6,-30.93],[-66.81,-31.11],[-67.21,-31.23],[-68.03,-31.35],[-68.42,-31.48],[-68.69,-31.69],[-68.89,-31.96],[-69.07,-32.35],[-69.2,-32.67],[-69.26,-33.02],[-69.22,-33.26]]]}},{"type":"Feature","properties":{"ma":0,"type":"gpml:TopologicalSlabBoundary","name":"Colombian flat slab","pid":201,"deforming":false},"geometry":{"type":"Polygon","coordinates":[[[-77.91,5.35],[-78.08,6.14],[-78.6,6.88],[-78.75,7.12],[-78.75,7.12],[-77.97,7.38],[-77.19,7.65],[-76.41,7.92],[-75.63,8.18],[-74.72,8.48],[-73.82,8.77],[-73.82,8.77],[-73.8,8.6],[-73.71,8.21],[-73.64,7.78],[-73.74,7.31],[-73.78,6.86],[-73.81,6.35],[-73.85,6.12],[-73.98,5.64],[-74.18,5.2],[-74.28,5.05],[-74.28,5.05],[-75.02,5.15],[-75.76,5.25],[-76.48,5.29],[-77.19,5.32],[-77.91,5.35]]]}},{"type":"Feature","properties":{"ma":0,"type":"gpml:TopologicalNetwork","name":"Eurasia Mesh","pid":101,"deforming":true},"geometry":{"type":"Polygon","coordinates":[[[168.27,86.32],[166.08,86.11],[164.65,85.97],[163.55,85.9],[162.82,85.82],[162.16,85.75],[161.64,85.68],[160.77,85.57],[159.66,84.97],[158.79,84.36],[156.28,83.49],[154.36,82.61],[152.85,81.72],[151.63,80.83],[148.81,80.01],[146.42,79.16],[144.37,78.3],[142.61,77.42],[140.17,76.59],[138.01,75.74],[137.84,75.2],[137.69,74.65],[139.61,73.99],[141.39,73.32],[140.32,72.39],[138.54,71.66],[138.54,71.66],[135.38,71.82],[132.19,71.92],[132.19,71.92],[129.98,72.43],[127.63,72.91],[124.61,73.34],[122.85,73.31],[121.08,73.53],[119.27,73.74],[117.58,74.03],[115.83,74.3],[114.97,74.97],[114.02,75.64],[112.99,76.3],[111.34,76.91],[109.55,77.5],[107.58,78.07],[105.04,78.81],[102.16,79.52],[98.87,80.2],[95.11,80.85],[89.24,81.19],[82.95,81.44],[82.95,81.44],[84.6,81.89],[86.43,82.33],[86.43,82.33],[88.28,82.24],[90.94,82.11],[94.22,81.9],[97.3,81.68],[100.63,81.28],[104.12,80.65],[105.79,80.23],[107.32,79.8],[110.79,79.1],[113.11,78.76],[116.93,78.28],[120.44,77.75],[123.42,77.31],[126.19,76.84],[126.19,76.84],[126.16,76.86],[126.16,76.86],[128.32,77.37],[130.24,77.91],[132.57,78.47],[135.13,79.01],[136.17,79.54],[137.33,80.06],[137.43,80.87],[137.55,81.69],[137.56,82.45],[137.57,83.22],[139.16,84.02],[142.9,84.52],[142.59,84.8],[141.74,85.19],[141.54,85.54],[140.64,85.72],[139.19,86.04],[137,86.33],[133.94,86.59],[133.89,86.6],[133.89,86.6],[146.32,86.75],[159.29,86.73],[171.55,86.56],[168.27,86.32]]]}},{"type":"Feature","properties":{"ma":0,"type":"gpml:TopologicalNetwork","name":"Baja_Deforming_Network","pid":104,"deforming":true},"geometry":{"type":"Polygon","coordinates":[[[-124.08,40.31],[-124.08,40.31],[-124,40],[-123.9,39.5],[-123.7,39],[-123.2,38.5],[-122.75,38],[-122.3,37.5],[-121.7,37],[-121.04,36.47],[-120.41,35.87],[-119.71,35.17],[-119.2,34.79],[-118.65,34.32],[-118.02,33.77],[-117.17,33.15],[-116.67,32.8],[-116.17,32.44],[-115.71,32.11],[-115.3,31.6],[-114.68,31.06],[-114.36,30.9],[-114.36,30.9],[-114.14,30.75],[-113.85,30.48],[-113.44,30.14],[-113.24,29.81],[-113.11,29.4],[-113.11,29.13],[-112.95,28.96],[-112.71,28.82],[-112.51,28.66],[-112.28,28.42],[-112.04,28.15],[-111.85,27.91],[-111.67,27.78],[-111.67,27.78],[-112.12,27.46],[-112.07,27.41],[-112.07,27.36],[-112.05,27.33],[-111.93,27.26],[-111.8,27.15],[-111.65,27.04],[-111.44,26.89],[-111.15,26.68],[-111.05,26.61],[-111.06,26.49],[-111.06,26.43],[-111,26.37],[-110.96,26.33],[-110.88,26.29],[-110.8,26.24],[-110.7,26.17],[-110.6,26.08],[-110.48,26],[-110.36,25.91],[-110.28,25.86],[-110.27,25.83],[-110.34,25.74],[-110.38,25.65],[-110.39,25.55],[-110.38,25.45],[-110.33,25.34],[-110.3,25.24],[-110.24,25.13],[-110.16,25.07],[-110.13,25.06],[-110.09,25.1],[-110.01,25.17],[-109.96,25.27],[-109.94,25.28],[-109.9,25.26],[-109.85,25.22],[-109.81,25.17],[-109.76,25.14],[-109.69,25.07],[-109.64,25.02],[-109.57,24.97],[-109.51,24.93],[-109.5,24.91],[-109.52,24.88],[-109.54,24.85],[-109.53,24.83],[-109.46,24.79],[-109.4,24.77],[-109.33,24.71],[-109.31,24.66],[-109.35,24.59],[-109.39,24.53],[-109.35,24.46],[-109.33,24.39],[-109.28,24.31],[-109.23,24.22],[-109.17,24.15],[-109.07,24.05],[-109,23.99],[-109.11,23.96],[-109.24,23.92],[-109.33,23.89],[-109.42,23.85],[-109.46,23.78],[-109.37,23.71],[-109.27,23.63],[-109.16,23.54],[-108.96,23.41],[-109.02,23.34],[-109.05,23.3],[-109.07,23.24],[-109.07,23.17],[-109.03,23.1],[-109.01,23.01],[-109.01,23.01],[-109.01,23.01],[-109.01,23.01],[-109.01,22.94],[-109.04,22.88],[-109.08,22.82],[-109.17,22.76],[-109.29,22.71],[-109.43,22.65],[-109.6,22.64],[-109.75,22.64],[-109.91,22.65],[-110.05,22.65],[-110.14,22.67],[-110.41,22.58],[-110.41,22.58],[-110.59,22.8],[-110.98,23.05],[-111.26,23.23],[-111.73,23.53],[-112.2,23.83],[-112.81,24.38],[-113.43,24.92],[-113.94,25.57],[-114.47,26.22],[-114.99,26.86],[-115.67,27.65],[-116.35,28.45],[-116.81,29.27],[-116.9,29.55],[-117.03,29.89],[-117.26,30.44],[-117.31,30.55],[-117.31,30.55],[-117.62,30.49],[-118.2,30.37],[-118.66,30.46],[-119.07,30.51],[-119.48,31.17],[-120.02,31.77],[-120.56,32.37],[-120.98,32.95],[-121.41,33.53],[-121.72,34.03],[-122.03,34.53],[-122.3,35.08],[-122.58,35.63],[-123.02,36.44],[-123.47,37.24],[-123.76,37.8],[-124.05,38.36],[-124.5,39.09],[-124.96,39.83],[-125.08,40.34],[-124.08,40.31]]]}},{"type":"Feature","properties":{"ma":0,"type":"gpml:OceanicCrust","name":"Baja_Early_Oceanic_Crust","pid":105,"deforming":false},"geometry":{"type":"Polygon","coordinates":[[[-110.63,27.37],[-109.97,26.71],[-109.31,26.05],[-108.66,25.38],[-108.02,24.71],[-107.38,24.04],[-107.7,23.51],[-108.01,22.99],[-108.01,22.99],[-108.39,23.08],[-108.65,23.24],[-108.36,23.61],[-108.44,23.67],[-108.61,23.81],[-108.81,23.98],[-108.85,24.02],[-108.85,24.02],[-109,23.99],[-109.11,23.96],[-109.24,23.92],[-109.33,23.89],[-109.42,23.85],[-109.46,23.78],[-109.37,23.71],[-109.27,23.63],[-109.16,23.54],[-108.96,23.41],[-109.02,23.34],[-109.05,23.3],[-109.07,23.24],[-109.07,23.17],[-109.03,23.1],[-109.01,23.01],[-109.01,23.01],[-109.03,23.1],[-109.07,23.17],[-109.07,23.24],[-109.05,23.3],[-109.02,23.34],[-108.96,23.41],[-109.16,23.54],[-109.27,23.63],[-109.37,23.71],[-109.46,23.78],[-109.42,23.85],[-109.33,23.89],[-109.24,23.92],[-109.11,23.96],[-109,23.99],[-109.07,24.05],[-109.17,24.15],[-109.23,24.22],[-109.28,24.31],[-109.33,24.39],[-109.35,24.46],[-109.39,24.53],[-109.35,24.59],[-109.31,24.66],[-109.33,24.71],[-109.4,24.77],[-109.46,24.79],[-109.53,24.83],[-109.54,24.85],[-109.52,24.88],[-109.5,24.91],[-109.51,24.93],[-109.57,24.97],[-109.64,25.02],[-109.69,25.07],[-109.76,25.14],[-109.81,25.17],[-109.85,25.22],[-109.9,25.26],[-109.94,25.28],[-109.96,25.27],[-110.01,25.17],[-110.09,25.1],[-110.13,25.06],[-110.16,25.07],[-110.24,25.13],[-110.3,25.24],[-110.33,25.34],[-110.38,25.45],[-110.39,25.55],[-110.38,25.65],[-110.34,25.74],[-110.27,25.83],[-110.28,25.86],[-110.36,25.91],[-110.48,26],[-110.6,26.08],[-110.7,26.17],[-110.8,26.24],[-110.88,26.29],[-110.96,26.33],[-111,26.37],[-111.06,26.43],[-111.06,26.49],[-111.05,26.61],[-111.15,26.68],[-111.44,26.89],[-111.65,27.04],[-111.8,27.15],[-111.93,27.26],[-112.05,27.33],[-112.07,27.36],[-112.07,27.41],[-112.12,27.46],[-111.3,28.03],[-110.63,27.37]]]}},{"type":"Feature","properties":{"ma":0,"type":"gpml:OceanicCrust","name":"Early_Oceanic_Crust","pid":105,"deforming":false},"geometry":{"type":"Polygon","coordinates":[[[-109,23.99],[-109.11,23.96],[-109.24,23.92],[-109.33,23.89],[-109.42,23.85],[-109.46,23.78],[-109.37,23.71],[-109.27,23.63],[-109.16,23.54],[-108.96,23.41],[-109.02,23.34],[-109.05,23.3],[-109.07,23.24],[-109.07,23.17],[-109.03,23.1],[-109.01,23.01],[-109.01,23.01],[-109.03,23.1],[-109.07,23.17],[-109.07,23.24],[-109.05,23.3],[-109.02,23.34],[-108.96,23.41],[-109.16,23.54],[-109.27,23.63],[-109.37,23.71],[-109.46,23.78],[-109.42,23.85],[-109.33,23.89],[-109.24,23.92],[-109.11,23.96],[-109,23.99],[-109.07,24.05],[-109.17,24.15],[-109.23,24.22],[-109.28,24.31],[-109.33,24.39],[-109.35,24.46],[-109.39,24.53],[-109.35,24.59],[-109.31,24.66],[-109.33,24.71],[-109.4,24.77],[-109.46,24.79],[-109.53,24.83],[-109.54,24.85],[-109.52,24.88],[-109.5,24.91],[-109.51,24.93],[-109.57,24.97],[-109.64,25.02],[-109.69,25.07],[-109.76,25.14],[-109.81,25.17],[-109.85,25.22],[-109.9,25.26],[-109.94,25.28],[-109.96,25.27],[-110.01,25.17],[-110.09,25.1],[-110.13,25.06],[-110.16,25.07],[-110.24,25.13],[-110.3,25.24],[-110.33,25.34],[-110.38,25.45],[-110.39,25.55],[-110.38,25.65],[-110.34,25.74],[-110.27,25.83],[-110.28,25.86],[-110.36,25.91],[-110.48,26],[-110.6,26.08],[-110.7,26.17],[-110.8,26.24],[-110.88,26.29],[-110.96,26.33],[-111,26.37],[-111.06,26.43],[-111.06,26.49],[-111.05,26.61],[-111.15,26.68],[-111.44,26.89],[-111.65,27.04],[-111.8,27.15],[-111.93,27.26],[-112.05,27.33],[-112.07,27.36],[-112.07,27.41],[-112.12,27.46],[-111.3,28.03],[-110.63,27.37],[-109.97,26.71],[-109.31,26.05],[-108.66,25.38],[-108.02,24.71],[-107.38,24.04],[-107.7,23.51],[-108.01,22.99],[-108.23,22.71],[-108.23,22.71],[-108.01,22.99],[-108.39,23.08],[-108.65,23.24],[-108.36,23.61],[-108.44,23.67],[-108.61,23.81],[-108.81,23.98],[-108.85,24.02],[-109,23.99]]]}},{"type":"Feature","properties":{"ma":0,"type":"gpml:TopologicalNetwork","name":"EAR_Mesh","pid":709,"deforming":true},"geometry":{"type":"Polygon","coordinates":[[[30.92,-8.74],[30.47,-8.2],[30.09,-7.81],[29.65,-7.14],[29.29,-6.47],[29.21,-5.75],[29.1,-4.88],[29.1,-4.13],[29.02,-3.33],[28.87,-2.61],[28.76,-2.31],[28.8,-1.99],[28.86,-1.06],[29.2,-0.42],[29.45,0.44],[29.7,0.97],[30.34,1.62],[30.73,1.9],[30.81,2.17],[31.26,2.48],[31.26,2.48],[31.58,2.15],[31.59,2.11],[31.59,2.11],[31.4,1.89],[30.92,1.53],[30.66,1.28],[30.3,0.95],[30.11,0.44],[29.9,-0.11],[29.59,-0.71],[29.49,-1.32],[29.36,-1.94],[29.48,-2.36],[29.65,-2.87],[29.76,-3.79],[29.66,-4.66],[29.68,-5.2],[29.87,-5.68],[29.85,-6.13],[30.14,-6.51],[30.29,-7.08],[30.76,-7.69],[31.17,-8.11],[31.32,-8.52],[31.4,-8.66],[31.4,-8.66],[31.34,-8.69],[31.05,-8.87],[30.92,-8.74]]]}},{"type":"Feature","properties":{"ma":0,"type":"gpml:TopologicalNetwork","name":"AFRICA_ARABIA_MESH_2","pid":701,"deforming":true},"geometry":{"type":"Polygon","coordinates":[[[34.94,-5.25],[34.6,-5.19],[34.05,-5.08],[34.05,-5.08],[34,-4.99],[33.94,-4.5],[34.35,-3.98],[34.83,-3.72],[35.01,-3.34],[35.18,-3.08],[35.27,-2.61],[35.34,-2.34],[35.64,-1.97],[35.91,-1.67],[35.87,-1.41],[35.89,-1.11],[35.86,-0.88],[35.84,-0.49],[35.66,-0.37],[35.76,-0.2],[35.59,0.02],[35.44,0.38],[35.42,0.77],[35.55,1.18],[35.66,1.52],[35.76,1.81],[35.77,2.13],[35.81,2.46],[35.72,2.86],[35.89,3],[35.87,3.33],[35.8,3.54],[35.72,3.94],[35.65,3.98],[35.65,3.98],[35.6,4.1],[35.61,4.63],[35.66,5.33],[35.88,5.83],[36.09,6.33],[36.86,6.97],[37.31,7.21],[37.77,7.44],[38.08,7.91],[38.19,8.17],[38.37,8.36],[39.02,8.74],[39.56,9.25],[39.84,9.61],[39.77,10.38],[39.64,10.98],[39.57,11.75],[39.58,12.46],[39.6,12.98],[39.67,13.58],[39.7,14.03],[39.54,14.63],[39.47,14.87],[39.47,14.87],[39.73,14.94],[40.1,15.03],[40.51,14.84],[40.72,14.61],[41.17,14.27],[41.67,13.84],[42.17,13.37],[42.46,12.98],[42.92,12.43],[42.92,12.19],[42.73,11.72],[42.78,11.4],[43.27,11.16],[43.64,10.77],[43.84,10.37],[43.93,10.09],[43.97,9.94],[43.97,9.94],[43.75,9.99],[42.96,10.1],[42.5,10.04],[42.17,9.99],[41.82,9.96],[41.45,9.95],[41.03,9.85],[40.65,9.84],[40.38,9.71],[40.05,9.62],[39.74,9.35],[39.47,8.99],[39.17,8.76],[38.86,8.52],[38.61,8.39],[38.29,8.18],[38.29,7.87],[38.04,7.4],[37.69,7.24],[37.49,6.88],[37.31,6.57],[37.07,6.26],[36.92,6.06],[36.87,5.43],[36.77,5.28],[36.77,4.9],[36.81,4.64],[36.86,4.24],[36.86,4.24],[36.8,4.09],[36.82,3.57],[36.86,3.28],[36.86,2.92],[36.84,2.58],[36.76,2.27],[36.72,2.04],[36.63,1.58],[36.53,1.17],[36.32,0.76],[36.3,0.49],[36.37,0.24],[36.47,0.03],[36.48,-0.08],[36.68,-0.5],[36.72,-0.99],[36.77,-1.51],[36.74,-1.94],[36.48,-2.27],[36.27,-2.49],[36.02,-3.16],[35.71,-3.92],[35.37,-4.19],[35,-4.49],[35.16,-4.93],[35.24,-5.23],[34.94,-5.25]]]}},{"type":"Feature","properties":{"ma":0,"type":"gpml:TopologicalNetwork","name":"Northern_Red_Sea_Sinai_Mesh","pid":503,"deforming":true},"geometry":{"type":"Polygon","coordinates":[[[33.21,27.74],[32.81,28.1],[32.7,28.48],[32.63,28.98],[32.49,29.13],[32.49,29.13],[33.13,29.36],[33.85,29.58],[34.45,29.5],[34.9,29.25],[34.97,29.22],[34.97,29.22],[34.9,28.99],[35.23,28.43],[35.17,28.44],[35.48,28.01],[35.61,27.57],[35.61,27.57],[35.46,27.54],[34.99,27.5],[34.42,27.34],[33.9,27.19],[33.58,27.01],[33.21,27.74]]]}},{"type":"Feature","properties":{"ma":0,"type":"gpml:TopologicalNetwork","name":"EAR_Mesh","pid":709,"deforming":true},"geometry":{"type":"Polygon","coordinates":[[[34.64,-18.94],[34.5,-18.93],[34.2,-18.94],[34.2,-18.94],[34.2,-18.56],[34.15,-17.94],[34.06,-17.42],[33.77,-16.75],[34.29,-16.23],[34.68,-15.85],[34.77,-15.14],[34.58,-14.54],[34.39,-13.95],[34.2,-13.07],[34.01,-12.19],[34.29,-11.61],[34.27,-11.02],[34.25,-10.42],[34.01,-10.12],[34.01,-10.12],[33.94,-9.79],[33.28,-9.17],[32.64,-8.54],[32.12,-8.11],[31.6,-7.67],[31.05,-7.58],[30.5,-7.49],[30.24,-7.1],[30.24,-7.1],[30.29,-7.07],[30.54,-6.97],[30.87,-6.8],[31.29,-6.62],[31.32,-6.6],[31.32,-6.6],[31.38,-6.75],[31.75,-7.26],[32.42,-7.89],[32.94,-8.39],[33.31,-8.75],[33.68,-9.1],[34.25,-9.6],[34.54,-10.27],[34.75,-11.08],[34.89,-11.87],[34.73,-12.34],[34.85,-13.22],[34.87,-13.82],[35.3,-14.15],[35.42,-14.82],[35.34,-15.22],[35.15,-15.62],[34.99,-16.1],[35.04,-16.43],[34.97,-17.06],[35.04,-17.62],[35.3,-18.1],[34.94,-18.41],[34.7,-18.84],[34.64,-18.94]]]}},{"type":"Feature","properties":{"ma":0,"type":"gpml:TopologicalNetwork","name":"Zagros Deformation, Northern margin of Arabia","pid":503,"deforming":true},"geometry":{"type":"Polygon","coordinates":[[[43.08,37.15],[43.31,37.81],[43.31,37.81],[43.58,37.73],[43.58,37.73],[44.14,37.22],[44.7,36.71],[45.25,36.19],[46.04,35.59],[46.82,34.99],[47.59,34.38],[48.48,33.76],[49.35,33.13],[50.05,32.71],[50.75,32.28],[51.44,31.85],[52.18,31.15],[52.91,30.44],[53.63,29.72],[54.41,29.22],[55.19,28.72],[55.95,28.21],[56.53,27.94],[57.11,27.67],[57.11,27.67],[56.3,27.27],[55.74,27.03],[55.03,26.82],[53.93,26.72],[53.15,26.98],[52.24,27.49],[51.64,28.04],[51.1,28.53],[50.91,28.94],[50.6,29.53],[50.28,30.08],[49.87,30.75],[49.74,31.41],[49.27,31.87],[48.52,32.12],[47.66,32.09],[46.57,32.35],[45.84,32.88],[45.39,33.38],[44.94,33.88],[44.77,34.42],[44.6,34.97],[44.17,35.37],[43.73,35.77],[43.29,36.14],[42.86,36.5],[43.08,37.15]]]}},{"type":"Feature","properties":{"ma":0,"type":"gpml:TopologicalNetwork","name":"Zagros-Himalaya","pid":301,"deforming":true},"geometry":{"type":"Polygon","coordinates":[[[43.6,38.61],[44.29,39.3],[45,39.98],[46.09,39.78],[47.18,39.58],[48.26,39.37],[49.34,39.14],[50.57,39.15],[51.8,39.13],[53.04,39.11],[54.27,39.07],[55.24,38.99],[56.21,38.89],[56.94,38.26],[57.66,37.62],[58.25,37.42],[58.84,37.21],[59.51,36.45],[60.18,35.68],[60.38,34.98],[60.57,34.29],[60.76,33.59],[60.89,33.07],[61.02,32.56],[61.63,32.39],[62.23,32.22],[62.82,32.47],[63.4,32.72],[63.95,33.13],[64.51,33.53],[64.78,34.16],[65.05,34.79],[65.33,35.42],[65.49,36.09],[65.65,36.76],[65.82,37.42],[65.96,38.08],[66.1,38.74],[66.25,39.4],[66.91,39.87],[67.58,40.33],[68.43,41.09],[69.3,41.85],[70.19,42.6],[71.39,42.95],[72.6,43.28],[73.82,43.6],[74.9,43.8],[75.98,43.99],[77.07,44.17],[78.17,44.34],[79.27,44.5],[80.55,44.57],[81.84,44.63],[83.13,44.67],[84.43,44.7],[85.72,44.72],[86.85,44.66],[87.98,44.59],[89.1,44.51],[90.23,44.42],[91.35,44.32],[92.51,44.24],[93.68,44.14],[94.84,44.04],[96,43.92],[97.15,43.8],[98.19,43.6],[99.22,43.38],[100.24,43.16],[101.26,42.94],[102.43,42.62],[103.59,42.3],[104.73,41.96],[105.87,41.62],[105.91,41.56],[105.91,41.56],[105.82,41.44],[105.18,40.68],[104.61,39.95],[104.16,39.31],[103.81,38.48],[103.84,37.63],[104.03,37.01],[104.21,36.39],[104.62,35.58],[104.82,35.03],[105.01,34.48],[104.92,33.95],[104.83,33.42],[104.56,32.88],[104.29,32.34],[103.76,31.77],[103.32,31.29],[102.69,30.69],[102.16,30.16],[101.87,29.29],[101.86,28.54],[101.85,27.79],[101.85,27.79],[101.29,27.31],[100.36,26.91],[99.43,26.5],[99.39,26.44],[99.39,26.44],[98.9,27.09],[98.36,27.68],[97.81,28.27],[97.26,28.86],[97.26,28.86],[97.19,28.63],[97.19,28.63],[96.75,28.81],[96.46,28.93],[96.13,29.06],[95.85,29.18],[95.66,29.26],[95.36,29.57],[94.83,29.54],[94.56,29.52],[94.29,29.37],[94.09,29.24],[93.75,29.09],[93.25,29],[92.64,29.05],[92.3,29.09],[91.89,29.13],[91.47,29.21],[91.32,29.25],[90.99,29.32],[90.69,29.27],[90.21,29.27],[89.89,29.28],[89.42,29.17],[89.12,29.09],[88.88,29.11],[88.46,29.1],[88.05,29.03],[87.66,29.06],[87.33,29.1],[86.92,29.15],[86.76,29.21],[86.41,29.12],[86.03,29.13],[85.72,29.21],[85.21,29.45],[84.65,29.79],[84.08,30.08],[83.5,30.37],[83.28,30.48],[82.94,30.51],[82.6,30.55],[82.27,30.62],[81.98,30.69],[81.54,30.81],[81.35,30.84],[81.06,31.05],[80.73,31.33],[80.51,31.4],[80.24,31.45],[80.02,31.53],[79.66,32.21],[79.34,32.53],[79.07,32.85],[78.72,32.99],[78.52,33.1],[78.14,33.37],[77.79,33.63],[77.46,33.96],[77.35,34],[76.84,34.25],[76.48,34.42],[76.27,34.48],[76.07,34.45],[75.87,34.47],[75.45,34.53],[75.17,34.63],[75.03,34.82],[74.82,35.06],[74.75,35.27],[74.67,35.5],[74.58,35.61],[74.45,35.56],[74.08,35.3],[73.81,35.1],[73.43,34.96],[73.32,35],[73.19,35.1],[73.12,35.27],[72.96,35.37],[72.83,35.3],[72.56,35.1],[72.09,34.81],[71.95,34.77],[71.95,34.77],[71.89,34.64],[71.47,34.07],[71.05,33.49],[70.66,32.9],[70.28,32.31],[69.83,31.59],[69.38,30.87],[68.95,30.15],[68.66,29.65],[68.38,29.14],[67.82,28.36],[67.28,27.58],[66.74,26.8],[66.21,26.01],[65.85,25.59],[65.49,25.16],[65.49,25.16],[65.07,25.14],[64.04,25.08],[63.49,25.24],[62.95,25.39],[62.33,25.56],[61.71,25.73],[60.82,26.12],[59.92,26.5],[59.16,26.78],[58.39,27.05],[57.58,27.45],[56.77,27.83],[55.95,28.21],[55.19,28.72],[54.41,29.22],[53.63,29.72],[52.91,30.44],[52.18,31.15],[51.44,31.85],[50.75,32.28],[50.05,32.71],[49.35,33.13],[48.48,33.76],[47.59,34.38],[46.82,34.99],[46.04,35.59],[45.25,36.19],[44.7,36.71],[44.14,37.22],[43.58,37.73],[43.31,37.81],[43.6,38.61]]]}},{"type":"Feature","properties":{"ma":0,"type":"gpml:TopologicalClosedPlateBoundary","name":"Antarctica","pid":802,"deforming":false},"geometry":{"type":"Polygon","coordinates":[[[180,-68.35],[180,-69.34],[180,-70.32],[180,-71.31],[180,-72.29],[180,-73.27],[180,-74.26],[180,-75.24],[180,-76.23],[180,-77.21],[180,-78.19],[180,-79.18],[180,-80.16],[180,-81.14],[180,-82.13],[180,-83.11],[180,-84.1],[180,-85.08],[180,-86.06],[180,-87.05],[180,-88.03],[180,-89.02],[180,-90],[-180,-90],[-180,-89.02],[-180,-88.03],[-180,-87.05],[-180,-86.06],[-180,-85.08],[-180,-84.1],[-180,-83.11],[-180,-82.13],[-180,-81.14],[-180,-80.16],[-180,-79.18],[-180,-78.19],[-180,-77.21],[-180,-76.23],[-180,-75.24],[-180,-74.26],[-180,-73.27],[-180,-72.29],[-180,-71.31],[-180,-70.32],[-180,-69.34],[-180,-68.35],[-180,-67.37],[-178.6,-66.84],[-177.25,-66.29],[-177.74,-65.81],[-177.74,-65.81],[-177.07,-65.61],[-175.73,-65.18],[-175.07,-65.5],[-174.42,-65.84],[-173.71,-65.51],[-172.52,-64.98],[-171.3,-64.36],[-170.04,-64.86],[-169.84,-64.76],[-169.11,-64.24],[-168.38,-63.73],[-167.51,-63.11],[-166.61,-62.49],[-166.2,-62.61],[-165.15,-63.01],[-163.92,-63.47],[-163,-62.97],[-162.06,-62.39],[-161.34,-62.61],[-160.43,-62.92],[-159.89,-62.6],[-158.7,-63],[-158.39,-62.79],[-157.6,-63.07],[-156.72,-63.32],[-156.02,-62.95],[-155.25,-62.43],[-154.32,-61.78],[-154.18,-61.84],[-153.66,-61.4],[-152.94,-60.84],[-152.12,-60.16],[-151.33,-59.47],[-150.38,-59.72],[-149.81,-59.31],[-149.26,-58.82],[-148.28,-58.13],[-147.69,-57.55],[-147.17,-57.64],[-146.68,-57.31],[-145.98,-56.67],[-145.41,-56.23],[-144.86,-55.78],[-144.48,-55.91],[-143.32,-56.26],[-142.09,-56.62],[-141.21,-56.84],[-140.32,-57.05],[-140.04,-56.77],[-139.54,-56.27],[-139.19,-55.72],[-139.58,-55.61],[-139.25,-55.25],[-138.8,-54.71],[-138.34,-54.14],[-137.89,-53.57],[-137.52,-53.69],[-136.59,-53.91],[-136.18,-53.4],[-135.31,-53.64],[-134.21,-53.89],[-132.87,-54.24],[-132.13,-54.43],[-131.38,-54.62],[-130.06,-54.93],[-129.34,-55.13],[-128.62,-55.32],[-127.23,-55.57],[-126.8,-55.06],[-126.2,-55.14],[-125.08,-55.45],[-124.26,-55.59],[-123.44,-55.72],[-122.66,-55.87],[-121.86,-56.03],[-121.64,-55.83],[-121.23,-55.22],[-120.66,-54.41],[-119.69,-54.64],[-118.58,-54.82],[-118.31,-54.35],[-118.04,-53.69],[-117.66,-53.12],[-118.98,-52.9],[-118.88,-52.75],[-118.42,-52.21],[-118.12,-51.77],[-117.82,-51.33],[-117.52,-50.87],[-117.22,-50.42],[-116.8,-49.89],[-116.39,-49.37],[-115.23,-49.59],[-114.56,-49.72],[-113.88,-49.85],[-113.75,-49.36],[-113.53,-48.84],[-113.31,-48.32],[-113.13,-47.77],[-112.95,-47.22],[-112.69,-46.54],[-112.43,-45.85],[-112.67,-45.83],[-112.55,-45.49],[-112.38,-44.94],[-112.22,-44.38],[-111.97,-43.77],[-111.73,-43.17],[-111.54,-42.68],[-111.35,-42.2],[-110.95,-42.25],[-110.83,-41.36],[-110.75,-40.76],[-110.68,-40.16],[-110.53,-39.57],[-110.39,-38.99],[-111.27,-38.98],[-111.27,-38.88],[-111.07,-38.28],[-110.87,-37.67],[-110.67,-37.04],[-110.47,-36.41],[-110.74,-36.36],[-110.72,-36.22],[-110.58,-35.83],[-110.89,-35.8],[-110.88,-35.32],[-110.83,-35.09],[-110.83,-35.09],[-110.83,-35.1],[-110.53,-35.06],[-110.33,-34.95],[-110.14,-34.82],[-109.92,-34.7],[-109.69,-34.61],[-109.26,-34.54],[-109.26,-34.54],[-108.8,-35.13],[-108.07,-35.24],[-107.34,-35.34],[-106.67,-35.39],[-105.99,-35.44],[-105.39,-35.52],[-104.79,-35.61],[-104,-35.69],[-103.2,-35.78],[-102.56,-35.85],[-101.93,-35.93],[-101.29,-36],[-100.64,-36.06],[-99.53,-36.13],[-98.42,-36.19],[-97.4,-36.29],[-97.41,-36.87],[-96.55,-36.92],[-95.69,-36.96],[-94.91,-36.99],[-94.13,-37],[-94.09,-37.72],[-94,-38.48],[-93.07,-38.43],[-93.02,-38.97],[-92.34,-38.92],[-91.66,-38.87],[-91.6,-39.35],[-91.55,-39.83],[-91.51,-40.28],[-91.48,-40.73],[-91.39,-41.1],[-90.74,-41.08],[-90.09,-41.06],[-90.05,-41.43],[-89.25,-41.38],[-88.45,-41.32],[-87.42,-41.27],[-87.34,-41.52],[-86.24,-41.39],[-85.15,-41.25],[-84.49,-41.19],[-83.83,-41.12],[-83.72,-41.67],[-83.6,-42.22],[-83.45,-42.87],[-83.45,-42.98],[-82.51,-42.86],[-82.35,-43.64],[-82.14,-44.4],[-81.93,-44.96],[-81.11,-44.88],[-80.28,-44.78],[-79.59,-44.67],[-78.89,-44.54],[-78.21,-44.41],[-77.99,-45.09],[-77.76,-45.59],[-77.66,-45.76],[-76.67,-45.64],[-76.14,-45.54],[-76.14,-45.54],[-76.14,-45.59],[-76.12,-45.87],[-76.06,-46.3],[-76.17,-46.64],[-76.34,-46.99],[-76.58,-47.4],[-76.84,-47.87],[-77,-48.17],[-77.12,-48.44],[-77.23,-48.65],[-77.38,-49.01],[-77.44,-49.46],[-77.38,-49.82],[-77.31,-50.14],[-77.26,-50.4],[-77.15,-50.69],[-77.03,-51.02],[-76.85,-51.39],[-76.63,-51.77],[-76.55,-52.09],[-76.53,-52.25],[-76.47,-52.58],[-76.42,-52.96],[-76.35,-53.32],[-76.22,-53.69],[-76.18,-53.75],[-75.88,-54.12],[-75.54,-54.35],[-74.95,-54.73],[-74.49,-54.98],[-74.32,-55.08],[-74.05,-55.23],[-73.74,-55.36],[-73.45,-55.51],[-73.11,-55.67],[-72.78,-55.82],[-72.55,-55.93],[-72.27,-56.06],[-72.09,-56.14],[-71.92,-56.23],[-71.49,-56.4],[-71.04,-56.52],[-70.44,-56.69],[-70.01,-56.8],[-69.61,-56.91],[-69.34,-56.98],[-69.07,-57.05],[-68.81,-57.1],[-68.55,-57.17],[-68.25,-57.26],[-67.61,-57.49],[-66.77,-57.73],[-65.45,-58.04],[-64.59,-58.08],[-64.59,-58.08],[-64.19,-58.23],[-64.19,-58.23],[-63.99,-58.27],[-63.99,-58.27],[-62.25,-58.62],[-60.67,-59.19],[-59.04,-59.73],[-57.92,-60.18],[-56.77,-60.63],[-56.77,-60.63],[-56.82,-60.64],[-58.14,-61.12],[-59.8,-61.52],[-61.49,-61.9],[-60.54,-62.22],[-59.57,-62.54],[-58.39,-62.85],[-57.17,-63.15],[-55.92,-63.47],[-55.36,-63.61],[-54.46,-63.82],[-53.2,-64.1],[-52.38,-64.27],[-51.78,-64.34],[-49.6,-64.59],[-49.6,-64.59],[-48.99,-64.36],[-48.6,-64.23],[-49.12,-63.93],[-49.29,-63.84],[-49.65,-63.62],[-50.38,-63.18],[-50.61,-63.04],[-51.16,-62.69],[-51.48,-62.48],[-52.17,-62.01],[-52.17,-62.01],[-51.72,-61.64],[-50.82,-61.37],[-50.34,-61.17],[-50,-61.06],[-49.63,-60.94],[-48.53,-60.93],[-48.53,-60.93],[-48.6,-61.08],[-48.65,-61.13],[-48.69,-61.34],[-47.59,-61.9],[-47.39,-62],[-47.13,-62.13],[-46.64,-62.36],[-46.33,-62.5],[-45.45,-62.91],[-45.11,-63.06],[-44.93,-63.14],[-44.77,-63.21],[-44.19,-63.46],[-43.19,-63.27],[-41.77,-62.88],[-41.19,-62.64],[-40.35,-62.44],[-38.72,-62],[-37.15,-61.54],[-35.54,-61.11],[-34.13,-60.64],[-33.36,-60.4],[-33.36,-60.4],[-32.72,-60.43],[-32.72,-60.43],[-32.48,-60.63],[-32.35,-60.81],[-31.44,-60.92],[-30.62,-60.8],[-30.6,-60.63],[-31.1,-60.53],[-31.1,-60.53],[-31.18,-60.51],[-30.94,-60.53],[-29.34,-60.59],[-27.73,-60.63],[-27.7,-60.62],[-27.7,-60.62],[-27.71,-60.75],[-27.71,-60.75],[-26.04,-60.8],[-24.36,-60.84],[-22.68,-60.85],[-21,-60.84],[-19.32,-60.81],[-19.2,-60.06],[-18.08,-60.05],[-18.07,-59.5],[-17.2,-59.53],[-17.15,-59.25],[-15.85,-59.22],[-15.81,-58.42],[-14.65,-58.45],[-13.5,-58.46],[-13.5,-58.16],[-12.09,-58.08],[-10.69,-57.99],[-9.05,-57.9],[-7.41,-57.8],[-7.35,-57.18],[-6.01,-57.15],[-5.98,-56.46],[-4.36,-56.39],[-4.35,-55.71],[-2.92,-55.59],[-2.23,-55.51],[-1.44,-55.09],[-0.67,-54.66],[-0.67,-54.66],[-0.42,-54.86],[-0.42,-54.87],[-0.42,-54.87],[-0.41,-54.87],[-0.04,-54.68],[0.44,-54.45],[0.96,-54.83],[1.69,-54.4],[2.36,-54.04],[2.43,-54],[3.03,-53.65],[3.37,-53.83],[3.96,-54.13],[4.41,-54.43],[4.83,-54.16],[5.5,-54.54],[5.91,-54.28],[6.18,-54.12],[6.63,-53.81],[7.24,-54.1],[7.77,-54.39],[8.29,-54.03],[8.8,-53.67],[9.07,-53.48],[9.45,-53.22],[9.99,-52.79],[10.54,-53.07],[10.97,-53.33],[11.73,-52.77],[12.31,-52.37],[12.9,-51.96],[13.12,-52.09],[13.27,-52.18],[13.79,-52.48],[14.46,-52],[15.11,-52.31],[15.43,-52.08],[15.82,-51.79],[16.8,-52.13],[17.6,-52.4],[17.8,-52.47],[18.54,-52.73],[18.71,-52.55],[19.99,-52.82],[21.25,-52.91],[22.49,-53.05],[23.08,-53.1],[23.02,-53.2],[23.88,-53.31],[24.69,-53.42],[24.87,-53.35],[25.18,-53.44],[25.65,-53.41],[25.86,-53.48],[25.99,-53.58],[26.18,-53.43],[26.34,-53.06],[26.51,-52.62],[26.71,-52.38],[27.32,-52.55],[27.37,-52.67],[27.48,-52.77],[28.11,-52.9],[28.31,-52.53],[28.4,-52.28],[28.61,-51.77],[28.94,-51.21],[29.26,-50.65],[29.31,-50.56],[29.35,-50.5],[29.44,-50.36],[29.71,-49.93],[30.36,-49.21],[30.7,-49.01],[31.31,-48.16],[31.59,-47.68],[31.86,-47.2],[33.17,-47.26],[33.54,-46.35],[33.82,-45.98],[33.98,-46.08],[34.09,-46.09],[34.27,-46.21],[34.5,-46.22],[34.7,-45.97],[34.87,-45.46],[35.01,-45.11],[35.18,-44.86],[35.66,-44.87],[35.97,-44.96],[36.3,-44.97],[36.68,-44.92],[37.09,-44.8],[37.51,-44.88],[38.08,-44.62],[38.19,-44.4],[38.34,-44.05],[39.07,-44.16],[39.27,-43.73],[39.46,-43.29],[40.51,-43.44],[41.56,-43.58],[41.69,-43.12],[41.81,-42.66],[42.47,-42.73],[42.57,-42.26],[42.67,-41.79],[42.77,-41.32],[42.87,-40.85],[44.01,-40.91],[44.02,-40.67],[44.69,-40.69],[44.72,-40.37],[45.3,-40.37],[45.33,-40.11],[46.07,-40.12],[46.16,-39.49],[46.24,-38.87],[47.14,-38.76],[48.02,-38.65],[48.02,-38.48],[48.63,-38.01],[49.03,-38],[49.04,-37.79],[49.95,-37.79],[49.96,-37.6],[50.82,-37.58],[50.83,-37.45],[51.55,-37.44],[52.28,-37.43],[52.31,-36.8],[52.34,-36.16],[52.9,-36.15],[53.47,-36.14],[53.47,-35.52],[54.22,-35.3],[54.26,-34.54],[55.27,-34.56],[55.3,-34.29],[55.7,-34.23],[55.74,-33.65],[56.4,-33.63],[57.06,-33.55],[57.09,-32.84],[57.12,-32.3],[57.15,-31.77],[57.8,-31.72],[58.46,-31.69],[58.53,-31.06],[59.17,-31.05],[59.19,-30.57],[60.01,-30.56],[60.76,-30.53],[60.75,-30.01],[60.76,-30],[60.79,-29.47],[60.81,-28.93],[61.53,-28.92],[61.52,-28.78],[62.16,-28.81],[62.14,-28.49],[62.75,-28.46],[62.7,-28.15],[63.21,-28.16],[63.19,-28.02],[63.62,-28.04],[63.6,-27.83],[64.47,-27.82],[65.33,-27.81],[65.35,-27.51],[66.36,-27.51],[66.37,-27.28],[67.13,-27.27],[67.16,-26.87],[67.42,-26.87],[67.43,-26.57],[67.96,-26.58],[67.98,-26.29],[68.62,-26.26],[68.6,-26.12],[68.82,-26.14],[68.83,-26.01],[69.15,-25.99],[69.14,-25.78],[69.46,-25.78],[69.49,-25.68],[69.96,-25.65],[69.96,-25.65],[69.96,-25.65],[69.96,-25.64],[69.97,-25.64],[69.97,-25.64],[69.98,-25.64],[70.41,-26.06],[70.67,-25.91],[70.99,-26.19],[71.14,-26.08],[71.58,-26.45],[71.72,-26.39],[72.07,-26.66],[72.01,-26.72],[72.46,-27.15],[72.92,-27.57],[73.12,-27.45],[73.4,-27.66],[73.53,-27.57],[73.97,-27.94],[74.41,-28.32],[74.19,-28.54],[74.59,-28.9],[74.99,-29.26],[74.94,-29.33],[75.55,-29.84],[75.36,-30.01],[75.51,-30.12],[75.39,-30.24],[75.8,-30.57],[76.2,-30.91],[76.15,-30.97],[76.69,-31.46],[76.39,-31.72],[76.81,-32.09],[77.23,-32.46],[77.66,-32.83],[78.09,-33.19],[77.35,-33.84],[77.92,-34.32],[78.49,-34.81],[78.44,-34.84],[78.8,-35.16],[78.2,-35.68],[78.69,-36.1],[79.18,-36.51],[78.61,-37],[78.02,-37.48],[78.71,-38],[78.18,-38.39],[78.53,-38.66],[78.07,-39],[78.38,-39.26],[78,-39.54],[78.43,-39.9],[77.82,-40.33],[78.48,-40.87],[78.66,-40.87],[79.32,-41.38],[79.99,-41.89],[80.46,-41.51],[80.93,-41.13],[81.75,-41.72],[82.59,-42.31],[83.44,-42.89],[83.85,-42.55],[84.26,-42.21],[84.67,-41.87],[85.07,-41.52],[85.47,-41.18],[85.86,-40.83],[86.4,-41.13],[86.95,-41.42],[87.5,-41.71],[88.06,-42],[88.49,-41.69],[89.01,-41.94],[89.54,-42.2],[90.07,-42.45],[90.6,-42.7],[91.14,-42.95],[91.69,-43.2],[92.23,-43.44],[92.79,-43.68],[93.34,-43.92],[93.9,-44.16],[94.47,-44.39],[95.04,-44.62],[94.93,-44.81],[95.81,-45.14],[96.7,-45.47],[96.27,-46],[95.84,-46.52],[96.46,-46.77],[97.08,-47.02],[97.71,-47.26],[98.34,-47.51],[98.98,-47.74],[99.62,-47.98],[100.2,-47.27],[100.82,-47.47],[101.44,-47.66],[102.06,-47.85],[102.69,-48.04],[103.32,-48.23],[103.96,-48.41],[104.6,-48.59],[105.25,-48.76],[105.9,-48.93],[106.55,-49.1],[106.69,-48.84],[107.49,-49.01],[108.28,-49.18],[108.24,-49.26],[109.35,-49.52],[110.47,-49.78],[110.87,-49.83],[111.13,-49.8],[111.36,-49.93],[111.67,-50.08],[112.97,-50.2],[114.02,-50.39],[114.36,-49.88],[115.5,-49.97],[115.99,-49.85],[116.26,-49.54],[116.63,-49.27],[117.52,-49.62],[118.19,-49.86],[118.55,-49.8],[119.37,-49.94],[120.27,-50.04],[120.52,-49.52],[120.84,-48.89],[121.56,-49.01],[121.44,-49.62],[121.87,-49.74],[122.22,-49.85],[122.55,-49.81],[122.8,-49.73],[123.01,-49.54],[123.33,-49.58],[123.77,-49.12],[124.01,-48.91],[124.21,-48.85],[124.61,-48.98],[124.99,-49.15],[125.12,-49.36],[125.26,-49.6],[125.9,-49.72],[126.1,-49.36],[126.23,-49.12],[126.26,-49.04],[126.43,-48.63],[127.31,-48.76],[127.23,-49.37],[127.14,-49.98],[128.32,-50.16],[129.4,-50.34],[130.57,-50.52],[131.11,-50.59],[131.26,-50.6],[131.52,-50.22],[132.26,-50.22],[133.45,-50.3],[134.01,-50.34],[135.03,-50.38],[135.25,-50.21],[136.23,-50.25],[136.95,-50.22],[137.7,-50.23],[137.91,-50.23],[138.4,-50.23],[139.09,-50.26],[139.33,-50.27],[139.64,-50.28],[139.74,-51.21],[139.81,-51.84],[140.32,-51.8],[140.46,-52.66],[140.48,-52.75],[140.58,-53.5],[140.6,-53.59],[140.66,-53.89],[142.25,-54.21],[143.78,-54.23],[144.28,-54.8],[145.4,-54.76],[146.89,-54.7],[147.21,-55.65],[147.55,-56.61],[147.9,-57.57],[148.08,-57.53],[148.81,-57.44],[149.19,-58.15],[149.59,-58.86],[150.01,-59.57],[150.73,-59.48],[151.29,-60.41],[152.47,-60.18],[153.64,-59.93],[154.29,-60.68],[154.98,-61.43],[155.7,-62.17],[156.46,-62.91],[158.26,-62.39],[160,-61.85],[160,-61.85],[161,-62.71],[162.05,-63.56],[163.17,-64.41],[164.36,-65.24],[165.63,-66.07],[166.98,-66.88],[168.42,-67.69],[169.97,-68.48],[170.8,-68.9],[171.67,-69.31],[172.6,-69.66],[172.6,-69.66],[174.59,-69.12],[176.49,-68.56],[178.29,-67.97],[180,-67.37],[180,-68.35]]]}},{"type":"Feature","properties":{"ma":0,"type":"gpml:TopologicalClosedPlateBoundary","name":"Capricorn Plate (Kremeer et al 2003 AT)","pid":511,"deforming":false},"geometry":{"type":"Polygon","coordinates":[[[72.3,-26.99],[72.01,-26.72],[72.07,-26.66],[71.72,-26.39],[71.58,-26.45],[71.14,-26.08],[70.99,-26.19],[70.67,-25.91],[70.41,-26.06],[69.98,-25.64],[69.97,-25.64],[69.97,-25.64],[70.09,-25.48],[69.59,-24.97],[69.94,-24.68],[69.68,-24.37],[69.4,-24.04],[69.85,-23.71],[69.56,-23.37],[69.16,-22.83],[68.8,-22.39],[69.2,-22.09],[68.65,-21.45],[68.28,-20.88],[68.56,-20.71],[68.21,-20.29],[67.9,-20.47],[67.77,-20.28],[67.59,-20.37],[67.31,-20.07],[67.04,-20.22],[66.75,-19.87],[66.43,-20.08],[66.03,-19.58],[65.52,-18.83],[65.01,-18.06],[65.54,-17.78],[66.14,-17.45],[66.71,-17.09],[67.41,-16.66],[67.03,-16.14],[67.38,-15.94],[67.29,-15.82],[66.89,-15.27],[66.49,-14.7],[65.93,-13.98],[66.21,-13.78],[65.82,-13.27],[66.37,-12.83],[66.03,-12.43],[65.7,-12.02],[66.42,-11.56],[66.17,-11.21],[66.79,-10.76],[66.46,-10.35],[66.92,-9.99],[67.38,-9.63],[67.09,-9.27],[67.57,-8.88],[68.04,-8.49],[67.64,-8.03],[67.71,-7.96],[67.71,-7.96],[68.27,-8.02],[69.22,-8.05],[70.17,-8.08],[70.35,-7.51],[70.53,-6.94],[71.11,-6.38],[71.68,-5.81],[72.25,-5.24],[73.03,-5.12],[73.81,-5],[74.6,-4.88],[75.38,-4.75],[76.21,-4.58],[77.05,-4.41],[77.89,-4.24],[78.59,-4.2],[79.28,-4.17],[79.98,-4.13],[80.79,-4.23],[81.61,-4.32],[82.43,-4.41],[83.28,-4.43],[84.13,-4.45],[84.97,-4.46],[85.82,-4.48],[86.74,-4.47],[87.65,-4.47],[88.21,-4.63],[88.21,-4.63],[88.21,-5.62],[88.21,-6.61],[88.21,-7.59],[88.18,-8.41],[88.15,-9.23],[88.12,-10.04],[88.09,-10.86],[88.05,-11.83],[88.01,-12.81],[87.97,-13.78],[87.84,-14.68],[87.71,-15.58],[87.57,-16.47],[87.43,-17.37],[87.32,-18.23],[87.21,-19.09],[87.1,-19.95],[86.99,-20.81],[86.87,-21.66],[86.75,-22.51],[86.64,-23.36],[86.51,-24.21],[86.44,-24.56],[86.44,-24.56],[85.85,-24.8],[85.26,-25.03],[84.59,-25.07],[84.12,-25.79],[83.64,-26.51],[82.81,-26.63],[81.98,-26.74],[81.14,-26.85],[80.3,-26.95],[79.32,-27.05],[78.33,-27.14],[77.35,-27.12],[76.37,-27.09],[75.39,-27.06],[74.4,-27.02],[73.51,-26.99],[72.61,-26.95],[72.3,-26.99]]]}},{"type":"Feature","properties":{"ma":0,"type":"gpml:TopologicalClosedPlateBoundary","name":"Caribbean","pid":224,"deforming":false},"geometry":{"type":"Polygon","coordinates":[[[-81.67,18.74],[-80.91,18.85],[-80.14,18.96],[-79.38,19.07],[-78.49,19.19],[-77.61,19.3],[-76.72,19.41],[-75.8,19.51],[-74.88,19.61],[-73.96,19.7],[-73.1,19.74],[-72.23,19.77],[-71.36,19.81],[-70.5,19.83],[-69.55,19.85],[-68.6,19.87],[-67.65,19.88],[-66.6,19.85],[-65.54,19.81],[-64.49,19.76],[-63.68,19.72],[-62.86,19.68],[-62.05,19.63],[-61.24,19.58],[-61.24,19.58],[-60.55,18.94],[-59.87,18.3],[-59.2,17.66],[-58.77,16.75],[-58.36,15.85],[-58.01,15.39],[-57.66,14.92],[-57.47,14],[-57.28,13.07],[-57.46,12.15],[-57.64,11.22],[-57.79,10.7],[-57.79,10.7],[-58.8,10.78],[-59.81,10.87],[-60.81,10.95],[-61.83,11.03],[-62.84,11.11],[-63.85,11.18],[-64.86,11.25],[-65.87,11.31],[-66.88,11.38],[-67.9,11.43],[-68.91,11.49],[-69.92,11.54],[-70.93,11.68],[-71.94,11.81],[-72.95,11.95],[-73.65,12.04],[-74.36,12.12],[-75.06,12.21],[-75.06,12.21],[-75.48,11.78],[-75.89,11.35],[-76.41,10.65],[-76.93,9.94],[-77,9.85],[-77,9.85],[-77.09,10.19],[-77.09,10.19],[-77.85,9.98],[-78.55,9.88],[-79.16,9.35],[-79.83,8.77],[-79.83,8.77],[-79.47,8.17],[-78.95,7.42],[-78.78,7.15],[-78.78,7.15],[-79,7.09],[-79.78,6.96],[-80.43,6.9],[-80.95,6.88],[-80.95,6.88],[-81.42,6.89],[-82,7.16],[-82.47,7.39],[-83.28,7.89],[-84.1,8.39],[-84.92,8.88],[-85.75,9.37],[-86.43,9.81],[-87.11,10.24],[-87.79,10.67],[-88.51,11.27],[-89.23,11.87],[-90.01,12.21],[-90.8,12.55],[-91.58,12.89],[-92.39,13.3],[-93.2,13.7],[-94.02,14.1],[-94.83,14.5],[-95.5,14.85],[-96.18,15.2],[-96.18,15.2],[-95.55,15.06],[-94.66,15.15],[-93.77,15.23],[-92.89,15.32],[-92,15.39],[-91.11,15.47],[-90.22,15.54],[-89.41,15.66],[-88.59,15.78],[-87.8,16.03],[-87.01,16.28],[-86.1,16.65],[-85.19,17.02],[-84.32,17.29],[-83.44,17.55],[-82.52,17.68],[-81.61,17.82],[-81.61,17.82],[-81.67,18.74]]]}},{"type":"Feature","properties":{"ma":0,"type":"gpml:TopologicalClosedPlateBoundary","name":"Cocos","pid":909,"deforming":false},"geometry":{"type":"Polygon","coordinates":[[[-104.3,18.4],[-103.6,18],[-102.9,17.6],[-102.1,17.2],[-101.4,16.9],[-100.7,16.6],[-99.9,16.3],[-99.4,16.1],[-99.2,16],[-99.2,16],[-98.3,15.74],[-97.4,15.48],[-96.79,15.34],[-96.18,15.2],[-96.18,15.2],[-95.5,14.85],[-94.83,14.5],[-94.02,14.1],[-93.2,13.7],[-92.39,13.3],[-91.58,12.89],[-90.8,12.55],[-90.01,12.21],[-89.23,11.87],[-88.51,11.27],[-87.79,10.67],[-87.11,10.24],[-86.43,9.81],[-85.75,9.37],[-85,8.93],[-84.25,8.48],[-83.5,8.02],[-82.76,7.57],[-82.76,7.57],[-82.77,6.68],[-82.78,5.79],[-82.8,4.9],[-82.81,4.01],[-82.82,3.12],[-82.82,3.12],[-83.36,3.21],[-84.34,3.22],[-84.36,3.04],[-84.38,2.89],[-84.6,2.91],[-84.63,2.51],[-84.68,1.71],[-85.24,1.72],[-85.33,0.82],[-85.97,0.84],[-86.61,0.87],[-87.03,0.89],[-87.03,0.72],[-87.83,0.69],[-88.73,0.77],[-89.64,0.86],[-90.54,0.94],[-90.75,1.82],[-91.51,1.95],[-91.54,2.07],[-91.95,2.11],[-92.15,2.04],[-92.33,2.16],[-92.97,2.27],[-93.61,2.37],[-94.37,2.46],[-95.13,2.55],[-95.49,2.6],[-95.51,2.32],[-96.02,2.32],[-96.54,2.31],[-96.57,2.07],[-97.14,2.15],[-97.53,2.11],[-98.29,2.22],[-98.86,2.21],[-99.3,2.24],[-99.54,2.26],[-99.7,2.28],[-99.81,2.29],[-99.84,2.19],[-100.27,2.24],[-100.28,2.14],[-100.6,2.15],[-100.73,2.24],[-101.07,2.21],[-101.2,2.2],[-101.2,2.24],[-101.5,2.61],[-101.9,3],[-102.17,2.99],[-102.17,2.99],[-102.19,3.07],[-102.22,3.24],[-102.2,3.46],[-102.26,3.75],[-102.26,3.75],[-102.18,3.78],[-102.32,4.65],[-102.46,5.53],[-102.56,6.36],[-102.66,7.18],[-102.81,7.79],[-102.96,8.4],[-103.6,8.37],[-104.23,8.34],[-104.26,8.46],[-104.3,9.17],[-104.3,10.02],[-103.6,10.12],[-103.63,10.28],[-103.74,10.94],[-103.88,11.87],[-103.77,11.89],[-103.93,12.59],[-104.18,13.33],[-104.44,14.07],[-104.56,14.67],[-104.69,15.27],[-105.32,15.11],[-105.36,15.56],[-105.4,16.26],[-105.37,17.03],[-105.4,17.77],[-105.4,17.87],[-105.09,18.37],[-104.77,18.87],[-104.3,18.4]]]}},{"type":"Feature","properties":{"ma":0,"type":"gpml:TopologicalClosedPlateBoundary","name":"Sandwich plate NW15","pid":815,"deforming":false},"geometry":{"type":"Polygon","coordinates":[[[-27.71,-60.73],[-27.7,-60.62],[-27.7,-60.47],[-28.68,-60.46],[-29.6,-60.43],[-29.88,-60.17],[-30.03,-59.94],[-30.11,-59.52],[-29.55,-59.51],[-29.56,-58.82],[-29.95,-58.81],[-30.01,-58.27],[-29.84,-58.26],[-29.85,-57.6],[-30.07,-57.6],[-30.13,-57.1],[-30.13,-57.1],[-30.38,-57.09],[-30.47,-56.85],[-30.74,-56.86],[-30.74,-56.57],[-30.73,-56.51],[-30.72,-56.45],[-30.38,-56.44],[-30.33,-56.29],[-30.33,-56.13],[-30.33,-56.05],[-30.33,-55.95],[-30.33,-55.86],[-30.32,-55.75],[-29.82,-55.68],[-29.77,-55.6],[-29.79,-55.5],[-29.81,-55.33],[-29.71,-55.2],[-29.75,-54.87],[-29.75,-54.87],[-29.61,-54.87],[-29.16,-54.79],[-29.16,-54.79],[-28.61,-54.88],[-27.6,-55.09],[-26.99,-55.23],[-26.41,-55.42],[-25.72,-55.84],[-25.15,-56.29],[-24.7,-56.73],[-24.23,-57.17],[-24.13,-57.43],[-23.82,-58.2],[-23.99,-58.92],[-24.46,-59.39],[-25.07,-59.97],[-26.2,-60.51],[-27.71,-60.73]]]}},{"type":"Feature","properties":{"ma":0,"type":"gpml:TopologicalClosedPlateBoundary","name":"Eurasia_1_0","pid":301,"deforming":false},"geometry":{"type":"Polygon","coordinates":[[[120.39,13.52],[120.25,13.5],[120.25,13.5],[120.27,13.46],[120.58,12.65],[120.52,12.5],[120.52,12.5],[119.98,12.51],[119.68,12.53],[119.16,12.5],[119.09,12.49],[119.06,12.45],[118.99,12.41],[118.97,12.38],[118.97,12.38],[118.56,12.34],[117.99,12.31],[117.41,12.28],[116.94,12.6],[116.28,12.82],[116.15,12.45],[115.85,12.1],[115.29,11.99],[114.53,12.01],[113.96,11.8],[113.5,11.38],[113.13,11.08],[112.57,10.76],[111.73,10.36],[111.38,10.67],[111.32,11.44],[111.27,12.2],[111.27,12.2],[111.67,12.36],[112.47,12.68],[113.16,13.26],[113.13,13.62],[113.68,14.3],[113.7,14.56],[113.81,14.64],[114.3,14.95],[114.92,15.69],[115.08,16.12],[115.42,16.81],[115.66,17.02],[115.78,17.24],[115.77,17.31],[115.13,17.25],[114.86,17.26],[114.64,17.07],[114.23,16.73],[113.92,16.72],[113.72,16.92],[113.65,17.25],[113.94,17.8],[114.24,18.36],[114.74,18.55],[114.9,18.57],[115.42,18.39],[115.94,18.2],[116.42,18.21],[116.76,18.28],[116.93,18.34],[117.08,18.47],[117.22,18.64],[118.02,19.02],[118.67,19.09],[119.33,19.16],[119.77,19.67],[119.54,20.36],[119.32,21.06],[119.09,21.76],[118.78,22.65],[118.46,23.53],[118.14,24.42],[117.81,25.31],[117.81,25.31],[117.3,24.84],[116.8,24.37],[116.25,24.08],[115.71,23.78],[115.06,23.49],[114.43,23.19],[113.75,23.11],[113.08,23.02],[112.5,22.73],[111.93,22.43],[111.33,22.25],[110.63,22.01],[109.89,21.82],[108.88,22.09],[108.36,22.2],[107.5,21.89],[106.97,21.55],[106.44,21.17],[105.81,20.76],[105.73,20.73],[105.73,20.73],[105.3,21.15],[104.87,21.57],[104.29,21.99],[103.71,22.41],[103.13,22.84],[102.32,23.39],[101.52,23.93],[100.93,24.55],[100.34,25.17],[99.87,25.81],[99.39,26.44],[99.39,26.44],[99.43,26.5],[100.36,26.91],[101.29,27.31],[101.85,27.79],[101.85,27.79],[101.86,28.54],[101.87,29.29],[102.16,30.16],[102.69,30.69],[103.32,31.29],[103.76,31.77],[104.29,32.34],[104.56,32.88],[104.83,33.42],[104.92,33.95],[105.01,34.48],[104.82,35.03],[104.62,35.58],[104.21,36.39],[104.03,37.01],[103.84,37.63],[103.81,38.48],[104.16,39.31],[104.61,39.95],[105.18,40.68],[105.82,41.44],[105.91,41.56],[105.91,41.56],[105.87,41.62],[104.73,41.96],[103.59,42.3],[102.43,42.62],[101.26,42.94],[100.24,43.16],[99.22,43.38],[98.19,43.6],[97.15,43.8],[96,43.92],[94.84,44.04],[93.68,44.14],[92.51,44.24],[91.35,44.32],[90.23,44.42],[89.1,44.51],[87.98,44.59],[86.85,44.66],[85.72,44.72],[84.43,44.7],[83.13,44.67],[81.84,44.63],[80.55,44.57],[79.27,44.5],[78.17,44.34],[77.07,44.17],[75.98,43.99],[74.9,43.8],[73.82,43.6],[72.6,43.28],[71.39,42.95],[70.19,42.6],[69.3,41.85],[68.43,41.09],[67.58,40.33],[66.91,39.87],[66.25,39.4],[66.1,38.74],[65.96,38.08],[65.82,37.42],[65.65,36.76],[65.49,36.09],[65.33,35.42],[65.05,34.79],[64.78,34.16],[64.51,33.53],[63.95,33.13],[63.4,32.72],[62.82,32.47],[62.23,32.22],[61.63,32.39],[61.02,32.56],[60.89,33.07],[60.76,33.59],[60.57,34.29],[60.38,34.98],[60.18,35.68],[59.51,36.45],[58.84,37.21],[58.25,37.42],[57.66,37.62],[56.94,38.26],[56.21,38.89],[55.24,38.99],[54.27,39.07],[53.04,39.11],[51.8,39.13],[50.57,39.15],[49.34,39.14],[48.26,39.37],[47.18,39.58],[46.09,39.78],[45,39.98],[44.95,39.93],[44.95,39.93],[43.72,40.15],[42.49,40.36],[41.63,40.52],[40.77,40.67],[39.78,41.15],[38.78,41.61],[37.64,42.12],[36.97,42.23],[36.3,42.33],[35.55,42.45],[34.79,42.55],[34.06,42.65],[33.34,42.74],[32,42.9],[32,42.9],[31.98,42.89],[30.76,42.93],[29.53,42.95],[28.3,42.97],[27.33,43.03],[26.49,43.12],[25.66,43.2],[24.54,43.27],[23.7,43.41],[23.11,43.64],[22.64,43.88],[22.37,44.11],[22.48,44.52],[22.88,44.82],[22.88,44.82],[24.11,44.59],[25.44,44.72],[26.06,44.99],[26.68,45.26],[26.75,46.11],[26.77,46.66],[26.07,47.39],[25.34,48.12],[24.78,48.62],[24.2,49.11],[23.31,49.57],[22.41,50.02],[21.32,50.02],[20.24,50.02],[18.79,49.85],[17.98,49.63],[17.56,49.35],[16.84,49.14],[16.6,48.75],[15.99,48.29],[15.11,48.07],[14.16,48.03],[12.99,47.99],[12.59,47.82],[11.38,47.82],[10.26,47.73],[9.85,47.51],[9.16,47.32],[8.48,47.13],[8.34,47.04],[8.17,47.04],[8.01,46.97],[7.82,46.84],[7.45,46.82],[6.7,46.58],[6.29,46.24],[6.35,46.05],[6.32,45.97],[5.78,45.52],[5.24,45.07],[5.17,44.85],[5.27,44.2],[5.24,43.99],[5.31,43.87],[5.88,43.83],[6.32,43.76],[6.35,43.75],[6.35,43.75],[5.84,43.71],[5.1,43.65],[4.17,43.57],[3.24,43.49],[2.44,43.47],[1.64,43.44],[0.43,43.56],[-0.78,43.67],[-1.45,43.52],[-2.11,43.36],[-2.11,43.36],[-1.83,43.21],[-1.21,43],[-0.58,42.78],[0.39,42.71],[1.36,42.63],[2.32,42.56],[3.27,42.47],[3.27,42.47],[3.44,42.46],[4.54,42.48],[5.23,42.64],[5.94,42.81],[6.53,43.18],[7.14,43.56],[7.14,43.56],[7.21,43.59],[7.81,43.96],[7.68,44.53],[7.55,45.11],[7.56,45.11],[7.56,45.11],[8.39,44.54],[9.03,43.98],[9.54,43.4],[9.72,43.05],[9.91,42.47],[10.09,41.9],[10.22,41.42],[10.38,40.82],[10.47,40.26],[10.57,39.64],[10.65,39.07],[9.84,38.7],[9.04,38.33],[8.24,37.95],[7.28,38.5],[6.31,39.03],[5.54,38.93],[4.78,38.81],[3.68,38.67],[2.49,38.56],[1.29,38.49],[0.18,38.76],[0.18,38.76],[-0.61,38.33],[-1.39,37.9],[-2.19,37.67],[-2.98,37.43],[-3.77,37.18],[-4.7,36.83],[-5.63,36.46],[-5.63,36.46],[-6.76,36.52],[-7.89,36.56],[-8.88,36.71],[-9.88,36.86],[-10.55,36.83],[-11.21,36.79],[-12.32,36.66],[-13.42,36.53],[-14.53,36.38],[-15.62,36.23],[-16.71,36.16],[-17.79,36.09],[-18.86,36],[-20.01,35.95],[-21.15,35.89],[-22.29,35.82],[-23.3,35.77],[-24.31,35.71],[-25.32,35.64],[-26.43,35.6],[-27.55,35.55],[-28.66,35.48],[-29.84,35.42],[-31.02,35.35],[-32.2,35.26],[-33.37,35.16],[-34.03,35.19],[-34.68,35.22],[-34.68,35.22],[-34.54,35.58],[-34.19,35.52],[-33.92,36.16],[-33.76,36.41],[-33.51,36.37],[-33.36,36.65],[-33.28,36.64],[-33.16,37.06],[-33,37.04],[-32.86,37.44],[-31.66,37.2],[-31.54,37.54],[-31.21,37.51],[-30.81,38.26],[-30.67,38.26],[-30.5,38.61],[-30.17,39.3],[-29.98,39.27],[-29.91,39.95],[-29.84,40.62],[-29.63,40.62],[-29.59,40.81],[-29.5,41.14],[-29.68,41.19],[-29.67,41.35],[-29.62,41.51],[-29.5,41.77],[-29.46,42],[-29.43,42.24],[-29.46,42.47],[-29.5,42.65],[-29.47,42.99],[-29.46,43.27],[-29.24,44.02],[-28.95,43.98],[-28.88,44.14],[-28.76,44.54],[-28.76,44.54],[-28.21,44.47],[-27.91,44.99],[-27.6,45.51],[-27.27,46.28],[-27.14,46.84],[-27.12,47.32],[-27.33,48.04],[-27.38,48.13],[-27.45,48.22],[-27.53,48.33],[-27.52,48.52],[-27.72,48.56],[-27.7,48.73],[-27.74,48.87],[-27.85,49.04],[-27.98,49.2],[-28.11,49.33],[-28.19,49.44],[-28.37,50.1],[-29.77,50.31],[-29.84,51.15],[-30.12,51.23],[-30.08,52.14],[-30.08,52.17],[-30.08,52.17],[-30.12,52.17],[-31.67,52.34],[-33.22,52.48],[-34.44,52.55],[-35.66,52.6],[-35.66,52.6],[-35.67,52.62],[-35.54,53.43],[-35.4,54.25],[-35.26,55.07],[-34.96,55.9],[-34.64,56.74],[-33.77,56.7],[-33.75,56.7],[-33.75,56.7],[-33.75,56.72],[-33.62,56.93],[-33.45,56.91],[-33.04,57.64],[-32.72,57.6],[-31.72,58.34],[-31.26,58.59],[-30.68,59.05],[-30.08,59.51],[-28.94,60.29],[-28.14,60.86],[-27.33,61.43],[-26.48,61.99],[-25.63,62.52],[-24.74,63.06],[-23.83,63.58],[-22.7,64.13],[-21.53,64.66],[-20.75,64.98],[-19.8,65.22],[-19.1,65.4],[-18.62,65.54],[-18.02,65.7],[-18.02,65.7],[-18.19,66.07],[-18.15,66.41],[-18.22,66.74],[-18.11,67.12],[-17.97,67.4],[-17.87,67.65],[-17.63,67.93],[-17.31,68.24],[-16.89,68.49],[-16.44,68.78],[-16.07,69.06],[-15.65,69.29],[-15.31,69.52],[-15.01,69.8],[-14.68,70.12],[-14.44,70.38],[-14.12,70.72],[-13.85,71.03],[-13.47,71.27],[-13.14,71.32],[-10.86,71.09],[-8.64,70.84],[-6.48,70.56],[-6.48,70.56],[-6.23,70.87],[-5.6,71.33],[-4.9,71.41],[-4.39,71.5],[-2.82,71.7],[-1.07,71.98],[0.6,72.24],[3.21,72.63],[4.22,72.79],[5.34,73.01],[6.53,73.22],[7.48,73.44],[8.13,73.66],[8.63,73.92],[8.68,74.09],[8.53,74.29],[7.69,74.7],[8,74.85],[6.63,75.1],[7.15,75.26],[7.81,75.43],[8.05,75.53],[7.09,75.7],[7.42,75.88],[6.39,76.16],[6.79,76.38],[7.22,76.53],[7.2,76.75],[6.79,76.83],[6.83,77.41],[5.75,77.6],[7,78.23],[6.11,78.44],[3.88,78.77],[3.17,79.13],[2.91,79.25],[3.12,79.5],[2.11,79.73],[-0.1,80.14],[-1.5,80.34],[-1.11,80.96],[-2.42,81.35],[-4.76,81.9],[-5.86,82.38],[-6.14,82.45],[-6.14,82.45],[-6.15,82.47],[-6.9,82.81],[-4.94,83.4],[-2.16,83.81],[1.17,84.19],[3.65,84.46],[5.65,84.7],[8.3,84.98],[11.88,85.26],[16.59,85.58],[20.48,85.77],[23.82,85.84],[28.43,85.94],[31.3,85.99],[34.47,86.12],[39.38,86.41],[44.77,86.58],[49.74,86.74],[55.01,86.84],[57.49,86.91],[60.58,86.99],[62.61,86.88],[65.11,86.68],[68.4,86.57],[71.51,86.29],[75.1,86.03],[79.01,85.82],[83.98,85.59],[87.69,85.49],[95.11,85.22],[97.61,85.03],[100.61,84.94],[103.65,84.71],[105.6,84.49],[110.22,84.04],[115.16,83.47],[116.06,83.15],[117.55,82.73],[118.12,82.4],[118.71,81.98],[119.03,81.63],[120.01,81.36],[121.61,80.67],[121.49,80.34],[122.75,79.94],[123.71,79.69],[124.45,79.44],[125.1,79.08],[125.52,78.48],[125.56,78.11],[125.61,77.66],[125.83,77.06],[126.19,76.84],[126.19,76.84],[123.42,77.31],[120.44,77.75],[116.93,78.28],[113.11,78.76],[110.79,79.1],[107.32,79.8],[105.79,80.23],[104.12,80.65],[100.63,81.28],[97.3,81.68],[94.22,81.9],[90.94,82.11],[88.28,82.24],[86.43,82.33],[86.43,82.33],[84.6,81.89],[82.95,81.44],[82.95,81.44],[89.24,81.19],[95.11,80.85],[98.87,80.2],[102.16,79.52],[105.04,78.81],[107.58,78.07],[109.55,77.5],[111.34,76.91],[112.99,76.3],[114.02,75.64],[114.97,74.97],[115.83,74.3],[117.58,74.03],[119.27,73.74],[121.08,73.53],[122.85,73.31],[124.61,73.34],[127.63,72.91],[129.98,72.43],[132.19,71.92],[132.19,71.92],[131.94,71.93],[129.95,71.3],[128.08,70.65],[126.32,69.98],[126.03,69.14],[125.75,68.29],[125.91,67.55],[126.05,66.81],[127.05,66.27],[128.01,65.73],[129.37,65.19],[130.67,64.64],[132.06,64.02],[133.39,63.4],[135.13,63.25],[136.98,62.71],[138.75,62.15],[139.36,61.41],[139.94,60.67],[141.38,60.07],[142.77,59.45],[143.47,59.1],[144.15,58.74],[144.15,58.74],[143.2,58.4],[142.26,58.07],[142.08,58],[142.08,58],[142.46,57.07],[142.82,56.13],[143.63,55.46],[144.42,54.78],[144.42,54.78],[144.55,53.93],[144.68,53.07],[144.8,52.22],[144.92,51.36],[144.9,50.5],[144.88,49.65],[144.86,48.79],[144.85,47.94],[144.74,47.08],[144.63,46.22],[144.52,45.36],[144.42,44.51],[144.32,43.65],[144.29,42.79],[144.26,41.93],[144.23,41.07],[144.23,41.02],[144.23,41.02],[144.27,41.05],[144.27,41.05],[144.27,41.05],[144.27,41.05],[144.37,41.13],[144.37,41.13],[144.23,40.2],[144.1,39.26],[143.96,38.59],[143.83,37.92],[143.55,37.45],[143.28,36.97],[142.98,36.52],[142.69,36.07],[142.33,35.56],[141.91,35.21],[141.29,34.97],[140.68,34.79],[140.32,34.81],[140.05,34.75],[139.66,34.77],[139.18,34.89],[138.94,34.66],[138.69,34.36],[138.31,34],[138.11,33.84],[137.42,33.37],[136.84,33.08],[136.26,32.79],[135.6,32.64],[134.95,32.48],[134.11,32.02],[133.45,31.7],[132.98,31.32],[132.58,30.94],[132.18,30.56],[131.68,29.69],[131.19,28.82],[130.71,27.95],[130.24,27.29],[129.78,26.63],[129.37,26.23],[128.97,25.83],[128.45,25.41],[127.94,24.99],[127.48,24.65],[127.03,24.3],[126.44,23.98],[125.85,23.65],[125.05,23.47],[124.26,23.29],[124.12,23.29],[124.12,23.29],[123.57,23.2],[122.79,23.23],[122.01,23.25],[121.24,23.27],[120.97,23.31],[120.97,23.31],[120.79,22.48],[120.61,21.66],[120.43,20.84],[120.4,20.12],[120.38,19.41],[120.36,18.7],[119.92,17.99],[119.49,17.28],[119.51,16.55],[119.52,15.83],[119.54,15.1],[119.72,14.5],[119.9,13.91],[120.39,13.52]]]}},{"type":"Feature","properties":{"ma":0,"type":"gpml:TopologicalClosedPlateBoundary","name":"India from PB03 GS","pid":501,"deforming":false},"geometry":{"type":"Polygon","coordinates":[[[57.09,10.37],[57.44,11.04],[57.8,11.7],[58.18,12.43],[58.56,13.16],[58.95,13.88],[59.34,14.61],[59.73,15.34],[60.04,16.18],[60.36,17.02],[60.69,17.86],[61.01,18.7],[61.49,19.5],[61.98,20.3],[62.47,21.1],[62.96,21.9],[63.46,22.69],[64,23.36],[64.55,24.03],[65.1,24.69],[65.65,25.35],[66.21,26.01],[66.74,26.8],[67.28,27.58],[67.82,28.36],[68.38,29.14],[68.66,29.65],[68.95,30.15],[69.27,30.68],[69.27,30.68],[69.47,30.85],[70.1,31.46],[70.27,31.95],[70.44,32.43],[70.94,32.95],[71.39,33.48],[71.85,34],[72.46,34.68],[73.03,34.18],[73.59,33.67],[74.31,33.16],[75.09,32.88],[75.67,32.19],[75.72,31.63],[76.52,31.15],[77.01,30.74],[77.64,30.56],[78.08,30.23],[78.42,29.89],[78.91,29.68],[79.2,29.39],[79.79,29.14],[80.23,29.09],[80.55,28.98],[81.04,28.79],[81.36,28.41],[82.2,28.17],[82.94,27.88],[83.67,27.59],[84.16,27.45],[84.65,27.31],[85.62,27.17],[86.25,27.09],[86.48,26.74],[86.82,26.67],[87.22,27.02],[87.75,26.91],[88.32,26.89],[89.28,27.03],[89.77,26.85],[90.33,26.94],[91.26,27.01],[91.78,27.03],[92.3,27.06],[93.23,27.12],[93.57,27.11],[94.19,27.5],[94.83,27.92],[95.47,28.18],[96.23,28.13],[96.79,28.11],[96.9,28.1],[96.9,28.1],[96.45,27.37],[96,26.64],[95.45,25.99],[94.9,25.34],[94.37,24.69],[94.17,23.94],[93.97,23.19],[93.78,22.43],[93.92,21.55],[94.05,20.67],[94.18,19.79],[94.06,18.97],[93.94,18.14],[93.83,17.32],[93.58,16.44],[93.34,15.55],[93.1,14.66],[92.64,14.05],[92.17,13.43],[91.71,12.81],[91.71,12.81],[91.73,12.03],[91.75,11.25],[91.76,10.47],[91.84,9.63],[91.84,9.63],[91.31,9.07],[90.84,8.56],[90.36,8.05],[89.89,7.54],[89.42,6.89],[88.95,6.23],[88.49,5.58],[87.66,5.18],[86.84,4.79],[86.02,4.4],[85.44,3.69],[84.86,2.97],[84.28,2.26],[83.6,1.65],[82.93,1.03],[82.16,0.71],[81.39,0.39],[80.63,0.07],[79.67,-0.17],[78.72,-0.41],[77.76,-0.66],[76.81,-0.9],[75.85,-1.14],[74.9,-1.39],[74.03,-1.47],[73.16,-1.56],[72.29,-1.64],[71.42,-1.72],[70.54,-1.77],[69.67,-1.81],[68.8,-1.86],[67.92,-1.9],[67.92,-1.9],[67.37,-1.44],[67.66,-1.04],[67.02,-0.58],[67.21,-0.34],[66.84,-0.04],[67.16,0.34],[66.66,0.72],[66.87,1.07],[66.49,1.33],[66.67,1.62],[66.33,1.86],[65.99,2.05],[66.18,2.39],[66.38,2.75],[65.96,2.97],[65.49,3.3],[65.21,2.92],[64.68,3.3],[64.62,3.22],[63.89,3.6],[63.82,3.48],[63.39,3.7],[63.33,3.63],[62.87,3.89],[63,4.11],[62.46,4.52],[62,4.91],[61.53,5.26],[61.66,5.49],[61.14,5.91],[60.67,6.31],[60.04,6.77],[60.18,6.95],[59.7,7.31],[59.22,7.67],[59.31,7.77],[58.88,8.1],[58.92,8.17],[58.61,8.4],[58.25,8.65],[58.43,8.86],[58.15,9.09],[58.26,9.29],[58.02,9.45],[58.06,9.53],[57.49,9.94],[57.26,9.68],[57.03,9.86],[56.98,9.86],[56.92,9.97],[57.09,10.37]]]}},{"type":"Feature","properties":{"ma":0,"type":"gpml:TopologicalClosedPlateBoundary","name":"Izu IZU_005_000","pid":659,"deforming":false},"geometry":{"type":"Polygon","coordinates":[[[142.48,24.49],[141.9,24.25],[141.72,24.24],[141.72,24.24],[141.41,24.73],[141.11,25.23],[141.11,25.23],[140.23,25.07],[139.26,24.85],[139.26,24.85],[139,25.54],[138.74,26.23],[138.47,26.92],[138.17,27.71],[137.85,28.51],[137.58,29.28],[137.31,30.04],[137.03,30.81],[136.84,31.37],[136.65,31.94],[136.55,31.95],[136.22,32.78],[136.22,32.78],[136.26,32.79],[136.84,33.08],[137.42,33.37],[138.11,33.84],[138.31,34],[138.69,34.36],[138.94,34.66],[139.18,34.89],[139.66,34.77],[140.05,34.75],[140.32,34.81],[140.68,34.79],[141.29,34.97],[141.91,35.21],[141.96,35.26],[141.96,35.26],[142,35],[142,34],[142,33],[142.07,32.33],[142.13,31.67],[142.2,31],[142.35,30.5],[142.5,30],[142.65,29.5],[142.8,29],[143,28.5],[143.2,28],[143.2,27],[143.1,26.5],[143,26],[143,25],[142.98,24.59],[142.48,24.49]]]}},{"type":"Feature","properties":{"ma":0,"type":"gpml:TopologicalClosedPlateBoundary","name":"Mariana MAR_005_000","pid":699,"deforming":false},"geometry":{"type":"Polygon","coordinates":[[[142.89,12.05],[143.22,12.79],[143.58,13.38],[143.94,13.96],[144.31,14.55],[144.61,15.26],[144.91,15.97],[145.21,16.69],[145.39,16.83],[145.29,17.34],[145.2,17.85],[145.36,17.92],[145.17,18.53],[144.99,19.05],[144.8,18.96],[144.37,19.8],[144.26,19.76],[144.11,19.99],[143.66,20.83],[143.21,21.67],[142.76,22.51],[142.24,23.37],[141.72,24.24],[141.72,24.24],[141.9,24.25],[142.48,24.49],[143.19,24.63],[143.37,24.63],[143.37,24.63],[144,24],[144.5,23.5],[145,23],[145.6,22.5],[146.2,22],[146.6,21.5],[147,21],[147.15,20.5],[147.3,20],[147.3,19.4],[147.3,18.8],[147.3,18.15],[147.3,17.5],[147.3,16.55],[147.3,15.6],[146.95,14.75],[146.6,13.9],[146,13.37],[145.4,12.83],[144.8,12.3],[144.05,11.97],[143.3,11.65],[142.56,11.31],[142.89,12.05]]]}},{"type":"Feature","properties":{"ma":0,"type":"gpml:TopologicalClosedPlateBoundary","name":"Nazca Plate","pid":911,"deforming":false},"geometry":{"type":"Polygon","coordinates":[[[-74.78,-38.73],[-74.86,-38.96],[-75.04,-39.26],[-75.1,-39.63],[-75.15,-39.92],[-75.23,-40.38],[-75.3,-40.68],[-75.43,-41.2],[-75.53,-41.58],[-75.61,-41.99],[-75.7,-42.42],[-75.82,-43.08],[-75.87,-43.34],[-75.94,-43.71],[-76,-44.04],[-76.06,-44.34],[-76.1,-44.71],[-76.13,-45.02],[-76.15,-45.27],[-76.16,-45.35],[-76.14,-45.54],[-76.14,-45.54],[-76.67,-45.64],[-77.66,-45.76],[-77.76,-45.59],[-77.99,-45.09],[-78.21,-44.41],[-78.89,-44.54],[-79.59,-44.67],[-80.28,-44.78],[-81.11,-44.88],[-81.93,-44.96],[-82.14,-44.4],[-82.35,-43.64],[-82.51,-42.86],[-83.45,-42.98],[-83.45,-42.87],[-83.6,-42.22],[-83.72,-41.67],[-83.83,-41.12],[-84.49,-41.19],[-85.15,-41.25],[-86.24,-41.39],[-87.34,-41.52],[-87.42,-41.27],[-88.45,-41.32],[-89.25,-41.38],[-90.05,-41.43],[-90.09,-41.06],[-90.74,-41.08],[-91.39,-41.1],[-91.48,-40.73],[-91.51,-40.28],[-91.55,-39.83],[-91.6,-39.35],[-91.66,-38.87],[-92.34,-38.92],[-93.02,-38.97],[-93.07,-38.43],[-94,-38.48],[-94.09,-37.72],[-94.13,-37],[-94.91,-36.99],[-95.69,-36.96],[-96.55,-36.92],[-97.41,-36.87],[-97.4,-36.29],[-98.42,-36.19],[-99.53,-36.13],[-100.64,-36.06],[-101.29,-36],[-101.93,-35.93],[-102.56,-35.85],[-103.2,-35.78],[-104,-35.69],[-104.79,-35.61],[-105.39,-35.52],[-105.99,-35.44],[-106.67,-35.39],[-107.34,-35.34],[-108.07,-35.24],[-108.8,-35.13],[-109.26,-34.54],[-109.26,-34.55],[-109.28,-34.2],[-109.27,-33.92],[-109.2,-33.7],[-109.32,-33.39],[-109.41,-33.14],[-109.18,-33.02],[-108.97,-32.94],[-109.21,-32.66],[-109.44,-32.4],[-109.79,-32.12],[-110.21,-31.92],[-110.69,-31.71],[-111.2,-31.56],[-111.66,-31.56],[-112.02,-31.54],[-112.02,-31.54],[-111.96,-31.39],[-111.98,-31.39],[-111.95,-31.04],[-111.89,-30.67],[-111.85,-30.62],[-111.8,-30.43],[-111.77,-30.18],[-111.77,-30.01],[-111.75,-29.58],[-111.81,-29.27],[-112.37,-29.16],[-112.96,-29.01],[-113.02,-28.79],[-113.02,-28.55],[-113.01,-28.39],[-112.94,-28.38],[-112.96,-28.03],[-112.97,-27.85],[-113,-27.61],[-113.13,-27.58],[-113.13,-27.27],[-113.11,-27.01],[-112.94,-26.93],[-112.95,-26.77],[-112.98,-26.83],[-113.53,-26.81],[-113.93,-26.79],[-114.52,-26.73],[-115.11,-26.6],[-115.29,-26.47],[-115.52,-26.24],[-115.75,-25.99],[-116.03,-25.67],[-116.35,-25.41],[-116.49,-25.17],[-116.1,-24.85],[-116.22,-24.56],[-116.18,-24.46],[-115.97,-24.38],[-115.91,-24.24],[-115.48,-24.11],[-115.4,-24.02],[-115.42,-23.88],[-115.6,-23.47],[-115.25,-23.4],[-115.18,-23.24],[-114.96,-23.18],[-114.87,-23.04],[-114.57,-23.02],[-114.5,-22.54],[-114.5,-22.2],[-114.51,-22.12],[-114.42,-22.11],[-114.38,-21.63],[-114.32,-21.56],[-114.23,-21.11],[-114.09,-20.6],[-113.93,-20.57],[-113.8,-20.32],[-113.65,-19.81],[-113.5,-19.3],[-113.62,-19.29],[-113.36,-18.78],[-113.52,-18.76],[-113.38,-18.44],[-113.26,-18.01],[-113.39,-17.99],[-113.17,-17.54],[-113.33,-17.52],[-113.12,-17.06],[-113.24,-17.05],[-113.04,-16.68],[-113.17,-16.67],[-112.97,-16.36],[-113.07,-16.35],[-112.97,-15.79],[-112.87,-15.25],[-112.77,-14.7],[-112.61,-14.72],[-112.58,-14.06],[-112.44,-13.86],[-112.43,-13.39],[-111.85,-13.46],[-111.27,-13.54],[-111.19,-13.4],[-111.01,-13.41],[-110.89,-12.76],[-111.08,-12.74],[-110.93,-11.97],[-110.82,-11.75],[-110.67,-11.47],[-110.49,-11.39],[-110.45,-10.82],[-110.29,-10.8],[-110.27,-10.61],[-110.22,-10.08],[-110.07,-9.66],[-109.86,-9.68],[-109.78,-9.07],[-109.76,-8.92],[-109.04,-9.04],[-108.32,-9.14],[-108.19,-8.36],[-108.06,-8.24],[-107.9,-7.58],[-107.88,-7.51],[-107.65,-7.19],[-107.61,-6.76],[-107.44,-6.37],[-106.95,-6.44],[-106.84,-6.02],[-106.75,-6.02],[-106.74,-5.62],[-106.59,-5.62],[-106.57,-5.55],[-106.52,-5.36],[-106.48,-5.15],[-106.45,-5.04],[-106.37,-4.82],[-106.31,-4.66],[-106.27,-4.54],[-106.25,-4.49],[-105.54,-4.57],[-105.38,-4.08],[-104.7,-4.15],[-104.54,-3.84],[-103.82,-3.93],[-103.07,-4.02],[-102.73,-4.06],[-102.71,-3.97],[-102.68,-3.86],[-102.66,-3.76],[-102.6,-3.54],[-102.57,-3.43],[-102.57,-3.13],[-102.57,-2.94],[-102.7,-2.93],[-102.75,-2.93],[-102.72,-2.66],[-102.69,-2.49],[-102.68,-2.35],[-102.66,-2.19],[-102.62,-1.91],[-102.4,-1.91],[-102.38,-1.83],[-102.36,-1.76],[-102.33,-1.69],[-102.31,-1.6],[-102.39,-1.56],[-102.46,-1.53],[-102.42,-1.37],[-102.4,-1.28],[-102.52,-1.28],[-102.5,-1.11],[-102.45,-0.82],[-102.4,-0.5],[-102.35,-0.39],[-102.32,-0.02],[-102.29,0.16],[-102.25,0.37],[-102.21,0.71],[-102.24,0.71],[-102.18,1.14],[-102.18,1.14],[-102.18,1.14],[-102.08,1.21],[-101.96,1.27],[-101.83,1.33],[-101.64,1.4],[-101.58,1.32],[-101.49,1.39],[-101.42,1.34],[-101.35,1.4],[-101.31,1.35],[-101.19,1.42],[-101.15,1.39],[-101.05,1.47],[-101.07,1.51],[-100.96,1.66],[-100.97,1.68],[-100.91,1.74],[-100.97,1.83],[-101.05,1.91],[-101.15,1.98],[-101.2,2.2],[-101.19,2.2],[-101.19,2.2],[-101.07,2.21],[-100.73,2.24],[-100.6,2.15],[-100.28,2.14],[-100.27,2.24],[-99.84,2.19],[-99.81,2.29],[-99.7,2.28],[-99.54,2.26],[-99.3,2.24],[-98.86,2.21],[-98.29,2.22],[-97.53,2.11],[-97.14,2.15],[-96.57,2.07],[-96.54,2.31],[-96.02,2.32],[-95.51,2.32],[-95.49,2.6],[-95.13,2.55],[-94.37,2.46],[-93.61,2.37],[-92.97,2.27],[-92.33,2.16],[-92.15,2.04],[-91.95,2.11],[-91.54,2.07],[-91.51,1.95],[-90.75,1.82],[-90.54,0.94],[-89.64,0.86],[-88.73,0.77],[-87.83,0.69],[-87.03,0.72],[-87.03,0.89],[-86.61,0.87],[-85.97,0.84],[-85.33,0.82],[-85.24,1.72],[-84.68,1.71],[-84.63,2.51],[-84.6,2.91],[-84.38,2.89],[-84.36,3.04],[-84.34,3.22],[-83.36,3.21],[-82.82,3.12],[-82.82,3.12],[-82.81,4.01],[-82.8,4.9],[-82.78,5.79],[-82.77,6.68],[-82.76,7.57],[-82.76,7.57],[-82.47,7.39],[-82,7.16],[-81.42,6.89],[-80.95,6.88],[-80.95,6.88],[-80.43,6.9],[-79.78,6.96],[-79,7.09],[-78.78,7.15],[-78.78,7.15],[-78.6,6.88],[-78.08,6.14],[-77.87,5.18],[-78.01,4.66],[-78.01,4.66],[-78.43,4.28],[-78.46,4.06],[-78.62,3.89],[-78.83,3.58],[-79.06,3.37],[-79.33,3.04],[-79.61,2.66],[-79.86,2.32],[-80,2.11],[-80.21,1.77],[-80.43,1.43],[-80.61,1.02],[-80.76,0.7],[-80.89,0.34],[-81.07,-0.1],[-81.19,-0.39],[-81.29,-0.73],[-81.4,-1.13],[-81.42,-1.37],[-81.46,-1.58],[-81.51,-1.96],[-81.56,-2.24],[-81.58,-2.5],[-81.61,-2.78],[-81.66,-3.17],[-81.66,-3.17],[-81.75,-3.74],[-81.85,-4.31],[-81.74,-5.09],[-81.64,-5.88],[-81.54,-6.67],[-81.43,-7.46],[-81.07,-8.24],[-80.7,-9.02],[-80.34,-9.8],[-79.84,-10.53],[-79.34,-11.27],[-78.84,-12],[-78.33,-12.73],[-77.82,-13.46],[-77.31,-14.19],[-76.71,-14.78],[-76.11,-15.37],[-75.5,-15.96],[-74.86,-16.45],[-74.22,-16.94],[-73.58,-17.43],[-72.91,-17.94],[-72.33,-18.61],[-71.78,-19.14],[-71.59,-19.46],[-71.33,-19.96],[-71.18,-20.61],[-71.19,-21.47],[-71.19,-22.32],[-71.29,-23.31],[-71.39,-24.31],[-71.49,-25.3],[-71.6,-26.29],[-71.8,-27.11],[-72.01,-27.94],[-72.23,-28.76],[-72.44,-29.58],[-72.65,-30.44],[-72.87,-31.31],[-73.09,-32.17],[-73.32,-33.03],[-73.54,-33.9],[-73.78,-34.76],[-74.02,-35.62],[-74.26,-36.48],[-74.43,-37.23],[-74.61,-37.98],[-74.78,-38.73]]]}},{"type":"Feature","properties":{"ma":0,"type":"gpml:TopologicalClosedPlateBoundary","name":"NFB","pid":824,"deforming":false},"geometry":{"type":"Polygon","coordinates":[[[174.03,-22.45],[173.39,-22.81],[172.74,-23.16],[172.6,-23.24],[172.6,-23.24],[172.06,-23.17],[171.3,-23],[170.54,-22.82],[170.33,-22.7],[169.77,-22.21],[169.22,-21.73],[168.68,-20.87],[168.16,-20],[168.01,-19.76],[167.75,-19.12],[167.49,-18.48],[167.28,-17.96],[167.06,-17.43],[166.95,-17.09],[166.8,-16.83],[166.51,-16.2],[166.22,-15.56],[166.2,-15.34],[166.23,-14.67],[166.23,-14.67],[166.2,-13.97],[166.16,-13.79],[166.16,-13.79],[166.84,-13.7],[167.53,-13.6],[168.22,-13.5],[168.58,-13.52],[168.59,-13.6],[169.23,-13.65],[169.24,-13.8],[169.74,-13.82],[169.74,-13.95],[170.62,-13.95],[170.64,-14.09],[171.29,-14.06],[171.29,-13.8],[171.96,-13.69],[172.31,-13.48],[172.43,-13.44],[172.65,-13.33],[172.65,-13.33],[172.77,-13.72],[173.03,-14.38],[173.29,-15.03],[173.55,-15.69],[173.41,-15.75],[173.56,-16.14],[173.45,-16.25],[173.93,-17.05],[173.6,-17.78],[173.27,-18.51],[173.42,-18.51],[173.41,-19.38],[173.41,-20.25],[173.41,-21.12],[174.12,-21.15],[174.08,-21.8],[174.03,-22.45]]]}},{"type":"Feature","properties":{"ma":0,"type":"gpml:TopologicalClosedPlateBoundary","name":"Somalia Plate from PB03 GS","pid":709,"deforming":false},"geometry":{"type":"Polygon","coordinates":[[[42.74,11.65],[43.7,11.9],[44.57,12],[45.43,12.1],[46.3,12.2],[46.5,12.5],[47.35,12.55],[48.2,12.6],[48.8,13],[49.8,13.1],[50.2,13.4],[50.7,13.25],[51.2,13.1],[51.7,13.85],[52.2,14.6],[52.8,14.4],[53,14.6],[53.8,14.3],[54.15,14.75],[54.5,15.2],[55.3,14.75],[56.1,14.3],[56.3,14.5],[56.9,14],[57.5,13.5],[57.9,13.1],[58.3,12.7],[58.31,12.68],[58.31,12.68],[58.06,12.19],[57.8,11.7],[57.44,11.04],[57.09,10.37],[57.09,10.37],[56.92,9.97],[56.98,9.86],[57.03,9.86],[57.26,9.68],[57.49,9.94],[58.06,9.53],[58.02,9.45],[58.26,9.29],[58.15,9.09],[58.43,8.86],[58.25,8.65],[58.61,8.4],[58.92,8.17],[58.88,8.1],[59.31,7.77],[59.22,7.67],[59.7,7.31],[60.18,6.95],[60.04,6.77],[60.67,6.31],[61.14,5.91],[61.66,5.49],[61.53,5.26],[62,4.91],[62.46,4.52],[63,4.11],[62.87,3.89],[63.33,3.63],[63.39,3.7],[63.82,3.48],[63.89,3.6],[64.62,3.22],[64.68,3.3],[65.21,2.92],[65.49,3.3],[65.96,2.97],[66.38,2.75],[66.18,2.39],[65.99,2.05],[66.33,1.86],[66.67,1.62],[66.49,1.33],[66.87,1.07],[66.66,0.72],[67.16,0.34],[66.84,-0.04],[67.21,-0.34],[67.02,-0.58],[67.66,-1.04],[67.37,-1.44],[67.93,-1.91],[67.79,-2.09],[68.25,-2.54],[67.89,-2.89],[68.27,-3.35],[68.67,-3.77],[68.35,-4.12],[68.75,-4.55],[68.2,-5.04],[68.61,-5.47],[68.22,-5.89],[67.78,-6.26],[68.29,-6.82],[68.29,-6.82],[67.81,-7.25],[68.07,-7.65],[67.64,-8.03],[68.04,-8.49],[67.57,-8.88],[67.09,-9.27],[67.38,-9.63],[66.92,-9.99],[66.46,-10.35],[66.79,-10.76],[66.17,-11.21],[66.42,-11.56],[65.7,-12.02],[66.03,-12.43],[66.37,-12.83],[65.82,-13.27],[66.21,-13.78],[65.93,-13.98],[66.49,-14.7],[66.89,-15.27],[67.29,-15.82],[67.38,-15.94],[67.03,-16.14],[67.41,-16.66],[66.71,-17.09],[66.14,-17.45],[65.54,-17.78],[65.01,-18.06],[65.52,-18.83],[66.03,-19.58],[66.43,-20.08],[66.75,-19.87],[67.04,-20.22],[67.31,-20.07],[67.59,-20.37],[67.77,-20.28],[67.9,-20.47],[68.21,-20.29],[68.56,-20.71],[68.28,-20.88],[68.65,-21.45],[69.2,-22.09],[68.8,-22.39],[69.16,-22.83],[69.56,-23.37],[69.85,-23.71],[69.4,-24.04],[69.68,-24.37],[69.94,-24.68],[69.59,-24.97],[70.09,-25.48],[69.96,-25.64],[69.96,-25.65],[69.96,-25.65],[69.96,-25.65],[69.49,-25.68],[69.46,-25.78],[69.14,-25.78],[69.15,-25.99],[68.83,-26.01],[68.82,-26.14],[68.6,-26.12],[68.62,-26.26],[67.98,-26.29],[67.96,-26.58],[67.43,-26.57],[67.42,-26.87],[67.16,-26.87],[67.13,-27.27],[66.37,-27.28],[66.36,-27.51],[65.35,-27.51],[65.33,-27.81],[64.47,-27.82],[63.6,-27.83],[63.62,-28.04],[63.19,-28.02],[63.21,-28.16],[62.7,-28.15],[62.75,-28.46],[62.14,-28.49],[62.16,-28.81],[61.52,-28.78],[61.53,-28.92],[60.81,-28.93],[60.79,-29.47],[60.76,-30],[60.75,-30.01],[60.76,-30.53],[60.01,-30.56],[59.19,-30.57],[59.17,-31.05],[58.53,-31.06],[58.46,-31.69],[57.8,-31.72],[57.15,-31.77],[57.12,-32.3],[57.09,-32.84],[57.06,-33.55],[56.4,-33.63],[55.74,-33.65],[55.7,-34.23],[55.3,-34.29],[55.27,-34.56],[54.26,-34.54],[54.22,-35.3],[53.47,-35.52],[53.47,-36.14],[52.9,-36.15],[52.34,-36.16],[52.31,-36.8],[52.28,-37.43],[51.55,-37.44],[50.83,-37.45],[50.82,-37.58],[49.96,-37.6],[49.95,-37.79],[49.04,-37.79],[49.03,-38],[48.63,-38.01],[48.02,-38.48],[48.02,-38.65],[47.14,-38.76],[46.24,-38.87],[46.16,-39.49],[46.07,-40.12],[45.33,-40.11],[45.3,-40.37],[44.72,-40.37],[44.69,-40.69],[44.02,-40.67],[44.01,-40.91],[42.87,-40.85],[42.77,-41.32],[42.67,-41.79],[42.57,-42.26],[42.47,-42.73],[41.81,-42.66],[41.69,-43.12],[41.56,-43.58],[40.51,-43.44],[39.46,-43.29],[39.27,-43.73],[39.07,-44.16],[38.34,-44.05],[38.19,-44.4],[38.08,-44.62],[37.51,-44.88],[37.09,-44.8],[36.68,-44.92],[36.3,-44.97],[35.97,-44.96],[35.66,-44.87],[35.18,-44.86],[35.01,-45.11],[34.87,-45.46],[34.7,-45.97],[34.5,-46.22],[34.27,-46.21],[34.09,-46.09],[33.98,-46.08],[33.82,-45.98],[33.54,-46.35],[33.5,-46.44],[33.5,-46.44],[32.71,-46.17],[33.26,-45.27],[33.8,-44.35],[34.32,-43.44],[34.82,-42.53],[35.31,-41.61],[35.79,-40.69],[36.25,-39.77],[36.7,-38.84],[37.14,-37.92],[37.57,-36.99],[36.64,-36.38],[35.73,-35.77],[34.83,-35.15],[33.95,-34.52],[33.08,-33.88],[32.22,-33.24],[31.37,-32.6],[30.54,-31.94],[29.72,-31.29],[28.91,-30.62],[28.33,-29.84],[27.76,-29.06],[27.17,-28.61],[26.59,-28.16],[26.59,-27.46],[26.59,-26.77],[27.25,-26.48],[27.9,-26.19],[27.69,-25.3],[27.49,-24.41],[28.09,-23.78],[28.7,-23.14],[29.29,-22.5],[30.25,-22.21],[31.2,-21.93],[32.15,-21.63],[33.1,-21.33],[33.19,-20.51],[33.28,-19.68],[33.74,-19.22],[34.2,-18.76],[34.2,-18.76],[34.2,-18.94],[34.2,-18.94],[34.5,-18.93],[34.64,-18.94],[34.64,-18.94],[34.7,-18.84],[34.94,-18.41],[35.3,-18.1],[35.04,-17.62],[34.97,-17.06],[35.04,-16.43],[34.99,-16.1],[35.15,-15.62],[35.34,-15.22],[35.42,-14.82],[35.3,-14.15],[34.87,-13.82],[34.85,-13.22],[34.73,-12.34],[34.89,-11.87],[34.75,-11.08],[34.69,-10.86],[34.69,-10.86],[34.98,-10.35],[35.26,-9.84],[35.81,-9.22],[36.39,-8.63],[36.84,-7.9],[36.86,-7.89],[36.86,-7.89],[36.66,-7.5],[36.45,-7],[36.23,-6.5],[36.07,-5.97],[35.91,-5.43],[35.91,-5.43],[35.5,-5.21],[35.24,-5.23],[35.24,-5.23],[35.16,-4.93],[35,-4.49],[35.37,-4.19],[35.71,-3.92],[36.02,-3.16],[36.27,-2.49],[36.48,-2.27],[36.74,-1.94],[36.77,-1.51],[36.72,-0.99],[36.68,-0.5],[36.48,-0.08],[36.47,0.03],[36.37,0.24],[36.3,0.49],[36.32,0.76],[36.53,1.17],[36.63,1.58],[36.72,2.04],[36.76,2.27],[36.84,2.58],[36.86,2.92],[36.86,3.28],[36.82,3.57],[36.8,4.09],[36.86,4.24],[36.86,4.24],[36.81,4.64],[36.77,4.9],[36.77,5.28],[36.87,5.43],[36.92,6.06],[37.07,6.26],[37.31,6.57],[37.49,6.88],[37.69,7.24],[38.04,7.4],[38.29,7.87],[38.29,8.18],[38.61,8.39],[38.86,8.52],[39.17,8.76],[39.47,8.99],[39.74,9.35],[40.05,9.62],[40.38,9.71],[40.65,9.84],[41.03,9.85],[41.45,9.95],[41.82,9.96],[42.17,9.99],[42.5,10.04],[42.96,10.1],[43.75,9.99],[43.97,9.94],[43.97,9.94],[43.93,10.09],[43.84,10.37],[43.64,10.77],[43.27,11.16],[42.78,11.4],[42.74,11.65]]]}},{"type":"Feature","properties":{"ma":0,"type":"gpml:TopologicalClosedPlateBoundary","name":"Tonga TON_002_000","pid":821,"deforming":false},"geometry":{"type":"Polygon","coordinates":[[[-177.4,-24.1],[-177.08,-23.44],[-176.76,-22.77],[-176.69,-22.27],[-176.64,-22.23],[-176.6,-21.98],[-176.4,-21.49],[-176.21,-20.67],[-176.14,-20.26],[-176.12,-20.13],[-176.18,-20.1],[-176.13,-19.89],[-175.92,-19.4],[-176.54,-19.22],[-176.59,-18.8],[-176.34,-18.29],[-176.29,-18.1],[-176.46,-17.76],[-176.62,-17.39],[-176.92,-16.88],[-177.24,-16.54],[-177.68,-16.18],[-177.64,-16.01],[-177.24,-15.69],[-177.25,-15.48],[-177.25,-15.48],[-176.41,-15.6],[-175.56,-15.72],[-175.56,-15.72],[-175.49,-15.4],[-175.49,-14.84],[-175.42,-14.44],[-175.42,-14.44],[-174.44,-14.3],[-173.94,-14.46],[-173.44,-14.61],[-172.78,-15.01],[-172.31,-15.49],[-172.33,-16.4],[-172.35,-17.31],[-172.51,-17.91],[-172.68,-18.51],[-172.85,-19.05],[-173.03,-19.59],[-173.38,-20.52],[-173.68,-21.27],[-173.98,-22.03],[-174.43,-22.79],[-174.88,-23.55],[-175.01,-23.77],[-175.01,-23.77],[-175.71,-23.84],[-176.53,-23.97],[-177.35,-24.1],[-177.4,-24.1]]]}},{"type":"Feature","properties":{"ma":0,"type":"gpml:TopologicalClosedPlateBoundary","name":"Kamchatka","pid":406,"deforming":false},"geometry":{"type":"Polygon","coordinates":[[[156.13,48.37],[155.9,49.15],[155.78,49.81],[155.67,50.48],[155.5,51.45],[155.27,52.29],[155.04,53.13],[155.04,53.13],[155.88,52.71],[155.88,52.71],[156.01,52.39],[156.39,51.75],[156.76,51.1],[156.76,51.1],[156.84,50.99],[157.42,51.38],[158.02,51.78],[158.02,51.78],[159.11,52.41],[160.24,53.03],[160.91,53.59],[161.6,54.15],[162.31,54.71],[162.65,55.41],[163,56.12],[163.1,56.26],[163.1,56.26],[163.38,55.89],[164.07,55.19],[164.07,55.19],[165.1,54.75],[166.1,54.31],[167.08,53.85],[168.11,53.48],[169.12,53.1],[169.12,53.1],[168.31,53.12],[166.69,53.01],[165.08,52.88],[163.49,52.73],[162.48,52.62],[161.48,52.5],[161.48,52.5],[161.18,52.2],[160.75,51.74],[160.32,51.29],[159.83,50.89],[159.35,50.48],[158.35,49.87],[157.37,49.24],[156.41,48.61],[156.13,48.37]]]}},{"type":"Feature","properties":{"ma":0,"type":"gpml:TopologicalClosedPlateBoundary","name":"Celebes Sea","pid":645,"deforming":false},"geometry":{"type":"Polygon","coordinates":[[[119.3,1.21],[119.31,2.02],[118.93,2.76],[118.56,3.5],[118.98,4.32],[119.4,5.13],[119.43,5.42],[119.43,5.42],[120.14,5.98],[120.86,6.53],[121.46,7.23],[122.06,7.93],[122.57,8.16],[123.09,8.39],[123.09,8.39],[123.4,8.09],[123.58,7.89],[123.58,7.89],[123.6,7.79],[123.78,6.96],[123.96,6.13],[124.49,5.65],[125.02,5.16],[125.44,4.84],[125.86,4.52],[126.12,4.08],[126.12,4.08],[126,3.53],[125.88,2.98],[125.82,2.41],[125.76,1.84],[125.76,1.84],[125.72,1.83],[124.77,1.72],[123.83,1.61],[122.88,1.5],[121.89,1.49],[120.9,1.49],[120.26,1.42],[119.62,1.35],[119.3,1.21]]]}},{"type":"Feature","properties":{"ma":0,"type":"gpml:TopologicalClosedPlateBoundary","name":"Palawan","pid":677,"deforming":false},"geometry":{"type":"Polygon","coordinates":[[[118.74,6.82],[118.3,7.43],[117.86,8.04],[117.42,8.64],[117.42,8.64],[118.09,9.14],[118.77,9.64],[119.45,10.14],[119.82,10.23],[119.83,10.31],[120.34,10.95],[120.79,11.4],[121.25,11.86],[121.55,12.29],[121.55,12.29],[121.74,11.73],[121.9,11.25],[122.06,10.77],[122.06,10.77],[121.5,10.12],[120.95,9.46],[120.39,8.8],[119.84,8.14],[119.29,7.48],[118.74,6.82]]]}},{"type":"Feature","properties":{"ma":0,"type":"gpml:TopologicalClosedPlateBoundary","name":"South Sulu Sea","pid":646,"deforming":false},"geometry":{"type":"Polygon","coordinates":[[[123.09,8.39],[122.57,8.16],[122.06,7.93],[121.46,7.23],[120.86,6.53],[120.21,6.03],[119.57,5.53],[119.57,5.53],[119.26,6.03],[118.96,6.52],[118.74,6.82],[118.74,6.82],[119.29,7.48],[119.84,8.14],[120.39,8.8],[120.95,9.46],[121.5,10.12],[122.06,10.77],[122.06,10.77],[122.1,10.65],[122.17,9.71],[122.64,8.83],[123.09,8.39]]]}},{"type":"Feature","properties":{"ma":0,"type":"gpml:TopologicalClosedPlateBoundary","name":"South Banda Sea","pid":676,"deforming":false},"geometry":{"type":"Polygon","coordinates":[[[129.03,-7.77],[129,-7.76],[128.38,-7.42],[127.76,-7.08],[127.13,-6.74],[127.13,-6.74],[127.83,-6.39],[128.53,-6.03],[129.22,-5.68],[129.12,-5.52],[129.91,-5.1],[130.7,-4.69],[131.49,-4.27],[132.28,-3.85],[132.28,-3.85],[132.33,-3.9],[132.35,-3.91],[132.35,-3.91],[132.45,-4.04],[132.45,-4.04],[132.38,-4.82],[132.3,-5.6],[131.92,-6.03],[131.54,-6.46],[131.01,-6.91],[130.48,-7.36],[129.75,-7.57],[129.03,-7.77]]]}},{"type":"Feature","properties":{"ma":0,"type":"gpml:TopologicalClosedPlateBoundary","name":"North Banda Sea","pid":664,"deforming":false},"geometry":{"type":"Polygon","coordinates":[[[127.13,-6.74],[126.42,-6.35],[125.91,-6.07],[125.4,-5.79],[124.78,-5.32],[124.17,-4.86],[123.55,-4.39],[122.8,-3.86],[122.05,-3.34],[122.05,-3.34],[122.72,-3.35],[123.4,-3.35],[124.08,-3.36],[124.95,-3.14],[125.82,-2.92],[126.69,-2.7],[127.4,-2.63],[128.1,-2.56],[128.81,-2.49],[129.65,-2.59],[130.49,-2.68],[131.27,-2.94],[131.27,-2.94],[131.77,-3.4],[131.77,-3.4],[132.28,-3.85],[132.28,-3.85],[131.49,-4.27],[130.7,-4.69],[129.91,-5.1],[129.12,-5.52],[129.22,-5.68],[128.53,-6.03],[127.83,-6.39],[127.13,-6.74]]]}},{"type":"Feature","properties":{"ma":0,"type":"gpml:TopologicalClosedPlateBoundary","name":"West Burma","pid":607,"deforming":false},"geometry":{"type":"Polygon","coordinates":[[[92.47,6.34],[92.06,7.1],[91.99,7.94],[91.91,8.79],[91.84,9.63],[91.76,10.47],[91.75,11.25],[91.73,12.03],[91.71,12.81],[91.71,12.81],[92.17,13.43],[92.64,14.05],[93.1,14.66],[93.34,15.55],[93.58,16.44],[93.83,17.32],[93.94,18.14],[94.06,18.97],[94.18,19.79],[94.05,20.67],[93.92,21.55],[93.78,22.43],[93.97,23.19],[94.17,23.94],[94.37,24.69],[94.9,25.34],[95.45,25.99],[96,26.64],[96.29,27.12],[96.59,27.61],[96.59,27.61],[96.75,26.81],[96.91,26.02],[96.7,25.12],[96.49,24.21],[96.29,23.3],[96.09,22.4],[96.12,21.6],[96.16,20.8],[96.19,20],[96.41,19.02],[96.63,18.04],[96.84,17.06],[96.99,16.12],[97.13,15.18],[97.13,15.18],[96.58,15.18],[96.04,15.18],[96.03,14.47],[96.03,13.77],[95.83,13.77],[95.84,13.22],[95.68,13.23],[95.68,12.75],[95.2,12.71],[95.23,12.02],[95.3,11.02],[94.73,10.92],[94.07,10.8],[94.1,10.45],[93.77,10.38],[93.83,9.95],[93.95,9.51],[94.07,9.12],[93.81,9.05],[93.87,8.74],[93.98,8.42],[94.18,7.9],[94.44,7.45],[93.68,6.97],[93.07,6.66],[92.47,6.34]]]}},{"type":"Feature","properties":{"ma":0,"type":"gpml:TopologicalClosedPlateBoundary","name":"Sumatra Forearc","pid":686,"deforming":false},"geometry":{"type":"Polygon","coordinates":[[[102.77,-7.49],[102.1,-6.94],[101.67,-6.35],[101.12,-5.73],[100.58,-5.11],[100.04,-4.49],[99.54,-3.82],[99.04,-3.14],[98.55,-2.47],[98.05,-1.79],[97.47,-0.98],[96.9,-0.17],[96.32,0.65],[95.75,1.46],[95.17,2.23],[94.59,2.99],[94.01,3.76],[93.43,4.53],[93.11,5.13],[92.79,5.74],[92.47,6.34],[92.47,6.34],[93.07,6.66],[93.68,6.97],[94.44,7.45],[94.18,7.9],[93.98,8.42],[93.87,8.74],[93.81,9.05],[94.07,9.12],[93.95,9.51],[93.83,9.95],[93.77,10.38],[94.1,10.45],[94.07,10.8],[94.73,10.92],[95.3,11.02],[95.23,12.02],[95.2,12.71],[95.68,12.75],[95.68,13.23],[95.84,13.22],[95.83,13.77],[96.03,13.77],[96.03,14.47],[96.04,15.18],[96.58,15.18],[97.13,15.18],[97.13,15.18],[97.25,14.39],[97.37,13.61],[97.37,13.61],[97.16,13.24],[96.91,12.38],[96.66,11.53],[96.64,10.77],[96.63,10.02],[96.61,9.27],[96.69,8.43],[96.77,7.59],[96.85,6.76],[97.12,5.8],[97.39,4.84],[97.74,4.55],[97.74,4.55],[97.94,4.07],[98.14,3.59],[98.43,2.89],[98.73,2.19],[99.23,1.39],[99.73,0.59],[100.23,-0.21],[100.74,-1.01],[101.24,-1.81],[101.85,-2.6],[102.46,-3.38],[102.78,-4.02],[103.1,-4.65],[103.09,-5.26],[103.09,-5.86],[102.96,-6.42],[102.83,-6.98],[102.77,-7.49]]]}},{"type":"Feature","properties":{"ma":0,"type":"gpml:TopologicalClosedPlateBoundary","name":"Philippine Sea Plate","pid":608,"deforming":false},"geometry":{"type":"Polygon","coordinates":[[[136.22,32.78],[136.55,31.95],[136.65,31.94],[136.84,31.37],[137.03,30.81],[137.31,30.04],[137.58,29.28],[137.85,28.51],[138.17,27.71],[138.47,26.92],[138.74,26.23],[139,25.54],[139.26,24.85],[139.26,24.85],[140.23,25.07],[141.11,25.23],[141.11,25.23],[141.53,24.55],[141.94,23.87],[142.35,23.19],[142.76,22.51],[143.21,21.67],[143.66,20.83],[144.11,19.99],[144.26,19.76],[144.37,19.8],[144.8,18.96],[144.99,19.05],[145.17,18.53],[145.36,17.92],[145.2,17.85],[145.29,17.34],[145.39,16.83],[145.21,16.69],[144.91,15.97],[144.61,15.26],[144.31,14.55],[143.94,13.96],[143.58,13.38],[143.22,12.79],[142.89,12.05],[142.56,11.31],[142.56,11.31],[142.3,11.2],[141.52,11.02],[140.73,10.85],[139.84,10.83],[138.95,10.81],[138.72,10.11],[138.5,9.41],[138.18,8.84],[137.86,8.26],[137.35,7.65],[136.67,7.26],[135.69,7.11],[134.71,6.97],[134.64,6.98],[134.64,6.98],[134.25,6.55],[133.88,6.18],[133.51,5.8],[133.3,5.19],[133.1,4.59],[132.81,3.71],[132.8,2.78],[132.79,1.84],[132.73,1.22],[132.67,0.6],[132.71,0.09],[132.71,0.09],[132.1,0.26],[131.49,0.43],[131.49,0.43],[131.49,0.42],[131.46,0.35],[131.46,0.35],[130.93,0.55],[130.07,0.86],[129.42,1.53],[128.94,2.32],[128.94,2.32],[128.88,3.12],[128.57,3.71],[128.26,4.3],[127.95,4.9],[127.83,5.68],[127.71,6.46],[127.58,7.24],[127.46,8.02],[127.24,8.83],[127.01,9.64],[126.78,10.44],[126.56,11.25],[126.33,12.06],[125.8,12.9],[125.28,13.75],[124.75,14.59],[124.22,15.43],[123.76,15.9],[123.31,16.37],[123.01,17.08],[123.01,17.08],[123.12,17.41],[122.96,18.24],[122.79,19.08],[122.63,19.92],[122.46,20.76],[122.29,21.6],[122.18,22.34],[122.06,23.09],[122.07,23.25],[122.07,23.25],[122.82,23.23],[123.57,23.2],[124.12,23.29],[124.12,23.29],[124.26,23.29],[125.05,23.47],[125.85,23.65],[126.44,23.98],[127.03,24.3],[127.48,24.65],[127.94,24.99],[128.45,25.41],[128.97,25.83],[129.37,26.23],[129.78,26.63],[130.24,27.29],[130.71,27.95],[131.19,28.82],[131.68,29.69],[132.18,30.56],[132.58,30.94],[132.98,31.32],[133.45,31.7],[134.11,32.02],[134.95,32.48],[135.58,32.63],[136.22,32.78]]]}},{"type":"Feature","properties":{"ma":0,"type":"gpml:TopologicalClosedPlateBoundary","name":"NewBritain","pid":847,"deforming":false},"geometry":{"type":"Polygon","coordinates":[[[152.12,-3.65],[152.03,-3.63],[151.68,-3.77],[151.56,-3.67],[151.42,-3.75],[151.32,-3.66],[151.09,-3.8],[150.98,-3.7],[150.71,-3.81],[150.25,-3.9],[150.19,-3.82],[149.95,-3.73],[149.82,-3.62],[149.77,-3.59],[149.72,-3.58],[149.6,-3.57],[149.45,-3.54],[149.29,-3.52],[149.09,-3.47],[148.88,-3.39],[148.68,-3.31],[148.5,-3.22],[148.33,-3.14],[148.12,-3.03],[147.98,-2.92],[147.82,-2.81],[147.6,-2.88],[147.54,-2.88],[147.48,-2.91],[147.41,-2.96],[147.32,-3.05],[147.24,-3.15],[147.16,-3.26],[147.08,-3.39],[147,-3.51],[146.92,-3.64],[146.84,-3.75],[146.41,-3.44],[146.11,-3.47],[145.4,-3.49],[144.81,-3.55],[144.37,-3.53],[144.02,-3.56],[144.02,-3.56],[143.87,-3.35],[143.87,-3.35],[143.27,-3.17],[142.53,-2.83],[141.8,-2.48],[141.06,-2.13],[140.32,-1.79],[140.02,-1.7],[140.02,-1.7],[140.08,-1.65],[140.82,-1.34],[141.7,-1.45],[142.29,-1.23],[142.88,-1.01],[143.8,-0.72],[144.43,-0.8],[145.17,-0.6],[145.91,-0.4],[146.69,-0.35],[147.48,-0.31],[148.25,-0.45],[149.02,-0.59],[149.02,-0.59],[149.48,-0.82],[149.77,-1],[150.02,-1.02],[150.34,-1.12],[150.72,-1.22],[151.09,-1.31],[151.43,-1.46],[151.82,-1.65],[152.16,-1.86],[152.58,-2.13],[152.92,-2.15],[153.12,-2.2],[153.39,-2.44],[153.54,-2.6],[153.71,-2.69],[153.88,-3.04],[154.03,-3.33],[154.26,-3.61],[154.36,-3.95],[154.7,-4.28],[154.96,-4.55],[154.99,-4.89],[154.98,-5.24],[154.59,-5.58],[154.54,-5.9],[154.53,-6.42],[154.72,-6.84],[154.72,-6.84],[153.93,-6.25],[153.48,-5.52],[153.03,-4.79],[152.58,-4.05],[152.12,-3.65]]]}},{"type":"Feature","properties":{"ma":0,"type":"gpml:TopologicalClosedPlateBoundary","name":"Caroline Plate","pid":653,"deforming":false},"geometry":{"type":"Polygon","coordinates":[[[134.64,6.98],[134.71,6.97],[135.69,7.11],[136.67,7.26],[137.35,7.65],[137.86,8.26],[138.15,8.8],[138.45,9.33],[138.45,9.33],[139.14,9.08],[139.87,8.87],[140.6,8.67],[141.35,8.2],[142.11,7.73],[142.86,7.26],[143.66,6.77],[144.19,6.66],[144.72,6.55],[145.55,6.3],[146.38,6.06],[147.21,5.82],[148.04,5.57],[148.04,5.57],[148.25,4.8],[148.46,4.04],[148.68,3.27],[148.7,2.34],[148.73,1.41],[148.94,0.92],[149.14,0.43],[149.23,-0.15],[149.32,-0.74],[149.32,-0.74],[149.02,-0.59],[149.02,-0.59],[148.25,-0.45],[147.48,-0.31],[146.69,-0.35],[145.91,-0.4],[145.17,-0.6],[144.43,-0.8],[143.8,-0.72],[142.88,-1.01],[142.29,-1.23],[141.7,-1.45],[140.82,-1.34],[140.08,-1.65],[140.02,-1.7],[140.02,-1.7],[139.12,-1.42],[138.22,-1.14],[137.33,-0.85],[136.51,-0.7],[135.7,-0.54],[134.89,-0.38],[134.07,-0.23],[133.26,-0.07],[132.71,0.09],[132.71,0.09],[132.67,0.6],[132.73,1.22],[132.79,1.84],[132.8,2.78],[132.81,3.71],[133.1,4.59],[133.3,5.19],[133.51,5.8],[133.88,6.18],[134.25,6.55],[134.64,6.98]]]}},{"type":"Feature","properties":{"ma":0,"type":"gpml:TopologicalClosedPlateBoundary","name":"Australia","pid":801,"deforming":false},"geometry":{"type":"MultiPolygon","coordinates":[[[[180,-37.25],[179.93,-36.87],[179.83,-36.56],[179.89,-36.03],[179.37,-35.88],[178.75,-35.69],[178.1,-35.5],[178.1,-35.5],[177.03,-35.68],[176.37,-35.81],[176.12,-35.78],[176.12,-35.78],[175.85,-35.45],[175.57,-34.99],[174.99,-34.48],[174.27,-34.16],[173.47,-33.89],[172.35,-33.58],[171.59,-33.49],[171.59,-33.49],[171.57,-33.51],[171.54,-33.83],[171.51,-34.06],[171.67,-34.43],[171.89,-34.91],[172.15,-35.49],[172.35,-35.9],[172.54,-36.32],[172.81,-36.88],[173.4,-37.43],[172.78,-38.06],[171.99,-38.61],[171.55,-39.01],[171.11,-39.41],[171.02,-39.96],[170.93,-40.52],[170.22,-41.32],[169.53,-41.68],[168.72,-42.33],[168.19,-42.75],[167.65,-43.18],[167.2,-44.12],[167.2,-44.12],[167.56,-44.33],[167.89,-44.57],[167.89,-44.57],[167.14,-44.95],[166.31,-45.38],[165.46,-45.8],[165.15,-46.56],[165.15,-46.56],[165.17,-46.8],[165.17,-46.8],[165.16,-46.8],[164.66,-47.62],[164.58,-47.85],[164.48,-48.07],[164.39,-48.26],[164.27,-48.5],[164.13,-48.78],[164,-48.97],[163.83,-49.18],[163.65,-49.31],[163.54,-49.4],[163.46,-49.49],[163.34,-49.59],[163.22,-49.73],[163.06,-49.9],[162.92,-50.1],[162.75,-50.31],[162.51,-50.7],[162.36,-50.97],[162.15,-51.32],[161.94,-51.64],[161.72,-51.8],[161.37,-52.1],[161.14,-52.31],[160.88,-52.54],[160.5,-52.83],[160.21,-53.14],[159.78,-53.65],[159.68,-53.88],[159.6,-54.21],[159.56,-54.52],[159.47,-54.81],[159.37,-55.07],[159.31,-55.25],[159.21,-55.43],[158.97,-55.67],[158.75,-55.74],[158.53,-55.84],[158.48,-55.86],[158.31,-55.95],[158.19,-55.98],[158.04,-55.99],[157.92,-56.01],[157.88,-56.07],[157.88,-56.14],[157.87,-56.25],[157.87,-56.43],[157.8,-56.64],[157.73,-56.89],[157.58,-57.1],[157.46,-57.21],[157.44,-57.26],[157.49,-57.45],[157.48,-57.71],[157.56,-58.05],[157.69,-58.37],[158.07,-58.81],[158.48,-59.16],[159.11,-59.52],[159.73,-59.74],[160,-60.08],[160.18,-60.26],[160.51,-60.89],[160.85,-61.52],[160.74,-62.16],[160.75,-62.5],[160.75,-62.5],[160,-61.85],[160,-61.85],[158.26,-62.39],[156.46,-62.91],[155.7,-62.17],[154.98,-61.43],[154.29,-60.68],[153.64,-59.93],[152.47,-60.18],[151.29,-60.41],[150.73,-59.48],[150.01,-59.57],[149.59,-58.86],[149.19,-58.15],[148.81,-57.44],[148.08,-57.53],[147.9,-57.57],[147.55,-56.61],[147.21,-55.65],[146.89,-54.7],[145.4,-54.76],[144.28,-54.8],[143.78,-54.23],[142.25,-54.21],[140.66,-53.89],[140.6,-53.59],[140.58,-53.5],[140.48,-52.75],[140.46,-52.66],[140.32,-51.8],[139.81,-51.84],[139.74,-51.21],[139.64,-50.28],[139.33,-50.27],[139.09,-50.26],[138.4,-50.23],[137.91,-50.23],[137.7,-50.23],[136.95,-50.22],[136.23,-50.25],[135.25,-50.21],[135.03,-50.38],[134.01,-50.34],[133.45,-50.3],[132.26,-50.22],[131.52,-50.22],[131.26,-50.6],[131.11,-50.59],[130.57,-50.52],[129.4,-50.34],[128.32,-50.16],[127.14,-49.98],[127.23,-49.37],[127.31,-48.76],[126.43,-48.63],[126.26,-49.04],[126.23,-49.12],[126.1,-49.36],[125.9,-49.72],[125.26,-49.6],[125.12,-49.36],[124.99,-49.15],[124.61,-48.98],[124.21,-48.85],[124.01,-48.91],[123.77,-49.12],[123.33,-49.58],[123.01,-49.54],[122.8,-49.73],[122.55,-49.81],[122.22,-49.85],[121.87,-49.74],[121.44,-49.62],[121.56,-49.01],[120.84,-48.89],[120.52,-49.52],[120.27,-50.04],[119.37,-49.94],[118.55,-49.8],[118.19,-49.86],[117.52,-49.62],[116.63,-49.27],[116.26,-49.54],[115.99,-49.85],[115.5,-49.97],[114.36,-49.88],[114.02,-50.39],[112.97,-50.2],[111.67,-50.08],[111.36,-49.93],[111.13,-49.8],[110.87,-49.83],[110.47,-49.78],[109.35,-49.52],[108.24,-49.26],[108.28,-49.18],[107.49,-49.01],[106.69,-48.84],[106.55,-49.1],[105.9,-48.93],[105.25,-48.76],[104.6,-48.59],[103.96,-48.41],[103.32,-48.23],[102.69,-48.04],[102.06,-47.85],[101.44,-47.66],[100.82,-47.47],[100.2,-47.27],[99.62,-47.98],[98.98,-47.74],[98.34,-47.51],[97.71,-47.26],[97.08,-47.02],[96.46,-46.77],[95.84,-46.52],[96.27,-46],[96.7,-45.47],[95.81,-45.14],[94.93,-44.81],[95.04,-44.62],[94.47,-44.39],[93.9,-44.16],[93.34,-43.92],[92.79,-43.68],[92.23,-43.44],[91.69,-43.2],[91.14,-42.95],[90.6,-42.7],[90.07,-42.45],[89.54,-42.2],[89.01,-41.94],[88.49,-41.69],[88.06,-42],[87.5,-41.71],[86.95,-41.42],[86.4,-41.13],[85.86,-40.83],[85.47,-41.18],[85.07,-41.52],[84.67,-41.87],[84.26,-42.21],[83.85,-42.55],[83.44,-42.89],[82.59,-42.31],[81.75,-41.72],[80.93,-41.13],[80.46,-41.51],[79.99,-41.89],[79.32,-41.38],[78.66,-40.87],[78.48,-40.87],[77.82,-40.33],[78.43,-39.9],[78,-39.54],[78.38,-39.26],[78.07,-39],[78.53,-38.66],[78.18,-38.39],[78.71,-38],[78.02,-37.48],[78.61,-37],[79.18,-36.51],[79.16,-36.49],[80.04,-35.86],[80.91,-35.22],[81.5,-34.6],[82.08,-33.97],[82.65,-33.34],[83.04,-32.78],[83.43,-32.22],[84.12,-31.49],[84.79,-30.76],[85.45,-30.03],[85.94,-29.38],[86.41,-28.73],[86.94,-27.89],[87.47,-27.05],[87.98,-26.21],[88.58,-25.55],[89.17,-24.89],[89.75,-24.23],[90.33,-23.56],[90.9,-22.89],[91.45,-22.3],[91.99,-21.7],[92.53,-21.1],[93.04,-20.4],[93.55,-19.71],[94.06,-19.01],[94.56,-18.32],[95.06,-17.62],[95.59,-16.94],[96.11,-16.27],[96.63,-15.59],[97.08,-14.81],[97.53,-14.02],[97.98,-13.24],[98.51,-12.48],[99.04,-11.72],[99.65,-11.25],[100.26,-10.78],[101.02,-10.32],[101.78,-9.84],[102.5,-9.39],[103.23,-8.94],[103.47,-8.75],[103.47,-8.75],[103.48,-8.76],[103.92,-8.83],[104.87,-9.02],[105.85,-9.1],[106.83,-9.18],[107.36,-9.24],[108.04,-9.33],[108.96,-9.44],[109.59,-9.46],[109.92,-9.47],[110.19,-9.48],[110.43,-9.48],[110.75,-9.49],[111.15,-9.5],[111.66,-9.52],[111.97,-9.51],[112.41,-9.49],[112.82,-9.48],[112.96,-9.48],[113.46,-9.46],[113.46,-9.46],[114.17,-9.53],[114.89,-9.6],[115.86,-9.53],[116.83,-9.46],[117.8,-9.39],[118.77,-9.32],[119.67,-9.31],[120.57,-9.3],[121.46,-9.29],[122.36,-9.28],[123.13,-9.1],[123.89,-8.91],[124.65,-8.72],[125.42,-8.53],[126.29,-8.35],[127.17,-8.17],[128.04,-7.99],[128.91,-7.81],[129.7,-7.58],[130.48,-7.36],[131.01,-6.91],[131.54,-6.46],[131.92,-6.03],[132.3,-5.6],[132.38,-4.82],[132.45,-4.04],[132.45,-4.04],[132.35,-3.91],[132.35,-3.91],[132.95,-4.15],[133.54,-4.38],[134.08,-4.6],[134.61,-4.81],[134.61,-4.81],[135.08,-4.85],[135.75,-4.83],[136.42,-4.81],[137.13,-4.81],[137.83,-4.81],[138.54,-4.81],[139.23,-5.02],[139.93,-5.23],[140.63,-5.44],[141.48,-5.87],[142.33,-6.29],[143.19,-6.77],[144.04,-7.25],[144.82,-7.5],[145.59,-7.74],[146.37,-7.99],[147.02,-8.64],[147.66,-9.3],[148.18,-9.71],[148.7,-10.12],[148.7,-10.12],[148.76,-10.1],[149.09,-10.22],[149.44,-10.35],[149.73,-10.45],[150.37,-10.67],[150.94,-10.83],[151.52,-10.99],[152.09,-10.83],[152.66,-10.67],[152.29,-10.21],[151.76,-10.1],[151.83,-9.9],[151.83,-9.9],[151.92,-9.94],[151.99,-9.96],[152.25,-9.96],[152.24,-10.05],[152.69,-10.07],[152.88,-10.11],[152.89,-10.39],[153.28,-10.39],[153.49,-10.36],[154.19,-10.31],[154.22,-9.91],[154.84,-9.72],[154.85,-9.83],[155.07,-9.8],[155.2,-9.72],[155.16,-9.62],[155.47,-9.48],[155.49,-9.55],[155.61,-9.5],[155.65,-9.56],[155.84,-9.49],[155.9,-9.56],[156.09,-9.52],[156.08,-9.26],[156.28,-9.22],[156.44,-9.16],[156.3,-8.18],[156.3,-8.18],[156.7,-8.56],[157.33,-8.85],[157.81,-9.1],[158.49,-9.49],[158.76,-9.55],[159.02,-9.66],[159.13,-9.73],[159.22,-9.84],[159.48,-10.01],[160.05,-10.37],[160.51,-10.64],[160.79,-10.85],[161.15,-11.15],[161.36,-11.23],[162,-11.41],[162.24,-11.44],[162.78,-11.35],[163.32,-11.27],[163.76,-11.2],[164.33,-11.12],[164.45,-11.09],[164.57,-11.11],[164.8,-11.17],[164.93,-11.21],[165.26,-11.41],[165.55,-11.74],[165.55,-11.74],[165.87,-12.62],[166.04,-13.3],[166.2,-13.97],[166.24,-14.87],[166.24,-14.87],[166.2,-15.34],[166.22,-15.56],[166.51,-16.2],[166.8,-16.83],[166.95,-17.09],[167.06,-17.43],[167.28,-17.96],[167.49,-18.48],[167.75,-19.12],[168.01,-19.76],[168.16,-20],[168.68,-20.87],[169.22,-21.73],[169.77,-22.21],[170.33,-22.7],[170.54,-22.82],[171.3,-23],[172.06,-23.17],[172.6,-23.24],[172.6,-23.24],[172.74,-23.16],[173.61,-22.68],[174.47,-22.2],[175.33,-21.72],[176.18,-21.23],[176.86,-20.55],[177.53,-19.88],[178.2,-19.19],[178.86,-18.51],[179.52,-17.82],[180,-17.5],[180,-18.48],[180,-19.45],[180,-20.43],[180,-21.41],[180,-22.39],[180,-23.37],[180,-24.35],[180,-25.33],[180,-26.3],[180,-27.28],[180,-28.26],[180,-29.24],[180,-30.22],[180,-31.2],[180,-32.18],[180,-33.16],[180,-34.13],[180,-35.11],[180,-36.09],[180,-37.07],[179.91,-37.19],[179.68,-37.82],[179.43,-38.45],[179.43,-38.45],[179.44,-38.45],[179.48,-38.4],[179.59,-38.23],[179.67,-38.12],[179.95,-37.69],[180,-37.3],[180,-37.25]]],[[[-180,-36.09],[-180,-35.11],[-180,-34.13],[-180,-33.16],[-180,-32.18],[-180,-31.2],[-180,-30.22],[-180,-29.24],[-180,-28.26],[-180,-27.28],[-180,-26.3],[-180,-25.33],[-180,-24.35],[-180,-23.37],[-180,-22.39],[-180,-21.41],[-180,-20.43],[-180,-19.45],[-180,-18.48],[-180,-17.5],[-179.39,-17.09],[-178.79,-16.67],[-178.79,-16.67],[-179.03,-15.81],[-179.28,-14.94],[-179.28,-14.94],[-178.57,-14.79],[-177.59,-14.68],[-176.75,-14.66],[-175.91,-14.51],[-175.42,-14.44],[-175.42,-14.44],[-175.49,-14.84],[-175.49,-15.4],[-175.56,-15.72],[-175.56,-15.72],[-176.41,-15.6],[-177.25,-15.48],[-177.25,-15.48],[-177.24,-15.69],[-177.64,-16.01],[-177.68,-16.18],[-177.24,-16.54],[-176.92,-16.88],[-176.62,-17.39],[-176.46,-17.76],[-176.29,-18.1],[-176.34,-18.29],[-176.59,-18.8],[-176.54,-19.22],[-175.92,-19.4],[-176.13,-19.89],[-176.18,-20.1],[-176.12,-20.13],[-176.14,-20.26],[-176.21,-20.67],[-176.4,-21.49],[-176.6,-21.98],[-176.64,-22.23],[-176.69,-22.27],[-176.76,-22.77],[-177.08,-23.44],[-177.4,-24.1],[-177.4,-24.1],[-177.35,-24.1],[-176.53,-23.97],[-175.71,-23.84],[-175.01,-23.77],[-175.01,-23.77],[-175.04,-23.82],[-175.19,-24.68],[-175.34,-25.55],[-175.38,-26.23],[-175.42,-26.92],[-175.76,-27.81],[-176,-28.77],[-176.24,-29.74],[-176.59,-30.44],[-176.94,-31.13],[-177.3,-31.82],[-177.46,-32.12],[-177.46,-32.12],[-177.63,-32.6],[-177.81,-33.11],[-178,-33.61],[-178.19,-33.84],[-178.41,-34.41],[-178.63,-34.99],[-179.08,-35.68],[-179.53,-36.38],[-180,-37.07],[-180,-36.09]]],[[[-180,-37.25],[-180,-37.27],[-180,-37.3],[-180,-37.25]]]]}},{"type":"Feature","properties":{"ma":0,"type":"gpml:TopologicalClosedPlateBoundary","name":"Southeast Sulawesi","pid":566,"deforming":false},"geometry":{"type":"Polygon","coordinates":[[[121.29,-3.33],[122.05,-3.34],[122.05,-3.34],[122.8,-3.86],[123.55,-4.39],[124.17,-4.86],[124.78,-5.32],[125.4,-5.79],[125.91,-6.07],[126.42,-6.35],[127.28,-6.82],[128.14,-7.29],[129,-7.76],[129.03,-7.77],[129.03,-7.77],[128.91,-7.81],[128.04,-7.99],[127.17,-8.17],[126.29,-8.35],[125.42,-8.53],[124.65,-8.72],[123.89,-8.91],[123.13,-9.1],[122.36,-9.28],[121.84,-9.29],[121.31,-9.3],[121.31,-9.3],[121.29,-8.79],[121.27,-8.28],[121.14,-7.68],[121.01,-7.07],[120.85,-6.15],[120.69,-5.22],[120.61,-4.27],[120.54,-3.32],[121.29,-3.33]]]}},{"type":"Feature","properties":{"ma":0,"type":"gpml:TopologicalClosedPlateBoundary","name":"Galapagos Microplate","pid":925,"deforming":false},"geometry":{"type":"Polygon","coordinates":[[[-102.17,2.99],[-101.9,3],[-101.5,2.61],[-101.2,2.24],[-101.2,2.2],[-101.19,2.2],[-101.19,2.2],[-101.2,2.2],[-101.15,1.98],[-101.05,1.91],[-100.97,1.83],[-100.91,1.74],[-100.97,1.68],[-100.96,1.66],[-101.07,1.51],[-101.05,1.47],[-101.15,1.39],[-101.19,1.42],[-101.31,1.35],[-101.35,1.4],[-101.42,1.34],[-101.49,1.39],[-101.58,1.32],[-101.64,1.4],[-101.83,1.33],[-101.96,1.27],[-102.08,1.21],[-102.18,1.14],[-102.18,1.14],[-102.18,1.14],[-102.22,1.21],[-102.2,1.22],[-102.24,1.35],[-102.22,1.36],[-102.26,1.53],[-102.23,1.54],[-102.26,1.75],[-102.13,1.78],[-102.1,1.9],[-102.09,1.9],[-102.08,1.97],[-102.08,2.02],[-102.07,2.14],[-102.08,2.16],[-102.08,2.31],[-102.09,2.33],[-102.09,2.39],[-102.08,2.41],[-102.08,2.49],[-102.08,2.5],[-102.08,2.57],[-102.08,2.63],[-102.11,2.78],[-102.1,2.8],[-102.12,2.89],[-102.14,2.89],[-102.17,2.99]]]}},{"type":"Feature","properties":{"ma":0,"type":"gpml:TopologicalClosedPlateBoundary","name":"Juan Fernandez Microplate","pid":923,"deforming":false},"geometry":{"type":"Polygon","coordinates":[[[-112.02,-31.54],[-111.66,-31.56],[-111.2,-31.56],[-110.69,-31.71],[-110.21,-31.92],[-109.79,-32.12],[-109.44,-32.4],[-109.21,-32.66],[-108.97,-32.94],[-109.18,-33.02],[-109.41,-33.14],[-109.32,-33.39],[-109.2,-33.7],[-109.27,-33.92],[-109.28,-34.2],[-109.26,-34.55],[-109.26,-34.54],[-109.69,-34.61],[-109.92,-34.7],[-110.14,-34.82],[-110.33,-34.95],[-110.53,-35.06],[-110.79,-35.09],[-110.79,-35.09],[-110.83,-35.09],[-111.13,-34.99],[-111.37,-34.92],[-111.4,-34.91],[-111.76,-34.81],[-112.19,-34.67],[-112.42,-34.56],[-112.56,-34.3],[-112.63,-34],[-112.6,-33.66],[-112.5,-33.65],[-112.46,-33.4],[-112.44,-33.12],[-112.42,-32.79],[-112.42,-32.49],[-112.36,-32.33],[-112.15,-32.34],[-112.06,-32.11],[-112.06,-31.95],[-112.04,-31.77],[-112.05,-31.69],[-112.04,-31.6],[-112.02,-31.54]]]}},{"type":"Feature","properties":{"ma":0,"type":"gpml:TopologicalClosedPlateBoundary","name":"NewBritain","pid":697,"deforming":false},"geometry":{"type":"Polygon","coordinates":[[[148.35,-7.23],[147.46,-6.94],[147.46,-6.94],[148.09,-6.77],[148.09,-6.77],[147.96,-6.26],[147.54,-5.97],[147.07,-5.51],[146.61,-5.06],[146.09,-4.84],[145.32,-4.36],[144.55,-3.88],[144.05,-3.56],[144.05,-3.56],[144.37,-3.53],[144.81,-3.55],[145.4,-3.49],[146.11,-3.47],[146.41,-3.44],[146.84,-3.75],[146.92,-3.64],[147,-3.51],[147.08,-3.39],[147.16,-3.26],[147.24,-3.15],[147.32,-3.05],[147.41,-2.96],[147.48,-2.91],[147.54,-2.88],[147.6,-2.88],[147.82,-2.81],[147.98,-2.92],[148.12,-3.03],[148.33,-3.14],[148.5,-3.22],[148.68,-3.31],[148.88,-3.39],[149.09,-3.47],[149.29,-3.52],[149.45,-3.54],[149.6,-3.57],[149.72,-3.58],[149.77,-3.59],[149.82,-3.62],[149.95,-3.73],[150.19,-3.82],[150.25,-3.9],[150.71,-3.81],[150.98,-3.7],[151.09,-3.8],[151.32,-3.66],[151.42,-3.75],[151.56,-3.67],[151.68,-3.77],[152.03,-3.63],[152.12,-3.65],[152.12,-3.65],[152.58,-4.05],[152.94,-4.64],[153.3,-5.23],[153.66,-5.82],[153.66,-5.82],[153.19,-5.77],[152.57,-5.65],[151.91,-5.92],[151.57,-6.17],[151.05,-6.51],[150.31,-6.83],[149.39,-7.03],[149.29,-7.1],[148.35,-7.23]]]}},{"type":"Feature","properties":{"ma":0,"type":"gpml:TopologicalClosedPlateBoundary","name":"Solomon SOL_006_005","pid":849,"deforming":false},"geometry":{"type":"Polygon","coordinates":[[[153,-8.64],[152.41,-8.39],[151.69,-8.31],[150.75,-8.07],[150.75,-8.07],[150.74,-8.05],[150.2,-7.9],[149.67,-7.74],[148.95,-7.71],[148.38,-7.3],[148.36,-7.23],[148.36,-7.23],[149.29,-7.1],[149.29,-7.1],[149.39,-7.03],[150.31,-6.83],[151.05,-6.51],[151.57,-6.17],[151.91,-5.92],[152.57,-5.65],[153.19,-5.77],[153.66,-5.82],[153.66,-5.82],[153.93,-6.25],[154.47,-6.65],[155.01,-7.05],[155.52,-7.45],[155.52,-7.45],[154.91,-7.96],[154.3,-8.47],[153.69,-8.98],[153.27,-9.17],[153,-8.64]]]}},{"type":"Feature","properties":{"ma":0,"type":"gpml:TopologicalClosedPlateBoundary","name":"North Woodlark Basin","pid":829,"deforming":false},"geometry":{"type":"Polygon","coordinates":[[[151.87,-9.79],[151.87,-9.79],[152.22,-9.89],[152.71,-9.75],[153.2,-9.62],[153.72,-9.57],[154.11,-9.25],[154.13,-8.97],[154.13,-8.97],[153.96,-8.88],[153.29,-9.21],[153.27,-9.17],[153.27,-9.17],[153.69,-8.98],[154.3,-8.47],[154.91,-7.96],[155.52,-7.46],[155.52,-7.46],[156.02,-7.86],[156.29,-8.18],[156.3,-8.18],[156.3,-8.18],[156.44,-9.16],[156.28,-9.22],[156.08,-9.26],[156.09,-9.52],[155.9,-9.56],[155.84,-9.49],[155.65,-9.56],[155.61,-9.5],[155.49,-9.55],[155.47,-9.48],[155.16,-9.62],[155.2,-9.72],[155.07,-9.8],[154.85,-9.83],[154.84,-9.72],[154.22,-9.91],[154.19,-10.31],[153.49,-10.36],[153.28,-10.39],[152.89,-10.39],[152.88,-10.11],[152.69,-10.07],[152.24,-10.05],[152.25,-9.96],[151.99,-9.96],[151.92,-9.94],[151.83,-9.9],[151.87,-9.79]]]}},{"type":"Feature","properties":{"ma":0,"type":"gpml:TopologicalClosedPlateBoundary","name":"SAM","pid":201,"deforming":false},"geometry":{"type":"Polygon","coordinates":[[[-78.12,-4.67],[-78,-3.73],[-77.57,-3.2],[-77.15,-2.72],[-76.72,-2.23],[-76.13,-1.56],[-75.68,-0.86],[-75.68,-0.86],[-75.47,-0.91],[-74.59,-0.93],[-73.71,-0.95],[-72.97,-0.59],[-72.23,-0.23],[-71.61,0.3],[-70.99,0.82],[-70.45,1.32],[-69.91,1.81],[-69.45,2.11],[-68.98,2.41],[-68.98,2.41],[-68.94,3.14],[-68.9,3.88],[-68.9,4.63],[-68.9,5.39],[-68.9,6.14],[-68.9,6.89],[-68.75,7.73],[-68.61,8.57],[-68.27,9.25],[-67.93,9.93],[-67.42,10.65],[-66.92,11.38],[-66.92,11.38],[-65.9,11.32],[-64.89,11.25],[-63.87,11.18],[-62.86,11.11],[-61.84,11.03],[-60.83,10.95],[-59.81,10.87],[-58.8,10.78],[-57.79,10.7],[-57.79,10.7],[-57.64,11.22],[-57.46,12.15],[-57.28,13.07],[-57.47,14],[-57.66,14.92],[-58.01,15.39],[-58.36,15.85],[-58.72,16.64],[-58.72,16.64],[-57.79,16.68],[-56.85,16.71],[-55.92,16.74],[-54.89,16.76],[-53.87,16.77],[-52.84,16.77],[-51.86,16.5],[-50.88,16.21],[-49.87,16.14],[-48.87,16.06],[-48.19,15.92],[-47.51,15.77],[-46.83,15.62],[-46.83,15.62],[-46.83,15.62],[-46.83,15.62],[-46.77,15.57],[-45.95,15.36],[-45.13,15.27],[-45.14,14.65],[-45.14,14.03],[-45.06,13.99],[-45.05,13.34],[-45.04,12.68],[-44.26,12.63],[-44.28,12.1],[-43.88,12.09],[-43.9,11.51],[-43.92,10.93],[-43.45,10.91],[-42.98,10.88],[-42.5,10.86],[-42.03,10.84],[-41.56,10.81],[-41.09,10.79],[-41.08,9.98],[-40.86,9.97],[-40.86,9.39],[-40.64,9.37],[-40.65,8.84],[-40.12,8.82],[-40.14,8.22],[-39.66,8.2],[-39.18,8.18],[-38.7,8.16],[-38.22,8.14],[-38.21,7.7],[-37.54,7.68],[-36.86,7.65],[-36.85,7.4],[-36.06,7.36],[-36.05,7.02],[-35.37,6.93],[-35.36,6.61],[-34.49,6.62],[-33.62,6.62],[-33.62,6.1],[-33.51,6.08],[-33.51,5.65],[-32.98,5.65],[-32.92,4.8],[-32.86,3.96],[-32.39,3.99],[-31.91,4.01],[-31.44,4.04],[-30.96,4.06],[-30.89,3.25],[-30.81,2.45],[-30.74,1.64],[-30.03,1.61],[-29.92,0.8],[-29.21,0.85],[-28.35,0.95],[-27.83,1.01],[-27.32,1.06],[-26.47,1.16],[-26.29,0.5],[-25.66,0.56],[-25.03,0.61],[-24.82,-0.24],[-24.61,-1.1],[-24.05,-1.03],[-23.49,-0.96],[-22.94,-0.88],[-22.38,-0.8],[-21.54,-0.68],[-21.02,-0.59],[-20.49,-0.5],[-19.67,-0.33],[-18.85,-0.18],[-18.37,-0.07],[-17.89,0.03],[-17.32,0.15],[-16.76,0.27],[-16.5,0.3],[-16.25,-0.56],[-16.04,-0.52],[-15.84,-1.14],[-15.57,-1.07],[-15.41,-1.49],[-14.66,-1.3],[-13.91,-1.11],[-13.16,-0.92],[-12.93,-1.51],[-12.7,-2.1],[-12.16,-1.95],[-12,-2.4],[-11.83,-2.85],[-12.03,-3.01],[-11.9,-3.49],[-11.77,-3.97],[-12.1,-4.1],[-12.04,-4.59],[-12.14,-4.61],[-12.02,-5.03],[-11.6,-4.94],[-11.52,-5.42],[-11.17,-5.38],[-11.02,-5.93],[-11.27,-6.02],[-11.18,-6.76],[-11.99,-6.96],[-12.81,-7.16],[-13.62,-7.37],[-13.49,-7.89],[-13.36,-8.41],[-13.19,-8.37],[-13.02,-9.23],[-13.25,-9.28],[-13.17,-9.79],[-13.32,-9.82],[-13.17,-10.62],[-13.03,-11.42],[-13.52,-11.54],[-14.02,-11.66],[-14.51,-11.77],[-15.01,-11.89],[-14.91,-12.34],[-14.86,-12.32],[-14.79,-12.66],[-14.55,-12.58],[-14.41,-13.22],[-14.6,-13.27],[-14.54,-13.74],[-14.48,-14.21],[-13.64,-14.04],[-13.44,-14.85],[-13.23,-15.66],[-13.38,-15.69],[-13.24,-16.21],[-13.77,-16.32],[-14.3,-16.43],[-14.24,-16.76],[-14.37,-16.78],[-14.22,-17.39],[-14.08,-17.99],[-13.52,-17.89],[-12.96,-17.79],[-12.86,-18.29],[-12.76,-18.78],[-12.48,-18.75],[-12.37,-19.34],[-12.26,-19.94],[-11.94,-19.82],[-11.85,-20.28],[-11.97,-20.3],[-11.76,-21.18],[-12.01,-21.21],[-11.85,-21.74],[-11.94,-21.75],[-11.82,-22.15],[-12.36,-22.27],[-12.91,-22.38],[-12.85,-22.63],[-13.34,-22.73],[-13.83,-22.83],[-13.66,-23.54],[-13.57,-23.51],[-13.43,-24.15],[-13.28,-24.78],[-13.81,-24.89],[-13.66,-25.65],[-14.05,-25.74],[-13.82,-26.59],[-13.69,-26.56],[-13.48,-27.44],[-13.27,-28.32],[-12.75,-28.21],[-12.53,-28.94],[-13.26,-29.1],[-13.99,-29.25],[-13.82,-29.85],[-13.72,-29.83],[-13.54,-30.49],[-13.37,-31.16],[-13.5,-31.18],[-13.25,-32.14],[-13.88,-32.27],[-14.52,-32.4],[-14.45,-32.95],[-14.37,-33.5],[-14.7,-33.57],[-14.52,-34.04],[-15.27,-34.24],[-15.08,-34.69],[-15.27,-34.77],[-15.1,-35.18],[-16.03,-35.34],[-16.96,-35.5],[-17.7,-35.66],[-17.09,-36.47],[-17.44,-36.56],[-17.33,-36.94],[-17.23,-37.37],[-17.53,-37.47],[-17.39,-38.03],[-17.05,-38.45],[-16.8,-38.4],[-16.36,-38.56],[-16.04,-38.88],[-15.97,-39.35],[-15.92,-39.68],[-16.41,-39.79],[-16.47,-40.27],[-16.87,-40.37],[-16.82,-40.79],[-16.68,-41.52],[-16.33,-41.81],[-16.21,-42.34],[-16.43,-42.87],[-16.33,-43.39],[-16.24,-43.68],[-15.92,-44.58],[-15.59,-45.48],[-14.89,-45.37],[-14.72,-45.9],[-13.81,-45.8],[-13.57,-46.69],[-13.33,-47.58],[-11.9,-47.36],[-10.48,-47.13],[-10.23,-47.82],[-9.97,-48.52],[-9.71,-49.22],[-8.92,-49.09],[-8.14,-48.96],[-8.02,-49.28],[-7.96,-49.27],[-7.91,-49.4],[-7.73,-49.84],[-7.64,-50.06],[-7.43,-50],[-7.16,-50.61],[-6.66,-50.52],[-6.21,-50.43],[-5.67,-50.32],[-5.17,-50.22],[-4.71,-51.13],[-4.24,-52.05],[-3.96,-51.98],[-3.45,-52.76],[-2.92,-53.55],[-2.37,-54.33],[-1.38,-54.05],[-0.67,-54.66],[-0.67,-54.66],[-1.44,-55.09],[-2.23,-55.51],[-2.92,-55.59],[-4.35,-55.71],[-4.36,-56.39],[-5.98,-56.46],[-6.01,-57.15],[-7.35,-57.18],[-7.41,-57.8],[-9.05,-57.9],[-10.69,-57.99],[-12.09,-58.08],[-13.5,-58.16],[-13.5,-58.46],[-14.65,-58.45],[-15.81,-58.42],[-15.85,-59.22],[-17.15,-59.25],[-17.2,-59.53],[-18.07,-59.5],[-18.08,-60.05],[-19.2,-60.06],[-19.32,-60.81],[-21,-60.84],[-22.68,-60.85],[-24.36,-60.84],[-26.04,-60.8],[-27.71,-60.75],[-27.71,-60.75],[-27.71,-60.73],[-27.71,-60.73],[-26.2,-60.51],[-25.07,-59.97],[-24.46,-59.39],[-23.99,-58.92],[-23.82,-58.2],[-24.13,-57.43],[-24.23,-57.17],[-24.7,-56.73],[-25.15,-56.29],[-25.72,-55.84],[-26.41,-55.42],[-26.99,-55.23],[-27.6,-55.09],[-28.61,-54.88],[-29.16,-54.79],[-29.16,-54.79],[-29.61,-54.87],[-30.74,-54.85],[-31.87,-54.81],[-32.79,-54.63],[-33.7,-54.44],[-33.7,-54.44],[-33.74,-54.55],[-33.74,-54.55],[-33.88,-54.5],[-34.71,-54.05],[-35.66,-53.51],[-37.17,-53.24],[-37.98,-53.42],[-38.75,-53.46],[-39.7,-53.31],[-39.84,-53.2],[-39.84,-53.2],[-40.16,-53.17],[-41.12,-52.99],[-41.23,-52.98],[-42.23,-52.89],[-43.22,-52.79],[-43.72,-53.05],[-43.72,-53.05],[-43.72,-53.05],[-45.3,-52.81],[-45.3,-52.81],[-45.35,-52.68],[-45.61,-52.53],[-45.61,-52.53],[-46.02,-52.47],[-47.42,-52.3],[-48.84,-52.36],[-50.27,-52.4],[-51.38,-52.42],[-52.48,-52.42],[-53.57,-52.56],[-54.67,-52.68],[-56.26,-52.96],[-57.87,-53.21],[-58.83,-53.2],[-59.8,-53.19],[-60.78,-53.26],[-61.63,-53.39],[-62.69,-53.7],[-63.64,-53.99],[-64.47,-54.1],[-65.3,-54.21],[-66.8,-54.24],[-68.3,-54.25],[-69.81,-54.24],[-71.21,-53.81],[-72.58,-53.36],[-73.92,-52.89],[-74.87,-52.48],[-75.8,-52.05],[-76.72,-51.62],[-76.72,-51.62],[-76.85,-51.39],[-77.03,-51.02],[-77.15,-50.69],[-77.26,-50.4],[-77.31,-50.14],[-77.38,-49.82],[-77.44,-49.46],[-77.38,-49.01],[-77.23,-48.65],[-77.12,-48.44],[-77,-48.17],[-76.84,-47.87],[-76.58,-47.4],[-76.34,-46.99],[-76.17,-46.64],[-76.06,-46.3],[-76.12,-45.87],[-76.14,-45.59],[-76.16,-45.35],[-76.15,-45.27],[-76.13,-45.02],[-76.1,-44.71],[-76.06,-44.34],[-76,-44.04],[-75.94,-43.71],[-75.87,-43.34],[-75.82,-43.08],[-75.7,-42.42],[-75.61,-41.99],[-75.53,-41.58],[-75.43,-41.2],[-75.3,-40.68],[-75.23,-40.38],[-75.15,-39.92],[-75.1,-39.63],[-75.04,-39.26],[-74.87,-38.98],[-74.87,-38.98],[-73.93,-38.57],[-73,-38.15],[-72.08,-37.72],[-71.18,-37.29],[-70.28,-36.85],[-69.65,-36.24],[-69.04,-35.63],[-68.44,-35.01],[-67.84,-34.39],[-67.77,-33.64],[-67.71,-32.88],[-67.65,-32.13],[-67.26,-31.27],[-66.88,-30.41],[-66.51,-29.55],[-66.02,-28.73],[-65.53,-27.91],[-65.05,-27.09],[-64.63,-26.17],[-64.21,-25.26],[-63.8,-24.34],[-63.37,-23.42],[-62.94,-22.51],[-62.51,-21.59],[-62.34,-20.78],[-62.16,-19.96],[-61.99,-19.14],[-62.17,-18.49],[-62.35,-17.84],[-62.53,-17.18],[-63.09,-16.63],[-63.65,-16.08],[-64.21,-15.52],[-64.76,-14.96],[-65.52,-14.5],[-66.28,-14.04],[-67.03,-13.57],[-67.78,-13.11],[-68.46,-12.59],[-69.14,-12.07],[-69.82,-11.55],[-70.49,-11.03],[-71.25,-10.48],[-72.01,-9.92],[-72.77,-9.36],[-73.52,-8.8],[-74.21,-8.24],[-74.89,-7.67],[-75.57,-7.1],[-76.25,-6.54],[-76.93,-5.97],[-77.61,-5.4],[-78.05,-5.02],[-78.12,-4.67]]]}},{"type":"Feature","properties":{"ma":0,"type":"gpml:TopologicalClosedPlateBoundary","name":"Molucca Sea Plate","pid":781,"deforming":false},"geometry":{"type":"Polygon","coordinates":[[[126.96,-1.62],[126.02,-1.44],[125.32,-1.07],[124.61,-0.71],[124.61,-0.71],[124.72,-0.39],[124.9,0.1],[125.09,0.6],[125.41,1.1],[125.74,1.61],[125.81,2.29],[125.88,2.98],[126.05,3.73],[126.05,3.73],[126.67,3.24],[127.3,2.75],[127.16,1.85],[127.01,0.95],[126.87,0.05],[126.91,-0.76],[126.94,-1.58],[126.96,-1.62]]]}},{"type":"Feature","properties":{"ma":0,"type":"gpml:TopologicalClosedPlateBoundary","name":"Halmehera Arc accreted terrane","pid":697,"deforming":false},"geometry":{"type":"Polygon","coordinates":[[[144.8,-4.9],[144.7,-4.82],[143.95,-4.55],[143.2,-4.29],[142.45,-4.03],[141.7,-3.67],[140.95,-3.31],[140.2,-2.95],[139.39,-2.71],[138.59,-2.47],[137.78,-2.22],[136.97,-1.98],[136.06,-1.78],[135.15,-1.59],[134.24,-1.4],[133.48,-1.09],[132.71,-0.79],[131.95,-0.48],[131.18,-0.17],[131.18,-0.17],[131.9,0.31],[131.9,0.31],[132.58,0.12],[133.26,-0.07],[134.07,-0.23],[134.89,-0.38],[135.7,-0.54],[136.51,-0.7],[137.33,-0.85],[138.07,-1.09],[138.82,-1.32],[139.57,-1.55],[140.32,-1.79],[141.06,-2.13],[141.8,-2.48],[142.53,-2.83],[143.27,-3.17],[143.87,-3.35],[143.87,-3.35],[144.17,-3.78],[144.46,-4.2],[144.74,-4.61],[144.8,-4.9]]]}},{"type":"Feature","properties":{"ma":0,"type":"gpml:TopologicalClosedPlateBoundary","name":"East Philippine Arc","pid":678,"deforming":false},"geometry":{"type":"Polygon","coordinates":[[[126.74,3.18],[126.76,3.52],[126.3,4.28],[126.17,5.17],[126.03,6.05],[125.89,6.94],[125.72,7.73],[125.55,8.53],[125.38,9.33],[125.06,10.05],[124.73,10.78],[124.27,11.56],[123.81,12.35],[123.27,13.02],[122.72,13.69],[122.17,14.36],[121.7,15.08],[121.23,15.79],[120.94,16.33],[120.64,16.86],[120.19,17.27],[119.74,17.69],[119.74,17.69],[120.05,18.19],[120.36,18.7],[120.38,19.41],[120.4,20.12],[120.43,20.84],[120.61,21.66],[120.79,22.48],[120.97,23.31],[120.97,23.31],[121.24,23.27],[122.07,23.25],[122.07,23.25],[122.06,23.09],[122.18,22.34],[122.29,21.6],[122.46,20.76],[122.63,19.92],[122.79,19.08],[122.96,18.24],[123.12,17.41],[123.01,17.08],[123.01,17.08],[123.31,16.37],[123.76,15.9],[124.22,15.43],[124.75,14.59],[125.28,13.75],[125.8,12.9],[126.33,12.06],[126.56,11.25],[126.78,10.44],[127.01,9.64],[127.24,8.83],[127.46,8.02],[127.58,7.24],[127.71,6.46],[127.83,5.68],[127.95,4.9],[128.26,4.3],[128.57,3.71],[128.88,3.12],[128.94,2.32],[128.94,2.32],[129.42,1.53],[130.07,0.86],[130.93,0.55],[131.46,0.35],[131.46,0.35],[131.49,0.42],[131.49,0.43],[131.49,0.43],[131.9,0.31],[131.9,0.31],[131.27,-0.11],[130.65,-0.53],[130.02,-0.95],[129.4,-1.37],[128.57,-1.86],[128.57,-1.86],[127.94,-1.77],[127.31,-1.69],[126.96,-1.62],[126.96,-1.62],[126.94,-1.58],[126.91,-0.76],[126.87,0.05],[127.01,0.95],[127.16,1.85],[127.3,2.75],[126.74,3.18]]]}},{"type":"Feature","properties":{"ma":0,"type":"gpml:TopologicalClosedPlateBoundary","name":"West Philippine Arc","pid":674,"deforming":false},"geometry":{"type":"Polygon","coordinates":[[[126.12,4.08],[125.86,4.52],[125.44,4.84],[125.02,5.16],[124.49,5.65],[123.96,6.13],[123.78,6.96],[123.6,7.79],[123.58,7.89],[123.58,7.89],[123.4,8.09],[123.02,8.46],[122.64,8.83],[122.17,9.71],[122.1,10.65],[121.92,11.19],[121.74,11.73],[121.54,12.31],[121.35,12.88],[120.78,13.21],[120.34,13.56],[119.9,13.91],[119.72,14.5],[119.54,15.1],[119.52,15.83],[119.51,16.55],[119.49,17.28],[119.74,17.69],[119.74,17.69],[120.19,17.27],[120.64,16.86],[120.94,16.33],[121.23,15.79],[121.7,15.08],[122.17,14.36],[122.72,13.69],[123.27,13.02],[123.81,12.35],[124.27,11.56],[124.73,10.78],[125.06,10.05],[125.38,9.33],[125.55,8.53],[125.72,7.73],[125.89,6.94],[126.03,6.05],[126.17,5.17],[126.3,4.28],[126.76,3.52],[126.74,3.18],[126.74,3.18],[126.05,3.73],[126.05,3.73],[126.12,4.08]]]}},{"type":"Feature","properties":{"ma":0,"type":"gpml:TopologicalClosedPlateBoundary","name":"Juan de Fuca","pid":903,"deforming":false},"geometry":{"type":"Polygon","coordinates":[[[-125.25,41.03],[-125.08,40.34],[-125.08,40.34],[-125.45,40.35],[-126.16,40.39],[-126.87,40.42],[-127.58,40.45],[-127.58,40.54],[-127.72,40.57],[-127.64,41.08],[-127.56,41.59],[-127.45,41.56],[-127.4,41.64],[-127.24,41.69],[-127.04,42.36],[-126.63,43.01],[-127.57,43.42],[-128.53,43.82],[-129.5,44.21],[-130.48,44.59],[-130.37,44.93],[-130.07,45.29],[-130.19,45.41],[-129.94,45.74],[-129.87,45.9],[-130.07,45.94],[-130.05,46.2],[-129.92,46.23],[-129.8,46.43],[-129.57,46.4],[-129.26,47.06],[-128.94,47.73],[-129.19,47.84],[-128.94,48.32],[-129.15,48.48],[-128.92,48.87],[-129.71,49.18],[-130.5,49.48],[-130.16,49.98],[-130.3,50.06],[-130.16,50.22],[-130.33,50.3],[-130.25,50.46],[-130.75,50.91],[-131.07,51.19],[-130.86,51.59],[-130.86,51.59],[-130.55,51.4],[-130.21,51.28],[-129.98,51.1],[-129.74,50.84],[-129.46,50.65],[-129.01,50.48],[-128.72,50.31],[-128.41,50.09],[-128.28,49.88],[-128.03,49.78],[-127.85,49.49],[-127.82,49.08],[-127.61,48.88],[-127.38,48.75],[-127.02,48.56],[-126.73,48.29],[-126.49,48],[-126.37,47.75],[-126.08,47.35],[-126,46.97],[-125.88,46.64],[-125.77,46.3],[-125.66,45.95],[-125.52,45.47],[-125.44,45.1],[-125.44,44.88],[-125.43,44.73],[-125.38,44.67],[-125.37,44.52],[-125.37,44.32],[-125.36,44.07],[-125.43,44],[-125.45,43.93],[-125.48,43.74],[-125.47,43.43],[-125.39,43.27],[-125.34,43.14],[-125.29,43.05],[-125.29,42.86],[-125.27,42.56],[-125.2,42.49],[-125.21,42.36],[-125.29,42.28],[-125.33,42.14],[-125.31,41.99],[-125.28,41.82],[-125.31,41.65],[-125.18,41.38],[-125.17,41.35],[-125.25,41.03]]]}},{"type":"Feature","properties":{"ma":0,"type":"gpml:TopologicalClosedPlateBoundary","name":"Pacific","pid":901,"deforming":false},"geometry":{"type":"MultiPolygon","coordinates":[[[[180,-44.37],[180,-45.37],[180,-46.37],[180,-47.37],[180,-48.37],[180,-49.37],[180,-50.37],[180,-51.37],[180,-52.37],[180,-53.37],[180,-54.37],[180,-55.37],[180,-56.37],[180,-57.37],[180,-58.37],[180,-59.37],[180,-60.37],[180,-61.37],[180,-62.37],[180,-63.37],[180,-64.37],[180,-65.37],[180,-66.37],[180,-67.37],[178.29,-67.97],[176.49,-68.56],[174.59,-69.12],[172.6,-69.66],[172.6,-69.66],[171.67,-69.31],[170.8,-68.9],[169.97,-68.48],[168.56,-67.76],[167.24,-67.04],[166,-66.3],[164.83,-65.56],[163.72,-64.8],[162.68,-64.04],[161.69,-63.27],[160.75,-62.5],[160.75,-62.5],[160.74,-62.16],[160.85,-61.52],[160.51,-60.89],[160.18,-60.26],[160,-60.08],[159.73,-59.74],[159.11,-59.52],[158.48,-59.16],[158.07,-58.81],[157.69,-58.37],[157.56,-58.05],[157.48,-57.71],[157.49,-57.45],[157.44,-57.26],[157.46,-57.21],[157.58,-57.1],[157.73,-56.89],[157.8,-56.64],[157.87,-56.43],[157.87,-56.25],[157.88,-56.14],[157.88,-56.07],[157.92,-56.01],[158.04,-55.99],[158.19,-55.98],[158.31,-55.95],[158.48,-55.86],[158.53,-55.84],[158.75,-55.74],[158.97,-55.67],[159.21,-55.43],[159.31,-55.25],[159.37,-55.07],[159.47,-54.81],[159.56,-54.52],[159.6,-54.21],[159.68,-53.88],[159.78,-53.65],[160.21,-53.14],[160.5,-52.83],[160.88,-52.54],[161.14,-52.31],[161.37,-52.1],[161.72,-51.8],[161.94,-51.64],[162.15,-51.32],[162.36,-50.97],[162.51,-50.7],[162.75,-50.31],[162.92,-50.1],[163.06,-49.9],[163.22,-49.73],[163.34,-49.59],[163.46,-49.49],[163.54,-49.4],[163.65,-49.31],[163.83,-49.18],[164,-48.97],[164.13,-48.78],[164.27,-48.5],[164.39,-48.26],[164.48,-48.07],[164.58,-47.85],[164.66,-47.62],[165.16,-46.8],[165.17,-46.8],[165.17,-46.8],[165.19,-46.91],[165.18,-47.23],[165.21,-47.53],[165.32,-47.9],[165.5,-48.36],[166,-49],[165.99,-49.26],[165.98,-49.44],[165.97,-49.55],[165.97,-49.65],[165.96,-49.76],[165.96,-49.88],[165.89,-50.16],[165.82,-50.43],[165.74,-50.82],[165.73,-51.04],[165.71,-51.3],[165.69,-51.48],[165.68,-51.75],[165.67,-51.88],[165.66,-51.95],[165.66,-51.99],[165.66,-51.99],[165.82,-51.88],[166.44,-51.43],[166.89,-51.09],[167.51,-50.62],[168.72,-50.03],[169.89,-49.44],[170.69,-48.95],[171.47,-48.46],[172.23,-47.97],[173.01,-47.52],[173.77,-47.06],[174.51,-46.62],[175.24,-46.18],[176.01,-45.79],[176.76,-45.39],[177.61,-44.93],[178.44,-44.47],[179.17,-43.99],[179.88,-43.51],[180,-43.37],[180,-44.37]]],[[[180,-38.2],[180,-39.1],[180,-40],[180,-40.9],[179.94,-40.89],[179.5,-40.86],[179.06,-40.83],[178.43,-40.77],[178.38,-40.81],[178.38,-40.81],[178.41,-40.67],[178.44,-40.59],[178.44,-40.59],[178.56,-40.42],[178.79,-40.09],[178.95,-39.68],[179.17,-39.12],[179.43,-38.45],[179.43,-38.45],[179.44,-38.45],[179.48,-38.4],[179.59,-38.23],[179.67,-38.12],[179.95,-37.69],[180,-37.3],[180,-38.2]]],[[[180,-37.25],[179.97,-37.11],[179.97,-37.11],[180,-37.07],[180,-37.25]]],[[[180,49.45],[180,48.45],[180,47.45],[180,46.45],[180,45.45],[180,44.45],[180,43.46],[180,42.46],[180,41.46],[180,40.46],[180,39.46],[180,38.46],[180,37.46],[180,36.46],[180,35.46],[180,34.46],[180,33.46],[180,32.46],[180,31.46],[180,30.47],[180,29.47],[180,28.47],[180,27.47],[180,26.47],[180,25.47],[180,24.47],[180,23.47],[180,22.47],[180,21.47],[180,20.47],[180,19.47],[180,18.47],[180,17.48],[180,16.48],[180,15.48],[180,14.48],[180,13.48],[180,12.48],[180,11.48],[180,10.48],[180,9.48],[180,8.48],[180,7.48],[180,6.48],[180,5.48],[180,4.49],[180,3.49],[180,2.49],[180,1.49],[180,0.49],[180,-0.51],[180,-1.51],[180,-2.51],[180,-3.51],[180,-4.51],[180,-5.51],[180,-6.51],[180,-7.51],[180,-8.5],[180,-9.5],[180,-10.5],[180,-11.5],[180,-12.5],[180,-13.5],[180,-14.5],[180,-15.5],[180,-16.5],[180,-17.5],[179.52,-17.82],[178.86,-18.51],[178.2,-19.19],[177.53,-19.88],[176.86,-20.55],[176.18,-21.23],[175.47,-21.64],[174.75,-22.05],[174.03,-22.45],[174.03,-22.45],[174.08,-21.8],[174.12,-21.15],[173.41,-21.12],[173.41,-20.25],[173.41,-19.38],[173.42,-18.51],[173.27,-18.51],[173.6,-17.78],[173.93,-17.05],[173.45,-16.25],[173.56,-16.14],[173.41,-15.75],[173.55,-15.69],[173.29,-15.03],[173.03,-14.38],[172.77,-13.72],[172.65,-13.33],[172.65,-13.33],[172.43,-13.44],[172.31,-13.48],[171.96,-13.69],[171.29,-13.8],[171.29,-14.06],[170.64,-14.09],[170.62,-13.95],[169.74,-13.95],[169.74,-13.82],[169.24,-13.8],[169.23,-13.65],[168.59,-13.6],[168.58,-13.52],[168.22,-13.5],[167.53,-13.6],[166.84,-13.7],[166.16,-13.79],[166.16,-13.79],[166.01,-13.21],[165.87,-12.62],[165.55,-11.74],[165.55,-11.74],[165.26,-11.41],[164.93,-11.21],[164.8,-11.17],[164.57,-11.11],[164.45,-11.09],[164.33,-11.12],[163.76,-11.2],[163.32,-11.27],[162.78,-11.35],[162.24,-11.44],[162,-11.41],[161.36,-11.23],[161.15,-11.15],[160.79,-10.85],[160.51,-10.64],[160.05,-10.37],[159.48,-10.01],[159.22,-9.84],[159.13,-9.73],[159.02,-9.66],[158.76,-9.55],[158.49,-9.49],[157.81,-9.1],[157.33,-8.85],[156.7,-8.56],[156.29,-8.18],[156.02,-7.86],[155.53,-7.47],[155.04,-7.08],[154.73,-6.85],[154.73,-6.85],[154.53,-6.42],[154.54,-5.9],[154.59,-5.58],[154.98,-5.24],[154.99,-4.89],[154.96,-4.55],[154.7,-4.28],[154.36,-3.95],[154.26,-3.61],[154.03,-3.33],[153.88,-3.04],[153.71,-2.69],[153.54,-2.6],[153.39,-2.44],[153.12,-2.2],[152.92,-2.15],[152.58,-2.13],[152.16,-1.86],[151.82,-1.65],[151.43,-1.46],[151.09,-1.31],[150.72,-1.22],[150.34,-1.12],[150.02,-1.02],[149.77,-1],[149.48,-0.82],[149.32,-0.74],[149.32,-0.74],[149.23,-0.15],[149.14,0.43],[148.94,0.92],[148.73,1.41],[148.7,2.34],[148.68,3.27],[148.46,4.04],[148.25,4.8],[148.04,5.57],[148.04,5.57],[147.21,5.82],[146.38,6.06],[145.55,6.3],[144.72,6.55],[144.19,6.66],[143.66,6.77],[142.86,7.26],[142.11,7.73],[141.35,8.2],[140.6,8.67],[139.87,8.87],[139.14,9.08],[138.45,9.33],[138.5,9.41],[138.72,10.11],[138.95,10.81],[139.84,10.83],[140.73,10.85],[141.52,11.02],[142.3,11.2],[143.13,11.57],[143.96,11.94],[144.8,12.3],[145.4,12.83],[146,13.37],[146.6,13.9],[146.95,14.75],[147.3,15.6],[147.3,16.55],[147.3,17.5],[147.3,18.15],[147.3,18.8],[147.3,19.4],[147.3,20],[147.15,20.5],[147,21],[146.6,21.5],[146.2,22],[145.6,22.5],[145,23],[144.5,23.5],[144,24],[143.37,24.63],[143.37,24.63],[143.19,24.63],[142.98,24.59],[142.98,24.59],[143,25],[143,26],[143.1,26.5],[143.2,27],[143.2,28],[143,28.5],[142.8,29],[142.65,29.5],[142.5,30],[142.35,30.5],[142.2,31],[142.13,31.67],[142.07,32.33],[142,33],[142,34],[142,35],[141.96,35.26],[141.96,35.26],[142.33,35.56],[142.69,36.07],[142.98,36.52],[143.28,36.97],[143.55,37.45],[143.83,37.92],[143.96,38.59],[144.1,39.26],[144.23,40.2],[144.37,41.13],[144.37,41.13],[144.9,41.53],[145.46,41.81],[146.02,42.09],[147.05,42.66],[148.09,43.23],[148.81,43.63],[149.55,44.02],[150.24,44.42],[150.94,44.81],[151.75,45.16],[152.57,45.5],[153.51,46.16],[154.47,46.8],[155.12,47.47],[155.76,48.04],[156.41,48.61],[157.37,49.24],[158.35,49.87],[159.35,50.48],[159.83,50.89],[160.32,51.29],[160.75,51.74],[161.18,52.2],[161.48,52.5],[161.48,52.5],[162.48,52.62],[163.49,52.73],[165.08,52.88],[166.69,53.01],[168.31,53.12],[169.12,53.1],[169.12,53.1],[170.34,52.62],[171.54,52.13],[172.88,51.74],[174.19,51.35],[175.47,50.94],[176.98,50.76],[178.47,50.56],[180,50.45],[180,49.45]]],[[[-180,-16.5],[-180,-15.5],[-180,-14.5],[-180,-13.5],[-180,-12.5],[-180,-11.5],[-180,-10.5],[-180,-9.5],[-180,-8.5],[-180,-7.51],[-180,-6.51],[-180,-5.51],[-180,-4.51],[-180,-3.51],[-180,-2.51],[-180,-1.51],[-180,-0.51],[-180,0.49],[-180,1.49],[-180,2.49],[-180,3.49],[-180,4.49],[-180,5.48],[-180,6.48],[-180,7.48],[-180,8.48],[-180,9.48],[-180,10.48],[-180,11.48],[-180,12.48],[-180,13.48],[-180,14.48],[-180,15.48],[-180,16.48],[-180,17.48],[-180,18.47],[-180,19.47],[-180,20.47],[-180,21.47],[-180,22.47],[-180,23.47],[-180,24.47],[-180,25.47],[-180,26.47],[-180,27.47],[-180,28.47],[-180,29.47],[-180,30.47],[-180,31.46],[-180,32.46],[-180,33.46],[-180,34.46],[-180,35.46],[-180,36.46],[-180,37.46],[-180,38.46],[-180,39.46],[-180,40.46],[-180,41.46],[-180,42.46],[-180,43.46],[-180,44.45],[-180,45.45],[-180,46.45],[-180,47.45],[-180,48.45],[-180,49.45],[-180,50.45],[-178.99,50.37],[-177.5,50.51],[-176.01,50.63],[-174.51,50.73],[-173,50.82],[-171.55,51.14],[-170.08,51.43],[-168.59,51.71],[-167.33,52.02],[-166.05,52.31],[-164.76,52.59],[-163.46,52.85],[-162.1,53.21],[-160.72,53.55],[-159.33,53.87],[-158.68,54.09],[-157.83,54.42],[-157.08,54.75],[-156.45,55.01],[-155.44,55.31],[-154.77,55.7],[-153.95,56.14],[-152.98,56.69],[-151.99,57.22],[-150.96,57.76],[-149.9,58.28],[-148.57,58.86],[-147.18,59.43],[-145.76,59.98],[-144.28,60.52],[-144.28,60.52],[-142.99,60.31],[-141.71,60.1],[-141.08,59.91],[-140.4,59.72],[-139.73,59.54],[-139.16,59.31],[-138.4,59],[-137.4,58.5],[-136.9,58],[-136.6,57.5],[-136.3,57],[-136.1,56.5],[-135.9,56],[-135.39,55.5],[-134.9,55],[-134.46,54.27],[-134.46,54.27],[-134.35,54.19],[-133.4,53.96],[-132.46,53.71],[-131.64,53.32],[-130.84,52.91],[-130.13,52.61],[-130.13,52.61],[-130.5,52.11],[-130.85,51.61],[-131.07,51.19],[-130.75,50.91],[-130.25,50.46],[-130.33,50.3],[-130.16,50.22],[-130.3,50.06],[-130.16,49.98],[-130.5,49.48],[-129.71,49.18],[-128.92,48.87],[-129.15,48.48],[-128.94,48.32],[-129.19,47.84],[-128.94,47.73],[-129.26,47.06],[-129.57,46.4],[-129.8,46.43],[-129.92,46.23],[-130.05,46.2],[-130.07,45.94],[-129.87,45.9],[-129.94,45.74],[-130.19,45.41],[-130.07,45.29],[-130.37,44.93],[-130.48,44.59],[-129.5,44.21],[-128.53,43.82],[-127.57,43.42],[-126.63,43.01],[-127.04,42.36],[-127.24,41.69],[-127.4,41.64],[-127.45,41.56],[-127.56,41.59],[-127.64,41.08],[-127.72,40.57],[-127.58,40.54],[-127.58,40.45],[-126.87,40.42],[-126.16,40.39],[-125.45,40.35],[-125.08,40.34],[-125.08,40.34],[-124.96,39.83],[-124.5,39.09],[-124.05,38.36],[-123.76,37.8],[-123.47,37.24],[-123.02,36.44],[-122.58,35.63],[-122.3,35.08],[-122.03,34.53],[-121.72,34.03],[-121.41,33.53],[-120.98,32.95],[-120.56,32.37],[-120.02,31.77],[-119.48,31.17],[-119.07,30.51],[-118.66,30.46],[-118.2,30.37],[-117.62,30.49],[-117.31,30.55],[-117.31,30.55],[-117.26,30.44],[-117.03,29.89],[-116.9,29.55],[-116.81,29.27],[-116.35,28.45],[-115.67,27.65],[-114.99,26.86],[-114.47,26.22],[-113.94,25.57],[-113.43,24.92],[-112.81,24.38],[-112.2,23.83],[-111.73,23.53],[-111.26,23.23],[-110.98,23.05],[-110.59,22.8],[-110.41,22.58],[-110.41,22.58],[-110.14,22.67],[-110.05,22.65],[-109.91,22.65],[-109.75,22.64],[-109.6,22.64],[-109.43,22.65],[-109.29,22.71],[-109.17,22.76],[-109.08,22.82],[-109.04,22.88],[-109.01,22.94],[-109.01,23.01],[-109.01,23.01],[-109.03,23.1],[-109.07,23.17],[-109.07,23.24],[-109.05,23.3],[-109.02,23.34],[-108.96,23.41],[-109.16,23.54],[-109.27,23.63],[-109.37,23.71],[-109.46,23.78],[-109.42,23.85],[-109.33,23.89],[-109.24,23.92],[-109.11,23.96],[-109,23.99],[-108.85,24.02],[-108.85,24.02],[-108.81,23.98],[-108.61,23.81],[-108.44,23.67],[-108.36,23.61],[-108.65,23.24],[-108.39,23.08],[-108.01,22.99],[-108.01,22.99],[-108.01,22.99],[-108.23,22.71],[-108.27,22.61],[-108.41,22.44],[-108.53,22.28],[-108.52,22.2],[-108.59,22.1],[-108.68,21.96],[-108.57,21.9],[-108.67,21.77],[-108.78,21.64],[-108.94,21.45],[-108.98,21.35],[-108.81,21.25],[-108.91,21.07],[-109.11,20.82],[-109.19,20.74],[-109.26,20.64],[-109.28,20.56],[-109.19,20.5],[-109.21,20.4],[-109.32,20.24],[-109.38,20.18],[-109.37,20.14],[-109.45,20.03],[-109.16,19.81],[-108.9,19.63],[-108.9,19.55],[-108.54,19.38],[-108.2,19.22],[-108.23,19.11],[-107.82,18.94],[-107.52,18.86],[-107.27,18.76],[-107.21,18.73],[-107,18.65],[-106.76,18.59],[-106.53,18.54],[-106.24,18.52],[-106.28,18.28],[-106.31,18.12],[-106.32,18.02],[-106.31,17.93],[-105.4,17.87],[-105.4,17.87],[-105.4,17.77],[-105.37,17.03],[-105.4,16.26],[-105.36,15.56],[-105.32,15.11],[-104.69,15.27],[-104.56,14.67],[-104.44,14.07],[-104.18,13.33],[-103.93,12.59],[-103.77,11.89],[-103.88,11.87],[-103.74,10.94],[-103.63,10.28],[-103.6,10.12],[-104.3,10.02],[-104.3,9.17],[-104.26,8.46],[-104.23,8.34],[-103.6,8.37],[-102.96,8.4],[-102.81,7.79],[-102.66,7.18],[-102.56,6.36],[-102.46,5.53],[-102.32,4.65],[-102.18,3.78],[-102.26,3.75],[-102.26,3.75],[-102.2,3.46],[-102.22,3.24],[-102.19,3.07],[-102.14,2.89],[-102.12,2.89],[-102.1,2.8],[-102.11,2.78],[-102.08,2.63],[-102.08,2.57],[-102.08,2.5],[-102.08,2.49],[-102.08,2.41],[-102.09,2.39],[-102.09,2.33],[-102.08,2.31],[-102.08,2.16],[-102.07,2.14],[-102.08,2.02],[-102.08,1.97],[-102.09,1.9],[-102.1,1.9],[-102.13,1.78],[-102.26,1.75],[-102.23,1.54],[-102.26,1.53],[-102.22,1.36],[-102.24,1.35],[-102.2,1.22],[-102.22,1.21],[-102.18,1.14],[-102.18,1.14],[-102.24,0.71],[-102.21,0.71],[-102.25,0.37],[-102.29,0.16],[-102.32,-0.02],[-102.35,-0.39],[-102.4,-0.5],[-102.45,-0.82],[-102.5,-1.11],[-102.52,-1.28],[-102.4,-1.28],[-102.42,-1.37],[-102.46,-1.53],[-102.39,-1.56],[-102.31,-1.6],[-102.33,-1.69],[-102.36,-1.76],[-102.38,-1.83],[-102.4,-1.91],[-102.62,-1.91],[-102.66,-2.19],[-102.68,-2.35],[-102.69,-2.49],[-102.72,-2.66],[-102.75,-2.93],[-102.7,-2.93],[-102.57,-2.94],[-102.57,-3.13],[-102.57,-3.43],[-102.6,-3.54],[-102.66,-3.76],[-102.68,-3.86],[-102.71,-3.97],[-102.73,-4.06],[-103.07,-4.02],[-103.82,-3.93],[-104.54,-3.84],[-104.7,-4.15],[-105.38,-4.08],[-105.54,-4.57],[-106.25,-4.49],[-106.27,-4.54],[-106.31,-4.66],[-106.37,-4.82],[-106.45,-5.04],[-106.48,-5.15],[-106.52,-5.36],[-106.57,-5.55],[-106.59,-5.62],[-106.74,-5.62],[-106.75,-6.02],[-106.84,-6.02],[-106.95,-6.44],[-107.44,-6.37],[-107.61,-6.76],[-107.65,-7.19],[-107.88,-7.51],[-107.9,-7.58],[-108.06,-8.24],[-108.19,-8.36],[-108.32,-9.14],[-109.04,-9.04],[-109.76,-8.92],[-109.78,-9.07],[-109.86,-9.68],[-110.07,-9.66],[-110.22,-10.08],[-110.27,-10.61],[-110.29,-10.8],[-110.45,-10.82],[-110.49,-11.39],[-110.67,-11.47],[-110.82,-11.75],[-110.93,-11.97],[-111.08,-12.74],[-110.89,-12.76],[-111.01,-13.41],[-111.19,-13.4],[-111.27,-13.54],[-111.85,-13.46],[-112.43,-13.39],[-112.44,-13.86],[-112.58,-14.06],[-112.61,-14.72],[-112.77,-14.7],[-112.87,-15.25],[-112.97,-15.79],[-113.07,-16.35],[-112.97,-16.36],[-113.17,-16.67],[-113.04,-16.68],[-113.24,-17.05],[-113.12,-17.06],[-113.33,-17.52],[-113.17,-17.54],[-113.39,-17.99],[-113.26,-18.01],[-113.38,-18.44],[-113.52,-18.76],[-113.36,-18.78],[-113.62,-19.29],[-113.5,-19.3],[-113.65,-19.81],[-113.8,-20.32],[-113.93,-20.57],[-114.09,-20.6],[-114.23,-21.11],[-114.32,-21.56],[-114.38,-21.63],[-114.42,-22.11],[-114.51,-22.12],[-114.5,-22.2],[-114.5,-22.54],[-114.57,-23.02],[-114.87,-23.04],[-114.96,-23.18],[-115.18,-23.24],[-115.25,-23.4],[-115.6,-23.47],[-115.42,-23.88],[-115.4,-24.02],[-115.48,-24.11],[-115.91,-24.24],[-115.97,-24.38],[-116.18,-24.46],[-116.22,-24.56],[-116.1,-24.85],[-116.49,-25.17],[-116.35,-25.41],[-116.03,-25.67],[-115.75,-25.99],[-115.52,-26.24],[-115.29,-26.47],[-115.11,-26.6],[-114.52,-26.73],[-113.93,-26.79],[-113.53,-26.81],[-112.98,-26.83],[-112.95,-26.77],[-112.94,-26.93],[-113.11,-27.01],[-113.13,-27.27],[-113.13,-27.58],[-113,-27.61],[-112.97,-27.85],[-112.96,-28.03],[-112.94,-28.38],[-113.01,-28.39],[-113.02,-28.55],[-113.02,-28.79],[-112.96,-29.01],[-112.37,-29.16],[-111.81,-29.27],[-111.75,-29.58],[-111.77,-30.01],[-111.77,-30.18],[-111.8,-30.43],[-111.85,-30.62],[-111.89,-30.67],[-111.95,-31.04],[-111.98,-31.39],[-111.96,-31.39],[-112.02,-31.54],[-112.04,-31.6],[-112.05,-31.69],[-112.04,-31.77],[-112.06,-31.95],[-112.06,-32.11],[-112.15,-32.34],[-112.36,-32.33],[-112.42,-32.49],[-112.42,-32.79],[-112.44,-33.12],[-112.46,-33.4],[-112.5,-33.65],[-112.6,-33.66],[-112.63,-34],[-112.56,-34.3],[-112.42,-34.56],[-112.19,-34.67],[-111.76,-34.81],[-111.4,-34.91],[-111.37,-34.92],[-111.13,-34.99],[-110.83,-35.09],[-110.83,-35.09],[-110.83,-35.09],[-110.88,-35.32],[-110.89,-35.8],[-110.58,-35.83],[-110.72,-36.22],[-110.74,-36.36],[-110.47,-36.41],[-110.67,-37.04],[-110.87,-37.67],[-111.07,-38.28],[-111.27,-38.88],[-111.27,-38.98],[-110.39,-38.99],[-110.53,-39.57],[-110.68,-40.16],[-110.75,-40.76],[-110.83,-41.36],[-110.95,-42.25],[-111.35,-42.2],[-111.54,-42.68],[-111.73,-43.17],[-111.97,-43.77],[-112.22,-44.38],[-112.38,-44.94],[-112.55,-45.49],[-112.67,-45.83],[-112.43,-45.85],[-112.69,-46.54],[-112.95,-47.22],[-113.13,-47.77],[-113.31,-48.32],[-113.53,-48.84],[-113.75,-49.36],[-113.88,-49.85],[-114.56,-49.72],[-115.23,-49.59],[-116.39,-49.37],[-116.8,-49.89],[-117.22,-50.42],[-117.52,-50.87],[-117.82,-51.33],[-118.12,-51.77],[-118.42,-52.21],[-118.88,-52.75],[-118.98,-52.9],[-117.66,-53.12],[-118.04,-53.69],[-118.31,-54.35],[-118.58,-54.82],[-119.69,-54.64],[-120.66,-54.41],[-121.23,-55.22],[-121.64,-55.83],[-121.86,-56.03],[-122.66,-55.87],[-123.44,-55.72],[-124.26,-55.59],[-125.08,-55.45],[-126.2,-55.14],[-126.8,-55.06],[-127.23,-55.57],[-128.62,-55.32],[-129.34,-55.13],[-130.06,-54.93],[-131.38,-54.62],[-132.13,-54.43],[-132.87,-54.24],[-134.21,-53.89],[-135.31,-53.64],[-136.18,-53.4],[-136.59,-53.91],[-137.52,-53.69],[-137.89,-53.57],[-138.34,-54.14],[-138.8,-54.71],[-139.25,-55.25],[-139.58,-55.61],[-139.19,-55.72],[-139.54,-56.27],[-140.04,-56.77],[-140.32,-57.05],[-141.21,-56.84],[-142.09,-56.62],[-143.32,-56.26],[-144.48,-55.91],[-144.86,-55.78],[-145.41,-56.23],[-145.98,-56.67],[-146.68,-57.31],[-147.17,-57.64],[-147.69,-57.55],[-148.28,-58.13],[-149.26,-58.82],[-149.81,-59.31],[-150.38,-59.72],[-151.33,-59.47],[-152.12,-60.16],[-152.94,-60.84],[-153.66,-61.4],[-154.18,-61.84],[-154.32,-61.78],[-155.25,-62.43],[-156.02,-62.95],[-156.72,-63.32],[-157.6,-63.07],[-158.39,-62.79],[-158.7,-63],[-159.89,-62.6],[-160.43,-62.92],[-161.34,-62.61],[-162.06,-62.39],[-163,-62.97],[-163.92,-63.47],[-165.15,-63.01],[-166.2,-62.61],[-166.61,-62.49],[-167.51,-63.11],[-168.38,-63.73],[-169.11,-64.24],[-169.84,-64.76],[-170.04,-64.86],[-171.3,-64.36],[-172.52,-64.98],[-173.71,-65.51],[-174.42,-65.84],[-175.07,-65.5],[-175.73,-65.18],[-177.07,-65.61],[-177.74,-65.81],[-177.74,-65.81],[-177.25,-66.29],[-178.6,-66.84],[-180,-67.37],[-180,-66.37],[-180,-65.37],[-180,-64.37],[-180,-63.37],[-180,-62.37],[-180,-61.37],[-180,-60.37],[-180,-59.37],[-180,-58.37],[-180,-57.37],[-180,-56.37],[-180,-55.37],[-180,-54.37],[-180,-53.37],[-180,-52.37],[-180,-51.37],[-180,-50.37],[-180,-49.37],[-180,-48.37],[-180,-47.37],[-180,-46.37],[-180,-45.37],[-180,-44.37],[-180,-43.37],[-179.57,-42.89],[-179.16,-42.39],[-178.76,-41.61],[-178.49,-41.24],[-178.33,-41],[-178.33,-41],[-178.5,-40.99],[-178.7,-40.98],[-178.98,-40.96],[-179.11,-40.96],[-179.22,-40.95],[-179.66,-40.92],[-180,-40.9],[-180,-40],[-180,-39.1],[-180,-38.2],[-180,-37.3],[-180,-37.27],[-180,-37.25],[-180,-37.07],[-179.53,-36.38],[-179.08,-35.68],[-178.63,-34.99],[-178.41,-34.41],[-178.19,-33.84],[-178,-33.61],[-177.81,-33.11],[-177.63,-32.6],[-177.46,-32.12],[-177.46,-32.12],[-177.3,-31.82],[-176.94,-31.13],[-176.59,-30.44],[-176.24,-29.74],[-176,-28.77],[-175.76,-27.81],[-175.42,-26.92],[-175.38,-26.23],[-175.34,-25.55],[-175.19,-24.68],[-175.04,-23.82],[-174.88,-23.55],[-174.43,-22.79],[-173.98,-22.03],[-173.68,-21.27],[-173.38,-20.52],[-173.03,-19.59],[-172.85,-19.05],[-172.68,-18.51],[-172.51,-17.91],[-172.35,-17.31],[-172.33,-16.4],[-172.31,-15.49],[-172.78,-15.01],[-173.44,-14.61],[-173.94,-14.46],[-174.44,-14.3],[-175.17,-14.41],[-175.91,-14.51],[-176.75,-14.66],[-177.59,-14.68],[-178.57,-14.79],[-179.28,-14.94],[-179.28,-14.94],[-179.03,-15.81],[-178.79,-16.67],[-178.79,-16.67],[-179.39,-17.09],[-180,-17.5],[-180,-16.5]]]]}},{"type":"Feature","properties":{"ma":0,"type":"gpml:TopologicalClosedPlateBoundary","name":"Rivera Plate - MG Consistent with Distributed NA deformation","pid":970,"deforming":false},"geometry":{"type":"Polygon","coordinates":[[[-107.77,23.32],[-107.75,23.25],[-107.74,23.18],[-107.76,23.07],[-107.78,22.94],[-107.83,22.85],[-107.66,22.74],[-107.45,22.58],[-107.43,22.56],[-107.4,22.51],[-107.39,22.46],[-107.4,22.43],[-107.45,22.36],[-107.48,22.31],[-107.47,22.28],[-107.43,22.26],[-107.33,22.21],[-107.26,22.19],[-107.2,22.18],[-107.13,22.14],[-107.07,22.09],[-107.02,22.02],[-107.04,21.93],[-107.07,21.88],[-107.14,21.79],[-107.19,21.65],[-107.17,21.57],[-107.1,21.48],[-107.01,21.43],[-106.97,21.42],[-106.89,21.44],[-106.82,21.43],[-106.64,21.41],[-106.61,21.39],[-106.52,21.32],[-106.43,21.26],[-106.35,21.19],[-106.29,21.14],[-106.23,21.07],[-106.22,20.95],[-106.2,20.9],[-106.15,20.79],[-106.04,20.67],[-105.7,20.32],[-105.7,20.32],[-105.7,20.2],[-105.6,19.6],[-105.2,19.2],[-104.8,18.9],[-104.77,18.87],[-104.77,18.87],[-105.09,18.37],[-105.4,17.87],[-105.4,17.87],[-106.31,17.93],[-106.32,18.02],[-106.31,18.12],[-106.28,18.28],[-106.24,18.52],[-106.53,18.54],[-106.76,18.59],[-107,18.65],[-107.21,18.73],[-107.27,18.76],[-107.52,18.86],[-107.82,18.94],[-108.23,19.11],[-108.2,19.22],[-108.54,19.38],[-108.9,19.55],[-108.9,19.63],[-109.16,19.81],[-109.45,20.03],[-109.37,20.14],[-109.38,20.18],[-109.32,20.24],[-109.21,20.4],[-109.19,20.5],[-109.28,20.56],[-109.26,20.64],[-109.19,20.74],[-109.11,20.82],[-108.91,21.07],[-108.81,21.25],[-108.98,21.35],[-108.94,21.45],[-108.78,21.64],[-108.67,21.77],[-108.57,21.9],[-108.68,21.96],[-108.59,22.1],[-108.52,22.2],[-108.53,22.28],[-108.41,22.44],[-108.27,22.61],[-108.23,22.71],[-108.01,22.99],[-107.81,23.33],[-107.77,23.32]]]}},{"type":"Feature","properties":{"ma":0,"type":"gpml:TopologicalClosedPlateBoundary","name":"Africa","pid":701,"deforming":false},"geometry":{"type":"Polygon","coordinates":[[[43.7,11.9],[43.7,11.9],[42.74,11.65],[42.74,11.65],[42.73,11.72],[42.92,12.19],[42.92,12.43],[42.46,12.98],[42.17,13.37],[41.67,13.84],[41.17,14.27],[40.72,14.61],[40.51,14.84],[40.1,15.03],[39.73,14.94],[39.47,14.87],[39.47,14.87],[39.54,14.63],[39.7,14.03],[39.67,13.58],[39.6,12.98],[39.58,12.46],[39.57,11.75],[39.64,10.98],[39.77,10.38],[39.84,9.61],[39.56,9.25],[39.02,8.74],[38.37,8.36],[38.19,8.17],[38.08,7.91],[37.77,7.44],[37.31,7.21],[36.86,6.97],[36.09,6.33],[35.88,5.83],[35.66,5.33],[35.61,4.63],[35.6,4.1],[35.65,3.98],[35.65,3.98],[35.72,3.94],[35.8,3.54],[35.87,3.33],[35.89,3],[35.72,2.86],[35.81,2.46],[35.77,2.13],[35.76,1.81],[35.66,1.52],[35.55,1.18],[35.42,0.77],[35.44,0.38],[35.59,0.02],[35.76,-0.2],[35.66,-0.37],[35.84,-0.49],[35.86,-0.88],[35.89,-1.11],[35.87,-1.41],[35.91,-1.67],[35.64,-1.97],[35.34,-2.34],[35.27,-2.61],[35.18,-3.08],[35.01,-3.34],[34.83,-3.72],[34.35,-3.98],[33.94,-4.5],[34,-4.99],[34.05,-5.08],[34.05,-5.08],[34.6,-5.19],[34.94,-5.25],[35.5,-5.21],[35.91,-5.43],[35.91,-5.43],[36.07,-5.97],[36.23,-6.5],[36.45,-7],[36.66,-7.5],[36.86,-7.89],[36.86,-7.89],[36.84,-7.9],[36.39,-8.63],[35.81,-9.22],[35.26,-9.84],[34.98,-10.35],[34.69,-10.86],[34.69,-10.86],[34.54,-10.27],[34.25,-9.6],[33.68,-9.1],[33.31,-8.75],[32.94,-8.39],[32.42,-7.89],[31.75,-7.26],[31.38,-6.75],[31.32,-6.6],[31.32,-6.6],[31.29,-6.62],[30.87,-6.8],[30.54,-6.97],[30.29,-7.07],[30.29,-7.07],[30.29,-7.07],[30.14,-6.51],[29.85,-6.13],[29.87,-5.68],[29.68,-5.2],[29.66,-4.66],[29.76,-3.79],[29.65,-2.87],[29.48,-2.36],[29.36,-1.94],[29.49,-1.32],[29.59,-0.71],[29.9,-0.11],[30.11,0.44],[30.3,0.95],[30.66,1.28],[30.92,1.53],[31.4,1.89],[31.59,2.11],[31.59,2.11],[31.58,2.15],[31.26,2.48],[31.26,2.48],[30.81,2.17],[30.73,1.9],[30.34,1.62],[29.7,0.97],[29.45,0.44],[29.2,-0.42],[28.86,-1.06],[28.8,-1.99],[28.76,-2.31],[28.87,-2.61],[29.02,-3.33],[29.1,-4.13],[29.1,-4.88],[29.21,-5.75],[29.29,-6.47],[29.65,-7.14],[30.09,-7.81],[30.47,-8.2],[30.92,-8.74],[31.05,-8.87],[31.05,-8.87],[31.34,-8.69],[31.4,-8.66],[31.4,-8.66],[31.32,-8.52],[31.17,-8.11],[30.76,-7.69],[30.62,-7.51],[30.62,-7.51],[31.6,-7.67],[32.12,-8.11],[32.64,-8.54],[33.28,-9.17],[33.94,-9.79],[34.07,-10.44],[34.42,-11],[34.3,-11.71],[34.17,-12.41],[34.07,-13.18],[34.46,-13.86],[34.85,-14.54],[34.73,-15.2],[34.6,-15.85],[34.63,-15.9],[34.63,-15.9],[34.29,-16.23],[33.77,-16.75],[34.06,-17.42],[34.13,-17.83],[34.13,-17.83],[34.15,-17.94],[34.2,-18.56],[34.2,-18.76],[34.2,-18.76],[33.74,-19.22],[33.28,-19.68],[33.19,-20.51],[33.1,-21.33],[32.15,-21.63],[31.2,-21.93],[30.25,-22.21],[29.29,-22.5],[28.7,-23.14],[28.09,-23.78],[27.49,-24.41],[27.69,-25.3],[27.9,-26.19],[27.25,-26.48],[26.59,-26.77],[26.59,-27.46],[26.59,-28.16],[27.17,-28.61],[27.76,-29.06],[28.33,-29.84],[28.91,-30.62],[29.72,-31.29],[30.54,-31.94],[31.37,-32.6],[32.22,-33.24],[33.08,-33.88],[33.95,-34.52],[34.83,-35.15],[35.73,-35.77],[36.64,-36.38],[37.57,-36.99],[37.14,-37.92],[36.7,-38.84],[36.25,-39.77],[35.79,-40.69],[35.31,-41.61],[34.82,-42.53],[34.32,-43.44],[33.8,-44.35],[33.26,-45.27],[32.71,-46.17],[33.5,-46.44],[33.5,-46.44],[33.17,-47.26],[31.86,-47.2],[31.59,-47.68],[31.31,-48.16],[30.7,-49.01],[30.36,-49.21],[29.71,-49.93],[29.44,-50.36],[29.35,-50.5],[29.31,-50.56],[29.26,-50.65],[28.94,-51.21],[28.61,-51.77],[28.4,-52.28],[28.31,-52.53],[28.11,-52.9],[27.48,-52.77],[27.37,-52.67],[27.32,-52.55],[26.71,-52.38],[26.51,-52.62],[26.34,-53.06],[26.18,-53.43],[25.99,-53.58],[25.86,-53.48],[25.65,-53.41],[25.18,-53.44],[24.87,-53.35],[24.69,-53.42],[23.88,-53.31],[23.02,-53.2],[23.08,-53.1],[22.49,-53.05],[21.25,-52.91],[19.99,-52.82],[18.71,-52.55],[18.54,-52.73],[17.8,-52.47],[17.6,-52.4],[16.8,-52.13],[15.82,-51.79],[15.43,-52.08],[15.11,-52.31],[14.46,-52],[13.79,-52.48],[13.27,-52.18],[13.12,-52.09],[12.9,-51.96],[12.31,-52.37],[11.73,-52.77],[10.97,-53.33],[10.54,-53.07],[9.99,-52.79],[9.45,-53.22],[9.07,-53.48],[8.8,-53.67],[8.29,-54.03],[7.77,-54.39],[7.24,-54.1],[6.63,-53.81],[6.18,-54.12],[5.91,-54.28],[5.5,-54.54],[4.83,-54.16],[4.41,-54.43],[3.96,-54.13],[3.37,-53.83],[3.03,-53.65],[2.43,-54],[2.36,-54.04],[1.69,-54.4],[0.96,-54.83],[0.44,-54.45],[-0.04,-54.68],[-0.41,-54.87],[-0.42,-54.87],[-0.42,-54.87],[-0.42,-54.86],[-1.38,-54.05],[-2.37,-54.33],[-2.92,-53.55],[-3.45,-52.76],[-3.96,-51.98],[-4.24,-52.05],[-4.71,-51.13],[-5.17,-50.22],[-5.67,-50.32],[-6.21,-50.43],[-6.66,-50.52],[-7.16,-50.61],[-7.43,-50],[-7.64,-50.06],[-7.73,-49.84],[-7.91,-49.4],[-7.96,-49.27],[-8.02,-49.28],[-8.14,-48.96],[-8.92,-49.09],[-9.71,-49.22],[-9.97,-48.52],[-10.23,-47.82],[-10.48,-47.13],[-11.9,-47.36],[-13.33,-47.58],[-13.57,-46.69],[-13.81,-45.8],[-14.72,-45.9],[-14.89,-45.37],[-15.59,-45.48],[-15.92,-44.58],[-16.24,-43.68],[-16.33,-43.39],[-16.43,-42.87],[-16.21,-42.34],[-16.33,-41.81],[-16.68,-41.52],[-16.82,-40.79],[-16.87,-40.37],[-16.47,-40.27],[-16.41,-39.79],[-15.92,-39.68],[-15.97,-39.35],[-16.04,-38.88],[-16.36,-38.56],[-16.8,-38.4],[-17.05,-38.45],[-17.39,-38.03],[-17.53,-37.47],[-17.23,-37.37],[-17.33,-36.94],[-17.44,-36.56],[-17.09,-36.47],[-17.7,-35.66],[-16.96,-35.5],[-16.03,-35.34],[-15.1,-35.18],[-15.27,-34.77],[-15.08,-34.69],[-15.27,-34.24],[-14.52,-34.04],[-14.7,-33.57],[-14.37,-33.5],[-14.45,-32.95],[-14.52,-32.4],[-13.88,-32.27],[-13.25,-32.14],[-13.5,-31.18],[-13.37,-31.16],[-13.54,-30.49],[-13.72,-29.83],[-13.82,-29.85],[-13.99,-29.25],[-13.26,-29.1],[-12.53,-28.94],[-12.75,-28.21],[-13.27,-28.32],[-13.48,-27.44],[-13.69,-26.56],[-13.82,-26.59],[-14.05,-25.74],[-13.66,-25.65],[-13.81,-24.89],[-13.28,-24.78],[-13.43,-24.15],[-13.57,-23.51],[-13.66,-23.54],[-13.83,-22.83],[-13.34,-22.73],[-12.85,-22.63],[-12.91,-22.38],[-12.36,-22.27],[-11.82,-22.15],[-11.94,-21.75],[-11.85,-21.74],[-12.01,-21.21],[-11.76,-21.18],[-11.97,-20.3],[-11.85,-20.28],[-11.94,-19.82],[-12.26,-19.94],[-12.37,-19.34],[-12.48,-18.75],[-12.76,-18.78],[-12.86,-18.29],[-12.96,-17.79],[-13.52,-17.89],[-14.08,-17.99],[-14.22,-17.39],[-14.37,-16.78],[-14.24,-16.76],[-14.3,-16.43],[-13.77,-16.32],[-13.24,-16.21],[-13.38,-15.69],[-13.23,-15.66],[-13.44,-14.85],[-13.64,-14.04],[-14.48,-14.21],[-14.54,-13.74],[-14.6,-13.27],[-14.41,-13.22],[-14.55,-12.58],[-14.79,-12.66],[-14.86,-12.32],[-14.91,-12.34],[-15.01,-11.89],[-14.51,-11.77],[-14.02,-11.66],[-13.52,-11.54],[-13.03,-11.42],[-13.17,-10.62],[-13.32,-9.82],[-13.17,-9.79],[-13.25,-9.28],[-13.02,-9.23],[-13.19,-8.37],[-13.36,-8.41],[-13.49,-7.89],[-13.62,-7.37],[-12.81,-7.16],[-11.99,-6.96],[-11.18,-6.76],[-11.27,-6.02],[-11.02,-5.93],[-11.17,-5.38],[-11.52,-5.42],[-11.6,-4.94],[-12.02,-5.03],[-12.14,-4.61],[-12.04,-4.59],[-12.1,-4.1],[-11.77,-3.97],[-11.9,-3.49],[-12.03,-3.01],[-11.83,-2.85],[-12,-2.4],[-12.16,-1.95],[-12.7,-2.1],[-12.93,-1.51],[-13.16,-0.92],[-13.91,-1.11],[-14.66,-1.3],[-15.41,-1.49],[-15.57,-1.07],[-15.84,-1.14],[-16.04,-0.52],[-16.25,-0.56],[-16.5,0.3],[-16.76,0.27],[-17.32,0.15],[-17.89,0.03],[-18.37,-0.07],[-18.85,-0.18],[-19.67,-0.33],[-20.49,-0.5],[-21.02,-0.59],[-21.54,-0.68],[-22.38,-0.8],[-22.94,-0.88],[-23.49,-0.96],[-24.05,-1.03],[-24.61,-1.1],[-24.82,-0.24],[-25.03,0.61],[-25.66,0.56],[-26.29,0.5],[-26.47,1.16],[-27.32,1.06],[-27.83,1.01],[-28.35,0.95],[-29.21,0.85],[-29.92,0.8],[-30.03,1.61],[-30.74,1.64],[-30.81,2.45],[-30.89,3.25],[-30.96,4.06],[-31.44,4.04],[-31.91,4.01],[-32.39,3.99],[-32.86,3.96],[-32.92,4.8],[-32.98,5.65],[-33.51,5.65],[-33.51,6.08],[-33.62,6.1],[-33.62,6.62],[-34.49,6.62],[-35.36,6.61],[-35.37,6.93],[-36.05,7.02],[-36.06,7.36],[-36.85,7.4],[-36.86,7.65],[-37.54,7.68],[-38.21,7.7],[-38.22,8.14],[-38.7,8.16],[-39.18,8.18],[-39.66,8.2],[-40.14,8.22],[-40.12,8.82],[-40.65,8.84],[-40.64,9.37],[-40.86,9.39],[-40.86,9.97],[-41.08,9.98],[-41.09,10.79],[-41.56,10.81],[-42.03,10.84],[-42.5,10.86],[-42.98,10.88],[-43.45,10.91],[-43.92,10.93],[-43.9,11.51],[-43.88,12.09],[-44.28,12.1],[-44.26,12.63],[-45.04,12.68],[-45.05,13.34],[-45.06,13.99],[-45.14,14.03],[-45.14,14.65],[-45.13,15.27],[-45.95,15.36],[-46.77,15.57],[-46.83,15.62],[-46.83,15.62],[-46.62,16.58],[-46.41,17.53],[-46.46,17.54],[-46.27,18.31],[-46.18,18.3],[-46.02,18.84],[-45.9,19.74],[-45.87,19.73],[-45.68,20.54],[-45.99,20.62],[-45.84,21.21],[-45.7,21.81],[-45.39,21.76],[-45.32,22.55],[-45.28,22.56],[-45.25,23.06],[-45.21,23.56],[-45.83,23.71],[-46.45,23.84],[-46.2,24.55],[-45.89,24.49],[-45.62,25.19],[-45.26,25.13],[-44.9,25.94],[-44.81,25.94],[-44.53,26.65],[-44.25,27.36],[-43.97,28.07],[-43.68,28.78],[-43.38,28.73],[-43.03,29.39],[-42.87,29.36],[-42.59,29.99],[-42.17,29.93],[-41.54,30.74],[-41.41,30.72],[-41.11,31.13],[-40.97,31.11],[-40.51,31.74],[-40.04,32.37],[-39.56,33],[-39.74,33.04],[-39.34,33.68],[-38.55,33.55],[-37.76,33.41],[-37.7,33.41],[-37.38,34.09],[-37.04,34.02],[-36.85,34.65],[-36.25,34.55],[-36.06,35.16],[-35.43,35.04],[-34.8,34.92],[-34.68,35.22],[-34.68,35.22],[-34.03,35.19],[-33.37,35.16],[-32.2,35.26],[-31.02,35.35],[-29.84,35.42],[-28.66,35.48],[-27.55,35.55],[-26.43,35.6],[-25.32,35.64],[-24.31,35.71],[-23.3,35.77],[-22.29,35.82],[-21.15,35.89],[-20.01,35.95],[-18.86,36],[-17.79,36.09],[-16.71,36.16],[-15.62,36.23],[-14.53,36.38],[-13.42,36.53],[-12.32,36.66],[-11.21,36.79],[-10.55,36.83],[-9.88,36.86],[-8.88,36.71],[-7.89,36.56],[-6.76,36.52],[-5.63,36.46],[-5.63,36.46],[-5.9,36.36],[-5.51,35.68],[-5.13,35],[-4.07,35],[-3.09,35.05],[-2.12,35.1],[-1.45,35.42],[-0.77,35.74],[-0.21,35.97],[0.36,36.18],[1.19,36.51],[2.05,36.44],[2.91,36.49],[3.78,36.54],[4.34,36.41],[5.15,36.64],[6.01,36.7],[6.87,36.76],[7.64,36.68],[8.08,36.91],[8.79,36.96],[9.71,37.32],[10.43,37.12],[11.24,37.41],[11.87,37.4],[12.5,37.39],[13.25,37.26],[13.99,37.12],[14.91,37.52],[15.46,37.47],[15.46,37.47],[15.4,36.69],[15.75,36.03],[16.6,35.71],[17.14,35.76],[17.97,36.15],[18.51,36.64],[19.07,37.12],[19.4,37.61],[19.74,38.1],[18.9,38.79],[18.04,39.47],[17.45,39.94],[16.85,40.4],[16.3,40.76],[15.75,41.12],[15.33,41.61],[14.92,42.1],[14.31,42.3],[13.76,43],[13.58,43.77],[12.93,44.13],[12.28,44.5],[11.73,44.99],[11.15,45.05],[10.49,44.91],[9.79,45.34],[9.44,45.26],[9.09,45.07],[8.56,45.32],[7.99,45.28],[7.61,45.09],[7.55,45.11],[7.47,45.11],[7.59,45.28],[7.82,45.51],[8.08,45.69],[8.74,45.56],[9.07,45.48],[9.51,45.45],[10.06,45.42],[10.58,45.51],[10.86,45.69],[11.56,45.91],[11.98,45.98],[12.3,46.02],[12.81,46.31],[13.42,45.9],[14.04,45.47],[14.13,45.31],[14.28,44.39],[14.84,43.6],[15.29,43.23],[16.15,42.97],[17.01,42.7],[17.72,42.66],[18.36,42.44],[18.57,42.28],[19.17,41.88],[19.34,41.52],[19.66,41.11],[19.66,41.11],[19.66,40.54],[19.66,39.98],[20.08,39.54],[20.49,39.1],[20.15,38.61],[19.8,38.11],[19.34,37.51],[18.89,36.91],[18.92,36.03],[18.97,35.05],[19.56,34.53],[20.15,34.01],[21.09,33.59],[22.11,33.16],[22.78,32.86],[23.46,32.57],[24.61,32.48],[25.56,32.4],[26.36,32.96],[27.09,33.47],[27.83,33.99],[28.43,34.16],[29.04,34.33],[29.91,34.39],[30.77,34.45],[31.68,34.42],[32.59,34.38],[33.5,34.8],[34.42,35.22],[34.42,35.22],[34.42,35.22],[34.42,35.22],[35.07,35.5],[35.72,35.78],[35.72,35.78],[35.8,35.7],[35.7,34.9],[35.5,34],[35.35,33.45],[35.2,32.9],[35,32.1],[35,31.3],[34.9,30.8],[34.9,30],[34.9,29.5],[34.82,29.3],[34.82,29.3],[34.45,29.5],[33.85,29.58],[33.13,29.36],[32.49,29.13],[32.49,29.13],[32.63,28.98],[32.7,28.48],[32.81,28.1],[33.21,27.74],[33.58,27.01],[33.58,27.01],[33.9,27.19],[34.37,27.33],[34.37,27.33],[34.51,27.1],[34.85,26.61],[35.34,26.07],[35.83,25.52],[36.24,24.74],[36.64,23.95],[37.11,23.46],[37.57,22.98],[37.81,22.18],[38.04,21.39],[38.27,20.59],[38.5,19.8],[39.16,19.1],[39.81,18.39],[40.32,17.64],[40.83,16.89],[41.33,16.13],[41.67,15.47],[42.01,14.81],[42.46,14.1],[42.9,13.39],[43.2,12.8],[43.5,12.2],[43.7,11.9]]]}},{"type":"Feature","properties":{"ma":0,"type":"gpml:TopologicalClosedPlateBoundary","name":"Arabia ARB_001_000","pid":503,"deforming":false},"geometry":{"type":"Polygon","coordinates":[[[43.5,12.2],[43.2,12.8],[42.9,13.39],[42.46,14.1],[42.01,14.81],[41.67,15.47],[41.33,16.13],[40.83,16.89],[40.32,17.64],[39.81,18.39],[39.16,19.1],[38.5,19.8],[38.27,20.59],[38.04,21.39],[37.81,22.18],[37.57,22.98],[37.11,23.46],[36.64,23.95],[36.24,24.74],[35.83,25.52],[35.34,26.07],[34.85,26.61],[34.51,27.1],[34.37,27.33],[34.37,27.33],[34.42,27.34],[34.99,27.5],[35.46,27.54],[35.61,27.57],[35.61,27.57],[35.48,28.01],[35.17,28.44],[35.23,28.43],[34.9,28.99],[34.97,29.22],[34.97,29.22],[34.9,29.25],[34.82,29.3],[34.82,29.3],[34.9,29.5],[34.9,30],[34.9,30.8],[35,31.3],[35,32.1],[35.2,32.9],[35.35,33.45],[35.5,34],[35.7,34.9],[35.8,35.7],[35.72,35.78],[35.72,35.78],[35.77,35.79],[36.26,35.99],[37.12,36.22],[37.8,36.53],[38.49,36.83],[39.57,37.18],[40.79,37.28],[41.69,37.39],[42.4,36.85],[43.09,36.31],[43.09,36.31],[43.73,35.77],[44.17,35.37],[44.6,34.97],[44.77,34.42],[44.94,33.88],[45.39,33.38],[45.84,32.88],[46.57,32.35],[47.66,32.09],[48.52,32.12],[49.27,31.87],[49.74,31.41],[49.87,30.75],[50.28,30.08],[50.6,29.53],[50.91,28.94],[51.1,28.53],[51.64,28.04],[52.24,27.49],[53.15,26.98],[53.93,26.72],[55.03,26.82],[55.74,27.03],[56.3,27.27],[57.11,27.67],[57.11,27.67],[57.75,27.36],[58.39,27.05],[59.16,26.78],[59.92,26.5],[60.82,26.12],[61.71,25.73],[62.33,25.56],[62.95,25.39],[63.49,25.24],[64.04,25.08],[65.07,25.14],[65.49,25.16],[65.49,25.16],[64.98,24.55],[64.47,23.93],[63.96,23.31],[63.46,22.69],[62.96,21.9],[62.47,21.1],[61.98,20.3],[61.49,19.5],[61.01,18.7],[60.69,17.86],[60.36,17.02],[60.04,16.18],[59.73,15.34],[59.25,14.45],[58.78,13.57],[58.31,12.68],[58.31,12.68],[58.3,12.7],[57.9,13.1],[57.5,13.5],[56.9,14],[56.3,14.5],[56.1,14.3],[55.3,14.75],[54.5,15.2],[54.15,14.75],[53.8,14.3],[53,14.6],[52.8,14.4],[52.2,14.6],[51.7,13.85],[51.2,13.1],[50.7,13.25],[50.2,13.4],[49.8,13.1],[48.8,13],[48.2,12.6],[47.35,12.55],[46.5,12.5],[46.3,12.2],[45.43,12.1],[44.57,12],[43.7,11.9],[43.5,12.2]]]}},{"type":"Feature","properties":{"ma":0,"type":"gpml:TopologicalClosedPlateBoundary","name":"Scotia Plate NW15","pid":818,"deforming":false},"geometry":{"type":"Polygon","coordinates":[[[-45.3,-52.81],[-43.72,-53.05],[-43.72,-53.05],[-43.72,-53.05],[-43.83,-53.1],[-44.05,-53.34],[-43.76,-53.48],[-42.94,-53.65],[-42.21,-53.79],[-41.81,-53.9],[-41.69,-53.95],[-40.38,-54.15],[-39.73,-54.23],[-39.09,-54.38],[-39.09,-54.38],[-39.1,-54.53],[-38.39,-54.91],[-37.54,-55.08],[-36.69,-55.25],[-35.78,-55.63],[-35.31,-55.65],[-34.37,-55.56],[-34,-55.29],[-33.7,-54.44],[-33.7,-54.44],[-32.79,-54.63],[-31.87,-54.81],[-30.81,-54.84],[-29.75,-54.87],[-29.75,-54.87],[-29.71,-55.2],[-29.81,-55.33],[-29.79,-55.5],[-29.77,-55.6],[-29.82,-55.68],[-30.32,-55.75],[-30.33,-55.86],[-30.33,-55.95],[-30.33,-56.05],[-30.33,-56.13],[-30.33,-56.29],[-30.38,-56.44],[-30.72,-56.45],[-30.73,-56.51],[-30.74,-56.57],[-30.74,-56.86],[-30.47,-56.85],[-30.38,-57.09],[-30.13,-57.1],[-30.13,-57.1],[-30.07,-57.6],[-29.85,-57.6],[-29.84,-58.26],[-30.01,-58.27],[-29.95,-58.81],[-29.56,-58.82],[-29.55,-59.51],[-30.11,-59.52],[-30.03,-59.94],[-29.88,-60.17],[-29.6,-60.43],[-28.68,-60.46],[-27.7,-60.47],[-27.7,-60.62],[-27.7,-60.62],[-27.7,-60.62],[-27.73,-60.63],[-29.34,-60.59],[-30.94,-60.53],[-31.18,-60.51],[-31.18,-60.51],[-31.64,-60.42],[-31.7,-60.28],[-31.68,-60.13],[-31.49,-59.99],[-31.2,-59.85],[-31.03,-59.75],[-31.03,-59.75],[-31.14,-59.58],[-32.07,-59.67],[-32.4,-59.76],[-32.79,-59.69],[-33.41,-59.66],[-34.69,-59.9],[-35.87,-59.83],[-35.87,-59.83],[-35.88,-59.84],[-36.71,-60.08],[-37.09,-60.2],[-38.36,-60.63],[-38.36,-60.63],[-38.37,-60.29],[-38.51,-60],[-39.06,-59.54],[-40.11,-59.46],[-40.67,-59.55],[-40.67,-59.55],[-40.8,-59.67],[-41.23,-60.04],[-41.44,-60.22],[-41.55,-60.31],[-41.81,-60.54],[-42.23,-60.82],[-42.23,-60.82],[-43.27,-60.54],[-44.35,-60.45],[-44.87,-60.39],[-44.87,-60.39],[-44.69,-60.21],[-44.51,-59.97],[-44.27,-59.67],[-43.97,-59.27],[-43.67,-58.87],[-43.67,-58.87],[-43.67,-58.87],[-44.11,-58.63],[-44.72,-58.65],[-45.3,-58.66],[-46.1,-58.73],[-46.88,-58.77],[-47.02,-58.81],[-47.02,-58.81],[-47.38,-59.31],[-47.65,-59.85],[-47.93,-60.39],[-48.01,-60.55],[-48.01,-60.55],[-48.46,-60.56],[-49.1,-60.56],[-50.01,-60.55],[-50.66,-60.52],[-50.66,-60.52],[-50.65,-60.5],[-50.45,-59.93],[-50.27,-59.4],[-49.98,-58.89],[-49.88,-58.72],[-49.75,-58.48],[-49.15,-57.83],[-49.15,-57.83],[-50.19,-57.7],[-51.23,-57.56],[-51.92,-58.35],[-52.43,-58.32],[-53.1,-59.15],[-54.45,-58.96],[-55.12,-59.68],[-55.83,-60.4],[-54.59,-60.62],[-55.15,-61.37],[-55.15,-61.37],[-55.94,-60.93],[-57.52,-60.34],[-59.04,-59.73],[-60.67,-59.19],[-62.25,-58.62],[-63.23,-58.43],[-64.19,-58.23],[-64.59,-58.08],[-64.59,-58.08],[-65.45,-58.04],[-66.77,-57.73],[-67.58,-57.5],[-67.58,-57.5],[-67.37,-57.18],[-66.46,-56.56],[-65.59,-55.93],[-64.44,-56.25],[-63.54,-55.5],[-63.09,-55.59],[-62.19,-54.88],[-61.8,-54.56],[-61.8,-54.56],[-61.64,-54.59],[-61.16,-54.69],[-60.68,-54.78],[-60.36,-54.83],[-59.97,-54.9],[-59.34,-54.86],[-58.52,-54.81],[-58.06,-54.88],[-57.48,-54.96],[-56.61,-54.99],[-55.63,-54.76],[-54.62,-54.51],[-54.68,-54.2],[-54.68,-54.2],[-54.35,-54.21],[-54.26,-54.21],[-54.11,-54.21],[-53.87,-54.21],[-53.72,-54.2],[-53.56,-54.17],[-53.41,-54.14],[-53.33,-54.12],[-53.08,-54.03],[-52.76,-54.1],[-52.35,-54.19],[-52.1,-54.15],[-51.74,-54.08],[-51.38,-54.02],[-51.11,-53.97],[-50.99,-53.62],[-50.47,-53.53],[-50.13,-53.47],[-49.78,-53.4],[-49.71,-53.21],[-49.66,-53.07],[-48.53,-53.06],[-48,-53.05],[-48,-53.05],[-47.86,-53.13],[-47.41,-53.29],[-46.91,-53.3],[-46.52,-53.3],[-46.37,-53.31],[-45.9,-53.3],[-45.65,-53.29],[-45.54,-53.29],[-45.43,-53.29],[-45.19,-53.1],[-45.3,-52.81]]]}},{"type":"Feature","properties":{"ma":0,"type":"gpml:TopologicalClosedPlateBoundary","name":"NAM_5-0Ma","pid":101,"deforming":false},"geometry":{"type":"Polygon","coordinates":[[[-180,51.44],[-180,52.43],[-180,53.42],[-180,54.4],[-180,55.39],[-180,56.38],[-180,57.37],[-180,58.36],[-180,59.35],[-180,60.34],[-180,61.33],[-180,62.31],[-180,63.3],[-180,64.29],[-180,65.28],[-180,66.27],[-180,67.26],[-180,68.25],[-180,69.24],[-180,70.22],[-180,71.21],[-180,72.2],[-180,73.19],[-180,74.18],[-180,75.17],[-180,76.16],[-180,77.15],[-180,78.13],[-180,79.12],[-180,80.11],[-180,81.1],[-180,82.09],[-180,83.08],[-180,84.07],[-180,85.06],[-180,86.05],[-180,87.03],[-180,88.02],[-180,89.01],[-180,90],[180,90],[180,89.01],[180,88.02],[180,87.03],[180,86.05],[180,85.06],[180,84.07],[180,83.08],[180,82.09],[180,81.1],[180,80.11],[180,79.12],[180,78.13],[180,77.15],[180,76.16],[180,75.17],[180,74.18],[180,73.19],[180,72.2],[180,71.21],[180,70.22],[180,69.24],[180,68.25],[180,67.26],[180,66.27],[180,65.28],[180,64.29],[180,63.3],[180,62.31],[180,61.33],[180,60.34],[180,59.35],[180,58.36],[180,57.37],[180,56.38],[180,55.39],[180,54.4],[180,53.42],[180,52.43],[180,51.44],[180,50.45],[178.47,50.56],[176.98,50.76],[175.47,50.94],[174.19,51.35],[172.88,51.74],[171.54,52.13],[170.46,52.57],[169.36,53.01],[168.23,53.43],[167.08,53.85],[166.1,54.31],[165.1,54.75],[164.07,55.19],[163.38,55.89],[163.1,56.26],[163.1,56.26],[163.43,56.75],[163.76,57.24],[164.15,58.05],[164.15,58.05],[165.23,58.48],[166.35,58.91],[167.49,59.33],[168.42,59.93],[169.39,60.52],[170.39,61.1],[171.43,61.68],[170.02,61.78],[168.01,61.52],[166.39,61.23],[164.89,60.94],[164.09,60.78],[162.6,60.98],[161.09,61.16],[161.09,61.16],[161.16,61.29],[159.45,61.66],[158.01,61.95],[157.24,62.1],[156.2,62.3],[155.17,62.47],[154.13,62.65],[153.56,63.16],[152.96,63.68],[152.41,64.14],[151.84,64.6],[152.23,65.26],[152.63,65.93],[153.06,66.59],[154.69,67.01],[156.38,67.42],[158.12,67.81],[159.93,68.18],[160.97,69.07],[162.09,69.95],[162.09,69.95],[159.69,70.39],[157.18,70.8],[154.57,71.17],[151.87,71.5],[149.08,71.79],[146.21,72.04],[144.2,71.87],[142.24,71.67],[141.5,71.47],[141.5,71.47],[138.54,71.66],[138.54,71.66],[140.32,72.39],[141.39,73.32],[139.61,73.99],[137.69,74.65],[137.84,75.2],[138.01,75.74],[140.17,76.59],[142.61,77.42],[144.37,78.3],[146.42,79.16],[148.81,80.01],[151.63,80.83],[152.85,81.72],[154.36,82.61],[156.28,83.49],[158.79,84.36],[159.66,84.97],[160.77,85.57],[161.64,85.68],[162.16,85.75],[162.82,85.82],[163.55,85.9],[164.65,85.97],[166.08,86.11],[168.27,86.32],[171.55,86.56],[171.55,86.56],[159.29,86.73],[146.32,86.75],[133.89,86.6],[133.89,86.6],[133.94,86.59],[137,86.33],[139.19,86.04],[140.64,85.72],[141.54,85.54],[141.74,85.19],[142.59,84.8],[142.9,84.52],[139.16,84.02],[137.57,83.22],[137.56,82.45],[137.55,81.69],[137.43,80.87],[137.33,80.06],[136.17,79.54],[135.13,79.01],[132.57,78.47],[130.24,77.91],[128.32,77.37],[126.16,76.86],[126.16,76.86],[125.83,77.06],[125.61,77.66],[125.56,78.11],[125.52,78.48],[125.1,79.08],[124.45,79.44],[123.71,79.69],[122.75,79.94],[121.49,80.34],[121.61,80.67],[120.01,81.36],[119.03,81.63],[118.71,81.98],[118.12,82.4],[117.55,82.73],[116.06,83.15],[115.16,83.47],[110.22,84.04],[105.6,84.49],[103.65,84.71],[100.61,84.94],[97.61,85.03],[95.11,85.22],[87.69,85.49],[83.98,85.59],[79.01,85.82],[75.1,86.03],[71.51,86.29],[68.4,86.57],[65.11,86.68],[62.61,86.88],[60.58,86.99],[57.49,86.91],[55.01,86.84],[49.74,86.74],[44.77,86.58],[39.38,86.41],[34.47,86.12],[31.3,85.99],[28.43,85.94],[23.82,85.84],[20.48,85.77],[16.59,85.58],[11.88,85.26],[8.3,84.98],[5.65,84.7],[3.65,84.46],[1.17,84.19],[-2.16,83.81],[-4.94,83.4],[-6.9,82.81],[-6.15,82.47],[-6.14,82.45],[-6.14,82.45],[-5.86,82.38],[-4.76,81.9],[-2.42,81.35],[-1.11,80.96],[-1.5,80.34],[-0.1,80.14],[2.11,79.73],[3.12,79.5],[2.91,79.25],[3.17,79.13],[3.88,78.77],[6.11,78.44],[7,78.23],[5.75,77.6],[6.83,77.41],[6.79,76.83],[7.2,76.75],[7.22,76.53],[6.79,76.38],[6.39,76.16],[7.42,75.88],[7.09,75.7],[8.05,75.53],[7.81,75.43],[7.15,75.26],[6.63,75.1],[8,74.85],[7.69,74.7],[8.53,74.29],[8.68,74.09],[8.63,73.92],[8.13,73.66],[7.48,73.44],[6.53,73.22],[5.34,73.01],[4.22,72.79],[3.21,72.63],[0.6,72.24],[-1.07,71.98],[-2.82,71.7],[-4.39,71.5],[-4.9,71.41],[-5.6,71.33],[-6.23,70.87],[-6.48,70.56],[-6.48,70.56],[-8.64,70.84],[-10.86,71.09],[-13.14,71.32],[-13.47,71.27],[-13.85,71.03],[-14.12,70.72],[-14.44,70.38],[-14.68,70.12],[-15.01,69.8],[-15.31,69.52],[-15.65,69.29],[-16.07,69.06],[-16.44,68.78],[-16.89,68.49],[-17.31,68.24],[-17.63,67.93],[-17.87,67.65],[-17.97,67.4],[-18.11,67.12],[-18.22,66.74],[-18.15,66.41],[-18.19,66.07],[-18.02,65.7],[-18.02,65.7],[-18.62,65.54],[-19.1,65.4],[-19.8,65.22],[-20.75,64.98],[-21.53,64.66],[-22.7,64.13],[-23.83,63.58],[-24.74,63.06],[-25.63,62.52],[-26.48,61.99],[-27.33,61.43],[-28.14,60.86],[-28.94,60.29],[-30.08,59.51],[-30.68,59.05],[-31.26,58.59],[-31.72,58.34],[-32.72,57.6],[-33.04,57.64],[-33.45,56.91],[-33.62,56.93],[-33.75,56.72],[-33.75,56.7],[-33.75,56.7],[-33.77,56.7],[-34.64,56.74],[-34.96,55.9],[-35.26,55.07],[-35.4,54.25],[-35.54,53.43],[-35.67,52.62],[-35.66,52.6],[-35.66,52.6],[-34.44,52.55],[-33.22,52.48],[-31.67,52.34],[-30.12,52.17],[-30.08,52.17],[-30.08,52.17],[-30.08,52.14],[-30.12,51.23],[-29.84,51.15],[-29.77,50.31],[-28.37,50.1],[-28.19,49.44],[-28.11,49.33],[-27.98,49.2],[-27.85,49.04],[-27.74,48.87],[-27.7,48.73],[-27.72,48.56],[-27.52,48.52],[-27.53,48.33],[-27.45,48.22],[-27.38,48.13],[-27.33,48.04],[-27.12,47.32],[-27.14,46.84],[-27.27,46.28],[-27.6,45.51],[-27.91,44.99],[-28.21,44.47],[-28.76,44.54],[-28.76,44.54],[-28.88,44.14],[-28.95,43.98],[-29.24,44.02],[-29.46,43.27],[-29.47,42.99],[-29.5,42.65],[-29.46,42.47],[-29.43,42.24],[-29.46,42],[-29.5,41.77],[-29.62,41.51],[-29.67,41.35],[-29.68,41.19],[-29.5,41.14],[-29.59,40.81],[-29.63,40.62],[-29.84,40.62],[-29.91,39.95],[-29.98,39.27],[-30.17,39.3],[-30.5,38.61],[-30.67,38.26],[-30.81,38.26],[-31.21,37.51],[-31.54,37.54],[-31.66,37.2],[-32.86,37.44],[-33,37.04],[-33.16,37.06],[-33.28,36.64],[-33.36,36.65],[-33.51,36.37],[-33.76,36.41],[-33.92,36.16],[-34.19,35.52],[-34.54,35.58],[-34.8,34.92],[-35.43,35.04],[-36.06,35.16],[-36.25,34.55],[-36.85,34.65],[-37.04,34.02],[-37.38,34.09],[-37.7,33.41],[-37.76,33.41],[-38.55,33.55],[-39.34,33.68],[-39.74,33.04],[-39.56,33],[-40.04,32.37],[-40.51,31.74],[-40.97,31.11],[-41.11,31.13],[-41.41,30.72],[-41.54,30.74],[-42.17,29.93],[-42.59,29.99],[-42.87,29.36],[-43.03,29.39],[-43.38,28.73],[-43.68,28.78],[-43.97,28.07],[-44.25,27.36],[-44.53,26.65],[-44.81,25.94],[-44.9,25.94],[-45.26,25.13],[-45.62,25.19],[-45.89,24.49],[-46.2,24.55],[-46.45,23.84],[-45.83,23.71],[-45.21,23.56],[-45.25,23.06],[-45.28,22.56],[-45.32,22.55],[-45.39,21.76],[-45.7,21.81],[-45.84,21.21],[-45.99,20.62],[-45.68,20.54],[-45.87,19.73],[-45.9,19.74],[-46.02,18.84],[-46.18,18.3],[-46.27,18.31],[-46.46,17.54],[-46.41,17.53],[-46.62,16.58],[-46.83,15.62],[-46.83,15.62],[-47.51,15.77],[-48.19,15.92],[-48.87,16.06],[-49.87,16.14],[-50.88,16.21],[-51.86,16.5],[-52.84,16.77],[-53.87,16.77],[-54.89,16.76],[-55.92,16.74],[-56.85,16.71],[-57.79,16.68],[-58.72,16.64],[-58.72,16.64],[-58.96,17.15],[-59.2,17.66],[-59.87,18.3],[-60.55,18.94],[-61.24,19.58],[-61.24,19.58],[-62.05,19.63],[-62.86,19.68],[-63.68,19.72],[-64.49,19.76],[-65.54,19.81],[-66.6,19.85],[-67.65,19.88],[-68.6,19.87],[-69.55,19.85],[-70.5,19.83],[-71.36,19.81],[-72.23,19.77],[-73.1,19.74],[-73.96,19.7],[-74.88,19.61],[-75.8,19.51],[-76.72,19.41],[-77.61,19.3],[-78.49,19.19],[-79.38,19.07],[-80.14,18.96],[-80.91,18.85],[-81.67,18.74],[-81.67,18.74],[-81.61,17.82],[-81.61,17.82],[-82.52,17.68],[-83.44,17.55],[-84.32,17.29],[-85.19,17.02],[-86.1,16.65],[-87.01,16.28],[-87.8,16.03],[-88.59,15.78],[-89.41,15.66],[-90.22,15.54],[-91.11,15.47],[-92.01,15.39],[-92.9,15.31],[-92.9,15.31],[-93.17,15.54],[-93.84,16.05],[-94.52,16.56],[-94.97,16.96],[-95.38,17.39],[-95.79,17.83],[-96.3,18.42],[-96.55,18.8],[-96.63,19.26],[-96.52,19.49],[-97.19,20.06],[-97.87,20.64],[-98.31,21.47],[-98.75,22.31],[-98.96,23.05],[-99.17,23.78],[-99.38,24.52],[-99.63,24.98],[-99.89,25.44],[-99.6,25.77],[-99.74,26.5],[-100.19,26.9],[-100.64,27.29],[-101.17,27.74],[-101.13,28.71],[-101.61,29.5],[-101.9,29.94],[-102.19,30.38],[-102.32,30.45],[-102.36,30.45],[-102.41,30.45],[-102.43,30.44],[-102.47,30.44],[-102.5,30.43],[-102.52,30.43],[-102.55,30.43],[-102.59,30.42],[-102.66,30.45],[-102.79,30.52],[-102.87,30.56],[-102.94,30.57],[-103,30.57],[-103.05,30.57],[-103.1,30.55],[-103.13,30.54],[-103.14,30.54],[-103.26,30.51],[-103.33,30.47],[-103.37,30.53],[-103.39,30.58],[-103.42,30.64],[-103.46,30.72],[-103.46,30.73],[-103.51,30.75],[-103.56,30.77],[-103.61,30.8],[-103.6,30.81],[-103.59,30.83],[-103.58,30.85],[-103.59,30.87],[-103.61,30.89],[-103.64,30.92],[-103.68,30.93],[-103.73,30.95],[-103.77,30.97],[-103.79,30.97],[-103.8,30.95],[-103.81,30.94],[-103.81,30.92],[-103.81,30.92],[-103.84,30.89],[-103.85,30.88],[-103.87,30.9],[-104,31],[-104.03,31.02],[-104.05,31.02],[-104.05,31.03],[-104.07,31.04],[-104.19,31.1],[-104.26,31.13],[-104.34,31.17],[-104.47,31.23],[-104.53,31.24],[-104.59,31.26],[-104.66,31.26],[-104.65,31.28],[-104.66,31.31],[-104.73,31.38],[-104.76,31.43],[-104.81,31.51],[-104.82,31.52],[-104.83,31.53],[-104.89,31.6],[-104.96,31.71],[-105,31.79],[-105.05,31.86],[-105.07,31.96],[-105.09,32.08],[-105.13,32.16],[-105.15,32.24],[-105.19,32.28],[-105.2,32.23],[-105.2,32.15],[-105.21,32.05],[-105.21,32.04],[-105.29,31.87],[-105.29,31.84],[-105.29,31.76],[-105.28,31.72],[-105.26,31.67],[-105.21,31.67],[-105.18,31.66],[-105.13,31.63],[-105.09,31.61],[-105.05,31.58],[-105.01,31.55],[-104.99,31.53],[-104.96,31.37],[-104.95,31.31],[-104.89,31.32],[-104.88,31.31],[-104.8,31.3],[-104.85,31.22],[-104.85,31.22],[-104.86,31.17],[-104.89,31.12],[-104.9,31.1],[-104.94,31.04],[-104.94,30.99],[-104.93,30.96],[-104.93,30.96],[-104.94,30.95],[-105,30.91],[-105,30.91],[-105,30.91],[-105.02,30.98],[-105.05,31.02],[-105.09,31.06],[-105.15,31.1],[-105.2,31.13],[-105.24,31.18],[-105.26,31.19],[-105.31,31.22],[-105.32,31.23],[-105.37,31.26],[-105.42,31.28],[-105.45,31.31],[-105.49,31.31],[-105.56,31.31],[-105.66,31.28],[-105.7,31.32],[-105.76,31.37],[-105.86,31.45],[-105.92,31.5],[-105.95,31.54],[-106,31.58],[-106.04,31.61],[-106.06,31.65],[-106.1,31.67],[-106.16,31.72],[-106.21,31.76],[-106.22,31.79],[-106.23,31.81],[-106.24,31.85],[-106.24,31.91],[-106.25,31.96],[-106.25,32.02],[-106.23,32.06],[-106.21,32.08],[-106.18,32.11],[-106.16,32.12],[-106.15,32.13],[-106.14,32.16],[-106.12,32.2],[-106.09,32.23],[-106.06,32.27],[-106.03,32.29],[-105.99,32.32],[-105.97,32.33],[-105.94,32.36],[-105.93,32.39],[-105.93,32.4],[-105.92,32.45],[-105.9,32.48],[-105.89,32.5],[-105.88,32.53],[-105.88,32.55],[-105.88,32.58],[-105.88,32.61],[-105.88,32.65],[-105.89,32.68],[-105.92,32.69],[-105.94,32.72],[-105.95,32.76],[-105.93,32.81],[-105.93,32.86],[-105.93,32.91],[-105.94,32.95],[-105.95,32.98],[-105.96,33.02],[-105.97,33.07],[-106,33.11],[-106.02,33.16],[-106.03,33.22],[-106.08,33.32],[-106.12,33.39],[-106.14,33.42],[-106.16,33.43],[-106.17,33.43],[-106.17,33.43],[-106.16,33.47],[-106.16,33.49],[-106.15,33.52],[-106.13,33.53],[-106.11,33.54],[-106.08,33.56],[-106.05,33.58],[-106.01,33.62],[-105.97,33.65],[-105.94,33.68],[-105.92,33.71],[-105.9,33.74],[-105.9,33.77],[-105.9,33.78],[-105.92,33.8],[-105.93,33.82],[-105.91,33.83],[-105.91,33.86],[-105.92,33.89],[-105.93,33.91],[-105.95,33.93],[-105.96,33.96],[-105.98,33.97],[-106.02,33.98],[-106.04,33.98],[-106.07,33.98],[-106.1,33.98],[-106.13,33.97],[-106.15,33.95],[-106.16,33.94],[-106.17,33.92],[-106.16,33.9],[-106.13,33.89],[-106.11,33.89],[-106.09,33.88],[-106.09,33.87],[-106.09,33.87],[-106.09,33.86],[-106.08,33.84],[-106.08,33.83],[-106.08,33.83],[-106.07,33.82],[-106.08,33.82],[-106.09,33.81],[-106.11,33.8],[-106.12,33.79],[-106.13,33.77],[-106.13,33.75],[-106.13,33.73],[-106.13,33.71],[-106.13,33.69],[-106.16,33.67],[-106.17,33.65],[-106.19,33.61],[-106.21,33.59],[-106.23,33.61],[-106.25,33.63],[-106.27,33.65],[-106.29,33.67],[-106.32,33.7],[-106.33,33.73],[-106.35,33.75],[-106.37,33.77],[-106.39,33.79],[-106.4,33.8],[-106.4,33.8],[-106.39,33.89],[-106.38,33.99],[-106.36,34.06],[-106.36,34.11],[-106.35,34.14],[-106.36,34.17],[-106.38,34.18],[-106.4,34.19],[-106.43,34.18],[-106.45,34.16],[-106.46,34.13],[-106.47,34.11],[-106.48,34.1],[-106.5,34.12],[-106.51,34.13],[-106.53,34.13],[-106.54,34.11],[-106.54,34.09],[-106.55,34.06],[-106.57,34.03],[-106.57,34.01],[-106.56,33.98],[-106.54,33.96],[-106.54,33.94],[-106.54,33.93],[-106.55,33.92],[-106.57,33.94],[-106.59,33.95],[-106.61,33.97],[-106.63,33.99],[-106.65,33.99],[-106.67,33.98],[-106.71,33.98],[-106.71,33.9],[-106.71,33.87],[-106.7,33.83],[-106.7,33.82],[-106.72,33.83],[-106.75,33.84],[-106.76,33.85],[-106.78,33.87],[-106.79,33.93],[-106.79,33.98],[-106.78,34.02],[-106.78,34.04],[-106.79,34.05],[-106.81,34.09],[-106.81,34.13],[-106.82,34.14],[-106.82,34.14],[-106.8,34.18],[-106.78,34.22],[-106.74,34.26],[-106.7,34.29],[-106.7,34.29],[-106.69,34.3],[-106.68,34.31],[-106.68,34.32],[-106.68,34.32],[-106.66,34.34],[-106.65,34.35],[-106.63,34.35],[-106.62,34.36],[-106.59,34.36],[-106.58,34.37],[-106.55,34.45],[-106.52,34.52],[-106.5,34.57],[-106.48,34.61],[-106.46,34.66],[-106.42,34.72],[-106.45,34.74],[-106.45,34.76],[-106.46,34.78],[-106.45,34.81],[-106.44,34.87],[-106.45,34.95],[-106.47,35.05],[-106.46,35.06],[-106.42,35.1],[-106.35,35.16],[-106.27,35.26],[-106.17,35.34],[-106.03,35.41],[-105.89,35.5],[-105.81,35.57],[-105.8,35.62],[-105.8,35.63],[-105.8,35.63],[-105.8,35.67],[-105.79,35.71],[-105.79,35.72],[-105.79,35.72],[-105.75,35.83],[-105.72,35.92],[-105.69,35.94],[-105.67,35.96],[-105.66,35.98],[-105.64,36],[-105.65,36.02],[-105.64,36.05],[-105.64,36.07],[-105.66,36.07],[-105.66,36.12],[-105.65,36.18],[-105.64,36.24],[-105.65,36.28],[-105.64,36.33],[-105.63,36.42],[-105.61,36.53],[-105.6,36.55],[-105.6,36.56],[-105.6,36.55],[-105.59,36.54],[-105.58,36.54],[-105.56,36.51],[-105.55,36.48],[-105.53,36.48],[-105.51,36.5],[-105.49,36.52],[-105.46,36.52],[-105.44,36.52],[-105.41,36.52],[-105.38,36.52],[-105.38,36.51],[-105.35,36.51],[-105.32,36.5],[-105.3,36.48],[-105.3,36.47],[-105.3,36.47],[-105.29,36.47],[-105.27,36.48],[-105.25,36.5],[-105.22,36.5],[-105.19,36.5],[-105.19,36.51],[-105.19,36.51],[-105.18,36.51],[-105.14,36.5],[-105.11,36.48],[-105.08,36.48],[-105.09,36.45],[-105.09,36.43],[-105.06,36.39],[-105.05,36.37],[-105.05,36.4],[-105.04,36.42],[-105.01,36.44],[-104.98,36.46],[-104.99,36.49],[-104.97,36.5],[-104.94,36.52],[-104.94,36.54],[-104.95,36.58],[-104.93,36.59],[-104.9,36.59],[-104.89,36.58],[-104.87,36.6],[-104.87,36.61],[-104.85,36.62],[-104.81,36.63],[-104.8,36.64],[-104.79,36.67],[-104.78,36.7],[-104.77,36.72],[-104.76,36.71],[-104.74,36.71],[-104.7,36.72],[-104.67,36.73],[-104.66,36.73],[-104.65,36.75],[-104.63,36.77],[-104.62,36.79],[-104.59,36.79],[-104.57,36.79],[-104.56,36.81],[-104.54,36.83],[-104.51,36.85],[-104.5,36.86],[-104.49,36.89],[-104.48,36.9],[-104.46,36.91],[-104.44,36.89],[-104.42,36.88],[-104.39,36.88],[-104.34,36.87],[-104.3,36.88],[-104.24,36.89],[-104.19,36.87],[-104.14,36.86],[-104.11,36.86],[-104.08,36.85],[-104.07,36.86],[-104.06,36.86],[-104.07,36.86],[-104.05,36.88],[-104.04,36.88],[-104.04,36.89],[-104.04,36.9],[-104.06,36.92],[-104.06,36.94],[-104.05,36.96],[-104.04,36.97],[-104.05,36.97],[-104.05,36.98],[-104.04,36.99],[-104.03,36.99],[-104.01,37],[-104.07,37.02],[-104.13,37.05],[-104.17,37.08],[-104.21,37.15],[-104.24,37.2],[-104.3,37.26],[-104.35,37.29],[-104.42,37.35],[-104.47,37.39],[-104.49,37.44],[-104.52,37.5],[-104.57,37.55],[-104.6,37.61],[-104.64,37.63],[-104.66,37.63],[-104.69,37.67],[-104.71,37.7],[-104.76,37.73],[-104.8,37.76],[-104.85,37.78],[-104.88,37.78],[-104.9,37.78],[-104.92,37.77],[-104.94,37.76],[-104.95,37.75],[-104.95,37.73],[-104.97,37.73],[-104.99,37.73],[-105,37.73],[-105.03,37.74],[-105.06,37.78],[-105.07,37.8],[-105.06,37.8],[-105.04,37.79],[-105.02,37.79],[-105.01,37.79],[-105,37.8],[-104.99,37.82],[-104.98,37.86],[-104.97,37.89],[-104.97,37.93],[-104.97,37.93],[-104.97,37.93],[-104.98,37.95],[-104.99,37.97],[-104.98,37.98],[-104.94,37.98],[-104.91,37.98],[-104.94,38.01],[-104.97,38.05],[-105.03,38.07],[-105.02,38.09],[-105.01,38.1],[-105.02,38.12],[-105.03,38.12],[-105.07,38.12],[-105.09,38.15],[-105.1,38.19],[-105.16,38.27],[-105.21,38.33],[-105.24,38.38],[-105.26,38.4],[-105.3,38.43],[-105.32,38.46],[-105.31,38.5],[-105.31,38.56],[-105.29,38.59],[-105.27,38.61],[-105.25,38.61],[-105.23,38.6],[-105.2,38.56],[-105.18,38.54],[-105.16,38.53],[-105.13,38.54],[-105.09,38.58],[-105.02,38.63],[-104.95,38.65],[-104.85,38.69],[-104.87,38.78],[-104.86,38.78],[-104.88,38.93],[-104.9,39.07],[-104.9,39.13],[-104.9,39.21],[-104.91,39.22],[-104.98,39.3],[-105.03,39.36],[-105.04,39.41],[-105.05,39.41],[-105.05,39.41],[-105.07,39.49],[-105.11,39.56],[-105.14,39.64],[-105.18,39.74],[-105.22,39.83],[-105.24,39.87],[-105.26,39.89],[-105.28,39.92],[-105.29,39.93],[-105.3,39.93],[-105.3,39.94],[-105.31,39.96],[-105.34,40.05],[-105.35,40.13],[-105.35,40.14],[-105.35,40.15],[-105.36,40.19],[-105.35,40.22],[-105.33,40.23],[-105.32,40.25],[-105.32,40.26],[-105.32,40.28],[-105.31,40.29],[-105.3,40.31],[-105.29,40.34],[-105.29,40.35],[-105.29,40.36],[-105.28,40.36],[-105.27,40.4],[-105.24,40.43],[-105.22,40.46],[-105.23,40.48],[-105.23,40.5],[-105.2,40.49],[-105.18,40.5],[-105.19,40.51],[-105.19,40.53],[-105.2,40.58],[-105.19,40.61],[-105.21,40.64],[-105.23,40.68],[-105.25,40.74],[-105.25,40.82],[-105.26,40.87],[-105.26,40.88],[-105.27,40.88],[-105.27,40.89],[-105.24,40.9],[-105.22,40.92],[-105.21,40.95],[-105.2,41],[-105.19,41.03],[-105.19,41.04],[-105.18,41.04],[-105.16,41.06],[-105.15,41.09],[-105.16,41.12],[-105.14,41.17],[-105.13,41.17],[-105.13,41.21],[-105.13,41.23],[-105.15,41.28],[-105.17,41.37],[-105.2,41.44],[-105.22,41.47],[-105.25,41.56],[-105.25,41.56],[-105.26,41.57],[-105.28,41.61],[-105.2,41.73],[-105.16,41.78],[-105.17,41.83],[-105.2,41.85],[-105.19,41.85],[-105.15,41.92],[-105.1,41.93],[-105.04,41.99],[-105.04,42.06],[-105.11,42.1],[-105.16,42.1],[-105.15,42.15],[-105.14,42.19],[-105.12,42.22],[-105.11,42.26],[-105.14,42.32],[-105.14,42.32],[-105.14,42.34],[-105.17,42.39],[-105.19,42.41],[-105.2,42.42],[-105.22,42.43],[-105.24,42.44],[-105.22,42.47],[-105.23,42.5],[-105.24,42.54],[-105.28,42.58],[-105.34,42.6],[-105.33,42.61],[-105.29,42.72],[-105.34,42.75],[-105.36,42.77],[-105.37,42.77],[-105.37,42.79],[-105.44,42.8],[-105.44,42.8],[-105.58,42.8],[-105.63,42.8],[-105.63,42.8],[-105.63,42.79],[-105.63,42.77],[-105.65,42.76],[-105.7,42.76],[-105.75,42.75],[-105.79,42.73],[-105.8,42.73],[-105.81,42.72],[-105.89,42.69],[-106.02,42.67],[-106.12,42.64],[-106.18,42.62],[-106.22,42.62],[-106.26,42.62],[-106.23,42.61],[-106.2,42.58],[-106.16,42.57],[-106.11,42.58],[-106.09,42.56],[-106.05,42.53],[-106.01,42.49],[-106,42.49],[-106.01,42.48],[-106.02,42.47],[-106.04,42.41],[-106.04,42.37],[-106.01,42.35],[-106,42.33],[-106.03,42.31],[-106.03,42.28],[-105.97,42.24],[-105.93,42.19],[-105.9,42.15],[-105.86,42.14],[-105.85,42.11],[-105.83,42.06],[-105.83,42.02],[-105.96,41.95],[-105.92,41.93],[-105.86,41.92],[-105.77,41.9],[-105.72,41.89],[-105.66,41.86],[-105.63,41.82],[-105.63,41.78],[-105.61,41.74],[-105.62,41.7],[-105.61,41.59],[-105.61,41.53],[-105.63,41.43],[-105.61,41.42],[-105.58,41.41],[-105.58,41.38],[-105.59,41.35],[-105.6,41.32],[-105.62,41.3],[-105.64,41.28],[-105.68,41.25],[-105.71,41.24],[-105.73,41.22],[-105.75,41.21],[-105.78,41.19],[-105.82,41.17],[-105.85,41.16],[-105.88,41.15],[-105.91,41.15],[-105.94,41.16],[-105.96,41.17],[-105.98,41.18],[-106,41.19],[-106.03,41.2],[-106.05,41.23],[-106.03,41.23],[-106.01,41.23],[-106,41.25],[-106,41.27],[-106.01,41.28],[-106.02,41.3],[-106.02,41.33],[-106.02,41.36],[-106.02,41.36],[-106.02,41.37],[-106.02,41.38],[-106.02,41.39],[-106.02,41.39],[-106.03,41.41],[-106.05,41.43],[-106.11,41.44],[-106.14,41.44],[-106.19,41.42],[-106.2,41.4],[-106.22,41.37],[-106.25,41.36],[-106.27,41.36],[-106.27,41.37],[-106.28,41.37],[-106.28,41.37],[-106.43,41.23],[-106.51,41.2],[-106.51,41.2],[-106.52,41.19],[-106.58,41.16],[-106.61,41.15],[-106.61,41.15],[-106.64,41.14],[-106.66,41.14],[-106.66,41.14],[-106.72,41.14],[-106.79,41.14],[-106.8,41.14],[-106.81,41.14],[-106.86,41.15],[-106.94,41.17],[-107.03,41.16],[-107.12,41.17],[-107.16,41.15],[-107.16,41.15],[-107.11,41.11],[-107.09,41.09],[-107.07,41.06],[-107.06,41.03],[-107.05,41.02],[-107.04,41.02],[-107.04,41.01],[-107.04,40.99],[-107.02,40.96],[-107.01,40.93],[-106.99,40.91],[-106.95,40.89],[-106.94,40.83],[-106.94,40.78],[-106.95,40.73],[-106.96,40.7],[-106.95,40.66],[-106.94,40.64],[-106.92,40.62],[-106.91,40.6],[-107.67,40.55],[-107.67,40.55],[-107.67,40.56],[-107.69,40.57],[-107.72,40.58],[-107.77,40.58],[-107.82,40.58],[-107.9,40.59],[-107.99,40.59],[-108.09,40.58],[-108.17,40.57],[-108.24,40.59],[-108.45,40.65],[-108.44,40.69],[-108.44,40.71],[-108.4,40.69],[-108.38,40.68],[-108.38,40.71],[-108.38,40.72],[-108.4,40.77],[-108.44,40.84],[-108.51,40.89],[-108.62,40.95],[-108.75,40.99],[-108.84,41.02],[-108.87,41.03],[-109,41.04],[-109.22,41.05],[-109.4,41.05],[-109.59,41.01],[-109.67,41],[-109.69,41],[-109.72,41.01],[-109.77,41.02],[-109.82,41.03],[-109.85,41.02],[-109.93,41],[-109.94,41],[-109.98,41.03],[-110,41.04],[-110.06,41.03],[-110.11,41.03],[-110.11,41.03],[-110.17,41.08],[-110.2,41.08],[-110.23,41.08],[-110.26,41.12],[-110.28,41.14],[-110.29,41.17],[-110.31,41.16],[-110.42,41.18],[-110.46,41.19],[-110.47,41.21],[-110.41,41.3],[-110.31,41.5],[-110.27,41.58],[-110.27,41.63],[-110.27,41.64],[-110.3,41.8],[-110.3,41.83],[-110.31,41.89],[-110.3,41.96],[-110.29,41.99],[-110.27,42.03],[-110.25,42.11],[-110.24,42.16],[-110.24,42.22],[-110.25,42.29],[-110.25,42.33],[-110.25,42.38],[-110.28,42.46],[-110.31,42.52],[-110.38,42.56],[-110.39,42.56],[-110.39,42.59],[-110.39,42.63],[-110.39,42.66],[-110.39,42.68],[-110.38,42.74],[-110.38,42.76],[-110.36,42.77],[-110.5,43.32],[-110.62,43.8],[-110.9,44.22],[-111.51,44.54],[-112.16,44.39],[-112.61,44.07],[-112.95,43.83],[-113.41,43.67],[-114.23,43.38],[-115.13,43.45],[-115.91,43.61],[-116.12,44.35],[-115.96,44.9],[-115.8,45.45],[-115.82,46.18],[-116.14,47.07],[-116.23,47.69],[-116.57,48.17],[-117.21,48.32],[-118.45,48.37],[-119.78,48.58],[-120.52,48.75],[-121.26,48.92],[-122.48,49.45],[-123.73,49.98],[-125,50.49],[-125.9,51.07],[-126.82,51.64],[-127.71,52.18],[-128.63,52.71],[-129.51,53.53],[-130.43,54.34],[-130.43,54.34],[-130.39,53.89],[-130.26,53.3],[-130.22,52.69],[-130.22,52.65],[-130.22,52.65],[-130.84,52.91],[-131.64,53.32],[-132.46,53.71],[-133.4,53.96],[-134.35,54.19],[-134.46,54.27],[-134.46,54.27],[-134.9,55],[-135.39,55.5],[-135.9,56],[-136.1,56.5],[-136.3,57],[-136.6,57.5],[-136.9,58],[-137.4,58.5],[-138.4,59],[-139.16,59.31],[-139.73,59.54],[-140.4,59.72],[-141.08,59.91],[-141.71,60.1],[-142.99,60.31],[-144.28,60.52],[-144.28,60.52],[-145.76,59.98],[-147.18,59.43],[-148.57,58.86],[-149.9,58.28],[-150.96,57.76],[-151.99,57.22],[-152.98,56.69],[-153.95,56.14],[-154.77,55.7],[-155.44,55.31],[-156.45,55.01],[-157.08,54.75],[-157.83,54.42],[-158.68,54.09],[-159.33,53.87],[-160.72,53.55],[-162.1,53.21],[-163.46,52.85],[-164.76,52.59],[-166.05,52.31],[-167.33,52.02],[-168.59,51.71],[-170.08,51.43],[-171.55,51.14],[-173,50.82],[-174.51,50.73],[-176.01,50.63],[-177.5,50.51],[-178.99,50.37],[-180,50.45],[-180,51.44]]]}},{"type":"Feature","properties":{"ma":0,"type":"gpml:TopologicalClosedPlateBoundary","name":"North and Central Sulawesi","pid":669,"deforming":false},"geometry":{"type":"Polygon","coordinates":[[[119.3,1.21],[119.62,1.35],[120.26,1.42],[120.9,1.49],[121.89,1.49],[122.88,1.5],[123.83,1.61],[124.77,1.72],[125.72,1.83],[125.76,1.84],[125.76,1.84],[125.74,1.61],[125.41,1.1],[125.09,0.6],[124.9,0.1],[124.72,-0.39],[124.61,-0.71],[124.61,-0.71],[125.32,-1.07],[126.02,-1.44],[126.67,-1.56],[127.31,-1.69],[127.94,-1.77],[128.57,-1.86],[128.57,-1.86],[129.4,-1.37],[129.99,-0.97],[130.59,-0.57],[131.18,-0.17],[131.18,-0.17],[131.72,-0.39],[132.26,-0.6],[132.26,-0.6],[131.38,-0.73],[130.88,-0.91],[130.4,-1.17],[129.91,-1.44],[130.21,-1.84],[130.5,-2.25],[130.88,-2.59],[131.27,-2.94],[131.27,-2.94],[130.49,-2.68],[129.65,-2.59],[128.81,-2.49],[127.94,-2.58],[127.94,-2.58],[127.94,-2.58],[127.94,-2.58],[127.31,-2.64],[126.69,-2.7],[125.82,-2.92],[124.95,-3.14],[124.08,-3.36],[123.19,-3.35],[122.31,-3.34],[121.42,-3.33],[120.54,-3.32],[120.54,-3.32],[120.52,-3.14],[120.21,-2.2],[119.91,-1.25],[119.6,-0.31],[119.29,0.64],[119.3,1.21]]]}},{"type":"Feature","properties":{"ma":0,"type":"gpml:TopologicalClosedPlateBoundary","name":"Capricorn_Plate","pid":511,"deforming":false},"geometry":{"type":"Polygon","coordinates":[[[68.07,-7.65],[67.81,-7.25],[68.29,-6.82],[68.29,-6.82],[67.78,-6.26],[68.22,-5.89],[68.61,-5.47],[68.2,-5.04],[68.75,-4.55],[68.35,-4.12],[68.67,-3.77],[68.27,-3.35],[67.89,-2.89],[68.25,-2.54],[67.79,-2.09],[67.93,-1.91],[67.92,-1.9],[67.92,-1.9],[68.8,-1.86],[69.67,-1.81],[70.54,-1.77],[71.42,-1.72],[72.29,-1.64],[73.16,-1.56],[74.03,-1.47],[74.9,-1.39],[75.85,-1.14],[76.81,-0.9],[77.76,-0.66],[78.72,-0.41],[79.67,-0.17],[80.63,0.07],[81.39,0.39],[82.16,0.71],[82.93,1.03],[83.6,1.65],[84.28,2.26],[84.86,2.97],[85.44,3.69],[86.02,4.4],[86.84,4.79],[87.66,5.18],[88.49,5.58],[88.95,6.23],[89.42,6.89],[89.89,7.54],[90.36,8.05],[90.84,8.56],[91.31,9.07],[91.84,9.63],[91.84,9.63],[91.92,8.78],[91.99,7.94],[92.06,7.1],[92.52,6.24],[92.98,5.38],[93.43,4.53],[94.01,3.76],[94.59,2.99],[95.17,2.23],[95.75,1.46],[96.32,0.65],[96.9,-0.17],[97.47,-0.98],[98.05,-1.79],[98.55,-2.47],[99.04,-3.14],[99.54,-3.82],[100.04,-4.49],[100.58,-5.11],[101.12,-5.73],[101.67,-6.35],[102.1,-6.94],[102.82,-7.53],[103.55,-8.13],[104.28,-8.72],[104.66,-8.98],[104.66,-8.98],[103.92,-8.83],[103.48,-8.76],[103.47,-8.75],[103.47,-8.75],[103.23,-8.94],[102.5,-9.39],[101.78,-9.84],[101.02,-10.32],[100.26,-10.78],[99.65,-11.25],[99.04,-11.72],[98.51,-12.48],[97.98,-13.24],[97.53,-14.02],[97.08,-14.81],[96.63,-15.59],[96.11,-16.27],[95.59,-16.94],[95.06,-17.62],[94.56,-18.32],[94.06,-19.01],[93.55,-19.71],[93.04,-20.4],[92.53,-21.1],[91.99,-21.7],[91.45,-22.3],[90.9,-22.89],[90.33,-23.56],[89.75,-24.23],[89.17,-24.89],[88.58,-25.55],[87.98,-26.21],[87.47,-27.05],[86.94,-27.89],[86.41,-28.73],[85.94,-29.38],[85.45,-30.03],[84.79,-30.76],[84.12,-31.49],[83.43,-32.22],[83.04,-32.78],[82.65,-33.34],[82.08,-33.97],[81.5,-34.6],[80.91,-35.22],[80.04,-35.86],[79.16,-36.49],[79.16,-36.49],[78.69,-36.1],[78.2,-35.68],[78.8,-35.16],[78.44,-34.84],[78.49,-34.81],[77.92,-34.32],[77.35,-33.84],[78.09,-33.19],[77.66,-32.83],[77.23,-32.46],[76.81,-32.09],[76.39,-31.72],[76.69,-31.46],[76.15,-30.97],[76.2,-30.91],[75.8,-30.57],[75.39,-30.24],[75.51,-30.12],[75.36,-30.01],[75.55,-29.84],[74.94,-29.33],[74.99,-29.26],[74.59,-28.9],[74.19,-28.54],[74.41,-28.32],[73.97,-27.94],[73.53,-27.57],[73.4,-27.66],[73.12,-27.45],[72.92,-27.57],[72.46,-27.15],[72.3,-26.99],[72.3,-26.99],[72.61,-26.95],[73.51,-26.99],[74.4,-27.02],[75.39,-27.06],[76.37,-27.09],[77.35,-27.12],[78.33,-27.14],[79.32,-27.05],[80.3,-26.95],[81.14,-26.85],[81.98,-26.74],[82.81,-26.63],[83.64,-26.51],[84.12,-25.79],[84.59,-25.07],[85.26,-25.03],[85.85,-24.8],[86.44,-24.56],[86.44,-24.56],[86.51,-24.21],[86.64,-23.36],[86.75,-22.51],[86.87,-21.66],[86.99,-20.81],[87.1,-19.95],[87.21,-19.09],[87.32,-18.23],[87.43,-17.37],[87.57,-16.47],[87.71,-15.58],[87.84,-14.68],[87.97,-13.78],[88.01,-12.81],[88.05,-11.83],[88.09,-10.86],[88.12,-10.04],[88.15,-9.23],[88.18,-8.41],[88.21,-7.59],[88.21,-6.61],[88.21,-5.62],[88.21,-4.63],[88.21,-4.63],[87.65,-4.47],[86.74,-4.47],[85.82,-4.48],[84.97,-4.46],[84.13,-4.45],[83.28,-4.43],[82.43,-4.41],[81.61,-4.32],[80.79,-4.23],[79.98,-4.13],[79.28,-4.17],[78.59,-4.2],[77.89,-4.24],[77.05,-4.41],[76.21,-4.58],[75.38,-4.75],[74.6,-4.88],[73.81,-5],[73.03,-5.12],[72.25,-5.24],[71.68,-5.81],[71.11,-6.38],[70.53,-6.94],[70.35,-7.51],[70.17,-8.08],[69.22,-8.05],[68.27,-8.02],[67.71,-7.96],[68.07,-7.65]]]}},{"type":"Feature","properties":{"ma":0,"type":"gpml:TopologicalClosedPlateBoundary","name":"Western Mediterranean","pid":708,"deforming":false},"geometry":{"type":"Polygon","coordinates":[[[7.61,45.09],[7.99,45.28],[8.56,45.32],[9.09,45.07],[9.44,45.26],[9.79,45.34],[10.49,44.91],[11.15,45.05],[11.73,44.99],[12.28,44.5],[12.93,44.13],[13.58,43.77],[13.76,43],[14.31,42.3],[14.92,42.1],[15.33,41.61],[15.75,41.12],[16.3,40.76],[16.85,40.4],[17.45,39.94],[18.04,39.47],[18.9,38.79],[19.74,38.1],[19.4,37.61],[19.07,37.12],[18.51,36.64],[17.97,36.15],[17.14,35.76],[16.6,35.71],[15.75,36.03],[15.4,36.69],[15.46,37.47],[15.46,37.47],[14.91,37.52],[13.99,37.12],[13.25,37.26],[12.5,37.39],[11.87,37.4],[11.24,37.41],[10.43,37.12],[9.71,37.32],[8.79,36.96],[8.08,36.91],[7.64,36.68],[6.87,36.76],[6.01,36.7],[5.15,36.64],[4.34,36.41],[3.78,36.54],[2.91,36.49],[2.05,36.44],[1.19,36.51],[0.36,36.18],[-0.21,35.97],[-0.77,35.74],[-1.45,35.42],[-2.12,35.1],[-3.09,35.05],[-4.07,35],[-5.13,35],[-5.51,35.68],[-5.9,36.36],[-4.84,36.78],[-3.77,37.18],[-2.98,37.43],[-2.19,37.67],[-1.39,37.9],[-0.61,38.33],[0.18,38.76],[0.18,38.76],[1.29,38.49],[2.49,38.56],[3.68,38.67],[4.78,38.81],[5.54,38.93],[6.31,39.03],[7.28,38.5],[8.24,37.95],[9.04,38.33],[9.84,38.7],[10.65,39.07],[10.57,39.64],[10.47,40.26],[10.38,40.82],[10.22,41.42],[10.09,41.9],[9.91,42.47],[9.72,43.05],[9.54,43.4],[9.03,43.98],[8.39,44.54],[7.57,45.1],[7.61,45.09]]]}},{"type":"Feature","properties":{"ma":0,"type":"gpml:TopologicalNetwork","name":"Greater India","pid":501,"deforming":true},"geometry":{"type":"Polygon","coordinates":[[[71.95,34.77],[72.09,34.81],[72.56,35.1],[72.83,35.3],[72.96,35.37],[73.12,35.27],[73.19,35.1],[73.32,35],[73.43,34.96],[73.81,35.1],[74.08,35.3],[74.45,35.56],[74.58,35.61],[74.67,35.5],[74.75,35.27],[74.82,35.06],[75.03,34.82],[75.17,34.63],[75.45,34.53],[75.87,34.47],[76.07,34.45],[76.27,34.48],[76.48,34.42],[76.84,34.25],[77.35,34],[77.46,33.96],[77.79,33.63],[78.14,33.37],[78.52,33.1],[78.72,32.99],[79.07,32.85],[79.34,32.53],[79.66,32.21],[80.02,31.53],[80.24,31.45],[80.51,31.4],[80.73,31.33],[81.06,31.05],[81.35,30.84],[81.54,30.81],[81.98,30.69],[82.27,30.62],[82.6,30.55],[82.94,30.51],[83.28,30.48],[83.5,30.37],[84.08,30.08],[84.65,29.79],[85.21,29.45],[85.72,29.21],[86.03,29.13],[86.41,29.12],[86.76,29.21],[86.92,29.15],[87.33,29.1],[87.66,29.06],[88.05,29.03],[88.46,29.1],[88.88,29.11],[89.12,29.09],[89.42,29.17],[89.89,29.28],[90.21,29.27],[90.69,29.27],[90.99,29.32],[91.32,29.25],[91.47,29.21],[91.89,29.13],[92.3,29.09],[92.64,29.05],[93.25,29],[93.75,29.09],[94.09,29.24],[94.29,29.37],[94.56,29.52],[94.83,29.54],[95.36,29.57],[95.66,29.26],[95.85,29.18],[96.13,29.06],[96.46,28.93],[96.75,28.81],[97.19,28.63],[97.19,28.63],[97.17,28.54],[96.9,28.1],[96.9,28.1],[96.79,28.11],[96.23,28.13],[95.47,28.18],[94.83,27.92],[94.19,27.5],[93.57,27.11],[93.23,27.12],[92.3,27.06],[91.78,27.03],[91.26,27.01],[90.33,26.94],[89.77,26.85],[89.28,27.03],[88.32,26.89],[87.75,26.91],[87.22,27.02],[86.82,26.67],[86.48,26.74],[86.25,27.09],[85.62,27.17],[84.65,27.31],[84.16,27.45],[83.67,27.59],[82.94,27.88],[82.2,28.17],[81.36,28.41],[81.04,28.79],[80.55,28.98],[80.23,29.09],[79.79,29.14],[79.2,29.39],[78.91,29.68],[78.42,29.89],[78.08,30.23],[77.64,30.56],[77.01,30.74],[76.52,31.15],[75.72,31.63],[75.67,32.19],[75.09,32.88],[74.31,33.16],[73.59,33.67],[73.03,34.18],[72.46,34.68],[71.85,34],[71.39,33.48],[70.94,32.95],[70.44,32.43],[70.27,31.95],[70.1,31.46],[69.47,30.85],[69.27,30.68],[69.27,30.68],[69.77,31.49],[70.28,32.31],[70.66,32.9],[71.05,33.49],[71.47,34.07],[71.89,34.64],[71.95,34.77]]]}},{"type":"Feature","properties":{"ma":0,"type":"gpml:TopologicalNetwork","name":"Greater_India_East_Mesh","pid":801,"deforming":true},"geometry":{"type":"Polygon","coordinates":[[[115.29,-22.43],[114.51,-22.64],[113.72,-22.85],[112.93,-23.05],[112.17,-23.24],[111.41,-23.43],[111.41,-23.43],[111.9,-22.97],[112.24,-22.3],[112.57,-21.63],[111.9,-21.28],[111.23,-20.92],[110.56,-20.56],[110.73,-19.87],[110.9,-19.19],[111.49,-18.73],[112.06,-18.27],[112.64,-17.81],[112.81,-17.02],[112.29,-16.3],[112.84,-15.58],[113.41,-15.66],[113.99,-15.75],[114.75,-16.13],[115.48,-16.16],[116.21,-16.17],[117.05,-16.25],[117.89,-16.33],[118.41,-16.15],[118.56,-15.17],[118.87,-14.41],[119.17,-13.64],[119.58,-12.77],[119.83,-12.27],[120.08,-11.77],[120.25,-11.44],[120.87,-11.06],[121.49,-10.68],[122.11,-10.3],[122.68,-9.84],[123.25,-9.38],[123.08,-9.01],[123.88,-8.52],[124.67,-8.02],[125.46,-7.53],[126.12,-7.15],[126.77,-6.78],[127.42,-6.4],[127.71,-6.88],[128,-7.36],[128.6,-6.91],[129.21,-6.45],[129.81,-6],[129.81,-6],[130.33,-6.56],[130.86,-7.12],[131.49,-7.72],[132.14,-8.31],[132.78,-8.9],[133.42,-9.5],[134.07,-10.09],[134.72,-10.68],[135.37,-11.26],[135.37,-11.26],[134.77,-11.46],[134.18,-11.65],[133.34,-12.18],[132.49,-12.71],[131.91,-13.08],[131.32,-13.44],[130.74,-13.8],[130.23,-14.57],[129.54,-14.88],[128.86,-15.2],[128.17,-15.52],[127.32,-15.92],[126.47,-16.32],[125.76,-16.64],[125.05,-16.97],[124.33,-17.29],[123.67,-17.9],[122.99,-18.52],[122.32,-19.07],[121.64,-19.62],[120.96,-20.17],[120.24,-20.43],[119.52,-20.69],[118.8,-20.95],[118.06,-21.24],[117.32,-21.53],[116.57,-21.82],[116.07,-22.22],[115.29,-22.43]]]}},{"type":"Feature","properties":{"ma":0,"type":"gpml:TopologicalNetwork","name":"aus_antarc_india_mesh","pid":801,"deforming":true},"geometry":{"type":"Polygon","coordinates":[[[106.84,-24.16],[106.95,-24.12],[107.54,-23.64],[108.13,-23.16],[108.71,-22.68],[109.07,-23.02],[109.14,-23.8],[109.21,-24.58],[109.78,-24.86],[110.34,-25.14],[110.78,-24.68],[111.05,-24.11],[111.32,-23.53],[112.11,-23.33],[112.89,-23.12],[113.68,-22.9],[114.46,-22.68],[114.46,-22.68],[114.22,-23.61],[114.34,-24.28],[114.46,-24.96],[114.46,-25.46],[114.47,-26.08],[114.48,-26.72],[114.48,-27.37],[114.61,-27.95],[114.73,-28.54],[114.96,-29.24],[115.2,-29.95],[115.39,-30.62],[115.59,-31.3],[115.59,-32.09],[115.59,-32.87],[115.41,-33.44],[115.22,-34.01],[115.22,-34.01],[114.63,-33.98],[113.67,-34.38],[113.47,-34.37],[113.47,-34.37],[113.83,-33.99],[113.5,-33.13],[113.17,-32.28],[113.42,-32.45],[113.62,-32.66],[114.01,-32.13],[114.1,-31.82],[114.16,-31.72],[114.04,-31.09],[114.1,-31.05],[114.31,-31.05],[114.44,-30.99],[114.39,-30.66],[114.27,-30.38],[113.77,-29.97],[113.75,-29.86],[113.42,-29.57],[113.55,-29.46],[112.79,-28.78],[112.08,-28.17],[111.74,-27.77],[111.41,-27.37],[110.78,-26.99],[110.12,-26.54],[109.47,-26.09],[108.95,-25.85],[108.38,-25.32],[107.98,-25.04],[107.98,-25.04],[107.97,-24.93],[107.41,-24.55],[106.84,-24.16]]]}},{"type":"Feature","properties":{"ma":0,"type":"gpml:TopologicalNetwork","name":"Inactive_aus_antarc_india_mesh","pid":802,"deforming":true},"geometry":{"type":"Polygon","coordinates":[[[103.2,-64.42],[101.64,-64.55],[100.07,-64.67],[98.86,-64.92],[97.64,-65.16],[96.26,-65.37],[94.87,-65.56],[93.66,-65.89],[92.42,-66.2],[90.93,-66.24],[89.43,-66.26],[88.11,-66.28],[86.79,-66.29],[85.09,-66.39],[83.38,-66.47],[81.66,-66.7],[79.92,-66.91],[78.34,-67.19],[77.65,-68.14],[76.31,-68.9],[75.08,-69.34],[73.69,-69.93],[72.23,-70.51],[71.24,-71.27],[70.16,-72.02],[69.72,-71.07],[69.34,-70.17],[69.57,-69.6],[69.79,-69.03],[70.47,-68.55],[71.12,-68.06],[72.08,-67.4],[70.33,-67.58],[67.85,-67.56],[66.17,-67.49],[64.49,-67.4],[62.67,-67.25],[60.87,-67.08],[59.09,-66.9],[57.89,-66.63],[56.71,-66.36],[55.49,-65.73],[53.6,-65.67],[51.69,-66.1],[49.42,-66.49],[47.08,-66.84],[45,-67.31],[42.84,-67.76],[41.04,-68.23],[39.17,-68.67],[36.86,-68.48],[34.58,-68.26],[32.82,-67.83],[31.13,-67.38],[30.15,-66.92],[29.22,-66.45],[29.22,-66.45],[30.14,-66.08],[31.03,-65.7],[31.77,-65.33],[32.59,-65.04],[33.59,-64.65],[34.02,-64.61],[34.49,-64.7],[34.83,-65.06],[34.86,-65.32],[34.69,-65.62],[34.48,-66.01],[34.38,-66.35],[34.44,-66.57],[34.82,-66.9],[35.54,-67.08],[37.05,-67.27],[38.57,-67.43],[39.4,-66.79],[40.16,-66.84],[40.89,-66.94],[41.1,-66.92],[42.13,-66.27],[42.63,-65.8],[43.45,-65.41],[45.15,-65.05],[46.8,-64.67],[47.86,-64.19],[48.89,-63.7],[50.4,-63.62],[50.4,-63.62],[52.48,-63.72],[53.75,-63.91],[55.17,-64.09],[57.32,-64.36],[57.75,-63.69],[57.88,-63.63],[59.03,-63.69],[60.18,-63.74],[61.81,-63.8],[63.75,-63.85],[65.46,-64.05],[66.14,-64.07],[67.16,-64.1],[68.78,-64.04],[69.63,-63.97],[70.56,-63.89],[71.17,-64.08],[72.14,-64.38],[73.92,-63.8],[74.34,-63.85],[75.01,-63.94],[76.22,-64.08],[76.41,-64.47],[76.56,-64.76],[77.16,-64.86],[78.55,-64.97],[79.85,-65.06],[81.6,-65.2],[82.57,-65.25],[83.98,-65.25],[85.38,-65.23],[86.05,-65.18],[86.43,-65.11],[87.86,-65.03],[89.27,-64.93],[90.59,-64.82],[92.31,-64.56],[93.99,-64.28],[95.05,-64],[96.09,-63.72],[95.91,-63.07],[95.79,-62.58],[97.78,-62.47],[99.84,-62.4],[101.89,-62.3],[102.84,-62.6],[103.67,-62.76],[104.42,-62.91],[104.42,-62.91],[104.33,-62.86],[104.33,-62.86],[104.45,-63.44],[104.58,-64.03],[104.75,-64.27],[103.2,-64.42]]]}},{"type":"Feature","properties":{"ma":0,"type":"gpml:TopologicalNetwork","name":"Inactive_aus_antarc_india_mesh","pid":501,"deforming":true},"geometry":{"type":"Polygon","coordinates":[[[79.61,12.81],[79.74,13.09],[79.76,13.8],[79.78,14.51],[79.92,15.21],[80.05,15.9],[80.61,16.37],[81.17,16.84],[81.82,17.08],[82.46,17.32],[83.09,17.79],[83.73,18.26],[84.17,18.7],[84.62,19.14],[85.1,19.65],[85.59,20.16],[86.12,20.82],[86.66,21.48],[87.26,21.83],[87.85,22.19],[88.47,22.21],[89.08,22.24],[90.01,22.6],[90.01,22.6],[90.36,21.99],[90.91,21.22],[90.91,21.22],[90.44,21.14],[89.83,21.06],[89.68,21],[89.45,20.92],[89.3,20.85],[89.17,20.8],[88.95,20.68],[88.77,20.58],[88.62,20.53],[88.42,20.4],[88.28,20.31],[88.07,20.23],[87.92,20.16],[87.76,20.12],[87.62,20.07],[87.31,19.99],[87.1,19.9],[86.92,19.85],[86.63,19.83],[86.42,19.76],[86.13,19.62],[86.02,19.54],[85.82,19.39],[85.63,19.18],[85.24,18.78],[85.04,18.59],[84.83,18.44],[84.61,18.26],[84.36,18.05],[83.91,17.61],[83.86,17.55],[83.53,17.25],[83.02,16.97],[82.91,16.89],[82.36,16.44],[82.06,16.22],[81.56,15.98],[81.14,15.7],[80.72,15.25],[80.55,14.95],[80.54,14.27],[80.57,13.87],[80.71,13.23],[80.09,12.46],[80.09,12.46],[79.61,12.81]]]}},{"type":"Feature","properties":{"ma":0,"type":"gpml:TopologicalNetwork","name":"Inactive_Western_Deforming_Network","pid":801,"deforming":true},"geometry":{"type":"Polygon","coordinates":[[[154.33,-19],[154.37,-19.46],[154.47,-20.02],[154.66,-20.99],[154.76,-21.6],[154.92,-22.52],[154.66,-23.34],[154.91,-23.7],[154.69,-24.66],[154.54,-25.64],[154.38,-26.62],[154.23,-27.61],[154.37,-27.98],[154.31,-28.49],[154.24,-29.01],[154.2,-29.29],[153.79,-30.19],[153.65,-30.5],[153.59,-31.04],[153.52,-31.57],[153.5,-31.82],[153.22,-32.41],[152.95,-33],[152.93,-33.02],[152.58,-33.59],[152.23,-34.16],[151.7,-35.01],[151.16,-35.86],[151.11,-36.07],[150.97,-36.63],[150.83,-37.19],[149.94,-37.33],[149.36,-37.45],[149.36,-37.45],[149.3,-37.04],[149.3,-36.41],[149.48,-35.81],[149.66,-35.17],[150.26,-34.52],[150.49,-34.14],[150.62,-33.86],[151.12,-33.01],[151.55,-32.44],[152.07,-31.69],[152.16,-30.86],[152.33,-30.21],[152.68,-29.73],[153.02,-29.26],[153.21,-28.7],[153.08,-28.15],[153.17,-27.49],[153.02,-26.88],[153.25,-25.96],[153.15,-24.99],[153.13,-24.25],[153.72,-23.64],[153.84,-22.99],[153.97,-22.14],[153.84,-21.64],[153.37,-20.96],[152.91,-20.23],[152.7,-19.51],[152.45,-18.69],[152.2,-18.04],[152.2,-18.04],[152.89,-17.88],[153.58,-17.72],[154.27,-17.55],[154.27,-17.55],[154.31,-18.2],[154.33,-19]]]}},{"type":"Feature","properties":{"ma":0,"type":"gpml:TopologicalNetwork","name":"Inactive_Southern_Aus_Margin","pid":801,"deforming":true},"geometry":{"type":"Polygon","coordinates":[[[140.74,-37.77],[141.95,-37.99],[142.62,-37.95],[143.3,-37.91],[144.06,-37.9],[144.96,-37.77],[145.99,-37.86],[146.61,-37.92],[147.44,-37.79],[148.09,-37.66],[149.08,-37.51],[149.94,-37.33],[150.83,-37.19],[150.77,-37.36],[150.46,-38.21],[150.36,-38.47],[149.97,-39],[149.56,-39.53],[149.56,-39.58],[149.53,-40.23],[149.51,-40.89],[149.63,-41.41],[149.75,-41.92],[150.17,-42.22],[150.73,-42.95],[150.78,-43.02],[151.08,-43.48],[151.39,-43.94],[151.39,-43.94],[151.15,-44.51],[150.92,-45.07],[149.88,-45.22],[148.74,-45.38],[147.54,-45.53],[146.33,-45.66],[146.1,-45.13],[145.73,-44.81],[145.25,-44.44],[144.77,-44.07],[144.37,-43.74],[143.6,-43.39],[143.03,-42.52],[142.48,-41.65],[142.15,-41.29],[141.88,-41.09],[141.43,-40.71],[140.98,-40.34],[140.52,-39.97],[140.06,-39.6],[139.59,-39.24],[139.13,-38.91],[138.65,-38.53],[138.18,-38.17],[137.72,-37.81],[137.27,-37.42],[136.39,-37.17],[135.52,-36.91],[135.32,-36.86],[134.57,-36.67],[134.02,-36.6],[133.6,-36.55],[132.5,-36.36],[131.75,-36.02],[130.85,-35.65],[130.35,-35.57],[129.89,-35.5],[129.07,-35.47],[128.91,-35.46],[127.93,-35.45],[127.86,-35.46],[126.97,-35.52],[126.83,-35.56],[126.1,-35.79],[126.03,-35.81],[125.43,-35.96],[125.08,-36.04],[124.74,-36.08],[124.11,-36.14],[123.89,-36.16],[123.14,-36.23],[122.99,-36.25],[122.18,-36.3],[122.08,-36.33],[121.27,-36.52],[121.22,-36.53],[120.49,-36.67],[120.26,-36.71],[119.69,-36.83],[119.3,-36.91],[118.75,-36.92],[118.33,-36.92],[117.7,-36.89],[116.74,-36.82],[115.78,-36.74],[114.77,-36.59],[114.77,-36.59],[114.36,-35.85],[113.96,-35.12],[113.56,-34.38],[113.56,-34.38],[113.67,-34.38],[114.63,-33.98],[115.26,-34.02],[115.89,-34.04],[116.98,-33.77],[118.03,-33.53],[118.86,-33.36],[119.91,-33.33],[120.62,-33.26],[121.32,-33.19],[122.32,-33.03],[123.43,-32.88],[124.41,-32.93],[125.09,-32.75],[125.77,-32.57],[126.49,-32.47],[127.21,-32.38],[128,-32.23],[128.78,-32.08],[129.53,-31.88],[130.29,-31.67],[131.33,-31.59],[131.8,-31.47],[132.77,-31.87],[133.76,-32.25],[134.2,-32.59],[134.64,-32.93],[135.24,-33.35],[135.85,-33.77],[136.32,-34.1],[136.78,-34.44],[137.51,-35.04],[138.14,-35.6],[138.61,-36.09],[139.17,-36.62],[139.82,-37.14],[140.4,-37.48],[140.61,-37.73],[140.74,-37.77]]]}},{"type":"Feature","properties":{"ma":0,"type":"gpml:TopologicalNetwork","name":"Inactive_Coral_Deforming_Network","pid":836,"deforming":true},"geometry":{"type":"Polygon","coordinates":[[[155.32,-11.35],[156.03,-11.81],[156.54,-12.12],[157.05,-12.44],[157.45,-12.69],[157.64,-12.9],[157.85,-13.07],[157.85,-13.07],[157.42,-13.39],[156.99,-13.7],[156.23,-14.05],[155.46,-14.4],[155.46,-14.4],[155.42,-14.12],[155.19,-13.62],[154.84,-13.19],[154.49,-12.77],[154.29,-12.43],[154.29,-12.43],[153.94,-12.2],[152.98,-11.95],[152.01,-11.7],[151.24,-11.59],[150.48,-11.49],[150.39,-11.42],[150.39,-11.42],[149.85,-11.71],[149.45,-11.86],[148.6,-11.89],[147.95,-11.81],[147.95,-11.81],[147.85,-11.85],[147.62,-11.82],[147.33,-11.85],[146.94,-11.98],[146.84,-12.26],[147,-12.8],[147.14,-13.05],[147.03,-13.14],[147.03,-13.14],[147.32,-13.43],[147.53,-13.58],[147.8,-13.84],[148.31,-14.12],[148.97,-14.43],[149.59,-14.64],[150.22,-14.85],[151.13,-15.18],[151.78,-15.4],[152.43,-15.62],[152.77,-16.3],[153.22,-16.95],[153.26,-17.79],[153.26,-17.79],[152.37,-18],[152.37,-18],[152.3,-17.49],[152.23,-16.98],[151.83,-16.48],[151.42,-15.98],[150.77,-15.78],[150.11,-15.57],[149.4,-15.31],[148.69,-15.03],[147.98,-14.76],[147.18,-14.38],[146.37,-13.99],[145.66,-13.93],[144.94,-13.87],[144.22,-13.81],[143.88,-13.33],[143.71,-13.09],[143.71,-13.09],[143.8,-12.9],[143.99,-12.53],[144.16,-12.15],[144.33,-11.76],[144.66,-10.97],[144.99,-10.53],[145.32,-10.1],[146.1,-10.22],[146.87,-10.33],[147.25,-10.72],[147.25,-10.72],[147.46,-10.64],[147.84,-10.48],[148.41,-10.17],[149.01,-9.88],[149.7,-10],[150.4,-10.12],[151.03,-10.15],[151.54,-10.23],[152.06,-10.3],[152.95,-10.6],[153.84,-10.89],[154.6,-10.89],[155.32,-11.35]]]}},{"type":"Feature","properties":{"ma":0,"type":"gpml:TopologicalNetwork","name":"Static_Network","pid":833,"deforming":true},"geometry":{"type":"Polygon","coordinates":[[[155.55,-18.83],[155.46,-18.31],[155.17,-18.15],[155.09,-17.56],[155.09,-16.92],[155.45,-16.42],[155.8,-15.92],[155.7,-15.2],[155.7,-15.2],[156.01,-15.02],[156.55,-14.48],[157.1,-13.94],[157.1,-13.94],[157.29,-14.18],[157.52,-14.39],[157.71,-14.6],[158.14,-15.19],[158.44,-15.92],[158.44,-16.81],[158.11,-17.21],[157.74,-17.64],[157.38,-18.08],[157.73,-18.73],[157.49,-19.49],[157.68,-19.92],[158.24,-20.49],[159.02,-20.03],[159.8,-19.57],[160.57,-19.1],[161.34,-18.63],[162.1,-18.16],[162.86,-17.68],[163.48,-18.32],[163.74,-18.83],[164,-19.35],[164.38,-19.72],[164.75,-20.09],[165.32,-20.68],[166,-21.19],[166.71,-21.72],[167.3,-22.04],[167.69,-22.46],[167.72,-22.75],[167.78,-22.96],[167.77,-23.26],[167.83,-23.91],[167.74,-24.83],[167.8,-25.57],[167.95,-26.4],[168.03,-26.83],[168.03,-27.59],[168.06,-27.87],[168.1,-28.59],[168.51,-29.24],[168.51,-29.65],[168.34,-30.42],[168.28,-31.03],[168.37,-31.44],[168.52,-31.79],[169.31,-32.47],[169.77,-32.82],[170.31,-33.1],[170.99,-33.53],[171.07,-33.65],[171.94,-33.17],[171.57,-33.51],[171.54,-33.83],[171.51,-34.06],[171.67,-34.43],[171.89,-34.91],[172.15,-35.49],[172.35,-35.9],[172.54,-36.32],[172.81,-36.88],[173.4,-37.43],[172.78,-38.06],[171.99,-38.61],[171.55,-39.01],[171.11,-39.41],[171.02,-39.96],[170.93,-40.52],[170.22,-41.32],[169.53,-41.68],[168.72,-42.33],[168.19,-42.75],[167.65,-43.18],[167.2,-44.12],[167.2,-44.12],[166.65,-43.81],[166.05,-43.51],[165.39,-43.32],[164.63,-42.53],[163.88,-41.74],[164.2,-41.27],[164.11,-41.1],[163.8,-40.76],[163.44,-40.46],[163.44,-40.46],[163.7,-40.31],[163.31,-39.42],[162.92,-38.53],[162.22,-37.7],[162.17,-37.65],[161.85,-36.9],[161.31,-36.7],[160.74,-36.37],[160.16,-36.04],[159.94,-35.4],[159.72,-34.77],[159.69,-34.73],[159.06,-33.99],[158.9,-33.8],[158.28,-33.65],[157.67,-33.49],[157.63,-33.34],[157.48,-32.82],[157.33,-32.3],[157.25,-32.11],[157.11,-31.37],[156.98,-30.64],[157.28,-29.97],[157.58,-29.3],[157.59,-29.27],[157.51,-28.73],[157.43,-28.18],[157.39,-27.94],[157.36,-27.39],[157.32,-26.84],[157.3,-26.55],[157.42,-26.06],[157.53,-25.57],[157.61,-25.24],[157.32,-24.28],[157.21,-23.89],[156.77,-23.3],[156.33,-22.7],[156.04,-22.13],[155.84,-21.69],[155.8,-21.04],[155.77,-20.51],[155.74,-19.98],[155.63,-19.35],[155.55,-18.83]]]}},{"type":"Feature","properties":{"ma":0,"type":"gpml:TopologicalNetwork","name":"Inactive_Deforming_AUS_ANT_Deforming_Network","pid":802,"deforming":true},"geometry":{"type":"Polygon","coordinates":[[[166.44,-69.51],[166.58,-69.53],[167.71,-69.67],[167.89,-69.73],[167.4,-70.26],[166.89,-70.79],[166.89,-70.79],[165.76,-70.58],[163.9,-70.59],[162.03,-70.58],[160.42,-70.14],[159.21,-69.66],[158.06,-69.18],[156.85,-68.82],[155.68,-68.45],[153.96,-68.22],[152.27,-67.96],[150.45,-67.79],[148.67,-67.59],[147.4,-67.38],[146.15,-67.17],[143.74,-66.93],[142.1,-66.89],[140.46,-66.83],[138.86,-66.57],[137.28,-66.29],[135.34,-66.19],[133.89,-66.21],[132.43,-66.21],[130.85,-66.27],[129.26,-66.32],[127.43,-66.57],[125.56,-66.81],[123.56,-66.86],[121.55,-66.88],[119.54,-66.88],[118.24,-66.96],[116.94,-67.03],[115.16,-67.11],[113.36,-67.16],[112.01,-67.06],[110.67,-66.96],[108.44,-66.67],[106.27,-66.35],[106.27,-66.35],[105.67,-65.58],[105.11,-64.8],[104.58,-64.03],[104.4,-63.19],[104.4,-63.19],[104.94,-63.32],[105.84,-63.52],[107.67,-63.85],[109.13,-63.83],[110.58,-63.78],[111.53,-63.74],[112.19,-63.7],[113.09,-63.66],[113.81,-63.63],[114.97,-63.67],[115.43,-63.68],[116.95,-63.74],[117.04,-63.74],[118.66,-63.7],[118.85,-63.69],[120.28,-63.63],[120.55,-63.63],[121.9,-63.58],[122.32,-63.58],[123.51,-63.57],[124.27,-63.63],[125.13,-63.69],[126.57,-63.76],[126.74,-63.77],[128.36,-63.7],[128.6,-63.66],[129.95,-63.42],[130.06,-63.4],[131.33,-63.11],[131.53,-63.06],[132.59,-62.85],[133.11,-62.74],[133.72,-62.64],[134.47,-62.52],[134.71,-62.48],[135.8,-62.33],[136.32,-62.26],[137.07,-62.2],[137.93,-62.12],[138.19,-62.12],[140.14,-62.44],[142.13,-62.74],[142.5,-62.85],[143.19,-63.06],[143.85,-63.24],[144.29,-63.35],[145.02,-63.55],[145.78,-63.74],[146.26,-63.86],[146.84,-64.02],[147.59,-64.2],[148.42,-64.39],[148.94,-64.51],[149.86,-64.76],[151.36,-65.21],[152.36,-65.76],[153.12,-66.06],[153.37,-66.16],[153.42,-66.18],[153.62,-66.23],[154.18,-66.38],[154.53,-66.47],[154.77,-66.51],[155.65,-66.68],[156.1,-66.89],[156.69,-67.15],[157.67,-67.74],[158.68,-68.26],[159.79,-68.54],[160.47,-68.66],[160.91,-68.74],[162.05,-68.88],[162.88,-69.02],[163.18,-69.07],[165.44,-69.39],[166.44,-69.51]]]}},{"type":"Feature","properties":{"ma":0,"type":"gpml:TopologicalNetwork","name":"Inactive_Tasmania_Deforming_Network","pid":851,"deforming":true},"geometry":{"type":"Polygon","coordinates":[[[144.37,-43.74],[144.77,-44.07],[145.25,-44.44],[145.73,-44.81],[146.1,-45.13],[146.35,-45.63],[146.65,-45.89],[147.06,-46.11],[147.57,-46.34],[148.05,-46.55],[148.73,-46.84],[149.19,-47.15],[149.6,-47.49],[150.02,-47.81],[150.63,-48.25],[150.98,-48.63],[151.25,-49],[151.3,-49.18],[150.82,-49.6],[150.03,-49.6],[149.66,-49.46],[149.65,-49.46],[149.22,-49.25],[149.17,-49.23],[148.75,-49.05],[148.44,-48.92],[148.27,-48.87],[147.78,-48.72],[147.69,-48.69],[147.44,-48.62],[147.06,-48.51],[146.93,-48.47],[146.72,-48.39],[146.47,-48.28],[146.46,-48.28],[146.35,-48.23],[146.2,-48.17],[146.07,-48.06],[145.61,-47.65],[145.45,-47.35],[145.25,-46.96],[144.92,-46.24],[144.7,-45.74],[144.6,-45.52],[144.27,-44.8],[143.94,-44.08],[143.92,-44.04],[143.6,-43.39],[144.37,-43.74]]]}},{"type":"Feature","properties":{"ma":0,"type":"gpml:TopologicalNetwork","name":"Inactive_network","pid":301,"deforming":true},"geometry":{"type":"Polygon","coordinates":[[[0.91,81.8],[1.55,81.93],[6.02,82.42],[11.09,82.77],[16.2,83.04],[16.2,83.04],[21.55,82.69],[26.38,82.29],[30.55,82.55],[34.99,82.77],[41.23,83.1],[45.83,83.34],[49.95,83.51],[56.69,83.88],[61.49,83.5],[67,83.15],[71.55,83.18],[78.21,82.67],[79.23,82.64],[80.79,82.58],[82.55,82.5],[84.52,82.41],[86.45,82.33],[86.45,82.33],[86.44,82.33],[84.6,81.89],[82.94,81.44],[82.94,81.44],[77.66,81.56],[71.54,81.7],[65.28,81.75],[59.96,81.71],[54.74,81.6],[49.63,81.56],[44.61,81.46],[39.49,81.26],[34.64,81],[30.8,80.76],[27.17,80.49],[23.58,80.25],[20.17,79.97],[16.37,79.43],[16.84,78.61],[18.05,78.03],[19.15,77.45],[19.77,76.78],[20.33,76.12],[20.84,75.45],[21.03,74.9],[21.2,74.35],[21.2,74.35],[18.81,74.23],[16.45,74.08],[16.45,74.08],[16.34,74.75],[16.22,75.42],[16.09,76.08],[14.33,76.5],[12.47,76.91],[11.24,77.6],[9.86,78.28],[8.33,78.96],[6.34,79.75],[4.03,80.52],[1.85,81.42],[0.91,81.8]]]}},{"type":"Feature","properties":{"ma":0,"type":"gpml:TopologicalNetwork","name":"Inactive_network","pid":102,"deforming":true},"geometry":{"type":"MultiPolygon","coordinates":[[[[180,88.75],[180,88.03],[180,87.32],[171.93,86.58],[171.93,86.58],[171.74,86.57],[171.55,86.56],[171.55,86.56],[159.44,86.73],[146.62,86.75],[134.29,86.6],[134.29,86.6],[127.03,87.08],[115.64,87.6],[108.09,88.15],[122.67,88.92],[148.05,89.28],[180,89.46],[180,88.75]]],[[[-180,88.03],[-180,88.75],[-180,89.46],[-159.27,89.47],[-56.69,89.33],[-41.35,88.44],[-41.05,87.6],[-44.24,86.98],[-46.33,86.35],[-48.18,85.53],[-41.81,85.59],[-34.18,85.76],[-26.07,85.85],[-15.62,85.74],[-11.76,85.43],[-11.29,85.44],[-12.84,85.3],[-15.97,84.89],[-19.31,84.33],[-23.47,83.64],[-20.45,83.74],[-16.58,83.14],[-12.45,82.39],[-9.06,81.6],[-6.62,80.83],[-4.56,80.04],[-3.81,79.41],[-3.15,78.79],[-4.56,78.16],[-4.56,78.16],[-5.18,78.38],[-6.46,78.93],[-7.58,79.3],[-8.65,79.65],[-11.03,80.28],[-13.9,80.93],[-17.21,81.56],[-20.86,81.95],[-24.86,82.3],[-30.1,82.58],[-35.69,82.79],[-41.56,82.92],[-46.97,82.84],[-52.21,82.69],[-52.21,82.69],[-55.23,83.29],[-58.83,83.86],[-64.28,84.54],[-71.16,85.14],[-79.85,85.66],[-79.44,85.86],[-84.14,86.47],[-90.71,87.04],[-100.22,87.54],[-113.85,87.93],[-138.09,88.14],[-163.13,87.99],[-171.14,87.79],[-180,87.32],[-180,88.03]]]]}},{"type":"Feature","properties":{"ma":0,"type":"gpml:TopologicalNetwork","name":"EllesmereIsland_Deformation_Mesh_Gion","pid":120,"deforming":true},"geometry":{"type":"Polygon","coordinates":[[[-95.76,73.54],[-98.19,73.49],[-101.08,73.43],[-103.68,73.46],[-106.28,73.46],[-108.06,73.45],[-109.84,73.43],[-112.92,73.51],[-114.78,73.76],[-116.69,73.99],[-118.42,74.27],[-120.2,74.54],[-123.29,74.95],[-126.29,75.52],[-128.82,76.06],[-129.3,77.01],[-129.17,77.99],[-127.57,78.5],[-125.84,78.99],[-123.68,79.42],[-121.34,79.83],[-118.65,80.29],[-115.69,80.72],[-111.84,81.18],[-107.6,81.59],[-104.17,81.95],[-100.44,82.27],[-96.91,82.76],[-92.9,83.21],[-89.99,83.66],[-86.64,84.09],[-81.36,84.69],[-79.85,85.66],[-79.85,85.66],[-71.16,85.14],[-64.28,84.54],[-58.83,83.86],[-55.01,83.25],[-51.84,82.61],[-51.84,82.61],[-53.04,82.48],[-55.38,82.17],[-57.99,81.75],[-59.63,81.44],[-61.82,80.89],[-63.48,80.29],[-64.94,79.69],[-66.17,79.3],[-67.01,79.22],[-68.62,79.17],[-69.87,79.12],[-71.77,78.87],[-73.23,78.66],[-73.53,78.34],[-73.77,78.08],[-75.05,77.84],[-75.97,77.65],[-75.81,77.42],[-75.64,77.15],[-75.45,76.85],[-76.16,76.78],[-76.76,76.71],[-77.38,76.63],[-78.25,76.53],[-78.91,76.44],[-79.64,76.35],[-80.09,76.29],[-80.41,76.17],[-81.01,75.93],[-81.68,75.65],[-82.47,75.06],[-83.17,74.81],[-83.75,74.59],[-84.62,74.24],[-85.99,73.62],[-86.7,73.2],[-86.7,73.2],[-87.94,73.19],[-90.07,73.24],[-93.05,73.31],[-94.23,73.41],[-95.76,73.54]]]}},{"type":"Feature","properties":{"ma":0,"type":"gpml:TopologicalNetwork","name":"Inactive_BoB_Deform","pid":305,"deforming":true},"geometry":{"type":"Polygon","coordinates":[[[-7.8,46.35],[-7.78,46.41],[-7.63,46.61],[-7.48,46.89],[-7.29,47.19],[-7.1,47.55],[-7.02,47.71],[-7.02,47.71],[-6.97,47.7],[-6.45,47.59],[-6.01,47.46],[-5.44,47.28],[-4.85,46.97],[-4.55,46.73],[-3.89,46.47],[-3.31,45.99],[-2.77,45.53],[-2.55,45.19],[-2.35,44.79],[-2.06,44.46],[-1.81,44.11],[-1.7,43.69],[-1.7,43.69],[-2.37,43.75],[-3.24,43.64],[-4.14,43.57],[-4.5,43.53],[-4.94,43.48],[-5.19,43.45],[-5.48,43.41],[-5.48,43.41],[-5.83,44.13],[-6.12,44.47],[-6.28,44.65],[-6.44,44.72],[-6.44,44.72],[-6.13,44.84],[-5.92,45.04],[-5.88,45.1],[-5.88,45.1],[-5.86,45.15],[-5.9,45.32],[-5.95,45.55],[-6.16,45.76],[-6.87,46.03],[-7.77,46.35],[-7.8,46.35]]]}},{"type":"Feature","properties":{"ma":0,"type":"gpml:TopologicalNetwork","name":"Inactive_Central_Atlantic_Mesh","pid":101,"deforming":true},"geometry":{"type":"Polygon","coordinates":[[[-52.39,43.26],[-52.78,43.44],[-53.49,43.69],[-54.06,43.69],[-54.89,44.07],[-55.48,44.16],[-56.38,43.83],[-57.37,43.68],[-58.36,43.51],[-59.11,42.93],[-59.6,42.47],[-59.92,42.15],[-60.38,41.87],[-60.93,41.68],[-61.7,41.82],[-62.73,42.12],[-63.64,42.14],[-64.37,42.07],[-64.58,42.04],[-64.83,41.86],[-65.18,41.63],[-65.32,41.55],[-65.42,41.48],[-65.51,41.4],[-65.59,41.33],[-65.84,41.13],[-66.14,40.87],[-66.25,40.75],[-66.44,40.59],[-66.58,40.48],[-66.69,40.38],[-66.87,40.23],[-67.06,40.08],[-67.18,39.93],[-67.55,39.83],[-67.92,39.91],[-68.26,39.98],[-68.79,40.07],[-69.05,39.95],[-69.3,39.87],[-69.63,39.83],[-69.98,39.76],[-70.33,39.72],[-70.57,39.68],[-70.86,39.66],[-71.16,39.69],[-71.54,39.7],[-71.77,39.73],[-72.08,39.54],[-72.24,39.47],[-72.7,39.41],[-73.49,39.19],[-74.08,38.83],[-74.56,38.28],[-74.74,37.59],[-75.03,37.04],[-75.13,36.73],[-75.07,36.31],[-74.97,35.91],[-74.93,35.35],[-75.33,34.8],[-75.7,34.26],[-76.09,33.77],[-76.39,33.36],[-76.92,32.76],[-77.2,32.26],[-78,31.94],[-78.84,31.58],[-79.69,31.2],[-80.03,30.81],[-80.27,30.43],[-79.86,30.14],[-79.78,29.94],[-79.92,29.48],[-79.69,29],[-79.36,28.12],[-79.23,27.82],[-79.13,27.4],[-79.12,27.33],[-79.12,27.33],[-79.6,27.31],[-80.38,27.37],[-81.15,27.59],[-81.73,28.08],[-82.3,28.39],[-82.98,28.63],[-83.58,28.96],[-83.85,29.45],[-84.68,29.69],[-85.33,30.01],[-85.97,30.32],[-85.97,30.32],[-85.4,30.58],[-85.08,30.67],[-84.86,31.04],[-84.55,31.53],[-84.23,31.94],[-83.92,32.32],[-83.86,32.55],[-83.51,32.73],[-83.18,32.9],[-82.64,33.19],[-81.97,33.5],[-81.29,33.8],[-80.79,34.35],[-80.4,34.9],[-80.4,35.69],[-80.4,36.33],[-79.75,36.8],[-79,37.51],[-78.68,37.89],[-78.24,38.46],[-77.8,39.03],[-77.6,39.52],[-77.53,39.99],[-77.06,40.24],[-76.93,40.37],[-76.61,40.41],[-76.21,40.4],[-75.85,40.46],[-75.31,40.69],[-75,40.78],[-74.78,40.82],[-74.45,41.14],[-74.11,41.47],[-73.54,41.69],[-73.17,42.07],[-73.06,42.67],[-72.77,42.8],[-72.22,42.74],[-71.61,43.09],[-70.99,43.2],[-70,43.39],[-68.97,43.67],[-68.31,43.89],[-67.29,44.14],[-66.66,44.51],[-65.8,45],[-65.04,45.33],[-64.3,45.53],[-63.45,45.74],[-62.98,45.8],[-62.29,45.75],[-61.36,45.75],[-60.57,45.85],[-59.89,45.93],[-59.19,45.97],[-58.45,46],[-57.55,46],[-56.51,45.88],[-55.55,45.74],[-54.45,45.65],[-53.98,45.56],[-53.74,45.35],[-53.42,45.26],[-53.23,45.13],[-53.07,45.03],[-52.82,44.85],[-52.45,44.67],[-52.54,44.55],[-52.74,44.45],[-53.18,44.45],[-53.14,44.26],[-52.96,44.03],[-52.53,44.21],[-52.46,44.22],[-52.29,44.19],[-52.31,43.97],[-52.32,43.56],[-51.95,43.48],[-51.95,43.48],[-52.39,43.26]]]}},{"type":"Feature","properties":{"ma":0,"type":"gpml:TopologicalNetwork","name":"Inactive Deforming Network","pid":701,"deforming":true},"geometry":{"type":"Polygon","coordinates":[[[7.39,5.35],[6.55,5.67],[5.71,5.99],[5.71,5.99],[6.41,6.51],[6.81,6.81],[6.81,6.81],[7.11,6.77],[7.9,6.63],[8.34,6.39],[8.79,6.16],[9.18,5.73],[9.57,5.3],[9.92,4.58],[9.97,3.96],[10.02,3.35],[9.84,2.63],[9.66,1.9],[9.48,1.18],[9.64,0.69],[9.8,0.19],[10.07,-0.77],[10.12,-1.63],[10.23,-2.17],[10.34,-2.71],[10.68,-3.16],[11.01,-3.6],[11.62,-4],[12.12,-4.73],[12.35,-5.18],[12.59,-5.62],[12.78,-6.46],[12.93,-7.27],[13.23,-8.06],[13.67,-8.95],[13.99,-9.76],[14.04,-10.43],[13.98,-10.98],[13.92,-11.54],[13.57,-12.33],[13.26,-12.74],[12.95,-13.15],[12.5,-14.02],[12.33,-14.56],[12.17,-15.09],[12.01,-15.71],[11.84,-16.34],[11.75,-16.89],[11.65,-17.43],[11.87,-18.36],[12.12,-18.96],[12.36,-19.57],[12.56,-20.03],[12.76,-20.5],[13.08,-21.32],[13.57,-22.13],[13.77,-22.77],[13.97,-23.41],[14.24,-24.35],[14.36,-24.89],[14.48,-25.43],[14.64,-25.99],[14.8,-26.54],[14.98,-27.07],[15.15,-27.6],[15.69,-28.36],[16.28,-29.15],[16.6,-29.67],[16.92,-30.19],[17.16,-30.8],[17.39,-31.42],[17.65,-32.33],[17.91,-33.24],[18.2,-33.82],[18.5,-34.4],[19.03,-34.81],[19.56,-35.22],[20.14,-35.7],[20.72,-36.18],[21.51,-36.69],[21.51,-36.69],[20.95,-37.06],[20.39,-37.42],[20.39,-37.42],[19.87,-37.01],[19.37,-36.6],[19.37,-36.55],[18.68,-35.94],[18.34,-35.65],[17.81,-35.18],[17.35,-34.74],[16.97,-34.39],[16.43,-33.81],[16.19,-33.55],[15.68,-32.91],[15.12,-32.22],[14.84,-31.77],[14.53,-31.28],[14.31,-30.94],[14.23,-30.76],[13.97,-30.19],[13.75,-29.67],[13.7,-29.56],[13.51,-29.06],[13.33,-28.56],[13.31,-28.48],[13.07,-27.73],[13.06,-27.69],[12.89,-26.99],[12.84,-26.81],[12.74,-26.25],[12.68,-25.91],[12.59,-25.51],[12.48,-25.03],[12.39,-24.77],[12.19,-24.17],[12.15,-24.02],[11.92,-23.3],[11.92,-23.26],[11.84,-22.51],[11.83,-22.4],[11.71,-21.75],[11.67,-21.51],[11.52,-20.98],[11.42,-20.63],[11.33,-20.24],[11.23,-19.75],[11.18,-19.46],[11.09,-18.85],[11.08,-18.73],[11.02,-18.15],[11,-17.94],[10.99,-17.84],[10.99,-17.64],[10.99,-17.44],[10.99,-17.13],[10.98,-17.04],[11.02,-16.66],[11.06,-16.14],[11.07,-16.09],[11.19,-15.56],[11.25,-15.25],[11.4,-14.9],[11.61,-14.42],[11.73,-13.85],[11.79,-13.53],[11.8,-13.27],[11.81,-12.62],[11.81,-12.46],[11.79,-11.71],[11.75,-11.57],[11.51,-10.85],[11.48,-10.79],[11.12,-10.12],[11.08,-10.05],[10.79,-9.4],[10.71,-9.23],[10.6,-8.59],[10.55,-8.34],[10.46,-7.79],[10.4,-7.44],[10.33,-7.01],[10.26,-6.55],[10.19,-6.18],[10.1,-5.65],[9.92,-5.42],[9.58,-4.96],[9.45,-4.87],[8.85,-4.43],[8.8,-4.36],[8.32,-3.75],[8.3,-3.72],[8.08,-3.1],[8,-2.88],[8.05,-2.41],[8.1,-1.98],[8.14,-1.63],[8.2,-1.08],[8.19,-0.91],[8.14,-0.32],[8.13,-0.18],[8.17,-0.02],[8.32,0.52],[8.36,0.68],[8.93,1.39],[9.22,2.21],[9.47,2.96],[9.5,3.07],[9.39,3.92],[9.38,3.95],[8.85,4.49],[8.75,4.58],[8.15,4.96],[7.98,5.07],[7.39,5.38],[7.39,5.35]]]}},{"type":"Feature","properties":{"ma":0,"type":"gpml:TopologicalNetwork","name":"Inactive Deforming Network","pid":201,"deforming":true},"geometry":{"type":"Polygon","coordinates":[[[-34.46,-5.47],[-34.28,-6.06],[-34.22,-6.24],[-34.1,-6.89],[-34.07,-7.02],[-33.96,-7.77],[-33.95,-7.8],[-33.86,-8.53],[-33.85,-8.59],[-34.03,-9.08],[-34.27,-9.6],[-34.42,-9.86],[-34.49,-9.98],[-35.15,-10.43],[-35.5,-10.58],[-35.88,-10.75],[-36.43,-11.33],[-36.56,-11.49],[-36.94,-11.94],[-37.15,-12.23],[-37.41,-12.59],[-37.72,-12.97],[-37.91,-13.21],[-38.27,-13.88],[-38.29,-13.91],[-38.17,-14.69],[-38.15,-14.77],[-37.95,-15.46],[-37.87,-15.6],[-37.55,-16.14],[-37.52,-16.44],[-37.48,-16.93],[-37.56,-17.27],[-37.67,-17.7],[-37.84,-18.12],[-37.97,-18.45],[-38.12,-18.97],[-38.19,-19.22],[-38.29,-19.82],[-38.33,-20],[-38.42,-20.71],[-38.43,-20.8],[-38.64,-21.56],[-38.64,-21.63],[-38.69,-22.36],[-38.71,-22.51],[-38.81,-23.15],[-38.88,-23.29],[-39.16,-23.84],[-39.43,-24.07],[-39.74,-24.32],[-39.91,-24.75],[-40.04,-25.06],[-40.32,-25.28],[-40.62,-25.52],[-41.31,-25.93],[-41.36,-25.96],[-41.96,-26.4],[-42.5,-26.7],[-42.65,-26.78],[-43.4,-27.04],[-44.19,-27.19],[-44.98,-27.34],[-45.22,-27.41],[-45.74,-27.56],[-46.37,-28.03],[-46.44,-28.14],[-46.8,-28.69],[-46.93,-28.94],[-47.17,-29.4],[-47.43,-29.76],[-47.64,-30.04],[-48,-30.46],[-48.16,-30.65],[-48.61,-31.17],[-48.69,-31.25],[-49.21,-31.86],[-49.23,-31.9],[-49.71,-32.48],[-49.78,-32.62],[-50.07,-33.2],[-50.19,-33.45],[-50.41,-33.92],[-50.6,-34.32],[-50.76,-34.64],[-51.05,-35.17],[-51.15,-35.34],[-51.55,-35.98],[-51.58,-36.02],[-52.03,-36.68],[-52.08,-36.75],[-52.47,-37.33],[-52.87,-37.9],[-52.97,-38.01],[-53.4,-38.48],[-53.68,-39.06],[-53.81,-39.22],[-54.08,-39.56],[-54.51,-40.04],[-54.88,-40.48],[-55.32,-40.94],[-55.77,-41.4],[-56.32,-42.08],[-56.56,-42.38],[-56.9,-43.06],[-57.11,-43.51],[-57.34,-44.06],[-57.59,-44.67],[-57.68,-45.07],[-57.88,-45.89],[-58.06,-46.46],[-58.24,-47.02],[-58.32,-47.45],[-58.32,-47.45],[-59.64,-47.24],[-59.64,-47.24],[-59.78,-46.53],[-59.78,-46.04],[-59.74,-45.54],[-59.71,-45.04],[-59.52,-44.34],[-59.34,-43.65],[-59.08,-42.95],[-58.75,-42.34],[-58.13,-41.45],[-57.58,-40.8],[-57.05,-40.14],[-56.52,-39.48],[-56.06,-38.81],[-55.67,-38.28],[-55.29,-37.74],[-54.99,-37.48],[-54.36,-36.91],[-53.74,-36.33],[-53.25,-35.85],[-52.76,-35.37],[-52.33,-34.58],[-51.99,-33.77],[-51.57,-32.95],[-51.11,-32.23],[-50.8,-31.64],[-50.29,-30.82],[-49.79,-30.04],[-49.42,-29.23],[-49.3,-29.06],[-48.83,-28.62],[-48.49,-27.68],[-48.51,-26.77],[-48.42,-26.24],[-48.32,-25.71],[-47.95,-25.28],[-47.58,-24.85],[-46.69,-24.28],[-46.15,-24.05],[-45.61,-23.81],[-44.79,-23.47],[-44.04,-23.32],[-43.29,-23.17],[-42.64,-22.98],[-41.98,-22.79],[-41.37,-22.2],[-41.15,-21.73],[-40.9,-21.27],[-40.48,-20.65],[-40.36,-20.03],[-40.26,-19.52],[-40.13,-19.07],[-39.89,-18.53],[-39.77,-17.96],[-39.57,-17.59],[-39.54,-17.18],[-39.4,-16.71],[-39.2,-16.21],[-39.12,-15.59],[-39.1,-14.95],[-38.96,-14.41],[-39.05,-13.81],[-39,-13.31],[-38.92,-12.96],[-38.66,-12.26],[-38.58,-11.78],[-38.56,-11.34],[-38.56,-10.81],[-38.59,-10.35],[-38.65,-9.91],[-38.58,-9.55],[-38.39,-9.28],[-38.18,-9.06],[-37.73,-8.77],[-37.55,-8.54],[-38.38,-8.58],[-39.21,-8.2],[-39.7,-7.89],[-40.03,-8.08],[-40.08,-8.51],[-40.46,-8.51],[-40.8,-8.24],[-40.99,-7.84],[-40.87,-7.57],[-40.47,-7.16],[-40.08,-6.75],[-39.47,-6.52],[-39.09,-6.16],[-38.77,-6.23],[-38.43,-5.72],[-38.06,-5.45],[-37.42,-5.28],[-37.05,-4.97],[-37.11,-4.59],[-37.32,-4.41],[-37.32,-4.41],[-36.66,-4.31],[-35.99,-4.21],[-35.99,-4.21],[-35.72,-4.35],[-35.3,-4.57],[-34.88,-5.02],[-34.46,-5.47]]]}},{"type":"Feature","properties":{"ma":0,"type":"gpml:TopologicalNetwork","name":"Inactive Deforming Network","pid":201,"deforming":true},"geometry":{"type":"Polygon","coordinates":[[[-49.13,4.13],[-49,3.99],[-48.35,3.23],[-47.93,2.86],[-47.6,2.57],[-46.97,1.8],[-46.66,1.53],[-46.23,1.13],[-45.39,0.6],[-45.27,0.54],[-44.56,0.15],[-44.51,0.12],[-44.17,-0.2],[-43.8,-0.57],[-43.71,-0.68],[-43.2,-1.36],[-42.88,-1.6],[-42.43,-1.95],[-41.44,-2.04],[-40.94,-2.06],[-40.44,-2.08],[-40.19,-2.12],[-39.46,-2.23],[-39.34,-2.29],[-38.85,-2.52],[-38.57,-2.66],[-38.21,-2.91],[-37.75,-3.23],[-37.41,-3.51],[-36.95,-3.73],[-36.49,-3.95],[-35.99,-4.21],[-35.99,-4.21],[-36.66,-4.31],[-37.32,-4.41],[-37.32,-4.41],[-37.36,-4.37],[-37.89,-4.23],[-38.43,-4.03],[-38.78,-3.86],[-38.78,-3.86],[-39.01,-3.76],[-39.57,-3.57],[-40.32,-3.42],[-40.99,-3.42],[-41.67,-3.42],[-42.55,-3.28],[-43.42,-3.13],[-44.32,-2.77],[-45.16,-2.31],[-46.02,-1.83],[-46.84,-1.47],[-47.38,-1.23],[-47.92,-1],[-48.43,-0.77],[-48.93,-0.53],[-49.5,-0.3],[-50.06,-0.06],[-50.4,0.33],[-50.74,0.71],[-50.95,1.22],[-51.16,1.72],[-51.27,2.27],[-51.37,2.83],[-51.62,3.33],[-51.87,3.83],[-52.55,4.56],[-53.08,5.15],[-53.45,5.66],[-53.83,6.17],[-54.19,6.83],[-54.29,7.77],[-54.33,8.45],[-54.58,8.84],[-54.71,8.96],[-54.71,8.96],[-54.69,9.17],[-54.52,9.45],[-53.94,9.4],[-53.41,8.8],[-52.7,8.52],[-52.38,8.42],[-52.38,8.42],[-52.33,7.88],[-52.26,7.33],[-52.19,6.77],[-51.84,6.07],[-51.16,5.59],[-50.48,5.1],[-49.81,4.62],[-49.13,4.13]]]}},{"type":"Feature","properties":{"ma":0,"type":"gpml:TopologicalNetwork","name":"Deforming Network","pid":714,"deforming":true},"geometry":{"type":"Polygon","coordinates":[[[-12.65,6.28],[-13.37,6.63],[-14.08,6.98],[-14.74,7.42],[-15.07,7.86],[-15.41,8.31],[-15.85,8.94],[-15.85,8.94],[-15.27,9.12],[-14.69,9.3],[-14.69,9.3],[-14.36,8.69],[-14.03,8.08],[-13.32,7.61],[-12.72,7.56],[-12.12,7.51],[-11.49,6.98],[-10.87,6.46],[-10.24,5.97],[-9.61,5.47],[-8.92,5.1],[-8.23,4.73],[-7.51,4.6],[-6.69,4.79],[-5.87,4.98],[-5.06,5.1],[-4.26,5.21],[-3.27,5.21],[-2.62,5.11],[-1.98,5],[-1.22,5.23],[-0.47,5.46],[0.24,5.82],[0.95,6.19],[1.42,6.41],[1.89,6.63],[2.84,6.79],[3.79,6.96],[4.6,6.94],[5.41,6.92],[6.21,6.9],[6.8,6.81],[6.8,6.81],[6.41,6.51],[5.71,5.99],[5.71,5.99],[5.32,6.14],[4.68,6.18],[4.04,6.21],[3.4,6.12],[2.62,6],[1.78,5.72],[1.26,5.55],[0.61,5.24],[-0.04,4.94],[-0.36,4.79],[-0.85,4.57],[-1.35,4.35],[-1.46,4.36],[-1.76,4.39],[-2.09,4.42],[-2.7,4.48],[-3.08,4.55],[-3.59,4.64],[-4.1,4.73],[-4.42,4.66],[-4.95,4.55],[-5.48,4.43],[-6.08,4.26],[-6.67,4.09],[-6.87,4.04],[-7.57,3.93],[-8.27,3.82],[-8.35,3.84],[-9.08,4.06],[-9.63,4.22],[-9.86,4.39],[-10.51,4.88],[-10.78,5.08],[-11.12,5.34],[-11.81,5.85],[-11.94,5.94],[-12.65,6.28]]]}},{"type":"Feature","properties":{"ma":0,"type":"gpml:TopologicalNetwork","name":"Inactive_Southern_Central_Atlantic_Mesh","pid":714,"deforming":true},"geometry":{"type":"Polygon","coordinates":[[[-15.91,13.17],[-15.94,12.91],[-15.83,12.68],[-15.92,12.2],[-15.89,11.74],[-15.51,11.02],[-15.09,10.22],[-14.69,9.77],[-14.04,9.5],[-13.39,9.23],[-12.71,8.59],[-12.31,7.97],[-11.73,7.31],[-11.72,7.17],[-11.72,7.17],[-12.12,7.51],[-12.72,7.56],[-13.32,7.61],[-14.03,8.08],[-14.36,8.7],[-14.7,9.33],[-14.7,9.33],[-14.73,9.32],[-15.25,9.15],[-15.57,9.03],[-15.85,9.01],[-16.58,8.82],[-17.26,9.09],[-17.86,9.43],[-17.9,10.07],[-17.9,10.63],[-17.56,11.2],[-17.56,11.2],[-17.58,11.47],[-17.56,11.77],[-17.57,12.03],[-17.55,12.28],[-17.69,12.49],[-17.68,12.84],[-17.65,13.18],[-17.65,13.18],[-16.77,13.23],[-15.9,13.28],[-15.91,13.17]]]}},{"type":"Feature","properties":{"ma":0,"type":"gpml:TopologicalNetwork","name":"Inactive_Rockall_DFM","pid":102,"deforming":true},"geometry":{"type":"Polygon","coordinates":[[[-65.53,79.01],[-64.52,78.68],[-63.58,78.35],[-63.23,78.03],[-62.65,77.55],[-61.63,77.15],[-60.02,76.91],[-58.52,76.43],[-56.77,75.89],[-55.23,75.22],[-54.28,74.65],[-53.52,74.03],[-53.49,73.37],[-53.39,72.73],[-52.83,72.15],[-51.81,71.5],[-51.76,71.04],[-51.53,70.63],[-51.02,70],[-50.34,69.22],[-50.47,68.73],[-50.16,68.08],[-50.04,67.51],[-49.97,66.85],[-50.45,66.41],[-50.5,65.93],[-50.43,65.2],[-50.47,64.64],[-50.07,63.98],[-49.72,63.48],[-48.79,62.75],[-47.85,62.32],[-46.91,61.76],[-45.91,61.39],[-45.31,60.97],[-45.13,60.63],[-44.69,60.37],[-44.29,59.9],[-43.84,59.55],[-43.84,59.55],[-44.04,59.28],[-44.04,59.28],[-44.09,59.28],[-44.96,59.37],[-45.8,59.63],[-46.17,59.48],[-46.66,59.43],[-47.36,59.4],[-48.47,59.45],[-49.32,59.56],[-49.91,59.88],[-50.64,60.19],[-51.36,60.56],[-52.09,60.91],[-52.92,61.29],[-53.73,61.67],[-54.84,62.08],[-55.8,62.49],[-56.75,62.87],[-57.36,62.91],[-59.48,63.08],[-59.48,63.08],[-59.5,63.09],[-59.66,63.22],[-59.77,63.3],[-59.91,63.42],[-60,63.56],[-60.08,63.67],[-60.28,63.96],[-60.1,64.16],[-59.95,64.33],[-60.03,64.66],[-59.79,65.11],[-59.77,65.44],[-59.56,65.9],[-59.53,66.16],[-58.95,66.32],[-58.64,66.62],[-58.67,67],[-58.58,67.4],[-58.23,67.99],[-58.13,68.45],[-57.95,68.81],[-57.76,69.16],[-57.99,69.44],[-58.57,69.87],[-59.14,70.34],[-59.37,70.51],[-59.37,70.51],[-59.51,70.62],[-59.74,70.87],[-60.18,71.18],[-60.74,71.59],[-61.55,71.96],[-62.07,72.21],[-62.58,72.52],[-63.17,72.86],[-64.21,73.37],[-65.01,73.76],[-65.58,74.07],[-66.55,74.43],[-67.9,74.87],[-69.78,75.12],[-71.08,75.17],[-72.43,75.39],[-73.34,75.6],[-73.91,75.7],[-74.57,75.8],[-75.18,75.9],[-75.45,76.13],[-76.35,76.36],[-76.74,76.69],[-76.78,76.7],[-76.78,76.7],[-76.76,76.71],[-76.16,76.78],[-75.45,76.85],[-75.64,77.15],[-75.81,77.42],[-75.97,77.65],[-75.05,77.84],[-73.77,78.08],[-73.53,78.34],[-73.23,78.66],[-71.77,78.87],[-69.87,79.12],[-68.62,79.17],[-67.01,79.22],[-66.86,79.23],[-65.53,79.01]]]}},{"type":"Feature","properties":{"ma":0,"type":"gpml:TopologicalNetwork","name":"Inactive_Rockall_DFM","pid":101,"deforming":true},"geometry":{"type":"Polygon","coordinates":[[[-78.3,72.59],[-77.65,72.85],[-77.08,73.07],[-76.79,73.18],[-76.4,73.23],[-75.77,73.31],[-75.27,73.37],[-75.27,73.37],[-74.29,72.95],[-72.94,72.56],[-71.28,72.26],[-69.7,71.92],[-67.77,71.38],[-67.3,71.21],[-67.3,71.21],[-67.26,71.17],[-66.57,70.93],[-65.76,70.64],[-64.69,70.13],[-64.15,69.81],[-63.33,69.28],[-62.58,68.68],[-61.49,67.88],[-60.92,67.41],[-60.47,66.66],[-60.39,66.22],[-60.47,66.31],[-60.48,65.97],[-60.95,65.28],[-61.19,64.7],[-61.58,64.21],[-61.87,63.58],[-61.99,62.98],[-61.74,62.48],[-61.82,62.4],[-61.82,62.4],[-62.09,62.1],[-62.32,61.56],[-62.1,60.97],[-61.88,60.36],[-61.64,60.1],[-61.45,59.88],[-61.29,59.7],[-61.03,59.5],[-60.78,59.29],[-60.77,59.29],[-60.54,59.2],[-60.28,59.07],[-59.88,58.88],[-59.46,58.67],[-59.09,58.45],[-58.56,58.17],[-58.12,57.84],[-57.66,57.46],[-57.26,57.27],[-56.94,57.08],[-56.66,56.88],[-56.25,56.6],[-55.7,56.31],[-55.43,56.16],[-55.17,56.04],[-54.61,55.88],[-54.37,55.76],[-54.17,55.56],[-53.92,55.36],[-53.56,55.11],[-53.39,55],[-53.12,54.78],[-52.37,54.5],[-51.63,54.22],[-51.63,54.22],[-51.6,53.83],[-51.26,53.4],[-50.96,52.96],[-50.82,52.69],[-50.49,52.5],[-50.22,52.27],[-50,51.99],[-49.89,51.85],[-49.74,51.75],[-49.74,51.75],[-50.51,51.66],[-51.72,51.52],[-51.72,51.52],[-52.15,51.75],[-53.15,52.2],[-54.11,52.49],[-55.3,52.77],[-55.96,53.08],[-56.55,53.41],[-57.14,53.65],[-57.72,53.94],[-58.29,54.18],[-58.91,54.49],[-59.3,54.75],[-59.84,54.99],[-60.73,55.58],[-61.43,56.27],[-61.98,56.8],[-62.3,57.09],[-62.68,57.44],[-63.24,57.86],[-63.89,58.41],[-64.32,58.84],[-64.73,59],[-65.23,59.19],[-65.68,59.49],[-66.36,60.04],[-66.75,60.64],[-67.02,61.13],[-66.9,61.67],[-67.07,62.12],[-67.1,62.83],[-67.11,63.36],[-67.18,63.78],[-66.9,64.2],[-66.7,64.53],[-66.58,65.12],[-66.72,65.65],[-66.65,66.07],[-66.58,66.49],[-67.18,67.04],[-67.63,67.37],[-68.28,67.56],[-68.82,67.78],[-69.27,68.09],[-69.44,68.43],[-69.82,68.82],[-70.29,69.26],[-70.99,69.61],[-71.81,70],[-72.69,70.32],[-73.54,70.64],[-75.02,70.91],[-76.13,71.17],[-77.49,71.61],[-78.4,71.79],[-79.03,72.09],[-78.3,72.59]]]}},{"type":"Feature","properties":{"ma":0,"type":"gpml:TopologicalNetwork","name":"Inactive_Rockall_DFM","pid":102,"deforming":true},"geometry":{"type":"Polygon","coordinates":[[[-43.84,59.55],[-43.31,60.27],[-42.97,60.59],[-42.9,60.94],[-42.57,61.4],[-42.35,61.83],[-42.14,62.17],[-42.18,62.61],[-41.73,62.91],[-41.12,63.29],[-40.45,63.74],[-39.87,64.11],[-39.46,64.55],[-38.97,64.88],[-38.49,65.07],[-38.02,65.17],[-37.64,65.45],[-37.23,65.7],[-36.59,65.93],[-36.18,66.2],[-35.57,66.39],[-35.09,66.51],[-34.41,66.77],[-33.81,67.04],[-33.24,67.43],[-32.42,67.62],[-31.76,67.79],[-30.99,67.94],[-30.24,68.17],[-29.87,68.36],[-28.91,68.53],[-28.03,68.76],[-27.13,68.89],[-26.39,69.07],[-25.72,69.28],[-24.94,69.61],[-24.15,69.87],[-23.69,70.14],[-23.65,70.53],[-23.72,70.74],[-24.06,70.98],[-24.31,71.28],[-24.58,71.49],[-24.09,71.76],[-23.96,72.06],[-23.53,72.38],[-23.28,72.8],[-23.03,73.13],[-22.76,73.48],[-22.7,73.81],[-22.31,74.14],[-21.47,74.4],[-20.83,74.69],[-19.94,74.94],[-19.48,75.2],[-18.48,75.32],[-17.6,75.63],[-17.45,75.89],[-17.01,76.28],[-16.63,76.7],[-16.02,77.06],[-15.47,77.47],[-14.57,77.92],[-13.77,78.36],[-13.45,78.67],[-13.22,78.81],[-13.22,78.81],[-10.47,78.57],[-8.04,78.19],[-5.91,77.87],[-4.41,77.6],[-4.36,77.59],[-4.36,77.59],[-3.06,76.92],[-3.06,76.92],[-2.82,76.4],[-3.76,76.22],[-6.25,75.97],[-8.65,75.69],[-9.27,75.55],[-10.48,75.33],[-11.9,75.13],[-13.27,74.74],[-14.46,74.45],[-14.9,74.35],[-15.66,74.23],[-16.59,74.13],[-17.27,74.1],[-18.22,74.04],[-19.16,73.87],[-20.66,73.36],[-21,73.07],[-21.08,72.94],[-21.11,72.54],[-20.49,72.22],[-20.48,72.03],[-20.6,71.7],[-20.71,71.36],[-20.75,71.2],[-21.25,70.8],[-21.59,70.36],[-21.97,70.11],[-22.48,69.85],[-23.48,69.39],[-23.88,69.23],[-24.54,69.02],[-25.35,68.76],[-25.73,68.63],[-26.11,68.55],[-26.81,68.37],[-27.73,68.17],[-29,67.96],[-29.81,67.75],[-30.3,67.67],[-30.78,67.52],[-31.66,66.98],[-32.86,66.48],[-34.43,65.89],[-35.31,65.35],[-35.78,64.93],[-36.27,64.61],[-36.88,64.33],[-37.73,63.92],[-39.26,63.32],[-40,62.4],[-40.71,61.47],[-41.09,60.8],[-41.54,60.17],[-42.37,59.56],[-42.7,59.34],[-43.38,59.25],[-43.38,59.25],[-43.67,59.41],[-43.84,59.55]]]}},{"type":"Feature","properties":{"ma":0,"type":"gpml:TopologicalNetwork","name":"Inactive_Rockall_DFM","pid":301,"deforming":true},"geometry":{"type":"Polygon","coordinates":[[[17.13,69.79],[17.12,69.78],[16.66,69.59],[15.74,69.37],[14.89,69.16],[13.57,68.77],[12.46,68.48],[11.41,68.21],[11.04,67.94],[10.78,67.69],[10.28,67.38],[9.76,67.04],[8.74,66.7],[7.78,66.51],[6.96,66.29],[5.83,66.07],[5.41,65.81],[5.15,65.47],[5.27,65.19],[5.29,64.73],[4.99,64.49],[4.51,63.96],[3.95,63.74],[3.33,63.43],[2.57,63.1],[2.27,62.8],[1.68,62.58],[0.97,62.25],[0.26,62.1],[-0.77,62.06],[-1.71,61.94],[-2.55,61.74],[-3.1,61.56],[-3.68,61.22],[-4.25,60.98],[-4.61,60.86],[-5.12,60.85],[-5.68,60.73],[-6.05,60.58],[-6.68,60.55],[-7.35,60.43],[-8.12,60.31],[-8.55,60.13],[-9.26,60.01],[-10.19,59.92],[-11.04,59.89],[-11.95,59.85],[-12.82,59.72],[-13.31,59.62],[-13.88,59.41],[-14.41,59.04],[-14.49,58.86],[-14.53,58.59],[-15.02,58.37],[-15.4,58.02],[-15.54,57.75],[-15.64,57.37],[-15.83,57.1],[-16.19,56.81],[-16.43,56.64],[-17.03,56.53],[-17.43,56.33],[-17.71,56.16],[-17.89,55.83],[-18.11,55.5],[-18.34,55.14],[-18.62,54.7],[-18.78,54.34],[-19.25,54.04],[-19.99,53.49],[-20.71,52.93],[-20.71,52.93],[-20.83,53],[-21.02,53.11],[-21.16,53.37],[-21.29,53.61],[-21.49,53.96],[-21.6,54.15],[-21.93,54.31],[-22.19,54.57],[-22.32,54.77],[-22.35,54.96],[-22.36,55.14],[-22.37,55.33],[-22.47,55.44],[-22.47,55.44],[-22,55.77],[-21.7,55.98],[-21.31,56.24],[-20.8,56.75],[-20.25,57.05],[-19.97,57.34],[-19.56,57.55],[-18.93,58.03],[-18.14,58.8],[-17.79,59.08],[-17.6,59.22],[-16.98,59.48],[-16.42,59.75],[-15.74,59.77],[-15.18,59.81],[-14.58,59.85],[-13.75,60.23],[-12.82,60.34],[-12.09,60.83],[-11.65,61.08],[-10.42,61.42],[-9.18,61.76],[-8.36,62.06],[-7.6,62.29],[-6.77,62.46],[-5.67,62.52],[-4.05,62.62],[-3.09,62.72],[-2.24,62.89],[-1.14,63.09],[-0.02,63.28],[2.1,63.57],[2.25,63.76],[2,64.11],[1.81,64.36],[2.85,64.76],[3.67,65.01],[3.74,65.19],[3.34,65.35],[2.86,65.67],[2.4,65.94],[2.15,66.19],[2.3,66.42],[2.48,66.94],[3.08,67.18],[4.34,67.38],[4.66,67.44],[5.1,67.52],[7.35,67.88],[9.44,68.44],[10.46,68.43],[11.27,68.6],[12.76,69.03],[14,69.23],[14.67,69.45],[15.38,69.53],[15.97,69.67],[17.13,69.79]]]}},{"type":"Feature","properties":{"ma":0,"type":"gpml:TopologicalNetwork","name":"Inactive_WAR_mesh","pid":804,"deforming":true},"geometry":{"type":"MultiPolygon","coordinates":[[[[180,-75.51],[180,-76.48],[180,-77.44],[180,-78.41],[180,-79.37],[180,-80.33],[180,-81.3],[180,-82.26],[180,-83.23],[180,-84.19],[178.56,-84.12],[175.33,-83.76],[172.46,-83.37],[168.91,-82.77],[165.9,-82.15],[164.05,-81.39],[162.51,-80.63],[162.7,-79.97],[162.88,-79.31],[162.88,-79.31],[163,-79.3],[163.11,-79.18],[163.22,-79.07],[163.32,-78.95],[163.85,-78.61],[164.51,-78.37],[164.7,-77.94],[164.61,-77.58],[164.67,-77.35],[164.54,-77.22],[164.52,-77.36],[164.11,-76.67],[163.74,-75.97],[164.86,-75.32],[165.88,-74.67],[167.05,-74.09],[168.13,-73.51],[169.58,-72.95],[170.94,-72.37],[171.14,-72.72],[172.79,-71.98],[174.25,-72.59],[175.82,-73.19],[177.82,-73.88],[180,-74.55],[180,-75.51]]],[[[-180,-83.23],[-180,-82.26],[-180,-81.3],[-180,-80.33],[-180,-79.37],[-180,-78.41],[-180,-77.44],[-180,-76.48],[-180,-75.51],[-180,-74.55],[-178.86,-74.87],[-177.39,-75.28],[-177.17,-75.36],[-177.17,-75.36],[-174.63,-74.83],[-174.16,-74.85],[-172.74,-74.95],[-169.76,-75.19],[-166.41,-75.48],[-162.93,-75.71],[-159.36,-75.9],[-155.7,-76.03],[-153.65,-75.85],[-151.54,-75.51],[-149.53,-75.15],[-146.86,-74.84],[-144.3,-74.5],[-142.78,-74],[-140.34,-73.67],[-138,-73.3],[-135.44,-72.96],[-132.98,-72.59],[-131.22,-72.52],[-129.47,-72.44],[-127.71,-72.13],[-126.01,-71.8],[-123.7,-71.99],[-121.95,-72],[-120.41,-71.87],[-118.04,-71.59],[-117.3,-71.46],[-116.31,-71.51],[-114.46,-71.43],[-112.63,-71.33],[-110.92,-71.14],[-108.76,-70.98],[-106.46,-70.9],[-105.04,-70.95],[-102.39,-71.03],[-101.18,-71],[-98.98,-70.78],[-96.82,-70.52],[-94.43,-70.52],[-92.89,-70.54],[-92.7,-70.54],[-92.7,-70.54],[-90.7,-71],[-88.61,-71.42],[-86.42,-71.83],[-84.14,-72.21],[-83.46,-72.74],[-83.46,-72.74],[-83.44,-72.86],[-83.55,-73.63],[-83.89,-74.62],[-84.38,-75.12],[-84.91,-75.62],[-85.99,-76.59],[-87.17,-77.21],[-88.47,-77.82],[-89.44,-78.43],[-90.51,-79.04],[-91.58,-79.62],[-92.78,-80.19],[-95.16,-80.96],[-97.21,-81.58],[-99.58,-82.19],[-102.03,-82.57],[-104.74,-82.94],[-108.55,-83.28],[-112.75,-83.58],[-120.53,-83.91],[-120.53,-83.91],[-121.26,-84.15],[-122.45,-84.55],[-122.84,-84.63],[-122.84,-84.63],[-132.99,-84.98],[-144.29,-85.17],[-153.68,-85.17],[-162.86,-85.05],[-172.12,-84.68],[-180,-84.19],[-180,-83.23]]]]}},{"type":"Feature","properties":{"ma":0,"type":"gpml:TopologicalNetwork","name":"Inactive_mesh","pid":702,"deforming":true},"geometry":{"type":"Polygon","coordinates":[[[50.47,-16.26],[50.43,-16.28],[50.41,-16.47],[50.13,-17.21],[49.84,-17.33],[49.82,-17.42],[49.86,-17.58],[49.79,-17.72],[49.58,-18.16],[49.58,-18.39],[49.42,-18.8],[49.13,-19.36],[49.08,-19.57],[49.04,-20],[48.71,-20.45],[48.61,-20.64],[48.63,-20.93],[48.61,-21.1],[48.51,-21.27],[48.51,-21.42],[48.39,-21.84],[48.36,-22.19],[48.36,-22.19],[48.3,-22.22],[48.09,-22.52],[48,-22.83],[47.97,-23.28],[47.78,-23.57],[47.72,-23.9],[47.6,-24.2],[47.6,-24.36],[47.68,-24.55],[47.57,-24.74],[47.32,-25.37],[46.97,-25.54],[46.41,-25.5],[46.41,-25.5],[46.77,-24.76],[47.13,-24.01],[47.49,-23.27],[47.64,-22.62],[47.8,-21.96],[47.96,-21.31],[48.21,-20.58],[48.46,-19.85],[48.71,-19.12],[48.88,-18.45],[49.05,-17.78],[49.22,-17.11],[49.43,-16.46],[49.63,-15.8],[49.84,-15.14],[50,-14.23],[50.17,-13.31],[50.17,-13.31],[50.22,-13.33],[50.19,-13.71],[50.32,-13.91],[50.32,-14.14],[50.39,-14.35],[50.28,-15.14],[50.66,-15.44],[50.55,-15.72],[50.47,-16.26]]]}},{"type":"Feature","properties":{"ma":0,"type":"gpml:TopologicalNetwork","name":"Inactive_mesh","pid":501,"deforming":true},"geometry":{"type":"Polygon","coordinates":[[[76.98,6.72],[76.36,6.91],[75.79,6.5],[75.28,6.5],[75.07,7.02],[74.87,7.53],[75.07,8.13],[75,8.62],[75,8.62],[74.88,9.17],[75.08,9.47],[75.21,10.13],[74.96,10.59],[74.68,11.07],[74.4,11.55],[74.01,12.3],[73.63,13.12],[73.62,13.57],[73.34,14.39],[73.22,14.85],[72.88,15.66],[72.56,16.27],[72.39,16.51],[72.23,16.75],[71.98,17.11],[71.47,17.47],[70.9,17.94],[70.6,18.37],[70.3,18.79],[70.01,19.44],[69.68,20.1],[69.24,20.74],[68.74,21.12],[68.06,21.84],[67.69,22.25],[67.31,22.67],[66.92,23.18],[66.52,23.38],[66.18,23.9],[66.18,23.9],[67.01,24.33],[67.37,24.52],[67.37,24.52],[67.69,23.96],[68.18,23.42],[68.66,22.88],[69.08,22.32],[69.5,21.76],[69.91,21.2],[70.38,20.63],[70.84,20.05],[71.31,19.48],[71.76,18.82],[72.2,18.17],[72.64,17.51],[73.09,16.7],[73.53,15.89],[73.96,15.07],[74.25,14.44],[74.54,13.81],[74.82,13.18],[75.17,12.45],[75.53,11.71],[75.88,10.97],[76.23,10.23],[76.63,9.42],[77.03,8.61],[77.43,7.79],[77.74,7.26],[77.74,7.26],[77.23,6.76],[76.98,6.72]]]}},{"type":"Feature","properties":{"ma":0,"type":"gpml:TopologicalNetwork","name":"Inactive_AFRICA_ARABIA_MESH_2","pid":701,"deforming":true},"geometry":{"type":"Polygon","coordinates":[[[45.7,13.52],[45.69,13.59],[45.69,13.59],[45.71,13.61],[45.94,13.65],[46.27,13.76],[46.81,13.86],[47.07,14.01],[47.37,14.02],[47.85,13.96],[48.19,13.97],[48.51,14.02],[48.84,14.18],[49.19,14.38],[49.43,14.66],[49.46,14.9],[49.86,14.79],[50.13,15.06],[50.38,15.11],[50.86,15.08],[51.68,15.56],[51.83,15.67],[51.98,15.75],[51.97,16.08],[51.97,16.22],[52.16,16.48],[52.7,16.68],[53.06,16.8],[53.06,16.8],[53.07,16.62],[53.07,16.46],[53.07,16.46],[53.07,16.46],[53.07,16.46],[53.07,16.46],[53.07,16.46],[53.07,16.46],[53.07,16.46],[53.07,16.46],[53.07,16.46],[53.06,16.46],[53.06,16.46],[53.06,16.46],[53.06,16.46],[53.06,16.46],[53.06,16.46],[53.06,16.46],[53.06,16.46],[53.06,16.45],[53.06,16.45],[53.05,16.45],[53.05,16.45],[53.05,16.45],[53.05,16.45],[53.05,16.45],[53.05,16.45],[53.05,16.45],[53.05,16.45],[53.05,16.45],[53.04,16.45],[53.04,16.45],[53.04,16.45],[53.04,16.45],[53.04,16.45],[53.04,16.45],[53.04,16.44],[53.04,16.44],[53.04,16.44],[53.03,16.44],[53.03,16.44],[53.03,16.44],[53.03,16.44],[53.03,16.44],[53.03,16.44],[53.03,16.44],[53.03,16.44],[53.03,16.44],[53.03,16.44],[53.02,16.44],[53.02,16.44],[53.02,16.43],[53.02,16.43],[53.02,16.43],[53.02,16.43],[53.02,16.43],[53.02,16.43],[53.02,16.43],[53.01,16.43],[53.01,16.43],[53.01,16.43],[53.01,16.43],[53.01,16.43],[53.01,16.43],[53.01,16.43],[53.01,16.42],[53.01,16.42],[53.01,16.42],[53,16.42],[53,16.42],[53,16.42],[53,16.42],[53,16.42],[53,16.42],[53,16.42],[53,16.42],[53,16.42],[52.99,16.42],[52.99,16.41],[52.99,16.41],[52.99,16.41],[52.99,16.41],[52.99,16.41],[52.99,16.41],[52.99,16.41],[52.99,16.41],[52.99,16.41],[52.98,16.41],[52.98,16.41],[52.98,16.41],[52.98,16.4],[52.98,16.4],[52.98,16.4],[52.98,16.4],[52.98,16.4],[52.98,16.4],[52.98,16.4],[52.97,16.4],[52.97,16.4],[52.97,16.4],[52.97,16.4],[52.97,16.4],[52.97,16.39],[52.97,16.39],[52.97,16.39],[52.97,16.39],[52.97,16.39],[52.96,16.39],[52.96,16.39],[52.96,16.39],[52.96,16.39],[52.96,16.39],[52.96,16.39],[52.96,16.38],[52.96,16.38],[52.96,16.38],[52.96,16.38],[52.96,16.38],[52.95,16.38],[52.95,16.38],[52.95,16.38],[52.95,16.38],[52.95,16.38],[52.95,16.38],[52.95,16.37],[52.95,16.37],[52.95,16.37],[52.95,16.37],[52.94,16.37],[52.94,16.37],[52.94,16.37],[52.94,16.37],[52.94,16.37],[52.94,16.37],[52.94,16.36],[52.94,16.36],[52.94,16.36],[52.94,16.36],[52.94,16.36],[52.93,16.36],[52.93,16.36],[52.93,16.36],[52.93,16.36],[52.93,16.36],[52.93,16.35],[52.93,16.35],[52.93,16.35],[52.93,16.35],[52.93,16.35],[52.93,16.35],[52.92,16.35],[52.92,16.35],[52.92,16.35],[52.92,16.35],[52.92,16.34],[52.92,16.34],[52.92,16.34],[52.92,16.34],[52.92,16.34],[52.92,16.34],[52.92,16.34],[52.91,16.34],[52.91,16.34],[52.91,16.33],[52.91,16.33],[52.91,16.33],[52.91,16.33],[52.91,16.33],[52.91,16.33],[52.91,16.33],[52.91,16.33],[52.91,16.33],[52.91,16.33],[52.9,16.32],[52.9,16.32],[52.9,16.32],[52.9,16.32],[52.9,16.32],[52.9,16.32],[52.9,16.32],[52.9,16.32],[52.9,16.32],[52.9,16.31],[52.9,16.31],[52.9,16.31],[52.89,16.31],[52.89,16.31],[52.89,16.31],[52.89,16.31],[52.89,16.31],[52.89,16.31],[52.89,16.3],[52.89,16.3],[52.89,16.3],[52.89,16.3],[52.89,16.3],[52.89,16.3],[52.89,16.3],[52.88,16.3],[52.88,16.3],[52.88,16.29],[52.88,16.29],[52.88,16.29],[52.88,16.29],[52.88,16.29],[52.88,16.29],[52.88,16.29],[52.88,16.29],[52.88,16.29],[52.88,16.28],[52.88,16.28],[52.88,16.28],[52.87,16.28],[52.87,16.28],[52.87,16.28],[52.87,16.28],[52.87,16.28],[52.87,16.28],[52.87,16.27],[52.87,16.27],[52.87,16.27],[52.87,16.27],[52.87,16.27],[52.87,16.27],[52.87,16.27],[52.87,16.27],[52.87,16.26],[52.86,16.26],[52.86,16.26],[52.86,16.26],[52.86,16.26],[52.86,16.26],[52.86,16.26],[52.86,16.26],[52.86,16.26],[52.86,16.25],[52.86,16.25],[52.86,16.25],[52.86,16.25],[52.86,16.25],[52.86,16.25],[52.86,16.25],[52.85,16.25],[52.85,16.25],[52.85,16.24],[52.85,16.24],[52.85,16.24],[52.85,16.24],[52.85,16.24],[52.85,16.24],[52.85,16.24],[52.85,16.24],[52.85,16.23],[52.85,16.23],[52.85,16.23],[52.85,16.23],[52.85,16.23],[52.85,16.23],[52.85,16.23],[52.85,16.23],[52.84,16.23],[52.84,16.22],[52.84,16.22],[52.84,16.22],[52.84,16.22],[52.84,16.22],[52.84,16.22],[52.84,16.22],[52.84,16.22],[52.84,16.21],[52.84,16.21],[52.84,16.21],[52.84,16.21],[52.84,16.21],[52.84,16.21],[52.84,16.21],[52.84,16.21],[52.84,16.21],[52.84,16.21],[52.84,16.2],[52.84,16.2],[52.84,16.2],[52.84,16.2],[52.84,16.2],[52.84,16.2],[52.84,16.2],[52.83,16.2],[52.83,16.2],[52.83,16.2],[52.83,16.2],[52.83,16.2],[52.83,16.2],[52.83,16.2],[52.83,16.2],[52.83,16.19],[52.83,16.19],[52.83,16.19],[52.83,16.19],[52.83,16.19],[52.83,16.19],[52.83,16.19],[52.83,16.19],[52.83,16.19],[52.83,16.19],[52.83,16.19],[52.83,16.19],[52.83,16.19],[52.83,16.18],[52.83,16.18],[52.83,16.18],[52.83,16.18],[52.83,16.18],[52.83,16.18],[52.83,16.18],[52.83,16.18],[52.83,16.18],[52.83,16.17],[52.83,16.17],[52.83,16.17],[52.83,16.17],[52.83,16.17],[52.83,16.17],[52.83,16.17],[52.83,16.16],[52.83,16.16],[52.82,16.16],[52.82,16.15],[52.82,16.15],[52.82,16.15],[52.82,16.15],[52.82,16.15],[52.82,16.15],[52.82,16.15],[52.82,16.15],[52.82,16.14],[52.82,16.14],[52.82,16.14],[52.82,16.14],[52.82,16.14],[52.82,16.14],[52.82,16.14],[52.82,16.14],[52.82,16.14],[52.82,16.14],[52.82,16.13],[52.82,16.13],[52.82,16.13],[52.82,16.13],[52.82,16.13],[52.82,16.13],[52.82,16.13],[52.82,16.13],[52.82,16.13],[52.82,16.13],[52.82,16.13],[52.82,16.12],[52.82,16.12],[52.82,16.12],[52.82,16.12],[52.82,16.12],[52.82,16.12],[52.82,16.12],[52.82,16.12],[52.82,16.12],[52.82,16.12],[52.81,16.12],[52.81,16.12],[52.81,16.11],[52.81,16.11],[52.81,16.11],[52.81,16.11],[52.81,16.11],[52.81,16.11],[52.81,16.11],[52.81,16.11],[52.81,16.11],[52.81,16.11],[52.81,16.11],[52.81,16.11],[52.81,16.11],[52.81,16.1],[52.81,16.1],[52.81,16.1],[52.81,16.1],[52.81,16.1],[52.81,16.1],[52.81,16.1],[52.81,16.1],[52.81,16.1],[52.81,16.1],[52.81,16.1],[52.81,16.1],[52.81,16.1],[52.81,16.1],[52.81,16.1],[52.81,16.1],[52.81,16.1],[52.81,16.1],[52.81,16.1],[52.81,16.1],[52.8,16.1],[52.8,16.1],[52.8,16.1],[52.8,16.1],[52.8,16.09],[52.8,16.09],[52.8,16.09],[52.8,16.09],[52.8,16.09],[52.8,16.09],[52.8,16.09],[52.8,16.09],[52.8,16.09],[52.8,16.09],[52.8,16.09],[52.8,16.09],[52.8,16.09],[52.8,16.09],[52.8,16.09],[52.8,16.08],[52.8,16.08],[52.8,16.08],[52.79,16.08],[52.79,16.08],[52.79,16.08],[52.79,16.08],[52.79,16.08],[52.79,16.08],[52.79,16.08],[52.79,16.08],[52.79,16.08],[52.79,16.08],[52.79,16.07],[52.79,16.07],[52.79,16.07],[52.79,16.07],[52.79,16.07],[52.78,16.07],[52.78,16.07],[52.78,16.07],[52.78,16.07],[52.78,16.07],[52.78,16.07],[52.78,16.07],[52.78,16.07],[52.78,16.07],[52.78,16.06],[52.78,16.06],[52.78,16.06],[52.78,16.06],[52.77,16.06],[52.77,16.06],[52.77,16.06],[52.77,16.06],[52.77,16.06],[52.76,16.05],[52.76,16.05],[52.76,16.05],[52.76,16.05],[52.76,16.05],[52.76,16.05],[52.76,16.04],[52.76,16.04],[52.75,16.04],[52.75,16.04],[52.75,16.04],[52.75,16.04],[52.75,16.04],[52.75,16.04],[52.75,16.04],[52.75,16.04],[52.75,16.04],[52.75,16.04],[52.75,16.04],[52.75,16.03],[52.75,16.03],[52.75,16.03],[52.75,16.03],[52.74,16.03],[52.74,16.03],[52.74,16.03],[52.74,16.03],[52.74,16.03],[52.74,16.03],[52.74,16.03],[52.74,16.03],[52.74,16.03],[52.74,16.03],[52.74,16.03],[52.74,16.03],[52.74,16.02],[52.74,16.02],[52.74,16.02],[52.74,16.02],[52.74,16.02],[52.74,16.02],[52.74,16.02],[52.74,16.02],[52.74,16.02],[52.73,16.02],[52.73,16.02],[52.73,16.02],[52.73,16.02],[52.73,16.02],[52.73,16.02],[52.73,16.02],[52.73,16.02],[52.73,16.01],[52.73,16.01],[52.73,16.01],[52.73,16.01],[52.73,16.01],[52.73,16.01],[52.73,16.01],[52.73,16.01],[52.73,16.01],[52.73,16.01],[52.73,16.01],[52.72,16.01],[52.72,16],[52.72,16],[52.72,16],[52.72,16],[52.72,16],[52.72,16],[52.72,16],[52.72,16],[52.72,16],[52.72,16],[52.72,16],[52.72,15.99],[52.72,15.99],[52.72,15.99],[52.72,15.99],[52.72,15.99],[52.72,15.99],[52.72,15.99],[52.71,15.99],[52.71,15.99],[52.71,15.99],[52.71,15.99],[52.71,15.98],[52.71,15.98],[52.71,15.98],[52.71,15.98],[52.71,15.98],[52.71,15.98],[52.71,15.98],[52.71,15.98],[52.71,15.98],[52.71,15.98],[52.71,15.97],[52.71,15.97],[52.71,15.97],[52.71,15.97],[52.71,15.97],[52.71,15.97],[52.7,15.97],[52.7,15.97],[52.7,15.97],[52.7,15.97],[52.7,15.96],[52.7,15.96],[52.7,15.96],[52.7,15.96],[52.7,15.96],[52.7,15.96],[52.7,15.96],[52.7,15.96],[52.7,15.96],[52.7,15.96],[52.7,15.95],[52.7,15.95],[52.7,15.95],[52.7,15.95],[52.7,15.95],[52.7,15.95],[52.7,15.95],[52.7,15.95],[52.69,15.95],[52.69,15.95],[52.69,15.94],[52.69,15.94],[52.69,15.94],[52.69,15.94],[52.69,15.94],[52.69,15.94],[52.69,15.94],[52.69,15.94],[52.69,15.94],[52.69,15.94],[52.69,15.93],[52.69,15.93],[52.69,15.93],[52.69,15.93],[52.69,15.92],[52.69,15.92],[52.68,15.92],[52.68,15.92],[52.68,15.92],[52.68,15.91],[52.68,15.91],[52.68,15.91],[52.68,15.91],[52.68,15.9],[52.68,15.9],[52.68,15.9],[52.68,15.9],[52.68,15.89],[52.67,15.88],[52.67,15.88],[52.67,15.88],[52.67,15.87],[52.67,15.87],[52.67,15.87],[52.66,15.86],[52.66,15.86],[52.66,15.86],[52.66,15.86],[52.66,15.86],[52.66,15.86],[52.66,15.85],[52.66,15.85],[52.66,15.85],[52.66,15.85],[52.66,15.85],[52.66,15.85],[52.66,15.85],[52.66,15.84],[52.66,15.84],[52.66,15.84],[52.66,15.84],[52.66,15.84],[52.65,15.84],[52.65,15.84],[52.65,15.83],[52.65,15.83],[52.65,15.83],[52.65,15.83],[52.65,15.83],[52.65,15.83],[52.65,15.83],[52.65,15.82],[52.65,15.82],[52.65,15.82],[52.65,15.82],[52.65,15.82],[52.65,15.82],[52.65,15.82],[52.65,15.82],[52.65,15.81],[52.64,15.81],[52.64,15.81],[52.64,15.81],[52.64,15.81],[52.64,15.81],[52.64,15.81],[52.64,15.81],[52.64,15.8],[52.64,15.8],[52.64,15.8],[52.64,15.8],[52.64,15.8],[52.64,15.8],[52.64,15.8],[52.64,15.8],[52.64,15.79],[52.64,15.79],[52.63,15.79],[52.63,15.79],[52.63,15.79],[52.63,15.79],[52.63,15.79],[52.63,15.79],[52.63,15.79],[52.63,15.79],[52.63,15.78],[52.63,15.78],[52.63,15.78],[52.63,15.78],[52.63,15.78],[52.63,15.78],[52.63,15.78],[52.63,15.78],[52.63,15.78],[52.62,15.77],[52.62,15.77],[52.62,15.77],[52.62,15.77],[52.62,15.77],[52.62,15.77],[52.62,15.77],[52.62,15.77],[52.62,15.77],[52.62,15.76],[52.62,15.76],[52.62,15.76],[52.62,15.76],[52.62,15.76],[52.62,15.76],[52.61,15.76],[52.61,15.76],[52.61,15.75],[52.61,15.75],[52.61,15.75],[52.61,15.75],[52.61,15.75],[52.61,15.75],[52.61,15.75],[52.61,15.75],[52.61,15.75],[52.61,15.74],[52.61,15.74],[52.6,15.74],[52.6,15.74],[52.6,15.74],[52.6,15.74],[52.6,15.74],[52.6,15.74],[52.6,15.73],[52.6,15.73],[52.6,15.73],[52.6,15.73],[52.6,15.73],[52.6,15.73],[52.6,15.73],[52.59,15.73],[52.59,15.72],[52.59,15.72],[52.59,15.72],[52.59,15.72],[52.59,15.72],[52.59,15.71],[52.59,15.71],[52.58,15.71],[52.58,15.71],[52.58,15.71],[52.58,15.7],[52.58,15.7],[52.58,15.7],[52.57,15.7],[52.57,15.69],[52.57,15.69],[52.57,15.69],[52.57,15.69],[52.57,15.68],[52.56,15.68],[52.56,15.68],[52.56,15.68],[52.56,15.68],[52.56,15.67],[52.56,15.67],[52.55,15.67],[52.55,15.66],[52.55,15.66],[52.54,15.64],[52.53,15.64],[52.53,15.64],[52.53,15.64],[52.53,15.63],[52.52,15.63],[52.52,15.63],[52.52,15.62],[52.52,15.62],[52.52,15.62],[52.51,15.61],[52.51,15.61],[52.51,15.61],[52.51,15.61],[52.51,15.6],[52.51,15.6],[52.5,15.6],[52.5,15.6],[52.5,15.6],[52.5,15.6],[52.5,15.59],[52.5,15.59],[52.5,15.59],[52.5,15.59],[52.5,15.59],[52.49,15.59],[52.49,15.59],[52.49,15.58],[52.49,15.58],[52.49,15.58],[52.49,15.58],[52.49,15.58],[52.49,15.58],[52.49,15.58],[52.49,15.57],[52.49,15.57],[52.48,15.57],[52.48,15.57],[52.48,15.57],[52.48,15.57],[52.48,15.57],[52.48,15.56],[52.48,15.56],[52.48,15.56],[52.48,15.56],[52.48,15.56],[52.48,15.56],[52.47,15.56],[52.47,15.55],[52.47,15.55],[52.47,15.55],[52.47,15.55],[52.47,15.55],[52.47,15.55],[52.47,15.55],[52.47,15.54],[52.47,15.54],[52.47,15.54],[52.46,15.54],[52.46,15.54],[52.46,15.54],[52.46,15.54],[52.46,15.53],[52.46,15.53],[52.46,15.53],[52.46,15.53],[52.46,15.53],[52.46,15.53],[52.46,15.53],[52.46,15.52],[52.45,15.52],[52.45,15.52],[52.45,15.52],[52.45,15.52],[52.45,15.52],[52.45,15.52],[52.45,15.51],[52.45,15.51],[52.45,15.51],[52.45,15.51],[52.45,15.51],[52.45,15.51],[52.45,15.51],[52.45,15.5],[52.44,15.5],[52.44,15.5],[52.44,15.5],[52.44,15.5],[52.44,15.5],[52.44,15.5],[52.44,15.49],[52.44,15.49],[52.44,15.49],[52.44,15.49],[52.44,15.49],[52.44,15.49],[52.44,15.49],[52.44,15.48],[52.44,15.48],[52.43,15.48],[52.43,15.48],[52.43,15.48],[52.43,15.48],[52.43,15.48],[52.43,15.47],[52.43,15.47],[52.43,15.47],[52.43,15.47],[52.43,15.47],[52.43,15.47],[52.43,15.47],[52.43,15.46],[52.43,15.46],[52.43,15.46],[52.43,15.46],[52.43,15.46],[52.43,15.46],[52.43,15.46],[52.43,15.46],[52.43,15.46],[52.43,15.46],[52.43,15.46],[52.43,15.46],[52.42,15.46],[52.42,15.46],[52.42,15.46],[52.42,15.45],[52.42,15.45],[52.42,15.45],[52.42,15.45],[52.42,15.45],[52.42,15.45],[52.42,15.45],[52.42,15.45],[52.42,15.45],[52.42,15.45],[52.42,15.45],[52.42,15.45],[52.42,15.45],[52.42,15.44],[52.42,15.44],[52.42,15.44],[52.42,15.44],[52.42,15.44],[52.42,15.44],[52.42,15.44],[52.42,15.44],[52.42,15.44],[52.42,15.44],[52.42,15.44],[52.42,15.44],[52.42,15.43],[52.42,15.43],[52.42,15.43],[52.42,15.43],[52.42,15.43],[52.42,15.43],[52.42,15.43],[52.42,15.43],[52.42,15.43],[52.42,15.42],[52.42,15.42],[52.41,15.42],[52.41,15.42],[52.41,15.42],[52.41,15.42],[52.41,15.41],[52.41,15.41],[52.41,15.41],[52.41,15.41],[52.41,15.41],[52.41,15.41],[52.41,15.4],[52.41,15.4],[52.41,15.4],[52.41,15.4],[52.41,15.4],[52.41,15.4],[52.41,15.39],[52.41,15.39],[52.41,15.39],[52.41,15.39],[52.41,15.39],[52.41,15.39],[52.41,15.38],[52.41,15.38],[52.41,15.38],[52.41,15.38],[52.41,15.38],[52.41,15.38],[52.41,15.37],[52.41,15.37],[52.4,15.37],[52.4,15.36],[52.4,15.35],[52.4,15.35],[52.4,15.35],[52.4,15.35],[52.4,15.34],[52.4,15.34],[52.4,15.34],[52.4,15.34],[52.4,15.33],[52.4,15.33],[52.4,15.33],[52.4,15.33],[52.4,15.33],[52.4,15.32],[52.4,15.32],[52.4,15.32],[52.4,15.32],[52.4,15.31],[52.39,15.31],[52.39,15.31],[52.39,15.31],[52.39,15.31],[52.39,15.31],[52.39,15.3],[52.39,15.3],[52.39,15.3],[52.39,15.3],[52.39,15.3],[52.39,15.3],[52.39,15.3],[52.39,15.3],[52.39,15.3],[52.39,15.3],[52.39,15.3],[52.39,15.29],[52.39,15.29],[52.39,15.29],[52.39,15.29],[52.39,15.29],[52.39,15.29],[52.39,15.29],[52.39,15.29],[52.39,15.29],[52.39,15.29],[52.39,15.28],[52.39,15.28],[52.39,15.28],[52.39,15.28],[52.39,15.28],[52.39,15.28],[52.39,15.28],[52.39,15.28],[52.39,15.28],[52.39,15.28],[52.39,15.28],[52.39,15.27],[52.39,15.27],[52.38,15.27],[52.38,15.27],[52.38,15.27],[52.38,15.27],[52.38,15.27],[52.38,15.27],[52.38,15.27],[52.38,15.27],[52.38,15.27],[52.38,15.26],[52.38,15.26],[52.38,15.26],[52.38,15.26],[52.38,15.26],[52.38,15.26],[52.38,15.26],[52.38,15.26],[52.38,15.26],[52.38,15.26],[52.38,15.26],[52.38,15.26],[52.38,15.25],[52.38,15.25],[52.38,15.25],[52.38,15.25],[52.38,15.25],[52.38,15.25],[52.38,15.25],[52.38,15.25],[52.38,15.25],[52.38,15.25],[52.38,15.25],[52.38,15.25],[52.37,15.24],[52.37,15.24],[52.37,15.24],[52.37,15.24],[52.37,15.24],[52.37,15.24],[52.37,15.24],[52.37,15.24],[52.37,15.24],[52.37,15.24],[52.37,15.24],[52.37,15.24],[52.37,15.24],[52.37,15.24],[52.37,15.23],[52.37,15.23],[52.37,15.23],[52.37,15.23],[52.37,15.23],[52.37,15.23],[52.37,15.23],[52.37,15.23],[52.37,15.23],[52.37,15.23],[52.37,15.23],[52.37,15.23],[52.37,15.23],[52.37,15.23],[52.37,15.23],[52.36,15.22],[52.36,15.22],[52.36,15.22],[52.36,15.22],[52.36,15.22],[52.36,15.22],[52.36,15.22],[52.36,15.22],[52.36,15.22],[52.36,15.22],[52.36,15.22],[52.36,15.22],[52.36,15.22],[52.36,15.22],[52.36,15.22],[52.36,15.21],[52.36,15.21],[52.36,15.21],[52.36,15.21],[52.36,15.21],[52.36,15.21],[52.36,15.21],[52.36,15.21],[52.36,15.21],[52.36,15.21],[52.35,15.21],[52.35,15.21],[52.35,15.21],[52.35,15.21],[52.35,15.21],[52.35,15.2],[52.35,15.2],[52.35,15.2],[52.35,15.2],[52.35,15.2],[52.35,15.2],[52.35,15.2],[52.35,15.2],[52.35,15.2],[52.35,15.2],[52.35,15.2],[52.35,15.2],[52.35,15.2],[52.35,15.2],[52.35,15.19],[52.35,15.19],[52.34,15.19],[52.34,15.19],[52.34,15.19],[52.34,15.19],[52.34,15.19],[52.34,15.19],[52.34,15.19],[52.34,15.18],[52.34,15.18],[52.34,15.18],[52.34,15.18],[52.33,15.18],[52.33,15.18],[52.33,15.18],[52.33,15.17],[52.33,15.17],[52.33,15.17],[52.33,15.17],[52.33,15.17],[52.33,15.17],[52.32,15.17],[52.32,15.16],[52.32,15.16],[52.32,15.16],[52.32,15.16],[52.32,15.16],[52.31,15.15],[52.31,15.15],[52.31,15.14],[52.3,15.14],[52.3,15.14],[52.3,15.14],[52.3,15.13],[52.3,15.13],[52.29,15.13],[52.29,15.13],[52.29,15.13],[52.29,15.13],[52.29,15.12],[52.29,15.12],[52.29,15.12],[52.29,15.12],[52.29,15.12],[52.29,15.12],[52.29,15.12],[52.28,15.12],[52.28,15.12],[52.28,15.11],[52.28,15.11],[52.28,15.11],[52.28,15.11],[52.28,15.11],[52.28,15.11],[52.28,15.11],[52.28,15.11],[52.28,15.11],[52.28,15.1],[52.27,15.1],[52.27,15.1],[52.27,15.1],[52.27,15.1],[52.27,15.1],[52.27,15.1],[52.27,15.1],[52.27,15.09],[52.27,15.09],[52.27,15.09],[52.27,15.09],[52.27,15.09],[52.27,15.09],[52.26,15.09],[52.26,15.09],[52.26,15.09],[52.26,15.08],[52.26,15.08],[52.26,15.08],[52.26,15.08],[52.26,15.08],[52.26,15.08],[52.26,15.08],[52.26,15.08],[52.26,15.08],[52.26,15.07],[52.26,15.07],[52.26,15.07],[52.25,15.07],[52.25,15.07],[52.25,15.07],[52.25,15.07],[52.25,15.07],[52.25,15.06],[52.25,15.06],[52.25,15.06],[52.25,15.06],[52.25,15.06],[52.25,15.06],[52.25,15.06],[52.25,15.06],[52.25,15.05],[52.24,15.05],[52.24,15.05],[52.24,15.05],[52.24,15.05],[52.24,15.05],[52.24,15.05],[52.24,15.04],[52.24,15.04],[52.24,15.04],[52.24,15.04],[52.24,15.04],[52.24,15.04],[52.24,15.03],[52.24,15.03],[52.24,15.03],[52.23,15.03],[52.23,15.03],[52.23,15.03],[52.23,15.03],[52.23,15.02],[52.23,15.02],[52.23,15.02],[52.23,15.02],[52.23,15.02],[52.23,15.02],[52.23,15.02],[52.23,15.01],[52.23,15.01],[52.23,15.01],[52.23,15.01],[52.23,15.01],[52.23,15.01],[52.22,15],[52.22,15],[52.22,15],[52.22,15],[52.22,15],[52.22,14.99],[52.22,14.99],[52.22,14.99],[52.22,14.98],[52.21,14.98],[52.21,14.97],[52.21,14.97],[52.21,14.97],[52.21,14.96],[52.21,14.96],[52.21,14.96],[52.21,14.96],[52.21,14.96],[52.21,14.95],[52.21,14.95],[52.21,14.95],[52.2,14.95],[52.2,14.95],[52.2,14.94],[52.2,14.94],[52.2,14.94],[52.2,14.94],[52.2,14.94],[52.2,14.93],[52.2,14.93],[52.2,14.93],[52.2,14.93],[52.2,14.93],[52.2,14.93],[52.2,14.93],[52.2,14.93],[52.2,14.93],[52.19,14.92],[52.19,14.92],[52.19,14.92],[52.19,14.92],[52.19,14.92],[52.19,14.92],[52.19,14.92],[52.19,14.92],[52.19,14.92],[52.19,14.92],[52.19,14.92],[52.19,14.92],[52.19,14.91],[52.19,14.91],[52.19,14.91],[52.19,14.91],[52.19,14.91],[52.19,14.91],[52.19,14.91],[52.19,14.91],[52.19,14.91],[52.19,14.91],[52.19,14.91],[52.19,14.9],[52.18,14.9],[52.18,14.9],[52.18,14.9],[52.18,14.9],[52.18,14.9],[52.18,14.9],[52.18,14.9],[52.18,14.9],[52.18,14.9],[52.18,14.9],[52.18,14.89],[52.18,14.89],[52.18,14.89],[52.18,14.89],[52.18,14.89],[52.18,14.89],[52.18,14.89],[52.18,14.89],[52.18,14.89],[52.18,14.89],[52.18,14.89],[52.18,14.89],[52.17,14.89],[52.17,14.88],[52.17,14.88],[52.17,14.88],[52.17,14.88],[52.17,14.88],[52.17,14.88],[52.17,14.88],[52.17,14.88],[52.17,14.88],[52.17,14.88],[52.17,14.88],[52.17,14.88],[52.17,14.88],[52.17,14.87],[52.17,14.87],[52.17,14.87],[52.17,14.87],[52.17,14.87],[52.17,14.87],[52.17,14.87],[52.16,14.87],[52.16,14.87],[52.16,14.87],[52.16,14.87],[52.16,14.87],[52.16,14.87],[52.16,14.87],[52.16,14.86],[52.16,14.86],[52.16,14.86],[52.16,14.86],[52.16,14.86],[52.16,14.86],[52.15,14.86],[52.15,14.85],[52.15,14.85],[52.15,14.85],[52.15,14.85],[52.15,14.85],[52.15,14.85],[52.15,14.85],[52.15,14.85],[52.15,14.85],[52.15,14.84],[52.14,14.84],[52.14,14.84],[52.14,14.84],[52.14,14.84],[52.14,14.84],[52.14,14.84],[52.14,14.84],[52.14,14.83],[52.14,14.83],[52.14,14.83],[52.13,14.83],[52.13,14.83],[52.13,14.83],[52.13,14.83],[52.13,14.83],[52.13,14.83],[52.13,14.82],[52.13,14.82],[52.13,14.82],[52.13,14.82],[52.13,14.82],[52.13,14.82],[52.12,14.82],[52.12,14.82],[52.12,14.82],[52.12,14.82],[52.12,14.81],[52.12,14.81],[52.12,14.81],[52.12,14.81],[52.12,14.81],[52.12,14.81],[52.12,14.81],[52.11,14.81],[52.11,14.81],[52.11,14.81],[52.11,14.8],[52.11,14.8],[52.11,14.8],[52.11,14.8],[52.11,14.8],[52.11,14.8],[52.11,14.8],[52.11,14.8],[52.1,14.8],[52.1,14.8],[52.1,14.8],[52.1,14.79],[52.1,14.79],[52.1,14.79],[52.1,14.79],[52.1,14.79],[52.1,14.79],[52.1,14.79],[52.1,14.79],[52.09,14.79],[52.09,14.79],[52.09,14.79],[52.09,14.79],[52.09,14.78],[52.09,14.78],[52.09,14.78],[52.09,14.78],[52.09,14.78],[52.09,14.78],[52.09,14.78],[52.09,14.78],[52.08,14.78],[52.08,14.78],[52.08,14.78],[52.08,14.78],[52.08,14.78],[52.08,14.77],[52.08,14.77],[52.08,14.77],[52.08,14.77],[52.08,14.77],[52.08,14.77],[52.08,14.77],[52.07,14.77],[52.07,14.77],[52.07,14.77],[52.07,14.77],[52.07,14.77],[52.07,14.77],[52.07,14.77],[52.07,14.77],[52.07,14.76],[52.07,14.76],[52.07,14.76],[52.06,14.76],[52.06,14.76],[52.06,14.76],[52.06,14.76],[52.06,14.76],[52.06,14.76],[52.06,14.76],[52.06,14.76],[52.06,14.76],[52.06,14.76],[52.06,14.76],[52.06,14.76],[52.05,14.76],[52.05,14.75],[52.05,14.75],[52.05,14.75],[52.05,14.75],[52.05,14.75],[52.05,14.75],[52.05,14.75],[52.05,14.75],[52.05,14.75],[52.05,14.75],[52.04,14.75],[52.04,14.75],[52.04,14.75],[52.04,14.75],[52.04,14.75],[52.04,14.75],[52.04,14.75],[52.04,14.75],[52.04,14.75],[52.04,14.75],[52.04,14.74],[52.03,14.74],[52.03,14.74],[52.03,14.74],[52.03,14.74],[52.03,14.74],[52.03,14.74],[52.03,14.74],[52.03,14.74],[52.03,14.74],[52.03,14.74],[52.03,14.74],[52.02,14.74],[52.02,14.74],[52.02,14.74],[52.02,14.74],[52.02,14.74],[52.02,14.74],[52.02,14.74],[52.02,14.74],[52.02,14.74],[52.02,14.73],[52.01,14.73],[52.01,14.73],[52.01,14.73],[52.01,14.73],[52.01,14.73],[52.01,14.73],[52.01,14.73],[52.01,14.73],[52.01,14.73],[52,14.73],[52,14.73],[52,14.73],[52,14.73],[52,14.73],[52,14.73],[52,14.73],[52,14.73],[52,14.73],[51.99,14.73],[51.99,14.73],[51.99,14.73],[51.99,14.73],[51.99,14.73],[51.99,14.73],[51.99,14.72],[51.99,14.72],[51.99,14.72],[51.98,14.72],[51.98,14.72],[51.98,14.72],[51.98,14.72],[51.98,14.72],[51.98,14.72],[51.98,14.72],[51.98,14.72],[51.98,14.72],[51.97,14.72],[51.97,14.72],[51.97,14.72],[51.97,14.72],[51.97,14.72],[51.97,14.72],[51.97,14.72],[51.97,14.72],[51.96,14.72],[51.96,14.72],[51.96,14.72],[51.96,14.72],[51.96,14.72],[51.96,14.72],[51.96,14.72],[51.96,14.72],[51.95,14.71],[51.95,14.71],[51.95,14.71],[51.95,14.71],[51.95,14.71],[51.95,14.71],[51.95,14.71],[51.94,14.71],[51.94,14.71],[51.94,14.71],[51.94,14.71],[51.94,14.71],[51.94,14.71],[51.94,14.71],[51.94,14.71],[51.93,14.71],[51.93,14.71],[51.93,14.71],[51.93,14.71],[51.93,14.71],[51.93,14.71],[51.93,14.71],[51.92,14.71],[51.92,14.71],[51.92,14.71],[51.92,14.71],[51.92,14.71],[51.92,14.71],[51.92,14.71],[51.91,14.71],[51.91,14.71],[51.91,14.71],[51.91,14.71],[51.91,14.71],[51.91,14.71],[51.9,14.71],[51.9,14.7],[51.9,14.7],[51.9,14.7],[51.9,14.7],[51.9,14.7],[51.9,14.7],[51.89,14.7],[51.89,14.7],[51.89,14.7],[51.89,14.7],[51.89,14.7],[51.89,14.7],[51.88,14.7],[51.88,14.7],[51.88,14.7],[51.88,14.7],[51.88,14.7],[51.88,14.7],[51.87,14.7],[51.87,14.7],[51.87,14.7],[51.87,14.7],[51.87,14.7],[51.86,14.7],[51.86,14.7],[51.86,14.7],[51.86,14.7],[51.86,14.7],[51.85,14.7],[51.85,14.7],[51.85,14.7],[51.85,14.7],[51.85,14.7],[51.84,14.7],[51.84,14.7],[51.84,14.7],[51.84,14.7],[51.83,14.7],[51.83,14.7],[51.83,14.7],[51.83,14.7],[51.83,14.7],[51.82,14.7],[51.82,14.7],[51.82,14.7],[51.82,14.7],[51.81,14.7],[51.81,14.7],[51.81,14.7],[51.81,14.7],[51.8,14.7],[51.8,14.7],[51.8,14.7],[51.8,14.7],[51.8,14.7],[51.79,14.7],[51.79,14.7],[51.79,14.7],[51.79,14.7],[51.79,14.7],[51.78,14.7],[51.78,14.7],[51.78,14.7],[51.78,14.7],[51.78,14.7],[51.77,14.7],[51.77,14.7],[51.77,14.7],[51.77,14.7],[51.77,14.7],[51.77,14.7],[51.76,14.7],[51.76,14.7],[51.76,14.7],[51.76,14.7],[51.76,14.7],[51.76,14.7],[51.76,14.7],[51.75,14.7],[51.75,14.7],[51.75,14.7],[51.75,14.7],[51.75,14.7],[51.75,14.7],[51.75,14.7],[51.75,14.7],[51.74,14.7],[51.74,14.7],[51.74,14.7],[51.74,14.7],[51.74,14.7],[51.74,14.7],[51.74,14.7],[51.74,14.7],[51.74,14.7],[51.74,14.7],[51.74,14.7],[51.74,14.7],[51.74,14.7],[51.74,14.7],[51.74,14.7],[51.74,14.7],[51.74,14.7],[51.74,14.7],[51.73,14.7],[51.73,14.7],[51.73,14.7],[51.73,14.7],[51.73,14.7],[51.73,14.7],[51.73,14.7],[51.73,14.7],[51.73,14.7],[51.73,14.7],[51.73,14.7],[51.73,14.7],[51.73,14.7],[51.73,14.7],[51.73,14.7],[51.73,14.7],[51.73,14.7],[51.73,14.7],[51.73,14.7],[51.73,14.7],[51.73,14.7],[51.73,14.7],[51.73,14.7],[51.73,14.7],[51.73,14.7],[51.73,14.7],[51.73,14.7],[51.73,14.7],[51.73,14.7],[51.73,14.7],[51.73,14.7],[51.73,14.7],[51.73,14.7],[51.73,14.7],[51.73,14.7],[51.73,14.7],[51.73,14.7],[51.73,14.7],[51.73,14.7],[51.73,14.7],[51.73,14.7],[51.73,14.7],[51.73,14.7],[51.73,14.7],[51.73,14.7],[51.73,14.7],[51.73,14.7],[51.73,14.7],[51.73,14.7],[51.73,14.7],[51.73,14.7],[51.73,14.7],[51.73,14.7],[51.73,14.7],[51.73,14.7],[51.73,14.7],[51.73,14.7],[51.73,14.7],[51.73,14.7],[51.73,14.7],[51.73,14.7],[51.73,14.7],[51.73,14.7],[51.73,14.7],[51.73,14.7],[51.73,14.7],[51.73,14.7],[51.73,14.7],[51.73,14.7],[51.73,14.7],[51.73,14.7],[51.73,14.7],[51.73,14.7],[51.73,14.7],[51.73,14.7],[51.73,14.7],[51.73,14.7],[51.73,14.7],[51.73,14.7],[51.73,14.7],[51.73,14.7],[51.73,14.7],[51.73,14.7],[51.73,14.7],[51.73,14.7],[51.73,14.7],[51.73,14.7],[51.73,14.7],[51.73,14.7],[51.73,14.7],[51.73,14.7],[51.73,14.7],[51.73,14.7],[51.73,14.7],[51.73,14.7],[51.73,14.7],[51.73,14.7],[51.73,14.7],[51.73,14.7],[51.73,14.7],[51.74,14.7],[51.74,14.7],[51.74,14.7],[51.74,14.7],[51.74,14.7],[51.74,14.7],[51.74,14.7],[51.74,14.7],[51.74,14.71],[51.74,14.71],[51.74,14.71],[51.74,14.71],[51.74,14.71],[51.74,14.71],[51.75,14.71],[51.75,14.71],[51.75,14.71],[51.75,14.71],[51.75,14.71],[51.75,14.71],[51.75,14.71],[51.75,14.71],[51.75,14.71],[51.75,14.71],[51.75,14.71],[51.75,14.71],[51.75,14.71],[51.75,14.71],[51.75,14.71],[51.75,14.71],[51.75,14.71],[51.75,14.71],[51.75,14.71],[51.75,14.71],[51.76,14.71],[51.76,14.71],[51.76,14.71],[51.76,14.71],[51.76,14.71],[51.76,14.71],[51.76,14.71],[51.76,14.71],[51.76,14.71],[51.76,14.71],[51.76,14.71],[51.76,14.71],[51.76,14.71],[51.76,14.71],[51.76,14.71],[51.76,14.71],[51.76,14.71],[51.76,14.71],[51.76,14.71],[51.76,14.71],[51.76,14.71],[51.76,14.71],[51.76,14.71],[51.76,14.71],[51.76,14.71],[51.76,14.71],[51.76,14.71],[51.76,14.71],[51.76,14.71],[51.76,14.71],[51.76,14.71],[51.76,14.71],[51.76,14.71],[51.76,14.71],[51.76,14.71],[51.76,14.71],[51.76,14.71],[51.76,14.71],[51.76,14.71],[51.76,14.71],[51.76,14.71],[51.76,14.71],[51.76,14.71],[51.76,14.71],[51.76,14.71],[51.76,14.71],[51.76,14.71],[51.76,14.71],[51.76,14.71],[51.76,14.71],[51.76,14.71],[51.76,14.71],[51.76,14.71],[51.76,14.71],[51.76,14.71],[51.76,14.71],[51.76,14.71],[51.76,14.71],[51.76,14.72],[51.76,14.72],[51.76,14.72],[51.76,14.72],[51.76,14.72],[51.76,14.72],[51.76,14.72],[51.76,14.72],[51.76,14.72],[51.76,14.72],[51.76,14.72],[51.76,14.72],[51.76,14.72],[51.76,14.72],[51.76,14.72],[51.76,14.72],[51.76,14.72],[51.76,14.72],[51.76,14.72],[51.76,14.72],[51.76,14.72],[51.76,14.72],[51.76,14.72],[51.76,14.72],[51.76,14.72],[51.76,14.72],[51.76,14.72],[51.76,14.72],[51.76,14.72],[51.76,14.72],[51.76,14.72],[51.76,14.72],[51.76,14.72],[51.76,14.72],[51.76,14.72],[51.76,14.72],[51.76,14.72],[51.76,14.72],[51.76,14.72],[51.76,14.72],[51.76,14.72],[51.76,14.72],[51.76,14.72],[51.76,14.72],[51.76,14.73],[51.76,14.73],[51.76,14.73],[51.76,14.73],[51.76,14.73],[51.76,14.73],[51.76,14.73],[51.75,14.73],[51.75,14.73],[51.75,14.73],[51.75,14.73],[51.75,14.73],[51.75,14.73],[51.75,14.73],[51.75,14.73],[51.75,14.73],[51.75,14.73],[51.75,14.74],[51.75,14.74],[51.75,14.74],[51.74,14.74],[51.74,14.74],[51.74,14.74],[51.74,14.74],[51.74,14.74],[51.74,14.74],[51.74,14.74],[51.74,14.74],[51.74,14.74],[51.74,14.74],[51.74,14.74],[51.74,14.74],[51.74,14.75],[51.74,14.75],[51.74,14.75],[51.74,14.75],[51.74,14.75],[51.74,14.75],[51.74,14.75],[51.74,14.75],[51.74,14.75],[51.74,14.75],[51.74,14.75],[51.73,14.75],[51.73,14.75],[51.73,14.75],[51.73,14.75],[51.73,14.75],[51.73,14.75],[51.73,14.75],[51.73,14.75],[51.73,14.75],[51.73,14.75],[51.73,14.75],[51.73,14.76],[51.73,14.76],[51.73,14.76],[51.73,14.76],[51.73,14.76],[51.73,14.76],[51.73,14.76],[51.73,14.76],[51.73,14.76],[51.72,14.76],[51.72,14.76],[51.72,14.76],[51.72,14.76],[51.72,14.76],[51.72,14.76],[51.72,14.76],[51.72,14.76],[51.72,14.76],[51.72,14.76],[51.72,14.76],[51.72,14.76],[51.72,14.76],[51.72,14.76],[51.72,14.76],[51.72,14.76],[51.72,14.77],[51.72,14.77],[51.71,14.77],[51.71,14.77],[51.71,14.77],[51.71,14.77],[51.71,14.77],[51.71,14.77],[51.71,14.77],[51.71,14.77],[51.71,14.77],[51.71,14.77],[51.71,14.77],[51.71,14.77],[51.71,14.77],[51.71,14.77],[51.71,14.77],[51.71,14.77],[51.7,14.77],[51.7,14.77],[51.7,14.77],[51.7,14.77],[51.7,14.77],[51.7,14.77],[51.7,14.77],[51.7,14.77],[51.7,14.77],[51.7,14.78],[51.7,14.78],[51.7,14.78],[51.7,14.78],[51.7,14.78],[51.7,14.78],[51.69,14.78],[51.69,14.78],[51.69,14.78],[51.69,14.78],[51.69,14.78],[51.69,14.78],[51.69,14.78],[51.69,14.78],[51.69,14.78],[51.69,14.78],[51.69,14.78],[51.69,14.78],[51.69,14.78],[51.69,14.78],[51.69,14.78],[51.68,14.78],[51.68,14.78],[51.68,14.78],[51.68,14.78],[51.68,14.78],[51.68,14.78],[51.68,14.78],[51.68,14.78],[51.68,14.78],[51.68,14.78],[51.68,14.78],[51.68,14.78],[51.68,14.78],[51.68,14.79],[51.67,14.79],[51.67,14.79],[51.67,14.79],[51.67,14.79],[51.67,14.79],[51.67,14.79],[51.67,14.79],[51.67,14.79],[51.67,14.79],[51.67,14.79],[51.67,14.79],[51.67,14.79],[51.67,14.79],[51.67,14.79],[51.66,14.79],[51.66,14.79],[51.66,14.79],[51.66,14.79],[51.66,14.79],[51.66,14.79],[51.66,14.79],[51.66,14.79],[51.66,14.79],[51.66,14.79],[51.66,14.79],[51.66,14.79],[51.66,14.79],[51.65,14.79],[51.65,14.79],[51.65,14.79],[51.65,14.79],[51.65,14.79],[51.65,14.79],[51.65,14.79],[51.65,14.79],[51.65,14.79],[51.65,14.79],[51.65,14.79],[51.65,14.79],[51.65,14.79],[51.65,14.79],[51.64,14.79],[51.64,14.79],[51.64,14.79],[51.64,14.79],[51.64,14.79],[51.64,14.79],[51.64,14.79],[51.64,14.79],[51.64,14.79],[51.64,14.79],[51.64,14.79],[51.64,14.79],[51.64,14.79],[51.64,14.79],[51.63,14.79],[51.63,14.79],[51.63,14.79],[51.63,14.79],[51.63,14.79],[51.63,14.79],[51.63,14.79],[51.63,14.79],[51.63,14.79],[51.63,14.79],[51.63,14.79],[51.63,14.79],[51.63,14.79],[51.63,14.79],[51.62,14.79],[51.62,14.79],[51.62,14.79],[51.62,14.79],[51.62,14.8],[51.62,14.8],[51.62,14.8],[51.62,14.8],[51.62,14.8],[51.62,14.8],[51.62,14.8],[51.62,14.8],[51.62,14.8],[51.62,14.8],[51.62,14.8],[51.61,14.8],[51.61,14.79],[51.61,14.79],[51.61,14.79],[51.61,14.79],[51.61,14.79],[51.61,14.79],[51.61,14.79],[51.61,14.79],[51.61,14.79],[51.61,14.79],[51.61,14.79],[51.61,14.79],[51.61,14.79],[51.61,14.79],[51.6,14.79],[51.6,14.79],[51.6,14.79],[51.6,14.79],[51.6,14.79],[51.6,14.79],[51.6,14.79],[51.6,14.79],[51.6,14.79],[51.6,14.79],[51.6,14.79],[51.6,14.79],[51.6,14.79],[51.6,14.79],[51.6,14.79],[51.6,14.79],[51.59,14.79],[51.59,14.79],[51.59,14.79],[51.59,14.79],[51.59,14.79],[51.59,14.79],[51.59,14.79],[51.59,14.79],[51.59,14.79],[51.59,14.79],[51.59,14.79],[51.59,14.79],[51.59,14.79],[51.59,14.79],[51.59,14.79],[51.59,14.79],[51.59,14.79],[51.58,14.79],[51.58,14.79],[51.58,14.79],[51.58,14.79],[51.58,14.79],[51.58,14.79],[51.58,14.79],[51.58,14.79],[51.58,14.79],[51.58,14.79],[51.58,14.79],[51.58,14.79],[51.58,14.79],[51.58,14.79],[51.58,14.79],[51.58,14.79],[51.58,14.79],[51.58,14.79],[51.58,14.79],[51.58,14.79],[51.58,14.79],[51.57,14.79],[51.57,14.79],[51.57,14.79],[51.57,14.79],[51.57,14.79],[51.57,14.79],[51.57,14.79],[51.57,14.78],[51.57,14.78],[51.57,14.78],[51.57,14.78],[51.57,14.78],[51.57,14.78],[51.57,14.78],[51.57,14.78],[51.57,14.78],[51.57,14.78],[51.57,14.78],[51.57,14.78],[51.57,14.78],[51.57,14.78],[51.56,14.78],[51.56,14.78],[51.56,14.78],[51.56,14.78],[51.56,14.78],[51.56,14.78],[51.56,14.78],[51.56,14.78],[51.56,14.78],[51.56,14.78],[51.56,14.78],[51.56,14.78],[51.56,14.78],[51.56,14.78],[51.56,14.78],[51.56,14.77],[51.56,14.77],[51.55,14.77],[51.55,14.77],[51.55,14.77],[51.55,14.77],[51.55,14.77],[51.55,14.77],[51.54,14.77],[51.54,14.76],[51.54,14.76],[51.54,14.76],[51.54,14.76],[51.54,14.76],[51.54,14.76],[51.54,14.76],[51.54,14.76],[51.54,14.76],[51.54,14.76],[51.54,14.76],[51.54,14.76],[51.54,14.76],[51.54,14.76],[51.53,14.76],[51.53,14.76],[51.53,14.76],[51.53,14.76],[51.53,14.76],[51.53,14.76],[51.53,14.76],[51.53,14.76],[51.53,14.76],[51.53,14.76],[51.53,14.75],[51.53,14.75],[51.53,14.75],[51.53,14.75],[51.53,14.75],[51.53,14.75],[51.53,14.75],[51.53,14.75],[51.53,14.75],[51.53,14.75],[51.53,14.75],[51.53,14.75],[51.53,14.75],[51.53,14.75],[51.52,14.75],[51.52,14.75],[51.52,14.75],[51.52,14.75],[51.52,14.75],[51.52,14.75],[51.52,14.75],[51.52,14.75],[51.52,14.75],[51.52,14.75],[51.52,14.75],[51.52,14.75],[51.52,14.75],[51.52,14.75],[51.52,14.75],[51.52,14.75],[51.52,14.75],[51.52,14.75],[51.52,14.75],[51.52,14.75],[51.52,14.75],[51.52,14.75],[51.52,14.75],[51.52,14.75],[51.52,14.75],[51.52,14.75],[51.52,14.75],[51.51,14.75],[51.51,14.75],[51.51,14.75],[51.51,14.75],[51.51,14.75],[51.51,14.75],[51.51,14.75],[51.51,14.75],[51.51,14.75],[51.51,14.75],[51.51,14.75],[51.51,14.75],[51.51,14.75],[51.51,14.75],[51.51,14.75],[51.51,14.75],[51.51,14.75],[51.51,14.75],[51.51,14.75],[51.51,14.74],[51.51,14.74],[51.51,14.74],[51.51,14.74],[51.51,14.74],[51.51,14.74],[51.5,14.74],[51.5,14.74],[51.5,14.74],[51.5,14.74],[51.5,14.74],[51.5,14.74],[51.5,14.74],[51.5,14.74],[51.5,14.74],[51.5,14.74],[51.5,14.74],[51.5,14.74],[51.5,14.74],[51.5,14.74],[51.5,14.74],[51.5,14.74],[51.5,14.74],[51.5,14.74],[51.5,14.74],[51.5,14.74],[51.5,14.74],[51.49,14.74],[51.49,14.74],[51.49,14.74],[51.49,14.74],[51.49,14.74],[51.49,14.74],[51.49,14.74],[51.49,14.74],[51.49,14.74],[51.49,14.74],[51.49,14.74],[51.48,14.74],[51.48,14.74],[51.48,14.74],[51.48,14.74],[51.48,14.74],[51.48,14.74],[51.48,14.74],[51.48,14.74],[51.48,14.74],[51.48,14.74],[51.48,14.74],[51.47,14.74],[51.47,14.74],[51.47,14.74],[51.47,14.74],[51.47,14.74],[51.47,14.74],[51.47,14.74],[51.47,14.74],[51.47,14.74],[51.47,14.74],[51.46,14.74],[51.46,14.74],[51.46,14.74],[51.46,14.74],[51.46,14.74],[51.46,14.74],[51.46,14.74],[51.46,14.74],[51.46,14.74],[51.46,14.74],[51.46,14.74],[51.45,14.74],[51.45,14.74],[51.45,14.74],[51.45,14.74],[51.45,14.74],[51.45,14.74],[51.45,14.74],[51.45,14.74],[51.45,14.74],[51.45,14.74],[51.44,14.74],[51.44,14.74],[51.44,14.74],[51.44,14.74],[51.44,14.74],[51.44,14.75],[51.44,14.75],[51.44,14.75],[51.44,14.75],[51.44,14.75],[51.43,14.75],[51.43,14.75],[51.43,14.75],[51.43,14.75],[51.43,14.75],[51.42,14.75],[51.42,14.75],[51.42,14.75],[51.42,14.75],[51.42,14.75],[51.41,14.75],[51.41,14.75],[51.41,14.75],[51.4,14.75],[51.4,14.75],[51.4,14.75],[51.39,14.75],[51.39,14.75],[51.39,14.76],[51.39,14.76],[51.39,14.76],[51.38,14.76],[51.38,14.76],[51.38,14.76],[51.38,14.76],[51.38,14.76],[51.38,14.76],[51.38,14.76],[51.38,14.76],[51.38,14.76],[51.37,14.76],[51.37,14.76],[51.37,14.76],[51.37,14.76],[51.37,14.76],[51.37,14.76],[51.37,14.76],[51.37,14.76],[51.37,14.76],[51.36,14.76],[51.36,14.76],[51.36,14.76],[51.36,14.76],[51.36,14.76],[51.36,14.76],[51.36,14.76],[51.36,14.76],[51.36,14.76],[51.35,14.76],[51.35,14.76],[51.35,14.76],[51.35,14.76],[51.35,14.76],[51.35,14.76],[51.35,14.76],[51.35,14.76],[51.35,14.76],[51.35,14.76],[51.34,14.76],[51.34,14.76],[51.34,14.76],[51.34,14.76],[51.34,14.76],[51.34,14.76],[51.34,14.76],[51.34,14.76],[51.34,14.76],[51.34,14.76],[51.34,14.76],[51.33,14.76],[51.33,14.76],[51.33,14.76],[51.33,14.76],[51.33,14.76],[51.33,14.76],[51.33,14.76],[51.33,14.76],[51.33,14.76],[51.33,14.76],[51.33,14.76],[51.32,14.76],[51.32,14.76],[51.32,14.76],[51.32,14.76],[51.32,14.76],[51.32,14.76],[51.32,14.76],[51.32,14.76],[51.32,14.76],[51.32,14.76],[51.32,14.76],[51.32,14.76],[51.31,14.76],[51.31,14.76],[51.31,14.76],[51.31,14.76],[51.31,14.76],[51.31,14.76],[51.31,14.76],[51.31,14.76],[51.31,14.76],[51.31,14.76],[51.31,14.76],[51.31,14.76],[51.31,14.76],[51.31,14.76],[51.3,14.76],[51.3,14.76],[51.3,14.76],[51.3,14.76],[51.3,14.76],[51.3,14.76],[51.3,14.76],[51.3,14.76],[51.3,14.76],[51.3,14.76],[51.3,14.76],[51.3,14.76],[51.3,14.76],[51.3,14.76],[51.29,14.76],[51.29,14.76],[51.29,14.75],[51.29,14.75],[51.29,14.75],[51.29,14.75],[51.29,14.75],[51.29,14.75],[51.29,14.75],[51.29,14.75],[51.29,14.75],[51.29,14.75],[51.29,14.75],[51.29,14.75],[51.29,14.75],[51.29,14.75],[51.28,14.75],[51.28,14.75],[51.28,14.75],[51.28,14.75],[51.28,14.75],[51.28,14.75],[51.28,14.75],[51.28,14.75],[51.28,14.75],[51.28,14.75],[51.28,14.75],[51.28,14.75],[51.28,14.75],[51.28,14.74],[51.28,14.74],[51.27,14.74],[51.27,14.74],[51.27,14.74],[51.27,14.74],[51.27,14.74],[51.27,14.74],[51.27,14.74],[51.27,14.74],[51.27,14.74],[51.27,14.74],[51.27,14.74],[51.27,14.74],[51.27,14.74],[51.27,14.74],[51.27,14.74],[51.26,14.74],[51.26,14.73],[51.26,14.73],[51.26,14.73],[51.26,14.73],[51.26,14.73],[51.26,14.73],[51.26,14.73],[51.26,14.73],[51.26,14.73],[51.26,14.73],[51.26,14.73],[51.26,14.73],[51.26,14.73],[51.26,14.73],[51.25,14.73],[51.25,14.73],[51.25,14.72],[51.25,14.72],[51.25,14.72],[51.25,14.72],[51.25,14.72],[51.25,14.72],[51.24,14.72],[51.24,14.71],[51.24,14.71],[51.24,14.71],[51.24,14.71],[51.23,14.71],[51.23,14.71],[51.23,14.7],[51.23,14.7],[51.23,14.7],[51.23,14.7],[51.23,14.7],[51.23,14.7],[51.23,14.7],[51.23,14.7],[51.23,14.7],[51.22,14.7],[51.22,14.7],[51.22,14.7],[51.22,14.7],[51.22,14.7],[51.22,14.69],[51.22,14.69],[51.22,14.69],[51.22,14.69],[51.22,14.69],[51.22,14.69],[51.22,14.69],[51.22,14.69],[51.22,14.69],[51.22,14.69],[51.22,14.69],[51.22,14.69],[51.22,14.69],[51.22,14.69],[51.22,14.69],[51.21,14.69],[51.21,14.69],[51.21,14.69],[51.21,14.69],[51.21,14.69],[51.21,14.69],[51.21,14.69],[51.21,14.69],[51.21,14.69],[51.21,14.68],[51.21,14.68],[51.21,14.68],[51.21,14.68],[51.21,14.68],[51.21,14.68],[51.21,14.68],[51.21,14.68],[51.21,14.68],[51.21,14.68],[51.2,14.68],[51.2,14.68],[51.2,14.68],[51.2,14.68],[51.2,14.68],[51.2,14.68],[51.2,14.68],[51.2,14.68],[51.2,14.68],[51.2,14.68],[51.2,14.68],[51.2,14.68],[51.2,14.68],[51.2,14.68],[51.2,14.68],[51.2,14.68],[51.2,14.68],[51.2,14.68],[51.2,14.67],[51.19,14.67],[51.19,14.67],[51.19,14.67],[51.19,14.67],[51.19,14.67],[51.19,14.67],[51.19,14.67],[51.19,14.67],[51.19,14.67],[51.19,14.67],[51.19,14.67],[51.19,14.67],[51.19,14.67],[51.19,14.67],[51.19,14.67],[51.19,14.67],[51.19,14.67],[51.19,14.67],[51.18,14.67],[51.18,14.67],[51.18,14.67],[51.18,14.67],[51.18,14.67],[51.18,14.67],[51.18,14.67],[51.18,14.67],[51.18,14.67],[51.18,14.67],[51.18,14.67],[51.18,14.67],[51.18,14.66],[51.18,14.66],[51.18,14.66],[51.18,14.66],[51.18,14.66],[51.17,14.66],[51.17,14.66],[51.17,14.66],[51.17,14.66],[51.17,14.66],[51.17,14.66],[51.17,14.66],[51.17,14.66],[51.17,14.66],[51.17,14.66],[51.17,14.66],[51.17,14.66],[51.17,14.66],[51.17,14.66],[51.17,14.66],[51.17,14.66],[51.17,14.66],[51.16,14.66],[51.16,14.66],[51.16,14.66],[51.16,14.66],[51.16,14.66],[51.16,14.66],[51.16,14.66],[51.16,14.66],[51.16,14.66],[51.16,14.66],[51.16,14.66],[51.16,14.66],[51.16,14.66],[51.16,14.66],[51.16,14.66],[51.16,14.66],[51.15,14.66],[51.15,14.66],[51.15,14.65],[51.15,14.65],[51.15,14.65],[51.15,14.65],[51.15,14.65],[51.15,14.65],[51.15,14.65],[51.15,14.65],[51.15,14.65],[51.15,14.65],[51.15,14.65],[51.15,14.65],[51.15,14.65],[51.15,14.65],[51.14,14.65],[51.14,14.65],[51.14,14.65],[51.14,14.65],[51.14,14.65],[51.14,14.65],[51.14,14.65],[51.14,14.65],[51.14,14.65],[51.14,14.65],[51.14,14.65],[51.14,14.65],[51.14,14.65],[51.14,14.65],[51.14,14.65],[51.14,14.65],[51.13,14.65],[51.13,14.65],[51.13,14.65],[51.13,14.65],[51.13,14.65],[51.13,14.65],[51.13,14.65],[51.13,14.65],[51.13,14.65],[51.13,14.65],[51.13,14.65],[51.13,14.65],[51.13,14.65],[51.13,14.65],[51.13,14.65],[51.12,14.65],[51.12,14.65],[51.12,14.65],[51.12,14.65],[51.12,14.65],[51.12,14.65],[51.12,14.65],[51.12,14.65],[51.12,14.65],[51.12,14.65],[51.12,14.65],[51.12,14.65],[51.12,14.65],[51.12,14.65],[51.12,14.64],[51.11,14.64],[51.11,14.64],[51.11,14.64],[51.11,14.64],[51.11,14.64],[51.11,14.64],[51.11,14.64],[51.11,14.64],[51.11,14.64],[51.11,14.64],[51.11,14.64],[51.11,14.64],[51.1,14.64],[51.1,14.64],[51.1,14.64],[51.1,14.64],[51.1,14.64],[51.1,14.64],[51.1,14.64],[51.09,14.64],[51.09,14.64],[51.09,14.64],[51.09,14.64],[51.09,14.64],[51.09,14.64],[51.09,14.64],[51.08,14.64],[51.08,14.64],[51.08,14.64],[51.08,14.64],[51.08,14.64],[51.08,14.64],[51.08,14.64],[51.07,14.64],[51.07,14.64],[51.07,14.64],[51.07,14.64],[51.07,14.64],[51.07,14.64],[51.07,14.64],[51.06,14.64],[51.06,14.64],[51.06,14.64],[51.06,14.64],[51.06,14.64],[51.06,14.64],[51.05,14.64],[51.05,14.64],[51.05,14.64],[51.05,14.64],[51.05,14.64],[51.05,14.64],[51.04,14.64],[51.04,14.64],[51.04,14.64],[51.04,14.64],[51.04,14.64],[51.04,14.64],[51.04,14.64],[51.03,14.64],[51.03,14.64],[51.03,14.64],[51.03,14.64],[51.03,14.64],[51.03,14.64],[51.03,14.64],[51.02,14.64],[51.02,14.64],[51.02,14.64],[51.02,14.64],[51.02,14.64],[51.02,14.64],[51.02,14.64],[51.01,14.64],[51.01,14.64],[51.01,14.64],[51.01,14.64],[51.01,14.64],[51.01,14.64],[51,14.64],[51,14.64],[51,14.64],[51,14.65],[51,14.65],[51,14.65],[50.99,14.65],[50.99,14.65],[50.99,14.65],[50.99,14.65],[50.99,14.65],[50.99,14.65],[50.99,14.65],[50.98,14.65],[50.98,14.65],[50.98,14.65],[50.98,14.65],[50.98,14.65],[50.98,14.65],[50.97,14.65],[50.97,14.65],[50.97,14.65],[50.97,14.65],[50.97,14.65],[50.97,14.65],[50.96,14.65],[50.96,14.65],[50.96,14.65],[50.96,14.65],[50.96,14.65],[50.95,14.65],[50.95,14.65],[50.95,14.65],[50.95,14.65],[50.95,14.65],[50.95,14.65],[50.94,14.65],[50.94,14.66],[50.94,14.66],[50.94,14.66],[50.94,14.66],[50.94,14.66],[50.93,14.66],[50.93,14.66],[50.93,14.66],[50.93,14.66],[50.93,14.66],[50.93,14.66],[50.92,14.66],[50.92,14.66],[50.92,14.66],[50.92,14.66],[50.92,14.66],[50.91,14.66],[50.91,14.66],[50.91,14.66],[50.91,14.66],[50.91,14.66],[50.91,14.66],[50.9,14.66],[50.9,14.66],[50.9,14.67],[50.9,14.67],[50.9,14.67],[50.9,14.67],[50.89,14.67],[50.89,14.67],[50.89,14.67],[50.89,14.67],[50.89,14.67],[50.88,14.67],[50.88,14.67],[50.88,14.67],[50.87,14.67],[50.87,14.67],[50.87,14.67],[50.86,14.68],[50.86,14.68],[50.86,14.68],[50.85,14.68],[50.85,14.68],[50.84,14.68],[50.84,14.68],[50.84,14.68],[50.83,14.69],[50.81,14.69],[50.81,14.69],[50.8,14.69],[50.79,14.69],[50.79,14.7],[50.79,14.7],[50.78,14.7],[50.78,14.7],[50.78,14.7],[50.77,14.7],[50.77,14.7],[50.77,14.7],[50.77,14.7],[50.76,14.7],[50.76,14.7],[50.76,14.7],[50.75,14.71],[50.75,14.71],[50.75,14.71],[50.75,14.71],[50.74,14.71],[50.74,14.71],[50.74,14.71],[50.73,14.71],[50.73,14.71],[50.73,14.71],[50.73,14.71],[50.72,14.71],[50.72,14.71],[50.72,14.71],[50.72,14.71],[50.72,14.71],[50.72,14.71],[50.71,14.72],[50.71,14.72],[50.71,14.72],[50.71,14.72],[50.71,14.72],[50.71,14.72],[50.7,14.72],[50.7,14.72],[50.7,14.72],[50.7,14.72],[50.7,14.72],[50.7,14.72],[50.7,14.72],[50.69,14.72],[50.69,14.72],[50.69,14.72],[50.69,14.72],[50.69,14.72],[50.69,14.72],[50.69,14.72],[50.68,14.72],[50.68,14.72],[50.68,14.72],[50.68,14.72],[50.68,14.72],[50.68,14.72],[50.68,14.72],[50.67,14.72],[50.67,14.72],[50.67,14.72],[50.67,14.72],[50.67,14.73],[50.67,14.73],[50.67,14.73],[50.66,14.73],[50.66,14.73],[50.66,14.73],[50.66,14.73],[50.66,14.73],[50.66,14.73],[50.66,14.73],[50.66,14.73],[50.65,14.73],[50.65,14.73],[50.65,14.73],[50.65,14.73],[50.65,14.73],[50.65,14.73],[50.65,14.73],[50.65,14.73],[50.64,14.73],[50.64,14.73],[50.64,14.73],[50.64,14.73],[50.64,14.73],[50.64,14.73],[50.64,14.73],[50.63,14.73],[50.63,14.73],[50.63,14.73],[50.63,14.73],[50.63,14.73],[50.63,14.73],[50.63,14.73],[50.62,14.73],[50.62,14.73],[50.62,14.73],[50.62,14.73],[50.62,14.73],[50.62,14.73],[50.62,14.73],[50.61,14.73],[50.61,14.73],[50.61,14.73],[50.61,14.73],[50.61,14.73],[50.61,14.73],[50.6,14.73],[50.6,14.73],[50.6,14.73],[50.6,14.73],[50.6,14.73],[50.6,14.73],[50.6,14.74],[50.59,14.74],[50.59,14.74],[50.59,14.74],[50.59,14.74],[50.59,14.74],[50.59,14.74],[50.59,14.74],[50.59,14.74],[50.58,14.74],[50.58,14.74],[50.58,14.74],[50.58,14.74],[50.58,14.74],[50.58,14.74],[50.58,14.74],[50.57,14.74],[50.57,14.74],[50.57,14.74],[50.57,14.74],[50.57,14.74],[50.57,14.74],[50.57,14.74],[50.56,14.74],[50.56,14.74],[50.56,14.74],[50.56,14.74],[50.56,14.74],[50.56,14.74],[50.56,14.74],[50.56,14.74],[50.55,14.74],[50.55,14.74],[50.55,14.74],[50.55,14.74],[50.55,14.74],[50.55,14.74],[50.55,14.74],[50.54,14.74],[50.54,14.74],[50.54,14.74],[50.54,14.74],[50.54,14.74],[50.54,14.74],[50.54,14.74],[50.54,14.74],[50.53,14.74],[50.53,14.74],[50.53,14.74],[50.53,14.74],[50.53,14.73],[50.53,14.73],[50.53,14.73],[50.53,14.73],[50.52,14.73],[50.52,14.73],[50.52,14.73],[50.52,14.73],[50.52,14.73],[50.52,14.73],[50.52,14.73],[50.52,14.73],[50.51,14.73],[50.51,14.73],[50.51,14.73],[50.51,14.73],[50.51,14.73],[50.51,14.73],[50.51,14.73],[50.51,14.73],[50.51,14.73],[50.5,14.73],[50.5,14.73],[50.5,14.73],[50.5,14.73],[50.5,14.73],[50.5,14.73],[50.5,14.73],[50.5,14.73],[50.49,14.73],[50.49,14.73],[50.49,14.73],[50.49,14.73],[50.49,14.73],[50.49,14.73],[50.49,14.73],[50.49,14.73],[50.49,14.73],[50.48,14.73],[50.48,14.73],[50.48,14.73],[50.48,14.73],[50.48,14.73],[50.48,14.73],[50.48,14.73],[50.48,14.73],[50.48,14.72],[50.47,14.72],[50.47,14.72],[50.47,14.72],[50.47,14.72],[50.47,14.72],[50.47,14.72],[50.47,14.72],[50.47,14.72],[50.47,14.72],[50.47,14.72],[50.46,14.72],[50.46,14.72],[50.46,14.72],[50.46,14.72],[50.46,14.72],[50.46,14.72],[50.46,14.72],[50.46,14.72],[50.46,14.72],[50.46,14.72],[50.46,14.72],[50.46,14.72],[50.45,14.72],[50.45,14.72],[50.45,14.72],[50.45,14.72],[50.45,14.72],[50.45,14.72],[50.45,14.72],[50.45,14.72],[50.44,14.71],[50.44,14.71],[50.44,14.71],[50.44,14.71],[50.44,14.71],[50.44,14.71],[50.43,14.71],[50.43,14.71],[50.43,14.71],[50.43,14.71],[50.43,14.71],[50.43,14.71],[50.42,14.71],[50.42,14.71],[50.42,14.7],[50.42,14.7],[50.42,14.7],[50.41,14.7],[50.41,14.7],[50.41,14.7],[50.41,14.7],[50.41,14.7],[50.41,14.7],[50.4,14.7],[50.4,14.7],[50.4,14.69],[50.4,14.69],[50.4,14.69],[50.39,14.69],[50.39,14.69],[50.39,14.69],[50.39,14.69],[50.39,14.69],[50.38,14.69],[50.38,14.69],[50.38,14.69],[50.38,14.68],[50.38,14.68],[50.37,14.68],[50.37,14.68],[50.37,14.68],[50.37,14.68],[50.37,14.68],[50.36,14.68],[50.36,14.68],[50.36,14.67],[50.35,14.67],[50.34,14.66],[50.34,14.66],[50.33,14.66],[50.33,14.66],[50.33,14.66],[50.32,14.66],[50.32,14.65],[50.32,14.65],[50.32,14.65],[50.31,14.65],[50.31,14.65],[50.31,14.65],[50.31,14.65],[50.31,14.65],[50.31,14.65],[50.3,14.65],[50.3,14.65],[50.3,14.64],[50.3,14.64],[50.3,14.64],[50.3,14.64],[50.29,14.64],[50.29,14.64],[50.29,14.64],[50.29,14.64],[50.29,14.64],[50.29,14.64],[50.28,14.64],[50.28,14.64],[50.28,14.63],[50.28,14.63],[50.28,14.63],[50.27,14.63],[50.27,14.63],[50.27,14.63],[50.27,14.63],[50.27,14.63],[50.27,14.63],[50.26,14.63],[50.26,14.63],[50.26,14.63],[50.26,14.63],[50.26,14.63],[50.26,14.62],[50.25,14.62],[50.25,14.62],[50.25,14.62],[50.25,14.62],[50.25,14.62],[50.25,14.62],[50.25,14.62],[50.24,14.62],[50.24,14.62],[50.24,14.62],[50.24,14.62],[50.24,14.62],[50.24,14.62],[50.24,14.62],[50.24,14.62],[50.24,14.62],[50.24,14.62],[50.23,14.62],[50.23,14.62],[50.23,14.62],[50.23,14.62],[50.23,14.62],[50.23,14.62],[50.23,14.62],[50.23,14.61],[50.23,14.61],[50.23,14.61],[50.23,14.61],[50.23,14.61],[50.23,14.61],[50.23,14.61],[50.23,14.61],[50.22,14.61],[50.22,14.61],[50.22,14.61],[50.22,14.61],[50.22,14.61],[50.22,14.61],[50.22,14.61],[50.22,14.61],[50.22,14.61],[50.22,14.61],[50.22,14.61],[50.22,14.61],[50.22,14.61],[50.22,14.61],[50.22,14.61],[50.21,14.61],[50.21,14.61],[50.21,14.61],[50.21,14.61],[50.21,14.61],[50.21,14.61],[50.21,14.61],[50.21,14.61],[50.21,14.61],[50.21,14.61],[50.21,14.61],[50.21,14.61],[50.21,14.61],[50.2,14.61],[50.2,14.61],[50.2,14.61],[50.2,14.61],[50.2,14.61],[50.2,14.61],[50.2,14.61],[50.2,14.61],[50.2,14.61],[50.19,14.61],[50.19,14.61],[50.19,14.61],[50.19,14.61],[50.19,14.61],[50.19,14.61],[50.19,14.61],[50.18,14.6],[50.18,14.6],[50.18,14.6],[50.18,14.6],[50.18,14.6],[50.18,14.6],[50.17,14.6],[50.17,14.6],[50.17,14.6],[50.17,14.6],[50.17,14.6],[50.17,14.6],[50.16,14.6],[50.16,14.6],[50.16,14.6],[50.16,14.6],[50.16,14.6],[50.16,14.6],[50.15,14.6],[50.15,14.6],[50.15,14.6],[50.14,14.6],[50.13,14.6],[50.13,14.6],[50.13,14.6],[50.12,14.6],[50.12,14.6],[50.12,14.6],[50.12,14.6],[50.11,14.6],[50.11,14.6],[50.11,14.6],[50.11,14.6],[50.11,14.6],[50.11,14.6],[50.11,14.6],[50.11,14.6],[50.1,14.6],[50.1,14.6],[50.1,14.59],[50.1,14.59],[50.1,14.59],[50.1,14.59],[50.1,14.59],[50.1,14.59],[50.09,14.59],[50.09,14.59],[50.09,14.59],[50.09,14.59],[50.09,14.59],[50.09,14.59],[50.09,14.59],[50.08,14.59],[50.08,14.59],[50.08,14.59],[50.08,14.59],[50.08,14.59],[50.08,14.59],[50.08,14.59],[50.08,14.59],[50.07,14.59],[50.07,14.59],[50.07,14.59],[50.07,14.59],[50.07,14.59],[50.07,14.59],[50.07,14.59],[50.07,14.59],[50.07,14.59],[50.06,14.59],[50.06,14.59],[50.06,14.59],[50.06,14.59],[50.06,14.59],[50.06,14.59],[50.06,14.59],[50.06,14.59],[50.06,14.59],[50.06,14.59],[50.05,14.59],[50.05,14.59],[50.05,14.59],[50.05,14.59],[50.05,14.58],[50.05,14.58],[50.05,14.58],[50.05,14.58],[50.05,14.58],[50.05,14.58],[50.05,14.58],[50.05,14.58],[50.05,14.58],[50.05,14.58],[50.05,14.58],[50.05,14.58],[50.04,14.58],[50.04,14.58],[50.04,14.58],[50.04,14.58],[50.04,14.58],[50.04,14.58],[50.04,14.58],[50.04,14.58],[50.04,14.58],[50.04,14.58],[50.04,14.58],[50.04,14.58],[50.04,14.58],[50.04,14.58],[50.04,14.58],[50.04,14.58],[50.03,14.58],[50.03,14.58],[50.03,14.58],[50.03,14.58],[50.03,14.58],[50.03,14.58],[50.03,14.58],[50.03,14.58],[50.03,14.58],[50.03,14.58],[50.03,14.58],[50.03,14.58],[50.03,14.58],[50.03,14.58],[50.03,14.58],[50.03,14.58],[50.03,14.58],[50.03,14.58],[50.03,14.57],[50.02,14.57],[50.02,14.57],[50.02,14.57],[50.02,14.57],[50.02,14.57],[50.02,14.57],[50.02,14.57],[50.02,14.57],[50.02,14.57],[50.02,14.57],[50.02,14.57],[50.02,14.57],[50.02,14.57],[50.02,14.57],[50.02,14.57],[50.02,14.57],[50.02,14.57],[50.02,14.57],[50.02,14.57],[50.02,14.57],[50.01,14.57],[50.01,14.57],[50.01,14.57],[50.01,14.57],[50.01,14.57],[50.01,14.57],[50.01,14.57],[50.01,14.57],[50.01,14.57],[50.01,14.57],[50.01,14.57],[50.01,14.57],[50.01,14.57],[50.01,14.57],[50.01,14.56],[50.01,14.56],[50.01,14.56],[50.01,14.56],[50.01,14.56],[50.01,14.56],[50.01,14.56],[50,14.56],[50,14.56],[50,14.56],[50,14.56],[50,14.56],[50,14.56],[50,14.56],[50,14.56],[50,14.56],[50,14.56],[50,14.56],[50,14.56],[50,14.56],[50,14.56],[50,14.56],[50,14.56],[50,14.56],[50,14.56],[50,14.56],[50,14.56],[50,14.56],[50,14.56],[50,14.56],[50,14.55],[49.99,14.55],[49.99,14.55],[49.99,14.55],[49.99,14.55],[49.99,14.55],[49.99,14.55],[49.99,14.55],[49.99,14.55],[49.99,14.55],[49.99,14.55],[49.99,14.55],[49.99,14.55],[49.99,14.55],[49.99,14.55],[49.99,14.55],[49.99,14.55],[49.99,14.55],[49.99,14.55],[49.99,14.55],[49.99,14.55],[49.99,14.55],[49.99,14.55],[49.99,14.55],[49.99,14.55],[49.99,14.54],[49.99,14.54],[49.98,14.54],[49.98,14.54],[49.98,14.54],[49.98,14.54],[49.98,14.54],[49.98,14.54],[49.98,14.54],[49.98,14.54],[49.98,14.54],[49.98,14.54],[49.98,14.54],[49.98,14.54],[49.98,14.54],[49.98,14.54],[49.98,14.54],[49.98,14.54],[49.98,14.54],[49.98,14.53],[49.98,14.53],[49.98,14.53],[49.98,14.53],[49.98,14.53],[49.98,14.53],[49.98,14.53],[49.98,14.53],[49.97,14.53],[49.97,14.53],[49.97,14.53],[49.97,14.53],[49.97,14.53],[49.97,14.53],[49.97,14.53],[49.97,14.52],[49.97,14.52],[49.97,14.52],[49.97,14.52],[49.97,14.52],[49.96,14.51],[49.96,14.51],[49.96,14.51],[49.96,14.51],[49.96,14.51],[49.96,14.51],[49.96,14.51],[49.96,14.51],[49.96,14.5],[49.96,14.5],[49.96,14.5],[49.96,14.5],[49.96,14.5],[49.95,14.5],[49.95,14.5],[49.95,14.5],[49.95,14.5],[49.95,14.5],[49.95,14.5],[49.95,14.5],[49.95,14.5],[49.95,14.49],[49.95,14.49],[49.95,14.49],[49.95,14.49],[49.95,14.49],[49.95,14.49],[49.95,14.49],[49.95,14.49],[49.95,14.49],[49.95,14.49],[49.95,14.49],[49.95,14.49],[49.95,14.49],[49.95,14.49],[49.95,14.49],[49.95,14.49],[49.95,14.49],[49.95,14.49],[49.95,14.49],[49.95,14.49],[49.94,14.49],[49.94,14.49],[49.94,14.49],[49.94,14.48],[49.94,14.48],[49.94,14.48],[49.94,14.48],[49.94,14.48],[49.94,14.48],[49.94,14.48],[49.94,14.48],[49.94,14.48],[49.94,14.48],[49.94,14.48],[49.94,14.48],[49.93,14.47],[49.93,14.47],[49.93,14.47],[49.93,14.47],[49.93,14.47],[49.93,14.47],[49.93,14.47],[49.93,14.47],[49.93,14.47],[49.93,14.47],[49.93,14.47],[49.93,14.47],[49.92,14.46],[49.92,14.46],[49.92,14.46],[49.92,14.46],[49.92,14.46],[49.92,14.46],[49.92,14.46],[49.92,14.46],[49.92,14.46],[49.92,14.46],[49.92,14.46],[49.92,14.46],[49.91,14.45],[49.91,14.45],[49.91,14.45],[49.91,14.45],[49.91,14.45],[49.91,14.45],[49.91,14.45],[49.91,14.45],[49.91,14.45],[49.91,14.45],[49.91,14.45],[49.9,14.45],[49.9,14.45],[49.9,14.44],[49.9,14.44],[49.9,14.44],[49.9,14.44],[49.9,14.44],[49.9,14.44],[49.9,14.44],[49.9,14.44],[49.89,14.44],[49.89,14.44],[49.89,14.44],[49.89,14.44],[49.89,14.44],[49.89,14.43],[49.89,14.43],[49.89,14.43],[49.89,14.43],[49.89,14.43],[49.88,14.43],[49.88,14.43],[49.88,14.43],[49.88,14.43],[49.88,14.43],[49.88,14.43],[49.88,14.43],[49.88,14.43],[49.88,14.43],[49.88,14.42],[49.87,14.42],[49.87,14.42],[49.87,14.42],[49.87,14.42],[49.87,14.42],[49.87,14.42],[49.87,14.42],[49.87,14.42],[49.87,14.42],[49.86,14.42],[49.86,14.42],[49.86,14.42],[49.86,14.42],[49.86,14.41],[49.86,14.41],[49.86,14.41],[49.86,14.41],[49.86,14.41],[49.85,14.41],[49.85,14.41],[49.85,14.41],[49.85,14.41],[49.85,14.41],[49.85,14.41],[49.85,14.41],[49.85,14.41],[49.85,14.41],[49.84,14.41],[49.84,14.4],[49.84,14.4],[49.84,14.4],[49.84,14.4],[49.84,14.4],[49.84,14.4],[49.84,14.4],[49.84,14.4],[49.83,14.4],[49.83,14.4],[49.83,14.4],[49.83,14.4],[49.83,14.4],[49.83,14.4],[49.83,14.4],[49.83,14.4],[49.82,14.39],[49.82,14.39],[49.82,14.39],[49.82,14.39],[49.82,14.39],[49.82,14.39],[49.82,14.39],[49.82,14.39],[49.81,14.39],[49.81,14.39],[49.81,14.39],[49.81,14.39],[49.81,14.39],[49.81,14.39],[49.81,14.39],[49.81,14.39],[49.8,14.38],[49.8,14.38],[49.8,14.38],[49.8,14.38],[49.8,14.38],[49.8,14.38],[49.8,14.38],[49.8,14.38],[49.79,14.38],[49.79,14.38],[49.79,14.38],[49.79,14.38],[49.79,14.38],[49.79,14.38],[49.79,14.38],[49.78,14.38],[49.78,14.38],[49.78,14.38],[49.78,14.37],[49.78,14.37],[49.78,14.37],[49.78,14.37],[49.77,14.37],[49.77,14.37],[49.77,14.37],[49.77,14.37],[49.77,14.37],[49.77,14.37],[49.77,14.37],[49.77,14.37],[49.76,14.37],[49.76,14.37],[49.76,14.37],[49.76,14.37],[49.76,14.37],[49.76,14.37],[49.76,14.37],[49.75,14.36],[49.75,14.36],[49.75,14.36],[49.75,14.36],[49.75,14.36],[49.75,14.36],[49.75,14.36],[49.74,14.36],[49.74,14.36],[49.74,14.36],[49.74,14.36],[49.74,14.36],[49.74,14.36],[49.74,14.36],[49.73,14.36],[49.73,14.36],[49.73,14.36],[49.73,14.36],[49.73,14.36],[49.73,14.36],[49.73,14.36],[49.72,14.35],[49.72,14.35],[49.72,14.35],[49.72,14.35],[49.72,14.35],[49.72,14.35],[49.72,14.35],[49.71,14.35],[49.71,14.35],[49.71,14.35],[49.71,14.35],[49.71,14.35],[49.71,14.35],[49.7,14.35],[49.7,14.35],[49.7,14.35],[49.7,14.35],[49.7,14.35],[49.7,14.35],[49.7,14.35],[49.69,14.35],[49.69,14.35],[49.69,14.35],[49.69,14.35],[49.69,14.34],[49.69,14.34],[49.68,14.34],[49.68,14.34],[49.68,14.34],[49.68,14.34],[49.68,14.34],[49.68,14.34],[49.68,14.34],[49.67,14.34],[49.67,14.34],[49.67,14.34],[49.67,14.34],[49.67,14.34],[49.67,14.34],[49.66,14.34],[49.66,14.34],[49.66,14.34],[49.66,14.34],[49.66,14.34],[49.66,14.34],[49.66,14.34],[49.65,14.34],[49.65,14.34],[49.65,14.34],[49.65,14.34],[49.65,14.34],[49.65,14.34],[49.64,14.34],[49.64,14.33],[49.64,14.33],[49.64,14.33],[49.64,14.33],[49.64,14.33],[49.63,14.33],[49.63,14.33],[49.63,14.33],[49.63,14.33],[49.63,14.33],[49.63,14.33],[49.63,14.33],[49.63,14.33],[49.63,14.33],[49.63,14.33],[49.62,14.33],[49.62,14.33],[49.62,14.33],[49.62,14.33],[49.62,14.33],[49.62,14.33],[49.62,14.33],[49.62,14.33],[49.62,14.33],[49.62,14.33],[49.62,14.33],[49.62,14.33],[49.62,14.33],[49.61,14.33],[49.61,14.33],[49.61,14.33],[49.61,14.33],[49.61,14.33],[49.61,14.33],[49.61,14.33],[49.61,14.33],[49.61,14.33],[49.61,14.33],[49.61,14.33],[49.61,14.33],[49.6,14.33],[49.6,14.33],[49.6,14.33],[49.6,14.33],[49.6,14.33],[49.6,14.33],[49.6,14.33],[49.6,14.33],[49.6,14.33],[49.6,14.33],[49.6,14.33],[49.6,14.33],[49.59,14.33],[49.59,14.33],[49.59,14.33],[49.59,14.33],[49.59,14.33],[49.59,14.33],[49.58,14.33],[49.58,14.33],[49.58,14.33],[49.57,14.33],[49.57,14.33],[49.57,14.33],[49.57,14.33],[49.57,14.33],[49.56,14.33],[49.56,14.33],[49.56,14.33],[49.56,14.33],[49.56,14.33],[49.56,14.33],[49.56,14.33],[49.56,14.33],[49.55,14.33],[49.55,14.33],[49.55,14.33],[49.55,14.33],[49.55,14.33],[49.55,14.33],[49.55,14.33],[49.55,14.33],[49.55,14.33],[49.54,14.33],[49.54,14.33],[49.54,14.33],[49.54,14.33],[49.54,14.33],[49.54,14.33],[49.54,14.33],[49.54,14.33],[49.54,14.33],[49.54,14.33],[49.54,14.33],[49.54,14.33],[49.54,14.33],[49.53,14.33],[49.53,14.33],[49.53,14.33],[49.53,14.33],[49.53,14.33],[49.53,14.33],[49.53,14.33],[49.53,14.33],[49.53,14.33],[49.53,14.33],[49.53,14.33],[49.53,14.33],[49.53,14.33],[49.53,14.33],[49.53,14.33],[49.53,14.33],[49.53,14.33],[49.53,14.33],[49.52,14.33],[49.52,14.33],[49.52,14.33],[49.52,14.33],[49.52,14.33],[49.52,14.33],[49.52,14.33],[49.52,14.33],[49.52,14.33],[49.52,14.33],[49.52,14.33],[49.52,14.33],[49.52,14.33],[49.52,14.33],[49.52,14.33],[49.52,14.33],[49.52,14.33],[49.52,14.33],[49.52,14.33],[49.52,14.33],[49.51,14.33],[49.51,14.33],[49.51,14.33],[49.51,14.33],[49.51,14.32],[49.51,14.32],[49.51,14.32],[49.51,14.32],[49.51,14.32],[49.51,14.32],[49.51,14.32],[49.51,14.32],[49.51,14.32],[49.51,14.32],[49.51,14.32],[49.51,14.32],[49.51,14.32],[49.51,14.32],[49.51,14.32],[49.51,14.32],[49.5,14.32],[49.5,14.32],[49.5,14.32],[49.5,14.32],[49.5,14.32],[49.5,14.32],[49.5,14.32],[49.5,14.32],[49.5,14.32],[49.5,14.32],[49.5,14.32],[49.5,14.32],[49.5,14.32],[49.5,14.32],[49.5,14.32],[49.5,14.32],[49.49,14.32],[49.49,14.32],[49.49,14.32],[49.49,14.32],[49.49,14.32],[49.49,14.32],[49.49,14.32],[49.49,14.32],[49.49,14.31],[49.49,14.31],[49.49,14.31],[49.49,14.31],[49.49,14.31],[49.49,14.31],[49.48,14.31],[49.48,14.31],[49.48,14.31],[49.48,14.31],[49.48,14.31],[49.48,14.31],[49.48,14.31],[49.48,14.31],[49.48,14.31],[49.48,14.31],[49.48,14.31],[49.48,14.31],[49.48,14.31],[49.48,14.31],[49.48,14.31],[49.47,14.31],[49.47,14.3],[49.47,14.3],[49.47,14.3],[49.47,14.3],[49.47,14.3],[49.47,14.3],[49.47,14.3],[49.46,14.3],[49.46,14.29],[49.46,14.29],[49.46,14.29],[49.46,14.29],[49.45,14.29],[49.45,14.29],[49.45,14.29],[49.45,14.29],[49.45,14.29],[49.45,14.29],[49.45,14.29],[49.45,14.29],[49.45,14.29],[49.45,14.28],[49.45,14.28],[49.44,14.28],[49.44,14.28],[49.44,14.28],[49.44,14.28],[49.44,14.28],[49.44,14.28],[49.44,14.28],[49.44,14.28],[49.44,14.28],[49.44,14.28],[49.44,14.28],[49.44,14.28],[49.44,14.28],[49.44,14.28],[49.44,14.28],[49.44,14.28],[49.44,14.28],[49.44,14.28],[49.44,14.28],[49.43,14.28],[49.43,14.28],[49.43,14.28],[49.43,14.28],[49.43,14.28],[49.43,14.28],[49.43,14.28],[49.43,14.28],[49.43,14.28],[49.43,14.28],[49.43,14.28],[49.43,14.28],[49.43,14.27],[49.43,14.27],[49.43,14.27],[49.43,14.27],[49.43,14.27],[49.43,14.27],[49.43,14.27],[49.42,14.27],[49.42,14.27],[49.42,14.27],[49.42,14.27],[49.42,14.27],[49.42,14.27],[49.42,14.27],[49.42,14.27],[49.42,14.27],[49.42,14.27],[49.42,14.27],[49.42,14.27],[49.42,14.27],[49.42,14.27],[49.42,14.27],[49.42,14.27],[49.42,14.27],[49.41,14.27],[49.41,14.27],[49.41,14.27],[49.41,14.27],[49.41,14.27],[49.41,14.27],[49.41,14.27],[49.41,14.27],[49.41,14.27],[49.41,14.27],[49.41,14.27],[49.41,14.27],[49.41,14.27],[49.41,14.27],[49.41,14.27],[49.41,14.26],[49.4,14.26],[49.4,14.26],[49.4,14.26],[49.4,14.26],[49.4,14.26],[49.4,14.26],[49.4,14.26],[49.4,14.26],[49.4,14.26],[49.4,14.26],[49.4,14.26],[49.4,14.26],[49.4,14.26],[49.4,14.26],[49.4,14.26],[49.4,14.26],[49.39,14.26],[49.39,14.26],[49.39,14.26],[49.39,14.26],[49.39,14.26],[49.39,14.26],[49.39,14.26],[49.39,14.26],[49.39,14.26],[49.39,14.26],[49.39,14.26],[49.39,14.26],[49.39,14.26],[49.39,14.26],[49.39,14.26],[49.38,14.26],[49.38,14.26],[49.38,14.26],[49.38,14.26],[49.38,14.26],[49.38,14.26],[49.38,14.26],[49.38,14.26],[49.38,14.26],[49.38,14.26],[49.38,14.26],[49.38,14.26],[49.38,14.26],[49.38,14.26],[49.37,14.26],[49.37,14.26],[49.37,14.26],[49.37,14.26],[49.37,14.26],[49.37,14.26],[49.37,14.26],[49.37,14.26],[49.37,14.26],[49.37,14.26],[49.37,14.26],[49.37,14.26],[49.37,14.25],[49.37,14.25],[49.36,14.25],[49.36,14.25],[49.36,14.25],[49.36,14.25],[49.36,14.25],[49.36,14.25],[49.36,14.25],[49.36,14.25],[49.36,14.25],[49.36,14.25],[49.36,14.25],[49.36,14.25],[49.36,14.25],[49.36,14.25],[49.35,14.25],[49.35,14.25],[49.35,14.25],[49.35,14.25],[49.35,14.25],[49.35,14.25],[49.35,14.25],[49.35,14.25],[49.35,14.25],[49.34,14.25],[49.34,14.25],[49.34,14.25],[49.34,14.25],[49.34,14.25],[49.34,14.25],[49.34,14.25],[49.33,14.25],[49.33,14.25],[49.33,14.25],[49.33,14.25],[49.33,14.25],[49.33,14.25],[49.32,14.25],[49.32,14.25],[49.32,14.25],[49.32,14.25],[49.32,14.25],[49.32,14.25],[49.31,14.25],[49.31,14.25],[49.31,14.25],[49.31,14.25],[49.31,14.25],[49.31,14.25],[49.3,14.25],[49.3,14.25],[49.3,14.25],[49.3,14.25],[49.3,14.25],[49.3,14.25],[49.29,14.25],[49.29,14.25],[49.29,14.25],[49.29,14.25],[49.29,14.25],[49.29,14.25],[49.28,14.25],[49.28,14.25],[49.28,14.25],[49.28,14.25],[49.28,14.25],[49.27,14.25],[49.27,14.25],[49.27,14.25],[49.27,14.25],[49.27,14.25],[49.26,14.25],[49.26,14.25],[49.26,14.25],[49.26,14.25],[49.26,14.25],[49.26,14.25],[49.25,14.25],[49.25,14.25],[49.25,14.25],[49.25,14.25],[49.24,14.25],[49.24,14.25],[49.23,14.25],[49.22,14.25],[49.22,14.25],[49.22,14.25],[49.21,14.25],[49.21,14.25],[49.21,14.25],[49.21,14.25],[49.2,14.25],[49.2,14.25],[49.2,14.25],[49.19,14.25],[49.19,14.25],[49.19,14.25],[49.19,14.25],[49.18,14.25],[49.18,14.25],[49.18,14.25],[49.18,14.25],[49.18,14.25],[49.18,14.25],[49.18,14.25],[49.17,14.25],[49.17,14.25],[49.17,14.25],[49.17,14.25],[49.17,14.25],[49.17,14.25],[49.16,14.25],[49.16,14.25],[49.16,14.25],[49.16,14.25],[49.16,14.25],[49.16,14.25],[49.16,14.25],[49.15,14.25],[49.15,14.25],[49.15,14.25],[49.15,14.25],[49.15,14.25],[49.15,14.25],[49.15,14.25],[49.15,14.25],[49.14,14.25],[49.14,14.25],[49.14,14.25],[49.14,14.25],[49.14,14.25],[49.14,14.25],[49.14,14.25],[49.13,14.25],[49.13,14.25],[49.13,14.25],[49.13,14.25],[49.13,14.25],[49.13,14.25],[49.13,14.25],[49.12,14.25],[49.12,14.25],[49.12,14.25],[49.12,14.25],[49.12,14.25],[49.12,14.25],[49.11,14.25],[49.11,14.25],[49.11,14.25],[49.11,14.25],[49.11,14.25],[49.11,14.25],[49.11,14.25],[49.1,14.25],[49.1,14.25],[49.1,14.25],[49.1,14.25],[49.1,14.25],[49.1,14.25],[49.1,14.25],[49.09,14.25],[49.09,14.25],[49.09,14.25],[49.09,14.25],[49.09,14.25],[49.09,14.25],[49.09,14.25],[49.09,14.25],[49.08,14.25],[49.08,14.25],[49.08,14.25],[49.08,14.25],[49.08,14.25],[49.08,14.25],[49.08,14.25],[49.07,14.25],[49.07,14.24],[49.07,14.24],[49.07,14.24],[49.07,14.24],[49.07,14.24],[49.07,14.24],[49.07,14.24],[49.07,14.24],[49.07,14.24],[49.07,14.24],[49.07,14.24],[49.07,14.24],[49.06,14.24],[49.06,14.24],[49.06,14.24],[49.06,14.24],[49.06,14.24],[49.06,14.24],[49.06,14.24],[49.06,14.24],[49.06,14.24],[49.06,14.24],[49.06,14.24],[49.06,14.24],[49.06,14.24],[49.06,14.24],[49.06,14.24],[49.06,14.24],[49.06,14.24],[49.05,14.24],[49.05,14.24],[49.05,14.24],[49.05,14.24],[49.05,14.24],[49.05,14.24],[49.05,14.24],[49.05,14.24],[49.05,14.24],[49.05,14.24],[49.05,14.24],[49.05,14.24],[49.05,14.24],[49.04,14.23],[49.04,14.23],[49.04,14.23],[49.04,14.23],[49.04,14.23],[49.04,14.23],[49.04,14.23],[49.03,14.23],[49.03,14.23],[49.03,14.23],[49.03,14.23],[49.03,14.23],[49.03,14.23],[49.03,14.23],[49.02,14.23],[49.02,14.23],[49.02,14.23],[49.02,14.22],[49.02,14.22],[49.02,14.22],[49.02,14.22],[49.01,14.22],[49.01,14.22],[49.01,14.22],[49.01,14.22],[49.01,14.22],[49.01,14.22],[49.01,14.22],[49,14.22],[49,14.22],[49,14.22],[49,14.21],[49,14.21],[49,14.21],[48.99,14.21],[48.99,14.21],[48.99,14.21],[48.99,14.21],[48.99,14.21],[48.99,14.21],[48.99,14.21],[48.98,14.21],[48.98,14.21],[48.98,14.21],[48.98,14.2],[48.98,14.2],[48.98,14.2],[48.98,14.2],[48.97,14.2],[48.97,14.2],[48.97,14.2],[48.97,14.2],[48.97,14.2],[48.97,14.2],[48.96,14.2],[48.96,14.2],[48.96,14.19],[48.96,14.19],[48.96,14.19],[48.96,14.19],[48.96,14.19],[48.95,14.19],[48.95,14.19],[48.95,14.19],[48.95,14.19],[48.95,14.19],[48.95,14.19],[48.94,14.18],[48.94,14.18],[48.94,14.18],[48.94,14.18],[48.94,14.18],[48.94,14.18],[48.94,14.18],[48.93,14.18],[48.93,14.18],[48.93,14.18],[48.93,14.17],[48.93,14.17],[48.93,14.17],[48.92,14.17],[48.92,14.17],[48.92,14.17],[48.92,14.17],[48.92,14.17],[48.92,14.17],[48.91,14.16],[48.91,14.16],[48.91,14.16],[48.91,14.16],[48.91,14.16],[48.91,14.16],[48.9,14.16],[48.9,14.16],[48.9,14.16],[48.9,14.15],[48.9,14.15],[48.89,14.15],[48.89,14.15],[48.89,14.15],[48.89,14.15],[48.89,14.15],[48.89,14.15],[48.88,14.14],[48.88,14.14],[48.88,14.14],[48.88,14.14],[48.88,14.14],[48.87,14.14],[48.87,14.14],[48.87,14.14],[48.87,14.13],[48.87,14.13],[48.86,14.13],[48.86,14.13],[48.86,14.13],[48.86,14.13],[48.86,14.13],[48.85,14.12],[48.85,14.12],[48.85,14.12],[48.85,14.12],[48.84,14.12],[48.84,14.12],[48.84,14.11],[48.84,14.11],[48.84,14.11],[48.84,14.11],[48.84,14.11],[48.84,14.11],[48.84,14.11],[48.83,14.11],[48.83,14.11],[48.83,14.11],[48.83,14.11],[48.83,14.11],[48.83,14.11],[48.83,14.11],[48.83,14.11],[48.83,14.11],[48.83,14.1],[48.83,14.1],[48.83,14.1],[48.83,14.1],[48.82,14.1],[48.82,14.1],[48.82,14.1],[48.82,14.1],[48.82,14.1],[48.82,14.1],[48.82,14.1],[48.82,14.1],[48.82,14.1],[48.82,14.1],[48.82,14.1],[48.82,14.1],[48.82,14.09],[48.82,14.09],[48.81,14.09],[48.81,14.09],[48.81,14.09],[48.81,14.09],[48.81,14.09],[48.81,14.09],[48.81,14.09],[48.81,14.09],[48.81,14.09],[48.81,14.09],[48.81,14.09],[48.81,14.09],[48.8,14.08],[48.8,14.08],[48.8,14.08],[48.8,14.08],[48.8,14.08],[48.8,14.08],[48.8,14.08],[48.8,14.08],[48.8,14.08],[48.8,14.08],[48.8,14.08],[48.8,14.08],[48.8,14.08],[48.79,14.07],[48.79,14.07],[48.79,14.07],[48.79,14.07],[48.79,14.07],[48.79,14.07],[48.79,14.07],[48.79,14.07],[48.79,14.07],[48.78,14.06],[48.78,14.06],[48.78,14.06],[48.78,14.06],[48.78,14.06],[48.78,14.06],[48.78,14.06],[48.77,14.05],[48.77,14.05],[48.77,14.05],[48.77,14.05],[48.77,14.05],[48.77,14.05],[48.77,14.04],[48.76,14.04],[48.76,14.04],[48.76,14.04],[48.76,14.04],[48.76,14.04],[48.76,14.03],[48.75,14.03],[48.75,14.03],[48.75,14.03],[48.75,14.02],[48.74,14.01],[48.74,14.01],[48.73,14.01],[48.73,14.01],[48.73,14],[48.73,14],[48.73,14],[48.72,14],[48.72,13.99],[48.72,13.99],[48.72,13.99],[48.72,13.99],[48.72,13.99],[48.72,13.99],[48.71,13.99],[48.71,13.99],[48.71,13.98],[48.71,13.98],[48.71,13.98],[48.71,13.98],[48.71,13.98],[48.71,13.98],[48.71,13.98],[48.71,13.98],[48.7,13.98],[48.7,13.97],[48.7,13.97],[48.7,13.97],[48.7,13.97],[48.7,13.97],[48.7,13.97],[48.7,13.97],[48.7,13.97],[48.7,13.97],[48.69,13.97],[48.69,13.96],[48.69,13.96],[48.69,13.96],[48.69,13.96],[48.69,13.96],[48.69,13.96],[48.69,13.96],[48.69,13.96],[48.69,13.96],[48.68,13.96],[48.68,13.96],[48.68,13.95],[48.68,13.95],[48.68,13.95],[48.68,13.95],[48.68,13.95],[48.68,13.95],[48.68,13.95],[48.68,13.95],[48.67,13.95],[48.67,13.95],[48.67,13.94],[48.67,13.94],[48.67,13.94],[48.67,13.94],[48.67,13.94],[48.67,13.94],[48.67,13.94],[48.67,13.94],[48.66,13.94],[48.66,13.94],[48.66,13.94],[48.66,13.94],[48.66,13.93],[48.66,13.93],[48.66,13.93],[48.66,13.93],[48.66,13.93],[48.65,13.93],[48.65,13.93],[48.65,13.93],[48.65,13.93],[48.65,13.93],[48.65,13.93],[48.65,13.93],[48.65,13.92],[48.65,13.92],[48.65,13.92],[48.64,13.92],[48.64,13.92],[48.64,13.92],[48.64,13.92],[48.64,13.92],[48.64,13.92],[48.64,13.92],[48.64,13.92],[48.64,13.92],[48.63,13.92],[48.63,13.92],[48.63,13.92],[48.63,13.91],[48.63,13.91],[48.63,13.91],[48.63,13.91],[48.63,13.91],[48.63,13.91],[48.63,13.91],[48.62,13.91],[48.62,13.91],[48.62,13.91],[48.62,13.91],[48.62,13.91],[48.62,13.91],[48.62,13.91],[48.62,13.91],[48.62,13.91],[48.62,13.91],[48.61,13.91],[48.61,13.9],[48.61,13.9],[48.61,13.9],[48.61,13.9],[48.61,13.9],[48.61,13.9],[48.61,13.9],[48.61,13.9],[48.61,13.9],[48.61,13.9],[48.61,13.9],[48.61,13.9],[48.6,13.9],[48.6,13.9],[48.6,13.9],[48.6,13.9],[48.6,13.9],[48.6,13.9],[48.6,13.9],[48.6,13.9],[48.6,13.9],[48.6,13.9],[48.6,13.9],[48.6,13.9],[48.6,13.9],[48.6,13.9],[48.6,13.9],[48.59,13.9],[48.59,13.9],[48.59,13.9],[48.59,13.9],[48.59,13.9],[48.59,13.9],[48.59,13.9],[48.59,13.9],[48.59,13.9],[48.59,13.9],[48.59,13.9],[48.59,13.9],[48.59,13.9],[48.59,13.9],[48.59,13.89],[48.58,13.89],[48.58,13.89],[48.58,13.89],[48.58,13.89],[48.58,13.89],[48.58,13.89],[48.58,13.89],[48.58,13.89],[48.58,13.89],[48.58,13.89],[48.58,13.89],[48.58,13.89],[48.58,13.89],[48.57,13.89],[48.57,13.89],[48.57,13.89],[48.57,13.89],[48.57,13.89],[48.57,13.89],[48.57,13.89],[48.57,13.89],[48.57,13.89],[48.57,13.89],[48.57,13.89],[48.57,13.89],[48.57,13.89],[48.57,13.89],[48.56,13.89],[48.56,13.89],[48.56,13.89],[48.56,13.89],[48.56,13.89],[48.56,13.89],[48.56,13.89],[48.56,13.89],[48.56,13.89],[48.56,13.89],[48.56,13.89],[48.56,13.89],[48.55,13.89],[48.55,13.89],[48.55,13.89],[48.55,13.89],[48.55,13.89],[48.55,13.89],[48.55,13.89],[48.55,13.89],[48.55,13.89],[48.55,13.89],[48.55,13.89],[48.55,13.89],[48.55,13.89],[48.54,13.89],[48.54,13.89],[48.54,13.89],[48.54,13.89],[48.54,13.89],[48.54,13.89],[48.54,13.89],[48.54,13.89],[48.54,13.89],[48.54,13.89],[48.54,13.89],[48.54,13.89],[48.53,13.89],[48.53,13.89],[48.53,13.89],[48.53,13.89],[48.53,13.89],[48.53,13.89],[48.53,13.89],[48.53,13.89],[48.53,13.89],[48.53,13.89],[48.53,13.89],[48.52,13.89],[48.52,13.89],[48.52,13.89],[48.52,13.89],[48.52,13.89],[48.52,13.89],[48.52,13.89],[48.52,13.89],[48.52,13.89],[48.52,13.89],[48.52,13.89],[48.52,13.89],[48.51,13.89],[48.51,13.89],[48.51,13.89],[48.51,13.89],[48.51,13.89],[48.51,13.89],[48.51,13.89],[48.51,13.89],[48.51,13.89],[48.51,13.89],[48.51,13.89],[48.51,13.89],[48.5,13.89],[48.5,13.89],[48.5,13.89],[48.5,13.89],[48.5,13.89],[48.49,13.89],[48.49,13.89],[48.49,13.89],[48.49,13.89],[48.49,13.89],[48.49,13.89],[48.48,13.89],[48.48,13.89],[48.48,13.89],[48.48,13.89],[48.48,13.89],[48.47,13.89],[48.47,13.89],[48.47,13.89],[48.47,13.89],[48.47,13.89],[48.47,13.89],[48.46,13.89],[48.46,13.89],[48.46,13.89],[48.46,13.89],[48.45,13.9],[48.45,13.9],[48.45,13.9],[48.45,13.9],[48.45,13.9],[48.45,13.9],[48.44,13.9],[48.44,13.9],[48.44,13.9],[48.44,13.9],[48.44,13.9],[48.43,13.9],[48.43,13.9],[48.43,13.9],[48.43,13.9],[48.43,13.9],[48.42,13.9],[48.42,13.9],[48.42,13.9],[48.42,13.9],[48.41,13.9],[48.41,13.9],[48.41,13.9],[48.41,13.9],[48.41,13.9],[48.4,13.91],[48.4,13.91],[48.39,13.91],[48.38,13.91],[48.38,13.91],[48.37,13.91],[48.37,13.91],[48.37,13.91],[48.36,13.91],[48.36,13.91],[48.36,13.91],[48.35,13.92],[48.35,13.92],[48.35,13.92],[48.35,13.92],[48.35,13.92],[48.34,13.92],[48.34,13.92],[48.34,13.92],[48.34,13.92],[48.34,13.92],[48.34,13.92],[48.33,13.92],[48.33,13.92],[48.33,13.92],[48.33,13.92],[48.33,13.92],[48.33,13.92],[48.32,13.92],[48.32,13.92],[48.32,13.92],[48.32,13.92],[48.32,13.92],[48.32,13.92],[48.31,13.92],[48.31,13.92],[48.31,13.92],[48.31,13.92],[48.31,13.92],[48.31,13.92],[48.3,13.92],[48.3,13.92],[48.3,13.92],[48.3,13.92],[48.3,13.92],[48.3,13.92],[48.29,13.92],[48.29,13.93],[48.29,13.93],[48.29,13.93],[48.29,13.93],[48.29,13.93],[48.29,13.93],[48.28,13.93],[48.28,13.93],[48.28,13.93],[48.28,13.93],[48.28,13.93],[48.28,13.93],[48.27,13.93],[48.27,13.93],[48.27,13.93],[48.27,13.93],[48.27,13.93],[48.27,13.93],[48.26,13.93],[48.26,13.93],[48.26,13.93],[48.26,13.93],[48.26,13.93],[48.26,13.93],[48.25,13.93],[48.25,13.93],[48.25,13.93],[48.25,13.93],[48.25,13.93],[48.25,13.93],[48.25,13.93],[48.24,13.93],[48.24,13.93],[48.24,13.93],[48.24,13.93],[48.24,13.93],[48.24,13.93],[48.24,13.93],[48.24,13.93],[48.24,13.93],[48.24,13.93],[48.24,13.93],[48.24,13.93],[48.24,13.93],[48.23,13.93],[48.23,13.93],[48.23,13.93],[48.23,13.93],[48.23,13.93],[48.23,13.93],[48.23,13.93],[48.23,13.93],[48.23,13.93],[48.23,13.93],[48.23,13.93],[48.23,13.93],[48.23,13.93],[48.22,13.93],[48.22,13.93],[48.22,13.93],[48.22,13.93],[48.22,13.93],[48.22,13.93],[48.22,13.93],[48.22,13.93],[48.22,13.93],[48.22,13.93],[48.22,13.93],[48.22,13.93],[48.22,13.93],[48.22,13.93],[48.21,13.93],[48.21,13.93],[48.21,13.93],[48.21,13.93],[48.21,13.93],[48.21,13.93],[48.21,13.93],[48.21,13.93],[48.21,13.93],[48.21,13.93],[48.21,13.93],[48.21,13.93],[48.21,13.93],[48.21,13.93],[48.2,13.93],[48.2,13.93],[48.2,13.93],[48.2,13.93],[48.2,13.93],[48.2,13.93],[48.2,13.93],[48.2,13.93],[48.2,13.93],[48.2,13.93],[48.2,13.93],[48.2,13.93],[48.2,13.93],[48.2,13.93],[48.19,13.93],[48.19,13.93],[48.19,13.93],[48.19,13.93],[48.19,13.92],[48.19,13.92],[48.19,13.92],[48.19,13.92],[48.19,13.92],[48.19,13.92],[48.19,13.92],[48.19,13.92],[48.19,13.92],[48.19,13.92],[48.19,13.92],[48.18,13.92],[48.18,13.92],[48.18,13.92],[48.18,13.92],[48.18,13.92],[48.18,13.92],[48.18,13.92],[48.18,13.92],[48.18,13.92],[48.18,13.92],[48.17,13.92],[48.17,13.92],[48.17,13.92],[48.17,13.92],[48.17,13.92],[48.17,13.92],[48.17,13.92],[48.17,13.92],[48.17,13.92],[48.16,13.92],[48.16,13.92],[48.16,13.92],[48.16,13.92],[48.16,13.92],[48.16,13.92],[48.16,13.92],[48.16,13.92],[48.16,13.92],[48.15,13.91],[48.15,13.91],[48.15,13.91],[48.15,13.91],[48.15,13.91],[48.15,13.91],[48.15,13.91],[48.15,13.91],[48.15,13.91],[48.14,13.91],[48.14,13.91],[48.14,13.91],[48.14,13.91],[48.14,13.91],[48.14,13.91],[48.14,13.91],[48.14,13.91],[48.14,13.91],[48.13,13.91],[48.13,13.91],[48.13,13.91],[48.13,13.91],[48.13,13.9],[48.13,13.9],[48.12,13.9],[48.12,13.9],[48.12,13.9],[48.12,13.9],[48.11,13.9],[48.11,13.89],[48.1,13.89],[48.1,13.89],[48.1,13.89],[48.1,13.89],[48.1,13.89],[48.09,13.89],[48.09,13.89],[48.09,13.89],[48.09,13.89],[48.09,13.89],[48.09,13.89],[48.09,13.89],[48.08,13.88],[48.08,13.88],[48.08,13.88],[48.08,13.88],[48.08,13.88],[48.08,13.88],[48.07,13.88],[48.07,13.88],[48.07,13.88],[48.07,13.88],[48.07,13.88],[48.07,13.88],[48.07,13.88],[48.07,13.88],[48.07,13.88],[48.07,13.88],[48.07,13.88],[48.06,13.88],[48.06,13.88],[48.06,13.88],[48.06,13.88],[48.06,13.88],[48.06,13.88],[48.06,13.88],[48.06,13.88],[48.06,13.88],[48.06,13.88],[48.06,13.88],[48.06,13.87],[48.06,13.87],[48.06,13.87],[48.05,13.87],[48.05,13.87],[48.05,13.87],[48.05,13.87],[48.05,13.87],[48.05,13.87],[48.05,13.87],[48.05,13.87],[48.05,13.87],[48.05,13.87],[48.05,13.87],[48.05,13.87],[48.05,13.87],[48.04,13.87],[48.04,13.87],[48.04,13.87],[48.04,13.87],[48.04,13.87],[48.04,13.87],[48.04,13.87],[48.04,13.87],[48.04,13.87],[48.04,13.87],[48.04,13.87],[48.04,13.87],[48.04,13.87],[48.03,13.87],[48.03,13.87],[48.03,13.87],[48.03,13.87],[48.03,13.87],[48.03,13.87],[48.03,13.87],[48.03,13.87],[48.03,13.87],[48.03,13.87],[48.03,13.87],[48.03,13.87],[48.03,13.87],[48.03,13.87],[48.02,13.87],[48.02,13.87],[48.02,13.87],[48.02,13.87],[48.02,13.87],[48.02,13.87],[48.02,13.87],[48.02,13.87],[48.02,13.87],[48.02,13.87],[48.02,13.87],[48.02,13.87],[48.02,13.87],[48.02,13.87],[48.01,13.87],[48.01,13.87],[48.01,13.87],[48.01,13.87],[48.01,13.87],[48.01,13.87],[48.01,13.87],[48.01,13.87],[48.01,13.87],[48.01,13.87],[48.01,13.87],[48.01,13.87],[48,13.87],[48,13.87],[48,13.87],[48,13.87],[48,13.87],[48,13.87],[48,13.87],[48,13.87],[48,13.87],[48,13.87],[48,13.87],[47.99,13.87],[47.99,13.87],[47.99,13.87],[47.99,13.87],[47.99,13.87],[47.99,13.87],[47.99,13.87],[47.99,13.87],[47.99,13.87],[47.99,13.87],[47.99,13.87],[47.98,13.87],[47.98,13.87],[47.98,13.87],[47.98,13.87],[47.98,13.87],[47.98,13.87],[47.98,13.87],[47.98,13.87],[47.98,13.87],[47.98,13.87],[47.97,13.87],[47.97,13.87],[47.97,13.87],[47.97,13.87],[47.97,13.87],[47.97,13.87],[47.97,13.87],[47.97,13.87],[47.97,13.87],[47.97,13.87],[47.96,13.87],[47.96,13.87],[47.96,13.87],[47.96,13.87],[47.96,13.87],[47.95,13.88],[47.95,13.88],[47.94,13.88],[47.94,13.88],[47.94,13.88],[47.94,13.88],[47.94,13.88],[47.94,13.88],[47.94,13.88],[47.94,13.88],[47.93,13.88],[47.93,13.88],[47.93,13.88],[47.93,13.88],[47.93,13.88],[47.93,13.88],[47.93,13.88],[47.93,13.88],[47.93,13.88],[47.92,13.88],[47.92,13.88],[47.92,13.88],[47.92,13.88],[47.92,13.88],[47.92,13.88],[47.92,13.88],[47.92,13.88],[47.92,13.88],[47.92,13.88],[47.91,13.88],[47.91,13.88],[47.91,13.88],[47.91,13.88],[47.91,13.88],[47.91,13.88],[47.91,13.88],[47.91,13.88],[47.91,13.88],[47.91,13.88],[47.91,13.88],[47.9,13.88],[47.9,13.88],[47.9,13.88],[47.9,13.89],[47.9,13.89],[47.9,13.89],[47.9,13.89],[47.9,13.89],[47.9,13.89],[47.9,13.89],[47.9,13.89],[47.9,13.89],[47.89,13.89],[47.89,13.89],[47.89,13.89],[47.89,13.89],[47.89,13.89],[47.89,13.89],[47.89,13.89],[47.89,13.89],[47.89,13.88],[47.89,13.88],[47.89,13.88],[47.89,13.88],[47.89,13.88],[47.88,13.88],[47.88,13.88],[47.88,13.88],[47.88,13.88],[47.88,13.88],[47.88,13.88],[47.88,13.88],[47.88,13.88],[47.88,13.88],[47.88,13.88],[47.88,13.88],[47.88,13.88],[47.88,13.88],[47.88,13.88],[47.88,13.88],[47.88,13.88],[47.87,13.88],[47.87,13.88],[47.87,13.88],[47.87,13.88],[47.87,13.88],[47.87,13.88],[47.87,13.88],[47.87,13.88],[47.87,13.88],[47.87,13.88],[47.87,13.88],[47.87,13.88],[47.87,13.88],[47.87,13.88],[47.87,13.88],[47.86,13.88],[47.86,13.88],[47.86,13.88],[47.86,13.88],[47.86,13.88],[47.86,13.88],[47.86,13.88],[47.86,13.88],[47.86,13.88],[47.86,13.88],[47.86,13.88],[47.86,13.88],[47.86,13.88],[47.86,13.88],[47.85,13.88],[47.85,13.88],[47.85,13.88],[47.85,13.88],[47.85,13.88],[47.85,13.88],[47.85,13.88],[47.85,13.88],[47.85,13.88],[47.85,13.88],[47.85,13.88],[47.85,13.88],[47.85,13.88],[47.85,13.88],[47.84,13.88],[47.84,13.88],[47.84,13.88],[47.84,13.88],[47.84,13.88],[47.84,13.88],[47.84,13.87],[47.83,13.87],[47.83,13.87],[47.83,13.87],[47.83,13.87],[47.83,13.87],[47.83,13.87],[47.82,13.87],[47.82,13.87],[47.82,13.87],[47.82,13.87],[47.82,13.87],[47.82,13.87],[47.81,13.87],[47.81,13.87],[47.81,13.87],[47.81,13.87],[47.81,13.87],[47.81,13.86],[47.8,13.86],[47.8,13.86],[47.8,13.86],[47.8,13.86],[47.79,13.86],[47.79,13.86],[47.78,13.86],[47.78,13.86],[47.78,13.86],[47.78,13.86],[47.78,13.86],[47.78,13.86],[47.78,13.85],[47.78,13.85],[47.78,13.85],[47.78,13.85],[47.78,13.85],[47.78,13.85],[47.77,13.85],[47.77,13.85],[47.77,13.85],[47.77,13.85],[47.77,13.85],[47.77,13.85],[47.77,13.85],[47.77,13.85],[47.77,13.85],[47.77,13.85],[47.77,13.85],[47.77,13.85],[47.77,13.85],[47.77,13.85],[47.76,13.85],[47.76,13.85],[47.76,13.85],[47.76,13.85],[47.76,13.85],[47.76,13.85],[47.76,13.85],[47.76,13.85],[47.76,13.85],[47.76,13.85],[47.76,13.85],[47.76,13.84],[47.76,13.84],[47.75,13.84],[47.75,13.84],[47.75,13.84],[47.75,13.84],[47.75,13.84],[47.75,13.84],[47.75,13.84],[47.75,13.84],[47.75,13.84],[47.75,13.84],[47.75,13.84],[47.75,13.84],[47.75,13.84],[47.75,13.84],[47.74,13.84],[47.74,13.84],[47.74,13.84],[47.74,13.84],[47.74,13.84],[47.74,13.84],[47.74,13.84],[47.74,13.84],[47.74,13.83],[47.74,13.83],[47.74,13.83],[47.74,13.83],[47.74,13.83],[47.74,13.83],[47.73,13.83],[47.73,13.83],[47.73,13.83],[47.73,13.83],[47.73,13.83],[47.73,13.83],[47.73,13.83],[47.73,13.83],[47.73,13.83],[47.73,13.83],[47.73,13.83],[47.73,13.83],[47.73,13.83],[47.73,13.83],[47.72,13.83],[47.72,13.82],[47.72,13.82],[47.72,13.82],[47.72,13.82],[47.72,13.82],[47.72,13.82],[47.72,13.82],[47.72,13.82],[47.72,13.82],[47.72,13.82],[47.72,13.82],[47.72,13.82],[47.72,13.82],[47.71,13.82],[47.71,13.82],[47.71,13.82],[47.71,13.82],[47.71,13.82],[47.71,13.81],[47.71,13.81],[47.71,13.81],[47.71,13.81],[47.71,13.81],[47.71,13.81],[47.71,13.81],[47.71,13.81],[47.71,13.81],[47.7,13.81],[47.7,13.81],[47.7,13.81],[47.7,13.81],[47.7,13.81],[47.7,13.81],[47.7,13.81],[47.7,13.81],[47.7,13.8],[47.7,13.8],[47.7,13.8],[47.7,13.8],[47.7,13.8],[47.7,13.8],[47.7,13.8],[47.69,13.8],[47.69,13.8],[47.69,13.8],[47.69,13.8],[47.69,13.8],[47.69,13.8],[47.69,13.8],[47.69,13.8],[47.69,13.8],[47.69,13.79],[47.69,13.79],[47.69,13.79],[47.69,13.79],[47.68,13.79],[47.68,13.79],[47.68,13.79],[47.68,13.79],[47.68,13.79],[47.68,13.79],[47.68,13.79],[47.68,13.79],[47.68,13.79],[47.68,13.79],[47.68,13.78],[47.68,13.78],[47.68,13.78],[47.68,13.78],[47.67,13.78],[47.67,13.78],[47.67,13.78],[47.67,13.78],[47.67,13.78],[47.67,13.78],[47.67,13.78],[47.67,13.78],[47.67,13.78],[47.67,13.77],[47.67,13.77],[47.67,13.77],[47.67,13.77],[47.66,13.77],[47.66,13.77],[47.66,13.77],[47.66,13.77],[47.66,13.77],[47.66,13.77],[47.66,13.77],[47.66,13.77],[47.66,13.76],[47.66,13.76],[47.66,13.76],[47.66,13.76],[47.66,13.76],[47.65,13.76],[47.65,13.76],[47.65,13.76],[47.65,13.76],[47.65,13.76],[47.65,13.76],[47.65,13.75],[47.65,13.75],[47.65,13.75],[47.65,13.75],[47.65,13.75],[47.65,13.75],[47.65,13.75],[47.64,13.75],[47.64,13.75],[47.64,13.75],[47.64,13.74],[47.64,13.74],[47.64,13.74],[47.64,13.74],[47.64,13.74],[47.63,13.74],[47.63,13.73],[47.63,13.73],[47.63,13.73],[47.63,13.73],[47.63,13.73],[47.62,13.72],[47.62,13.72],[47.62,13.72],[47.62,13.72],[47.62,13.71],[47.62,13.71],[47.61,13.71],[47.61,13.71],[47.61,13.71],[47.61,13.7],[47.61,13.7],[47.61,13.7],[47.6,13.7],[47.6,13.7],[47.6,13.69],[47.6,13.69],[47.6,13.69],[47.59,13.68],[47.58,13.67],[47.58,13.67],[47.58,13.66],[47.58,13.66],[47.57,13.66],[47.57,13.65],[47.57,13.65],[47.57,13.65],[47.57,13.65],[47.56,13.64],[47.56,13.64],[47.56,13.64],[47.56,13.64],[47.56,13.64],[47.56,13.64],[47.56,13.63],[47.55,13.63],[47.55,13.63],[47.55,13.63],[47.55,13.63],[47.55,13.63],[47.55,13.62],[47.55,13.62],[47.55,13.62],[47.54,13.62],[47.54,13.62],[47.54,13.62],[47.54,13.61],[47.54,13.61],[47.54,13.61],[47.54,13.61],[47.53,13.61],[47.53,13.61],[47.53,13.6],[47.53,13.6],[47.53,13.6],[47.53,13.6],[47.53,13.6],[47.52,13.6],[47.52,13.6],[47.52,13.59],[47.52,13.59],[47.52,13.59],[47.52,13.59],[47.52,13.59],[47.52,13.59],[47.51,13.59],[47.51,13.58],[47.51,13.58],[47.51,13.58],[47.51,13.58],[47.51,13.58],[47.51,13.58],[47.51,13.58],[47.5,13.57],[47.5,13.57],[47.5,13.57],[47.5,13.57],[47.5,13.57],[47.5,13.57],[47.5,13.57],[47.5,13.57],[47.5,13.57],[47.5,13.57],[47.5,13.57],[47.5,13.57],[47.49,13.56],[47.49,13.56],[47.49,13.56],[47.49,13.56],[47.49,13.56],[47.49,13.56],[47.49,13.56],[47.49,13.56],[47.49,13.56],[47.49,13.56],[47.49,13.56],[47.49,13.56],[47.48,13.56],[47.48,13.56],[47.48,13.55],[47.48,13.55],[47.48,13.55],[47.48,13.55],[47.48,13.55],[47.48,13.55],[47.48,13.55],[47.48,13.55],[47.48,13.55],[47.48,13.55],[47.48,13.55],[47.47,13.55],[47.47,13.55],[47.47,13.55],[47.47,13.55],[47.47,13.54],[47.47,13.54],[47.47,13.54],[47.47,13.54],[47.47,13.54],[47.47,13.54],[47.47,13.54],[47.47,13.54],[47.47,13.54],[47.46,13.54],[47.46,13.54],[47.46,13.54],[47.46,13.54],[47.46,13.54],[47.46,13.54],[47.46,13.54],[47.46,13.54],[47.46,13.53],[47.46,13.53],[47.46,13.53],[47.46,13.53],[47.46,13.53],[47.45,13.53],[47.45,13.53],[47.45,13.53],[47.45,13.53],[47.45,13.53],[47.45,13.53],[47.45,13.53],[47.45,13.53],[47.45,13.53],[47.45,13.53],[47.45,13.53],[47.45,13.53],[47.44,13.53],[47.44,13.52],[47.44,13.52],[47.44,13.52],[47.44,13.52],[47.44,13.52],[47.44,13.52],[47.44,13.52],[47.44,13.52],[47.44,13.52],[47.44,13.52],[47.44,13.52],[47.44,13.52],[47.43,13.52],[47.43,13.52],[47.43,13.52],[47.43,13.52],[47.43,13.52],[47.43,13.52],[47.43,13.52],[47.43,13.52],[47.43,13.52],[47.43,13.52],[47.43,13.52],[47.43,13.51],[47.43,13.51],[47.42,13.51],[47.42,13.51],[47.42,13.51],[47.42,13.51],[47.42,13.51],[47.42,13.51],[47.42,13.51],[47.42,13.51],[47.42,13.51],[47.42,13.51],[47.42,13.51],[47.42,13.51],[47.41,13.51],[47.41,13.51],[47.41,13.51],[47.41,13.51],[47.41,13.51],[47.41,13.51],[47.41,13.51],[47.41,13.51],[47.41,13.51],[47.41,13.51],[47.41,13.51],[47.41,13.51],[47.41,13.51],[47.4,13.5],[47.4,13.5],[47.4,13.5],[47.4,13.5],[47.4,13.5],[47.4,13.5],[47.4,13.5],[47.4,13.5],[47.4,13.5],[47.4,13.5],[47.4,13.5],[47.39,13.5],[47.39,13.5],[47.39,13.5],[47.39,13.5],[47.39,13.5],[47.39,13.5],[47.39,13.5],[47.39,13.5],[47.39,13.5],[47.39,13.5],[47.38,13.5],[47.38,13.5],[47.38,13.5],[47.38,13.5],[47.38,13.5],[47.38,13.5],[47.38,13.5],[47.38,13.5],[47.38,13.5],[47.38,13.5],[47.37,13.5],[47.37,13.5],[47.37,13.5],[47.37,13.5],[47.37,13.5],[47.37,13.5],[47.37,13.49],[47.37,13.49],[47.37,13.49],[47.36,13.49],[47.36,13.49],[47.36,13.49],[47.36,13.49],[47.36,13.49],[47.36,13.49],[47.36,13.49],[47.36,13.49],[47.36,13.49],[47.35,13.49],[47.35,13.49],[47.35,13.49],[47.35,13.49],[47.35,13.49],[47.35,13.49],[47.35,13.49],[47.35,13.49],[47.35,13.49],[47.34,13.49],[47.34,13.49],[47.34,13.49],[47.34,13.49],[47.34,13.49],[47.34,13.49],[47.34,13.49],[47.34,13.49],[47.33,13.49],[47.33,13.49],[47.33,13.49],[47.33,13.49],[47.33,13.49],[47.33,13.49],[47.33,13.49],[47.33,13.49],[47.33,13.49],[47.32,13.49],[47.32,13.49],[47.32,13.49],[47.32,13.49],[47.32,13.49],[47.32,13.49],[47.32,13.49],[47.32,13.49],[47.32,13.49],[47.31,13.49],[47.31,13.49],[47.31,13.49],[47.31,13.49],[47.31,13.49],[47.31,13.49],[47.31,13.49],[47.31,13.49],[47.3,13.49],[47.3,13.49],[47.3,13.49],[47.3,13.49],[47.3,13.49],[47.3,13.49],[47.3,13.49],[47.3,13.49],[47.29,13.49],[47.29,13.49],[47.29,13.49],[47.29,13.49],[47.28,13.49],[47.28,13.49],[47.28,13.49],[47.28,13.49],[47.27,13.49],[47.27,13.49],[47.27,13.49],[47.26,13.49],[47.25,13.49],[47.25,13.49],[47.25,13.49],[47.24,13.49],[47.24,13.49],[47.24,13.49],[47.23,13.49],[47.23,13.49],[47.23,13.49],[47.23,13.49],[47.23,13.49],[47.23,13.49],[47.22,13.49],[47.22,13.49],[47.22,13.49],[47.22,13.49],[47.22,13.49],[47.22,13.49],[47.21,13.49],[47.21,13.49],[47.21,13.49],[47.21,13.49],[47.21,13.49],[47.21,13.49],[47.21,13.49],[47.2,13.49],[47.2,13.49],[47.2,13.49],[47.2,13.49],[47.2,13.49],[47.2,13.49],[47.2,13.49],[47.2,13.49],[47.19,13.49],[47.19,13.49],[47.19,13.49],[47.19,13.49],[47.19,13.49],[47.19,13.49],[47.19,13.49],[47.18,13.49],[47.18,13.49],[47.18,13.49],[47.18,13.49],[47.18,13.49],[47.18,13.49],[47.18,13.49],[47.18,13.49],[47.17,13.49],[47.17,13.49],[47.17,13.49],[47.17,13.49],[47.17,13.48],[47.17,13.48],[47.17,13.48],[47.17,13.48],[47.16,13.48],[47.16,13.48],[47.16,13.48],[47.16,13.48],[47.16,13.48],[47.16,13.48],[47.16,13.48],[47.16,13.48],[47.15,13.48],[47.15,13.48],[47.15,13.48],[47.15,13.48],[47.15,13.48],[47.15,13.48],[47.15,13.48],[47.15,13.48],[47.15,13.48],[47.14,13.48],[47.14,13.48],[47.14,13.48],[47.14,13.48],[47.14,13.48],[47.14,13.48],[47.14,13.48],[47.14,13.48],[47.14,13.48],[47.13,13.48],[47.13,13.48],[47.13,13.48],[47.13,13.48],[47.13,13.48],[47.13,13.48],[47.13,13.48],[47.13,13.48],[47.13,13.48],[47.12,13.48],[47.12,13.48],[47.12,13.48],[47.12,13.48],[47.12,13.47],[47.12,13.47],[47.12,13.47],[47.12,13.47],[47.12,13.47],[47.12,13.47],[47.11,13.47],[47.11,13.47],[47.11,13.47],[47.11,13.47],[47.11,13.47],[47.11,13.47],[47.11,13.47],[47.11,13.47],[47.11,13.47],[47.11,13.47],[47.1,13.47],[47.1,13.47],[47.1,13.47],[47.1,13.47],[47.1,13.47],[47.1,13.47],[47.1,13.47],[47.1,13.47],[47.1,13.47],[47.1,13.47],[47.1,13.47],[47.1,13.46],[47.09,13.46],[47.09,13.46],[47.09,13.46],[47.09,13.46],[47.09,13.46],[47.09,13.46],[47.09,13.46],[47.09,13.46],[47.09,13.46],[47.09,13.46],[47.09,13.46],[47.09,13.46],[47.09,13.46],[47.09,13.46],[47.09,13.46],[47.08,13.46],[47.08,13.46],[47.08,13.46],[47.08,13.46],[47.08,13.46],[47.08,13.46],[47.08,13.46],[47.08,13.46],[47.08,13.46],[47.08,13.46],[47.08,13.46],[47.08,13.45],[47.08,13.45],[47.08,13.45],[47.07,13.45],[47.07,13.45],[47.07,13.45],[47.07,13.45],[47.07,13.45],[47.07,13.45],[47.07,13.45],[47.07,13.45],[47.06,13.45],[47.06,13.45],[47.06,13.44],[47.06,13.44],[47.06,13.44],[47.06,13.44],[47.05,13.44],[47.05,13.44],[47.05,13.44],[47.05,13.43],[47.05,13.43],[47.04,13.43],[47.04,13.43],[47.04,13.43],[47.04,13.43],[47.04,13.43],[47.04,13.43],[47.04,13.43],[47.04,13.43],[47.04,13.43],[47.04,13.43],[47.03,13.43],[47.03,13.43],[47.03,13.43],[47.03,13.42],[47.03,13.42],[47.03,13.42],[47.03,13.42],[47.03,13.42],[47.03,13.42],[47.03,13.42],[47.03,13.42],[47.03,13.42],[47.03,13.42],[47.02,13.42],[47.02,13.42],[47.02,13.42],[47.02,13.42],[47.02,13.42],[47.02,13.42],[47.02,13.42],[47.02,13.42],[47.02,13.42],[47.02,13.42],[47.02,13.42],[47.02,13.42],[47.02,13.41],[47.01,13.41],[47.01,13.41],[47.01,13.41],[47.01,13.41],[47.01,13.41],[47.01,13.41],[47.01,13.41],[47.01,13.41],[47.01,13.41],[47.01,13.41],[47.01,13.41],[47.01,13.41],[47.01,13.41],[47.01,13.41],[47,13.41],[47,13.41],[47,13.41],[47,13.41],[47,13.41],[47,13.41],[47,13.41],[47,13.41],[47,13.41],[47,13.41],[47,13.41],[47,13.41],[47,13.41],[47,13.41],[47,13.41],[47,13.41],[47,13.41],[47,13.41],[47,13.41],[46.99,13.41],[46.99,13.41],[46.99,13.41],[46.99,13.41],[46.99,13.41],[46.99,13.41],[46.99,13.41],[46.99,13.41],[46.99,13.41],[46.99,13.41],[46.99,13.41],[46.99,13.4],[46.99,13.4],[46.99,13.4],[46.99,13.4],[46.99,13.4],[46.99,13.4],[46.99,13.4],[46.99,13.4],[46.99,13.4],[46.98,13.4],[46.98,13.4],[46.98,13.4],[46.98,13.4],[46.98,13.4],[46.98,13.4],[46.98,13.4],[46.98,13.4],[46.98,13.4],[46.98,13.4],[46.98,13.4],[46.98,13.4],[46.98,13.4],[46.98,13.4],[46.98,13.4],[46.98,13.4],[46.98,13.4],[46.98,13.4],[46.97,13.4],[46.97,13.4],[46.97,13.4],[46.97,13.4],[46.97,13.4],[46.97,13.4],[46.97,13.4],[46.97,13.4],[46.97,13.4],[46.97,13.4],[46.97,13.4],[46.97,13.4],[46.97,13.4],[46.97,13.4],[46.96,13.4],[46.96,13.4],[46.96,13.4],[46.96,13.4],[46.96,13.4],[46.96,13.4],[46.96,13.4],[46.96,13.4],[46.95,13.4],[46.95,13.4],[46.95,13.4],[46.95,13.4],[46.95,13.4],[46.95,13.4],[46.95,13.4],[46.95,13.4],[46.95,13.4],[46.94,13.4],[46.94,13.4],[46.94,13.4],[46.94,13.4],[46.94,13.4],[46.94,13.4],[46.93,13.4],[46.93,13.4],[46.92,13.4],[46.92,13.4],[46.92,13.4],[46.92,13.4],[46.92,13.4],[46.92,13.4],[46.92,13.4],[46.91,13.4],[46.91,13.4],[46.91,13.4],[46.91,13.4],[46.91,13.4],[46.91,13.4],[46.91,13.4],[46.91,13.4],[46.9,13.4],[46.9,13.4],[46.9,13.4],[46.9,13.4],[46.9,13.4],[46.9,13.4],[46.9,13.4],[46.9,13.4],[46.89,13.4],[46.89,13.4],[46.89,13.4],[46.89,13.4],[46.89,13.4],[46.89,13.4],[46.89,13.4],[46.89,13.4],[46.89,13.4],[46.89,13.4],[46.89,13.4],[46.89,13.4],[46.89,13.4],[46.89,13.4],[46.88,13.4],[46.88,13.4],[46.88,13.4],[46.88,13.4],[46.88,13.4],[46.88,13.4],[46.88,13.4],[46.88,13.4],[46.88,13.4],[46.88,13.4],[46.88,13.4],[46.88,13.4],[46.88,13.4],[46.88,13.4],[46.88,13.4],[46.88,13.4],[46.88,13.4],[46.88,13.4],[46.88,13.4],[46.88,13.4],[46.87,13.39],[46.87,13.39],[46.87,13.39],[46.87,13.39],[46.87,13.39],[46.87,13.39],[46.87,13.39],[46.87,13.39],[46.87,13.39],[46.87,13.39],[46.87,13.39],[46.87,13.39],[46.87,13.39],[46.87,13.39],[46.87,13.39],[46.87,13.39],[46.87,13.39],[46.87,13.39],[46.87,13.39],[46.87,13.39],[46.87,13.39],[46.87,13.39],[46.86,13.39],[46.86,13.39],[46.86,13.39],[46.86,13.39],[46.86,13.39],[46.86,13.39],[46.86,13.39],[46.86,13.39],[46.86,13.39],[46.86,13.39],[46.86,13.39],[46.86,13.39],[46.86,13.39],[46.86,13.39],[46.86,13.39],[46.86,13.39],[46.86,13.39],[46.86,13.39],[46.86,13.39],[46.85,13.39],[46.85,13.39],[46.85,13.39],[46.85,13.39],[46.85,13.39],[46.85,13.39],[46.85,13.39],[46.85,13.39],[46.85,13.38],[46.85,13.38],[46.85,13.38],[46.85,13.38],[46.85,13.38],[46.85,13.38],[46.84,13.38],[46.84,13.38],[46.84,13.38],[46.84,13.38],[46.84,13.38],[46.84,13.38],[46.84,13.38],[46.84,13.38],[46.84,13.38],[46.84,13.38],[46.84,13.38],[46.84,13.38],[46.84,13.38],[46.84,13.38],[46.83,13.38],[46.83,13.38],[46.83,13.37],[46.83,13.37],[46.83,13.37],[46.83,13.37],[46.83,13.37],[46.83,13.37],[46.83,13.37],[46.83,13.37],[46.83,13.37],[46.83,13.37],[46.83,13.37],[46.82,13.37],[46.82,13.37],[46.82,13.37],[46.82,13.37],[46.82,13.36],[46.82,13.36],[46.82,13.36],[46.81,13.36],[46.81,13.36],[46.81,13.36],[46.81,13.35],[46.81,13.35],[46.8,13.35],[46.8,13.35],[46.8,13.35],[46.8,13.35],[46.8,13.35],[46.8,13.35],[46.8,13.35],[46.8,13.35],[46.79,13.35],[46.79,13.35],[46.79,13.34],[46.79,13.34],[46.79,13.34],[46.79,13.34],[46.79,13.34],[46.79,13.34],[46.79,13.34],[46.79,13.34],[46.79,13.34],[46.79,13.34],[46.79,13.34],[46.79,13.34],[46.79,13.34],[46.78,13.34],[46.78,13.34],[46.78,13.34],[46.78,13.34],[46.78,13.34],[46.78,13.34],[46.78,13.34],[46.78,13.34],[46.78,13.34],[46.78,13.34],[46.78,13.34],[46.78,13.34],[46.78,13.33],[46.78,13.33],[46.78,13.33],[46.78,13.33],[46.78,13.33],[46.77,13.33],[46.77,13.33],[46.77,13.33],[46.77,13.33],[46.77,13.33],[46.77,13.33],[46.77,13.33],[46.77,13.33],[46.77,13.33],[46.77,13.33],[46.77,13.33],[46.77,13.33],[46.77,13.33],[46.76,13.33],[46.76,13.33],[46.76,13.33],[46.76,13.33],[46.76,13.33],[46.76,13.33],[46.76,13.33],[46.76,13.33],[46.76,13.33],[46.76,13.32],[46.76,13.32],[46.76,13.32],[46.75,13.32],[46.75,13.32],[46.75,13.32],[46.75,13.32],[46.75,13.32],[46.75,13.32],[46.75,13.32],[46.75,13.32],[46.75,13.32],[46.75,13.32],[46.75,13.32],[46.74,13.32],[46.74,13.32],[46.74,13.32],[46.74,13.32],[46.74,13.32],[46.74,13.32],[46.74,13.32],[46.74,13.32],[46.74,13.32],[46.74,13.32],[46.74,13.32],[46.74,13.32],[46.73,13.32],[46.73,13.32],[46.73,13.32],[46.73,13.32],[46.73,13.32],[46.73,13.31],[46.73,13.31],[46.73,13.31],[46.73,13.31],[46.73,13.31],[46.72,13.31],[46.72,13.31],[46.72,13.31],[46.72,13.31],[46.72,13.31],[46.72,13.31],[46.72,13.31],[46.72,13.31],[46.72,13.31],[46.72,13.31],[46.72,13.31],[46.71,13.31],[46.71,13.31],[46.71,13.31],[46.71,13.31],[46.71,13.31],[46.71,13.31],[46.71,13.31],[46.71,13.31],[46.71,13.31],[46.71,13.31],[46.7,13.31],[46.7,13.31],[46.7,13.31],[46.7,13.31],[46.7,13.31],[46.7,13.31],[46.7,13.31],[46.7,13.31],[46.7,13.31],[46.7,13.31],[46.69,13.31],[46.69,13.31],[46.69,13.31],[46.69,13.31],[46.69,13.31],[46.69,13.31],[46.69,13.31],[46.69,13.31],[46.69,13.31],[46.69,13.31],[46.68,13.31],[46.68,13.31],[46.68,13.31],[46.68,13.31],[46.68,13.31],[46.68,13.31],[46.68,13.3],[46.68,13.3],[46.68,13.3],[46.67,13.3],[46.67,13.3],[46.67,13.3],[46.67,13.3],[46.67,13.3],[46.67,13.3],[46.67,13.3],[46.67,13.3],[46.67,13.3],[46.66,13.3],[46.66,13.3],[46.66,13.3],[46.66,13.3],[46.66,13.3],[46.66,13.3],[46.66,13.3],[46.66,13.3],[46.66,13.3],[46.65,13.3],[46.65,13.3],[46.65,13.3],[46.65,13.3],[46.65,13.3],[46.65,13.3],[46.65,13.3],[46.65,13.3],[46.65,13.3],[46.65,13.3],[46.64,13.3],[46.64,13.3],[46.64,13.3],[46.64,13.3],[46.64,13.3],[46.64,13.3],[46.64,13.3],[46.64,13.3],[46.64,13.3],[46.64,13.3],[46.63,13.3],[46.63,13.3],[46.63,13.3],[46.63,13.3],[46.63,13.3],[46.62,13.3],[46.62,13.3],[46.62,13.3],[46.62,13.3],[46.62,13.3],[46.61,13.3],[46.61,13.3],[46.61,13.3],[46.61,13.3],[46.6,13.3],[46.6,13.3],[46.6,13.3],[46.6,13.3],[46.6,13.3],[46.59,13.3],[46.59,13.3],[46.59,13.3],[46.59,13.3],[46.58,13.3],[46.58,13.3],[46.58,13.3],[46.58,13.3],[46.58,13.3],[46.57,13.3],[46.57,13.3],[46.57,13.3],[46.57,13.31],[46.57,13.31],[46.56,13.31],[46.56,13.31],[46.56,13.31],[46.56,13.31],[46.55,13.31],[46.55,13.31],[46.55,13.31],[46.55,13.31],[46.55,13.31],[46.54,13.31],[46.54,13.31],[46.54,13.31],[46.53,13.31],[46.53,13.31],[46.52,13.31],[46.52,13.31],[46.51,13.31],[46.5,13.31],[46.5,13.31],[46.49,13.31],[46.49,13.31],[46.49,13.31],[46.48,13.31],[46.48,13.31],[46.48,13.31],[46.48,13.31],[46.47,13.31],[46.47,13.31],[46.47,13.31],[46.46,13.31],[46.46,13.31],[46.46,13.31],[46.45,13.32],[46.45,13.32],[46.45,13.32],[46.45,13.32],[46.45,13.32],[46.45,13.32],[46.45,13.32],[46.44,13.32],[46.44,13.32],[46.44,13.32],[46.44,13.32],[46.44,13.32],[46.44,13.32],[46.44,13.32],[46.43,13.32],[46.43,13.32],[46.43,13.32],[46.43,13.32],[46.43,13.32],[46.43,13.32],[46.43,13.32],[46.43,13.32],[46.42,13.32],[46.42,13.32],[46.42,13.32],[46.42,13.32],[46.42,13.32],[46.42,13.32],[46.42,13.32],[46.41,13.32],[46.41,13.32],[46.41,13.32],[46.41,13.32],[46.41,13.32],[46.41,13.32],[46.41,13.32],[46.4,13.32],[46.4,13.32],[46.4,13.32],[46.4,13.32],[46.4,13.32],[46.4,13.32],[46.4,13.32],[46.39,13.32],[46.39,13.32],[46.39,13.32],[46.39,13.32],[46.39,13.32],[46.39,13.32],[46.39,13.32],[46.39,13.32],[46.38,13.32],[46.38,13.32],[46.38,13.32],[46.38,13.32],[46.38,13.32],[46.38,13.32],[46.38,13.32],[46.38,13.32],[46.37,13.32],[46.37,13.32],[46.37,13.32],[46.37,13.32],[46.37,13.32],[46.37,13.32],[46.37,13.32],[46.37,13.32],[46.36,13.32],[46.36,13.32],[46.36,13.32],[46.36,13.32],[46.36,13.32],[46.36,13.32],[46.36,13.32],[46.36,13.32],[46.35,13.32],[46.35,13.32],[46.35,13.32],[46.35,13.32],[46.35,13.32],[46.35,13.32],[46.35,13.32],[46.35,13.32],[46.34,13.31],[46.34,13.31],[46.34,13.31],[46.34,13.31],[46.34,13.31],[46.34,13.31],[46.34,13.31],[46.34,13.31],[46.33,13.31],[46.33,13.31],[46.33,13.31],[46.33,13.31],[46.33,13.31],[46.32,13.31],[46.32,13.31],[46.32,13.31],[46.32,13.31],[46.32,13.31],[46.31,13.31],[46.31,13.31],[46.31,13.31],[46.31,13.31],[46.31,13.31],[46.3,13.31],[46.3,13.31],[46.3,13.31],[46.3,13.31],[46.29,13.31],[46.29,13.31],[46.29,13.31],[46.29,13.31],[46.29,13.31],[46.28,13.31],[46.28,13.3],[46.28,13.3],[46.28,13.3],[46.27,13.3],[46.27,13.3],[46.27,13.3],[46.27,13.3],[46.27,13.3],[46.26,13.3],[46.26,13.3],[46.26,13.3],[46.26,13.3],[46.25,13.3],[46.25,13.3],[46.25,13.3],[46.25,13.3],[46.25,13.3],[46.24,13.3],[46.24,13.3],[46.24,13.3],[46.24,13.3],[46.23,13.29],[46.23,13.29],[46.23,13.29],[46.22,13.29],[46.22,13.29],[46.21,13.29],[46.21,13.29],[46.21,13.29],[46.19,13.28],[46.18,13.28],[46.18,13.28],[46.17,13.28],[46.17,13.28],[46.17,13.28],[46.16,13.28],[46.16,13.28],[46.16,13.28],[46.16,13.28],[46.15,13.28],[46.15,13.28],[46.15,13.28],[46.15,13.27],[46.14,13.27],[46.14,13.27],[46.14,13.27],[46.14,13.27],[46.13,13.27],[46.13,13.27],[46.13,13.27],[46.13,13.27],[46.12,13.27],[46.12,13.27],[46.12,13.27],[46.12,13.27],[46.11,13.27],[46.11,13.27],[46.11,13.27],[46.11,13.27],[46.1,13.27],[46.1,13.27],[46.1,13.27],[46.1,13.27],[46.09,13.26],[46.09,13.26],[46.09,13.26],[46.09,13.26],[46.09,13.26],[46.08,13.26],[46.08,13.26],[46.08,13.26],[46.08,13.26],[46.07,13.26],[46.07,13.26],[46.07,13.26],[46.07,13.26],[46.07,13.26],[46.06,13.26],[46.06,13.26],[46.06,13.26],[46.06,13.26],[46.06,13.26],[46.05,13.26],[46.05,13.26],[46.05,13.26],[46.05,13.26],[46.05,13.26],[46.04,13.26],[46.04,13.26],[46.04,13.26],[46.04,13.26],[46.03,13.26],[46.03,13.26],[46.03,13.26],[46.02,13.25],[46.02,13.25],[46.02,13.25],[46.01,13.25],[46.01,13.25],[46.01,13.25],[46,13.25],[46,13.25],[46,13.25],[46,13.25],[45.99,13.25],[45.99,13.25],[45.99,13.25],[45.98,13.25],[45.98,13.25],[45.98,13.25],[45.97,13.25],[45.97,13.25],[45.97,13.25],[45.96,13.25],[45.96,13.25],[45.96,13.25],[45.95,13.25],[45.95,13.25],[45.95,13.25],[45.95,13.25],[45.94,13.25],[45.94,13.25],[45.94,13.25],[45.93,13.25],[45.93,13.25],[45.93,13.25],[45.92,13.25],[45.92,13.25],[45.92,13.25],[45.91,13.25],[45.91,13.25],[45.91,13.25],[45.91,13.25],[45.9,13.25],[45.9,13.25],[45.9,13.25],[45.89,13.25],[45.89,13.25],[45.89,13.25],[45.88,13.25],[45.88,13.25],[45.88,13.25],[45.87,13.25],[45.87,13.25],[45.87,13.25],[45.86,13.25],[45.86,13.25],[45.86,13.25],[45.86,13.25],[45.85,13.25],[45.85,13.25],[45.85,13.25],[45.84,13.25],[45.84,13.25],[45.84,13.25],[45.83,13.25],[45.83,13.25],[45.83,13.25],[45.82,13.25],[45.82,13.25],[45.82,13.25],[45.81,13.25],[45.81,13.25],[45.81,13.25],[45.81,13.25],[45.8,13.25],[45.8,13.25],[45.8,13.25],[45.79,13.25],[45.79,13.25],[45.79,13.25],[45.78,13.25],[45.78,13.25],[45.78,13.25],[45.77,13.25],[45.77,13.25],[45.77,13.25],[45.76,13.25],[45.76,13.25],[45.76,13.25],[45.76,13.25],[45.75,13.25],[45.7,13.52]]]}},{"type":"Feature","properties":{"ma":0,"type":"gpml:TopologicalNetwork","name":"Inactive_AFRICA_ARABIA_MESH_2","pid":701,"deforming":true},"geometry":{"type":"Polygon","coordinates":[[[44.14,9.97],[44.11,10.13],[44.09,10.32],[44.06,10.65],[44.06,10.78],[44.05,10.84],[44.05,10.84],[44.08,10.8],[44.08,10.8],[44.08,10.8],[44.08,10.8],[44.08,10.8],[44.08,10.8],[44.08,10.8],[44.08,10.8],[44.08,10.8],[44.08,10.79],[44.08,10.79],[44.08,10.79],[44.08,10.79],[44.08,10.79],[44.08,10.79],[44.08,10.79],[44.09,10.79],[44.09,10.79],[44.09,10.79],[44.09,10.79],[44.09,10.79],[44.09,10.78],[44.09,10.78],[44.09,10.78],[44.09,10.78],[44.09,10.78],[44.09,10.78],[44.09,10.78],[44.09,10.78],[44.09,10.78],[44.09,10.78],[44.09,10.78],[44.09,10.78],[44.09,10.77],[44.1,10.77],[44.1,10.77],[44.1,10.77],[44.1,10.77],[44.1,10.77],[44.1,10.77],[44.1,10.77],[44.1,10.77],[44.1,10.77],[44.1,10.77],[44.1,10.77],[44.1,10.76],[44.1,10.76],[44.1,10.76],[44.1,10.76],[44.1,10.76],[44.1,10.76],[44.11,10.76],[44.11,10.76],[44.11,10.76],[44.11,10.76],[44.11,10.76],[44.11,10.76],[44.11,10.75],[44.11,10.75],[44.11,10.75],[44.11,10.75],[44.11,10.75],[44.11,10.75],[44.11,10.75],[44.11,10.75],[44.11,10.75],[44.11,10.75],[44.12,10.75],[44.12,10.75],[44.12,10.75],[44.12,10.74],[44.12,10.74],[44.12,10.74],[44.12,10.74],[44.12,10.74],[44.12,10.74],[44.12,10.74],[44.12,10.74],[44.12,10.74],[44.12,10.74],[44.12,10.74],[44.12,10.74],[44.12,10.74],[44.13,10.73],[44.13,10.73],[44.13,10.73],[44.13,10.73],[44.13,10.73],[44.13,10.73],[44.13,10.73],[44.13,10.73],[44.13,10.73],[44.13,10.73],[44.13,10.73],[44.13,10.73],[44.13,10.73],[44.13,10.73],[44.13,10.72],[44.13,10.72],[44.14,10.72],[44.14,10.72],[44.14,10.72],[44.14,10.72],[44.14,10.72],[44.14,10.72],[44.14,10.72],[44.14,10.72],[44.14,10.72],[44.14,10.72],[44.14,10.72],[44.14,10.72],[44.14,10.71],[44.14,10.71],[44.15,10.71],[44.15,10.71],[44.15,10.71],[44.15,10.71],[44.15,10.71],[44.15,10.71],[44.15,10.71],[44.15,10.71],[44.15,10.71],[44.15,10.71],[44.15,10.71],[44.15,10.71],[44.15,10.7],[44.15,10.7],[44.15,10.7],[44.16,10.7],[44.16,10.7],[44.16,10.7],[44.16,10.7],[44.16,10.7],[44.16,10.7],[44.16,10.7],[44.16,10.7],[44.16,10.7],[44.16,10.7],[44.16,10.69],[44.16,10.69],[44.17,10.69],[44.17,10.69],[44.17,10.69],[44.17,10.69],[44.17,10.69],[44.17,10.69],[44.17,10.69],[44.17,10.69],[44.17,10.69],[44.17,10.69],[44.17,10.69],[44.18,10.68],[44.18,10.68],[44.18,10.68],[44.18,10.68],[44.18,10.68],[44.18,10.68],[44.18,10.68],[44.18,10.68],[44.18,10.68],[44.18,10.68],[44.18,10.68],[44.19,10.68],[44.19,10.68],[44.19,10.68],[44.19,10.67],[44.19,10.67],[44.19,10.67],[44.19,10.67],[44.19,10.67],[44.19,10.67],[44.19,10.67],[44.19,10.67],[44.19,10.67],[44.2,10.67],[44.2,10.67],[44.2,10.67],[44.2,10.67],[44.2,10.67],[44.2,10.67],[44.2,10.66],[44.2,10.66],[44.2,10.66],[44.2,10.66],[44.2,10.66],[44.21,10.66],[44.21,10.66],[44.21,10.66],[44.21,10.66],[44.21,10.66],[44.21,10.66],[44.21,10.66],[44.21,10.66],[44.21,10.66],[44.21,10.66],[44.21,10.65],[44.22,10.65],[44.22,10.65],[44.22,10.65],[44.22,10.65],[44.22,10.65],[44.22,10.65],[44.22,10.65],[44.22,10.65],[44.22,10.65],[44.22,10.65],[44.22,10.65],[44.23,10.65],[44.23,10.65],[44.23,10.65],[44.23,10.65],[44.23,10.65],[44.23,10.64],[44.23,10.64],[44.23,10.64],[44.23,10.64],[44.23,10.64],[44.23,10.64],[44.24,10.64],[44.24,10.64],[44.24,10.64],[44.24,10.64],[44.24,10.64],[44.24,10.64],[44.24,10.64],[44.24,10.64],[44.24,10.64],[44.24,10.64],[44.24,10.64],[44.25,10.64],[44.25,10.64],[44.25,10.64],[44.25,10.63],[44.25,10.63],[44.25,10.63],[44.25,10.63],[44.25,10.63],[44.25,10.63],[44.25,10.63],[44.25,10.63],[44.26,10.63],[44.26,10.63],[44.26,10.63],[44.26,10.63],[44.26,10.63],[44.26,10.63],[44.26,10.63],[44.26,10.63],[44.26,10.63],[44.26,10.63],[44.26,10.63],[44.27,10.63],[44.27,10.63],[44.27,10.63],[44.27,10.63],[44.27,10.62],[44.27,10.62],[44.27,10.62],[44.27,10.62],[44.27,10.62],[44.27,10.62],[44.27,10.62],[44.27,10.62],[44.27,10.62],[44.27,10.62],[44.27,10.62],[44.27,10.62],[44.28,10.62],[44.28,10.62],[44.28,10.62],[44.28,10.62],[44.28,10.62],[44.28,10.62],[44.28,10.62],[44.28,10.62],[44.28,10.62],[44.28,10.62],[44.28,10.62],[44.28,10.62],[44.28,10.62],[44.28,10.62],[44.28,10.62],[44.28,10.62],[44.28,10.62],[44.28,10.62],[44.29,10.62],[44.29,10.62],[44.29,10.62],[44.29,10.62],[44.29,10.62],[44.29,10.62],[44.29,10.62],[44.29,10.62],[44.29,10.62],[44.29,10.62],[44.29,10.62],[44.29,10.62],[44.29,10.62],[44.29,10.62],[44.29,10.62],[44.29,10.62],[44.3,10.62],[44.3,10.62],[44.3,10.62],[44.3,10.62],[44.3,10.62],[44.3,10.62],[44.3,10.62],[44.3,10.62],[44.3,10.62],[44.3,10.62],[44.3,10.62],[44.3,10.62],[44.3,10.62],[44.3,10.62],[44.3,10.62],[44.31,10.62],[44.31,10.62],[44.31,10.62],[44.31,10.62],[44.31,10.62],[44.31,10.62],[44.31,10.62],[44.31,10.62],[44.31,10.62],[44.31,10.62],[44.31,10.62],[44.31,10.62],[44.31,10.62],[44.31,10.62],[44.31,10.62],[44.32,10.62],[44.32,10.62],[44.32,10.62],[44.32,10.62],[44.32,10.62],[44.32,10.62],[44.32,10.62],[44.32,10.62],[44.32,10.62],[44.33,10.62],[44.33,10.62],[44.33,10.62],[44.33,10.62],[44.33,10.62],[44.33,10.62],[44.33,10.62],[44.34,10.62],[44.34,10.62],[44.34,10.62],[44.34,10.62],[44.34,10.62],[44.34,10.62],[44.34,10.62],[44.35,10.62],[44.35,10.62],[44.35,10.62],[44.36,10.62],[44.36,10.62],[44.36,10.62],[44.37,10.62],[44.37,10.62],[44.37,10.62],[44.37,10.62],[44.37,10.62],[44.37,10.62],[44.37,10.62],[44.38,10.62],[44.38,10.62],[44.38,10.62],[44.38,10.62],[44.38,10.62],[44.38,10.62],[44.38,10.62],[44.38,10.62],[44.38,10.62],[44.38,10.62],[44.38,10.62],[44.39,10.62],[44.39,10.62],[44.39,10.62],[44.39,10.62],[44.39,10.62],[44.39,10.62],[44.39,10.62],[44.39,10.62],[44.39,10.62],[44.39,10.62],[44.39,10.62],[44.4,10.62],[44.4,10.62],[44.4,10.62],[44.4,10.62],[44.4,10.62],[44.4,10.62],[44.4,10.62],[44.4,10.62],[44.4,10.62],[44.4,10.62],[44.4,10.62],[44.41,10.62],[44.41,10.62],[44.41,10.62],[44.41,10.62],[44.41,10.62],[44.41,10.62],[44.41,10.62],[44.41,10.62],[44.41,10.62],[44.41,10.62],[44.41,10.62],[44.41,10.62],[44.41,10.62],[44.41,10.62],[44.42,10.62],[44.42,10.62],[44.42,10.62],[44.42,10.62],[44.42,10.62],[44.42,10.62],[44.42,10.62],[44.42,10.62],[44.42,10.62],[44.42,10.62],[44.42,10.62],[44.42,10.62],[44.42,10.62],[44.42,10.62],[44.42,10.62],[44.42,10.62],[44.42,10.62],[44.42,10.62],[44.42,10.62],[44.42,10.62],[44.42,10.62],[44.42,10.62],[44.42,10.62],[44.42,10.61],[44.43,10.61],[44.43,10.61],[44.43,10.61],[44.43,10.61],[44.43,10.61],[44.43,10.61],[44.43,10.61],[44.43,10.61],[44.43,10.61],[44.43,10.61],[44.43,10.61],[44.43,10.61],[44.43,10.61],[44.43,10.61],[44.43,10.61],[44.43,10.61],[44.43,10.61],[44.43,10.61],[44.43,10.61],[44.43,10.61],[44.43,10.61],[44.43,10.61],[44.43,10.61],[44.43,10.61],[44.43,10.61],[44.43,10.61],[44.43,10.61],[44.43,10.61],[44.44,10.61],[44.44,10.61],[44.44,10.61],[44.44,10.61],[44.44,10.61],[44.44,10.61],[44.44,10.61],[44.44,10.61],[44.44,10.61],[44.44,10.61],[44.44,10.61],[44.44,10.61],[44.44,10.61],[44.44,10.61],[44.44,10.61],[44.44,10.61],[44.44,10.61],[44.44,10.61],[44.44,10.61],[44.44,10.61],[44.44,10.61],[44.44,10.61],[44.44,10.61],[44.44,10.61],[44.44,10.61],[44.44,10.61],[44.44,10.61],[44.44,10.61],[44.44,10.61],[44.44,10.61],[44.44,10.61],[44.44,10.61],[44.45,10.61],[44.45,10.61],[44.45,10.6],[44.45,10.6],[44.45,10.6],[44.45,10.6],[44.45,10.6],[44.45,10.6],[44.45,10.6],[44.45,10.6],[44.45,10.6],[44.45,10.6],[44.45,10.6],[44.45,10.6],[44.45,10.6],[44.45,10.6],[44.45,10.6],[44.45,10.6],[44.45,10.6],[44.45,10.6],[44.45,10.6],[44.45,10.6],[44.45,10.6],[44.45,10.6],[44.45,10.6],[44.45,10.6],[44.45,10.6],[44.45,10.6],[44.45,10.6],[44.45,10.6],[44.45,10.6],[44.45,10.6],[44.45,10.6],[44.45,10.6],[44.45,10.6],[44.45,10.6],[44.45,10.6],[44.45,10.6],[44.45,10.6],[44.46,10.6],[44.46,10.6],[44.46,10.6],[44.46,10.6],[44.46,10.59],[44.46,10.59],[44.46,10.59],[44.46,10.59],[44.46,10.59],[44.46,10.59],[44.46,10.59],[44.46,10.59],[44.46,10.59],[44.46,10.59],[44.46,10.59],[44.46,10.59],[44.46,10.59],[44.46,10.59],[44.46,10.59],[44.46,10.59],[44.46,10.59],[44.46,10.59],[44.46,10.59],[44.46,10.59],[44.46,10.58],[44.46,10.58],[44.46,10.58],[44.46,10.58],[44.47,10.58],[44.47,10.58],[44.47,10.58],[44.47,10.58],[44.47,10.58],[44.47,10.58],[44.47,10.58],[44.47,10.58],[44.47,10.58],[44.47,10.58],[44.47,10.58],[44.47,10.58],[44.47,10.58],[44.47,10.58],[44.47,10.58],[44.47,10.58],[44.47,10.57],[44.47,10.57],[44.47,10.57],[44.47,10.57],[44.47,10.57],[44.47,10.57],[44.47,10.57],[44.47,10.57],[44.47,10.57],[44.47,10.57],[44.47,10.57],[44.47,10.57],[44.47,10.57],[44.47,10.57],[44.47,10.57],[44.47,10.57],[44.47,10.57],[44.47,10.57],[44.47,10.57],[44.48,10.57],[44.48,10.57],[44.48,10.57],[44.48,10.57],[44.48,10.57],[44.48,10.57],[44.48,10.57],[44.48,10.57],[44.48,10.57],[44.48,10.57],[44.48,10.56],[44.48,10.56],[44.48,10.56],[44.48,10.56],[44.48,10.56],[44.48,10.56],[44.48,10.56],[44.48,10.56],[44.48,10.56],[44.48,10.56],[44.48,10.56],[44.48,10.56],[44.48,10.56],[44.48,10.56],[44.48,10.56],[44.48,10.56],[44.48,10.56],[44.48,10.56],[44.49,10.56],[44.49,10.56],[44.49,10.56],[44.49,10.56],[44.49,10.56],[44.49,10.56],[44.49,10.56],[44.49,10.56],[44.49,10.56],[44.49,10.56],[44.49,10.56],[44.49,10.56],[44.49,10.56],[44.49,10.56],[44.49,10.56],[44.49,10.56],[44.49,10.55],[44.49,10.55],[44.49,10.55],[44.49,10.55],[44.49,10.55],[44.49,10.55],[44.49,10.55],[44.5,10.55],[44.5,10.55],[44.5,10.55],[44.5,10.55],[44.5,10.55],[44.5,10.55],[44.5,10.55],[44.5,10.55],[44.5,10.55],[44.5,10.55],[44.5,10.55],[44.5,10.55],[44.5,10.55],[44.5,10.55],[44.5,10.55],[44.5,10.55],[44.5,10.55],[44.5,10.55],[44.5,10.55],[44.5,10.55],[44.5,10.55],[44.51,10.55],[44.51,10.55],[44.51,10.55],[44.51,10.55],[44.51,10.55],[44.51,10.55],[44.51,10.55],[44.51,10.55],[44.51,10.55],[44.51,10.55],[44.51,10.55],[44.51,10.55],[44.51,10.55],[44.51,10.55],[44.51,10.55],[44.51,10.55],[44.51,10.55],[44.51,10.55],[44.51,10.55],[44.52,10.54],[44.52,10.54],[44.52,10.54],[44.52,10.54],[44.52,10.54],[44.52,10.54],[44.52,10.54],[44.52,10.54],[44.52,10.54],[44.52,10.54],[44.52,10.54],[44.52,10.54],[44.52,10.54],[44.52,10.54],[44.52,10.54],[44.52,10.54],[44.52,10.54],[44.53,10.54],[44.53,10.54],[44.53,10.54],[44.53,10.54],[44.53,10.54],[44.53,10.54],[44.53,10.54],[44.53,10.54],[44.53,10.54],[44.53,10.54],[44.53,10.54],[44.54,10.54],[44.54,10.54],[44.54,10.54],[44.54,10.54],[44.54,10.54],[44.54,10.54],[44.54,10.54],[44.54,10.54],[44.54,10.54],[44.54,10.54],[44.55,10.54],[44.55,10.54],[44.55,10.54],[44.55,10.54],[44.55,10.54],[44.55,10.54],[44.55,10.54],[44.55,10.54],[44.56,10.54],[44.56,10.54],[44.56,10.54],[44.56,10.54],[44.56,10.54],[44.56,10.54],[44.56,10.54],[44.56,10.54],[44.57,10.54],[44.57,10.54],[44.57,10.54],[44.57,10.54],[44.57,10.54],[44.57,10.54],[44.57,10.54],[44.57,10.54],[44.57,10.54],[44.58,10.54],[44.58,10.54],[44.58,10.54],[44.58,10.54],[44.58,10.54],[44.58,10.54],[44.59,10.54],[44.59,10.54],[44.59,10.54],[44.59,10.54],[44.6,10.54],[44.6,10.54],[44.61,10.53],[44.61,10.53],[44.61,10.53],[44.62,10.53],[44.62,10.53],[44.62,10.53],[44.62,10.53],[44.62,10.53],[44.63,10.53],[44.63,10.53],[44.63,10.53],[44.63,10.53],[44.63,10.53],[44.63,10.53],[44.64,10.53],[44.64,10.53],[44.64,10.53],[44.64,10.53],[44.64,10.53],[44.64,10.53],[44.64,10.53],[44.64,10.53],[44.64,10.53],[44.64,10.53],[44.65,10.53],[44.65,10.53],[44.65,10.53],[44.65,10.53],[44.65,10.53],[44.65,10.53],[44.65,10.53],[44.65,10.53],[44.65,10.53],[44.65,10.53],[44.65,10.53],[44.65,10.53],[44.66,10.53],[44.66,10.53],[44.66,10.53],[44.66,10.53],[44.66,10.53],[44.66,10.53],[44.66,10.53],[44.66,10.53],[44.66,10.53],[44.66,10.53],[44.66,10.53],[44.67,10.53],[44.67,10.53],[44.67,10.53],[44.67,10.53],[44.68,10.53],[44.68,10.53],[44.68,10.53],[44.69,10.53],[44.69,10.53],[44.69,10.53],[44.69,10.53],[44.7,10.53],[44.71,10.52],[44.72,10.52],[44.73,10.52],[44.73,10.52],[44.73,10.52],[44.74,10.52],[44.74,10.52],[44.74,10.52],[44.74,10.52],[44.75,10.52],[44.75,10.52],[44.75,10.52],[44.75,10.52],[44.76,10.52],[44.76,10.52],[44.76,10.52],[44.77,10.52],[44.77,10.52],[44.77,10.52],[44.77,10.52],[44.78,10.51],[44.78,10.51],[44.78,10.51],[44.78,10.51],[44.79,10.51],[44.79,10.51],[44.79,10.51],[44.79,10.51],[44.8,10.51],[44.8,10.51],[44.8,10.51],[44.8,10.51],[44.8,10.51],[44.8,10.51],[44.8,10.51],[44.81,10.51],[44.81,10.51],[44.81,10.51],[44.81,10.51],[44.81,10.51],[44.81,10.51],[44.81,10.51],[44.81,10.51],[44.82,10.51],[44.82,10.51],[44.82,10.51],[44.82,10.51],[44.82,10.51],[44.82,10.51],[44.82,10.51],[44.83,10.51],[44.83,10.51],[44.83,10.51],[44.83,10.51],[44.83,10.51],[44.83,10.51],[44.83,10.51],[44.83,10.51],[44.84,10.51],[44.84,10.51],[44.84,10.51],[44.84,10.51],[44.84,10.51],[44.84,10.51],[44.84,10.51],[44.84,10.51],[44.85,10.51],[44.85,10.51],[44.85,10.51],[44.85,10.51],[44.85,10.51],[44.85,10.51],[44.85,10.51],[44.85,10.51],[44.85,10.51],[44.86,10.51],[44.86,10.51],[44.86,10.51],[44.86,10.51],[44.86,10.51],[44.86,10.51],[44.86,10.51],[44.86,10.51],[44.87,10.51],[44.87,10.51],[44.87,10.51],[44.87,10.51],[44.87,10.51],[44.87,10.51],[44.87,10.51],[44.87,10.51],[44.87,10.51],[44.88,10.51],[44.88,10.51],[44.88,10.51],[44.88,10.51],[44.88,10.51],[44.88,10.51],[44.88,10.51],[44.88,10.51],[44.88,10.51],[44.89,10.51],[44.89,10.51],[44.89,10.51],[44.89,10.51],[44.89,10.51],[44.89,10.51],[44.89,10.51],[44.89,10.51],[44.9,10.51],[44.9,10.51],[44.9,10.51],[44.9,10.51],[44.9,10.51],[44.9,10.51],[44.9,10.51],[44.9,10.51],[44.9,10.51],[44.91,10.51],[44.91,10.51],[44.91,10.51],[44.91,10.51],[44.91,10.51],[44.91,10.51],[44.91,10.51],[44.91,10.51],[44.91,10.51],[44.92,10.51],[44.92,10.51],[44.92,10.51],[44.92,10.51],[44.92,10.51],[44.92,10.51],[44.92,10.51],[44.92,10.51],[44.92,10.51],[44.93,10.51],[44.93,10.51],[44.93,10.51],[44.93,10.51],[44.93,10.51],[44.93,10.51],[44.93,10.51],[44.93,10.51],[44.93,10.51],[44.93,10.51],[44.94,10.51],[44.94,10.51],[44.94,10.51],[44.94,10.51],[44.94,10.51],[44.94,10.51],[44.94,10.51],[44.94,10.51],[44.94,10.51],[44.95,10.51],[44.95,10.51],[44.95,10.51],[44.95,10.51],[44.95,10.51],[44.95,10.51],[44.95,10.51],[44.95,10.51],[44.95,10.52],[44.95,10.52],[44.95,10.52],[44.96,10.52],[44.96,10.52],[44.96,10.52],[44.96,10.52],[44.96,10.52],[44.96,10.52],[44.96,10.52],[44.96,10.52],[44.96,10.52],[44.96,10.52],[44.97,10.52],[44.97,10.52],[44.97,10.52],[44.97,10.52],[44.97,10.52],[44.97,10.52],[44.97,10.52],[44.97,10.52],[44.97,10.52],[44.97,10.52],[44.98,10.52],[44.98,10.52],[44.98,10.52],[44.98,10.52],[44.98,10.52],[44.98,10.52],[44.98,10.52],[44.98,10.52],[44.98,10.52],[44.98,10.52],[44.98,10.52],[44.99,10.52],[44.99,10.52],[44.99,10.52],[44.99,10.52],[44.99,10.53],[44.99,10.53],[44.99,10.53],[44.99,10.53],[44.99,10.53],[44.99,10.53],[44.99,10.53],[45,10.53],[45,10.53],[45,10.53],[45,10.53],[45,10.53],[45,10.53],[45,10.53],[45,10.53],[45,10.53],[45,10.53],[45,10.53],[45.01,10.53],[45.01,10.53],[45.01,10.53],[45.01,10.53],[45.01,10.53],[45.01,10.53],[45.01,10.53],[45.01,10.53],[45.01,10.53],[45.01,10.53],[45.01,10.53],[45.01,10.53],[45.01,10.53],[45.01,10.54],[45.01,10.54],[45.01,10.54],[45.01,10.54],[45.02,10.54],[45.02,10.54],[45.02,10.54],[45.02,10.54],[45.02,10.54],[45.02,10.54],[45.02,10.54],[45.02,10.54],[45.02,10.54],[45.02,10.54],[45.02,10.54],[45.02,10.54],[45.02,10.54],[45.02,10.54],[45.02,10.54],[45.03,10.54],[45.03,10.54],[45.03,10.54],[45.03,10.54],[45.03,10.55],[45.03,10.55],[45.03,10.55],[45.03,10.55],[45.04,10.55],[45.04,10.55],[45.04,10.55],[45.04,10.55],[45.04,10.55],[45.04,10.55],[45.05,10.56],[45.05,10.56],[45.05,10.56],[45.05,10.56],[45.05,10.56],[45.06,10.56],[45.06,10.56],[45.06,10.56],[45.06,10.56],[45.06,10.56],[45.06,10.57],[45.06,10.57],[45.06,10.57],[45.06,10.57],[45.06,10.57],[45.06,10.57],[45.06,10.57],[45.07,10.57],[45.07,10.57],[45.07,10.57],[45.07,10.57],[45.07,10.57],[45.07,10.57],[45.07,10.57],[45.07,10.57],[45.07,10.57],[45.07,10.57],[45.07,10.57],[45.07,10.57],[45.07,10.57],[45.07,10.57],[45.08,10.57],[45.08,10.57],[45.08,10.57],[45.08,10.58],[45.08,10.58],[45.08,10.58],[45.08,10.58],[45.08,10.58],[45.08,10.58],[45.08,10.58],[45.08,10.58],[45.08,10.58],[45.08,10.58],[45.08,10.58],[45.08,10.58],[45.09,10.58],[45.09,10.58],[45.09,10.58],[45.09,10.58],[45.09,10.58],[45.09,10.58],[45.09,10.58],[45.09,10.58],[45.09,10.58],[45.09,10.58],[45.09,10.58],[45.09,10.58],[45.09,10.58],[45.09,10.58],[45.09,10.58],[45.09,10.58],[45.1,10.58],[45.1,10.58],[45.1,10.58],[45.1,10.58],[45.1,10.58],[45.1,10.58],[45.1,10.58],[45.1,10.58],[45.1,10.59],[45.1,10.59],[45.1,10.59],[45.1,10.59],[45.1,10.59],[45.11,10.59],[45.11,10.59],[45.11,10.59],[45.11,10.59],[45.11,10.59],[45.11,10.59],[45.11,10.59],[45.11,10.59],[45.11,10.59],[45.11,10.59],[45.11,10.59],[45.12,10.59],[45.12,10.59],[45.12,10.59],[45.12,10.59],[45.12,10.59],[45.12,10.59],[45.12,10.59],[45.12,10.59],[45.12,10.59],[45.12,10.59],[45.12,10.59],[45.12,10.59],[45.13,10.59],[45.13,10.59],[45.13,10.59],[45.13,10.59],[45.13,10.59],[45.13,10.59],[45.13,10.59],[45.13,10.59],[45.13,10.59],[45.14,10.59],[45.14,10.59],[45.14,10.59],[45.15,10.59],[45.15,10.59],[45.15,10.59],[45.15,10.59],[45.15,10.59],[45.15,10.59],[45.16,10.59],[45.16,10.59],[45.16,10.59],[45.16,10.59],[45.16,10.59],[45.16,10.59],[45.16,10.59],[45.16,10.59],[45.16,10.59],[45.16,10.59],[45.17,10.59],[45.17,10.59],[45.17,10.59],[45.17,10.6],[45.17,10.6],[45.17,10.6],[45.17,10.6],[45.17,10.6],[45.17,10.6],[45.17,10.6],[45.17,10.6],[45.18,10.6],[45.18,10.6],[45.18,10.6],[45.18,10.6],[45.18,10.6],[45.18,10.6],[45.18,10.6],[45.18,10.6],[45.18,10.6],[45.18,10.6],[45.18,10.6],[45.18,10.6],[45.18,10.6],[45.19,10.6],[45.19,10.6],[45.19,10.6],[45.19,10.6],[45.19,10.6],[45.19,10.6],[45.19,10.6],[45.19,10.6],[45.19,10.6],[45.19,10.6],[45.19,10.6],[45.19,10.6],[45.19,10.6],[45.19,10.6],[45.19,10.6],[45.2,10.6],[45.2,10.6],[45.2,10.6],[45.2,10.6],[45.2,10.6],[45.2,10.6],[45.2,10.6],[45.2,10.6],[45.2,10.6],[45.2,10.6],[45.2,10.6],[45.2,10.6],[45.2,10.6],[45.2,10.6],[45.2,10.61],[45.2,10.61],[45.2,10.61],[45.2,10.61],[45.2,10.61],[45.21,10.61],[45.21,10.61],[45.21,10.61],[45.21,10.61],[45.21,10.61],[45.21,10.61],[45.21,10.61],[45.21,10.61],[45.21,10.61],[45.21,10.61],[45.21,10.61],[45.21,10.61],[45.21,10.61],[45.21,10.61],[45.21,10.61],[45.21,10.61],[45.21,10.61],[45.21,10.61],[45.21,10.61],[45.21,10.61],[45.22,10.61],[45.22,10.61],[45.22,10.61],[45.22,10.61],[45.22,10.61],[45.22,10.61],[45.22,10.61],[45.22,10.61],[45.22,10.61],[45.22,10.61],[45.22,10.62],[45.22,10.62],[45.22,10.62],[45.22,10.62],[45.22,10.62],[45.22,10.62],[45.22,10.62],[45.22,10.62],[45.22,10.62],[45.23,10.62],[45.23,10.62],[45.23,10.62],[45.23,10.62],[45.23,10.62],[45.23,10.62],[45.23,10.62],[45.23,10.62],[45.23,10.62],[45.23,10.62],[45.23,10.62],[45.23,10.62],[45.23,10.62],[45.23,10.62],[45.23,10.63],[45.24,10.63],[45.24,10.63],[45.24,10.63],[45.24,10.63],[45.24,10.63],[45.24,10.63],[45.24,10.63],[45.24,10.63],[45.24,10.63],[45.24,10.63],[45.25,10.63],[45.25,10.64],[45.25,10.64],[45.25,10.64],[45.25,10.64],[45.25,10.64],[45.25,10.64],[45.25,10.64],[45.25,10.64],[45.25,10.64],[45.26,10.64],[45.26,10.65],[45.26,10.65],[45.27,10.65],[45.27,10.65],[45.27,10.66],[45.27,10.66],[45.27,10.66],[45.27,10.66],[45.28,10.66],[45.28,10.66],[45.28,10.66],[45.28,10.66],[45.28,10.66],[45.28,10.66],[45.28,10.66],[45.28,10.67],[45.28,10.67],[45.28,10.67],[45.28,10.67],[45.28,10.67],[45.28,10.67],[45.29,10.67],[45.29,10.67],[45.29,10.67],[45.29,10.67],[45.29,10.67],[45.29,10.67],[45.29,10.67],[45.29,10.67],[45.29,10.67],[45.29,10.67],[45.29,10.68],[45.29,10.68],[45.29,10.68],[45.3,10.68],[45.3,10.68],[45.3,10.68],[45.3,10.68],[45.3,10.68],[45.3,10.68],[45.3,10.68],[45.3,10.68],[45.3,10.68],[45.3,10.68],[45.3,10.68],[45.3,10.68],[45.3,10.68],[45.31,10.68],[45.31,10.68],[45.31,10.69],[45.31,10.69],[45.31,10.69],[45.31,10.69],[45.31,10.69],[45.31,10.69],[45.31,10.69],[45.31,10.69],[45.31,10.69],[45.32,10.69],[45.32,10.69],[45.32,10.7],[45.33,10.7],[45.33,10.7],[45.33,10.7],[45.33,10.7],[45.33,10.7],[45.33,10.7],[45.34,10.7],[45.34,10.7],[45.34,10.7],[45.34,10.7],[45.34,10.71],[45.34,10.71],[45.34,10.71],[45.34,10.71],[45.35,10.71],[45.35,10.71],[45.35,10.71],[45.35,10.71],[45.35,10.71],[45.35,10.71],[45.35,10.71],[45.35,10.71],[45.35,10.71],[45.36,10.71],[45.36,10.71],[45.36,10.72],[45.36,10.72],[45.36,10.72],[45.36,10.72],[45.36,10.72],[45.36,10.72],[45.36,10.72],[45.37,10.72],[45.37,10.72],[45.37,10.72],[45.37,10.72],[45.37,10.72],[45.37,10.72],[45.37,10.72],[45.37,10.72],[45.37,10.72],[45.38,10.72],[45.38,10.72],[45.38,10.73],[45.38,10.73],[45.38,10.73],[45.38,10.73],[45.38,10.73],[45.38,10.73],[45.38,10.73],[45.38,10.73],[45.39,10.73],[45.39,10.73],[45.39,10.73],[45.39,10.73],[45.39,10.73],[45.39,10.73],[45.39,10.73],[45.39,10.73],[45.39,10.73],[45.39,10.73],[45.4,10.73],[45.4,10.73],[45.4,10.73],[45.4,10.74],[45.4,10.74],[45.4,10.74],[45.4,10.74],[45.4,10.74],[45.4,10.74],[45.4,10.74],[45.41,10.74],[45.41,10.74],[45.41,10.74],[45.41,10.74],[45.41,10.74],[45.41,10.74],[45.41,10.74],[45.41,10.74],[45.41,10.74],[45.41,10.74],[45.41,10.74],[45.42,10.74],[45.42,10.74],[45.42,10.74],[45.42,10.74],[45.42,10.74],[45.42,10.74],[45.42,10.74],[45.42,10.74],[45.42,10.75],[45.42,10.75],[45.43,10.75],[45.43,10.75],[45.43,10.75],[45.43,10.75],[45.43,10.75],[45.43,10.75],[45.43,10.75],[45.43,10.75],[45.43,10.75],[45.43,10.75],[45.43,10.75],[45.44,10.75],[45.44,10.75],[45.44,10.75],[45.44,10.75],[45.44,10.75],[45.44,10.75],[45.44,10.75],[45.44,10.75],[45.44,10.75],[45.44,10.75],[45.44,10.75],[45.45,10.75],[45.45,10.75],[45.45,10.75],[45.45,10.75],[45.45,10.75],[45.45,10.75],[45.45,10.75],[45.45,10.75],[45.45,10.75],[45.45,10.75],[45.45,10.75],[45.45,10.75],[45.45,10.75],[45.45,10.75],[45.45,10.75],[45.45,10.75],[45.45,10.75],[45.46,10.75],[45.46,10.75],[45.46,10.75],[45.46,10.75],[45.46,10.75],[45.46,10.75],[45.46,10.75],[45.46,10.75],[45.46,10.75],[45.46,10.75],[45.46,10.76],[45.46,10.76],[45.46,10.76],[45.46,10.76],[45.46,10.76],[45.46,10.76],[45.46,10.76],[45.47,10.76],[45.47,10.76],[45.47,10.76],[45.47,10.76],[45.47,10.76],[45.47,10.76],[45.47,10.76],[45.47,10.76],[45.47,10.76],[45.47,10.76],[45.47,10.76],[45.47,10.76],[45.47,10.76],[45.47,10.76],[45.47,10.76],[45.47,10.76],[45.48,10.76],[45.48,10.76],[45.48,10.76],[45.48,10.76],[45.48,10.76],[45.48,10.76],[45.48,10.76],[45.49,10.76],[45.49,10.76],[45.49,10.76],[45.49,10.76],[45.49,10.76],[45.5,10.76],[45.5,10.76],[45.5,10.76],[45.5,10.76],[45.5,10.76],[45.5,10.76],[45.5,10.76],[45.5,10.76],[45.5,10.76],[45.5,10.76],[45.51,10.76],[45.51,10.76],[45.51,10.76],[45.51,10.76],[45.51,10.76],[45.51,10.76],[45.51,10.76],[45.51,10.76],[45.51,10.76],[45.51,10.76],[45.51,10.76],[45.51,10.76],[45.51,10.76],[45.51,10.76],[45.51,10.76],[45.51,10.76],[45.51,10.76],[45.52,10.76],[45.52,10.76],[45.52,10.76],[45.52,10.76],[45.52,10.76],[45.52,10.76],[45.52,10.76],[45.52,10.76],[45.52,10.76],[45.52,10.76],[45.52,10.76],[45.52,10.76],[45.52,10.76],[45.52,10.76],[45.52,10.76],[45.52,10.76],[45.52,10.76],[45.52,10.76],[45.52,10.76],[45.52,10.76],[45.52,10.76],[45.52,10.76],[45.52,10.76],[45.53,10.76],[45.53,10.76],[45.53,10.76],[45.53,10.76],[45.53,10.76],[45.53,10.76],[45.53,10.76],[45.53,10.76],[45.53,10.76],[45.53,10.76],[45.53,10.76],[45.53,10.76],[45.53,10.76],[45.53,10.76],[45.53,10.76],[45.53,10.76],[45.53,10.76],[45.53,10.76],[45.53,10.76],[45.53,10.76],[45.53,10.76],[45.53,10.76],[45.53,10.76],[45.53,10.76],[45.53,10.76],[45.53,10.76],[45.53,10.76],[45.54,10.76],[45.54,10.76],[45.54,10.76],[45.54,10.76],[45.54,10.76],[45.54,10.76],[45.54,10.76],[45.54,10.76],[45.54,10.76],[45.54,10.76],[45.54,10.77],[45.54,10.77],[45.54,10.77],[45.54,10.77],[45.54,10.77],[45.54,10.77],[45.54,10.77],[45.54,10.77],[45.54,10.77],[45.54,10.77],[45.54,10.77],[45.54,10.77],[45.54,10.77],[45.54,10.77],[45.54,10.77],[45.54,10.77],[45.54,10.77],[45.54,10.77],[45.54,10.77],[45.54,10.77],[45.54,10.77],[45.54,10.77],[45.54,10.77],[45.54,10.77],[45.54,10.77],[45.54,10.77],[45.54,10.77],[45.54,10.77],[45.54,10.77],[45.54,10.77],[45.54,10.77],[45.54,10.77],[45.54,10.77],[45.54,10.77],[45.54,10.77],[45.54,10.77],[45.54,10.77],[45.55,10.77],[45.55,10.77],[45.55,10.77],[45.55,10.77],[45.55,10.77],[45.55,10.77],[45.55,10.77],[45.55,10.77],[45.55,10.78],[45.55,10.78],[45.55,10.78],[45.55,10.78],[45.55,10.78],[45.55,10.78],[45.55,10.78],[45.55,10.78],[45.55,10.78],[45.55,10.78],[45.55,10.78],[45.55,10.78],[45.55,10.79],[45.55,10.79],[45.55,10.79],[45.55,10.79],[45.55,10.79],[45.55,10.79],[45.55,10.79],[45.55,10.79],[45.55,10.79],[45.55,10.79],[45.55,10.79],[45.56,10.79],[45.56,10.79],[45.56,10.79],[45.56,10.79],[45.56,10.8],[45.56,10.8],[45.56,10.8],[45.56,10.8],[45.56,10.8],[45.56,10.8],[45.56,10.8],[45.56,10.8],[45.56,10.8],[45.56,10.8],[45.56,10.8],[45.56,10.8],[45.56,10.8],[45.56,10.8],[45.56,10.8],[45.56,10.8],[45.56,10.8],[45.56,10.8],[45.56,10.8],[45.56,10.8],[45.56,10.8],[45.56,10.8],[45.56,10.8],[45.56,10.8],[45.56,10.8],[45.56,10.8],[45.56,10.8],[45.56,10.8],[45.56,10.8],[45.56,10.8],[45.56,10.8],[45.56,10.8],[45.56,10.8],[45.56,10.8],[45.56,10.8],[45.56,10.8],[45.56,10.8],[45.56,10.8],[45.56,10.8],[45.56,10.8],[45.56,10.8],[45.56,10.81],[45.56,10.81],[45.56,10.81],[45.57,10.81],[45.57,10.81],[45.57,10.81],[45.57,10.81],[45.57,10.81],[45.57,10.81],[45.57,10.81],[45.57,10.81],[45.57,10.81],[45.57,10.81],[45.57,10.81],[45.57,10.81],[45.57,10.81],[45.57,10.81],[45.57,10.81],[45.57,10.81],[45.57,10.81],[45.57,10.81],[45.57,10.81],[45.57,10.81],[45.57,10.81],[45.57,10.81],[45.57,10.81],[45.57,10.81],[45.57,10.81],[45.57,10.81],[45.57,10.81],[45.57,10.81],[45.57,10.81],[45.57,10.81],[45.57,10.81],[45.57,10.81],[45.58,10.81],[45.58,10.81],[45.58,10.81],[45.58,10.81],[45.58,10.81],[45.58,10.81],[45.58,10.81],[45.58,10.81],[45.58,10.81],[45.58,10.81],[45.58,10.81],[45.58,10.81],[45.58,10.81],[45.58,10.81],[45.58,10.81],[45.58,10.81],[45.58,10.81],[45.58,10.81],[45.58,10.81],[45.58,10.81],[45.58,10.81],[45.58,10.81],[45.59,10.81],[45.59,10.81],[45.59,10.81],[45.59,10.81],[45.59,10.81],[45.59,10.81],[45.59,10.81],[45.59,10.81],[45.59,10.82],[45.59,10.82],[45.59,10.82],[45.59,10.82],[45.59,10.82],[45.6,10.82],[45.6,10.82],[45.6,10.82],[45.6,10.82],[45.6,10.82],[45.6,10.82],[45.6,10.82],[45.6,10.82],[45.6,10.82],[45.6,10.82],[45.61,10.82],[45.61,10.82],[45.61,10.82],[45.61,10.82],[45.61,10.82],[45.62,10.82],[45.62,10.82],[45.62,10.82],[45.62,10.82],[45.62,10.82],[45.62,10.82],[45.62,10.82],[45.62,10.82],[45.62,10.82],[45.62,10.82],[45.62,10.82],[45.63,10.82],[45.63,10.82],[45.63,10.82],[45.63,10.82],[45.63,10.82],[45.63,10.82],[45.63,10.82],[45.63,10.82],[45.63,10.82],[45.63,10.82],[45.63,10.82],[45.63,10.82],[45.63,10.82],[45.63,10.82],[45.63,10.82],[45.63,10.82],[45.63,10.82],[45.64,10.82],[45.64,10.82],[45.64,10.82],[45.64,10.82],[45.64,10.82],[45.64,10.82],[45.64,10.82],[45.64,10.82],[45.64,10.82],[45.64,10.82],[45.64,10.82],[45.64,10.82],[45.64,10.82],[45.64,10.82],[45.64,10.82],[45.64,10.82],[45.64,10.82],[45.64,10.82],[45.65,10.82],[45.65,10.82],[45.65,10.82],[45.65,10.82],[45.65,10.82],[45.65,10.82],[45.65,10.82],[45.65,10.82],[45.65,10.82],[45.65,10.82],[45.65,10.82],[45.65,10.83],[45.65,10.83],[45.65,10.83],[45.65,10.83],[45.65,10.83],[45.65,10.83],[45.65,10.83],[45.65,10.83],[45.65,10.83],[45.65,10.83],[45.65,10.83],[45.65,10.83],[45.65,10.83],[45.65,10.83],[45.66,10.83],[45.66,10.83],[45.66,10.83],[45.66,10.83],[45.66,10.83],[45.66,10.83],[45.66,10.83],[45.66,10.83],[45.66,10.83],[45.66,10.83],[45.66,10.83],[45.66,10.83],[45.66,10.83],[45.66,10.83],[45.66,10.83],[45.66,10.83],[45.66,10.83],[45.66,10.83],[45.66,10.83],[45.66,10.83],[45.66,10.83],[45.66,10.83],[45.66,10.83],[45.66,10.83],[45.66,10.83],[45.66,10.83],[45.67,10.83],[45.67,10.84],[45.67,10.84],[45.67,10.84],[45.67,10.84],[45.67,10.84],[45.67,10.84],[45.67,10.84],[45.67,10.84],[45.67,10.84],[45.67,10.84],[45.67,10.84],[45.67,10.84],[45.67,10.84],[45.67,10.84],[45.67,10.84],[45.67,10.84],[45.67,10.84],[45.67,10.84],[45.67,10.84],[45.67,10.84],[45.67,10.84],[45.68,10.84],[45.68,10.84],[45.68,10.84],[45.68,10.85],[45.68,10.85],[45.68,10.85],[45.68,10.85],[45.68,10.85],[45.68,10.85],[45.68,10.85],[45.68,10.85],[45.68,10.85],[45.68,10.85],[45.69,10.85],[45.69,10.85],[45.69,10.85],[45.69,10.85],[45.69,10.85],[45.69,10.86],[45.69,10.86],[45.69,10.86],[45.69,10.86],[45.69,10.86],[45.69,10.86],[45.7,10.87],[45.7,10.87],[45.7,10.87],[45.7,10.87],[45.7,10.87],[45.7,10.87],[45.7,10.87],[45.71,10.87],[45.71,10.87],[45.71,10.87],[45.71,10.88],[45.71,10.88],[45.71,10.88],[45.71,10.88],[45.71,10.88],[45.71,10.88],[45.71,10.88],[45.71,10.88],[45.71,10.88],[45.72,10.88],[45.72,10.88],[45.72,10.88],[45.72,10.88],[45.72,10.88],[45.72,10.89],[45.72,10.89],[45.72,10.89],[45.72,10.89],[45.72,10.89],[45.72,10.89],[45.72,10.89],[45.72,10.89],[45.72,10.89],[45.73,10.89],[45.73,10.89],[45.73,10.89],[45.73,10.89],[45.73,10.89],[45.73,10.89],[45.73,10.89],[45.73,10.89],[45.73,10.89],[45.73,10.89],[45.73,10.89],[45.73,10.89],[45.73,10.89],[45.73,10.89],[45.73,10.89],[45.73,10.89],[45.73,10.89],[45.73,10.89],[45.73,10.89],[45.73,10.89],[45.73,10.9],[45.73,10.9],[45.73,10.9],[45.73,10.9],[45.73,10.9],[45.73,10.9],[45.73,10.9],[45.74,10.9],[45.74,10.9],[45.74,10.9],[45.74,10.9],[45.74,10.9],[45.74,10.9],[45.74,10.9],[45.74,10.9],[45.74,10.9],[45.74,10.9],[45.74,10.9],[45.74,10.9],[45.74,10.9],[45.74,10.9],[45.74,10.9],[45.74,10.9],[45.74,10.9],[45.74,10.9],[45.74,10.9],[45.74,10.9],[45.74,10.9],[45.74,10.9],[45.74,10.9],[45.74,10.9],[45.74,10.9],[45.74,10.9],[45.74,10.9],[45.75,10.9],[45.75,10.9],[45.75,10.9],[45.75,10.9],[45.75,10.9],[45.75,10.9],[45.75,10.9],[45.75,10.9],[45.75,10.9],[45.75,10.9],[45.75,10.9],[45.75,10.9],[45.75,10.9],[45.75,10.9],[45.75,10.9],[45.75,10.9],[45.75,10.9],[45.76,10.91],[45.76,10.91],[45.76,10.91],[45.76,10.91],[45.76,10.91],[45.76,10.91],[45.76,10.91],[45.76,10.91],[45.76,10.91],[45.76,10.91],[45.76,10.91],[45.76,10.91],[45.76,10.91],[45.76,10.91],[45.77,10.91],[45.77,10.91],[45.77,10.91],[45.77,10.91],[45.77,10.91],[45.77,10.91],[45.77,10.91],[45.77,10.91],[45.77,10.91],[45.77,10.91],[45.77,10.91],[45.77,10.91],[45.77,10.91],[45.78,10.91],[45.78,10.91],[45.78,10.91],[45.78,10.91],[45.78,10.91],[45.78,10.91],[45.78,10.91],[45.78,10.91],[45.78,10.91],[45.78,10.91],[45.78,10.91],[45.78,10.91],[45.79,10.91],[45.79,10.91],[45.79,10.91],[45.79,10.91],[45.79,10.91],[45.79,10.91],[45.79,10.91],[45.79,10.91],[45.79,10.91],[45.79,10.91],[45.8,10.91],[45.8,10.91],[45.8,10.91],[45.8,10.91],[45.8,10.91],[45.8,10.91],[45.8,10.91],[45.8,10.91],[45.8,10.91],[45.8,10.91],[45.8,10.91],[45.8,10.91],[45.81,10.91],[45.81,10.91],[45.81,10.91],[45.81,10.91],[45.81,10.91],[45.81,10.91],[45.81,10.91],[45.81,10.91],[45.81,10.91],[45.81,10.91],[45.81,10.91],[45.82,10.91],[45.82,10.91],[45.82,10.91],[45.82,10.91],[45.82,10.91],[45.82,10.91],[45.82,10.91],[45.82,10.91],[45.82,10.91],[45.82,10.91],[45.83,10.91],[45.83,10.91],[45.83,10.91],[45.83,10.91],[45.83,10.91],[45.83,10.91],[45.83,10.91],[45.84,10.91],[45.84,10.91],[45.84,10.91],[45.84,10.91],[45.84,10.91],[45.85,10.91],[45.85,10.91],[45.85,10.91],[45.85,10.91],[45.85,10.91],[45.86,10.91],[45.87,10.9],[45.87,10.9],[45.87,10.9],[45.87,10.9],[45.87,10.9],[45.88,10.9],[45.88,10.9],[45.88,10.9],[45.88,10.9],[45.88,10.9],[45.89,10.9],[45.89,10.9],[45.89,10.9],[45.89,10.9],[45.89,10.9],[45.89,10.9],[45.89,10.9],[45.89,10.9],[45.89,10.9],[45.9,10.9],[45.9,10.9],[45.9,10.9],[45.9,10.9],[45.9,10.9],[45.9,10.9],[45.9,10.9],[45.9,10.9],[45.9,10.9],[45.9,10.9],[45.9,10.9],[45.9,10.9],[45.91,10.9],[45.91,10.9],[45.91,10.9],[45.91,10.9],[45.91,10.9],[45.91,10.9],[45.91,10.9],[45.91,10.9],[45.91,10.9],[45.91,10.9],[45.91,10.9],[45.92,10.9],[45.92,10.9],[45.92,10.9],[45.92,10.9],[45.92,10.9],[45.92,10.9],[45.92,10.9],[45.92,10.9],[45.92,10.9],[45.92,10.9],[45.92,10.9],[45.93,10.9],[45.93,10.9],[45.93,10.9],[45.93,10.9],[45.93,10.9],[45.93,10.9],[45.93,10.9],[45.93,10.9],[45.93,10.9],[45.93,10.9],[45.93,10.9],[45.94,10.9],[45.94,10.9],[45.94,10.9],[45.94,10.9],[45.94,10.9],[45.94,10.89],[45.94,10.89],[45.94,10.89],[45.94,10.89],[45.94,10.89],[45.95,10.89],[45.95,10.89],[45.95,10.89],[45.95,10.89],[45.95,10.89],[45.95,10.89],[45.95,10.89],[45.96,10.89],[45.96,10.89],[45.96,10.89],[45.96,10.89],[45.96,10.89],[45.97,10.89],[45.97,10.89],[45.97,10.89],[45.97,10.89],[45.98,10.89],[45.98,10.89],[45.98,10.89],[45.98,10.88],[45.98,10.88],[45.99,10.88],[45.99,10.88],[45.99,10.88],[45.99,10.88],[46,10.88],[46,10.88],[46,10.88],[46,10.88],[46,10.88],[46.01,10.88],[46.01,10.88],[46.01,10.88],[46.02,10.87],[46.03,10.87],[46.03,10.87],[46.04,10.87],[46.04,10.87],[46.04,10.87],[46.04,10.87],[46.04,10.87],[46.05,10.87],[46.05,10.87],[46.05,10.87],[46.05,10.86],[46.05,10.86],[46.05,10.86],[46.06,10.86],[46.06,10.86],[46.06,10.86],[46.06,10.86],[46.06,10.86],[46.07,10.86],[46.07,10.86],[46.07,10.86],[46.07,10.86],[46.07,10.86],[46.08,10.86],[46.08,10.86],[46.08,10.86],[46.08,10.86],[46.08,10.86],[46.08,10.86],[46.09,10.86],[46.09,10.85],[46.09,10.85],[46.09,10.85],[46.09,10.85],[46.09,10.85],[46.1,10.85],[46.1,10.85],[46.1,10.85],[46.1,10.85],[46.1,10.85],[46.1,10.85],[46.1,10.85],[46.1,10.85],[46.1,10.85],[46.1,10.85],[46.11,10.85],[46.11,10.85],[46.11,10.85],[46.11,10.85],[46.11,10.85],[46.11,10.85],[46.11,10.85],[46.11,10.85],[46.11,10.85],[46.11,10.85],[46.11,10.85],[46.12,10.85],[46.12,10.85],[46.12,10.85],[46.12,10.85],[46.12,10.85],[46.12,10.85],[46.12,10.85],[46.12,10.85],[46.12,10.85],[46.12,10.85],[46.12,10.85],[46.13,10.85],[46.13,10.85],[46.13,10.85],[46.13,10.85],[46.13,10.85],[46.13,10.85],[46.13,10.85],[46.13,10.85],[46.13,10.85],[46.13,10.85],[46.13,10.85],[46.13,10.85],[46.14,10.85],[46.14,10.85],[46.14,10.85],[46.14,10.85],[46.14,10.85],[46.14,10.85],[46.14,10.85],[46.14,10.85],[46.14,10.85],[46.14,10.85],[46.14,10.85],[46.14,10.85],[46.15,10.85],[46.15,10.84],[46.15,10.84],[46.15,10.84],[46.15,10.84],[46.15,10.84],[46.15,10.84],[46.15,10.84],[46.15,10.84],[46.15,10.84],[46.15,10.84],[46.15,10.84],[46.15,10.84],[46.16,10.84],[46.16,10.84],[46.16,10.84],[46.16,10.84],[46.16,10.84],[46.16,10.84],[46.16,10.84],[46.16,10.84],[46.16,10.84],[46.16,10.84],[46.16,10.84],[46.16,10.84],[46.16,10.84],[46.17,10.84],[46.17,10.84],[46.17,10.84],[46.17,10.84],[46.17,10.84],[46.17,10.84],[46.17,10.84],[46.17,10.84],[46.17,10.84],[46.17,10.84],[46.17,10.84],[46.18,10.84],[46.18,10.84],[46.18,10.84],[46.18,10.84],[46.18,10.84],[46.18,10.84],[46.18,10.84],[46.18,10.84],[46.18,10.84],[46.18,10.84],[46.18,10.84],[46.18,10.84],[46.19,10.84],[46.19,10.84],[46.19,10.84],[46.19,10.84],[46.19,10.84],[46.19,10.84],[46.19,10.84],[46.19,10.84],[46.19,10.84],[46.19,10.84],[46.2,10.84],[46.2,10.84],[46.2,10.84],[46.2,10.84],[46.2,10.85],[46.2,10.85],[46.21,10.85],[46.21,10.85],[46.21,10.85],[46.21,10.85],[46.21,10.85],[46.22,10.85],[46.22,10.85],[46.22,10.85],[46.22,10.85],[46.22,10.85],[46.22,10.85],[46.23,10.85],[46.23,10.85],[46.23,10.85],[46.23,10.85],[46.23,10.85],[46.24,10.85],[46.24,10.85],[46.24,10.85],[46.25,10.85],[46.26,10.85],[46.26,10.85],[46.26,10.85],[46.26,10.85],[46.27,10.85],[46.27,10.85],[46.27,10.85],[46.27,10.85],[46.28,10.85],[46.28,10.85],[46.28,10.85],[46.28,10.85],[46.29,10.85],[46.29,10.85],[46.29,10.85],[46.29,10.85],[46.29,10.85],[46.29,10.85],[46.3,10.85],[46.3,10.85],[46.3,10.85],[46.3,10.85],[46.3,10.85],[46.3,10.85],[46.3,10.85],[46.3,10.85],[46.31,10.85],[46.31,10.85],[46.31,10.85],[46.31,10.85],[46.31,10.85],[46.31,10.85],[46.31,10.85],[46.31,10.85],[46.31,10.85],[46.32,10.85],[46.32,10.85],[46.32,10.85],[46.32,10.86],[46.32,10.86],[46.32,10.86],[46.32,10.86],[46.32,10.86],[46.32,10.86],[46.33,10.86],[46.33,10.86],[46.33,10.86],[46.33,10.86],[46.33,10.86],[46.33,10.86],[46.33,10.86],[46.33,10.86],[46.34,10.86],[46.34,10.86],[46.34,10.85],[46.34,10.85],[46.34,10.85],[46.34,10.85],[46.34,10.85],[46.34,10.85],[46.34,10.85],[46.35,10.85],[46.35,10.85],[46.35,10.85],[46.35,10.85],[46.35,10.85],[46.35,10.85],[46.35,10.85],[46.35,10.85],[46.35,10.85],[46.36,10.85],[46.36,10.85],[46.36,10.85],[46.36,10.85],[46.36,10.85],[46.36,10.85],[46.36,10.85],[46.36,10.85],[46.36,10.85],[46.37,10.85],[46.37,10.85],[46.37,10.85],[46.37,10.85],[46.37,10.85],[46.37,10.85],[46.37,10.85],[46.37,10.85],[46.37,10.85],[46.38,10.85],[46.38,10.85],[46.38,10.85],[46.38,10.85],[46.38,10.85],[46.38,10.85],[46.38,10.85],[46.38,10.85],[46.38,10.85],[46.38,10.85],[46.39,10.85],[46.39,10.85],[46.39,10.85],[46.39,10.85],[46.39,10.85],[46.39,10.85],[46.39,10.85],[46.39,10.85],[46.39,10.85],[46.39,10.85],[46.4,10.85],[46.4,10.85],[46.4,10.85],[46.4,10.85],[46.4,10.85],[46.4,10.84],[46.4,10.84],[46.4,10.84],[46.4,10.84],[46.4,10.84],[46.4,10.84],[46.4,10.84],[46.4,10.84],[46.4,10.84],[46.4,10.84],[46.41,10.84],[46.41,10.84],[46.41,10.84],[46.41,10.84],[46.41,10.84],[46.41,10.84],[46.41,10.84],[46.41,10.84],[46.41,10.84],[46.41,10.84],[46.41,10.84],[46.41,10.84],[46.41,10.84],[46.41,10.84],[46.42,10.84],[46.42,10.84],[46.42,10.84],[46.42,10.84],[46.42,10.84],[46.42,10.84],[46.42,10.84],[46.42,10.84],[46.42,10.84],[46.42,10.83],[46.42,10.83],[46.43,10.83],[46.43,10.83],[46.43,10.83],[46.43,10.83],[46.43,10.83],[46.43,10.83],[46.43,10.83],[46.44,10.83],[46.44,10.83],[46.44,10.82],[46.45,10.82],[46.45,10.82],[46.45,10.82],[46.45,10.82],[46.45,10.82],[46.45,10.82],[46.46,10.82],[46.46,10.82],[46.46,10.82],[46.46,10.82],[46.46,10.82],[46.46,10.81],[46.46,10.81],[46.46,10.81],[46.46,10.81],[46.46,10.81],[46.46,10.81],[46.46,10.81],[46.47,10.81],[46.47,10.81],[46.47,10.81],[46.47,10.81],[46.47,10.81],[46.47,10.81],[46.47,10.81],[46.47,10.81],[46.47,10.81],[46.47,10.81],[46.47,10.81],[46.47,10.81],[46.47,10.81],[46.47,10.81],[46.48,10.81],[46.48,10.81],[46.48,10.81],[46.48,10.81],[46.48,10.81],[46.48,10.81],[46.48,10.81],[46.48,10.81],[46.48,10.81],[46.48,10.81],[46.48,10.81],[46.48,10.8],[46.48,10.8],[46.48,10.8],[46.48,10.8],[46.49,10.8],[46.49,10.8],[46.49,10.8],[46.49,10.8],[46.49,10.8],[46.49,10.8],[46.49,10.8],[46.49,10.8],[46.49,10.8],[46.49,10.8],[46.49,10.8],[46.5,10.8],[46.5,10.8],[46.5,10.8],[46.5,10.8],[46.5,10.8],[46.5,10.8],[46.51,10.8],[46.51,10.8],[46.51,10.8],[46.51,10.8],[46.51,10.8],[46.51,10.8],[46.52,10.8],[46.52,10.8],[46.52,10.8],[46.52,10.8],[46.52,10.79],[46.52,10.79],[46.52,10.79],[46.53,10.79],[46.53,10.79],[46.53,10.79],[46.53,10.79],[46.53,10.79],[46.53,10.79],[46.54,10.79],[46.54,10.79],[46.54,10.79],[46.54,10.79],[46.54,10.79],[46.54,10.79],[46.55,10.79],[46.55,10.79],[46.55,10.79],[46.55,10.79],[46.55,10.79],[46.55,10.79],[46.55,10.79],[46.56,10.79],[46.56,10.79],[46.56,10.79],[46.56,10.79],[46.56,10.79],[46.56,10.79],[46.56,10.79],[46.57,10.79],[46.57,10.79],[46.57,10.79],[46.57,10.79],[46.57,10.79],[46.57,10.79],[46.58,10.79],[46.58,10.79],[46.58,10.79],[46.58,10.79],[46.58,10.79],[46.58,10.79],[46.58,10.79],[46.58,10.79],[46.58,10.79],[46.59,10.79],[46.59,10.79],[46.59,10.79],[46.59,10.79],[46.59,10.79],[46.59,10.79],[46.59,10.79],[46.59,10.79],[46.59,10.79],[46.59,10.79],[46.59,10.79],[46.59,10.79],[46.59,10.79],[46.59,10.79],[46.6,10.79],[46.6,10.79],[46.6,10.79],[46.6,10.79],[46.6,10.79],[46.6,10.79],[46.6,10.79],[46.6,10.79],[46.6,10.79],[46.6,10.79],[46.6,10.79],[46.6,10.79],[46.6,10.79],[46.6,10.79],[46.61,10.79],[46.61,10.79],[46.61,10.79],[46.61,10.79],[46.61,10.79],[46.61,10.79],[46.61,10.79],[46.61,10.79],[46.61,10.79],[46.61,10.79],[46.61,10.79],[46.61,10.79],[46.61,10.79],[46.61,10.79],[46.61,10.79],[46.62,10.79],[46.62,10.79],[46.62,10.79],[46.62,10.79],[46.62,10.79],[46.62,10.79],[46.62,10.79],[46.62,10.79],[46.62,10.79],[46.62,10.79],[46.62,10.79],[46.62,10.79],[46.62,10.79],[46.62,10.79],[46.62,10.79],[46.63,10.79],[46.63,10.79],[46.63,10.79],[46.63,10.79],[46.63,10.79],[46.63,10.79],[46.63,10.79],[46.63,10.79],[46.63,10.79],[46.63,10.79],[46.63,10.79],[46.63,10.79],[46.63,10.79],[46.63,10.79],[46.63,10.79],[46.63,10.79],[46.63,10.79],[46.64,10.79],[46.64,10.79],[46.64,10.79],[46.64,10.79],[46.64,10.79],[46.64,10.79],[46.64,10.79],[46.64,10.79],[46.64,10.79],[46.64,10.79],[46.64,10.79],[46.64,10.79],[46.64,10.79],[46.64,10.79],[46.64,10.79],[46.64,10.79],[46.65,10.79],[46.65,10.79],[46.65,10.8],[46.65,10.8],[46.65,10.8],[46.65,10.8],[46.65,10.8],[46.65,10.8],[46.65,10.8],[46.65,10.8],[46.65,10.8],[46.65,10.8],[46.65,10.8],[46.65,10.8],[46.65,10.8],[46.65,10.8],[46.65,10.8],[46.66,10.8],[46.66,10.8],[46.66,10.8],[46.66,10.8],[46.66,10.8],[46.66,10.8],[46.66,10.8],[46.66,10.8],[46.66,10.8],[46.66,10.8],[46.66,10.8],[46.66,10.8],[46.66,10.8],[46.66,10.8],[46.66,10.8],[46.66,10.8],[46.66,10.8],[46.66,10.8],[46.66,10.8],[46.67,10.8],[46.67,10.8],[46.67,10.8],[46.67,10.8],[46.67,10.8],[46.67,10.8],[46.67,10.8],[46.67,10.8],[46.67,10.8],[46.67,10.8],[46.67,10.8],[46.67,10.8],[46.67,10.8],[46.67,10.8],[46.67,10.8],[46.67,10.8],[46.67,10.8],[46.67,10.81],[46.67,10.81],[46.67,10.81],[46.67,10.81],[46.67,10.81],[46.68,10.81],[46.68,10.81],[46.68,10.81],[46.68,10.81],[46.68,10.81],[46.68,10.81],[46.68,10.81],[46.68,10.81],[46.68,10.81],[46.68,10.81],[46.68,10.81],[46.68,10.81],[46.68,10.81],[46.68,10.81],[46.68,10.81],[46.68,10.81],[46.68,10.81],[46.68,10.81],[46.68,10.81],[46.69,10.81],[46.69,10.81],[46.69,10.81],[46.69,10.81],[46.69,10.82],[46.69,10.82],[46.69,10.82],[46.69,10.82],[46.69,10.82],[46.69,10.82],[46.7,10.82],[46.7,10.82],[46.7,10.82],[46.7,10.82],[46.7,10.83],[46.7,10.83],[46.7,10.83],[46.71,10.83],[46.71,10.83],[46.71,10.83],[46.71,10.83],[46.71,10.83],[46.71,10.83],[46.71,10.83],[46.71,10.83],[46.71,10.83],[46.71,10.83],[46.71,10.83],[46.71,10.83],[46.71,10.83],[46.71,10.83],[46.71,10.83],[46.71,10.83],[46.71,10.83],[46.71,10.83],[46.71,10.83],[46.71,10.83],[46.72,10.83],[46.72,10.83],[46.72,10.83],[46.72,10.83],[46.72,10.83],[46.72,10.83],[46.72,10.83],[46.72,10.84],[46.72,10.84],[46.72,10.84],[46.72,10.84],[46.72,10.84],[46.72,10.84],[46.72,10.84],[46.72,10.84],[46.72,10.84],[46.72,10.84],[46.72,10.84],[46.72,10.84],[46.72,10.84],[46.72,10.84],[46.72,10.84],[46.72,10.84],[46.72,10.84],[46.72,10.84],[46.73,10.84],[46.73,10.84],[46.73,10.84],[46.73,10.84],[46.73,10.84],[46.73,10.84],[46.73,10.84],[46.73,10.84],[46.73,10.84],[46.73,10.84],[46.73,10.84],[46.73,10.84],[46.73,10.84],[46.73,10.84],[46.73,10.84],[46.73,10.84],[46.73,10.84],[46.74,10.84],[46.74,10.84],[46.74,10.84],[46.74,10.84],[46.74,10.84],[46.74,10.84],[46.74,10.84],[46.74,10.84],[46.74,10.84],[46.74,10.84],[46.74,10.84],[46.74,10.84],[46.74,10.84],[46.74,10.84],[46.74,10.84],[46.75,10.84],[46.75,10.84],[46.75,10.84],[46.75,10.84],[46.75,10.84],[46.75,10.84],[46.75,10.84],[46.75,10.84],[46.75,10.84],[46.75,10.84],[46.75,10.84],[46.75,10.84],[46.75,10.84],[46.76,10.84],[46.76,10.84],[46.76,10.85],[46.76,10.85],[46.76,10.85],[46.76,10.85],[46.76,10.85],[46.76,10.85],[46.76,10.85],[46.76,10.85],[46.76,10.85],[46.76,10.85],[46.77,10.85],[46.77,10.85],[46.77,10.85],[46.78,10.85],[46.78,10.85],[46.78,10.85],[46.78,10.85],[46.78,10.85],[46.78,10.85],[46.78,10.85],[46.79,10.85],[46.79,10.85],[46.79,10.85],[46.79,10.85],[46.79,10.85],[46.79,10.85],[46.79,10.85],[46.79,10.85],[46.79,10.85],[46.79,10.85],[46.79,10.85],[46.79,10.85],[46.79,10.85],[46.8,10.85],[46.8,10.85],[46.8,10.85],[46.8,10.85],[46.8,10.85],[46.8,10.85],[46.8,10.85],[46.8,10.85],[46.8,10.85],[46.8,10.85],[46.8,10.85],[46.8,10.85],[46.8,10.85],[46.8,10.85],[46.81,10.85],[46.81,10.85],[46.81,10.85],[46.81,10.85],[46.81,10.85],[46.81,10.85],[46.81,10.85],[46.81,10.85],[46.81,10.85],[46.81,10.85],[46.81,10.85],[46.81,10.85],[46.81,10.85],[46.81,10.85],[46.81,10.85],[46.82,10.85],[46.82,10.85],[46.82,10.85],[46.82,10.85],[46.82,10.85],[46.82,10.85],[46.82,10.85],[46.82,10.85],[46.82,10.85],[46.82,10.85],[46.82,10.85],[46.82,10.85],[46.82,10.85],[46.82,10.85],[46.82,10.85],[46.82,10.85],[46.82,10.86],[46.82,10.86],[46.83,10.86],[46.83,10.86],[46.83,10.86],[46.83,10.86],[46.83,10.86],[46.83,10.86],[46.83,10.86],[46.83,10.86],[46.83,10.86],[46.83,10.86],[46.83,10.86],[46.83,10.86],[46.83,10.86],[46.83,10.86],[46.83,10.86],[46.83,10.86],[46.83,10.86],[46.83,10.86],[46.83,10.86],[46.84,10.86],[46.84,10.86],[46.84,10.86],[46.84,10.86],[46.84,10.86],[46.84,10.86],[46.84,10.86],[46.84,10.86],[46.84,10.86],[46.84,10.86],[46.84,10.86],[46.84,10.86],[46.84,10.86],[46.84,10.86],[46.84,10.87],[46.84,10.87],[46.84,10.87],[46.84,10.87],[46.85,10.87],[46.85,10.87],[46.85,10.87],[46.85,10.87],[46.85,10.87],[46.85,10.87],[46.85,10.87],[46.85,10.87],[46.85,10.87],[46.85,10.87],[46.85,10.87],[46.85,10.87],[46.85,10.87],[46.85,10.87],[46.85,10.87],[46.85,10.87],[46.86,10.87],[46.86,10.87],[46.86,10.87],[46.86,10.88],[46.86,10.88],[46.86,10.88],[46.86,10.88],[46.86,10.88],[46.86,10.88],[46.86,10.88],[46.87,10.88],[46.87,10.88],[46.87,10.88],[46.87,10.88],[46.87,10.88],[46.87,10.89],[46.87,10.89],[46.87,10.89],[46.87,10.89],[46.88,10.89],[46.88,10.89],[46.88,10.89],[46.88,10.89],[46.88,10.89],[46.88,10.89],[46.89,10.9],[46.89,10.9],[46.89,10.9],[46.89,10.9],[46.9,10.9],[46.9,10.91],[46.9,10.91],[46.9,10.91],[46.9,10.91],[46.9,10.91],[46.9,10.91],[46.91,10.91],[46.91,10.91],[46.91,10.91],[46.91,10.92],[46.91,10.92],[46.91,10.92],[46.91,10.92],[46.91,10.92],[46.92,10.92],[46.92,10.92],[46.92,10.92],[46.92,10.92],[46.92,10.92],[46.92,10.92],[46.92,10.93],[46.92,10.93],[46.92,10.93],[46.92,10.93],[46.93,10.93],[46.93,10.93],[46.93,10.93],[46.93,10.93],[46.93,10.93],[46.93,10.93],[46.93,10.93],[46.93,10.94],[46.93,10.94],[46.94,10.94],[46.94,10.94],[46.94,10.94],[46.94,10.94],[46.94,10.94],[46.94,10.94],[46.94,10.94],[46.94,10.94],[46.94,10.95],[46.95,10.95],[46.95,10.95],[46.95,10.95],[46.95,10.95],[46.95,10.95],[46.95,10.95],[46.95,10.95],[46.95,10.95],[46.95,10.96],[46.96,10.96],[46.96,10.96],[46.96,10.96],[46.96,10.96],[46.96,10.96],[46.96,10.96],[46.96,10.96],[46.96,10.96],[46.96,10.97],[46.97,10.97],[46.97,10.97],[46.97,10.97],[46.97,10.97],[46.97,10.97],[46.97,10.97],[46.97,10.97],[46.97,10.97],[46.97,10.98],[46.98,10.98],[46.98,10.98],[46.98,10.98],[46.98,10.98],[46.98,10.98],[46.98,10.98],[46.98,10.98],[46.98,10.99],[46.98,10.99],[46.98,10.99],[46.99,10.99],[46.99,10.99],[46.99,10.99],[46.99,10.99],[46.99,10.99],[46.99,10.99],[46.99,11],[46.99,11],[46.99,11],[46.99,11],[47,11],[47,11],[47,11],[47,11],[47,11],[47,11.01],[47,11.01],[47,11.01],[47,11.01],[47,11.01],[47.01,11.01],[47.01,11.01],[47.01,11.01],[47.01,11.02],[47.01,11.02],[47.01,11.02],[47.01,11.02],[47.01,11.02],[47.01,11.02],[47.02,11.03],[47.02,11.03],[47.02,11.03],[47.02,11.03],[47.02,11.04],[47.03,11.04],[47.03,11.04],[47.03,11.04],[47.03,11.05],[47.03,11.05],[47.04,11.05],[47.04,11.06],[47.05,11.07],[47.05,11.07],[47.06,11.08],[47.06,11.08],[47.06,11.08],[47.06,11.09],[47.07,11.09],[47.07,11.09],[47.07,11.09],[47.07,11.09],[47.07,11.1],[47.07,11.1],[47.07,11.1],[47.08,11.1],[47.08,11.1],[47.08,11.1],[47.08,11.11],[47.08,11.11],[47.08,11.11],[47.08,11.11],[47.08,11.11],[47.08,11.11],[47.09,11.11],[47.09,11.12],[47.09,11.12],[47.09,11.12],[47.09,11.12],[47.09,11.12],[47.09,11.12],[47.09,11.13],[47.1,11.13],[47.1,11.13],[47.1,11.13],[47.1,11.13],[47.1,11.13],[47.1,11.13],[47.1,11.14],[47.1,11.14],[47.11,11.14],[47.11,11.14],[47.11,11.14],[47.11,11.14],[47.11,11.14],[47.11,11.14],[47.11,11.15],[47.11,11.15],[47.12,11.15],[47.12,11.15],[47.12,11.15],[47.12,11.15],[47.12,11.15],[47.12,11.15],[47.12,11.16],[47.12,11.16],[47.12,11.16],[47.13,11.16],[47.13,11.16],[47.13,11.16],[47.13,11.16],[47.13,11.16],[47.13,11.17],[47.13,11.17],[47.13,11.17],[47.14,11.17],[47.14,11.17],[47.14,11.17],[47.14,11.17],[47.14,11.17],[47.14,11.18],[47.14,11.18],[47.14,11.18],[47.15,11.18],[47.15,11.18],[47.15,11.18],[47.15,11.18],[47.15,11.18],[47.15,11.18],[47.15,11.19],[47.15,11.19],[47.16,11.19],[47.16,11.19],[47.16,11.19],[47.16,11.19],[47.16,11.19],[47.16,11.19],[47.16,11.19],[47.16,11.2],[47.16,11.2],[47.17,11.2],[47.17,11.2],[47.17,11.2],[47.17,11.2],[47.17,11.2],[47.17,11.2],[47.17,11.2],[47.17,11.2],[47.18,11.21],[47.18,11.21],[47.18,11.21],[47.18,11.21],[47.18,11.21],[47.18,11.21],[47.18,11.21],[47.18,11.21],[47.19,11.21],[47.19,11.21],[47.19,11.21],[47.19,11.21],[47.19,11.22],[47.19,11.22],[47.19,11.22],[47.19,11.22],[47.2,11.22],[47.2,11.22],[47.2,11.22],[47.2,11.22],[47.2,11.22],[47.2,11.22],[47.2,11.22],[47.2,11.22],[47.21,11.22],[47.21,11.23],[47.21,11.23],[47.21,11.23],[47.21,11.23],[47.21,11.23],[47.21,11.23],[47.22,11.23],[47.22,11.23],[47.22,11.23],[47.22,11.23],[47.22,11.23],[47.22,11.24],[47.22,11.24],[47.23,11.24],[47.23,11.24],[47.23,11.24],[47.23,11.24],[47.23,11.24],[47.23,11.24],[47.23,11.24],[47.24,11.24],[47.24,11.24],[47.24,11.24],[47.24,11.25],[47.24,11.25],[47.24,11.25],[47.24,11.25],[47.25,11.25],[47.25,11.25],[47.25,11.25],[47.25,11.25],[47.25,11.25],[47.25,11.25],[47.25,11.25],[47.26,11.25],[47.26,11.25],[47.26,11.26],[47.26,11.26],[47.26,11.26],[47.26,11.26],[47.26,11.26],[47.27,11.26],[47.27,11.26],[47.27,11.26],[47.27,11.26],[47.27,11.26],[47.27,11.26],[47.27,11.26],[47.28,11.26],[47.28,11.26],[47.28,11.26],[47.28,11.27],[47.28,11.27],[47.28,11.27],[47.28,11.27],[47.28,11.27],[47.29,11.27],[47.29,11.27],[47.29,11.27],[47.29,11.27],[47.29,11.27],[47.29,11.27],[47.29,11.27],[47.3,11.27],[47.3,11.27],[47.3,11.27],[47.3,11.27],[47.3,11.28],[47.3,11.28],[47.3,11.28],[47.3,11.28],[47.31,11.28],[47.31,11.28],[47.31,11.28],[47.31,11.28],[47.31,11.28],[47.31,11.28],[47.31,11.28],[47.32,11.28],[47.32,11.28],[47.32,11.28],[47.32,11.28],[47.32,11.28],[47.32,11.28],[47.32,11.28],[47.32,11.29],[47.33,11.29],[47.33,11.29],[47.33,11.29],[47.33,11.29],[47.33,11.29],[47.33,11.29],[47.33,11.29],[47.33,11.29],[47.34,11.29],[47.34,11.29],[47.34,11.29],[47.34,11.29],[47.34,11.29],[47.34,11.29],[47.34,11.29],[47.34,11.29],[47.35,11.29],[47.35,11.29],[47.35,11.29],[47.35,11.29],[47.35,11.29],[47.35,11.3],[47.35,11.3],[47.35,11.3],[47.36,11.3],[47.36,11.3],[47.36,11.3],[47.36,11.3],[47.36,11.3],[47.36,11.3],[47.36,11.3],[47.36,11.3],[47.37,11.3],[47.37,11.3],[47.37,11.3],[47.37,11.3],[47.37,11.3],[47.37,11.3],[47.37,11.3],[47.37,11.3],[47.37,11.3],[47.38,11.3],[47.38,11.3],[47.38,11.3],[47.38,11.3],[47.38,11.3],[47.38,11.3],[47.38,11.3],[47.38,11.3],[47.38,11.3],[47.39,11.3],[47.39,11.3],[47.39,11.31],[47.39,11.31],[47.39,11.31],[47.39,11.31],[47.39,11.31],[47.39,11.31],[47.39,11.31],[47.39,11.31],[47.4,11.31],[47.4,11.31],[47.4,11.31],[47.4,11.31],[47.4,11.31],[47.4,11.31],[47.4,11.31],[47.4,11.31],[47.4,11.31],[47.41,11.31],[47.41,11.31],[47.41,11.31],[47.41,11.31],[47.41,11.31],[47.41,11.31],[47.41,11.31],[47.41,11.31],[47.41,11.31],[47.42,11.31],[47.42,11.31],[47.42,11.31],[47.42,11.31],[47.42,11.31],[47.42,11.31],[47.42,11.31],[47.42,11.31],[47.42,11.31],[47.43,11.31],[47.43,11.31],[47.43,11.31],[47.43,11.31],[47.43,11.31],[47.43,11.31],[47.43,11.31],[47.43,11.31],[47.44,11.31],[47.44,11.31],[47.44,11.31],[47.44,11.31],[47.44,11.31],[47.44,11.31],[47.44,11.31],[47.45,11.31],[47.45,11.31],[47.45,11.31],[47.45,11.31],[47.45,11.31],[47.45,11.31],[47.45,11.31],[47.45,11.31],[47.45,11.31],[47.46,11.31],[47.46,11.31],[47.46,11.31],[47.46,11.31],[47.46,11.31],[47.46,11.31],[47.46,11.31],[47.46,11.31],[47.46,11.31],[47.47,11.31],[47.47,11.31],[47.47,11.31],[47.47,11.31],[47.47,11.31],[47.47,11.31],[47.47,11.31],[47.47,11.31],[47.47,11.31],[47.48,11.31],[47.48,11.31],[47.48,11.31],[47.48,11.31],[47.48,11.31],[47.48,11.31],[47.48,11.31],[47.49,11.31],[47.49,11.31],[47.49,11.31],[47.49,11.31],[47.49,11.31],[47.5,11.31],[47.5,11.31],[47.5,11.31],[47.5,11.3],[47.51,11.3],[47.51,11.3],[47.51,11.3],[47.51,11.3],[47.52,11.3],[47.53,11.3],[47.53,11.3],[47.54,11.3],[47.54,11.3],[47.54,11.3],[47.55,11.3],[47.55,11.3],[47.55,11.3],[47.55,11.3],[47.55,11.3],[47.56,11.3],[47.56,11.3],[47.56,11.3],[47.56,11.3],[47.56,11.3],[47.56,11.3],[47.56,11.3],[47.57,11.3],[47.57,11.3],[47.57,11.3],[47.57,11.3],[47.57,11.3],[47.57,11.3],[47.57,11.3],[47.57,11.3],[47.58,11.3],[47.58,11.3],[47.58,11.3],[47.58,11.3],[47.58,11.3],[47.58,11.3],[47.58,11.3],[47.59,11.3],[47.59,11.3],[47.59,11.3],[47.59,11.3],[47.59,11.3],[47.59,11.3],[47.59,11.3],[47.59,11.3],[47.6,11.3],[47.6,11.3],[47.6,11.3],[47.6,11.3],[47.6,11.3],[47.6,11.3],[47.6,11.29],[47.6,11.29],[47.61,11.29],[47.61,11.29],[47.61,11.29],[47.61,11.29],[47.61,11.29],[47.61,11.29],[47.61,11.29],[47.61,11.29],[47.61,11.29],[47.62,11.29],[47.62,11.29],[47.62,11.29],[47.62,11.29],[47.62,11.29],[47.62,11.29],[47.62,11.29],[47.62,11.3],[47.62,11.3],[47.63,11.3],[47.63,11.3],[47.63,11.3],[47.63,11.3],[47.63,11.3],[47.63,11.3],[47.63,11.3],[47.63,11.3],[47.63,11.3],[47.63,11.3],[47.64,11.3],[47.64,11.3],[47.64,11.3],[47.64,11.3],[47.64,11.3],[47.64,11.3],[47.64,11.3],[47.64,11.3],[47.64,11.3],[47.64,11.3],[47.65,11.3],[47.65,11.3],[47.65,11.3],[47.65,11.3],[47.65,11.3],[47.65,11.3],[47.65,11.3],[47.65,11.3],[47.65,11.3],[47.65,11.3],[47.65,11.3],[47.66,11.3],[47.66,11.3],[47.66,11.3],[47.66,11.3],[47.66,11.3],[47.66,11.3],[47.66,11.3],[47.66,11.3],[47.66,11.3],[47.66,11.3],[47.66,11.3],[47.67,11.3],[47.67,11.3],[47.67,11.3],[47.67,11.3],[47.67,11.3],[47.67,11.3],[47.67,11.3],[47.67,11.3],[47.67,11.3],[47.67,11.3],[47.67,11.3],[47.68,11.3],[47.68,11.3],[47.68,11.3],[47.68,11.3],[47.68,11.3],[47.68,11.3],[47.68,11.3],[47.68,11.3],[47.68,11.3],[47.68,11.31],[47.69,11.31],[47.69,11.31],[47.69,11.31],[47.69,11.31],[47.69,11.31],[47.69,11.31],[47.69,11.31],[47.69,11.31],[47.69,11.31],[47.69,11.31],[47.7,11.31],[47.7,11.31],[47.7,11.31],[47.7,11.31],[47.7,11.31],[47.7,11.31],[47.7,11.31],[47.71,11.31],[47.71,11.31],[47.71,11.32],[47.71,11.32],[47.71,11.32],[47.72,11.32],[47.72,11.32],[47.72,11.32],[47.72,11.32],[47.72,11.32],[47.72,11.32],[47.72,11.32],[47.72,11.32],[47.72,11.32],[47.73,11.32],[47.73,11.32],[47.73,11.32],[47.73,11.32],[47.73,11.32],[47.73,11.32],[47.73,11.32],[47.73,11.32],[47.73,11.32],[47.73,11.32],[47.73,11.32],[47.74,11.32],[47.74,11.32],[47.74,11.32],[47.74,11.32],[47.74,11.32],[47.74,11.32],[47.74,11.32],[47.74,11.32],[47.74,11.32],[47.74,11.32],[47.75,11.33],[47.75,11.33],[47.75,11.33],[47.75,11.33],[47.75,11.33],[47.75,11.33],[47.75,11.33],[47.75,11.33],[47.75,11.33],[47.75,11.33],[47.76,11.33],[47.76,11.33],[47.76,11.33],[47.76,11.33],[47.76,11.33],[47.76,11.33],[47.76,11.33],[47.76,11.33],[47.76,11.33],[47.77,11.33],[47.77,11.33],[47.77,11.33],[47.77,11.33],[47.77,11.33],[47.77,11.33],[47.77,11.33],[47.77,11.33],[47.77,11.33],[47.78,11.33],[47.78,11.33],[47.78,11.33],[47.78,11.33],[47.78,11.33],[47.78,11.33],[47.78,11.33],[47.78,11.33],[47.78,11.33],[47.79,11.33],[47.79,11.33],[47.79,11.33],[47.79,11.33],[47.79,11.33],[47.79,11.33],[47.79,11.33],[47.79,11.33],[47.8,11.33],[47.8,11.33],[47.8,11.33],[47.8,11.33],[47.8,11.33],[47.8,11.33],[47.8,11.33],[47.8,11.33],[47.81,11.33],[47.81,11.33],[47.81,11.33],[47.81,11.33],[47.81,11.33],[47.81,11.33],[47.81,11.33],[47.81,11.33],[47.82,11.33],[47.82,11.33],[47.82,11.33],[47.82,11.33],[47.82,11.33],[47.82,11.33],[47.82,11.33],[47.82,11.33],[47.82,11.33],[47.83,11.33],[47.83,11.33],[47.83,11.33],[47.83,11.33],[47.83,11.33],[47.83,11.33],[47.83,11.33],[47.83,11.33],[47.84,11.33],[47.84,11.33],[47.84,11.33],[47.84,11.33],[47.84,11.33],[47.84,11.33],[47.84,11.33],[47.85,11.33],[47.85,11.33],[47.85,11.33],[47.85,11.33],[47.85,11.33],[47.85,11.33],[47.85,11.33],[47.85,11.33],[47.86,11.33],[47.86,11.33],[47.86,11.33],[47.86,11.33],[47.86,11.32],[47.86,11.32],[47.86,11.32],[47.87,11.32],[47.87,11.32],[47.87,11.32],[47.87,11.32],[47.87,11.32],[47.87,11.32],[47.88,11.32],[47.88,11.32],[47.88,11.32],[47.89,11.32],[47.89,11.32],[47.89,11.32],[47.9,11.32],[47.91,11.32],[47.91,11.32],[47.91,11.32],[47.91,11.32],[47.92,11.32],[47.92,11.32],[47.92,11.32],[47.92,11.31],[47.92,11.31],[47.93,11.31],[47.93,11.31],[47.93,11.31],[47.93,11.31],[47.94,11.31],[47.94,11.31],[47.94,11.31],[47.94,11.31],[47.94,11.31],[47.95,11.31],[47.95,11.31],[47.95,11.31],[47.95,11.31],[47.95,11.31],[47.96,11.31],[47.96,11.31],[47.96,11.31],[47.96,11.31],[47.96,11.31],[47.96,11.31],[47.96,11.31],[47.96,11.31],[47.96,11.31],[47.96,11.31],[47.97,11.31],[47.97,11.31],[47.97,11.31],[47.97,11.31],[47.97,11.31],[47.97,11.31],[47.97,11.31],[47.97,11.31],[47.97,11.31],[47.98,11.31],[47.98,11.31],[47.98,11.31],[47.98,11.31],[47.98,11.31],[47.98,11.31],[47.98,11.31],[47.98,11.31],[47.98,11.31],[47.99,11.31],[47.99,11.31],[47.99,11.31],[47.99,11.31],[47.99,11.31],[47.99,11.31],[47.99,11.31],[47.99,11.31],[47.99,11.31],[47.99,11.31],[48,11.31],[48,11.31],[48,11.31],[48,11.31],[48,11.31],[48,11.31],[48,11.31],[48,11.31],[48,11.31],[48.01,11.31],[48.01,11.31],[48.01,11.31],[48.01,11.31],[48.01,11.31],[48.01,11.31],[48.01,11.31],[48.01,11.31],[48.01,11.31],[48.01,11.31],[48.01,11.31],[48.02,11.31],[48.02,11.31],[48.02,11.31],[48.02,11.31],[48.02,11.31],[48.02,11.31],[48.02,11.31],[48.02,11.31],[48.02,11.31],[48.02,11.31],[48.03,11.31],[48.03,11.31],[48.03,11.31],[48.03,11.31],[48.03,11.31],[48.03,11.31],[48.03,11.31],[48.03,11.31],[48.03,11.31],[48.03,11.31],[48.04,11.31],[48.04,11.31],[48.04,11.31],[48.04,11.31],[48.04,11.31],[48.04,11.31],[48.04,11.31],[48.04,11.31],[48.04,11.31],[48.05,11.31],[48.05,11.31],[48.05,11.31],[48.05,11.31],[48.05,11.31],[48.05,11.31],[48.05,11.31],[48.05,11.31],[48.06,11.31],[48.06,11.31],[48.06,11.31],[48.06,11.31],[48.06,11.31],[48.06,11.31],[48.06,11.31],[48.06,11.31],[48.07,11.31],[48.07,11.31],[48.07,11.31],[48.07,11.32],[48.07,11.32],[48.07,11.32],[48.07,11.32],[48.07,11.32],[48.08,11.32],[48.08,11.32],[48.08,11.32],[48.08,11.32],[48.08,11.32],[48.08,11.32],[48.08,11.32],[48.08,11.32],[48.09,11.32],[48.09,11.32],[48.09,11.32],[48.09,11.32],[48.09,11.32],[48.09,11.32],[48.09,11.32],[48.09,11.32],[48.09,11.32],[48.1,11.32],[48.1,11.32],[48.1,11.32],[48.1,11.32],[48.1,11.32],[48.1,11.32],[48.1,11.32],[48.1,11.32],[48.11,11.32],[48.11,11.32],[48.11,11.32],[48.11,11.32],[48.11,11.32],[48.11,11.32],[48.11,11.32],[48.11,11.32],[48.12,11.32],[48.12,11.32],[48.12,11.33],[48.12,11.33],[48.12,11.33],[48.12,11.33],[48.12,11.33],[48.12,11.33],[48.13,11.33],[48.13,11.33],[48.13,11.33],[48.13,11.33],[48.13,11.33],[48.13,11.33],[48.13,11.33],[48.13,11.33],[48.14,11.33],[48.14,11.33],[48.14,11.33],[48.14,11.33],[48.14,11.33],[48.14,11.33],[48.14,11.33],[48.14,11.33],[48.15,11.33],[48.15,11.33],[48.15,11.33],[48.15,11.33],[48.15,11.33],[48.15,11.33],[48.15,11.33],[48.15,11.33],[48.16,11.33],[48.16,11.34],[48.16,11.34],[48.16,11.34],[48.16,11.34],[48.16,11.34],[48.16,11.34],[48.16,11.34],[48.17,11.34],[48.17,11.34],[48.17,11.34],[48.17,11.34],[48.17,11.34],[48.17,11.34],[48.17,11.34],[48.17,11.34],[48.18,11.34],[48.18,11.34],[48.18,11.34],[48.18,11.34],[48.18,11.34],[48.18,11.34],[48.18,11.34],[48.18,11.34],[48.18,11.34],[48.19,11.34],[48.19,11.34],[48.19,11.35],[48.19,11.35],[48.19,11.35],[48.19,11.35],[48.19,11.35],[48.19,11.35],[48.2,11.35],[48.2,11.35],[48.2,11.35],[48.2,11.35],[48.2,11.35],[48.2,11.35],[48.2,11.35],[48.2,11.35],[48.21,11.35],[48.21,11.35],[48.21,11.35],[48.21,11.35],[48.21,11.35],[48.21,11.35],[48.21,11.35],[48.21,11.35],[48.22,11.35],[48.22,11.35],[48.22,11.36],[48.22,11.36],[48.22,11.36],[48.22,11.36],[48.22,11.36],[48.22,11.36],[48.23,11.36],[48.23,11.36],[48.23,11.36],[48.23,11.36],[48.23,11.36],[48.23,11.36],[48.23,11.36],[48.23,11.36],[48.23,11.36],[48.24,11.36],[48.24,11.36],[48.24,11.36],[48.24,11.36],[48.24,11.36],[48.24,11.36],[48.24,11.36],[48.24,11.37],[48.25,11.37],[48.25,11.37],[48.25,11.37],[48.25,11.37],[48.25,11.37],[48.25,11.37],[48.25,11.37],[48.25,11.37],[48.26,11.37],[48.26,11.37],[48.26,11.37],[48.26,11.37],[48.26,11.37],[48.26,11.37],[48.26,11.37],[48.26,11.37],[48.26,11.37],[48.27,11.37],[48.27,11.37],[48.27,11.38],[48.27,11.38],[48.27,11.38],[48.27,11.38],[48.27,11.38],[48.27,11.38],[48.28,11.38],[48.28,11.38],[48.28,11.38],[48.28,11.38],[48.28,11.38],[48.28,11.38],[48.28,11.38],[48.28,11.38],[48.28,11.38],[48.29,11.38],[48.29,11.38],[48.29,11.38],[48.29,11.38],[48.29,11.38],[48.29,11.39],[48.29,11.39],[48.29,11.39],[48.29,11.39],[48.3,11.39],[48.3,11.39],[48.3,11.39],[48.3,11.39],[48.3,11.39],[48.3,11.39],[48.3,11.39],[48.3,11.39],[48.31,11.39],[48.31,11.39],[48.31,11.39],[48.31,11.39],[48.31,11.39],[48.31,11.39],[48.31,11.4],[48.31,11.4],[48.31,11.4],[48.32,11.4],[48.32,11.4],[48.32,11.4],[48.32,11.4],[48.32,11.4],[48.32,11.4],[48.32,11.4],[48.32,11.4],[48.32,11.4],[48.33,11.4],[48.33,11.4],[48.33,11.4],[48.33,11.4],[48.33,11.4],[48.33,11.41],[48.33,11.41],[48.33,11.41],[48.33,11.41],[48.34,11.41],[48.34,11.41],[48.34,11.41],[48.34,11.41],[48.34,11.41],[48.34,11.41],[48.34,11.41],[48.34,11.41],[48.34,11.41],[48.34,11.41],[48.34,11.41],[48.34,11.41],[48.34,11.41],[48.34,11.41],[48.35,11.41],[48.35,11.41],[48.35,11.41],[48.35,11.41],[48.35,11.41],[48.35,11.42],[48.35,11.42],[48.35,11.42],[48.35,11.42],[48.35,11.42],[48.35,11.42],[48.35,11.42],[48.35,11.42],[48.35,11.42],[48.35,11.42],[48.35,11.42],[48.36,11.42],[48.36,11.42],[48.36,11.42],[48.36,11.42],[48.36,11.42],[48.36,11.42],[48.36,11.42],[48.36,11.42],[48.36,11.42],[48.36,11.42],[48.36,11.42],[48.36,11.42],[48.36,11.43],[48.36,11.43],[48.36,11.43],[48.37,11.43],[48.37,11.43],[48.37,11.43],[48.37,11.43],[48.37,11.43],[48.37,11.43],[48.37,11.43],[48.37,11.43],[48.37,11.43],[48.37,11.43],[48.37,11.43],[48.37,11.43],[48.37,11.43],[48.37,11.43],[48.37,11.43],[48.38,11.43],[48.38,11.43],[48.38,11.44],[48.38,11.44],[48.38,11.44],[48.38,11.44],[48.38,11.44],[48.38,11.44],[48.38,11.44],[48.38,11.44],[48.38,11.44],[48.38,11.44],[48.39,11.44],[48.39,11.44],[48.39,11.45],[48.39,11.45],[48.39,11.45],[48.39,11.45],[48.39,11.45],[48.39,11.45],[48.4,11.45],[48.4,11.45],[48.4,11.45],[48.4,11.46],[48.4,11.46],[48.4,11.46],[48.4,11.46],[48.4,11.46],[48.41,11.46],[48.41,11.46],[48.41,11.46],[48.41,11.46],[48.41,11.47],[48.41,11.47],[48.42,11.47],[48.42,11.48],[48.43,11.48],[48.43,11.48],[48.43,11.48],[48.43,11.49],[48.43,11.49],[48.43,11.49],[48.44,11.49],[48.44,11.49],[48.44,11.49],[48.44,11.49],[48.44,11.5],[48.45,11.5],[48.45,11.5],[48.45,11.5],[48.45,11.5],[48.45,11.5],[48.45,11.5],[48.45,11.5],[48.45,11.5],[48.45,11.51],[48.45,11.51],[48.46,11.51],[48.46,11.51],[48.46,11.51],[48.46,11.51],[48.46,11.51],[48.46,11.51],[48.46,11.51],[48.46,11.51],[48.46,11.51],[48.46,11.51],[48.46,11.51],[48.46,11.51],[48.47,11.52],[48.47,11.52],[48.47,11.52],[48.47,11.52],[48.47,11.52],[48.47,11.52],[48.47,11.52],[48.47,11.52],[48.47,11.52],[48.47,11.52],[48.47,11.52],[48.47,11.52],[48.47,11.52],[48.48,11.52],[48.48,11.52],[48.48,11.52],[48.48,11.53],[48.48,11.53],[48.48,11.53],[48.48,11.53],[48.48,11.53],[48.48,11.53],[48.48,11.53],[48.48,11.53],[48.49,11.53],[48.49,11.53],[48.49,11.53],[48.49,11.53],[48.49,11.53],[48.49,11.53],[48.49,11.53],[48.49,11.53],[48.49,11.53],[48.49,11.54],[48.49,11.54],[48.5,11.54],[48.5,11.54],[48.5,11.54],[48.5,11.54],[48.5,11.54],[48.5,11.54],[48.5,11.54],[48.5,11.54],[48.5,11.54],[48.5,11.54],[48.5,11.54],[48.51,11.54],[48.51,11.54],[48.51,11.54],[48.51,11.54],[48.51,11.54],[48.51,11.54],[48.51,11.54],[48.51,11.54],[48.51,11.55],[48.51,11.55],[48.51,11.55],[48.51,11.55],[48.52,11.55],[48.52,11.55],[48.52,11.55],[48.52,11.55],[48.52,11.55],[48.52,11.55],[48.52,11.55],[48.52,11.55],[48.52,11.55],[48.52,11.55],[48.52,11.55],[48.53,11.55],[48.53,11.55],[48.53,11.55],[48.53,11.55],[48.53,11.55],[48.53,11.55],[48.53,11.55],[48.53,11.55],[48.53,11.55],[48.53,11.55],[48.53,11.55],[48.53,11.55],[48.53,11.55],[48.54,11.55],[48.54,11.55],[48.54,11.55],[48.54,11.55],[48.54,11.55],[48.54,11.55],[48.54,11.55],[48.54,11.55],[48.54,11.55],[48.54,11.56],[48.54,11.56],[48.55,11.56],[48.55,11.56],[48.55,11.56],[48.55,11.56],[48.55,11.56],[48.55,11.56],[48.55,11.56],[48.56,11.56],[48.56,11.56],[48.56,11.56],[48.56,11.56],[48.56,11.56],[48.56,11.56],[48.57,11.56],[48.57,11.56],[48.57,11.56],[48.57,11.56],[48.57,11.56],[48.57,11.56],[48.58,11.56],[48.58,11.56],[48.58,11.56],[48.58,11.56],[48.58,11.56],[48.58,11.56],[48.58,11.56],[48.59,11.56],[48.59,11.56],[48.59,11.56],[48.59,11.56],[48.59,11.56],[48.59,11.56],[48.6,11.56],[48.6,11.56],[48.6,11.56],[48.6,11.56],[48.6,11.57],[48.6,11.57],[48.61,11.57],[48.61,11.57],[48.61,11.57],[48.61,11.57],[48.61,11.57],[48.61,11.57],[48.62,11.57],[48.62,11.57],[48.62,11.57],[48.62,11.57],[48.62,11.57],[48.62,11.57],[48.62,11.57],[48.63,11.57],[48.63,11.57],[48.63,11.57],[48.63,11.57],[48.63,11.57],[48.63,11.57],[48.63,11.57],[48.63,11.57],[48.64,11.57],[48.64,11.57],[48.64,11.57],[48.64,11.57],[48.64,11.57],[48.64,11.57],[48.64,11.57],[48.64,11.57],[48.64,11.57],[48.64,11.57],[48.65,11.57],[48.65,11.57],[48.65,11.57],[48.65,11.57],[48.65,11.57],[48.65,11.57],[48.65,11.57],[48.65,11.57],[48.65,11.57],[48.65,11.57],[48.66,11.57],[48.66,11.57],[48.66,11.57],[48.66,11.57],[48.66,11.57],[48.66,11.57],[48.66,11.57],[48.66,11.57],[48.66,11.57],[48.66,11.57],[48.66,11.56],[48.67,11.56],[48.67,11.56],[48.67,11.56],[48.67,11.56],[48.67,11.56],[48.67,11.56],[48.67,11.56],[48.67,11.56],[48.67,11.56],[48.67,11.56],[48.68,11.56],[48.68,11.56],[48.68,11.56],[48.68,11.56],[48.68,11.56],[48.68,11.56],[48.68,11.56],[48.68,11.56],[48.68,11.56],[48.68,11.56],[48.69,11.56],[48.69,11.56],[48.69,11.56],[48.69,11.56],[48.69,11.56],[48.69,11.56],[48.69,11.56],[48.69,11.56],[48.69,11.56],[48.7,11.56],[48.7,11.56],[48.7,11.56],[48.7,11.56],[48.7,11.56],[48.7,11.56],[48.7,11.56],[48.7,11.56],[48.7,11.56],[48.7,11.56],[48.71,11.56],[48.71,11.56],[48.71,11.56],[48.71,11.56],[48.71,11.56],[48.71,11.56],[48.71,11.56],[48.71,11.56],[48.71,11.56],[48.71,11.56],[48.72,11.56],[48.72,11.56],[48.72,11.56],[48.72,11.56],[48.72,11.56],[48.72,11.56],[48.72,11.56],[48.72,11.56],[48.72,11.56],[48.72,11.55],[48.73,11.55],[48.73,11.55],[48.73,11.55],[48.73,11.55],[48.73,11.55],[48.73,11.55],[48.73,11.55],[48.73,11.55],[48.73,11.55],[48.74,11.55],[48.74,11.55],[48.74,11.55],[48.74,11.55],[48.74,11.55],[48.74,11.55],[48.74,11.55],[48.74,11.55],[48.74,11.55],[48.74,11.55],[48.75,11.55],[48.75,11.55],[48.75,11.55],[48.75,11.55],[48.75,11.55],[48.75,11.55],[48.75,11.55],[48.75,11.55],[48.75,11.55],[48.75,11.55],[48.76,11.55],[48.76,11.55],[48.76,11.55],[48.76,11.55],[48.76,11.55],[48.76,11.54],[48.76,11.54],[48.76,11.54],[48.76,11.54],[48.76,11.54],[48.76,11.54],[48.76,11.54],[48.76,11.54],[48.76,11.54],[48.77,11.54],[48.77,11.54],[48.77,11.54],[48.77,11.54],[48.77,11.54],[48.77,11.54],[48.77,11.54],[48.77,11.54],[48.77,11.54],[48.77,11.54],[48.77,11.54],[48.77,11.54],[48.77,11.54],[48.77,11.54],[48.77,11.54],[48.77,11.54],[48.77,11.54],[48.77,11.54],[48.77,11.54],[48.78,11.54],[48.78,11.54],[48.78,11.54],[48.78,11.54],[48.78,11.54],[48.78,11.54],[48.78,11.54],[48.78,11.54],[48.78,11.54],[48.78,11.54],[48.78,11.54],[48.78,11.54],[48.78,11.54],[48.78,11.54],[48.78,11.54],[48.78,11.54],[48.78,11.53],[48.78,11.53],[48.79,11.53],[48.79,11.53],[48.79,11.53],[48.79,11.53],[48.79,11.53],[48.79,11.53],[48.79,11.53],[48.79,11.53],[48.79,11.53],[48.79,11.53],[48.79,11.53],[48.79,11.53],[48.79,11.53],[48.79,11.53],[48.79,11.53],[48.8,11.53],[48.8,11.53],[48.8,11.53],[48.8,11.53],[48.8,11.53],[48.8,11.53],[48.8,11.52],[48.8,11.52],[48.8,11.52],[48.8,11.52],[48.81,11.52],[48.81,11.52],[48.81,11.52],[48.81,11.52],[48.81,11.52],[48.81,11.52],[48.81,11.52],[48.81,11.52],[48.81,11.52],[48.82,11.52],[48.82,11.52],[48.82,11.51],[48.82,11.51],[48.82,11.51],[48.82,11.51],[48.82,11.51],[48.82,11.51],[48.83,11.51],[48.83,11.5],[48.84,11.5],[48.84,11.5],[48.84,11.5],[48.84,11.5],[48.84,11.5],[48.84,11.5],[48.84,11.5],[48.84,11.5],[48.85,11.49],[48.85,11.49],[48.85,11.49],[48.85,11.49],[48.85,11.49],[48.85,11.49],[48.85,11.49],[48.85,11.49],[48.86,11.49],[48.86,11.49],[48.86,11.49],[48.86,11.49],[48.86,11.49],[48.86,11.48],[48.86,11.48],[48.86,11.48],[48.87,11.48],[48.87,11.48],[48.87,11.48],[48.87,11.48],[48.87,11.48],[48.87,11.48],[48.87,11.48],[48.87,11.48],[48.87,11.48],[48.87,11.48],[48.87,11.48],[48.87,11.48],[48.87,11.48],[48.88,11.48],[48.88,11.48],[48.88,11.48],[48.88,11.48],[48.88,11.48],[48.88,11.48],[48.88,11.48],[48.88,11.48],[48.88,11.48],[48.88,11.47],[48.88,11.47],[48.88,11.47],[48.88,11.47],[48.88,11.47],[48.88,11.47],[48.88,11.47],[48.88,11.47],[48.88,11.47],[48.88,11.47],[48.89,11.47],[48.89,11.47],[48.89,11.47],[48.89,11.47],[48.89,11.47],[48.89,11.47],[48.89,11.47],[48.89,11.47],[48.89,11.47],[48.89,11.47],[48.89,11.47],[48.89,11.47],[48.89,11.47],[48.89,11.47],[48.89,11.47],[48.89,11.47],[48.89,11.47],[48.89,11.47],[48.89,11.47],[48.9,11.47],[48.9,11.47],[48.9,11.47],[48.9,11.47],[48.9,11.47],[48.9,11.47],[48.9,11.47],[48.9,11.47],[48.9,11.47],[48.9,11.47],[48.9,11.47],[48.9,11.47],[48.9,11.47],[48.9,11.47],[48.9,11.47],[48.9,11.47],[48.9,11.47],[48.91,11.47],[48.91,11.47],[48.91,11.46],[48.91,11.46],[48.91,11.46],[48.91,11.46],[48.92,11.46],[48.92,11.46],[48.92,11.46],[48.92,11.46],[48.92,11.46],[48.92,11.46],[48.93,11.46],[48.93,11.46],[48.93,11.46],[48.93,11.46],[48.93,11.46],[48.93,11.46],[48.94,11.46],[48.94,11.46],[48.94,11.46],[48.94,11.46],[48.94,11.46],[48.94,11.46],[48.95,11.46],[48.95,11.46],[48.95,11.46],[48.95,11.46],[48.95,11.46],[48.95,11.46],[48.96,11.46],[48.96,11.46],[48.96,11.46],[48.96,11.45],[48.96,11.45],[48.96,11.45],[48.97,11.45],[48.97,11.45],[48.97,11.45],[48.97,11.45],[48.97,11.45],[48.97,11.45],[48.98,11.45],[48.98,11.45],[48.98,11.45],[48.98,11.45],[48.98,11.45],[48.98,11.45],[48.98,11.45],[48.99,11.45],[48.99,11.45],[48.99,11.45],[48.99,11.45],[48.99,11.45],[48.99,11.45],[48.99,11.45],[48.99,11.45],[48.99,11.45],[48.99,11.45],[48.99,11.45],[48.99,11.45],[48.99,11.45],[49,11.45],[49,11.45],[49,11.45],[49,11.45],[49,11.45],[49,11.45],[49,11.45],[49,11.45],[49,11.45],[49,11.45],[49,11.45],[49,11.45],[49.01,11.45],[49.01,11.45],[49.01,11.45],[49.01,11.45],[49.01,11.45],[49.01,11.45],[49.01,11.45],[49.01,11.45],[49.01,11.45],[49.01,11.45],[49.01,11.45],[49.01,11.45],[49.01,11.45],[49.02,11.45],[49.02,11.45],[49.02,11.45],[49.02,11.45],[49.02,11.45],[49.02,11.45],[49.02,11.45],[49.02,11.45],[49.02,11.45],[49.02,11.45],[49.02,11.45],[49.02,11.45],[49.02,11.45],[49.03,11.45],[49.03,11.45],[49.03,11.45],[49.03,11.45],[49.03,11.45],[49.03,11.45],[49.03,11.45],[49.03,11.45],[49.03,11.45],[49.03,11.45],[49.03,11.45],[49.03,11.45],[49.03,11.45],[49.03,11.45],[49.04,11.45],[49.04,11.45],[49.04,11.45],[49.04,11.45],[49.04,11.45],[49.04,11.45],[49.04,11.45],[49.04,11.45],[49.04,11.45],[49.04,11.45],[49.04,11.45],[49.04,11.45],[49.04,11.45],[49.04,11.45],[49.05,11.45],[49.05,11.45],[49.05,11.45],[49.05,11.45],[49.05,11.45],[49.05,11.45],[49.05,11.45],[49.05,11.45],[49.05,11.45],[49.05,11.45],[49.05,11.46],[49.05,11.46],[49.05,11.46],[49.05,11.46],[49.06,11.46],[49.06,11.46],[49.06,11.46],[49.06,11.46],[49.06,11.46],[49.06,11.46],[49.06,11.46],[49.06,11.46],[49.06,11.46],[49.06,11.46],[49.06,11.46],[49.06,11.46],[49.06,11.46],[49.06,11.46],[49.06,11.46],[49.07,11.46],[49.07,11.46],[49.07,11.46],[49.07,11.46],[49.07,11.46],[49.07,11.46],[49.07,11.46],[49.07,11.46],[49.07,11.46],[49.07,11.46],[49.07,11.46],[49.07,11.46],[49.07,11.46],[49.07,11.46],[49.07,11.46],[49.08,11.46],[49.08,11.46],[49.08,11.46],[49.08,11.46],[49.08,11.46],[49.08,11.46],[49.08,11.46],[49.08,11.46],[49.08,11.46],[49.08,11.46],[49.08,11.46],[49.08,11.46],[49.08,11.46],[49.08,11.46],[49.08,11.46],[49.08,11.46],[49.09,11.46],[49.09,11.46],[49.09,11.46],[49.09,11.46],[49.09,11.46],[49.09,11.46],[49.09,11.46],[49.09,11.46],[49.09,11.46],[49.09,11.46],[49.09,11.46],[49.09,11.47],[49.09,11.47],[49.09,11.47],[49.09,11.47],[49.09,11.47],[49.09,11.47],[49.1,11.47],[49.1,11.47],[49.1,11.47],[49.1,11.47],[49.1,11.47],[49.1,11.47],[49.1,11.47],[49.1,11.47],[49.1,11.47],[49.1,11.47],[49.1,11.47],[49.1,11.47],[49.1,11.47],[49.1,11.47],[49.1,11.47],[49.1,11.47],[49.1,11.47],[49.1,11.47],[49.11,11.47],[49.11,11.47],[49.11,11.47],[49.11,11.47],[49.11,11.47],[49.11,11.47],[49.11,11.47],[49.11,11.47],[49.11,11.47],[49.11,11.48],[49.11,11.48],[49.11,11.48],[49.11,11.48],[49.12,11.48],[49.12,11.48],[49.12,11.48],[49.12,11.48],[49.12,11.48],[49.12,11.48],[49.12,11.48],[49.12,11.48],[49.12,11.48],[49.12,11.48],[49.12,11.48],[49.12,11.48],[49.13,11.48],[49.13,11.48],[49.13,11.49],[49.13,11.49],[49.13,11.49],[49.13,11.49],[49.13,11.49],[49.13,11.49],[49.13,11.49],[49.13,11.49],[49.13,11.49],[49.13,11.49],[49.14,11.49],[49.14,11.49],[49.14,11.49],[49.14,11.49],[49.14,11.5],[49.14,11.5],[49.14,11.5],[49.14,11.5],[49.14,11.5],[49.15,11.5],[49.15,11.51],[49.15,11.51],[49.15,11.51],[49.16,11.51],[49.16,11.51],[49.16,11.51],[49.16,11.51],[49.16,11.51],[49.16,11.51],[49.16,11.52],[49.16,11.52],[49.16,11.52],[49.16,11.52],[49.16,11.52],[49.17,11.52],[49.17,11.52],[49.17,11.52],[49.17,11.52],[49.17,11.52],[49.17,11.52],[49.17,11.52],[49.17,11.52],[49.17,11.52],[49.17,11.52],[49.17,11.52],[49.17,11.52],[49.17,11.53],[49.18,11.53],[49.18,11.53],[49.18,11.53],[49.18,11.53],[49.18,11.53],[49.18,11.53],[49.18,11.53],[49.18,11.53],[49.18,11.53],[49.18,11.53],[49.18,11.53],[49.18,11.53],[49.18,11.53],[49.19,11.53],[49.19,11.53],[49.19,11.53],[49.19,11.53],[49.19,11.53],[49.19,11.53],[49.19,11.53],[49.19,11.54],[49.19,11.54],[49.19,11.54],[49.19,11.54],[49.19,11.54],[49.19,11.54],[49.19,11.54],[49.2,11.54],[49.2,11.54],[49.2,11.54],[49.2,11.54],[49.2,11.54],[49.2,11.54],[49.2,11.54],[49.2,11.54],[49.2,11.54],[49.2,11.54],[49.2,11.54],[49.2,11.54],[49.2,11.54],[49.2,11.54],[49.2,11.54],[49.21,11.54],[49.21,11.54],[49.21,11.54],[49.21,11.54],[49.21,11.54],[49.21,11.54],[49.21,11.54],[49.21,11.54],[49.21,11.54],[49.21,11.54],[49.21,11.55],[49.21,11.55],[49.21,11.55],[49.21,11.55],[49.22,11.55],[49.22,11.55],[49.22,11.55],[49.22,11.55],[49.22,11.55],[49.22,11.55],[49.22,11.55],[49.22,11.55],[49.22,11.55],[49.22,11.55],[49.22,11.55],[49.22,11.55],[49.23,11.55],[49.23,11.55],[49.23,11.55],[49.23,11.55],[49.23,11.55],[49.23,11.55],[49.23,11.55],[49.23,11.55],[49.23,11.55],[49.23,11.55],[49.23,11.55],[49.24,11.55],[49.24,11.55],[49.24,11.55],[49.24,11.55],[49.24,11.55],[49.25,11.56],[49.25,11.56],[49.25,11.56],[49.26,11.56],[49.26,11.56],[49.26,11.56],[49.26,11.56],[49.26,11.56],[49.27,11.56],[49.27,11.56],[49.27,11.56],[49.27,11.56],[49.27,11.56],[49.27,11.56],[49.27,11.56],[49.27,11.56],[49.27,11.56],[49.27,11.56],[49.27,11.56],[49.27,11.56],[49.28,11.56],[49.28,11.56],[49.28,11.56],[49.28,11.56],[49.28,11.56],[49.28,11.56],[49.28,11.56],[49.28,11.57],[49.28,11.57],[49.28,11.57],[49.28,11.57],[49.28,11.57],[49.29,11.57],[49.29,11.57],[49.29,11.57],[49.29,11.57],[49.29,11.57],[49.29,11.57],[49.29,11.57],[49.29,11.57],[49.29,11.57],[49.29,11.57],[49.29,11.57],[49.29,11.57],[49.3,11.57],[49.3,11.57],[49.3,11.57],[49.3,11.57],[49.3,11.57],[49.3,11.57],[49.3,11.57],[49.3,11.57],[49.3,11.57],[49.3,11.57],[49.3,11.57],[49.3,11.57],[49.3,11.57],[49.3,11.57],[49.3,11.57],[49.31,11.58],[49.31,11.58],[49.31,11.58],[49.31,11.58],[49.31,11.58],[49.31,11.58],[49.31,11.58],[49.31,11.58],[49.31,11.58],[49.31,11.58],[49.31,11.58],[49.31,11.58],[49.31,11.58],[49.31,11.58],[49.31,11.58],[49.31,11.58],[49.32,11.58],[49.32,11.58],[49.32,11.58],[49.32,11.58],[49.32,11.58],[49.32,11.58],[49.32,11.58],[49.32,11.58],[49.32,11.58],[49.32,11.58],[49.32,11.59],[49.32,11.59],[49.32,11.59],[49.32,11.59],[49.32,11.59],[49.32,11.59],[49.33,11.59],[49.33,11.59],[49.33,11.59],[49.33,11.59],[49.33,11.59],[49.33,11.59],[49.33,11.59],[49.33,11.59],[49.33,11.59],[49.33,11.59],[49.33,11.59],[49.33,11.59],[49.33,11.59],[49.33,11.59],[49.33,11.6],[49.33,11.6],[49.33,11.6],[49.34,11.6],[49.34,11.6],[49.34,11.6],[49.34,11.6],[49.34,11.6],[49.34,11.6],[49.34,11.6],[49.34,11.6],[49.34,11.6],[49.34,11.6],[49.34,11.6],[49.34,11.6],[49.34,11.6],[49.34,11.6],[49.34,11.61],[49.34,11.61],[49.35,11.61],[49.35,11.61],[49.35,11.61],[49.35,11.61],[49.35,11.61],[49.35,11.61],[49.35,11.61],[49.35,11.61],[49.35,11.61],[49.35,11.61],[49.35,11.61],[49.35,11.61],[49.35,11.61],[49.35,11.61],[49.35,11.61],[49.35,11.61],[49.35,11.62],[49.35,11.62],[49.36,11.62],[49.36,11.62],[49.36,11.62],[49.36,11.62],[49.36,11.62],[49.36,11.62],[49.36,11.62],[49.36,11.63],[49.36,11.63],[49.37,11.63],[49.37,11.63],[49.37,11.63],[49.37,11.63],[49.37,11.63],[49.37,11.63],[49.37,11.64],[49.37,11.64],[49.38,11.64],[49.38,11.65],[49.38,11.65],[49.38,11.65],[49.39,11.65],[49.39,11.65],[49.39,11.66],[49.39,11.66],[49.39,11.66],[49.39,11.66],[49.39,11.66],[49.39,11.66],[49.39,11.66],[49.39,11.66],[49.4,11.66],[49.4,11.66],[49.4,11.67],[49.4,11.67],[49.4,11.67],[49.4,11.67],[49.4,11.67],[49.4,11.67],[49.4,11.67],[49.4,11.67],[49.4,11.67],[49.4,11.67],[49.4,11.67],[49.4,11.67],[49.4,11.67],[49.41,11.68],[49.41,11.68],[49.41,11.68],[49.41,11.68],[49.41,11.68],[49.41,11.68],[49.41,11.68],[49.41,11.68],[49.41,11.68],[49.41,11.68],[49.41,11.68],[49.41,11.68],[49.41,11.68],[49.41,11.68],[49.41,11.68],[49.42,11.69],[49.42,11.69],[49.42,11.69],[49.42,11.69],[49.42,11.69],[49.42,11.69],[49.42,11.69],[49.42,11.69],[49.42,11.69],[49.42,11.69],[49.42,11.69],[49.42,11.69],[49.42,11.69],[49.42,11.69],[49.42,11.69],[49.43,11.69],[49.43,11.69],[49.43,11.7],[49.43,11.7],[49.43,11.7],[49.43,11.7],[49.43,11.7],[49.43,11.7],[49.43,11.7],[49.43,11.7],[49.43,11.7],[49.43,11.7],[49.43,11.7],[49.43,11.7],[49.44,11.7],[49.44,11.7],[49.44,11.7],[49.44,11.7],[49.44,11.7],[49.44,11.7],[49.44,11.7],[49.44,11.7],[49.44,11.71],[49.44,11.71],[49.44,11.71],[49.44,11.71],[49.44,11.71],[49.44,11.71],[49.44,11.71],[49.45,11.71],[49.45,11.71],[49.45,11.71],[49.45,11.71],[49.45,11.71],[49.45,11.71],[49.45,11.71],[49.45,11.71],[49.45,11.71],[49.45,11.71],[49.45,11.71],[49.45,11.71],[49.45,11.71],[49.45,11.71],[49.46,11.71],[49.46,11.71],[49.46,11.71],[49.46,11.71],[49.46,11.71],[49.46,11.71],[49.46,11.71],[49.46,11.71],[49.46,11.71],[49.46,11.71],[49.46,11.72],[49.46,11.72],[49.46,11.72],[49.46,11.72],[49.47,11.72],[49.47,11.72],[49.47,11.72],[49.47,11.72],[49.47,11.72],[49.47,11.72],[49.47,11.72],[49.47,11.72],[49.47,11.72],[49.47,11.72],[49.47,11.72],[49.47,11.72],[49.47,11.72],[49.47,11.72],[49.47,11.72],[49.47,11.72],[49.47,11.72],[49.47,11.72],[49.47,11.72],[49.47,11.72],[49.47,11.72],[49.47,11.72],[49.47,11.72],[49.48,11.72],[49.48,11.72],[49.48,11.72],[49.48,11.72],[49.48,11.72],[49.48,11.72],[49.48,11.72],[49.48,11.72],[49.48,11.72],[49.48,11.72],[49.48,11.72],[49.48,11.72],[49.49,11.72],[49.49,11.72],[49.49,11.72],[49.49,11.72],[49.49,11.72],[49.49,11.72],[49.49,11.72],[49.49,11.72],[49.49,11.72],[49.49,11.72],[49.5,11.72],[49.5,11.72],[49.5,11.72],[49.5,11.72],[49.5,11.72],[49.5,11.72],[49.5,11.72],[49.5,11.72],[49.5,11.72],[49.5,11.72],[49.51,11.72],[49.51,11.72],[49.51,11.72],[49.51,11.72],[49.51,11.72],[49.51,11.72],[49.51,11.72],[49.51,11.72],[49.51,11.72],[49.52,11.72],[49.52,11.72],[49.52,11.72],[49.52,11.72],[49.52,11.72],[49.52,11.72],[49.52,11.72],[49.53,11.72],[49.53,11.72],[49.54,11.72],[49.54,11.72],[49.54,11.72],[49.54,11.72],[49.54,11.72],[49.55,11.72],[49.55,11.72],[49.55,11.72],[49.55,11.72],[49.55,11.72],[49.55,11.72],[49.55,11.72],[49.55,11.72],[49.55,11.72],[49.55,11.72],[49.55,11.72],[49.56,11.72],[49.56,11.71],[49.56,11.71],[49.56,11.71],[49.56,11.71],[49.56,11.71],[49.56,11.71],[49.56,11.71],[49.56,11.71],[49.56,11.71],[49.56,11.71],[49.57,11.71],[49.57,11.71],[49.57,11.71],[49.57,11.71],[49.57,11.71],[49.57,11.71],[49.57,11.71],[49.57,11.71],[49.57,11.71],[49.57,11.71],[49.57,11.71],[49.58,11.71],[49.58,11.72],[49.58,11.72],[49.58,11.72],[49.58,11.72],[49.58,11.72],[49.58,11.72],[49.58,11.72],[49.58,11.72],[49.58,11.72],[49.58,11.72],[49.58,11.72],[49.59,11.72],[49.59,11.72],[49.59,11.72],[49.59,11.72],[49.59,11.72],[49.59,11.72],[49.59,11.72],[49.59,11.72],[49.59,11.72],[49.59,11.72],[49.59,11.72],[49.59,11.72],[49.6,11.72],[49.6,11.72],[49.6,11.72],[49.6,11.72],[49.6,11.72],[49.6,11.72],[49.6,11.72],[49.6,11.72],[49.6,11.72],[49.6,11.72],[49.61,11.72],[49.61,11.72],[49.61,11.72],[49.61,11.72],[49.61,11.72],[49.61,11.72],[49.61,11.72],[49.61,11.72],[49.61,11.72],[49.61,11.72],[49.62,11.72],[49.62,11.72],[49.62,11.72],[49.62,11.72],[49.62,11.72],[49.62,11.73],[49.62,11.73],[49.62,11.73],[49.62,11.73],[49.62,11.73],[49.63,11.73],[49.63,11.73],[49.63,11.73],[49.63,11.73],[49.63,11.73],[49.63,11.73],[49.63,11.73],[49.63,11.73],[49.63,11.73],[49.63,11.73],[49.64,11.73],[49.64,11.73],[49.64,11.73],[49.64,11.73],[49.64,11.73],[49.64,11.73],[49.64,11.73],[49.64,11.73],[49.65,11.74],[49.65,11.74],[49.65,11.74],[49.66,11.74],[49.66,11.74],[49.66,11.74],[49.66,11.74],[49.66,11.74],[49.67,11.74],[49.67,11.74],[49.67,11.75],[49.67,11.75],[49.67,11.75],[49.67,11.75],[49.67,11.75],[49.67,11.75],[49.68,11.75],[49.68,11.75],[49.68,11.75],[49.68,11.75],[49.68,11.75],[49.68,11.75],[49.68,11.75],[49.68,11.75],[49.68,11.75],[49.68,11.75],[49.68,11.75],[49.69,11.75],[49.69,11.75],[49.69,11.75],[49.69,11.75],[49.69,11.75],[49.69,11.75],[49.69,11.75],[49.69,11.75],[49.69,11.75],[49.69,11.75],[49.69,11.76],[49.7,11.76],[49.7,11.76],[49.7,11.76],[49.7,11.76],[49.7,11.76],[49.7,11.76],[49.7,11.76],[49.7,11.76],[49.7,11.76],[49.7,11.76],[49.7,11.76],[49.7,11.76],[49.71,11.76],[49.71,11.76],[49.71,11.76],[49.71,11.76],[49.71,11.76],[49.71,11.76],[49.71,11.76],[49.71,11.76],[49.71,11.76],[49.71,11.76],[49.71,11.76],[49.72,11.76],[49.72,11.76],[49.72,11.76],[49.72,11.76],[49.72,11.76],[49.72,11.76],[49.72,11.76],[49.72,11.76],[49.73,11.76],[49.73,11.76],[49.73,11.76],[49.73,11.76],[49.73,11.76],[49.73,11.76],[49.73,11.76],[49.73,11.76],[49.73,11.76],[49.74,11.76],[49.74,11.77],[49.74,11.77],[49.74,11.77],[49.74,11.77],[49.74,11.77],[49.74,11.77],[49.74,11.77],[49.74,11.77],[49.75,11.77],[49.75,11.77],[49.75,11.77],[49.75,11.77],[49.75,11.77],[49.75,11.77],[49.75,11.77],[49.75,11.77],[49.76,11.77],[49.76,11.77],[49.76,11.77],[49.76,11.77],[49.76,11.77],[49.76,11.77],[49.76,11.77],[49.76,11.77],[49.76,11.77],[49.77,11.77],[49.77,11.77],[49.77,11.77],[49.77,11.77],[49.77,11.77],[49.77,11.77],[49.77,11.77],[49.77,11.77],[49.77,11.77],[49.78,11.77],[49.78,11.77],[49.78,11.77],[49.78,11.77],[49.78,11.77],[49.78,11.77],[49.78,11.77],[49.78,11.77],[49.79,11.77],[49.79,11.77],[49.79,11.77],[49.79,11.77],[49.79,11.77],[49.79,11.77],[49.79,11.77],[49.79,11.77],[49.79,11.77],[49.8,11.77],[49.8,11.77],[49.8,11.77],[49.8,11.77],[49.8,11.77],[49.8,11.77],[49.8,11.77],[49.8,11.77],[49.8,11.77],[49.81,11.77],[49.81,11.77],[49.81,11.77],[49.81,11.78],[49.81,11.78],[49.81,11.78],[49.81,11.78],[49.81,11.78],[49.82,11.78],[49.82,11.78],[49.82,11.78],[49.82,11.78],[49.82,11.78],[49.82,11.78],[49.82,11.78],[49.82,11.78],[49.82,11.78],[49.83,11.78],[49.83,11.78],[49.83,11.78],[49.83,11.78],[49.83,11.78],[49.83,11.78],[49.83,11.78],[49.83,11.78],[49.83,11.78],[49.84,11.78],[49.84,11.78],[49.84,11.78],[49.84,11.78],[49.84,11.78],[49.84,11.78],[49.84,11.78],[49.84,11.78],[49.84,11.78],[49.85,11.78],[49.85,11.78],[49.85,11.78],[49.85,11.78],[49.85,11.78],[49.85,11.78],[49.85,11.78],[49.85,11.78],[49.85,11.78],[49.86,11.78],[49.86,11.78],[49.86,11.78],[49.86,11.78],[49.86,11.78],[49.86,11.78],[49.86,11.78],[49.86,11.78],[49.86,11.78],[49.87,11.78],[49.87,11.78],[49.87,11.78],[49.87,11.78],[49.87,11.78],[49.87,11.78],[49.87,11.78],[49.87,11.78],[49.87,11.78],[49.88,11.78],[49.88,11.78],[49.88,11.78],[49.88,11.78],[49.88,11.78],[49.88,11.78],[49.88,11.78],[49.88,11.78],[49.88,11.78],[49.89,11.78],[49.89,11.78],[49.89,11.78],[49.89,11.78],[49.89,11.78],[49.89,11.78],[49.89,11.78],[49.89,11.78],[49.89,11.78],[49.9,11.78],[49.9,11.78],[49.9,11.78],[49.9,11.78],[49.9,11.78],[49.9,11.78],[49.9,11.77],[49.9,11.77],[49.9,11.77],[49.9,11.77],[49.91,11.77],[49.91,11.77],[49.91,11.77],[49.91,11.77],[49.91,11.77],[49.91,11.77],[49.91,11.77],[49.91,11.77],[49.91,11.77],[49.92,11.77],[49.92,11.77],[49.92,11.77],[49.92,11.77],[49.92,11.77],[49.92,11.77],[49.92,11.77],[49.92,11.77],[49.92,11.77],[49.92,11.77],[49.93,11.77],[49.93,11.77],[49.93,11.77],[49.93,11.77],[49.93,11.77],[49.93,11.77],[49.93,11.77],[49.93,11.77],[49.93,11.77],[49.94,11.77],[49.94,11.77],[49.94,11.77],[49.94,11.77],[49.94,11.77],[49.94,11.77],[49.94,11.77],[49.94,11.77],[49.94,11.77],[49.94,11.77],[49.95,11.77],[49.95,11.77],[49.95,11.77],[49.95,11.77],[49.95,11.77],[49.95,11.77],[49.95,11.77],[49.95,11.77],[49.95,11.77],[49.95,11.77],[49.95,11.77],[49.96,11.77],[49.96,11.77],[49.96,11.77],[49.96,11.77],[49.96,11.77],[49.96,11.77],[49.96,11.77],[49.96,11.77],[49.96,11.77],[49.96,11.77],[49.97,11.76],[49.97,11.76],[49.97,11.76],[49.97,11.76],[49.97,11.76],[49.97,11.76],[49.97,11.76],[49.97,11.76],[49.97,11.76],[49.97,11.76],[49.98,11.76],[49.98,11.76],[49.98,11.76],[49.98,11.76],[49.98,11.76],[49.98,11.76],[49.98,11.76],[49.98,11.76],[49.98,11.76],[49.98,11.76],[49.98,11.76],[49.99,11.76],[49.99,11.76],[49.99,11.76],[49.99,11.76],[49.99,11.76],[49.99,11.76],[49.99,11.76],[49.99,11.76],[49.99,11.76],[49.99,11.76],[49.99,11.76],[50,11.76],[50,11.76],[50,11.76],[50,11.76],[50,11.76],[50,11.76],[50,11.75],[50,11.75],[50,11.75],[50,11.75],[50,11.75],[50,11.75],[50.01,11.75],[50.01,11.75],[50.01,11.75],[50.01,11.75],[50.01,11.75],[50.01,11.75],[50.01,11.75],[50.01,11.75],[50.01,11.75],[50.01,11.75],[50.02,11.75],[50.02,11.75],[50.02,11.75],[50.02,11.75],[50.02,11.75],[50.02,11.75],[50.02,11.75],[50.02,11.75],[50.02,11.75],[50.02,11.75],[50.02,11.74],[50.02,11.74],[50.03,11.74],[50.03,11.74],[50.03,11.74],[50.03,11.74],[50.03,11.74],[50.03,11.74],[50.03,11.74],[50.03,11.74],[50.04,11.74],[50.04,11.74],[50.04,11.74],[50.04,11.74],[50.05,11.73],[50.05,11.73],[50.05,11.73],[50.05,11.73],[50.06,11.73],[50.06,11.73],[50.06,11.73],[50.06,11.73],[50.06,11.73],[50.06,11.73],[50.06,11.73],[50.06,11.72],[50.06,11.72],[50.07,11.72],[50.07,11.72],[50.07,11.72],[50.07,11.72],[50.07,11.72],[50.07,11.72],[50.07,11.72],[50.07,11.72],[50.07,11.72],[50.07,11.72],[50.07,11.72],[50.08,11.72],[50.08,11.72],[50.08,11.72],[50.08,11.72],[50.08,11.72],[50.08,11.72],[50.08,11.72],[50.08,11.72],[50.08,11.72],[50.08,11.72],[50.08,11.72],[50.08,11.72],[50.09,11.71],[50.09,11.71],[50.09,11.71],[50.09,11.71],[50.09,11.71],[50.09,11.71],[50.09,11.71],[50.09,11.71],[50.09,11.71],[50.09,11.71],[50.09,11.71],[50.09,11.71],[50.09,11.71],[50.1,11.71],[50.1,11.71],[50.1,11.71],[50.1,11.71],[50.1,11.71],[50.1,11.71],[50.1,11.71],[50.1,11.71],[50.1,11.71],[50.1,11.71],[50.1,11.71],[50.11,11.71],[50.11,11.71],[50.11,11.71],[50.12,11.71],[50.12,11.7],[50.12,11.7],[50.12,11.7],[50.12,11.7],[50.13,11.7],[50.13,11.7],[50.13,11.7],[50.13,11.7],[50.14,11.7],[50.14,11.7],[50.14,11.7],[50.14,11.7],[50.14,11.7],[50.15,11.7],[50.15,11.7],[50.15,11.7],[50.15,11.7],[50.15,11.7],[50.16,11.69],[50.16,11.69],[50.16,11.69],[50.16,11.69],[50.16,11.69],[50.16,11.69],[50.17,11.69],[50.17,11.69],[50.17,11.69],[50.17,11.69],[50.17,11.69],[50.18,11.69],[50.18,11.69],[50.18,11.69],[50.18,11.69],[50.18,11.69],[50.18,11.69],[50.19,11.69],[50.19,11.69],[50.19,11.69],[50.19,11.69],[50.19,11.69],[50.2,11.69],[50.2,11.69],[50.2,11.69],[50.2,11.69],[50.2,11.69],[50.2,11.69],[50.2,11.69],[50.2,11.69],[50.2,11.69],[50.2,11.69],[50.2,11.69],[50.2,11.69],[50.21,11.69],[50.21,11.69],[50.21,11.69],[50.21,11.69],[50.21,11.69],[50.21,11.68],[50.21,11.68],[50.21,11.68],[50.21,11.68],[50.21,11.68],[50.21,11.68],[50.21,11.68],[50.22,11.68],[50.22,11.68],[50.22,11.68],[50.22,11.68],[50.22,11.68],[50.22,11.68],[50.22,11.68],[50.22,11.68],[50.22,11.68],[50.22,11.68],[50.22,11.68],[50.22,11.68],[50.22,11.68],[50.23,11.68],[50.23,11.68],[50.23,11.68],[50.23,11.68],[50.23,11.68],[50.23,11.68],[50.23,11.68],[50.23,11.68],[50.23,11.68],[50.23,11.68],[50.23,11.68],[50.23,11.68],[50.23,11.68],[50.24,11.68],[50.24,11.68],[50.24,11.68],[50.24,11.68],[50.24,11.68],[50.24,11.68],[50.24,11.68],[50.24,11.68],[50.24,11.68],[50.24,11.68],[50.24,11.68],[50.24,11.68],[50.24,11.68],[50.24,11.68],[50.25,11.68],[50.25,11.68],[50.25,11.68],[50.25,11.68],[50.25,11.68],[50.25,11.68],[50.25,11.68],[50.25,11.68],[50.25,11.68],[50.25,11.68],[50.25,11.68],[50.25,11.68],[50.25,11.68],[50.25,11.68],[50.26,11.68],[50.26,11.68],[50.26,11.68],[50.26,11.68],[50.26,11.68],[50.26,11.68],[50.26,11.68],[50.26,11.68],[50.26,11.68],[50.26,11.68],[50.26,11.68],[50.26,11.68],[50.26,11.68],[50.26,11.68],[50.27,11.68],[50.27,11.68],[50.27,11.68],[50.27,11.68],[50.27,11.68],[50.27,11.68],[50.27,11.68],[50.27,11.68],[50.27,11.68],[50.27,11.68],[50.27,11.69],[50.27,11.69],[50.27,11.69],[50.27,11.69],[50.27,11.69],[50.27,11.69],[50.28,11.69],[50.28,11.69],[50.28,11.69],[50.28,11.69],[50.28,11.69],[50.28,11.69],[50.28,11.69],[50.28,11.69],[50.28,11.69],[50.28,11.69],[50.28,11.69],[50.28,11.69],[50.28,11.69],[50.28,11.69],[50.28,11.69],[50.29,11.69],[50.29,11.69],[50.29,11.69],[50.29,11.69],[50.29,11.69],[50.29,11.69],[50.29,11.69],[50.29,11.69],[50.29,11.69],[50.29,11.69],[50.29,11.69],[50.29,11.69],[50.29,11.69],[50.29,11.69],[50.29,11.69],[50.29,11.69],[50.29,11.69],[50.3,11.69],[50.3,11.69],[50.3,11.69],[50.3,11.69],[50.3,11.69],[50.3,11.69],[50.3,11.69],[50.3,11.69],[50.3,11.69],[50.3,11.69],[50.3,11.69],[50.3,11.69],[50.3,11.69],[50.3,11.69],[50.3,11.69],[50.3,11.69],[50.3,11.69],[50.31,11.69],[50.31,11.69],[50.31,11.69],[50.31,11.69],[50.31,11.69],[50.31,11.69],[50.31,11.7],[50.31,11.7],[50.31,11.7],[50.31,11.7],[50.31,11.7],[50.31,11.7],[50.31,11.7],[50.31,11.7],[50.31,11.7],[50.31,11.7],[50.31,11.7],[50.32,11.7],[50.32,11.7],[50.32,11.7],[50.32,11.7],[50.32,11.7],[50.32,11.7],[50.32,11.7],[50.32,11.7],[50.32,11.7],[50.32,11.7],[50.32,11.7],[50.32,11.7],[50.32,11.7],[50.32,11.7],[50.32,11.7],[50.33,11.7],[50.33,11.7],[50.33,11.7],[50.33,11.7],[50.33,11.7],[50.33,11.7],[50.33,11.71],[50.33,11.71],[50.33,11.71],[50.33,11.71],[50.33,11.71],[50.33,11.71],[50.33,11.71],[50.33,11.71],[50.33,11.71],[50.34,11.71],[50.34,11.71],[50.34,11.71],[50.34,11.71],[50.34,11.71],[50.34,11.71],[50.34,11.71],[50.34,11.71],[50.35,11.72],[50.35,11.72],[50.35,11.72],[50.36,11.72],[50.36,11.72],[50.36,11.72],[50.36,11.72],[50.36,11.73],[50.36,11.73],[50.36,11.73],[50.36,11.73],[50.37,11.73],[50.37,11.73],[50.37,11.73],[50.37,11.73],[50.37,11.73],[50.37,11.73],[50.37,11.73],[50.37,11.73],[50.38,11.73],[50.38,11.74],[50.38,11.74],[50.38,11.74],[50.38,11.74],[50.38,11.74],[50.38,11.74],[50.38,11.74],[50.39,11.74],[50.39,11.74],[50.39,11.74],[50.39,11.74],[50.39,11.75],[50.39,11.75],[50.39,11.75],[50.39,11.75],[50.4,11.75],[50.4,11.75],[50.4,11.75],[50.4,11.75],[50.4,11.75],[50.4,11.75],[50.4,11.76],[50.4,11.76],[50.4,11.76],[50.41,11.76],[50.41,11.76],[50.41,11.76],[50.41,11.76],[50.41,11.76],[50.41,11.76],[50.41,11.76],[50.41,11.76],[50.42,11.77],[50.42,11.77],[50.42,11.77],[50.42,11.77],[50.42,11.77],[50.42,11.77],[50.42,11.77],[50.42,11.77],[50.42,11.77],[50.43,11.78],[50.43,11.78],[50.43,11.78],[50.43,11.78],[50.43,11.78],[50.43,11.78],[50.43,11.78],[50.43,11.78],[50.43,11.78],[50.44,11.79],[50.44,11.79],[50.44,11.79],[50.44,11.79],[50.44,11.79],[50.44,11.79],[50.44,11.79],[50.44,11.79],[50.45,11.79],[50.45,11.8],[50.45,11.8],[50.45,11.8],[50.45,11.8],[50.45,11.8],[50.45,11.8],[50.45,11.8],[50.45,11.8],[50.46,11.8],[50.46,11.81],[50.46,11.81],[50.46,11.81],[50.46,11.81],[50.46,11.81],[50.46,11.81],[50.46,11.81],[50.46,11.81],[50.47,11.82],[50.47,11.82],[50.47,11.82],[50.47,11.82],[50.47,11.82],[50.47,11.82],[50.47,11.82],[50.47,11.82],[50.47,11.83],[50.48,11.83],[50.48,11.83],[50.48,11.83],[50.48,11.83],[50.48,11.83],[50.48,11.83],[50.48,11.84],[50.48,11.84],[50.48,11.84],[50.49,11.84],[50.49,11.84],[50.49,11.84],[50.49,11.84],[50.49,11.84],[50.49,11.85],[50.49,11.85],[50.49,11.85],[50.49,11.85],[50.49,11.85],[50.5,11.85],[50.5,11.85],[50.5,11.86],[50.5,11.86],[50.5,11.86],[50.5,11.86],[50.5,11.86],[50.5,11.86],[50.5,11.86],[50.51,11.87],[50.51,11.87],[50.51,11.87],[50.51,11.87],[50.51,11.87],[50.51,11.87],[50.51,11.87],[50.51,11.88],[50.51,11.88],[50.52,11.88],[50.52,11.88],[50.52,11.88],[50.52,11.88],[50.52,11.88],[50.52,11.89],[50.52,11.89],[50.52,11.89],[50.52,11.89],[50.52,11.89],[50.53,11.89],[50.53,11.9],[50.53,11.9],[50.53,11.9],[50.53,11.9],[50.53,11.9],[50.53,11.9],[50.53,11.9],[50.53,11.91],[50.53,11.91],[50.54,11.91],[50.54,11.91],[50.54,11.91],[50.54,11.91],[50.54,11.92],[50.54,11.92],[50.54,11.92],[50.54,11.92],[50.54,11.92],[50.55,11.92],[50.55,11.93],[50.55,11.93],[50.55,11.93],[50.55,11.93],[50.55,11.93],[50.55,11.93],[50.55,11.94],[50.55,11.94],[50.55,11.94],[50.56,11.94],[50.56,11.94],[50.56,11.94],[50.56,11.95],[50.56,11.95],[50.56,11.95],[50.56,11.95],[50.56,11.95],[50.56,11.95],[50.56,11.96],[50.57,11.96],[50.57,11.96],[50.57,11.96],[50.57,11.96],[50.57,11.97],[50.57,11.97],[50.57,11.97],[50.57,11.97],[50.57,11.97],[50.57,11.97],[50.58,11.98],[50.58,11.98],[50.58,11.98],[50.58,11.98],[50.58,11.98],[50.58,11.99],[50.58,11.99],[50.58,11.99],[50.58,11.99],[50.58,11.99],[50.59,12],[50.59,12],[50.59,12],[50.59,12],[50.59,12],[50.59,12],[50.59,12.01],[50.59,12.01],[50.59,12.01],[50.59,12.01],[50.6,12.01],[50.6,12.02],[50.6,12.02],[50.6,12.02],[50.6,12.02],[50.6,12.02],[50.6,12.03],[50.6,12.03],[50.6,12.03],[50.6,12.03],[50.61,12.03],[50.61,12.04],[50.61,12.04],[50.61,12.04],[50.61,12.04],[50.61,12.05],[50.61,12.05],[50.61,12.05],[50.61,12.05],[50.61,12.05],[50.62,12.06],[50.62,12.06],[50.62,12.06],[50.62,12.06],[50.62,12.06],[50.62,12.07],[50.62,12.07],[50.62,12.07],[50.62,12.07],[50.63,12.08],[50.63,12.08],[50.63,12.08],[50.63,12.08],[50.63,12.09],[50.63,12.09],[50.63,12.09],[50.63,12.09],[50.63,12.09],[50.63,12.1],[50.64,12.1],[50.64,12.1],[50.64,12.1],[50.64,12.1],[50.64,12.11],[50.64,12.11],[50.64,12.11],[50.64,12.11],[50.64,12.11],[50.64,12.11],[50.64,12.11],[50.64,12.12],[50.64,12.12],[50.64,12.12],[50.64,12.12],[50.65,12.12],[50.65,12.12],[50.65,12.12],[50.65,12.13],[50.65,12.13],[50.65,12.13],[50.65,12.13],[50.65,12.13],[50.65,12.13],[50.65,12.14],[50.65,12.14],[50.65,12.14],[50.65,12.14],[50.65,12.14],[50.65,12.14],[50.65,12.15],[50.65,12.15],[50.65,12.15],[50.66,12.15],[50.66,12.15],[50.66,12.15],[50.66,12.16],[50.66,12.16],[50.66,12.16],[50.66,12.16],[50.66,12.16],[50.66,12.16],[50.66,12.16],[50.66,12.17],[50.66,12.17],[50.66,12.17],[50.66,12.17],[50.66,12.17],[50.66,12.17],[50.66,12.18],[50.66,12.18],[50.66,12.18],[50.67,12.19],[50.67,12.19],[50.67,12.19],[50.67,12.2],[50.67,12.21],[50.67,12.21],[50.67,12.22],[50.67,12.22],[50.67,12.22],[50.68,12.22],[50.68,12.23],[50.68,12.23],[50.68,12.23],[50.68,12.23],[50.68,12.23],[50.68,12.24],[50.68,12.24],[50.68,12.24],[50.68,12.24],[50.68,12.24],[50.68,12.25],[50.68,12.25],[50.68,12.25],[50.68,12.25],[50.68,12.25],[50.68,12.25],[50.69,12.26],[50.69,12.26],[50.69,12.26],[50.69,12.26],[50.69,12.26],[50.69,12.26],[50.69,12.27],[50.69,12.27],[50.69,12.27],[50.69,12.27],[50.69,12.27],[50.69,12.28],[50.69,12.28],[50.69,12.28],[50.69,12.28],[50.69,12.28],[50.69,12.28],[50.7,12.29],[50.7,12.29],[50.7,12.29],[50.7,12.29],[50.7,12.29],[50.7,12.29],[50.7,12.29],[50.7,12.29],[50.7,12.29],[50.7,12.29],[50.7,12.29],[50.7,12.29],[50.7,12.29],[50.7,12.3],[50.7,12.3],[50.7,12.3],[50.7,12.3],[50.7,12.3],[50.7,12.3],[50.7,12.3],[50.7,12.3],[50.7,12.3],[50.7,12.3],[50.7,12.3],[50.7,12.3],[50.7,12.3],[50.7,12.3],[50.7,12.31],[50.7,12.31],[50.7,12.31],[50.7,12.31],[50.7,12.31],[50.71,12.31],[50.71,12.31],[50.71,12.31],[50.71,12.31],[50.71,12.31],[50.71,12.31],[50.71,12.31],[50.71,12.31],[50.71,12.31],[50.71,12.32],[50.71,12.32],[50.71,12.32],[50.71,12.32],[50.71,12.32],[50.71,12.32],[50.71,12.32],[50.71,12.33],[50.71,12.33],[50.72,12.33],[50.72,12.33],[50.72,12.33],[50.72,12.34],[50.72,12.34],[50.72,12.34],[50.72,12.34],[50.72,12.34],[50.72,12.34],[50.72,12.35],[50.73,12.35],[50.73,12.35],[50.73,12.35],[50.73,12.35],[50.73,12.35],[50.73,12.36],[50.73,12.36],[50.73,12.36],[50.73,12.36],[50.73,12.36],[50.74,12.36],[50.74,12.37],[50.74,12.37],[50.74,12.37],[50.74,12.37],[50.74,12.37],[50.74,12.38],[50.74,12.38],[50.74,12.38],[50.74,12.38],[50.75,12.38],[50.75,12.38],[50.75,12.39],[50.75,12.39],[50.75,12.39],[50.75,12.39],[50.75,12.39],[50.75,12.39],[50.75,12.4],[50.76,12.4],[50.76,12.4],[50.76,12.4],[50.76,12.4],[50.76,12.4],[50.76,12.41],[50.76,12.41],[50.76,12.41],[50.76,12.41],[50.77,12.41],[50.77,12.41],[50.77,12.42],[50.77,12.42],[50.77,12.42],[50.77,12.42],[50.77,12.42],[50.77,12.42],[50.78,12.43],[50.78,12.43],[50.78,12.43],[50.78,12.43],[50.78,12.43],[50.78,12.43],[50.78,12.44],[50.78,12.44],[50.78,12.44],[50.79,12.44],[50.79,12.44],[50.79,12.44],[50.79,12.45],[50.79,12.45],[50.79,12.45],[50.79,12.45],[50.79,12.45],[50.8,12.45],[50.8,12.45],[50.8,12.46],[50.8,12.46],[50.8,12.46],[50.8,12.46],[50.8,12.46],[50.8,12.46],[50.81,12.47],[50.81,12.47],[50.81,12.47],[50.81,12.47],[50.81,12.47],[50.81,12.47],[50.81,12.47],[50.82,12.48],[50.82,12.48],[50.82,12.48],[50.82,12.48],[50.82,12.48],[50.82,12.48],[50.82,12.49],[50.82,12.49],[50.83,12.49],[50.83,12.49],[50.83,12.49],[50.83,12.49],[50.83,12.49],[50.83,12.5],[50.83,12.5],[50.84,12.5],[50.84,12.5],[50.84,12.5],[50.84,12.5],[50.84,12.5],[50.84,12.51],[50.84,12.51],[50.84,12.51],[50.85,12.51],[50.85,12.51],[50.85,12.51],[50.85,12.51],[50.85,12.52],[50.85,12.52],[50.85,12.52],[50.86,12.52],[50.86,12.52],[50.86,12.52],[50.86,12.53],[50.87,12.53],[50.87,12.53],[50.87,12.54],[50.87,12.54],[50.87,12.54],[50.87,12.54],[50.88,12.54],[50.88,12.54],[50.88,12.54],[50.88,12.54],[50.88,12.54],[50.88,12.54],[50.88,12.55],[50.88,12.55],[50.88,12.55],[50.88,12.55],[50.89,12.55],[50.89,12.55],[50.89,12.55],[50.89,12.55],[50.89,12.55],[50.89,12.55],[50.89,12.55],[50.89,12.56],[50.89,12.56],[50.89,12.56],[50.89,12.56],[50.9,12.56],[50.9,12.56],[50.9,12.56],[50.9,12.56],[50.9,12.56],[50.9,12.56],[50.9,12.56],[50.9,12.56],[50.9,12.56],[50.9,12.57],[50.9,12.57],[50.91,12.57],[50.91,12.57],[50.91,12.57],[50.91,12.57],[50.91,12.57],[50.91,12.57],[50.91,12.57],[50.91,12.57],[50.91,12.57],[50.91,12.57],[50.91,12.57],[50.92,12.57],[50.92,12.58],[50.92,12.58],[50.92,12.58],[50.92,12.58],[50.92,12.58],[50.92,12.58],[50.92,12.58],[50.92,12.58],[50.92,12.58],[50.92,12.58],[50.92,12.58],[50.93,12.58],[50.93,12.58],[50.93,12.58],[50.93,12.58],[50.93,12.58],[50.93,12.58],[50.93,12.59],[50.93,12.59],[50.93,12.59],[50.93,12.59],[50.93,12.59],[50.93,12.59],[50.94,12.59],[50.94,12.59],[50.94,12.59],[50.94,12.59],[50.94,12.59],[50.94,12.59],[50.94,12.59],[50.94,12.59],[50.94,12.59],[50.94,12.59],[50.95,12.59],[50.95,12.59],[50.95,12.59],[50.95,12.59],[50.95,12.6],[50.95,12.6],[50.95,12.6],[50.95,12.6],[50.95,12.6],[50.96,12.6],[50.96,12.6],[50.96,12.6],[50.96,12.6],[50.96,12.6],[50.96,12.6],[50.96,12.6],[50.96,12.6],[50.96,12.6],[50.96,12.6],[50.97,12.6],[50.97,12.6],[50.97,12.6],[50.97,12.6],[50.97,12.6],[50.97,12.6],[50.97,12.61],[50.97,12.61],[50.98,12.61],[50.98,12.61],[50.98,12.61],[50.98,12.61],[50.98,12.61],[50.98,12.61],[50.99,12.61],[50.99,12.61],[51,12.61],[51,12.61],[51,12.61],[51,12.62],[51,12.62],[51.01,12.62],[51.01,12.62],[51.01,12.62],[51.01,12.62],[51.01,12.62],[51.01,12.62],[51.01,12.62],[51.01,12.62],[51.01,12.62],[51.02,12.62],[51.02,12.62],[51.02,12.62],[51.02,12.62],[51.02,12.62],[51.02,12.62],[51.02,12.62],[51.02,12.62],[51.02,12.62],[51.02,12.62],[51.02,12.62],[51.03,12.62],[51.03,12.63],[51.03,12.63],[51.03,12.63],[51.03,12.63],[51.03,12.63],[51.03,12.63],[51.03,12.63],[51.03,12.63],[51.03,12.63],[51.04,12.63],[51.04,12.63],[51.04,12.63],[51.04,12.63],[51.04,12.63],[51.04,12.63],[51.04,12.63],[51.04,12.63],[51.04,12.63],[51.04,12.63],[51.04,12.63],[51.04,12.63],[51.05,12.63],[51.05,12.63],[51.05,12.63],[51.05,12.64],[51.05,12.64],[51.05,12.64],[51.05,12.64],[51.05,12.64],[51.05,12.64],[51.05,12.64],[51.05,12.64],[51.05,12.64],[51.05,12.64],[51.06,12.64],[51.06,12.64],[51.06,12.64],[51.06,12.64],[51.06,12.64],[51.06,12.64],[51.06,12.64],[51.06,12.64],[51.06,12.64],[51.06,12.64],[51.06,12.64],[51.06,12.65],[51.06,12.65],[51.07,12.65],[51.07,12.65],[51.07,12.65],[51.07,12.65],[51.07,12.65],[51.07,12.65],[51.07,12.65],[51.07,12.65],[51.07,12.65],[51.07,12.65],[51.07,12.65],[51.07,12.65],[51.07,12.65],[51.07,12.65],[51.08,12.65],[51.08,12.65],[51.08,12.66],[51.08,12.66],[51.08,12.66],[51.08,12.66],[51.08,12.66],[51.08,12.66],[51.08,12.66],[51.08,12.66],[51.08,12.66],[51.08,12.66],[51.08,12.66],[51.09,12.66],[51.09,12.66],[51.09,12.66],[51.09,12.66],[51.09,12.66],[51.09,12.67],[51.09,12.67],[51.09,12.67],[51.09,12.67],[51.09,12.67],[51.09,12.67],[51.09,12.67],[51.09,12.67],[51.1,12.67],[51.1,12.67],[51.1,12.67],[51.1,12.67],[51.1,12.67],[51.1,12.68],[51.1,12.68],[51.1,12.68],[51.1,12.68],[51.1,12.68],[51.1,12.68],[51.1,12.68],[51.1,12.68],[51.1,12.68],[51.1,12.68],[51.11,12.68],[51.11,12.68],[51.11,12.68],[51.11,12.68],[51.11,12.68],[51.11,12.69],[51.11,12.69],[51.11,12.69],[51.11,12.69],[51.11,12.69],[51.12,12.69],[51.12,12.69],[51.12,12.7],[51.12,12.7],[51.12,12.7],[51.12,12.7],[51.12,12.7],[51.13,12.7],[51.13,12.7],[51.13,12.71],[51.13,12.71],[51.13,12.71],[51.13,12.71],[51.13,12.71],[51.14,12.72],[51.14,12.72],[51.15,12.73],[51.15,12.73],[51.15,12.73],[51.15,12.73],[51.15,12.73],[51.15,12.74],[51.16,12.74],[51.16,12.74],[51.16,12.74],[51.16,12.74],[51.16,12.75],[51.16,12.75],[51.17,12.75],[51.17,12.75],[51.17,12.75],[51.17,12.75],[51.17,12.75],[51.17,12.75],[51.17,12.76],[51.17,12.76],[51.17,12.76],[51.17,12.76],[51.18,12.76],[51.18,12.76],[51.18,12.76],[51.18,12.76],[51.18,12.76],[51.18,12.76],[51.18,12.76],[51.18,12.76],[51.18,12.76],[51.18,12.77],[51.18,12.77],[51.18,12.77],[51.18,12.77],[51.18,12.77],[51.19,12.77],[51.19,12.77],[51.19,12.77],[51.19,12.77],[51.19,12.77],[51.19,12.77],[51.19,12.77],[51.19,12.77],[51.19,12.77],[51.19,12.78],[51.19,12.78],[51.19,12.78],[51.19,12.78],[51.19,12.78],[51.2,12.78],[51.2,12.78],[51.2,12.78],[51.2,12.78],[51.2,12.78],[51.2,12.78],[51.2,12.78],[51.2,12.78],[51.2,12.78],[51.2,12.78],[51.2,12.78],[51.2,12.79],[51.2,12.79],[51.2,12.79],[51.21,12.79],[51.21,12.79],[51.21,12.79],[51.21,12.79],[51.21,12.79],[51.21,12.79],[51.21,12.79],[51.21,12.79],[51.21,12.79],[51.21,12.79],[51.21,12.79],[51.21,12.79],[51.21,12.79],[51.21,12.79],[51.21,12.79],[51.22,12.79],[51.22,12.8],[51.22,12.8],[51.22,12.8],[51.22,12.8],[51.22,12.8],[51.22,12.8],[51.22,12.8],[51.22,12.8],[51.22,12.8],[51.22,12.8],[51.22,12.8],[51.22,12.8],[51.22,12.8],[51.23,12.8],[51.23,12.8],[51.23,12.8],[51.23,12.8],[51.23,12.8],[51.23,12.8],[51.23,12.8],[51.23,12.8],[51.23,12.8],[51.23,12.81],[51.23,12.81],[51.23,12.81],[51.23,12.81],[51.23,12.81],[51.23,12.81],[51.24,12.81],[51.24,12.81],[51.24,12.81],[51.24,12.81],[51.24,12.81],[51.24,12.81],[51.24,12.81],[51.24,12.81],[51.24,12.81],[51.24,12.81],[51.25,12.81],[51.25,12.81],[51.25,12.81],[51.25,12.81],[51.25,12.82],[51.25,12.82],[51.25,12.82],[51.25,12.82],[51.25,12.82],[51.26,12.82],[51.26,12.82],[51.26,12.82],[51.26,12.82],[51.26,12.82],[51.26,12.82],[51.26,12.82],[51.26,12.82],[51.26,12.82],[51.27,12.82],[51.27,12.82],[51.27,12.82],[51.27,12.82],[51.27,12.83],[51.27,12.83],[51.27,12.83],[51.27,12.83],[51.27,12.83],[51.28,12.83],[51.28,12.83],[51.28,12.83],[51.28,12.83],[51.28,12.83],[51.28,12.83],[51.28,12.83],[51.28,12.83],[51.29,12.83],[51.29,12.83],[51.29,12.83],[51.29,12.83],[51.29,12.83],[51.29,12.83],[51.29,12.84],[51.29,12.84],[51.3,12.84],[51.3,12.84],[51.3,12.84],[51.3,12.84],[51.3,12.84],[51.3,12.84],[51.3,12.84],[51.3,12.84],[51.31,12.84],[51.31,12.84],[51.31,12.84],[51.31,12.84],[51.31,12.84],[51.31,12.84],[51.31,12.84],[51.31,12.84],[51.32,12.84],[51.32,12.84],[51.32,12.84],[51.32,12.85],[51.32,12.85],[51.32,12.85],[51.32,12.85],[51.32,12.85],[51.33,12.85],[51.33,12.85],[51.33,12.85],[51.33,12.85],[51.33,12.85],[51.33,12.85],[51.33,12.85],[51.33,12.85],[51.34,12.85],[51.34,12.85],[51.34,12.85],[51.34,12.85],[51.34,12.85],[51.34,12.85],[51.34,12.85],[51.34,12.85],[51.35,12.85],[51.35,12.85],[51.35,12.85],[51.35,12.85],[51.35,12.86],[51.35,12.86],[51.35,12.86],[51.35,12.86],[51.36,12.86],[51.36,12.86],[51.36,12.86],[51.36,12.86],[51.36,12.86],[51.36,12.86],[51.36,12.86],[51.37,12.86],[51.37,12.86],[51.37,12.86],[51.37,12.86],[51.37,12.86],[51.37,12.86],[51.37,12.86],[51.37,12.86],[51.38,12.86],[51.38,12.86],[51.38,12.86],[51.38,12.86],[51.38,12.86],[51.38,12.86],[51.38,12.86],[51.38,12.86],[51.39,12.86],[51.39,12.86],[51.39,12.86],[51.39,12.86],[51.39,12.87],[51.39,12.87],[51.39,12.87],[51.4,12.87],[51.4,12.87],[51.4,12.87],[51.4,12.87],[51.4,12.87],[51.4,12.87],[51.4,12.87],[51.41,12.87],[51.41,12.87],[51.41,12.87],[51.41,12.87],[51.41,12.87],[51.41,12.87],[51.41,12.87],[51.42,12.87],[51.42,12.87],[51.42,12.87],[51.42,12.87],[51.42,12.87],[51.42,12.87],[51.43,12.87],[51.43,12.87],[51.43,12.87],[51.43,12.87],[51.43,12.87],[51.43,12.87],[51.43,12.87],[51.44,12.87],[51.44,12.87],[51.44,12.87],[51.44,12.87],[51.44,12.87],[51.44,12.87],[51.45,12.87],[51.45,12.87],[51.45,12.87],[51.45,12.87],[51.45,12.87],[51.45,12.87],[51.46,12.87],[51.46,12.87],[51.46,12.87],[51.46,12.87],[51.46,12.87],[51.46,12.87],[51.47,12.87],[51.47,12.87],[51.47,12.87],[51.47,12.87],[51.47,12.87],[51.47,12.87],[51.48,12.87],[51.48,12.88],[51.48,12.88],[51.48,12.88],[51.48,12.88],[51.48,12.88],[51.49,12.88],[51.49,12.88],[51.49,12.88],[51.49,12.88],[51.49,12.88],[51.5,12.88],[51.5,12.88],[51.5,12.88],[51.5,12.88],[51.5,12.88],[51.5,12.88],[51.51,12.88],[51.51,12.88],[51.51,12.88],[51.51,12.88],[51.51,12.88],[51.52,12.88],[51.52,12.88],[51.52,12.87],[51.52,12.87],[51.52,12.87],[51.52,12.87],[51.53,12.87],[51.53,12.87],[51.53,12.87],[51.53,12.87],[51.53,12.87],[51.54,12.87],[51.54,12.87],[51.54,12.87],[51.54,12.87],[51.54,12.87],[51.51,12.57],[51.49,12.34],[51.46,12.13],[51.47,12.08],[51.47,12.08],[51.45,12.08],[50.9,11.95],[50.65,11.67],[50.33,11.43],[49.95,11.35],[49.43,11.34],[49.19,11.09],[48.88,10.95],[48.36,10.95],[47.92,10.95],[47.69,10.95],[47.42,10.95],[47.12,10.81],[46.85,10.64],[46.62,10.36],[46.15,10.29],[45.85,10.29],[45.35,10.25],[45.15,10.15],[44.78,10.08],[44.45,9.98],[44.15,9.89],[44.14,9.97]]]}},{"type":"Feature","properties":{"ma":0,"type":"gpml:TopologicalNetwork","name":"Inactive_AFRICA_ARABIA_MESH_2","pid":701,"deforming":true},"geometry":{"type":"Polygon","coordinates":[[[38.83,23.46],[38.85,23.42],[39.29,22.56],[39.72,21.7],[39.77,21.36],[39.92,21.05],[40.07,20.79],[40.43,20.42],[40.8,20.06],[41.23,19.81],[41.52,19.48],[41.76,18.99],[41.89,18.48],[42.12,17.95],[41.95,17.35],[42.35,16.86],[42.78,16.22],[43.12,15.66],[43.23,15.08],[43.27,14.78],[43.27,14.78],[42.97,14.63],[42.79,14.76],[42.54,14.97],[42.31,15.32],[42.14,15.57],[42.03,15.75],[41.98,15.79],[41.98,15.79],[41.98,15.79],[41.98,15.79],[41.98,15.79],[41.98,15.79],[41.98,15.79],[41.98,15.79],[41.98,15.8],[41.98,15.8],[41.98,15.8],[41.98,15.8],[41.98,15.8],[41.98,15.8],[41.98,15.8],[41.98,15.81],[41.98,15.81],[41.98,15.81],[41.98,15.81],[41.98,15.81],[41.97,15.81],[41.97,15.81],[41.97,15.81],[41.97,15.82],[41.97,15.82],[41.97,15.82],[41.97,15.82],[41.97,15.82],[41.97,15.82],[41.97,15.82],[41.97,15.82],[41.97,15.83],[41.97,15.83],[41.97,15.83],[41.97,15.83],[41.97,15.83],[41.97,15.83],[41.97,15.83],[41.97,15.83],[41.97,15.84],[41.97,15.84],[41.97,15.84],[41.97,15.84],[41.97,15.84],[41.97,15.84],[41.96,15.84],[41.96,15.84],[41.96,15.85],[41.96,15.85],[41.96,15.85],[41.96,15.85],[41.96,15.85],[41.96,15.85],[41.96,15.85],[41.96,15.85],[41.96,15.86],[41.96,15.86],[41.96,15.86],[41.96,15.86],[41.96,15.86],[41.96,15.86],[41.96,15.86],[41.96,15.86],[41.96,15.86],[41.96,15.87],[41.96,15.87],[41.96,15.87],[41.96,15.87],[41.95,15.87],[41.95,15.87],[41.95,15.87],[41.95,15.87],[41.95,15.88],[41.95,15.88],[41.95,15.88],[41.95,15.88],[41.95,15.88],[41.95,15.88],[41.95,15.88],[41.95,15.88],[41.95,15.88],[41.95,15.89],[41.95,15.89],[41.95,15.89],[41.95,15.89],[41.95,15.89],[41.95,15.89],[41.95,15.89],[41.94,15.89],[41.94,15.89],[41.94,15.9],[41.94,15.9],[41.94,15.9],[41.94,15.9],[41.94,15.9],[41.94,15.9],[41.94,15.9],[41.94,15.9],[41.94,15.91],[41.94,15.91],[41.94,15.91],[41.94,15.91],[41.94,15.91],[41.94,15.91],[41.94,15.91],[41.94,15.91],[41.94,15.91],[41.93,15.92],[41.93,15.92],[41.93,15.92],[41.93,15.92],[41.93,15.92],[41.93,15.92],[41.93,15.92],[41.93,15.92],[41.93,15.92],[41.93,15.93],[41.93,15.93],[41.93,15.93],[41.93,15.93],[41.93,15.93],[41.93,15.93],[41.93,15.93],[41.93,15.93],[41.92,15.93],[41.92,15.93],[41.92,15.94],[41.92,15.94],[41.92,15.94],[41.92,15.94],[41.92,15.94],[41.92,15.94],[41.92,15.94],[41.92,15.94],[41.92,15.94],[41.92,15.95],[41.92,15.95],[41.92,15.95],[41.92,15.95],[41.92,15.95],[41.91,15.95],[41.91,15.95],[41.91,15.95],[41.91,15.95],[41.91,15.95],[41.91,15.96],[41.91,15.96],[41.91,15.96],[41.91,15.96],[41.91,15.96],[41.91,15.96],[41.91,15.96],[41.91,15.96],[41.91,15.96],[41.91,15.96],[41.9,15.97],[41.9,15.97],[41.9,15.97],[41.9,15.97],[41.9,15.97],[41.9,15.97],[41.9,15.97],[41.9,15.97],[41.9,15.97],[41.9,15.97],[41.9,15.98],[41.9,15.98],[41.9,15.98],[41.9,15.98],[41.9,15.98],[41.89,15.98],[41.89,15.98],[41.89,15.98],[41.89,15.98],[41.89,15.98],[41.89,15.99],[41.89,15.99],[41.89,15.99],[41.89,15.99],[41.89,15.99],[41.89,15.99],[41.89,15.99],[41.89,15.99],[41.89,15.99],[41.88,15.99],[41.88,16],[41.88,16],[41.88,16],[41.88,16],[41.88,16],[41.88,16],[41.88,16],[41.88,16],[41.88,16],[41.88,16],[41.88,16],[41.88,16.01],[41.87,16.01],[41.87,16.01],[41.87,16.01],[41.87,16.01],[41.87,16.01],[41.87,16.01],[41.87,16.01],[41.87,16.01],[41.87,16.01],[41.87,16.01],[41.87,16.02],[41.87,16.02],[41.87,16.02],[41.86,16.02],[41.86,16.02],[41.86,16.02],[41.86,16.02],[41.86,16.02],[41.86,16.02],[41.86,16.02],[41.86,16.02],[41.86,16.03],[41.86,16.03],[41.86,16.03],[41.86,16.03],[41.85,16.03],[41.85,16.03],[41.85,16.03],[41.85,16.03],[41.85,16.03],[41.85,16.03],[41.85,16.03],[41.85,16.03],[41.85,16.04],[41.85,16.04],[41.85,16.04],[41.85,16.04],[41.84,16.04],[41.84,16.04],[41.84,16.04],[41.84,16.04],[41.84,16.04],[41.84,16.04],[41.84,16.04],[41.84,16.05],[41.84,16.05],[41.84,16.05],[41.84,16.05],[41.83,16.05],[41.83,16.05],[41.83,16.05],[41.83,16.05],[41.83,16.05],[41.83,16.05],[41.83,16.05],[41.83,16.05],[41.83,16.05],[41.83,16.06],[41.83,16.06],[41.82,16.06],[41.82,16.06],[41.82,16.06],[41.82,16.06],[41.82,16.06],[41.82,16.06],[41.82,16.06],[41.82,16.06],[41.82,16.06],[41.82,16.06],[41.82,16.06],[41.82,16.06],[41.82,16.06],[41.82,16.06],[41.82,16.06],[41.82,16.06],[41.82,16.06],[41.82,16.06],[41.81,16.07],[41.81,16.07],[41.81,16.07],[41.81,16.07],[41.81,16.07],[41.81,16.07],[41.81,16.07],[41.8,16.07],[41.8,16.07],[41.8,16.08],[41.8,16.08],[41.8,16.08],[41.8,16.08],[41.8,16.08],[41.8,16.08],[41.8,16.08],[41.8,16.08],[41.8,16.08],[41.8,16.08],[41.79,16.08],[41.79,16.08],[41.79,16.08],[41.79,16.08],[41.79,16.08],[41.79,16.08],[41.79,16.08],[41.79,16.08],[41.79,16.08],[41.79,16.09],[41.79,16.09],[41.79,16.09],[41.79,16.09],[41.79,16.09],[41.79,16.09],[41.79,16.09],[41.79,16.09],[41.79,16.09],[41.79,16.09],[41.79,16.09],[41.78,16.09],[41.78,16.09],[41.78,16.09],[41.78,16.09],[41.78,16.09],[41.78,16.09],[41.78,16.09],[41.78,16.09],[41.78,16.09],[41.78,16.09],[41.78,16.09],[41.78,16.1],[41.78,16.1],[41.78,16.1],[41.78,16.1],[41.78,16.1],[41.78,16.1],[41.78,16.1],[41.78,16.1],[41.78,16.1],[41.78,16.1],[41.78,16.1],[41.77,16.1],[41.77,16.1],[41.77,16.1],[41.77,16.1],[41.77,16.1],[41.77,16.1],[41.77,16.1],[41.77,16.1],[41.77,16.1],[41.77,16.11],[41.77,16.11],[41.77,16.11],[41.77,16.11],[41.77,16.11],[41.77,16.11],[41.77,16.11],[41.77,16.11],[41.77,16.11],[41.77,16.11],[41.77,16.11],[41.77,16.11],[41.77,16.11],[41.77,16.11],[41.77,16.11],[41.76,16.11],[41.76,16.11],[41.76,16.11],[41.76,16.12],[41.76,16.12],[41.76,16.12],[41.76,16.12],[41.76,16.12],[41.76,16.12],[41.76,16.12],[41.76,16.12],[41.76,16.12],[41.76,16.12],[41.76,16.12],[41.76,16.12],[41.76,16.12],[41.76,16.12],[41.76,16.12],[41.76,16.12],[41.76,16.12],[41.76,16.13],[41.76,16.13],[41.76,16.13],[41.76,16.13],[41.76,16.13],[41.76,16.13],[41.75,16.13],[41.75,16.13],[41.75,16.13],[41.75,16.13],[41.75,16.13],[41.75,16.13],[41.75,16.13],[41.75,16.13],[41.75,16.13],[41.75,16.14],[41.75,16.14],[41.75,16.14],[41.75,16.14],[41.75,16.14],[41.75,16.14],[41.75,16.14],[41.75,16.14],[41.75,16.14],[41.75,16.14],[41.75,16.14],[41.75,16.14],[41.75,16.14],[41.75,16.14],[41.75,16.14],[41.75,16.15],[41.75,16.15],[41.75,16.15],[41.75,16.15],[41.74,16.15],[41.74,16.15],[41.74,16.15],[41.74,16.15],[41.74,16.15],[41.74,16.15],[41.74,16.15],[41.74,16.15],[41.74,16.15],[41.74,16.15],[41.74,16.16],[41.74,16.16],[41.74,16.16],[41.74,16.16],[41.74,16.16],[41.74,16.16],[41.74,16.16],[41.74,16.16],[41.74,16.16],[41.74,16.16],[41.74,16.16],[41.74,16.16],[41.74,16.17],[41.74,16.17],[41.74,16.17],[41.74,16.17],[41.74,16.17],[41.74,16.17],[41.73,16.17],[41.73,16.17],[41.73,16.18],[41.73,16.18],[41.73,16.18],[41.73,16.18],[41.73,16.18],[41.73,16.18],[41.73,16.18],[41.73,16.19],[41.73,16.19],[41.73,16.19],[41.73,16.19],[41.73,16.19],[41.73,16.19],[41.73,16.19],[41.73,16.2],[41.73,16.2],[41.73,16.2],[41.73,16.2],[41.73,16.2],[41.73,16.2],[41.72,16.2],[41.72,16.21],[41.72,16.21],[41.72,16.21],[41.72,16.21],[41.72,16.21],[41.72,16.21],[41.72,16.22],[41.72,16.22],[41.72,16.22],[41.72,16.22],[41.72,16.22],[41.72,16.22],[41.72,16.22],[41.72,16.23],[41.72,16.23],[41.72,16.23],[41.72,16.23],[41.72,16.23],[41.72,16.23],[41.72,16.24],[41.72,16.24],[41.72,16.24],[41.71,16.25],[41.71,16.25],[41.71,16.25],[41.71,16.26],[41.71,16.27],[41.71,16.27],[41.71,16.28],[41.71,16.28],[41.71,16.28],[41.71,16.28],[41.71,16.28],[41.7,16.29],[41.7,16.29],[41.7,16.29],[41.7,16.29],[41.7,16.29],[41.7,16.3],[41.7,16.3],[41.7,16.3],[41.7,16.3],[41.7,16.3],[41.7,16.31],[41.7,16.31],[41.7,16.31],[41.7,16.31],[41.7,16.31],[41.7,16.32],[41.7,16.32],[41.7,16.32],[41.7,16.32],[41.7,16.32],[41.69,16.33],[41.69,16.33],[41.69,16.33],[41.69,16.33],[41.69,16.33],[41.69,16.33],[41.69,16.33],[41.69,16.33],[41.69,16.33],[41.69,16.33],[41.69,16.33],[41.69,16.34],[41.69,16.34],[41.69,16.34],[41.69,16.34],[41.69,16.34],[41.69,16.34],[41.69,16.34],[41.69,16.34],[41.69,16.34],[41.69,16.34],[41.69,16.34],[41.69,16.35],[41.69,16.35],[41.69,16.35],[41.69,16.35],[41.69,16.35],[41.69,16.35],[41.69,16.35],[41.69,16.35],[41.69,16.35],[41.69,16.35],[41.68,16.35],[41.68,16.36],[41.68,16.36],[41.68,16.36],[41.68,16.36],[41.68,16.36],[41.68,16.36],[41.68,16.36],[41.68,16.36],[41.68,16.36],[41.68,16.36],[41.68,16.36],[41.68,16.36],[41.68,16.36],[41.68,16.37],[41.68,16.37],[41.68,16.37],[41.68,16.37],[41.68,16.37],[41.68,16.37],[41.68,16.37],[41.68,16.37],[41.68,16.37],[41.68,16.37],[41.68,16.37],[41.68,16.37],[41.68,16.37],[41.68,16.38],[41.68,16.38],[41.68,16.38],[41.67,16.38],[41.67,16.38],[41.67,16.38],[41.67,16.38],[41.67,16.38],[41.67,16.39],[41.67,16.39],[41.67,16.39],[41.67,16.39],[41.67,16.39],[41.67,16.39],[41.67,16.4],[41.66,16.4],[41.66,16.4],[41.66,16.4],[41.66,16.4],[41.66,16.41],[41.66,16.41],[41.66,16.41],[41.66,16.41],[41.66,16.41],[41.65,16.42],[41.65,16.42],[41.65,16.42],[41.65,16.42],[41.65,16.42],[41.65,16.43],[41.65,16.43],[41.65,16.43],[41.65,16.43],[41.64,16.43],[41.64,16.44],[41.64,16.44],[41.64,16.44],[41.64,16.44],[41.64,16.44],[41.64,16.45],[41.64,16.45],[41.63,16.45],[41.63,16.45],[41.63,16.45],[41.63,16.46],[41.63,16.46],[41.63,16.46],[41.63,16.46],[41.63,16.46],[41.62,16.47],[41.62,16.47],[41.62,16.47],[41.62,16.47],[41.62,16.47],[41.62,16.48],[41.62,16.48],[41.61,16.48],[41.61,16.48],[41.61,16.48],[41.61,16.49],[41.61,16.49],[41.61,16.49],[41.61,16.49],[41.6,16.49],[41.6,16.5],[41.6,16.5],[41.6,16.5],[41.6,16.5],[41.6,16.51],[41.6,16.51],[41.59,16.51],[41.59,16.51],[41.59,16.51],[41.59,16.52],[41.59,16.52],[41.59,16.52],[41.58,16.52],[41.58,16.52],[41.58,16.53],[41.58,16.53],[41.58,16.53],[41.58,16.53],[41.58,16.53],[41.57,16.54],[41.57,16.54],[41.57,16.54],[41.57,16.54],[41.57,16.55],[41.57,16.55],[41.56,16.55],[41.56,16.55],[41.56,16.55],[41.56,16.56],[41.56,16.56],[41.55,16.56],[41.55,16.56],[41.55,16.57],[41.55,16.57],[41.55,16.57],[41.55,16.57],[41.54,16.57],[41.54,16.58],[41.54,16.58],[41.54,16.58],[41.54,16.58],[41.53,16.59],[41.53,16.59],[41.53,16.59],[41.53,16.59],[41.53,16.59],[41.52,16.6],[41.52,16.6],[41.52,16.6],[41.52,16.6],[41.52,16.61],[41.51,16.61],[41.51,16.61],[41.51,16.61],[41.51,16.62],[41.51,16.62],[41.5,16.62],[41.5,16.62],[41.5,16.63],[41.49,16.63],[41.49,16.64],[41.48,16.64],[41.48,16.65],[41.47,16.66],[41.46,16.67],[41.46,16.68],[41.45,16.68],[41.45,16.68],[41.45,16.69],[41.45,16.69],[41.44,16.69],[41.44,16.7],[41.44,16.7],[41.43,16.71],[41.43,16.71],[41.43,16.71],[41.42,16.72],[41.42,16.72],[41.42,16.72],[41.42,16.72],[41.42,16.73],[41.41,16.73],[41.41,16.73],[41.41,16.73],[41.41,16.73],[41.41,16.74],[41.41,16.74],[41.4,16.74],[41.4,16.74],[41.4,16.74],[41.4,16.75],[41.4,16.75],[41.4,16.75],[41.4,16.75],[41.39,16.75],[41.39,16.75],[41.39,16.76],[41.39,16.76],[41.39,16.76],[41.39,16.76],[41.39,16.76],[41.38,16.77],[41.38,16.77],[41.38,16.77],[41.38,16.77],[41.38,16.77],[41.38,16.77],[41.38,16.78],[41.37,16.78],[41.37,16.78],[41.37,16.78],[41.37,16.78],[41.37,16.79],[41.37,16.79],[41.36,16.79],[41.36,16.79],[41.36,16.8],[41.36,16.8],[41.36,16.8],[41.36,16.8],[41.35,16.8],[41.35,16.81],[41.35,16.81],[41.35,16.81],[41.35,16.81],[41.35,16.81],[41.35,16.82],[41.34,16.82],[41.34,16.82],[41.34,16.82],[41.34,16.82],[41.34,16.83],[41.34,16.83],[41.34,16.83],[41.33,16.83],[41.33,16.83],[41.33,16.84],[41.33,16.84],[41.33,16.84],[41.33,16.84],[41.33,16.84],[41.33,16.85],[41.32,16.85],[41.32,16.85],[41.32,16.85],[41.32,16.85],[41.32,16.86],[41.32,16.86],[41.32,16.86],[41.31,16.86],[41.31,16.86],[41.31,16.87],[41.31,16.87],[41.31,16.87],[41.31,16.87],[41.31,16.87],[41.31,16.88],[41.31,16.88],[41.3,16.88],[41.3,16.88],[41.3,16.88],[41.3,16.89],[41.3,16.89],[41.3,16.89],[41.3,16.89],[41.3,16.89],[41.3,16.9],[41.29,16.9],[41.29,16.9],[41.29,16.9],[41.29,16.9],[41.29,16.91],[41.29,16.91],[41.29,16.91],[41.29,16.91],[41.29,16.91],[41.28,16.92],[41.28,16.92],[41.28,16.92],[41.28,16.92],[41.28,16.92],[41.28,16.93],[41.28,16.93],[41.28,16.93],[41.28,16.93],[41.27,16.94],[41.27,16.94],[41.27,16.94],[41.27,16.94],[41.27,16.94],[41.27,16.95],[41.27,16.95],[41.27,16.95],[41.27,16.95],[41.26,16.96],[41.26,16.96],[41.26,16.96],[41.26,16.96],[41.26,16.97],[41.26,16.97],[41.25,16.98],[41.25,16.99],[41.25,16.99],[41.24,17],[41.24,17],[41.24,17],[41.24,17],[41.24,17.01],[41.24,17.01],[41.24,17.01],[41.24,17.01],[41.24,17.02],[41.23,17.02],[41.23,17.02],[41.23,17.02],[41.23,17.02],[41.23,17.03],[41.23,17.03],[41.23,17.03],[41.23,17.03],[41.23,17.03],[41.23,17.04],[41.22,17.04],[41.22,17.04],[41.22,17.04],[41.22,17.04],[41.22,17.05],[41.22,17.05],[41.22,17.05],[41.22,17.05],[41.22,17.05],[41.21,17.06],[41.21,17.06],[41.21,17.06],[41.21,17.06],[41.21,17.07],[41.21,17.07],[41.21,17.07],[41.2,17.07],[41.2,17.08],[41.2,17.08],[41.2,17.08],[41.2,17.08],[41.2,17.09],[41.2,17.09],[41.19,17.09],[41.19,17.09],[41.19,17.1],[41.19,17.1],[41.19,17.1],[41.19,17.1],[41.19,17.11],[41.18,17.11],[41.18,17.11],[41.18,17.11],[41.18,17.12],[41.18,17.12],[41.18,17.12],[41.17,17.12],[41.17,17.13],[41.17,17.13],[41.17,17.13],[41.17,17.13],[41.17,17.14],[41.16,17.14],[41.16,17.14],[41.16,17.14],[41.16,17.15],[41.16,17.15],[41.16,17.15],[41.16,17.16],[41.15,17.16],[41.15,17.16],[41.15,17.16],[41.15,17.17],[41.15,17.17],[41.15,17.17],[41.14,17.17],[41.14,17.18],[41.14,17.18],[41.14,17.18],[41.14,17.18],[41.14,17.19],[41.13,17.19],[41.13,17.19],[41.13,17.19],[41.13,17.2],[41.13,17.2],[41.13,17.2],[41.12,17.2],[41.12,17.21],[41.12,17.21],[41.12,17.21],[41.12,17.21],[41.11,17.22],[41.11,17.22],[41.11,17.22],[41.11,17.22],[41.11,17.23],[41.11,17.23],[41.1,17.23],[41.1,17.23],[41.1,17.24],[41.1,17.24],[41.1,17.24],[41.1,17.24],[41.09,17.25],[41.09,17.25],[41.09,17.25],[41.09,17.25],[41.09,17.26],[41.08,17.26],[41.08,17.26],[41.08,17.26],[41.08,17.27],[41.08,17.27],[41.07,17.27],[41.07,17.27],[41.07,17.28],[41.07,17.28],[41.07,17.28],[41.07,17.29],[41.06,17.29],[41.06,17.29],[41.06,17.29],[41.06,17.3],[41.06,17.3],[41.05,17.3],[41.05,17.3],[41.05,17.31],[41.05,17.31],[41.05,17.31],[41.04,17.31],[41.04,17.32],[41.04,17.32],[41.04,17.32],[41.04,17.32],[41.03,17.33],[41.03,17.33],[41.03,17.33],[41.03,17.33],[41.03,17.34],[41.02,17.34],[41.02,17.34],[41.02,17.34],[41.02,17.35],[41.02,17.35],[41.01,17.35],[41.01,17.35],[41.01,17.36],[41.01,17.36],[41.01,17.36],[41,17.36],[41,17.37],[41,17.37],[41,17.37],[40.99,17.37],[40.99,17.38],[40.99,17.38],[40.99,17.38],[40.99,17.39],[40.98,17.39],[40.98,17.39],[40.98,17.39],[40.98,17.4],[40.98,17.4],[40.97,17.4],[40.97,17.4],[40.97,17.41],[40.97,17.41],[40.96,17.41],[40.96,17.41],[40.96,17.42],[40.96,17.42],[40.96,17.42],[40.95,17.42],[40.95,17.43],[40.95,17.43],[40.95,17.43],[40.94,17.43],[40.94,17.44],[40.94,17.44],[40.94,17.44],[40.94,17.44],[40.93,17.45],[40.93,17.45],[40.93,17.45],[40.93,17.45],[40.92,17.46],[40.92,17.46],[40.92,17.46],[40.92,17.46],[40.91,17.47],[40.91,17.47],[40.91,17.47],[40.91,17.48],[40.91,17.48],[40.9,17.48],[40.9,17.48],[40.9,17.49],[40.9,17.49],[40.89,17.49],[40.89,17.49],[40.89,17.5],[40.89,17.5],[40.88,17.5],[40.88,17.5],[40.88,17.51],[40.88,17.51],[40.87,17.51],[40.87,17.51],[40.87,17.52],[40.87,17.52],[40.86,17.52],[40.86,17.52],[40.86,17.53],[40.86,17.53],[40.85,17.53],[40.85,17.54],[40.85,17.54],[40.85,17.54],[40.84,17.54],[40.84,17.55],[40.84,17.55],[40.84,17.55],[40.83,17.55],[40.83,17.56],[40.83,17.56],[40.83,17.56],[40.82,17.56],[40.82,17.57],[40.82,17.57],[40.82,17.57],[40.81,17.57],[40.81,17.58],[40.81,17.58],[40.81,17.58],[40.8,17.59],[40.8,17.59],[40.8,17.59],[40.79,17.59],[40.79,17.6],[40.79,17.6],[40.79,17.6],[40.78,17.6],[40.78,17.61],[40.78,17.61],[40.78,17.61],[40.77,17.61],[40.77,17.62],[40.77,17.62],[40.77,17.62],[40.76,17.62],[40.76,17.63],[40.76,17.63],[40.75,17.63],[40.75,17.64],[40.75,17.64],[40.75,17.64],[40.74,17.64],[40.74,17.65],[40.74,17.65],[40.73,17.65],[40.73,17.65],[40.73,17.66],[40.73,17.66],[40.72,17.66],[40.72,17.66],[40.72,17.67],[40.71,17.67],[40.71,17.67],[40.71,17.68],[40.71,17.68],[40.7,17.68],[40.7,17.68],[40.7,17.69],[40.69,17.69],[40.69,17.69],[40.69,17.7],[40.69,17.7],[40.68,17.7],[40.68,17.7],[40.68,17.71],[40.67,17.71],[40.67,17.71],[40.67,17.71],[40.67,17.71],[40.67,17.72],[40.66,17.72],[40.66,17.72],[40.66,17.72],[40.66,17.72],[40.66,17.72],[40.66,17.72],[40.66,17.72],[40.66,17.72],[40.66,17.72],[40.66,17.72],[40.66,17.72],[40.65,17.73],[40.65,17.73],[40.65,17.73],[40.65,17.73],[40.65,17.73],[40.65,17.73],[40.65,17.73],[40.65,17.73],[40.65,17.73],[40.65,17.73],[40.64,17.73],[40.64,17.73],[40.64,17.74],[40.64,17.74],[40.64,17.74],[40.64,17.74],[40.64,17.74],[40.64,17.74],[40.64,17.74],[40.63,17.74],[40.63,17.74],[40.63,17.74],[40.63,17.74],[40.63,17.74],[40.63,17.75],[40.63,17.75],[40.63,17.75],[40.62,17.75],[40.62,17.75],[40.62,17.75],[40.62,17.75],[40.62,17.75],[40.62,17.75],[40.62,17.75],[40.62,17.75],[40.61,17.76],[40.61,17.76],[40.61,17.76],[40.61,17.76],[40.6,17.76],[40.6,17.77],[40.6,17.77],[40.59,17.77],[40.59,17.78],[40.58,17.78],[40.58,17.78],[40.58,17.78],[40.58,17.78],[40.57,17.78],[40.57,17.78],[40.57,17.79],[40.57,17.79],[40.57,17.79],[40.56,17.79],[40.56,17.79],[40.56,17.79],[40.56,17.79],[40.56,17.79],[40.56,17.8],[40.56,17.8],[40.56,17.8],[40.55,17.8],[40.55,17.8],[40.55,17.8],[40.55,17.8],[40.55,17.8],[40.55,17.8],[40.55,17.8],[40.55,17.8],[40.55,17.8],[40.55,17.8],[40.54,17.8],[40.54,17.81],[40.54,17.81],[40.54,17.81],[40.54,17.81],[40.54,17.81],[40.54,17.81],[40.54,17.81],[40.54,17.81],[40.54,17.81],[40.54,17.81],[40.53,17.81],[40.53,17.81],[40.53,17.81],[40.53,17.81],[40.53,17.82],[40.53,17.82],[40.53,17.82],[40.53,17.82],[40.53,17.82],[40.53,17.82],[40.53,17.82],[40.52,17.82],[40.52,17.82],[40.52,17.82],[40.52,17.82],[40.52,17.82],[40.52,17.83],[40.52,17.83],[40.52,17.83],[40.52,17.83],[40.52,17.83],[40.52,17.83],[40.51,17.83],[40.51,17.83],[40.51,17.83],[40.51,17.83],[40.51,17.83],[40.51,17.84],[40.51,17.84],[40.51,17.84],[40.51,17.84],[40.51,17.84],[40.51,17.84],[40.51,17.84],[40.5,17.84],[40.5,17.84],[40.5,17.84],[40.5,17.84],[40.5,17.84],[40.5,17.85],[40.5,17.85],[40.5,17.85],[40.5,17.85],[40.5,17.85],[40.5,17.85],[40.5,17.85],[40.5,17.85],[40.5,17.85],[40.49,17.85],[40.49,17.85],[40.49,17.85],[40.49,17.86],[40.49,17.86],[40.49,17.86],[40.49,17.86],[40.49,17.86],[40.49,17.86],[40.49,17.86],[40.49,17.86],[40.49,17.86],[40.49,17.86],[40.49,17.86],[40.49,17.87],[40.49,17.87],[40.48,17.87],[40.48,17.87],[40.48,17.87],[40.48,17.87],[40.48,17.87],[40.48,17.87],[40.48,17.87],[40.48,17.87],[40.48,17.87],[40.48,17.87],[40.48,17.87],[40.48,17.88],[40.48,17.88],[40.48,17.88],[40.48,17.88],[40.48,17.88],[40.48,17.88],[40.48,17.88],[40.48,17.88],[40.48,17.88],[40.48,17.88],[40.48,17.88],[40.48,17.88],[40.48,17.88],[40.48,17.88],[40.47,17.89],[40.47,17.89],[40.47,17.89],[40.47,17.89],[40.47,17.89],[40.47,17.89],[40.47,17.89],[40.47,17.89],[40.47,17.89],[40.47,17.89],[40.47,17.89],[40.47,17.89],[40.47,17.89],[40.47,17.89],[40.47,17.9],[40.47,17.9],[40.47,17.9],[40.47,17.9],[40.47,17.9],[40.47,17.9],[40.47,17.9],[40.47,17.9],[40.47,17.9],[40.47,17.9],[40.47,17.9],[40.47,17.9],[40.47,17.91],[40.47,17.91],[40.47,17.91],[40.47,17.91],[40.47,17.91],[40.47,17.91],[40.47,17.91],[40.47,17.91],[40.47,17.91],[40.46,17.91],[40.46,17.91],[40.46,17.91],[40.46,17.92],[40.46,17.92],[40.46,17.92],[40.46,17.92],[40.46,17.92],[40.46,17.92],[40.46,17.92],[40.46,17.92],[40.46,17.92],[40.46,17.92],[40.46,17.92],[40.46,17.93],[40.46,17.93],[40.46,17.93],[40.46,17.93],[40.46,17.93],[40.46,17.93],[40.46,17.93],[40.46,17.93],[40.46,17.93],[40.46,17.93],[40.46,17.93],[40.46,17.94],[40.46,17.94],[40.46,17.94],[40.46,17.94],[40.46,17.94],[40.46,17.94],[40.46,17.94],[40.46,17.94],[40.46,17.94],[40.46,17.94],[40.46,17.94],[40.46,17.95],[40.46,17.95],[40.46,17.95],[40.46,17.95],[40.46,17.95],[40.46,17.95],[40.46,17.95],[40.46,17.95],[40.46,17.96],[40.46,17.96],[40.46,17.96],[40.46,17.96],[40.45,17.96],[40.45,17.97],[40.45,17.97],[40.45,17.97],[40.45,17.97],[40.45,17.97],[40.45,17.98],[40.45,17.99],[40.45,17.99],[40.45,17.99],[40.45,18],[40.45,18],[40.45,18],[40.45,18],[40.45,18],[40.45,18],[40.45,18.01],[40.45,18.01],[40.45,18.01],[40.45,18.01],[40.45,18.01],[40.45,18.01],[40.45,18.02],[40.45,18.02],[40.45,18.02],[40.45,18.02],[40.45,18.02],[40.45,18.02],[40.45,18.02],[40.45,18.03],[40.45,18.03],[40.45,18.03],[40.45,18.03],[40.44,18.03],[40.44,18.03],[40.44,18.03],[40.44,18.04],[40.44,18.04],[40.44,18.04],[40.44,18.04],[40.44,18.04],[40.44,18.04],[40.44,18.04],[40.44,18.04],[40.44,18.04],[40.44,18.04],[40.44,18.04],[40.44,18.05],[40.44,18.05],[40.44,18.05],[40.44,18.05],[40.44,18.05],[40.44,18.05],[40.44,18.05],[40.44,18.05],[40.44,18.05],[40.44,18.05],[40.44,18.05],[40.44,18.05],[40.44,18.05],[40.44,18.05],[40.44,18.06],[40.44,18.06],[40.44,18.06],[40.44,18.06],[40.44,18.06],[40.44,18.06],[40.44,18.06],[40.44,18.06],[40.44,18.06],[40.44,18.06],[40.44,18.06],[40.44,18.06],[40.44,18.06],[40.44,18.06],[40.44,18.06],[40.44,18.07],[40.44,18.07],[40.44,18.07],[40.44,18.07],[40.44,18.07],[40.44,18.07],[40.44,18.07],[40.44,18.07],[40.43,18.07],[40.43,18.07],[40.43,18.07],[40.43,18.07],[40.43,18.07],[40.43,18.07],[40.43,18.07],[40.43,18.08],[40.43,18.08],[40.43,18.08],[40.43,18.08],[40.43,18.08],[40.43,18.08],[40.43,18.08],[40.43,18.09],[40.43,18.09],[40.43,18.09],[40.43,18.1],[40.42,18.1],[40.42,18.1],[40.42,18.1],[40.42,18.1],[40.42,18.1],[40.42,18.11],[40.42,18.11],[40.42,18.11],[40.42,18.11],[40.42,18.11],[40.42,18.11],[40.42,18.11],[40.42,18.11],[40.42,18.11],[40.42,18.11],[40.42,18.11],[40.42,18.12],[40.42,18.12],[40.42,18.12],[40.42,18.12],[40.42,18.12],[40.41,18.12],[40.41,18.12],[40.41,18.12],[40.41,18.12],[40.41,18.12],[40.41,18.12],[40.41,18.13],[40.41,18.13],[40.41,18.13],[40.41,18.13],[40.41,18.13],[40.41,18.13],[40.41,18.13],[40.41,18.13],[40.41,18.13],[40.41,18.13],[40.41,18.13],[40.41,18.13],[40.41,18.13],[40.41,18.14],[40.41,18.14],[40.41,18.14],[40.41,18.14],[40.41,18.14],[40.41,18.14],[40.41,18.14],[40.4,18.14],[40.4,18.14],[40.4,18.14],[40.4,18.14],[40.4,18.14],[40.4,18.14],[40.4,18.14],[40.4,18.14],[40.4,18.14],[40.4,18.15],[40.4,18.15],[40.4,18.15],[40.4,18.15],[40.4,18.15],[40.4,18.15],[40.4,18.15],[40.4,18.15],[40.4,18.15],[40.4,18.15],[40.4,18.15],[40.4,18.15],[40.4,18.15],[40.4,18.15],[40.4,18.15],[40.4,18.15],[40.4,18.15],[40.4,18.15],[40.4,18.15],[40.4,18.15],[40.4,18.15],[40.4,18.15],[40.4,18.15],[40.4,18.16],[40.39,18.16],[40.39,18.16],[40.39,18.16],[40.39,18.16],[40.39,18.16],[40.39,18.16],[40.39,18.16],[40.39,18.16],[40.39,18.16],[40.39,18.16],[40.39,18.16],[40.39,18.16],[40.39,18.16],[40.39,18.16],[40.39,18.16],[40.39,18.16],[40.39,18.16],[40.39,18.16],[40.39,18.17],[40.39,18.17],[40.39,18.17],[40.38,18.17],[40.38,18.17],[40.38,18.17],[40.38,18.17],[40.38,18.17],[40.38,18.17],[40.38,18.17],[40.38,18.17],[40.38,18.17],[40.38,18.18],[40.38,18.18],[40.38,18.18],[40.37,18.18],[40.37,18.18],[40.37,18.18],[40.37,18.18],[40.37,18.18],[40.37,18.18],[40.37,18.18],[40.37,18.18],[40.37,18.18],[40.37,18.19],[40.37,18.19],[40.37,18.19],[40.36,18.19],[40.36,18.19],[40.36,18.19],[40.36,18.19],[40.36,18.19],[40.36,18.19],[40.36,18.2],[40.35,18.2],[40.35,18.2],[40.35,18.2],[40.35,18.21],[40.34,18.21],[40.34,18.21],[40.34,18.21],[40.34,18.21],[40.34,18.21],[40.34,18.21],[40.34,18.21],[40.34,18.21],[40.34,18.21],[40.34,18.21],[40.34,18.21],[40.33,18.22],[40.33,18.22],[40.33,18.22],[40.33,18.22],[40.33,18.22],[40.33,18.22],[40.33,18.22],[40.33,18.22],[40.33,18.22],[40.33,18.22],[40.33,18.22],[40.33,18.22],[40.33,18.22],[40.33,18.22],[40.33,18.23],[40.32,18.23],[40.32,18.23],[40.32,18.23],[40.32,18.23],[40.32,18.23],[40.32,18.23],[40.32,18.23],[40.32,18.23],[40.32,18.23],[40.32,18.23],[40.32,18.23],[40.32,18.23],[40.32,18.23],[40.32,18.23],[40.32,18.24],[40.32,18.24],[40.31,18.24],[40.31,18.24],[40.31,18.24],[40.31,18.24],[40.31,18.24],[40.31,18.24],[40.31,18.24],[40.31,18.24],[40.31,18.24],[40.31,18.24],[40.31,18.25],[40.31,18.25],[40.31,18.25],[40.31,18.25],[40.3,18.25],[40.3,18.25],[40.3,18.25],[40.3,18.25],[40.3,18.26],[40.3,18.26],[40.3,18.26],[40.3,18.26],[40.3,18.26],[40.3,18.26],[40.29,18.27],[40.29,18.27],[40.29,18.27],[40.29,18.27],[40.29,18.27],[40.29,18.27],[40.29,18.27],[40.29,18.28],[40.29,18.28],[40.29,18.28],[40.29,18.28],[40.28,18.28],[40.28,18.28],[40.28,18.28],[40.28,18.29],[40.28,18.29],[40.28,18.29],[40.28,18.29],[40.28,18.29],[40.28,18.29],[40.28,18.3],[40.27,18.3],[40.27,18.3],[40.27,18.3],[40.27,18.3],[40.27,18.3],[40.27,18.31],[40.27,18.31],[40.27,18.31],[40.27,18.31],[40.27,18.31],[40.27,18.31],[40.27,18.32],[40.26,18.32],[40.26,18.32],[40.26,18.32],[40.26,18.32],[40.26,18.32],[40.26,18.33],[40.26,18.33],[40.26,18.33],[40.26,18.33],[40.26,18.33],[40.26,18.33],[40.25,18.34],[40.25,18.34],[40.25,18.34],[40.25,18.34],[40.25,18.34],[40.25,18.35],[40.25,18.35],[40.25,18.35],[40.25,18.35],[40.25,18.35],[40.25,18.35],[40.25,18.36],[40.24,18.36],[40.24,18.36],[40.24,18.36],[40.24,18.36],[40.24,18.37],[40.24,18.37],[40.24,18.37],[40.24,18.37],[40.24,18.37],[40.24,18.37],[40.24,18.38],[40.24,18.38],[40.24,18.38],[40.23,18.38],[40.23,18.38],[40.23,18.39],[40.23,18.39],[40.23,18.39],[40.23,18.39],[40.23,18.39],[40.23,18.4],[40.23,18.4],[40.23,18.4],[40.23,18.4],[40.23,18.4],[40.23,18.41],[40.22,18.41],[40.22,18.41],[40.22,18.41],[40.22,18.41],[40.22,18.42],[40.22,18.42],[40.22,18.42],[40.22,18.42],[40.22,18.42],[40.22,18.43],[40.22,18.43],[40.22,18.43],[40.22,18.43],[40.22,18.43],[40.21,18.44],[40.21,18.44],[40.21,18.44],[40.21,18.44],[40.21,18.44],[40.21,18.45],[40.21,18.45],[40.21,18.45],[40.21,18.45],[40.21,18.46],[40.21,18.46],[40.21,18.46],[40.21,18.46],[40.21,18.46],[40.2,18.47],[40.2,18.47],[40.2,18.47],[40.2,18.47],[40.2,18.47],[40.2,18.47],[40.2,18.47],[40.2,18.48],[40.2,18.48],[40.2,18.48],[40.2,18.48],[40.2,18.48],[40.2,18.48],[40.2,18.48],[40.2,18.48],[40.2,18.48],[40.2,18.48],[40.2,18.48],[40.2,18.48],[40.2,18.49],[40.2,18.49],[40.2,18.49],[40.2,18.49],[40.2,18.49],[40.2,18.49],[40.2,18.49],[40.2,18.49],[40.2,18.49],[40.2,18.49],[40.2,18.49],[40.2,18.5],[40.2,18.5],[40.2,18.5],[40.2,18.5],[40.2,18.5],[40.2,18.5],[40.2,18.5],[40.2,18.5],[40.2,18.5],[40.2,18.5],[40.2,18.51],[40.19,18.51],[40.19,18.51],[40.19,18.51],[40.19,18.51],[40.19,18.51],[40.19,18.51],[40.19,18.51],[40.19,18.52],[40.19,18.52],[40.19,18.52],[40.19,18.52],[40.19,18.52],[40.19,18.52],[40.19,18.53],[40.19,18.53],[40.19,18.53],[40.19,18.54],[40.19,18.55],[40.19,18.55],[40.19,18.55],[40.19,18.55],[40.19,18.56],[40.19,18.56],[40.19,18.56],[40.18,18.56],[40.18,18.57],[40.18,18.57],[40.18,18.57],[40.18,18.57],[40.18,18.57],[40.18,18.57],[40.18,18.58],[40.18,18.58],[40.18,18.58],[40.18,18.58],[40.18,18.58],[40.18,18.58],[40.18,18.58],[40.18,18.58],[40.18,18.58],[40.18,18.59],[40.18,18.59],[40.18,18.59],[40.18,18.59],[40.18,18.59],[40.18,18.59],[40.18,18.59],[40.18,18.59],[40.18,18.59],[40.18,18.59],[40.18,18.6],[40.18,18.6],[40.18,18.6],[40.18,18.6],[40.18,18.6],[40.18,18.6],[40.18,18.6],[40.18,18.6],[40.18,18.6],[40.18,18.6],[40.18,18.61],[40.17,18.61],[40.17,18.61],[40.17,18.61],[40.17,18.61],[40.17,18.61],[40.17,18.62],[40.17,18.62],[40.17,18.62],[40.17,18.62],[40.17,18.62],[40.17,18.63],[40.17,18.63],[40.17,18.63],[40.17,18.63],[40.17,18.63],[40.17,18.64],[40.16,18.64],[40.16,18.64],[40.16,18.64],[40.16,18.64],[40.16,18.65],[40.16,18.65],[40.16,18.65],[40.16,18.65],[40.16,18.66],[40.16,18.66],[40.16,18.66],[40.16,18.66],[40.16,18.66],[40.16,18.67],[40.15,18.67],[40.15,18.67],[40.15,18.67],[40.15,18.67],[40.15,18.68],[40.15,18.68],[40.15,18.68],[40.15,18.68],[40.15,18.68],[40.15,18.69],[40.15,18.69],[40.15,18.69],[40.14,18.69],[40.14,18.69],[40.14,18.7],[40.14,18.7],[40.14,18.7],[40.14,18.7],[40.14,18.7],[40.14,18.71],[40.14,18.71],[40.14,18.71],[40.14,18.71],[40.13,18.71],[40.13,18.72],[40.13,18.72],[40.13,18.72],[40.13,18.72],[40.13,18.73],[40.13,18.73],[40.13,18.73],[40.13,18.73],[40.13,18.73],[40.12,18.74],[40.12,18.74],[40.12,18.74],[40.12,18.74],[40.12,18.74],[40.12,18.75],[40.12,18.75],[40.12,18.75],[40.12,18.75],[40.12,18.75],[40.11,18.76],[40.11,18.76],[40.11,18.76],[40.11,18.76],[40.11,18.76],[40.11,18.77],[40.11,18.77],[40.11,18.77],[40.11,18.77],[40.1,18.77],[40.1,18.78],[40.1,18.78],[40.1,18.78],[40.1,18.78],[40.1,18.79],[40.1,18.79],[40.1,18.79],[40.1,18.79],[40.09,18.79],[40.09,18.8],[40.09,18.8],[40.09,18.8],[40.09,18.8],[40.09,18.8],[40.09,18.81],[40.09,18.81],[40.08,18.81],[40.08,18.81],[40.08,18.81],[40.08,18.82],[40.08,18.82],[40.08,18.82],[40.08,18.82],[40.08,18.83],[40.07,18.83],[40.07,18.83],[40.07,18.83],[40.07,18.83],[40.07,18.84],[40.07,18.84],[40.07,18.84],[40.07,18.84],[40.06,18.84],[40.06,18.85],[40.06,18.85],[40.06,18.85],[40.06,18.85],[40.06,18.85],[40.06,18.86],[40.05,18.86],[40.05,18.86],[40.05,18.86],[40.05,18.86],[40.05,18.87],[40.05,18.87],[40.05,18.87],[40.05,18.87],[40.05,18.87],[40.04,18.87],[40.04,18.87],[40.04,18.87],[40.04,18.88],[40.04,18.88],[40.04,18.88],[40.04,18.88],[40.04,18.88],[40.04,18.88],[40.04,18.88],[40.04,18.88],[40.04,18.88],[40.04,18.88],[40.04,18.88],[40.04,18.88],[40.04,18.88],[40.04,18.89],[40.04,18.89],[40.03,18.89],[40.03,18.89],[40.03,18.89],[40.03,18.89],[40.03,18.89],[40.03,18.89],[40.03,18.89],[40.03,18.89],[40.03,18.89],[40.03,18.89],[40.03,18.89],[40.03,18.9],[40.03,18.9],[40.03,18.9],[40.03,18.9],[40.03,18.9],[40.03,18.9],[40.02,18.9],[40.02,18.9],[40.02,18.9],[40.02,18.9],[40.02,18.9],[40.02,18.9],[40.02,18.9],[40.02,18.91],[40.02,18.91],[40.02,18.91],[40.02,18.91],[40.02,18.91],[40.02,18.91],[40.02,18.91],[40.02,18.91],[40.02,18.91],[40.02,18.91],[40.01,18.91],[40.01,18.91],[40.01,18.91],[40.01,18.92],[40.01,18.92],[40.01,18.92],[40.01,18.92],[40.01,18.92],[40.01,18.92],[40.01,18.92],[40.01,18.92],[40.01,18.92],[40.01,18.92],[40.01,18.92],[40,18.92],[40,18.93],[40,18.93],[40,18.93],[40,18.93],[40,18.93],[40,18.93],[39.99,18.94],[39.99,18.94],[39.99,18.94],[39.99,18.94],[39.99,18.94],[39.99,18.94],[39.99,18.94],[39.98,18.95],[39.98,18.95],[39.98,18.95],[39.98,18.95],[39.98,18.95],[39.98,18.95],[39.97,18.96],[39.97,18.96],[39.97,18.96],[39.97,18.96],[39.97,18.96],[39.97,18.96],[39.96,18.97],[39.96,18.97],[39.96,18.97],[39.96,18.97],[39.96,18.97],[39.96,18.97],[39.96,18.97],[39.95,18.98],[39.95,18.98],[39.95,18.98],[39.95,18.98],[39.95,18.98],[39.95,18.98],[39.95,18.98],[39.94,18.98],[39.94,18.99],[39.94,18.99],[39.94,18.99],[39.94,18.99],[39.94,18.99],[39.93,18.99],[39.93,18.99],[39.93,19],[39.93,19],[39.93,19],[39.93,19],[39.92,19],[39.92,19],[39.92,19],[39.92,19.01],[39.92,19.01],[39.92,19.01],[39.91,19.01],[39.91,19.01],[39.91,19.01],[39.91,19.02],[39.91,19.02],[39.9,19.02],[39.9,19.02],[39.9,19.02],[39.9,19.02],[39.9,19.02],[39.9,19.02],[39.9,19.03],[39.89,19.03],[39.89,19.03],[39.89,19.03],[39.89,19.03],[39.89,19.03],[39.88,19.03],[39.88,19.04],[39.88,19.04],[39.88,19.04],[39.87,19.04],[39.87,19.05],[39.87,19.05],[39.86,19.05],[39.86,19.06],[39.85,19.07],[39.84,19.07],[39.83,19.07],[39.83,19.08],[39.83,19.08],[39.82,19.08],[39.82,19.09],[39.82,19.09],[39.82,19.09],[39.81,19.09],[39.81,19.09],[39.81,19.09],[39.81,19.1],[39.8,19.1],[39.8,19.1],[39.8,19.1],[39.8,19.11],[39.79,19.11],[39.79,19.11],[39.79,19.11],[39.79,19.11],[39.79,19.12],[39.78,19.12],[39.78,19.12],[39.78,19.12],[39.78,19.12],[39.77,19.12],[39.77,19.13],[39.77,19.13],[39.77,19.13],[39.77,19.13],[39.77,19.13],[39.77,19.13],[39.76,19.13],[39.76,19.13],[39.76,19.14],[39.76,19.14],[39.76,19.14],[39.76,19.14],[39.76,19.14],[39.76,19.14],[39.76,19.14],[39.75,19.14],[39.75,19.14],[39.75,19.14],[39.75,19.15],[39.75,19.15],[39.75,19.15],[39.75,19.15],[39.75,19.15],[39.74,19.15],[39.74,19.15],[39.74,19.15],[39.74,19.15],[39.74,19.16],[39.74,19.16],[39.74,19.16],[39.74,19.16],[39.74,19.16],[39.74,19.16],[39.73,19.16],[39.73,19.16],[39.73,19.16],[39.73,19.16],[39.73,19.17],[39.73,19.17],[39.73,19.17],[39.73,19.17],[39.73,19.17],[39.72,19.17],[39.72,19.17],[39.72,19.17],[39.72,19.17],[39.72,19.17],[39.72,19.18],[39.72,19.18],[39.72,19.18],[39.72,19.18],[39.72,19.18],[39.72,19.18],[39.71,19.18],[39.71,19.18],[39.71,19.18],[39.71,19.18],[39.71,19.18],[39.71,19.19],[39.71,19.19],[39.71,19.19],[39.71,19.19],[39.71,19.19],[39.7,19.19],[39.7,19.19],[39.7,19.19],[39.7,19.19],[39.7,19.19],[39.7,19.19],[39.7,19.2],[39.7,19.2],[39.7,19.2],[39.7,19.2],[39.7,19.2],[39.7,19.2],[39.7,19.2],[39.7,19.2],[39.7,19.2],[39.69,19.2],[39.69,19.2],[39.69,19.2],[39.69,19.21],[39.69,19.21],[39.69,19.21],[39.69,19.21],[39.69,19.21],[39.69,19.21],[39.69,19.21],[39.69,19.21],[39.69,19.21],[39.69,19.21],[39.69,19.21],[39.68,19.22],[39.68,19.22],[39.68,19.22],[39.68,19.22],[39.68,19.22],[39.68,19.22],[39.68,19.22],[39.68,19.22],[39.68,19.22],[39.68,19.22],[39.68,19.23],[39.68,19.23],[39.68,19.23],[39.68,19.23],[39.67,19.23],[39.67,19.23],[39.67,19.23],[39.67,19.23],[39.67,19.23],[39.67,19.24],[39.67,19.24],[39.67,19.24],[39.67,19.24],[39.67,19.24],[39.67,19.24],[39.66,19.24],[39.66,19.25],[39.66,19.25],[39.66,19.25],[39.66,19.25],[39.65,19.26],[39.65,19.26],[39.65,19.26],[39.65,19.27],[39.65,19.27],[39.65,19.27],[39.65,19.27],[39.64,19.27],[39.64,19.28],[39.64,19.28],[39.64,19.28],[39.64,19.28],[39.64,19.28],[39.64,19.28],[39.64,19.28],[39.64,19.29],[39.64,19.29],[39.64,19.29],[39.64,19.29],[39.63,19.29],[39.63,19.29],[39.63,19.29],[39.63,19.29],[39.63,19.29],[39.63,19.29],[39.63,19.29],[39.63,19.3],[39.63,19.3],[39.63,19.3],[39.63,19.3],[39.63,19.3],[39.63,19.3],[39.63,19.3],[39.62,19.3],[39.62,19.3],[39.62,19.3],[39.62,19.3],[39.62,19.31],[39.62,19.31],[39.62,19.31],[39.62,19.31],[39.62,19.31],[39.62,19.31],[39.62,19.31],[39.62,19.31],[39.62,19.31],[39.62,19.31],[39.62,19.31],[39.62,19.31],[39.61,19.31],[39.61,19.32],[39.61,19.32],[39.61,19.32],[39.61,19.32],[39.61,19.32],[39.61,19.32],[39.61,19.32],[39.61,19.32],[39.61,19.32],[39.61,19.32],[39.61,19.32],[39.6,19.33],[39.6,19.33],[39.6,19.33],[39.6,19.33],[39.6,19.33],[39.6,19.33],[39.6,19.33],[39.6,19.33],[39.6,19.33],[39.6,19.33],[39.6,19.33],[39.6,19.33],[39.59,19.33],[39.59,19.34],[39.59,19.34],[39.59,19.34],[39.59,19.34],[39.59,19.34],[39.59,19.34],[39.59,19.34],[39.59,19.34],[39.59,19.34],[39.59,19.34],[39.59,19.34],[39.59,19.34],[39.59,19.34],[39.59,19.34],[39.59,19.34],[39.59,19.34],[39.59,19.34],[39.59,19.34],[39.59,19.34],[39.59,19.34],[39.59,19.34],[39.59,19.34],[39.59,19.34],[39.58,19.34],[39.58,19.34],[39.58,19.34],[39.58,19.34],[39.58,19.34],[39.58,19.34],[39.58,19.34],[39.58,19.34],[39.58,19.34],[39.58,19.35],[39.58,19.35],[39.58,19.35],[39.58,19.35],[39.58,19.35],[39.58,19.35],[39.58,19.35],[39.58,19.35],[39.58,19.35],[39.58,19.35],[39.58,19.35],[39.58,19.35],[39.58,19.35],[39.58,19.35],[39.58,19.35],[39.57,19.35],[39.57,19.35],[39.57,19.35],[39.57,19.35],[39.57,19.35],[39.57,19.35],[39.57,19.35],[39.57,19.35],[39.57,19.35],[39.57,19.35],[39.57,19.35],[39.57,19.35],[39.57,19.35],[39.57,19.35],[39.57,19.35],[39.57,19.35],[39.57,19.35],[39.57,19.35],[39.57,19.35],[39.57,19.35],[39.57,19.35],[39.57,19.35],[39.57,19.35],[39.56,19.35],[39.56,19.35],[39.56,19.35],[39.56,19.36],[39.56,19.36],[39.56,19.36],[39.56,19.36],[39.56,19.36],[39.56,19.36],[39.56,19.36],[39.56,19.36],[39.56,19.36],[39.56,19.36],[39.56,19.36],[39.56,19.36],[39.56,19.36],[39.56,19.36],[39.56,19.36],[39.56,19.36],[39.55,19.36],[39.55,19.36],[39.55,19.36],[39.55,19.36],[39.55,19.36],[39.55,19.36],[39.55,19.36],[39.55,19.36],[39.55,19.36],[39.55,19.36],[39.55,19.36],[39.55,19.36],[39.55,19.36],[39.55,19.36],[39.55,19.36],[39.54,19.36],[39.54,19.36],[39.54,19.36],[39.54,19.36],[39.54,19.36],[39.54,19.36],[39.53,19.36],[39.53,19.37],[39.53,19.37],[39.53,19.37],[39.53,19.37],[39.53,19.37],[39.53,19.37],[39.53,19.37],[39.53,19.37],[39.53,19.37],[39.53,19.37],[39.53,19.37],[39.52,19.37],[39.52,19.37],[39.52,19.37],[39.52,19.37],[39.52,19.37],[39.52,19.37],[39.52,19.37],[39.52,19.37],[39.52,19.37],[39.52,19.37],[39.52,19.37],[39.52,19.37],[39.52,19.37],[39.52,19.37],[39.52,19.37],[39.52,19.37],[39.51,19.37],[39.51,19.37],[39.51,19.37],[39.51,19.37],[39.51,19.37],[39.51,19.37],[39.51,19.37],[39.51,19.37],[39.51,19.37],[39.51,19.38],[39.51,19.38],[39.51,19.38],[39.51,19.38],[39.51,19.38],[39.5,19.38],[39.5,19.38],[39.5,19.38],[39.5,19.38],[39.5,19.38],[39.5,19.38],[39.5,19.38],[39.5,19.38],[39.5,19.38],[39.5,19.38],[39.5,19.38],[39.5,19.38],[39.5,19.38],[39.5,19.38],[39.5,19.38],[39.49,19.38],[39.49,19.38],[39.49,19.38],[39.49,19.39],[39.49,19.39],[39.49,19.39],[39.49,19.39],[39.49,19.39],[39.49,19.39],[39.49,19.39],[39.49,19.39],[39.49,19.39],[39.49,19.39],[39.49,19.39],[39.48,19.39],[39.48,19.39],[39.48,19.39],[39.48,19.39],[39.48,19.39],[39.48,19.39],[39.48,19.39],[39.48,19.4],[39.48,19.4],[39.48,19.4],[39.48,19.4],[39.48,19.4],[39.48,19.4],[39.48,19.4],[39.48,19.4],[39.47,19.4],[39.47,19.4],[39.47,19.4],[39.47,19.4],[39.47,19.4],[39.47,19.4],[39.47,19.4],[39.47,19.41],[39.47,19.41],[39.47,19.41],[39.47,19.41],[39.47,19.41],[39.47,19.41],[39.47,19.41],[39.47,19.41],[39.47,19.41],[39.46,19.41],[39.46,19.41],[39.46,19.41],[39.46,19.41],[39.46,19.41],[39.46,19.41],[39.46,19.42],[39.46,19.42],[39.46,19.42],[39.46,19.42],[39.46,19.42],[39.46,19.42],[39.46,19.42],[39.46,19.42],[39.46,19.42],[39.46,19.42],[39.45,19.42],[39.45,19.42],[39.45,19.42],[39.45,19.43],[39.45,19.43],[39.45,19.43],[39.45,19.43],[39.45,19.43],[39.45,19.43],[39.45,19.43],[39.44,19.44],[39.44,19.44],[39.44,19.44],[39.44,19.44],[39.44,19.44],[39.44,19.45],[39.44,19.45],[39.43,19.45],[39.43,19.46],[39.43,19.46],[39.43,19.46],[39.42,19.46],[39.42,19.46],[39.42,19.46],[39.42,19.47],[39.42,19.47],[39.42,19.47],[39.42,19.47],[39.42,19.47],[39.42,19.47],[39.42,19.47],[39.41,19.47],[39.41,19.48],[39.41,19.48],[39.41,19.48],[39.41,19.48],[39.41,19.48],[39.41,19.48],[39.41,19.48],[39.41,19.48],[39.41,19.49],[39.41,19.49],[39.4,19.49],[39.4,19.49],[39.4,19.49],[39.4,19.49],[39.4,19.49],[39.4,19.49],[39.4,19.49],[39.4,19.49],[39.4,19.49],[39.4,19.49],[39.4,19.49],[39.4,19.49],[39.4,19.5],[39.4,19.5],[39.4,19.5],[39.4,19.5],[39.39,19.5],[39.39,19.5],[39.39,19.5],[39.39,19.5],[39.39,19.5],[39.39,19.5],[39.39,19.5],[39.39,19.5],[39.39,19.5],[39.39,19.5],[39.39,19.5],[39.39,19.5],[39.39,19.5],[39.39,19.5],[39.39,19.5],[39.39,19.51],[39.39,19.51],[39.39,19.51],[39.39,19.51],[39.38,19.51],[39.38,19.51],[39.38,19.51],[39.38,19.51],[39.38,19.51],[39.38,19.51],[39.38,19.51],[39.38,19.51],[39.38,19.51],[39.38,19.51],[39.38,19.51],[39.38,19.51],[39.38,19.51],[39.38,19.51],[39.38,19.51],[39.38,19.51],[39.38,19.51],[39.38,19.51],[39.38,19.52],[39.37,19.52],[39.37,19.52],[39.37,19.52],[39.37,19.52],[39.37,19.52],[39.37,19.52],[39.37,19.52],[39.37,19.52],[39.37,19.52],[39.37,19.52],[39.37,19.52],[39.37,19.52],[39.37,19.52],[39.37,19.52],[39.37,19.52],[39.37,19.52],[39.37,19.52],[39.37,19.52],[39.37,19.52],[39.36,19.52],[39.36,19.52],[39.36,19.52],[39.36,19.52],[39.36,19.52],[39.36,19.52],[39.36,19.52],[39.36,19.52],[39.36,19.53],[39.36,19.53],[39.36,19.53],[39.36,19.53],[39.36,19.53],[39.36,19.53],[39.36,19.53],[39.36,19.53],[39.36,19.53],[39.36,19.53],[39.35,19.53],[39.35,19.53],[39.35,19.53],[39.35,19.53],[39.35,19.53],[39.35,19.53],[39.35,19.53],[39.35,19.53],[39.35,19.53],[39.35,19.53],[39.35,19.53],[39.35,19.53],[39.35,19.53],[39.35,19.53],[39.35,19.53],[39.35,19.53],[39.35,19.53],[39.34,19.53],[39.34,19.53],[39.34,19.53],[39.34,19.54],[39.34,19.54],[39.34,19.54],[39.34,19.54],[39.34,19.54],[39.34,19.54],[39.34,19.54],[39.34,19.54],[39.33,19.54],[39.33,19.54],[39.33,19.54],[39.33,19.54],[39.33,19.54],[39.33,19.54],[39.33,19.54],[39.33,19.54],[39.32,19.54],[39.32,19.54],[39.32,19.55],[39.32,19.55],[39.32,19.55],[39.32,19.55],[39.32,19.55],[39.31,19.55],[39.31,19.55],[39.31,19.55],[39.31,19.55],[39.31,19.55],[39.31,19.55],[39.31,19.55],[39.31,19.55],[39.3,19.55],[39.3,19.55],[39.3,19.55],[39.3,19.55],[39.3,19.56],[39.29,19.56],[39.29,19.56],[39.28,19.56],[39.28,19.56],[39.28,19.56],[39.28,19.56],[39.27,19.56],[39.27,19.56],[39.27,19.56],[39.27,19.57],[39.27,19.57],[39.27,19.57],[39.27,19.57],[39.26,19.57],[39.26,19.57],[39.26,19.57],[39.26,19.57],[39.26,19.57],[39.26,19.57],[39.25,19.57],[39.25,19.57],[39.25,19.57],[39.25,19.57],[39.25,19.57],[39.25,19.57],[39.25,19.58],[39.24,19.58],[39.24,19.58],[39.24,19.58],[39.24,19.58],[39.24,19.58],[39.24,19.58],[39.24,19.58],[39.24,19.58],[39.23,19.58],[39.23,19.58],[39.23,19.58],[39.23,19.58],[39.23,19.58],[39.23,19.58],[39.23,19.58],[39.23,19.58],[39.23,19.59],[39.22,19.59],[39.22,19.59],[39.22,19.59],[39.22,19.59],[39.22,19.59],[39.22,19.59],[39.22,19.59],[39.22,19.59],[39.22,19.59],[39.21,19.59],[39.21,19.59],[39.21,19.59],[39.21,19.59],[39.21,19.59],[39.21,19.59],[39.21,19.59],[39.21,19.59],[39.21,19.59],[39.21,19.59],[39.21,19.59],[39.21,19.6],[39.21,19.6],[39.21,19.6],[39.21,19.6],[39.21,19.6],[39.21,19.6],[39.21,19.6],[39.21,19.6],[39.21,19.6],[39.21,19.6],[39.2,19.6],[39.2,19.6],[39.2,19.6],[39.2,19.6],[39.2,19.6],[39.2,19.6],[39.2,19.6],[39.2,19.6],[39.2,19.6],[39.2,19.6],[39.2,19.6],[39.2,19.6],[39.2,19.61],[39.19,19.61],[39.19,19.61],[39.19,19.61],[39.19,19.61],[39.19,19.61],[39.19,19.61],[39.19,19.61],[39.19,19.61],[39.19,19.61],[39.19,19.61],[39.19,19.61],[39.19,19.61],[39.19,19.61],[39.18,19.61],[39.18,19.62],[39.18,19.62],[39.18,19.62],[39.18,19.62],[39.18,19.62],[39.18,19.62],[39.18,19.62],[39.18,19.62],[39.18,19.62],[39.18,19.62],[39.18,19.62],[39.18,19.62],[39.18,19.62],[39.17,19.63],[39.17,19.63],[39.17,19.63],[39.17,19.63],[39.17,19.63],[39.17,19.63],[39.17,19.63],[39.17,19.63],[39.17,19.63],[39.17,19.63],[39.17,19.63],[39.17,19.63],[39.17,19.64],[39.16,19.64],[39.16,19.64],[39.16,19.64],[39.16,19.64],[39.16,19.64],[39.16,19.64],[39.16,19.64],[39.16,19.64],[39.16,19.64],[39.16,19.64],[39.16,19.65],[39.16,19.65],[39.16,19.65],[39.16,19.65],[39.15,19.65],[39.15,19.65],[39.15,19.65],[39.15,19.65],[39.15,19.65],[39.15,19.65],[39.15,19.65],[39.15,19.66],[39.15,19.66],[39.15,19.66],[39.15,19.66],[39.15,19.66],[39.15,19.66],[39.15,19.66],[39.15,19.66],[39.14,19.66],[39.14,19.66],[39.14,19.67],[39.14,19.67],[39.14,19.67],[39.14,19.67],[39.14,19.67],[39.14,19.67],[39.14,19.67],[39.14,19.67],[39.14,19.67],[39.14,19.68],[39.14,19.68],[39.13,19.68],[39.13,19.68],[39.13,19.68],[39.13,19.68],[39.13,19.68],[39.13,19.68],[39.13,19.68],[39.13,19.69],[39.13,19.69],[39.13,19.69],[39.13,19.69],[39.13,19.69],[39.13,19.69],[39.13,19.69],[39.12,19.69],[39.12,19.7],[39.12,19.7],[39.12,19.7],[39.12,19.7],[39.12,19.7],[39.12,19.7],[39.12,19.71],[39.12,19.71],[39.11,19.71],[39.11,19.71],[39.11,19.72],[39.1,19.73],[39.1,19.73],[39.1,19.73],[39.1,19.74],[39.1,19.74],[39.1,19.74],[39.1,19.74],[39.1,19.74],[39.09,19.75],[39.09,19.75],[39.09,19.75],[39.09,19.75],[39.09,19.75],[39.09,19.75],[39.09,19.75],[39.09,19.76],[39.09,19.76],[39.09,19.76],[39.09,19.76],[39.09,19.76],[39.09,19.76],[39.08,19.76],[39.08,19.76],[39.08,19.76],[39.08,19.76],[39.08,19.77],[39.08,19.77],[39.08,19.77],[39.08,19.77],[39.08,19.77],[39.08,19.77],[39.08,19.77],[39.08,19.77],[39.08,19.77],[39.08,19.77],[39.08,19.77],[39.08,19.78],[39.08,19.78],[39.07,19.78],[39.07,19.78],[39.07,19.78],[39.07,19.78],[39.07,19.78],[39.07,19.78],[39.07,19.78],[39.07,19.78],[39.07,19.78],[39.07,19.79],[39.07,19.79],[39.07,19.79],[39.07,19.79],[39.07,19.79],[39.07,19.79],[39.06,19.79],[39.06,19.79],[39.06,19.79],[39.06,19.79],[39.06,19.79],[39.06,19.8],[39.06,19.8],[39.06,19.8],[39.06,19.8],[39.06,19.8],[39.06,19.8],[39.06,19.8],[39.06,19.8],[39.06,19.8],[39.05,19.8],[39.05,19.8],[39.05,19.81],[39.05,19.81],[39.05,19.81],[39.05,19.81],[39.05,19.81],[39.05,19.81],[39.05,19.81],[39.05,19.81],[39.05,19.81],[39.05,19.81],[39.05,19.81],[39.05,19.81],[39.05,19.82],[39.04,19.82],[39.04,19.82],[39.04,19.82],[39.04,19.82],[39.04,19.82],[39.04,19.82],[39.04,19.82],[39.04,19.82],[39.04,19.82],[39.04,19.82],[39.04,19.82],[39.04,19.82],[39.04,19.82],[39.04,19.83],[39.03,19.83],[39.03,19.83],[39.03,19.83],[39.03,19.83],[39.03,19.83],[39.03,19.83],[39.03,19.83],[39.03,19.83],[39.03,19.83],[39.03,19.83],[39.03,19.83],[39.03,19.83],[39.03,19.83],[39.02,19.84],[39.02,19.84],[39.02,19.84],[39.02,19.84],[39.02,19.84],[39.02,19.84],[39.02,19.84],[39.02,19.84],[39.02,19.84],[39.02,19.84],[39.02,19.84],[39.02,19.84],[39.01,19.84],[39.01,19.84],[39.01,19.84],[39.01,19.85],[39.01,19.85],[39.01,19.85],[39.01,19.85],[39.01,19.85],[39.01,19.85],[39.01,19.85],[39.01,19.85],[39,19.85],[39,19.85],[39,19.85],[39,19.85],[39,19.85],[39,19.85],[39,19.85],[39,19.86],[39,19.86],[39,19.86],[38.99,19.86],[38.99,19.86],[38.99,19.86],[38.99,19.86],[38.99,19.86],[38.99,19.86],[38.99,19.86],[38.99,19.86],[38.99,19.86],[38.99,19.86],[38.98,19.86],[38.98,19.86],[38.98,19.86],[38.98,19.87],[38.98,19.87],[38.98,19.87],[38.98,19.87],[38.97,19.87],[38.97,19.87],[38.97,19.87],[38.97,19.87],[38.96,19.88],[38.96,19.88],[38.95,19.88],[38.95,19.88],[38.95,19.88],[38.95,19.88],[38.95,19.89],[38.95,19.89],[38.94,19.89],[38.94,19.89],[38.94,19.89],[38.94,19.89],[38.94,19.89],[38.94,19.89],[38.94,19.89],[38.94,19.89],[38.93,19.89],[38.93,19.89],[38.93,19.89],[38.93,19.9],[38.93,19.9],[38.93,19.9],[38.93,19.9],[38.93,19.9],[38.92,19.9],[38.92,19.9],[38.92,19.9],[38.92,19.9],[38.92,19.9],[38.92,19.9],[38.92,19.9],[38.92,19.9],[38.92,19.9],[38.92,19.9],[38.92,19.9],[38.92,19.91],[38.92,19.91],[38.91,19.91],[38.91,19.91],[38.91,19.91],[38.91,19.91],[38.91,19.91],[38.91,19.91],[38.91,19.91],[38.91,19.91],[38.91,19.91],[38.91,19.91],[38.91,19.91],[38.91,19.91],[38.91,19.91],[38.91,19.91],[38.91,19.91],[38.91,19.91],[38.91,19.91],[38.91,19.91],[38.91,19.91],[38.9,19.91],[38.9,19.91],[38.9,19.91],[38.9,19.91],[38.9,19.92],[38.9,19.92],[38.9,19.92],[38.9,19.92],[38.9,19.92],[38.9,19.92],[38.9,19.92],[38.9,19.92],[38.9,19.92],[38.9,19.92],[38.9,19.92],[38.9,19.92],[38.9,19.92],[38.9,19.92],[38.9,19.92],[38.9,19.92],[38.9,19.92],[38.9,19.92],[38.89,19.92],[38.89,19.92],[38.89,19.92],[38.89,19.92],[38.89,19.92],[38.89,19.92],[38.89,19.93],[38.89,19.93],[38.89,19.93],[38.89,19.93],[38.89,19.93],[38.89,19.93],[38.89,19.93],[38.89,19.93],[38.89,19.93],[38.89,19.93],[38.89,19.93],[38.89,19.93],[38.89,19.93],[38.89,19.93],[38.89,19.93],[38.89,19.93],[38.89,19.93],[38.89,19.93],[38.88,19.93],[38.88,19.93],[38.88,19.93],[38.88,19.93],[38.88,19.93],[38.88,19.94],[38.88,19.94],[38.88,19.94],[38.88,19.94],[38.88,19.94],[38.88,19.94],[38.88,19.94],[38.88,19.94],[38.88,19.94],[38.88,19.94],[38.88,19.94],[38.88,19.94],[38.88,19.94],[38.88,19.94],[38.88,19.94],[38.88,19.94],[38.88,19.94],[38.88,19.94],[38.88,19.95],[38.88,19.95],[38.87,19.95],[38.87,19.95],[38.87,19.95],[38.87,19.95],[38.87,19.95],[38.87,19.95],[38.87,19.95],[38.87,19.95],[38.87,19.95],[38.87,19.95],[38.87,19.95],[38.87,19.95],[38.87,19.95],[38.87,19.95],[38.87,19.95],[38.87,19.95],[38.87,19.96],[38.87,19.96],[38.87,19.96],[38.87,19.96],[38.87,19.96],[38.87,19.96],[38.87,19.96],[38.87,19.96],[38.87,19.96],[38.87,19.96],[38.87,19.96],[38.86,19.96],[38.86,19.96],[38.86,19.96],[38.86,19.96],[38.86,19.97],[38.86,19.97],[38.86,19.97],[38.86,19.97],[38.86,19.97],[38.86,19.97],[38.86,19.97],[38.86,19.97],[38.86,19.97],[38.86,19.97],[38.86,19.97],[38.86,19.97],[38.86,19.97],[38.86,19.97],[38.86,19.98],[38.86,19.98],[38.86,19.98],[38.86,19.98],[38.86,19.98],[38.86,19.98],[38.86,19.98],[38.86,19.98],[38.85,19.98],[38.85,19.98],[38.85,19.98],[38.85,19.98],[38.85,19.99],[38.85,19.99],[38.85,19.99],[38.85,19.99],[38.85,19.99],[38.85,19.99],[38.85,19.99],[38.85,20],[38.85,20],[38.85,20],[38.85,20],[38.84,20],[38.84,20.01],[38.84,20.01],[38.84,20.01],[38.84,20.01],[38.84,20.02],[38.84,20.02],[38.84,20.03],[38.84,20.03],[38.83,20.03],[38.83,20.03],[38.83,20.03],[38.83,20.03],[38.83,20.04],[38.83,20.04],[38.83,20.04],[38.83,20.04],[38.83,20.04],[38.83,20.04],[38.83,20.04],[38.83,20.05],[38.83,20.05],[38.83,20.05],[38.83,20.05],[38.82,20.05],[38.82,20.05],[38.82,20.05],[38.82,20.06],[38.82,20.06],[38.82,20.06],[38.82,20.06],[38.82,20.06],[38.82,20.06],[38.82,20.06],[38.82,20.07],[38.82,20.07],[38.82,20.07],[38.82,20.07],[38.82,20.07],[38.82,20.07],[38.82,20.07],[38.81,20.07],[38.81,20.07],[38.81,20.07],[38.81,20.07],[38.81,20.07],[38.81,20.07],[38.81,20.07],[38.81,20.08],[38.81,20.08],[38.81,20.08],[38.81,20.08],[38.81,20.08],[38.81,20.08],[38.81,20.08],[38.81,20.08],[38.81,20.08],[38.81,20.08],[38.81,20.08],[38.81,20.08],[38.81,20.08],[38.81,20.08],[38.81,20.09],[38.81,20.09],[38.81,20.09],[38.8,20.09],[38.8,20.09],[38.8,20.09],[38.8,20.09],[38.8,20.09],[38.8,20.09],[38.8,20.09],[38.8,20.09],[38.8,20.09],[38.8,20.09],[38.8,20.09],[38.8,20.09],[38.8,20.09],[38.8,20.1],[38.8,20.1],[38.8,20.1],[38.8,20.1],[38.8,20.1],[38.8,20.1],[38.8,20.1],[38.8,20.1],[38.8,20.1],[38.79,20.1],[38.79,20.1],[38.79,20.1],[38.79,20.1],[38.79,20.1],[38.79,20.1],[38.79,20.1],[38.79,20.1],[38.79,20.1],[38.79,20.11],[38.79,20.11],[38.79,20.11],[38.79,20.11],[38.79,20.11],[38.79,20.11],[38.79,20.11],[38.79,20.11],[38.79,20.11],[38.79,20.11],[38.78,20.11],[38.78,20.11],[38.78,20.11],[38.78,20.11],[38.78,20.11],[38.78,20.11],[38.78,20.11],[38.78,20.12],[38.78,20.12],[38.78,20.12],[38.78,20.12],[38.78,20.12],[38.78,20.12],[38.78,20.12],[38.77,20.12],[38.77,20.12],[38.77,20.12],[38.77,20.12],[38.77,20.12],[38.77,20.12],[38.77,20.12],[38.77,20.12],[38.77,20.12],[38.77,20.13],[38.77,20.13],[38.77,20.13],[38.77,20.13],[38.76,20.13],[38.76,20.13],[38.76,20.13],[38.76,20.13],[38.76,20.13],[38.76,20.13],[38.76,20.13],[38.76,20.13],[38.76,20.13],[38.76,20.13],[38.76,20.13],[38.76,20.13],[38.76,20.13],[38.75,20.14],[38.75,20.14],[38.75,20.14],[38.75,20.14],[38.75,20.14],[38.75,20.14],[38.74,20.14],[38.74,20.15],[38.74,20.15],[38.73,20.15],[38.73,20.15],[38.73,20.15],[38.73,20.15],[38.73,20.15],[38.73,20.15],[38.73,20.15],[38.73,20.15],[38.73,20.15],[38.72,20.15],[38.72,20.16],[38.72,20.16],[38.72,20.16],[38.72,20.16],[38.72,20.16],[38.72,20.16],[38.72,20.16],[38.72,20.16],[38.72,20.16],[38.72,20.16],[38.71,20.16],[38.71,20.16],[38.71,20.16],[38.71,20.16],[38.71,20.16],[38.71,20.16],[38.71,20.17],[38.71,20.17],[38.71,20.17],[38.71,20.17],[38.71,20.17],[38.71,20.17],[38.71,20.17],[38.7,20.17],[38.7,20.17],[38.7,20.17],[38.7,20.17],[38.7,20.17],[38.7,20.17],[38.7,20.17],[38.7,20.17],[38.7,20.17],[38.7,20.18],[38.7,20.18],[38.7,20.18],[38.7,20.18],[38.7,20.18],[38.7,20.18],[38.69,20.18],[38.69,20.18],[38.69,20.18],[38.69,20.18],[38.69,20.18],[38.69,20.18],[38.69,20.18],[38.69,20.18],[38.69,20.18],[38.69,20.18],[38.69,20.19],[38.69,20.19],[38.69,20.19],[38.69,20.19],[38.69,20.19],[38.69,20.19],[38.68,20.19],[38.68,20.19],[38.68,20.19],[38.68,20.19],[38.68,20.19],[38.68,20.2],[38.68,20.2],[38.68,20.2],[38.68,20.2],[38.68,20.2],[38.68,20.2],[38.68,20.2],[38.68,20.2],[38.68,20.2],[38.68,20.2],[38.67,20.2],[38.67,20.21],[38.67,20.21],[38.67,20.21],[38.67,20.21],[38.67,20.21],[38.67,20.21],[38.67,20.21],[38.67,20.21],[38.67,20.21],[38.67,20.21],[38.67,20.22],[38.67,20.22],[38.67,20.22],[38.67,20.22],[38.66,20.22],[38.66,20.22],[38.66,20.22],[38.66,20.22],[38.66,20.22],[38.66,20.23],[38.66,20.23],[38.66,20.23],[38.66,20.23],[38.66,20.23],[38.66,20.23],[38.66,20.23],[38.66,20.23],[38.66,20.24],[38.66,20.24],[38.65,20.24],[38.65,20.24],[38.65,20.24],[38.65,20.24],[38.65,20.25],[38.64,20.25],[38.64,20.26],[38.64,20.26],[38.64,20.26],[38.64,20.26],[38.64,20.27],[38.64,20.27],[38.64,20.27],[38.63,20.27],[38.63,20.28],[38.63,20.28],[38.63,20.28],[38.63,20.28],[38.63,20.28],[38.63,20.29],[38.63,20.29],[38.62,20.29],[38.62,20.29],[38.62,20.3],[38.62,20.3],[38.62,20.3],[38.62,20.3],[38.62,20.3],[38.62,20.31],[38.62,20.31],[38.61,20.31],[38.61,20.31],[38.61,20.31],[38.61,20.32],[38.61,20.32],[38.61,20.32],[38.61,20.32],[38.61,20.33],[38.61,20.33],[38.61,20.33],[38.6,20.33],[38.6,20.33],[38.6,20.34],[38.6,20.34],[38.6,20.34],[38.6,20.34],[38.6,20.34],[38.6,20.35],[38.6,20.35],[38.6,20.35],[38.59,20.35],[38.59,20.36],[38.59,20.36],[38.59,20.36],[38.59,20.36],[38.59,20.36],[38.59,20.37],[38.59,20.37],[38.59,20.37],[38.59,20.37],[38.59,20.37],[38.58,20.38],[38.58,20.38],[38.58,20.38],[38.58,20.38],[38.58,20.38],[38.58,20.39],[38.58,20.39],[38.58,20.39],[38.58,20.39],[38.58,20.39],[38.58,20.4],[38.58,20.4],[38.57,20.4],[38.57,20.4],[38.57,20.41],[38.57,20.41],[38.57,20.41],[38.57,20.41],[38.57,20.41],[38.57,20.42],[38.57,20.42],[38.57,20.42],[38.57,20.42],[38.57,20.42],[38.57,20.43],[38.57,20.43],[38.56,20.43],[38.56,20.43],[38.56,20.43],[38.56,20.44],[38.56,20.44],[38.56,20.44],[38.56,20.44],[38.56,20.44],[38.56,20.45],[38.56,20.45],[38.56,20.45],[38.56,20.45],[38.56,20.45],[38.56,20.46],[38.56,20.46],[38.56,20.46],[38.55,20.46],[38.55,20.46],[38.55,20.47],[38.55,20.47],[38.55,20.47],[38.55,20.47],[38.55,20.47],[38.55,20.48],[38.55,20.48],[38.55,20.48],[38.55,20.48],[38.55,20.48],[38.55,20.49],[38.55,20.49],[38.55,20.49],[38.55,20.49],[38.55,20.49],[38.55,20.5],[38.55,20.5],[38.55,20.5],[38.55,20.5],[38.54,20.5],[38.54,20.51],[38.54,20.51],[38.54,20.51],[38.54,20.51],[38.54,20.51],[38.54,20.52],[38.54,20.52],[38.54,20.52],[38.54,20.52],[38.54,20.52],[38.54,20.52],[38.54,20.53],[38.54,20.53],[38.54,20.53],[38.54,20.53],[38.54,20.53],[38.54,20.53],[38.54,20.53],[38.54,20.53],[38.54,20.53],[38.54,20.53],[38.54,20.53],[38.54,20.54],[38.54,20.54],[38.54,20.54],[38.54,20.54],[38.54,20.54],[38.54,20.54],[38.54,20.54],[38.54,20.54],[38.54,20.54],[38.54,20.54],[38.54,20.54],[38.54,20.54],[38.54,20.54],[38.54,20.55],[38.54,20.55],[38.54,20.55],[38.54,20.55],[38.54,20.55],[38.54,20.55],[38.54,20.55],[38.54,20.55],[38.54,20.55],[38.54,20.55],[38.54,20.55],[38.54,20.55],[38.54,20.55],[38.54,20.56],[38.54,20.56],[38.54,20.56],[38.54,20.56],[38.54,20.56],[38.54,20.56],[38.54,20.56],[38.54,20.56],[38.54,20.56],[38.54,20.56],[38.54,20.56],[38.54,20.57],[38.54,20.57],[38.54,20.57],[38.54,20.57],[38.54,20.57],[38.54,20.57],[38.54,20.57],[38.54,20.57],[38.54,20.57],[38.54,20.57],[38.54,20.57],[38.54,20.57],[38.54,20.58],[38.54,20.58],[38.54,20.58],[38.54,20.58],[38.54,20.58],[38.54,20.58],[38.54,20.58],[38.54,20.58],[38.54,20.59],[38.54,20.59],[38.54,20.59],[38.54,20.59],[38.54,20.59],[38.54,20.6],[38.54,20.6],[38.54,20.6],[38.54,20.6],[38.54,20.6],[38.54,20.61],[38.54,20.61],[38.54,20.61],[38.54,20.61],[38.54,20.61],[38.54,20.62],[38.54,20.62],[38.54,20.62],[38.54,20.62],[38.54,20.62],[38.54,20.63],[38.54,20.63],[38.54,20.63],[38.54,20.63],[38.54,20.64],[38.54,20.64],[38.54,20.65],[38.54,20.65],[38.54,20.66],[38.54,20.66],[38.54,20.66],[38.54,20.67],[38.54,20.67],[38.54,20.67],[38.54,20.67],[38.54,20.67],[38.54,20.67],[38.54,20.68],[38.54,20.68],[38.54,20.68],[38.54,20.68],[38.54,20.68],[38.54,20.68],[38.54,20.69],[38.54,20.69],[38.54,20.69],[38.54,20.69],[38.54,20.69],[38.54,20.7],[38.54,20.7],[38.54,20.7],[38.54,20.7],[38.54,20.7],[38.54,20.7],[38.54,20.71],[38.54,20.71],[38.54,20.71],[38.54,20.71],[38.54,20.71],[38.54,20.71],[38.54,20.72],[38.54,20.72],[38.54,20.72],[38.54,20.72],[38.54,20.72],[38.54,20.72],[38.54,20.72],[38.54,20.72],[38.54,20.73],[38.54,20.73],[38.54,20.73],[38.54,20.73],[38.54,20.73],[38.54,20.73],[38.54,20.73],[38.54,20.73],[38.54,20.73],[38.54,20.73],[38.54,20.73],[38.54,20.73],[38.54,20.74],[38.54,20.74],[38.54,20.74],[38.54,20.74],[38.54,20.74],[38.54,20.74],[38.54,20.74],[38.54,20.74],[38.54,20.74],[38.54,20.74],[38.54,20.74],[38.54,20.74],[38.54,20.75],[38.54,20.75],[38.54,20.75],[38.54,20.75],[38.54,20.75],[38.54,20.75],[38.54,20.75],[38.54,20.75],[38.54,20.75],[38.54,20.75],[38.54,20.75],[38.54,20.75],[38.54,20.75],[38.54,20.76],[38.54,20.76],[38.54,20.76],[38.54,20.76],[38.54,20.76],[38.54,20.76],[38.54,20.76],[38.54,20.77],[38.54,20.77],[38.54,20.77],[38.54,20.77],[38.54,20.77],[38.54,20.77],[38.54,20.78],[38.54,20.78],[38.54,20.78],[38.54,20.78],[38.54,20.78],[38.54,20.78],[38.54,20.79],[38.53,20.79],[38.53,20.79],[38.53,20.79],[38.53,20.79],[38.53,20.79],[38.53,20.8],[38.53,20.8],[38.53,20.8],[38.53,20.8],[38.53,20.8],[38.53,20.8],[38.53,20.81],[38.53,20.81],[38.53,20.81],[38.53,20.81],[38.53,20.81],[38.53,20.82],[38.53,20.82],[38.53,20.82],[38.53,20.82],[38.53,20.82],[38.53,20.82],[38.53,20.83],[38.52,20.83],[38.52,20.83],[38.52,20.83],[38.52,20.83],[38.52,20.84],[38.52,20.84],[38.52,20.84],[38.52,20.84],[38.52,20.84],[38.52,20.85],[38.52,20.85],[38.52,20.85],[38.52,20.85],[38.52,20.86],[38.52,20.86],[38.52,20.86],[38.51,20.86],[38.51,20.87],[38.51,20.88],[38.51,20.88],[38.51,20.89],[38.51,20.89],[38.5,20.9],[38.5,20.9],[38.5,20.9],[38.5,20.9],[38.5,20.91],[38.5,20.91],[38.5,20.91],[38.5,20.91],[38.5,20.91],[38.5,20.91],[38.5,20.92],[38.5,20.92],[38.5,20.92],[38.5,20.92],[38.5,20.92],[38.5,20.92],[38.5,20.93],[38.5,20.93],[38.49,20.93],[38.49,20.93],[38.49,20.93],[38.49,20.93],[38.49,20.94],[38.49,20.94],[38.49,20.94],[38.49,20.94],[38.49,20.94],[38.49,20.95],[38.49,20.95],[38.49,20.95],[38.49,20.95],[38.49,20.95],[38.49,20.95],[38.49,20.96],[38.49,20.96],[38.49,20.96],[38.49,20.96],[38.49,20.96],[38.49,20.96],[38.49,20.97],[38.49,20.97],[38.49,20.97],[38.49,20.97],[38.48,20.97],[38.48,20.97],[38.48,20.98],[38.48,20.98],[38.48,20.98],[38.48,20.98],[38.48,20.98],[38.48,20.98],[38.48,20.98],[38.48,20.99],[38.48,20.99],[38.48,20.99],[38.48,20.99],[38.48,20.99],[38.48,20.99],[38.48,20.99],[38.48,20.99],[38.48,20.99],[38.48,20.99],[38.48,20.99],[38.48,20.99],[38.48,21],[38.48,21],[38.48,21],[38.48,21],[38.48,21],[38.48,21],[38.48,21],[38.48,21],[38.48,21],[38.48,21],[38.48,21],[38.48,21.01],[38.48,21.01],[38.48,21.01],[38.48,21.01],[38.48,21.01],[38.48,21.01],[38.48,21.01],[38.48,21.01],[38.48,21.01],[38.48,21.01],[38.48,21.01],[38.48,21.02],[38.48,21.02],[38.48,21.02],[38.48,21.02],[38.48,21.02],[38.48,21.02],[38.48,21.02],[38.48,21.02],[38.48,21.02],[38.48,21.02],[38.48,21.02],[38.48,21.03],[38.48,21.03],[38.48,21.03],[38.48,21.03],[38.48,21.03],[38.48,21.03],[38.48,21.03],[38.48,21.03],[38.48,21.03],[38.48,21.03],[38.48,21.04],[38.48,21.04],[38.48,21.04],[38.48,21.04],[38.48,21.04],[38.48,21.04],[38.48,21.04],[38.48,21.04],[38.48,21.05],[38.48,21.05],[38.48,21.05],[38.48,21.05],[38.48,21.05],[38.48,21.05],[38.48,21.06],[38.48,21.06],[38.48,21.06],[38.48,21.06],[38.48,21.06],[38.48,21.07],[38.48,21.07],[38.48,21.07],[38.48,21.07],[38.48,21.08],[38.48,21.08],[38.48,21.08],[38.48,21.08],[38.48,21.08],[38.48,21.09],[38.48,21.09],[38.49,21.09],[38.49,21.09],[38.49,21.09],[38.49,21.1],[38.49,21.1],[38.49,21.1],[38.49,21.1],[38.49,21.12],[38.49,21.12],[38.49,21.12],[38.49,21.13],[38.49,21.13],[38.49,21.13],[38.49,21.13],[38.49,21.14],[38.49,21.14],[38.49,21.14],[38.49,21.14],[38.49,21.14],[38.49,21.14],[38.49,21.15],[38.49,21.15],[38.49,21.15],[38.49,21.15],[38.49,21.15],[38.49,21.15],[38.49,21.15],[38.49,21.16],[38.49,21.16],[38.49,21.16],[38.49,21.16],[38.49,21.16],[38.49,21.16],[38.49,21.16],[38.49,21.17],[38.49,21.17],[38.49,21.17],[38.49,21.17],[38.49,21.17],[38.49,21.17],[38.49,21.17],[38.49,21.18],[38.49,21.18],[38.49,21.18],[38.49,21.18],[38.49,21.18],[38.49,21.18],[38.49,21.18],[38.49,21.19],[38.49,21.19],[38.49,21.19],[38.49,21.19],[38.49,21.19],[38.49,21.19],[38.49,21.19],[38.49,21.19],[38.49,21.2],[38.49,21.2],[38.49,21.2],[38.49,21.2],[38.49,21.2],[38.49,21.2],[38.49,21.2],[38.49,21.2],[38.49,21.2],[38.49,21.21],[38.49,21.21],[38.49,21.21],[38.49,21.21],[38.49,21.21],[38.49,21.21],[38.49,21.21],[38.49,21.21],[38.49,21.21],[38.49,21.21],[38.49,21.21],[38.49,21.21],[38.49,21.21],[38.49,21.21],[38.49,21.22],[38.49,21.22],[38.49,21.22],[38.49,21.22],[38.49,21.22],[38.49,21.22],[38.49,21.22],[38.49,21.22],[38.49,21.22],[38.49,21.22],[38.49,21.22],[38.49,21.22],[38.49,21.22],[38.49,21.22],[38.49,21.23],[38.49,21.23],[38.49,21.23],[38.49,21.23],[38.49,21.23],[38.49,21.23],[38.49,21.23],[38.49,21.23],[38.49,21.23],[38.49,21.23],[38.49,21.23],[38.49,21.23],[38.49,21.23],[38.49,21.23],[38.49,21.23],[38.49,21.24],[38.49,21.24],[38.49,21.24],[38.49,21.24],[38.49,21.24],[38.49,21.24],[38.49,21.24],[38.49,21.24],[38.49,21.24],[38.49,21.24],[38.49,21.24],[38.49,21.24],[38.49,21.24],[38.49,21.24],[38.49,21.24],[38.49,21.25],[38.49,21.25],[38.49,21.25],[38.49,21.25],[38.49,21.25],[38.49,21.25],[38.49,21.25],[38.49,21.25],[38.49,21.25],[38.49,21.25],[38.49,21.25],[38.49,21.25],[38.49,21.25],[38.49,21.25],[38.49,21.25],[38.49,21.25],[38.49,21.25],[38.49,21.26],[38.49,21.26],[38.49,21.26],[38.49,21.26],[38.49,21.26],[38.49,21.26],[38.49,21.26],[38.49,21.26],[38.49,21.26],[38.49,21.26],[38.49,21.26],[38.48,21.26],[38.48,21.26],[38.48,21.26],[38.48,21.26],[38.48,21.26],[38.48,21.27],[38.48,21.27],[38.48,21.27],[38.48,21.27],[38.48,21.27],[38.48,21.27],[38.48,21.27],[38.48,21.27],[38.48,21.27],[38.48,21.27],[38.48,21.27],[38.48,21.27],[38.48,21.27],[38.48,21.27],[38.48,21.27],[38.48,21.27],[38.48,21.27],[38.48,21.27],[38.48,21.28],[38.48,21.28],[38.48,21.28],[38.48,21.28],[38.48,21.28],[38.48,21.28],[38.48,21.28],[38.48,21.28],[38.48,21.28],[38.48,21.28],[38.48,21.28],[38.48,21.28],[38.48,21.28],[38.48,21.28],[38.48,21.28],[38.48,21.28],[38.48,21.28],[38.48,21.28],[38.48,21.28],[38.48,21.29],[38.47,21.29],[38.47,21.29],[38.47,21.29],[38.47,21.29],[38.47,21.29],[38.47,21.29],[38.47,21.29],[38.47,21.29],[38.47,21.29],[38.47,21.29],[38.47,21.29],[38.47,21.29],[38.47,21.29],[38.47,21.29],[38.47,21.29],[38.47,21.29],[38.47,21.29],[38.47,21.29],[38.47,21.29],[38.47,21.3],[38.47,21.3],[38.47,21.3],[38.47,21.3],[38.47,21.3],[38.47,21.3],[38.47,21.3],[38.47,21.3],[38.47,21.3],[38.47,21.3],[38.46,21.3],[38.46,21.3],[38.46,21.3],[38.46,21.31],[38.46,21.31],[38.46,21.31],[38.46,21.31],[38.46,21.31],[38.46,21.31],[38.46,21.31],[38.46,21.31],[38.46,21.31],[38.45,21.32],[38.45,21.32],[38.45,21.32],[38.45,21.33],[38.45,21.33],[38.45,21.33],[38.45,21.33],[38.45,21.33],[38.44,21.33],[38.44,21.33],[38.44,21.33],[38.44,21.33],[38.44,21.33],[38.44,21.33],[38.44,21.34],[38.44,21.34],[38.44,21.34],[38.44,21.34],[38.44,21.34],[38.44,21.34],[38.44,21.34],[38.44,21.34],[38.44,21.34],[38.44,21.34],[38.43,21.34],[38.43,21.35],[38.43,21.35],[38.43,21.35],[38.43,21.35],[38.43,21.35],[38.43,21.35],[38.43,21.35],[38.43,21.35],[38.43,21.35],[38.43,21.35],[38.43,21.35],[38.43,21.35],[38.43,21.35],[38.43,21.35],[38.43,21.36],[38.43,21.36],[38.43,21.36],[38.43,21.36],[38.43,21.36],[38.43,21.36],[38.43,21.36],[38.43,21.36],[38.43,21.36],[38.43,21.36],[38.43,21.36],[38.43,21.36],[38.43,21.36],[38.43,21.36],[38.42,21.37],[38.42,21.37],[38.42,21.37],[38.42,21.37],[38.42,21.37],[38.42,21.37],[38.42,21.37],[38.42,21.37],[38.42,21.37],[38.42,21.37],[38.42,21.37],[38.42,21.37],[38.42,21.37],[38.42,21.37],[38.42,21.38],[38.42,21.38],[38.42,21.38],[38.42,21.38],[38.42,21.38],[38.42,21.38],[38.42,21.38],[38.42,21.38],[38.42,21.38],[38.42,21.38],[38.42,21.38],[38.42,21.38],[38.42,21.38],[38.42,21.39],[38.42,21.39],[38.42,21.39],[38.42,21.39],[38.42,21.39],[38.42,21.39],[38.42,21.39],[38.42,21.39],[38.42,21.39],[38.42,21.39],[38.42,21.39],[38.42,21.39],[38.42,21.39],[38.42,21.4],[38.42,21.4],[38.42,21.4],[38.42,21.4],[38.42,21.4],[38.42,21.4],[38.42,21.4],[38.42,21.4],[38.42,21.4],[38.41,21.4],[38.41,21.4],[38.41,21.4],[38.41,21.41],[38.41,21.41],[38.41,21.41],[38.41,21.41],[38.41,21.41],[38.41,21.41],[38.41,21.41],[38.41,21.41],[38.41,21.41],[38.41,21.41],[38.41,21.41],[38.41,21.41],[38.41,21.42],[38.41,21.42],[38.41,21.42],[38.41,21.42],[38.41,21.42],[38.41,21.42],[38.41,21.42],[38.41,21.42],[38.41,21.42],[38.41,21.42],[38.41,21.42],[38.41,21.43],[38.41,21.43],[38.41,21.43],[38.41,21.43],[38.41,21.43],[38.41,21.43],[38.41,21.43],[38.41,21.43],[38.41,21.43],[38.41,21.43],[38.41,21.43],[38.41,21.44],[38.41,21.44],[38.41,21.44],[38.41,21.44],[38.41,21.44],[38.41,21.44],[38.41,21.44],[38.41,21.44],[38.41,21.44],[38.41,21.44],[38.41,21.44],[38.41,21.45],[38.41,21.45],[38.41,21.45],[38.41,21.45],[38.41,21.45],[38.41,21.45],[38.41,21.45],[38.41,21.45],[38.41,21.45],[38.41,21.45],[38.41,21.45],[38.41,21.46],[38.41,21.46],[38.41,21.46],[38.41,21.46],[38.41,21.46],[38.41,21.46],[38.41,21.46],[38.41,21.46],[38.41,21.46],[38.41,21.46],[38.41,21.47],[38.41,21.47],[38.41,21.47],[38.41,21.47],[38.41,21.47],[38.41,21.47],[38.41,21.48],[38.41,21.48],[38.41,21.48],[38.42,21.48],[38.42,21.48],[38.42,21.48],[38.42,21.49],[38.42,21.49],[38.42,21.49],[38.42,21.49],[38.42,21.49],[38.42,21.5],[38.42,21.5],[38.42,21.5],[38.42,21.5],[38.42,21.5],[38.42,21.51],[38.42,21.51],[38.42,21.51],[38.42,21.51],[38.42,21.51],[38.42,21.52],[38.42,21.52],[38.42,21.52],[38.42,21.52],[38.42,21.52],[38.42,21.52],[38.42,21.53],[38.42,21.53],[38.42,21.53],[38.42,21.53],[38.42,21.53],[38.42,21.54],[38.42,21.54],[38.42,21.54],[38.42,21.54],[38.43,21.54],[38.43,21.55],[38.43,21.55],[38.43,21.55],[38.43,21.56],[38.43,21.56],[38.43,21.58],[38.43,21.58],[38.43,21.58],[38.43,21.59],[38.43,21.59],[38.43,21.59],[38.44,21.59],[38.44,21.6],[38.44,21.6],[38.44,21.6],[38.44,21.6],[38.44,21.61],[38.44,21.61],[38.44,21.61],[38.44,21.61],[38.44,21.62],[38.44,21.62],[38.44,21.62],[38.44,21.62],[38.44,21.62],[38.44,21.63],[38.44,21.63],[38.44,21.63],[38.44,21.63],[38.44,21.64],[38.44,21.64],[38.44,21.64],[38.44,21.64],[38.44,21.64],[38.44,21.65],[38.44,21.65],[38.44,21.65],[38.44,21.65],[38.44,21.65],[38.44,21.65],[38.44,21.65],[38.45,21.65],[38.45,21.66],[38.45,21.66],[38.45,21.66],[38.45,21.66],[38.45,21.66],[38.45,21.66],[38.45,21.66],[38.45,21.66],[38.45,21.66],[38.45,21.66],[38.45,21.67],[38.45,21.67],[38.45,21.67],[38.45,21.67],[38.45,21.67],[38.45,21.67],[38.45,21.67],[38.45,21.67],[38.45,21.67],[38.45,21.68],[38.45,21.68],[38.45,21.68],[38.45,21.68],[38.45,21.68],[38.45,21.68],[38.45,21.68],[38.45,21.68],[38.45,21.68],[38.45,21.68],[38.45,21.68],[38.45,21.69],[38.45,21.69],[38.45,21.69],[38.45,21.69],[38.45,21.69],[38.45,21.69],[38.45,21.69],[38.45,21.69],[38.45,21.69],[38.45,21.69],[38.45,21.7],[38.45,21.7],[38.45,21.7],[38.45,21.7],[38.45,21.7],[38.45,21.7],[38.45,21.7],[38.45,21.7],[38.45,21.7],[38.45,21.7],[38.45,21.7],[38.45,21.71],[38.45,21.71],[38.45,21.71],[38.45,21.71],[38.45,21.71],[38.45,21.71],[38.45,21.71],[38.45,21.71],[38.45,21.71],[38.45,21.71],[38.45,21.71],[38.45,21.72],[38.45,21.72],[38.45,21.72],[38.45,21.72],[38.45,21.72],[38.45,21.72],[38.45,21.72],[38.45,21.72],[38.45,21.72],[38.45,21.72],[38.45,21.72],[38.45,21.73],[38.45,21.73],[38.45,21.73],[38.45,21.73],[38.45,21.73],[38.45,21.73],[38.45,21.73],[38.45,21.73],[38.45,21.73],[38.45,21.73],[38.45,21.73],[38.44,21.73],[38.44,21.74],[38.44,21.74],[38.44,21.74],[38.44,21.74],[38.44,21.74],[38.44,21.74],[38.44,21.74],[38.44,21.74],[38.44,21.74],[38.44,21.74],[38.44,21.74],[38.44,21.74],[38.44,21.75],[38.44,21.75],[38.44,21.75],[38.44,21.75],[38.44,21.75],[38.44,21.75],[38.44,21.75],[38.44,21.75],[38.44,21.75],[38.44,21.75],[38.44,21.75],[38.44,21.75],[38.44,21.75],[38.44,21.76],[38.44,21.76],[38.44,21.76],[38.44,21.76],[38.44,21.76],[38.44,21.76],[38.44,21.76],[38.44,21.76],[38.44,21.76],[38.44,21.76],[38.44,21.76],[38.44,21.76],[38.44,21.76],[38.44,21.77],[38.44,21.77],[38.44,21.77],[38.44,21.77],[38.44,21.77],[38.44,21.77],[38.43,21.77],[38.43,21.77],[38.43,21.77],[38.43,21.77],[38.43,21.77],[38.43,21.77],[38.43,21.77],[38.43,21.77],[38.43,21.77],[38.43,21.78],[38.43,21.78],[38.43,21.78],[38.43,21.78],[38.43,21.78],[38.43,21.78],[38.43,21.78],[38.43,21.78],[38.43,21.78],[38.43,21.78],[38.43,21.78],[38.43,21.78],[38.43,21.78],[38.43,21.78],[38.43,21.79],[38.43,21.79],[38.43,21.79],[38.43,21.79],[38.42,21.79],[38.42,21.79],[38.42,21.79],[38.42,21.79],[38.42,21.79],[38.42,21.79],[38.42,21.79],[38.42,21.79],[38.42,21.79],[38.42,21.79],[38.42,21.79],[38.42,21.79],[38.42,21.8],[38.42,21.8],[38.42,21.8],[38.42,21.8],[38.42,21.8],[38.42,21.8],[38.42,21.8],[38.42,21.8],[38.42,21.8],[38.42,21.8],[38.41,21.8],[38.41,21.8],[38.41,21.8],[38.41,21.8],[38.41,21.8],[38.41,21.8],[38.41,21.8],[38.41,21.8],[38.41,21.81],[38.41,21.81],[38.41,21.81],[38.41,21.81],[38.41,21.81],[38.41,21.81],[38.41,21.81],[38.41,21.81],[38.41,21.81],[38.41,21.81],[38.41,21.81],[38.4,21.81],[38.4,21.81],[38.4,21.82],[38.4,21.82],[38.4,21.82],[38.4,21.82],[38.4,21.82],[38.4,21.82],[38.4,21.82],[38.4,21.82],[38.4,21.82],[38.4,21.82],[38.4,21.82],[38.4,21.82],[38.39,21.82],[38.39,21.82],[38.39,21.82],[38.39,21.82],[38.39,21.82],[38.39,21.82],[38.39,21.82],[38.39,21.82],[38.39,21.82],[38.39,21.82],[38.39,21.82],[38.39,21.83],[38.39,21.83],[38.39,21.83],[38.39,21.83],[38.39,21.83],[38.39,21.83],[38.39,21.83],[38.39,21.83],[38.39,21.83],[38.39,21.83],[38.39,21.83],[38.39,21.83],[38.39,21.83],[38.39,21.83],[38.39,21.83],[38.39,21.83],[38.39,21.83],[38.39,21.83],[38.39,21.83],[38.39,21.83],[38.38,21.83],[38.38,21.84],[38.38,21.84],[38.38,21.84],[38.38,21.84],[38.38,21.84],[38.38,21.84],[38.38,21.84],[38.38,21.84],[38.38,21.84],[38.38,21.84],[38.38,21.84],[38.38,21.84],[38.38,21.84],[38.38,21.84],[38.38,21.84],[38.38,21.84],[38.38,21.84],[38.38,21.84],[38.38,21.84],[38.38,21.85],[38.38,21.85],[38.38,21.85],[38.38,21.85],[38.38,21.85],[38.38,21.85],[38.38,21.85],[38.38,21.85],[38.38,21.85],[38.38,21.85],[38.38,21.85],[38.38,21.85],[38.38,21.85],[38.38,21.85],[38.38,21.85],[38.38,21.85],[38.38,21.86],[38.38,21.86],[38.38,21.86],[38.38,21.86],[38.38,21.86],[38.38,21.86],[38.38,21.86],[38.38,21.86],[38.38,21.86],[38.38,21.86],[38.38,21.86],[38.38,21.86],[38.38,21.86],[38.38,21.86],[38.38,21.86],[38.38,21.87],[38.38,21.87],[38.38,21.87],[38.38,21.87],[38.38,21.87],[38.38,21.87],[38.38,21.87],[38.38,21.87],[38.38,21.87],[38.38,21.87],[38.38,21.87],[38.38,21.87],[38.38,21.87],[38.38,21.87],[38.38,21.87],[38.38,21.88],[38.38,21.88],[38.38,21.88],[38.38,21.88],[38.38,21.88],[38.38,21.88],[38.38,21.88],[38.38,21.88],[38.38,21.88],[38.38,21.88],[38.38,21.88],[38.38,21.88],[38.38,21.88],[38.38,21.89],[38.38,21.89],[38.38,21.89],[38.38,21.89],[38.38,21.89],[38.38,21.89],[38.38,21.89],[38.38,21.9],[38.38,21.9],[38.38,21.9],[38.38,21.9],[38.38,21.9],[38.38,21.9],[38.38,21.91],[38.38,21.91],[38.38,21.91],[38.38,21.92],[38.38,21.92],[38.38,21.92],[38.38,21.92],[38.38,21.92],[38.38,21.92],[38.38,21.92],[38.38,21.93],[38.38,21.93],[38.38,21.93],[38.38,21.93],[38.38,21.93],[38.38,21.93],[38.38,21.93],[38.38,21.93],[38.38,21.93],[38.38,21.94],[38.38,21.94],[38.38,21.94],[38.38,21.94],[38.38,21.94],[38.38,21.94],[38.38,21.94],[38.38,21.94],[38.38,21.94],[38.38,21.94],[38.38,21.94],[38.38,21.95],[38.38,21.95],[38.38,21.95],[38.38,21.95],[38.38,21.95],[38.38,21.95],[38.38,21.95],[38.38,21.95],[38.38,21.95],[38.38,21.95],[38.38,21.95],[38.38,21.95],[38.38,21.95],[38.38,21.95],[38.38,21.95],[38.38,21.95],[38.38,21.95],[38.38,21.95],[38.38,21.96],[38.38,21.96],[38.38,21.96],[38.38,21.96],[38.38,21.96],[38.38,21.96],[38.38,21.96],[38.38,21.96],[38.38,21.96],[38.38,21.96],[38.38,21.96],[38.38,21.96],[38.38,21.96],[38.38,21.96],[38.38,21.96],[38.38,21.96],[38.38,21.96],[38.38,21.96],[38.38,21.96],[38.38,21.96],[38.38,21.97],[38.38,21.97],[38.38,21.97],[38.38,21.97],[38.38,21.97],[38.38,21.97],[38.38,21.97],[38.38,21.97],[38.38,21.97],[38.38,21.97],[38.38,21.97],[38.38,21.97],[38.38,21.97],[38.38,21.97],[38.38,21.97],[38.38,21.97],[38.38,21.97],[38.38,21.97],[38.38,21.97],[38.38,21.97],[38.38,21.97],[38.38,21.97],[38.38,21.98],[38.38,21.98],[38.38,21.98],[38.38,21.98],[38.38,21.98],[38.38,21.98],[38.38,21.98],[38.37,21.98],[38.37,21.98],[38.37,21.98],[38.37,21.98],[38.37,21.98],[38.37,21.98],[38.37,21.98],[38.37,21.99],[38.37,21.99],[38.37,21.99],[38.37,21.99],[38.37,21.99],[38.37,21.99],[38.37,21.99],[38.37,21.99],[38.37,21.99],[38.37,21.99],[38.37,21.99],[38.37,21.99],[38.37,21.99],[38.37,22],[38.37,22],[38.37,22],[38.37,22],[38.37,22],[38.37,22],[38.37,22],[38.37,22],[38.37,22],[38.37,22],[38.37,22],[38.37,22],[38.36,22.01],[38.36,22.01],[38.36,22.01],[38.36,22.01],[38.36,22.01],[38.36,22.01],[38.36,22.01],[38.36,22.01],[38.36,22.01],[38.36,22.01],[38.36,22.01],[38.36,22.01],[38.36,22.02],[38.36,22.02],[38.36,22.02],[38.36,22.02],[38.36,22.02],[38.36,22.02],[38.36,22.02],[38.36,22.02],[38.36,22.02],[38.36,22.02],[38.36,22.02],[38.36,22.02],[38.36,22.02],[38.35,22.03],[38.35,22.03],[38.35,22.03],[38.35,22.03],[38.35,22.03],[38.35,22.03],[38.35,22.03],[38.35,22.03],[38.35,22.03],[38.35,22.03],[38.35,22.03],[38.35,22.04],[38.35,22.04],[38.35,22.04],[38.35,22.04],[38.35,22.04],[38.35,22.04],[38.35,22.04],[38.35,22.04],[38.35,22.04],[38.35,22.04],[38.34,22.04],[38.34,22.04],[38.34,22.05],[38.34,22.05],[38.34,22.05],[38.34,22.05],[38.34,22.05],[38.34,22.05],[38.34,22.05],[38.34,22.05],[38.34,22.05],[38.34,22.05],[38.34,22.05],[38.34,22.05],[38.34,22.06],[38.34,22.06],[38.34,22.06],[38.34,22.06],[38.34,22.06],[38.33,22.06],[38.33,22.06],[38.33,22.06],[38.33,22.06],[38.33,22.06],[38.33,22.06],[38.33,22.07],[38.33,22.07],[38.33,22.07],[38.33,22.07],[38.33,22.07],[38.33,22.07],[38.33,22.07],[38.33,22.07],[38.33,22.07],[38.33,22.07],[38.33,22.07],[38.32,22.07],[38.32,22.08],[38.32,22.08],[38.32,22.08],[38.32,22.08],[38.32,22.08],[38.32,22.08],[38.32,22.08],[38.32,22.08],[38.32,22.08],[38.32,22.08],[38.32,22.08],[38.32,22.08],[38.32,22.09],[38.32,22.09],[38.32,22.09],[38.32,22.09],[38.31,22.09],[38.31,22.09],[38.31,22.09],[38.31,22.09],[38.31,22.09],[38.31,22.09],[38.31,22.09],[38.31,22.09],[38.31,22.09],[38.31,22.09],[38.31,22.09],[38.31,22.1],[38.31,22.1],[38.31,22.1],[38.31,22.1],[38.31,22.1],[38.31,22.1],[38.31,22.1],[38.3,22.1],[38.3,22.1],[38.3,22.1],[38.3,22.1],[38.3,22.1],[38.3,22.1],[38.3,22.1],[38.3,22.1],[38.3,22.11],[38.3,22.11],[38.3,22.11],[38.3,22.11],[38.3,22.11],[38.3,22.11],[38.3,22.11],[38.3,22.11],[38.29,22.11],[38.29,22.11],[38.29,22.11],[38.29,22.11],[38.29,22.11],[38.29,22.11],[38.29,22.11],[38.29,22.12],[38.29,22.12],[38.29,22.12],[38.29,22.12],[38.29,22.12],[38.29,22.12],[38.29,22.12],[38.28,22.12],[38.28,22.12],[38.28,22.12],[38.28,22.12],[38.28,22.12],[38.28,22.12],[38.28,22.12],[38.28,22.12],[38.28,22.13],[38.28,22.13],[38.28,22.13],[38.28,22.13],[38.28,22.13],[38.28,22.13],[38.27,22.13],[38.27,22.13],[38.27,22.13],[38.27,22.13],[38.27,22.13],[38.27,22.13],[38.27,22.13],[38.27,22.13],[38.27,22.13],[38.27,22.13],[38.27,22.14],[38.27,22.14],[38.27,22.14],[38.26,22.14],[38.26,22.14],[38.26,22.14],[38.26,22.14],[38.26,22.14],[38.26,22.14],[38.26,22.14],[38.26,22.14],[38.26,22.14],[38.26,22.14],[38.26,22.14],[38.25,22.14],[38.25,22.14],[38.25,22.15],[38.25,22.15],[38.25,22.15],[38.25,22.15],[38.25,22.15],[38.24,22.15],[38.24,22.15],[38.24,22.15],[38.24,22.16],[38.24,22.16],[38.24,22.16],[38.23,22.16],[38.23,22.16],[38.23,22.16],[38.22,22.17],[38.22,22.17],[38.21,22.17],[38.21,22.17],[38.21,22.18],[38.21,22.18],[38.21,22.18],[38.21,22.18],[38.2,22.18],[38.2,22.18],[38.2,22.18],[38.2,22.18],[38.2,22.18],[38.2,22.18],[38.2,22.19],[38.19,22.19],[38.19,22.19],[38.19,22.19],[38.19,22.19],[38.19,22.19],[38.19,22.19],[38.19,22.19],[38.18,22.19],[38.18,22.19],[38.18,22.2],[38.18,22.2],[38.18,22.2],[38.18,22.2],[38.18,22.2],[38.18,22.2],[38.18,22.2],[38.18,22.2],[38.18,22.2],[38.17,22.2],[38.17,22.2],[38.17,22.2],[38.17,22.2],[38.17,22.2],[38.17,22.2],[38.17,22.2],[38.17,22.21],[38.17,22.21],[38.17,22.21],[38.17,22.21],[38.17,22.21],[38.17,22.21],[38.17,22.21],[38.17,22.21],[38.16,22.21],[38.16,22.21],[38.16,22.21],[38.16,22.21],[38.16,22.21],[38.16,22.21],[38.16,22.21],[38.16,22.21],[38.16,22.21],[38.16,22.21],[38.16,22.22],[38.16,22.22],[38.16,22.22],[38.16,22.22],[38.16,22.22],[38.16,22.22],[38.15,22.22],[38.15,22.22],[38.15,22.22],[38.15,22.22],[38.15,22.22],[38.15,22.22],[38.15,22.22],[38.15,22.22],[38.15,22.22],[38.15,22.22],[38.15,22.22],[38.15,22.22],[38.15,22.22],[38.15,22.23],[38.15,22.23],[38.15,22.23],[38.15,22.23],[38.15,22.23],[38.15,22.23],[38.14,22.23],[38.14,22.23],[38.14,22.23],[38.14,22.23],[38.14,22.23],[38.14,22.23],[38.14,22.23],[38.14,22.23],[38.14,22.23],[38.14,22.23],[38.14,22.24],[38.14,22.24],[38.14,22.24],[38.14,22.24],[38.13,22.24],[38.13,22.24],[38.13,22.24],[38.13,22.24],[38.13,22.24],[38.13,22.25],[38.13,22.25],[38.13,22.25],[38.13,22.25],[38.12,22.25],[38.12,22.25],[38.12,22.25],[38.12,22.25],[38.12,22.26],[38.12,22.26],[38.12,22.26],[38.12,22.26],[38.12,22.26],[38.12,22.26],[38.11,22.26],[38.11,22.26],[38.11,22.27],[38.11,22.27],[38.11,22.27],[38.11,22.27],[38.11,22.27],[38.11,22.27],[38.11,22.27],[38.11,22.27],[38.1,22.28],[38.1,22.28],[38.1,22.28],[38.1,22.28],[38.1,22.28],[38.1,22.28],[38.1,22.28],[38.1,22.28],[38.1,22.29],[38.1,22.29],[38.1,22.29],[38.09,22.29],[38.09,22.29],[38.09,22.29],[38.09,22.29],[38.09,22.29],[38.09,22.3],[38.09,22.3],[38.09,22.3],[38.09,22.3],[38.09,22.3],[38.09,22.3],[38.08,22.3],[38.08,22.3],[38.08,22.31],[38.08,22.31],[38.08,22.31],[38.08,22.31],[38.08,22.31],[38.08,22.31],[38.08,22.31],[38.08,22.31],[38.08,22.32],[38.07,22.32],[38.07,22.32],[38.07,22.32],[38.07,22.32],[38.07,22.32],[38.07,22.32],[38.07,22.32],[38.07,22.33],[38.07,22.33],[38.07,22.33],[38.07,22.33],[38.06,22.33],[38.06,22.33],[38.06,22.33],[38.06,22.34],[38.06,22.34],[38.06,22.34],[38.06,22.34],[38.06,22.34],[38.06,22.34],[38.06,22.34],[38.06,22.34],[38.05,22.35],[38.05,22.35],[38.05,22.35],[38.05,22.35],[38.05,22.35],[38.05,22.35],[38.05,22.35],[38.05,22.36],[38.05,22.36],[38.05,22.36],[38.05,22.36],[38.05,22.36],[38.05,22.36],[38.04,22.36],[38.04,22.37],[38.04,22.37],[38.04,22.37],[38.04,22.37],[38.04,22.37],[38.04,22.37],[38.04,22.37],[38.04,22.38],[38.04,22.38],[38.04,22.38],[38.04,22.38],[38.03,22.38],[38.03,22.38],[38.03,22.38],[38.03,22.38],[38.03,22.39],[38.03,22.39],[38.03,22.39],[38.03,22.39],[38.03,22.39],[38.03,22.39],[38.03,22.39],[38.03,22.4],[38.03,22.4],[38.02,22.4],[38.02,22.4],[38.02,22.4],[38.02,22.4],[38.02,22.4],[38.02,22.41],[38.02,22.41],[38.02,22.41],[38.02,22.41],[38.02,22.41],[38.02,22.41],[38.02,22.41],[38.02,22.42],[38.02,22.42],[38.01,22.42],[38.01,22.42],[38.01,22.42],[38.01,22.42],[38.01,22.42],[38.01,22.43],[38.01,22.43],[38.01,22.43],[38.01,22.43],[38.01,22.43],[38.01,22.43],[38.01,22.44],[38.01,22.44],[38.01,22.44],[38,22.44],[38,22.44],[38,22.44],[38,22.44],[38,22.45],[38,22.45],[38,22.45],[38,22.45],[38,22.45],[38,22.45],[38,22.45],[38,22.46],[38,22.46],[38,22.46],[38,22.46],[37.99,22.46],[37.99,22.46],[37.99,22.46],[37.99,22.47],[37.99,22.47],[37.99,22.47],[37.99,22.47],[37.99,22.47],[37.99,22.47],[37.99,22.48],[37.99,22.48],[37.99,22.48],[37.99,22.48],[37.99,22.48],[37.99,22.48],[37.98,22.48],[37.98,22.49],[37.98,22.49],[37.98,22.49],[37.98,22.49],[37.98,22.49],[37.98,22.49],[37.98,22.5],[37.98,22.5],[37.98,22.5],[37.98,22.5],[37.98,22.5],[37.98,22.5],[37.98,22.5],[37.98,22.51],[37.98,22.51],[37.98,22.51],[37.97,22.51],[37.97,22.51],[37.97,22.51],[37.97,22.52],[37.97,22.52],[37.97,22.52],[37.97,22.52],[37.97,22.52],[37.97,22.52],[37.97,22.53],[37.97,22.53],[37.97,22.53],[37.97,22.53],[37.97,22.53],[37.97,22.53],[37.97,22.53],[37.97,22.54],[37.97,22.54],[37.96,22.54],[37.96,22.54],[37.96,22.54],[37.96,22.54],[37.96,22.55],[37.96,22.55],[37.96,22.55],[37.96,22.55],[37.96,22.55],[37.96,22.55],[37.96,22.56],[37.96,22.56],[37.96,22.56],[37.96,22.56],[37.96,22.56],[37.96,22.56],[37.96,22.57],[37.96,22.57],[37.96,22.57],[37.96,22.57],[37.95,22.57],[37.95,22.57],[37.95,22.58],[37.95,22.58],[37.95,22.58],[37.95,22.58],[37.95,22.58],[37.95,22.58],[37.95,22.58],[37.95,22.58],[37.93,22.59],[37.9,22.63],[37.9,22.63],[38.16,23],[38.77,23.38],[38.83,23.46]]]}},{"type":"Feature","properties":{"ma":0,"type":"gpml:TopologicalNetwork","name":"Inactive_AFRICA_ARABIA_MESH_2","pid":701,"deforming":true},"geometry":{"type":"Polygon","coordinates":[[[39.47,14.87],[39.38,15.12],[39.38,15.12],[39.11,15.55],[38.84,15.99],[38.61,16.8],[38.55,17.05],[38.55,17.05],[38.55,17.06],[39.12,17.35],[39.43,17.57],[39.43,17.57],[39.48,17.44],[39.59,17.2],[39.78,16.67],[39.87,16.03],[40.21,15.66],[40.54,15.43],[40.87,15.42],[41.24,15.23],[41.76,14.79],[41.96,14.31],[42.33,13.69],[42.49,13.43],[42.5,13.4],[42.5,13.4],[42.34,13.14],[42.34,13.14],[42.17,13.37],[41.67,13.84],[41.17,14.27],[40.72,14.61],[40.51,14.84],[40.1,15.03],[39.73,14.94],[39.47,14.87]]]}},{"type":"Feature","properties":{"ma":0,"type":"gpml:TopologicalNetwork","name":"Inactive_AFRICA_ARABIA_MESH_2","pid":701,"deforming":true},"geometry":{"type":"Polygon","coordinates":[[[38.55,17.05],[38.41,17.55],[38.2,18.02],[37.8,18.35],[37.33,18.45],[37.04,19.33],[37.04,19.93],[37.03,20.5],[36.94,20.97],[36.83,21.35],[36.83,21.35],[36.9,21.37],[37.14,21.64],[37.49,21.9],[37.49,21.9],[37.5,21.86],[37.7,21.24],[37.64,20.82],[37.8,19.85],[37.73,19.58],[37.83,19.25],[38.48,18.97],[39.1,18.55],[39.34,17.8],[39.34,17.82],[39.43,17.57],[39.43,17.57],[39.12,17.35],[38.55,17.06],[38.55,17.05]]]}},{"type":"Feature","properties":{"ma":0,"type":"gpml:TopologicalNetwork","name":"Inactive_AFRICA_ARABIA_MESH_2","pid":701,"deforming":true},"geometry":{"type":"Polygon","coordinates":[[[33.9,27.19],[34.33,27.32],[34.33,27.32],[34.36,27.25],[34.65,26.79],[34.84,26.52],[35.32,26.01],[35.68,25.59],[36.1,24.81],[36.31,24.26],[36.51,23.7],[36.95,22.92],[37.4,22.41],[37.4,22.23],[37.4,22.23],[37.49,21.9],[37.49,21.9],[37.14,21.64],[36.9,21.37],[36.83,21.35],[36.83,21.35],[36.77,21.53],[36.69,21.76],[36.6,22],[36.22,22.03],[35.84,22.26],[35.5,22.85],[35.49,23.39],[35.48,23.93],[34.87,24.6],[34.66,25.02],[34.32,25.67],[34.03,26.14],[33.59,26.98],[33.58,27.01],[33.9,27.19]]]}},{"type":"Feature","properties":{"ma":0,"type":"gpml:TopologicalNetwork","name":"Inactive_AFRICA_ARABIA_MESH_2","pid":701,"deforming":true},"geometry":{"type":"Polygon","coordinates":[[[38.09,22.9],[37.78,23.4],[37.03,23.74],[36.68,23.96],[36.29,24.76],[36.08,25.11],[35.85,25.52],[35.74,25.67],[35.32,26.12],[34.9,26.57],[34.86,26.61],[34.68,26.87],[34.52,27.11],[34.43,27.25],[34.38,27.32],[34.38,27.33],[34.38,27.33],[34.42,27.34],[34.99,27.5],[35.46,27.54],[35.61,27.57],[35.61,27.57],[35.67,27.36],[36.3,26.92],[36.43,26.26],[37,25.91],[37.24,25.19],[37.61,24.56],[37.96,24.12],[38.64,23.91],[38.83,23.46],[38.83,23.46],[38.77,23.38],[38.16,23],[38.09,22.9]]]}},{"type":"Feature","properties":{"ma":0,"type":"gpml:TopologicalNetwork","name":"Inactive_Mesozoic Southern South America Deformation","pid":201,"deforming":true},"geometry":{"type":"Polygon","coordinates":[[[-58.63,-47.4],[-57.6,-47.56],[-57.6,-47.56],[-57.61,-47.68],[-57.39,-47.81],[-57.18,-47.79],[-56.65,-47.97],[-55.83,-48.27],[-54.99,-48.56],[-54.12,-48.85],[-53.25,-49.13],[-52.7,-49.22],[-52.53,-49.28],[-51.54,-49.48],[-50.39,-49.57],[-49.16,-49.58],[-48.8,-49.64],[-47.56,-49.66],[-46.33,-49.67],[-46.13,-49.7],[-45.15,-49.68],[-44.11,-49.63],[-43.22,-49.6],[-42.32,-49.56],[-42.1,-49.53],[-41.31,-49.52],[-39.9,-49.47],[-39.73,-49.45],[-39.68,-49.47],[-39.12,-49.8],[-39.12,-49.8],[-39.59,-50.32],[-40.35,-50.81],[-41.13,-51.29],[-42.01,-52.01],[-42.01,-52.01],[-42.14,-52.09],[-42.28,-52.14],[-43.14,-52.28],[-43.68,-52.54],[-44.09,-52.63],[-44.17,-52.7],[-44.17,-52.7],[-45.1,-52.59],[-46.02,-52.47],[-47.42,-52.3],[-48.84,-52.36],[-50.27,-52.4],[-51.38,-52.42],[-52.48,-52.42],[-53.57,-52.56],[-54.67,-52.68],[-56.26,-52.96],[-57.87,-53.21],[-58.83,-53.2],[-59.8,-53.19],[-60.78,-53.26],[-61.63,-53.39],[-62.69,-53.7],[-63.64,-53.99],[-64.47,-54.1],[-65.3,-54.21],[-66.8,-54.24],[-68.3,-54.25],[-69.81,-54.24],[-71.21,-53.81],[-72.58,-53.36],[-73.92,-52.89],[-74.81,-52.5],[-75.69,-52.11],[-76.55,-51.7],[-76.55,-51.7],[-76.61,-51.43],[-76.69,-51.06],[-76.77,-50.8],[-76.83,-50.48],[-76.88,-50.21],[-76.92,-50.06],[-77.02,-49.83],[-77.01,-49.33],[-76.97,-48.83],[-76.95,-48.54],[-76.77,-48.22],[-76.61,-47.83],[-76.35,-47.5],[-76.03,-47.09],[-75.94,-46.7],[-75.98,-46.34],[-75.92,-46.08],[-75.94,-45.69],[-75.92,-45.38],[-75.92,-45.29],[-75.93,-45.13],[-75.91,-44.75],[-75.87,-44.39],[-75.79,-44.15],[-75.69,-43.83],[-75.59,-43.48],[-75.5,-42.88],[-75.38,-42.39],[-75.3,-41.87],[-75.23,-41.45],[-75.17,-41.01],[-75.17,-40.66],[-75.14,-40.31],[-75.15,-39.92],[-75.1,-39.63],[-75.04,-39.26],[-74.87,-38.98],[-74.87,-38.98],[-73.93,-38.57],[-73,-38.15],[-72.08,-37.72],[-71.18,-37.29],[-70.28,-36.85],[-69.65,-36.24],[-69.04,-35.63],[-68.44,-35.01],[-67.84,-34.39],[-67.78,-33.65],[-67.71,-32.9],[-67.71,-32.9],[-67.01,-33.09],[-66.12,-33.31],[-65.22,-33.52],[-64.07,-33.64],[-62.91,-33.75],[-61.95,-34.06],[-60.98,-34.36],[-60.26,-34.45],[-59.53,-34.54],[-58.61,-34.57],[-57.69,-34.58],[-57.07,-34.5],[-56.45,-34.42],[-55.65,-34.73],[-55.42,-35.23],[-54.83,-35.89],[-54.12,-36.17],[-53.62,-36.21],[-53.62,-36.21],[-53.74,-36.33],[-54.36,-36.91],[-54.99,-37.48],[-55.29,-37.74],[-55.67,-38.28],[-56.06,-38.81],[-56.52,-39.48],[-57.05,-40.14],[-57.58,-40.8],[-58.13,-41.45],[-58.75,-42.34],[-59.08,-42.95],[-59.34,-43.65],[-59.52,-44.34],[-59.71,-45.04],[-59.74,-45.54],[-59.78,-46.04],[-59.78,-46.53],[-59.64,-47.24],[-58.63,-47.4]]]}},{"type":"Feature","properties":{"ma":0,"type":"gpml:TopologicalNetwork","name":"Inactive_Proto_Caribbean_Mesh","pid":101,"deforming":true},"geometry":{"type":"Polygon","coordinates":[[[-95.79,17.83],[-96.3,18.42],[-96.55,18.8],[-96.63,19.26],[-96.52,19.49],[-97.19,20.06],[-97.87,20.64],[-98.31,21.47],[-98.75,22.31],[-98.96,23.05],[-99.17,23.78],[-99.38,24.52],[-99.63,24.98],[-99.89,25.44],[-99.6,25.77],[-99.74,26.5],[-100.19,26.9],[-100.64,27.29],[-101.17,27.74],[-101.13,28.71],[-101.61,29.5],[-101.9,29.94],[-102.19,30.38],[-102.32,30.45],[-102.36,30.45],[-102.41,30.45],[-102.43,30.44],[-102.47,30.44],[-102.5,30.43],[-102.5,30.43],[-102.5,30.43],[-102.12,30.95],[-101.73,31.47],[-101.16,31.66],[-100.59,31.86],[-99.54,32.31],[-98.92,32.38],[-98.29,32.45],[-97.43,32.58],[-96.57,32.7],[-95.43,32.51],[-94.79,32.45],[-94.16,32.39],[-93.53,32.36],[-92.89,32.32],[-92.22,32.25],[-91.56,32.17],[-90.66,32.07],[-89.73,31.8],[-88.68,31.62],[-88.68,31.62],[-87.83,31.11],[-87.1,30.82],[-86.39,30.52],[-85.53,30.11],[-84.68,29.69],[-83.85,29.45],[-83.58,28.96],[-82.98,28.63],[-82.3,28.39],[-81.73,28.08],[-81.15,27.59],[-80.38,27.37],[-79.6,27.31],[-79.12,27.33],[-79.12,27.33],[-79.09,26.92],[-79.05,26.62],[-79.05,26.62],[-78.97,26.62],[-78.75,26.47],[-78.05,26.61],[-77.71,26.19],[-77.37,25.77],[-77.1,25.83],[-76.7,25.86],[-76.7,25.86],[-76.62,25.71],[-76.29,25.48],[-75.75,25.14],[-75.11,24.54],[-74.56,23.98],[-74.19,23.52],[-73.57,23.12],[-73.03,22.92],[-72.56,22.75],[-72.05,22.38],[-71.33,21.99],[-71.13,21.56],[-71.72,21.24],[-72.26,20.75],[-73.28,20.52],[-74.06,20.62],[-74.65,20.89],[-75.17,21.13],[-75.69,21.38],[-76.6,21.78],[-77.31,22.16],[-77.79,22.4],[-78.26,22.65],[-78.96,22.88],[-79.66,23.1],[-80.2,23.25],[-80.74,23.39],[-81.15,23.46],[-81.15,23.46],[-81.6,23.67],[-82.36,24.06],[-83.22,24.41],[-84.08,24.94],[-84.71,25.24],[-84.94,25.41],[-84.94,25.41],[-84.95,25.5],[-84.91,25.86],[-85.32,26.34],[-85.58,26.82],[-85.83,27.1],[-86.28,27.19],[-86.92,27.26],[-87.61,27.36],[-88.3,27.46],[-89.02,27.53],[-89.75,27.6],[-90.09,27.53],[-90.75,27.52],[-91.41,27.5],[-92.03,27.36],[-92.61,27.28],[-93.19,27.19],[-93.98,26.96],[-94.76,26.6],[-95.16,26.36],[-95.56,25.77],[-95.96,25.18],[-96.28,24.78],[-96.47,24.41],[-96.84,23.92],[-97.2,23.44],[-97.31,23.16],[-97.31,22.74],[-97.15,22.02],[-97.05,21.58],[-97.05,21.58],[-96.99,21.46],[-96.87,20.95],[-96.75,20.45],[-96.4,19.78],[-96.21,19.33],[-95.98,18.6],[-95.76,17.87],[-95.71,17.68],[-95.71,17.68],[-95.66,17.69],[-95.79,17.83]]]}},{"type":"Feature","properties":{"ma":0,"type":"gpml:TopologicalNetwork","name":"Inactive_mesh_yucatan","pid":2004,"deforming":true},"geometry":{"type":"Polygon","coordinates":[[[-85.03,23.96],[-84.94,23.7],[-84.84,23.19],[-84.74,22.69],[-85.02,21.82],[-85.39,21.33],[-85.76,20.84],[-86.02,20.31],[-86.46,19.73],[-86.97,19.07],[-87.31,18.33],[-87.65,17.51],[-87.76,16.97],[-88.22,16.37],[-88.67,15.77],[-89.09,15.33],[-89.52,14.89],[-89.98,14.88],[-90.38,15.04],[-90.97,15.4],[-91.73,15.38],[-92.38,15.68],[-93.13,15.85],[-93.77,16.15],[-94.57,16.57],[-95.11,16.99],[-95.45,17.48],[-95.46,17.91],[-95.65,18.18],[-95.55,18.59],[-95.56,19.17],[-95.55,20.15],[-95.21,20.68],[-94.74,20.83],[-94.74,20.83],[-94.63,21.03],[-94.3,21.61],[-94.08,21.94],[-93.78,22.24],[-93.69,22.68],[-93.16,23.1],[-92.92,23.62],[-92.63,23.89],[-92.28,24.14],[-91.88,24.51],[-91.51,24.67],[-90.9,24.85],[-90.29,24.94],[-89.42,25.04],[-89.04,25.17],[-88.8,25.42],[-88.31,25.58],[-87.63,25.49],[-87.14,25.21],[-86.65,24.92],[-86.09,24.66],[-85.62,24.2],[-85.03,23.96]]]}},{"type":"Feature","properties":{"ma":0,"type":"gpml:TopologicalNetwork","name":"Inactive_Mesh","pid":702,"deforming":true},"geometry":{"type":"Polygon","coordinates":[[[44.52,-25.71],[44.56,-25.61],[44.31,-25.56],[44.15,-25.33],[43.96,-25.14],[43.81,-24.87],[43.81,-24.68],[43.58,-24.44],[43.62,-24.21],[43.56,-24.03],[43.62,-23.82],[43.57,-23.31],[43.37,-23.01],[43.18,-22.61],[43.08,-22.22],[43.19,-22.06],[43.13,-21.86],[43.29,-21.71],[43.29,-21.49],[43.57,-21.28],[44.05,-20.59],[44.23,-20.22],[44.16,-20.01],[44.08,-19.87],[44.21,-19.49],[44.02,-19.02],[43.84,-18.55],[43.51,-18.1],[43.2,-17.41],[43.24,-16.9],[43.62,-16.46],[44,-16.02],[44.77,-15.7],[45.42,-15.87],[45.72,-15.77],[46.19,-15.44],[46.57,-15.34],[47.13,-14.78],[47.69,-14.23],[47.73,-13.79],[47.99,-13.42],[48.34,-12.95],[48.56,-12.25],[48.75,-12.21],[48.89,-12.11],[49.18,-12.11],[49.28,-12.11],[49.28,-12.11],[49.4,-12.3],[49.7,-12.62],[50.08,-12.83],[49.97,-13.56],[49.85,-14.29],[49.73,-15.01],[49.73,-15.01],[49.48,-15.18],[48.83,-15.61],[48.18,-16.04],[47.53,-16.46],[46.72,-17.08],[45.9,-17.7],[45.72,-18.51],[45.54,-19.31],[45.4,-20.19],[45.27,-21.06],[45.35,-21.95],[45.43,-22.84],[45.52,-23.57],[45.61,-24.31],[45.87,-25],[46.13,-25.7],[45.89,-26.08],[45.89,-26.08],[45.56,-26.24],[44.77,-26.03],[44.52,-25.71]]]}},{"type":"Feature","properties":{"ma":0,"type":"gpml:TopologicalNetwork","name":"West_Antarctica_Inactive_Mesh","pid":802,"deforming":true},"geometry":{"type":"Polygon","coordinates":[[[29.17,-66.42],[30.13,-66.9],[31.13,-67.38],[32.82,-67.83],[34.58,-68.26],[34.79,-68.28],[34.79,-68.28],[34.45,-68.52],[32.35,-68.98],[30.17,-69.42],[28.3,-69.88],[26.34,-70.31],[24.54,-70.38],[22.72,-70.43],[20.42,-70.28],[18.15,-70.1],[16.24,-70.11],[14.32,-70.09],[12.46,-70.26],[10.57,-70.4],[8.7,-70.45],[6.82,-70.49],[4.73,-70.69],[2.59,-70.87],[-0.33,-70.88],[-3.25,-70.85],[-5.78,-71.08],[-8.36,-71.28],[-8.36,-71.28],[-8.36,-70.78],[-8.37,-70.27],[-8.37,-70.27],[-8.35,-70.26],[-7.07,-70.08],[-4.85,-69.98],[-2.64,-69.86],[-2.18,-69.85],[-1.4,-69.38],[-0.64,-68.91],[0.75,-68.42],[2.95,-68.22],[5.1,-67.99],[6.6,-68.08],[8.11,-68.16],[9.39,-68.4],[10.7,-68.63],[12.34,-68.84],[14.4,-69.02],[16.48,-69.17],[18.53,-69.37],[20.62,-69.55],[22.74,-69.7],[24.37,-69.52],[25.46,-68.9],[26.49,-68.28],[27.47,-67.65],[28.12,-67.16],[28.75,-66.67],[29.17,-66.42]]]}},{"type":"Feature","properties":{"ma":0,"type":"gpml:TopologicalNetwork","name":"Inactive_Central_Atlantic_Mesh","pid":714,"deforming":true},"geometry":{"type":"Polygon","coordinates":[[[-2.86,34.95],[-3.19,34.55],[-3.69,33.94],[-4.13,33.4],[-4.48,32.95],[-4.81,32.54],[-5.19,32.04],[-5.61,31.49],[-6.24,31.31],[-6.86,31.04],[-7.29,30.98],[-7.71,30.91],[-8.29,30.75],[-8.89,30.69],[-9.57,30.45],[-9.92,30.12],[-10.32,29.51],[-10.96,28.91],[-11.49,28.34],[-11.76,27.78],[-12.34,26.99],[-12.48,26.46],[-12.86,25.66],[-13.26,24.96],[-13.79,24.67],[-13.99,24.65],[-14.43,24.33],[-15.25,23.75],[-16.09,23.29],[-16.13,23.13],[-16.37,22.66],[-16.6,22.19],[-16.58,21.63],[-16.55,21.08],[-16.45,20.58],[-16.35,20.08],[-16.1,19.46],[-16,18.83],[-15.93,18.16],[-15.96,17.88],[-16,17.52],[-15.81,17.12],[-15.57,16.73],[-15.09,16.09],[-14.98,15.62],[-14.91,15.21],[-15.01,14.85],[-14.98,14.51],[-14.92,14.23],[-14.85,13.82],[-15.21,13.55],[-15.5,13.31],[-15.5,13.31],[-15.66,13.3],[-16.65,13.24],[-17.65,13.18],[-17.65,13.18],[-17.64,13.26],[-17.54,13.73],[-17.65,14.25],[-17.52,14.57],[-17.31,15.24],[-17.12,16.13],[-17.06,16.86],[-17.13,17.4],[-17.19,17.95],[-17.24,18.58],[-17.36,19.36],[-17.34,19.81],[-17.36,20.31],[-17.45,20.84],[-17.55,21.38],[-17.66,22.07],[-17.47,22.79],[-17.22,23.1],[-16.9,23.51],[-16.9,23.51],[-16.58,24.11],[-16.48,24.48],[-16.23,24.75],[-15.83,25.2],[-15.57,25.41],[-15.14,25.99],[-14.87,26.21],[-14.49,26.61],[-14.26,26.88],[-14.09,27.18],[-13.99,27.55],[-13.78,28.2],[-13.55,28.77],[-13.12,29.09],[-12.79,29.34],[-12.42,29.6],[-12.06,29.74],[-11.79,30.01],[-11.5,30.08],[-11.24,30.18],[-11.2,30.28],[-11.03,30.57],[-10.89,31.08],[-10.71,31.48],[-10.64,31.75],[-10.5,32.27],[-10.34,32.52],[-10.11,32.98],[-9.85,33.58],[-9.69,34.03],[-9.5,34.49],[-9.18,34.8],[-9.02,34.99],[-9.02,34.99],[-8.91,35],[-8.23,35.03],[-7.55,35.06],[-6.67,34.95],[-5.52,35],[-4.63,34.99],[-3.74,34.97],[-2.86,34.95]]]}},{"type":"Feature","properties":{"ma":0,"type":"gpml:TopologicalNetwork","name":"Inactive_Arctic_Network","pid":101,"deforming":true},"geometry":{"type":"MultiPolygon","coordinates":[[[[180,86.38],[180,85.44],[180,84.51],[180,83.57],[180,82.63],[180,81.7],[180,80.76],[180,79.82],[180,78.89],[180,77.95],[180,77.01],[180,76.07],[180,75.14],[180,74.2],[180,73.26],[177.68,73.47],[175.31,73.65],[173.48,74.4],[171.4,74.74],[169.23,75.05],[165.82,75.39],[162.27,75.68],[158.31,75.87],[154.25,76],[150.63,76.18],[146.93,76.3],[144.36,76.7],[141.64,77.07],[141.63,77.07],[141.63,77.07],[142.71,77.41],[144.5,78.28],[146.57,79.14],[148.99,79.98],[151.84,80.8],[153.32,81.48],[155.09,82.36],[157.32,83.23],[160.19,84.09],[164.03,84.93],[165.97,85.52],[168.51,86.1],[168.65,86.11],[168.65,86.11],[169.01,86.23],[170.46,86.39],[171.71,86.55],[180,87.32],[180,86.38]]],[[[-180,74.2],[-180,75.14],[-180,76.07],[-180,77.01],[-180,77.95],[-180,78.89],[-180,79.82],[-180,80.76],[-180,81.7],[-180,82.63],[-180,83.57],[-180,84.51],[-180,85.44],[-180,86.38],[-180,87.32],[-171.14,87.79],[-163.13,87.99],[-138.09,88.14],[-113.85,87.93],[-100.22,87.54],[-90.71,87.04],[-84.14,86.47],[-79.44,85.86],[-80.52,85.28],[-81.36,84.69],[-87.34,84.04],[-89.76,83.69],[-89.76,83.69],[-92.9,83.21],[-96.91,82.76],[-100.44,82.27],[-104.17,81.95],[-107.6,81.59],[-111.84,81.18],[-115.69,80.72],[-118.65,80.29],[-121.34,79.83],[-123.68,79.42],[-125.84,78.99],[-127.57,78.5],[-129.17,77.99],[-129.3,77.01],[-128.82,76.06],[-126.29,75.52],[-125.06,75.3],[-125.65,74.54],[-125.65,74.54],[-129.17,74.83],[-132.82,75.07],[-136.56,75.25],[-136.56,75.25],[-136.65,74.99],[-136.81,74.49],[-136.96,73.99],[-137.12,73.44],[-137.27,72.88],[-136.32,72.31],[-135.6,71.79],[-134.93,71.28],[-134.9,71.26],[-134.9,71.26],[-136.56,71.24],[-136.78,70.93],[-136.78,70.93],[-138.42,71.09],[-140.08,71.24],[-141.46,71.56],[-142.57,71.81],[-143.23,71.95],[-144.37,72.19],[-145.57,72.44],[-146.68,73.06],[-146.72,73.71],[-147.89,74.18],[-148.14,74.91],[-149.32,75.35],[-149.81,75.91],[-150.33,76.47],[-150.68,76.65],[-150.68,76.65],[-149.17,76.93],[-146.34,77.4],[-143.3,77.83],[-140.4,78.06],[-137.4,78.26],[-134.84,78.12],[-134.84,78.12],[-135.37,77.77],[-135.65,77.27],[-135.91,76.78],[-136.16,76.26],[-136.39,75.74],[-136.56,75.25],[-136.56,75.25],[-132.82,75.07],[-129.17,74.83],[-125.65,74.54],[-125.65,74.54],[-125.77,74.37],[-126.13,73.78],[-126.47,73.18],[-126.86,72.67],[-127.23,72.15],[-127.55,71.64],[-127.85,71.14],[-128.5,70.59],[-128.92,70.33],[-129.78,70.15],[-131.78,69.78],[-133.2,69.49],[-133.77,69.37],[-134.76,69.19],[-134.82,69.17],[-134.82,69.17],[-136.44,69.04],[-137.55,69.05],[-138.6,69.31],[-138.97,69.39],[-140.55,69.55],[-142.68,70],[-143.4,70.08],[-145.71,70.33],[-146.45,70.43],[-147.56,70.7],[-149.37,70.94],[-151.21,71.16],[-154.15,71.35],[-155.45,71.58],[-156.44,71.78],[-158.11,72.21],[-158.87,72.47],[-160.07,72.69],[-161.37,72.91],[-162.55,73.24],[-163.97,73.6],[-165.2,73.9],[-165.49,73.97],[-165.49,73.97],[-166.9,73.73],[-169.11,73.29],[-171.09,72.8],[-172.96,72.29],[-172.98,72.29],[-172.98,72.29],[-174.38,72.46],[-176.35,72.79],[-178.4,73.1],[-180,73.26],[-180,74.2]]]]}},{"type":"Feature","properties":{"ma":0,"type":"gpml:TopologicalNetwork","name":"Inactive_Mesozoic Africa Basins","pid":701,"deforming":true},"geometry":{"type":"Polygon","coordinates":[[[13,34.36],[14.11,34.11],[15.22,33.85],[16.32,33.58],[17.41,33.3],[18.49,33.01],[19.56,32.71],[20.63,32.41],[20.63,32.41],[20.29,31.85],[20.27,31.12],[20.26,30.38],[20.24,29.65],[20.64,29.1],[21.03,28.56],[21.52,28.23],[22.01,27.91],[21.96,27.18],[21.91,26.44],[21.86,25.71],[21.22,25.36],[20.59,25.01],[19.71,24.92],[18.98,24.51],[18.25,24.1],[17.18,24.05],[16.11,24],[15.05,23.78],[14.33,23.38],[13.62,22.98],[12.97,22.9],[12.32,22.82],[11.71,22.43],[11.11,22.05],[11.43,21.47],[11.74,20.9],[11.93,20.32],[12.12,19.75],[12.54,19.3],[12.48,18.4],[12.83,17.76],[13.17,17.12],[13.47,16.64],[13.77,16.17],[14.08,15.62],[14.39,15.07],[14.51,14.59],[14.62,14.1],[14.36,13.41],[13.88,12.73],[13.88,12.73],[14.16,12.3],[14.35,12.04],[15.19,11.8],[15.44,11.4],[15.41,11.15],[15.74,10.67],[16.25,10.33],[16.76,10.44],[17.23,10.21],[17.7,9.98],[18.13,9.7],[18.57,9.41],[19.09,9.57],[19.61,9.73],[20.48,10.03],[21.36,10.34],[22.17,10.43],[22.98,10.52],[23.49,10.77],[23.99,11.03],[24.85,11.23],[25.71,11.43],[26.12,11.75],[26.54,12.07],[27.28,12.01],[28.11,12.49],[28.54,12.02],[29.17,11.32],[29.57,10.87],[29.97,10.41],[30.23,9.74],[30.49,9.07],[30.76,8.41],[31.22,7.58],[31.64,7.25],[32.06,6.91],[32.62,7.17],[32.99,7.59],[32.64,8.31],[32.22,8.81],[31.79,9.31],[31.84,9.88],[31.9,10.45],[32.13,10.99],[32.36,11.52],[32.65,11.81],[33.02,11.7],[33.34,10.86],[33.66,10.03],[33.86,9.32],[34.05,8.61],[34.07,8.06],[34.1,7.5],[33.83,7.1],[33.93,6.24],[34.49,5.45],[35.1,5.45],[35.71,5.44],[35.71,5.44],[35.66,5.33],[35.61,4.63],[35.61,4.6],[35.61,4.6],[34.64,4.82],[33.67,5.03],[33,5.14],[32.34,5.25],[31.68,5.36],[30.9,5.88],[30.12,6.4],[29.9,7.29],[29.42,7.47],[28.93,7.64],[28.6,8.25],[27.86,8.79],[27.13,9.34],[26.39,9.88],[25.65,10.42],[24.78,10.42],[23.92,10.42],[23.19,10.1],[22.46,9.78],[21.74,9.45],[20.8,9.18],[19.86,8.9],[18.92,8.63],[18.27,8.45],[17.61,8.27],[16.83,7.99],[16.05,7.7],[15.52,7.3],[14.98,6.9],[14.24,6.66],[13.5,6.43],[12.8,6.32],[12.1,6.21],[11.35,5.73],[10.59,5.24],[9.83,4.76],[9.83,4.76],[9.57,5.3],[9.18,5.73],[8.79,6.16],[8.34,6.39],[7.9,6.63],[7.11,6.77],[6.81,6.81],[6.81,6.81],[6.97,6.94],[7.16,7.07],[7.16,7.07],[6.76,7.68],[6.47,8.3],[5.77,8.87],[5.18,9.2],[4.8,9.86],[4.42,10.52],[3.81,10.9],[3.21,11.21],[3.25,11.64],[3.07,12.29],[2.72,12.74],[2.48,13.33],[2.24,13.92],[1.97,14.82],[1.6,15.55],[0.86,15.74],[0.18,15.96],[-0.17,16.34],[-0.4,16.79],[-0.63,17.24],[-0.87,17.94],[-0.71,18.61],[-0.02,19.1],[0.2,18.58],[0.41,18.05],[0.99,17.24],[1.74,17.05],[2.39,17.38],[2.57,18.02],[2.74,18.66],[3.29,19.09],[3.84,19.52],[4.77,19.81],[5.7,20.1],[6.08,20.48],[6.45,20.85],[6.95,21.46],[7.64,21.16],[8.33,20.85],[8.93,20.86],[9.52,20.87],[9.75,21.37],[9.98,21.87],[10.28,22.56],[10.57,23.25],[10.68,24.2],[10.78,25.15],[10.82,26],[10.86,26.85],[10.92,27.61],[10.98,28.37],[11.36,29.08],[11.74,29.79],[12.22,30.45],[12.7,31.1],[12.54,31.91],[12.37,32.71],[12.13,33.65],[11.89,34.6],[13,34.36]]]}},{"type":"Feature","properties":{"ma":0,"type":"gpml:TopologicalNetwork","name":"Network_Boundary","pid":701,"deforming":true},"geometry":{"type":"Polygon","coordinates":[[[40.22,-3.78],[39.78,-4.56],[39.33,-5.34],[39.41,-5.73],[39.74,-6.53],[39.72,-7.33],[40.01,-7.92],[39.72,-8.67],[39.92,-9.35],[40.12,-10.02],[40.64,-10.35],[40.69,-10.91],[40.74,-11.47],[40.72,-12.22],[40.77,-12.87],[40.83,-13.51],[40.92,-14.01],[41.01,-14.5],[41.06,-15.02],[41.11,-15.54],[41.05,-15.94],[40.44,-16.59],[39.77,-17.12],[38.92,-17.47],[38.42,-17.72],[38.42,-17.72],[37.56,-18.15],[37.44,-18.64],[37.16,-18.98],[36.66,-19.45],[36.28,-20.01],[36.05,-20.47],[35.81,-20.92],[35.78,-21.45],[35.75,-21.98],[35.94,-22.94],[35.85,-23.48],[35.76,-24.02],[35.52,-24.65],[35.04,-25.16],[34.11,-25.23],[33.36,-25.38],[33.11,-26.11],[33.03,-26.68],[32.95,-27.25],[32.86,-27.82],[32.87,-28.08],[32.69,-28.43],[32.54,-28.75],[32.54,-28.75],[32.51,-28.76],[31.99,-29.3],[31.24,-29.05],[31.24,-29.05],[31.69,-28.22],[31.68,-27.55],[31.67,-26.88],[31.66,-26.22],[31.92,-25.46],[32.17,-24.71],[32.58,-23.86],[32.98,-23.02],[33.65,-22.31],[34.3,-21.6],[34.45,-20.96],[34.59,-20.31],[34.81,-19.64],[35.03,-18.96],[35.74,-18.38],[35.92,-17.71],[36.59,-16.99],[37.12,-16.65],[37.65,-16.31],[38.4,-15.77],[39.16,-15.22],[39.57,-14.57],[39.98,-13.93],[40.04,-12.95],[39.89,-12.11],[39.75,-11.26],[39.46,-10.54],[39.17,-9.82],[39.01,-9.1],[38.84,-8.37],[38.64,-7.59],[38.44,-6.82],[38.53,-6.08],[38.62,-5.35],[38.75,-4.83],[38.88,-4.31],[39.21,-3.7],[39.54,-3.1],[39.98,-2.46],[40.42,-1.82],[40.56,-1.08],[40.7,-0.35],[40.84,0.39],[41.16,1.11],[41.48,1.82],[41.79,2.54],[41.81,3.36],[41.82,4.2],[41.87,5.07],[41.92,5.95],[42.32,6.5],[42.72,7.06],[43.35,7.65],[43.98,8.25],[44.73,8.58],[45.48,8.9],[46.15,9.16],[46.82,9.42],[47.54,9.76],[48.27,10.1],[48.78,10.6],[49.29,11.1],[49.51,11.58],[49.51,11.58],[50.2,11.8],[50.89,12.03],[51.58,12.25],[52.36,12.43],[53.13,12.61],[53.9,12.79],[54.68,12.96],[54.73,12.97],[54.73,12.97],[54.39,12.36],[54.05,11.75],[53.72,11.13],[53.36,10.42],[53.01,9.7],[52.65,8.98],[52.01,8.23],[51.37,7.47],[50.86,6.88],[50.36,6.29],[49.86,5.69],[49.27,5.28],[48.68,4.88],[48.22,4.38],[47.76,3.88],[47.3,3.38],[46.77,2.92],[46.23,2.46],[45.7,2.01],[45,1.46],[44.3,0.92],[43.6,0.38],[42.95,-0.33],[42.3,-1.05],[41.73,-1.73],[41.17,-2.4],[40.66,-3],[40.16,-3.61],[40.22,-3.78]]]}},{"type":"Feature","properties":{"ma":0,"type":"gpml:TopologicalNetwork","name":"WEC","pid":601,"deforming":true},"geometry":{"type":"Polygon","coordinates":[[[119.72,50.33],[120.55,50.25],[121.67,50.14],[122.79,50.01],[124.28,49.82],[125.76,49.62],[126.61,49.49],[127.46,49.36],[128.65,49.16],[129.82,48.94],[130.69,48.78],[131.56,48.61],[132.49,48.41],[133.41,48.21],[134.48,47.97],[135.54,47.71],[136.53,47.47],[137.5,47.21],[138.48,46.94],[139.62,46.62],[140.76,46.28],[141.82,45.95],[142.87,45.61],[143.9,45.25],[144.48,45.05],[144.48,45.05],[144.4,44.35],[144.32,43.65],[144.29,42.79],[144.26,41.93],[144.23,41.07],[144.23,41.02],[144.23,41.02],[144.37,41.13],[144.37,41.13],[144.23,40.2],[144.1,39.26],[143.96,38.59],[143.83,37.92],[143.55,37.45],[143.28,36.97],[142.98,36.52],[142.69,36.07],[142.33,35.56],[141.91,35.21],[141.29,34.97],[140.68,34.79],[140.32,34.81],[140.05,34.75],[139.66,34.77],[139.18,34.89],[138.94,34.66],[138.69,34.36],[138.31,34],[138.11,33.84],[137.42,33.37],[136.84,33.08],[136.26,32.79],[135.6,32.64],[134.95,32.48],[134.11,32.02],[133.45,31.7],[132.98,31.32],[132.58,30.94],[132.18,30.56],[131.68,29.69],[131.19,28.82],[130.71,27.95],[130.24,27.29],[129.78,26.63],[129.64,26.49],[129.64,26.49],[128.75,27.07],[127.85,27.64],[126.94,28.21],[126.01,28.77],[125.08,29.33],[124.14,29.87],[123.19,30.41],[122.23,30.95],[121.26,31.47],[120.42,31.34],[119.58,31.19],[118.78,31.26],[117.98,31.33],[117.18,31.39],[116.89,30.95],[116.6,30.51],[115.89,30.78],[115.16,31.05],[114.44,31.32],[113.67,31.78],[112.89,32.23],[112.11,32.68],[111.16,33.04],[110.2,33.38],[109.03,33.55],[107.85,33.7],[106.71,33.78],[105.58,33.85],[104.92,33.98],[104.92,33.98],[105.01,34.48],[104.82,35.03],[104.62,35.58],[104.21,36.39],[104.03,37.01],[103.84,37.63],[103.81,38.48],[104.16,39.31],[104.61,39.95],[105.18,40.68],[105.82,41.44],[106.3,42.01],[107.08,42.8],[107.74,43.16],[108.41,43.51],[109.22,44.05],[110.05,44.57],[110.77,45.01],[111.51,45.45],[112.25,45.88],[113.04,46.31],[113.84,46.73],[114.66,47.15],[115.53,47.7],[116.41,48.24],[117.18,48.77],[117.97,49.28],[118.6,49.69],[119.25,50.1],[119.72,50.33]]]}},{"type":"Feature","properties":{"ma":0,"type":"gpml:TopologicalNetwork","name":"Northern_Andes","pid":201,"deforming":true},"geometry":{"type":"Polygon","coordinates":[[[-66.92,11.38],[-67.42,10.65],[-67.93,9.93],[-68.27,9.25],[-68.61,8.57],[-68.75,7.73],[-68.9,6.89],[-68.9,6.14],[-68.9,5.39],[-68.9,4.63],[-68.9,3.88],[-68.94,3.14],[-68.98,2.41],[-68.98,2.41],[-69.45,2.11],[-69.91,1.81],[-70.45,1.32],[-70.99,0.82],[-71.61,0.3],[-72.23,-0.23],[-72.97,-0.59],[-73.71,-0.95],[-74.59,-0.93],[-75.47,-0.91],[-75.68,-0.86],[-75.68,-0.86],[-76.13,-1.56],[-76.72,-2.23],[-77.15,-2.72],[-77.57,-3.2],[-78,-3.73],[-78.12,-4.67],[-78.05,-5.02],[-78.05,-5.02],[-78.74,-4.42],[-79.44,-3.82],[-80.13,-3.22],[-80.83,-2.62],[-81.52,-2.02],[-81.52,-2.02],[-81.51,-1.96],[-81.46,-1.58],[-81.42,-1.37],[-81.4,-1.13],[-81.29,-0.73],[-81.19,-0.39],[-81.07,-0.1],[-80.89,0.34],[-80.76,0.7],[-80.61,1.02],[-80.43,1.43],[-80.21,1.77],[-80,2.11],[-79.86,2.32],[-79.61,2.66],[-79.33,3.04],[-79.06,3.37],[-78.83,3.58],[-78.62,3.89],[-78.46,4.06],[-78.43,4.28],[-78.01,4.66],[-78.01,4.66],[-77.87,5.18],[-78.08,6.14],[-78.6,6.88],[-78.95,7.42],[-79.47,8.17],[-79.83,8.77],[-79.83,8.77],[-79.16,9.35],[-78.55,9.88],[-77.85,9.98],[-77.09,10.19],[-77.09,10.19],[-77,9.85],[-77,9.85],[-76.93,9.94],[-76.41,10.65],[-75.89,11.35],[-75.48,11.78],[-75.06,12.21],[-75.06,12.21],[-74.36,12.12],[-73.65,12.04],[-72.95,11.95],[-71.94,11.81],[-70.93,11.68],[-69.92,11.54],[-68.91,11.49],[-67.9,11.43],[-66.92,11.38]]]}},{"type":"Feature","properties":{"ma":0,"type":"gpml:TopologicalNetwork","name":"PNG_Mesh","pid":615,"deforming":true},"geometry":{"type":"Polygon","coordinates":[[[134.08,-4.6],[133.54,-4.38],[132.93,-4.14],[132.33,-3.9],[131.72,-3.35],[131.11,-2.8],[130.5,-2.25],[130.21,-1.84],[129.91,-1.44],[130.4,-1.17],[130.88,-0.91],[131.38,-0.73],[131.94,-0.65],[132.51,-0.57],[132.51,-0.57],[132.65,-0.55],[133,-0.62],[133,-0.62],[133.58,-0.49],[134.16,-0.35],[135.14,-0.56],[136.11,-0.77],[136.9,-0.91],[137.39,-1.06],[138.08,-1.22],[138.89,-1.45],[139.66,-1.67],[140.31,-1.86],[140.65,-1.96],[141.37,-2.41],[141.84,-2.55],[142.15,-2.68],[142.89,-3.01],[143.45,-3.25],[143.45,-3.25],[143.7,-3.38],[143.7,-3.38],[143.7,-3.38],[143.93,-3.48],[144.55,-3.88],[145.32,-4.36],[146.09,-4.84],[146.61,-5.06],[147.07,-5.51],[147.54,-5.97],[147.96,-6.26],[148.09,-6.77],[148.09,-6.77],[147.46,-6.94],[147.46,-6.94],[148.35,-7.23],[148.36,-7.23],[148.36,-7.23],[148.38,-7.3],[148.95,-7.71],[149.67,-7.74],[150.2,-7.9],[150.74,-8.05],[150.75,-8.07],[150.75,-8.07],[151.69,-8.31],[152.41,-8.39],[153,-8.64],[153.29,-9.21],[153.96,-8.88],[154.13,-8.97],[154.11,-9.25],[153.72,-9.57],[153.2,-9.62],[152.71,-9.75],[152.22,-9.89],[151.87,-9.79],[151.87,-9.79],[151.76,-10.1],[152.29,-10.21],[152.66,-10.67],[152.09,-10.83],[151.52,-10.99],[150.94,-10.83],[150.37,-10.67],[149.73,-10.45],[149.44,-10.35],[149.09,-10.22],[148.76,-10.1],[148.7,-10.12],[148.7,-10.12],[148.18,-9.71],[147.66,-9.3],[147.02,-8.64],[146.37,-7.99],[145.59,-7.74],[144.82,-7.5],[144.04,-7.25],[143.19,-6.77],[142.33,-6.29],[141.48,-5.87],[140.63,-5.44],[139.93,-5.23],[139.23,-5.02],[138.54,-4.81],[137.83,-4.81],[137.13,-4.81],[136.42,-4.81],[135.75,-4.83],[135.08,-4.85],[134.61,-4.81],[134.08,-4.6]]]}},{"type":"Feature","properties":{"ma":0,"type":"gpml:TopologicalNetwork","name":"","pid":817,"deforming":true},"geometry":{"type":"Polygon","coordinates":[[[-34,-55.29],[-34.37,-55.56],[-35.31,-55.65],[-35.78,-55.63],[-36.69,-55.25],[-37.54,-55.08],[-38.39,-54.91],[-39.1,-54.53],[-39.09,-54.38],[-39.09,-54.38],[-39.73,-54.23],[-40.38,-54.15],[-41.69,-53.95],[-41.81,-53.9],[-42.21,-53.79],[-42.94,-53.65],[-43.76,-53.48],[-44.05,-53.34],[-43.83,-53.1],[-43.23,-52.8],[-43.23,-52.8],[-42,-52.9],[-41.12,-52.99],[-40.16,-53.17],[-39.84,-53.2],[-39.84,-53.2],[-39.7,-53.31],[-38.75,-53.46],[-37.98,-53.42],[-37.17,-53.24],[-35.66,-53.51],[-34.71,-54.05],[-33.88,-54.5],[-33.74,-54.55],[-34,-55.29]]]}},{"type":"Feature","properties":{"ma":0,"type":"gpml:TopologicalNetwork","name":"Scotia_Sea_Deforming_Network","pid":812,"deforming":true},"geometry":{"type":"Polygon","coordinates":[[[-51.78,-64.34],[-52.38,-64.27],[-53.2,-64.1],[-54.46,-63.82],[-55.36,-63.61],[-55.92,-63.47],[-57.17,-63.15],[-58.39,-62.85],[-59.57,-62.54],[-60.54,-62.22],[-61.49,-61.9],[-59.8,-61.52],[-58.14,-61.12],[-56.82,-60.64],[-56.77,-60.63],[-56.77,-60.63],[-55.94,-60.93],[-55.15,-61.37],[-55.15,-61.37],[-54.59,-60.62],[-55.83,-60.4],[-55.12,-59.68],[-54.45,-58.96],[-53.1,-59.15],[-52.43,-58.32],[-51.92,-58.35],[-51.23,-57.56],[-50.19,-57.7],[-49.15,-57.83],[-49.15,-57.83],[-49.75,-58.48],[-49.88,-58.72],[-49.98,-58.89],[-50.27,-59.4],[-50.45,-59.93],[-50.65,-60.5],[-50.66,-60.52],[-50.66,-60.52],[-50.01,-60.55],[-49.1,-60.56],[-48.46,-60.56],[-48.01,-60.55],[-48.01,-60.55],[-47.93,-60.39],[-47.65,-59.85],[-47.38,-59.31],[-47.02,-58.81],[-47.02,-58.81],[-46.88,-58.77],[-46.1,-58.73],[-45.3,-58.66],[-44.72,-58.65],[-44.11,-58.63],[-43.67,-58.87],[-43.67,-58.87],[-43.67,-58.87],[-43.97,-59.27],[-44.27,-59.67],[-44.51,-59.97],[-44.69,-60.21],[-44.87,-60.39],[-44.87,-60.39],[-44.35,-60.45],[-43.27,-60.54],[-42.23,-60.82],[-42.23,-60.82],[-41.81,-60.54],[-41.55,-60.31],[-41.44,-60.22],[-41.23,-60.04],[-40.8,-59.67],[-40.67,-59.55],[-40.67,-59.55],[-40.11,-59.46],[-39.06,-59.54],[-38.51,-60],[-38.37,-60.29],[-38.36,-60.63],[-38.36,-60.63],[-37.09,-60.2],[-36.71,-60.08],[-35.88,-59.84],[-35.87,-59.83],[-35.87,-59.83],[-34.69,-59.9],[-33.41,-59.66],[-32.79,-59.69],[-32.4,-59.76],[-32.07,-59.67],[-31.14,-59.58],[-31.03,-59.75],[-31.03,-59.75],[-31.2,-59.85],[-31.49,-59.99],[-31.68,-60.13],[-31.7,-60.28],[-31.64,-60.42],[-31.1,-60.53],[-31.1,-60.53],[-30.6,-60.63],[-30.62,-60.8],[-31.44,-60.92],[-32.35,-60.81],[-32.48,-60.63],[-32.72,-60.43],[-32.72,-60.43],[-33.36,-60.4],[-33.36,-60.4],[-34.13,-60.64],[-35.54,-61.11],[-37.15,-61.54],[-38.72,-62],[-40.35,-62.44],[-41.19,-62.64],[-41.77,-62.88],[-43.19,-63.27],[-44.19,-63.46],[-44.77,-63.21],[-44.93,-63.14],[-45.11,-63.06],[-45.45,-62.91],[-46.33,-62.5],[-46.64,-62.36],[-47.13,-62.13],[-47.39,-62],[-47.59,-61.9],[-48.69,-61.34],[-48.65,-61.13],[-48.6,-61.08],[-48.53,-60.93],[-48.53,-60.93],[-49.63,-60.94],[-50,-61.06],[-50.34,-61.17],[-50.82,-61.37],[-51.72,-61.64],[-52.17,-62.01],[-52.17,-62.01],[-51.48,-62.48],[-51.16,-62.69],[-50.61,-63.04],[-50.38,-63.18],[-49.65,-63.62],[-49.29,-63.84],[-49.12,-63.93],[-48.6,-64.23],[-48.99,-64.36],[-49.6,-64.59],[-51.78,-64.34]]]}},{"type":"Feature","properties":{"ma":0,"type":"gpml:TopologicalNetwork","name":"","pid":819,"deforming":true},"geometry":{"type":"Polygon","coordinates":[[[-45.35,-52.68],[-45.19,-53.1],[-45.43,-53.29],[-45.54,-53.29],[-45.65,-53.29],[-45.9,-53.3],[-46.37,-53.31],[-46.52,-53.3],[-46.91,-53.3],[-47.41,-53.29],[-47.86,-53.13],[-48,-53.05],[-48,-53.05],[-48.53,-53.06],[-49.66,-53.07],[-49.71,-53.21],[-49.78,-53.4],[-50.13,-53.47],[-50.47,-53.53],[-50.99,-53.62],[-51.11,-53.97],[-51.38,-54.02],[-51.74,-54.08],[-52.1,-54.15],[-52.35,-54.19],[-52.76,-54.1],[-53.08,-54.03],[-53.33,-54.12],[-53.41,-54.14],[-53.56,-54.17],[-53.72,-54.2],[-53.87,-54.21],[-54.11,-54.21],[-54.26,-54.21],[-54.35,-54.21],[-54.68,-54.2],[-54.68,-54.2],[-54.62,-54.51],[-55.63,-54.76],[-56.61,-54.99],[-57.48,-54.96],[-58.06,-54.88],[-58.52,-54.81],[-59.34,-54.86],[-59.97,-54.9],[-60.36,-54.83],[-60.68,-54.78],[-61.16,-54.69],[-61.64,-54.59],[-61.8,-54.56],[-61.8,-54.56],[-62.19,-54.88],[-63.09,-55.59],[-63.54,-55.5],[-64.44,-56.25],[-65.59,-55.93],[-66.46,-56.56],[-67.37,-57.18],[-67.58,-57.5],[-67.58,-57.5],[-67.61,-57.49],[-68.25,-57.26],[-68.55,-57.17],[-68.81,-57.1],[-69.07,-57.05],[-69.34,-56.98],[-69.61,-56.91],[-70.01,-56.8],[-70.44,-56.69],[-71.04,-56.52],[-71.49,-56.4],[-71.92,-56.23],[-72.09,-56.14],[-72.27,-56.06],[-72.55,-55.93],[-72.78,-55.82],[-73.11,-55.67],[-73.45,-55.51],[-73.74,-55.36],[-74.05,-55.23],[-74.32,-55.08],[-74.49,-54.98],[-74.95,-54.73],[-75.54,-54.35],[-75.88,-54.12],[-76.18,-53.75],[-76.22,-53.69],[-76.35,-53.32],[-76.42,-52.96],[-76.47,-52.58],[-76.53,-52.25],[-76.55,-52.09],[-76.63,-51.77],[-76.72,-51.62],[-76.72,-51.62],[-75.8,-52.05],[-74.87,-52.48],[-73.92,-52.89],[-72.58,-53.36],[-71.21,-53.81],[-69.81,-54.24],[-68.3,-54.25],[-66.8,-54.24],[-65.3,-54.21],[-64.47,-54.1],[-63.64,-53.99],[-62.69,-53.7],[-61.63,-53.39],[-60.78,-53.26],[-59.8,-53.19],[-58.83,-53.2],[-57.87,-53.21],[-56.26,-52.96],[-54.67,-52.68],[-53.57,-52.56],[-52.48,-52.42],[-51.38,-52.42],[-50.27,-52.4],[-48.84,-52.36],[-47.42,-52.3],[-46.02,-52.47],[-45.61,-52.53],[-45.35,-52.68]]]}},{"type":"Feature","properties":{"ma":0,"type":"gpml:TopologicalNetwork","name":"Siberia_Eurasia_Mesh","pid":401,"deforming":true},"geometry":{"type":"Polygon","coordinates":[[[142.77,59.45],[141.38,60.07],[139.94,60.67],[139.36,61.41],[138.75,62.15],[136.98,62.71],[135.13,63.25],[133.39,63.4],[132.06,64.02],[130.67,64.64],[129.37,65.19],[128.01,65.73],[127.05,66.27],[126.05,66.81],[125.91,67.55],[125.75,68.29],[126.03,69.14],[126.32,69.98],[128.08,70.65],[129.95,71.3],[131.94,71.93],[134.37,71.86],[136.78,71.76],[139.16,71.63],[141.5,71.47],[141.5,71.47],[142.24,71.67],[144.2,71.87],[146.21,72.04],[149.08,71.79],[151.87,71.5],[154.57,71.17],[157.18,70.8],[159.69,70.39],[162.09,69.95],[162.09,69.95],[160.97,69.07],[159.93,68.18],[158.12,67.81],[156.38,67.42],[154.69,67.01],[153.06,66.59],[152.63,65.93],[152.23,65.26],[151.84,64.6],[152.41,64.14],[152.96,63.68],[153.56,63.16],[154.13,62.65],[155.17,62.47],[156.2,62.3],[157.24,62.1],[158.01,61.95],[158.69,61.82],[158.69,61.82],[159.75,61.51],[160.79,61.19],[162.45,61],[164.09,60.78],[165.07,60.98],[166.42,61.24],[168.01,61.52],[170.02,61.78],[171,61.71],[171,61.71],[171.43,61.68],[170.39,61.1],[169.39,60.52],[168.42,59.93],[167.49,59.33],[166.35,58.91],[165.23,58.48],[164.15,58.05],[164.15,58.05],[163.76,57.24],[163.38,56.68],[163,56.12],[162.65,55.41],[162.31,54.71],[161.6,54.15],[160.91,53.59],[160.24,53.03],[159.11,52.41],[158.02,51.78],[158.02,51.78],[157.42,51.38],[156.84,50.99],[156.76,51.1],[156.76,51.1],[156.39,51.75],[156.01,52.39],[155.88,52.71],[155.88,52.71],[155.04,53.13],[155.04,53.13],[155.27,52.29],[155.5,51.45],[155.67,50.48],[155.78,49.81],[155.9,49.15],[156.13,48.37],[156.13,48.37],[155.62,47.92],[155.12,47.47],[154.47,46.8],[153.51,46.16],[152.57,45.5],[151.75,45.16],[150.94,44.81],[150.24,44.42],[149.55,44.02],[148.81,43.63],[148.09,43.23],[147.05,42.66],[146.02,42.09],[145.46,41.81],[144.9,41.53],[144.23,41.02],[144.23,41.02],[144.23,41.07],[144.26,41.93],[144.29,42.79],[144.32,43.65],[144.42,44.54],[144.42,44.54],[145.13,44.65],[145.83,44.76],[146.89,45.24],[147.82,45.61],[148.76,45.97],[149.94,46.26],[150.57,46.59],[151.21,46.79],[151.74,47.15],[152.28,47.51],[152.75,47.77],[153.43,48.57],[154.14,49.38],[154.14,49.38],[153.12,49.05],[152.11,48.71],[150.87,48.22],[150.1,47.96],[149.32,47.7],[148.97,47.58],[147.64,47.48],[146.31,47.36],[145.53,47.29],[144.75,47.21],[144.75,47.21],[144.85,47.94],[144.86,48.79],[144.88,49.65],[144.9,50.5],[144.92,51.36],[144.8,52.22],[144.68,53.07],[144.55,53.93],[144.42,54.78],[144.42,54.78],[143.63,55.46],[142.82,56.13],[142.46,57.07],[142.08,58],[142.08,58],[142.26,58.07],[143.2,58.4],[144.15,58.74],[143.47,59.1],[142.77,59.45]]]}},{"type":"Feature","properties":{"ma":0,"type":"gpml:OceanicCrust","name":"Kurli_Basin_Oceanic_Crust","pid":6662,"deforming":false},"geometry":{"type":"Polygon","coordinates":[[[144.53,45.43],[144.64,46.32],[144.75,47.21],[144.75,47.21],[145.53,47.29],[146.31,47.36],[147.64,47.48],[148.97,47.58],[149.32,47.7],[150.1,47.96],[150.87,48.22],[152.11,48.71],[153.12,49.05],[154.14,49.38],[154.14,49.38],[153.43,48.57],[152.75,47.77],[152.28,47.51],[151.74,47.15],[151.21,46.79],[150.57,46.59],[149.94,46.26],[148.76,45.97],[147.82,45.61],[146.89,45.24],[145.83,44.76],[145.13,44.65],[144.42,44.54],[144.53,45.43]]]}},{"type":"Feature","properties":{"ma":0,"type":"gpml:TopologicalNetwork","name":"South_China_Sea_Deformation_Network","pid":602,"deforming":true},"geometry":{"type":"Polygon","coordinates":[[[110.73,2.98],[110.38,3.9],[110.04,4.82],[109.69,5.74],[109.69,5.74],[109.52,6.66],[109.35,7.59],[109.22,8.29],[109.3,8.89],[109.38,9.56],[109.46,10.14],[109.55,10.84],[109.62,11.44],[109.7,12.03],[109.78,12.64],[109.78,13.53],[109.79,14.43],[109.79,15.32],[109.61,16.26],[109.44,17.19],[109.44,17.19],[108.71,17.88],[107.97,18.57],[107.23,19.26],[106.74,19.75],[106.24,20.24],[105.73,20.73],[105.73,20.73],[105.81,20.76],[106.44,21.17],[106.97,21.55],[107.5,21.89],[108.36,22.2],[108.88,22.09],[109.89,21.82],[110.63,22.01],[111.33,22.25],[111.93,22.43],[112.5,22.73],[113.08,23.02],[113.75,23.11],[114.43,23.19],[115.06,23.49],[115.71,23.78],[116.25,24.08],[116.8,24.37],[117.3,24.84],[117.81,25.31],[117.81,25.31],[118.14,24.42],[118.46,23.53],[118.78,22.65],[119.09,21.76],[119.32,21.06],[119.54,20.36],[119.77,19.67],[119.33,19.16],[118.67,19.09],[118.02,19.02],[117.22,18.64],[117.08,18.47],[116.93,18.34],[116.76,18.28],[116.42,18.21],[115.94,18.2],[115.42,18.39],[114.9,18.57],[114.74,18.55],[114.24,18.36],[113.94,17.8],[113.65,17.25],[113.72,16.92],[113.92,16.72],[114.23,16.73],[114.64,17.07],[114.86,17.26],[115.13,17.25],[115.77,17.31],[115.78,17.24],[115.66,17.02],[115.42,16.81],[115.08,16.12],[114.92,15.69],[114.3,14.95],[113.81,14.64],[113.7,14.56],[113.68,14.3],[113.13,13.62],[113.16,13.26],[112.47,12.68],[111.67,12.36],[111.27,12.2],[111.27,12.2],[111.32,11.44],[111.38,10.67],[111.73,10.36],[112.57,10.76],[113.13,11.08],[113.5,11.38],[113.96,11.8],[114.53,12.01],[115.29,11.99],[115.85,12.1],[116.15,12.45],[116.28,12.82],[116.94,12.6],[117.41,12.28],[117.99,12.31],[118.56,12.34],[118.97,12.38],[118.97,12.38],[118.99,12.41],[119.06,12.45],[119.09,12.49],[119.16,12.5],[119.68,12.53],[119.98,12.51],[120.52,12.5],[120.52,12.5],[120.58,12.65],[120.27,13.46],[120.19,13.64],[120.35,14.62],[120.51,15.6],[120.67,16.58],[120.84,17.56],[121,18.54],[121.17,19.53],[121.34,20.51],[121.51,21.49],[121.69,22.47],[121.87,23.45],[122.05,24.43],[122.23,25.41],[122.41,26.39],[122.01,25.73],[121.61,25.07],[121.21,24.41],[121.01,23.52],[120.82,22.62],[120.62,21.73],[120.43,20.84],[120.4,20.12],[120.38,19.41],[120.36,18.7],[119.92,17.99],[119.49,17.28],[119.51,16.55],[119.52,15.83],[119.54,15.1],[119.72,14.5],[119.9,13.91],[120.34,13.56],[120.78,13.21],[121.35,12.88],[121.55,12.29],[121.55,12.29],[121.25,11.86],[120.79,11.4],[120.34,10.95],[119.83,10.31],[119.82,10.23],[119.45,10.14],[118.77,9.64],[118.09,9.14],[117.42,8.64],[117.42,8.64],[116.97,9.24],[116.97,9.24],[116.8,8.6],[116.63,7.95],[116.45,7.3],[116.05,6.57],[115.64,5.85],[115.24,5.12],[114.82,4.49],[114.41,3.86],[113.99,3.24],[113.58,2.61],[112.71,2.17],[111.9,2.52],[111.08,2.87],[110.88,2.93],[110.88,2.93],[110.88,2.93],[110.88,2.93],[110.73,2.98]]]}},{"type":"Feature","properties":{"ma":0,"type":"gpml:TopologicalNetwork","name":"Northen_NZ_Deformation_Network","pid":833,"deforming":true},"geometry":{"type":"Polygon","coordinates":[[[167.2,-44.12],[167.65,-43.18],[168.19,-42.75],[168.72,-42.33],[169.53,-41.68],[170.22,-41.32],[170.93,-40.52],[171.02,-39.96],[171.11,-39.41],[171.55,-39.01],[171.99,-38.61],[172.78,-38.06],[173.4,-37.43],[172.81,-36.88],[172.54,-36.32],[172.35,-35.9],[172.15,-35.49],[171.89,-34.91],[171.67,-34.43],[171.51,-34.06],[171.54,-33.83],[171.57,-33.51],[171.59,-33.49],[171.59,-33.49],[172.35,-33.58],[173.47,-33.89],[174.27,-34.16],[174.99,-34.48],[175.57,-34.99],[175.85,-35.45],[176.12,-35.78],[176.12,-35.78],[176.37,-35.81],[177.03,-35.68],[178.1,-35.5],[178.21,-35.53],[178.21,-35.53],[178.06,-35.85],[177.56,-36.71],[177.12,-37.32],[176.81,-37.87],[176.59,-38.3],[176.39,-38.69],[176.21,-39.09],[176.05,-39.45],[175.77,-39.85],[175.48,-40.24],[174.97,-40.7],[174.58,-40.99],[174.28,-41.23],[173.77,-41.42],[173.31,-41.6],[172.96,-41.75],[172.53,-41.93],[172.31,-42.13],[172.07,-42.34],[171.76,-42.52],[171.23,-42.81],[171.14,-42.91],[171.14,-42.91],[171.01,-42.98],[170.73,-43.1],[170.65,-43.14],[170.57,-43.17],[170.42,-43.24],[170.25,-43.32],[170.11,-43.38],[170,-43.44],[169.82,-43.53],[169.67,-43.61],[169.41,-43.73],[169.18,-43.86],[168.97,-43.98],[168.92,-44.02],[168.77,-44.1],[168.6,-44.19],[168.49,-44.25],[168.42,-44.29],[168.34,-44.33],[168.25,-44.38],[168.12,-44.45],[168.06,-44.48],[168.02,-44.5],[167.93,-44.55],[167.89,-44.57],[167.89,-44.57],[167.56,-44.33],[167.2,-44.12]]]}},{"type":"Feature","properties":{"ma":0,"type":"gpml:TopologicalNetwork","name":"Campbell_Deforming_Network","pid":901,"deforming":true},"geometry":{"type":"MultiPolygon","coordinates":[[[[180,-41.72],[180,-42.55],[180,-43.37],[179.88,-43.51],[179.17,-43.99],[178.44,-44.47],[177.61,-44.93],[176.76,-45.39],[176.01,-45.79],[175.24,-46.18],[174.51,-46.62],[173.77,-47.06],[173.01,-47.52],[172.23,-47.97],[171.47,-48.46],[170.69,-48.95],[169.89,-49.44],[168.72,-50.03],[167.51,-50.62],[166.89,-51.09],[166.44,-51.43],[165.82,-51.88],[165.66,-51.99],[165.66,-51.99],[165.66,-51.95],[165.67,-51.88],[165.68,-51.75],[165.69,-51.48],[165.71,-51.3],[165.73,-51.04],[165.74,-50.82],[165.82,-50.43],[165.89,-50.16],[165.96,-49.88],[165.96,-49.76],[165.97,-49.65],[165.97,-49.55],[165.98,-49.44],[165.99,-49.26],[166,-49],[165.5,-48.36],[165.32,-47.9],[165.21,-47.53],[165.18,-47.23],[165.19,-46.91],[165.15,-46.56],[165.15,-46.56],[165.46,-45.8],[166.31,-45.38],[167.14,-44.95],[168.1,-44.46],[168.49,-44.25],[169.01,-43.96],[169.41,-43.73],[169.8,-43.54],[169.84,-43.52],[169.84,-43.52],[170.11,-43.38],[170.42,-43.24],[170.7,-43.12],[171.14,-42.91],[171.14,-42.91],[171.23,-42.81],[171.76,-42.52],[172.07,-42.34],[172.31,-42.13],[172.53,-41.93],[172.96,-41.75],[173.31,-41.6],[173.77,-41.42],[174.28,-41.23],[174.58,-40.99],[174.97,-40.7],[175.48,-40.24],[175.77,-39.85],[176.05,-39.45],[176.21,-39.09],[176.39,-38.69],[176.59,-38.3],[176.81,-37.87],[177.12,-37.32],[177.56,-36.71],[178.06,-35.85],[178.21,-35.53],[178.21,-35.53],[178.75,-35.69],[179.37,-35.88],[179.89,-36.03],[179.83,-36.56],[179.93,-36.87],[180,-37.25],[180,-37.3],[179.95,-37.69],[179.67,-38.12],[179.59,-38.23],[179.48,-38.4],[179.44,-38.45],[179.43,-38.45],[179.43,-38.45],[179.17,-39.12],[178.95,-39.68],[178.79,-40.09],[178.56,-40.42],[178.44,-40.59],[178.44,-40.59],[178.41,-40.67],[178.38,-40.81],[178.43,-40.77],[179.06,-40.83],[179.5,-40.86],[179.94,-40.89],[180,-40.9],[180,-41.72]]],[[[-180,-37.25],[-180,-37.27],[-180,-37.3],[-180,-37.25]]],[[[-180,-42.55],[-180,-41.72],[-180,-40.9],[-179.66,-40.92],[-179.22,-40.95],[-179.11,-40.96],[-178.98,-40.96],[-178.7,-40.98],[-178.5,-40.99],[-178.33,-41],[-178.33,-41],[-178.49,-41.24],[-178.76,-41.61],[-179.16,-42.39],[-179.57,-42.89],[-180,-43.37],[-180,-42.55]]]]}},{"type":"Feature","properties":{"ma":0,"type":"gpml:TopologicalNetwork","name":"SEAsiaDeformNetwork","pid":604,"deforming":true},"geometry":{"type":"Polygon","coordinates":[[[96.88,28.07],[97.17,28.54],[97.26,28.86],[97.26,28.86],[97.81,28.27],[98.36,27.68],[98.9,27.09],[99.39,26.45],[99.87,25.81],[100.34,25.17],[100.93,24.55],[101.52,23.93],[102.32,23.39],[103.13,22.84],[103.71,22.41],[104.29,21.99],[104.87,21.57],[105.46,20.99],[106.06,20.42],[106.65,19.84],[107.23,19.26],[107.97,18.57],[108.71,17.88],[109.44,17.19],[109.44,17.19],[109.61,16.26],[109.79,15.32],[109.79,14.43],[109.78,13.53],[109.78,12.64],[109.7,12.03],[109.62,11.44],[109.55,10.84],[109.46,10.14],[109.38,9.56],[109.3,8.89],[109.22,8.29],[109.35,7.59],[109.52,6.66],[109.69,5.74],[109.69,5.74],[110.04,4.82],[110.39,3.9],[110.73,2.98],[110.73,2.98],[111.05,2.87],[111.88,2.52],[112.71,2.17],[113.58,2.61],[113.99,3.24],[114.41,3.86],[114.82,4.49],[115.24,5.12],[115.64,5.85],[116.05,6.57],[116.45,7.3],[116.63,7.95],[116.8,8.6],[116.97,9.24],[116.97,9.24],[117.47,8.56],[117.97,7.89],[118.47,7.21],[118.96,6.52],[119.45,5.73],[119.45,5.73],[119.4,5.13],[118.98,4.32],[118.56,3.5],[118.93,2.76],[119.31,2.02],[119.3,1.33],[119.29,0.64],[119.6,-0.31],[119.91,-1.25],[120.21,-2.2],[120.52,-3.14],[120.58,-3.83],[120.63,-4.52],[120.69,-5.22],[120.85,-6.15],[121.01,-7.07],[121.14,-7.68],[121.27,-8.28],[121.29,-8.79],[121.31,-9.3],[121.31,-9.3],[120.47,-9.3],[119.62,-9.31],[118.77,-9.32],[117.8,-9.39],[116.83,-9.46],[115.86,-9.53],[114.89,-9.6],[114.17,-9.53],[113.46,-9.46],[113.46,-9.46],[112.96,-9.48],[112.82,-9.48],[112.41,-9.49],[111.97,-9.51],[111.66,-9.52],[111.15,-9.5],[110.75,-9.49],[110.43,-9.48],[110.19,-9.48],[109.92,-9.47],[109.59,-9.46],[108.96,-9.44],[108.04,-9.33],[107.36,-9.24],[106.83,-9.18],[105.85,-9.1],[104.87,-9.02],[104.66,-8.98],[104.66,-8.98],[104.28,-8.72],[103.52,-8.11],[102.77,-7.49],[102.77,-7.49],[102.83,-6.98],[102.96,-6.42],[103.09,-5.86],[103.09,-5.26],[103.1,-4.65],[102.78,-4.02],[102.46,-3.38],[101.85,-2.6],[101.24,-1.81],[100.74,-1.01],[100.23,-0.21],[99.73,0.59],[99.23,1.39],[98.73,2.19],[98.43,2.89],[98.14,3.59],[97.94,4.07],[97.74,4.55],[97.74,4.55],[97.39,4.84],[97.12,5.8],[96.85,6.76],[96.77,7.59],[96.69,8.43],[96.61,9.27],[96.63,10.02],[96.64,10.77],[96.66,11.53],[96.91,12.38],[97.16,13.24],[97.37,13.61],[97.37,13.61],[97.24,14.48],[97.11,15.34],[96.97,16.2],[96.84,17.06],[96.63,18.04],[96.41,19.02],[96.19,20],[96.16,20.8],[96.12,21.6],[96.09,22.4],[96.29,23.3],[96.49,24.21],[96.7,25.12],[96.91,26.02],[96.75,26.81],[96.59,27.61],[96.88,28.07]]]}},{"type":"Feature","properties":{"ma":0,"type":"gpml:TopologicalNetwork","name":"Deforming western interior NAM","pid":101,"deforming":true},"geometry":{"type":"Polygon","coordinates":[[[-93.78,15.23],[-94.67,15.15],[-95.55,15.06],[-96.47,15.27],[-97.4,15.48],[-98.3,15.74],[-99.2,16],[-99.2,16],[-99.4,16.1],[-99.9,16.3],[-100.7,16.6],[-101.4,16.9],[-102.1,17.2],[-102.9,17.6],[-103.6,18],[-104.3,18.4],[-104.8,18.9],[-105.2,19.2],[-105.6,19.6],[-105.7,20.2],[-105.7,20.32],[-105.7,20.32],[-106.04,20.67],[-106.15,20.79],[-106.2,20.9],[-106.22,20.95],[-106.23,21.07],[-106.29,21.14],[-106.35,21.19],[-106.43,21.26],[-106.52,21.32],[-106.61,21.39],[-106.64,21.41],[-106.82,21.43],[-106.89,21.44],[-106.97,21.42],[-107.01,21.43],[-107.1,21.48],[-107.17,21.57],[-107.19,21.65],[-107.14,21.79],[-107.07,21.88],[-107.04,21.93],[-107.02,22.02],[-107.07,22.09],[-107.13,22.14],[-107.2,22.18],[-107.26,22.19],[-107.33,22.21],[-107.43,22.26],[-107.47,22.28],[-107.48,22.31],[-107.45,22.36],[-107.4,22.43],[-107.39,22.46],[-107.4,22.51],[-107.43,22.56],[-107.45,22.58],[-107.66,22.74],[-107.83,22.85],[-107.78,22.94],[-107.76,23.07],[-107.74,23.18],[-107.75,23.25],[-107.77,23.32],[-107.82,23.33],[-107.9,23.34],[-107.94,23.35],[-108.09,23.47],[-108.23,23.58],[-108.32,23.65],[-108.44,23.77],[-108.54,23.86],[-108.65,23.96],[-108.69,23.98],[-108.74,24.01],[-108.82,24.06],[-108.87,24.1],[-108.88,24.15],[-108.89,24.2],[-108.94,24.25],[-109.03,24.33],[-109.1,24.4],[-109.13,24.45],[-109.11,24.49],[-109.02,24.55],[-109.01,24.58],[-109.02,24.61],[-109.08,24.67],[-109.26,24.8],[-109.39,24.9],[-109.43,24.96],[-109.51,25.01],[-109.5,25.09],[-109.48,25.21],[-109.46,25.25],[-109.47,25.31],[-109.47,25.35],[-109.54,25.41],[-109.69,25.51],[-109.78,25.56],[-109.86,25.62],[-110.07,25.76],[-110.27,25.89],[-110.34,25.95],[-110.35,26.02],[-110.4,26.07],[-110.44,26.11],[-110.4,26.16],[-110.42,26.2],[-110.54,26.3],[-110.68,26.4],[-110.81,26.48],[-110.89,26.54],[-110.93,26.57],[-110.94,26.62],[-110.89,26.78],[-110.85,26.92],[-110.83,27.02],[-110.82,27.12],[-110.82,27.17],[-110.85,27.21],[-110.93,27.28],[-111.06,27.36],[-111.18,27.42],[-111.24,27.46],[-111.32,27.51],[-111.32,27.51],[-111.34,27.54],[-111.58,27.71],[-111.85,27.91],[-112.04,28.15],[-112.28,28.42],[-112.51,28.66],[-112.71,28.82],[-112.95,28.96],[-113.11,29.13],[-113.11,29.4],[-113.24,29.81],[-113.44,30.14],[-113.85,30.48],[-114.14,30.75],[-114.36,30.9],[-114.36,30.9],[-114.68,31.06],[-115.3,31.6],[-115.71,32.11],[-116.17,32.44],[-116.67,32.8],[-117.17,33.15],[-118.02,33.77],[-118.65,34.32],[-119.2,34.79],[-119.71,35.17],[-120.41,35.87],[-121.04,36.47],[-121.7,37],[-122.3,37.5],[-122.75,38],[-123.2,38.5],[-123.7,39],[-123.9,39.5],[-124,40],[-124.08,40.31],[-124.08,40.31],[-125.08,40.34],[-125.08,40.34],[-125.25,41.03],[-125.17,41.35],[-125.17,41.35],[-125.18,41.38],[-125.31,41.65],[-125.28,41.82],[-125.31,41.99],[-125.33,42.14],[-125.29,42.28],[-125.21,42.36],[-125.2,42.49],[-125.27,42.56],[-125.29,42.86],[-125.29,43.05],[-125.34,43.14],[-125.39,43.27],[-125.47,43.43],[-125.48,43.74],[-125.45,43.93],[-125.43,44],[-125.36,44.07],[-125.37,44.32],[-125.37,44.52],[-125.38,44.67],[-125.43,44.73],[-125.44,44.88],[-125.44,45.1],[-125.52,45.47],[-125.66,45.95],[-125.77,46.3],[-125.88,46.64],[-126,46.97],[-126.08,47.35],[-126.37,47.75],[-126.49,48],[-126.73,48.29],[-127.02,48.56],[-127.38,48.75],[-127.61,48.88],[-127.82,49.08],[-127.85,49.49],[-128.03,49.78],[-128.28,49.88],[-128.41,50.09],[-128.72,50.31],[-129.01,50.48],[-129.46,50.65],[-129.74,50.84],[-129.98,51.1],[-130.21,51.28],[-130.38,51.34],[-130.38,51.34],[-130.35,51.52],[-130.26,51.8],[-130.24,52.15],[-130.22,52.69],[-130.26,53.3],[-130.39,53.89],[-130.43,54.34],[-130.43,54.34],[-129.51,53.53],[-128.63,52.71],[-127.71,52.18],[-126.82,51.64],[-125.9,51.07],[-125,50.49],[-123.73,49.98],[-122.48,49.45],[-121.26,48.92],[-120.52,48.75],[-119.78,48.58],[-118.45,48.37],[-117.21,48.32],[-116.57,48.17],[-116.23,47.69],[-116.14,47.07],[-115.82,46.18],[-115.8,45.45],[-115.96,44.9],[-116.12,44.35],[-115.91,43.61],[-115.13,43.45],[-114.23,43.38],[-113.41,43.67],[-112.95,43.83],[-112.61,44.07],[-112.16,44.39],[-111.51,44.54],[-110.9,44.22],[-110.62,43.8],[-110.5,43.32],[-110.36,42.77],[-110.38,42.76],[-110.38,42.74],[-110.39,42.68],[-110.39,42.66],[-110.39,42.63],[-110.39,42.59],[-110.39,42.56],[-110.38,42.56],[-110.31,42.52],[-110.28,42.46],[-110.25,42.38],[-110.25,42.33],[-110.25,42.29],[-110.24,42.22],[-110.24,42.16],[-110.25,42.11],[-110.27,42.03],[-110.29,41.99],[-110.3,41.96],[-110.31,41.89],[-110.3,41.83],[-110.3,41.8],[-110.27,41.64],[-110.27,41.63],[-110.27,41.58],[-110.31,41.5],[-110.41,41.3],[-110.47,41.21],[-110.46,41.19],[-110.42,41.18],[-110.31,41.16],[-110.29,41.17],[-110.28,41.14],[-110.26,41.12],[-110.23,41.08],[-110.2,41.08],[-110.17,41.08],[-110.11,41.03],[-110.11,41.03],[-110.06,41.03],[-110,41.04],[-109.98,41.03],[-109.94,41],[-109.93,41],[-109.85,41.02],[-109.82,41.03],[-109.77,41.02],[-109.72,41.01],[-109.69,41],[-109.67,41],[-109.59,41.01],[-109.4,41.05],[-109.22,41.05],[-109,41.04],[-108.87,41.03],[-108.84,41.02],[-108.75,40.99],[-108.62,40.95],[-108.51,40.89],[-108.44,40.84],[-108.4,40.77],[-108.38,40.72],[-108.38,40.71],[-108.38,40.68],[-108.4,40.69],[-108.44,40.71],[-108.44,40.69],[-108.45,40.65],[-108.24,40.59],[-108.17,40.57],[-108.09,40.58],[-107.99,40.59],[-107.9,40.59],[-107.82,40.58],[-107.77,40.58],[-107.72,40.58],[-107.69,40.57],[-107.67,40.56],[-107.67,40.55],[-107.67,40.55],[-106.91,40.6],[-106.92,40.62],[-106.94,40.64],[-106.95,40.66],[-106.96,40.7],[-106.95,40.73],[-106.94,40.78],[-106.94,40.83],[-106.95,40.89],[-106.99,40.91],[-107.01,40.93],[-107.02,40.96],[-107.04,40.99],[-107.04,41.01],[-107.04,41.02],[-107.05,41.02],[-107.06,41.03],[-107.07,41.06],[-107.09,41.09],[-107.11,41.11],[-107.16,41.15],[-107.16,41.15],[-107.12,41.17],[-107.03,41.16],[-106.94,41.17],[-106.86,41.15],[-106.81,41.14],[-106.8,41.14],[-106.79,41.14],[-106.72,41.14],[-106.66,41.14],[-106.66,41.14],[-106.64,41.14],[-106.61,41.15],[-106.61,41.15],[-106.58,41.16],[-106.52,41.19],[-106.51,41.2],[-106.51,41.2],[-106.43,41.23],[-106.28,41.37],[-106.28,41.37],[-106.27,41.37],[-106.27,41.36],[-106.25,41.36],[-106.22,41.37],[-106.2,41.4],[-106.19,41.42],[-106.14,41.44],[-106.11,41.44],[-106.05,41.43],[-106.03,41.41],[-106.02,41.39],[-106.02,41.39],[-106.02,41.38],[-106.02,41.37],[-106.02,41.36],[-106.02,41.36],[-106.02,41.33],[-106.02,41.3],[-106.01,41.28],[-106,41.27],[-106,41.25],[-106.01,41.23],[-106.03,41.23],[-106.05,41.23],[-106.03,41.2],[-106,41.19],[-105.98,41.18],[-105.96,41.17],[-105.94,41.16],[-105.91,41.15],[-105.88,41.15],[-105.85,41.16],[-105.82,41.17],[-105.78,41.19],[-105.75,41.21],[-105.73,41.22],[-105.71,41.24],[-105.68,41.25],[-105.64,41.28],[-105.62,41.3],[-105.6,41.32],[-105.59,41.35],[-105.58,41.38],[-105.58,41.41],[-105.61,41.42],[-105.63,41.43],[-105.61,41.53],[-105.61,41.59],[-105.62,41.7],[-105.61,41.74],[-105.63,41.78],[-105.63,41.82],[-105.66,41.86],[-105.72,41.89],[-105.77,41.9],[-105.86,41.92],[-105.92,41.93],[-105.96,41.95],[-105.83,42.02],[-105.83,42.06],[-105.85,42.11],[-105.86,42.14],[-105.9,42.15],[-105.93,42.19],[-105.97,42.24],[-106.03,42.28],[-106.03,42.31],[-106,42.33],[-106.01,42.35],[-106.04,42.37],[-106.04,42.41],[-106.02,42.47],[-106.01,42.48],[-106,42.49],[-106.01,42.49],[-106.05,42.53],[-106.09,42.56],[-106.11,42.58],[-106.16,42.57],[-106.2,42.58],[-106.23,42.61],[-106.26,42.62],[-106.22,42.62],[-106.18,42.62],[-106.12,42.64],[-106.02,42.67],[-105.89,42.69],[-105.81,42.72],[-105.8,42.73],[-105.79,42.73],[-105.75,42.75],[-105.7,42.76],[-105.65,42.76],[-105.63,42.77],[-105.63,42.79],[-105.63,42.8],[-105.63,42.8],[-105.58,42.8],[-105.44,42.8],[-105.44,42.8],[-105.37,42.79],[-105.37,42.77],[-105.36,42.77],[-105.34,42.75],[-105.29,42.72],[-105.33,42.61],[-105.34,42.6],[-105.28,42.58],[-105.24,42.54],[-105.23,42.5],[-105.22,42.47],[-105.24,42.44],[-105.22,42.43],[-105.2,42.42],[-105.19,42.41],[-105.17,42.39],[-105.14,42.34],[-105.14,42.32],[-105.14,42.32],[-105.11,42.26],[-105.12,42.22],[-105.14,42.19],[-105.15,42.15],[-105.16,42.1],[-105.11,42.1],[-105.04,42.06],[-105.04,41.99],[-105.1,41.93],[-105.15,41.92],[-105.19,41.85],[-105.2,41.85],[-105.17,41.83],[-105.16,41.78],[-105.2,41.73],[-105.28,41.61],[-105.26,41.57],[-105.25,41.56],[-105.25,41.56],[-105.22,41.47],[-105.2,41.44],[-105.17,41.37],[-105.15,41.28],[-105.13,41.23],[-105.13,41.21],[-105.13,41.17],[-105.14,41.17],[-105.16,41.12],[-105.15,41.09],[-105.16,41.06],[-105.18,41.04],[-105.19,41.04],[-105.19,41.03],[-105.2,41],[-105.21,40.95],[-105.22,40.92],[-105.24,40.9],[-105.27,40.89],[-105.27,40.88],[-105.26,40.88],[-105.26,40.87],[-105.25,40.82],[-105.25,40.74],[-105.23,40.68],[-105.21,40.64],[-105.19,40.61],[-105.2,40.58],[-105.19,40.53],[-105.19,40.51],[-105.18,40.5],[-105.2,40.49],[-105.23,40.5],[-105.23,40.48],[-105.22,40.46],[-105.24,40.43],[-105.27,40.4],[-105.28,40.36],[-105.29,40.36],[-105.29,40.35],[-105.29,40.34],[-105.3,40.31],[-105.31,40.29],[-105.32,40.28],[-105.32,40.26],[-105.32,40.25],[-105.33,40.23],[-105.35,40.22],[-105.36,40.19],[-105.35,40.15],[-105.35,40.14],[-105.35,40.13],[-105.34,40.05],[-105.31,39.96],[-105.3,39.94],[-105.3,39.93],[-105.29,39.93],[-105.28,39.92],[-105.26,39.89],[-105.24,39.87],[-105.22,39.83],[-105.18,39.74],[-105.14,39.64],[-105.11,39.56],[-105.07,39.49],[-105.05,39.41],[-105.05,39.41],[-105.04,39.41],[-105.03,39.36],[-104.98,39.3],[-104.91,39.22],[-104.9,39.21],[-104.9,39.13],[-104.9,39.07],[-104.88,38.93],[-104.86,38.78],[-104.87,38.78],[-104.85,38.69],[-104.95,38.65],[-105.02,38.63],[-105.09,38.58],[-105.13,38.54],[-105.16,38.53],[-105.18,38.54],[-105.2,38.56],[-105.23,38.6],[-105.25,38.61],[-105.27,38.61],[-105.29,38.59],[-105.31,38.56],[-105.31,38.5],[-105.32,38.46],[-105.3,38.43],[-105.26,38.4],[-105.24,38.38],[-105.21,38.33],[-105.16,38.27],[-105.1,38.19],[-105.09,38.15],[-105.07,38.12],[-105.03,38.12],[-105.02,38.12],[-105.01,38.1],[-105.02,38.09],[-105.03,38.07],[-104.97,38.05],[-104.94,38.01],[-104.91,37.98],[-104.94,37.98],[-104.98,37.98],[-104.99,37.97],[-104.98,37.95],[-104.97,37.93],[-104.97,37.93],[-104.97,37.93],[-104.97,37.89],[-104.98,37.86],[-104.99,37.82],[-105,37.8],[-105.01,37.79],[-105.02,37.79],[-105.04,37.79],[-105.06,37.8],[-105.07,37.8],[-105.06,37.78],[-105.03,37.74],[-105,37.73],[-104.99,37.73],[-104.97,37.73],[-104.95,37.73],[-104.95,37.75],[-104.94,37.76],[-104.92,37.77],[-104.9,37.78],[-104.88,37.78],[-104.85,37.78],[-104.8,37.76],[-104.76,37.73],[-104.71,37.7],[-104.69,37.67],[-104.66,37.63],[-104.64,37.63],[-104.6,37.61],[-104.57,37.55],[-104.52,37.5],[-104.49,37.44],[-104.47,37.39],[-104.42,37.35],[-104.35,37.29],[-104.3,37.26],[-104.24,37.2],[-104.21,37.15],[-104.17,37.08],[-104.13,37.05],[-104.07,37.02],[-104.01,37],[-104.03,36.99],[-104.04,36.99],[-104.05,36.98],[-104.05,36.97],[-104.04,36.97],[-104.05,36.96],[-104.06,36.94],[-104.06,36.92],[-104.04,36.9],[-104.04,36.89],[-104.04,36.88],[-104.05,36.88],[-104.07,36.86],[-104.06,36.86],[-104.07,36.86],[-104.08,36.85],[-104.11,36.86],[-104.14,36.86],[-104.19,36.87],[-104.24,36.89],[-104.3,36.88],[-104.34,36.87],[-104.39,36.88],[-104.42,36.88],[-104.44,36.89],[-104.46,36.91],[-104.48,36.9],[-104.49,36.89],[-104.5,36.86],[-104.51,36.85],[-104.54,36.83],[-104.56,36.81],[-104.57,36.79],[-104.59,36.79],[-104.62,36.79],[-104.63,36.77],[-104.65,36.75],[-104.66,36.73],[-104.67,36.73],[-104.7,36.72],[-104.74,36.71],[-104.76,36.71],[-104.77,36.72],[-104.78,36.7],[-104.79,36.67],[-104.8,36.64],[-104.81,36.63],[-104.85,36.62],[-104.87,36.61],[-104.87,36.6],[-104.89,36.58],[-104.9,36.59],[-104.93,36.59],[-104.95,36.58],[-104.94,36.54],[-104.94,36.52],[-104.97,36.5],[-104.99,36.49],[-104.98,36.46],[-105.01,36.44],[-105.04,36.42],[-105.05,36.4],[-105.05,36.37],[-105.06,36.39],[-105.09,36.43],[-105.09,36.45],[-105.08,36.48],[-105.11,36.48],[-105.14,36.5],[-105.18,36.51],[-105.19,36.51],[-105.19,36.51],[-105.19,36.5],[-105.22,36.5],[-105.25,36.5],[-105.27,36.48],[-105.29,36.47],[-105.3,36.47],[-105.3,36.47],[-105.3,36.48],[-105.32,36.5],[-105.35,36.51],[-105.38,36.51],[-105.38,36.52],[-105.41,36.52],[-105.44,36.52],[-105.46,36.52],[-105.49,36.52],[-105.51,36.5],[-105.53,36.48],[-105.55,36.48],[-105.56,36.51],[-105.58,36.54],[-105.59,36.54],[-105.6,36.55],[-105.6,36.56],[-105.6,36.55],[-105.61,36.53],[-105.63,36.42],[-105.64,36.33],[-105.65,36.28],[-105.64,36.24],[-105.65,36.18],[-105.66,36.12],[-105.66,36.07],[-105.64,36.07],[-105.64,36.05],[-105.65,36.02],[-105.64,36],[-105.66,35.98],[-105.67,35.96],[-105.69,35.94],[-105.72,35.92],[-105.75,35.83],[-105.79,35.72],[-105.79,35.72],[-105.79,35.71],[-105.8,35.67],[-105.8,35.63],[-105.8,35.63],[-105.8,35.62],[-105.81,35.57],[-105.89,35.5],[-106.03,35.41],[-106.17,35.34],[-106.27,35.26],[-106.35,35.16],[-106.42,35.1],[-106.46,35.06],[-106.47,35.05],[-106.45,34.95],[-106.44,34.87],[-106.45,34.81],[-106.46,34.78],[-106.45,34.76],[-106.45,34.74],[-106.42,34.72],[-106.46,34.66],[-106.48,34.61],[-106.5,34.57],[-106.52,34.52],[-106.55,34.45],[-106.58,34.37],[-106.59,34.36],[-106.62,34.36],[-106.63,34.35],[-106.65,34.35],[-106.66,34.34],[-106.68,34.32],[-106.68,34.32],[-106.68,34.31],[-106.69,34.3],[-106.7,34.29],[-106.7,34.29],[-106.74,34.26],[-106.78,34.22],[-106.8,34.18],[-106.82,34.14],[-106.82,34.14],[-106.81,34.13],[-106.81,34.09],[-106.79,34.05],[-106.78,34.04],[-106.78,34.02],[-106.79,33.98],[-106.79,33.93],[-106.78,33.87],[-106.76,33.85],[-106.75,33.84],[-106.72,33.83],[-106.7,33.82],[-106.7,33.83],[-106.71,33.87],[-106.71,33.9],[-106.71,33.98],[-106.67,33.98],[-106.65,33.99],[-106.63,33.99],[-106.61,33.97],[-106.59,33.95],[-106.57,33.94],[-106.55,33.92],[-106.54,33.93],[-106.54,33.94],[-106.54,33.96],[-106.56,33.98],[-106.57,34.01],[-106.57,34.03],[-106.55,34.06],[-106.54,34.09],[-106.54,34.11],[-106.53,34.13],[-106.51,34.13],[-106.5,34.12],[-106.48,34.1],[-106.47,34.11],[-106.46,34.13],[-106.45,34.16],[-106.43,34.18],[-106.4,34.19],[-106.38,34.18],[-106.36,34.17],[-106.35,34.14],[-106.36,34.11],[-106.36,34.06],[-106.38,33.99],[-106.39,33.89],[-106.4,33.8],[-106.4,33.8],[-106.39,33.79],[-106.37,33.77],[-106.35,33.75],[-106.33,33.73],[-106.32,33.7],[-106.29,33.67],[-106.27,33.65],[-106.25,33.63],[-106.23,33.61],[-106.21,33.59],[-106.19,33.61],[-106.17,33.65],[-106.16,33.67],[-106.13,33.69],[-106.13,33.71],[-106.13,33.73],[-106.13,33.75],[-106.13,33.77],[-106.12,33.79],[-106.11,33.8],[-106.09,33.81],[-106.08,33.82],[-106.07,33.82],[-106.08,33.83],[-106.08,33.83],[-106.08,33.84],[-106.09,33.86],[-106.09,33.87],[-106.09,33.87],[-106.09,33.88],[-106.11,33.89],[-106.13,33.89],[-106.16,33.9],[-106.17,33.92],[-106.16,33.94],[-106.15,33.95],[-106.13,33.97],[-106.1,33.98],[-106.07,33.98],[-106.04,33.98],[-106.02,33.98],[-105.98,33.97],[-105.96,33.96],[-105.95,33.93],[-105.93,33.91],[-105.92,33.89],[-105.91,33.86],[-105.91,33.83],[-105.93,33.82],[-105.92,33.8],[-105.9,33.78],[-105.9,33.77],[-105.9,33.74],[-105.92,33.71],[-105.94,33.68],[-105.97,33.65],[-106.01,33.62],[-106.05,33.58],[-106.08,33.56],[-106.11,33.54],[-106.13,33.53],[-106.15,33.52],[-106.16,33.49],[-106.16,33.47],[-106.17,33.43],[-106.17,33.43],[-106.16,33.43],[-106.14,33.42],[-106.12,33.39],[-106.08,33.32],[-106.03,33.22],[-106.02,33.16],[-106,33.11],[-105.97,33.07],[-105.96,33.02],[-105.95,32.98],[-105.94,32.95],[-105.93,32.91],[-105.93,32.86],[-105.93,32.81],[-105.95,32.76],[-105.94,32.72],[-105.92,32.69],[-105.89,32.68],[-105.88,32.65],[-105.88,32.61],[-105.88,32.58],[-105.88,32.55],[-105.88,32.53],[-105.89,32.5],[-105.9,32.48],[-105.92,32.45],[-105.93,32.4],[-105.93,32.39],[-105.94,32.36],[-105.97,32.33],[-105.99,32.32],[-106.03,32.29],[-106.06,32.27],[-106.09,32.23],[-106.12,32.2],[-106.14,32.16],[-106.15,32.13],[-106.16,32.12],[-106.18,32.11],[-106.21,32.08],[-106.23,32.06],[-106.25,32.02],[-106.25,31.96],[-106.24,31.91],[-106.24,31.85],[-106.23,31.81],[-106.22,31.79],[-106.21,31.76],[-106.16,31.72],[-106.1,31.67],[-106.06,31.65],[-106.04,31.61],[-106,31.58],[-105.95,31.54],[-105.92,31.5],[-105.86,31.45],[-105.76,31.37],[-105.7,31.32],[-105.66,31.28],[-105.56,31.31],[-105.49,31.31],[-105.45,31.31],[-105.42,31.28],[-105.37,31.26],[-105.32,31.23],[-105.31,31.22],[-105.26,31.19],[-105.24,31.18],[-105.2,31.13],[-105.15,31.1],[-105.09,31.06],[-105.05,31.02],[-105.02,30.98],[-105,30.91],[-105,30.91],[-105,30.91],[-104.94,30.95],[-104.93,30.96],[-104.93,30.96],[-104.94,30.99],[-104.94,31.04],[-104.9,31.1],[-104.89,31.12],[-104.86,31.17],[-104.85,31.22],[-104.85,31.22],[-104.8,31.3],[-104.88,31.31],[-104.89,31.32],[-104.95,31.31],[-104.96,31.37],[-104.99,31.53],[-105.01,31.55],[-105.05,31.58],[-105.09,31.61],[-105.13,31.63],[-105.18,31.66],[-105.21,31.67],[-105.26,31.67],[-105.28,31.72],[-105.29,31.76],[-105.29,31.84],[-105.29,31.87],[-105.21,32.04],[-105.21,32.05],[-105.2,32.15],[-105.2,32.23],[-105.19,32.28],[-105.15,32.24],[-105.13,32.16],[-105.09,32.08],[-105.07,31.96],[-105.05,31.86],[-105,31.79],[-104.96,31.71],[-104.89,31.6],[-104.83,31.53],[-104.82,31.52],[-104.81,31.51],[-104.76,31.43],[-104.73,31.38],[-104.66,31.31],[-104.65,31.28],[-104.66,31.26],[-104.59,31.26],[-104.53,31.24],[-104.47,31.23],[-104.34,31.17],[-104.26,31.13],[-104.19,31.1],[-104.07,31.04],[-104.05,31.03],[-104.05,31.02],[-104.03,31.02],[-104,31],[-103.87,30.9],[-103.85,30.88],[-103.84,30.89],[-103.81,30.92],[-103.81,30.92],[-103.81,30.94],[-103.8,30.95],[-103.79,30.97],[-103.77,30.97],[-103.73,30.95],[-103.68,30.93],[-103.64,30.92],[-103.61,30.89],[-103.59,30.87],[-103.58,30.85],[-103.59,30.83],[-103.6,30.81],[-103.61,30.8],[-103.56,30.77],[-103.51,30.75],[-103.46,30.73],[-103.46,30.72],[-103.42,30.64],[-103.39,30.58],[-103.37,30.53],[-103.33,30.47],[-103.26,30.51],[-103.14,30.54],[-103.13,30.54],[-103.1,30.55],[-103.05,30.57],[-103,30.57],[-102.94,30.57],[-102.87,30.56],[-102.79,30.52],[-102.66,30.45],[-102.59,30.42],[-102.55,30.43],[-102.52,30.43],[-102.5,30.43],[-102.47,30.44],[-102.43,30.44],[-102.41,30.45],[-102.36,30.45],[-102.32,30.45],[-102.19,30.38],[-101.9,29.94],[-101.61,29.5],[-101.13,28.71],[-101.17,27.74],[-100.64,27.29],[-100.19,26.9],[-99.74,26.5],[-99.6,25.77],[-99.89,25.44],[-99.63,24.98],[-99.38,24.52],[-99.17,23.78],[-98.96,23.05],[-98.75,22.31],[-98.31,21.47],[-97.87,20.64],[-97.19,20.06],[-96.52,19.49],[-96.63,19.26],[-96.55,18.8],[-96.3,18.42],[-95.79,17.83],[-95.38,17.39],[-94.97,16.96],[-94.52,16.56],[-93.84,16.05],[-93.17,15.54],[-92.9,15.31],[-93.78,15.23]]]}}]}