{"type":"FeatureCollection","features":[{"type":"Feature","properties":{"ma":20,"type":"gpml:TopologicalNetwork","name":"Alpine_Deforming_Mesh_ELB","pid":301,"deforming":true},"geometry":{"type":"Polygon","coordinates":[[[2.51,41.86],[1.93,41.47],[1.36,41.08],[0.69,40.91],[0.01,40.73],[-1.05,40.7],[-1.17,40.7],[-1.17,40.7],[-1.17,40.72],[-1.17,40.72],[-2.13,40.78],[-3.09,40.84],[-4.03,40.91],[-4.98,40.97],[-5.59,41.17],[-6.21,41.38],[-6.47,41.52],[-6.47,41.52],[-5.83,41.68],[-5.19,41.84],[-4.01,41.75],[-2.83,41.64],[-2.05,41.69],[-1.27,41.72],[-0.38,41.82],[0.52,41.91],[1.24,41.99],[2.02,42.07],[2.02,42.07],[1.9,42.16],[1.8,42.32],[1.67,42.52],[1.54,42.71],[1.84,43.19],[2.14,43.66],[2.29,43.8],[2.37,43.89],[2.65,44.13],[3.08,44.5],[3.29,44.62],[3.47,44.74],[3.7,44.85],[3.86,44.92],[4.03,45.03],[5.09,45.51],[5.54,45.71],[6.46,45.98],[7.64,46.18],[8.02,46.24],[9.14,46.34],[10.06,46.44],[10.89,46.52],[11.48,46.55],[11.75,46.58],[12.28,46.59],[12.64,46.56],[13.38,46.54],[14.66,46.52],[15.5,46.49],[16.33,46.45],[17.24,46.24],[17.91,46],[18.83,45.24],[19.24,44.88],[19.1,44.46],[18.68,44.06],[18.2,43.75],[17.85,43.53],[17.85,43.53],[17.32,43.54],[16.77,43.56],[16.35,43.57],[15.83,43.58],[15.38,43.59],[14.38,43.6],[14.83,43.57],[14.79,43.15],[15,42.44],[15.34,41.82],[15.6,41.2],[15.92,40.56],[16.43,39.75],[16.43,39.75],[17.16,39.38],[17.76,38.99],[18.37,38.56],[19.07,38.22],[19.74,37.87],[20.5,37.8],[21.52,37.69],[22.46,37.62],[23.36,37.63],[24.23,37.69],[25.26,37.7],[26.31,37.75],[27.31,37.86],[28.15,37.97],[29.1,38.05],[29.96,38.08],[31.01,38.06],[31.92,38],[32.75,37.94],[33.71,37.89],[34.67,37.76],[35.61,37.56],[36.55,37.38],[37.52,37.09],[38.17,36.82],[38.17,36.82],[37.98,36.17],[37.8,35.52],[37.8,35.52],[37.05,35.64],[36.3,35.76],[35.54,35.66],[34.78,35.55],[33.72,35.27],[32.74,34.89],[32.18,34.68],[31.63,34.47],[30.9,34.19],[30.1,33.89],[29.52,33.67],[28.94,33.44],[28.94,33.44],[28.07,33.16],[27.2,32.88],[26.29,32.81],[25.38,32.72],[24.54,32.66],[23.71,32.59],[23.1,32.58],[22.53,32.59],[21.95,32.6],[21.09,32.63],[20.22,32.65],[19.14,33],[18.06,33.34],[17.49,33.77],[16.91,34.19],[16.55,34.61],[16.18,35.02],[15.94,35.58],[15.69,36.13],[15.23,37],[15.05,37.52],[14.86,38.04],[14.86,38.04],[14.59,38.47],[14.45,38.84],[13.91,39.26],[13.72,39.43],[13.12,39.68],[12.45,39.75],[11.66,40.06],[10.86,40.36],[10.45,40.74],[9.99,41.56],[9.93,42.48],[9.86,42.65],[9.32,43.11],[8.77,43.55],[8.26,43.29],[7.95,43.26],[7.54,43.21],[6.85,43.03],[6.57,42.86],[6.07,42.8],[5.55,42.86],[5.13,42.91],[4.83,43.01],[4.21,43.17],[3.94,43],[3.7,42.79],[3.57,42.62],[3.64,42.62],[3.64,42.62],[3.15,42.27],[2.58,41.89],[2.51,41.86]]]}},{"type":"Feature","properties":{"ma":20,"type":"gpml:TopologicalNetwork","name":"Alpine Mesh - East","pid":301,"deforming":true},"geometry":{"type":"Polygon","coordinates":[[[28.15,41.67],[28.87,41.6],[29.58,41.53],[30.33,41.44],[31.08,41.35],[31.75,41.27],[32.41,41.18],[33.57,40.71],[34.58,40.27],[35.58,39.83],[36.44,39.71],[37.29,39.58],[38.52,39.4],[39.74,39.22],[39.74,39.22],[39.1,38.54],[38.48,37.86],[38.32,37.34],[38.17,36.82],[38.17,36.82],[37.52,37.09],[36.55,37.38],[35.61,37.56],[34.67,37.76],[33.71,37.89],[32.75,37.94],[31.92,38],[31.01,38.06],[29.96,38.08],[29.1,38.05],[28.15,37.97],[27.31,37.86],[26.31,37.75],[25.26,37.7],[24.23,37.69],[23.36,37.63],[22.46,37.62],[21.52,37.69],[20.5,37.8],[19.74,37.87],[19.07,38.22],[18.37,38.56],[17.76,38.99],[17.16,39.38],[16.43,39.75],[16.43,39.75],[15.92,40.56],[15.6,41.2],[15.34,41.82],[15,42.44],[14.79,43.15],[14.83,43.57],[14.38,43.6],[15.38,43.59],[15.83,43.58],[16.35,43.57],[16.77,43.56],[17.32,43.54],[17.87,43.52],[17.42,43.15],[17.33,42.74],[17.61,42.52],[18.08,42.29],[18.66,42.07],[19.5,41.95],[20.59,41.91],[21.42,41.86],[22.23,41.79],[23.2,41.75],[24.4,41.78],[25.61,41.78],[26.81,41.78],[26.83,41.79],[28.15,41.67]]]}},{"type":"Feature","properties":{"ma":20,"type":"gpml:TopologicalNetwork","name":"Andes","pid":201,"deforming":true},"geometry":{"type":"Polygon","coordinates":[[[-72.64,-41],[-72.63,-40.98],[-72.55,-40.75],[-72.55,-40.75],[-72.37,-40],[-72.2,-39.25],[-72.03,-38.5],[-71.84,-37.65],[-71.66,-36.8],[-71.49,-35.96],[-71.32,-35.11],[-71.15,-34.26],[-70.99,-33.41],[-70.82,-32.56],[-70.71,-31.74],[-70.61,-30.93],[-70.5,-30.11],[-70.4,-29.3],[-70.44,-28.31],[-70.48,-27.32],[-70.52,-26.33],[-70.56,-25.34],[-70.59,-24.47],[-70.63,-23.59],[-70.86,-22.83],[-71.02,-22.32],[-71.29,-21.91],[-71.79,-21.34],[-72.38,-20.58],[-72.91,-19.97],[-73.47,-19.4],[-74.02,-18.82],[-74.56,-18.25],[-75.11,-17.64],[-75.65,-17.03],[-76.19,-16.42],[-76.65,-15.64],[-77.11,-14.86],[-77.57,-14.08],[-78.02,-13.3],[-78.47,-12.51],[-78.92,-11.73],[-79.24,-10.97],[-79.56,-10.21],[-79.88,-9.45],[-79.86,-8.67],[-79.85,-7.89],[-79.84,-7.12],[-79.82,-6.34],[-79.73,-5.77],[-79.64,-5.21],[-79.64,-5.21],[-79.59,-4.81],[-79.56,-4.53],[-79.53,-4.27],[-79.5,-4.05],[-79.5,-4.05],[-78.84,-4.62],[-78.19,-5.18],[-77.54,-5.74],[-76.88,-6.3],[-76.23,-6.87],[-75.57,-7.43],[-74.89,-7.99],[-74.2,-8.56],[-73.52,-9.13],[-72.83,-9.69],[-72.14,-10.25],[-71.45,-10.82],[-70.69,-11.37],[-69.92,-11.93],[-69.15,-12.48],[-68.38,-13.03],[-67.7,-13.54],[-67.01,-14.06],[-66.33,-14.57],[-65.63,-15.08],[-64.87,-15.54],[-64.11,-16],[-63.34,-16.45],[-62.57,-16.91],[-62,-17.46],[-61.43,-18.01],[-60.86,-18.56],[-60.28,-19.1],[-60.1,-19.75],[-59.91,-20.4],[-59.72,-21.05],[-59.88,-21.87],[-60.04,-22.69],[-60.2,-23.51],[-60.62,-24.43],[-61.05,-25.35],[-61.48,-26.27],[-61.88,-27.19],[-62.29,-28.11],[-62.71,-29.03],[-63.19,-29.86],[-63.67,-30.68],[-64.16,-31.51],[-64.53,-32.37],[-64.91,-33.24],[-65.3,-34.1],[-65.35,-34.86],[-65.4,-35.61],[-65.46,-36.36],[-66.06,-36.99],[-66.68,-37.61],[-67.3,-38.23],[-67.93,-38.84],[-68.85,-39.29],[-69.78,-39.73],[-70.72,-40.16],[-71.67,-40.58],[-72.64,-41]]]}},{"type":"Feature","properties":{"ma":20,"type":"gpml:TopologicalNetwork","name":"Eurasia Mesh","pid":101,"deforming":true},"geometry":{"type":"Polygon","coordinates":[[[118.23,88.96],[121.29,88.72],[122.52,88.55],[122.02,88.44],[122.57,88.35],[123.04,88.26],[123.38,88.19],[123.92,88.06],[130.72,87.5],[135.02,86.93],[136.55,86.02],[137.51,85.12],[138.17,84.21],[138.66,83.3],[136.58,82.39],[134.95,81.46],[133.64,80.53],[132.56,79.6],[130.56,78.68],[128.85,77.75],[129.11,77.21],[129.35,76.67],[131.98,76.1],[134.41,75.51],[133.73,74.54],[132.1,73.75],[132.1,73.75],[129.04,73.76],[125.99,73.74],[125.99,73.74],[123.36,74.22],[120.65,74.67],[117.2,75.04],[115.26,74.97],[113.24,75.16],[111.18,75.32],[109.23,75.57],[107.21,75.8],[106,76.45],[104.66,77.09],[103.2,77.72],[101.05,78.28],[98.69,78.82],[96.11,79.33],[92.71,79.99],[88.85,80.6],[84.49,81.17],[79.56,81.68],[72.8,81.82],[65.9,81.84],[65.9,81.84],[66.8,82.33],[67.82,82.82],[67.82,82.82],[69.91,82.8],[72.98,82.76],[76.87,82.68],[80.61,82.56],[84.91,82.29],[89.69,81.78],[92.09,81.41],[94.28,81.03],[98.86,80.44],[101.75,80.17],[106.45,79.79],[110.78,79.35],[113.46,79.08],[116,78.79],[116,78.79],[116.29,78.88],[117.74,79.5],[119.59,80.16],[121.7,80.81],[122.03,81.37],[122.4,81.92],[120.73,82.71],[118.66,83.48],[116.05,84.2],[112.73,84.9],[109.99,85.69],[110.77,86.31],[107.83,86.52],[102.79,86.78],[98.17,87.03],[94.75,87.1],[88.4,87.23],[81.64,87.29],[74.93,87.26],[74.82,87.26],[74.82,87.26],[79.11,87.98],[87.95,88.67],[113.02,89.27],[118.23,88.96]]]}},{"type":"Feature","properties":{"ma":20,"type":"gpml:TopologicalNetwork","name":"AFRICA_ARABIA_MESH_2","pid":701,"deforming":true},"geometry":{"type":"Polygon","coordinates":[[[36.12,7.46],[36.25,7.47],[36.51,7.5],[36.64,7.51],[36.8,7.6],[36.92,7.74],[36.92,7.74],[37.01,7.75],[37.31,7.84],[37.65,8.03],[37.95,8.19],[38.28,8.31],[38.51,8.34],[38.84,8.42],[39.38,8.48],[39.65,8.6],[39.94,8.59],[40.41,8.49],[40.74,8.47],[41.06,8.49],[41.4,8.62],[41.66,8.74],[41.66,8.74],[41.66,8.74],[41.66,8.74],[41.76,8.79],[42.01,9.06],[42.06,9.3],[42.45,9.15],[42.73,9.4],[42.98,9.43],[43.44,9.36],[44.28,9.77],[44.43,9.87],[44.59,9.94],[44.6,10.27],[44.61,10.42],[44.82,10.65],[45.36,10.82],[45.93,10.97],[45.96,10.97],[45.96,10.97],[45.98,10.87],[45.99,10.75],[45.99,10.61],[45.99,10.48],[45.99,10.35],[46.01,10.17],[46.06,9.95],[46.06,9.76],[46.05,9.57],[46.03,9.24],[46.03,9.24],[46.05,9.57],[46.06,9.76],[46.06,9.76],[46.01,9.75],[45.48,9.61],[45.24,9.32],[44.93,9.07],[44.56,8.98],[44.03,8.95],[43.81,8.7],[43.5,8.55],[42.99,8.53],[42.55,8.52],[42.33,8.51],[42.06,8.5],[41.76,8.35],[41.5,8.17],[41.28,7.9],[40.82,7.81],[40.52,7.8],[40.02,7.75],[39.83,7.64],[39.46,7.56],[39.14,7.45],[38.76,7.33],[38.52,7.26],[38.52,7.26],[38.07,7.2],[37.74,7.14],[37.39,7.11],[37.02,7.1],[36.61,6.99],[36.23,6.98],[36.01,6.87],[36.01,6.87],[36.05,7.15],[36.08,7.45],[36.12,7.46]]]}},{"type":"Feature","properties":{"ma":20,"type":"gpml:TopologicalNetwork","name":"GOA_Breakup_Mesh","pid":503,"deforming":true},"geometry":{"type":"Polygon","coordinates":[[[46.06,9.76],[46.06,9.95],[46.01,10.17],[45.99,10.35],[45.99,10.48],[45.99,10.61],[45.99,10.75],[45.98,10.87],[45.96,10.97],[45.96,10.97],[46.27,11.05],[46.29,11.07],[46.48,11.05],[46.48,11.05],[46.44,10.42],[46.4,9.79],[46.4,9.79],[46.06,9.76],[46.06,9.76]]]}},{"type":"Feature","properties":{"ma":20,"type":"gpml:TopologicalNetwork","name":"AFRICA_ARABIA_MESH_2","pid":701,"deforming":true},"geometry":{"type":"Polygon","coordinates":[[[29.99,-7.99],[29.76,-7.96],[29.76,-7.96],[29.75,-7.93],[29.68,-7.44],[30.09,-6.92],[30.57,-6.65],[30.75,-6.27],[30.91,-6.01],[31.01,-5.54],[31.08,-5.26],[31.37,-4.89],[31.63,-4.6],[31.59,-4.34],[31.62,-4.03],[31.58,-3.81],[31.55,-3.41],[31.37,-3.3],[31.47,-3.13],[31.3,-2.91],[31.14,-2.55],[31.12,-2.15],[31.25,-1.74],[31.36,-1.4],[31.46,-1.11],[31.46,-0.79],[31.5,-0.46],[31.4,-0.07],[31.58,0.08],[31.55,0.4],[31.48,0.62],[31.4,1.02],[31.32,1.06],[31.32,1.06],[31.28,1.18],[31.28,1.71],[31.32,2.41],[31.53,2.91],[31.74,3.41],[32.5,4.06],[32.95,4.3],[33.4,4.54],[33.7,5.01],[33.81,5.27],[33.99,5.47],[34.62,5.85],[35.15,6.36],[35.43,6.73],[35.35,7.5],[35.21,8.1],[35.13,8.87],[35.14,9.58],[35.15,10.1],[35.21,10.7],[35.23,11.15],[35.07,11.75],[34.91,12.23],[34.91,12.23],[34.63,12.67],[34.36,13.1],[34.12,13.91],[33.92,14.65],[33.7,15.12],[33.3,15.44],[32.84,15.54],[32.55,16.42],[32.54,17.02],[32.52,17.59],[32.43,18.06],[32.25,18.61],[32.17,18.84],[32.08,19.08],[31.71,19.11],[31.33,19.33],[30.99,19.92],[30.97,20.46],[30.96,21.01],[30.36,21.67],[30.15,22.08],[29.81,22.73],[29.52,23.2],[29.09,24.04],[28.71,24.8],[28.32,25.15],[28.28,25.27],[28.28,25.27],[28.52,25.32],[29.09,25.18],[29.49,24.89],[29.55,24.85],[29.55,24.85],[29.45,24.63],[29.7,24.03],[29.65,24.06],[29.89,23.59],[29.99,22.93],[30.54,22.43],[30.58,21.76],[31.1,21.36],[31.24,20.62],[31.53,19.96],[31.81,19.48],[32.45,19.22],[32.59,18.7],[32.92,17.81],[33.25,16.92],[33.27,16.57],[33.37,16.25],[33.5,15.97],[33.8,15.57],[34.13,15.18],[34.51,14.89],[34.76,14.53],[34.94,14.03],[35.02,13.51],[35.19,12.96],[34.97,12.37],[35.31,11.86],[35.67,11.18],[35.95,10.59],[36,10],[36.01,9.41],[36.08,8.99],[36.08,8.6],[36.01,8.22],[36.05,7.91],[36.12,7.62],[36.12,7.62],[36.08,7.47],[36.05,7.15],[36.01,6.87],[36.01,6.87],[35.96,6.84],[35.64,6.75],[35.34,6.47],[35.07,6.11],[34.78,5.87],[34.47,5.63],[34.22,5.5],[33.91,5.28],[33.91,4.97],[33.67,4.5],[33.32,4.34],[33.13,3.98],[32.95,3.66],[32.72,3.35],[32.65,3.26],[32.65,3.26],[32.6,3.25],[32.34,2.95],[31.97,2.41],[31.96,1.94],[31.77,1.67],[31.66,1.39],[31.69,0.86],[31.74,0.58],[31.74,0.21],[31.74,-0.12],[31.66,-0.44],[31.63,-0.66],[31.55,-1.13],[31.45,-1.54],[31.25,-1.95],[31.23,-2.22],[31.31,-2.47],[31.42,-2.68],[31.43,-2.79],[31.64,-3.2],[31.69,-3.69],[31.75,-4.21],[31.73,-4.65],[31.47,-4.98],[31.26,-5.21],[31.03,-5.88],[30.73,-6.65],[30.4,-6.92],[30.03,-7.23],[30.2,-7.67],[30.29,-7.96],[29.99,-7.99]]]}},{"type":"Feature","properties":{"ma":20,"type":"gpml:TopologicalNetwork","name":"EllesmereIsland_Deformation","pid":301,"deforming":true},"geometry":{"type":"Polygon","coordinates":[[[-44,84.5],[-42.66,85.17],[-40.88,85.84],[-38.81,86.49],[-35.81,87.14],[-30.25,87.95],[-17.63,88.73],[-8.76,89.04],[36.53,89.58],[112.63,89.3],[112.63,89.3],[112.61,89.28],[113.02,89.27],[113.02,89.27],[88.1,88.68],[79.24,87.99],[74.93,87.29],[74.93,87.29],[62.42,87.14],[49.33,86.86],[38.22,86.8],[24.13,87.23],[13.59,87.42],[0.81,87.37],[-5.24,86.48],[-10.15,85.62],[-14.74,84.87],[-18.97,84.37],[-22.49,83.84],[-26.28,83.12],[-22.25,83.02],[-17.32,83.01],[-12.44,82.95],[-6.58,82.7],[-4.6,82.36],[-4.31,82.37],[-5.35,82.24],[-7.62,81.87],[-10.26,81.35],[-13.56,80.76],[-13.56,80.76],[-11.1,80.44],[-8.8,80.1],[-8.98,80.13],[-7.69,79.98],[-7.69,79.98],[-7.28,80.1],[-3.97,80.65],[-0.15,81.07],[3.71,81.43],[3.71,81.43],[8.41,81.2],[12.85,80.91],[16.03,81.27],[19.47,81.6],[24.23,82.08],[27.71,82.45],[30.9,82.74],[35.88,83.3],[41.09,83.09],[46.95,82.94],[51.16,83.12],[58.79,82.87],[59.88,82.87],[61.56,82.86],[63.49,82.85],[65.69,82.83],[67.83,82.83],[67.83,82.83],[67.83,82.83],[66.8,82.33],[65.9,81.84],[65.9,81.84],[60.37,81.77],[54.12,81.69],[48.05,81.52],[43.13,81.31],[38.47,81.03],[33.89,80.83],[29.53,80.58],[25.24,80.24],[21.25,79.84],[18.13,79.51],[15.2,79.15],[12.26,78.83],[9.49,78.48],[6.51,77.86],[7.33,77.06],[8.65,76.51],[9.88,75.95],[10.7,75.3],[11.45,74.65],[12.14,74],[12.48,73.45],[12.81,72.91],[12.81,72.91],[10.07,72.68],[7.42,72.42],[4.84,72.12],[2.34,71.79],[2.34,71.79],[1.65,72.17],[1.21,73.07],[0.8,73.67],[-0.83,74.51],[-2.33,75.27],[-3.26,75.83],[-4.07,76.21],[-4.83,76.57],[-6.51,77.21],[-8.48,77.9],[-10.67,78.57],[-13.13,79.01],[-15.79,79.44],[-19.34,79.81],[-23.14,80.15],[-27.19,80.44],[-31.25,80.52],[-35.35,80.55],[-35.35,80.55],[-36.49,81.23],[-37.81,81.91],[-39.77,82.73],[-42.24,83.55],[-45.4,84.35],[-44,84.5]]]}},{"type":"Feature","properties":{"ma":20,"type":"gpml:TopologicalNetwork","name":"Zagros Deformation, Northern margin of Arabia","pid":503,"deforming":true},"geometry":{"type":"Polygon","coordinates":[[[37.21,32.92],[37.33,33.61],[37.46,34.31],[37.7,35.2],[37.7,35.2],[38.22,34.76],[38.72,34.32],[39.5,33.78],[39.5,33.78],[39.69,33.22],[40.18,32.67],[40.65,32.13],[41.12,31.58],[41.82,30.93],[42.51,30.28],[43.18,29.63],[43.97,28.96],[44.75,28.28],[45.39,27.82],[46.02,27.36],[46.64,26.89],[47.29,26.15],[47.94,25.4],[48.59,24.65],[49.3,24.11],[50,23.57],[50.71,23.03],[51.4,22.64],[52.1,22.26],[52.1,22.26],[51.59,22],[51.08,21.73],[50.37,21.43],[49.66,21.12],[49.11,20.92],[48.42,20.76],[47.36,20.74],[46.64,21.05],[45.82,21.63],[45.3,22.21],[44.83,22.75],[44.69,23.17],[44.45,23.79],[44.2,24.36],[43.88,25.06],[43.82,25.72],[43.42,26.21],[42.74,26.52],[41.93,26.56],[40.92,26.9],[40.3,27.49],[39.93,28.03],[39.56,28.56],[39.47,29.12],[39.37,29.67],[39.01,30.11],[38.65,30.55],[38.09,31.17],[37.52,31.79],[37.09,32.22],[37.21,32.92]]]}},{"type":"Feature","properties":{"ma":20,"type":"gpml:TopologicalNetwork","name":"Zagros-Himalaya","pid":301,"deforming":true},"geometry":{"type":"Polygon","coordinates":[[[37.96,36.08],[38.22,36.97],[38.48,37.86],[39.13,38.57],[39.79,39.27],[40.89,39.11],[41.97,38.95],[43.06,38.77],[44.13,38.58],[45.36,38.63],[46.58,38.66],[47.81,38.68],[49.03,38.68],[50,38.63],[50.97,38.56],[51.73,37.96],[52.48,37.35],[53.08,37.16],[53.68,36.98],[54.39,36.24],[55.1,35.5],[55.33,34.8],[55.56,34.11],[55.79,33.42],[55.94,32.91],[56.1,32.41],[56.71,32.26],[57.32,32.11],[57.89,32.38],[58.47,32.64],[59,33.07],[59.53,33.5],[59.77,34.14],[60.01,34.78],[60.25,35.41],[60.38,36.09],[60.5,36.76],[60.64,37.43],[60.74,38.1],[60.84,38.76],[60.95,39.42],[61.58,39.91],[62.23,40.4],[63.03,41.19],[63.85,41.97],[64.7,42.75],[65.87,43.14],[67.06,43.52],[68.27,43.88],[69.34,44.12],[70.41,44.35],[71.49,44.56],[72.59,44.77],[73.68,44.97],[74.97,45.08],[76.27,45.18],[77.57,45.27],[78.87,45.34],[80.18,45.4],[81.33,45.38],[82.47,45.35],[83.62,45.31],[84.76,45.25],[85.9,45.18],[87.09,45.14],[88.28,45.09],[89.47,45.02],[90.65,44.94],[91.83,44.84],[92.9,44.67],[93.96,44.49],[95.01,44.3],[96.06,44.1],[97.27,43.83],[98.47,43.53],[99.65,43.23],[100.83,42.91],[100.87,42.86],[100.87,42.86],[100.79,42.76],[100.17,41.98],[99.63,41.23],[99.21,40.58],[98.89,39.74],[98.96,38.9],[99.18,38.28],[99.4,37.67],[99.84,36.87],[100.07,36.32],[100.29,35.78],[100.22,35.25],[100.14,34.71],[99.89,34.16],[99.65,33.61],[99.13,33.03],[98.7,32.54],[98.09,31.92],[97.57,31.38],[97.31,30.5],[97.33,29.75],[97.35,29.01],[97.35,29.01],[96.78,28.49],[95.85,28.06],[94.93,27.63],[94.89,27.57],[94.89,27.57],[94.38,28.2],[93.78,28.81],[93.17,29.41],[92.55,30.01],[91.96,30.13],[91.36,30.25],[91.36,30.25],[91.35,29.36],[91.35,28.47],[91.31,27.49],[91.26,26.5],[91.22,26.05],[91.22,26.05],[90.63,26.24],[90.04,26.43],[89.75,26.52],[89.41,26.62],[89.12,26.71],[88.93,26.77],[88.61,27.06],[88.09,26.98],[87.83,26.94],[87.59,26.76],[87.41,26.62],[87.1,26.44],[86.62,26.31],[86.02,26.3],[85.69,26.31],[85.29,26.32],[84.86,26.37],[84.72,26.39],[84.39,26.43],[84.11,26.35],[83.64,26.32],[83.33,26.3],[82.88,26.15],[82.6,26.05],[82.37,26.05],[81.97,26],[81.57,25.9],[81.2,25.89],[80.87,25.91],[80.47,25.93],[80.31,25.97],[79.98,25.86],[79.61,25.83],[79.31,25.88],[78.79,26.08],[78.21,26.38],[77.63,26.62],[77.04,26.86],[76.83,26.96],[76.5,26.97],[76.17,26.97],[75.83,27.02],[75.55,27.07],[75.12,27.15],[74.93,27.17],[74.63,27.36],[74.28,27.61],[74.06,27.66],[73.8,27.69],[73.58,27.76],[73.17,28.41],[72.83,28.7],[72.54,29],[72.19,29.12],[71.99,29.21],[71.61,29.46],[71.24,29.69],[70.89,30],[70.79,30.03],[70.28,30.24],[69.92,30.38],[69.72,30.43],[69.52,30.39],[69.33,30.4],[68.93,30.42],[68.65,30.5],[68.5,30.68],[68.27,30.91],[68.19,31.12],[68.09,31.34],[68,31.44],[67.88,31.38],[67.55,31.1],[67.31,30.88],[66.96,30.72],[66.86,30.75],[66.72,30.84],[66.64,31.01],[66.48,31.09],[66.37,31.02],[66.13,30.8],[65.71,30.48],[64.67,30.11],[64.67,30.11],[64.28,29.4],[63.89,28.69],[63.51,27.98],[63.26,27.47],[63,26.95],[62.47,26.11],[61.95,25.28],[61.43,24.44],[61.43,24.44],[61.24,24.43],[60.23,24.37],[59.58,24.31],[58.94,24.24],[57.92,24.13],[57.37,24.25],[56.82,24.38],[56.2,24.52],[55.57,24.65],[54.67,25],[53.76,25.33],[52.99,25.57],[52.21,25.81],[51.39,26.16],[50.56,26.5],[49.73,26.85],[48.94,27.31],[48.15,27.78],[47.35,28.24],[46.6,28.92],[45.83,29.59],[45.06,30.26],[44.36,30.66],[43.65,31.05],[42.94,31.44],[42.04,32.03],[41.13,32.62],[40.34,33.19],[39.54,33.76],[38.72,34.32],[38.22,34.76],[37.7,35.2],[37.96,36.08]]]}},{"type":"Feature","properties":{"ma":20,"type":"gpml:TopologicalClosedPlateBoundary","name":"Antarctica","pid":802,"deforming":false},"geometry":{"type":"Polygon","coordinates":[[[180,-70],[180,-71],[180,-72],[180,-73],[180,-74],[180,-75],[180,-76],[180,-77],[180,-78],[180,-79],[180,-80],[180,-81],[180,-82],[180,-83],[180,-84],[180,-85],[180,-86],[180,-87],[180,-88],[180,-89],[180,-90],[-180,-90],[-180,-89],[-180,-88],[-180,-87],[-180,-86],[-180,-85],[-180,-84],[-180,-83],[-180,-82],[-180,-81],[-180,-80],[-180,-79],[-180,-78],[-180,-77],[-180,-76],[-180,-75],[-180,-74],[-180,-73],[-180,-72],[-180,-71],[-180,-70],[-180,-69],[-178.35,-68.46],[-176.77,-67.91],[-176.78,-67.91],[-175.75,-67.5],[-174.75,-67.08],[-172.75,-67.56],[-171.16,-66.83],[-169.66,-66.09],[-167.67,-66.5],[-166.27,-65.87],[-164.94,-65.23],[-163.67,-64.58],[-162.04,-64.96],[-160.36,-65.33],[-159.6,-64.85],[-158.87,-64.37],[-157.36,-64.72],[-157.02,-64.43],[-155.32,-64.83],[-153.57,-65.21],[-151.77,-65.56],[-150.59,-64.86],[-149.48,-64.16],[-148.42,-63.44],[-147.41,-62.72],[-148.28,-62.54],[-147.75,-62.1],[-147.23,-61.66],[-146.3,-61.88],[-145.37,-61.13],[-144.49,-60.38],[-143.65,-59.62],[-143.14,-59.72],[-142.16,-58.86],[-141.22,-57.99],[-139.72,-58.34],[-138.2,-58.67],[-136.65,-58.98],[-135.07,-59.27],[-133.46,-59.55],[-132.74,-58.64],[-132.06,-57.73],[-131.4,-56.82],[-130.78,-55.9],[-129.21,-56.23],[-127.6,-56.55],[-125.98,-56.84],[-124.32,-57.11],[-122.65,-57.36],[-120.95,-57.59],[-119.23,-57.79],[-119.11,-57.58],[-117.89,-57.75],[-116.66,-57.91],[-115.42,-58.06],[-114.93,-57.17],[-114.47,-56.28],[-112.91,-56.44],[-112.53,-55.74],[-112.17,-55.03],[-111.81,-54.32],[-113,-54.1],[-112.6,-53.38],[-112.22,-52.66],[-111.84,-51.93],[-111.48,-51.21],[-110.39,-51.35],[-109.29,-51.49],[-108.18,-51.62],[-107.75,-50.74],[-107.33,-49.86],[-106.93,-48.98],[-106.54,-48.09],[-106.16,-47.21],[-105.8,-46.33],[-105.44,-45.44],[-105.1,-44.55],[-104.77,-43.66],[-104.45,-42.78],[-104.14,-41.89],[-104.11,-41.8],[-104.11,-41.8],[-103.45,-41.93],[-103.45,-41.93],[-102.98,-41.96],[-102.97,-42.68],[-102.95,-43.39],[-101.91,-43.41],[-100.86,-43.41],[-99.82,-43.4],[-98.77,-43.39],[-98.82,-44.1],[-98.08,-44.08],[-97.35,-44.05],[-97.33,-44.78],[-97.32,-45.52],[-97.3,-46.25],[-96.17,-46.29],[-95.04,-46.31],[-93.91,-46.32],[-93.78,-47.15],[-92.79,-47.11],[-91.8,-47.06],[-90.82,-47.01],[-90.62,-47.98],[-90.42,-48.95],[-89.32,-48.84],[-88.23,-48.72],[-88.12,-49.28],[-88,-49.84],[-86.79,-49.68],[-85.59,-49.52],[-84.4,-49.34],[-83.22,-49.15],[-82.81,-49.87],[-82.39,-50.59],[-81.95,-51.32],[-81.51,-52.03],[-80.99,-52.79],[-80.45,-53.54],[-80.17,-54.02],[-79.89,-54.5],[-79.41,-55.1],[-78.65,-55.58],[-77.88,-56.04],[-76.96,-56.68],[-76.96,-56.68],[-76.99,-56.7],[-77.56,-57.21],[-76.42,-57.65],[-77.22,-58.24],[-78.04,-58.83],[-76.96,-59.39],[-75.84,-59.94],[-74.69,-60.48],[-73.5,-61.01],[-74.47,-61.54],[-73.44,-62.02],[-74.28,-62.5],[-73.28,-62.98],[-74.04,-63.33],[-73.15,-63.65],[-72.24,-63.96],[-73.29,-64.47],[-74.39,-64.97],[-75.52,-65.46],[-74.98,-65.63],[-76.19,-66.21],[-77.46,-66.77],[-76.94,-66.93],[-78.54,-67.62],[-78.54,-67.62],[-78.03,-67.44],[-76.2,-66.76],[-74.97,-66.16],[-73.48,-65.44],[-72.06,-64.66],[-70.59,-64.24],[-69.24,-64],[-67.92,-63.75],[-66.82,-63.43],[-65.6,-63.06],[-65.19,-62.97],[-65.19,-62.97],[-63.97,-63.37],[-62.75,-63.69],[-61.51,-63.99],[-60.23,-64.32],[-59.65,-64.46],[-58.73,-64.67],[-57.44,-64.95],[-56.59,-65.13],[-55.98,-65.21],[-53.73,-65.46],[-53.73,-65.46],[-53.09,-65.23],[-52.7,-65.1],[-53.22,-64.8],[-53.39,-64.71],[-53.76,-64.49],[-54.51,-64.05],[-54.74,-63.9],[-55.31,-63.55],[-55.64,-63.34],[-56.34,-62.88],[-56.34,-62.88],[-55.87,-62.5],[-54.94,-62.24],[-54.44,-62.04],[-54.09,-61.93],[-53.71,-61.81],[-52.58,-61.8],[-52.58,-61.8],[-52.65,-61.95],[-52.7,-62.01],[-52.75,-62.22],[-51.63,-62.77],[-51.41,-62.88],[-51.15,-63],[-50.65,-63.24],[-50.33,-63.38],[-49.42,-63.79],[-49.08,-63.94],[-48.89,-64.02],[-48.72,-64.09],[-48.51,-64.18],[-48.51,-64.18],[-48.26,-64.11],[-47.2,-63.7],[-47.2,-63.7],[-47.2,-63.7],[-46.43,-64.08],[-45.64,-64.45],[-45.64,-64.45],[-45.63,-64.45],[-45.11,-64.39],[-43.91,-64.17],[-43.39,-64.01],[-43.1,-64.2],[-41.86,-63.9],[-41.17,-64.1],[-39.58,-64.53],[-38.64,-63.96],[-37.82,-64.11],[-37.37,-63.74],[-36.1,-63.98],[-35.66,-63.54],[-34.59,-63.64],[-34.27,-63.36],[-33.48,-62.63],[-32.17,-62.7],[-30.23,-62.74],[-29.81,-62.23],[-29.41,-61.72],[-27.68,-61.76],[-25.94,-61.77],[-24.2,-61.77],[-22.46,-61.74],[-20.72,-61.7],[-18.66,-61.62],[-18.56,-61.03],[-17.46,-61.03],[-17.37,-60.33],[-16.69,-60.34],[-16.59,-60.03],[-15.05,-60.11],[-14.75,-59.13],[-13.77,-59.14],[-12.8,-59.14],[-12.04,-59.11],[-10.35,-59.08],[-10.4,-58.64],[-9.11,-58.61],[-7.82,-58.58],[-7.69,-57.97],[-5.9,-57.95],[-5.9,-57.22],[-4.32,-57.13],[-4.35,-56.52],[-3.19,-56.47],[-2.12,-56.31],[-2.1,-56.3],[-2.1,-56.3],[-2.11,-56.28],[-2.27,-55.9],[-2.27,-55.9],[-1.1,-55.58],[-0.37,-55.95],[0.38,-56.32],[0.78,-56.05],[1.3,-56.4],[2.41,-55.68],[3.48,-56.14],[4.28,-55.6],[5.06,-55.05],[5.82,-54.49],[7.15,-55.05],[7.94,-54.38],[8.71,-53.7],[9.95,-54.12],[10.4,-53.68],[11.34,-54.06],[11.8,-53.58],[12.99,-53.86],[14.2,-54.13],[15.66,-54.35],[17.13,-54.56],[18.61,-54.75],[20.11,-54.92],[21.63,-55.08],[22.34,-54.35],[23.18,-54.51],[24.02,-54.67],[24.23,-54.2],[25.23,-54.36],[25.55,-53.73],[25.85,-53.11],[26.79,-53.26],[27.23,-52.38],[27.66,-51.49],[28.07,-50.6],[28.47,-49.71],[28.85,-48.82],[29.79,-48.98],[30.02,-48.48],[30.25,-47.97],[31.22,-48.13],[31.53,-47.49],[31.83,-46.84],[32.94,-46.95],[33.15,-46.58],[33.94,-46.7],[34.29,-45.81],[35.09,-45.85],[35.9,-45.89],[36.14,-45.31],[36.38,-44.73],[37.27,-44.81],[37.24,-45.12],[38.43,-45.23],[38.49,-45.01],[39.02,-45],[39.17,-44.14],[39.32,-43.27],[39.47,-42.41],[40.61,-42.04],[41.74,-41.66],[42.86,-41.26],[43.04,-40.53],[43.98,-40.45],[44.2,-39.61],[45.41,-39.33],[46.62,-39.03],[47.81,-38.72],[48.99,-38.4],[49.1,-37.86],[50.21,-37.7],[50.27,-37.18],[50.33,-36.66],[51.22,-36.09],[52.09,-35.52],[52.96,-34.95],[53.42,-34.68],[53.41,-34.49],[53.59,-34.47],[53.57,-34.36],[53.89,-34.3],[53.97,-33.37],[54.32,-33.32],[54.31,-32.95],[55.08,-32.51],[55.84,-32.07],[56.59,-31.62],[57.34,-31.17],[57.45,-30.45],[57.93,-30.46],[58.02,-30],[58.8,-29.98],[58.83,-29.6],[59.37,-29.51],[59.36,-29.27],[59.84,-29.22],[59.89,-29.03],[60.93,-28.98],[61.97,-28.92],[61.97,-28.59],[62.94,-28.59],[62.95,-28.58],[62.95,-28.58],[62.96,-28.58],[63.59,-29.19],[64.24,-29.79],[63.86,-30.15],[64.34,-30.56],[64.82,-30.97],[65.23,-30.74],[65.78,-31.23],[66.34,-31.71],[66.91,-32.2],[66.7,-32.43],[67.19,-32.8],[67.68,-33.18],[67.25,-33.6],[66.82,-34.02],[67.6,-34.69],[68.4,-35.36],[67.99,-35.78],[68.83,-36.49],[69.66,-37.19],[68.97,-37.82],[69.65,-38.4],[70.35,-38.97],[70.19,-39.11],[70.68,-39.5],[71.17,-39.89],[70.62,-40.35],[70.07,-40.8],[70.68,-41.34],[70.06,-41.86],[69.42,-42.37],[68.78,-42.88],[69.52,-43.46],[70.28,-44.04],[71.06,-44.61],[71.85,-45.17],[72.77,-44.49],[73.65,-45.05],[74.56,-45.6],[75.48,-46.14],[76.25,-45.49],[77,-44.84],[77.97,-45.35],[78.95,-45.86],[79.96,-46.36],[80.51,-45.88],[81.42,-46.36],[82.35,-46.83],[83.3,-47.3],[84.26,-47.75],[85.46,-48.3],[86.69,-48.83],[87.94,-49.35],[89.21,-49.85],[88.74,-50.38],[88.26,-50.91],[89.54,-51.4],[90.85,-51.88],[92.18,-52.35],[92.52,-51.92],[93.87,-52.33],[95.23,-52.73],[96.62,-53.12],[98.04,-53.49],[99.48,-53.84],[99.93,-53.19],[101.09,-53.41],[102.27,-53.61],[103.45,-53.81],[104.78,-54.06],[106.12,-54.3],[105.99,-54.6],[107.07,-54.79],[108.16,-54.96],[108.44,-54.39],[109.4,-54.56],[110.37,-54.74],[110.59,-54.19],[111.96,-54.33],[113.34,-54.46],[113.48,-54.18],[114.3,-54.31],[115.13,-54.44],[115.21,-54.05],[116.77,-54.16],[118.34,-54.26],[118.37,-54.02],[119.36,-54.04],[120.35,-54.06],[120.44,-54.23],[121.48,-54.21],[121.5,-53.93],[122.35,-53.95],[122.31,-54.54],[123.29,-54.62],[124.27,-54.71],[125.14,-54.82],[126.01,-54.93],[127.41,-54.95],[128.8,-54.96],[130.19,-54.94],[131.69,-54.93],[133.2,-54.91],[134.7,-54.86],[136.2,-54.79],[136.42,-54.81],[136.57,-55.52],[136.72,-56.23],[136.87,-56.94],[138.1,-56.9],[138.35,-57.62],[138.61,-58.33],[140.01,-58.2],[141.41,-58.06],[141.85,-58.95],[143.29,-58.8],[144.72,-58.63],[145.24,-59.41],[145.78,-60.17],[146.35,-60.94],[146.94,-61.71],[147.9,-61.59],[148.53,-62.3],[149.19,-63],[149.89,-63.71],[150.62,-64.41],[152.42,-64.17],[154.18,-63.91],[155.13,-64.78],[156.13,-65.64],[157.21,-66.5],[159.11,-66.21],[160.64,-65.63],[162.1,-65.05],[162.73,-65.24],[164.32,-64.62],[164.32,-64.62],[164.87,-64.94],[165.7,-65.27],[166.49,-65.46],[166.9,-65.79],[167.16,-65.96],[167.7,-66.58],[168.27,-67.19],[168.31,-67.83],[168.56,-68.7],[168.33,-69.22],[169.15,-69.53],[170.31,-69.98],[171.52,-70.42],[172.52,-70.98],[172.52,-70.98],[172.86,-70.9],[174.77,-70.46],[176.59,-69.99],[178.34,-69.5],[180,-69],[180,-70]]]}},{"type":"Feature","properties":{"ma":20,"type":"gpml:TopologicalClosedPlateBoundary","name":"Australia","pid":801,"deforming":false},"geometry":{"type":"Polygon","coordinates":[[[71.38,-40.06],[72.28,-39.43],[73.16,-38.8],[74.02,-38.16],[74.67,-37.59],[75.3,-37.01],[76.03,-36.24],[76.74,-35.48],[77.44,-34.7],[78.2,-34.12],[78.94,-33.54],[79.67,-32.95],[80.39,-32.36],[81.1,-31.76],[81.78,-31.23],[82.44,-30.69],[83.1,-30.15],[83.74,-29.52],[84.37,-28.88],[85,-28.24],[85.62,-27.6],[86.23,-26.95],[86.87,-26.34],[87.5,-25.71],[88.12,-25.09],[88.68,-24.35],[89.24,-23.61],[89.79,-22.87],[90.42,-22.16],[91.05,-21.45],[91.73,-21.03],[92.41,-20.62],[93.24,-20.21],[94.08,-19.8],[94.87,-19.4],[95.66,-19],[96.28,-18.61],[96.9,-18.21],[97.52,-17.81],[97.95,-17.53],[98.39,-17.24],[99.15,-16.74],[99.75,-16.35],[100.34,-15.97],[100.94,-15.58],[101.53,-15.19],[102.12,-14.8],[102.57,-14.49],[103.03,-14.18],[103.52,-13.85],[104,-13.52],[104.45,-13.21],[104.89,-12.91],[105.42,-12.54],[105.95,-12.18],[106.72,-11.64],[107.53,-11.06],[108,-10.72],[108.47,-10.39],[109.01,-10],[109.46,-9.7],[109.91,-9.39],[110.5,-8.98],[110.5,-8.98],[111.05,-9.07],[111.71,-9.16],[112.38,-9.25],[113.34,-9.4],[114.29,-9.54],[115.02,-9.46],[115.02,-9.46],[115.2,-8.64],[115.39,-7.83],[115.39,-7.83],[115.98,-7.83],[116.58,-7.84],[117.42,-7.78],[118.27,-7.72],[119.21,-7.88],[120.15,-8.04],[121.1,-8.2],[122,-8.16],[122.9,-8.12],[122.9,-8.12],[123.55,-8.73],[124.22,-9.21],[124.88,-9.7],[125.55,-10.18],[126.32,-10.52],[127.09,-10.86],[127.09,-10.86],[127.89,-11.11],[128.69,-11.36],[129.49,-11.61],[130.29,-11.85],[131.09,-12.09],[132.07,-12.33],[133.05,-12.57],[134.03,-12.81],[134.74,-13.05],[135.45,-13.29],[136.16,-13.53],[137.01,-13.91],[137.86,-14.29],[138.71,-14.66],[139.57,-15.03],[140.26,-15.57],[140.95,-16.11],[141.64,-16.65],[142.34,-17.19],[143.04,-17.73],[143.94,-17.33],[144.83,-16.93],[145.66,-16.78],[146.49,-16.64],[146.49,-16.64],[147.1,-16.99],[147.72,-17.33],[148.33,-17.68],[149.02,-18.07],[149.7,-18.46],[150.39,-18.69],[151.08,-18.91],[151.78,-19.13],[152.4,-19.31],[153.02,-19.48],[153.72,-19.59],[154.41,-19.69],[154.96,-19.87],[155.51,-20.04],[156.48,-20.31],[157.33,-20.45],[158.01,-20.79],[158.7,-21.12],[158.7,-21.12],[158.77,-21.07],[158.77,-21.07],[159.56,-21.4],[160.35,-21.73],[160.46,-22.36],[160.57,-22.99],[160.05,-23.34],[159.52,-23.7],[159.11,-24.42],[158.69,-25.15],[158.98,-25.78],[159.28,-26.42],[159.96,-27.01],[160.65,-27.6],[161.36,-28.19],[162.2,-28.7],[163.05,-29.2],[163.91,-29.7],[164.78,-30.19],[165.09,-31.06],[165.41,-31.92],[165.73,-32.79],[166.06,-33.65],[166.06,-33.65],[167.18,-33.77],[168.3,-33.87],[169.42,-33.96],[169.42,-33.96],[169.43,-34.07],[169.58,-35.02],[169.74,-35.98],[169.9,-36.93],[170.06,-37.89],[170.23,-38.84],[170.4,-39.79],[171.14,-39.79],[171.88,-39.79],[172,-40.4],[172,-40.4],[171.31,-40.43],[171.31,-40.43],[171.3,-40.45],[171.33,-40.77],[171.36,-41],[171.63,-41.33],[171.98,-41.78],[172.41,-42.3],[172.72,-42.68],[173.05,-43.06],[173.48,-43.57],[174.28,-44.02],[173.77,-44.73],[173.06,-45.39],[172.7,-45.85],[172.33,-46.31],[172.39,-46.87],[172.46,-47.42],[171.92,-48.31],[171.27,-48.78],[170.55,-49.53],[170.09,-50.03],[169.63,-50.52],[169.42,-51.51],[169.42,-51.51],[169.9,-51.66],[170.36,-51.84],[170.36,-51.84],[170.39,-51.82],[170.47,-51.76],[170.51,-51.74],[170.57,-51.7],[170.7,-51.61],[170.79,-51.55],[170.86,-51.5],[170.92,-51.45],[171.02,-51.38],[171.18,-51.26],[171.32,-51.15],[171.38,-51.11],[171.56,-50.96],[171.78,-50.8],[172.03,-50.64],[172.17,-50.54],[172.34,-50.42],[172.44,-50.36],[172.58,-50.27],[172.74,-50.17],[172.89,-50.08],[172.97,-50.03],[173.04,-49.98],[173.31,-49.82],[173.44,-49.74],[173.44,-49.74],[172.92,-50.61],[172.85,-50.85],[172.74,-51.21],[172.74,-51.21],[171.31,-51.58],[170.53,-52.27],[170.29,-53.15],[170.22,-53.38],[170.14,-53.61],[170.06,-53.8],[169.95,-54.05],[169.84,-54.34],[169.72,-54.53],[169.55,-54.75],[169.36,-54.89],[169.25,-54.98],[169.17,-55.08],[169.05,-55.18],[168.93,-55.33],[168.77,-55.51],[168.63,-55.71],[168.48,-55.93],[168.25,-56.32],[168.11,-56.6],[167.92,-56.96],[167.73,-57.29],[167.5,-57.46],[167.13,-57.77],[166.9,-57.99],[166.63,-58.24],[166.23,-58.54],[165.94,-58.87],[165.52,-59.39],[165.44,-59.62],[165.39,-59.96],[165.38,-60.27],[165.32,-60.56],[165.24,-60.83],[165.2,-61.01],[165.11,-61.19],[164.87,-61.44],[164.62,-61.52],[164.37,-61.63],[164.32,-61.65],[164.13,-61.75],[163.99,-61.78],[163.81,-61.8],[163.68,-61.83],[163.64,-61.88],[163.65,-61.95],[163.65,-62.06],[163.67,-62.24],[163.63,-62.45],[163.59,-62.71],[163.44,-62.93],[163.31,-63.04],[163.3,-63.09],[163.39,-63.28],[163.42,-63.54],[163.57,-63.87],[163.78,-64.19],[164.31,-64.61],[164.32,-64.62],[164.32,-64.62],[162.73,-65.24],[162.1,-65.05],[160.64,-65.63],[159.11,-66.21],[157.21,-66.5],[156.13,-65.64],[155.13,-64.78],[154.18,-63.91],[152.42,-64.17],[150.62,-64.41],[149.89,-63.71],[149.19,-63],[148.53,-62.3],[147.9,-61.59],[146.94,-61.71],[146.35,-60.94],[145.78,-60.17],[145.24,-59.41],[144.72,-58.63],[143.29,-58.8],[141.85,-58.95],[141.41,-58.06],[140.01,-58.2],[138.61,-58.33],[138.35,-57.62],[138.1,-56.9],[136.87,-56.94],[136.72,-56.23],[136.57,-55.52],[136.42,-54.81],[136.2,-54.79],[134.7,-54.86],[133.2,-54.91],[131.69,-54.93],[130.19,-54.94],[128.8,-54.96],[127.41,-54.95],[126.01,-54.93],[125.14,-54.82],[124.27,-54.71],[123.29,-54.62],[122.31,-54.54],[122.35,-53.95],[121.5,-53.93],[121.48,-54.21],[120.44,-54.23],[120.35,-54.06],[119.36,-54.04],[118.37,-54.02],[118.34,-54.26],[116.77,-54.16],[115.21,-54.05],[115.13,-54.44],[114.3,-54.31],[113.48,-54.18],[113.34,-54.46],[111.96,-54.33],[110.59,-54.19],[110.37,-54.74],[109.4,-54.56],[108.44,-54.39],[108.16,-54.96],[107.07,-54.79],[105.99,-54.6],[106.12,-54.3],[104.78,-54.06],[103.45,-53.81],[102.27,-53.61],[101.09,-53.41],[99.93,-53.19],[99.48,-53.84],[98.04,-53.49],[96.62,-53.12],[95.23,-52.73],[93.87,-52.33],[92.52,-51.92],[92.18,-52.35],[90.85,-51.88],[89.54,-51.4],[88.26,-50.91],[88.74,-50.38],[89.21,-49.85],[87.94,-49.35],[86.69,-48.83],[85.46,-48.3],[84.26,-47.75],[83.3,-47.3],[82.35,-46.83],[81.42,-46.36],[80.51,-45.88],[79.96,-46.36],[78.95,-45.86],[77.97,-45.35],[77,-44.84],[76.25,-45.49],[75.48,-46.14],[74.56,-45.6],[73.65,-45.05],[72.77,-44.49],[71.85,-45.17],[71.06,-44.61],[70.28,-44.04],[69.52,-43.46],[68.78,-42.88],[69.42,-42.37],[70.06,-41.86],[70.68,-41.34],[70.32,-41.02],[70.85,-40.54],[71.38,-40.06]]]}},{"type":"Feature","properties":{"ma":20,"type":"gpml:TopologicalClosedPlateBoundary","name":"Capricorn Plate (Kremeer et al 2003 AT)","pid":511,"deforming":false},"geometry":{"type":"Polygon","coordinates":[[[60.92,-14.33],[61.51,-14.43],[61.78,-13.9],[62.05,-13.36],[62.72,-12.89],[63.38,-12.41],[64.04,-11.94],[64.85,-11.93],[65.65,-11.92],[66.46,-11.91],[67.26,-11.89],[68.13,-11.84],[69,-11.79],[69.87,-11.73],[70.58,-11.79],[71.28,-11.84],[71.99,-11.89],[72.81,-12.09],[73.62,-12.29],[74.44,-12.48],[75.3,-12.6],[76.15,-12.72],[77.01,-12.83],[77.87,-12.94],[78.8,-13.04],[79.73,-13.14],[80.28,-13.36],[80.28,-13.36],[80.17,-14.34],[80.06,-15.32],[79.95,-16.3],[79.83,-17.11],[79.7,-17.92],[79.58,-18.73],[79.45,-19.54],[79.29,-20.5],[79.14,-21.47],[78.98,-22.43],[78.72,-23.31],[78.47,-24.18],[78.21,-25.06],[77.95,-25.93],[77.72,-26.77],[77.49,-27.61],[77.25,-28.45],[77.01,-29.29],[76.76,-30.12],[76.51,-30.95],[76.26,-31.79],[76,-32.62],[75.87,-32.95],[75.87,-32.95],[75.2,-33.11],[74.53,-33.27],[73.8,-33.23],[73.17,-33.88],[72.54,-34.54],[71.62,-34.55],[70.71,-34.55],[69.79,-34.55],[68.88,-34.53],[68.11,-34.51],[67.35,-34.48],[67.35,-34.48],[66.82,-34.02],[67.25,-33.6],[67.68,-33.18],[67.19,-32.8],[66.7,-32.43],[66.91,-32.2],[66.34,-31.71],[65.78,-31.23],[65.23,-30.74],[64.82,-30.97],[64.34,-30.56],[63.86,-30.15],[64.24,-29.79],[63.59,-29.19],[62.96,-28.58],[62.95,-28.58],[62.95,-28.58],[62.96,-28.58],[62.96,-28.58],[62.46,-27.71],[61.96,-26.84],[62.62,-26.54],[62.16,-25.8],[61.69,-25.06],[61.24,-24.32],[60.69,-24.57],[60.13,-24.82],[59.62,-24.08],[59.11,-23.33],[58.72,-22.58],[58.33,-21.83],[59.12,-21.45],[59.91,-21.07],[60.69,-20.68],[60.27,-19.78],[59.85,-18.88],[59.44,-17.98],[60.2,-17.62],[59.84,-16.86],[59.49,-16.11],[60,-15.76],[60.5,-15.42],[60.19,-14.98],[59.88,-14.54],[60.33,-14.22],[60.92,-14.33]]]}},{"type":"Feature","properties":{"ma":20,"type":"gpml:TopologicalClosedPlateBoundary","name":"Caribbean","pid":224,"deforming":false},"geometry":{"type":"Polygon","coordinates":[[[-81.19,18.18],[-80.97,18.2],[-80.16,18.29],[-79.34,18.37],[-78.53,18.44],[-77.64,18.52],[-76.75,18.59],[-75.86,18.65],[-74.95,18.71],[-74.03,18.76],[-73.11,18.81],[-72.25,18.81],[-71.39,18.81],[-70.52,18.8],[-69.66,18.79],[-68.72,18.77],[-67.78,18.74],[-66.84,18.71],[-65.79,18.63],[-64.75,18.54],[-63.71,18.45],[-63.12,18.39],[-62.53,18.34],[-62.53,18.34],[-61.82,17.62],[-61.11,16.91],[-60.4,16.19],[-60.02,15.27],[-59.63,14.35],[-59.3,13.88],[-58.96,13.41],[-58.81,12.48],[-58.65,11.55],[-58.85,10.63],[-59.06,9.71],[-59.26,9.07],[-59.26,9.07],[-60.22,9.14],[-61.17,9.2],[-62.13,9.25],[-63.09,9.31],[-64.05,9.36],[-65,9.41],[-65.96,9.46],[-66.97,9.51],[-67.98,9.55],[-68.98,9.68],[-69.98,9.81],[-70.98,9.93],[-71.68,10.02],[-72.39,10.11],[-73.09,10.19],[-73.09,10.19],[-73.49,9.76],[-73.9,9.33],[-74.42,8.62],[-74.93,7.91],[-75.32,7.38],[-75.71,6.85],[-75.72,6.84],[-75.72,6.84],[-75.72,6.83],[-75.99,6.48],[-76.37,5.98],[-76.41,5.93],[-76.41,5.93],[-77,6.59],[-77.46,6.9],[-77.91,7.21],[-78.18,7.75],[-78.44,8.29],[-78.72,8.33],[-79.24,8.83],[-79.24,8.83],[-79.78,8.27],[-80.33,7.83],[-80.58,7.06],[-80.85,6.23],[-80.85,6.23],[-80.23,5.89],[-79.54,5.57],[-79.54,5.57],[-80.21,5.2],[-80.81,4.92],[-81.46,4.67],[-82.12,4.4],[-82.55,4.32],[-82.55,4.32],[-82.68,4.36],[-83.17,4.74],[-83.57,5.08],[-84.25,5.75],[-84.93,6.41],[-85.62,7.08],[-86.3,7.75],[-86.86,8.32],[-87.42,8.9],[-87.98,9.47],[-88.53,10.22],[-89.09,10.97],[-89.77,11.48],[-90.45,11.99],[-91.13,12.5],[-91.81,13.08],[-92.51,13.66],[-93.2,14.23],[-93.9,14.81],[-94.4,15.25],[-94.4,15.25],[-94.4,15.25],[-94.4,15.25],[-94.4,15.25],[-94.4,15.25],[-93.42,15.29],[-92.45,15.34],[-91.47,15.38],[-90.49,15.41],[-89.52,15.44],[-88.7,15.52],[-87.89,15.6],[-87.08,15.81],[-86.28,16.02],[-85.35,16.35],[-84.43,16.68],[-83.54,16.9],[-82.65,17.12],[-81.84,17.2],[-81.02,17.28],[-81.02,17.28],[-81.19,18.18]]]}},{"type":"Feature","properties":{"ma":20,"type":"gpml:TopologicalClosedPlateBoundary","name":"Eurasia_20_16","pid":301,"deforming":false},"geometry":{"type":"Polygon","coordinates":[[[95.4,26.95],[94.89,27.57],[94.93,27.63],[95.85,28.06],[96.78,28.49],[97.35,29.01],[97.35,29.01],[97.33,29.75],[97.31,30.5],[97.57,31.38],[98.09,31.92],[98.7,32.54],[99.13,33.03],[99.65,33.61],[99.89,34.16],[100.14,34.71],[100.22,35.25],[100.29,35.78],[100.07,36.32],[99.84,36.87],[99.4,37.67],[99.18,38.28],[98.96,38.9],[98.89,39.74],[99.21,40.58],[99.63,41.23],[100.17,41.98],[100.79,42.76],[100.87,42.86],[100.87,42.86],[100.83,42.91],[99.65,43.23],[98.47,43.53],[97.27,43.83],[96.06,44.1],[95.01,44.3],[93.96,44.49],[92.9,44.67],[91.83,44.84],[90.65,44.94],[89.47,45.02],[88.28,45.09],[87.09,45.14],[85.9,45.18],[84.76,45.25],[83.62,45.31],[82.47,45.35],[81.33,45.38],[80.18,45.4],[78.87,45.34],[77.57,45.27],[76.27,45.18],[74.97,45.08],[73.68,44.97],[72.59,44.77],[71.49,44.56],[70.41,44.35],[69.34,44.12],[68.27,43.88],[67.06,43.52],[65.87,43.14],[64.7,42.75],[63.85,41.97],[63.03,41.19],[62.23,40.4],[61.58,39.91],[60.95,39.42],[60.84,38.76],[60.74,38.1],[60.64,37.43],[60.5,36.76],[60.38,36.09],[60.25,35.41],[60.01,34.78],[59.77,34.14],[59.53,33.5],[59,33.07],[58.47,32.64],[57.89,32.38],[57.32,32.11],[56.71,32.26],[56.1,32.41],[55.94,32.91],[55.79,33.42],[55.56,34.11],[55.33,34.8],[55.1,35.5],[54.39,36.24],[53.68,36.98],[53.08,37.16],[52.48,37.35],[51.73,37.96],[50.97,38.56],[50,38.63],[49.03,38.68],[47.81,38.68],[46.58,38.66],[45.36,38.63],[44.13,38.58],[43.06,38.77],[41.97,38.95],[40.89,39.11],[39.79,39.27],[39.74,39.22],[39.74,39.22],[38.52,39.4],[37.29,39.58],[36.44,39.71],[35.58,39.83],[34.58,40.27],[33.57,40.71],[32.41,41.18],[31.75,41.27],[31.08,41.35],[30.33,41.44],[29.58,41.53],[28.87,41.6],[28.15,41.67],[26.83,41.79],[26.83,41.79],[26.81,41.78],[25.61,41.78],[24.4,41.78],[23.2,41.75],[22.23,41.79],[21.42,41.86],[20.59,41.91],[19.5,41.95],[18.66,42.07],[18.08,42.29],[17.61,42.52],[17.33,42.74],[17.42,43.15],[17.87,43.52],[17.85,43.53],[17.85,43.53],[18.2,43.75],[18.68,44.06],[19.1,44.46],[19.24,44.88],[18.83,45.24],[17.91,46],[17.24,46.24],[16.33,46.45],[15.5,46.49],[14.66,46.52],[13.38,46.54],[12.64,46.56],[12.28,46.59],[11.75,46.58],[11.48,46.55],[10.89,46.52],[10.06,46.44],[9.14,46.34],[8.02,46.24],[7.64,46.18],[6.46,45.98],[5.54,45.71],[5.09,45.51],[4.03,45.03],[3.86,44.92],[3.7,44.85],[3.47,44.74],[3.29,44.62],[3.08,44.5],[2.65,44.13],[2.37,43.89],[2.29,43.8],[2.14,43.66],[1.84,43.19],[1.54,42.71],[1.7,42.48],[1.81,42.27],[1.9,42.15],[2.03,42.07],[2.03,42.07],[1.24,41.99],[0.52,41.91],[-0.38,41.82],[-1.27,41.72],[-2.05,41.69],[-2.83,41.64],[-4.01,41.75],[-5.19,41.84],[-5.83,41.68],[-6.47,41.52],[-6.47,41.52],[-6.21,41.38],[-5.59,41.17],[-4.98,40.97],[-4.03,40.91],[-3.09,40.84],[-2.09,40.78],[-1.1,40.71],[-0.92,40.7],[-0.92,40.7],[0.01,40.73],[0.69,40.91],[1.36,41.08],[1.93,41.47],[2.51,41.86],[2.51,41.86],[2.58,41.89],[2.8,42.04],[2.8,42.04],[2.85,41.96],[2.89,41.66],[2.89,41.43],[2.84,41.15],[2.65,40.56],[2.46,39.96],[2.04,39.53],[1.62,39.1],[1.06,38.72],[0.51,38.33],[0.39,38.27],[0.39,38.27],[-0.16,38.65],[-0.23,38.71],[-0.23,38.71],[-0.63,39.22],[-0.73,39.17],[-1.19,38.99],[-1.82,38.78],[-2.45,38.56],[-3.37,37.96],[-3.62,37.59],[-3.62,37.59],[-3.39,37.12],[-3.16,36.64],[-2.35,36.8],[-2.35,36.8],[-2.46,36.75],[-2.46,36.75],[-3.15,36.38],[-3.64,36.12],[-4.1,35.85],[-4.57,35.44],[-4.44,35.08],[-3.88,34.86],[-3.29,34.78],[-3.29,34.78],[-3.62,34.71],[-4.52,34.55],[-5.42,34.39],[-6.32,34.22],[-7.47,34.12],[-8.63,34.01],[-9.78,33.89],[-10.92,33.76],[-12.06,33.62],[-13.2,33.47],[-14.15,33.73],[-15.1,33.98],[-16.05,34.22],[-16.05,34.22],[-16.9,34.14],[-17.74,34.05],[-18.58,33.96],[-19.63,33.93],[-20.69,33.89],[-21.74,33.84],[-22.86,33.83],[-23.97,33.82],[-25.09,33.79],[-26.08,33.77],[-27.06,33.75],[-28.05,33.72],[-29.14,33.72],[-30.23,33.71],[-31.33,33.7],[-32.27,33.69],[-33.22,33.67],[-34.16,33.64],[-34.16,33.64],[-33.71,34.11],[-33.26,34.57],[-33.22,34.56],[-32.87,35.35],[-32.18,35.19],[-31.5,35.02],[-31.41,35.2],[-31.18,35.18],[-30.69,35.91],[-30.58,35.91],[-30.45,36.62],[-30.31,37.32],[-30.41,37.36],[-30.27,38.1],[-29.97,38.17],[-29.79,39.1],[-29.68,39.28],[-29.5,40.25],[-29.43,40.51],[-29.37,40.81],[-29,41.54],[-28.63,42.26],[-28.63,42.26],[-28.58,42.27],[-28.46,42.4],[-28.13,42.99],[-27.79,43.57],[-27.69,44.23],[-27.59,44.9],[-27.72,45.48],[-27.86,46.06],[-28.27,46.12],[-28.29,46.28],[-28.34,46.49],[-28.76,47.3],[-29.24,47.95],[-29.85,48.63],[-30.34,49.07],[-30.44,49.17],[-30.47,49.7],[-30.5,49.96],[-30.5,49.99],[-30.5,49.99],[-31.89,50.02],[-32.73,50.03],[-33.56,50.04],[-35.04,50.21],[-35.04,50.21],[-35.17,50.37],[-35.2,51],[-35.24,51.62],[-35.21,52.2],[-35.18,52.78],[-35.06,53.34],[-34.93,53.9],[-34.73,54.23],[-34.55,54.59],[-33.87,54.55],[-33.67,54.7],[-33.76,54.52],[-33.74,54.57],[-33.4,54.88],[-32.96,54.82],[-32.68,55.36],[-32.27,55.28],[-31.91,56.06],[-31.22,55.94],[-30.79,56.78],[-30.54,56.74],[-29.92,57.17],[-29.29,57.6],[-28.76,58.03],[-28.22,58.45],[-27.57,58.9],[-26.89,59.35],[-26.09,59.88],[-25.27,60.41],[-24.42,60.93],[-23.7,61.48],[-22.96,62.03],[-21.7,62.74],[-20.06,63.26],[-20,63.27],[-20,63.27],[-19.99,63.31],[-19.73,63.96],[-19.59,64.16],[-19.41,64.41],[-19.33,64.69],[-19.17,64.97],[-19.08,65.38],[-18.8,65.63],[-18.57,65.74],[-18.1,66.17],[-17.74,66.44],[-17.29,66.75],[-17.06,66.95],[-16.76,67.11],[-16.42,67.37],[-16.12,67.6],[-15.93,67.8],[-15.83,67.95],[-15.72,68.14],[-15.7,68.3],[-15.69,68.45],[-15.87,68.96],[-15.65,69.03],[-15.24,69.04],[-13.17,68.75],[-11.16,68.44],[-9.2,68.11],[-9.2,68.11],[-7.77,68.48],[-7.17,68.61],[-6.6,68.75],[-5.62,68.96],[-4.78,69.15],[-3.66,69.39],[-2.66,69.6],[-1.86,69.71],[-0.89,69.89],[0.2,70.1],[1.03,70.26],[1.76,70.39],[2.43,70.51],[3.37,70.66],[3.94,70.79],[4.75,70.96],[5.19,71.08],[5.44,71.28],[5.63,71.42],[5.64,71.49],[5.04,71.9],[4.75,72.11],[4.75,72.11],[7.35,72.41],[10.04,72.68],[12.81,72.91],[12.81,72.91],[12.48,73.45],[12.14,74],[11.45,74.65],[10.7,75.3],[9.88,75.95],[8.65,76.51],[7.33,77.06],[6.51,77.86],[9.49,78.48],[12.26,78.83],[15.2,79.15],[18.13,79.51],[21.25,79.84],[25.24,80.24],[29.53,80.58],[33.89,80.83],[38.47,81.03],[43.13,81.31],[48.05,81.52],[54.12,81.69],[60.37,81.77],[66.8,81.84],[73.26,81.81],[79.59,81.68],[79.59,81.68],[84.51,81.17],[88.87,80.6],[92.71,79.99],[96.11,79.33],[98.69,78.82],[101.05,78.28],[103.2,77.72],[104.66,77.09],[106,76.45],[107.21,75.8],[109.23,75.57],[111.18,75.32],[113.24,75.16],[115.26,74.97],[117.2,75.04],[120.65,74.67],[123.36,74.22],[125.99,73.74],[125.99,73.74],[124.68,73.71],[122.84,72.99],[121.15,72.26],[119.58,71.51],[119.63,70.66],[119.68,69.81],[120.13,69.08],[120.54,68.35],[121.77,67.87],[122.96,67.39],[124.56,66.91],[126.1,66.42],[127.74,65.88],[129.32,65.31],[131.21,65.24],[133.31,64.78],[135.33,64.3],[136.13,63.59],[136.89,62.88],[138.54,62.33],[140.13,61.77],[141.46,61.22],[141.46,61.22],[140.25,60.84],[139.07,60.44],[139.07,60.44],[139.21,59.53],[139.35,58.61],[138.32,57.86],[138.59,56.89],[138.85,55.92],[139.1,54.95],[139.33,53.98],[139.56,53.01],[139.77,52.03],[139.97,51.06],[140,50.3],[140.03,49.53],[140.06,48.77],[139.99,48.11],[139.91,47.46],[139.91,47.46],[140.41,47.65],[140.41,47.65],[140.39,47.53],[140.14,46.56],[139.89,45.58],[139.65,44.61],[139.51,43.85],[139.4,43.05],[139.26,42.17],[138.96,41.34],[138.68,40.74],[138.4,40.14],[137.99,39.69],[137.59,39.23],[136.78,38.54],[136.31,38.18],[135.86,37.84],[135.49,37.57],[135.19,37.33],[134.91,37.13],[134.6,36.9],[134.24,36.62],[133.78,36.3],[133.1,35.8],[132.59,35.48],[132.08,35.16],[131.14,34.64],[130.17,34.07],[129.55,33.59],[128.94,33.1],[128.24,32.63],[127.55,32.16],[126.76,31.52],[125.98,30.88],[125.42,30.32],[124.87,29.77],[124.44,29.38],[124.02,28.99],[123.5,28.54],[123.1,28.26],[123.1,28.26],[122.8,27.75],[122.5,27.24],[122.07,26.85],[121.64,26.46],[120.76,26.01],[119.88,25.55],[118.87,25.26],[117.86,24.96],[117.86,24.96],[117.76,24.58],[117.47,23.97],[117.7,23.08],[117.77,22.37],[117.85,21.66],[118.15,21.06],[118.45,20.45],[118.45,19.68],[118.44,18.91],[118.5,18.4],[118.56,17.89],[118.7,17.51],[118.7,17.51],[117.82,17.53],[116.95,17.55],[116.07,17.56],[115.2,17.57],[114.84,17.56],[114,17.54],[113.52,17.53],[113.52,17.4],[112.68,17.37],[111.84,17.33],[111.84,17.24],[111.59,17.24],[111.59,17.24],[111.12,16.69],[111.3,16.51],[110.75,15.92],[110.85,15.82],[110.4,15.46],[109.96,15.1],[109.82,15.24],[109.38,14.9],[109.56,14.74],[109.56,14.73],[109.56,14.73],[109.45,14.69],[109.01,14.24],[108.66,13.92],[108.12,13.56],[107.29,13.1],[106.92,13.38],[106.9,13.49],[106.9,13.49],[107.69,13.82],[108.5,14.16],[109.17,14.75],[109.13,15.12],[109.67,15.81],[109.69,16.06],[109.79,16.15],[110.28,16.47],[110.88,17.22],[111.04,17.65],[111.37,18.35],[111.6,18.57],[111.72,18.8],[111.7,18.87],[111.06,18.78],[110.79,18.79],[110.56,18.6],[110.16,18.25],[109.85,18.23],[109.64,18.42],[109.56,18.75],[109.84,19.31],[110.13,19.87],[110.63,20.08],[110.79,20.1],[111.32,19.93],[111.85,19.76],[112.34,19.78],[112.67,19.85],[112.85,19.92],[112.99,20.05],[113.13,20.22],[113.93,20.62],[114.59,20.71],[115.26,20.79],[115.68,21.3],[115.44,21.99],[115.2,22.69],[114.95,23.38],[114.61,24.26],[114.27,25.14],[113.92,26.02],[113.56,26.9],[113.56,26.9],[113.06,26.43],[112.56,25.95],[112.02,25.64],[111.47,25.33],[110.83,25.02],[110.19,24.71],[109.51,24.61],[108.84,24.51],[108.26,24.2],[107.69,23.89],[107.09,23.7],[106.39,23.44],[105.64,23.23],[104.62,23.48],[104.1,23.58],[103.23,23.24],[102.71,22.89],[102.19,22.49],[101.56,22.06],[101.48,22.04],[101.48,22.04],[101.03,22.44],[100.58,22.85],[99.99,23.26],[99.39,23.66],[98.79,24.07],[97.96,24.6],[97.13,25.12],[96.52,25.72],[95.9,26.32],[95.4,26.95]]]}},{"type":"Feature","properties":{"ma":20,"type":"gpml:TopologicalClosedPlateBoundary","name":"India from PB03 GS","pid":501,"deforming":false},"geometry":{"type":"Polygon","coordinates":[[[90.39,21.55],[90.02,20.84],[89.65,20.13],[89.16,19.47],[88.67,18.8],[88.19,18.13],[88.03,17.37],[87.87,16.61],[87.72,15.85],[87.89,14.97],[88.05,14.1],[88.21,13.22],[88.13,12.39],[88.05,11.57],[87.97,10.74],[87.77,9.85],[87.57,8.95],[87.37,8.06],[87.14,7.73],[87.14,7.73],[87.23,7.39],[87.23,7.39],[87.02,7.15],[86.36,6.41],[85.71,5.67],[85.25,5.15],[84.8,4.63],[84.23,4.02],[83.67,3.41],[83.17,2.87],[82.67,2.32],[82.2,1.82],[81.73,1.31],[81.26,0.8],[80.79,0.14],[80.33,-0.51],[79.86,-1.17],[79.04,-1.55],[78.22,-1.94],[77.39,-2.33],[76.81,-3.04],[76.22,-3.74],[75.63,-4.45],[74.95,-5.06],[74.26,-5.67],[73.49,-5.97],[72.71,-6.28],[71.93,-6.58],[70.97,-6.81],[70,-7.03],[69.03,-7.25],[68.06,-7.47],[67.09,-7.68],[66.12,-7.9],[65.25,-7.95],[64.38,-8.01],[63.5,-8.06],[62.63,-8.11],[62.63,-8.11],[62.93,-7.8],[62.45,-7.36],[61.97,-6.91],[62.12,-6.77],[61.64,-6.25],[61.16,-5.73],[61.33,-5.58],[60.68,-4.91],[61.07,-4.54],[60.78,-4.2],[61.09,-3.87],[60.81,-3.61],[61.11,-3.3],[60.54,-2.81],[60.96,-2.43],[60.23,-1.85],[59.5,-1.27],[59.23,-1.58],[58.56,-1.09],[58.48,-1.23],[58.01,-0.95],[57.54,-0.67],[56.9,-0.24],[56.32,0.37],[55.75,0.98],[55.18,1.51],[54.62,2.05],[54.05,2.59],[53.48,3.12],[53.6,3.29],[52.92,3.82],[52.24,4.34],[52.19,4.24],[51.63,4.56],[51.08,4.88],[51.08,4.88],[51.5,5.74],[51.93,6.61],[52.35,7.47],[52.78,8.33],[53.2,9.19],[53.56,9.93],[53.92,10.67],[54.28,11.41],[54.64,12.14],[55,12.88],[55.29,13.73],[55.58,14.58],[55.87,15.43],[56.17,16.28],[56.61,17.1],[57.06,17.91],[57.52,18.72],[57.98,19.53],[58.44,20.34],[59.04,21.15],[59.64,21.95],[60.25,22.76],[60.86,23.56],[60.86,23.56],[60.9,23.58],[61.47,24.05],[62.05,24.51],[62.67,25.09],[62.85,25.57],[63.03,26.05],[63.53,26.55],[63.98,27.06],[64.43,27.57],[65.03,28.23],[65.54,27.71],[66.04,27.18],[66.7,26.65],[67.41,26.35],[67.94,25.64],[67.96,25.08],[68.7,24.58],[69.14,24.16],[69.73,23.96],[70.13,23.62],[70.45,23.27],[70.91,23.05],[71.17,22.76],[71.72,22.5],[72.13,22.44],[72.43,22.32],[72.9,22.12],[73.19,21.74],[73.98,21.48],[74.67,21.19],[75.36,20.89],[75.83,20.74],[76.29,20.59],[77.21,20.44],[77.81,20.36],[78.02,20.01],[78.35,19.93],[78.73,20.29],[79.23,20.17],[79.77,20.14],[80.69,20.28],[81.15,20.1],[81.68,20.19],[82.56,20.27],[83.06,20.29],[83.56,20.32],[84.44,20.38],[84.76,20.38],[85.34,20.77],[85.94,21.2],[86.54,21.47],[87.27,21.43],[87.8,21.41],[88.33,21.39],[89.26,21.59],[89.82,21.57],[90.39,21.55]]]}},{"type":"Feature","properties":{"ma":20,"type":"gpml:TopologicalClosedPlateBoundary","name":"Nazca","pid":911,"deforming":false},"geometry":{"type":"Polygon","coordinates":[[[-72.55,-40.75],[-72.63,-40.98],[-72.8,-41.28],[-72.87,-41.65],[-72.91,-41.94],[-73,-42.41],[-73.07,-42.7],[-73.2,-43.23],[-73.29,-43.6],[-73.38,-44.01],[-73.46,-44.44],[-73.58,-45.1],[-73.64,-45.37],[-73.71,-45.73],[-73.77,-46.06],[-73.82,-46.37],[-73.87,-46.73],[-73.89,-47.04],[-73.91,-47.3],[-73.92,-47.38],[-73.9,-47.61],[-73.88,-47.89],[-73.81,-48.33],[-73.92,-48.67],[-74.09,-49.01],[-74.34,-49.42],[-74.61,-49.9],[-74.77,-50.2],[-74.9,-50.46],[-75.01,-50.68],[-75.16,-51.04],[-75.22,-51.49],[-75.16,-51.85],[-75.08,-52.17],[-75.03,-52.42],[-74.91,-52.72],[-74.78,-53.05],[-74.59,-53.41],[-74.36,-53.8],[-74.26,-54.11],[-74.25,-54.27],[-74.19,-54.6],[-74.18,-54.61],[-74.18,-54.61],[-75.08,-55.31],[-76,-56],[-76.96,-56.68],[-76.96,-56.68],[-77.88,-56.04],[-78.65,-55.58],[-79.41,-55.1],[-79.89,-54.5],[-80.17,-54.02],[-80.45,-53.54],[-80.99,-52.79],[-81.51,-52.03],[-81.95,-51.32],[-82.39,-50.59],[-82.81,-49.87],[-83.22,-49.15],[-84.4,-49.34],[-85.59,-49.52],[-86.79,-49.68],[-88,-49.84],[-88.12,-49.28],[-88.23,-48.72],[-89.32,-48.84],[-90.42,-48.95],[-90.62,-47.98],[-90.82,-47.01],[-91.8,-47.06],[-92.79,-47.11],[-93.78,-47.15],[-93.91,-46.32],[-95.04,-46.31],[-96.17,-46.29],[-97.3,-46.25],[-97.32,-45.52],[-97.33,-44.78],[-97.35,-44.05],[-98.08,-44.08],[-98.82,-44.1],[-98.77,-43.39],[-99.82,-43.4],[-100.86,-43.41],[-101.91,-43.41],[-102.95,-43.39],[-102.97,-42.68],[-102.98,-41.96],[-103.45,-41.93],[-103.45,-41.93],[-104.2,-41.78],[-105.49,-41.65],[-106.76,-41.5],[-106.85,-40.61],[-106.94,-39.73],[-107.02,-38.84],[-107.1,-37.95],[-107.18,-37.07],[-108.39,-36.86],[-109.59,-36.65],[-110.79,-36.43],[-111.97,-36.19],[-113.15,-35.94],[-114.32,-35.68],[-114.39,-34.77],[-114.45,-33.86],[-114.51,-32.95],[-114.57,-32.03],[-114.62,-31.12],[-114.68,-30.21],[-114.74,-29.3],[-114.79,-28.39],[-114.84,-27.47],[-114.9,-26.56],[-114.95,-25.65],[-113.99,-25.6],[-113.03,-25.55],[-112.08,-25.49],[-112.15,-24.6],[-112.23,-23.71],[-112.3,-22.83],[-112.37,-21.94],[-112.44,-21.05],[-112.51,-20.16],[-112.58,-19.32],[-112.64,-18.47],[-112.71,-17.62],[-112.77,-16.77],[-112.83,-15.92],[-112.9,-15.07],[-111.96,-15],[-111.03,-14.93],[-110.1,-14.86],[-109.17,-14.78],[-108.24,-14.7],[-107.3,-14.62],[-107.08,-13.71],[-106.86,-12.79],[-106.64,-11.88],[-106.42,-10.96],[-106.2,-10.05],[-105.99,-9.14],[-105.77,-8.22],[-105.56,-7.31],[-105.35,-6.39],[-105.13,-5.48],[-105.13,-5.48],[-105.16,-5.36],[-105.16,-5.36],[-104.73,-5.34],[-104.29,-5.32],[-103.58,-5.42],[-103.57,-5.26],[-103.06,-5.29],[-102.55,-5.32],[-102.1,-5.04],[-101.41,-4.86],[-100.73,-4.68],[-100.15,-4.52],[-99.37,-4.29],[-98.82,-4.15],[-98.09,-3.88],[-97.72,-3.76],[-97.21,-3.51],[-96.68,-3.26],[-96.18,-2.97],[-95.68,-2.68],[-94.95,-2.25],[-94.31,-1.88],[-93.67,-1.5],[-93.03,-1.13],[-92.35,-0.74],[-91.67,-0.34],[-90.99,0.06],[-90.42,0.42],[-89.71,0.86],[-89,1.31],[-88.3,1.76],[-87.64,2.17],[-86.98,2.59],[-86.51,2.88],[-86.04,3.17],[-85.39,3.57],[-84.73,3.97],[-84.07,4.37],[-83.29,4.85],[-83.29,4.85],[-83.17,4.74],[-82.68,4.36],[-82.55,4.32],[-82.55,4.32],[-82.12,4.4],[-81.46,4.67],[-80.81,4.92],[-80.21,5.2],[-79.54,5.57],[-79.54,5.57],[-79.41,5.51],[-78.83,5.22],[-78.01,4.84],[-77.34,4.13],[-77.12,3.33],[-76.91,2.53],[-76.68,1.94],[-76.61,1.85],[-76.61,1.85],[-76.81,1.54],[-77.04,1.34],[-77.31,1.01],[-77.59,0.63],[-77.83,0.28],[-77.98,0.07],[-78.18,-0.26],[-78.41,-0.61],[-78.58,-1.02],[-78.73,-1.34],[-78.86,-1.69],[-79.05,-2.14],[-79.17,-2.42],[-79.26,-2.77],[-79.38,-3.16],[-79.4,-3.41],[-79.44,-3.62],[-79.49,-3.99],[-79.53,-4.27],[-79.56,-4.53],[-79.59,-4.81],[-79.64,-5.21],[-79.64,-5.21],[-79.73,-5.77],[-79.82,-6.34],[-79.84,-7.12],[-79.85,-7.89],[-79.86,-8.67],[-79.88,-9.45],[-79.56,-10.21],[-79.24,-10.97],[-78.92,-11.73],[-78.47,-12.51],[-78.02,-13.3],[-77.57,-14.08],[-77.11,-14.86],[-76.65,-15.64],[-76.19,-16.42],[-75.65,-17.03],[-75.11,-17.64],[-74.56,-18.25],[-74.02,-18.82],[-73.47,-19.4],[-72.91,-19.97],[-72.38,-20.58],[-71.79,-21.34],[-71.29,-21.91],[-71.02,-22.32],[-70.86,-22.83],[-70.63,-23.59],[-70.59,-24.47],[-70.56,-25.34],[-70.52,-26.33],[-70.48,-27.32],[-70.44,-28.31],[-70.4,-29.3],[-70.5,-30.11],[-70.61,-30.93],[-70.71,-31.74],[-70.82,-32.56],[-70.99,-33.41],[-71.15,-34.26],[-71.32,-35.11],[-71.49,-35.96],[-71.66,-36.8],[-71.84,-37.65],[-72.03,-38.5],[-72.2,-39.25],[-72.37,-40],[-72.55,-40.75]]]}},{"type":"Feature","properties":{"ma":20,"type":"gpml:TopologicalClosedPlateBoundary","name":"South America","pid":201,"deforming":false},"geometry":{"type":"Polygon","coordinates":[[[-13.15,-5.05],[-13.24,-5.08],[-13.55,-5.17],[-13.29,-6.03],[-13.04,-6.88],[-12.78,-7.74],[-12.52,-8.6],[-13.32,-8.76],[-14.11,-8.92],[-14.91,-9.09],[-14.71,-10.02],[-14.5,-10.95],[-14.87,-11.03],[-14.7,-11.76],[-14.53,-12.48],[-14.36,-13.2],[-15.3,-13.4],[-16.24,-13.58],[-16.01,-14.36],[-15.78,-15.14],[-15.54,-15.92],[-15.23,-15.9],[-15.05,-16.58],[-14.87,-17.26],[-14.69,-17.94],[-14.94,-18.05],[-14.74,-18.79],[-14.55,-19.54],[-13.98,-19.53],[-13.76,-20.38],[-13.53,-21.23],[-13.31,-22.08],[-13.08,-22.93],[-12.85,-23.78],[-13.4,-23.91],[-13.95,-24.03],[-13.89,-24.34],[-14.88,-24.56],[-14.83,-25.54],[-14.77,-26.51],[-15.05,-26.6],[-15,-27.42],[-14.96,-28.24],[-14.59,-28.23],[-14.34,-29.05],[-14.08,-29.87],[-13.76,-29.83],[-13.52,-30.59],[-14.34,-30.74],[-15.16,-30.89],[-14.92,-31.86],[-14.68,-32.84],[-14.44,-33.81],[-15.05,-33.92],[-15.66,-34.04],[-15.57,-34.54],[-15.47,-35.04],[-16.39,-35.2],[-16.42,-35.82],[-17.56,-35.99],[-17.51,-36.51],[-17.47,-37.02],[-18.23,-37.15],[-18.99,-37.28],[-18.86,-38.22],[-18.72,-39.16],[-18.58,-40.11],[-17.63,-40.03],[-17.58,-40.29],[-17.29,-40.32],[-17.17,-40.84],[-17.05,-41.36],[-17.43,-41.4],[-17.38,-41.94],[-18.62,-42.09],[-18.48,-42.93],[-18.34,-43.78],[-18.19,-44.63],[-18.03,-45.47],[-17.88,-46.32],[-17.71,-47.17],[-16.87,-47.06],[-16.64,-47.59],[-15.7,-47.5],[-15.48,-48.35],[-15.26,-49.21],[-14.11,-49.09],[-12.95,-48.96],[-11.81,-48.82],[-11.68,-49.49],[-11.55,-50.17],[-11.41,-50.84],[-9.99,-50.67],[-8.57,-50.48],[-8.32,-51.01],[-8.07,-51.54],[-7.78,-51.5],[-7.53,-52.09],[-7.11,-52.06],[-6.82,-52.8],[-6.51,-53.54],[-6.19,-54.28],[-5.86,-55.01],[-4.68,-54.83],[-3.51,-54.63],[-3.37,-55.17],[-3.21,-55.7],[-2.39,-55.61],[-2.11,-56.28],[-2.1,-56.3],[-2.1,-56.3],[-2.12,-56.31],[-3.19,-56.47],[-4.35,-56.52],[-4.32,-57.13],[-5.9,-57.22],[-5.9,-57.95],[-7.69,-57.97],[-7.82,-58.58],[-9.11,-58.61],[-10.4,-58.64],[-10.35,-59.08],[-12.04,-59.11],[-12.8,-59.14],[-13.77,-59.14],[-14.75,-59.13],[-15.05,-60.11],[-16.59,-60.03],[-16.69,-60.34],[-17.37,-60.33],[-17.46,-61.03],[-18.56,-61.03],[-18.66,-61.62],[-20.72,-61.7],[-22.46,-61.74],[-24.2,-61.77],[-25.94,-61.77],[-27.68,-61.76],[-29.41,-61.72],[-29.81,-62.23],[-30.23,-62.74],[-32.17,-62.7],[-33.48,-62.63],[-34.27,-63.36],[-34.59,-63.64],[-35.66,-63.54],[-36.1,-63.98],[-37.37,-63.74],[-37.82,-64.11],[-38.64,-63.96],[-39.58,-64.53],[-41.17,-64.1],[-41.86,-63.9],[-43.1,-64.2],[-43.39,-64.01],[-43.91,-64.17],[-45.11,-64.39],[-45.63,-64.45],[-45.64,-64.45],[-45.64,-64.45],[-46.43,-64.08],[-47.2,-63.7],[-47.2,-63.7],[-45.67,-63.31],[-43.78,-62.88],[-42.32,-62.41],[-40.67,-61.85],[-39.03,-61.38],[-37.73,-61.09],[-37.73,-61.09],[-37.57,-61.11],[-36.72,-61.02],[-36.67,-60.85],[-36.9,-60.8],[-36.96,-60.78],[-37.04,-60.76],[-37.04,-60.76],[-36.41,-60.15],[-36.41,-60.15],[-36.2,-59.65],[-35.99,-59.14],[-36.17,-58.49],[-36.35,-57.84],[-36.45,-57.3],[-36.55,-56.75],[-36.82,-56.18],[-37.08,-55.61],[-38.03,-54.95],[-38.82,-54.66],[-39.61,-54.36],[-39.61,-54.36],[-39.62,-54.35],[-41,-54.24],[-42.37,-54.11],[-43.83,-53.96],[-45.31,-54.05],[-46.79,-54.12],[-47.94,-54.16],[-49.09,-54.19],[-50.22,-54.34],[-51.36,-54.48],[-53,-54.78],[-54.67,-55.06],[-55.68,-55.07],[-56.69,-55.07],[-57.72,-55.15],[-58.6,-55.29],[-59.7,-55.62],[-60.68,-55.92],[-61.55,-56.04],[-62.42,-56.16],[-64,-56.2],[-65.57,-56.23],[-67.15,-56.23],[-68.63,-55.81],[-70.08,-55.37],[-71.5,-54.91],[-72.5,-54.5],[-73.49,-54.08],[-74.45,-53.65],[-74.45,-53.65],[-74.59,-53.41],[-74.78,-53.05],[-74.91,-52.72],[-75.03,-52.42],[-75.08,-52.17],[-75.16,-51.85],[-75.22,-51.49],[-75.16,-51.04],[-75.01,-50.68],[-74.9,-50.46],[-74.77,-50.2],[-74.61,-49.9],[-74.34,-49.42],[-74.09,-49.01],[-73.92,-48.67],[-73.81,-48.33],[-73.88,-47.89],[-73.9,-47.61],[-73.92,-47.38],[-73.91,-47.3],[-73.89,-47.04],[-73.87,-46.73],[-73.82,-46.37],[-73.77,-46.06],[-73.71,-45.73],[-73.64,-45.37],[-73.58,-45.1],[-73.46,-44.44],[-73.38,-44.01],[-73.29,-43.6],[-73.2,-43.23],[-73.07,-42.7],[-73,-42.41],[-72.91,-41.94],[-72.87,-41.65],[-72.8,-41.28],[-72.64,-41],[-72.64,-41],[-71.67,-40.58],[-70.72,-40.16],[-69.78,-39.73],[-68.85,-39.29],[-67.93,-38.84],[-67.3,-38.23],[-66.68,-37.61],[-66.06,-36.99],[-65.46,-36.36],[-65.4,-35.61],[-65.35,-34.86],[-65.3,-34.1],[-64.91,-33.24],[-64.53,-32.37],[-64.16,-31.51],[-63.67,-30.68],[-63.19,-29.86],[-62.71,-29.03],[-62.29,-28.11],[-61.88,-27.19],[-61.48,-26.27],[-61.05,-25.35],[-60.62,-24.43],[-60.2,-23.51],[-60.04,-22.69],[-59.88,-21.87],[-59.72,-21.05],[-59.91,-20.4],[-60.1,-19.75],[-60.28,-19.1],[-60.86,-18.56],[-61.43,-18.01],[-62,-17.46],[-62.57,-16.91],[-63.34,-16.45],[-64.11,-16],[-64.87,-15.54],[-65.63,-15.08],[-66.33,-14.57],[-67.01,-14.06],[-67.7,-13.54],[-68.38,-13.03],[-69.15,-12.48],[-69.92,-11.93],[-70.69,-11.37],[-71.45,-10.82],[-72.14,-10.25],[-72.83,-9.69],[-73.52,-9.13],[-74.2,-8.56],[-74.89,-7.99],[-75.57,-7.43],[-76.01,-7.05],[-76.01,-7.05],[-76.08,-6.7],[-75.96,-5.76],[-75.53,-5.23],[-75.11,-4.75],[-74.69,-4.26],[-74.1,-3.59],[-73.65,-2.89],[-73.65,-2.89],[-73.44,-2.94],[-72.56,-2.95],[-71.67,-2.96],[-70.93,-2.6],[-70.19,-2.24],[-69.58,-1.71],[-68.97,-1.17],[-68.43,-0.68],[-67.89,-0.18],[-67.43,0.12],[-66.97,0.43],[-66.97,0.43],[-66.93,1.16],[-66.9,1.89],[-66.91,2.65],[-66.91,3.4],[-66.92,4.16],[-66.92,4.91],[-66.78,5.75],[-66.64,6.59],[-66.31,7.27],[-65.98,7.95],[-65.49,8.68],[-64.99,9.41],[-64.99,9.41],[-64.03,9.36],[-63.08,9.31],[-62.12,9.25],[-61.17,9.2],[-60.21,9.14],[-59.26,9.07],[-59.26,9.07],[-59.06,9.71],[-58.85,10.63],[-58.65,11.55],[-58.81,12.48],[-58.96,13.41],[-59.3,13.88],[-59.63,14.35],[-59.78,14.7],[-59.78,14.7],[-59.38,14.75],[-58.63,14.82],[-57.87,14.88],[-57.12,14.95],[-56.11,14.97],[-55.11,15],[-54.1,15.01],[-53.08,15.01],[-52.06,15.01],[-51.05,15],[-50.08,14.71],[-49.11,14.41],[-48.34,14.34],[-47.57,14.27],[-47.57,14.27],[-47.65,13.95],[-47.65,13.95],[-46.77,13.71],[-45.89,13.48],[-45.89,12.74],[-45.9,12.01],[-45.9,11.28],[-45.08,11.1],[-45.1,10.71],[-44.69,10.62],[-44.76,9.69],[-43.82,9.5],[-42.89,9.32],[-41.95,9.13],[-41.95,8.49],[-41.73,8.44],[-41.73,7.91],[-41.53,7.88],[-41.54,7.33],[-41.01,7.25],[-41.04,6.74],[-40.08,6.61],[-39.12,6.49],[-39.11,6.19],[-38.45,6.12],[-37.78,6.05],[-37.77,5.9],[-36.99,5.82],[-36.96,5.5],[-36.28,5.4],[-36.29,5.14],[-35.41,5.09],[-34.53,5.04],[-34.5,4.15],[-33.9,4.11],[-33.86,3.29],[-33.82,2.46],[-32.87,2.43],[-31.91,2.39],[-31.85,1.63],[-31.78,0.87],[-31.71,0.11],[-31,0.11],[-30.93,-0.59],[-30.05,-0.58],[-29.18,-0.57],[-28.3,-0.55],[-27.43,-0.54],[-27.29,-1.08],[-26.65,-1.05],[-26.01,-1.01],[-25.84,-1.78],[-25.66,-2.54],[-24.74,-2.45],[-23.82,-2.35],[-22.9,-2.25],[-21.98,-2.16],[-21.06,-2.06],[-20.14,-1.96],[-19.22,-1.86],[-18.3,-1.76],[-17.39,-1.66],[-17.27,-2.1],[-17.04,-2.06],[-16.86,-2.65],[-16.56,-2.61],[-16.42,-2.97],[-15.65,-2.82],[-14.89,-2.67],[-14.12,-2.53],[-13.8,-3.36],[-13.47,-4.2],[-13.15,-5.04],[-13.15,-5.05]]]}},{"type":"Feature","properties":{"ma":20,"type":"gpml:TopologicalClosedPlateBoundary","name":"Somalia Plate from PB03 GS","pid":709,"deforming":false},"geometry":{"type":"Polygon","coordinates":[[[28.91,-48.83],[29.46,-47.93],[29.98,-47.04],[30.49,-46.14],[30.98,-45.23],[31.45,-44.33],[31.91,-43.42],[32.36,-42.52],[32.79,-41.61],[33.21,-40.7],[33.62,-39.78],[32.65,-39.19],[31.68,-38.59],[30.74,-37.98],[29.81,-37.36],[28.89,-36.74],[27.99,-36.11],[27.11,-35.47],[26.23,-34.83],[25.38,-34.18],[24.53,-33.53],[23.92,-32.75],[23.33,-31.97],[22.72,-31.53],[22.11,-31.08],[22.11,-30.39],[22.1,-29.69],[22.78,-29.4],[23.44,-29.1],[23.22,-28.22],[23,-27.33],[23.62,-26.69],[24.23,-26.04],[24.83,-25.39],[25.81,-25.1],[26.78,-24.81],[27.75,-24.5],[28.71,-24.19],[28.79,-23.36],[28.87,-22.54],[29.53,-21.87],[30.18,-21.21],[30.8,-20.8],[30.78,-20.24],[30.77,-19.68],[30.46,-19.18],[30.16,-18.69],[30.27,-18.03],[30.38,-17.38],[29.98,-16.7],[29.58,-16.02],[29.65,-15.41],[29.65,-15.41],[29.79,-15.1],[30.12,-14.49],[30.45,-13.87],[30.76,-13.32],[31.06,-12.76],[31.61,-12.14],[32.18,-11.54],[32.51,-11.02],[32.51,-11.02],[32.44,-10.92],[32.11,-10.31],[31.88,-9.81],[31.66,-9.32],[31.48,-8.77],[31.31,-8.22],[31.31,-8.22],[31.26,-8.21],[30.98,-8.16],[30.55,-7.94],[30.29,-7.96],[30.29,-7.96],[30.2,-7.67],[30.03,-7.23],[30.4,-6.92],[30.73,-6.65],[31.03,-5.88],[31.26,-5.21],[31.47,-4.98],[31.73,-4.65],[31.75,-4.21],[31.69,-3.69],[31.64,-3.2],[31.43,-2.79],[31.42,-2.68],[31.31,-2.47],[31.23,-2.22],[31.25,-1.95],[31.45,-1.54],[31.55,-1.13],[31.63,-0.66],[31.66,-0.44],[31.74,-0.12],[31.74,0.21],[31.74,0.58],[31.69,0.86],[31.66,1.39],[31.77,1.67],[31.96,1.94],[31.97,2.41],[32.34,2.95],[32.6,3.25],[32.65,3.26],[32.65,3.26],[32.72,3.35],[32.95,3.66],[33.13,3.98],[33.32,4.34],[33.67,4.5],[33.91,4.97],[33.91,5.28],[34.22,5.5],[34.47,5.63],[34.78,5.87],[35.07,6.11],[35.34,6.47],[35.64,6.75],[35.96,6.84],[36.23,6.98],[36.61,6.99],[37.02,7.1],[37.39,7.11],[37.74,7.14],[38.07,7.2],[38.52,7.26],[38.52,7.26],[38.76,7.33],[39.14,7.45],[39.46,7.56],[39.83,7.64],[40.02,7.75],[40.52,7.8],[40.82,7.81],[41.28,7.9],[41.5,8.17],[41.76,8.35],[42.06,8.5],[42.33,8.51],[42.55,8.52],[42.99,8.53],[43.5,8.55],[43.81,8.7],[44.03,8.95],[44.56,8.98],[44.93,9.07],[45.24,9.32],[45.48,9.61],[46.01,9.75],[46.4,9.79],[46.4,9.79],[46.44,10.38],[46.44,10.38],[47.38,10.6],[48.32,10.82],[49.26,11.04],[50.2,11.25],[50.97,11.38],[51.74,11.5],[52.5,11.62],[53.2,11.78],[53.91,11.93],[54.61,12.08],[54.61,12.08],[54.25,11.36],[53.9,10.64],[53.55,9.92],[53.2,9.19],[52.78,8.33],[52.35,7.47],[51.93,6.61],[51.5,5.74],[51.08,4.88],[51.08,4.88],[51.63,4.56],[52.19,4.24],[52.24,4.34],[52.92,3.82],[53.6,3.29],[53.48,3.12],[54.05,2.59],[54.62,2.05],[55.18,1.51],[55.75,0.98],[56.32,0.37],[56.9,-0.24],[57.54,-0.67],[58.01,-0.95],[58.48,-1.23],[58.56,-1.09],[59.23,-1.58],[59.5,-1.27],[60.23,-1.85],[60.96,-2.43],[60.54,-2.81],[61.11,-3.3],[60.81,-3.61],[61.09,-3.87],[60.78,-4.2],[61.07,-4.54],[60.68,-4.91],[61.33,-5.58],[61.16,-5.73],[61.64,-6.25],[62.12,-6.77],[61.97,-6.91],[62.45,-7.36],[62.93,-7.8],[62.5,-8.24],[62.07,-8.68],[62.39,-9.09],[62.78,-9.6],[62.78,-9.6],[62.06,-10.28],[62.49,-10.87],[62.04,-11.19],[61.59,-11.51],[61.88,-11.92],[61.5,-12.17],[61.74,-12.75],[61.32,-13.1],[60.9,-13.46],[61.03,-13.71],[60.45,-14.13],[59.88,-14.54],[60.19,-14.98],[60.5,-15.42],[60,-15.76],[59.49,-16.11],[59.84,-16.86],[60.2,-17.62],[59.44,-17.98],[59.85,-18.88],[60.27,-19.78],[60.69,-20.68],[59.91,-21.07],[59.12,-21.45],[58.33,-21.83],[58.72,-22.58],[59.11,-23.33],[59.62,-24.08],[60.13,-24.82],[60.69,-24.57],[61.24,-24.32],[61.69,-25.06],[62.16,-25.8],[62.62,-26.54],[61.96,-26.84],[62.46,-27.71],[62.96,-28.58],[62.96,-28.58],[62.94,-28.59],[61.97,-28.59],[61.97,-28.92],[60.93,-28.98],[59.89,-29.03],[59.84,-29.22],[59.36,-29.27],[59.37,-29.51],[58.83,-29.6],[58.8,-29.98],[58.02,-30],[57.93,-30.46],[57.45,-30.45],[57.34,-31.17],[56.59,-31.62],[55.84,-32.07],[55.08,-32.51],[54.31,-32.95],[54.32,-33.32],[53.97,-33.37],[53.89,-34.3],[53.57,-34.36],[53.59,-34.47],[53.41,-34.49],[53.42,-34.68],[52.96,-34.95],[52.09,-35.52],[51.22,-36.09],[50.33,-36.66],[50.27,-37.18],[50.21,-37.7],[49.1,-37.86],[48.99,-38.4],[47.81,-38.72],[46.62,-39.03],[45.41,-39.33],[44.2,-39.61],[43.98,-40.45],[43.04,-40.53],[42.86,-41.26],[41.74,-41.66],[40.61,-42.04],[39.47,-42.41],[39.32,-43.27],[39.17,-44.14],[39.02,-45],[38.49,-45.01],[38.43,-45.23],[37.24,-45.12],[37.27,-44.81],[36.38,-44.73],[36.14,-45.31],[35.9,-45.89],[35.09,-45.85],[34.29,-45.81],[33.94,-46.7],[33.15,-46.58],[32.94,-46.95],[31.83,-46.84],[31.53,-47.49],[31.22,-48.13],[30.25,-47.97],[30.02,-48.48],[29.79,-48.98],[28.91,-48.83]]]}},{"type":"Feature","properties":{"ma":20,"type":"gpml:TopologicalClosedPlateBoundary","name":"Kamchatka","pid":406,"deforming":false},"geometry":{"type":"Polygon","coordinates":[[[148.32,51.45],[148.24,52.24],[148.27,52.91],[148.3,53.58],[148.35,54.56],[148.32,55.43],[148.3,56.31],[148.41,57.12],[148.53,57.92],[148.53,57.92],[148.79,57.84],[148.79,57.84],[148.72,57.56],[148.66,56.7],[149,56.27],[149.13,55.44],[149.38,54.77],[149.61,54.1],[149.61,54.1],[149.66,53.98],[150.38,54.32],[151.11,54.65],[151.11,54.65],[152.43,55.17],[153.79,55.68],[154.65,56.18],[155.54,56.67],[156.44,57.15],[157.02,57.81],[157.62,58.47],[158.2,58.99],[158.8,59.51],[159.49,60.26],[159.49,60.26],[160.75,60.57],[160.75,60.57],[161.68,59.94],[162.23,59.39],[162.75,58.82],[163.55,58.14],[163.55,58.14],[165.07,57.57],[166.55,56.98],[166.55,56.98],[166.19,56.92],[165.55,56.51],[164.91,56.1],[164.54,55.72],[163.98,55.48],[163.19,55.25],[162.13,55.25],[160.8,55.37],[159.91,55.53],[158.65,55.64],[157.39,55.74],[156.12,55.83],[156.12,55.83],[155.32,55.31],[154.55,54.77],[153.98,54.37],[153.42,53.96],[152.8,53.61],[152.2,53.25],[150.99,52.73],[149.81,52.2],[148.66,51.66],[148.32,51.45]]]}},{"type":"Feature","properties":{"ma":20,"type":"gpml:TopologicalClosedPlateBoundary","name":"West Burma","pid":607,"deforming":false},"geometry":{"type":"Polygon","coordinates":[[[88.19,4.42],[87.95,5.16],[87.71,5.9],[87.47,6.64],[87.23,7.38],[87.14,7.73],[87.14,7.73],[87.37,8.06],[87.57,8.95],[87.77,9.85],[87.97,10.74],[88.05,11.57],[88.13,12.39],[88.21,13.22],[88.05,14.1],[87.89,14.97],[87.72,15.85],[87.87,16.61],[88.03,17.37],[88.19,18.13],[88.67,18.8],[89.16,19.47],[89.65,20.13],[89.99,20.78],[90.33,21.43],[90.67,22.08],[90.85,22.91],[91.03,23.74],[91.11,24.66],[91.18,25.58],[91.26,26.5],[91.31,27.49],[91.35,28.47],[91.35,29.36],[91.36,30.25],[91.36,30.25],[91.91,30.14],[91.91,30.14],[92.08,29.4],[92.24,28.66],[92.4,27.91],[92.55,27.17],[92.34,26.26],[92.14,25.35],[91.94,24.45],[91.74,23.54],[91.78,22.74],[91.81,21.94],[91.85,21.14],[92.08,20.16],[92.3,19.18],[92.52,18.21],[92.66,17.35],[92.79,16.48],[92.93,15.62],[93.06,14.76],[93.06,14.76],[92.86,14.39],[92.61,13.53],[92.36,12.67],[92.35,11.92],[92.33,11.17],[92.32,10.41],[92.39,9.65],[92.47,8.9],[92.54,8.14],[92.54,8.14],[91.66,7.79],[90.77,7.44],[89.89,7.09],[90.21,6.21],[90.54,5.34],[89.75,5.03],[88.97,4.73],[88.19,4.42]]]}},{"type":"Feature","properties":{"ma":20,"type":"gpml:TopologicalClosedPlateBoundary","name":"Izu Bonin Mariana","pid":659,"deforming":false},"geometry":{"type":"Polygon","coordinates":[[[137.91,39.59],[138.28,38.85],[138.64,38.12],[139.04,37.19],[139.44,36.26],[139.75,35.74],[140.06,35.23],[140.41,34.52],[140.75,33.81],[141,33.14],[141.25,32.47],[141.44,31.75],[141.64,31.03],[141.77,30.49],[141.89,29.95],[141.98,29.44],[142.06,28.93],[142.23,28.23],[142.39,27.53],[142.61,26.93],[142.82,26.33],[143.02,25.79],[143.23,25.26],[143.58,24.75],[143.94,24.24],[144.25,23.69],[144.57,23.15],[144.68,22.65],[144.79,22.16],[144.84,21.54],[144.89,20.93],[145.14,20.33],[145.38,19.73],[145.95,19.13],[146.35,18.77],[146.74,18.41],[146.97,17.74],[147.2,17.08],[147.34,16.78],[147.34,16.78],[147.55,15.88],[147.75,14.98],[147.85,14.06],[147.95,13.14],[147.76,12.21],[147.57,11.29],[147.39,10.37],[147.2,9.45],[147.02,8.53],[146.83,7.6],[146.29,6.87],[145.74,6.13],[145.2,5.4],[144.63,4.78],[144.06,4.15],[143.49,3.53],[142.92,2.9],[142.35,2.28],[141.69,2.08],[141.69,2.08],[141.9,2.96],[142.04,3.84],[142.18,4.72],[142.32,5.6],[142.52,6.44],[142.72,7.29],[142.92,8.13],[142.83,8.95],[142.74,9.77],[142.65,10.6],[142.56,11.42],[142.47,12.24],[142.68,12.28],[142.57,13.15],[142.46,14.01],[142.61,14.03],[142.53,14.7],[142.46,15.37],[142.38,16.04],[142.58,16.09],[142.43,17],[142.29,17.9],[142.16,18.41],[142.04,18.92],[141.85,19.5],[141.67,20.09],[141.79,20.11],[141.79,20.11],[141.34,20.9],[140.87,21.69],[140.44,22.43],[140,23.17],[139.61,23.89],[139.21,24.6],[138.81,25.32],[138.53,25.85],[138.24,26.38],[138.15,26.37],[137.79,26.96],[137.43,27.55],[137,28.34],[136.57,29.13],[136.13,29.92],[135.73,30.65],[135.32,31.39],[134.91,32.12],[134.49,32.85],[134.03,33.51],[133.56,34.17],[133.08,34.83],[132.6,35.49],[132.6,35.49],[133.1,35.8],[133.78,36.3],[134.24,36.62],[134.6,36.9],[134.91,37.13],[135.19,37.33],[135.49,37.57],[135.86,37.84],[136.31,38.18],[136.78,38.54],[137.59,39.23],[137.91,39.59]]]}},{"type":"Feature","properties":{"ma":20,"type":"gpml:TopologicalClosedPlateBoundary","name":"Sumatra Forearc","pid":686,"deforming":false},"geometry":{"type":"Polygon","coordinates":[[[99.58,-6],[99.12,-5.67],[98.66,-5.34],[98.02,-4.79],[97.38,-4.25],[96.74,-3.7],[96.1,-3.16],[95.36,-2.5],[94.61,-1.84],[93.87,-1.18],[93.12,-0.51],[92.39,0.1],[91.65,0.72],[90.92,1.34],[90.18,1.96],[89.55,2.69],[88.91,3.43],[88.28,4.16],[88.19,4.42],[88.19,4.42],[88.97,4.73],[89.75,5.03],[90.54,5.34],[90.21,6.21],[89.89,7.09],[90.77,7.44],[91.66,7.79],[92.54,8.14],[92.54,8.14],[92.57,7.9],[92.84,6.94],[93.12,5.99],[93.82,5.4],[94.52,4.82],[94.52,4.82],[94.96,4.17],[95.39,3.55],[95.81,2.92],[96.46,2.23],[97.11,1.55],[97.76,0.86],[98.41,0.18],[99.06,-0.51],[99.82,-1.16],[100.57,-1.81],[101.01,-2.37],[101.44,-2.93],[101.56,-3.52],[101.67,-4.12],[101.66,-4.69],[101.64,-5.27],[101.72,-6.19],[101.71,-6.72],[101.71,-6.72],[101.38,-6.59],[100.96,-6.43],[100.19,-6.14],[99.58,-6]]]}},{"type":"Feature","properties":{"ma":20,"type":"gpml:TopologicalClosedPlateBoundary","name":"Arabia","pid":503,"deforming":false},"geometry":{"type":"Polygon","coordinates":[[[37.09,32.22],[37.52,31.79],[38.09,31.17],[38.65,30.55],[39.01,30.11],[39.37,29.67],[39.47,29.12],[39.56,28.56],[39.93,28.03],[40.3,27.49],[40.92,26.9],[41.93,26.56],[42.74,26.52],[43.42,26.21],[43.82,25.72],[43.88,25.06],[44.2,24.36],[44.45,23.79],[44.69,23.17],[44.83,22.75],[45.3,22.21],[45.82,21.63],[46.64,21.05],[47.36,20.74],[48.42,20.76],[49.11,20.92],[49.66,21.12],[50.37,21.43],[51.08,21.73],[51.69,22.05],[52.3,22.36],[52.87,22.8],[53.45,23.24],[54.03,23.67],[54.69,24.21],[55.36,24.74],[55.36,24.74],[55.57,24.65],[56.2,24.52],[56.82,24.38],[57.37,24.25],[57.92,24.13],[58.94,24.24],[59.58,24.31],[60.23,24.37],[61.24,24.43],[61.43,24.44],[61.43,24.44],[61.01,23.75],[60.49,23.07],[59.97,22.39],[59.46,21.71],[58.95,21.03],[58.44,20.34],[57.98,19.53],[57.52,18.72],[57.06,17.91],[56.61,17.1],[56.17,16.28],[55.87,15.43],[55.58,14.58],[55.29,13.73],[55,12.88],[54.61,12.08],[54.61,12.08],[53.91,11.93],[53.2,11.78],[52.5,11.62],[51.74,11.5],[50.97,11.38],[50.2,11.25],[49.26,11.04],[48.32,10.82],[47.38,10.6],[46.44,10.38],[46.44,10.38],[46.48,11.05],[46.48,11.05],[46.29,11.07],[46.27,11.05],[45.93,10.97],[45.36,10.82],[44.82,10.65],[44.61,10.42],[44.6,10.27],[44.59,9.94],[44.43,9.87],[44.28,9.77],[43.44,9.36],[42.98,9.43],[42.73,9.4],[42.45,9.15],[42.06,9.3],[42.01,9.06],[41.76,8.79],[41.4,8.62],[41.06,8.49],[40.74,8.47],[40.41,8.49],[39.94,8.59],[39.65,8.6],[39.38,8.48],[38.84,8.42],[38.51,8.34],[38.28,8.31],[37.95,8.19],[37.65,8.03],[37.31,7.84],[37.01,7.75],[36.92,7.74],[36.92,7.74],[36.8,7.6],[36.64,7.51],[36.51,7.5],[36.25,7.47],[36.12,7.46],[36.08,7.45],[36.08,7.45],[36.08,7.47],[36.12,7.62],[36.12,7.62],[36.05,7.91],[36.01,8.22],[36.08,8.6],[36.08,8.99],[36.01,9.41],[36,10],[35.95,10.59],[35.67,11.18],[35.31,11.86],[34.97,12.37],[35.19,12.96],[35.02,13.51],[34.94,14.03],[34.76,14.53],[34.51,14.89],[34.13,15.18],[33.8,15.57],[33.5,15.97],[33.37,16.25],[33.27,16.57],[33.25,16.92],[32.92,17.81],[32.59,18.7],[32.45,19.22],[31.81,19.48],[31.53,19.96],[31.24,20.62],[31.1,21.36],[30.58,21.76],[30.54,22.43],[29.99,22.93],[29.89,23.59],[29.65,24.06],[29.7,24.03],[29.45,24.63],[29.55,24.85],[29.55,24.85],[29.49,24.89],[29.41,24.94],[29.41,24.94],[29.52,25.13],[29.58,25.63],[29.68,26.42],[29.84,26.91],[29.95,27.71],[30.24,28.48],[30.46,29.01],[30.68,29.54],[30.99,30.42],[31.19,31.2],[31.03,31.42],[31.39,31.89],[31.8,32.15],[32.34,32.6],[32.95,32.84],[33.48,33.19],[34.08,33.43],[34.68,33.71],[35.18,34.11],[35.42,34.63],[35.66,35.15],[35.89,35.71],[35.89,35.71],[36.3,35.76],[37.05,35.64],[37.8,35.52],[37.8,35.52],[37.63,34.92],[37.46,34.31],[37.33,33.61],[37.21,32.92],[37.09,32.22]]]}},{"type":"Feature","properties":{"ma":20,"type":"gpml:TopologicalClosedPlateBoundary","name":"Celebes Sea","pid":645,"deforming":false},"geometry":{"type":"Polygon","coordinates":[[[117.23,7.79],[117.98,8.2],[118.74,8.61],[119.47,9.17],[120.21,9.72],[120.94,10.28],[121.12,10.53],[121.12,10.53],[121.14,9.85],[121.16,9.17],[121.35,8.37],[121.53,7.58],[121.53,7.58],[121.61,6.8],[121.68,6.03],[121.76,5.26],[121.84,4.49],[122.27,3.72],[122.69,2.95],[123.12,2.17],[123.54,1.4],[123.66,0.46],[123.77,-0.49],[123.89,-1.43],[124,-2.38],[124.11,-3.32],[124.23,-4.27],[124.34,-5.22],[124.46,-6.16],[124.57,-7.11],[124.69,-8.05],[124.69,-8.05],[124.14,-8.07],[123.38,-8.1],[122.62,-8.14],[121.86,-8.17],[121.1,-8.2],[120.15,-8.04],[119.21,-7.88],[118.27,-7.72],[117.42,-7.78],[116.58,-7.84],[115.98,-7.83],[115.39,-7.83],[115.39,-7.83],[115.39,-7.81],[115.6,-7.15],[115.81,-6.49],[116.02,-5.83],[116.1,-4.84],[116.17,-3.85],[116.24,-2.86],[116.31,-1.87],[116.58,-1.23],[116.85,-0.59],[116.78,0.24],[116.71,1.07],[117.41,1.66],[118.11,2.26],[118.38,2.79],[118.38,2.79],[118.22,3.71],[118,4.66],[117.77,5.61],[117.53,6.56],[117.3,7.51],[117.23,7.79]]]}},{"type":"Feature","properties":{"ma":20,"type":"gpml:TopologicalClosedPlateBoundary","name":"Aluk","pid":904,"deforming":false},"geometry":{"type":"Polygon","coordinates":[[[-78.54,-67.62],[-76.94,-66.93],[-77.46,-66.77],[-76.19,-66.21],[-74.98,-65.63],[-75.52,-65.46],[-74.39,-64.97],[-73.29,-64.47],[-72.24,-63.96],[-73.15,-63.65],[-74.04,-63.33],[-73.28,-62.98],[-74.28,-62.5],[-73.44,-62.02],[-74.47,-61.54],[-73.5,-61.01],[-74.69,-60.48],[-75.84,-59.94],[-76.96,-59.39],[-78.04,-58.83],[-77.22,-58.24],[-76.42,-57.65],[-77.56,-57.21],[-76.99,-56.7],[-76.08,-56.06],[-75.2,-55.4],[-75.2,-55.4],[-74.51,-56.04],[-73.8,-56.68],[-72.43,-57.23],[-71.01,-57.77],[-70.31,-57.99],[-70.31,-57.99],[-69.01,-58.62],[-67.67,-59.23],[-67.67,-59.23],[-66.62,-59.44],[-65.02,-60.01],[-63.36,-60.56],[-61.81,-61.18],[-60.2,-61.78],[-60.08,-61.85],[-60.08,-61.85],[-61.66,-62.13],[-63.42,-62.55],[-65.22,-62.96],[-65.22,-62.96],[-65.19,-62.97],[-65.19,-62.97],[-65.6,-63.06],[-66.82,-63.43],[-67.92,-63.75],[-69.24,-64],[-70.59,-64.24],[-72.06,-64.66],[-73.48,-65.44],[-74.97,-66.16],[-76.2,-66.76],[-78.03,-67.44],[-78.54,-67.62]]]}},{"type":"Feature","properties":{"ma":20,"type":"gpml:TopologicalClosedPlateBoundary","name":"","pid":922,"deforming":false},"geometry":{"type":"Polygon","coordinates":[[[144.36,-10.2],[145.19,-10.16],[146.02,-10.12],[146.81,-9.96],[147.6,-9.79],[148.39,-9.63],[149.27,-9.4],[150.14,-9.17],[151.02,-8.93],[151.89,-8.7],[152.66,-8.21],[153.44,-7.71],[154.21,-7.22],[154.85,-6.67],[155.49,-6.11],[155.49,-6.11],[155.67,-5.56],[155.85,-5.02],[155.76,-4.19],[155.68,-3.36],[155.59,-2.53],[155.5,-1.69],[155.41,-0.86],[155.37,-0.72],[155.37,-0.72],[155.96,-1.05],[156.54,-1.37],[157.31,-2],[158.02,-2.49],[158.73,-2.98],[159.13,-3.37],[159.54,-3.75],[159.93,-4.09],[160.31,-4.43],[160.65,-4.84],[160.98,-5.25],[161.34,-5.73],[161.69,-6.21],[162.41,-6.89],[162.92,-7.19],[163.42,-7.48],[164.02,-7.64],[164.62,-7.8],[165.53,-8.16],[166.3,-8.75],[166.97,-9.06],[167.63,-9.36],[168.5,-9.74],[169.37,-10.13],[170.01,-10.5],[170.01,-10.5],[169.34,-11.18],[168.66,-11.86],[167.98,-12.54],[167.29,-13.21],[166.6,-13.88],[165.91,-14.55],[165.21,-15.22],[164.51,-15.89],[163.8,-16.55],[163.09,-17.21],[162.37,-17.87],[161.65,-18.53],[160.92,-19.18],[160.19,-19.83],[159.45,-20.48],[158.7,-21.12],[158.7,-21.12],[158.01,-20.79],[157.33,-20.45],[156.48,-20.31],[155.51,-20.04],[154.96,-19.87],[154.41,-19.69],[153.72,-19.59],[153.02,-19.48],[152.4,-19.31],[151.78,-19.13],[151.08,-18.91],[150.39,-18.69],[149.7,-18.46],[149.02,-18.07],[148.33,-17.68],[147.64,-17.29],[146.96,-16.9],[146.27,-16.51],[145.85,-15.92],[145.44,-15.33],[145.02,-14.73],[144.84,-14.05],[144.66,-13.36],[144.48,-12.67],[144.44,-11.85],[144.4,-11.03],[144.36,-10.2]]]}},{"type":"Feature","properties":{"ma":20,"type":"gpml:TopologicalClosedPlateBoundary","name":"Norfolk Basin plate","pid":835,"deforming":false},"geometry":{"type":"Polygon","coordinates":[[[171.88,-39.79],[171.14,-39.79],[170.4,-39.79],[170.23,-38.84],[170.06,-37.89],[169.9,-36.93],[169.74,-35.98],[169.58,-35.02],[169.43,-34.07],[169.42,-33.96],[169.42,-33.96],[169.42,-33.96],[170.26,-34.02],[171.11,-34.08],[171.11,-34.08],[171.35,-34.82],[171.7,-35.77],[172.04,-36.72],[172.38,-37.58],[172.72,-38.44],[173.01,-39.28],[173.31,-40.13],[173.45,-40.54],[173.45,-40.54],[173.43,-40.53],[172.15,-40.4],[172,-40.4],[171.88,-39.79]]]}},{"type":"Feature","properties":{"ma":20,"type":"gpml:TopologicalClosedPlateBoundary","name":"","pid":839,"deforming":false},"geometry":{"type":"MultiPolygon","coordinates":[[[[180,-22.92],[180,-23.87],[180,-24.83],[180,-25.78],[180,-26.74],[180,-27.7],[180,-28.65],[180,-29.61],[180,-30.56],[180,-31.52],[180,-32.48],[180,-33.43],[180,-34.39],[180,-35.34],[180,-36.3],[180,-37.25],[180,-38.21],[180,-39.17],[180,-40.12],[180,-41.08],[179.78,-41.48],[179.78,-41.48],[179.53,-41.45],[178.78,-41.37],[177.69,-41.73],[177.03,-41.95],[176.75,-41.97],[176.75,-41.97],[176.37,-41.68],[175.96,-41.28],[175.2,-40.87],[174.35,-40.68],[173.45,-40.54],[173.45,-40.54],[173.31,-40.13],[173.01,-39.28],[172.72,-38.44],[172.38,-37.58],[172.04,-36.72],[171.7,-35.77],[171.35,-34.82],[171.11,-34.08],[171.11,-34.08],[170.26,-34.02],[169.42,-33.96],[168.3,-33.87],[167.18,-33.77],[166.06,-33.65],[166.06,-33.65],[165.73,-32.79],[165.41,-31.92],[165.09,-31.06],[164.78,-30.19],[163.91,-29.7],[163.05,-29.2],[162.2,-28.7],[161.36,-28.19],[160.65,-27.6],[159.96,-27.01],[159.28,-26.42],[158.98,-25.78],[158.69,-25.15],[159.11,-24.42],[159.52,-23.7],[160.05,-23.34],[160.57,-22.99],[160.46,-22.36],[160.35,-21.73],[159.56,-21.4],[158.77,-21.07],[158.77,-21.07],[159.51,-20.43],[160.24,-19.78],[160.97,-19.14],[161.7,-18.49],[162.41,-17.83],[163.13,-17.18],[163.84,-16.52],[164.54,-15.86],[165.24,-15.2],[165.93,-14.53],[166.62,-13.86],[167.31,-13.2],[167.99,-12.52],[168.67,-11.85],[169.34,-11.18],[170.01,-10.5],[170.01,-10.5],[170.05,-10.53],[170.78,-11.02],[171.26,-11.23],[171.74,-11.43],[172.31,-11.64],[172.31,-11.64],[172.87,-12.17],[173.44,-12.7],[174,-13.23],[174.57,-13.76],[175.14,-14.38],[175.71,-15],[176.28,-15.62],[176.8,-16.14],[177.33,-16.66],[177.86,-17.18],[178.25,-18.07],[178.64,-18.96],[179,-19.62],[179.37,-20.28],[179.75,-20.94],[179.87,-21.45],[180,-21.96],[180,-22.92]]],[[[-180,-40.12],[-180,-39.17],[-180,-38.21],[-180,-37.25],[-180,-36.3],[-180,-35.34],[-180,-34.39],[-180,-33.43],[-180,-32.48],[-180,-31.52],[-180,-30.56],[-180,-29.61],[-180,-28.65],[-180,-27.7],[-180,-26.74],[-180,-25.78],[-180,-24.83],[-180,-23.87],[-180,-22.92],[-180,-21.96],[-179.77,-22.89],[-179.54,-23.66],[-179.31,-24.43],[-179.08,-25.21],[-179.09,-26.2],[-179.09,-27.2],[-179.1,-28.2],[-179.08,-28.96],[-179.05,-29.71],[-178.94,-30.68],[-178.83,-31.64],[-178.61,-32.35],[-178.38,-33.05],[-178.38,-33.05],[-178.47,-33.65],[-178.69,-34.51],[-178.92,-35.37],[-179.14,-36.23],[-179.38,-37.09],[-179.47,-37.99],[-179.57,-38.89],[-179.5,-39.45],[-179.43,-40.01],[-179.71,-40.55],[-180,-41.08],[-180,-40.12]]]]}},{"type":"Feature","properties":{"ma":20,"type":"gpml:TopologicalClosedPlateBoundary","name":"Central Scotia Sea","pid":818,"deforming":false},"geometry":{"type":"Polygon","coordinates":[[[-62.43,-60.22],[-61.72,-59.68],[-61.03,-59.14],[-59.59,-59.49],[-58.9,-58.83],[-58.22,-58.16],[-57.31,-58.38],[-56.65,-57.59],[-55.06,-57.93],[-53.44,-58.25],[-53.03,-57.66],[-51.59,-57.89],[-50.13,-58.1],[-48.66,-58.29],[-48.22,-57.53],[-47.79,-56.76],[-46.59,-56.95],[-46.16,-56.31],[-45.74,-55.67],[-45.33,-55.02],[-45.33,-55.02],[-45.29,-55.02],[-45.05,-54.83],[-45.22,-54.41],[-45.84,-54.07],[-45.84,-54.07],[-44.83,-54.02],[-43.83,-53.96],[-43.49,-54],[-43.49,-54],[-44,-54.25],[-44.23,-54.49],[-43.93,-54.64],[-43.08,-54.8],[-42.33,-54.93],[-41.92,-55.04],[-41.79,-55.09],[-41.75,-55.1],[-41.75,-55.1],[-41.77,-55.22],[-41.8,-55.41],[-41.09,-55.8],[-40.23,-55.99],[-39.36,-56.17],[-38.45,-56.56],[-37.97,-56.58],[-37,-56.52],[-36.74,-56.34],[-36.74,-56.34],[-36.55,-56.75],[-36.45,-57.3],[-36.35,-57.84],[-36.17,-58.49],[-35.99,-59.14],[-36.2,-59.65],[-36.41,-60.15],[-37.04,-60.76],[-37.04,-60.76],[-37.09,-60.75],[-37.25,-60.71],[-37.41,-60.67],[-37.52,-60.65],[-37.69,-60.6],[-37.72,-60.46],[-37.68,-60.31],[-37.47,-60.18],[-37.16,-60.05],[-36.98,-59.95],[-36.98,-59.95],[-37.05,-59.78],[-38,-59.83],[-38.35,-59.91],[-38.73,-59.83],[-39.35,-59.78],[-39.65,-59.82],[-39.65,-59.82],[-39.96,-60.03],[-40.04,-60.27],[-40.17,-60.72],[-41.05,-60.94],[-41.42,-61.05],[-41.42,-61.05],[-41.49,-60.88],[-42.03,-60.42],[-43.11,-60.32],[-43.68,-60.4],[-43.68,-60.4],[-43.83,-60.52],[-44.28,-60.88],[-44.51,-61.06],[-44.64,-61.15],[-44.92,-61.38],[-45.45,-61.69],[-45.75,-61.81],[-45.75,-61.81],[-45.99,-61.73],[-47.17,-61.42],[-48.24,-61.34],[-48.24,-61.34],[-47.84,-61],[-47.64,-60.76],[-47.38,-60.46],[-47.05,-60.07],[-46.71,-59.68],[-46.71,-59.68],[-46.71,-59.67],[-47.14,-59.43],[-47.77,-59.44],[-48.36,-59.43],[-49.18,-59.5],[-49.99,-59.51],[-50.13,-59.56],[-50.13,-59.56],[-50.54,-60.05],[-50.85,-60.58],[-51.18,-61.12],[-51.35,-61.39],[-51.35,-61.4],[-51.35,-61.4],[-52.51,-61.44],[-53.16,-61.43],[-54.07,-61.42],[-54.07,-61.42],[-53.96,-61.18],[-53.72,-60.62],[-53.49,-60.09],[-53.15,-59.58],[-53.05,-59.41],[-52.9,-59.18],[-52.24,-58.54],[-52.24,-58.54],[-53.3,-58.39],[-54.34,-58.23],[-55.1,-59],[-55.61,-58.96],[-56.36,-59.78],[-57.72,-59.56],[-58.46,-60.27],[-59.23,-60.97],[-57.99,-61.23],[-58.5,-61.82],[-59.03,-62.42],[-59.03,-62.42],[-60.2,-61.78],[-61.72,-61.21],[-63.19,-60.63],[-62.43,-60.22]]]}},{"type":"Feature","properties":{"ma":20,"type":"gpml:TopologicalClosedPlateBoundary","name":"Magallanes plate","pid":819,"deforming":false},"geometry":{"type":"Polygon","coordinates":[[[-45.33,-55.02],[-45.74,-55.67],[-46.16,-56.31],[-46.59,-56.95],[-47.79,-56.76],[-48.22,-57.53],[-48.66,-58.29],[-50.13,-58.1],[-51.59,-57.89],[-53.03,-57.66],[-53.44,-58.25],[-55.06,-57.93],[-56.65,-57.59],[-57.31,-58.38],[-58.22,-58.16],[-58.9,-58.83],[-59.59,-59.49],[-61.03,-59.14],[-61.72,-59.68],[-62.43,-60.22],[-63.19,-60.63],[-63.19,-60.63],[-63.36,-60.56],[-64.39,-60.22],[-65.4,-59.88],[-65.4,-59.88],[-65.16,-59.49],[-64.23,-58.85],[-63.34,-58.21],[-62.09,-58.51],[-61.19,-57.74],[-60.7,-57.81],[-59.8,-57.09],[-59.41,-56.76],[-59.41,-56.76],[-59.23,-56.79],[-58.72,-56.88],[-58.21,-56.96],[-57.86,-57.01],[-57.44,-57.06],[-56.79,-57.01],[-55.92,-56.94],[-55.43,-57],[-54.82,-57.07],[-53.9,-57.08],[-52.88,-56.82],[-51.84,-56.55],[-51.92,-56.24],[-51.92,-56.24],[-51.57,-56.24],[-51.48,-56.24],[-51.33,-56.24],[-51.07,-56.23],[-50.92,-56.22],[-50.74,-56.18],[-50.59,-56.15],[-50.51,-56.13],[-50.25,-56.03],[-49.91,-56.1],[-49.48,-56.17],[-49.21,-56.12],[-48.84,-56.05],[-48.47,-55.97],[-48.19,-55.91],[-48.09,-55.57],[-47.55,-55.46],[-47.21,-55.39],[-46.84,-55.31],[-46.79,-55.12],[-46.76,-55.04],[-46.76,-55.04],[-46.42,-55.05],[-46.28,-55.05],[-45.78,-55.04],[-45.52,-55.03],[-45.41,-55.03],[-45.33,-55.02]]]}},{"type":"Feature","properties":{"ma":20,"type":"gpml:TopologicalClosedPlateBoundary","name":"Final sliver of Neotethys subducted beneath Iran during Arabia-Eurasia deformation","pid":503,"deforming":false},"geometry":{"type":"Polygon","coordinates":[[[52.1,22.26],[51.4,22.64],[50.71,23.03],[50,23.57],[49.3,24.11],[48.59,24.65],[47.94,25.4],[47.29,26.15],[46.64,26.89],[46.02,27.36],[45.39,27.82],[44.75,28.28],[43.97,28.96],[43.18,29.63],[42.51,30.28],[41.82,30.93],[41.12,31.58],[40.65,32.13],[40.18,32.67],[39.69,33.22],[39.5,33.78],[39.5,33.78],[40.32,33.2],[41.13,32.62],[42.04,32.03],[42.94,31.44],[43.65,31.05],[44.36,30.66],[45.06,30.26],[45.83,29.59],[46.6,28.92],[47.35,28.24],[48.15,27.78],[48.94,27.31],[49.73,26.85],[50.56,26.5],[51.39,26.16],[52.21,25.81],[52.99,25.57],[53.76,25.33],[54.56,25.04],[55.36,24.74],[55.36,24.74],[54.69,24.21],[54.03,23.67],[53.45,23.24],[52.87,22.8],[52.3,22.36],[52.1,22.26]]]}},{"type":"Feature","properties":{"ma":20,"type":"gpml:TopologicalClosedPlateBoundary","name":"Caroline Plate","pid":653,"deforming":false},"geometry":{"type":"Polygon","coordinates":[[[137.09,-8.99],[137.27,-8.17],[137.46,-7.34],[137.65,-6.51],[137.88,-5.86],[138.11,-5.2],[138.33,-4.54],[138.25,-3.85],[138.17,-3.16],[138.09,-2.47],[138.18,-1.63],[138.27,-0.78],[138.37,0.07],[138.64,0.86],[138.64,0.86],[139.34,1.22],[140.05,1.58],[140.82,1.81],[141.58,2.05],[142.35,2.28],[142.92,2.9],[143.49,3.53],[144.06,4.15],[144.63,4.78],[145.2,5.4],[145.74,6.13],[146.29,6.87],[146.83,7.6],[147.03,8.58],[147.22,9.55],[147.22,9.55],[147.91,9.11],[148.6,8.67],[149.28,8.23],[149.96,7.78],[150.64,7.34],[151.38,6.96],[152.12,6.57],[152.85,6.18],[153.58,5.79],[153.58,5.79],[153.74,4.92],[153.89,4.05],[154.15,3.23],[154.4,2.41],[154.65,1.59],[154.91,0.77],[155.16,-0.05],[155.41,-0.86],[155.5,-1.69],[155.59,-2.53],[155.68,-3.36],[155.76,-4.19],[155.85,-5.02],[155.67,-5.56],[155.49,-6.11],[155.49,-6.11],[154.85,-6.67],[154.21,-7.22],[153.44,-7.71],[152.66,-8.21],[151.89,-8.7],[151.02,-8.93],[150.14,-9.17],[149.27,-9.4],[148.39,-9.63],[147.6,-9.79],[146.81,-9.96],[146.02,-10.12],[145.25,-10.16],[144.48,-10.2],[143.71,-10.23],[143.71,-10.23],[143.23,-9.99],[142.6,-9.86],[142.06,-9.78],[141.37,-9.71],[140.83,-9.67],[140.28,-9.63],[139.66,-9.52],[139.04,-9.42],[138.08,-9.21],[137.12,-9.01],[137.09,-8.99]]]}},{"type":"Feature","properties":{"ma":20,"type":"gpml:TopologicalClosedPlateBoundary","name":"Proto Molucca Plate","pid":781,"deforming":false},"geometry":{"type":"Polygon","coordinates":[[[121.95,4.3],[122.52,3.84],[123.1,3.37],[123.67,2.91],[124.39,2.33],[125.11,1.75],[125.84,1.18],[126.43,0.77],[127.02,0.36],[127.61,-0.04],[128.42,-0.57],[129.23,-1.09],[129.7,-1.56],[130.16,-2.03],[130.58,-2.49],[130.99,-2.94],[131.24,-3.4],[131.5,-3.86],[131.69,-4.74],[131.88,-5.62],[132.24,-6.35],[132.59,-7.08],[133.42,-7.46],[134.25,-7.83],[135.08,-8.21],[135.76,-8.48],[136.44,-8.74],[137.12,-9.01],[138.08,-9.21],[139.04,-9.42],[139.66,-9.52],[140.28,-9.63],[140.83,-9.67],[141.37,-9.71],[142.06,-9.78],[142.6,-9.86],[143.23,-9.99],[143.71,-10.23],[143.71,-10.23],[144.36,-10.2],[144.36,-10.2],[144.4,-11.03],[144.44,-11.85],[144.48,-12.67],[144.66,-13.36],[144.84,-14.05],[145.02,-14.73],[145.44,-15.33],[145.85,-15.92],[146.27,-16.51],[146.49,-16.64],[146.49,-16.64],[145.66,-16.78],[144.83,-16.93],[143.94,-17.33],[143.04,-17.73],[142.34,-17.19],[141.64,-16.65],[140.95,-16.11],[140.26,-15.57],[139.57,-15.03],[138.71,-14.66],[137.86,-14.29],[137.01,-13.91],[136.16,-13.53],[135.45,-13.29],[134.74,-13.05],[134.03,-12.81],[133.05,-12.57],[132.07,-12.33],[131.09,-12.09],[130.29,-11.85],[129.49,-11.61],[128.69,-11.36],[127.89,-11.11],[127.09,-10.86],[127.09,-10.86],[126.32,-10.52],[125.55,-10.18],[124.88,-9.7],[124.22,-9.21],[123.55,-8.73],[122.9,-8.12],[122.9,-8.12],[123.52,-8.1],[124.14,-8.07],[124.69,-8.05],[124.69,-8.05],[124.57,-7.11],[124.46,-6.16],[124.34,-5.22],[124.23,-4.27],[124.11,-3.32],[124,-2.38],[123.89,-1.43],[123.77,-0.49],[123.66,0.46],[123.54,1.4],[123.15,2.13],[122.75,2.85],[122.35,3.58],[121.95,4.3]]]}},{"type":"Feature","properties":{"ma":20,"type":"gpml:TopologicalClosedPlateBoundary","name":"PSP","pid":608,"deforming":false},"geometry":{"type":"Polygon","coordinates":[[[141.69,2.08],[140.87,1.83],[140.05,1.58],[139.34,1.22],[138.64,0.86],[138.64,0.86],[138.37,0.07],[138.27,-0.78],[138.18,-1.63],[138.09,-2.47],[138.17,-3.16],[138.25,-3.85],[138.33,-4.54],[138.11,-5.2],[137.88,-5.86],[137.65,-6.51],[137.46,-7.34],[137.27,-8.17],[137.09,-8.99],[137.09,-8.99],[136.41,-8.73],[135.75,-8.47],[135.08,-8.21],[134.25,-7.83],[133.42,-7.46],[132.59,-7.08],[132.24,-6.35],[131.88,-5.62],[131.69,-4.74],[131.5,-3.86],[131.24,-3.4],[130.99,-2.94],[130.58,-2.49],[130.16,-2.03],[129.7,-1.56],[129.23,-1.09],[128.42,-0.57],[127.61,-0.04],[127.02,0.36],[126.43,0.77],[125.84,1.18],[125.11,1.75],[124.39,2.33],[123.67,2.91],[123.1,3.37],[122.52,3.84],[121.95,4.3],[121.95,4.3],[121.84,4.49],[121.76,5.26],[121.68,6.03],[121.61,6.8],[121.53,7.58],[121.53,7.58],[121.35,8.37],[121.16,9.17],[121.13,10.07],[121.1,10.96],[120.79,11.76],[120.48,12.55],[120.19,13.26],[119.9,13.96],[119.51,14.73],[119.11,15.49],[119.05,16.08],[118.99,16.66],[118.78,17.27],[118.56,17.89],[118.5,18.4],[118.44,18.91],[118.45,19.68],[118.45,20.45],[118.15,21.06],[117.85,21.66],[117.77,22.37],[117.7,23.08],[117.47,23.97],[117.76,24.58],[117.86,24.96],[117.86,24.96],[118.87,25.26],[119.88,25.55],[120.76,26.01],[121.64,26.46],[122.07,26.85],[122.5,27.24],[122.8,27.75],[123.1,28.26],[123.1,28.26],[123.5,28.54],[124.02,28.99],[124.44,29.38],[124.87,29.77],[125.42,30.32],[125.98,30.88],[126.76,31.52],[127.55,32.16],[128.24,32.63],[128.94,33.1],[129.55,33.59],[130.17,34.07],[131.14,34.64],[132.08,35.16],[132.6,35.49],[132.6,35.49],[133.08,34.83],[133.56,34.17],[134.03,33.51],[134.49,32.85],[134.91,32.12],[135.32,31.39],[135.73,30.65],[136.13,29.92],[136.57,29.13],[137,28.34],[137.43,27.55],[137.79,26.96],[138.15,26.37],[138.24,26.38],[138.53,25.85],[138.81,25.32],[139.21,24.6],[139.61,23.89],[140,23.17],[140.44,22.43],[140.87,21.69],[141.34,20.9],[141.79,20.11],[141.79,20.11],[141.67,20.09],[141.85,19.5],[142.04,18.92],[142.16,18.41],[142.29,17.9],[142.43,17],[142.58,16.09],[142.38,16.04],[142.46,15.37],[142.53,14.7],[142.61,14.03],[142.46,14.01],[142.57,13.15],[142.68,12.28],[142.47,12.24],[142.56,11.42],[142.65,10.6],[142.74,9.77],[142.83,8.95],[142.92,8.13],[142.72,7.29],[142.52,6.44],[142.32,5.6],[142.18,4.72],[142.04,3.84],[141.9,2.96],[141.69,2.08]]]}},{"type":"Feature","properties":{"ma":20,"type":"gpml:TopologicalClosedPlateBoundary","name":"Juan de Fuca","pid":903,"deforming":false},"geometry":{"type":"Polygon","coordinates":[[[-127.57,51.72],[-126.52,51.88],[-126.52,51.88],[-126.46,51.85],[-126.17,51.6],[-125.85,51.44],[-125.36,51.3],[-125.04,51.15],[-124.69,50.95],[-124.52,50.76],[-124.25,50.68],[-124.02,50.4],[-123.91,50],[-123.67,49.81],[-123.41,49.7],[-123.02,49.54],[-122.68,49.29],[-122.38,49.01],[-122.23,48.77],[-121.87,48.4],[-121.73,48.03],[-121.55,47.71],[-121.4,47.37],[-121.22,47.03],[-121.01,46.57],[-120.88,46.21],[-120.85,45.99],[-120.82,45.83],[-120.75,45.78],[-120.73,45.64],[-120.7,45.44],[-120.66,45.18],[-120.72,45.11],[-120.73,45.04],[-120.73,44.85],[-120.68,44.54],[-120.58,44.39],[-120.51,44.27],[-120.44,44.18],[-120.42,43.99],[-120.36,43.69],[-120.28,43.63],[-120.27,43.49],[-120.34,43.41],[-120.37,43.27],[-120.33,43.12],[-120.27,42.95],[-120.28,42.78],[-120.12,42.52],[-119.68,41.83],[-119.37,41.34],[-119.07,40.86],[-118.73,40.34],[-118.39,39.82],[-117.75,39.11],[-117.13,38.4],[-117.13,38.39],[-117.13,38.39],[-116.61,37.77],[-116.11,37.15],[-115.61,36.53],[-115.61,36.53],[-116.62,36.5],[-117.62,36.47],[-118.62,36.43],[-119.62,36.38],[-120.62,36.32],[-121.75,36.25],[-122.88,36.18],[-124,36.09],[-124.01,36.11],[-124.17,36.9],[-124.33,37.69],[-124.49,38.47],[-124.66,39.26],[-124.49,39.36],[-124.6,40.33],[-124.7,41.31],[-124.54,41.74],[-124.57,42.32],[-124.61,42.91],[-124.96,43.59],[-125.07,44.09],[-125.72,44.03],[-126.01,44.92],[-126.31,45.81],[-126.62,46.69],[-126.63,47.36],[-126.79,48.02],[-126.95,48.68],[-127.11,49.33],[-127.03,49.98],[-127.3,50.84],[-127.57,51.71],[-127.57,51.72],[-127.57,51.72]]]}},{"type":"Feature","properties":{"ma":20,"type":"gpml:TopologicalClosedPlateBoundary","name":"Pacific","pid":901,"deforming":false},"geometry":{"type":"MultiPolygon","coordinates":[[[[180,-53.5],[180,-54.47],[180,-55.44],[180,-56.41],[180,-57.38],[180,-58.35],[180,-59.31],[180,-60.28],[180,-61.25],[180,-62.22],[180,-63.19],[180,-64.16],[180,-65.13],[180,-66.1],[180,-67.06],[180,-68.03],[180,-69],[178.34,-69.5],[176.59,-69.99],[174.77,-70.46],[172.86,-70.9],[172.52,-70.98],[172.52,-70.98],[171.52,-70.42],[170.31,-69.98],[169.15,-69.53],[168.33,-69.22],[168.33,-69.22],[168.56,-68.7],[168.31,-67.83],[168.27,-67.19],[167.7,-66.58],[167.16,-65.96],[166.9,-65.79],[166.49,-65.46],[165.7,-65.27],[164.87,-64.94],[164.31,-64.61],[163.78,-64.19],[163.57,-63.87],[163.42,-63.54],[163.39,-63.28],[163.3,-63.09],[163.31,-63.04],[163.44,-62.93],[163.59,-62.71],[163.63,-62.45],[163.67,-62.24],[163.65,-62.06],[163.65,-61.95],[163.64,-61.88],[163.68,-61.83],[163.81,-61.8],[163.99,-61.78],[164.13,-61.75],[164.32,-61.65],[164.37,-61.63],[164.62,-61.52],[164.87,-61.44],[165.11,-61.19],[165.2,-61.01],[165.24,-60.83],[165.32,-60.56],[165.38,-60.27],[165.39,-59.96],[165.44,-59.62],[165.52,-59.39],[165.94,-58.87],[166.23,-58.54],[166.63,-58.24],[166.9,-57.99],[167.13,-57.77],[167.5,-57.46],[167.73,-57.29],[167.92,-56.96],[168.11,-56.6],[168.25,-56.32],[168.48,-55.93],[168.63,-55.71],[168.77,-55.51],[168.93,-55.33],[169.05,-55.18],[169.17,-55.08],[169.25,-54.98],[169.36,-54.89],[169.55,-54.75],[169.72,-54.53],[169.84,-54.34],[169.95,-54.05],[170.06,-53.8],[170.14,-53.61],[170.22,-53.38],[170.29,-53.15],[170.53,-52.27],[171.31,-51.58],[172.74,-51.21],[172.74,-51.21],[172.85,-50.85],[172.92,-50.61],[173.44,-49.74],[173.44,-49.74],[173.65,-49.6],[173.99,-49.39],[174.25,-49.24],[174.25,-49.24],[174.26,-49.5],[174.25,-49.61],[174.27,-50.28],[174.23,-50.59],[174.22,-50.89],[174.29,-51.26],[174.43,-51.73],[174.89,-52.4],[174.84,-52.65],[174.81,-52.83],[174.79,-52.95],[174.78,-53.05],[174.76,-53.15],[174.74,-53.27],[174.63,-53.54],[174.52,-53.81],[174.38,-54.2],[174.34,-54.42],[174.28,-54.67],[174.24,-54.86],[174.18,-55.12],[174.16,-55.25],[174.14,-55.32],[174.13,-55.36],[174.13,-55.36],[174.32,-55.25],[175.05,-54.84],[175.59,-54.52],[176.32,-54.08],[177.69,-53.56],[179.03,-53.01],[180,-52.53],[180,-53.5]]],[[[180,-41.51],[179.78,-41.48],[179.78,-41.48],[180,-41.08],[180,-41.51]]],[[[180,52.64],[180,51.65],[180,50.65],[180,49.66],[180,48.66],[180,47.67],[180,46.67],[180,45.68],[180,44.68],[180,43.69],[180,42.69],[180,41.7],[180,40.71],[180,39.71],[180,38.72],[180,37.72],[180,36.73],[180,35.73],[180,34.74],[180,33.74],[180,32.75],[180,31.75],[180,30.76],[180,29.76],[180,28.77],[180,27.77],[180,26.78],[180,25.78],[180,24.79],[180,23.8],[180,22.8],[180,21.81],[180,20.81],[180,19.82],[180,18.82],[180,17.83],[180,16.83],[180,15.84],[180,14.84],[180,13.85],[180,12.85],[180,11.86],[180,10.86],[180,9.87],[180,8.87],[180,7.88],[180,6.89],[180,5.89],[180,4.9],[180,3.9],[180,2.91],[180,1.91],[180,0.92],[180,-0.08],[180,-1.07],[180,-2.07],[180,-3.06],[180,-4.06],[180,-5.05],[180,-6.05],[180,-7.04],[180,-8.04],[180,-9.03],[180,-10.02],[180,-11.02],[180,-12.01],[180,-13.01],[180,-14],[180,-15],[180,-15.99],[180,-16.99],[180,-17.98],[180,-18.98],[180,-19.97],[180,-20.97],[180,-21.96],[179.87,-21.45],[179.75,-20.94],[179.37,-20.28],[179,-19.62],[178.64,-18.96],[178.25,-18.07],[177.86,-17.18],[177.86,-17.18],[177.33,-16.66],[176.8,-16.14],[176.28,-15.62],[175.71,-15],[175.14,-14.38],[174.57,-13.76],[174,-13.23],[173.44,-12.7],[172.87,-12.17],[172.31,-11.64],[172.31,-11.64],[171.74,-11.43],[171.26,-11.23],[170.78,-11.02],[170.05,-10.53],[169.37,-10.13],[168.5,-9.74],[167.63,-9.36],[166.97,-9.06],[166.3,-8.75],[165.53,-8.16],[164.62,-7.8],[164.02,-7.64],[163.42,-7.48],[162.92,-7.19],[162.41,-6.89],[161.69,-6.21],[161.34,-5.73],[160.98,-5.25],[160.65,-4.84],[160.31,-4.43],[159.93,-4.09],[159.54,-3.75],[159.13,-3.37],[158.73,-2.98],[158.02,-2.49],[157.31,-2],[156.54,-1.37],[155.96,-1.05],[155.37,-0.72],[155.37,-0.72],[155.07,0.23],[154.78,1.19],[154.48,2.14],[154.19,3.09],[153.89,4.05],[153.74,4.92],[153.58,5.79],[153.58,5.79],[152.85,6.18],[152.12,6.57],[151.38,6.96],[150.64,7.34],[149.96,7.78],[149.28,8.23],[148.6,8.67],[147.91,9.11],[147.22,9.55],[147.22,9.55],[147.4,10.44],[147.58,11.34],[147.77,12.24],[147.95,13.14],[147.85,14.06],[147.75,14.98],[147.55,15.88],[147.34,16.78],[147.34,16.78],[147.2,17.08],[146.97,17.74],[146.74,18.41],[146.35,18.77],[145.95,19.13],[145.38,19.73],[145.14,20.33],[144.89,20.93],[144.84,21.54],[144.79,22.16],[144.68,22.65],[144.57,23.15],[144.25,23.69],[143.94,24.24],[143.58,24.75],[143.23,25.26],[143.02,25.79],[142.82,26.33],[142.61,26.93],[142.39,27.53],[142.23,28.23],[142.06,28.93],[141.98,29.44],[141.89,29.95],[141.77,30.49],[141.64,31.03],[141.44,31.75],[141.25,32.47],[141,33.14],[140.75,33.81],[140.41,34.52],[140.06,35.23],[139.75,35.74],[139.44,36.26],[139.04,37.19],[138.64,38.12],[138.28,38.85],[137.91,39.59],[137.91,39.59],[138.4,40.14],[138.68,40.74],[138.96,41.34],[139.26,42.17],[139.4,43.05],[139.51,43.85],[139.65,44.61],[139.89,45.58],[140.14,46.56],[140.39,47.53],[140.41,47.65],[140.41,47.65],[140.52,47.7],[141.32,48.03],[142.13,48.36],[143.05,48.64],[143.98,48.92],[145.1,49.48],[146.24,50.03],[147.06,50.65],[147.85,51.16],[148.66,51.66],[149.81,52.2],[150.99,52.73],[152.2,53.25],[152.8,53.61],[153.42,53.96],[153.98,54.37],[154.55,54.77],[155.32,55.31],[156.12,55.83],[156.12,55.83],[157.39,55.74],[158.65,55.64],[159.91,55.53],[160.8,55.37],[162.13,55.25],[163.19,55.25],[163.98,55.48],[164.54,55.72],[164.91,56.1],[165.55,56.51],[166.19,56.92],[166.55,56.98],[166.55,56.98],[166.88,56.85],[168.13,56.45],[169.37,56.04],[170.57,55.62],[171.75,55.19],[173.2,54.82],[174.61,54.44],[176,54.04],[177.62,53.87],[179.23,53.68],[180,53.64],[180,52.64]]],[[[-180,-20.97],[-180,-19.97],[-180,-18.98],[-180,-17.98],[-180,-16.99],[-180,-15.99],[-180,-15],[-180,-14],[-180,-13.01],[-180,-12.01],[-180,-11.02],[-180,-10.02],[-180,-9.03],[-180,-8.04],[-180,-7.04],[-180,-6.05],[-180,-5.05],[-180,-4.06],[-180,-3.06],[-180,-2.07],[-180,-1.07],[-180,-0.08],[-180,0.92],[-180,1.91],[-180,2.91],[-180,3.9],[-180,4.9],[-180,5.89],[-180,6.89],[-180,7.88],[-180,8.87],[-180,9.87],[-180,10.86],[-180,11.86],[-180,12.85],[-180,13.85],[-180,14.84],[-180,15.84],[-180,16.83],[-180,17.83],[-180,18.82],[-180,19.82],[-180,20.81],[-180,21.81],[-180,22.8],[-180,23.8],[-180,24.79],[-180,25.78],[-180,26.78],[-180,27.77],[-180,28.77],[-180,29.76],[-180,30.76],[-180,31.75],[-180,32.75],[-180,33.74],[-180,34.74],[-180,35.73],[-180,36.73],[-180,37.72],[-180,38.72],[-180,39.71],[-180,40.71],[-180,41.7],[-180,42.69],[-180,43.69],[-180,44.68],[-180,45.68],[-180,46.67],[-180,47.67],[-180,48.66],[-180,49.66],[-180,50.65],[-180,51.65],[-180,52.64],[-180,53.64],[-179.02,53.57],[-178.04,53.5],[-176.45,53.64],[-174.85,53.77],[-173.24,53.87],[-171.62,53.95],[-170.06,54.26],[-168.47,54.55],[-166.86,54.81],[-165.5,55.11],[-164.12,55.38],[-162.73,55.65],[-161.31,55.89],[-159.83,56.23],[-158.33,56.55],[-156.81,56.85],[-156.1,57.06],[-155.16,57.37],[-154.34,57.68],[-153.64,57.93],[-152.53,58.21],[-151.78,58.58],[-150.86,59.01],[-149.77,59.53],[-148.64,60.04],[-147.47,60.55],[-146.27,61.04],[-144.76,61.59],[-143.2,62.11],[-141.58,62.62],[-139.9,63.11],[-138.17,63.58],[-137.78,63.19],[-137.3,62.82],[-137.02,62.44],[-136.59,62.24],[-136.24,61.91],[-135.45,61.59],[-135.04,61.3],[-134.62,60.97],[-134.12,60.55],[-133.72,60.17],[-133.66,59.81],[-133.1,59.2],[-132.56,58.59],[-132.15,57.98],[-131.77,57.37],[-131.4,56.82],[-131.05,56.26],[-130.61,55.7],[-130.19,55.15],[-129.59,54.75],[-129,54.35],[-128.05,53.66],[-127.31,53.25],[-126.58,52.83],[-126.47,52.79],[-126.47,52.79],[-126.72,52],[-126.72,52],[-126.52,51.88],[-126.52,51.88],[-126.52,51.88],[-126.52,51.88],[-126.52,51.88],[-126.52,51.88],[-127.57,51.72],[-127.57,51.72],[-127.57,51.72],[-127.57,51.71],[-127.3,50.84],[-127.03,49.98],[-127.11,49.33],[-126.95,48.68],[-126.79,48.02],[-126.63,47.36],[-126.62,46.69],[-126.31,45.81],[-126.01,44.92],[-125.72,44.03],[-125.07,44.09],[-124.96,43.59],[-124.61,42.91],[-124.57,42.32],[-124.54,41.74],[-124.7,41.31],[-124.6,40.33],[-124.49,39.36],[-124.66,39.26],[-124.49,38.47],[-124.33,37.69],[-124.17,36.9],[-124.01,36.11],[-124,36.09],[-122.88,36.18],[-121.75,36.25],[-120.62,36.32],[-119.62,36.38],[-118.62,36.43],[-117.62,36.47],[-116.62,36.5],[-115.61,36.53],[-115.61,36.53],[-115.11,35.88],[-114.61,35.23],[-114.06,34.5],[-113.53,33.76],[-113,33.03],[-112.5,32.31],[-112,31.59],[-111.46,30.82],[-110.93,30.06],[-110.93,30.06],[-110.93,30.06],[-110.94,29.73],[-110.86,28.86],[-110.65,28.27],[-110.21,28.19],[-110.14,27.49],[-110.07,26.8],[-110,26.1],[-110.01,25.34],[-110.02,24.58],[-110.08,24.07],[-110.15,23.56],[-109.29,23.59],[-108.44,23.61],[-107.59,23.63],[-107.38,22.89],[-107.18,22.14],[-107.37,22.06],[-107.26,21.29],[-107.14,20.52],[-107.03,19.75],[-107.09,19.64],[-106.93,18.75],[-106.78,17.86],[-106.97,17.8],[-106.84,17.04],[-106.7,16.28],[-106.57,15.52],[-107.29,15.38],[-108,15.24],[-108,15.24],[-107.77,14.31],[-107.54,13.37],[-107.32,12.43],[-107.09,11.5],[-106.86,10.56],[-106.64,9.63],[-106.42,8.69],[-106.2,7.75],[-105.98,6.81],[-105.76,5.88],[-106.71,5.57],[-107.66,5.25],[-108.61,4.94],[-109.56,4.62],[-110.51,4.31],[-110.3,3.58],[-110.1,2.85],[-109.9,2.12],[-109.7,1.39],[-108.97,1.61],[-108.69,0.7],[-107.94,0.92],[-107.73,0.14],[-107.51,-0.64],[-107.3,-1.42],[-107.08,-2.2],[-106.45,-2.12],[-105.82,-2.04],[-105.65,-2.78],[-105.49,-3.52],[-105.72,-3.59],[-105.44,-4.47],[-105.16,-5.35],[-105.13,-5.48],[-105.13,-5.48],[-105.35,-6.39],[-105.56,-7.31],[-105.77,-8.22],[-105.99,-9.14],[-106.2,-10.05],[-106.42,-10.96],[-106.64,-11.88],[-106.86,-12.79],[-107.08,-13.71],[-107.3,-14.62],[-108.24,-14.7],[-109.17,-14.78],[-110.1,-14.86],[-111.03,-14.93],[-111.96,-15],[-112.9,-15.07],[-112.83,-15.92],[-112.77,-16.77],[-112.71,-17.62],[-112.64,-18.47],[-112.58,-19.32],[-112.51,-20.16],[-112.44,-21.05],[-112.37,-21.94],[-112.3,-22.83],[-112.23,-23.71],[-112.15,-24.6],[-112.08,-25.49],[-113.03,-25.55],[-113.99,-25.6],[-114.95,-25.65],[-114.9,-26.56],[-114.84,-27.47],[-114.79,-28.39],[-114.74,-29.3],[-114.68,-30.21],[-114.62,-31.12],[-114.57,-32.03],[-114.51,-32.95],[-114.45,-33.86],[-114.39,-34.77],[-114.32,-35.68],[-113.15,-35.94],[-111.97,-36.19],[-110.79,-36.43],[-109.59,-36.65],[-108.39,-36.86],[-107.18,-37.07],[-107.1,-37.95],[-107.02,-38.84],[-106.94,-39.73],[-106.85,-40.61],[-106.76,-41.5],[-105.49,-41.65],[-104.2,-41.78],[-104.11,-41.8],[-104.11,-41.8],[-104.14,-41.89],[-104.45,-42.78],[-104.77,-43.66],[-105.1,-44.55],[-105.44,-45.44],[-105.8,-46.33],[-106.16,-47.21],[-106.54,-48.09],[-106.93,-48.98],[-107.33,-49.86],[-107.75,-50.74],[-108.18,-51.62],[-109.29,-51.49],[-110.39,-51.35],[-111.48,-51.21],[-111.84,-51.93],[-112.22,-52.66],[-112.6,-53.38],[-113,-54.1],[-111.81,-54.32],[-112.17,-55.03],[-112.53,-55.74],[-112.91,-56.44],[-114.47,-56.28],[-114.93,-57.17],[-115.42,-58.06],[-116.66,-57.91],[-117.89,-57.75],[-119.11,-57.58],[-119.23,-57.79],[-120.95,-57.59],[-122.65,-57.36],[-124.32,-57.11],[-125.98,-56.84],[-127.6,-56.55],[-129.21,-56.23],[-130.78,-55.9],[-131.4,-56.82],[-132.06,-57.73],[-132.74,-58.64],[-133.46,-59.55],[-135.07,-59.27],[-136.65,-58.98],[-138.2,-58.67],[-139.72,-58.34],[-141.22,-57.99],[-142.16,-58.86],[-143.14,-59.72],[-143.65,-59.62],[-144.49,-60.38],[-145.37,-61.13],[-146.3,-61.88],[-147.23,-61.66],[-147.75,-62.1],[-148.28,-62.54],[-147.41,-62.72],[-148.42,-63.44],[-149.48,-64.16],[-150.59,-64.86],[-151.77,-65.56],[-153.57,-65.21],[-155.32,-64.83],[-157.02,-64.43],[-157.36,-64.72],[-158.87,-64.37],[-159.6,-64.85],[-160.36,-65.33],[-162.04,-64.96],[-163.67,-64.58],[-164.94,-65.23],[-166.27,-65.87],[-167.67,-66.5],[-169.66,-66.09],[-171.16,-66.83],[-172.75,-67.56],[-174.75,-67.08],[-175.75,-67.5],[-176.78,-67.91],[-176.77,-67.91],[-178.35,-68.46],[-180,-69],[-180,-68.03],[-180,-67.06],[-180,-66.1],[-180,-65.13],[-180,-64.16],[-180,-63.19],[-180,-62.22],[-180,-61.25],[-180,-60.28],[-180,-59.31],[-180,-58.35],[-180,-57.38],[-180,-56.41],[-180,-55.44],[-180,-54.47],[-180,-53.5],[-180,-52.53],[-179.14,-52.09],[-178.3,-51.65],[-177.42,-51.23],[-176.56,-50.8],[-175.72,-50.4],[-174.9,-49.98],[-174.04,-49.62],[-173.2,-49.25],[-172.26,-48.82],[-171.33,-48.38],[-170.52,-47.93],[-169.72,-47.47],[-169.16,-46.93],[-168.62,-46.39],[-168.15,-45.62],[-167.85,-45.25],[-167.66,-45.02],[-167.66,-45.02],[-167.83,-45.01],[-168.05,-44.99],[-168.34,-44.97],[-168.48,-44.95],[-168.61,-44.94],[-169.07,-44.9],[-169.5,-44.86],[-169.96,-44.81],[-170.43,-44.77],[-171.1,-44.69],[-171.8,-45.11],[-172.34,-45.42],[-173.65,-45.69],[-174.19,-45.79],[-174.91,-45.93],[-176.09,-46.14],[-176.26,-46.19],[-176.26,-46.19],[-176.28,-46.14],[-176.16,-46.03],[-176.02,-45.91],[-176.28,-45.95],[-176.51,-45.97],[-176.78,-45.99],[-177.24,-46.03],[-177.6,-46.06],[-177.6,-46.06],[-177.65,-45.87],[-177.7,-45.69],[-178.06,-45.8],[-178.46,-45.91],[-178.66,-45.97],[-178.77,-46],[-178.77,-46],[-178.79,-45.85],[-178.81,-45.66],[-178.78,-45.51],[-178.79,-45.48],[-178.81,-45.45],[-178.83,-45.41],[-178.85,-45.37],[-178.88,-45.3],[-178.92,-45.22],[-179.01,-45.03],[-179.16,-44.9],[-179.2,-44.86],[-179.2,-44.86],[-179.2,-44.85],[-179.14,-44.58],[-179.1,-44.43],[-179.08,-44.36],[-179.07,-44.3],[-179.05,-44.25],[-179.03,-44.21],[-179,-44.13],[-178.96,-44.04],[-178.93,-43.97],[-178.86,-43.8],[-178.81,-43.68],[-178.64,-43.21],[-178.7,-42.79],[-178.89,-42.4],[-179.09,-42.12],[-179.17,-41.59],[-179.76,-41.53],[-180,-41.51],[-180,-41.08],[-179.71,-40.55],[-179.43,-40.01],[-179.5,-39.45],[-179.57,-38.89],[-179.47,-37.99],[-179.38,-37.09],[-179.14,-36.23],[-178.92,-35.37],[-178.69,-34.51],[-178.47,-33.65],[-178.38,-33.05],[-178.38,-33.05],[-178.61,-32.35],[-178.83,-31.64],[-178.94,-30.68],[-179.05,-29.71],[-179.08,-28.96],[-179.1,-28.2],[-179.09,-27.2],[-179.09,-26.2],[-179.08,-25.21],[-179.31,-24.43],[-179.54,-23.66],[-179.77,-22.89],[-180,-21.96],[-180,-20.97]]]]}},{"type":"Feature","properties":{"ma":20,"type":"gpml:TopologicalClosedPlateBoundary","name":"Cocos","pid":909,"deforming":false},"geometry":{"type":"Polygon","coordinates":[[[-94.93,15.71],[-94.41,15.26],[-93.9,14.81],[-93.2,14.23],[-92.51,13.66],[-91.81,13.08],[-91.13,12.5],[-90.45,11.99],[-89.77,11.48],[-89.09,10.97],[-88.53,10.22],[-87.98,9.47],[-87.42,8.9],[-86.86,8.32],[-86.3,7.75],[-85.62,7.08],[-84.93,6.41],[-84.25,5.75],[-83.57,5.08],[-83.29,4.85],[-83.29,4.85],[-84.07,4.37],[-84.73,3.97],[-85.39,3.57],[-86.04,3.17],[-86.51,2.88],[-86.98,2.59],[-87.64,2.17],[-88.3,1.76],[-89,1.31],[-89.71,0.86],[-90.42,0.42],[-90.99,0.06],[-91.67,-0.34],[-92.35,-0.74],[-93.03,-1.13],[-93.67,-1.5],[-94.31,-1.88],[-94.95,-2.25],[-95.68,-2.68],[-96.18,-2.97],[-96.68,-3.26],[-97.21,-3.51],[-97.72,-3.76],[-98.09,-3.88],[-98.82,-4.15],[-99.37,-4.29],[-100.15,-4.52],[-100.73,-4.68],[-101.41,-4.86],[-102.1,-5.04],[-102.55,-5.32],[-103.06,-5.29],[-103.57,-5.26],[-103.58,-5.42],[-104.29,-5.32],[-104.73,-5.34],[-105.16,-5.36],[-105.16,-5.36],[-105.16,-5.35],[-105.44,-4.47],[-105.72,-3.59],[-105.49,-3.52],[-105.65,-2.78],[-105.82,-2.04],[-106.45,-2.12],[-107.08,-2.2],[-107.3,-1.42],[-107.51,-0.64],[-107.73,0.14],[-107.94,0.92],[-108.69,0.7],[-108.97,1.61],[-109.7,1.39],[-109.9,2.12],[-110.1,2.85],[-110.3,3.58],[-110.51,4.31],[-109.56,4.62],[-108.61,4.94],[-107.66,5.25],[-106.71,5.57],[-105.76,5.88],[-105.98,6.81],[-106.2,7.75],[-106.42,8.69],[-106.64,9.63],[-106.86,10.56],[-107.09,11.5],[-107.32,12.43],[-107.54,13.37],[-107.77,14.31],[-108,15.24],[-108,15.24],[-107.29,15.38],[-106.57,15.52],[-106.7,16.28],[-106.84,17.04],[-106.97,17.8],[-106.78,17.86],[-106.93,18.75],[-107.09,19.64],[-107.03,19.75],[-107.14,20.52],[-107.26,21.29],[-107.37,22.06],[-107.18,22.14],[-107.38,22.89],[-107.59,23.63],[-108.44,23.61],[-109.29,23.59],[-110.15,23.56],[-110.08,24.07],[-110.02,24.58],[-110.01,25.34],[-110,26.1],[-110.07,26.8],[-110.14,27.49],[-110.21,28.19],[-110.65,28.27],[-110.86,28.86],[-110.94,29.73],[-110.93,30.06],[-110.93,30.06],[-110.42,29.53],[-109.91,29.01],[-109.41,28.48],[-108.89,27.7],[-108.37,26.93],[-107.67,26.22],[-106.98,25.52],[-106.29,24.81],[-105.72,24.2],[-105.16,23.59],[-104.6,22.98],[-103.93,22.46],[-103.27,21.94],[-102.61,21.42],[-101.95,20.9],[-101.34,20.37],[-100.74,19.84],[-100.13,19.31],[-99.53,18.78],[-99.07,18.33],[-98.58,17.92],[-97.78,17.31],[-97.22,16.84],[-96.67,16.36],[-96.67,16.36],[-96.32,16.2],[-95.64,15.86],[-95.04,15.73],[-94.93,15.71]]]}},{"type":"Feature","properties":{"ma":20,"type":"gpml:TopologicalClosedPlateBoundary","name":"South China Sea Plate","pid":613,"deforming":false},"geometry":{"type":"Polygon","coordinates":[[[106.55,4.87],[106.41,5.25],[106.41,5.25],[107.02,5.67],[107.42,6.35],[107.82,7.02],[108.22,7.7],[108.73,7.97],[109.24,8.24],[110,8.84],[110.33,9.24],[110.66,9.64],[111.37,10.26],[111.9,10.54],[112.43,10.81],[112.73,11.23],[113.02,11.65],[113.3,12.55],[113.91,13.31],[113.91,13.31],[114.26,13.58],[114.62,13.68],[114.63,13.77],[115.12,14.42],[115.56,14.89],[116,15.37],[116.36,15.91],[116.36,15.91],[116.34,15.97],[116.31,16.04],[116.23,16.27],[116.01,16.63],[115.94,16.67],[115.84,16.74],[115.65,16.84],[115.17,17.01],[114.93,16.97],[114.93,16.97],[114.95,16.93],[115.3,16.14],[115.24,15.98],[115.24,15.98],[114.7,15.97],[114.39,15.98],[113.86,15.92],[113.79,15.92],[113.76,15.88],[113.7,15.83],[113.63,15.74],[113.49,15.62],[113.43,15.44],[113.43,15.44],[112.9,15.39],[112.41,15.67],[111.72,15.85],[111.61,15.48],[111.34,15.11],[110.78,14.96],[110.01,14.93],[109.56,14.73],[109.56,14.73],[109.56,14.74],[109.38,14.9],[109.82,15.24],[109.96,15.1],[110.4,15.46],[110.85,15.82],[110.75,15.92],[111.3,16.51],[111.12,16.69],[111.59,17.24],[111.59,17.24],[111.84,17.24],[111.84,17.33],[112.68,17.37],[113.52,17.4],[113.52,17.53],[114,17.54],[114.84,17.56],[115.2,17.57],[116.07,17.56],[116.95,17.55],[117.82,17.53],[118.7,17.51],[118.7,17.51],[118.99,16.66],[119.05,16.08],[119.11,15.49],[119.51,14.73],[119.9,13.96],[120.19,13.26],[120.48,12.55],[120.79,11.76],[121.1,10.96],[121.12,10.53],[121.12,10.53],[120.94,10.28],[120.21,9.72],[119.47,9.17],[118.74,8.61],[117.98,8.2],[117.23,7.79],[117.23,7.79],[117.17,8],[117.17,8],[116.76,7.69],[116.3,6.9],[115.84,6.11],[115.38,5.32],[114.8,4.6],[114.22,3.88],[113.64,3.16],[113.21,2.77],[112.77,2.38],[112.1,2.37],[111.42,2.36],[110.75,2.74],[110.09,3.11],[109.59,3.42],[109.1,3.73],[108.51,4.22],[107.92,4.71],[107.63,4.74],[107.09,4.81],[106.55,4.87]]]}},{"type":"Feature","properties":{"ma":20,"type":"gpml:TopologicalClosedPlateBoundary","name":"Eurasia_Ocean_Basin","pid":301,"deforming":false},"geometry":{"type":"Polygon","coordinates":[[[116.79,79.1],[116.29,78.88],[116,78.79],[116,78.79],[113.46,79.08],[110.78,79.35],[106.45,79.79],[101.75,80.17],[98.86,80.44],[94.28,81.03],[92.09,81.41],[89.69,81.78],[84.91,82.29],[80.61,82.56],[76.87,82.68],[72.98,82.76],[69.91,82.8],[65.68,82.83],[58.68,82.87],[57.73,82.91],[57.73,82.91],[51.16,83.12],[46.95,82.94],[41.09,83.09],[35.88,83.3],[30.9,82.74],[27.71,82.45],[24.23,82.08],[19.47,81.6],[16.03,81.27],[12.85,80.91],[8.41,81.2],[3.71,81.43],[3.71,81.43],[-0.15,81.07],[-3.97,80.65],[-7.28,80.1],[-7.69,79.98],[-7.69,79.98],[-8.98,80.13],[-8.8,80.1],[-8.93,80.12],[-8.93,80.12],[-7.78,80.47],[-7.28,80.7],[-6.63,80.9],[-5.66,81.16],[-4.4,81.37],[-3.03,81.65],[-1.56,81.89],[-0.16,82.18],[1.31,82.41],[2.47,82.63],[3.42,82.81],[4.84,83],[6.22,83.12],[7.42,83.26],[8.73,83.43],[12.1,83.6],[14.5,83.79],[15.62,83.88],[16.99,84.05],[18.66,84.26],[19.53,84.43],[21.45,84.6],[23.82,84.85],[26.93,85.2],[28.43,85.4],[30.16,85.42],[32.03,85.4],[36.63,85.33],[44.34,85.21],[48.53,85.17],[51.74,85.1],[56.62,85.08],[64.54,85.06],[70.78,85.09],[76.74,84.95],[81.53,84.87],[85.45,84.74],[90.9,84.45],[94.88,84.17],[96.07,83.82],[98.32,83.51],[100.37,83.08],[103,82.66],[105.43,82.18],[106.47,81.98],[107,81.75],[108.2,81.55],[110.89,81.13],[112.32,80.83],[113.04,80.6],[113.51,80.28],[114.72,79.63],[115.36,79.45],[116.79,79.1]]]}},{"type":"Feature","properties":{"ma":20,"type":"gpml:TopologicalClosedPlateBoundary","name":"NAM_Ocean_Basin","pid":101,"deforming":false},"geometry":{"type":"Polygon","coordinates":[[[-6.58,82.7],[-12.44,82.95],[-17.32,83.01],[-22.25,83.02],[-26.28,83.12],[-22.49,83.84],[-18.97,84.37],[-14.74,84.87],[-10.15,85.62],[-5.24,86.48],[0.81,87.37],[13.59,87.42],[24.13,87.23],[38.22,86.8],[49.33,86.86],[51.91,86.94],[51.91,86.94],[52.28,86.92],[62.93,87.15],[74.93,87.26],[81.64,87.29],[88.4,87.23],[94.75,87.1],[98.17,87.03],[102.79,86.78],[107.83,86.52],[110.77,86.31],[109.99,85.69],[112.73,84.9],[116.05,84.2],[118.66,83.48],[120.73,82.71],[122.4,81.92],[122.03,81.37],[121.7,80.81],[119.59,80.16],[117.74,79.5],[116.79,79.1],[116.79,79.1],[115.36,79.45],[114.72,79.63],[113.51,80.28],[113.04,80.6],[112.32,80.83],[110.89,81.13],[108.2,81.55],[107,81.75],[106.47,81.98],[105.43,82.18],[103,82.66],[100.37,83.08],[98.32,83.51],[96.07,83.82],[94.88,84.17],[90.9,84.45],[85.45,84.74],[81.53,84.87],[76.74,84.95],[70.78,85.09],[64.54,85.06],[56.62,85.08],[51.74,85.1],[48.53,85.17],[44.34,85.21],[36.63,85.33],[32.03,85.4],[30.16,85.42],[28.43,85.4],[26.93,85.2],[23.82,84.85],[21.45,84.6],[19.53,84.43],[18.66,84.26],[16.99,84.05],[15.62,83.88],[14.5,83.79],[12.1,83.6],[8.73,83.43],[7.42,83.26],[6.22,83.12],[4.84,83],[3.42,82.81],[2.47,82.63],[1.31,82.41],[-0.16,82.18],[-1.56,81.89],[-3.03,81.65],[-4.4,81.37],[-5.66,81.16],[-6.63,80.9],[-7.28,80.7],[-7.78,80.47],[-8.93,80.12],[-8.93,80.12],[-13.56,80.76],[-13.56,80.76],[-10.26,81.35],[-7.62,81.87],[-5.35,82.24],[-4.31,82.37],[-4.6,82.36],[-6.58,82.7]]]}},{"type":"Feature","properties":{"ma":20,"type":"gpml:TopologicalClosedPlateBoundary","name":"NAM_20-18.1Ma","pid":101,"deforming":false},"geometry":{"type":"Polygon","coordinates":[[[-180,54.62],[-180,55.6],[-180,56.58],[-180,57.57],[-180,58.55],[-180,59.53],[-180,60.52],[-180,61.5],[-180,62.48],[-180,63.46],[-180,64.45],[-180,65.43],[-180,66.41],[-180,67.4],[-180,68.38],[-180,69.36],[-180,70.34],[-180,71.33],[-180,72.31],[-180,73.29],[-180,74.28],[-180,75.26],[-180,76.24],[-180,77.22],[-180,78.21],[-180,79.19],[-180,80.17],[-180,81.15],[-180,82.14],[-180,83.12],[-180,84.1],[-180,85.09],[-180,86.07],[-180,87.05],[-180,88.03],[-180,89.02],[-180,90],[180,90],[180,89.02],[180,88.03],[180,87.05],[180,86.07],[180,85.09],[180,84.1],[180,83.12],[180,82.14],[180,81.15],[180,80.17],[180,79.19],[180,78.21],[180,77.22],[180,76.24],[180,75.26],[180,74.28],[180,73.29],[180,72.31],[180,71.33],[180,70.34],[180,69.36],[180,68.38],[180,67.4],[180,66.41],[180,65.43],[180,64.45],[180,63.46],[180,62.48],[180,61.5],[180,60.52],[180,59.53],[180,58.55],[180,57.57],[180,56.58],[180,55.6],[180,54.62],[180,53.64],[179.23,53.68],[177.62,53.87],[176,54.04],[174.61,54.44],[173.2,54.82],[171.75,55.19],[170.57,55.62],[169.37,56.04],[168.13,56.45],[166.88,56.85],[165.79,57.29],[164.68,57.72],[163.55,58.14],[163.55,58.14],[162.75,58.82],[162.23,59.39],[161.68,59.94],[160.75,60.57],[160.75,60.57],[162.1,60.89],[163.47,61.2],[164.68,61.69],[165.94,62.17],[167.23,62.64],[168.56,63.1],[167.15,63.34],[164.95,63.29],[163.14,63.17],[161.44,63.03],[160.52,62.95],[159.4,63.21],[159.4,63.21],[159.86,64.17],[157.94,64.5],[156.32,64.76],[155.45,64.89],[154.27,65.05],[153.12,65.2],[151.95,65.34],[151.23,65.84],[150.49,66.34],[149.8,66.78],[149.09,67.22],[149.39,67.89],[149.7,68.57],[150.04,69.24],[151.77,69.72],[153.59,70.17],[155.48,70.61],[157.45,71.02],[158.46,71.93],[159.56,72.84],[159.56,72.84],[156.67,73.22],[153.65,73.56],[150.52,73.85],[147.28,74.1],[143.96,74.29],[140.56,74.44],[138.36,74.18],[136.23,73.91],[135.51,73.68],[135.51,73.68],[132.1,73.75],[132.1,73.75],[133.73,74.54],[134.41,75.51],[131.98,76.1],[129.35,76.67],[129.11,77.21],[128.85,77.75],[130.56,78.68],[132.56,79.6],[133.64,80.53],[134.95,81.46],[136.58,82.39],[138.66,83.3],[138.17,84.21],[137.51,85.12],[136.55,86.02],[135.02,86.93],[130.72,87.5],[123.92,88.06],[123.38,88.19],[123.04,88.26],[122.57,88.35],[122.02,88.44],[122.52,88.55],[121.29,88.72],[118.23,88.96],[112.61,89.28],[112.63,89.3],[112.63,89.3],[36.53,89.58],[-8.76,89.04],[-17.63,88.73],[-30.25,87.95],[-35.81,87.14],[-38.81,86.49],[-40.88,85.84],[-42.66,85.17],[-44,84.5],[-45.4,84.35],[-45.4,84.35],[-42.24,83.55],[-39.77,82.73],[-37.81,81.91],[-36.49,81.23],[-35.35,80.55],[-35.35,80.55],[-31.25,80.52],[-27.19,80.44],[-23.14,80.15],[-19.34,79.81],[-15.79,79.44],[-13.13,79.01],[-10.67,78.57],[-8.48,77.9],[-6.51,77.21],[-4.83,76.57],[-4.07,76.21],[-3.26,75.83],[-2.33,75.27],[-0.83,74.51],[0.8,73.67],[1.21,73.07],[1.65,72.17],[2.34,71.79],[2.34,71.79],[4.75,72.11],[4.75,72.11],[5.04,71.9],[5.64,71.49],[5.63,71.42],[5.44,71.28],[5.19,71.08],[4.75,70.96],[3.94,70.79],[3.37,70.66],[2.43,70.51],[1.76,70.39],[1.03,70.26],[0.2,70.1],[-0.89,69.89],[-1.86,69.71],[-2.66,69.6],[-3.66,69.39],[-4.78,69.15],[-5.62,68.96],[-6.6,68.75],[-7.17,68.61],[-7.77,68.48],[-9.2,68.11],[-9.2,68.11],[-11.16,68.44],[-13.17,68.75],[-15.24,69.04],[-15.65,69.03],[-15.87,68.96],[-15.69,68.45],[-15.7,68.3],[-15.72,68.14],[-15.83,67.95],[-15.93,67.8],[-16.12,67.6],[-16.42,67.37],[-16.76,67.11],[-17.06,66.95],[-17.29,66.75],[-17.74,66.44],[-18.1,66.17],[-18.57,65.74],[-18.8,65.63],[-19.08,65.38],[-19.17,64.97],[-19.33,64.69],[-19.41,64.41],[-19.59,64.16],[-19.73,63.96],[-19.99,63.31],[-20,63.27],[-20,63.27],[-20.06,63.26],[-21.7,62.74],[-22.96,62.03],[-23.7,61.48],[-24.42,60.93],[-25.27,60.41],[-26.09,59.88],[-26.89,59.35],[-27.57,58.9],[-28.22,58.45],[-28.76,58.03],[-29.29,57.6],[-29.92,57.17],[-30.54,56.74],[-30.79,56.78],[-31.22,55.94],[-31.91,56.06],[-32.27,55.28],[-32.68,55.36],[-32.96,54.82],[-33.4,54.88],[-33.74,54.57],[-33.76,54.52],[-33.67,54.7],[-33.87,54.55],[-34.55,54.59],[-34.73,54.23],[-34.93,53.9],[-35.06,53.34],[-35.18,52.78],[-35.21,52.2],[-35.24,51.62],[-35.2,51],[-35.17,50.37],[-35.04,50.21],[-35.04,50.21],[-33.56,50.04],[-32.73,50.03],[-31.89,50.02],[-30.5,49.99],[-30.5,49.99],[-30.5,49.96],[-30.47,49.7],[-30.44,49.17],[-30.34,49.07],[-29.85,48.63],[-29.24,47.95],[-28.76,47.3],[-28.34,46.49],[-28.29,46.28],[-28.27,46.12],[-27.86,46.06],[-27.72,45.48],[-27.59,44.9],[-27.69,44.23],[-27.79,43.57],[-28.13,42.99],[-28.46,42.4],[-28.58,42.27],[-28.63,42.26],[-28.63,42.26],[-29,41.54],[-29.37,40.81],[-29.43,40.51],[-29.5,40.25],[-29.68,39.28],[-29.79,39.1],[-29.97,38.17],[-30.27,38.1],[-30.41,37.36],[-30.31,37.32],[-30.45,36.62],[-30.58,35.91],[-30.69,35.91],[-31.18,35.18],[-31.41,35.2],[-31.5,35.02],[-32.18,35.19],[-32.87,35.35],[-33.22,34.56],[-33.26,34.57],[-33.79,34.03],[-34.31,33.49],[-34.41,33.5],[-35.05,32.93],[-35.93,33.14],[-36.12,32.56],[-36.73,32.69],[-36.89,32.04],[-37.51,32.18],[-37.92,31.51],[-38.53,31.67],[-39.13,31.82],[-39.63,31.14],[-39.37,31.08],[-39.88,30.41],[-40.09,30.46],[-40.51,29.89],[-40.93,29.31],[-41.53,29.47],[-41.93,28.84],[-42.33,28.2],[-42.76,28.29],[-43.13,27.69],[-43.26,27.71],[-43.63,27.06],[-43.72,27.07],[-44.12,26.39],[-44.51,25.71],[-44.9,25.03],[-45.29,24.35],[-45.67,23.57],[-45.96,23.63],[-46.23,22.93],[-46.38,22.96],[-46.63,22.26],[-45.74,21.98],[-46.04,21.07],[-45.9,21.01],[-46.15,20.25],[-46,20.2],[-46.18,19.6],[-46.37,18.99],[-46.2,18.94],[-46.44,18.12],[-46.68,17.3],[-46.51,17.26],[-46.64,16.7],[-46.81,16.73],[-47.01,15.99],[-47.16,16.01],[-47.37,15.14],[-47.57,14.27],[-47.57,14.27],[-48.34,14.34],[-49.11,14.41],[-50.08,14.71],[-51.05,15],[-52.06,15.01],[-53.08,15.01],[-54.1,15.01],[-55.11,15],[-56.11,14.97],[-57.12,14.95],[-57.87,14.88],[-58.63,14.82],[-59.38,14.75],[-59.78,14.7],[-60.09,15.45],[-60.4,16.19],[-61.11,16.91],[-61.82,17.62],[-62.53,18.34],[-62.53,18.34],[-63.12,18.39],[-63.71,18.45],[-64.75,18.54],[-65.79,18.63],[-66.84,18.71],[-67.78,18.74],[-68.72,18.77],[-69.66,18.79],[-70.52,18.8],[-71.39,18.81],[-72.25,18.81],[-73.11,18.81],[-74.03,18.76],[-74.95,18.71],[-75.86,18.65],[-76.75,18.59],[-77.64,18.52],[-78.53,18.44],[-79.34,18.37],[-80.16,18.29],[-80.97,18.2],[-81.19,18.18],[-81.19,18.18],[-81.02,17.28],[-81.02,17.28],[-81.84,17.2],[-82.65,17.12],[-83.54,16.9],[-84.43,16.68],[-85.35,16.35],[-86.28,16.02],[-87.08,15.81],[-87.89,15.6],[-88.7,15.52],[-89.52,15.44],[-90.11,15.42],[-90.71,15.4],[-90.71,15.4],[-91.19,15.87],[-91.83,16.41],[-92.48,16.96],[-92.91,17.38],[-93.29,17.84],[-93.68,18.3],[-94.16,18.91],[-94.38,19.3],[-94.43,19.77],[-94.31,19.99],[-94.95,20.6],[-95.59,21.21],[-95.98,22.07],[-96.37,22.92],[-96.53,23.67],[-96.7,24.42],[-96.86,25.16],[-97.08,25.64],[-97.31,26.11],[-97,26.42],[-97.09,27.17],[-97.51,27.58],[-97.94,27.99],[-98.45,28.47],[-98.34,29.44],[-98.76,30.26],[-99.02,30.71],[-99.28,31.17],[-99.4,31.24],[-99.45,31.25],[-99.5,31.24],[-99.52,31.24],[-99.56,31.24],[-99.59,31.24],[-99.61,31.23],[-99.64,31.23],[-99.68,31.23],[-99.75,31.26],[-99.88,31.34],[-99.96,31.38],[-100.02,31.4],[-100.08,31.4],[-100.13,31.4],[-100.19,31.38],[-100.21,31.38],[-100.22,31.38],[-100.35,31.35],[-100.42,31.31],[-100.46,31.38],[-100.48,31.43],[-100.5,31.49],[-100.53,31.57],[-100.54,31.58],[-100.58,31.6],[-100.63,31.62],[-100.68,31.65],[-100.67,31.67],[-100.66,31.69],[-100.65,31.71],[-100.65,31.73],[-100.67,31.75],[-100.7,31.78],[-100.74,31.8],[-100.79,31.82],[-100.83,31.84],[-100.85,31.84],[-100.86,31.82],[-100.87,31.81],[-100.87,31.79],[-100.87,31.79],[-100.91,31.76],[-100.92,31.75],[-100.94,31.77],[-101.06,31.88],[-101.09,31.9],[-101.1,31.91],[-101.11,31.91],[-101.13,31.92],[-101.24,31.99],[-101.31,32.02],[-101.39,32.07],[-101.52,32.13],[-101.57,32.14],[-101.63,32.17],[-101.7,32.17],[-101.7,32.19],[-101.7,32.23],[-101.76,32.3],[-101.8,32.35],[-101.84,32.43],[-101.84,32.44],[-101.85,32.45],[-101.91,32.53],[-101.97,32.64],[-102.02,32.72],[-102.06,32.79],[-102.07,32.89],[-102.08,33.02],[-102.11,33.1],[-102.13,33.18],[-102.17,33.22],[-102.18,33.17],[-102.19,33.09],[-102.2,32.99],[-102.21,32.98],[-102.3,32.81],[-102.3,32.79],[-102.3,32.71],[-102.29,32.67],[-102.28,32.62],[-102.23,32.61],[-102.2,32.6],[-102.15,32.56],[-102.11,32.54],[-102.07,32.51],[-102.03,32.48],[-102.02,32.46],[-102,32.3],[-102,32.24],[-101.94,32.24],[-101.93,32.24],[-101.84,32.22],[-101.9,32.14],[-101.9,32.14],[-101.92,32.1],[-101.95,32.04],[-101.96,32.02],[-102,31.97],[-102.01,31.92],[-102,31.89],[-102,31.88],[-102.01,31.88],[-102.07,31.84],[-102.08,31.84],[-102.08,31.84],[-102.09,31.91],[-102.12,31.95],[-102.16,31.99],[-102.21,32.04],[-102.26,32.07],[-102.3,32.12],[-102.31,32.14],[-102.36,32.17],[-102.37,32.18],[-102.42,32.21],[-102.47,32.23],[-102.5,32.27],[-102.53,32.27],[-102.61,32.27],[-102.71,32.24],[-102.75,32.28],[-102.8,32.34],[-102.91,32.43],[-102.96,32.48],[-102.99,32.52],[-103.03,32.56],[-103.07,32.6],[-103.09,32.63],[-103.13,32.66],[-103.18,32.71],[-103.23,32.76],[-103.24,32.78],[-103.25,32.8],[-103.26,32.84],[-103.25,32.91],[-103.26,32.96],[-103.25,33.02],[-103.23,33.05],[-103.21,33.07],[-103.18,33.1],[-103.16,33.11],[-103.15,33.12],[-103.14,33.15],[-103.11,33.19],[-103.08,33.22],[-103.04,33.25],[-103.01,33.28],[-102.97,33.3],[-102.94,33.31],[-102.92,33.34],[-102.9,33.37],[-102.9,33.38],[-102.89,33.43],[-102.87,33.45],[-102.85,33.48],[-102.84,33.51],[-102.84,33.53],[-102.84,33.56],[-102.83,33.59],[-102.83,33.62],[-102.84,33.65],[-102.87,33.67],[-102.89,33.7],[-102.89,33.73],[-102.88,33.78],[-102.87,33.84],[-102.87,33.89],[-102.87,33.93],[-102.88,33.96],[-102.89,34],[-102.9,34.04],[-102.92,34.09],[-102.93,34.14],[-102.94,34.2],[-102.98,34.31],[-103.02,34.37],[-103.04,34.4],[-103.06,34.41],[-103.07,34.42],[-103.06,34.42],[-103.05,34.46],[-103.05,34.48],[-103.04,34.51],[-103.02,34.52],[-103,34.53],[-102.97,34.54],[-102.94,34.57],[-102.9,34.59],[-102.85,34.63],[-102.82,34.65],[-102.79,34.68],[-102.77,34.71],[-102.77,34.74],[-102.77,34.76],[-102.78,34.78],[-102.79,34.79],[-102.78,34.81],[-102.77,34.84],[-102.78,34.87],[-102.79,34.88],[-102.8,34.91],[-102.82,34.93],[-102.83,34.95],[-102.87,34.96],[-102.9,34.96],[-102.93,34.96],[-102.96,34.96],[-102.98,34.95],[-103.01,34.94],[-103.02,34.92],[-103.03,34.9],[-103.02,34.89],[-102.99,34.88],[-102.98,34.87],[-102.96,34.86],[-102.95,34.86],[-102.95,34.85],[-102.95,34.85],[-102.95,34.83],[-102.95,34.81],[-102.94,34.81],[-102.94,34.8],[-102.95,34.8],[-102.96,34.8],[-102.98,34.79],[-102.99,34.77],[-103,34.75],[-103.01,34.74],[-103.01,34.71],[-103.01,34.69],[-103.01,34.68],[-103.04,34.66],[-103.05,34.63],[-103.07,34.6],[-103.09,34.58],[-103.11,34.6],[-103.13,34.62],[-103.15,34.64],[-103.17,34.67],[-103.19,34.7],[-103.2,34.73],[-103.23,34.75],[-103.25,34.76],[-103.27,34.79],[-103.27,34.8],[-103.27,34.8],[-103.25,34.89],[-103.24,34.99],[-103.22,35.05],[-103.21,35.11],[-103.2,35.14],[-103.2,35.17],[-103.22,35.18],[-103.25,35.19],[-103.27,35.18],[-103.29,35.16],[-103.31,35.14],[-103.32,35.11],[-103.34,35.1],[-103.35,35.12],[-103.36,35.14],[-103.38,35.13],[-103.39,35.11],[-103.39,35.1],[-103.4,35.07],[-103.42,35.04],[-103.43,35.02],[-103.42,34.99],[-103.4,34.97],[-103.4,34.95],[-103.41,34.93],[-103.42,34.93],[-103.44,34.95],[-103.45,34.96],[-103.47,34.98],[-103.49,35],[-103.51,35.01],[-103.53,35],[-103.57,34.99],[-103.58,34.91],[-103.58,34.89],[-103.57,34.85],[-103.58,34.84],[-103.59,34.85],[-103.62,34.86],[-103.64,34.87],[-103.65,34.89],[-103.65,34.95],[-103.65,35],[-103.64,35.04],[-103.64,35.06],[-103.65,35.07],[-103.66,35.11],[-103.67,35.16],[-103.67,35.16],[-103.67,35.17],[-103.64,35.2],[-103.62,35.24],[-103.58,35.28],[-103.54,35.3],[-103.54,35.31],[-103.53,35.31],[-103.52,35.32],[-103.51,35.33],[-103.51,35.33],[-103.5,35.35],[-103.48,35.36],[-103.46,35.36],[-103.45,35.37],[-103.42,35.36],[-103.41,35.37],[-103.38,35.46],[-103.34,35.52],[-103.32,35.57],[-103.29,35.62],[-103.27,35.66],[-103.22,35.72],[-103.25,35.74],[-103.25,35.76],[-103.25,35.78],[-103.25,35.81],[-103.23,35.87],[-103.24,35.95],[-103.24,36.05],[-103.23,36.06],[-103.19,36.09],[-103.12,36.16],[-103.02,36.25],[-102.92,36.32],[-102.77,36.39],[-102.62,36.47],[-102.54,36.53],[-102.53,36.59],[-102.53,36.59],[-102.53,36.59],[-102.51,36.64],[-102.5,36.68],[-102.5,36.68],[-102.5,36.69],[-102.45,36.79],[-102.42,36.88],[-102.38,36.9],[-102.36,36.92],[-102.35,36.93],[-102.34,36.95],[-102.34,36.98],[-102.32,37.01],[-102.32,37.03],[-102.35,37.03],[-102.34,37.07],[-102.32,37.14],[-102.32,37.2],[-102.32,37.23],[-102.3,37.28],[-102.28,37.38],[-102.25,37.48],[-102.25,37.5],[-102.25,37.51],[-102.24,37.5],[-102.23,37.49],[-102.23,37.49],[-102.21,37.46],[-102.2,37.43],[-102.19,37.42],[-102.16,37.44],[-102.14,37.46],[-102.11,37.47],[-102.09,37.47],[-102.06,37.46],[-102.03,37.46],[-102.02,37.46],[-102,37.45],[-101.97,37.44],[-101.95,37.41],[-101.95,37.41],[-101.95,37.4],[-101.94,37.41],[-101.92,37.41],[-101.89,37.43],[-101.86,37.44],[-101.83,37.43],[-101.83,37.44],[-101.84,37.44],[-101.83,37.44],[-101.78,37.43],[-101.76,37.41],[-101.73,37.4],[-101.74,37.38],[-101.74,37.35],[-101.72,37.32],[-101.7,37.29],[-101.7,37.32],[-101.69,37.35],[-101.66,37.36],[-101.63,37.38],[-101.63,37.41],[-101.61,37.42],[-101.58,37.44],[-101.58,37.46],[-101.59,37.5],[-101.57,37.51],[-101.54,37.5],[-101.53,37.5],[-101.51,37.52],[-101.51,37.52],[-101.48,37.53],[-101.45,37.54],[-101.43,37.55],[-101.42,37.58],[-101.41,37.61],[-101.4,37.63],[-101.38,37.62],[-101.36,37.62],[-101.32,37.63],[-101.29,37.63],[-101.28,37.63],[-101.27,37.65],[-101.25,37.67],[-101.24,37.69],[-101.21,37.69],[-101.19,37.69],[-101.17,37.7],[-101.16,37.72],[-101.12,37.74],[-101.11,37.75],[-101.1,37.78],[-101.08,37.8],[-101.06,37.8],[-101.04,37.78],[-101.03,37.77],[-101,37.76],[-100.95,37.76],[-100.9,37.77],[-100.85,37.77],[-100.79,37.75],[-100.75,37.74],[-100.72,37.73],[-100.69,37.73],[-100.67,37.73],[-100.66,37.73],[-100.67,37.73],[-100.65,37.75],[-100.65,37.75],[-100.65,37.76],[-100.65,37.77],[-100.66,37.79],[-100.66,37.81],[-100.64,37.83],[-100.64,37.84],[-100.64,37.84],[-100.65,37.85],[-100.64,37.86],[-100.63,37.86],[-100.61,37.87],[-100.66,37.89],[-100.72,37.92],[-100.76,37.95],[-100.79,38.02],[-100.82,38.08],[-100.87,38.15],[-100.92,38.18],[-100.99,38.23],[-101.03,38.28],[-101.05,38.33],[-101.08,38.39],[-101.12,38.45],[-101.15,38.5],[-101.19,38.53],[-101.21,38.53],[-101.23,38.57],[-101.25,38.61],[-101.3,38.64],[-101.34,38.67],[-101.38,38.69],[-101.42,38.69],[-101.44,38.7],[-101.46,38.69],[-101.47,38.67],[-101.49,38.66],[-101.49,38.65],[-101.51,38.64],[-101.53,38.65],[-101.54,38.65],[-101.57,38.66],[-101.6,38.7],[-101.61,38.72],[-101.59,38.72],[-101.58,38.71],[-101.56,38.7],[-101.55,38.71],[-101.54,38.71],[-101.52,38.73],[-101.51,38.78],[-101.5,38.81],[-101.5,38.84],[-101.5,38.85],[-101.5,38.85],[-101.5,38.87],[-101.51,38.89],[-101.5,38.89],[-101.46,38.9],[-101.43,38.89],[-101.45,38.92],[-101.49,38.96],[-101.54,38.99],[-101.53,39.01],[-101.52,39.02],[-101.52,39.04],[-101.54,39.04],[-101.57,39.05],[-101.59,39.07],[-101.6,39.11],[-101.65,39.2],[-101.7,39.26],[-101.73,39.31],[-101.75,39.33],[-101.79,39.37],[-101.8,39.4],[-101.79,39.43],[-101.78,39.5],[-101.76,39.52],[-101.74,39.54],[-101.72,39.54],[-101.7,39.53],[-101.67,39.49],[-101.66,39.46],[-101.64,39.46],[-101.6,39.47],[-101.55,39.51],[-101.49,39.54],[-101.41,39.57],[-101.31,39.6],[-101.32,39.68],[-101.31,39.69],[-101.32,39.84],[-101.32,39.98],[-101.32,40.04],[-101.31,40.12],[-101.32,40.13],[-101.38,40.21],[-101.43,40.28],[-101.44,40.32],[-101.44,40.33],[-101.44,40.33],[-101.46,40.41],[-101.49,40.47],[-101.52,40.56],[-101.55,40.66],[-101.58,40.75],[-101.59,40.79],[-101.62,40.82],[-101.63,40.85],[-101.64,40.86],[-101.65,40.86],[-101.65,40.87],[-101.66,40.89],[-101.68,40.98],[-101.68,41.06],[-101.68,41.07],[-101.68,41.08],[-101.68,41.12],[-101.67,41.15],[-101.65,41.16],[-101.64,41.18],[-101.64,41.19],[-101.64,41.2],[-101.63,41.22],[-101.62,41.24],[-101.61,41.27],[-101.6,41.28],[-101.6,41.29],[-101.6,41.29],[-101.57,41.33],[-101.55,41.35],[-101.53,41.38],[-101.53,41.41],[-101.53,41.42],[-101.49,41.42],[-101.47,41.42],[-101.48,41.44],[-101.49,41.45],[-101.49,41.5],[-101.47,41.53],[-101.49,41.56],[-101.51,41.61],[-101.52,41.67],[-101.52,41.75],[-101.53,41.8],[-101.53,41.8],[-101.53,41.81],[-101.53,41.82],[-101.5,41.83],[-101.48,41.84],[-101.46,41.87],[-101.45,41.92],[-101.44,41.95],[-101.43,41.96],[-101.43,41.96],[-101.41,41.98],[-101.4,42.01],[-101.4,42.03],[-101.37,42.08],[-101.37,42.09],[-101.36,42.13],[-101.36,42.15],[-101.37,42.2],[-101.38,42.29],[-101.41,42.36],[-101.42,42.39],[-101.45,42.48],[-101.45,42.49],[-101.46,42.49],[-101.47,42.53],[-101.38,42.65],[-101.33,42.69],[-101.34,42.75],[-101.37,42.77],[-101.36,42.77],[-101.32,42.84],[-101.26,42.84],[-101.19,42.9],[-101.19,42.97],[-101.26,43.01],[-101.3,43.02],[-101.29,43.07],[-101.27,43.1],[-101.25,43.14],[-101.24,43.17],[-101.26,43.23],[-101.27,43.23],[-101.26,43.25],[-101.28,43.31],[-101.31,43.33],[-101.31,43.33],[-101.33,43.35],[-101.35,43.36],[-101.33,43.39],[-101.34,43.42],[-101.34,43.46],[-101.38,43.5],[-101.44,43.52],[-101.43,43.53],[-101.38,43.64],[-101.42,43.68],[-101.45,43.69],[-101.45,43.7],[-101.45,43.71],[-101.52,43.73],[-101.53,43.73],[-101.66,43.74],[-101.71,43.74],[-101.71,43.74],[-101.71,43.73],[-101.72,43.71],[-101.74,43.7],[-101.79,43.7],[-101.84,43.7],[-101.88,43.68],[-101.89,43.67],[-101.9,43.67],[-101.99,43.64],[-102.12,43.63],[-102.22,43.6],[-102.29,43.59],[-102.33,43.59],[-102.37,43.59],[-102.34,43.58],[-102.31,43.55],[-102.27,43.53],[-102.22,43.54],[-102.2,43.53],[-102.17,43.49],[-102.13,43.45],[-102.12,43.45],[-102.13,43.44],[-102.14,43.43],[-102.17,43.37],[-102.17,43.33],[-102.14,43.31],[-102.14,43.29],[-102.16,43.27],[-102.17,43.24],[-102.11,43.19],[-102.08,43.14],[-102.05,43.11],[-102.02,43.09],[-102,43.06],[-101.98,43.01],[-102,42.97],[-102.13,42.9],[-102.09,42.89],[-102.04,42.87],[-101.94,42.85],[-101.9,42.84],[-101.83,42.8],[-101.81,42.76],[-101.81,42.72],[-101.8,42.69],[-101.81,42.64],[-101.81,42.54],[-101.82,42.47],[-101.85,42.37],[-101.83,42.36],[-101.8,42.35],[-101.8,42.32],[-101.82,42.29],[-101.83,42.27],[-101.85,42.24],[-101.88,42.22],[-101.91,42.2],[-101.95,42.18],[-101.97,42.17],[-101.99,42.16],[-102.03,42.14],[-102.06,42.13],[-102.1,42.12],[-102.12,42.11],[-102.16,42.11],[-102.18,42.12],[-102.2,42.13],[-102.22,42.14],[-102.24,42.15],[-102.27,42.16],[-102.29,42.19],[-102.27,42.19],[-102.25,42.19],[-102.24,42.21],[-102.23,42.23],[-102.24,42.25],[-102.25,42.27],[-102.25,42.3],[-102.25,42.32],[-102.25,42.32],[-102.25,42.33],[-102.25,42.35],[-102.25,42.35],[-102.25,42.36],[-102.25,42.37],[-102.27,42.39],[-102.33,42.41],[-102.37,42.41],[-102.41,42.39],[-102.43,42.37],[-102.44,42.34],[-102.48,42.33],[-102.5,42.34],[-102.5,42.34],[-102.51,42.35],[-102.51,42.34],[-102.68,42.22],[-102.76,42.19],[-102.76,42.19],[-102.77,42.18],[-102.83,42.15],[-102.86,42.15],[-102.87,42.15],[-102.9,42.14],[-102.91,42.14],[-102.92,42.14],[-102.98,42.14],[-103.05,42.15],[-103.06,42.15],[-103.06,42.15],[-103.12,42.16],[-103.19,42.18],[-103.29,42.18],[-103.38,42.19],[-103.42,42.18],[-103.42,42.17],[-103.38,42.13],[-103.35,42.11],[-103.34,42.08],[-103.33,42.05],[-103.32,42.04],[-103.32,42.03],[-103.32,42.03],[-103.31,42.01],[-103.3,41.97],[-103.29,41.94],[-103.27,41.92],[-103.23,41.9],[-103.23,41.84],[-103.23,41.79],[-103.25,41.75],[-103.27,41.72],[-103.26,41.68],[-103.24,41.65],[-103.23,41.63],[-103.22,41.61],[-103.99,41.6],[-103.99,41.6],[-103.99,41.61],[-104.01,41.62],[-104.04,41.64],[-104.09,41.64],[-104.14,41.64],[-104.23,41.65],[-104.32,41.65],[-104.41,41.65],[-104.5,41.65],[-104.57,41.67],[-104.77,41.74],[-104.76,41.78],[-104.77,41.8],[-104.72,41.77],[-104.7,41.77],[-104.7,41.8],[-104.7,41.81],[-104.71,41.86],[-104.75,41.93],[-104.81,41.98],[-104.93,42.05],[-105.05,42.09],[-105.14,42.13],[-105.17,42.14],[-105.3,42.16],[-105.53,42.18],[-105.7,42.19],[-105.9,42.16],[-105.98,42.15],[-106,42.15],[-106.04,42.17],[-106.08,42.18],[-106.14,42.19],[-106.16,42.18],[-106.25,42.16],[-106.26,42.17],[-106.3,42.2],[-106.31,42.21],[-106.37,42.2],[-106.42,42.2],[-106.43,42.21],[-106.49,42.26],[-106.52,42.26],[-106.54,42.26],[-106.57,42.3],[-106.59,42.33],[-106.59,42.35],[-106.62,42.35],[-106.72,42.37],[-106.77,42.38],[-106.78,42.4],[-106.7,42.49],[-106.58,42.69],[-106.54,42.77],[-106.54,42.81],[-106.54,42.82],[-106.55,42.99],[-106.55,43.02],[-106.55,43.08],[-106.54,43.14],[-106.52,43.17],[-106.5,43.22],[-106.47,43.29],[-106.46,43.34],[-106.45,43.4],[-106.45,43.47],[-106.45,43.51],[-106.44,43.56],[-106.46,43.65],[-106.5,43.7],[-106.56,43.74],[-106.57,43.74],[-106.57,43.78],[-106.56,43.82],[-106.56,43.84],[-106.55,43.87],[-106.54,43.93],[-106.54,43.95],[-106.52,43.95],[-106.61,44.52],[-106.68,45],[-106.92,45.43],[-107.51,45.78],[-108.19,45.66],[-108.68,45.37],[-109.06,45.14],[-109.54,45.01],[-110.41,44.76],[-111.31,44.87],[-112.1,45.07],[-112.24,45.82],[-112.02,46.36],[-111.8,46.9],[-111.74,47.63],[-111.98,48.53],[-112.01,49.16],[-112.3,49.65],[-112.94,49.84],[-114.21,49.94],[-115.56,50.22],[-116.3,50.42],[-117.05,50.62],[-118.25,51.21],[-119.48,51.79],[-120.75,52.36],[-121.61,52.98],[-122.5,53.59],[-123.37,54.16],[-124.27,54.73],[-125.09,55.59],[-125.95,56.44],[-125.95,56.44],[-125.96,55.99],[-125.91,55.39],[-125.94,54.78],[-126.01,54.24],[-126.08,53.9],[-126.2,53.62],[-126.39,53.05],[-126.47,52.79],[-126.47,52.79],[-126.58,52.83],[-127.31,53.25],[-128.05,53.66],[-129,54.35],[-129.59,54.75],[-130.19,55.15],[-130.61,55.7],[-131.05,56.26],[-131.4,56.82],[-131.77,57.37],[-132.15,57.98],[-132.56,58.59],[-133.1,59.2],[-133.66,59.81],[-133.72,60.17],[-134.12,60.55],[-134.62,60.97],[-135.04,61.3],[-135.45,61.59],[-136.24,61.91],[-136.59,62.24],[-137.02,62.44],[-137.3,62.82],[-137.78,63.19],[-138.17,63.58],[-138.17,63.58],[-139.9,63.11],[-141.58,62.62],[-143.2,62.11],[-144.76,61.59],[-146.27,61.04],[-147.47,60.55],[-148.64,60.04],[-149.77,59.53],[-150.86,59.01],[-151.78,58.58],[-152.53,58.21],[-153.64,57.93],[-154.34,57.68],[-155.16,57.37],[-156.1,57.06],[-156.81,56.85],[-158.33,56.55],[-159.83,56.23],[-161.31,55.89],[-162.73,55.65],[-164.12,55.38],[-165.5,55.11],[-166.86,54.81],[-168.47,54.55],[-170.06,54.26],[-171.62,53.95],[-173.24,53.87],[-174.85,53.77],[-176.45,53.64],[-178.04,53.5],[-179.02,53.57],[-180,53.64],[-180,54.62]]]}},{"type":"Feature","properties":{"ma":20,"type":"gpml:TopologicalClosedPlateBoundary","name":"Africa","pid":701,"deforming":false},"geometry":{"type":"Polygon","coordinates":[[[35.89,35.71],[35.66,35.15],[35.42,34.63],[35.18,34.11],[34.68,33.71],[34.08,33.43],[33.48,33.19],[32.95,32.84],[32.34,32.6],[31.8,32.15],[31.39,31.89],[31.03,31.42],[31.19,31.2],[30.99,30.42],[30.68,29.54],[30.46,29.01],[30.24,28.48],[29.95,27.71],[29.84,26.91],[29.68,26.42],[29.58,25.63],[29.52,25.13],[29.41,24.94],[29.41,24.94],[29.09,25.18],[28.52,25.32],[28.28,25.27],[28.28,25.27],[28.32,25.15],[28.71,24.8],[29.09,24.04],[29.52,23.2],[29.81,22.73],[30.15,22.08],[30.36,21.67],[30.96,21.01],[30.97,20.46],[30.99,19.92],[31.33,19.33],[31.71,19.11],[32.08,19.08],[32.17,18.84],[32.25,18.61],[32.43,18.06],[32.52,17.59],[32.54,17.02],[32.55,16.42],[32.84,15.54],[33.3,15.44],[33.7,15.12],[33.92,14.65],[34.12,13.91],[34.36,13.1],[34.63,12.67],[34.91,12.23],[34.91,12.23],[35.07,11.75],[35.23,11.15],[35.21,10.7],[35.15,10.1],[35.14,9.58],[35.13,8.87],[35.21,8.1],[35.35,7.5],[35.43,6.73],[35.15,6.36],[34.62,5.85],[33.99,5.47],[33.81,5.27],[33.7,5.01],[33.4,4.54],[32.95,4.3],[32.5,4.06],[31.74,3.41],[31.53,2.91],[31.32,2.41],[31.28,1.71],[31.28,1.18],[31.32,1.06],[31.32,1.06],[31.4,1.02],[31.48,0.62],[31.55,0.4],[31.58,0.08],[31.4,-0.07],[31.5,-0.46],[31.46,-0.79],[31.46,-1.11],[31.36,-1.4],[31.25,-1.74],[31.12,-2.15],[31.14,-2.55],[31.3,-2.91],[31.47,-3.13],[31.37,-3.3],[31.55,-3.41],[31.58,-3.81],[31.62,-4.03],[31.59,-4.34],[31.63,-4.6],[31.37,-4.89],[31.08,-5.26],[31.01,-5.54],[30.91,-6.01],[30.75,-6.27],[30.57,-6.65],[30.09,-6.92],[29.68,-7.44],[29.75,-7.93],[29.76,-7.96],[29.76,-7.96],[29.99,-7.99],[30.55,-7.94],[30.98,-8.16],[31.26,-8.21],[31.31,-8.22],[31.31,-8.22],[31.48,-8.77],[31.66,-9.32],[31.88,-9.81],[32.11,-10.31],[32.44,-10.92],[32.51,-11.02],[32.51,-11.02],[32.18,-11.54],[31.61,-12.14],[31.06,-12.76],[30.76,-13.32],[30.45,-13.87],[30.12,-14.49],[29.79,-15.1],[29.65,-15.41],[29.65,-15.41],[29.58,-16.02],[29.98,-16.7],[30.38,-17.38],[30.27,-18.03],[30.16,-18.69],[30.46,-19.18],[30.77,-19.68],[30.78,-20.24],[30.8,-20.8],[30.18,-21.21],[29.53,-21.87],[28.87,-22.54],[28.79,-23.36],[28.71,-24.19],[27.75,-24.5],[26.78,-24.81],[25.81,-25.1],[24.83,-25.39],[24.23,-26.04],[23.62,-26.69],[23,-27.33],[23.22,-28.22],[23.44,-29.1],[22.78,-29.4],[22.1,-29.69],[22.11,-30.39],[22.11,-31.08],[22.72,-31.53],[23.33,-31.97],[23.92,-32.75],[24.53,-33.53],[25.38,-34.18],[26.23,-34.83],[27.11,-35.47],[27.99,-36.11],[28.89,-36.74],[29.81,-37.36],[30.74,-37.98],[31.68,-38.59],[32.65,-39.19],[33.62,-39.78],[33.21,-40.7],[32.79,-41.61],[32.36,-42.52],[31.91,-43.42],[31.45,-44.33],[30.98,-45.23],[30.49,-46.14],[29.98,-47.04],[29.46,-47.93],[28.91,-48.83],[28.91,-48.83],[28.85,-48.82],[28.47,-49.71],[28.07,-50.6],[27.66,-51.49],[27.23,-52.38],[26.79,-53.26],[25.85,-53.11],[25.55,-53.73],[25.23,-54.36],[24.23,-54.2],[24.02,-54.67],[23.18,-54.51],[22.34,-54.35],[21.63,-55.08],[20.11,-54.92],[18.61,-54.75],[17.13,-54.56],[15.66,-54.35],[14.2,-54.13],[12.99,-53.86],[11.8,-53.58],[11.34,-54.06],[10.4,-53.68],[9.95,-54.12],[8.71,-53.7],[7.94,-54.38],[7.15,-55.05],[5.82,-54.49],[5.06,-55.05],[4.28,-55.6],[3.48,-56.14],[2.41,-55.68],[1.3,-56.4],[0.78,-56.05],[0.38,-56.32],[-0.37,-55.95],[-1.1,-55.58],[-2.27,-55.9],[-2.27,-55.9],[-2.39,-55.61],[-3.21,-55.7],[-3.37,-55.17],[-3.51,-54.63],[-4.68,-54.83],[-5.86,-55.01],[-6.19,-54.28],[-6.51,-53.54],[-6.82,-52.8],[-7.11,-52.06],[-7.53,-52.09],[-7.78,-51.5],[-8.07,-51.54],[-8.32,-51.01],[-8.57,-50.48],[-9.99,-50.67],[-11.41,-50.84],[-11.55,-50.17],[-11.68,-49.49],[-11.81,-48.82],[-12.95,-48.96],[-14.11,-49.09],[-15.26,-49.21],[-15.48,-48.35],[-15.7,-47.5],[-16.64,-47.59],[-16.87,-47.06],[-17.71,-47.17],[-17.88,-46.32],[-18.03,-45.47],[-18.19,-44.63],[-18.34,-43.78],[-18.48,-42.93],[-18.62,-42.09],[-17.38,-41.94],[-17.43,-41.4],[-17.05,-41.36],[-17.17,-40.84],[-17.29,-40.32],[-17.58,-40.29],[-17.63,-40.03],[-18.58,-40.11],[-18.72,-39.16],[-18.86,-38.22],[-18.99,-37.28],[-18.23,-37.15],[-17.47,-37.02],[-17.51,-36.51],[-17.56,-35.99],[-16.42,-35.82],[-16.39,-35.2],[-15.47,-35.04],[-15.57,-34.54],[-15.66,-34.04],[-15.05,-33.92],[-14.44,-33.81],[-14.68,-32.84],[-14.92,-31.86],[-15.16,-30.89],[-14.34,-30.74],[-13.52,-30.59],[-13.76,-29.83],[-14.08,-29.87],[-14.34,-29.05],[-14.59,-28.23],[-14.96,-28.24],[-15,-27.42],[-15.05,-26.6],[-14.77,-26.51],[-14.83,-25.54],[-14.88,-24.56],[-13.89,-24.34],[-13.95,-24.03],[-13.4,-23.91],[-12.85,-23.78],[-13.08,-22.93],[-13.31,-22.08],[-13.53,-21.23],[-13.76,-20.38],[-13.98,-19.53],[-14.55,-19.54],[-14.74,-18.79],[-14.94,-18.05],[-14.69,-17.94],[-14.87,-17.26],[-15.05,-16.58],[-15.23,-15.9],[-15.54,-15.92],[-15.78,-15.14],[-16.01,-14.36],[-16.24,-13.58],[-15.3,-13.4],[-14.36,-13.2],[-14.53,-12.48],[-14.7,-11.76],[-14.87,-11.03],[-14.5,-10.95],[-14.71,-10.02],[-14.91,-9.09],[-14.11,-8.92],[-13.32,-8.76],[-12.52,-8.6],[-12.78,-7.74],[-13.04,-6.88],[-13.29,-6.03],[-13.55,-5.17],[-13.24,-5.08],[-13.15,-5.05],[-13.15,-5.05],[-13.15,-5.04],[-13.47,-4.2],[-13.8,-3.36],[-14.12,-2.53],[-14.89,-2.67],[-15.65,-2.82],[-16.42,-2.97],[-16.56,-2.61],[-16.86,-2.65],[-17.04,-2.06],[-17.27,-2.1],[-17.39,-1.66],[-18.3,-1.76],[-19.22,-1.86],[-20.14,-1.96],[-21.06,-2.06],[-21.98,-2.16],[-22.9,-2.25],[-23.82,-2.35],[-24.74,-2.45],[-25.66,-2.54],[-25.84,-1.78],[-26.01,-1.01],[-26.65,-1.05],[-27.29,-1.08],[-27.43,-0.54],[-28.3,-0.55],[-29.18,-0.57],[-30.05,-0.58],[-30.93,-0.59],[-31,0.11],[-31.71,0.11],[-31.78,0.87],[-31.85,1.63],[-31.91,2.39],[-32.87,2.43],[-33.82,2.46],[-33.86,3.29],[-33.9,4.11],[-34.5,4.15],[-34.53,5.04],[-35.41,5.09],[-36.29,5.14],[-36.28,5.4],[-36.96,5.5],[-36.99,5.82],[-37.77,5.9],[-37.78,6.05],[-38.45,6.12],[-39.11,6.19],[-39.12,6.49],[-40.08,6.61],[-41.04,6.74],[-41.01,7.25],[-41.54,7.33],[-41.53,7.88],[-41.73,7.91],[-41.73,8.44],[-41.95,8.49],[-41.95,9.13],[-42.89,9.32],[-43.82,9.5],[-44.76,9.69],[-44.69,10.62],[-45.1,10.71],[-45.08,11.1],[-45.9,11.28],[-45.9,12.01],[-45.89,12.74],[-45.89,13.48],[-46.77,13.71],[-47.65,13.95],[-47.65,13.95],[-47.49,14.63],[-47.32,15.32],[-47.16,16.01],[-47.01,15.99],[-46.81,16.73],[-46.64,16.7],[-46.51,17.26],[-46.68,17.3],[-46.44,18.12],[-46.2,18.94],[-46.37,18.99],[-46.18,19.6],[-46,20.2],[-46.15,20.25],[-45.9,21.01],[-46.04,21.07],[-45.74,21.98],[-46.63,22.26],[-46.38,22.96],[-46.23,22.93],[-45.96,23.63],[-45.67,23.57],[-45.29,24.35],[-44.9,25.03],[-44.51,25.71],[-44.12,26.39],[-43.72,27.07],[-43.63,27.06],[-43.26,27.71],[-43.13,27.69],[-42.76,28.29],[-42.33,28.2],[-41.93,28.84],[-41.53,29.47],[-40.93,29.31],[-40.51,29.89],[-40.09,30.46],[-39.88,30.41],[-39.37,31.08],[-39.63,31.14],[-39.13,31.82],[-38.53,31.67],[-37.92,31.51],[-37.51,32.18],[-36.89,32.04],[-36.73,32.69],[-36.12,32.56],[-35.93,33.14],[-35.05,32.93],[-34.41,33.5],[-34.31,33.49],[-34.16,33.64],[-34.16,33.64],[-33.22,33.67],[-32.27,33.69],[-31.33,33.7],[-30.23,33.71],[-29.14,33.72],[-28.05,33.72],[-27.06,33.75],[-26.08,33.77],[-25.09,33.79],[-23.97,33.82],[-22.86,33.83],[-21.74,33.84],[-20.69,33.89],[-19.63,33.93],[-18.58,33.96],[-17.74,34.05],[-16.9,34.14],[-16.05,34.22],[-16.05,34.22],[-15.1,33.98],[-14.15,33.73],[-13.2,33.47],[-12.06,33.62],[-10.92,33.76],[-9.78,33.89],[-8.63,34.01],[-7.47,34.12],[-6.32,34.22],[-5.42,34.39],[-4.52,34.55],[-3.62,34.71],[-3.29,34.78],[-3.29,34.78],[-3.28,34.78],[-2.52,34.84],[-1.87,34.9],[-1.18,34.98],[-0.66,35.04],[-0.15,35.12],[0.69,35.31],[1.45,35.54],[2.22,35.78],[2.54,35.92],[2.82,36.03],[3.16,36.1],[3.56,36.18],[3.95,36.2],[4.22,36.09],[4.44,36],[4.65,35.92],[4.88,35.99],[4.88,35.99],[5.1,36.1],[5.38,36.23],[5.59,36.37],[5.8,36.6],[5.94,36.93],[6,37.2],[6.08,37.72],[6.23,38.35],[6.3,38.63],[6.35,38.88],[6.4,39.2],[6.41,39.48],[6.46,39.83],[6.43,40.17],[6.33,40.5],[6.21,40.79],[6.08,41.03],[5.89,41.29],[5.69,41.47],[5.53,41.6],[5.38,41.71],[5.3,41.8],[5.24,41.85],[4.58,42.24],[3.64,42.62],[3.57,42.62],[3.7,42.79],[3.94,43],[4.21,43.17],[4.83,43.01],[5.13,42.91],[5.55,42.86],[6.07,42.8],[6.57,42.86],[6.85,43.03],[7.54,43.21],[7.95,43.26],[8.26,43.29],[8.77,43.55],[9.32,43.11],[9.86,42.65],[9.93,42.48],[9.99,41.56],[10.45,40.74],[10.86,40.36],[11.66,40.06],[12.45,39.75],[13.12,39.68],[13.72,39.43],[13.91,39.26],[14.45,38.84],[14.59,38.47],[14.86,38.04],[14.86,38.04],[15.05,37.52],[15.23,37],[15.69,36.13],[15.94,35.58],[16.18,35.02],[16.55,34.61],[16.91,34.19],[17.49,33.77],[18.06,33.34],[19.14,33],[20.22,32.65],[21.09,32.63],[21.95,32.6],[22.53,32.59],[23.1,32.58],[23.71,32.59],[24.54,32.66],[25.38,32.72],[26.29,32.81],[27.2,32.88],[28.07,33.16],[28.94,33.44],[28.94,33.44],[29.52,33.67],[30.1,33.89],[30.9,34.19],[31.63,34.47],[32.18,34.68],[32.74,34.89],[33.72,35.27],[34.78,35.55],[35.89,35.71]]]}},{"type":"Feature","properties":{"ma":20,"type":"gpml:TopologicalClosedPlateBoundary","name":"Capricorn_Plate","pid":511,"deforming":false},"geometry":{"type":"Polygon","coordinates":[[[63.5,-8.06],[64.38,-8.01],[65.25,-7.95],[66.12,-7.9],[67.09,-7.68],[68.06,-7.47],[69.03,-7.25],[70,-7.03],[70.97,-6.81],[71.93,-6.58],[72.71,-6.28],[73.49,-5.97],[74.26,-5.67],[74.95,-5.06],[75.63,-4.45],[76.22,-3.74],[76.81,-3.04],[77.39,-2.33],[78.22,-1.94],[79.04,-1.55],[79.86,-1.17],[80.33,-0.51],[80.79,0.14],[81.26,0.8],[81.73,1.31],[82.2,1.82],[82.67,2.32],[83.17,2.87],[83.67,3.41],[84.23,4.02],[84.8,4.63],[85.25,5.15],[85.71,5.67],[86.36,6.41],[87.02,7.15],[87.23,7.39],[87.23,7.39],[87.23,7.38],[87.49,6.58],[87.75,5.77],[88.02,4.97],[88.28,4.16],[88.91,3.43],[89.55,2.69],[90.18,1.96],[90.92,1.34],[91.65,0.72],[92.39,0.1],[93.12,-0.51],[93.87,-1.18],[94.61,-1.84],[95.36,-2.5],[96.1,-3.16],[96.74,-3.7],[97.38,-4.25],[98.02,-4.79],[98.66,-5.34],[99.12,-5.67],[99.58,-6],[99.58,-6],[100.19,-6.14],[100.96,-6.43],[101.38,-6.59],[102.26,-6.95],[103.21,-7.21],[104.16,-7.47],[104.66,-7.63],[105.31,-7.84],[106.19,-8.12],[106.8,-8.26],[107.12,-8.33],[107.38,-8.39],[107.61,-8.44],[107.92,-8.51],[108.32,-8.6],[108.82,-8.71],[109.12,-8.76],[109.55,-8.83],[109.96,-8.9],[110.1,-8.92],[110.5,-8.98],[110.5,-8.98],[109.91,-9.39],[109.46,-9.7],[109.01,-10],[108.47,-10.39],[108,-10.72],[107.53,-11.06],[106.72,-11.64],[105.95,-12.18],[105.42,-12.54],[104.89,-12.91],[104.45,-13.21],[104,-13.52],[103.52,-13.85],[103.03,-14.18],[102.57,-14.49],[102.12,-14.8],[101.53,-15.19],[100.94,-15.58],[100.34,-15.97],[99.75,-16.35],[99.15,-16.74],[98.39,-17.24],[97.95,-17.53],[97.52,-17.81],[96.9,-18.21],[96.28,-18.61],[95.66,-19],[94.87,-19.4],[94.08,-19.8],[93.24,-20.21],[92.41,-20.62],[91.73,-21.03],[91.05,-21.45],[90.42,-22.16],[89.79,-22.87],[89.24,-23.61],[88.68,-24.35],[88.12,-25.09],[87.5,-25.71],[86.87,-26.34],[86.23,-26.95],[85.62,-27.6],[85,-28.24],[84.37,-28.88],[83.74,-29.52],[83.1,-30.15],[82.44,-30.69],[81.78,-31.23],[81.1,-31.76],[80.39,-32.36],[79.67,-32.95],[78.94,-33.54],[78.2,-34.12],[77.44,-34.7],[76.74,-35.48],[76.03,-36.24],[75.3,-37.01],[74.67,-37.59],[74.02,-38.16],[73.16,-38.8],[72.28,-39.43],[71.38,-40.06],[70.85,-40.54],[70.32,-41.02],[70.32,-41.02],[70.07,-40.8],[70.62,-40.35],[71.17,-39.89],[70.68,-39.5],[70.19,-39.11],[70.35,-38.97],[69.65,-38.4],[68.97,-37.82],[69.66,-37.19],[68.83,-36.49],[67.99,-35.78],[68.4,-35.36],[67.87,-34.92],[67.35,-34.48],[67.35,-34.48],[68.11,-34.51],[68.88,-34.53],[69.79,-34.55],[70.71,-34.55],[71.62,-34.55],[72.54,-34.54],[73.17,-33.88],[73.8,-33.23],[74.53,-33.27],[75.2,-33.11],[75.87,-32.95],[75.87,-32.95],[76,-32.62],[76.26,-31.79],[76.51,-30.95],[76.76,-30.12],[77.01,-29.29],[77.25,-28.45],[77.49,-27.61],[77.72,-26.77],[77.95,-25.93],[78.21,-25.06],[78.47,-24.18],[78.72,-23.31],[78.98,-22.43],[79.14,-21.47],[79.29,-20.5],[79.45,-19.54],[79.58,-18.73],[79.7,-17.92],[79.83,-17.11],[79.95,-16.3],[80.06,-15.32],[80.17,-14.34],[80.28,-13.36],[80.28,-13.36],[79.73,-13.14],[78.8,-13.04],[77.87,-12.94],[77.01,-12.83],[76.15,-12.72],[75.3,-12.6],[74.44,-12.48],[73.62,-12.29],[72.81,-12.09],[71.99,-11.89],[71.28,-11.84],[70.58,-11.79],[69.87,-11.73],[69,-11.79],[68.13,-11.84],[67.26,-11.89],[66.46,-11.91],[65.65,-11.92],[64.85,-11.93],[64.04,-11.94],[63.38,-12.41],[62.72,-12.89],[62.05,-13.36],[61.78,-13.9],[61.51,-14.43],[60.92,-14.33],[60.33,-14.22],[60.33,-14.22],[61.03,-13.71],[60.9,-13.46],[61.32,-13.1],[61.74,-12.75],[61.5,-12.17],[61.88,-11.92],[61.59,-11.51],[62.04,-11.19],[62.49,-10.87],[62.06,-10.28],[62.78,-9.6],[62.78,-9.6],[62.39,-9.09],[62.07,-8.68],[62.63,-8.11],[63.5,-8.06]]]}},{"type":"Feature","properties":{"ma":20,"type":"gpml:TopologicalClosedPlateBoundary","name":"Corisca-Sardinia","pid":306,"deforming":false},"geometry":{"type":"Polygon","coordinates":[[[0.39,38.27],[0.51,38.33],[1.06,38.72],[1.62,39.1],[2.04,39.53],[2.46,39.96],[2.65,40.56],[2.84,41.15],[2.89,41.43],[2.89,41.66],[2.85,41.96],[2.8,42.04],[2.8,42.04],[3.15,42.27],[3.64,42.62],[3.64,42.62],[4.55,42.25],[4.55,42.25],[4.79,41.62],[4.82,41.25],[4.77,40.66],[4.73,40.07],[4.67,39.58],[4.62,38.97],[4.5,38.41],[4.37,37.8],[4.25,37.23],[3.53,37.04],[2.81,36.84],[1.96,37.3],[1.09,37.76],[1.09,37.76],[0.39,38.27]]]}},{"type":"Feature","properties":{"ma":20,"type":"gpml:TopologicalClosedPlateBoundary","name":"Balearic Islands","pid":320,"deforming":false},"geometry":{"type":"Polygon","coordinates":[[[-3.62,37.59],[-3.37,37.96],[-2.45,38.56],[-1.82,38.78],[-1.19,38.99],[-0.73,39.17],[-0.63,39.22],[-0.23,38.71],[-0.23,38.71],[-0.16,38.65],[0.45,38.22],[1.05,37.79],[1.05,37.79],[0.76,37.7],[-0.35,37.41],[-1.01,37.22],[-1.67,37.03],[-2.21,36.82],[-3.16,36.64],[-3.39,37.12],[-3.62,37.59]]]}},{"type":"Feature","properties":{"ma":20,"type":"gpml:TopologicalClosedPlateBoundary","name":"Western Mediterranean","pid":708,"deforming":false},"geometry":{"type":"Polygon","coordinates":[[[4.58,42.24],[5.24,41.85],[5.3,41.8],[5.38,41.71],[5.53,41.6],[5.69,41.47],[5.89,41.29],[6.08,41.03],[6.21,40.79],[6.33,40.5],[6.43,40.17],[6.46,39.83],[6.41,39.48],[6.4,39.2],[6.35,38.88],[6.3,38.63],[6.23,38.35],[6.08,37.72],[6,37.2],[5.94,36.93],[5.8,36.6],[5.59,36.37],[5.38,36.23],[5.1,36.1],[4.88,35.99],[4.88,35.99],[4.65,35.92],[4.44,36],[4.22,36.09],[3.95,36.2],[3.56,36.18],[3.16,36.1],[2.82,36.03],[2.54,35.92],[2.22,35.78],[1.45,35.54],[0.69,35.31],[-0.15,35.12],[-0.66,35.04],[-1.18,34.98],[-1.87,34.9],[-2.52,34.84],[-3.28,34.78],[-3.88,34.86],[-4.44,35.08],[-4.57,35.44],[-4.1,35.85],[-3.64,36.12],[-3.15,36.38],[-2.46,36.75],[-2.46,36.75],[-1.91,36.99],[-1.14,37.23],[-0.43,37.42],[0.3,37.62],[1.05,37.78],[1.94,37.31],[2.81,36.84],[3.53,37.04],[4.25,37.23],[4.37,37.8],[4.5,38.41],[4.62,38.97],[4.67,39.58],[4.73,40.07],[4.77,40.66],[4.82,41.25],[4.79,41.62],[4.55,42.25],[4.58,42.24]]]}},{"type":"Feature","properties":{"ma":20,"type":"gpml:TopologicalNetwork","name":"Greater India","pid":501,"deforming":true},"geometry":{"type":"Polygon","coordinates":[[[64.67,30.11],[65.71,30.48],[66.13,30.8],[66.37,31.02],[66.48,31.09],[66.64,31.01],[66.72,30.84],[66.86,30.75],[66.96,30.72],[67.31,30.88],[67.55,31.1],[67.88,31.38],[68,31.44],[68.09,31.34],[68.19,31.12],[68.27,30.91],[68.5,30.68],[68.65,30.5],[68.93,30.42],[69.33,30.4],[69.52,30.39],[69.72,30.43],[69.92,30.38],[70.28,30.24],[70.79,30.03],[70.89,30],[71.24,29.69],[71.61,29.46],[71.99,29.21],[72.19,29.12],[72.54,29],[72.83,28.7],[73.17,28.41],[73.58,27.76],[73.8,27.69],[74.06,27.66],[74.28,27.61],[74.63,27.36],[74.93,27.17],[75.12,27.15],[75.55,27.07],[75.83,27.02],[76.17,26.97],[76.5,26.97],[76.83,26.96],[77.04,26.86],[77.63,26.62],[78.21,26.38],[78.79,26.08],[79.31,25.88],[79.61,25.83],[79.98,25.86],[80.31,25.97],[80.47,25.93],[80.87,25.91],[81.2,25.89],[81.57,25.9],[81.97,26],[82.37,26.05],[82.6,26.05],[82.88,26.15],[83.33,26.3],[83.64,26.32],[84.11,26.35],[84.39,26.43],[84.72,26.39],[84.86,26.37],[85.29,26.32],[85.69,26.31],[86.02,26.3],[86.62,26.31],[87.1,26.44],[87.41,26.62],[87.59,26.76],[87.83,26.94],[88.09,26.98],[88.61,27.06],[88.93,26.77],[89.12,26.71],[89.41,26.62],[89.75,26.52],[90.04,26.43],[90.63,26.24],[91.22,26.05],[91.22,26.05],[91.16,25.28],[91.09,24.51],[91.03,23.74],[90.85,22.91],[90.67,22.08],[90.39,21.55],[90.39,21.55],[89.82,21.57],[89.26,21.59],[88.33,21.39],[87.8,21.41],[87.27,21.43],[86.54,21.47],[85.94,21.2],[85.34,20.77],[84.76,20.38],[84.44,20.38],[83.56,20.32],[83.06,20.29],[82.56,20.27],[81.68,20.19],[81.15,20.1],[80.69,20.28],[79.77,20.14],[79.23,20.17],[78.73,20.29],[78.35,19.93],[78.02,20.01],[77.81,20.36],[77.21,20.44],[76.29,20.59],[75.83,20.74],[75.36,20.89],[74.67,21.19],[73.98,21.48],[73.19,21.74],[72.9,22.12],[72.43,22.32],[72.13,22.44],[71.72,22.5],[71.17,22.76],[70.91,23.05],[70.45,23.27],[70.13,23.62],[69.73,23.96],[69.14,24.16],[68.7,24.58],[67.96,25.08],[67.94,25.64],[67.41,26.35],[66.7,26.65],[66.04,27.18],[65.54,27.71],[65.03,28.23],[64.43,27.57],[63.98,27.06],[63.53,26.55],[63.03,26.05],[62.85,25.57],[62.67,25.09],[62.05,24.51],[61.47,24.05],[60.9,23.58],[60.86,23.56],[60.86,23.56],[61.01,23.75],[61.5,24.55],[61.99,25.35],[62.49,26.15],[63,26.95],[63.26,27.47],[63.51,27.98],[63.89,28.69],[64.28,29.4],[64.67,30.11]]]}},{"type":"Feature","properties":{"ma":20,"type":"gpml:TopologicalNetwork","name":"Greater_India_East_Mesh","pid":801,"deforming":true},"geometry":{"type":"Polygon","coordinates":[[[107.76,-33.1],[106.89,-33.29],[106.02,-33.46],[105.14,-33.63],[104.28,-33.79],[103.43,-33.95],[103.43,-33.95],[104,-33.51],[104.41,-32.86],[104.81,-32.2],[104.09,-31.82],[103.38,-31.43],[102.68,-31.04],[102.9,-30.36],[103.13,-29.69],[103.79,-29.26],[104.44,-28.83],[105.09,-28.39],[105.31,-27.6],[104.79,-26.86],[105.4,-26.17],[106.02,-26.28],[106.63,-26.38],[107.44,-26.79],[108.22,-26.84],[109.01,-26.88],[109.91,-26.98],[110.81,-27.08],[111.38,-26.91],[111.56,-25.93],[111.9,-25.18],[112.24,-24.42],[112.7,-23.55],[112.98,-23.06],[113.25,-22.56],[113.43,-22.23],[114.09,-21.86],[114.75,-21.49],[115.41,-21.11],[116.02,-20.66],[116.62,-20.2],[116.45,-19.84],[117.28,-19.34],[118.11,-18.85],[118.94,-18.35],[119.62,-17.97],[120.29,-17.59],[120.97,-17.21],[121.27,-17.69],[121.58,-18.16],[122.21,-17.7],[122.83,-17.24],[123.45,-16.78],[123.45,-16.78],[124.01,-17.33],[124.56,-17.88],[125.24,-18.46],[125.93,-19.03],[126.62,-19.61],[127.31,-20.18],[128.01,-20.75],[128.72,-21.32],[129.43,-21.88],[129.43,-21.88],[128.81,-22.1],[128.19,-22.31],[127.31,-22.87],[126.43,-23.42],[125.83,-23.8],[125.21,-24.18],[124.6,-24.55],[124.07,-25.33],[123.34,-25.66],[122.61,-25.99],[121.88,-26.32],[120.97,-26.73],[120.06,-27.14],[119.3,-27.47],[118.53,-27.79],[117.76,-28.11],[117.03,-28.73],[116.3,-29.34],[115.56,-29.89],[114.81,-30.43],[114.06,-30.97],[113.27,-31.23],[112.47,-31.47],[111.67,-31.72],[110.86,-31.99],[110.03,-32.26],[109.2,-32.53],[108.63,-32.92],[107.76,-33.1]]]}},{"type":"Feature","properties":{"ma":20,"type":"gpml:TopologicalNetwork","name":"aus_antarc_india_mesh","pid":801,"deforming":true},"geometry":{"type":"Polygon","coordinates":[[[98.33,-34.43],[98.45,-34.39],[99.14,-33.95],[99.83,-33.51],[100.51,-33.06],[100.87,-33.42],[100.9,-34.2],[100.92,-34.98],[101.53,-35.29],[102.14,-35.6],[102.65,-35.17],[102.99,-34.61],[103.32,-34.04],[104.21,-33.88],[105.09,-33.7],[105.96,-33.52],[106.84,-33.33],[106.84,-33.33],[106.53,-34.24],[106.63,-34.92],[106.73,-35.6],[106.71,-36.1],[106.69,-36.72],[106.66,-37.37],[106.63,-38.01],[106.74,-38.6],[106.85,-39.19],[107.08,-39.9],[107.31,-40.61],[107.5,-41.3],[107.69,-41.98],[107.65,-42.76],[107.6,-43.55],[107.36,-44.11],[107.11,-44.68],[107.11,-44.68],[106.42,-44.63],[105.28,-44.99],[105.05,-44.96],[105.05,-44.96],[105.49,-44.6],[105.16,-43.73],[104.85,-42.87],[105.13,-43.05],[105.34,-43.26],[105.83,-42.75],[105.95,-42.45],[106.02,-42.35],[105.92,-41.71],[106,-41.67],[106.23,-41.68],[106.38,-41.63],[106.35,-41.3],[106.23,-41.01],[105.68,-40.58],[105.67,-40.47],[105.3,-40.17],[105.46,-40.07],[104.64,-39.35],[103.88,-38.72],[103.52,-38.3],[103.17,-37.88],[102.5,-37.47],[101.79,-36.99],[101.09,-36.51],[100.53,-36.24],[99.94,-35.67],[99.52,-35.38],[99.52,-35.38],[99.52,-35.27],[98.93,-34.85],[98.33,-34.43]]]}},{"type":"Feature","properties":{"ma":20,"type":"gpml:TopologicalNetwork","name":"IA_PNG_Jurassic_Deforming_Network","pid":615,"deforming":true},"geometry":{"type":"Polygon","coordinates":[[[130.72,-12.81],[130.93,-13.43],[131.13,-13.98],[131.13,-13.98],[132.1,-14.13],[132.71,-14.2],[133.63,-14.45],[134.12,-14.54],[134.59,-14.7],[135.16,-14.88],[135.96,-15.11],[136.43,-15.28],[136.68,-15.32],[136.98,-15.5],[136.98,-15.5],[137.15,-15.15],[137.47,-14.86],[137.47,-14.86],[137.57,-14.87],[138.23,-14.92],[139.05,-15.23],[139.8,-15.6],[139.97,-15.74],[139.92,-16.06],[139.84,-16.17],[139.76,-16.42],[139.76,-16.42],[139.84,-16.46],[140.33,-16.79],[140.68,-17.1],[141.09,-17.77],[141.53,-18.27],[141.93,-18.54],[141.93,-18.54],[141.93,-18.55],[141.93,-18.55],[141,-18.94],[140.56,-19.57],[140.46,-19.67],[140.46,-19.67],[140.11,-19.38],[139.34,-18.84],[138.77,-18.53],[138.21,-18.22],[137.94,-18.06],[137.68,-17.89],[137.46,-17.72],[137.27,-17.5],[137.29,-17.27],[137.36,-17.06],[137.38,-17.01],[137.01,-16.86],[136.72,-16.79],[136.5,-16.66],[136.09,-16.51],[135.5,-16.31],[135.14,-16.12],[134.45,-16.01],[134.07,-15.91],[133.56,-15.85],[133.23,-15.8],[132.66,-15.73],[132.24,-15.66],[131.37,-15.38],[131.06,-15.33],[130.51,-15.25],[130.17,-15.16],[129.47,-14.91],[129.08,-14.8],[128.3,-14.28],[127.52,-13.76],[127.05,-13.03],[126.55,-12.3],[126.51,-11.75],[126.48,-11.2],[126.42,-10.91],[126.42,-10.91],[126.44,-10.92],[127,-11],[127.55,-11.08],[128.06,-11.32],[128.58,-11.55],[129.09,-11.91],[129.61,-12.27],[130.23,-12.55],[130.72,-12.81]]]}},{"type":"Feature","properties":{"ma":20,"type":"gpml:TopologicalNetwork","name":"Inactive_PNG_Jurassic_Deforming_Network","pid":615,"deforming":true},"geometry":{"type":"Polygon","coordinates":[[[129.67,-13.46],[129.67,-13.46],[129.72,-13.37],[130.34,-12.82],[131.09,-12.55],[131.82,-12.62],[132.55,-12.69],[133.47,-12.94],[134.4,-13.17],[135.36,-13.46],[136.32,-13.74],[137.25,-14.16],[138.19,-14.57],[139.12,-14.98],[139.75,-15.61],[140.37,-16.24],[140.19,-16.73],[140.18,-16.74],[140.18,-16.74],[139.84,-16.5],[139.51,-16.27],[139.15,-16.15],[138.75,-16.02],[138.02,-15.78],[137.15,-15.53],[136.47,-15.33],[135.79,-15.13],[135.25,-14.96],[134.71,-14.8],[133.83,-14.57],[133.02,-14.36],[132.33,-14.26],[131.66,-14.15],[130.69,-13.89],[129.97,-13.74],[129.94,-13.74],[129.67,-13.46]]]}},{"type":"Feature","properties":{"ma":20,"type":"gpml:TopologicalNetwork","name":"Inactive_aus_antarc_india_mesh","pid":802,"deforming":true},"geometry":{"type":"Polygon","coordinates":[[[100.46,-63.71],[98.95,-63.85],[97.42,-63.98],[96.25,-64.24],[95.07,-64.5],[93.74,-64.72],[92.39,-64.93],[91.23,-65.27],[90.05,-65.6],[88.59,-65.65],[87.13,-65.69],[85.84,-65.73],[84.55,-65.75],[82.89,-65.87],[81.22,-65.97],[79.56,-66.22],[77.86,-66.46],[76.34,-66.75],[75.75,-67.72],[74.51,-68.5],[73.34,-68.95],[72.05,-69.56],[70.68,-70.16],[69.81,-70.93],[68.86,-71.7],[68.29,-70.75],[67.8,-69.86],[67.96,-69.29],[68.11,-68.72],[68.73,-68.22],[69.32,-67.73],[70.21,-67.06],[68.49,-67.25],[66.05,-67.27],[64.37,-67.22],[62.71,-67.16],[60.89,-67.04],[59.09,-66.9],[57.31,-66.74],[56.09,-66.5],[54.89,-66.24],[53.62,-65.62],[51.74,-65.6],[49.87,-66.05],[47.64,-66.48],[45.33,-66.87],[43.3,-67.37],[41.18,-67.85],[39.43,-68.34],[37.6,-68.82],[35.24,-68.66],[32.93,-68.47],[31.1,-68.07],[29.34,-67.65],[28.32,-67.2],[27.33,-66.74],[27.33,-66.74],[28.22,-66.36],[29.09,-65.97],[29.81,-65.59],[30.61,-65.29],[31.58,-64.89],[32.02,-64.84],[32.5,-64.92],[32.86,-65.27],[32.92,-65.53],[32.77,-65.83],[32.6,-66.23],[32.53,-66.57],[32.61,-66.79],[33.02,-67.11],[33.77,-67.29],[35.31,-67.45],[36.86,-67.59],[37.62,-66.93],[38.39,-66.98],[39.14,-67.06],[39.35,-67.04],[40.32,-66.38],[40.77,-65.9],[41.57,-65.5],[43.23,-65.11],[44.85,-64.71],[45.87,-64.21],[46.86,-63.7],[48.36,-63.59],[48.36,-63.59],[50.45,-63.66],[51.74,-63.83],[53.16,-64],[55.32,-64.24],[55.69,-63.55],[55.82,-63.49],[56.97,-63.54],[58.11,-63.57],[59.74,-63.6],[61.67,-63.63],[63.37,-63.8],[64.05,-63.81],[65.07,-63.82],[66.67,-63.74],[67.5,-63.66],[68.41,-63.56],[69.03,-63.75],[70.01,-64.04],[71.72,-63.43],[72.14,-63.48],[72.81,-63.55],[74.01,-63.68],[74.23,-64.06],[74.39,-64.35],[74.99,-64.44],[76.36,-64.54],[77.65,-64.61],[79.38,-64.72],[80.34,-64.77],[81.72,-64.75],[83.09,-64.71],[83.74,-64.65],[84.11,-64.57],[85.51,-64.48],[86.89,-64.36],[88.17,-64.24],[89.83,-63.96],[91.46,-63.66],[92.48,-63.37],[93.49,-63.07],[93.27,-62.43],[93.13,-61.94],[95.08,-61.81],[97.09,-61.72],[99.09,-61.6],[100.03,-61.89],[100.84,-62.05],[101.58,-62.19],[101.58,-62.19],[101.49,-62.13],[101.49,-62.13],[101.64,-62.72],[101.79,-63.3],[101.96,-63.55],[100.46,-63.71]]]}},{"type":"Feature","properties":{"ma":20,"type":"gpml:TopologicalNetwork","name":"Inactive_aus_antarc_india_mesh","pid":501,"deforming":true},"geometry":{"type":"Polygon","coordinates":[[[71.18,6.17],[71.31,6.46],[71.35,7.16],[71.39,7.87],[71.53,8.56],[71.68,9.26],[72.23,9.72],[72.78,10.18],[73.41,10.4],[74.05,10.63],[74.67,11.09],[75.29,11.56],[75.73,11.99],[76.17,12.43],[76.64,12.93],[77.11,13.43],[77.63,14.09],[78.16,14.75],[78.73,15.1],[79.3,15.45],[79.89,15.47],[80.49,15.5],[81.38,15.85],[81.38,15.85],[81.72,15.25],[82.24,14.48],[82.24,14.48],[81.79,14.4],[81.2,14.31],[81.06,14.26],[80.84,14.18],[80.7,14.1],[80.57,14.05],[80.35,13.94],[80.18,13.84],[80.04,13.79],[79.85,13.66],[79.71,13.57],[79.51,13.49],[79.36,13.42],[79.2,13.38],[79.07,13.33],[78.77,13.25],[78.57,13.17],[78.39,13.12],[78.12,13.1],[77.91,13.03],[77.63,12.89],[77.52,12.82],[77.33,12.66],[77.14,12.45],[76.76,12.06],[76.56,11.87],[76.36,11.72],[76.14,11.55],[75.9,11.34],[75.46,10.9],[75.41,10.84],[75.08,10.55],[74.58,10.27],[74.47,10.19],[73.94,9.75],[73.64,9.54],[73.15,9.31],[72.73,9.03],[72.31,8.59],[72.14,8.29],[72.12,7.62],[72.14,7.21],[72.27,6.57],[71.65,5.81],[71.65,5.81],[71.18,6.17]]]}},{"type":"Feature","properties":{"ma":20,"type":"gpml:TopologicalNetwork","name":"Inactive_Western_Deforming_Network","pid":801,"deforming":true},"geometry":{"type":"Polygon","coordinates":[[[150.21,-28.27],[150.31,-28.73],[150.49,-29.27],[150.82,-30.22],[151,-30.81],[151.29,-31.71],[151.12,-32.55],[151.44,-32.88],[151.33,-33.86],[151.3,-34.86],[151.27,-35.85],[151.24,-36.84],[151.46,-37.19],[151.46,-37.71],[151.46,-38.23],[151.46,-38.52],[151.15,-39.45],[151.04,-39.77],[151.05,-40.31],[151.07,-40.85],[151.08,-41.09],[150.87,-41.71],[150.65,-42.33],[150.64,-42.35],[150.34,-42.95],[150.03,-43.55],[149.57,-44.44],[149.11,-45.34],[149.08,-45.56],[149.02,-46.13],[148.96,-46.7],[147.95,-46.92],[147.3,-47.09],[147.3,-47.09],[147.17,-46.69],[147.06,-46.07],[147.17,-45.45],[147.27,-44.8],[147.86,-44.1],[148.05,-43.7],[148.16,-43.41],[148.59,-42.51],[148.99,-41.9],[149.46,-41.12],[149.44,-40.27],[149.53,-39.61],[149.84,-39.11],[150.15,-38.6],[150.28,-38.03],[150.05,-37.5],[150.06,-36.83],[149.81,-36.24],[149.94,-35.31],[149.7,-34.35],[149.59,-33.61],[150.15,-32.95],[150.19,-32.29],[150.22,-31.43],[150.01,-30.95],[149.42,-30.32],[148.85,-29.63],[148.53,-28.94],[148.17,-28.15],[147.83,-27.52],[147.83,-27.52],[148.55,-27.3],[149.27,-27.07],[149.98,-26.84],[149.98,-26.84],[150.1,-27.48],[150.21,-28.27]]]}},{"type":"Feature","properties":{"ma":20,"type":"gpml:TopologicalNetwork","name":"Inactive_Southern_Aus_Margin","pid":801,"deforming":true},"geometry":{"type":"Polygon","coordinates":[[[137.26,-48.08],[138.72,-48.22],[139.51,-48.14],[140.3,-48.05],[141.19,-47.99],[142.23,-47.79],[143.45,-47.79],[144.18,-47.8],[145.12,-47.6],[145.86,-47.41],[146.98,-47.17],[147.95,-46.92],[148.96,-46.7],[148.92,-46.86],[148.71,-47.74],[148.65,-48.01],[148.28,-48.57],[147.91,-49.14],[147.91,-49.18],[148.01,-49.84],[148.1,-50.49],[148.35,-50.99],[148.6,-51.5],[149.16,-51.75],[149.99,-52.42],[150.05,-52.48],[150.52,-52.9],[151,-53.33],[151,-53.33],[150.85,-53.92],[150.71,-54.5],[149.49,-54.75],[148.15,-55.01],[146.72,-55.27],[145.27,-55.52],[144.89,-55.01],[144.36,-54.72],[143.7,-54.39],[143.04,-54.07],[142.51,-53.77],[141.5,-53.48],[140.67,-52.66],[139.87,-51.83],[139.41,-51.5],[139.06,-51.31],[138.47,-50.96],[137.87,-50.62],[137.27,-50.28],[136.68,-49.94],[136.08,-49.61],[135.49,-49.31],[134.88,-48.95],[134.29,-48.63],[133.7,-48.29],[133.13,-47.93],[132.07,-47.72],[131.01,-47.5],[130.78,-47.46],[129.88,-47.3],[129.23,-47.25],[128.73,-47.21],[127.42,-47.06],[126.51,-46.75],[125.44,-46.39],[124.84,-46.33],[124.3,-46.26],[123.33,-46.25],[123.14,-46.25],[121.99,-46.25],[121.9,-46.26],[120.85,-46.34],[120.69,-46.38],[119.83,-46.61],[119.75,-46.63],[119.04,-46.78],[118.63,-46.86],[118.23,-46.9],[117.48,-46.97],[117.22,-46.99],[116.34,-47.06],[116.16,-47.07],[115.19,-47.12],[115.08,-47.14],[114.11,-47.32],[114.06,-47.33],[113.19,-47.47],[112.92,-47.51],[112.23,-47.61],[111.77,-47.68],[111.11,-47.68],[110.61,-47.67],[109.87,-47.63],[108.73,-47.53],[107.6,-47.42],[106.42,-47.24],[106.42,-47.24],[105.99,-46.48],[105.56,-45.73],[105.15,-44.97],[105.15,-44.97],[105.28,-44.99],[106.42,-44.63],[107.16,-44.68],[107.89,-44.73],[109.17,-44.49],[110.41,-44.27],[111.38,-44.13],[112.6,-44.12],[113.42,-44.06],[114.25,-44],[115.41,-43.85],[116.7,-43.71],[117.83,-43.76],[118.63,-43.57],[119.42,-43.39],[120.25,-43.29],[121.09,-43.19],[121.99,-43.03],[122.89,-42.87],[123.76,-42.65],[124.62,-42.43],[125.81,-42.32],[126.35,-42.19],[127.49,-42.56],[128.65,-42.91],[129.17,-43.24],[129.71,-43.56],[130.43,-43.95],[131.17,-44.34],[131.73,-44.66],[132.3,-44.97],[133.2,-45.53],[133.99,-46.06],[134.58,-46.52],[135.29,-47.03],[136.12,-47.5],[136.83,-47.81],[137.12,-48.05],[137.26,-48.08]]]}},{"type":"Feature","properties":{"ma":20,"type":"gpml:TopologicalNetwork","name":"Inactive_Coral_Deforming_Network","pid":836,"deforming":true},"geometry":{"type":"Polygon","coordinates":[[[150.38,-20.57],[151.18,-20.95],[151.74,-21.21],[152.31,-21.47],[152.76,-21.68],[152.98,-21.86],[153.22,-22.02],[153.22,-22.02],[152.81,-22.37],[152.4,-22.73],[151.64,-23.16],[150.87,-23.58],[150.87,-23.58],[150.79,-23.31],[150.5,-22.83],[150.08,-22.45],[149.67,-22.06],[149.43,-21.74],[149.43,-21.74],[149.03,-21.55],[148,-21.4],[146.97,-21.23],[146.15,-21.2],[145.34,-21.16],[145.25,-21.1],[145.25,-21.1],[144.7,-21.43],[144.3,-21.62],[143.4,-21.71],[142.72,-21.69],[142.72,-21.69],[142.62,-21.73],[142.37,-21.72],[142.07,-21.77],[141.67,-21.94],[141.59,-22.23],[141.8,-22.75],[141.97,-22.99],[141.87,-23.08],[141.87,-23.08],[142.19,-23.35],[142.44,-23.48],[142.74,-23.73],[143.31,-23.97],[144.03,-24.21],[144.71,-24.37],[145.39,-24.53],[146.39,-24.78],[147.1,-24.94],[147.81,-25.1],[148.25,-25.75],[148.8,-26.34],[148.93,-27.18],[148.93,-27.18],[148.01,-27.47],[148.01,-27.47],[147.88,-26.97],[147.75,-26.47],[147.26,-26.01],[146.78,-25.55],[146.07,-25.41],[145.35,-25.26],[144.57,-25.05],[143.79,-24.84],[143.01,-24.63],[142.13,-24.31],[141.24,-23.98],[140.48,-23.98],[139.71,-23.97],[138.95,-23.96],[138.55,-23.5],[138.35,-23.27],[138.35,-23.27],[138.44,-23.08],[138.61,-22.7],[138.76,-22.3],[138.91,-21.91],[139.2,-21.09],[139.51,-20.64],[139.83,-20.18],[140.64,-20.24],[141.46,-20.3],[141.9,-20.66],[141.9,-20.66],[142.1,-20.56],[142.49,-20.37],[143.06,-20.02],[143.66,-19.68],[144.39,-19.74],[145.13,-19.8],[145.79,-19.78],[146.33,-19.81],[146.88,-19.84],[147.84,-20.05],[148.79,-20.26],[149.58,-20.18],[150.38,-20.57]]]}},{"type":"Feature","properties":{"ma":20,"type":"gpml:TopologicalNetwork","name":"Static_Network","pid":833,"deforming":true},"geometry":{"type":"Polygon","coordinates":[[[151.49,-27.98],[151.34,-27.47],[151.01,-27.34],[150.85,-26.76],[150.78,-26.13],[151.09,-25.6],[151.41,-25.06],[151.22,-24.36],[151.22,-24.36],[151.52,-24.15],[152.03,-23.55],[152.54,-22.96],[152.54,-22.96],[152.77,-23.17],[153.04,-23.36],[153.26,-23.55],[153.78,-24.08],[154.19,-24.78],[154.31,-25.66],[154.01,-26.1],[153.68,-26.57],[153.35,-27.04],[153.8,-27.65],[153.65,-28.43],[153.91,-28.83],[154.59,-29.34],[155.35,-28.8],[156.11,-28.25],[156.87,-27.69],[157.61,-27.13],[158.35,-26.57],[159.08,-26.01],[159.82,-26.57],[160.17,-27.04],[160.53,-27.51],[160.98,-27.83],[161.43,-28.15],[162.12,-28.67],[162.92,-29.07],[163.76,-29.51],[164.44,-29.75],[164.92,-30.11],[165,-30.39],[165.11,-30.59],[165.15,-30.88],[165.33,-31.52],[165.4,-32.44],[165.6,-33.16],[165.91,-33.96],[166.08,-34.38],[166.23,-35.13],[166.31,-35.4],[166.49,-36.1],[167.07,-36.69],[167.15,-37.1],[167.12,-37.88],[167.19,-38.48],[167.37,-38.88],[167.6,-39.2],[168.62,-39.76],[169.19,-40.03],[169.84,-40.23],[170.67,-40.56],[170.78,-40.66],[171.61,-40.06],[171.3,-40.45],[171.33,-40.77],[171.36,-41],[171.63,-41.33],[171.98,-41.78],[172.41,-42.3],[172.72,-42.68],[173.05,-43.06],[173.48,-43.57],[174.28,-44.02],[173.77,-44.73],[173.06,-45.39],[172.7,-45.85],[172.33,-46.31],[172.39,-46.87],[172.46,-47.42],[171.92,-48.31],[171.27,-48.78],[170.55,-49.53],[170.09,-50.03],[169.63,-50.52],[169.42,-51.51],[169.42,-51.51],[168.71,-51.29],[167.92,-51.08],[167.12,-50.99],[166.02,-50.32],[164.94,-49.65],[165.16,-49.15],[165.02,-48.99],[164.57,-48.7],[164.09,-48.45],[164.09,-48.45],[164.34,-48.27],[163.67,-47.45],[163.01,-46.62],[162.02,-45.89],[161.95,-45.85],[161.42,-45.16],[160.77,-45.03],[160.05,-44.78],[159.34,-44.52],[158.95,-43.92],[158.57,-43.32],[158.53,-43.28],[157.68,-42.63],[157.46,-42.46],[156.75,-42.38],[156.04,-42.3],[155.96,-42.15],[155.7,-41.66],[155.44,-41.16],[155.31,-40.98],[155.03,-40.26],[154.76,-39.55],[154.98,-38.85],[155.19,-38.15],[155.2,-38.12],[155.03,-37.59],[154.85,-37.07],[154.77,-36.83],[154.64,-36.29],[154.51,-35.75],[154.45,-35.46],[154.5,-34.96],[154.55,-34.46],[154.59,-34.12],[154.13,-33.2],[153.95,-32.83],[153.39,-32.29],[152.84,-31.75],[152.45,-31.2],[152.17,-30.79],[152.05,-30.15],[151.95,-29.63],[151.85,-29.11],[151.65,-28.49],[151.49,-27.98]]]}},{"type":"Feature","properties":{"ma":20,"type":"gpml:TopologicalNetwork","name":"Inactive_Deforming_AUS_ANT_Deforming_Network","pid":802,"deforming":true},"geometry":{"type":"Polygon","coordinates":[[[161.62,-68.72],[161.75,-68.74],[162.83,-68.88],[163,-68.94],[162.5,-69.47],[161.98,-70],[161.98,-70],[160.9,-69.79],[159.11,-69.78],[157.32,-69.76],[155.78,-69.31],[154.64,-68.83],[153.55,-68.34],[152.4,-67.98],[151.28,-67.6],[149.63,-67.36],[148.01,-67.1],[146.26,-66.92],[144.54,-66.72],[143.32,-66.51],[142.12,-66.29],[139.79,-66.05],[138.21,-66.01],[136.63,-65.95],[135.08,-65.69],[133.56,-65.41],[131.68,-65.31],[130.28,-65.33],[128.87,-65.34],[127.34,-65.4],[125.8,-65.45],[124.04,-65.71],[122.24,-65.95],[120.3,-66.01],[118.36,-66.05],[116.42,-66.05],[115.17,-66.14],[113.91,-66.22],[112.19,-66.3],[110.45,-66.36],[109.14,-66.28],[107.84,-66.19],[105.66,-65.91],[103.54,-65.61],[103.54,-65.61],[102.92,-64.84],[102.34,-64.07],[101.79,-63.3],[101.57,-62.47],[101.57,-62.47],[102.11,-62.59],[102.99,-62.78],[104.79,-63.1],[106.21,-63.06],[107.62,-63.01],[108.54,-62.96],[109.19,-62.92],[110.06,-62.87],[110.76,-62.84],[111.88,-62.86],[112.33,-62.87],[113.81,-62.92],[113.9,-62.92],[115.47,-62.87],[115.66,-62.87],[117.04,-62.8],[117.31,-62.79],[118.61,-62.74],[119.02,-62.74],[120.19,-62.72],[120.92,-62.78],[121.75,-62.84],[123.15,-62.9],[123.33,-62.91],[124.89,-62.84],[125.13,-62.8],[126.43,-62.55],[126.54,-62.53],[127.77,-62.24],[127.96,-62.19],[128.99,-61.97],[129.5,-61.86],[130.08,-61.76],[130.81,-61.64],[131.05,-61.6],[132.1,-61.45],[132.61,-61.38],[133.34,-61.32],[134.17,-61.24],[134.43,-61.23],[136.32,-61.56],[138.25,-61.86],[138.61,-61.97],[139.29,-62.18],[139.92,-62.36],[140.35,-62.47],[141.06,-62.66],[141.79,-62.86],[142.25,-62.99],[142.82,-63.14],[143.55,-63.33],[144.35,-63.52],[144.85,-63.64],[145.74,-63.89],[147.18,-64.34],[148.14,-64.9],[148.87,-65.2],[149.11,-65.3],[149.16,-65.32],[149.35,-65.37],[149.89,-65.52],[150.22,-65.61],[150.45,-65.66],[151.3,-65.83],[151.73,-66.04],[152.29,-66.31],[153.23,-66.89],[154.19,-67.42],[155.24,-67.71],[155.89,-67.83],[156.32,-67.91],[157.41,-68.06],[158.2,-68.2],[158.49,-68.25],[160.66,-68.59],[161.62,-68.72]]]}},{"type":"Feature","properties":{"ma":20,"type":"gpml:TopologicalNetwork","name":"Inactive_Tasmania_Deforming_Network","pid":851,"deforming":true},"geometry":{"type":"Polygon","coordinates":[[[142.51,-53.77],[143.04,-54.07],[143.7,-54.39],[144.36,-54.72],[144.89,-55.01],[145.29,-55.48],[145.72,-55.72],[146.28,-55.9],[146.95,-56.08],[147.59,-56.24],[148.49,-56.47],[149.14,-56.73],[149.73,-57.02],[150.34,-57.3],[151.21,-57.67],[151.75,-58.01],[152.19,-58.34],[152.32,-58.52],[151.85,-58.98],[150.87,-59.06],[150.37,-58.97],[150.35,-58.97],[149.76,-58.8],[149.69,-58.79],[149.11,-58.65],[148.69,-58.55],[148.46,-58.52],[147.81,-58.42],[147.69,-58.4],[147.36,-58.35],[146.86,-58.27],[146.69,-58.25],[146.4,-58.18],[146.06,-58.1],[146.05,-58.1],[145.9,-58.07],[145.7,-58.02],[145.51,-57.92],[144.84,-57.55],[144.57,-57.27],[144.23,-56.89],[143.67,-56.21],[143.29,-55.73],[143.12,-55.52],[142.58,-54.83],[142.04,-54.14],[142.01,-54.1],[141.5,-53.48],[142.51,-53.77]]]}},{"type":"Feature","properties":{"ma":20,"type":"gpml:TopologicalNetwork","name":"EllesmereIsland_Deformation_Mesh_Gion","pid":120,"deforming":true},"geometry":{"type":"Polygon","coordinates":[[[-83.99,73.74],[-86.44,73.83],[-89.39,73.92],[-92.01,74.09],[-94.67,74.23],[-96.52,74.32],[-98.38,74.39],[-101.54,74.64],[-103.33,74.98],[-105.2,75.31],[-106.84,75.67],[-108.56,76.02],[-111.6,76.58],[-114.44,77.29],[-116.8,77.94],[-116.39,78.89],[-115.07,79.84],[-112.55,80.25],[-109.82,80.65],[-106.67,80.95],[-103.31,81.22],[-99.42,81.52],[-95.27,81.77],[-90.14,81.99],[-84.77,82.14],[-80.41,82.28],[-75.92,82.38],[-71.18,82.63],[-66.15,82.83],[-62.07,83.09],[-57.71,83.31],[-51.24,83.59],[-45.4,84.35],[-45.4,84.35],[-42.24,83.55],[-39.77,82.73],[-37.81,81.91],[-36.41,81.19],[-35.21,80.46],[-35.21,80.46],[-36.32,80.39],[-38.61,80.16],[-41.29,79.86],[-43.05,79.63],[-45.62,79.19],[-47.79,78.68],[-49.77,78.16],[-51.28,77.84],[-52.1,77.8],[-53.55,77.82],[-54.67,77.84],[-56.62,77.69],[-58.16,77.55],[-58.78,77.25],[-59.27,77.01],[-60.68,76.84],[-61.7,76.71],[-61.79,76.47],[-61.89,76.2],[-61.99,75.9],[-62.7,75.86],[-63.32,75.83],[-63.95,75.79],[-64.85,75.73],[-65.53,75.68],[-66.29,75.62],[-66.77,75.59],[-67.16,75.49],[-67.93,75.29],[-68.79,75.05],[-70,74.51],[-70.85,74.3],[-71.57,74.12],[-72.65,73.82],[-74.38,73.28],[-75.34,72.92],[-75.34,72.92],[-76.54,72.97],[-78.59,73.13],[-81.46,73.36],[-82.56,73.53],[-83.99,73.74]]]}},{"type":"Feature","properties":{"ma":20,"type":"gpml:TopologicalNetwork","name":"Inactive_BoB_Deform","pid":305,"deforming":true},"geometry":{"type":"Polygon","coordinates":[[[-12.05,44.43],[-12.03,44.5],[-11.89,44.69],[-11.75,44.98],[-11.57,45.28],[-11.4,45.65],[-11.32,45.8],[-11.32,45.8],[-11.28,45.79],[-10.77,45.69],[-10.35,45.56],[-9.79,45.39],[-9.21,45.08],[-8.92,44.85],[-8.27,44.6],[-7.7,44.12],[-7.16,43.67],[-6.94,43.33],[-6.73,42.94],[-6.45,42.62],[-6.2,42.27],[-6.08,41.86],[-6.08,41.86],[-6.75,41.91],[-7.58,41.79],[-8.45,41.71],[-8.81,41.66],[-9.23,41.61],[-9.47,41.57],[-9.75,41.53],[-9.75,41.53],[-10.11,42.25],[-10.39,42.58],[-10.56,42.76],[-10.72,42.83],[-10.72,42.83],[-10.41,42.95],[-10.21,43.16],[-10.15,43.26],[-10.15,43.26],[-10.19,43.42],[-10.25,43.65],[-10.45,43.87],[-11.14,44.12],[-12.02,44.43],[-12.05,44.43]]]}},{"type":"Feature","properties":{"ma":20,"type":"gpml:TopologicalNetwork","name":"Inactive_Central_Atlantic_Mesh","pid":101,"deforming":true},"geometry":{"type":"Polygon","coordinates":[[[-48.97,41.44],[-49.33,41.63],[-50,41.91],[-50.55,41.94],[-51.32,42.36],[-51.89,42.47],[-52.79,42.18],[-53.77,42.08],[-54.74,41.96],[-55.53,41.41],[-56.04,40.98],[-56.38,40.68],[-56.85,40.42],[-57.41,40.25],[-58.15,40.43],[-59.13,40.78],[-60.02,40.85],[-60.74,40.81],[-60.94,40.79],[-61.2,40.62],[-61.57,40.41],[-61.71,40.34],[-61.81,40.27],[-61.91,40.2],[-61.99,40.13],[-62.26,39.95],[-62.57,39.7],[-62.69,39.59],[-62.89,39.43],[-63.04,39.34],[-63.15,39.24],[-63.34,39.1],[-63.54,38.96],[-63.68,38.82],[-64.04,38.74],[-64.4,38.83],[-64.74,38.92],[-65.25,39.03],[-65.51,38.93],[-65.77,38.86],[-66.09,38.84],[-66.44,38.79],[-66.79,38.76],[-67.03,38.74],[-67.32,38.74],[-67.61,38.78],[-67.98,38.81],[-68.2,38.85],[-68.53,38.67],[-68.7,38.61],[-69.15,38.58],[-69.95,38.4],[-70.57,38.07],[-71.08,37.55],[-71.32,36.88],[-71.65,36.34],[-71.78,36.04],[-71.75,35.62],[-71.69,35.21],[-71.69,34.65],[-72.12,34.12],[-72.54,33.6],[-72.96,33.13],[-73.29,32.74],[-73.86,32.17],[-74.17,31.68],[-74.99,31.41],[-75.85,31.1],[-76.72,30.76],[-77.09,30.39],[-77.36,30.02],[-76.97,29.71],[-76.9,29.51],[-77.08,29.06],[-76.88,28.56],[-76.62,27.67],[-76.51,27.37],[-76.43,26.94],[-76.43,26.87],[-76.43,26.87],[-76.91,26.88],[-77.68,26.98],[-78.43,27.24],[-78.98,27.75],[-79.52,28.09],[-80.18,28.38],[-80.76,28.74],[-80.99,29.24],[-81.8,29.53],[-82.42,29.88],[-83.04,30.22],[-83.04,30.22],[-82.45,30.45],[-82.12,30.53],[-81.88,30.88],[-81.53,31.35],[-81.19,31.74],[-80.85,32.11],[-80.77,32.33],[-80.41,32.5],[-80.07,32.65],[-79.51,32.91],[-78.82,33.18],[-78.12,33.44],[-77.58,33.97],[-77.14,34.5],[-77.08,35.28],[-77.03,35.92],[-76.35,36.35],[-75.55,37.02],[-75.2,37.38],[-74.71,37.93],[-74.22,38.47],[-73.98,38.96],[-73.87,39.42],[-73.38,39.64],[-73.24,39.76],[-72.92,39.79],[-72.53,39.75],[-72.17,39.79],[-71.61,40],[-71.3,40.07],[-71.07,40.1],[-70.72,40.4],[-70.36,40.71],[-69.77,40.9],[-69.38,41.26],[-69.21,41.85],[-68.91,41.96],[-68.38,41.88],[-67.74,42.2],[-67.13,42.28],[-66.13,42.41],[-65.1,42.63],[-64.43,42.82],[-63.41,43.02],[-62.75,43.36],[-61.86,43.8],[-61.09,44.1],[-60.35,44.26],[-59.49,44.42],[-59.03,44.46],[-58.37,44.38],[-57.46,44.33],[-56.68,44.4],[-56.01,44.44],[-55.32,44.45],[-54.61,44.44],[-53.73,44.4],[-52.74,44.23],[-51.82,44.05],[-50.76,43.92],[-50.31,43.8],[-50.09,43.58],[-49.8,43.48],[-49.62,43.34],[-49.47,43.23],[-49.25,43.04],[-48.91,42.84],[-49,42.74],[-49.21,42.64],[-49.63,42.66],[-49.61,42.46],[-49.46,42.23],[-49.02,42.39],[-48.96,42.4],[-48.79,42.36],[-48.83,42.15],[-48.87,41.73],[-48.52,41.64],[-48.52,41.64],[-48.97,41.44]]]}},{"type":"Feature","properties":{"ma":20,"type":"gpml:TopologicalNetwork","name":"Inactive Deforming Network","pid":701,"deforming":true},"geometry":{"type":"Polygon","coordinates":[[[3.15,2.52],[2.32,2.85],[1.49,3.19],[1.49,3.19],[2.19,3.7],[2.59,3.99],[2.59,3.99],[2.89,3.95],[3.68,3.79],[4.12,3.55],[4.56,3.31],[4.94,2.87],[5.33,2.43],[5.66,1.71],[5.7,1.1],[5.75,0.48],[5.55,-0.24],[5.36,-0.96],[5.17,-1.68],[5.33,-2.18],[5.48,-2.67],[5.74,-3.64],[5.78,-4.5],[5.88,-5.04],[5.98,-5.59],[6.31,-6.03],[6.64,-6.48],[7.25,-6.88],[7.74,-7.63],[7.97,-8.08],[8.2,-8.52],[8.39,-9.36],[8.53,-10.18],[8.82,-10.97],[9.26,-11.86],[9.57,-12.68],[9.61,-13.34],[9.55,-13.9],[9.48,-14.45],[9.11,-15.24],[8.8,-15.65],[8.48,-16.05],[8.01,-16.92],[7.84,-17.45],[7.66,-17.98],[7.49,-18.61],[7.32,-19.23],[7.21,-19.78],[7.1,-20.32],[7.32,-21.25],[7.56,-21.86],[7.8,-22.46],[8,-22.93],[8.19,-23.4],[8.51,-24.22],[9,-25.04],[9.2,-25.68],[9.39,-26.32],[9.66,-27.26],[9.77,-27.81],[9.89,-28.35],[10.05,-28.91],[10.21,-29.46],[10.38,-29.99],[10.55,-30.53],[11.1,-31.3],[11.7,-32.09],[12.02,-32.61],[12.35,-33.13],[12.58,-33.75],[12.82,-34.36],[13.08,-35.28],[13.34,-36.19],[13.64,-36.77],[13.94,-37.35],[14.48,-37.77],[15.03,-38.17],[15.63,-38.66],[16.23,-39.14],[17.05,-39.65],[17.05,-39.65],[16.46,-40.02],[15.87,-40.39],[15.87,-40.39],[15.34,-39.97],[14.82,-39.56],[14.82,-39.51],[14.11,-38.89],[13.76,-38.6],[13.21,-38.13],[12.74,-37.69],[12.36,-37.33],[11.8,-36.75],[11.55,-36.48],[11.04,-35.84],[10.47,-35.14],[10.18,-34.7],[9.86,-34.2],[9.64,-33.86],[9.56,-33.68],[9.31,-33.1],[9.08,-32.58],[9.03,-32.47],[8.85,-31.96],[8.67,-31.46],[8.64,-31.38],[8.42,-30.64],[8.4,-30.59],[8.23,-29.89],[8.19,-29.71],[8.09,-29.15],[8.04,-28.81],[7.95,-28.41],[7.84,-27.93],[7.76,-27.67],[7.56,-27.06],[7.52,-26.92],[7.3,-26.19],[7.3,-26.15],[7.23,-25.4],[7.22,-25.29],[7.11,-24.63],[7.07,-24.39],[6.92,-23.86],[6.82,-23.52],[6.74,-23.12],[6.64,-22.63],[6.6,-22.35],[6.52,-21.73],[6.51,-21.61],[6.45,-21.03],[6.43,-20.82],[6.43,-20.72],[6.43,-20.52],[6.43,-20.32],[6.43,-20.01],[6.43,-19.92],[6.47,-19.54],[6.53,-19.02],[6.54,-18.97],[6.66,-18.44],[6.73,-18.13],[6.89,-17.79],[7.11,-17.3],[7.24,-16.74],[7.3,-16.42],[7.31,-16.16],[7.33,-15.51],[7.33,-15.36],[7.33,-14.6],[7.28,-14.46],[7.06,-13.74],[7.03,-13.68],[6.67,-13.01],[6.63,-12.93],[6.34,-12.28],[6.27,-12.11],[6.16,-11.47],[6.12,-11.21],[6.03,-10.66],[5.98,-10.32],[5.91,-9.88],[5.85,-9.42],[5.79,-9.05],[5.7,-8.52],[5.53,-8.28],[5.19,-7.82],[5.06,-7.73],[4.46,-7.28],[4.41,-7.21],[3.94,-6.59],[3.92,-6.56],[3.71,-5.94],[3.63,-5.72],[3.69,-5.25],[3.75,-4.82],[3.79,-4.47],[3.86,-3.92],[3.85,-3.75],[3.81,-3.16],[3.8,-3.02],[3.85,-2.86],[4,-2.32],[4.04,-2.16],[4.62,-1.46],[4.93,-0.65],[5.18,0.1],[5.22,0.21],[5.12,1.06],[5.12,1.09],[4.59,1.63],[4.49,1.73],[3.9,2.12],[3.74,2.23],[3.15,2.55],[3.15,2.52]]]}},{"type":"Feature","properties":{"ma":20,"type":"gpml:TopologicalNetwork","name":"Inactive Deforming Network","pid":201,"deforming":true},"geometry":{"type":"Polygon","coordinates":[[[-32.27,-6.85],[-32.08,-7.43],[-32.02,-7.61],[-31.87,-8.26],[-31.84,-8.39],[-31.71,-9.13],[-31.7,-9.16],[-31.59,-9.89],[-31.58,-9.95],[-31.74,-10.44],[-31.97,-10.97],[-32.12,-11.24],[-32.18,-11.36],[-32.83,-11.82],[-33.18,-11.98],[-33.56,-12.16],[-34.09,-12.75],[-34.22,-12.92],[-34.59,-13.38],[-34.79,-13.67],[-35.05,-14.04],[-35.35,-14.43],[-35.54,-14.67],[-35.88,-15.35],[-35.9,-15.38],[-35.76,-16.15],[-35.73,-16.24],[-35.52,-16.92],[-35.43,-17.06],[-35.09,-17.59],[-35.06,-17.89],[-35,-18.38],[-35.08,-18.72],[-35.17,-19.16],[-35.33,-19.58],[-35.45,-19.91],[-35.59,-20.44],[-35.65,-20.68],[-35.74,-21.29],[-35.77,-21.47],[-35.84,-22.18],[-35.85,-22.27],[-36.04,-23.04],[-36.04,-23.1],[-36.07,-23.84],[-36.09,-23.98],[-36.16,-24.63],[-36.23,-24.77],[-36.5,-25.33],[-36.77,-25.56],[-37.07,-25.82],[-37.24,-26.25],[-37.36,-26.57],[-37.64,-26.8],[-37.93,-27.04],[-38.61,-27.47],[-38.67,-27.5],[-39.26,-27.95],[-39.8,-28.27],[-39.95,-28.35],[-40.71,-28.63],[-41.5,-28.79],[-42.29,-28.96],[-42.54,-29.03],[-43.07,-29.2],[-43.69,-29.68],[-43.76,-29.79],[-44.11,-30.35],[-44.24,-30.6],[-44.46,-31.06],[-44.72,-31.43],[-44.93,-31.72],[-45.28,-32.14],[-45.44,-32.34],[-45.89,-32.86],[-45.96,-32.95],[-46.47,-33.57],[-46.49,-33.6],[-46.97,-34.2],[-47.03,-34.34],[-47.31,-34.92],[-47.42,-35.18],[-47.64,-35.65],[-47.82,-36.05],[-47.97,-36.38],[-48.26,-36.91],[-48.36,-37.08],[-48.75,-37.73],[-48.78,-37.77],[-49.22,-38.43],[-49.27,-38.51],[-49.65,-39.09],[-50.04,-39.68],[-50.14,-39.78],[-50.57,-40.26],[-50.84,-40.84],[-50.97,-41.01],[-51.23,-41.35],[-51.66,-41.84],[-52.04,-42.28],[-52.47,-42.75],[-52.92,-43.22],[-53.46,-43.91],[-53.7,-44.21],[-54.03,-44.9],[-54.24,-45.35],[-54.45,-45.91],[-54.69,-46.52],[-54.78,-46.92],[-54.96,-47.74],[-55.13,-48.31],[-55.3,-48.88],[-55.36,-49.31],[-55.36,-49.31],[-56.74,-49.12],[-56.74,-49.12],[-56.91,-48.41],[-56.92,-47.92],[-56.9,-47.42],[-56.88,-46.92],[-56.7,-46.22],[-56.53,-45.52],[-56.29,-44.83],[-55.96,-44.2],[-55.35,-43.31],[-54.8,-42.65],[-54.27,-41.98],[-53.75,-41.32],[-53.29,-40.64],[-52.9,-40.1],[-52.53,-39.55],[-52.23,-39.29],[-51.6,-38.71],[-50.98,-38.12],[-50.49,-37.63],[-50,-37.15],[-49.58,-36.35],[-49.26,-35.53],[-48.86,-34.7],[-48.4,-33.98],[-48.1,-33.37],[-47.6,-32.55],[-47.11,-31.76],[-46.76,-30.94],[-46.64,-30.77],[-46.18,-30.32],[-45.85,-29.37],[-45.9,-28.46],[-45.81,-27.93],[-45.73,-27.4],[-45.36,-26.96],[-45,-26.52],[-44.11,-25.94],[-43.57,-25.69],[-43.03,-25.45],[-42.21,-25.08],[-41.45,-24.92],[-40.7,-24.75],[-40.04,-24.55],[-39.39,-24.35],[-38.78,-23.74],[-38.57,-23.27],[-38.33,-22.8],[-37.93,-22.17],[-37.82,-21.55],[-37.73,-21.03],[-37.62,-20.59],[-37.39,-20.04],[-37.28,-19.47],[-37.09,-19.09],[-37.07,-18.68],[-36.94,-18.2],[-36.75,-17.7],[-36.69,-17.08],[-36.69,-16.44],[-36.56,-15.9],[-36.66,-15.3],[-36.63,-14.79],[-36.56,-14.44],[-36.31,-13.74],[-36.24,-13.26],[-36.23,-12.82],[-36.25,-12.29],[-36.29,-11.83],[-36.37,-11.39],[-36.3,-11.03],[-36.12,-10.75],[-35.91,-10.53],[-35.47,-10.23],[-35.29,-9.99],[-36.13,-10.06],[-36.97,-9.69],[-37.47,-9.39],[-37.8,-9.6],[-37.83,-10.02],[-38.21,-10.04],[-38.56,-9.78],[-38.77,-9.38],[-38.65,-9.1],[-38.26,-8.68],[-37.88,-8.27],[-37.27,-8.02],[-36.9,-7.66],[-36.58,-7.71],[-36.25,-7.19],[-35.88,-6.91],[-35.24,-6.73],[-34.89,-6.41],[-34.96,-6.04],[-35.17,-5.86],[-35.17,-5.86],[-34.51,-5.74],[-33.84,-5.63],[-33.84,-5.63],[-33.57,-5.76],[-33.14,-5.97],[-32.71,-6.41],[-32.27,-6.85]]]}},{"type":"Feature","properties":{"ma":20,"type":"gpml:TopologicalNetwork","name":"Inactive Deforming Network","pid":201,"deforming":true},"geometry":{"type":"Polygon","coordinates":[[[-47.17,2.42],[-47.03,2.28],[-46.37,1.54],[-45.95,1.17],[-45.61,0.88],[-44.96,0.13],[-44.65,-0.14],[-44.21,-0.52],[-43.36,-1.04],[-43.24,-1.1],[-42.53,-1.47],[-42.47,-1.49],[-42.13,-1.81],[-41.74,-2.17],[-41.65,-2.28],[-41.12,-2.95],[-40.81,-3.18],[-40.35,-3.52],[-39.35,-3.59],[-38.85,-3.6],[-38.35,-3.61],[-38.09,-3.64],[-37.36,-3.73],[-37.24,-3.79],[-36.75,-4.01],[-36.46,-4.14],[-36.1,-4.38],[-35.62,-4.69],[-35.28,-4.96],[-34.82,-5.17],[-34.35,-5.38],[-33.84,-5.63],[-33.84,-5.63],[-34.51,-5.74],[-35.17,-5.86],[-35.17,-5.86],[-35.21,-5.82],[-35.74,-5.69],[-36.29,-5.51],[-36.64,-5.35],[-36.64,-5.35],[-36.87,-5.25],[-37.44,-5.07],[-38.19,-4.95],[-38.87,-4.96],[-39.55,-4.97],[-40.43,-4.85],[-41.31,-4.72],[-42.22,-4.38],[-43.07,-3.94],[-43.94,-3.48],[-44.77,-3.13],[-45.32,-2.91],[-45.86,-2.69],[-46.37,-2.46],[-46.88,-2.24],[-47.45,-2.02],[-48.02,-1.79],[-48.37,-1.41],[-48.71,-1.03],[-48.93,-0.53],[-49.15,-0.03],[-49.27,0.52],[-49.38,1.08],[-49.64,1.57],[-49.9,2.07],[-50.59,2.79],[-51.13,3.37],[-51.51,3.87],[-51.89,4.37],[-52.26,5.03],[-52.38,5.96],[-52.43,6.64],[-52.69,7.03],[-52.81,7.14],[-52.81,7.14],[-52.8,7.36],[-52.64,7.64],[-52.05,7.6],[-51.52,7.01],[-50.8,6.74],[-50.48,6.65],[-50.48,6.65],[-50.43,6.11],[-50.35,5.56],[-50.27,5],[-49.91,4.31],[-49.22,3.84],[-48.54,3.37],[-47.85,2.89],[-47.17,2.42]]]}},{"type":"Feature","properties":{"ma":20,"type":"gpml:TopologicalNetwork","name":"Deforming Network","pid":714,"deforming":true},"geometry":{"type":"Polygon","coordinates":[[[-16.79,3.94],[-17.49,4.31],[-18.2,4.67],[-18.83,5.13],[-19.15,5.59],[-19.47,6.05],[-19.88,6.7],[-19.88,6.7],[-19.3,6.86],[-18.72,7.02],[-18.72,7.02],[-18.41,6.39],[-18.1,5.77],[-17.41,5.28],[-16.82,5.21],[-16.22,5.14],[-15.62,4.6],[-15.01,4.06],[-14.4,3.54],[-13.79,3.03],[-13.11,2.64],[-12.43,2.25],[-11.72,2.1],[-10.9,2.27],[-10.08,2.44],[-9.27,2.53],[-8.46,2.62],[-7.48,2.6],[-6.84,2.48],[-6.19,2.36],[-5.44,2.57],[-4.68,2.78],[-3.97,3.13],[-3.25,3.48],[-2.78,3.69],[-2.3,3.9],[-1.36,4.04],[-0.41,4.19],[0.4,4.16],[1.2,4.13],[2,4.09],[2.59,3.99],[2.59,3.99],[2.19,3.7],[1.49,3.19],[1.49,3.19],[1.1,3.35],[0.46,3.39],[-0.18,3.44],[-0.81,3.36],[-1.59,3.26],[-2.43,3],[-2.96,2.83],[-3.61,2.54],[-4.26,2.25],[-4.58,2.11],[-5.08,1.9],[-5.58,1.69],[-5.7,1.7],[-5.99,1.74],[-6.32,1.78],[-6.92,1.85],[-7.3,1.93],[-7.81,2.04],[-8.31,2.14],[-8.64,2.08],[-9.17,1.98],[-9.7,1.88],[-10.3,1.72],[-10.9,1.57],[-11.09,1.52],[-11.8,1.43],[-12.5,1.34],[-12.58,1.37],[-13.3,1.6],[-13.85,1.78],[-14.07,1.96],[-14.71,2.47],[-14.96,2.68],[-15.3,2.94],[-15.97,3.47],[-16.09,3.57],[-16.79,3.94]]]}},{"type":"Feature","properties":{"ma":20,"type":"gpml:TopologicalNetwork","name":"Inactive_Southern_Central_Atlantic_Mesh","pid":714,"deforming":true},"geometry":{"type":"Polygon","coordinates":[[[-19.8,10.92],[-19.84,10.67],[-19.74,10.43],[-19.85,9.95],[-19.82,9.5],[-19.48,8.77],[-19.08,7.95],[-18.7,7.49],[-18.07,7.2],[-17.44,6.91],[-16.78,6.24],[-16.4,5.61],[-15.84,4.94],[-15.83,4.79],[-15.83,4.79],[-16.22,5.14],[-16.82,5.21],[-17.41,5.28],[-18.1,5.77],[-18.42,6.41],[-18.73,7.04],[-18.73,7.04],[-18.76,7.04],[-19.29,6.88],[-19.61,6.78],[-19.88,6.76],[-20.62,6.6],[-21.28,6.9],[-21.87,7.26],[-21.88,7.9],[-21.86,8.45],[-21.51,9.02],[-21.51,9.02],[-21.51,9.28],[-21.48,9.59],[-21.49,9.84],[-21.45,10.09],[-21.59,10.3],[-21.56,10.66],[-21.52,10.99],[-21.52,10.99],[-20.65,11.02],[-19.79,11.04],[-19.8,10.92]]]}},{"type":"Feature","properties":{"ma":20,"type":"gpml:TopologicalNetwork","name":"Inactive_Rockall_DFM","pid":102,"deforming":true},"geometry":{"type":"Polygon","coordinates":[[[-51.06,77.53],[-50.55,77.16],[-50.06,76.8],[-50.05,76.47],[-49.98,75.98],[-49.41,75.54],[-48.2,75.23],[-47.24,74.69],[-46.06,74.1],[-45.11,73.37],[-44.58,72.77],[-44.22,72.12],[-44.51,71.47],[-44.7,70.83],[-44.43,70.24],[-43.76,69.55],[-43.89,69.08],[-43.82,68.67],[-43.56,68.03],[-43.18,67.23],[-43.44,66.75],[-43.33,66.08],[-43.37,65.51],[-43.48,64.85],[-44.02,64.44],[-44.18,63.96],[-44.28,63.23],[-44.43,62.67],[-44.2,62],[-43.97,61.49],[-43.24,60.73],[-42.44,60.25],[-41.65,59.66],[-40.78,59.25],[-40.29,58.82],[-40.17,58.47],[-39.79,58.19],[-39.49,57.71],[-39.12,57.34],[-39.12,57.34],[-39.33,57.07],[-39.33,57.07],[-39.39,57.08],[-40.19,57.2],[-40.94,57.49],[-41.31,57.36],[-41.78,57.33],[-42.44,57.33],[-43.47,57.42],[-44.26,57.57],[-44.77,57.91],[-45.4,58.25],[-46.02,58.65],[-46.65,59.02],[-47.37,59.44],[-48.06,59.85],[-49.03,60.31],[-49.85,60.76],[-50.68,61.18],[-51.24,61.25],[-53.2,61.52],[-53.2,61.52],[-53.22,61.52],[-53.34,61.66],[-53.42,61.75],[-53.53,61.88],[-53.59,62.02],[-53.64,62.13],[-53.76,62.42],[-53.55,62.61],[-53.37,62.78],[-53.36,63.12],[-53.03,63.55],[-52.93,63.87],[-52.61,64.33],[-52.51,64.58],[-51.94,64.72],[-51.56,65],[-51.49,65.37],[-51.29,65.77],[-50.8,66.34],[-50.56,66.79],[-50.28,67.14],[-50,67.48],[-50.12,67.76],[-50.5,68.22],[-50.85,68.71],[-51,68.89],[-51,68.89],[-51.09,69.01],[-51.21,69.26],[-51.49,69.59],[-51.83,70.02],[-52.41,70.43],[-52.78,70.7],[-53.1,71.03],[-53.47,71.39],[-54.16,71.94],[-54.68,72.36],[-55.03,72.69],[-55.69,73.1],[-56.64,73.59],[-58.19,73.93],[-59.34,74.04],[-60.41,74.33],[-61.09,74.58],[-61.54,74.7],[-62.07,74.83],[-62.54,74.96],[-62.61,75.2],[-63.24,75.47],[-63.31,75.81],[-63.34,75.83],[-63.34,75.83],[-63.32,75.83],[-62.7,75.86],[-61.99,75.9],[-61.89,76.2],[-61.79,76.47],[-61.7,76.71],[-60.68,76.84],[-59.27,77.01],[-58.78,77.25],[-58.16,77.55],[-56.62,77.69],[-54.67,77.84],[-53.55,77.82],[-52.1,77.8],[-51.95,77.81],[-51.06,77.53]]]}},{"type":"Feature","properties":{"ma":20,"type":"gpml:TopologicalNetwork","name":"Inactive_Rockall_DFM","pid":101,"deforming":true},"geometry":{"type":"Polygon","coordinates":[[[-67.67,71.86],[-66.91,72.09],[-66.25,72.28],[-65.9,72.37],[-65.5,72.4],[-64.87,72.45],[-64.37,72.48],[-64.37,72.48],[-63.69,72.02],[-62.64,71.56],[-61.25,71.19],[-59.95,70.77],[-58.4,70.14],[-58.04,69.95],[-58.04,69.95],[-58.02,69.91],[-57.49,69.64],[-56.85,69.32],[-56.06,68.76],[-55.68,68.42],[-55.11,67.85],[-54.62,67.23],[-53.86,66.38],[-53.46,65.89],[-53.26,65.12],[-53.31,64.67],[-53.35,64.77],[-53.46,64.43],[-54.08,63.78],[-54.44,63.2],[-54.93,62.74],[-55.35,62.12],[-55.6,61.53],[-55.47,61.02],[-55.56,60.95],[-55.56,60.95],[-55.88,60.67],[-56.21,60.13],[-56.12,59.54],[-56.02,58.92],[-55.84,58.65],[-55.7,58.43],[-55.58,58.23],[-55.37,58.02],[-55.16,57.81],[-55.15,57.8],[-54.95,57.7],[-54.72,57.56],[-54.37,57.36],[-54.01,57.13],[-53.69,56.89],[-53.23,56.59],[-52.86,56.24],[-52.49,55.84],[-52.13,55.63],[-51.85,55.42],[-51.61,55.21],[-51.27,54.92],[-50.78,54.6],[-50.55,54.44],[-50.32,54.31],[-49.8,54.13],[-49.58,53.99],[-49.42,53.78],[-49.21,53.57],[-48.9,53.31],[-48.75,53.2],[-48.52,52.96],[-47.84,52.65],[-47.16,52.34],[-47.16,52.34],[-47.18,51.95],[-46.91,51.51],[-46.67,51.06],[-46.57,50.78],[-46.28,50.57],[-46.04,50.34],[-45.86,50.04],[-45.77,49.9],[-45.64,49.79],[-45.64,49.79],[-46.38,49.74],[-47.55,49.65],[-47.55,49.65],[-47.94,49.9],[-48.85,50.39],[-49.74,50.72],[-50.85,51.06],[-51.45,51.4],[-51.97,51.75],[-52.51,52.01],[-53.03,52.33],[-53.54,52.6],[-54.1,52.94],[-54.44,53.21],[-54.92,53.48],[-55.7,54.1],[-56.27,54.83],[-56.72,55.38],[-56.98,55.69],[-57.29,56.05],[-57.76,56.5],[-58.29,57.08],[-58.63,57.52],[-58.99,57.7],[-59.44,57.92],[-59.82,58.24],[-60.37,58.82],[-60.63,59.44],[-60.79,59.94],[-60.56,60.46],[-60.62,60.92],[-60.5,61.63],[-60.38,62.16],[-60.35,62.58],[-59.98,62.98],[-59.71,63.3],[-59.43,63.88],[-59.43,64.41],[-59.25,64.83],[-59.06,65.24],[-59.46,65.81],[-59.78,66.17],[-60.33,66.39],[-60.77,66.63],[-61.09,66.96],[-61.14,67.3],[-61.35,67.71],[-61.63,68.17],[-62.16,68.55],[-62.77,68.98],[-63.47,69.34],[-64.13,69.7],[-65.42,70.04],[-66.34,70.36],[-67.42,70.87],[-68.19,71.09],[-68.63,71.42],[-67.67,71.86]]]}},{"type":"Feature","properties":{"ma":20,"type":"gpml:TopologicalNetwork","name":"Inactive_Rockall_DFM","pid":102,"deforming":true},"geometry":{"type":"Polygon","coordinates":[[[-39.12,57.34],[-38.52,58.04],[-38.15,58.35],[-38.04,58.7],[-37.66,59.14],[-37.39,59.56],[-37.14,59.89],[-37.11,60.33],[-36.65,60.61],[-36.02,60.97],[-35.34,61.4],[-34.74,61.74],[-34.29,62.17],[-33.78,62.48],[-33.31,62.66],[-32.87,62.74],[-32.47,63.01],[-32.05,63.24],[-31.43,63.45],[-31,63.71],[-30.42,63.88],[-29.96,63.99],[-29.31,64.22],[-28.72,64.47],[-28.13,64.84],[-27.36,65.01],[-26.73,65.16],[-26.02,65.29],[-25.3,65.5],[-24.94,65.68],[-24.06,65.82],[-23.24,66.02],[-22.41,66.13],[-21.72,66.3],[-21.09,66.49],[-20.36,66.8],[-19.61,67.05],[-19.16,67.3],[-19.06,67.69],[-19.09,67.9],[-19.34,68.15],[-19.51,68.45],[-19.7,68.67],[-19.22,68.93],[-19.05,69.22],[-18.62,69.54],[-18.31,69.95],[-18.03,70.27],[-17.72,70.62],[-17.6,70.95],[-17.19,71.26],[-16.43,71.5],[-15.81,71.78],[-15.01,72.01],[-14.57,72.26],[-13.7,72.37],[-12.9,72.66],[-12.72,72.93],[-12.27,73.31],[-11.86,73.72],[-11.28,74.06],[-10.73,74.47],[-9.9,74.91],[-9.15,75.33],[-8.81,75.64],[-8.6,75.77],[-8.6,75.77],[-6.49,75.5],[-4.62,75.1],[-2.98,74.76],[-1.81,74.49],[-1.76,74.48],[-1.76,74.48],[-0.77,73.8],[-0.77,73.8],[-0.62,73.28],[-1.4,73.11],[-3.47,72.87],[-5.47,72.61],[-6.01,72.47],[-7.04,72.27],[-8.25,72.08],[-9.45,71.72],[-10.51,71.43],[-10.89,71.35],[-11.55,71.24],[-12.35,71.15],[-12.93,71.14],[-13.75,71.09],[-14.58,70.94],[-15.96,70.46],[-16.3,70.17],[-16.4,70.04],[-16.49,69.65],[-16.02,69.31],[-16.05,69.13],[-16.2,68.8],[-16.35,68.46],[-16.42,68.3],[-16.92,67.91],[-17.29,67.48],[-17.66,67.24],[-18.15,66.99],[-19.1,66.55],[-19.48,66.4],[-20.1,66.2],[-20.85,65.96],[-21.21,65.84],[-21.56,65.77],[-22.21,65.61],[-23.07,65.43],[-24.23,65.25],[-25,65.07],[-25.45,65],[-25.9,64.87],[-26.79,64.34],[-27.95,63.89],[-29.47,63.35],[-30.36,62.83],[-30.86,62.43],[-31.36,62.13],[-31.96,61.86],[-32.8,61.48],[-34.3,60.94],[-35.13,60.04],[-35.92,59.14],[-36.37,58.49],[-36.88,57.87],[-37.74,57.3],[-38.07,57.09],[-38.73,57.02],[-38.73,57.02],[-38.97,57.19],[-39.12,57.34]]]}},{"type":"Feature","properties":{"ma":20,"type":"gpml:TopologicalNetwork","name":"Inactive_Rockall_DFM","pid":301,"deforming":true},"geometry":{"type":"Polygon","coordinates":[[[10.07,68.26],[10.06,68.26],[9.67,68.06],[8.85,67.81],[8.09,67.59],[6.92,67.18],[5.92,66.86],[4.98,66.57],[4.67,66.29],[4.46,66.04],[4.03,65.72],[3.58,65.37],[2.67,65.01],[1.79,64.81],[1.05,64.58],[0.01,64.33],[-0.35,64.07],[-0.56,63.72],[-0.43,63.44],[-0.37,62.99],[-0.63,62.74],[-1.04,62.21],[-1.55,61.97],[-2.11,61.65],[-2.8,61.32],[-3.07,61.01],[-3.6,60.78],[-4.26,60.44],[-4.91,60.28],[-5.88,60.23],[-6.76,60.09],[-7.54,59.88],[-8.06,59.7],[-8.59,59.35],[-9.11,59.1],[-9.45,58.98],[-9.93,58.97],[-10.45,58.83],[-10.79,58.68],[-11.39,58.64],[-12.01,58.52],[-12.74,58.39],[-13.14,58.21],[-13.8,58.08],[-14.68,57.98],[-15.48,57.94],[-16.34,57.9],[-17.16,57.76],[-17.62,57.66],[-18.16,57.44],[-18.64,57.07],[-18.72,56.89],[-18.75,56.62],[-19.21,56.39],[-19.56,56.04],[-19.69,55.78],[-19.78,55.39],[-19.96,55.13],[-20.29,54.83],[-20.51,54.66],[-21.09,54.55],[-21.46,54.34],[-21.73,54.17],[-21.89,53.84],[-22.1,53.51],[-22.31,53.15],[-22.57,52.71],[-22.73,52.35],[-23.17,52.05],[-23.88,51.49],[-24.56,50.93],[-24.56,50.93],[-24.68,51],[-24.85,51.11],[-24.99,51.37],[-25.12,51.61],[-25.31,51.96],[-25.41,52.15],[-25.73,52.31],[-25.98,52.57],[-26.1,52.77],[-26.14,52.96],[-26.15,53.14],[-26.16,53.33],[-26.25,53.43],[-26.25,53.43],[-25.81,53.77],[-25.52,53.98],[-25.15,54.24],[-24.67,54.76],[-24.15,55.05],[-23.89,55.34],[-23.5,55.56],[-22.91,56.04],[-22.18,56.81],[-21.84,57.1],[-21.67,57.24],[-21.08,57.5],[-20.56,57.77],[-19.92,57.79],[-19.4,57.83],[-18.83,57.88],[-18.05,58.26],[-17.18,58.38],[-16.5,58.87],[-16.09,59.13],[-14.95,59.48],[-13.79,59.83],[-13.03,60.13],[-12.33,60.38],[-11.55,60.55],[-10.53,60.63],[-9,60.75],[-8.11,60.85],[-7.31,61.03],[-6.29,61.25],[-5.25,61.46],[-3.28,61.77],[-3.15,61.96],[-3.41,62.31],[-3.61,62.56],[-2.66,62.97],[-1.91,63.24],[-1.86,63.42],[-2.25,63.57],[-2.73,63.89],[-3.18,64.15],[-3.43,64.39],[-3.32,64.63],[-3.2,65.15],[-2.66,65.4],[-1.51,65.61],[-1.21,65.68],[-0.82,65.77],[1.24,66.17],[3.12,66.77],[4.06,66.77],[4.8,66.96],[6.12,67.42],[7.25,67.64],[7.84,67.87],[8.49,67.97],[9.02,68.12],[10.07,68.26]]]}},{"type":"Feature","properties":{"ma":20,"type":"gpml:TopologicalNetwork","name":"Inactive_WAR_mesh","pid":804,"deforming":true},"geometry":{"type":"MultiPolygon","coordinates":[[[[180,-75.24],[180,-76.24],[180,-77.24],[180,-78.23],[180,-79.23],[180,-80.23],[180,-81.22],[180,-82.22],[180,-83.21],[180,-84.21],[175.34,-83.87],[171.19,-83.49],[171.19,-83.49],[169.97,-83.41],[167.33,-83.02],[164.98,-82.61],[162.05,-81.99],[159.54,-81.35],[158.06,-80.58],[156.8,-79.81],[157.1,-79.15],[157.37,-78.49],[157.37,-78.49],[157.49,-78.48],[157.6,-78.37],[157.72,-78.25],[157.83,-78.13],[158.38,-77.8],[159.02,-77.56],[159.26,-77.14],[159.23,-76.78],[159.31,-76.54],[159.2,-76.42],[159.17,-76.56],[158.86,-75.86],[158.58,-75.16],[159.7,-74.52],[160.73,-73.87],[161.89,-73.3],[162.97,-72.73],[164.41,-72.18],[165.76,-71.61],[165.92,-71.96],[167.57,-71.24],[168.92,-71.86],[170.36,-72.46],[171.89,-73.05],[173.52,-73.63],[175.27,-74.2],[176.62,-74.62],[176.82,-74.7],[176.82,-74.7],[179.33,-74.2],[179.78,-74.23],[180,-74.25],[180,-75.24]]],[[[-180,-83.21],[-180,-82.22],[-180,-81.22],[-180,-80.23],[-180,-79.23],[-180,-78.23],[-180,-77.24],[-180,-76.24],[-180,-75.24],[-180,-74.25],[-178.87,-74.34],[-176.05,-74.61],[-172.87,-74.94],[-169.56,-75.22],[-166.14,-75.45],[-162.62,-75.63],[-160.59,-75.47],[-158.46,-75.16],[-156.42,-74.83],[-153.73,-74.56],[-151.15,-74.26],[-149.55,-73.79],[-147.08,-73.49],[-144.7,-73.16],[-142.1,-72.86],[-139.59,-72.53],[-137.82,-72.49],[-136.07,-72.43],[-134.26,-72.14],[-132.5,-71.84],[-130.22,-72.07],[-128.47,-72.11],[-126.89,-72],[-124.47,-71.76],[-123.7,-71.63],[-122.72,-71.71],[-120.83,-71.65],[-118.97,-71.58],[-117.21,-71.41],[-114.99,-71.28],[-112.64,-71.24],[-111.22,-71.3],[-108.52,-71.43],[-107.29,-71.41],[-105.01,-71.22],[-102.77,-70.99],[-100.32,-71.02],[-98.74,-71.06],[-98.55,-71.07],[-98.55,-71.07],[-96.55,-71.54],[-94.45,-72],[-92.24,-72.43],[-89.94,-72.83],[-89.3,-73.37],[-89.3,-73.37],[-89.29,-73.49],[-89.51,-74.26],[-90.01,-75.24],[-90.61,-75.74],[-91.25,-76.24],[-92.59,-77.19],[-93.97,-77.79],[-95.49,-78.39],[-96.68,-78.99],[-98.01,-79.58],[-99.36,-80.14],[-100.88,-80.7],[-103.77,-81.44],[-106.31,-82.03],[-109.25,-82.6],[-112.14,-82.95],[-115.32,-83.27],[-119.64,-83.55],[-124.31,-83.79],[-132.63,-83.99],[-132.63,-83.99],[-133.71,-84.22],[-135.54,-84.59],[-136.07,-84.67],[-136.07,-84.67],[-146.66,-84.86],[-157.69,-84.88],[-166.35,-84.76],[-174.45,-84.52],[-180,-84.21],[-180,-83.21]]]]}},{"type":"Feature","properties":{"ma":20,"type":"gpml:TopologicalNetwork","name":"Inactive_mesh","pid":702,"deforming":true},"geometry":{"type":"Polygon","coordinates":[[[45.95,-18.6],[45.92,-18.63],[45.91,-18.82],[45.65,-19.56],[45.35,-19.69],[45.34,-19.78],[45.38,-19.94],[45.32,-20.08],[45.12,-20.53],[45.13,-20.76],[44.98,-21.17],[44.71,-21.74],[44.66,-21.95],[44.63,-22.38],[44.31,-22.84],[44.22,-23.03],[44.25,-23.32],[44.24,-23.5],[44.15,-23.67],[44.15,-23.82],[44.04,-24.24],[44.02,-24.59],[44.02,-24.59],[43.97,-24.62],[43.76,-24.93],[43.68,-25.25],[43.67,-25.69],[43.48,-25.99],[43.43,-26.32],[43.33,-26.62],[43.33,-26.79],[43.41,-26.97],[43.31,-27.17],[43.07,-27.8],[42.72,-27.98],[42.15,-27.96],[42.15,-27.96],[42.49,-27.21],[42.84,-26.45],[43.17,-25.7],[43.31,-25.04],[43.44,-24.38],[43.58,-23.73],[43.81,-22.99],[44.04,-22.25],[44.27,-21.51],[44.42,-20.84],[44.57,-20.16],[44.72,-19.49],[44.91,-18.83],[45.09,-18.17],[45.28,-17.51],[45.41,-16.58],[45.55,-15.66],[45.55,-15.66],[45.6,-15.68],[45.59,-16.06],[45.72,-16.26],[45.73,-16.49],[45.81,-16.7],[45.72,-17.49],[46.12,-17.78],[46.02,-18.06],[45.95,-18.6]]]}},{"type":"Feature","properties":{"ma":20,"type":"gpml:TopologicalNetwork","name":"Inactive_mesh","pid":501,"deforming":true},"geometry":{"type":"Polygon","coordinates":[[[68.44,0.15],[67.83,0.36],[67.25,-0.04],[66.74,-0.02],[66.55,0.5],[66.36,1.02],[66.59,1.61],[66.53,2.11],[66.53,2.11],[66.43,2.66],[66.63,2.95],[66.79,3.61],[66.55,4.07],[66.29,4.56],[66.03,5.05],[65.67,5.82],[65.33,6.64],[65.34,7.09],[65.08,7.92],[64.99,8.38],[64.68,9.21],[64.39,9.82],[64.23,10.07],[64.09,10.32],[63.85,10.69],[63.37,11.06],[62.84,11.56],[62.57,11.99],[62.3,12.43],[62.04,13.09],[61.75,13.76],[61.36,14.41],[60.89,14.82],[60.27,15.56],[59.93,15.99],[59.58,16.43],[59.24,16.95],[58.87,17.17],[58.56,17.71],[58.56,17.71],[59.38,18.1],[59.74,18.27],[59.74,18.27],[60.01,17.7],[60.46,17.14],[60.9,16.58],[61.27,16],[61.64,15.43],[62.02,14.85],[62.44,14.26],[62.87,13.67],[63.3,13.08],[63.7,12.41],[64.11,11.73],[64.52,11.06],[64.92,10.24],[65.32,9.41],[65.72,8.59],[65.98,7.95],[66.24,7.31],[66.49,6.67],[66.82,5.92],[67.14,5.17],[67.47,4.43],[67.79,3.68],[68.16,2.86],[68.54,2.03],[68.91,1.21],[69.21,0.67],[69.21,0.67],[68.69,0.18],[68.44,0.15]]]}},{"type":"Feature","properties":{"ma":20,"type":"gpml:TopologicalNetwork","name":"Inactive_Mesozoic Southern South America Deformation","pid":201,"deforming":true},"geometry":{"type":"Polygon","coordinates":[[[-55.68,-49.27],[-54.62,-49.41],[-54.62,-49.41],[-54.62,-49.53],[-54.39,-49.66],[-54.17,-49.63],[-53.62,-49.81],[-52.75,-50.09],[-51.87,-50.37],[-50.96,-50.64],[-50.04,-50.91],[-49.47,-50.99],[-49.29,-51.05],[-48.25,-51.23],[-47.05,-51.29],[-45.79,-51.28],[-45.4,-51.33],[-44.12,-51.33],[-42.84,-51.31],[-42.63,-51.34],[-41.62,-51.29],[-40.55,-51.22],[-39.63,-51.17],[-38.71,-51.11],[-38.48,-51.08],[-37.66,-51.05],[-36.21,-50.97],[-36.04,-50.94],[-35.99,-50.96],[-35.39,-51.27],[-35.39,-51.27],[-35.84,-51.81],[-36.6,-52.31],[-37.38,-52.81],[-38.24,-53.55],[-38.24,-53.55],[-38.37,-53.63],[-38.51,-53.69],[-39.39,-53.85],[-39.94,-54.12],[-40.35,-54.22],[-40.43,-54.29],[-40.43,-54.29],[-41.4,-54.2],[-42.37,-54.11],[-43.83,-53.96],[-45.31,-54.05],[-46.79,-54.12],[-47.94,-54.16],[-49.09,-54.19],[-50.22,-54.34],[-51.36,-54.48],[-53,-54.78],[-54.67,-55.06],[-55.68,-55.07],[-56.69,-55.07],[-57.72,-55.15],[-58.6,-55.29],[-59.7,-55.62],[-60.68,-55.92],[-61.55,-56.04],[-62.42,-56.16],[-64,-56.2],[-65.57,-56.23],[-67.15,-56.23],[-68.63,-55.81],[-70.08,-55.37],[-71.5,-54.91],[-72.44,-54.52],[-73.37,-54.13],[-74.27,-53.73],[-74.27,-53.73],[-74.33,-53.46],[-74.42,-53.09],[-74.51,-52.82],[-74.58,-52.51],[-74.63,-52.24],[-74.68,-52.08],[-74.78,-51.86],[-74.77,-51.35],[-74.74,-50.86],[-74.71,-50.56],[-74.54,-50.25],[-74.37,-49.86],[-74.1,-49.53],[-73.78,-49.11],[-73.68,-48.73],[-73.73,-48.36],[-73.67,-48.1],[-73.69,-47.72],[-73.67,-47.4],[-73.67,-47.31],[-73.68,-47.15],[-73.67,-46.77],[-73.63,-46.41],[-73.54,-46.17],[-73.44,-45.85],[-73.34,-45.5],[-73.26,-44.9],[-73.13,-44.41],[-73.06,-43.89],[-72.98,-43.48],[-72.92,-43.03],[-72.93,-42.68],[-72.91,-42.33],[-72.91,-41.94],[-72.87,-41.65],[-72.8,-41.28],[-72.64,-41],[-72.64,-41],[-71.67,-40.58],[-70.72,-40.16],[-69.78,-39.73],[-68.85,-39.29],[-67.93,-38.84],[-67.3,-38.23],[-66.68,-37.61],[-66.06,-36.99],[-65.46,-36.36],[-65.41,-35.62],[-65.35,-34.87],[-65.35,-34.87],[-64.63,-35.06],[-63.71,-35.27],[-62.79,-35.47],[-61.61,-35.58],[-60.42,-35.67],[-59.44,-35.97],[-58.44,-36.25],[-57.7,-36.34],[-56.95,-36.42],[-56.01,-36.43],[-55.06,-36.44],[-54.43,-36.35],[-53.8,-36.25],[-52.98,-36.55],[-52.73,-37.05],[-52.1,-37.7],[-51.37,-37.96],[-50.85,-38],[-50.85,-38],[-50.98,-38.12],[-51.6,-38.71],[-52.23,-39.29],[-52.53,-39.55],[-52.9,-40.1],[-53.29,-40.64],[-53.75,-41.32],[-54.27,-41.98],[-54.8,-42.65],[-55.35,-43.31],[-55.96,-44.2],[-56.29,-44.83],[-56.53,-45.52],[-56.7,-46.22],[-56.88,-46.92],[-56.9,-47.42],[-56.92,-47.92],[-56.91,-48.41],[-56.74,-49.12],[-55.68,-49.27]]]}},{"type":"Feature","properties":{"ma":20,"type":"gpml:TopologicalNetwork","name":"Inactive_Proto_Caribbean_Mesh","pid":101,"deforming":true},"geometry":{"type":"Polygon","coordinates":[[[-93.68,18.3],[-94.16,18.91],[-94.38,19.3],[-94.43,19.77],[-94.31,19.99],[-94.95,20.6],[-95.59,21.21],[-95.98,22.07],[-96.37,22.92],[-96.53,23.67],[-96.7,24.42],[-96.86,25.16],[-97.08,25.64],[-97.31,26.11],[-97,26.42],[-97.09,27.17],[-97.51,27.58],[-97.94,27.99],[-98.45,28.47],[-98.34,29.44],[-98.76,30.26],[-99.02,30.71],[-99.28,31.17],[-99.4,31.24],[-99.45,31.25],[-99.5,31.24],[-99.52,31.24],[-99.56,31.24],[-99.59,31.24],[-99.59,31.23],[-99.59,31.23],[-99.17,31.73],[-98.74,32.22],[-98.15,32.39],[-97.57,32.56],[-96.48,32.95],[-95.84,32.99],[-95.21,33.02],[-94.34,33.11],[-93.46,33.18],[-92.33,32.93],[-91.7,32.84],[-91.07,32.74],[-90.44,32.67],[-89.81,32.6],[-89.14,32.49],[-88.48,32.37],[-87.59,32.23],[-86.69,31.9],[-85.64,31.67],[-85.64,31.67],[-84.83,31.12],[-84.14,30.78],[-83.44,30.44],[-82.62,29.99],[-81.8,29.53],[-80.99,29.24],[-80.76,28.74],[-80.18,28.38],[-79.52,28.09],[-78.98,27.75],[-78.43,27.24],[-77.68,26.98],[-76.91,26.88],[-76.43,26.87],[-76.43,26.87],[-76.43,26.45],[-76.41,26.15],[-76.41,26.15],[-76.33,26.16],[-76.13,25.99],[-75.42,26.09],[-75.11,25.65],[-74.79,25.22],[-74.53,25.26],[-74.12,25.27],[-74.12,25.27],[-74.06,25.12],[-73.74,24.87],[-73.23,24.5],[-72.64,23.86],[-72.12,23.28],[-71.79,22.8],[-71.19,22.37],[-70.67,22.14],[-70.22,21.94],[-69.73,21.55],[-69.03,21.13],[-68.87,20.68],[-69.48,20.39],[-70.04,19.93],[-71.06,19.76],[-71.83,19.89],[-72.4,20.2],[-72.9,20.47],[-73.4,20.74],[-74.29,21.2],[-74.97,21.61],[-75.43,21.88],[-75.89,22.15],[-76.57,22.41],[-77.25,22.67],[-77.77,22.85],[-78.3,23.03],[-78.71,23.12],[-78.71,23.12],[-79.14,23.35],[-79.88,23.78],[-80.71,24.18],[-81.53,24.75],[-82.14,25.08],[-82.36,25.27],[-82.36,25.27],[-82.36,25.36],[-82.3,25.72],[-82.68,26.21],[-82.9,26.71],[-83.13,27],[-83.57,27.12],[-84.21,27.22],[-84.89,27.36],[-85.57,27.5],[-86.29,27.61],[-87,27.72],[-87.35,27.66],[-88.01,27.69],[-88.67,27.71],[-89.31,27.61],[-89.89,27.55],[-90.48,27.5],[-91.28,27.31],[-92.09,26.99],[-92.5,26.77],[-92.95,26.2],[-93.38,25.64],[-93.73,25.26],[-93.95,24.9],[-94.35,24.43],[-94.74,23.97],[-94.87,23.7],[-94.9,23.28],[-94.78,22.55],[-94.71,22.1],[-94.71,22.1],[-94.66,21.98],[-94.57,21.47],[-94.48,20.96],[-94.17,20.28],[-94,19.81],[-93.82,19.07],[-93.64,18.33],[-93.6,18.14],[-93.6,18.14],[-93.56,18.15],[-93.68,18.3]]]}},{"type":"Feature","properties":{"ma":20,"type":"gpml:TopologicalNetwork","name":"Inactive_mesh_yucatan","pid":2004,"deforming":true},"geometry":{"type":"Polygon","coordinates":[[[-82.54,23.82],[-82.47,23.56],[-82.4,23.05],[-82.34,22.54],[-82.67,21.69],[-83.07,21.22],[-83.47,20.75],[-83.76,20.24],[-84.24,19.68],[-84.79,19.05],[-85.17,18.33],[-85.56,17.53],[-85.7,16.99],[-86.19,16.42],[-86.68,15.85],[-87.13,15.43],[-87.59,15.02],[-88.04,15.03],[-88.43,15.22],[-89,15.6],[-89.76,15.62],[-90.39,15.97],[-91.14,16.17],[-91.75,16.51],[-92.54,16.97],[-93.05,17.42],[-93.36,17.92],[-93.35,18.35],[-93.52,18.64],[-93.39,19.04],[-93.37,19.61],[-93.3,20.6],[-92.93,21.11],[-92.45,21.23],[-92.45,21.23],[-92.32,21.42],[-91.95,21.99],[-91.71,22.31],[-91.39,22.59],[-91.27,23.02],[-90.72,23.41],[-90.44,23.91],[-90.14,24.17],[-89.77,24.41],[-89.35,24.75],[-88.96,24.89],[-88.34,25.03],[-87.72,25.09],[-86.85,25.14],[-86.46,25.25],[-86.21,25.48],[-85.71,25.62],[-85.04,25.5],[-84.57,25.19],[-84.1,24.87],[-83.55,24.58],[-83.11,24.1],[-82.54,23.82]]]}},{"type":"Feature","properties":{"ma":20,"type":"gpml:TopologicalNetwork","name":"Inactive_Mesh","pid":702,"deforming":true},"geometry":{"type":"Polygon","coordinates":[[[40.23,-28.22],[40.27,-28.12],[40.01,-28.07],[39.84,-27.85],[39.64,-27.67],[39.48,-27.4],[39.47,-27.21],[39.23,-26.98],[39.26,-26.74],[39.2,-26.56],[39.25,-26.35],[39.18,-25.85],[38.97,-25.55],[38.76,-25.16],[38.65,-24.77],[38.76,-24.61],[38.68,-24.41],[38.84,-24.25],[38.84,-24.03],[39.11,-23.82],[39.58,-23.12],[39.76,-22.74],[39.67,-22.53],[39.6,-22.4],[39.71,-22.01],[39.51,-21.55],[39.31,-21.08],[38.96,-20.64],[38.63,-19.96],[38.65,-19.45],[39.02,-19],[39.4,-18.55],[40.17,-18.21],[40.82,-18.37],[41.13,-18.26],[41.59,-17.91],[41.98,-17.79],[42.53,-17.22],[43.08,-16.65],[43.1,-16.22],[43.35,-15.83],[43.69,-15.36],[43.89,-14.66],[44.08,-14.61],[44.21,-14.5],[44.51,-14.49],[44.61,-14.49],[44.61,-14.49],[44.74,-14.68],[45.06,-14.98],[45.45,-15.18],[45.35,-15.92],[45.26,-16.65],[45.16,-17.38],[45.16,-17.38],[44.91,-17.55],[44.27,-18],[43.63,-18.45],[42.98,-18.89],[42.18,-19.53],[41.38,-20.17],[41.22,-20.99],[41.06,-21.8],[40.95,-22.67],[40.84,-23.55],[40.95,-24.44],[41.06,-25.32],[41.17,-26.06],[41.29,-26.79],[41.58,-27.48],[41.88,-28.16],[41.64,-28.56],[41.64,-28.56],[41.31,-28.72],[40.5,-28.53],[40.23,-28.22]]]}},{"type":"Feature","properties":{"ma":20,"type":"gpml:TopologicalNetwork","name":"West_Antarctica_Inactive_Mesh","pid":802,"deforming":true},"geometry":{"type":"Polygon","coordinates":[[[27.28,-66.72],[28.29,-67.19],[29.34,-67.65],[31.1,-68.07],[32.93,-68.47],[33.13,-68.49],[33.13,-68.49],[32.82,-68.74],[30.76,-69.23],[28.6,-69.7],[26.76,-70.18],[24.83,-70.65],[23.01,-70.74],[21.17,-70.82],[18.8,-70.7],[16.46,-70.55],[14.51,-70.58],[12.55,-70.59],[10.66,-70.78],[8.74,-70.95],[6.82,-71.02],[4.89,-71.08],[2.75,-71.31],[0.57,-71.51],[-2.45,-71.55],[-5.47,-71.55],[-8.08,-71.81],[-10.74,-72.03],[-10.74,-72.03],[-10.79,-71.52],[-10.83,-71.01],[-10.83,-71.01],[-10.82,-71.01],[-9.51,-70.81],[-7.21,-70.69],[-4.94,-70.55],[-4.46,-70.54],[-3.69,-70.06],[-2.95,-69.58],[-1.55,-69.08],[0.69,-68.85],[2.89,-68.6],[4.43,-68.67],[5.99,-68.74],[7.32,-68.96],[8.69,-69.18],[10.38,-69.36],[12.51,-69.52],[14.66,-69.64],[16.77,-69.82],[18.92,-69.97],[21.09,-70.09],[22.73,-69.89],[23.77,-69.25],[24.75,-68.61],[25.67,-67.97],[26.28,-67.47],[26.87,-66.97],[27.28,-66.72]]]}},{"type":"Feature","properties":{"ma":20,"type":"gpml:TopologicalNetwork","name":"Inactive_Central_Atlantic_Mesh","pid":714,"deforming":true},"geometry":{"type":"Polygon","coordinates":[[[-6.24,32.32],[-6.58,31.93],[-7.09,31.33],[-7.53,30.79],[-7.89,30.36],[-8.22,29.95],[-8.61,29.47],[-9.04,28.93],[-9.66,28.76],[-10.27,28.5],[-10.7,28.46],[-11.1,28.4],[-11.68,28.26],[-12.27,28.22],[-12.93,27.99],[-13.29,27.68],[-13.7,27.07],[-14.36,26.49],[-14.89,25.94],[-15.18,25.39],[-15.77,24.62],[-15.93,24.09],[-16.34,23.31],[-16.76,22.62],[-17.29,22.35],[-17.48,22.33],[-17.93,22.03],[-18.75,21.47],[-19.6,21.04],[-19.65,20.89],[-19.9,20.43],[-20.15,19.96],[-20.14,19.41],[-20.14,18.85],[-20.06,18.34],[-19.98,17.84],[-19.76,17.22],[-19.69,16.59],[-19.64,15.91],[-19.68,15.63],[-19.73,15.28],[-19.56,14.87],[-19.33,14.48],[-18.89,13.82],[-18.79,13.35],[-18.74,12.93],[-18.85,12.57],[-18.82,12.23],[-18.78,11.95],[-18.72,11.54],[-19.09,11.28],[-19.39,11.05],[-19.39,11.05],[-19.55,11.04],[-20.53,11.02],[-21.52,10.99],[-21.52,10.99],[-21.51,11.08],[-21.39,11.54],[-21.49,12.06],[-21.34,12.38],[-21.11,13.04],[-20.88,13.92],[-20.8,14.65],[-20.85,15.2],[-20.89,15.75],[-20.92,16.38],[-21,17.16],[-20.97,17.61],[-20.97,18.1],[-21.04,18.65],[-21.11,19.19],[-21.19,19.88],[-20.98,20.6],[-20.72,20.9],[-20.39,21.29],[-20.39,21.29],[-20.05,21.88],[-19.93,22.25],[-19.68,22.51],[-19.26,22.94],[-19.01,23.15],[-18.56,23.71],[-18.29,23.92],[-17.9,24.31],[-17.66,24.57],[-17.48,24.87],[-17.37,25.23],[-17.14,25.87],[-16.89,26.43],[-16.46,26.75],[-16.13,26.99],[-15.75,27.23],[-15.39,27.36],[-15.12,27.62],[-14.84,27.69],[-14.58,27.77],[-14.53,27.88],[-14.35,28.16],[-14.19,28.66],[-14.01,29.06],[-13.92,29.32],[-13.77,29.84],[-13.61,30.08],[-13.36,30.54],[-13.08,31.14],[-12.91,31.58],[-12.7,32.03],[-12.38,32.34],[-12.22,32.51],[-12.22,32.51],[-12.11,32.52],[-11.45,32.53],[-10.79,32.54],[-9.94,32.41],[-8.82,32.43],[-7.96,32.4],[-7.1,32.36],[-6.24,32.32]]]}},{"type":"Feature","properties":{"ma":20,"type":"gpml:TopologicalNetwork","name":"Inactive_Arctic_Network","pid":101,"deforming":true},"geometry":{"type":"Polygon","coordinates":[[[-180,77.39],[-180,78.36],[-180,79.33],[-180,80.3],[-180,81.27],[-180,82.24],[-180,83.21],[-180,84.18],[-180,85.15],[-180,86.12],[-180,87.09],[-180,88.06],[-180,89.03],[-180,90],[180,90],[180,89.03],[180,88.06],[180,87.09],[180,86.12],[180,85.15],[180,84.18],[180,83.21],[180,82.24],[180,81.27],[180,80.3],[180,79.33],[180,78.36],[180,77.39],[180,76.42],[177.33,76.6],[174.59,76.75],[172.21,77.48],[169.55,77.79],[166.77,78.07],[162.41,78.34],[157.86,78.55],[152.86,78.64],[147.81,78.65],[143.3,78.7],[138.77,78.68],[135.37,78.97],[131.8,79.21],[131.79,79.21],[131.79,79.21],[132.69,79.6],[133.81,80.53],[135.16,81.45],[136.85,82.37],[138.98,83.28],[139.44,84],[139.41,84.91],[139.36,85.82],[139.3,86.74],[139.18,87.65],[135.16,88.25],[127.09,88.82],[127.06,88.84],[127.06,88.84],[123.56,88.94],[120.38,89.11],[113.78,89.27],[38.31,89.58],[-8.76,89.04],[-17.63,88.73],[-30.25,87.95],[-35.81,87.14],[-38.81,86.49],[-40.88,85.84],[-42.66,85.17],[-44,84.5],[-47.9,84.05],[-51.24,83.59],[-58.49,83.29],[-61.76,83.11],[-61.76,83.11],[-66.15,82.83],[-71.18,82.63],[-75.92,82.38],[-80.41,82.28],[-84.77,82.14],[-90.14,81.99],[-95.27,81.77],[-99.42,81.52],[-103.31,81.22],[-106.67,80.95],[-109.82,80.65],[-112.55,80.25],[-115.07,79.84],[-116.39,78.89],[-116.8,77.94],[-114.44,77.29],[-113.26,77.01],[-114.53,76.29],[-114.53,76.29],[-118.23,76.75],[-122.17,77.15],[-126.34,77.48],[-126.34,77.48],[-126.64,77.23],[-127.17,76.74],[-127.66,76.26],[-128.18,75.71],[-128.65,75.17],[-127.87,74.56],[-127.32,74.02],[-126.8,73.48],[-126.78,73.47],[-126.78,73.47],[-128.64,73.52],[-129.02,73.21],[-129.02,73.21],[-130.8,73.44],[-132.62,73.65],[-134.06,74.02],[-135.22,74.3],[-135.92,74.47],[-137.13,74.75],[-138.42,75.03],[-139.44,75.68],[-139.18,76.33],[-140.33,76.84],[-140.24,77.57],[-141.41,78.04],[-141.66,78.62],[-141.93,79.19],[-142.24,79.37],[-142.24,79.37],[-140.15,79.61],[-136.25,79.98],[-132.07,80.29],[-128.27,80.4],[-124.4,80.47],[-121.52,80.22],[-121.52,80.22],[-122.57,79.91],[-123.46,79.44],[-124.27,78.96],[-125.05,78.46],[-125.76,77.96],[-126.34,77.48],[-126.34,77.48],[-122.17,77.15],[-118.23,76.75],[-114.53,76.29],[-114.53,76.29],[-114.79,76.13],[-115.61,75.57],[-116.37,75],[-117.12,74.5],[-117.82,74.01],[-118.43,73.52],[-119.01,73.04],[-119.98,72.52],[-120.56,72.28],[-121.59,72.14],[-123.93,71.86],[-125.62,71.64],[-126.29,71.54],[-127.45,71.41],[-127.53,71.39],[-127.53,71.39],[-129.37,71.33],[-130.59,71.38],[-131.68,71.67],[-132.07,71.77],[-133.78,71.99],[-136.03,72.51],[-136.82,72.62],[-139.37,72.94],[-140.18,73.07],[-141.37,73.37],[-143.37,73.66],[-145.44,73.93],[-148.81,74.2],[-150.27,74.46],[-151.39,74.69],[-153.25,75.15],[-154.08,75.42],[-155.46,75.66],[-156.98,75.91],[-158.32,76.25],[-159.95,76.64],[-161.39,76.96],[-161.74,77.03],[-161.74,77.03],[-163.51,76.81],[-166.29,76.39],[-168.76,75.91],[-171.06,75.42],[-171.08,75.41],[-171.08,75.41],[-172.76,75.6],[-175.15,75.93],[-177.65,76.23],[-180,76.42],[-180,77.39]]]}},{"type":"Feature","properties":{"ma":20,"type":"gpml:TopologicalNetwork","name":"Inactive_Mesozoic Africa Basins","pid":701,"deforming":true},"geometry":{"type":"Polygon","coordinates":[[[9.1,31.45],[10.17,31.19],[11.24,30.92],[12.3,30.64],[13.35,30.35],[14.4,30.06],[15.44,29.75],[16.47,29.44],[16.47,29.44],[16.14,28.89],[16.12,28.16],[16.1,27.42],[16.08,26.69],[16.46,26.14],[16.83,25.59],[17.31,25.27],[17.79,24.94],[17.74,24.21],[17.69,23.48],[17.64,22.74],[17.01,22.4],[16.39,22.05],[15.53,21.96],[14.81,21.55],[14.1,21.15],[13.05,21.11],[12,21.07],[10.96,20.85],[10.25,20.46],[9.55,20.07],[8.91,19.99],[8.27,19.92],[7.67,19.54],[7.08,19.16],[7.38,18.58],[7.68,18],[7.86,17.43],[8.04,16.86],[8.44,16.4],[8.38,15.5],[8.71,14.86],[9.04,14.21],[9.33,13.73],[9.62,13.25],[9.92,12.7],[10.22,12.15],[10.33,11.66],[10.44,11.17],[10.18,10.49],[9.7,9.82],[9.7,9.82],[9.97,9.38],[10.15,9.12],[10.98,8.87],[11.23,8.47],[11.19,8.22],[11.52,7.74],[12.02,7.39],[12.52,7.5],[12.99,7.27],[13.45,7.03],[13.88,6.75],[14.31,6.46],[14.83,6.61],[15.35,6.77],[16.22,7.07],[17.09,7.37],[17.89,7.46],[18.7,7.55],[19.2,7.8],[19.7,8.05],[20.55,8.25],[21.4,8.45],[21.81,8.78],[22.22,9.1],[22.96,9.04],[23.78,9.52],[24.21,9.05],[24.84,8.36],[25.23,7.9],[25.63,7.45],[25.89,6.78],[26.15,6.11],[26.42,5.45],[26.89,4.63],[27.31,4.29],[27.73,3.96],[28.28,4.22],[28.64,4.64],[28.29,5.36],[27.87,5.86],[27.44,6.36],[27.49,6.93],[27.54,7.5],[27.76,8.03],[27.99,8.57],[28.28,8.87],[28.64,8.75],[28.97,7.92],[29.3,7.08],[29.49,6.38],[29.69,5.67],[29.72,5.12],[29.75,4.57],[29.49,4.16],[29.59,3.3],[30.16,2.52],[30.76,2.52],[31.37,2.51],[31.37,2.51],[31.32,2.41],[31.28,1.71],[31.28,1.68],[31.28,1.68],[30.31,1.88],[29.34,2.09],[28.67,2.19],[28.01,2.3],[27.35,2.4],[26.57,2.92],[25.79,3.44],[25.57,4.33],[25.09,4.5],[24.61,4.67],[24.27,5.28],[23.54,5.82],[22.81,6.37],[22.08,6.91],[21.34,7.45],[20.48,7.45],[19.62,7.45],[18.9,7.13],[18.18,6.81],[17.46,6.49],[16.52,6.22],[15.59,5.94],[14.66,5.67],[14.01,5.5],[13.36,5.32],[12.58,5.05],[11.8,4.76],[11.26,4.37],[10.73,3.97],[9.99,3.74],[9.25,3.51],[8.55,3.41],[7.86,3.31],[7.1,2.84],[6.34,2.37],[5.58,1.89],[5.58,1.89],[5.33,2.43],[4.94,2.87],[4.56,3.31],[4.12,3.55],[3.68,3.79],[2.89,3.95],[2.59,3.99],[2.59,3.99],[2.76,4.11],[2.95,4.24],[2.95,4.24],[2.56,4.86],[2.29,5.49],[1.59,6.07],[1.02,6.4],[0.65,7.07],[0.28,7.74],[-0.31,8.13],[-0.9,8.46],[-0.86,8.88],[-1.02,9.53],[-1.35,10],[-1.58,10.59],[-1.81,11.19],[-2.05,12.09],[-2.4,12.82],[-3.13,13.03],[-3.8,13.26],[-4.14,13.65],[-4.35,14.11],[-4.56,14.56],[-4.78,15.27],[-4.61,15.94],[-3.92,16.41],[-3.72,15.88],[-3.52,15.35],[-2.97,14.53],[-2.24,14.32],[-1.58,14.64],[-1.4,15.27],[-1.21,15.91],[-0.66,16.33],[-0.11,16.75],[0.81,17.03],[1.73,17.3],[2.11,17.67],[2.48,18.03],[2.98,18.64],[3.66,18.32],[4.33,18],[4.92,18],[5.5,18],[5.73,18.5],[5.97,19],[6.27,19.69],[6.57,20.37],[6.68,21.32],[6.8,22.27],[6.85,23.12],[6.91,23.97],[6.98,24.73],[7.05,25.49],[7.42,26.19],[7.81,26.89],[8.28,27.55],[8.76,28.2],[8.61,29],[8.47,29.81],[8.25,30.76],[8.03,31.7],[9.1,31.45]]]}},{"type":"Feature","properties":{"ma":20,"type":"gpml:TopologicalNetwork","name":"Network_Boundary","pid":701,"deforming":true},"geometry":{"type":"Polygon","coordinates":[[[35.6,-7.36],[35.12,-8.22],[35.19,-8.61],[35.54,-9.41],[35.53,-10.21],[35.83,-10.8],[35.55,-11.55],[35.76,-12.22],[35.97,-12.89],[36.5,-13.21],[36.56,-13.77],[36.62,-14.33],[36.61,-15.08],[36.67,-15.73],[36.74,-16.38],[36.84,-16.87],[36.93,-17.36],[36.99,-17.88],[37.05,-18.4],[37,-18.8],[36.39,-19.45],[35.72,-19.99],[34.86,-20.35],[34.36,-20.61],[34.36,-20.61],[33.48,-21.05],[33.37,-21.55],[33.09,-21.89],[32.58,-22.37],[32.2,-22.93],[31.97,-23.39],[31.74,-23.85],[31.71,-24.37],[31.68,-24.9],[31.89,-25.86],[31.8,-26.4],[31.72,-26.95],[31.48,-27.57],[30.99,-28.08],[30.04,-28.17],[29.28,-28.33],[29.02,-29.06],[28.95,-29.63],[28.87,-30.2],[28.78,-30.77],[28.79,-31.03],[28.61,-31.38],[28.46,-31.7],[28.46,-31.7],[28.43,-31.71],[27.89,-32.25],[27.29,-32.06],[26.7,-31.87],[26.7,-31.87],[27.15,-31.01],[27.13,-30.35],[27.1,-29.68],[27.08,-29.01],[27.32,-28.26],[27.56,-27.5],[27.97,-26.65],[28.36,-25.79],[29.03,-25.07],[29.68,-24.35],[29.81,-23.7],[29.95,-23.06],[30.15,-22.38],[30.36,-21.7],[31.07,-21.1],[31.24,-20.43],[31.9,-19.7],[32.43,-19.34],[32.96,-18.99],[33.71,-18.43],[34.46,-17.87],[34.87,-17.22],[35.26,-16.56],[35.3,-15.58],[35.13,-14.74],[34.97,-13.9],[34.66,-13.19],[34.35,-12.47],[34.16,-11.75],[33.98,-11.03],[33.76,-10.26],[33.55,-9.49],[33.62,-8.75],[33.69,-8.01],[33.81,-7.49],[33.93,-6.97],[34.25,-6.36],[34.56,-5.74],[34.99,-5.09],[35.41,-4.44],[35.53,-3.7],[35.66,-2.96],[35.78,-2.22],[36.08,-1.5],[36.38,-0.78],[36.68,-0.05],[36.68,0.77],[36.67,1.6],[36.69,2.48],[36.72,3.35],[37.11,3.92],[37.49,4.48],[38.1,5.1],[38.71,5.71],[39.45,6.06],[40.18,6.4],[40.84,6.68],[41.5,6.95],[42.21,7.32],[42.92,7.68],[43.3,8.07],[43.67,8.47],[43.67,8.47],[44.57,8.72],[45.39,9.01],[46.21,9.3],[47.03,9.58],[47.96,9.83],[48.89,10.07],[48.89,10.07],[48.59,9.47],[48.3,8.88],[47.97,8.15],[47.64,7.43],[47.31,6.7],[46.7,5.92],[46.08,5.15],[45.6,4.54],[45.12,3.93],[44.64,3.32],[44.06,2.9],[43.49,2.47],[43.04,1.96],[42.6,1.45],[42.16,0.94],[41.64,0.46],[41.12,-0.01],[40.6,-0.48],[39.91,-1.05],[39.22,-1.61],[38.54,-2.17],[37.91,-2.9],[37.27,-3.63],[36.72,-4.32],[36.17,-5.01],[35.68,-5.62],[35.19,-6.24],[35.39,-6.8],[35.6,-7.36]]]}},{"type":"Feature","properties":{"ma":20,"type":"gpml:TopologicalNetwork","name":"WEC","pid":601,"deforming":true},"geometry":{"type":"Polygon","coordinates":[[[140.29,47.13],[140.07,46.29],[139.85,45.45],[139.65,44.61],[139.51,43.85],[139.4,43.05],[139.26,42.17],[138.96,41.34],[138.68,40.74],[138.4,40.14],[137.99,39.69],[137.59,39.23],[136.78,38.54],[136.31,38.18],[135.86,37.84],[135.49,37.57],[135.19,37.33],[134.91,37.13],[134.6,36.9],[134.24,36.62],[133.78,36.3],[133.1,35.8],[132.59,35.48],[132.08,35.16],[131.14,34.64],[130.17,34.07],[129.55,33.59],[128.94,33.1],[128.24,32.63],[127.55,32.16],[126.76,31.52],[125.98,30.88],[125.42,30.32],[124.87,29.77],[124.18,29.14],[124.18,29.14],[123.3,29.66],[122.42,30.17],[121.52,30.68],[120.62,31.19],[119.7,31.68],[118.78,32.18],[117.84,32.66],[116.9,33.14],[116.05,32.98],[115.2,32.82],[114.38,32.87],[113.57,32.92],[112.75,32.96],[112.47,32.52],[112.19,32.08],[111.45,32.33],[110.71,32.59],[109.96,32.83],[109.17,33.28],[108.36,33.71],[107.55,34.15],[106.57,34.48],[105.59,34.8],[104.39,34.93],[103.18,35.05],[102.03,35.1],[100.87,35.14],[100.22,35.25],[100.22,35.25],[100.29,35.78],[100.07,36.32],[99.84,36.87],[99.4,37.67],[99.18,38.28],[98.96,38.9],[98.89,39.74],[99.21,40.58],[99.63,41.23],[100.17,41.98],[100.79,42.76],[101.26,43.34],[102.01,44.15],[102.67,44.53],[103.33,44.9],[104.14,45.45],[104.95,46],[105.67,46.46],[106.4,46.92],[107.15,47.37],[107.94,47.81],[108.74,48.25],[109.55,48.69],[110.42,49.26],[111.3,49.83],[112.07,50.36],[112.85,50.9],[113.48,51.32],[114.13,51.75],[114.6,51.99],[114.6,51.99],[115.48,51.92],[116.64,51.83],[117.8,51.73],[119.36,51.57],[120.9,51.39],[121.79,51.28],[122.68,51.16],[123.92,50.98],[125.15,50.79],[126.06,50.64],[126.97,50.48],[127.94,50.3],[128.9,50.11],[130.02,49.88],[131.13,49.64],[132.16,49.41],[133.18,49.16],[134.2,48.91],[135.4,48.59],[136.59,48.26],[137.69,47.94],[138.79,47.61],[139.87,47.27],[140.29,47.13]]]}},{"type":"Feature","properties":{"ma":20,"type":"gpml:TopologicalNetwork","name":"Northern_Andes","pid":201,"deforming":true},"geometry":{"type":"Polygon","coordinates":[[[-64.99,9.41],[-65.49,8.68],[-65.98,7.95],[-66.31,7.27],[-66.64,6.59],[-66.78,5.75],[-66.92,4.91],[-66.92,4.16],[-66.91,3.4],[-66.91,2.65],[-66.9,1.89],[-66.93,1.16],[-66.97,0.43],[-66.97,0.43],[-67.43,0.12],[-67.89,-0.18],[-68.43,-0.68],[-68.97,-1.17],[-69.58,-1.71],[-70.19,-2.24],[-70.93,-2.6],[-71.67,-2.96],[-72.56,-2.95],[-73.44,-2.94],[-73.65,-2.89],[-73.65,-2.89],[-74.1,-3.59],[-74.69,-4.26],[-75.11,-4.75],[-75.53,-5.23],[-75.96,-5.76],[-76.08,-6.7],[-76.01,-7.05],[-76.01,-7.05],[-76.71,-6.45],[-77.41,-5.85],[-78.1,-5.25],[-78.8,-4.65],[-79.5,-4.05],[-79.5,-4.05],[-79.49,-3.99],[-79.44,-3.62],[-79.4,-3.41],[-79.38,-3.16],[-79.26,-2.77],[-79.17,-2.42],[-79.05,-2.14],[-78.86,-1.69],[-78.73,-1.34],[-78.58,-1.02],[-78.41,-0.61],[-78.18,-0.26],[-77.98,0.07],[-77.83,0.28],[-77.59,0.63],[-77.31,1.01],[-77.04,1.34],[-76.81,1.54],[-76.61,1.85],[-76.61,1.85],[-76.68,1.94],[-76.91,2.53],[-77.12,3.33],[-77.34,4.13],[-78.01,4.84],[-78.83,5.22],[-79.41,5.51],[-80.23,5.89],[-80.85,6.23],[-80.85,6.23],[-80.58,7.06],[-80.33,7.83],[-79.78,8.27],[-79.24,8.83],[-79.24,8.83],[-78.72,8.33],[-78.44,8.29],[-78.18,7.75],[-77.91,7.21],[-77.46,6.9],[-77,6.59],[-76.41,5.93],[-76.41,5.93],[-76.37,5.98],[-75.99,6.48],[-75.72,6.83],[-75.72,6.84],[-75.72,6.84],[-75.71,6.85],[-75.32,7.38],[-74.93,7.91],[-74.42,8.62],[-73.9,9.33],[-73.49,9.76],[-73.09,10.19],[-73.09,10.19],[-72.39,10.11],[-71.68,10.02],[-70.98,9.93],[-69.98,9.81],[-68.98,9.68],[-67.98,9.55],[-66.97,9.51],[-65.96,9.46],[-64.99,9.41]]]}},{"type":"Feature","properties":{"ma":20,"type":"gpml:TopologicalNetwork","name":"","pid":819,"deforming":true},"geometry":{"type":"Polygon","coordinates":[[[-45.22,-54.41],[-45.05,-54.83],[-45.29,-55.02],[-45.41,-55.03],[-45.52,-55.03],[-45.78,-55.04],[-46.28,-55.05],[-46.42,-55.05],[-46.76,-55.04],[-46.76,-55.04],[-46.79,-55.12],[-46.84,-55.31],[-47.21,-55.39],[-47.55,-55.46],[-48.09,-55.57],[-48.19,-55.91],[-48.47,-55.97],[-48.84,-56.05],[-49.21,-56.12],[-49.48,-56.17],[-49.91,-56.1],[-50.25,-56.03],[-50.51,-56.13],[-50.59,-56.15],[-50.74,-56.18],[-50.92,-56.22],[-51.07,-56.23],[-51.33,-56.24],[-51.48,-56.24],[-51.57,-56.24],[-51.92,-56.24],[-51.92,-56.24],[-51.84,-56.55],[-52.88,-56.82],[-53.9,-57.08],[-54.82,-57.07],[-55.43,-57],[-55.92,-56.94],[-56.79,-57.01],[-57.44,-57.06],[-57.86,-57.01],[-58.21,-56.96],[-58.72,-56.88],[-59.23,-56.79],[-59.41,-56.76],[-59.41,-56.76],[-59.8,-57.09],[-60.7,-57.81],[-61.19,-57.74],[-62.09,-58.51],[-63.34,-58.21],[-64.23,-58.85],[-65.16,-59.49],[-65.4,-59.88],[-65.4,-59.88],[-66.62,-59.44],[-67.67,-59.23],[-67.67,-59.23],[-69.01,-58.62],[-70.31,-57.99],[-70.31,-57.99],[-71.01,-57.77],[-72.43,-57.23],[-73.8,-56.68],[-74.51,-56.04],[-75.2,-55.4],[-75.2,-55.4],[-74.18,-54.61],[-74.18,-54.61],[-74.19,-54.6],[-74.25,-54.27],[-74.26,-54.11],[-74.36,-53.8],[-74.45,-53.65],[-74.45,-53.65],[-73.49,-54.08],[-72.5,-54.5],[-71.5,-54.91],[-70.08,-55.37],[-68.63,-55.81],[-67.15,-56.23],[-65.57,-56.23],[-64,-56.2],[-62.42,-56.16],[-61.55,-56.04],[-60.68,-55.92],[-59.7,-55.62],[-58.6,-55.29],[-57.72,-55.15],[-56.69,-55.07],[-55.68,-55.07],[-54.67,-55.06],[-53,-54.78],[-51.36,-54.48],[-50.22,-54.34],[-49.09,-54.19],[-47.94,-54.16],[-46.79,-54.12],[-45.84,-54.07],[-45.22,-54.41]]]}},{"type":"Feature","properties":{"ma":20,"type":"gpml:TopologicalNetwork","name":"","pid":817,"deforming":true},"geometry":{"type":"Polygon","coordinates":[[[-37,-56.52],[-37.97,-56.58],[-38.45,-56.56],[-39.36,-56.17],[-40.23,-55.99],[-41.09,-55.8],[-41.8,-55.41],[-41.77,-55.22],[-41.75,-55.1],[-41.75,-55.1],[-41.79,-55.09],[-41.92,-55.04],[-42.33,-54.93],[-43.08,-54.8],[-43.93,-54.64],[-44.23,-54.49],[-44,-54.25],[-43.49,-54],[-43.49,-54],[-42.37,-54.11],[-41,-54.24],[-39.62,-54.35],[-39.61,-54.36],[-39.61,-54.36],[-38.82,-54.66],[-38.03,-54.95],[-37.08,-55.61],[-36.74,-56.34],[-37,-56.52]]]}},{"type":"Feature","properties":{"ma":20,"type":"gpml:TopologicalNetwork","name":"Scotia_Sea_Deforming_Network","pid":812,"deforming":true},"geometry":{"type":"Polygon","coordinates":[[[-63.42,-62.55],[-61.66,-62.13],[-60.08,-61.85],[-60.08,-61.85],[-59.03,-62.42],[-59.03,-62.42],[-58.5,-61.82],[-57.99,-61.23],[-59.23,-60.97],[-58.46,-60.27],[-57.72,-59.56],[-56.36,-59.78],[-55.61,-58.96],[-55.1,-59],[-54.34,-58.23],[-53.3,-58.39],[-52.24,-58.54],[-52.24,-58.54],[-52.9,-59.18],[-53.05,-59.41],[-53.15,-59.58],[-53.49,-60.09],[-53.72,-60.62],[-53.96,-61.18],[-54.07,-61.42],[-54.07,-61.42],[-53.16,-61.43],[-52.51,-61.44],[-51.35,-61.4],[-51.35,-61.4],[-51.35,-61.39],[-51.18,-61.12],[-50.85,-60.58],[-50.54,-60.05],[-50.13,-59.56],[-50.13,-59.56],[-49.99,-59.51],[-49.18,-59.5],[-48.36,-59.43],[-47.77,-59.44],[-47.14,-59.43],[-46.71,-59.67],[-46.71,-59.68],[-46.71,-59.68],[-47.05,-60.07],[-47.38,-60.46],[-47.64,-60.76],[-47.84,-61],[-48.24,-61.34],[-48.24,-61.34],[-47.17,-61.42],[-45.99,-61.73],[-45.75,-61.81],[-45.75,-61.81],[-45.45,-61.69],[-44.92,-61.38],[-44.64,-61.15],[-44.51,-61.06],[-44.28,-60.88],[-43.83,-60.52],[-43.68,-60.4],[-43.68,-60.4],[-43.11,-60.32],[-42.03,-60.42],[-41.49,-60.88],[-41.42,-61.05],[-41.42,-61.05],[-41.05,-60.94],[-40.17,-60.72],[-40.04,-60.27],[-39.96,-60.03],[-39.65,-59.82],[-39.65,-59.82],[-39.35,-59.78],[-38.73,-59.83],[-38.35,-59.91],[-38,-59.83],[-37.05,-59.78],[-36.98,-59.95],[-36.98,-59.95],[-37.16,-60.05],[-37.47,-60.18],[-37.68,-60.31],[-37.72,-60.46],[-37.69,-60.6],[-37.52,-60.65],[-37.41,-60.67],[-37.25,-60.71],[-37.09,-60.75],[-36.96,-60.78],[-36.9,-60.8],[-36.67,-60.85],[-36.72,-61.02],[-37.57,-61.11],[-37.73,-61.09],[-37.73,-61.09],[-39.03,-61.38],[-40.67,-61.85],[-42.32,-62.41],[-43.78,-62.88],[-45.67,-63.31],[-47.2,-63.7],[-48.26,-64.11],[-48.51,-64.18],[-48.51,-64.18],[-48.72,-64.09],[-48.89,-64.02],[-49.08,-63.94],[-49.42,-63.79],[-50.33,-63.38],[-50.65,-63.24],[-51.15,-63],[-51.41,-62.88],[-51.63,-62.77],[-52.75,-62.22],[-52.7,-62.01],[-52.65,-61.95],[-52.58,-61.8],[-52.58,-61.8],[-53.71,-61.81],[-54.09,-61.93],[-54.44,-62.04],[-54.94,-62.24],[-55.87,-62.5],[-56.34,-62.88],[-56.34,-62.88],[-55.64,-63.34],[-55.31,-63.55],[-54.74,-63.9],[-54.51,-64.05],[-53.76,-64.49],[-53.39,-64.71],[-53.22,-64.8],[-52.7,-65.1],[-53.09,-65.23],[-53.73,-65.46],[-53.73,-65.46],[-55.98,-65.21],[-56.59,-65.13],[-57.44,-64.95],[-58.73,-64.67],[-59.65,-64.46],[-60.23,-64.32],[-61.51,-63.99],[-62.75,-63.69],[-63.97,-63.37],[-65.22,-62.96],[-63.42,-62.55]]]}},{"type":"Feature","properties":{"ma":20,"type":"gpml:TopologicalNetwork","name":"Siberia_Eurasia_Mesh","pid":401,"deforming":true},"geometry":{"type":"Polygon","coordinates":[[[141.46,61.22],[140.13,61.77],[138.54,62.33],[136.89,62.88],[136.13,63.59],[135.33,64.3],[133.31,64.78],[131.21,65.24],[129.32,65.31],[127.74,65.88],[126.1,66.42],[124.56,66.91],[122.96,67.39],[121.77,67.87],[120.54,68.35],[120.13,69.08],[119.68,69.81],[119.63,70.66],[119.58,71.51],[121.15,72.26],[122.84,72.99],[124.68,73.71],[127.39,73.75],[130.1,73.76],[132.81,73.74],[135.51,73.68],[135.51,73.68],[136.23,73.91],[138.36,74.18],[140.56,74.44],[143.96,74.29],[147.28,74.1],[150.52,73.85],[153.65,73.56],[156.67,73.22],[159.56,72.84],[159.56,72.84],[158.46,71.93],[157.45,71.02],[155.48,70.61],[153.59,70.17],[151.77,69.72],[150.04,69.24],[149.7,68.57],[149.39,67.89],[149.09,67.22],[149.8,66.78],[150.49,66.34],[151.23,65.84],[151.95,65.34],[153.12,65.2],[154.27,65.05],[155.45,64.89],[156.32,64.76],[157.94,64.5],[159.86,64.17],[159.4,63.21],[159.4,63.21],[160.52,62.95],[161.64,63.05],[163.18,63.17],[164.95,63.29],[167.15,63.34],[168.13,63.17],[168.13,63.17],[168.56,63.1],[167.23,62.64],[165.94,62.17],[164.68,61.69],[163.47,61.2],[162.12,60.9],[160.79,60.58],[159.49,60.26],[159.49,60.26],[158.8,59.51],[158.2,58.99],[157.62,58.47],[157.02,57.81],[156.44,57.15],[155.54,56.67],[154.65,56.18],[153.79,55.68],[152.43,55.17],[151.11,54.65],[151.11,54.65],[150.38,54.32],[149.66,53.98],[149.61,54.1],[149.61,54.1],[149.38,54.77],[149.13,55.44],[149,56.27],[148.66,56.7],[148.72,57.56],[148.79,57.84],[148.79,57.84],[148.53,57.92],[148.53,57.92],[148.41,57.12],[148.3,56.31],[148.32,55.43],[148.35,54.56],[148.3,53.58],[148.27,52.91],[148.24,52.24],[148.32,51.45],[148.32,51.45],[147.68,51.05],[147.06,50.65],[146.24,50.03],[145.1,49.48],[143.98,48.92],[143.05,48.64],[142.13,48.36],[141.32,48.03],[140.52,47.7],[139.91,47.46],[139.91,47.46],[139.99,48.11],[140.06,48.77],[140.03,49.69],[139.99,50.61],[139.99,50.61],[140.73,50.65],[141.53,50.85],[142.28,50.93],[142.99,51.17],[143.71,51.42],[144.31,51.58],[145.08,52.05],[145.87,52.51],[145.87,52.51],[144.99,52.32],[144.12,52.13],[142.71,51.75],[141.82,51.56],[140.94,51.36],[140.54,51.27],[139.93,51.28],[139.93,51.28],[139.73,52.22],[139.52,53.16],[139.3,54.1],[139.08,55.04],[138.84,55.98],[138.59,56.92],[138.32,57.86],[139.35,58.61],[139.21,59.53],[139.07,60.44],[139.07,60.44],[140.25,60.84],[141.46,61.22]]]}},{"type":"Feature","properties":{"ma":20,"type":"gpml:OceanicCrust","name":"Kurli_Basin_Oceanic_Crust","pid":6662,"deforming":false},"geometry":{"type":"Polygon","coordinates":[[[139.97,51.06],[139.93,51.28],[139.93,51.28],[140.54,51.27],[140.94,51.36],[141.82,51.56],[142.71,51.75],[144.12,52.13],[144.99,52.32],[145.87,52.51],[145.87,52.51],[145.08,52.05],[144.31,51.58],[143.71,51.42],[142.99,51.17],[142.28,50.93],[141.53,50.85],[140.73,50.65],[139.99,50.61],[139.97,51.06]]]}},{"type":"Feature","properties":{"ma":20,"type":"gpml:TopologicalNetwork","name":"South_China_Sea_Deformation_Network","pid":602,"deforming":true},"geometry":{"type":"Polygon","coordinates":[[[106.41,5.25],[106.06,6.15],[105.71,7.05],[105.71,7.05],[105.53,7.97],[105.35,8.89],[105.21,9.59],[105.28,10.2],[105.36,10.87],[105.42,11.45],[105.51,12.15],[105.58,12.75],[105.65,13.34],[105.72,13.95],[105.72,14.84],[105.71,15.74],[105.71,16.64],[105.57,17.29],[105.44,17.95],[105.31,18.61],[105.31,18.61],[104.56,19.27],[103.8,19.94],[103.04,20.6],[102.53,21.08],[102.01,21.56],[101.48,22.04],[101.48,22.04],[101.56,22.06],[102.19,22.49],[102.71,22.89],[103.23,23.24],[104.1,23.58],[104.62,23.48],[105.64,23.23],[106.39,23.44],[107.09,23.7],[107.69,23.89],[108.26,24.2],[108.84,24.51],[109.51,24.61],[110.19,24.71],[110.83,25.02],[111.47,25.33],[112.02,25.64],[112.56,25.95],[113.06,26.43],[113.56,26.9],[113.56,26.9],[113.92,26.02],[114.27,25.14],[114.61,24.26],[114.95,23.38],[115.2,22.69],[115.44,21.99],[115.68,21.3],[115.26,20.79],[114.59,20.71],[113.93,20.62],[113.13,20.22],[112.99,20.05],[112.85,19.92],[112.67,19.85],[112.34,19.78],[111.85,19.76],[111.32,19.93],[110.79,20.1],[110.63,20.08],[110.13,19.87],[109.84,19.31],[109.56,18.75],[109.64,18.42],[109.85,18.23],[110.16,18.25],[110.56,18.6],[110.79,18.79],[111.06,18.78],[111.7,18.87],[111.72,18.8],[111.6,18.57],[111.37,18.35],[111.04,17.65],[110.88,17.22],[110.28,16.47],[109.79,16.15],[109.69,16.06],[109.67,15.81],[109.13,15.12],[109.17,14.75],[108.5,14.16],[107.69,13.82],[106.9,13.49],[106.9,13.49],[106.92,13.38],[107.29,13.1],[108.12,13.56],[108.66,13.92],[109.01,14.24],[109.45,14.69],[110.01,14.93],[110.78,14.96],[111.34,15.11],[111.61,15.48],[111.72,15.85],[112.41,15.67],[112.9,15.39],[113.43,15.44],[113.43,15.44],[113.49,15.62],[113.63,15.74],[113.7,15.83],[113.76,15.88],[113.79,15.92],[113.86,15.92],[114.39,15.98],[114.7,15.97],[115.24,15.98],[115.24,15.98],[115.3,16.14],[114.95,16.93],[114.93,16.97],[114.93,16.97],[115.17,17.01],[115.65,16.84],[115.84,16.74],[115.94,16.67],[116.01,16.63],[116.23,16.27],[116.31,16.04],[116.34,15.97],[116.36,15.91],[116.36,15.91],[116,15.37],[115.56,14.89],[115.12,14.42],[114.63,13.77],[114.62,13.68],[114.26,13.58],[113.91,13.31],[113.91,13.31],[113.3,12.55],[113.02,11.65],[112.73,11.23],[112.43,10.81],[111.9,10.54],[111.37,10.26],[110.66,9.64],[110.33,9.24],[110,8.84],[109.24,8.24],[108.73,7.97],[108.22,7.7],[107.82,7.02],[107.42,6.35],[107.02,5.67],[106.41,5.25]]]}},{"type":"Feature","properties":{"ma":20,"type":"gpml:TopologicalNetwork","name":"Northen_NZ_Deformation_Network","pid":833,"deforming":true},"geometry":{"type":"Polygon","coordinates":[[[169.42,-51.51],[169.63,-50.52],[170.09,-50.03],[170.55,-49.53],[171.27,-48.78],[171.92,-48.31],[172.46,-47.42],[172.39,-46.87],[172.33,-46.31],[172.7,-45.85],[173.06,-45.39],[173.77,-44.73],[174.28,-44.02],[173.48,-43.57],[173.05,-43.06],[172.72,-42.68],[172.41,-42.3],[171.98,-41.78],[171.63,-41.33],[171.36,-41],[171.33,-40.77],[171.3,-40.45],[171.31,-40.43],[171.31,-40.43],[172.15,-40.4],[173.43,-40.53],[174.35,-40.68],[175.2,-40.87],[175.96,-41.28],[176.37,-41.68],[176.75,-41.97],[176.75,-41.97],[177.03,-41.95],[177.69,-41.73],[178.78,-41.37],[178.91,-41.39],[178.91,-41.39],[178.84,-41.72],[178.54,-42.65],[178.25,-43.32],[178.07,-43.9],[177.95,-44.36],[177.85,-44.77],[177.78,-45.19],[177.71,-45.57],[177.53,-46.01],[177.34,-46.44],[176.92,-46.96],[176.6,-47.31],[176.34,-47.59],[175.84,-47.87],[175.4,-48.11],[175.07,-48.31],[174.65,-48.56],[174.47,-48.79],[174.28,-49.03],[173.99,-49.25],[173.5,-49.62],[173.44,-49.74],[173.44,-49.74],[173.31,-49.82],[173.04,-49.98],[172.97,-50.03],[172.89,-50.08],[172.74,-50.17],[172.58,-50.27],[172.44,-50.36],[172.34,-50.42],[172.17,-50.54],[172.03,-50.64],[171.78,-50.8],[171.56,-50.96],[171.38,-51.11],[171.32,-51.15],[171.18,-51.26],[171.02,-51.38],[170.92,-51.45],[170.86,-51.5],[170.79,-51.55],[170.7,-51.61],[170.57,-51.7],[170.51,-51.74],[170.47,-51.76],[170.39,-51.82],[170.36,-51.84],[170.36,-51.84],[169.9,-51.66],[169.42,-51.51]]]}},{"type":"Feature","properties":{"ma":20,"type":"gpml:TopologicalNetwork","name":"Campbell_Deforming_Network","pid":901,"deforming":true},"geometry":{"type":"MultiPolygon","coordinates":[[[[180,-42.42],[180,-43.34],[180,-44.26],[180,-45.18],[180,-46.1],[180,-47.02],[180,-47.94],[180,-48.86],[180,-49.78],[180,-50.7],[180,-51.61],[180,-52.53],[179.03,-53.01],[177.69,-53.56],[176.32,-54.08],[175.59,-54.52],[175.05,-54.84],[174.32,-55.25],[174.13,-55.36],[174.13,-55.36],[174.14,-55.32],[174.16,-55.25],[174.18,-55.12],[174.24,-54.86],[174.28,-54.67],[174.34,-54.42],[174.38,-54.2],[174.52,-53.81],[174.63,-53.54],[174.74,-53.27],[174.76,-53.15],[174.78,-53.05],[174.79,-52.95],[174.81,-52.83],[174.84,-52.65],[174.89,-52.4],[174.43,-51.73],[174.29,-51.26],[174.22,-50.89],[174.23,-50.59],[174.27,-50.28],[174.25,-49.61],[174.26,-49.5],[174.25,-49.24],[174.25,-49.24],[173.65,-49.6],[173.44,-49.74],[173.44,-49.74],[173.5,-49.62],[173.99,-49.25],[174.28,-49.03],[174.47,-48.79],[174.65,-48.56],[175.07,-48.31],[175.4,-48.11],[175.84,-47.87],[176.34,-47.59],[176.6,-47.31],[176.92,-46.96],[177.34,-46.44],[177.53,-46.01],[177.71,-45.57],[177.78,-45.19],[177.85,-44.77],[177.95,-44.36],[178.07,-43.9],[178.25,-43.32],[178.54,-42.65],[178.84,-41.72],[178.91,-41.39],[178.91,-41.39],[179.53,-41.45],[180,-41.51],[180,-42.42]]],[[[-180,-51.61],[-180,-50.7],[-180,-49.78],[-180,-48.86],[-180,-47.94],[-180,-47.02],[-180,-46.1],[-180,-45.18],[-180,-44.26],[-180,-43.34],[-180,-42.42],[-180,-41.51],[-179.76,-41.53],[-179.17,-41.59],[-179.09,-42.12],[-178.89,-42.4],[-178.7,-42.79],[-178.64,-43.21],[-178.81,-43.68],[-178.86,-43.8],[-178.93,-43.97],[-178.96,-44.04],[-179,-44.13],[-179.03,-44.21],[-179.05,-44.25],[-179.07,-44.3],[-179.08,-44.36],[-179.1,-44.43],[-179.14,-44.58],[-179.2,-44.85],[-179.2,-44.86],[-179.2,-44.86],[-179.16,-44.9],[-179.01,-45.03],[-178.92,-45.22],[-178.88,-45.3],[-178.85,-45.37],[-178.83,-45.41],[-178.81,-45.45],[-178.79,-45.48],[-178.78,-45.51],[-178.81,-45.66],[-178.79,-45.85],[-178.77,-46],[-178.77,-46],[-178.66,-45.97],[-178.46,-45.91],[-178.06,-45.8],[-177.7,-45.69],[-177.65,-45.87],[-177.6,-46.06],[-177.6,-46.06],[-177.24,-46.03],[-176.78,-45.99],[-176.51,-45.97],[-176.28,-45.95],[-176.02,-45.91],[-176.16,-46.03],[-176.28,-46.14],[-176.26,-46.19],[-176.09,-46.14],[-174.91,-45.93],[-174.19,-45.79],[-173.65,-45.69],[-172.34,-45.42],[-171.8,-45.11],[-171.1,-44.69],[-170.43,-44.77],[-169.96,-44.81],[-169.5,-44.86],[-169.07,-44.9],[-168.61,-44.94],[-168.48,-44.95],[-168.34,-44.97],[-168.05,-44.99],[-167.83,-45.01],[-167.66,-45.02],[-167.66,-45.02],[-167.85,-45.25],[-168.15,-45.62],[-168.62,-46.39],[-169.16,-46.93],[-169.72,-47.47],[-170.52,-47.93],[-171.33,-48.38],[-172.26,-48.82],[-173.2,-49.25],[-174.04,-49.62],[-174.9,-49.98],[-175.72,-50.4],[-176.56,-50.8],[-177.42,-51.23],[-178.3,-51.65],[-179.14,-52.09],[-180,-52.53],[-180,-51.61]]]]}},{"type":"Feature","properties":{"ma":20,"type":"gpml:TopologicalNetwork","name":"SEAsiaDeformNetwork","pid":604,"deforming":true},"geometry":{"type":"Polygon","coordinates":[[[92.55,30.01],[93.17,29.41],[93.78,28.81],[94.38,28.2],[94.89,27.57],[95.4,26.95],[95.9,26.32],[96.52,25.72],[97.13,25.12],[97.96,24.6],[98.79,24.07],[99.39,23.66],[99.99,23.26],[100.58,22.85],[101.21,22.29],[101.82,21.73],[102.43,21.17],[103.04,20.6],[103.8,19.94],[104.56,19.27],[105.31,18.61],[105.31,18.61],[105.44,17.95],[105.57,17.29],[105.71,16.64],[105.71,15.74],[105.72,14.84],[105.72,13.95],[105.65,13.34],[105.58,12.75],[105.51,12.15],[105.42,11.45],[105.36,10.87],[105.28,10.2],[105.21,9.59],[105.35,8.89],[105.53,7.97],[105.71,7.05],[105.71,7.05],[105.99,6.32],[106.27,5.6],[106.55,4.87],[106.55,4.87],[107.09,4.81],[107.63,4.74],[107.92,4.71],[108.51,4.22],[109.1,3.73],[109.59,3.42],[110.09,3.11],[110.75,2.74],[111.42,2.36],[112.1,2.37],[112.77,2.38],[113.21,2.77],[113.64,3.16],[114.22,3.88],[114.8,4.6],[115.38,5.32],[115.84,6.11],[116.3,6.9],[116.76,7.69],[117.17,8],[117.17,8],[117.3,7.51],[117.53,6.56],[117.77,5.61],[118,4.66],[118.22,3.71],[118.38,2.79],[118.38,2.79],[118.11,2.26],[117.41,1.66],[116.71,1.07],[116.78,0.24],[116.85,-0.59],[116.58,-1.23],[116.31,-1.87],[116.24,-2.86],[116.17,-3.85],[116.1,-4.84],[116.02,-5.83],[115.81,-6.49],[115.6,-7.15],[115.39,-7.81],[115.2,-8.64],[115.02,-9.46],[115.02,-9.46],[114.29,-9.54],[113.34,-9.4],[112.38,-9.25],[111.71,-9.16],[111.05,-9.07],[110.1,-8.92],[109.96,-8.9],[109.55,-8.83],[109.12,-8.76],[108.82,-8.71],[108.32,-8.6],[107.92,-8.51],[107.61,-8.44],[107.38,-8.39],[107.12,-8.33],[106.8,-8.26],[106.19,-8.12],[105.31,-7.84],[104.66,-7.63],[104.16,-7.47],[103.21,-7.21],[102.26,-6.95],[101.71,-6.72],[101.71,-6.72],[101.72,-6.19],[101.64,-5.27],[101.66,-4.69],[101.67,-4.12],[101.56,-3.52],[101.44,-2.93],[101.01,-2.37],[100.57,-1.81],[99.82,-1.16],[99.06,-0.51],[98.41,0.18],[97.76,0.86],[97.11,1.55],[96.46,2.23],[95.81,2.92],[95.39,3.55],[94.96,4.17],[94.52,4.82],[94.52,4.82],[93.82,5.4],[93.12,5.99],[92.84,6.94],[92.57,7.9],[92.48,8.74],[92.4,9.58],[92.32,10.41],[92.33,11.17],[92.35,11.92],[92.36,12.67],[92.61,13.53],[92.86,14.39],[93.06,14.76],[93.06,14.76],[92.93,15.62],[92.79,16.48],[92.66,17.35],[92.52,18.21],[92.3,19.18],[92.08,20.16],[91.85,21.14],[91.81,21.94],[91.78,22.74],[91.74,23.54],[91.94,24.45],[92.14,25.35],[92.34,26.26],[92.55,27.17],[92.4,27.91],[92.24,28.66],[92.08,29.4],[91.91,30.14],[92.55,30.01]]]}},{"type":"Feature","properties":{"ma":20,"type":"gpml:TopologicalNetwork","name":"Cenozoic deformation zone","pid":101,"deforming":true},"geometry":{"type":"Polygon","coordinates":[[[-117.13,38.39],[-117.13,38.4],[-117.75,39.11],[-118.39,39.82],[-118.73,40.34],[-119.07,40.86],[-119.37,41.34],[-119.68,41.83],[-120.12,42.52],[-120.28,42.78],[-120.27,42.95],[-120.33,43.12],[-120.37,43.27],[-120.34,43.41],[-120.27,43.49],[-120.28,43.63],[-120.36,43.69],[-120.42,43.99],[-120.44,44.18],[-120.51,44.27],[-120.58,44.39],[-120.68,44.54],[-120.73,44.85],[-120.73,45.04],[-120.72,45.11],[-120.66,45.18],[-120.7,45.44],[-120.73,45.64],[-120.75,45.78],[-120.82,45.83],[-120.85,45.99],[-120.88,46.21],[-121.01,46.57],[-121.22,47.03],[-121.4,47.37],[-121.55,47.71],[-121.73,48.03],[-121.87,48.4],[-122.23,48.77],[-122.38,49.01],[-122.68,49.29],[-123.02,49.54],[-123.41,49.7],[-123.67,49.81],[-123.91,50],[-124.02,50.4],[-124.25,50.68],[-124.52,50.76],[-124.69,50.95],[-125.04,51.15],[-125.36,51.3],[-125.85,51.44],[-126.17,51.6],[-126.46,51.85],[-126.72,52],[-126.72,52],[-126.55,52.53],[-126.39,53.05],[-126.2,53.62],[-126.08,53.9],[-126.01,54.24],[-125.94,54.78],[-125.91,55.39],[-125.96,55.99],[-125.95,56.44],[-125.95,56.44],[-125.09,55.59],[-124.27,54.73],[-123.37,54.16],[-122.5,53.59],[-121.61,52.98],[-120.75,52.36],[-119.48,51.79],[-118.25,51.21],[-117.05,50.62],[-116.3,50.42],[-115.56,50.22],[-114.21,49.94],[-112.94,49.84],[-112.3,49.65],[-112.01,49.16],[-111.98,48.53],[-111.74,47.63],[-111.8,46.9],[-112.02,46.36],[-112.24,45.82],[-112.1,45.07],[-111.31,44.87],[-110.41,44.76],[-109.54,45.01],[-109.06,45.14],[-108.68,45.37],[-108.19,45.66],[-107.51,45.78],[-106.92,45.43],[-106.68,45],[-106.61,44.52],[-106.52,43.95],[-106.54,43.95],[-106.54,43.93],[-106.55,43.87],[-106.56,43.84],[-106.56,43.82],[-106.57,43.78],[-106.57,43.74],[-106.56,43.74],[-106.5,43.7],[-106.46,43.65],[-106.44,43.56],[-106.45,43.51],[-106.45,43.47],[-106.45,43.4],[-106.46,43.34],[-106.47,43.29],[-106.5,43.22],[-106.52,43.17],[-106.54,43.14],[-106.55,43.08],[-106.55,43.02],[-106.55,42.99],[-106.54,42.82],[-106.54,42.81],[-106.54,42.77],[-106.58,42.69],[-106.7,42.49],[-106.78,42.4],[-106.77,42.38],[-106.72,42.37],[-106.62,42.35],[-106.59,42.35],[-106.59,42.33],[-106.57,42.3],[-106.54,42.26],[-106.52,42.26],[-106.49,42.26],[-106.43,42.21],[-106.42,42.2],[-106.37,42.2],[-106.31,42.21],[-106.3,42.2],[-106.26,42.17],[-106.25,42.16],[-106.16,42.18],[-106.14,42.19],[-106.08,42.18],[-106.04,42.17],[-106,42.15],[-105.98,42.15],[-105.9,42.16],[-105.7,42.19],[-105.53,42.18],[-105.3,42.16],[-105.17,42.14],[-105.14,42.13],[-105.05,42.09],[-104.93,42.05],[-104.81,41.98],[-104.75,41.93],[-104.71,41.86],[-104.7,41.81],[-104.7,41.8],[-104.7,41.77],[-104.72,41.77],[-104.77,41.8],[-104.76,41.78],[-104.77,41.74],[-104.57,41.67],[-104.5,41.65],[-104.41,41.65],[-104.32,41.65],[-104.23,41.65],[-104.14,41.64],[-104.09,41.64],[-104.04,41.64],[-104.01,41.62],[-103.99,41.61],[-103.99,41.6],[-103.99,41.6],[-103.22,41.61],[-103.23,41.63],[-103.24,41.65],[-103.26,41.68],[-103.27,41.72],[-103.25,41.75],[-103.23,41.79],[-103.23,41.84],[-103.23,41.9],[-103.27,41.92],[-103.29,41.94],[-103.3,41.97],[-103.31,42.01],[-103.32,42.03],[-103.32,42.03],[-103.32,42.04],[-103.33,42.05],[-103.34,42.08],[-103.35,42.11],[-103.38,42.13],[-103.42,42.17],[-103.42,42.18],[-103.38,42.19],[-103.29,42.18],[-103.19,42.18],[-103.12,42.16],[-103.06,42.15],[-103.06,42.15],[-103.05,42.15],[-102.98,42.14],[-102.92,42.14],[-102.91,42.14],[-102.9,42.14],[-102.87,42.15],[-102.86,42.15],[-102.83,42.15],[-102.77,42.18],[-102.76,42.19],[-102.76,42.19],[-102.68,42.22],[-102.51,42.34],[-102.51,42.35],[-102.5,42.34],[-102.5,42.34],[-102.48,42.33],[-102.44,42.34],[-102.43,42.37],[-102.41,42.39],[-102.37,42.41],[-102.33,42.41],[-102.27,42.39],[-102.25,42.37],[-102.25,42.36],[-102.25,42.35],[-102.25,42.35],[-102.25,42.33],[-102.25,42.32],[-102.25,42.32],[-102.25,42.3],[-102.25,42.27],[-102.24,42.25],[-102.23,42.23],[-102.24,42.21],[-102.25,42.19],[-102.27,42.19],[-102.29,42.19],[-102.27,42.16],[-102.24,42.15],[-102.22,42.14],[-102.2,42.13],[-102.18,42.12],[-102.16,42.11],[-102.12,42.11],[-102.1,42.12],[-102.06,42.13],[-102.03,42.14],[-101.99,42.16],[-101.97,42.17],[-101.95,42.18],[-101.91,42.2],[-101.88,42.22],[-101.85,42.24],[-101.83,42.27],[-101.82,42.29],[-101.8,42.32],[-101.8,42.35],[-101.83,42.36],[-101.85,42.37],[-101.82,42.47],[-101.81,42.54],[-101.81,42.64],[-101.8,42.69],[-101.81,42.72],[-101.81,42.76],[-101.83,42.8],[-101.9,42.84],[-101.94,42.85],[-102.04,42.87],[-102.09,42.89],[-102.13,42.9],[-102,42.97],[-101.98,43.01],[-102,43.06],[-102.02,43.09],[-102.05,43.11],[-102.08,43.14],[-102.11,43.19],[-102.17,43.24],[-102.16,43.27],[-102.14,43.29],[-102.14,43.31],[-102.17,43.33],[-102.17,43.37],[-102.14,43.43],[-102.13,43.44],[-102.12,43.45],[-102.13,43.45],[-102.17,43.49],[-102.2,43.53],[-102.22,43.54],[-102.27,43.53],[-102.31,43.55],[-102.34,43.58],[-102.37,43.59],[-102.33,43.59],[-102.29,43.59],[-102.22,43.6],[-102.12,43.63],[-101.99,43.64],[-101.9,43.67],[-101.89,43.67],[-101.88,43.68],[-101.84,43.7],[-101.79,43.7],[-101.74,43.7],[-101.72,43.71],[-101.71,43.73],[-101.71,43.74],[-101.71,43.74],[-101.66,43.74],[-101.53,43.73],[-101.52,43.73],[-101.45,43.71],[-101.45,43.7],[-101.45,43.69],[-101.42,43.68],[-101.38,43.64],[-101.43,43.53],[-101.44,43.52],[-101.38,43.5],[-101.34,43.46],[-101.34,43.42],[-101.33,43.39],[-101.35,43.36],[-101.33,43.35],[-101.31,43.33],[-101.31,43.33],[-101.28,43.31],[-101.26,43.25],[-101.27,43.23],[-101.26,43.23],[-101.24,43.17],[-101.25,43.14],[-101.27,43.1],[-101.29,43.07],[-101.3,43.02],[-101.26,43.01],[-101.19,42.97],[-101.19,42.9],[-101.26,42.84],[-101.32,42.84],[-101.36,42.77],[-101.37,42.77],[-101.34,42.75],[-101.33,42.69],[-101.38,42.65],[-101.47,42.53],[-101.46,42.49],[-101.45,42.49],[-101.45,42.48],[-101.42,42.39],[-101.41,42.36],[-101.38,42.29],[-101.37,42.2],[-101.36,42.15],[-101.36,42.13],[-101.37,42.09],[-101.37,42.08],[-101.4,42.03],[-101.4,42.01],[-101.41,41.98],[-101.43,41.96],[-101.43,41.96],[-101.44,41.95],[-101.45,41.92],[-101.46,41.87],[-101.48,41.84],[-101.5,41.83],[-101.53,41.82],[-101.53,41.81],[-101.53,41.8],[-101.53,41.8],[-101.52,41.75],[-101.52,41.67],[-101.51,41.61],[-101.49,41.56],[-101.47,41.53],[-101.49,41.5],[-101.49,41.45],[-101.48,41.44],[-101.47,41.42],[-101.49,41.42],[-101.53,41.42],[-101.53,41.41],[-101.53,41.38],[-101.55,41.35],[-101.57,41.33],[-101.6,41.29],[-101.6,41.29],[-101.6,41.28],[-101.61,41.27],[-101.62,41.24],[-101.63,41.22],[-101.64,41.2],[-101.64,41.19],[-101.64,41.18],[-101.65,41.16],[-101.67,41.15],[-101.68,41.12],[-101.68,41.08],[-101.68,41.07],[-101.68,41.06],[-101.68,40.98],[-101.66,40.89],[-101.65,40.87],[-101.65,40.86],[-101.64,40.86],[-101.63,40.85],[-101.62,40.82],[-101.59,40.79],[-101.58,40.75],[-101.55,40.66],[-101.52,40.56],[-101.49,40.47],[-101.46,40.41],[-101.44,40.33],[-101.44,40.33],[-101.44,40.32],[-101.43,40.28],[-101.38,40.21],[-101.32,40.13],[-101.31,40.12],[-101.32,40.04],[-101.32,39.98],[-101.32,39.84],[-101.31,39.69],[-101.32,39.68],[-101.31,39.6],[-101.41,39.57],[-101.49,39.54],[-101.55,39.51],[-101.6,39.47],[-101.64,39.46],[-101.66,39.46],[-101.67,39.49],[-101.7,39.53],[-101.72,39.54],[-101.74,39.54],[-101.76,39.52],[-101.78,39.5],[-101.79,39.43],[-101.8,39.4],[-101.79,39.37],[-101.75,39.33],[-101.73,39.31],[-101.7,39.26],[-101.65,39.2],[-101.6,39.11],[-101.59,39.07],[-101.57,39.05],[-101.54,39.04],[-101.52,39.04],[-101.52,39.02],[-101.53,39.01],[-101.54,38.99],[-101.49,38.96],[-101.45,38.92],[-101.43,38.89],[-101.46,38.9],[-101.5,38.89],[-101.51,38.89],[-101.5,38.87],[-101.5,38.85],[-101.5,38.85],[-101.5,38.84],[-101.5,38.81],[-101.51,38.78],[-101.52,38.73],[-101.54,38.71],[-101.55,38.71],[-101.56,38.7],[-101.58,38.71],[-101.59,38.72],[-101.61,38.72],[-101.6,38.7],[-101.57,38.66],[-101.54,38.65],[-101.53,38.65],[-101.51,38.64],[-101.49,38.65],[-101.49,38.66],[-101.47,38.67],[-101.46,38.69],[-101.44,38.7],[-101.42,38.69],[-101.38,38.69],[-101.34,38.67],[-101.3,38.64],[-101.25,38.61],[-101.23,38.57],[-101.21,38.53],[-101.19,38.53],[-101.15,38.5],[-101.12,38.45],[-101.08,38.39],[-101.05,38.33],[-101.03,38.28],[-100.99,38.23],[-100.92,38.18],[-100.87,38.15],[-100.82,38.08],[-100.79,38.02],[-100.76,37.95],[-100.72,37.92],[-100.66,37.89],[-100.61,37.87],[-100.63,37.86],[-100.64,37.86],[-100.65,37.85],[-100.64,37.84],[-100.64,37.84],[-100.64,37.83],[-100.66,37.81],[-100.66,37.79],[-100.65,37.77],[-100.65,37.76],[-100.65,37.75],[-100.65,37.75],[-100.67,37.73],[-100.66,37.73],[-100.67,37.73],[-100.69,37.73],[-100.72,37.73],[-100.75,37.74],[-100.79,37.75],[-100.85,37.77],[-100.9,37.77],[-100.95,37.76],[-101,37.76],[-101.03,37.77],[-101.04,37.78],[-101.06,37.8],[-101.08,37.8],[-101.1,37.78],[-101.11,37.75],[-101.12,37.74],[-101.16,37.72],[-101.17,37.7],[-101.19,37.69],[-101.21,37.69],[-101.24,37.69],[-101.25,37.67],[-101.27,37.65],[-101.28,37.63],[-101.29,37.63],[-101.32,37.63],[-101.36,37.62],[-101.38,37.62],[-101.4,37.63],[-101.41,37.61],[-101.42,37.58],[-101.43,37.55],[-101.45,37.54],[-101.48,37.53],[-101.51,37.52],[-101.51,37.52],[-101.53,37.5],[-101.54,37.5],[-101.57,37.51],[-101.59,37.5],[-101.58,37.46],[-101.58,37.44],[-101.61,37.42],[-101.63,37.41],[-101.63,37.38],[-101.66,37.36],[-101.69,37.35],[-101.7,37.32],[-101.7,37.29],[-101.72,37.32],[-101.74,37.35],[-101.74,37.38],[-101.73,37.4],[-101.76,37.41],[-101.78,37.43],[-101.83,37.44],[-101.84,37.44],[-101.83,37.44],[-101.83,37.43],[-101.86,37.44],[-101.89,37.43],[-101.92,37.41],[-101.94,37.41],[-101.95,37.4],[-101.95,37.41],[-101.95,37.41],[-101.97,37.44],[-102,37.45],[-102.02,37.46],[-102.03,37.46],[-102.06,37.46],[-102.09,37.47],[-102.11,37.47],[-102.14,37.46],[-102.16,37.44],[-102.19,37.42],[-102.2,37.43],[-102.21,37.46],[-102.23,37.49],[-102.23,37.49],[-102.24,37.5],[-102.25,37.51],[-102.25,37.5],[-102.25,37.48],[-102.28,37.38],[-102.3,37.28],[-102.32,37.23],[-102.32,37.2],[-102.32,37.14],[-102.34,37.07],[-102.35,37.03],[-102.32,37.03],[-102.32,37.01],[-102.34,36.98],[-102.34,36.95],[-102.35,36.93],[-102.36,36.92],[-102.38,36.9],[-102.42,36.88],[-102.45,36.79],[-102.5,36.69],[-102.5,36.68],[-102.5,36.68],[-102.51,36.64],[-102.53,36.59],[-102.53,36.59],[-102.53,36.59],[-102.54,36.53],[-102.62,36.47],[-102.77,36.39],[-102.92,36.32],[-103.02,36.25],[-103.12,36.16],[-103.19,36.09],[-103.23,36.06],[-103.24,36.05],[-103.24,35.95],[-103.23,35.87],[-103.25,35.81],[-103.25,35.78],[-103.25,35.76],[-103.25,35.74],[-103.22,35.72],[-103.27,35.66],[-103.29,35.62],[-103.32,35.57],[-103.34,35.52],[-103.38,35.46],[-103.41,35.37],[-103.42,35.36],[-103.45,35.37],[-103.46,35.36],[-103.48,35.36],[-103.5,35.35],[-103.51,35.33],[-103.51,35.33],[-103.52,35.32],[-103.53,35.31],[-103.54,35.31],[-103.54,35.3],[-103.58,35.28],[-103.62,35.24],[-103.64,35.2],[-103.67,35.17],[-103.67,35.16],[-103.67,35.16],[-103.66,35.11],[-103.65,35.07],[-103.64,35.06],[-103.64,35.04],[-103.65,35],[-103.65,34.95],[-103.65,34.89],[-103.64,34.87],[-103.62,34.86],[-103.59,34.85],[-103.58,34.84],[-103.57,34.85],[-103.58,34.89],[-103.58,34.91],[-103.57,34.99],[-103.53,35],[-103.51,35.01],[-103.49,35],[-103.47,34.98],[-103.45,34.96],[-103.44,34.95],[-103.42,34.93],[-103.41,34.93],[-103.4,34.95],[-103.4,34.97],[-103.42,34.99],[-103.43,35.02],[-103.42,35.04],[-103.4,35.07],[-103.39,35.1],[-103.39,35.11],[-103.38,35.13],[-103.36,35.14],[-103.35,35.12],[-103.34,35.1],[-103.32,35.11],[-103.31,35.14],[-103.29,35.16],[-103.27,35.18],[-103.25,35.19],[-103.22,35.18],[-103.2,35.17],[-103.2,35.14],[-103.21,35.11],[-103.22,35.05],[-103.24,34.99],[-103.25,34.89],[-103.27,34.8],[-103.27,34.8],[-103.27,34.79],[-103.25,34.76],[-103.23,34.75],[-103.2,34.73],[-103.19,34.7],[-103.17,34.67],[-103.15,34.64],[-103.13,34.62],[-103.11,34.6],[-103.09,34.58],[-103.07,34.6],[-103.05,34.63],[-103.04,34.66],[-103.01,34.68],[-103.01,34.69],[-103.01,34.71],[-103.01,34.74],[-103,34.75],[-102.99,34.77],[-102.98,34.79],[-102.96,34.8],[-102.95,34.8],[-102.94,34.8],[-102.94,34.81],[-102.95,34.81],[-102.95,34.83],[-102.95,34.85],[-102.95,34.85],[-102.95,34.86],[-102.96,34.86],[-102.98,34.87],[-102.99,34.88],[-103.02,34.89],[-103.03,34.9],[-103.02,34.92],[-103.01,34.94],[-102.98,34.95],[-102.96,34.96],[-102.93,34.96],[-102.9,34.96],[-102.87,34.96],[-102.83,34.95],[-102.82,34.93],[-102.8,34.91],[-102.79,34.88],[-102.78,34.87],[-102.77,34.84],[-102.78,34.81],[-102.79,34.79],[-102.78,34.78],[-102.77,34.76],[-102.77,34.74],[-102.77,34.71],[-102.79,34.68],[-102.82,34.65],[-102.85,34.63],[-102.9,34.59],[-102.94,34.57],[-102.97,34.54],[-103,34.53],[-103.02,34.52],[-103.04,34.51],[-103.05,34.48],[-103.05,34.46],[-103.06,34.42],[-103.07,34.42],[-103.06,34.41],[-103.04,34.4],[-103.02,34.37],[-102.98,34.31],[-102.94,34.2],[-102.93,34.14],[-102.92,34.09],[-102.9,34.04],[-102.89,34],[-102.88,33.96],[-102.87,33.93],[-102.87,33.89],[-102.87,33.84],[-102.88,33.78],[-102.89,33.73],[-102.89,33.7],[-102.87,33.67],[-102.84,33.65],[-102.83,33.62],[-102.83,33.59],[-102.84,33.56],[-102.84,33.53],[-102.84,33.51],[-102.85,33.48],[-102.87,33.45],[-102.89,33.43],[-102.9,33.38],[-102.9,33.37],[-102.92,33.34],[-102.94,33.31],[-102.97,33.3],[-103.01,33.28],[-103.04,33.25],[-103.08,33.22],[-103.11,33.19],[-103.14,33.15],[-103.15,33.12],[-103.16,33.11],[-103.18,33.1],[-103.21,33.07],[-103.23,33.05],[-103.25,33.02],[-103.26,32.96],[-103.25,32.91],[-103.26,32.84],[-103.25,32.8],[-103.24,32.78],[-103.23,32.76],[-103.18,32.71],[-103.13,32.66],[-103.09,32.63],[-103.07,32.6],[-103.03,32.56],[-102.99,32.52],[-102.96,32.48],[-102.91,32.43],[-102.8,32.34],[-102.75,32.28],[-102.71,32.24],[-102.61,32.27],[-102.53,32.27],[-102.5,32.27],[-102.47,32.23],[-102.42,32.21],[-102.37,32.18],[-102.36,32.17],[-102.31,32.14],[-102.3,32.12],[-102.26,32.07],[-102.21,32.04],[-102.16,31.99],[-102.12,31.95],[-102.09,31.91],[-102.08,31.84],[-102.08,31.84],[-102.07,31.84],[-102.01,31.88],[-102,31.88],[-102,31.89],[-102.01,31.92],[-102,31.97],[-101.96,32.02],[-101.95,32.04],[-101.92,32.1],[-101.9,32.14],[-101.9,32.14],[-101.84,32.22],[-101.93,32.24],[-101.94,32.24],[-102,32.24],[-102,32.3],[-102.02,32.46],[-102.03,32.48],[-102.07,32.51],[-102.11,32.54],[-102.15,32.56],[-102.2,32.6],[-102.23,32.61],[-102.28,32.62],[-102.29,32.67],[-102.3,32.71],[-102.3,32.79],[-102.3,32.81],[-102.21,32.98],[-102.2,32.99],[-102.19,33.09],[-102.18,33.17],[-102.17,33.22],[-102.13,33.18],[-102.11,33.1],[-102.08,33.02],[-102.07,32.89],[-102.06,32.79],[-102.02,32.72],[-101.97,32.64],[-101.91,32.53],[-101.85,32.45],[-101.84,32.44],[-101.84,32.43],[-101.8,32.35],[-101.76,32.3],[-101.7,32.23],[-101.7,32.19],[-101.7,32.17],[-101.63,32.17],[-101.57,32.14],[-101.52,32.13],[-101.39,32.07],[-101.31,32.02],[-101.24,31.99],[-101.13,31.92],[-101.11,31.91],[-101.1,31.91],[-101.09,31.9],[-101.06,31.88],[-100.94,31.77],[-100.92,31.75],[-100.91,31.76],[-100.87,31.79],[-100.87,31.79],[-100.87,31.81],[-100.86,31.82],[-100.85,31.84],[-100.83,31.84],[-100.79,31.82],[-100.74,31.8],[-100.7,31.78],[-100.67,31.75],[-100.65,31.73],[-100.65,31.71],[-100.66,31.69],[-100.67,31.67],[-100.68,31.65],[-100.63,31.62],[-100.58,31.6],[-100.54,31.58],[-100.53,31.57],[-100.5,31.49],[-100.48,31.43],[-100.46,31.38],[-100.42,31.31],[-100.35,31.35],[-100.22,31.38],[-100.21,31.38],[-100.19,31.38],[-100.13,31.4],[-100.08,31.4],[-100.02,31.4],[-99.96,31.38],[-99.88,31.34],[-99.75,31.26],[-99.68,31.23],[-99.64,31.23],[-99.61,31.23],[-99.59,31.24],[-99.56,31.24],[-99.52,31.24],[-99.5,31.24],[-99.45,31.25],[-99.4,31.24],[-99.28,31.17],[-99.02,30.71],[-98.76,30.26],[-98.34,29.44],[-98.45,28.47],[-97.94,27.99],[-97.51,27.58],[-97.09,27.17],[-97,26.42],[-97.31,26.11],[-97.08,25.64],[-96.86,25.16],[-96.7,24.42],[-96.53,23.67],[-96.37,22.92],[-95.98,22.07],[-95.59,21.21],[-94.95,20.6],[-94.31,19.99],[-94.43,19.77],[-94.38,19.3],[-94.16,18.91],[-93.68,18.3],[-93.29,17.84],[-92.91,17.38],[-92.48,16.96],[-91.83,16.41],[-91.19,15.87],[-90.71,15.4],[-90.71,15.4],[-91.63,15.37],[-92.55,15.33],[-93.48,15.29],[-94.4,15.25],[-94.4,15.25],[-94.93,15.71],[-94.93,15.71],[-95.04,15.73],[-95.64,15.86],[-96.32,16.2],[-96.67,16.36],[-96.67,16.36],[-97.22,16.84],[-97.78,17.31],[-98.58,17.92],[-99.07,18.33],[-99.53,18.78],[-100.13,19.31],[-100.74,19.84],[-101.34,20.37],[-101.95,20.9],[-102.61,21.42],[-103.27,21.94],[-103.93,22.46],[-104.6,22.98],[-105.16,23.59],[-105.72,24.2],[-106.29,24.81],[-106.98,25.52],[-107.67,26.22],[-108.37,26.93],[-108.37,26.93],[-108.89,27.7],[-109.41,28.48],[-109.91,29.01],[-110.42,29.54],[-110.93,30.06],[-111.46,30.82],[-112,31.59],[-112.5,32.31],[-113,33.03],[-113.53,33.76],[-114.06,34.5],[-114.61,35.23],[-114.61,35.23],[-115.22,36.02],[-115.84,36.82],[-116.48,37.61],[-117.13,38.39]]]}},{"type":"Feature","properties":{"ma":20,"type":"gpml:TopologicalNetwork","name":"","pid":301,"deforming":true},"geometry":{"type":"Polygon","coordinates":[[[74.93,87.29],[74.82,87.26],[74.82,87.26],[62.88,87.15],[52.28,86.92],[51.91,86.94],[51.91,86.94],[62.42,87.14],[74.93,87.29]]]}}]}