{"type":"FeatureCollection","features":[{"type":"Feature","properties":{"ma":85,"type":"gpml:TopologicalClosedPlateBoundary","name":"Australia Ocean Crust during early AUS-ANT opening","pid":801,"deforming":false},"geometry":{"type":"Polygon","coordinates":[[[103.85,-61.82],[104.91,-61.87],[105.62,-61.87],[106.56,-61.86],[107.22,-61.79],[108.19,-61.67],[108.57,-61.63],[109.8,-61.48],[109.88,-61.47],[111.22,-61.26],[111.39,-61.23],[112.74,-61.15],[113,-61.13],[114.23,-61.03],[114.6,-60.99],[115.64,-60.89],[116.19,-60.83],[116.75,-60.73],[117.72,-60.54],[117.83,-60.52],[118.98,-60.23],[119.19,-60.18],[120.62,-60.04],[120.75,-60.02],[122.33,-59.93],[122.59,-59.92],[123.91,-59.86],[124.68,-59.88],[125.5,-59.89],[126.85,-60.05],[128.15,-60.12],[129.98,-60.04],[130.65,-60],[131.54,-59.96],[132.8,-59.94],[133.12,-59.93],[134.47,-60.12],[135.83,-60.29],[135.83,-60.29],[134.47,-60.12],[133.12,-59.93],[132.8,-59.94],[131.54,-59.96],[130.65,-60],[129.98,-60.04],[128.15,-60.12],[126.85,-60.05],[125.68,-59.97],[125.01,-60.03],[124.39,-60.09],[123.26,-60.25],[123.05,-60.29],[121.7,-60.51],[121.59,-60.53],[120.28,-60.76],[120.06,-60.8],[118.76,-61.02],[118.62,-61.03],[117.47,-61.13],[116.79,-61.17],[116.16,-61.19],[115.09,-61.28],[114.7,-61.31],[113.47,-61.41],[113.21,-61.43],[111.88,-61.55],[111.71,-61.56],[110.29,-61.74],[110.2,-61.74],[108.87,-61.83],[108.46,-61.86],[107.43,-61.94],[106.77,-62.01],[105.88,-62.06],[105.21,-62.09],[104.24,-62.12],[102.74,-62.13],[101.25,-62.13],[99.44,-61.91],[99.43,-61.91],[99.43,-61.91],[99.28,-61.81],[98.96,-61.39],[98.96,-61.39],[100.61,-61.6],[102.22,-61.72],[103.85,-61.82]]]}},{"type":"Feature","properties":{"ma":85,"type":"gpml:TopologicalClosedPlateBoundary","name":"Australia Ocean Crust during early AUS-ANT opening","pid":802,"deforming":false},"geometry":{"type":"Polygon","coordinates":[[[128.15,-60.12],[129.98,-60.04],[130.65,-60],[131.54,-59.96],[132.8,-59.94],[133.12,-59.93],[134.47,-60.12],[135.83,-60.29],[135.83,-60.29],[134.47,-60.12],[133.12,-59.93],[132.79,-59.93],[131.54,-59.95],[130.65,-60],[129.98,-60.04],[128.15,-60.12],[126.85,-60.04],[125.87,-60.06],[125.34,-60.18],[124.88,-60.32],[123.95,-60.58],[123.78,-60.64],[122.68,-60.99],[122.58,-61.02],[121.4,-61.32],[121.18,-61.37],[119.71,-61.52],[119.55,-61.52],[118.2,-61.52],[117.4,-61.5],[116.68,-61.48],[115.58,-61.56],[115.19,-61.58],[113.95,-61.7],[113.69,-61.72],[112.38,-61.86],[112.21,-61.87],[110.71,-62.01],[110.62,-62.01],[109.18,-62.04],[108.74,-62.05],[107.64,-62.08],[106.98,-62.16],[106.14,-62.25],[105.52,-62.32],[104.64,-62.42],[103.28,-62.55],[101.91,-62.67],[100.06,-62.45],[99.14,-62.31],[98.59,-62.21],[98.59,-62.21],[98.41,-61.85],[98.36,-61.74],[98.36,-61.74],[98.54,-61.77],[99.44,-61.91],[101.25,-62.13],[102.74,-62.13],[104.24,-62.12],[105.21,-62.09],[105.88,-62.06],[106.77,-62.01],[107.43,-61.94],[108.46,-61.86],[108.87,-61.83],[110.2,-61.74],[110.29,-61.74],[111.71,-61.56],[111.88,-61.55],[113.21,-61.43],[113.47,-61.41],[114.7,-61.31],[115.09,-61.28],[116.16,-61.19],[116.79,-61.17],[117.47,-61.13],[118.62,-61.03],[118.76,-61.02],[120.06,-60.8],[120.28,-60.76],[121.59,-60.53],[121.7,-60.51],[123.05,-60.29],[123.26,-60.25],[124.39,-60.09],[125.01,-60.03],[125.68,-59.97],[126.85,-60.05],[128.15,-60.12]]]}},{"type":"Feature","properties":{"ma":85,"type":"gpml:TopologicalNetwork","name":"AUSANT_Deforming_Network","pid":802,"deforming":true},"geometry":{"type":"Polygon","coordinates":[[[104.64,-62.42],[105.52,-62.32],[106.14,-62.25],[106.98,-62.16],[107.64,-62.08],[108.74,-62.05],[109.18,-62.04],[110.62,-62.01],[110.71,-62.01],[112.21,-61.87],[112.38,-61.86],[113.69,-61.72],[113.95,-61.7],[115.19,-61.58],[115.58,-61.56],[116.68,-61.48],[117.4,-61.5],[118.2,-61.52],[119.55,-61.52],[119.71,-61.52],[121.18,-61.37],[121.4,-61.32],[122.58,-61.02],[122.68,-60.99],[123.78,-60.64],[123.95,-60.58],[124.88,-60.32],[125.34,-60.18],[125.87,-60.06],[126.85,-60.04],[128.15,-60.12],[129.98,-60.04],[130.65,-60],[131.54,-59.95],[132.79,-59.93],[133.12,-59.93],[134.47,-60.12],[135.83,-60.29],[136.7,-60.55],[137.45,-60.8],[138.32,-61.02],[139.25,-61.27],[139.97,-61.44],[140.61,-61.62],[141.49,-61.83],[142.29,-62.04],[142.91,-62.22],[143.49,-62.38],[144.07,-62.52],[144.57,-62.67],[144.76,-62.76],[146.33,-63.02],[147.17,-63.23],[148.18,-63.46],[149.2,-63.68],[150.02,-63.88],[151.34,-64.18],[152.68,-64.46],[153.32,-64.66],[154.1,-64.79],[155.04,-64.91],[155.93,-65.02],[157.19,-65.16],[158.13,-65.36],[159.03,-65.6],[159.93,-65.8],[161.23,-66.09],[162.1,-66.36],[162.83,-66.65],[163.08,-66.81],[162.72,-67.31],[161.47,-67.48],[160.76,-67.44],[160.76,-67.44],[160.18,-67.41],[160.18,-67.41],[160.58,-67.7],[160.93,-67.96],[161.62,-68.31],[162.39,-68.41],[163.22,-68.48],[163.25,-68.67],[164.63,-69.15],[166.07,-69.61],[167.12,-69.32],[168.11,-69.35],[168.11,-69.35],[169.52,-69.55],[170.28,-70.01],[171.07,-70.47],[171.69,-70.97],[171.69,-70.97],[170.13,-71.68],[168.44,-72.38],[168.44,-72.38],[167.07,-71.96],[165.76,-71.53],[164.3,-71.01],[162.9,-70.49],[161.18,-69.81],[160.31,-69.03],[159.89,-68.31],[158.74,-68.21],[157.91,-67.74],[157.11,-67.27],[155.55,-66.97],[153.96,-67.01],[152.38,-67.04],[150.93,-66.63],[149.82,-66.18],[148.75,-65.73],[147.65,-65.4],[146.57,-65.06],[145.03,-64.87],[143.52,-64.67],[141.89,-64.54],[140.29,-64.4],[139.13,-64.24],[137.99,-64.07],[135.87,-63.92],[134.37,-63.94],[132.87,-63.94],[131.37,-63.75],[129.89,-63.54],[128.12,-63.52],[126.81,-63.61],[125.49,-63.68],[124.11,-63.81],[122.71,-63.93],[121.08,-64.27],[119.42,-64.6],[117.62,-64.75],[115.81,-64.88],[113.98,-64.99],[112.81,-65.14],[111.63,-65.29],[110,-65.45],[108.34,-65.6],[107.07,-65.59],[105.8,-65.57],[103.7,-65.42],[101.62,-65.25],[101.41,-65.23],[101.41,-65.23],[100.57,-64.5],[99.77,-63.77],[99.01,-63.03],[98.59,-62.21],[98.59,-62.21],[99.14,-62.31],[100.06,-62.45],[101.91,-62.67],[103.28,-62.55],[104.64,-62.42]]]}},{"type":"Feature","properties":{"ma":85,"type":"gpml:TopologicalNetwork","name":"Deforming Network","pid":801,"deforming":true},"geometry":{"type":"Polygon","coordinates":[[[141.93,-60.12],[143.89,-60.04],[144.87,-59.83],[145.85,-59.62],[146.96,-59.41],[148.18,-59.04],[149.72,-58.83],[150.63,-58.71],[151.7,-58.35],[152.51,-58.04],[153.77,-57.6],[154.82,-57.18],[155.67,-56.87],[155.73,-57.03],[156,-57.9],[156.1,-58.15],[156.03,-58.73],[155.97,-59.31],[156.48,-59.93],[157.02,-60.56],[157.64,-60.99],[158.28,-61.42],[159.15,-61.55],[160.63,-62.01],[160.74,-62.05],[161.63,-62.36],[162.53,-62.65],[162.53,-62.69],[162.17,-63.21],[161.9,-63.41],[160.84,-63.99],[159.87,-64.48],[158.92,-64.95],[158.06,-65.35],[158.06,-65.35],[157.19,-65.16],[155.93,-65.02],[155.04,-64.91],[154.1,-64.79],[153.32,-64.66],[152.68,-64.46],[151.34,-64.18],[150.02,-63.88],[149.2,-63.68],[148.18,-63.46],[147.17,-63.23],[146.33,-63.02],[144.76,-62.76],[144.57,-62.66],[144.11,-62.53],[143.48,-62.38],[142.91,-62.22],[142.28,-62.04],[141.48,-61.83],[140.61,-61.62],[140.07,-61.46],[139.26,-61.26],[138.31,-61.03],[137.45,-60.81],[136.7,-60.54],[135.83,-60.29],[134.47,-60.12],[133.12,-59.93],[132.8,-59.94],[131.54,-59.96],[130.65,-60],[129.98,-60.04],[128.15,-60.12],[126.85,-60.05],[125.5,-59.89],[124.68,-59.88],[123.91,-59.86],[122.59,-59.92],[122.33,-59.93],[120.75,-60.02],[120.62,-60.04],[119.19,-60.18],[118.98,-60.23],[117.83,-60.52],[117.72,-60.54],[116.75,-60.73],[116.19,-60.83],[115.64,-60.89],[114.6,-60.99],[114.23,-61.03],[113,-61.13],[112.74,-61.15],[111.39,-61.23],[111.22,-61.26],[109.88,-61.47],[109.8,-61.48],[108.57,-61.63],[108.19,-61.67],[107.22,-61.79],[106.56,-61.86],[105.62,-61.87],[104.91,-61.87],[103.85,-61.82],[102.22,-61.72],[100.61,-61.6],[98.96,-61.39],[98.96,-61.39],[98.4,-60.62],[97.86,-59.86],[97.36,-59.09],[97.36,-59.09],[97.53,-59.11],[99.13,-58.78],[100.13,-58.85],[101.14,-58.91],[102.9,-58.68],[104.6,-58.46],[105.92,-58.31],[107.59,-58.29],[108.71,-58.22],[109.83,-58.14],[111.4,-57.96],[113.14,-57.77],[114.68,-57.78],[115.73,-57.56],[116.77,-57.33],[117.87,-57.18],[118.97,-57.03],[120.15,-56.82],[121.31,-56.59],[122.42,-56.31],[123.52,-56.03],[125.05,-55.81],[125.73,-55.64],[127.3,-55.9],[128.89,-56.13],[129.66,-56.4],[130.44,-56.66],[131.5,-56.97],[132.57,-57.27],[133.41,-57.52],[134.25,-57.75],[135.61,-58.19],[136.83,-58.61],[137.77,-58.99],[138.91,-59.38],[140.18,-59.73],[141.25,-59.92],[141.72,-60.11],[141.93,-60.12]]]}},{"type":"Feature","properties":{"ma":85,"type":"gpml:TopologicalNetwork","name":"LHR_Topo","pid":833,"deforming":true},"geometry":{"type":"MultiPolygon","coordinates":[[[[180,-58.25],[180,-59.2],[180,-60.14],[180,-61.09],[180,-62.04],[180,-62.98],[180,-63.93],[180,-64.88],[178.84,-65.23],[177.64,-65.57],[176.35,-66.11],[175,-66.64],[173.91,-67.27],[172.76,-67.89],[172.76,-67.89],[171.91,-67.71],[170.79,-67.54],[169.46,-67.36],[168.22,-67.3],[166.49,-67.88],[165.38,-67.52],[164.32,-67.15],[164.43,-66.57],[164.54,-65.99],[164.61,-65.85],[164.86,-65.48],[164.86,-65.48],[164.62,-65.32],[163.92,-65.04],[163.1,-64.77],[163.18,-63.95],[163.25,-63.13],[163.32,-62.32],[161.87,-61.59],[161.77,-61.54],[161.02,-60.85],[160.08,-60.71],[159.05,-60.45],[158.04,-60.18],[157.53,-59.57],[157.03,-58.96],[156.98,-58.92],[156.1,-58.15],[156,-57.9],[155.73,-57.03],[155.68,-56.87],[155.41,-56.34],[155.16,-55.8],[155.1,-55.57],[155.15,-54.67],[155.2,-53.76],[155.29,-53.14],[155.38,-52.51],[155.38,-52.49],[155.4,-51.83],[155.42,-51.18],[155.34,-50.95],[155.16,-50.38],[155,-49.82],[154.98,-49.5],[154.95,-48.6],[154.87,-48.28],[154.66,-47.78],[154.46,-47.28],[154.14,-46.96],[153.97,-46.2],[153.81,-45.44],[153.65,-44.68],[153.49,-43.92],[153.15,-43.25],[152.67,-43.01],[152.54,-42.22],[152.33,-41.72],[152.12,-41.22],[151.79,-40.62],[151.49,-40.17],[151.2,-39.72],[151.19,-39.85],[150.93,-39.29],[150.76,-38.67],[151.05,-38.11],[151.34,-37.55],[150.98,-36.73],[150.98,-36.73],[151.78,-36.11],[152.57,-35.5],[152.64,-35.54],[152.97,-35.7],[153.25,-35.87],[153.91,-36.35],[154.46,-37],[154.72,-37.86],[154.44,-38.33],[154.13,-38.83],[153.82,-39.33],[154.44,-39.89],[154.38,-40.68],[154.74,-41.05],[155.6,-41.49],[156.81,-41.51],[158.02,-41.51],[159.22,-41.5],[160.04,-42.12],[160.41,-42.63],[160.78,-43.13],[161.29,-43.48],[161.8,-43.83],[162.58,-44.4],[163.52,-44.86],[164.51,-45.34],[165.32,-45.62],[165.88,-46.01],[165.96,-46.3],[166.07,-46.5],[166.1,-46.8],[166.26,-47.44],[166.27,-48.36],[166.45,-49.1],[166.77,-49.91],[166.95,-50.33],[166.4,-50.98],[166.53,-51.24],[166.82,-51.94],[167.63,-52.5],[167.78,-52.91],[167.81,-53.69],[167.96,-54.29],[168.24,-54.68],[168.59,-54.99],[170.02,-55.49],[170.84,-55.73],[171.74,-55.89],[172.93,-56.16],[173.1,-56.26],[173.02,-56.6],[174.33,-56.51],[176.1,-56.57],[177.39,-56.65],[178.6,-56.79],[179.71,-57.14],[180,-57.3],[180,-58.25]]],[[[-180,-63.93],[-180,-62.98],[-180,-62.04],[-180,-61.09],[-180,-60.14],[-180,-59.2],[-180,-58.25],[-180,-57.3],[-179.64,-57.5],[-178.88,-57.83],[-178.1,-58.15],[-176.53,-58.47],[-175.52,-58.58],[-174.51,-58.68],[-173.22,-58.99],[-173.22,-58.99],[-173.29,-59.87],[-173.35,-60.75],[-173.42,-61.63],[-173.5,-62.52],[-174.52,-63.08],[-175.85,-63.55],[-177.23,-64.01],[-178.65,-64.45],[-180,-64.88],[-180,-63.93]]]]}},{"type":"Feature","properties":{"ma":85,"type":"gpml:TopologicalNetwork","name":"Aus_Mesh","pid":801,"deforming":true},"geometry":{"type":"Polygon","coordinates":[[[150.15,-37.27],[150.45,-37.12],[150.98,-36.73],[150.98,-36.73],[151.34,-37.55],[151.05,-38.11],[150.76,-38.67],[150.93,-39.29],[151.19,-39.85],[151.79,-40.62],[152.12,-41.22],[152.33,-41.72],[152.54,-42.23],[152.67,-43],[153.15,-43.22],[153.54,-43.95],[153.69,-44.7],[153.83,-45.46],[153.98,-46.21],[154.14,-46.96],[154.46,-47.28],[154.66,-47.78],[154.87,-48.28],[154.95,-48.6],[154.98,-49.5],[155,-49.81],[155.17,-50.38],[155.34,-50.94],[155.42,-51.18],[155.4,-51.83],[155.38,-52.48],[155.38,-52.51],[155.29,-53.13],[155.2,-53.76],[155.15,-54.67],[155.1,-55.57],[155.16,-55.8],[155.41,-56.34],[155.67,-56.87],[154.82,-57.18],[154.11,-57.46],[154.11,-57.46],[153.75,-57.1],[153.31,-56.52],[153.15,-55.9],[152.98,-55.26],[153.36,-54.47],[153.41,-54.05],[153.42,-53.75],[153.54,-52.8],[153.77,-52.14],[153.99,-51.29],[153.64,-50.48],[153.5,-49.82],[153.67,-49.27],[153.84,-48.72],[153.79,-48.15],[153.34,-47.67],[153.12,-47.01],[152.63,-46.48],[152.47,-45.55],[151.91,-44.67],[151.55,-43.97],[151.98,-43.22],[151.84,-42.57],[151.63,-41.72],[151.26,-41.29],[150.43,-40.78],[149.6,-40.21],[149.08,-39.59],[148.47,-38.87],[147.94,-38.31],[147.94,-38.31],[148.68,-37.97],[149.42,-37.62],[150.15,-37.27],[150.15,-37.27]]]}},{"type":"Feature","properties":{"ma":85,"type":"gpml:TopologicalClosedPlateBoundary","name":"LHR Plate Ocean Crust during early AUS-LHR opening","pid":833,"deforming":false},"geometry":{"type":"Polygon","coordinates":[[[163.32,-62.32],[163.4,-63.08],[163.48,-63.84],[163.56,-64.6],[163.17,-64.79],[163.17,-64.79],[163.92,-65.04],[164.62,-65.32],[164.86,-65.48],[164.86,-65.48],[164.61,-65.85],[164.54,-65.99],[164.43,-66.57],[164.32,-67.15],[165.38,-67.52],[166.49,-67.88],[168.22,-67.3],[169.46,-67.36],[170.79,-67.54],[171.91,-67.71],[172.76,-67.89],[172.76,-67.89],[172.76,-67.89],[171.9,-68.81],[171.89,-68.82],[171.89,-68.82],[170.17,-68.54],[168.81,-68.36],[167.45,-68.27],[166.74,-68.2],[166.25,-68.15],[165.95,-68.63],[164.87,-68.25],[163.82,-67.86],[163.73,-67.25],[163.64,-66.64],[163.99,-66.14],[163.74,-65.98],[163.02,-65.7],[162.18,-65.43],[162.41,-64.67],[162.62,-63.92],[162.82,-63.17],[163.01,-62.42],[162.19,-62.08],[161.4,-61.74],[161.29,-61.7],[159.75,-61.21],[159.17,-61.05],[158.35,-60.7],[157.54,-60.35],[157.53,-60.35],[157.06,-59.72],[156.62,-59.09],[156.56,-59.06],[156.1,-58.15],[156,-57.9],[155.73,-57.03],[155.67,-56.87],[155.41,-56.34],[155.16,-55.8],[155.17,-55.12],[155.19,-54.44],[155.2,-53.76],[155.29,-53.13],[155.38,-52.51],[155.38,-52.48],[155.4,-51.83],[155.42,-51.18],[155.42,-51.18],[155.4,-51.83],[155.38,-52.49],[155.38,-52.51],[155.29,-53.14],[155.2,-53.76],[155.15,-54.67],[155.1,-55.57],[155.16,-55.8],[155.41,-56.34],[155.68,-56.87],[155.73,-57.03],[156,-57.9],[156.1,-58.15],[156.98,-58.92],[157.03,-58.96],[157.53,-59.57],[158.04,-60.18],[159.05,-60.45],[160.08,-60.71],[161.02,-60.85],[161.77,-61.54],[161.87,-61.59],[163.32,-62.32]]]}},{"type":"Feature","properties":{"ma":85,"type":"gpml:TopologicalClosedPlateBoundary","name":"Australian Plate Ocean Crust during early AUS-LHR opening","pid":801,"deforming":false},"geometry":{"type":"Polygon","coordinates":[[[155.38,-52.48],[155.38,-52.51],[155.29,-53.13],[155.2,-53.76],[155.19,-54.44],[155.17,-55.12],[155.16,-55.8],[155.41,-56.34],[155.67,-56.87],[155.73,-57.03],[156,-57.9],[156.1,-58.15],[156.56,-59.06],[156.62,-59.09],[157.06,-59.72],[157.53,-60.35],[157.54,-60.35],[158.35,-60.7],[159.17,-61.05],[159.75,-61.21],[161.29,-61.7],[161.4,-61.74],[162.19,-62.08],[163.01,-62.42],[162.82,-63.17],[162.62,-63.92],[162.41,-64.67],[162.18,-65.43],[163.02,-65.7],[163.74,-65.98],[163.99,-66.14],[163.64,-66.64],[163.73,-67.25],[163.82,-67.86],[164.87,-68.25],[165.95,-68.63],[166.25,-68.15],[166.74,-68.2],[167.45,-68.27],[168.81,-68.36],[170.17,-68.54],[172.27,-68.88],[174.06,-69.24],[174.33,-69.3],[174.33,-69.3],[174.11,-69.72],[172.94,-70.35],[171.69,-70.97],[171.69,-70.97],[171.07,-70.47],[170.28,-70.01],[169.52,-69.55],[168.11,-69.35],[168.11,-69.35],[167.12,-69.32],[166.07,-69.61],[164.63,-69.15],[163.25,-68.67],[163.22,-68.48],[162.39,-68.41],[161.62,-68.31],[160.93,-67.96],[160.58,-67.7],[160.18,-67.41],[160.18,-67.41],[160.76,-67.44],[160.76,-67.44],[161.47,-67.48],[162.72,-67.31],[163.08,-66.81],[162.83,-66.65],[162.1,-66.36],[161.23,-66.09],[159.93,-65.8],[159.03,-65.6],[158.13,-65.36],[158.06,-65.35],[158.06,-65.35],[158.92,-64.95],[159.87,-64.48],[160.84,-63.99],[161.9,-63.41],[162.17,-63.21],[162.53,-62.69],[162.53,-62.65],[161.63,-62.36],[160.74,-62.05],[160.63,-62.01],[159.15,-61.55],[158.28,-61.42],[157.64,-60.99],[157.02,-60.56],[156.5,-59.96],[156,-59.35],[155.97,-59.31],[156.03,-58.73],[156.1,-58.15],[156,-57.9],[155.73,-57.03],[155.67,-56.87],[155.41,-56.34],[155.16,-55.8],[155.1,-55.57],[155.15,-54.67],[155.2,-53.76],[155.29,-53.13],[155.38,-52.51],[155.38,-52.48],[155.4,-51.83],[155.42,-51.18],[155.4,-51.83],[155.38,-52.48]]]}},{"type":"Feature","properties":{"ma":85,"type":"gpml:TopologicalNetwork","name":"Static_Network","pid":0,"deforming":true},"geometry":{"type":"Polygon","coordinates":[[[140.06,-30.29],[140.56,-30.42],[141.08,-30.74],[141.61,-31.05],[142.3,-31.38],[143,-31.71],[143.79,-32.2],[144.58,-32.69],[145.26,-33.23],[145.94,-33.76],[146.63,-34.29],[147.43,-34.65],[148.24,-35],[149.05,-35.34],[149.69,-35.61],[150.34,-35.87],[150.86,-36.08],[151.11,-36.26],[151.4,-36.41],[151.4,-36.41],[150.92,-36.77],[150.45,-37.12],[149.61,-37.53],[148.77,-37.93],[147.92,-38.32],[147.92,-38.32],[147.74,-37.56],[147.74,-37.56],[147.59,-37.29],[146.95,-36.92],[146.31,-36.55],[145.49,-36.53],[144.67,-36.49],[143.76,-36.41],[142.85,-36.33],[141.94,-36.23],[140.89,-36.05],[139.84,-35.86],[138.99,-35.96],[138.13,-36.06],[137.28,-36.15],[136.75,-35.75],[136.06,-35.22],[136.06,-35.22],[136.21,-34.92],[136.61,-34.49],[137.01,-34.05],[137.83,-34.15],[137.83,-34.15],[138.31,-33.28],[138.78,-32.4],[139.04,-31.93],[139.6,-31.17],[140.06,-30.29]]]}},{"type":"Feature","properties":{"ma":85,"type":"gpml:TopologicalNetwork","name":"India_Madagascar Mesh","pid":501,"deforming":true},"geometry":{"type":"Polygon","coordinates":[[[39.32,-37.15],[39.17,-37.25],[39.07,-37.48],[38.93,-38.11],[38.47,-38.28],[38.47,-38.71],[38.21,-39.35],[38.09,-39.8],[37.77,-40.37],[37.7,-41.02],[37.28,-41.48],[37.29,-41.96],[37.14,-42.32],[36.99,-42.88],[37.01,-43.33],[37.01,-43.33],[36.99,-43.34],[36.64,-43.59],[36.55,-43.99],[36.47,-44.32],[36.19,-44.57],[36.29,-45.33],[36.17,-45.83],[35.88,-46.46],[35.43,-46.65],[34.69,-46.63],[34.69,-46.63],[35.13,-45.88],[35.55,-45.12],[35.97,-44.36],[36.13,-43.71],[36.29,-43.05],[36.44,-42.39],[36.71,-41.64],[36.98,-40.9],[37.24,-40.16],[37.41,-39.48],[37.57,-38.81],[37.73,-38.13],[37.93,-37.47],[38.13,-36.8],[38.33,-36.14],[38.45,-35.29],[38.57,-34.44],[38.69,-33.59],[38.81,-32.81],[38.93,-32.04],[39.05,-31.26],[39.13,-30.42],[39.21,-29.59],[39.29,-28.76],[39.29,-28.76],[39.3,-28.76],[39.89,-28.81],[40.49,-28.86],[40.92,-28.89],[40.92,-28.89],[40.84,-29.51],[40.92,-30.21],[41,-30.91],[41.02,-31.59],[41.03,-32.27],[41.05,-32.95],[41.12,-33.67],[41.19,-34.39],[41.26,-35.11],[41.27,-35.89],[41.28,-36.67],[41.29,-37.45],[41.21,-38.36],[41.12,-39.27],[41.02,-40.18],[40.9,-40.87],[40.77,-41.55],[40.64,-42.23],[40.51,-43.04],[40.38,-43.85],[40.24,-44.65],[40.1,-45.46],[39.97,-46.36],[39.83,-47.26],[39.69,-48.16],[39.66,-48.78],[39.66,-48.78],[39.08,-48.86],[39.08,-48.86],[39.02,-48.83],[38.67,-47.99],[38.83,-47.04],[38.79,-46.92],[38.79,-46.92],[38.91,-46.79],[38.74,-45.97],[39.08,-45.6],[39.62,-45.13],[39.48,-44.36],[39.38,-43.76],[39.27,-43.15],[39.34,-42.41],[39.61,-42.01],[39.68,-41.9],[39.33,-41.65],[39.34,-41.51],[39.58,-40.62],[39.85,-39.81],[40.28,-39.13],[40.37,-38.46],[40.26,-38.11],[40.14,-37.61],[40.08,-37.44],[39.32,-37.15]]]}},{"type":"Feature","properties":{"ma":85,"type":"gpml:TopologicalClosedPlateBoundary","name":"Antarctica","pid":802,"deforming":false},"geometry":{"type":"Polygon","coordinates":[[[180,-82.41],[180,-83.36],[180,-84.31],[180,-85.26],[180,-86.2],[180,-87.15],[180,-88.1],[180,-89.05],[180,-90],[-180,-90],[-180,-89.05],[-180,-88.1],[-180,-87.15],[-180,-86.2],[-180,-85.26],[-180,-84.31],[-180,-83.36],[-180,-82.41],[-180,-81.46],[-175.77,-81.63],[-171.39,-81.76],[-164.51,-81.86],[-157.55,-81.85],[-157.55,-81.85],[-157.1,-81.79],[-155.34,-81.46],[-154.29,-81.26],[-154.29,-81.26],[-148.3,-81.28],[-144.63,-81.19],[-141.04,-81.07],[-138.11,-80.87],[-135.3,-80.64],[-132.04,-80.21],[-129.05,-79.75],[-125.57,-79.17],[-123.52,-78.7],[-121.63,-78.22],[-119.77,-77.71],[-118.06,-77.18],[-116.08,-76.68],[-114.25,-76.16],[-112.2,-75.3],[-111.2,-74.84],[-110.26,-74.39],[-109.1,-73.45],[-108.4,-72.7],[-108.33,-72.59],[-108.33,-72.59],[-108.62,-72.03],[-110.73,-71.46],[-112.71,-70.87],[-114.59,-70.27],[-116.35,-69.64],[-118.01,-69],[-118.33,-68.9],[-120.35,-69.02],[-122.62,-68.92],[-124.87,-68.79],[-126.66,-68.85],[-128.47,-68.89],[-130.13,-68.98],[-131.79,-68.89],[-133.43,-68.79],[-133.95,-68.1],[-134.44,-67.41],[-134.9,-66.71],[-136.62,-66.53],[-138.31,-66.34],[-139.98,-66.12],[-141.93,-65.93],[-143.85,-65.72],[-145.74,-65.49],[-147.59,-65.23],[-149.58,-64.92],[-151.52,-64.58],[-153.1,-64.27],[-154.64,-63.95],[-155.97,-63.88],[-157.3,-63.8],[-158.29,-64.11],[-159.31,-64.41],[-160.91,-64.39],[-162.5,-64.36],[-163.62,-64.42],[-164.53,-64.47],[-165.35,-64.5],[-165.92,-64.52],[-167.18,-64.56],[-168.45,-64.59],[-170.34,-64.65],[-172.35,-64.69],[-172.81,-64.7],[-172.81,-64.7],[-172.38,-64.51],[-170.6,-64.25],[-168.87,-63.96],[-167.1,-63.4],[-165.4,-62.82],[-164.33,-62.6],[-163.27,-62.36],[-163.27,-62.36],[-161.74,-62.51],[-160.19,-62.64],[-158.63,-62.76],[-156.55,-62.78],[-154.47,-62.78],[-152.62,-62.85],[-150.77,-62.9],[-148.79,-62.94],[-146.79,-62.96],[-146.79,-62.96],[-146.19,-63.11],[-144.23,-63.51],[-142.21,-63.9],[-140.14,-64.25],[-138.02,-64.57],[-135.85,-64.87],[-133.64,-65.13],[-131.8,-65.5],[-129.92,-65.86],[-127.94,-66.41],[-125.88,-66.94],[-123.73,-67.44],[-121.49,-67.91],[-119.16,-68.35],[-116.74,-68.75],[-114.24,-69.12],[-111.65,-69.45],[-108.99,-69.74],[-108.99,-69.74],[-106.63,-69.49],[-104.63,-69.43],[-101.89,-69.35],[-100.44,-68.97],[-98.36,-68.39],[-97.27,-68],[-96.21,-67.59],[-94.91,-67.35],[-93.64,-67.09],[-91.83,-66.6],[-90.89,-66.25],[-89.98,-65.89],[-88.83,-65.41],[-87.73,-64.92],[-86.03,-64.61],[-84.06,-64.43],[-82.32,-63.96],[-80.74,-63.72],[-79.18,-63.47],[-77.95,-63.11],[-76.74,-62.75],[-75.32,-63.1],[-73.6,-63.48],[-71.56,-63.32],[-70.06,-63.12],[-68.58,-62.91],[-68.58,-62.91],[-68.55,-62.93],[-68.33,-63.07],[-68.06,-63.23],[-67.9,-63.33],[-67.74,-63.45],[-67.32,-63.67],[-66.84,-63.85],[-66.21,-64.09],[-65.75,-64.26],[-65.56,-64.33],[-65.56,-64.33],[-66.41,-64.6],[-67.44,-65.03],[-68.51,-65.46],[-69.43,-65.82],[-70.37,-66.17],[-70.37,-66.17],[-69.04,-66.81],[-67.65,-67.43],[-66.57,-67.99],[-66.22,-68.22],[-65.67,-68.44],[-64.96,-68.67],[-64.42,-69.04],[-63.42,-69.25],[-61.71,-69.49],[-61.05,-69.61],[-60.16,-69.68],[-59.27,-69.75],[-58.08,-69.9],[-56.72,-70.04],[-55.95,-70.09],[-55.34,-70.15],[-54.41,-70.16],[-53.59,-70.16],[-52.91,-70.16],[-51.98,-70.16],[-49.87,-70.12],[-48.23,-70.06],[-46.28,-70],[-44.66,-69.93],[-42.89,-69.83],[-42.34,-69.8],[-40.97,-69.76],[-40.02,-69.71],[-38.32,-69.6],[-37.11,-69.49],[-35.91,-69.37],[-34.89,-69.28],[-33.97,-69.16],[-33.4,-69.04],[-32.66,-68.94],[-30.85,-68.79],[-29.05,-68.51],[-26.97,-68.21],[-24.95,-67.89],[-22.86,-67.55],[-20.83,-67.2],[-18.87,-66.81],[-16.96,-66.41],[-15.12,-65.98],[-13.34,-65.53],[-11.83,-65.19],[-10.35,-64.83],[-8.92,-64.46],[-7.3,-64.09],[-5.74,-63.7],[-3.85,-63.22],[-2.68,-62.9],[-2.68,-62.9],[-1.6,-63.57],[-0.47,-64.22],[-1.03,-64.43],[-0.17,-64.89],[0.71,-65.36],[2.46,-64.75],[3.64,-65.26],[4.88,-65.76],[5.41,-65.57],[6.07,-65.78],[6.95,-65.42],[7.8,-65.05],[8.47,-65.24],[8.93,-65.05],[9.51,-65.25],[10.27,-64.92],[10.81,-65.08],[12.16,-64.33],[13.43,-63.58],[14.64,-62.81],[15.79,-62.04],[16.88,-61.25],[17.92,-60.46],[18.91,-59.66],[19.85,-58.85],[20.75,-58.04],[21.6,-57.22],[22.2,-57.33],[22.5,-57],[23.63,-57.15],[24.76,-57.29],[25.29,-56.64],[25.79,-55.98],[26.28,-55.33],[27.82,-55.63],[29.39,-55.92],[29.97,-55.18],[30.53,-54.43],[32,-54.49],[33.47,-54.53],[34.95,-54.55],[34.95,-54.55],[34.13,-55.33],[33.29,-56.11],[32.4,-56.88],[32.4,-56.88],[33.81,-57.25],[35.23,-57.6],[36.69,-57.94],[38.06,-58.44],[39.48,-58.93],[40.93,-59.4],[42.43,-59.86],[43.96,-60.3],[44.93,-59.49],[45.86,-58.69],[46.74,-57.87],[47.58,-57.05],[48.39,-56.22],[49.16,-55.39],[49.9,-54.56],[50.61,-53.72],[51.3,-52.87],[52.54,-53.12],[53.79,-53.36],[55.06,-53.58],[55.6,-52.84],[56.11,-52.1],[56.6,-51.35],[57.09,-50.6],[57.55,-49.85],[58.78,-50.09],[60.02,-50.31],[61.27,-50.52],[62.53,-50.71],[63.81,-50.89],[64.06,-50.18],[64.31,-49.47],[64.55,-48.76],[65.84,-48.89],[67.14,-49.01],[68.45,-49.11],[69.67,-49.19],[70.89,-49.25],[72.12,-49.3],[72.12,-49.3],[72.12,-49.87],[72.12,-50.44],[72.87,-51.12],[73.64,-51.8],[74.43,-52.47],[75.47,-53.09],[76.54,-53.69],[77.63,-54.29],[78.43,-55.02],[79.26,-55.75],[80.12,-56.47],[81.08,-57.21],[82.08,-57.94],[83.13,-58.66],[84.07,-58.9],[85.02,-59.14],[86.43,-59.52],[87.58,-59.69],[88.74,-59.85],[89.9,-59.79],[91.06,-59.72],[92.45,-59.95],[93.6,-60.37],[94.54,-60.92],[95.51,-61.46],[96.97,-61.71],[98.45,-61.94],[98.45,-61.94],[98.73,-62.49],[99.01,-63.03],[99.77,-63.77],[100.56,-64.5],[101.4,-65.22],[101.4,-65.22],[103.56,-65.41],[105.76,-65.56],[107.05,-65.59],[108.34,-65.6],[109.99,-65.45],[111.61,-65.28],[112.79,-65.14],[113.96,-64.99],[115.8,-64.88],[117.63,-64.75],[119.44,-64.6],[121.07,-64.27],[122.66,-63.92],[124.09,-63.81],[125.51,-63.67],[126.82,-63.6],[128.12,-63.52],[129.89,-63.54],[131.37,-63.75],[132.87,-63.95],[134.33,-63.94],[135.8,-63.92],[137.99,-64.07],[139.13,-64.24],[140.29,-64.4],[141.89,-64.54],[143.52,-64.67],[145.03,-64.87],[146.57,-65.06],[147.65,-65.4],[148.75,-65.73],[149.82,-66.18],[150.93,-66.63],[152.38,-67.04],[153.96,-67.01],[155.55,-66.97],[157.11,-67.27],[157.91,-67.74],[158.74,-68.21],[159.89,-68.31],[160.11,-68.69],[160.11,-68.69],[159.04,-69.28],[157.92,-69.86],[157.12,-70.46],[156.26,-71.05],[155.56,-71.72],[154.8,-72.38],[155.26,-73.07],[155.76,-73.76],[155.74,-73.62],[155.88,-73.74],[155.9,-73.98],[156.06,-74.34],[156.03,-74.76],[155.61,-75.01],[155.32,-75.36],[155.28,-75.48],[155.24,-75.6],[155.2,-75.71],[155.11,-75.73],[155.11,-75.73],[155.24,-76.39],[155.38,-77.04],[156.84,-77.78],[158.48,-78.51],[160.79,-79.1],[163.35,-79.66],[165.29,-80.02],[167.38,-80.38],[168.27,-80.45],[168.27,-80.45],[172.96,-80.94],[178.16,-81.37],[180,-81.46],[180,-82.41]]]}},{"type":"Feature","properties":{"ma":85,"type":"gpml:TopologicalClosedPlateBoundary","name":"Australia AUS_087_084","pid":801,"deforming":false},"geometry":{"type":"Polygon","coordinates":[[[73.13,-49.34],[73.29,-48.64],[73.5,-47.7],[73.71,-46.75],[73.9,-45.81],[75.08,-45.91],[76.26,-46],[77.44,-46.07],[78.62,-46.14],[78.74,-45.22],[78.85,-44.3],[78.95,-43.38],[79.06,-42.46],[79.16,-41.55],[79.25,-40.63],[79.35,-39.71],[79.44,-38.79],[79.53,-37.87],[79.62,-36.95],[79.7,-36.03],[79.79,-35.11],[80.89,-35.16],[82,-35.2],[83.1,-35.23],[83.24,-34.37],[84.22,-34.35],[85.2,-34.33],[86.18,-34.3],[86.26,-33.48],[86.34,-32.67],[86.42,-31.85],[86.5,-31.04],[86.58,-30.23],[87.6,-30.18],[88.63,-30.13],[89.66,-30.07],[90.68,-30],[90.69,-29.06],[90.71,-28.13],[90.72,-27.2],[90.73,-26.27],[90.75,-25.34],[90.76,-24.41],[90.96,-23.89],[91.17,-23.37],[91.17,-23.37],[92.16,-23.21],[93.14,-23.05],[94.13,-22.89],[95.11,-22.71],[96.09,-22.53],[97.06,-22.35],[97.93,-22.52],[98.8,-22.68],[99.68,-22.83],[100.41,-22.96],[101.14,-23.07],[101.87,-23.19],[102.31,-22.39],[102.74,-21.6],[103.17,-20.81],[103.59,-20.01],[104.16,-20.22],[104.66,-19.6],[105.16,-18.98],[105.66,-18.35],[106.57,-18.03],[107.49,-17.7],[108.4,-17.37],[109.3,-17.03],[110.21,-16.69],[111.11,-16.34],[112,-15.99],[112.9,-15.64],[113.79,-15.29],[114.68,-14.93],[115.56,-14.56],[116.39,-14.37],[116.39,-14.37],[116.51,-13.49],[116.63,-12.61],[116.8,-11.64],[116.97,-10.67],[117.14,-9.7],[117.31,-8.73],[117.48,-7.76],[117.64,-6.79],[117.81,-5.82],[117.83,-5.51],[117.83,-5.51],[118.34,-5.6],[118.86,-5.68],[119.62,-5.9],[120.39,-6.11],[121.15,-6.32],[121.92,-6.54],[122.85,-6.75],[123.77,-6.95],[124.69,-7.16],[124.56,-7.9],[124.43,-8.63],[125.34,-8.84],[126.25,-9.04],[127.17,-9.24],[128.08,-9.44],[129,-9.64],[129.2,-8.92],[129.4,-8.2],[130.14,-8.37],[130.88,-8.54],[131,-8.06],[131.85,-8.3],[132.69,-8.55],[133.54,-8.79],[134.38,-9.03],[134.5,-8.72],[135.34,-8.95],[136.19,-9.18],[136.08,-9.72],[136.89,-9.98],[137.71,-10.23],[138.54,-10.49],[139.36,-10.74],[139.31,-11.28],[139.26,-11.82],[139.98,-12.07],[140.7,-12.32],[141.43,-12.57],[142.32,-12.74],[143.21,-12.91],[144.11,-13.09],[145,-13.25],[145.9,-13.42],[145.9,-13.42],[145.76,-14.29],[145.61,-15.16],[145.46,-16.04],[145.31,-16.91],[145.16,-17.78],[144.92,-18.6],[144.67,-19.42],[144.67,-19.42],[144.15,-19.96],[143.75,-20.5],[143.35,-21.04],[143.08,-21.54],[142.8,-22.03],[142.61,-22.94],[142.48,-23.84],[142.28,-24.82],[142.09,-25.8],[141.79,-26.47],[141.48,-27.13],[141.17,-27.8],[140.87,-28.52],[140.57,-29.25],[140.26,-29.97],[140.14,-30.31],[140.14,-30.31],[140.56,-30.42],[141.08,-30.74],[141.61,-31.05],[142.3,-31.38],[143,-31.71],[143.79,-32.2],[144.58,-32.69],[145.26,-33.23],[145.94,-33.76],[146.63,-34.29],[147.43,-34.65],[148.24,-35],[149.05,-35.34],[149.69,-35.61],[150.34,-35.87],[150.86,-36.08],[151.11,-36.26],[151.4,-36.41],[151.4,-36.41],[150.92,-36.77],[150.45,-37.12],[149.62,-37.53],[148.78,-37.92],[147.94,-38.31],[147.94,-38.31],[148.47,-38.87],[149.08,-39.59],[149.6,-40.21],[150.43,-40.78],[151.26,-41.29],[151.63,-41.72],[151.84,-42.57],[151.98,-43.22],[151.55,-43.97],[151.91,-44.67],[152.47,-45.55],[152.63,-46.48],[153.12,-47.01],[153.34,-47.67],[153.79,-48.15],[153.84,-48.72],[153.67,-49.27],[153.5,-49.82],[153.64,-50.48],[153.99,-51.29],[153.77,-52.14],[153.54,-52.8],[153.42,-53.75],[153.41,-54.05],[153.36,-54.47],[152.98,-55.26],[153.15,-55.9],[153.31,-56.52],[153.75,-57.1],[154.11,-57.46],[154.11,-57.46],[153.77,-57.6],[152.51,-58.04],[151.7,-58.35],[150.63,-58.71],[149.72,-58.83],[148.18,-59.04],[146.96,-59.41],[145.85,-59.62],[144.87,-59.83],[143.89,-60.04],[141.93,-60.12],[141.93,-60.12],[141.72,-60.11],[141.25,-59.92],[140.18,-59.73],[138.91,-59.38],[137.77,-58.99],[136.83,-58.61],[135.61,-58.19],[134.25,-57.75],[133.41,-57.52],[132.57,-57.27],[131.5,-56.97],[130.44,-56.66],[129.66,-56.4],[128.89,-56.13],[127.3,-55.9],[125.73,-55.64],[125.05,-55.81],[123.52,-56.03],[122.42,-56.31],[121.31,-56.59],[120.15,-56.82],[118.97,-57.03],[117.87,-57.18],[116.77,-57.33],[115.73,-57.56],[114.68,-57.78],[113.14,-57.77],[111.4,-57.96],[109.83,-58.14],[108.71,-58.22],[107.59,-58.29],[105.92,-58.31],[104.6,-58.46],[102.9,-58.68],[101.14,-58.91],[100.13,-58.85],[99.13,-58.78],[97.53,-59.11],[97.36,-59.09],[97.36,-59.09],[97.96,-60],[98.6,-60.91],[99.28,-61.81],[99.43,-61.91],[99.43,-61.91],[98.54,-61.77],[98.36,-61.74],[98.36,-61.74],[98.41,-61.85],[98.45,-61.94],[98.45,-61.94],[96.97,-61.71],[95.51,-61.46],[94.54,-60.92],[93.6,-60.37],[92.45,-59.95],[91.06,-59.72],[89.9,-59.79],[88.74,-59.85],[87.58,-59.69],[86.43,-59.52],[85.02,-59.14],[84.07,-58.9],[83.13,-58.66],[82.08,-57.94],[81.08,-57.21],[80.12,-56.47],[79.26,-55.75],[78.43,-55.02],[77.63,-54.29],[76.54,-53.69],[75.47,-53.09],[74.43,-52.47],[73.64,-51.8],[72.87,-51.12],[72.12,-50.44],[72.12,-49.87],[72.12,-49.3],[72.12,-49.3],[73.13,-49.34]]]}},{"type":"Feature","properties":{"ma":85,"type":"gpml:TopologicalClosedPlateBoundary","name":"Eurasia","pid":301,"deforming":false},"geometry":{"type":"Polygon","coordinates":[[[34.54,27.44],[34.66,27.83],[34.66,27.83],[34.23,27.92],[33.19,28.09],[32.14,28.25],[31.09,28.4],[30.56,28.35],[29.86,28.29],[29.3,28.23],[28.28,28.13],[27.32,28.03],[26.38,27.92],[25.32,27.79],[24.65,27.7],[23.95,27.61],[23.06,27.48],[22.16,27.35],[21.14,27.22],[20.35,27.11],[19.61,27.01],[19.01,27.07],[18.4,27.14],[17.66,27.21],[17.02,27.27],[16.15,27.46],[15.49,27.6],[14.63,27.79],[14.63,27.79],[13.85,27.57],[13.08,27.35],[12.71,27.26],[12.71,27.26],[12.1,27.91],[11.48,28.56],[10.8,29.36],[10.11,30.15],[9.83,30.72],[9.56,31.28],[9.56,31.28],[8.63,31.4],[8.02,31.52],[7.41,31.64],[6.72,31.81],[6.03,31.99],[5.36,32.26],[4.68,32.53],[4.32,32.79],[4.32,32.79],[3.77,32.26],[3.23,31.73],[2.69,31.19],[1.85,30.54],[1.26,30.2],[0.68,29.85],[-0.1,29.74],[-0.88,29.63],[-1.76,29.55],[-2.66,29.61],[-3.56,29.67],[-4.46,29.71],[-5.06,29.89],[-5.65,30.07],[-5.7,30.08],[-5.7,30.08],[-5.87,30.68],[-6.09,31.02],[-6.35,31.34],[-6.54,31.73],[-6.74,32.06],[-7.21,32.51],[-7.7,32.97],[-8.26,33.22],[-8.51,33.44],[-9.01,33.75],[-9.48,33.91],[-9.84,34.04],[-10.26,34.14],[-10.64,34.22],[-11.04,34.28],[-11.43,34.37],[-11.43,34.37],[-11.94,34.66],[-12.09,34.89],[-12.29,35.04],[-12.66,35.17],[-13.05,35.24],[-13.51,35.41],[-13.95,35.93],[-14.11,36.27],[-14.52,36.51],[-14.84,36.77],[-15.26,36.99],[-15.5,37.14],[-15.73,37.28],[-16.12,37.51],[-16.46,37.65],[-16.75,37.79],[-17.14,37.98],[-17.61,38.27],[-18.07,38.51],[-18.41,38.78],[-18.7,38.94],[-19.05,39.14],[-19.43,39.42],[-19.77,39.66],[-20.32,40.05],[-20.7,40.32],[-20.7,40.32],[-20.95,40.65],[-21.37,41.26],[-21.68,41.8],[-22,42.32],[-22.2,42.89],[-22.26,43.4],[-22.43,43.71],[-22.4,44.06],[-22.59,44.55],[-23.05,45.06],[-23.37,45.73],[-23.73,46.29],[-23.92,47.12],[-23.86,47.64],[-23.72,48.32],[-23.37,48.84],[-22.98,49.52],[-22.66,49.95],[-22.12,50.28],[-21.74,50.9],[-21.44,51.43],[-21.18,52.08],[-20.78,52.51],[-20.59,53.31],[-20.4,53.95],[-20.2,54.35],[-19.87,54.77],[-19.84,55.5],[-19.63,56.08],[-19.12,56.66],[-18.54,57.24],[-18.29,57.88],[-18.14,58.49],[-18.08,59.27],[-18.18,59.95],[-18.19,60.54],[-18.49,60.95],[-18.34,61.4],[-17.91,61.85],[-17.59,62.14],[-17.44,62.52],[-17.28,62.89],[-17.36,63.27],[-18.01,63.74],[-18.01,63.74],[-17.51,63.77],[-16.58,64.1],[-15.63,64.42],[-13.93,64.58],[-12.22,64.72],[-11.06,64.94],[-9.88,65.15],[-8.65,65.46],[-7.86,65.31],[-6.67,65.22],[-5.33,65.17],[-5.02,65.08],[-5.02,65.08],[-4.87,65.29],[-4.22,65.96],[-3.55,66.85],[-2.55,67.64],[-1.48,68.42],[-1.08,68.97],[-0.66,69.53],[1.02,70],[2.77,70.46],[4.1,71.03],[5.51,71.6],[6.29,72.1],[7.12,72.59],[7.95,73.17],[8.83,73.75],[11.17,74.27],[13.14,74.59],[15.19,74.9],[17.1,75.48],[19.17,76.05],[20.7,76.66],[22.38,77.27],[24.85,77.74],[27.51,78.18],[30.62,78.57],[33.94,78.92],[37.04,79.33],[40.37,79.7],[43.94,80.04],[48.94,80.35],[54.22,80.59],[60.16,80.85],[66.38,81.01],[72.72,81.21],[79.26,81.3],[85.86,81.28],[90.39,81.17],[94.78,81.01],[99,80.79],[104.27,80.57],[109.25,80.28],[113.91,79.92],[118.23,79.5],[122.2,79.02],[125.54,78.52],[128.59,77.98],[131.37,77.41],[133.43,76.87],[135.33,76.31],[137.08,75.74],[139.49,74.98],[141.67,74.2],[143.1,73.46],[144.4,72.71],[145.39,72.29],[146.34,71.87],[146.34,71.87],[145.22,71.22],[144.18,70.57],[143.2,69.91],[141.7,69.28],[140.28,68.63],[138.94,67.98],[137.68,67.31],[135.98,66.65],[134.37,65.98],[134.37,65.98],[134.18,65.1],[134,64.22],[133.82,63.41],[133.65,62.6],[133.48,61.78],[133.2,61.04],[132.92,60.29],[132.66,59.54],[132.25,58.84],[131.86,58.13],[131.49,57.43],[131.05,56.6],[130.63,55.76],[130.24,55.04],[129.87,54.31],[129.44,53.51],[129.03,52.71],[128.56,52.02],[128.11,51.32],[127.63,50.47],[127.17,49.62],[126.78,48.92],[126.4,48.23],[126.08,47.66],[125.77,47.09],[125.43,46.46],[125.09,45.83],[124.67,45.06],[124.26,44.28],[123.76,43.4],[123.28,42.51],[122.75,41.69],[122.23,40.88],[121.86,40.25],[121.51,39.61],[121.16,38.98],[120.75,38.38],[120.36,37.77],[119.96,37.16],[119.54,36.45],[119.13,35.74],[118.72,35.02],[118.29,34.24],[117.88,33.46],[117.47,32.67],[117.03,31.86],[116.6,31.05],[116.18,30.24],[115.84,29.55],[115.51,28.85],[115.18,28.15],[114.86,27.45],[114.47,26.71],[114.08,25.96],[113.7,25.22],[113.33,24.47],[112.95,23.69],[112.57,22.9],[112.21,22.12],[111.84,21.33],[111.48,20.54],[110.98,19.73],[110.49,18.92],[110.01,18.11],[109.53,17.3],[109.05,16.49],[108.57,15.74],[108.09,15],[107.61,14.25],[107.14,13.5],[106.67,12.75],[106.29,12.33],[106.29,12.33],[106.48,12.11],[106.86,11.55],[107.25,10.99],[107.63,10.43],[108.16,9.69],[108.69,8.94],[109.24,8.16],[109.78,7.37],[109.82,6.65],[110.01,6.01],[110.19,5.36],[110.56,4.71],[110.92,4.06],[111.66,3.69],[112.4,3.32],[113.14,2.94],[113.91,3],[114.67,3.06],[115.43,3.11],[116.2,3.17],[117.05,3.1],[117.91,3.04],[117.91,3.04],[118.01,2.08],[118.11,1.13],[118.21,0.17],[118.15,-0.68],[118.1,-1.54],[118.04,-2.39],[117.98,-3.25],[117.92,-4.1],[117.87,-4.96],[117.81,-5.82],[117.8,-5.86],[117.8,-5.86],[117.19,-5.64],[116.28,-5.51],[115.37,-5.38],[114.46,-5.25],[113.56,-5.11],[112.65,-4.98],[111.74,-4.85],[110.84,-4.71],[110.1,-4.29],[109.37,-3.88],[108.63,-3.46],[107.97,-2.82],[107.31,-2.17],[106.65,-1.52],[105.99,-0.87],[105.36,-0.15],[104.73,0.57],[104.09,1.29],[103.71,1.92],[103.32,2.55],[102.78,3.15],[102.24,3.75],[101.7,4.35],[100.91,4.73],[100.12,5.11],[99.32,5.49],[98.53,5.87],[97.94,6.2],[97.35,6.52],[96.77,6.85],[96.01,7.15],[95.25,7.45],[94.49,7.75],[93.73,8.05],[92.82,8.35],[91.92,8.66],[91.92,8.66],[91.39,8.99],[90.85,9.32],[90.32,10.01],[89.71,10.66],[89.09,11.3],[88.47,11.94],[87.85,12.59],[87.23,13.23],[86.68,13.88],[86.12,14.52],[85.57,15.17],[85,15.81],[84.44,16.46],[83.82,16.71],[83.21,16.96],[83.21,16.96],[82.95,16.31],[82.7,15.65],[82.45,15],[82.45,15],[81.6,15.33],[80.75,15.67],[80.14,16.02],[79.4,16.12],[78.55,15.94],[77.7,15.76],[76.85,15.57],[75.94,15.47],[75.03,15.37],[74.13,15.26],[73.13,15.43],[72.13,15.6],[71.12,15.76],[70.12,15.92],[69.26,16.31],[68.39,16.69],[67.52,17.06],[66.65,17.44],[65.78,17.81],[65.25,18.32],[64.73,18.83],[64.2,19.34],[63.41,19.72],[62.61,20.09],[61.81,20.46],[61.01,20.83],[60.2,21.19],[59.44,21.56],[58.68,21.93],[58.68,21.93],[58.55,21.71],[58.55,21.71],[58.2,21.46],[57.25,21.24],[56.31,21.01],[55.37,20.78],[54.43,20.54],[53.73,20.36],[53.03,20.18],[53.03,20.18],[52.05,20.26],[51.08,20.34],[50.1,20.42],[49.12,20.49],[48.37,20.65],[47.61,20.82],[46.84,20.98],[46.1,21.25],[45.36,21.52],[44.61,21.79],[44.13,22.05],[43.64,22.3],[43,22.61],[42.35,22.91],[41.65,23.29],[40.93,23.66],[40,24.06],[39.06,24.45],[38.34,24.84],[37.62,25.21],[36.89,25.59],[36.28,26.04],[35.67,26.48],[35.05,26.93],[34.54,27.44]]]}},{"type":"Feature","properties":{"ma":85,"type":"gpml:TopologicalClosedPlateBoundary","name":"Pacific","pid":901,"deforming":false},"geometry":{"type":"MultiPolygon","coordinates":[[[[180,41.95],[180,40.95],[180,39.95],[180,38.95],[180,37.95],[180,36.95],[180,35.95],[180,34.95],[180,33.96],[180,32.96],[180,31.96],[180,30.96],[180,29.96],[180,28.96],[180,27.96],[180,26.96],[180,25.96],[180,24.96],[180,23.96],[180,22.96],[180,21.96],[180,20.96],[180,19.97],[180,18.97],[180,17.97],[180,16.97],[180,15.97],[180,14.97],[180,13.97],[180,12.97],[180,11.97],[180,10.97],[180,9.97],[180,8.97],[180,7.97],[180,6.98],[180,5.98],[180,4.98],[180,3.98],[180,2.98],[180,1.98],[180,0.98],[180,-0.02],[180,-1.02],[180,-2.02],[180,-3.02],[180,-4.02],[180,-5.02],[180,-6.02],[180,-7.01],[180,-8.01],[180,-9.01],[180,-10.01],[180,-11.01],[180,-12.01],[180,-13.01],[180,-14.01],[180,-15.01],[180,-16.01],[180,-17.01],[180,-18.01],[180,-19.01],[180,-20.01],[180,-21],[180,-22],[180,-23],[180,-24],[180,-25],[180,-26],[180,-27],[180,-28],[180,-29],[180,-30],[180,-31],[180,-32],[180,-33],[180,-34],[180,-34.99],[180,-35.99],[180,-36.99],[180,-37.99],[180,-38.99],[180,-39.99],[180,-40.99],[180,-41.99],[180,-42.99],[180,-43.99],[180,-44.99],[180,-45.99],[180,-46.99],[180,-47.98],[180,-48.98],[180,-49.98],[180,-50.98],[180,-51.98],[180,-52.98],[180,-53.98],[180,-54.98],[180,-55.98],[179.85,-55.94],[179.04,-55.81],[178.2,-55.71],[177.23,-55.66],[175.64,-55.63],[174.85,-55.71],[173.97,-55.76],[173.9,-55.77],[173.9,-55.77],[173.58,-55.69],[172.26,-55.46],[170.84,-55.05],[170.28,-54.83],[170.13,-54.71],[169.63,-53.86],[169.51,-53.57],[169.33,-53.07],[169.23,-52.76],[169.07,-52.53],[168.92,-52.29],[168.73,-52.05],[168.55,-51.82],[168.32,-51.55],[168.17,-51.41],[168.03,-51.12],[167.95,-50.91],[167.82,-50.72],[167.79,-50.7],[167.79,-50.7],[167.78,-50.66],[167.76,-50.61],[167.75,-50.54],[167.79,-50.44],[167.81,-50.31],[167.9,-50.12],[167.9,-49.57],[167.84,-49.04],[167.78,-48.51],[167.7,-47.54],[167.9,-47.03],[168.15,-46.57],[168.28,-46.05],[168.02,-45.2],[167.5,-44.59],[167.13,-43.99],[166.71,-43.48],[166.06,-42.7],[165.33,-42],[164.79,-41.45],[164.21,-41.02],[163.53,-40.59],[162.94,-40.08],[162.51,-39.81],[162.1,-39.47],[161.56,-39.03],[161,-38.69],[160.24,-38.14],[159.86,-37.75],[159.35,-37.15],[158.98,-36.63],[158.67,-35.93],[158.38,-35.45],[158.3,-35.14],[158.19,-34.69],[158.03,-34.28],[157.78,-34.01],[157.68,-33.8],[157.27,-33.35],[157.19,-33.26],[157.19,-33.26],[156.66,-32.92],[156.27,-32.57],[155.92,-32.33],[155.6,-32.19],[155.24,-32],[154.96,-31.87],[154.64,-31.78],[154.31,-31.69],[154.05,-31.69],[154.05,-31.69],[153.58,-32.36],[153.09,-33.03],[152.59,-33.7],[152.59,-33.7],[152.59,-33.7],[152.59,-33.7],[152.59,-33.7],[152.59,-33.7],[152.13,-33.16],[151.42,-32.82],[150.8,-32.67],[150.19,-32.51],[149.66,-32.03],[149,-31.83],[148.35,-31.61],[147.59,-31.19],[146.83,-30.77],[145.99,-30.63],[145.15,-30.49],[144.57,-30.23],[143.99,-29.96],[143.61,-29.5],[143.23,-29.03],[142.85,-28.47],[142.47,-27.92],[141.99,-27.5],[141.51,-27.08],[141.51,-27.08],[141.8,-26.44],[142.09,-25.8],[142.28,-24.82],[142.48,-23.84],[142.61,-22.94],[142.8,-22.03],[143.08,-21.54],[143.35,-21.04],[143.75,-20.5],[144.15,-19.96],[144.67,-19.42],[144.67,-19.42],[144.92,-18.6],[145.16,-17.78],[145.31,-16.95],[145.45,-16.11],[145.59,-15.28],[145.73,-14.44],[145.87,-13.61],[146.01,-12.77],[146.15,-11.85],[146.3,-10.92],[146.44,-10],[146.59,-9.07],[146.56,-8.13],[146.54,-7.19],[146.51,-6.25],[146.49,-5.31],[146.48,-4.41],[146.47,-3.51],[146.46,-2.6],[146.45,-1.7],[146.38,-1.09],[146.32,-0.48],[146.18,0.43],[146.05,1.35],[145.91,2.27],[145.78,3.18],[145.64,4.1],[145.64,4.1],[145.55,5.09],[145.5,5.54],[145.28,6.43],[145.06,7.33],[144.84,8.22],[144.62,9.11],[144.4,9.99],[144.18,10.86],[143.96,11.73],[143.73,12.6],[143.73,12.6],[144.65,12.92],[145.57,13.24],[146.49,13.55],[147.41,13.87],[148.34,14.17],[149.27,14.48],[150.2,14.78],[151.14,15.08],[152.07,15.37],[153.01,15.66],[153.01,15.66],[152.69,16.61],[152.36,17.56],[152.03,18.5],[151.7,19.45],[151.36,20.4],[152.33,20.77],[153.3,21.14],[154.27,21.51],[155.25,21.87],[156.24,22.23],[157.23,22.58],[158.22,22.92],[159.22,23.26],[158.5,23.01],[157.78,22.77],[157.06,22.52],[157.97,22.83],[158.89,23.14],[159.81,23.45],[160.73,23.75],[161.66,24.04],[162.59,24.33],[163.53,24.61],[163.2,25.39],[162.88,26.16],[163.86,26.44],[164.86,26.72],[165.73,26.96],[166.6,27.19],[167.48,27.42],[168.36,27.64],[169.14,27.83],[170.13,28.06],[171.12,28.29],[172.12,28.51],[173.12,28.72],[174.13,28.93],[175.14,29.12],[176.15,29.31],[175.87,30.19],[175.58,31.07],[175.29,31.95],[176.25,32.14],[177.2,32.32],[178.17,32.5],[179.13,32.67],[178.92,33.65],[178.69,34.62],[178.47,35.6],[178.24,36.58],[178,37.56],[177.75,38.54],[177.5,39.51],[177.25,40.49],[176.98,41.47],[176.71,42.44],[177.8,42.62],[178.9,42.79],[180,42.95],[180,41.95]]],[[[-180,-54.98],[-180,-53.98],[-180,-52.98],[-180,-51.98],[-180,-50.98],[-180,-49.98],[-180,-48.98],[-180,-47.98],[-180,-46.99],[-180,-45.99],[-180,-44.99],[-180,-43.99],[-180,-42.99],[-180,-41.99],[-180,-40.99],[-180,-39.99],[-180,-38.99],[-180,-37.99],[-180,-36.99],[-180,-35.99],[-180,-34.99],[-180,-34],[-180,-33],[-180,-32],[-180,-31],[-180,-30],[-180,-29],[-180,-28],[-180,-27],[-180,-26],[-180,-25],[-180,-24],[-180,-23],[-180,-22],[-180,-21],[-180,-20.01],[-180,-19.01],[-180,-18.01],[-180,-17.01],[-180,-16.01],[-180,-15.01],[-180,-14.01],[-180,-13.01],[-180,-12.01],[-180,-11.01],[-180,-10.01],[-180,-9.01],[-180,-8.01],[-180,-7.01],[-180,-6.02],[-180,-5.02],[-180,-4.02],[-180,-3.02],[-180,-2.02],[-180,-1.02],[-180,-0.02],[-180,0.98],[-180,1.98],[-180,2.98],[-180,3.98],[-180,4.98],[-180,5.98],[-180,6.98],[-180,7.97],[-180,8.97],[-180,9.97],[-180,10.97],[-180,11.97],[-180,12.97],[-180,13.97],[-180,14.97],[-180,15.97],[-180,16.97],[-180,17.97],[-180,18.97],[-180,19.97],[-180,20.96],[-180,21.96],[-180,22.96],[-180,23.96],[-180,24.96],[-180,25.96],[-180,26.96],[-180,27.96],[-180,28.96],[-180,29.96],[-180,30.96],[-180,31.96],[-180,32.96],[-180,33.96],[-180,34.95],[-180,35.95],[-180,36.95],[-180,37.95],[-180,38.95],[-180,39.95],[-180,40.95],[-180,41.95],[-180,42.95],[-178.68,43.12],[-177.36,43.28],[-176.03,43.43],[-174.7,43.55],[-173.36,43.67],[-172.01,43.76],[-170.66,43.84],[-170.53,42.86],[-170.4,41.87],[-170.28,40.89],[-170.17,40.04],[-170.07,39.19],[-170.07,39.19],[-170.07,39.19],[-168.94,39.46],[-167.81,39.72],[-166.66,39.97],[-165.51,40.21],[-164.35,40.43],[-163.19,40.65],[-162.01,40.85],[-160.83,41.04],[-159.64,41.22],[-158.45,41.38],[-157.25,41.53],[-157.15,40.75],[-157.05,39.96],[-156.03,40.09],[-155,40.21],[-153.97,40.33],[-152.94,40.43],[-152.05,40.51],[-150.93,40.61],[-149.81,40.69],[-148.69,40.76],[-147.57,40.82],[-146.26,40.88],[-144.95,40.92],[-143.64,40.95],[-142.52,41.02],[-142.13,40.36],[-141.75,39.69],[-141.38,39.03],[-140.79,38.28],[-140.22,37.52],[-139.66,36.76],[-139.11,36],[-138.71,35.07],[-138.31,34.14],[-137.93,33.21],[-137.55,32.27],[-137.18,31.34],[-136.82,30.4],[-136.47,29.47],[-136.12,28.53],[-135.78,27.59],[-135.44,26.65],[-135.11,25.71],[-134.78,24.77],[-134.46,23.83],[-134.15,22.89],[-133.83,21.95],[-133.53,21],[-133.22,20.06],[-132.92,19.12],[-132.63,18.17],[-132.33,17.23],[-132.04,16.28],[-131.75,15.33],[-131.47,14.39],[-131.19,13.44],[-130.91,12.49],[-129.95,12.83],[-128.99,13.16],[-128.03,13.49],[-127.06,13.81],[-126.09,14.14],[-125.12,14.45],[-124.81,13.54],[-124.5,12.62],[-124.2,11.71],[-123.89,10.79],[-123.59,9.87],[-123.29,8.96],[-122.99,8.04],[-122.69,7.12],[-122.4,6.21],[-123.16,5.93],[-123.92,5.66],[-124.69,5.38],[-124.69,5.38],[-125.42,5.19],[-126.15,5],[-126.89,4.8],[-126.69,3.84],[-126.5,2.88],[-126.3,1.92],[-126.11,0.95],[-125.92,-0.01],[-125.2,0.17],[-124.99,-0.7],[-124.77,-1.57],[-124.55,-2.44],[-123.7,-2.19],[-122.85,-1.93],[-122,-1.68],[-121.15,-1.43],[-120.3,-1.17],[-119.45,-0.92],[-119.28,-1.9],[-119.12,-2.88],[-118.96,-3.87],[-118.8,-4.85],[-118.63,-5.83],[-118.47,-6.81],[-117.63,-6.68],[-116.78,-6.54],[-116.65,-7.29],[-116.51,-8.04],[-116.38,-8.78],[-117.24,-8.99],[-118.1,-9.2],[-118.96,-9.4],[-118.63,-10.32],[-118.31,-11.24],[-117.99,-12.16],[-117.66,-13.07],[-117.33,-13.99],[-116.99,-14.91],[-116.66,-15.83],[-116.32,-16.74],[-115.98,-17.66],[-115.63,-18.57],[-115.28,-19.49],[-116.04,-19.78],[-116.8,-20.06],[-117.57,-20.34],[-118.33,-20.62],[-118,-21.52],[-117.67,-22.42],[-117.33,-23.32],[-116.99,-24.22],[-116.64,-25.12],[-116.29,-26.02],[-115.93,-26.92],[-115.57,-27.81],[-115.2,-28.71],[-114.57,-28.54],[-113.94,-28.36],[-113.61,-29.23],[-113.27,-30.09],[-112.93,-30.95],[-112.58,-31.8],[-112.23,-32.66],[-111.87,-33.52],[-111.5,-34.37],[-111.13,-35.23],[-110.74,-36.08],[-111.81,-36.45],[-112.88,-36.8],[-113.96,-37.15],[-115.06,-37.49],[-116.16,-37.81],[-115.73,-38.75],[-115.3,-39.69],[-114.85,-40.63],[-114.39,-41.56],[-113.91,-42.49],[-113.43,-43.42],[-112.92,-44.35],[-112.4,-45.28],[-111.86,-46.2],[-111.31,-47.12],[-112.15,-47.39],[-112.99,-47.65],[-112.39,-48.48],[-111.78,-49.3],[-111.14,-50.12],[-110.48,-50.93],[-109.8,-51.75],[-109.09,-52.55],[-108.36,-53.36],[-107.6,-54.15],[-106.81,-54.95],[-106.08,-55.65],[-105.32,-56.35],[-104.53,-57.04],[-103.4,-57.83],[-102.22,-58.61],[-100.98,-59.38],[-99.69,-60.13],[-98.34,-60.87],[-96.93,-61.6],[-95.45,-62.18],[-93.92,-62.75],[-92.33,-63.3],[-90.68,-63.83],[-88.97,-64.34],[-87.73,-64.92],[-87.73,-64.92],[-87.73,-64.92],[-88.83,-65.41],[-89.98,-65.89],[-90.89,-66.25],[-91.83,-66.6],[-93.64,-67.09],[-94.91,-67.35],[-96.21,-67.59],[-97.27,-68],[-98.36,-68.39],[-100.44,-68.97],[-101.89,-69.35],[-104.63,-69.43],[-106.63,-69.49],[-108.99,-69.74],[-108.99,-69.74],[-111.65,-69.45],[-114.24,-69.12],[-116.74,-68.75],[-119.16,-68.35],[-121.49,-67.91],[-123.73,-67.44],[-125.88,-66.94],[-127.94,-66.41],[-129.92,-65.86],[-131.8,-65.5],[-133.64,-65.13],[-135.85,-64.87],[-138.02,-64.57],[-140.14,-64.25],[-142.21,-63.9],[-144.23,-63.51],[-146.19,-63.11],[-146.79,-62.96],[-146.79,-62.96],[-146.79,-62.96],[-146.79,-62.96],[-147.28,-62.84],[-147.28,-62.84],[-148.98,-62.82],[-150.69,-62.79],[-152.53,-62.74],[-154.37,-62.67],[-156.44,-62.68],[-158.52,-62.66],[-160.44,-62.52],[-162.34,-62.36],[-164.22,-62.16],[-165.53,-62.05],[-166.83,-61.93],[-168.39,-61.66],[-169.44,-61.3],[-170.55,-61.03],[-171.65,-60.49],[-172.63,-59.71],[-172.94,-59.12],[-173.23,-58.53],[-173.65,-57.82],[-173.65,-57.82],[-174.62,-57.57],[-175.6,-57.34],[-176.61,-57.08],[-177.77,-56.68],[-179.12,-56.21],[-180,-55.98],[-180,-54.98]]]]}},{"type":"Feature","properties":{"ma":85,"type":"gpml:TopologicalClosedPlateBoundary","name":"SAM","pid":201,"deforming":false},"geometry":{"type":"Polygon","coordinates":[[[-6.94,-57.71],[-6.6,-58.04],[-6.36,-58.94],[-6.12,-59.85],[-5.75,-60.74],[-5.37,-61.62],[-4.96,-62.51],[-4.53,-63.4],[-4.53,-63.4],[-5.74,-63.7],[-7.3,-64.09],[-8.92,-64.46],[-10.35,-64.83],[-11.83,-65.19],[-13.34,-65.53],[-15.12,-65.98],[-16.96,-66.41],[-18.87,-66.81],[-20.83,-67.2],[-22.86,-67.55],[-24.95,-67.89],[-26.97,-68.21],[-29.05,-68.51],[-30.85,-68.79],[-32.66,-68.94],[-33.4,-69.04],[-33.97,-69.16],[-34.89,-69.28],[-35.91,-69.37],[-37.11,-69.49],[-38.32,-69.6],[-40.02,-69.71],[-40.97,-69.76],[-42.34,-69.8],[-42.89,-69.83],[-44.66,-69.93],[-46.28,-70],[-48.23,-70.06],[-49.87,-70.12],[-51.98,-70.16],[-52.91,-70.16],[-53.59,-70.16],[-54.41,-70.16],[-55.34,-70.15],[-55.95,-70.09],[-56.72,-70.04],[-58.08,-69.9],[-59.27,-69.75],[-60.16,-69.68],[-61.05,-69.61],[-61.71,-69.49],[-63.42,-69.25],[-64.42,-69.04],[-64.96,-68.67],[-65.67,-68.44],[-66.22,-68.22],[-66.57,-67.99],[-67.65,-67.43],[-69.04,-66.81],[-70.37,-66.17],[-70.37,-66.17],[-69.43,-65.82],[-68.51,-65.46],[-67.44,-65.03],[-66.41,-64.6],[-65.56,-64.33],[-65.56,-64.33],[-65.75,-64.26],[-66.21,-64.09],[-66.84,-63.85],[-67.32,-63.67],[-67.74,-63.45],[-67.9,-63.33],[-68.06,-63.23],[-68.33,-63.07],[-68.55,-62.93],[-68.86,-62.73],[-69.17,-62.53],[-69.44,-62.35],[-69.73,-62.18],[-69.98,-62],[-70.12,-61.87],[-70.53,-61.56],[-71.02,-61.11],[-71.3,-60.84],[-71.47,-60.44],[-71.48,-60.37],[-71.45,-59.99],[-71.35,-59.63],[-71.24,-59.26],[-71.15,-58.93],[-71.09,-58.77],[-71.06,-58.45],[-71.13,-58.05],[-71.18,-57.67],[-71.17,-57.32],[-71.17,-57.02],[-71.12,-56.77],[-71.07,-56.45],[-70.99,-56.09],[-70.75,-55.66],[-70.44,-55.33],[-70.23,-55.13],[-69.99,-54.89],[-69.71,-54.62],[-69.24,-54.19],[-68.82,-53.83],[-68.51,-53.51],[-68.27,-53.2],[-68.2,-52.76],[-68.12,-52.48],[-68.06,-52.25],[-68.03,-52.18],[-67.92,-51.93],[-67.8,-51.63],[-67.63,-51.27],[-67.48,-50.98],[-67.31,-50.67],[-67.12,-50.32],[-66.98,-50.07],[-66.65,-49.44],[-66.44,-49.03],[-66.23,-48.64],[-66.02,-48.28],[-65.74,-47.78],[-65.58,-47.5],[-65.36,-47.05],[-65.24,-46.77],[-65.08,-46.42],[-64.81,-46.15],[-64.44,-45.59],[-64.44,-45.59],[-64.3,-45.12],[-64.08,-44.7],[-63.63,-44.02],[-63.2,-43.34],[-62.86,-42.44],[-62.53,-41.55],[-62.22,-40.66],[-61.91,-39.76],[-61.6,-38.87],[-61.59,-38.08],[-61.57,-37.28],[-61.56,-36.49],[-61.54,-35.69],[-61.59,-34.87],[-61.63,-34.05],[-61.67,-33.23],[-61.71,-32.41],[-61.76,-31.59],[-61.67,-30.69],[-61.59,-29.79],[-61.71,-29.07],[-61.87,-28.5],[-61.95,-27.95],[-62.22,-27.24],[-62.38,-26.73],[-62.54,-26.22],[-63.22,-25.52],[-63.5,-24.86],[-63.78,-24.2],[-64.05,-23.54],[-64.38,-22.76],[-64.71,-21.98],[-65.03,-21.2],[-65.25,-20.36],[-65.46,-19.53],[-65.68,-18.69],[-65.89,-17.85],[-66.09,-17.01],[-66.3,-16.17],[-66.48,-15.32],[-66.66,-14.47],[-66.83,-13.62],[-66.6,-12.78],[-66.37,-11.95],[-66.14,-11.12],[-66.14,-11.12],[-65.49,-10.35],[-64.84,-9.59],[-64.19,-8.82],[-63.54,-8.05],[-63.11,-7.15],[-62.68,-6.25],[-62.26,-5.35],[-61.83,-4.45],[-61.41,-3.55],[-60.98,-2.65],[-60.62,-1.85],[-60.25,-1.06],[-59.89,-0.26],[-59.79,0.51],[-59.69,1.28],[-59.59,2.04],[-59.59,2.04],[-59.67,2.85],[-59.76,3.66],[-60.06,4.45],[-60.36,5.24],[-60.77,5.68],[-61.19,6.12],[-61.92,6.63],[-62.65,7.15],[-63.39,7.66],[-64.12,8.17],[-64.12,8.17],[-63.49,8.77],[-62.86,9.38],[-62.23,9.98],[-61.6,10.58],[-60.96,11.18],[-60.35,10.61],[-59.75,10.04],[-59.14,10.62],[-58.52,11.2],[-57.91,11.78],[-57.29,12.36],[-56.67,12.93],[-56.05,12.38],[-55.44,11.82],[-54.82,12.36],[-54.2,12.91],[-54.2,12.91],[-53.81,12.3],[-53.42,11.69],[-52.87,11],[-52.31,10.3],[-51.71,9.57],[-51.11,8.84],[-50.51,8.11],[-49.91,7.38],[-49.24,6.75],[-48.57,6.11],[-47.9,5.48],[-47.9,5.48],[-47.26,6.12],[-46.62,6.75],[-46.14,7.22],[-45.65,7.68],[-45.16,8.14],[-44.44,8.71],[-43.87,9.14],[-43.73,9.24],[-43.73,9.24],[-43.19,8.61],[-42.55,8.24],[-41.9,7.87],[-41.26,7.5],[-41.5,7.01],[-41.74,6.52],[-41.09,6.26],[-40.45,5.99],[-39.8,5.73],[-39.9,5.11],[-39.57,4.98],[-39.68,4.47],[-39.78,3.96],[-38.9,3.67],[-38.02,3.38],[-37.14,3.09],[-37.3,2.39],[-37.1,2.33],[-37.2,1.76],[-37.02,1.71],[-37.12,1.15],[-36.65,1.02],[-36.74,0.43],[-35.83,0.2],[-34.91,-0.02],[-34.98,-0.46],[-34.33,-0.58],[-33.68,-0.71],[-33.71,-0.97],[-32.95,-1.13],[-33.02,-1.54],[-32.35,-1.68],[-32.41,-2.07],[-31.56,-2.23],[-30.72,-2.4],[-30.79,-2.88],[-30.71,-2.89],[-30.76,-3.4],[-30.27,-3.46],[-30.36,-4.25],[-30.46,-5.04],[-29.52,-5.21],[-28.59,-5.38],[-28.66,-6.18],[-28.73,-6.98],[-28.8,-7.77],[-28.1,-7.89],[-28.13,-8.73],[-27.26,-8.79],[-26.39,-8.85],[-25.52,-8.91],[-24.65,-8.96],[-24.57,-9.64],[-23.93,-9.69],[-23.28,-9.74],[-23.22,-10.46],[-23.16,-11.19],[-23.1,-11.91],[-22.35,-11.9],[-22.06,-11.88],[-21.5,-11.84],[-20.94,-11.8],[-19.96,-11.73],[-19.18,-11.61],[-18.3,-11.49],[-17.71,-11.42],[-17.12,-11.34],[-16.36,-11.23],[-15.54,-11.09],[-14.84,-10.96],[-14.74,-11.58],[-14.64,-12.19],[-14.4,-12.18],[-14.28,-12.83],[-13.99,-12.8],[-13.84,-13.39],[-13.07,-13.2],[-12.31,-13.01],[-11.54,-12.82],[-11.31,-13.68],[-11.07,-14.54],[-10.84,-15.4],[-10.84,-15.4],[-11.67,-15.62],[-12.5,-15.83],[-12.34,-15.92],[-12.15,-16.82],[-12.03,-17.32],[-11.9,-17.83],[-11.71,-18.64],[-11.64,-19.23],[-12.6,-19.4],[-13.56,-19.56],[-13.56,-20.35],[-13.56,-21.15],[-13.56,-21.94],[-13.84,-21.99],[-13.87,-22.92],[-13.89,-23.85],[-14.65,-23.93],[-15.4,-24.01],[-15.26,-24.86],[-15.11,-25.71],[-14.96,-26.55],[-14.81,-27.4],[-14.65,-28.25],[-14.52,-28.99],[-14.38,-29.74],[-14.24,-30.49],[-14.09,-31.23],[-13.93,-32.03],[-13.77,-32.83],[-13.49,-32.81],[-13.37,-33.67],[-14.36,-33.82],[-14.47,-34.38],[-14.59,-34.94],[-15.36,-35.07],[-15.39,-35.91],[-15.41,-36.76],[-15.44,-37.61],[-16.3,-37.68],[-17.16,-37.74],[-18.02,-37.8],[-17.75,-38.73],[-16.88,-38.68],[-16.02,-38.64],[-15.15,-38.58],[-15.05,-39.46],[-14.95,-40.33],[-15.72,-40.41],[-16.49,-40.49],[-16.68,-41.37],[-17.27,-41.69],[-17.86,-42],[-17.88,-42.28],[-18.59,-42.35],[-18.75,-43.05],[-19.73,-43.11],[-20.72,-43.16],[-21.4,-43.9],[-21.58,-44.51],[-22.64,-44.53],[-22.88,-45.32],[-23.13,-46.11],[-23.39,-46.9],[-23.67,-46.94],[-23.67,-47.84],[-23.66,-48.74],[-23.65,-49.64],[-23.64,-50.54],[-23.63,-51.44],[-23.63,-52.34],[-24.26,-52.38],[-24.37,-53.05],[-24.48,-53.72],[-24.59,-54.38],[-25.17,-54.39],[-25.41,-55.12],[-25.66,-55.85],[-25.91,-56.58],[-25.58,-56.61],[-25.55,-57.2],[-25.52,-57.79],[-24.98,-58.27],[-24.41,-58.75],[-23.2,-58.78],[-21.99,-58.79],[-21.36,-58.81],[-21.36,-58.81],[-19.52,-58.76],[-17.68,-58.69],[-15.86,-58.59],[-14.04,-58.47],[-12.24,-58.31],[-10.45,-58.14],[-8.69,-57.94],[-6.94,-57.71]]]}},{"type":"Feature","properties":{"ma":85,"type":"gpml:TopologicalClosedPlateBoundary","name":"NW Africa","pid":714,"deforming":false},"geometry":{"type":"Polygon","coordinates":[[[4.74,15.72],[4.76,14.76],[4.77,13.79],[4.75,12.98],[4.74,12.16],[4.19,11.6],[3.65,11.03],[3.18,10.4],[2.71,9.78],[2.5,9.04],[2.29,8.3],[2.09,7.48],[1.88,6.65],[1.6,5.74],[1.31,4.83],[0.91,4.21],[0.51,3.59],[0.19,3.14],[-0.12,2.69],[-0.67,2.8],[-1.21,2.9],[-1.78,3.34],[-2.35,3.78],[-2.93,3.28],[-3.36,2.99],[-3.79,2.7],[-4.71,2.62],[-5.63,2.54],[-6.23,2.25],[-6.84,1.95],[-7.15,1.36],[-7.47,0.78],[-8.15,0.61],[-8.8,0.98],[-9.13,1.89],[-9.2,2.45],[-9.27,3.02],[-10.02,2.71],[-10.34,2.09],[-10.29,1.36],[-10.2,0.87],[-10.1,0.37],[-9.87,-0.08],[-9.29,-0.45],[-8.64,-0.81],[-8.47,-1.6],[-8.44,-2.53],[-8.35,-3.16],[-8.26,-3.79],[-8.04,-4.32],[-8.03,-4.99],[-8.16,-5.39],[-7.66,-5.84],[-7.17,-6.35],[-6.95,-7.08],[-6.73,-7.81],[-6.24,-8.25],[-5.68,-8.97],[-5.54,-9.64],[-5.28,-10.32],[-5.28,-10.32],[-5.5,-10.4],[-6.15,-10.69],[-6.78,-10.97],[-7.41,-11.25],[-8.04,-11.52],[-8.73,-11.8],[-9.42,-12.07],[-10.11,-12.34],[-11,-12.6],[-11.88,-12.85],[-12.77,-13.1],[-13.66,-13.35],[-13.66,-13.35],[-13.84,-13.39],[-13.99,-12.8],[-14.28,-12.83],[-14.4,-12.18],[-14.64,-12.19],[-14.74,-11.58],[-14.84,-10.96],[-15.54,-11.09],[-16.36,-11.23],[-17.12,-11.34],[-17.71,-11.42],[-18.3,-11.49],[-19.18,-11.61],[-19.96,-11.73],[-20.94,-11.8],[-21.5,-11.84],[-22.06,-11.88],[-22.35,-11.9],[-23.1,-11.91],[-23.16,-11.19],[-23.22,-10.46],[-23.28,-9.74],[-23.93,-9.69],[-24.57,-9.64],[-24.65,-8.96],[-25.52,-8.91],[-26.39,-8.85],[-27.26,-8.79],[-28.13,-8.73],[-28.1,-7.89],[-28.8,-7.77],[-28.73,-6.98],[-28.66,-6.18],[-28.59,-5.38],[-29.52,-5.21],[-30.46,-5.04],[-30.36,-4.25],[-30.27,-3.46],[-30.76,-3.4],[-30.71,-2.89],[-30.79,-2.88],[-30.72,-2.4],[-31.56,-2.23],[-32.41,-2.07],[-32.35,-1.68],[-33.02,-1.54],[-32.95,-1.13],[-33.71,-0.97],[-33.68,-0.71],[-34.33,-0.58],[-34.98,-0.46],[-34.91,-0.02],[-35.83,0.2],[-36.74,0.43],[-36.65,1.02],[-37.12,1.15],[-37.02,1.71],[-37.2,1.76],[-37.1,2.33],[-37.3,2.39],[-37.14,3.09],[-38.02,3.38],[-38.9,3.67],[-39.78,3.96],[-39.68,4.47],[-39.57,4.98],[-39.9,5.11],[-39.8,5.73],[-40.45,5.99],[-41.09,6.26],[-41.74,6.52],[-41.63,6.74],[-41.63,6.74],[-41.09,7.4],[-40.85,8.22],[-40.72,8.49],[-41.19,8.71],[-40.7,9.5],[-40.22,10.29],[-39.73,11.09],[-39.24,11.88],[-38.75,12.67],[-38.91,12.76],[-38.52,13.4],[-38.34,13.33],[-37.89,14.01],[-37.43,14.69],[-37.25,14.64],[-36.94,15.1],[-36.63,15.57],[-37.21,15.92],[-37.79,16.28],[-37.21,17.09],[-36.66,16.77],[-36.07,17.38],[-35.48,18],[-34.89,18.61],[-34.29,19.22],[-33.68,19.83],[-33.08,20.44],[-32.95,20.4],[-32.65,20.71],[-32.3,20.54],[-32.02,20.82],[-31.85,20.76],[-31.25,21.33],[-31.09,21.26],[-30.48,21.8],[-29.87,22.34],[-29.31,22.08],[-28.84,22.53],[-28.37,22.98],[-27.64,22.62],[-26.98,23.12],[-26.43,22.86],[-25.74,23.45],[-25.04,24.04],[-24.76,23.92],[-24.04,24.45],[-23.82,24.37],[-23.34,24.76],[-22.85,25.14],[-22.61,25.06],[-22.18,25.38],[-21.74,25.7],[-21.03,25.43],[-20.32,25.16],[-20.13,25.51],[-20.13,25.51],[-19.33,25.2],[-18.54,24.88],[-17.76,24.57],[-16.91,24.16],[-16.06,23.75],[-15.22,23.34],[-14.38,22.92],[-13.55,22.5],[-12.73,22.07],[-11.72,22.04],[-10.7,22],[-9.69,21.96],[-9.69,21.96],[-8.74,21.71],[-7.8,21.45],[-6.86,21.19],[-5.92,20.93],[-4.99,20.66],[-4.05,20.38],[-3.13,20.25],[-2.2,20.12],[-1.27,19.97],[-0.35,19.83],[0.57,19.68],[1.49,19.52],[2.41,19.36],[3.33,19.2],[4.2,19.1],[5.07,19],[5.07,19],[4.8,18.27],[4.53,17.53],[4.26,16.8],[4,16.07],[4,16.07],[4.74,15.72]]]}},{"type":"Feature","properties":{"ma":85,"type":"gpml:TopologicalClosedPlateBoundary","name":"South Africa","pid":701,"deforming":false},"geometry":{"type":"Polygon","coordinates":[[[-13.66,-13.35],[-12.77,-13.1],[-11.88,-12.85],[-11,-12.6],[-10.11,-12.34],[-9.42,-12.07],[-8.73,-11.8],[-8.04,-11.52],[-7.41,-11.25],[-6.78,-10.97],[-6.15,-10.69],[-5.69,-10.49],[-5.69,-10.49],[-5.4,-10.59],[-4.65,-10.91],[-4.26,-11.23],[-3.87,-11.56],[-3.58,-12.06],[-3.28,-12.56],[-3.13,-13.14],[-3.13,-13.14],[-2.27,-12.82],[-1.42,-12.5],[-0.57,-12.17],[0.15,-12.2],[0.87,-12.22],[1.65,-12.13],[2.44,-12.03],[3.04,-11.72],[3.65,-11.42],[4.47,-11.27],[5.3,-11.12],[5.98,-11.04],[6.66,-10.97],[7.63,-10.84],[8.61,-10.7],[9.58,-10.56],[10.35,-10.33],[11.11,-10.11],[11.87,-9.88],[12.73,-9.98],[13.59,-10.07],[14.27,-10.69],[14.94,-11.31],[15.63,-11.93],[16.31,-12.54],[16.59,-13.18],[17.07,-13.39],[17.54,-13.61],[17.68,-14.52],[18.44,-15.1],[19.2,-15.68],[19.87,-15.84],[20.55,-15.99],[21.23,-16.14],[22.09,-16.38],[22.96,-16.61],[23.82,-16.84],[24.6,-16.54],[25.37,-16.23],[25.94,-15.49],[26.52,-14.76],[27.09,-14.02],[27.69,-13.47],[28.29,-12.91],[28.79,-12.47],[29.29,-12.03],[30.08,-11.8],[30.88,-11.57],[31.67,-11.34],[32.56,-11.13],[33.45,-10.91],[34.34,-10.7],[35.22,-10.44],[36.1,-10.19],[36.98,-9.93],[37.79,-9.62],[38.61,-9.32],[39.42,-9.01],[40.17,-8.79],[40.92,-8.56],[41.67,-8.34],[42.42,-8.11],[43.07,-7.9],[43.72,-7.7],[43.72,-7.7],[43.21,-8.38],[42.69,-9.06],[42.65,-10.01],[42.62,-10.96],[42.58,-11.91],[42.54,-12.86],[42.5,-13.81],[42.28,-14.64],[42.06,-15.46],[41.83,-16.29],[41.6,-17.12],[41.37,-17.94],[41.14,-18.77],[40.72,-19.46],[40.3,-20.15],[39.87,-20.84],[39.44,-21.53],[38.94,-22.26],[38.44,-22.99],[37.93,-23.73],[37.42,-24.46],[36.9,-25.19],[36.9,-25.19],[37.09,-26.01],[37.28,-26.83],[37.47,-27.66],[37.66,-28.48],[37.85,-29.3],[38.05,-30.12],[37.45,-30.62],[36.85,-31.11],[37.39,-31.86],[37.94,-32.62],[38.31,-33.12],[38.68,-33.63],[38.68,-33.63],[38.57,-34.47],[38.45,-35.3],[38.33,-36.14],[38.13,-36.8],[37.93,-37.47],[37.73,-38.13],[37.57,-38.81],[37.41,-39.48],[37.24,-40.16],[36.98,-40.9],[36.71,-41.64],[36.44,-42.39],[36.29,-43.05],[36.13,-43.71],[35.97,-44.36],[35.55,-45.12],[35.13,-45.88],[34.69,-46.63],[34.69,-46.63],[35.43,-46.65],[35.88,-46.46],[36.17,-45.83],[36.29,-45.33],[36.19,-44.57],[36.47,-44.32],[36.55,-43.99],[36.64,-43.59],[36.99,-43.34],[37.01,-43.33],[37.01,-43.33],[36.99,-42.88],[37.14,-42.32],[37.29,-41.96],[37.28,-41.48],[37.7,-41.02],[37.77,-40.37],[38.09,-39.8],[38.21,-39.35],[38.47,-38.71],[38.47,-38.28],[38.93,-38.11],[39.07,-37.48],[39.17,-37.25],[39.32,-37.15],[39.32,-37.15],[39.75,-37.32],[39.75,-37.32],[39.61,-37.46],[39.86,-37.91],[39.27,-38.38],[40.06,-39.03],[39.41,-39.62],[38.75,-40.21],[38.07,-40.8],[38.84,-41.37],[39.62,-41.94],[38.89,-42.52],[38.15,-43.09],[37.39,-43.65],[38.05,-44.28],[38.71,-44.9],[37.81,-45.49],[36.88,-46.08],[35.94,-46.65],[35.19,-47.09],[36.2,-47.75],[37.25,-48.41],[38.32,-49.06],[39.42,-49.7],[38.66,-50.39],[37.88,-51.07],[37.08,-51.74],[36.25,-52.42],[35.4,-53.08],[36.11,-53.36],[35.54,-53.96],[34.95,-54.55],[34.95,-54.55],[33.47,-54.53],[32,-54.49],[30.53,-54.43],[29.97,-55.18],[29.39,-55.92],[27.82,-55.63],[26.28,-55.33],[25.79,-55.98],[25.29,-56.64],[24.76,-57.29],[23.63,-57.15],[22.5,-57],[22.2,-57.33],[21.6,-57.22],[20.75,-58.04],[19.85,-58.85],[18.91,-59.66],[17.92,-60.46],[16.88,-61.25],[15.79,-62.04],[14.64,-62.81],[13.43,-63.58],[12.16,-64.33],[10.81,-65.08],[10.27,-64.92],[9.51,-65.25],[8.93,-65.05],[8.47,-65.24],[7.8,-65.05],[6.95,-65.42],[6.07,-65.78],[5.41,-65.57],[4.88,-65.76],[3.64,-65.26],[2.46,-64.75],[0.71,-65.36],[-0.17,-64.89],[-1.03,-64.43],[-0.47,-64.22],[-1.6,-63.57],[-2.68,-62.9],[-2.68,-62.9],[-3.85,-63.22],[-4.53,-63.4],[-4.53,-63.4],[-4.96,-62.51],[-5.37,-61.62],[-5.75,-60.74],[-6.12,-59.85],[-6.36,-58.94],[-6.6,-58.04],[-6.94,-57.71],[-6.94,-57.71],[-8.69,-57.94],[-10.45,-58.14],[-12.24,-58.31],[-14.04,-58.47],[-15.86,-58.59],[-17.68,-58.69],[-19.52,-58.76],[-21.36,-58.81],[-21.36,-58.81],[-21.99,-58.79],[-23.2,-58.78],[-24.41,-58.75],[-24.98,-58.27],[-25.52,-57.79],[-25.55,-57.2],[-25.58,-56.61],[-25.91,-56.58],[-25.66,-55.85],[-25.41,-55.12],[-25.17,-54.39],[-24.59,-54.38],[-24.48,-53.72],[-24.37,-53.05],[-24.26,-52.38],[-23.63,-52.34],[-23.63,-51.44],[-23.64,-50.54],[-23.65,-49.64],[-23.66,-48.74],[-23.67,-47.84],[-23.67,-46.94],[-23.39,-46.9],[-23.13,-46.11],[-22.88,-45.32],[-22.64,-44.53],[-21.58,-44.51],[-21.4,-43.9],[-20.72,-43.16],[-19.73,-43.11],[-18.75,-43.05],[-18.59,-42.35],[-17.88,-42.28],[-17.86,-42],[-17.27,-41.69],[-16.68,-41.37],[-16.49,-40.49],[-15.72,-40.41],[-14.95,-40.33],[-15.05,-39.46],[-15.15,-38.58],[-16.02,-38.64],[-16.88,-38.68],[-17.75,-38.73],[-18.02,-37.8],[-17.16,-37.74],[-16.3,-37.68],[-15.44,-37.61],[-15.41,-36.76],[-15.39,-35.91],[-15.36,-35.07],[-14.59,-34.94],[-14.47,-34.38],[-14.36,-33.82],[-13.37,-33.67],[-13.49,-32.81],[-13.77,-32.83],[-13.93,-32.03],[-14.09,-31.23],[-14.24,-30.49],[-14.38,-29.74],[-14.52,-28.99],[-14.65,-28.25],[-14.81,-27.4],[-14.96,-26.55],[-15.11,-25.71],[-15.26,-24.86],[-15.4,-24.01],[-14.65,-23.93],[-13.89,-23.85],[-13.87,-22.92],[-13.84,-21.99],[-13.56,-21.94],[-13.56,-21.15],[-13.56,-20.35],[-13.56,-19.56],[-12.6,-19.4],[-11.64,-19.23],[-11.71,-18.64],[-11.9,-17.83],[-12.03,-17.32],[-12.15,-16.82],[-12.34,-15.92],[-12.5,-15.83],[-11.67,-15.62],[-10.84,-15.4],[-10.84,-15.4],[-11.07,-14.54],[-11.31,-13.68],[-11.54,-12.82],[-12.25,-13],[-12.95,-13.17],[-13.66,-13.35]]]}},{"type":"Feature","properties":{"ma":85,"type":"gpml:TopologicalClosedPlateBoundary","name":"Challenger Plate","pid":806,"deforming":false},"geometry":{"type":"Polygon","coordinates":[[[-173.42,-61.63],[-173.35,-60.75],[-173.29,-59.87],[-173.22,-58.99],[-172.97,-59.04],[-172.97,-59.04],[-172.63,-59.71],[-171.65,-60.49],[-170.55,-61.03],[-169.44,-61.3],[-168.39,-61.66],[-166.83,-61.93],[-165.53,-62.05],[-164.22,-62.16],[-162.97,-62.3],[-162.97,-62.3],[-164.17,-62.56],[-165.4,-62.82],[-167.1,-63.4],[-168.87,-63.96],[-170.6,-64.25],[-172.38,-64.51],[-172.81,-64.7],[-172.81,-64.7],[-174.05,-64.7],[-175.29,-64.7],[-177.23,-64.67],[-179.16,-64.62],[-179.16,-64.62],[-178.65,-64.45],[-177.23,-64.01],[-175.85,-63.55],[-174.52,-63.08],[-173.5,-62.52],[-173.42,-61.63]]]}},{"type":"Feature","properties":{"ma":85,"type":"gpml:TopologicalClosedPlateBoundary","name":"Izanagi","pid":926,"deforming":false},"geometry":{"type":"MultiPolygon","coordinates":[[[[180,79.18],[180,78.2],[180,77.22],[180,76.24],[180,75.26],[180,74.28],[180,73.31],[180,72.33],[180,71.35],[180,70.37],[180,69.39],[180,68.41],[180,67.43],[180,66.45],[180,65.47],[180,64.49],[180,63.51],[180,62.53],[180,61.55],[180,60.58],[180,59.6],[180,58.62],[180,57.64],[180,56.66],[180,55.68],[180,54.7],[180,53.72],[180,52.74],[180,51.76],[180,50.78],[180,49.8],[180,48.82],[180,47.85],[180,46.87],[180,45.89],[180,44.91],[180,43.93],[180,42.95],[178.9,42.79],[177.8,42.62],[176.71,42.44],[176.98,41.47],[177.25,40.49],[177.5,39.51],[177.75,38.54],[178,37.56],[178.24,36.58],[178.47,35.6],[178.69,34.62],[178.92,33.65],[179.13,32.67],[178.17,32.5],[177.2,32.32],[176.25,32.14],[175.29,31.95],[175.58,31.07],[175.87,30.19],[176.15,29.31],[175.14,29.12],[174.13,28.93],[173.12,28.72],[172.12,28.51],[171.12,28.29],[170.13,28.06],[169.14,27.83],[168.36,27.64],[167.48,27.42],[166.6,27.19],[165.73,26.96],[164.86,26.72],[163.86,26.44],[162.88,26.16],[163.2,25.39],[163.53,24.61],[162.59,24.33],[161.66,24.04],[160.73,23.75],[159.81,23.45],[158.89,23.14],[157.97,22.83],[157.06,22.52],[157.78,22.77],[158.5,23.01],[159.22,23.26],[158.22,22.92],[157.23,22.58],[156.24,22.23],[155.25,21.87],[154.27,21.51],[153.3,21.14],[152.33,20.77],[151.36,20.4],[151.7,19.45],[152.03,18.5],[152.36,17.56],[152.69,16.61],[153.01,15.66],[153.01,15.66],[152.07,15.37],[151.14,15.08],[150.2,14.78],[149.27,14.48],[148.34,14.17],[147.41,13.87],[146.49,13.55],[145.57,13.24],[144.65,12.92],[143.73,12.6],[143.73,12.6],[143.96,11.73],[144.18,10.86],[144.4,9.99],[144.62,9.11],[144.84,8.22],[145.06,7.33],[145.28,6.43],[145.5,5.54],[145.55,5.09],[145.64,4.1],[145.64,4.1],[145.78,3.17],[145.92,2.25],[146.05,1.32],[146.05,1.32],[145.25,1.53],[144.44,1.74],[143.64,1.95],[142.8,2.42],[141.96,2.89],[141.12,3.36],[140.28,3.83],[139.44,4.31],[138.6,4.78],[137.76,5.24],[136.91,5.71],[136.07,6.18],[135.28,6.65],[134.49,7.11],[133.7,7.58],[132.91,8.04],[132.11,8.5],[131.32,8.97],[130.45,9.3],[129.58,9.63],[128.71,9.95],[127.83,10.28],[126.96,10.6],[126.96,10.6],[126.7,9.96],[126.45,9.31],[126.19,8.66],[125.49,8.19],[124.8,7.72],[124.1,7.25],[123.41,6.77],[122.71,6.3],[122.88,5.79],[123.04,5.29],[122.33,4.87],[121.62,4.45],[120.92,4.04],[120.21,3.62],[119.51,3.2],[119.21,3.04],[119.21,3.04],[118.75,2.97],[117.9,3.04],[117.05,3.1],[116.2,3.17],[115.43,3.11],[114.67,3.06],[113.91,3],[113.14,2.94],[112.4,3.32],[111.66,3.69],[110.92,4.06],[110.56,4.71],[110.19,5.36],[110.01,6.01],[109.82,6.65],[109.78,7.37],[109.24,8.16],[108.69,8.94],[108.16,9.69],[107.63,10.43],[107.25,10.99],[106.86,11.55],[106.48,12.11],[106.29,12.33],[106.67,12.75],[107.14,13.5],[107.61,14.25],[108.09,15],[108.57,15.74],[109.05,16.49],[109.53,17.3],[110.01,18.11],[110.49,18.92],[110.98,19.73],[111.48,20.54],[111.84,21.33],[112.21,22.12],[112.57,22.9],[112.95,23.69],[113.33,24.47],[113.7,25.22],[114.08,25.96],[114.47,26.71],[114.86,27.45],[115.18,28.15],[115.51,28.85],[115.84,29.55],[116.18,30.24],[116.6,31.05],[117.03,31.86],[117.47,32.67],[117.88,33.46],[118.29,34.24],[118.72,35.02],[119.13,35.74],[119.54,36.45],[119.96,37.16],[120.36,37.77],[120.75,38.38],[121.16,38.98],[121.51,39.61],[121.86,40.25],[122.23,40.88],[122.75,41.69],[123.28,42.51],[123.76,43.4],[124.26,44.28],[124.67,45.06],[125.09,45.83],[125.43,46.46],[125.77,47.09],[126.08,47.66],[126.4,48.23],[126.78,48.92],[127.17,49.62],[127.63,50.47],[128.11,51.32],[128.56,52.02],[129.03,52.71],[129.44,53.51],[129.87,54.31],[130.24,55.04],[130.63,55.76],[131.05,56.6],[131.49,57.43],[131.86,58.13],[132.25,58.84],[132.66,59.54],[132.92,60.29],[133.2,61.04],[133.48,61.78],[133.65,62.6],[133.82,63.41],[134,64.22],[134.18,65.1],[134.37,65.98],[134.37,65.98],[135.98,66.65],[137.68,67.31],[138.94,67.98],[140.28,68.63],[141.7,69.28],[143.2,69.91],[144.46,70.75],[145.84,71.58],[147.34,72.4],[148.97,73.21],[150.65,73.97],[152.48,74.72],[154.5,75.46],[155.5,76.17],[156.44,76.82],[157.48,77.47],[159.08,78.07],[160.84,78.66],[162.79,79.24],[162.79,79.24],[165.94,79.46],[169.22,79.65],[174.47,79.95],[180,80.16],[180,79.18]]],[[[-180,43.93],[-180,44.91],[-180,45.89],[-180,46.87],[-180,47.85],[-180,48.82],[-180,49.8],[-180,50.78],[-180,51.76],[-180,52.74],[-180,53.72],[-180,54.7],[-180,55.68],[-180,56.66],[-180,57.64],[-180,58.62],[-180,59.6],[-180,60.58],[-180,61.55],[-180,62.53],[-180,63.51],[-180,64.49],[-180,65.47],[-180,66.45],[-180,67.43],[-180,68.41],[-180,69.39],[-180,70.37],[-180,71.35],[-180,72.33],[-180,73.31],[-180,74.28],[-180,75.26],[-180,76.24],[-180,77.22],[-180,78.2],[-180,79.18],[-180,80.16],[-174.6,80.27],[-169.12,80.3],[-163.89,79.92],[-159.08,79.46],[-154.7,78.93],[-150.88,78.41],[-147.41,77.84],[-144.25,77.23],[-140.94,76.88],[-137.81,76.5],[-134.86,76.08],[-132.08,75.63],[-129.19,75.24],[-126.46,74.81],[-123.87,74.36],[-121.43,73.87],[-118.53,73.65],[-115.72,73.39],[-115.72,73.39],[-117.01,72.93],[-118.24,72.47],[-120.83,72.51],[-123.43,72.51],[-126.02,72.48],[-128.6,72.41],[-129.62,71.49],[-130.55,70.56],[-131.4,69.63],[-132.18,68.69],[-132.89,67.75],[-133.55,66.81],[-134.16,65.86],[-133.99,64.93],[-133.84,64],[-133.7,63.06],[-133.56,62.13],[-133.43,61.19],[-132.68,60.31],[-131.97,59.42],[-131.3,58.53],[-130.65,57.64],[-130.04,56.74],[-129.46,55.84],[-128.91,54.94],[-128.37,54.03],[-127.87,53.12],[-127.29,52.54],[-126.72,51.96],[-126.18,51.37],[-127.23,50.71],[-128.25,50.03],[-129.24,49.34],[-130.2,48.65],[-131.14,47.94],[-132.05,47.23],[-132.94,46.52],[-133.8,45.79],[-134.65,45.06],[-135.47,44.33],[-136.27,43.59],[-137.05,42.84],[-137.99,42.15],[-138.91,41.46],[-139.81,40.76],[-140.69,40.06],[-141.56,39.35],[-141.56,39.35],[-142.03,40.19],[-142.52,41.02],[-142.52,41.02],[-143.64,40.95],[-144.95,40.92],[-146.26,40.88],[-147.57,40.82],[-148.69,40.76],[-149.81,40.69],[-150.93,40.61],[-152.05,40.51],[-152.94,40.43],[-153.97,40.33],[-155,40.21],[-156.03,40.09],[-157.05,39.96],[-157.15,40.75],[-157.25,41.53],[-158.45,41.38],[-159.64,41.22],[-160.83,41.04],[-162.01,40.85],[-163.19,40.65],[-164.35,40.43],[-165.51,40.21],[-166.66,39.97],[-167.81,39.72],[-168.94,39.46],[-170.07,39.19],[-170.07,39.19],[-170.07,39.19],[-170.17,40.04],[-170.28,40.89],[-170.4,41.87],[-170.53,42.86],[-170.66,43.84],[-172.01,43.76],[-173.36,43.67],[-174.7,43.55],[-176.03,43.43],[-177.36,43.28],[-178.68,43.12],[-180,42.95],[-180,43.93]]]]}},{"type":"Feature","properties":{"ma":85,"type":"gpml:TopologicalClosedPlateBoundary","name":"Kohistan-Ladakh back-arc","pid":529,"deforming":false},"geometry":{"type":"Polygon","coordinates":[[[50.25,2.97],[50.58,3.91],[50.9,4.85],[51.23,5.79],[51.55,6.73],[51.88,7.66],[52.21,8.6],[52.57,9.46],[52.93,10.32],[53.29,11.17],[53.65,12.03],[54.01,12.88],[54.38,13.73],[54.75,14.59],[55.06,15.21],[55.38,15.84],[55.7,16.47],[55.7,16.47],[56.55,16.38],[57.41,16.3],[58.26,16.21],[59.12,16.11],[59.09,15.58],[59.07,15.04],[60.07,14.94],[61.07,14.83],[62.07,14.71],[62.06,14.12],[62.04,13.53],[62.88,13.48],[63.71,13.43],[63.68,12.6],[64.58,12.53],[65.49,12.45],[65.46,11.79],[66.44,11.73],[67.41,11.68],[68.39,11.61],[69.36,11.55],[70.34,11.48],[71.31,11.41],[71.44,11.4],[71.44,11.4],[71.59,11.9],[71.74,12.39],[72.73,12.29],[73.71,12.18],[74.69,12.06],[75.67,11.94],[76.65,11.82],[76.74,12.33],[76.82,12.84],[77.71,12.72],[78.59,12.6],[79.47,12.47],[80.25,12.47],[81.03,12.46],[81.81,12.44],[81.81,12.44],[81.63,11.5],[81.46,10.55],[81.29,9.6],[81.05,8.7],[80.81,7.8],[80.57,6.91],[80.33,6.01],[80.09,5.11],[79.85,4.21],[79.62,3.31],[79.38,2.41],[79.15,1.51],[79.04,1.19],[79.04,1.19],[78.29,0.86],[77.55,0.53],[76.81,0.2],[76.03,-0.03],[75.25,-0.27],[74.47,-0.51],[73.58,-0.63],[72.69,-0.76],[71.8,-0.89],[70.91,-1.01],[70.02,-1.14],[69.07,-1.17],[68.13,-1.19],[67.18,-1.22],[66.24,-1.24],[65.29,-1.27],[64.35,-1.29],[63.36,-1.12],[62.38,-0.94],[61.4,-0.77],[60.42,-0.59],[59.48,-0.36],[58.53,-0.12],[57.59,0.11],[56.65,0.34],[55.81,0.62],[54.97,0.9],[54.13,1.19],[53.33,1.54],[52.53,1.89],[51.74,2.24],[50.99,2.61],[50.25,2.97]]]}},{"type":"Feature","properties":{"ma":85,"type":"gpml:TopologicalClosedPlateBoundary","name":"Adria","pid":307,"deforming":false},"geometry":{"type":"Polygon","coordinates":[[[19.67,15.4],[18.9,16.02],[18.12,16.63],[17.34,17.24],[16.55,17.85],[15.76,18.46],[14.97,19.06],[14.16,19.66],[13.35,20.25],[12.54,20.84],[11.69,21.33],[10.84,21.82],[9.98,22.31],[9.12,22.79],[8.25,23.26],[7.37,23.73],[6.49,24.2],[5.71,24.7],[4.92,25.21],[4.13,25.71],[3.33,26.2],[2.53,26.69],[2.53,26.69],[2.99,27.26],[3.45,27.83],[3.92,28.39],[4.05,28.52],[4.05,28.52],[4.63,28.42],[5.64,28.23],[6.64,28.03],[7.65,27.82],[8.64,27.6],[9.01,27.77],[9.87,27.51],[10.73,27.25],[11.58,26.98],[11.58,26.98],[12.33,27.17],[13.08,27.35],[13.85,27.57],[14.63,27.79],[14.63,27.79],[15.49,27.6],[16.15,27.46],[17.02,27.27],[17.66,27.21],[18.4,27.14],[19.01,27.07],[19.61,27.01],[20.35,27.11],[21.14,27.22],[22.16,27.35],[23.06,27.48],[23.95,27.61],[24.65,27.7],[25.32,27.79],[26.38,27.92],[27.32,28.03],[28.28,28.13],[29.3,28.23],[29.86,28.29],[30.56,28.35],[31.09,28.4],[32.14,28.25],[33.19,28.09],[34.23,27.92],[34.66,27.83],[34.66,27.83],[34.48,27.23],[34.06,26.53],[33.64,25.83],[33.22,25.13],[32.73,24.27],[32.12,23.47],[31.85,22.83],[31.59,22.18],[31.4,21.27],[31.46,20.3],[31.52,19.33],[31.78,18.51],[32.03,17.7],[32.03,17.7],[31.67,17.56],[30.69,17.23],[30.55,17.46],[30,17.27],[29.44,17.07],[28.74,16.84],[28.03,16.6],[27.93,16.85],[27.19,16.58],[26.46,16.31],[25.87,16.08],[25.28,15.83],[24.69,15.66],[24.1,15.48],[23.51,15.63],[22.82,15.86],[22.13,16.11],[21.39,16.35],[20.54,15.99],[19.68,15.63],[19.76,15.44],[19.67,15.4]]]}},{"type":"Feature","properties":{"ma":85,"type":"gpml:TopologicalClosedPlateBoundary","name":"Western half of South Loyalty Basin","pid":833,"deforming":false},"geometry":{"type":"MultiPolygon","coordinates":[[[[180,-57.3],[179.71,-57.14],[178.6,-56.79],[177.39,-56.65],[176.1,-56.57],[174.33,-56.51],[173.02,-56.6],[173.1,-56.26],[172.93,-56.16],[171.74,-55.89],[170.84,-55.73],[170.02,-55.49],[168.59,-54.99],[168.24,-54.68],[167.96,-54.29],[167.81,-53.69],[167.78,-52.91],[167.63,-52.5],[166.82,-51.94],[166.53,-51.24],[166.4,-50.98],[166.95,-50.33],[166.77,-49.91],[166.45,-49.1],[166.27,-48.36],[166.26,-47.44],[166.1,-46.8],[166.07,-46.5],[165.96,-46.3],[165.88,-46.01],[165.32,-45.62],[164.51,-45.34],[163.52,-44.86],[162.58,-44.4],[161.8,-43.83],[161.29,-43.48],[160.78,-43.13],[160.41,-42.63],[160.04,-42.12],[159.22,-41.5],[158.02,-41.51],[156.81,-41.51],[155.6,-41.49],[154.74,-41.05],[154.38,-40.68],[154.44,-39.89],[153.82,-39.33],[154.13,-38.83],[154.44,-38.33],[154.72,-37.86],[154.46,-37],[153.91,-36.35],[153.25,-35.87],[152.97,-35.7],[152.64,-35.54],[152.4,-35.38],[152.4,-35.38],[152.35,-35.44],[152.35,-35.44],[153.16,-35.82],[153.61,-36.18],[154.1,-36.56],[154.63,-37.02],[155.03,-37.54],[155.24,-37.78],[155.56,-38.33],[155.97,-38.83],[156.07,-38.95],[156.54,-39.43],[156.87,-39.71],[157.27,-40.03],[157.83,-40.44],[158.11,-40.66],[158.75,-41.07],[159.39,-41.48],[159.8,-41.78],[160.07,-42.11],[160.34,-42.47],[160.5,-42.65],[160.79,-42.96],[161.21,-43.31],[161.55,-43.58],[161.92,-43.81],[162.22,-44.01],[162.52,-44.2],[162.73,-44.33],[163.13,-44.56],[163.75,-44.85],[164.18,-45.06],[164.53,-45.25],[164.79,-45.35],[165.38,-45.59],[165.64,-45.74],[165.84,-45.85],[165.94,-45.97],[166.01,-46.09],[166.13,-46.26],[166.17,-46.44],[166.28,-46.94],[166.41,-47.65],[166.44,-47.86],[166.5,-48.28],[166.57,-48.73],[166.65,-49.02],[166.76,-49.33],[166.87,-49.67],[166.98,-50.02],[167.11,-50.33],[166.77,-50.92],[166.81,-51.04],[166.87,-51.23],[166.96,-51.36],[167.11,-51.63],[167.24,-51.84],[167.45,-52.08],[167.77,-52.43],[168.04,-52.78],[168.22,-53.18],[168.26,-53.42],[168.4,-54.12],[168.49,-54.33],[168.67,-54.58],[169.24,-54.8],[169.56,-54.94],[170.15,-55.2],[170.65,-55.35],[171.86,-55.66],[172.89,-55.87],[174.38,-56.28],[174.38,-56.28],[175.16,-56.4],[176.07,-56.42],[177.25,-56.5],[178.08,-56.54],[178.71,-56.63],[179.1,-56.7],[179.87,-56.89],[180,-56.94],[180,-57.3]]],[[[-180,-56.94],[-179.7,-57.07],[-179.02,-57.4],[-178.72,-57.55],[-177.96,-57.83],[-176.93,-58.08],[-176.15,-58.21],[-175.35,-58.33],[-173.98,-58.52],[-173.19,-58.62],[-173.19,-58.62],[-172.97,-59.04],[-172.97,-59.04],[-174.51,-58.68],[-175.52,-58.58],[-176.53,-58.47],[-178.1,-58.15],[-178.88,-57.83],[-179.64,-57.5],[-180,-57.3],[-180,-56.94]]]]}},{"type":"Feature","properties":{"ma":85,"type":"gpml:TopologicalClosedPlateBoundary","name":"Proto-Loyalty Arc plate","pid":841,"deforming":false},"geometry":{"type":"MultiPolygon","coordinates":[[[[180,-56.94],[179.87,-56.89],[179.1,-56.7],[178.71,-56.63],[178.08,-56.54],[177.25,-56.5],[176.07,-56.42],[175.16,-56.4],[174.38,-56.28],[172.89,-55.87],[171.86,-55.66],[170.65,-55.35],[170.15,-55.2],[169.56,-54.94],[169.24,-54.8],[168.67,-54.58],[168.49,-54.33],[168.4,-54.12],[168.26,-53.42],[168.22,-53.18],[168.04,-52.78],[167.77,-52.43],[167.45,-52.08],[167.24,-51.84],[167.11,-51.63],[166.96,-51.36],[166.87,-51.23],[166.81,-51.04],[166.77,-50.92],[166.95,-50.33],[166.77,-49.91],[166.45,-49.1],[166.27,-48.36],[166.26,-47.44],[166.1,-46.8],[166.07,-46.5],[166.13,-46.26],[166.01,-46.09],[165.94,-45.97],[165.84,-45.85],[165.64,-45.74],[165.38,-45.59],[164.79,-45.35],[164.53,-45.25],[164.18,-45.06],[163.75,-44.85],[163.13,-44.56],[162.73,-44.33],[162.52,-44.2],[162.22,-44.01],[161.92,-43.81],[161.55,-43.58],[161.21,-43.31],[160.79,-42.96],[160.5,-42.65],[160.34,-42.47],[160.07,-42.11],[159.8,-41.78],[159.39,-41.48],[158.75,-41.07],[158.11,-40.66],[158.11,-40.66],[157.83,-40.44],[157.27,-40.03],[156.87,-39.71],[156.54,-39.43],[156.07,-38.95],[155.97,-38.83],[155.56,-38.33],[155.24,-37.78],[155.03,-37.54],[154.63,-37.02],[154.1,-36.56],[153.61,-36.18],[153.16,-35.82],[152.35,-35.44],[152.35,-35.44],[152.72,-34.95],[152.25,-34.15],[152.86,-33.33],[153.46,-32.51],[154.05,-31.69],[154.05,-31.69],[154.31,-31.69],[154.64,-31.78],[154.96,-31.87],[155.24,-32],[155.6,-32.19],[155.92,-32.33],[156.27,-32.57],[156.66,-32.92],[157.19,-33.26],[157.19,-33.26],[157.27,-33.35],[157.68,-33.8],[157.78,-34.01],[158.03,-34.28],[158.19,-34.69],[158.3,-35.14],[158.38,-35.45],[158.67,-35.93],[158.98,-36.63],[159.35,-37.15],[159.86,-37.75],[160.24,-38.14],[161,-38.69],[161.56,-39.03],[162.1,-39.47],[162.51,-39.81],[162.94,-40.08],[163.53,-40.59],[164.21,-41.02],[164.79,-41.45],[165.33,-42],[166.06,-42.7],[166.71,-43.48],[167.13,-43.99],[167.5,-44.59],[168.02,-45.2],[168.28,-46.05],[168.15,-46.57],[167.9,-47.03],[167.7,-47.54],[167.78,-48.51],[167.84,-49.04],[167.9,-49.57],[167.9,-50.12],[167.81,-50.31],[167.79,-50.44],[167.75,-50.54],[167.76,-50.61],[167.78,-50.66],[167.79,-50.7],[167.79,-50.7],[167.82,-50.72],[167.95,-50.91],[168.03,-51.12],[168.17,-51.41],[168.32,-51.55],[168.55,-51.82],[168.73,-52.05],[168.92,-52.29],[169.07,-52.53],[169.23,-52.76],[169.33,-53.07],[169.51,-53.57],[169.63,-53.86],[170.13,-54.71],[170.28,-54.83],[170.84,-55.05],[172.26,-55.46],[173.58,-55.69],[173.9,-55.77],[173.9,-55.77],[173.97,-55.76],[174.85,-55.71],[175.64,-55.63],[177.23,-55.66],[178.2,-55.71],[179.04,-55.81],[179.85,-55.94],[180,-55.98],[180,-56.94]]],[[[-180,-55.98],[-179.12,-56.21],[-177.77,-56.68],[-176.61,-57.08],[-175.6,-57.34],[-174.62,-57.57],[-173.65,-57.82],[-173.65,-57.82],[-173.23,-58.53],[-173.19,-58.62],[-173.19,-58.62],[-173.98,-58.52],[-175.35,-58.33],[-176.15,-58.21],[-176.93,-58.08],[-177.96,-57.83],[-178.72,-57.55],[-179.02,-57.4],[-179.7,-57.07],[-180,-56.94],[-180,-55.98]]]]}},{"type":"Feature","properties":{"ma":85,"type":"gpml:TopologicalClosedPlateBoundary","name":"Woyla Back-arc","pid":787,"deforming":false},"geometry":{"type":"Polygon","coordinates":[[[79.73,3.75],[79.95,4.58],[80.17,5.42],[80.39,6.26],[80.62,7.09],[80.84,7.93],[81.06,8.76],[81.29,9.6],[81.45,10.5],[81.62,11.41],[81.78,12.31],[81.95,13.21],[82.12,14.12],[82.39,14.83],[82.66,15.54],[82.93,16.25],[83.21,16.96],[83.21,16.96],[83.82,16.71],[84.44,16.46],[85,15.81],[85.57,15.17],[86.12,14.52],[86.68,13.88],[87.23,13.23],[87.85,12.59],[88.47,11.94],[89.09,11.3],[89.71,10.66],[90.32,10.01],[90.85,9.32],[91.39,8.99],[91.92,8.66],[91.92,8.66],[92.82,8.35],[93.73,8.05],[94.49,7.75],[95.25,7.45],[96.01,7.15],[96.77,6.85],[97.35,6.52],[97.94,6.2],[98.53,5.87],[99.32,5.49],[100.12,5.11],[100.91,4.73],[101.7,4.35],[102.24,3.75],[102.78,3.15],[103.32,2.55],[103.71,1.92],[104.09,1.29],[104.73,0.57],[105.36,-0.15],[105.99,-0.87],[106.66,-1.53],[106.66,-1.53],[106.48,-1.5],[105.59,-1.4],[104.69,-1.29],[103.8,-1.18],[102.9,-1.07],[102.01,-0.96],[101.11,-0.85],[100.21,-0.74],[99.25,-0.53],[98.29,-0.33],[97.32,-0.12],[96.36,0.09],[95.4,0.29],[94.56,0.59],[93.72,0.89],[92.87,1.18],[92.03,1.48],[91.19,1.78],[90.38,1.93],[89.56,2.07],[88.59,2.21],[87.61,2.35],[86.64,2.48],[85.66,2.62],[84.68,2.75],[83.71,2.89],[82.73,3.02],[81.76,3.15],[81.08,3.35],[80.41,3.55],[79.73,3.75]]]}},{"type":"Feature","properties":{"ma":85,"type":"gpml:TopologicalClosedPlateBoundary","name":"Iberia","pid":304,"deforming":false},"geometry":{"type":"Polygon","coordinates":[[[-3.82,21.93],[-3.91,21.92],[-4.78,21.88],[-5.65,21.83],[-6.52,21.78],[-7.55,21.84],[-8.59,21.9],[-9.62,21.95],[-10.66,22],[-11.69,22.04],[-12.73,22.07],[-13.55,22.5],[-14.38,22.92],[-15.22,23.34],[-16.06,23.75],[-16.91,24.16],[-17.76,24.57],[-18.56,24.89],[-19.36,25.21],[-20.17,25.52],[-20.17,25.52],[-19.77,25.92],[-19.35,26.31],[-19.08,26.7],[-18.79,27.06],[-18.59,27.47],[-18.41,27.79],[-18.28,28.22],[-18.12,28.65],[-18,28.74],[-17.86,28.99],[-17.7,29.2],[-17.47,29.41],[-17.22,29.7],[-16.87,30],[-16.7,30.24],[-16.64,30.3],[-16.55,30.51],[-16.49,30.63],[-16.4,30.74],[-16.23,30.95],[-16.09,31.21],[-15.98,31.31],[-15.92,31.4],[-15.78,31.52],[-15.65,31.55],[-15.54,31.69],[-15.44,31.78],[-15.28,32.05],[-15.15,32.16],[-14.76,32.65],[-14.54,32.95],[-13.95,33.71],[-13.95,33.71],[-13.69,33.53],[-12.91,33.42],[-12.24,33.19],[-11.68,32.87],[-10.88,32.77],[-10.14,32.47],[-9.54,32.22],[-9.37,32],[-9.31,31.78],[-9.28,31.61],[-9.32,31.45],[-9.35,31.27],[-9.45,31.13],[-9.55,30.96],[-9.64,30.84],[-9.67,30.81],[-9.67,30.81],[-9.61,30.79],[-9.11,30.89],[-8.57,30.87],[-8.56,30.87],[-8.56,30.87],[-8.44,30.78],[-8.35,30.58],[-8.18,30.21],[-8.04,29.45],[-8.04,29.45],[-7.79,29.46],[-7.58,29.46],[-7.22,29.46],[-6.91,29.45],[-6.6,29.44],[-6.6,29.44],[-5.76,30.09],[-5.76,30.09],[-5.65,30.07],[-5.06,29.89],[-4.46,29.71],[-3.56,29.67],[-2.66,29.61],[-1.76,29.55],[-0.88,29.63],[-0.1,29.74],[0.68,29.85],[1.26,30.2],[1.85,30.54],[2.69,31.19],[3.23,31.73],[3.77,32.26],[4.32,32.79],[4.32,32.79],[4.68,32.53],[5.36,32.26],[6.03,31.99],[6.72,31.81],[7.41,31.64],[8.02,31.52],[8.63,31.4],[9.27,31.32],[9.27,31.32],[8.68,31.35],[8.08,31.37],[7.05,30.91],[6.03,30.44],[5.32,29.76],[4.61,29.08],[3.92,28.39],[3.41,27.77],[2.9,27.16],[2.4,26.54],[2.4,26.54],[1.55,25.89],[0.71,25.23],[-0.12,24.57],[-0.87,24.05],[-1.61,23.53],[-2.35,23],[-3.09,22.47],[-3.82,21.93]]]}},{"type":"Feature","properties":{"ma":85,"type":"gpml:TopologicalClosedPlateBoundary","name":"Caribbean","pid":224,"deforming":false},"geometry":{"type":"Polygon","coordinates":[[[-59.59,2.04],[-59.69,1.28],[-59.79,0.51],[-59.89,-0.26],[-60.25,-1.06],[-60.62,-1.85],[-60.98,-2.65],[-61.39,-3.52],[-61.8,-4.39],[-62.21,-5.26],[-62.63,-6.13],[-63.04,-7],[-63.45,-7.87],[-63.45,-7.87],[-63.85,-8.1],[-64.58,-8.58],[-65.32,-9.06],[-66.05,-9.54],[-66.83,-9.71],[-67.6,-9.88],[-68.38,-10.05],[-69.15,-10.22],[-70.15,-10.16],[-71.14,-10.09],[-72.14,-10.03],[-73.14,-9.96],[-74.15,-9.93],[-75.16,-9.9],[-75.16,-9.9],[-75.7,-9.28],[-75.94,-8.7],[-76.18,-7.91],[-76.41,-7.12],[-77.1,-6.42],[-77.94,-6.06],[-78.25,-5.91],[-78.25,-5.91],[-79.15,-5.71],[-79.82,-5.42],[-80.48,-5.12],[-81.14,-4.82],[-81.79,-4.26],[-82.44,-3.69],[-83.06,-2.98],[-83.67,-2.27],[-84.29,-1.56],[-84.9,-0.84],[-85.43,-0.06],[-85.96,0.72],[-86.49,1.51],[-86.8,2.1],[-86.8,2.1],[-85.83,2.14],[-84.86,2.19],[-83.89,2.24],[-83.2,2.63],[-82.51,3.02],[-81.82,3.41],[-81.13,3.8],[-80.4,4.42],[-79.67,5.04],[-78.92,5.09],[-78.17,5.13],[-77.41,5.18],[-76.66,5.22],[-76.01,5.58],[-75.37,5.94],[-74.63,6.27],[-73.88,6.6],[-73.13,6.93],[-72.39,7.26],[-72.59,8.01],[-72.79,8.76],[-73,9.5],[-73.2,10.25],[-72.29,10.3],[-71.37,10.34],[-70.46,10.38],[-69.54,10.42],[-68.63,10.46],[-68.63,10.46],[-68.05,10.29],[-67.32,9.91],[-66.6,9.53],[-65.88,9.16],[-65.17,8.78],[-64.45,8.4],[-63.63,7.83],[-62.81,7.26],[-62,6.69],[-61.19,6.12],[-60.77,5.68],[-60.36,5.24],[-60.06,4.45],[-59.76,3.66],[-59.67,2.85],[-59.59,2.04]]]}},{"type":"Feature","properties":{"ma":85,"type":"gpml:TopologicalClosedPlateBoundary","name":"Aluk","pid":904,"deforming":false},"geometry":{"type":"Polygon","coordinates":[[[-61.57,-37.07],[-61.58,-37.97],[-61.6,-38.87],[-61.91,-39.76],[-62.22,-40.66],[-62.53,-41.55],[-62.86,-42.44],[-63.2,-43.34],[-63.63,-44.02],[-64.08,-44.7],[-64.3,-45.12],[-64.44,-45.59],[-64.44,-45.59],[-64.81,-46.15],[-65.08,-46.42],[-65.24,-46.77],[-65.36,-47.05],[-65.58,-47.5],[-65.74,-47.78],[-66.02,-48.28],[-66.23,-48.64],[-66.44,-49.03],[-66.65,-49.44],[-66.98,-50.07],[-67.12,-50.32],[-67.31,-50.67],[-67.48,-50.98],[-67.63,-51.27],[-67.8,-51.63],[-67.92,-51.93],[-68.03,-52.18],[-68.06,-52.25],[-68.12,-52.48],[-68.2,-52.76],[-68.27,-53.2],[-68.51,-53.51],[-68.82,-53.83],[-69.24,-54.19],[-69.71,-54.62],[-69.99,-54.89],[-70.23,-55.13],[-70.44,-55.33],[-70.75,-55.66],[-70.99,-56.09],[-71.07,-56.45],[-71.12,-56.77],[-71.17,-57.02],[-71.17,-57.32],[-71.18,-57.67],[-71.13,-58.05],[-71.06,-58.45],[-71.09,-58.77],[-71.15,-58.93],[-71.24,-59.26],[-71.35,-59.63],[-71.45,-59.99],[-71.48,-60.37],[-71.47,-60.44],[-71.3,-60.84],[-71.02,-61.11],[-70.53,-61.56],[-70.12,-61.87],[-69.98,-62],[-69.73,-62.18],[-69.44,-62.35],[-69.17,-62.53],[-68.86,-62.73],[-68.58,-62.91],[-68.58,-62.91],[-70.06,-63.12],[-71.56,-63.32],[-73.6,-63.48],[-75.32,-63.1],[-76.74,-62.75],[-77.95,-63.11],[-79.18,-63.47],[-80.74,-63.72],[-82.32,-63.96],[-84.06,-64.43],[-86.03,-64.61],[-87.73,-64.92],[-87.73,-64.92],[-88.97,-64.34],[-90.68,-63.83],[-92.33,-63.3],[-93.92,-62.75],[-95.45,-62.18],[-96.93,-61.6],[-98.34,-60.87],[-99.69,-60.13],[-100.98,-59.38],[-102.22,-58.61],[-103.4,-57.83],[-104.53,-57.04],[-104.58,-57],[-104.58,-57],[-103.18,-56.44],[-101.82,-55.86],[-100.51,-55.28],[-99.23,-54.67],[-97.99,-54.06],[-96.79,-53.43],[-95.62,-52.79],[-94.49,-52.14],[-93.38,-51.48],[-92.32,-50.81],[-91.08,-51.25],[-89.83,-51.67],[-88.55,-52.08],[-87.25,-52.47],[-85.92,-52.86],[-84.58,-53.22],[-83.84,-52.4],[-83.13,-51.58],[-82.45,-50.75],[-81.79,-49.92],[-81.15,-49.09],[-80.53,-48.25],[-79.94,-47.41],[-79.36,-46.56],[-78.8,-45.71],[-78.26,-44.86],[-77.73,-44.01],[-77.22,-43.16],[-76.72,-42.3],[-75.4,-42.51],[-74.08,-42.71],[-72.74,-42.89],[-71.4,-43.05],[-70.05,-43.2],[-68.7,-43.34],[-67.33,-43.46],[-66.63,-42.66],[-65.94,-41.86],[-65.27,-41.06],[-64.61,-40.25],[-63.97,-39.44],[-63.34,-38.63],[-62.73,-37.81],[-62.13,-36.99],[-61.55,-36.17],[-61.57,-37.07]]]}},{"type":"Feature","properties":{"ma":85,"type":"gpml:TopologicalClosedPlateBoundary","name":"South flank of BAB near Coral Sea","pid":836,"deforming":false},"geometry":{"type":"Polygon","coordinates":[[[140.26,-29.97],[140.38,-29.68],[140.38,-29.68],[141.11,-30.17],[141.85,-30.65],[142.59,-31.13],[143.46,-31.66],[144.33,-32.19],[145.21,-32.71],[146.11,-33.23],[147.01,-33.73],[147.94,-34.25],[148.87,-34.76],[149.82,-35.26],[150.77,-35.75],[151.74,-36.23],[151.74,-36.23],[151.54,-36.49],[151.54,-36.49],[151.11,-36.26],[150.86,-36.08],[150.34,-35.87],[149.69,-35.61],[149.05,-35.34],[148.24,-35],[147.43,-34.65],[146.63,-34.29],[145.94,-33.76],[145.26,-33.23],[144.58,-32.69],[143.79,-32.2],[143,-31.71],[142.3,-31.38],[141.61,-31.05],[141.08,-30.74],[140.56,-30.42],[140.14,-30.31],[140.26,-29.97]]]}},{"type":"Feature","properties":{"ma":85,"type":"gpml:TopologicalClosedPlateBoundary","name":"North flank of BAB near Coral Sea","pid":854,"deforming":false},"geometry":{"type":"Polygon","coordinates":[[[141.51,-27.08],[141.99,-27.5],[142.47,-27.92],[142.85,-28.47],[143.23,-29.03],[143.61,-29.5],[143.99,-29.96],[144.57,-30.23],[145.15,-30.49],[145.99,-30.63],[146.83,-30.77],[147.59,-31.19],[148.35,-31.61],[149,-31.83],[149.66,-32.03],[150.19,-32.51],[150.8,-32.67],[151.42,-32.82],[152.13,-33.16],[152.59,-33.7],[152.59,-33.7],[152.25,-34.15],[152.72,-34.95],[152.23,-35.59],[151.74,-36.23],[151.74,-36.23],[150.77,-35.75],[149.82,-35.26],[148.87,-34.76],[147.94,-34.25],[147.01,-33.73],[146.11,-33.23],[145.21,-32.71],[144.33,-32.19],[143.46,-31.66],[142.59,-31.13],[141.85,-30.65],[141.11,-30.17],[140.38,-29.68],[140.38,-29.68],[140.65,-29.06],[140.91,-28.43],[141.17,-27.8],[141.51,-27.08]]]}},{"type":"Feature","properties":{"ma":85,"type":"gpml:TopologicalClosedPlateBoundary","name":"INDIA","pid":501,"deforming":false},"geometry":{"type":"Polygon","coordinates":[[[32.4,-56.88],[33.2,-56.19],[33.97,-55.49],[34.71,-54.78],[35.42,-54.08],[36.11,-53.36],[35.4,-53.08],[36.25,-52.42],[37.08,-51.74],[37.88,-51.07],[38.66,-50.39],[39.42,-49.7],[38.32,-49.06],[37.25,-48.41],[36.2,-47.75],[35.19,-47.09],[35.94,-46.65],[36.88,-46.08],[37.81,-45.49],[38.71,-44.9],[38.05,-44.28],[37.39,-43.65],[38.15,-43.09],[38.89,-42.52],[39.62,-41.94],[38.84,-41.37],[38.07,-40.8],[38.75,-40.21],[39.41,-39.62],[40.06,-39.03],[39.27,-38.38],[39.86,-37.91],[39.61,-37.46],[39.75,-37.32],[39.75,-37.32],[40.08,-37.44],[40.14,-37.61],[40.26,-38.11],[40.37,-38.46],[40.28,-39.13],[39.85,-39.81],[39.58,-40.62],[39.34,-41.51],[39.33,-41.65],[39.68,-41.9],[39.61,-42.01],[39.34,-42.41],[39.27,-43.15],[39.38,-43.76],[39.48,-44.36],[39.62,-45.13],[39.08,-45.6],[38.74,-45.97],[38.91,-46.79],[38.79,-46.92],[38.79,-46.92],[38.83,-47.04],[38.67,-47.99],[39.02,-48.83],[39.08,-48.86],[39.08,-48.86],[39.66,-48.78],[39.66,-48.78],[39.69,-48.16],[39.83,-47.26],[39.97,-46.36],[40.1,-45.46],[40.24,-44.65],[40.38,-43.85],[40.51,-43.04],[40.64,-42.23],[40.77,-41.55],[40.9,-40.87],[41.02,-40.18],[41.12,-39.27],[41.21,-38.36],[41.29,-37.45],[41.28,-36.67],[41.27,-35.89],[41.26,-35.11],[41.19,-34.39],[41.12,-33.67],[41.05,-32.95],[41.03,-32.27],[41.02,-31.59],[41,-30.91],[40.92,-30.21],[40.84,-29.51],[40.92,-28.89],[40.92,-28.89],[40.49,-28.86],[39.89,-28.81],[39.3,-28.76],[39.29,-28.76],[39.29,-28.76],[39.21,-29.59],[39.13,-30.42],[39.05,-31.26],[38.93,-32.04],[38.81,-32.81],[38.69,-33.59],[38.68,-33.63],[38.68,-33.63],[38.31,-33.12],[37.94,-32.62],[37.39,-31.86],[36.85,-31.11],[37.45,-30.62],[38.05,-30.12],[37.85,-29.3],[37.66,-28.48],[37.47,-27.66],[37.28,-26.83],[37.09,-26.01],[36.9,-25.19],[36.9,-25.19],[37.42,-24.46],[37.93,-23.73],[38.44,-22.99],[38.94,-22.26],[39.44,-21.53],[39.87,-20.84],[40.3,-20.15],[40.72,-19.46],[41.14,-18.77],[41.37,-17.94],[41.6,-17.12],[41.83,-16.29],[42.06,-15.46],[42.28,-14.64],[42.5,-13.81],[42.54,-12.86],[42.58,-11.91],[42.62,-10.96],[42.65,-10.01],[42.69,-9.06],[43.22,-8.37],[43.74,-7.67],[44.26,-6.98],[44.78,-6.28],[45.3,-5.58],[45.81,-4.89],[46.33,-4.19],[46.86,-3.35],[47.39,-2.52],[47.93,-1.68],[48.46,-0.84],[48.99,0],[49.52,0.83],[49.76,1.54],[50.01,2.25],[50.25,2.97],[50.25,2.97],[50.99,2.61],[51.74,2.24],[52.53,1.89],[53.33,1.54],[54.13,1.19],[54.97,0.9],[55.81,0.62],[56.65,0.34],[57.59,0.11],[58.53,-0.12],[59.48,-0.36],[60.42,-0.59],[61.4,-0.77],[62.38,-0.94],[63.36,-1.12],[64.35,-1.29],[65.3,-1.27],[66.25,-1.24],[67.2,-1.22],[68.15,-1.19],[69.1,-1.16],[69.1,-1.16],[69.53,-1.83],[69.96,-2.49],[70.38,-3.15],[71.06,-2.95],[71.73,-2.76],[72.4,-2.56],[72.87,-3.28],[73.33,-4],[73.79,-4.72],[74.26,-5.44],[74.72,-6.16],[75.65,-5.84],[76.13,-6.58],[76.6,-7.33],[77.08,-8.07],[77.56,-8.81],[78.04,-9.55],[78.52,-10.29],[79.01,-11.03],[79.5,-11.77],[80.2,-11.69],[80.9,-11.62],[81.6,-11.54],[81.75,-12.09],[82.67,-11.95],[83.59,-11.8],[84.51,-11.65],[85.42,-11.5],[86.34,-11.34],[86.44,-11.66],[87.24,-11.6],[88.03,-11.54],[88.83,-11.48],[89.63,-11.42],[89.82,-12.31],[90.02,-13.2],[90.22,-14.09],[90.42,-14.98],[90.62,-15.87],[90.82,-16.75],[91.02,-17.64],[91.23,-18.53],[91.44,-19.42],[91.65,-20.31],[91.86,-21.19],[91.96,-21.87],[92.06,-22.54],[92.17,-23.21],[92.17,-23.21],[91.17,-23.37],[91.17,-23.37],[90.96,-23.89],[90.76,-24.41],[90.75,-25.34],[90.73,-26.27],[90.72,-27.2],[90.71,-28.13],[90.69,-29.06],[90.68,-30],[89.66,-30.07],[88.63,-30.13],[87.6,-30.18],[86.58,-30.23],[86.5,-31.04],[86.42,-31.85],[86.34,-32.67],[86.26,-33.48],[86.18,-34.3],[85.2,-34.33],[84.22,-34.35],[83.24,-34.37],[83.1,-35.23],[82,-35.2],[80.89,-35.16],[79.79,-35.11],[79.7,-36.03],[79.62,-36.95],[79.53,-37.87],[79.44,-38.79],[79.35,-39.71],[79.25,-40.63],[79.16,-41.55],[79.06,-42.46],[78.95,-43.38],[78.85,-44.3],[78.74,-45.22],[78.62,-46.14],[77.44,-46.07],[76.26,-46],[75.08,-45.91],[73.9,-45.81],[73.71,-46.75],[73.5,-47.7],[73.29,-48.64],[73.13,-49.34],[73.13,-49.34],[71.96,-49.3],[70.79,-49.25],[69.62,-49.19],[68.45,-49.11],[67.14,-49.01],[65.84,-48.89],[64.55,-48.76],[64.31,-49.47],[64.06,-50.18],[63.81,-50.89],[62.53,-50.71],[61.27,-50.52],[60.02,-50.31],[58.78,-50.09],[57.55,-49.85],[57.09,-50.6],[56.6,-51.35],[56.11,-52.1],[55.6,-52.84],[55.06,-53.58],[53.79,-53.36],[52.54,-53.12],[51.3,-52.87],[50.61,-53.72],[49.9,-54.56],[49.16,-55.39],[48.39,-56.22],[47.58,-57.05],[46.74,-57.87],[45.86,-58.69],[44.93,-59.49],[43.96,-60.3],[42.43,-59.86],[40.93,-59.4],[39.48,-58.93],[38.06,-58.44],[36.69,-57.94],[35.23,-57.6],[33.81,-57.25],[32.4,-56.88]]]}},{"type":"Feature","properties":{"ma":85,"type":"gpml:TopologicalClosedPlateBoundary","name":"Kohistan-Ladakh NORTH back-arc","pid":528,"deforming":false},"geometry":{"type":"Polygon","coordinates":[[[58.68,21.93],[59.44,21.56],[60.2,21.19],[61.01,20.83],[61.81,20.46],[62.61,20.09],[63.41,19.72],[64.2,19.34],[64.73,18.83],[65.25,18.32],[65.78,17.81],[66.65,17.44],[67.52,17.06],[68.39,16.69],[69.26,16.31],[70.12,15.92],[71.12,15.76],[72.13,15.6],[73.13,15.43],[74.13,15.26],[75.03,15.37],[75.94,15.47],[76.85,15.57],[77.7,15.76],[78.55,15.94],[79.4,16.12],[80.14,16.02],[80.75,15.67],[81.6,15.33],[82.45,15],[82.45,15],[82.12,14.12],[81.96,13.28],[81.81,12.44],[81.81,12.44],[81.03,12.46],[80.25,12.47],[79.47,12.47],[78.59,12.6],[77.71,12.72],[76.82,12.84],[76.74,12.33],[76.65,11.82],[75.67,11.94],[74.69,12.06],[73.71,12.18],[72.73,12.29],[71.74,12.39],[71.59,11.9],[71.44,11.4],[71.44,11.4],[71.31,11.41],[70.34,11.48],[69.36,11.55],[68.39,11.61],[67.41,11.68],[66.44,11.73],[65.46,11.79],[65.49,12.45],[64.58,12.53],[63.68,12.6],[63.71,13.43],[62.88,13.48],[62.04,13.53],[62.06,14.12],[62.07,14.71],[61.07,14.83],[60.07,14.94],[59.07,15.04],[59.09,15.58],[59.12,16.11],[58.26,16.21],[57.41,16.3],[56.55,16.38],[55.7,16.47],[55.7,16.47],[56.09,17.23],[56.48,17.99],[56.88,18.75],[57.28,19.5],[57.74,20.31],[58.2,21.12],[58.68,21.93]]]}},{"type":"Feature","properties":{"ma":85,"type":"gpml:TopologicalClosedPlateBoundary","name":"Farallon","pid":902,"deforming":false},"geometry":{"type":"Polygon","coordinates":[[[-140.69,40.06],[-139.81,40.76],[-138.91,41.46],[-137.99,42.15],[-137.05,42.84],[-136.27,43.59],[-135.47,44.33],[-134.65,45.06],[-133.8,45.79],[-132.94,46.52],[-132.05,47.23],[-131.14,47.94],[-130.2,48.65],[-129.24,49.34],[-128.25,50.03],[-127.23,50.71],[-126.18,51.37],[-126.72,51.96],[-127.29,52.54],[-127.87,53.12],[-128.37,54.03],[-128.91,54.94],[-129.46,55.84],[-130.04,56.74],[-130.65,57.64],[-131.3,58.53],[-131.97,59.42],[-132.68,60.31],[-133.43,61.19],[-133.56,62.13],[-133.7,63.06],[-133.84,64],[-133.99,64.93],[-134.16,65.86],[-133.55,66.81],[-132.89,67.75],[-132.18,68.69],[-131.4,69.63],[-130.55,70.56],[-129.62,71.49],[-128.6,72.41],[-126.02,72.48],[-123.43,72.51],[-120.83,72.51],[-118.24,72.47],[-117.01,72.93],[-115.72,73.39],[-115.72,73.39],[-114.27,73.23],[-111.37,73.1],[-108.53,72.92],[-105.75,72.71],[-103.04,72.46],[-100.4,72.17],[-97.86,71.85],[-95.63,71.76],[-93.44,71.65],[-93.44,71.65],[-93.69,71.18],[-93.88,70.78],[-94.21,70.27],[-94.23,69.76],[-94.22,69.3],[-94.12,68.91],[-93.86,68.55],[-93.77,68.17],[-93.62,67.96],[-93.25,67.49],[-93.15,67.01],[-93.28,66.65],[-93.2,66.27],[-93.63,65.83],[-93.55,65.44],[-93.64,64.94],[-93.72,64.43],[-93.99,63.58],[-93.95,63.04],[-93.92,62.49],[-93.49,61.53],[-93.32,61.12],[-92.99,60.63],[-92.68,60.15],[-92.13,59.26],[-91.89,58.45],[-91.06,57.81],[-90.26,57.16],[-89.35,56.62],[-88.47,56.07],[-87.61,55.52],[-86.73,54.99],[-85.88,54.44],[-85.04,53.9],[-84.04,53.18],[-83.07,52.45],[-82.13,51.72],[-81.45,51.14],[-80.78,50.55],[-81.21,49.97],[-81.63,49.39],[-82.74,49.1],[-83.84,48.81],[-84.76,48.66],[-85.67,48.51],[-86.6,48.42],[-87.53,48.32],[-88.65,48.12],[-89.75,47.91],[-90.11,46.97],[-90.11,46.97],[-90.04,46.72],[-90.16,46.24],[-90.01,45.42],[-89.92,44.92],[-89.83,44.42],[-89.74,43.92],[-89.65,43.41],[-89.49,42.72],[-89.39,42.15],[-88.84,41.4],[-88.55,40.62],[-88.4,39.67],[-88.24,39.1],[-88.06,38.58],[-87.89,38.06],[-87.86,37.31],[-87.7,36.76],[-87.54,36.21],[-87.33,35.31],[-86.87,34.55],[-86.66,34.07],[-86.46,33.6],[-86.38,33.38],[-86.38,33.38],[-85.99,32.54],[-85.65,31.82],[-85.31,31.1],[-85.08,30.58],[-84.85,30.05],[-84.62,29.34],[-84.39,28.63],[-84.16,27.92],[-83.69,27.13],[-83.24,26.35],[-82.78,25.6],[-82.32,24.85],[-81.87,24.1],[-81.38,23.39],[-80.9,22.68],[-80.42,21.97],[-80.14,21.63],[-80.14,21.63],[-80.03,21],[-79.93,20.37],[-79.8,19.54],[-79.67,18.71],[-79.54,17.88],[-79.37,17],[-79.2,16.13],[-79.03,15.26],[-78.87,14.39],[-78.67,13.57],[-78.46,12.76],[-78.26,11.95],[-78.29,11.02],[-78.33,10.09],[-78.25,9.3],[-78.17,8.51],[-78.09,7.71],[-77.98,6.86],[-77.87,6.01],[-77.75,5.16],[-77.75,5.16],[-78.71,5.1],[-79.67,5.04],[-80.4,4.42],[-81.13,3.8],[-81.82,3.41],[-82.51,3.02],[-83.2,2.63],[-83.89,2.24],[-84.86,2.19],[-85.83,2.14],[-86.8,2.1],[-86.8,2.1],[-86.49,1.51],[-85.96,0.72],[-85.43,-0.06],[-84.9,-0.84],[-84.29,-1.56],[-83.67,-2.27],[-83.06,-2.98],[-82.44,-3.69],[-81.79,-4.26],[-81.14,-4.82],[-80.48,-5.12],[-79.82,-5.42],[-79.15,-5.71],[-78.25,-5.91],[-78.25,-5.91],[-77.94,-6.06],[-77.1,-6.42],[-76.41,-7.12],[-76.18,-7.91],[-75.94,-8.7],[-75.7,-9.28],[-75.16,-9.9],[-75.16,-9.9],[-74.15,-9.93],[-73.14,-9.96],[-72.14,-10.03],[-71.14,-10.09],[-70.15,-10.16],[-69.15,-10.22],[-68.38,-10.05],[-67.6,-9.88],[-66.83,-9.71],[-66.05,-9.54],[-65.32,-9.06],[-64.58,-8.58],[-63.85,-8.1],[-63.45,-7.87],[-63.45,-7.87],[-63.54,-8.05],[-64.19,-8.82],[-64.84,-9.59],[-65.49,-10.35],[-66.14,-11.12],[-66.14,-11.12],[-66.37,-11.95],[-66.6,-12.78],[-66.83,-13.62],[-66.66,-14.47],[-66.48,-15.32],[-66.3,-16.17],[-66.09,-17.01],[-65.89,-17.85],[-65.68,-18.69],[-65.46,-19.53],[-65.25,-20.36],[-65.03,-21.2],[-64.71,-21.98],[-64.38,-22.76],[-64.05,-23.54],[-63.78,-24.2],[-63.5,-24.86],[-63.22,-25.52],[-62.54,-26.22],[-62.38,-26.73],[-62.22,-27.24],[-61.95,-27.95],[-61.87,-28.5],[-61.71,-29.07],[-61.59,-29.79],[-61.67,-30.69],[-61.76,-31.59],[-61.71,-32.41],[-61.67,-33.23],[-61.63,-34.05],[-61.59,-34.87],[-61.54,-35.69],[-61.55,-36.17],[-61.55,-36.17],[-62.13,-36.99],[-62.73,-37.81],[-63.34,-38.63],[-63.97,-39.44],[-64.61,-40.25],[-65.27,-41.06],[-65.94,-41.86],[-66.63,-42.66],[-67.33,-43.46],[-68.7,-43.34],[-70.05,-43.2],[-71.4,-43.05],[-72.74,-42.89],[-74.08,-42.71],[-75.4,-42.51],[-76.72,-42.3],[-77.22,-43.16],[-77.73,-44.01],[-78.26,-44.86],[-78.8,-45.71],[-79.36,-46.56],[-79.94,-47.41],[-80.53,-48.25],[-81.15,-49.09],[-81.79,-49.92],[-82.45,-50.75],[-83.13,-51.58],[-83.84,-52.4],[-84.58,-53.22],[-85.92,-52.86],[-87.25,-52.47],[-88.55,-52.08],[-89.83,-51.67],[-91.08,-51.25],[-92.32,-50.81],[-93.38,-51.48],[-94.49,-52.14],[-95.62,-52.79],[-96.79,-53.43],[-97.99,-54.06],[-99.23,-54.67],[-100.51,-55.28],[-101.82,-55.86],[-103.18,-56.44],[-104.58,-57],[-104.58,-57],[-105.35,-56.32],[-106.09,-55.64],[-106.81,-54.95],[-107.64,-54.12],[-108.43,-53.28],[-109.2,-52.44],[-109.93,-51.59],[-110.64,-50.74],[-111.33,-49.88],[-111.99,-49.03],[-112.62,-48.16],[-112.62,-48.16],[-112.62,-48.16],[-112.62,-48.16],[-112.99,-47.65],[-112.15,-47.39],[-111.31,-47.12],[-111.86,-46.2],[-112.4,-45.28],[-112.92,-44.35],[-113.43,-43.42],[-113.91,-42.49],[-114.39,-41.56],[-114.85,-40.63],[-115.3,-39.69],[-115.73,-38.75],[-116.16,-37.81],[-115.06,-37.49],[-113.96,-37.15],[-112.88,-36.8],[-111.81,-36.45],[-110.74,-36.08],[-111.13,-35.23],[-111.5,-34.37],[-111.87,-33.52],[-112.23,-32.66],[-112.58,-31.8],[-112.93,-30.95],[-113.27,-30.09],[-113.61,-29.23],[-113.94,-28.36],[-114.57,-28.54],[-115.2,-28.71],[-115.57,-27.81],[-115.93,-26.92],[-116.29,-26.02],[-116.64,-25.12],[-116.99,-24.22],[-117.33,-23.32],[-117.67,-22.42],[-118,-21.52],[-118.33,-20.62],[-117.57,-20.34],[-116.8,-20.06],[-116.04,-19.78],[-115.28,-19.49],[-115.63,-18.57],[-115.98,-17.66],[-116.32,-16.74],[-116.66,-15.83],[-116.99,-14.91],[-117.33,-13.99],[-117.66,-13.07],[-117.99,-12.16],[-118.31,-11.24],[-118.63,-10.32],[-118.96,-9.4],[-118.1,-9.2],[-117.24,-8.99],[-116.38,-8.78],[-116.51,-8.04],[-116.65,-7.29],[-116.78,-6.54],[-117.63,-6.68],[-118.47,-6.81],[-118.63,-5.83],[-118.8,-4.85],[-118.96,-3.87],[-119.12,-2.88],[-119.28,-1.9],[-119.45,-0.92],[-120.3,-1.17],[-121.15,-1.43],[-122,-1.68],[-122.85,-1.93],[-123.7,-2.19],[-124.55,-2.44],[-124.77,-1.57],[-124.99,-0.7],[-125.2,0.17],[-125.92,-0.01],[-126.11,0.95],[-126.3,1.92],[-126.5,2.88],[-126.69,3.84],[-126.89,4.8],[-126.15,5],[-125.42,5.19],[-124.69,5.38],[-124.69,5.38],[-123.92,5.66],[-123.16,5.93],[-122.4,6.21],[-122.69,7.12],[-122.99,8.04],[-123.29,8.96],[-123.59,9.87],[-123.89,10.79],[-124.2,11.71],[-124.5,12.62],[-124.81,13.54],[-125.12,14.45],[-126.09,14.14],[-127.06,13.81],[-128.03,13.49],[-128.99,13.16],[-129.95,12.83],[-130.91,12.49],[-131.19,13.44],[-131.47,14.39],[-131.75,15.33],[-132.04,16.28],[-132.33,17.23],[-132.63,18.17],[-132.92,19.12],[-133.22,20.06],[-133.53,21],[-133.83,21.95],[-134.15,22.89],[-134.46,23.83],[-134.78,24.77],[-135.11,25.71],[-135.44,26.65],[-135.78,27.59],[-136.12,28.53],[-136.47,29.47],[-136.82,30.4],[-137.18,31.34],[-137.55,32.27],[-137.93,33.21],[-138.31,34.14],[-138.71,35.07],[-139.11,36],[-139.66,36.76],[-140.22,37.52],[-140.79,38.28],[-141.38,39.03],[-141.56,39.35],[-140.69,40.06]]]}},{"type":"Feature","properties":{"ma":85,"type":"gpml:TopologicalClosedPlateBoundary","name":"NAM","pid":101,"deforming":false},"geometry":{"type":"Polygon","coordinates":[[[-180,86.48],[-180,87.36],[-180,88.24],[-180,89.12],[-180,90],[180,90],[180,89.12],[180,88.24],[180,87.36],[180,86.48],[180,85.6],[174.65,85.65],[162.93,85.68],[151.51,85.54],[141.19,85.23],[132.38,84.79],[123.96,84.57],[116.35,84.24],[109.64,83.83],[103.84,83.34],[96.88,82.96],[90.72,82.48],[85.34,81.92],[80.69,81.3],[80.69,81.3],[75.83,81.27],[71.04,81.17],[66.38,81.01],[60.16,80.85],[54.22,80.59],[48.94,80.35],[43.94,80.04],[40.37,79.7],[37.04,79.33],[33.94,78.92],[30.62,78.57],[27.51,78.18],[24.85,77.74],[22.38,77.27],[20.7,76.66],[19.17,76.05],[17.1,75.48],[15.19,74.9],[13.14,74.59],[11.17,74.27],[8.83,73.75],[7.95,73.17],[7.12,72.59],[6.29,72.1],[5.51,71.6],[4.1,71.03],[2.77,70.46],[1.02,70],[-0.66,69.53],[-1.08,68.97],[-1.48,68.42],[-2.55,67.64],[-3.55,66.85],[-4.22,65.96],[-4.87,65.29],[-5.02,65.08],[-5.02,65.08],[-5.33,65.17],[-6.67,65.22],[-7.86,65.31],[-8.65,65.46],[-9.88,65.15],[-11.06,64.94],[-12.22,64.72],[-13.93,64.58],[-15.63,64.42],[-16.58,64.1],[-17.51,63.77],[-18.01,63.74],[-18.01,63.74],[-18.61,64.14],[-20.03,64.72],[-21.51,65.28],[-21.51,65.28],[-21.98,65.15],[-22.63,65.04],[-23.02,64.94],[-23.6,64.8],[-24.64,64.67],[-25.51,64.49],[-26.43,64.18],[-27.09,63.83],[-27.25,63.55],[-27.19,63.01],[-27.26,62.59],[-27,62.28],[-26.79,61.66],[-26.49,61.24],[-25.96,60.75],[-25.84,60.32],[-25.66,59.89],[-25.6,59.41],[-25.54,58.98],[-25.68,58.52],[-25.83,58.11],[-26.04,57.78],[-26.04,57.43],[-25.91,57.14],[-25.67,56.86],[-25.67,56.48],[-25.75,55.89],[-26.14,55.52],[-26.52,55.16],[-26.82,54.66],[-27.35,54.15],[-27.73,53.89],[-28.23,53.57],[-28.48,53.18],[-28.85,52.69],[-29.31,52.04],[-29.5,51.6],[-29.94,51.13],[-30.06,50.64],[-30.16,50.01],[-30.01,49.37],[-29.86,49],[-29.61,48.73],[-29.41,48.5],[-29.34,48.02],[-29.16,47.38],[-28.98,46.88],[-28.88,46.48],[-28.8,46.15],[-28.65,45.54],[-28.47,44.76],[-28.07,44.03],[-27.77,43.7],[-27.6,43.39],[-27.26,42.98],[-26.94,42.64],[-26.62,42.25],[-26.27,41.92],[-25.96,41.5],[-25.58,41.09],[-24.77,40.6],[-24.14,40.15],[-23.54,39.55],[-22.97,38.88],[-22.97,38.88],[-22.73,38.79],[-22.18,38.64],[-21.72,38.55],[-21.45,38.4],[-21.21,38.3],[-20.88,38.17],[-20.73,38.08],[-20.46,37.92],[-20.33,37.84],[-20.24,37.78],[-19.91,37.57],[-19.72,37.34],[-19.47,37.03],[-19.15,36.64],[-18.82,36.23],[-18.59,35.77],[-18.32,35.25],[-18.21,34.98],[-18.19,34.95],[-18.19,34.95],[-18.1,34.96],[-17.71,35.09],[-17.36,35.19],[-17.21,35.22],[-17.11,35.27],[-16.42,35.63],[-16.34,35.68],[-16.34,35.68],[-16.09,35.47],[-15.96,35.14],[-15.68,34.68],[-15.47,34.24],[-15.21,33.97],[-14.8,33.82],[-14.34,33.98],[-13.95,33.71],[-13.95,33.71],[-14.54,32.95],[-14.76,32.65],[-15.15,32.16],[-15.28,32.05],[-15.44,31.78],[-15.54,31.69],[-15.65,31.55],[-15.78,31.52],[-15.92,31.4],[-15.98,31.31],[-16.09,31.21],[-16.23,30.95],[-16.4,30.74],[-16.49,30.63],[-16.55,30.51],[-16.64,30.3],[-16.7,30.24],[-16.87,30],[-17.22,29.7],[-17.47,29.41],[-17.7,29.2],[-17.86,28.99],[-18,28.74],[-18.12,28.65],[-18.28,28.22],[-18.41,27.79],[-18.59,27.47],[-18.79,27.06],[-19.08,26.7],[-19.35,26.31],[-19.77,25.92],[-20.17,25.52],[-20.17,25.52],[-20.13,25.51],[-20.13,25.51],[-20.32,25.16],[-21.03,25.43],[-21.74,25.7],[-22.18,25.38],[-22.61,25.06],[-22.85,25.14],[-23.34,24.76],[-23.82,24.37],[-24.04,24.45],[-24.76,23.92],[-25.04,24.04],[-25.74,23.45],[-26.43,22.86],[-26.98,23.12],[-27.64,22.62],[-28.37,22.98],[-28.84,22.53],[-29.31,22.08],[-29.87,22.34],[-30.48,21.8],[-31.09,21.26],[-31.25,21.33],[-31.85,20.76],[-32.02,20.82],[-32.3,20.54],[-32.65,20.71],[-32.95,20.4],[-33.08,20.44],[-33.68,19.83],[-34.29,19.22],[-34.89,18.61],[-35.48,18],[-36.07,17.38],[-36.66,16.77],[-37.21,17.09],[-37.79,16.28],[-37.21,15.92],[-36.63,15.57],[-36.94,15.1],[-37.25,14.64],[-37.43,14.69],[-37.89,14.01],[-38.34,13.33],[-38.52,13.4],[-38.91,12.76],[-38.75,12.67],[-39.24,11.88],[-39.73,11.09],[-40.22,10.29],[-40.7,9.5],[-41.19,8.71],[-40.72,8.49],[-40.85,8.22],[-41.09,7.4],[-41.63,6.74],[-41.63,6.74],[-41.26,7.5],[-41.9,7.87],[-42.55,8.24],[-43.19,8.61],[-43.73,9.24],[-43.87,9.14],[-44.44,8.71],[-45.16,8.14],[-45.65,7.68],[-46.14,7.22],[-46.62,6.75],[-47.26,6.12],[-47.9,5.48],[-47.9,5.48],[-48.57,6.11],[-49.24,6.75],[-49.91,7.38],[-50.51,8.11],[-51.11,8.84],[-51.71,9.57],[-52.31,10.3],[-52.87,11],[-53.42,11.69],[-53.81,12.3],[-54.2,12.91],[-54.2,12.91],[-54.82,12.36],[-55.44,11.82],[-56.05,12.38],[-56.67,12.93],[-57.29,12.36],[-57.91,11.78],[-58.52,11.2],[-59.14,10.62],[-59.75,10.04],[-60.35,10.61],[-60.96,11.18],[-61.6,10.58],[-62.23,9.98],[-62.86,9.38],[-63.49,8.77],[-64.12,8.17],[-64.12,8.17],[-64.45,8.4],[-65.17,8.78],[-65.88,9.16],[-66.6,9.53],[-67.32,9.91],[-68.05,10.29],[-68.63,10.46],[-68.63,10.46],[-69.36,10.43],[-70.1,10.4],[-70.1,10.4],[-70.1,10.4],[-70.1,10.4],[-70.87,10.36],[-71.65,10.33],[-72.43,10.29],[-73.2,10.25],[-73,9.5],[-72.79,8.76],[-72.59,8.01],[-72.39,7.26],[-73.13,6.93],[-73.88,6.6],[-74.63,6.27],[-75.37,5.94],[-76.01,5.58],[-76.66,5.22],[-77.2,5.19],[-77.75,5.16],[-77.75,5.16],[-77.87,6.01],[-77.98,6.86],[-78.09,7.71],[-78.17,8.51],[-78.25,9.3],[-78.33,10.09],[-78.29,11.02],[-78.26,11.95],[-78.46,12.76],[-78.67,13.57],[-78.87,14.39],[-79.03,15.26],[-79.2,16.13],[-79.37,17],[-79.54,17.88],[-79.67,18.71],[-79.8,19.54],[-79.93,20.37],[-80.03,21],[-80.14,21.63],[-80.14,21.63],[-80.42,21.97],[-80.9,22.68],[-81.38,23.39],[-81.87,24.1],[-82.32,24.85],[-82.78,25.6],[-83.24,26.35],[-83.69,27.13],[-84.16,27.92],[-84.39,28.63],[-84.62,29.34],[-84.85,30.05],[-85.08,30.58],[-85.31,31.1],[-85.65,31.82],[-85.99,32.54],[-86.38,33.38],[-86.38,33.38],[-86.46,33.6],[-86.66,34.07],[-86.87,34.55],[-87.33,35.31],[-87.54,36.21],[-87.7,36.76],[-87.86,37.31],[-87.89,38.06],[-88.06,38.58],[-88.24,39.1],[-88.4,39.67],[-88.55,40.62],[-88.84,41.4],[-89.39,42.15],[-89.49,42.72],[-89.65,43.41],[-89.74,43.92],[-89.83,44.42],[-89.92,44.92],[-90.01,45.42],[-90.16,46.24],[-90.04,46.72],[-90.11,46.97],[-90.11,46.97],[-89.75,47.91],[-88.65,48.12],[-87.53,48.32],[-86.6,48.42],[-85.67,48.51],[-84.76,48.66],[-83.84,48.81],[-82.74,49.1],[-81.63,49.39],[-81.21,49.97],[-80.78,50.55],[-81.45,51.14],[-82.13,51.72],[-83.07,52.45],[-84.04,53.18],[-85.04,53.9],[-85.88,54.44],[-86.73,54.99],[-87.61,55.52],[-88.47,56.07],[-89.35,56.62],[-90.26,57.16],[-91.06,57.81],[-91.89,58.45],[-92.13,59.26],[-92.68,60.15],[-92.99,60.63],[-93.32,61.12],[-93.49,61.53],[-93.92,62.49],[-93.95,63.04],[-93.99,63.58],[-93.72,64.43],[-93.64,64.94],[-93.55,65.44],[-93.63,65.83],[-93.2,66.27],[-93.28,66.65],[-93.15,67.01],[-93.25,67.49],[-93.62,67.96],[-93.77,68.17],[-93.86,68.55],[-94.12,68.91],[-94.22,69.3],[-94.23,69.76],[-94.21,70.27],[-93.88,70.78],[-93.69,71.18],[-93.44,71.65],[-93.44,71.65],[-95.63,71.76],[-97.86,71.85],[-100.4,72.17],[-103.04,72.46],[-105.75,72.71],[-108.53,72.92],[-111.37,73.1],[-114.27,73.23],[-116.6,73.47],[-118.99,73.69],[-121.43,73.87],[-123.87,74.36],[-126.46,74.81],[-129.19,75.24],[-132.08,75.63],[-132.53,75.7],[-132.53,75.7],[-131.91,76.51],[-131.23,77.31],[-130.45,78.11],[-129.56,78.91],[-128.54,79.7],[-130.4,80.49],[-132.59,81.26],[-135.2,82.01],[-138.34,82.75],[-141.47,83.3],[-145.15,83.83],[-149.5,84.33],[-157.9,84.9],[-168.12,85.34],[-180,85.6],[-180,86.48]]]}},{"type":"Feature","properties":{"ma":85,"type":"gpml:TopologicalClosedPlateBoundary","name":"NeoTethys","pid":53401,"deforming":false},"geometry":{"type":"Polygon","coordinates":[[[79.04,1.19],[79.15,1.51],[79.34,2.26],[79.54,3],[79.73,3.75],[79.73,3.75],[80.41,3.55],[81.08,3.35],[81.76,3.15],[82.73,3.02],[83.71,2.89],[84.68,2.75],[85.66,2.62],[86.64,2.48],[87.61,2.35],[88.59,2.21],[89.56,2.07],[90.38,1.93],[91.19,1.78],[92.03,1.48],[92.87,1.18],[93.72,0.89],[94.56,0.59],[95.4,0.29],[96.36,0.09],[97.32,-0.12],[98.29,-0.33],[99.25,-0.53],[100.21,-0.74],[101.11,-0.85],[102.01,-0.96],[102.9,-1.07],[103.8,-1.18],[104.69,-1.29],[105.59,-1.4],[106.48,-1.5],[106.66,-1.53],[106.66,-1.53],[107.32,-2.17],[107.97,-2.82],[108.63,-3.46],[109.37,-3.88],[110.1,-4.29],[110.84,-4.71],[111.74,-4.85],[112.65,-4.98],[113.56,-5.11],[114.46,-5.25],[115.37,-5.38],[116.28,-5.51],[117.19,-5.64],[117.8,-5.86],[117.8,-5.86],[117.64,-6.82],[117.47,-7.79],[117.31,-8.75],[117.14,-9.71],[116.97,-10.68],[116.8,-11.64],[116.63,-12.61],[116.51,-13.49],[116.39,-14.37],[116.39,-14.37],[115.56,-14.56],[114.68,-14.93],[113.79,-15.29],[112.9,-15.64],[112,-15.99],[111.11,-16.34],[110.21,-16.69],[109.3,-17.03],[108.4,-17.37],[107.49,-17.7],[106.57,-18.03],[105.66,-18.35],[105.16,-18.98],[104.66,-19.6],[104.16,-20.22],[103.59,-20.01],[103.17,-20.81],[102.74,-21.6],[102.31,-22.39],[101.87,-23.19],[101.14,-23.07],[100.41,-22.96],[99.68,-22.83],[98.8,-22.68],[97.93,-22.52],[97.06,-22.35],[96.09,-22.53],[95.11,-22.71],[94.13,-22.88],[93.15,-23.05],[92.17,-23.21],[92.17,-23.21],[92.06,-22.54],[91.96,-21.87],[91.86,-21.19],[91.65,-20.31],[91.44,-19.42],[91.23,-18.53],[91.02,-17.64],[90.82,-16.75],[90.62,-15.87],[90.42,-14.98],[90.22,-14.09],[90.02,-13.2],[89.82,-12.31],[89.63,-11.42],[88.83,-11.48],[88.03,-11.54],[87.24,-11.6],[86.44,-11.66],[86.34,-11.34],[85.42,-11.5],[84.51,-11.65],[83.59,-11.8],[82.67,-11.95],[81.75,-12.09],[81.6,-11.54],[80.9,-11.62],[80.2,-11.69],[79.5,-11.77],[79.01,-11.03],[78.52,-10.29],[78.04,-9.55],[77.56,-8.81],[77.08,-8.07],[76.6,-7.33],[76.13,-6.58],[75.65,-5.84],[74.72,-6.16],[74.26,-5.44],[73.79,-4.72],[73.33,-4],[72.87,-3.28],[72.4,-2.56],[71.73,-2.76],[71.06,-2.95],[70.38,-3.15],[69.96,-2.49],[69.53,-1.83],[69.1,-1.16],[69.1,-1.16],[70.02,-1.14],[70.91,-1.01],[71.8,-0.89],[72.69,-0.76],[73.58,-0.63],[74.47,-0.51],[75.25,-0.27],[76.03,-0.03],[76.81,0.2],[77.55,0.53],[78.29,0.86],[79.04,1.19]]]}},{"type":"Feature","properties":{"ma":85,"type":"gpml:TopologicalClosedPlateBoundary","name":"NE Africa","pid":715,"deforming":false},"geometry":{"type":"Polygon","coordinates":[[[11.76,12.32],[10.91,12.75],[10.06,13.17],[9.2,13.6],[8.34,14.02],[7.48,14.43],[6.61,14.85],[5.75,15.26],[4.87,15.66],[4,16.07],[4,16.07],[4.26,16.8],[4.53,17.53],[4.8,18.27],[5.07,19],[5.07,19],[4.2,19.1],[3.33,19.2],[2.41,19.36],[1.49,19.52],[0.57,19.68],[-0.35,19.83],[-1.27,19.97],[-2.2,20.12],[-3.13,20.25],[-4.05,20.38],[-4.99,20.66],[-5.92,20.93],[-6.86,21.19],[-7.8,21.45],[-8.74,21.71],[-9.69,21.96],[-9.69,21.96],[-8.63,21.91],[-7.58,21.85],[-6.52,21.78],[-5.65,21.83],[-4.78,21.88],[-3.91,21.92],[-3.82,21.93],[-3.82,21.93],[-3.09,22.47],[-2.35,23],[-1.61,23.53],[-0.87,24.05],[-0.12,24.57],[0.55,25.1],[1.22,25.63],[1.89,26.15],[2.57,26.67],[2.57,26.67],[3.37,26.18],[4.16,25.69],[4.94,25.2],[5.72,24.7],[6.49,24.2],[7.37,23.73],[8.25,23.26],[9.12,22.79],[9.98,22.31],[10.84,21.82],[11.69,21.33],[12.54,20.84],[13.35,20.25],[14.16,19.66],[14.97,19.06],[15.76,18.46],[16.55,17.85],[17.34,17.24],[18.12,16.63],[18.9,16.02],[19.67,15.4],[19.67,15.4],[19.76,15.44],[19.68,15.63],[20.54,15.99],[21.39,16.35],[22.13,16.11],[22.82,15.86],[23.51,15.63],[24.1,15.48],[24.69,15.66],[25.28,15.83],[25.87,16.08],[26.46,16.31],[27.19,16.58],[27.93,16.85],[28.03,16.6],[28.74,16.84],[29.44,17.07],[30,17.27],[30.55,17.46],[30.69,17.23],[31.67,17.56],[32.03,17.7],[32.03,17.7],[32.13,17.37],[32.38,16.56],[32.63,15.75],[32.88,14.94],[33.29,14.11],[33.7,13.28],[34.11,12.44],[34.51,11.61],[34.91,10.77],[34.91,10.77],[35.43,10.46],[35.95,10.15],[36.5,9.75],[37.05,9.34],[37.6,8.94],[38.15,8.5],[38.7,8.05],[39.16,7.67],[39.63,7.29],[39.84,6.92],[40.11,6.29],[40.38,5.65],[40.65,5.02],[40.97,4.29],[41.29,3.55],[41.86,2.79],[42.44,2.03],[42.92,1.6],[43.4,1.18],[44.07,0.67],[44.73,0.16],[45.41,-0.27],[46.09,-0.69],[46.59,-0.93],[47.08,-1.18],[47.9,-1.73],[47.9,-1.73],[47.37,-2.55],[46.85,-3.37],[46.33,-4.19],[45.82,-4.87],[45.32,-5.55],[44.81,-6.23],[44.31,-6.91],[44.31,-6.91],[44.23,-6.93],[43.27,-7.16],[42.31,-7.39],[41.35,-7.61],[40.39,-7.83],[39.73,-8],[39.07,-8.17],[38.41,-8.34],[37.6,-8.57],[36.8,-8.8],[35.99,-9.02],[35.17,-9.25],[34.34,-9.48],[33.52,-9.7],[32.54,-9.97],[31.57,-10.23],[30.59,-10.49],[29.85,-10.88],[29.11,-11.27],[28.37,-11.65],[27.62,-12.04],[27.24,-12.41],[26.85,-12.78],[26.33,-13.32],[25.8,-13.86],[25.66,-14.46],[25.52,-15.07],[24.83,-15.57],[24.14,-16.07],[23.53,-15.86],[22.82,-15.82],[22.11,-15.77],[21.58,-14.96],[21.53,-14.09],[21.83,-13.7],[21.84,-13.15],[21.85,-12.59],[21.7,-11.88],[21.55,-11.16],[21.28,-10.31],[21.02,-9.45],[20.66,-9.31],[20.35,-9.58],[20.08,-10.1],[19.81,-10.62],[19.72,-11.18],[19.62,-11.74],[20.01,-12.27],[20.4,-12.8],[20.71,-13.55],[20.31,-13.94],[19.72,-14.16],[19.31,-13.79],[18.91,-13.43],[18.5,-12.57],[18.3,-11.88],[18.09,-11.19],[17.89,-10.51],[17.53,-10.02],[17.18,-9.53],[16.62,-8.78],[16.24,-8.27],[15.38,-8.66],[14.65,-8.53],[14.21,-8.81],[13.76,-9.08],[12.89,-9.18],[12.02,-9.28],[11.49,-9.47],[10.96,-9.66],[10.15,-9.65],[9.33,-9.63],[8.42,-9.81],[7.51,-9.99],[6.97,-10.06],[6.43,-10.14],[6.05,-9.79],[5.66,-9.44],[5.24,-9.14],[4.81,-8.84],[4.3,-8.86],[3.86,-8.44],[3.62,-7.92],[3.69,-7.68],[3.52,-7.24],[2.74,-6.86],[2.61,-6.57],[2.42,-6.09],[2.42,-6.09],[3,-5.51],[3.37,-4.88],[3.35,-4.38],[3.33,-3.88],[3.13,-3.29],[2.93,-2.7],[2.74,-2.18],[2.54,-1.65],[2.34,-0.96],[2.13,-0.28],[2.35,0.6],[2.05,1.12],[1.98,1.71],[1.92,2.31],[1.74,2.93],[1.57,3.55],[2.19,3.82],[2.81,4.09],[3.42,4.06],[4.02,4.03],[4.74,4.31],[5.46,4.58],[6.46,4.64],[7.44,4.53],[8.41,4.42],[9.13,4.72],[9.85,5.03],[10.65,5.01],[11.27,5.27],[11.9,5.54],[12.04,6.26],[12.18,6.98],[12.33,7.7],[11.94,8.08],[11.55,8.46],[11.28,9.05],[11.02,9.64],[11.14,10.36],[11.26,11.09],[11.39,11.81],[11.76,12.32]]]}},{"type":"Feature","properties":{"ma":85,"type":"gpml:TopologicalClosedPlateBoundary","name":"Western Tethys back-arc","pid":560,"deforming":false},"geometry":{"type":"Polygon","coordinates":[[[47.9,-1.73],[47.08,-1.18],[46.59,-0.93],[46.09,-0.69],[45.41,-0.27],[44.73,0.16],[44.07,0.67],[43.4,1.18],[42.92,1.6],[42.44,2.03],[41.86,2.79],[41.29,3.55],[40.97,4.29],[40.65,5.02],[40.38,5.65],[40.11,6.29],[39.84,6.92],[39.63,7.29],[39.16,7.67],[38.7,8.05],[38.15,8.5],[37.6,8.94],[37.05,9.34],[36.5,9.75],[35.95,10.15],[35.43,10.46],[34.91,10.77],[34.91,10.77],[34.51,11.61],[34.11,12.44],[33.7,13.28],[33.29,14.11],[32.88,14.94],[32.63,15.75],[32.38,16.56],[32.13,17.37],[31.93,18.03],[31.72,18.68],[31.52,19.33],[31.48,19.91],[31.45,20.49],[31.45,20.49],[32.22,19.91],[32.99,19.32],[33.75,18.74],[34.5,18.15],[34.41,17.74],[35.21,17.26],[36.01,16.77],[36.8,16.29],[37.59,15.8],[38.38,15.3],[39.17,14.81],[39.95,14.31],[40.72,13.81],[41.5,13.31],[42.27,12.8],[42.08,12.42],[42.8,11.83],[43.52,11.24],[44.24,10.65],[44.03,9.95],[44.8,9.4],[45.57,8.85],[46.33,8.29],[47.1,7.74],[47.86,7.18],[48.62,6.62],[49.38,6.06],[50.13,5.5],[50.92,4.89],[50.92,4.89],[50.64,4.08],[50.36,3.27],[50.08,2.46],[49.8,1.64],[49.52,0.83],[49.11,0.19],[48.71,-0.45],[48.3,-1.09],[47.9,-1.73]]]}},{"type":"Feature","properties":{"ma":85,"type":"gpml:TopologicalClosedPlateBoundary","name":"Western Tethys back-arc","pid":558,"deforming":false},"geometry":{"type":"Polygon","coordinates":[[[50.92,4.89],[50.13,5.5],[49.38,6.06],[48.62,6.62],[47.86,7.18],[47.1,7.74],[46.33,8.29],[45.57,8.85],[44.8,9.4],[44.03,9.95],[44.24,10.65],[43.52,11.24],[42.8,11.83],[42.08,12.42],[42.27,12.8],[41.5,13.31],[40.72,13.81],[39.95,14.31],[39.17,14.81],[38.38,15.3],[37.59,15.8],[36.8,16.29],[36.01,16.77],[35.21,17.26],[34.41,17.74],[34.5,18.15],[33.75,18.74],[32.99,19.32],[32.22,19.91],[31.45,20.49],[31.45,20.49],[31.4,21.27],[31.59,22.18],[31.85,22.83],[32.12,23.47],[32.73,24.27],[33.22,25.13],[33.64,25.83],[34.06,26.53],[34.48,27.23],[34.54,27.44],[34.54,27.44],[35.05,26.93],[35.67,26.48],[36.28,26.04],[36.89,25.59],[37.62,25.21],[38.34,24.84],[39.06,24.45],[40,24.06],[40.93,23.66],[41.65,23.29],[42.35,22.91],[43,22.61],[43.64,22.3],[44.13,22.05],[44.61,21.79],[45.36,21.52],[46.1,21.25],[46.84,20.98],[47.61,20.82],[48.37,20.65],[49.12,20.49],[50.1,20.42],[51.08,20.34],[52.05,20.26],[53.03,20.18],[53.03,20.18],[53.73,20.36],[54.43,20.54],[55.37,20.78],[56.31,21.01],[57.25,21.24],[58.2,21.46],[58.55,21.71],[58.55,21.71],[58.12,20.97],[57.7,20.24],[57.28,19.5],[56.85,18.69],[56.42,17.87],[56,17.05],[55.58,16.23],[55.16,15.41],[54.75,14.59],[54.38,13.73],[54.01,12.88],[53.65,12.03],[53.29,11.17],[52.93,10.32],[52.57,9.46],[52.21,8.6],[51.89,7.68],[51.56,6.75],[51.24,5.82],[50.92,4.89]]]}},{"type":"Feature","properties":{"ma":85,"type":"gpml:TopologicalClosedPlateBoundary","name":"Africa","pid":701,"deforming":false},"geometry":{"type":"Polygon","coordinates":[[[-5.28,-10.32],[-5.54,-9.64],[-5.68,-8.97],[-6.24,-8.25],[-6.73,-7.81],[-6.95,-7.08],[-7.17,-6.35],[-7.66,-5.84],[-8.16,-5.39],[-8.03,-4.99],[-8.04,-4.32],[-8.26,-3.79],[-8.35,-3.16],[-8.44,-2.53],[-8.47,-1.6],[-8.64,-0.81],[-9.29,-0.45],[-9.87,-0.08],[-10.1,0.37],[-10.2,0.87],[-10.29,1.36],[-10.34,2.09],[-10.02,2.71],[-9.27,3.02],[-9.2,2.45],[-9.13,1.89],[-8.8,0.98],[-8.15,0.61],[-7.47,0.78],[-7.15,1.36],[-6.84,1.95],[-6.23,2.25],[-5.63,2.54],[-4.71,2.62],[-3.79,2.7],[-3.36,2.99],[-2.93,3.28],[-2.35,3.78],[-1.78,3.34],[-1.21,2.9],[-0.67,2.8],[-0.12,2.69],[0.19,3.14],[0.51,3.59],[0.91,4.21],[1.31,4.83],[1.6,5.74],[1.88,6.65],[2.09,7.48],[2.29,8.3],[2.5,9.04],[2.71,9.78],[3.18,10.4],[3.65,11.03],[4.19,11.6],[4.74,12.16],[4.75,12.98],[4.77,13.79],[4.76,14.76],[4.74,15.72],[4.74,15.72],[5.63,15.31],[6.52,14.89],[7.4,14.47],[8.28,14.05],[9.15,13.62],[10.03,13.19],[10.9,12.75],[11.76,12.32],[11.76,12.32],[11.39,11.81],[11.26,11.09],[11.14,10.36],[11.02,9.64],[11.28,9.05],[11.55,8.46],[11.94,8.08],[12.33,7.7],[12.18,6.98],[12.04,6.26],[11.9,5.54],[11.27,5.27],[10.65,5.01],[9.85,5.03],[9.13,4.72],[8.41,4.42],[7.44,4.53],[6.46,4.64],[5.46,4.58],[4.74,4.31],[4.02,4.03],[3.42,4.06],[2.81,4.09],[2.19,3.82],[1.57,3.55],[1.74,2.93],[1.92,2.31],[1.98,1.71],[2.05,1.12],[2.35,0.6],[2.13,-0.28],[2.34,-0.96],[2.54,-1.65],[2.74,-2.18],[2.93,-2.7],[3.13,-3.29],[3.33,-3.88],[3.35,-4.38],[3.37,-4.88],[3,-5.51],[2.42,-6.09],[2.42,-6.09],[2.61,-6.57],[2.74,-6.86],[3.52,-7.24],[3.69,-7.68],[3.62,-7.92],[3.86,-8.44],[4.3,-8.86],[4.81,-8.84],[5.24,-9.14],[5.66,-9.44],[6.05,-9.79],[6.43,-10.14],[6.97,-10.06],[7.51,-9.99],[8.42,-9.81],[9.33,-9.63],[10.15,-9.65],[10.96,-9.66],[11.49,-9.47],[12.02,-9.28],[12.89,-9.18],[13.76,-9.08],[14.21,-8.81],[14.65,-8.53],[15.38,-8.66],[16.24,-8.27],[16.62,-8.78],[17.18,-9.53],[17.53,-10.02],[17.89,-10.51],[18.09,-11.19],[18.3,-11.88],[18.5,-12.57],[18.91,-13.43],[19.31,-13.79],[19.72,-14.16],[20.31,-13.94],[20.71,-13.55],[20.4,-12.8],[20.01,-12.27],[19.62,-11.74],[19.72,-11.18],[19.81,-10.62],[20.08,-10.1],[20.35,-9.58],[20.66,-9.31],[21.02,-9.45],[21.28,-10.31],[21.55,-11.16],[21.7,-11.88],[21.85,-12.59],[21.84,-13.15],[21.83,-13.7],[21.53,-14.09],[21.58,-14.96],[22.11,-15.77],[22.82,-15.82],[23.53,-15.86],[24.14,-16.07],[24.83,-15.57],[25.52,-15.07],[25.66,-14.46],[25.8,-13.86],[26.33,-13.32],[26.85,-12.78],[27.24,-12.41],[27.62,-12.04],[28.37,-11.65],[29.11,-11.27],[29.85,-10.88],[30.59,-10.49],[31.57,-10.23],[32.54,-9.97],[33.52,-9.7],[34.34,-9.48],[35.17,-9.25],[35.99,-9.02],[36.8,-8.8],[37.6,-8.57],[38.41,-8.34],[39.07,-8.17],[39.73,-8],[40.39,-7.83],[41.35,-7.61],[42.31,-7.39],[43.27,-7.16],[44.23,-6.93],[44.31,-6.91],[44.31,-6.91],[43.72,-7.7],[43.72,-7.7],[43.07,-7.9],[42.42,-8.11],[41.67,-8.34],[40.92,-8.56],[40.17,-8.79],[39.42,-9.01],[38.61,-9.32],[37.79,-9.62],[36.98,-9.93],[36.1,-10.19],[35.22,-10.44],[34.34,-10.7],[33.45,-10.91],[32.56,-11.13],[31.67,-11.34],[30.88,-11.57],[30.08,-11.8],[29.29,-12.03],[28.79,-12.47],[28.29,-12.91],[27.69,-13.47],[27.09,-14.02],[26.52,-14.76],[25.94,-15.49],[25.37,-16.23],[24.6,-16.54],[23.82,-16.84],[22.96,-16.61],[22.09,-16.38],[21.23,-16.14],[20.55,-15.99],[19.87,-15.84],[19.2,-15.68],[18.44,-15.1],[17.68,-14.52],[17.54,-13.61],[17.07,-13.39],[16.59,-13.18],[16.31,-12.54],[15.63,-11.93],[14.94,-11.31],[14.27,-10.69],[13.59,-10.07],[12.73,-9.98],[11.87,-9.88],[11.11,-10.11],[10.35,-10.33],[9.58,-10.56],[8.61,-10.7],[7.63,-10.84],[6.66,-10.97],[5.98,-11.04],[5.3,-11.12],[4.47,-11.27],[3.65,-11.42],[3.04,-11.72],[2.44,-12.03],[1.65,-12.13],[0.87,-12.22],[0.15,-12.2],[-0.57,-12.17],[-1.42,-12.5],[-2.27,-12.82],[-3.13,-13.14],[-3.13,-13.14],[-3.28,-12.56],[-3.58,-12.06],[-3.87,-11.56],[-4.26,-11.23],[-4.65,-10.91],[-5.4,-10.59],[-5.69,-10.49],[-5.69,-10.49],[-5.5,-10.4],[-5.28,-10.32]]]}},{"type":"Feature","properties":{"ma":85,"type":"gpml:TopologicalClosedPlateBoundary","name":"NE Siberia","pid":409,"deforming":false},"geometry":{"type":"MultiPolygon","coordinates":[[[[180,84.7],[180,83.79],[180,82.88],[180,81.97],[180,81.07],[180,80.16],[174.47,79.95],[169.22,79.65],[165.94,79.46],[162.79,79.24],[162.79,79.24],[160.84,78.66],[159.08,78.07],[157.48,77.47],[156.44,76.82],[155.5,76.17],[154.5,75.46],[152.48,74.72],[150.65,73.97],[148.97,73.21],[147.61,72.54],[146.34,71.87],[145.39,72.29],[144.4,72.71],[143.1,73.46],[141.67,74.2],[139.49,74.98],[137.08,75.74],[135.33,76.31],[133.43,76.87],[131.37,77.41],[128.59,77.98],[125.54,78.52],[122.2,79.02],[118.23,79.5],[113.91,79.92],[109.25,80.28],[104.27,80.57],[99,80.79],[94.78,81.01],[90.39,81.17],[85.86,81.28],[80.69,81.3],[80.69,81.3],[85.34,81.92],[90.72,82.48],[96.88,82.96],[103.84,83.34],[109.64,83.83],[116.35,84.24],[123.96,84.57],[132.38,84.79],[141.19,85.23],[151.51,85.54],[162.93,85.68],[174.65,85.65],[180,85.6],[180,84.7]]],[[[-180,81.07],[-180,81.97],[-180,82.88],[-180,83.79],[-180,84.7],[-180,85.6],[-168.12,85.34],[-157.9,84.9],[-149.5,84.33],[-145.15,83.83],[-141.47,83.3],[-138.34,82.75],[-135.2,82.01],[-132.59,81.26],[-130.4,80.49],[-128.54,79.7],[-129.56,78.91],[-130.45,78.11],[-131.23,77.31],[-131.91,76.51],[-132.53,75.7],[-132.53,75.7],[-135.21,76.13],[-138.06,76.53],[-141.07,76.9],[-144.25,77.23],[-147.41,77.84],[-150.88,78.41],[-154.7,78.93],[-159.08,79.46],[-163.89,79.92],[-169.12,80.3],[-174.6,80.27],[-180,80.16],[-180,81.07]]]]}},{"type":"Feature","properties":{"ma":85,"type":"gpml:TopologicalClosedPlateBoundary","name":"Proto Molucca Plate North","pid":780,"deforming":false},"geometry":{"type":"Polygon","coordinates":[[[146.46,-2.53],[146.47,-3.46],[146.48,-4.38],[146.49,-5.31],[146.51,-6.25],[146.54,-7.19],[146.56,-8.13],[146.59,-9.07],[146.44,-10],[146.3,-10.92],[146.15,-11.85],[146.01,-12.77],[145.9,-13.42],[145.9,-13.42],[145,-13.25],[144.11,-13.09],[143.21,-12.91],[142.32,-12.74],[141.43,-12.57],[140.7,-12.32],[139.98,-12.07],[139.26,-11.82],[139.31,-11.28],[139.36,-10.74],[138.54,-10.49],[137.71,-10.23],[136.89,-9.98],[136.08,-9.72],[136.19,-9.18],[135.34,-8.95],[134.5,-8.72],[134.38,-9.03],[133.54,-8.79],[132.69,-8.55],[131.85,-8.3],[131,-8.06],[130.88,-8.54],[130.14,-8.37],[129.4,-8.2],[129.2,-8.92],[129,-9.64],[128.08,-9.44],[127.17,-9.24],[126.25,-9.04],[125.34,-8.84],[124.43,-8.63],[124.56,-7.9],[124.69,-7.16],[123.77,-6.95],[122.85,-6.75],[121.92,-6.54],[121.15,-6.32],[120.39,-6.11],[119.62,-5.9],[118.86,-5.68],[118.34,-5.6],[117.83,-5.51],[117.83,-5.51],[117.89,-4.57],[117.96,-3.62],[118.02,-2.67],[118.08,-1.72],[118.15,-0.78],[118.21,0.17],[118.14,0.83],[118.07,1.5],[118.07,1.5],[118.66,1.57],[119.24,1.65],[119.97,1.78],[120.71,1.91],[121.44,2.04],[122.17,2.02],[122.91,2],[123.44,2.22],[123.97,2.44],[124.59,2.56],[125.22,2.68],[126.14,2.68],[127.06,2.67],[127.98,2.65],[128.89,2.62],[129.81,2.6],[130.78,2.72],[131.76,2.84],[132.74,2.96],[133.45,2.87],[134.16,2.78],[134.86,2.69],[135.69,2.44],[136.51,2.2],[137.33,1.96],[138.16,1.72],[139.02,1.29],[139.89,0.85],[140.75,0.42],[141.62,-0.01],[142.34,-0.41],[143.05,-0.8],[143.77,-1.19],[144.35,-1.59],[144.93,-1.99],[145.51,-2.39],[146.46,-2.53]]]}},{"type":"Feature","properties":{"ma":85,"type":"gpml:TopologicalClosedPlateBoundary","name":"AlCaPa","pid":334,"deforming":false},"geometry":{"type":"Polygon","coordinates":[[[4.05,28.52],[4.7,29.16],[5.36,29.8],[6.03,30.44],[7.05,30.91],[8.08,31.37],[8.81,31.34],[9.55,31.31],[9.55,31.31],[9.83,30.73],[10.11,30.15],[10.8,29.36],[11.48,28.56],[12.1,27.91],[12.71,27.26],[12.71,27.26],[12.14,27.12],[11.58,26.98],[11.58,26.98],[10.73,27.25],[9.87,27.51],[9.01,27.77],[8.64,27.6],[7.65,27.82],[6.64,28.03],[5.64,28.23],[4.63,28.42],[4.05,28.52]]]}},{"type":"Feature","properties":{"ma":85,"type":"gpml:TopologicalClosedPlateBoundary","name":"South Philippine Sea Plate","pid":608,"deforming":false},"geometry":{"type":"Polygon","coordinates":[[[146.46,-2.53],[145.51,-2.39],[144.93,-1.99],[144.35,-1.59],[143.77,-1.19],[143.05,-0.8],[142.34,-0.41],[141.62,-0.01],[140.75,0.42],[139.89,0.85],[139.02,1.29],[138.16,1.72],[137.33,1.96],[136.51,2.2],[135.69,2.44],[134.86,2.69],[134.16,2.78],[133.45,2.87],[132.74,2.96],[131.76,2.84],[130.78,2.72],[129.81,2.6],[128.89,2.62],[127.98,2.65],[127.06,2.67],[126.14,2.68],[125.22,2.68],[124.59,2.56],[123.97,2.44],[123.44,2.22],[122.91,2],[122.17,2.02],[121.44,2.04],[120.71,1.91],[119.97,1.78],[119.24,1.65],[118.66,1.57],[118.07,1.5],[118.07,1.5],[117.99,2.27],[117.91,3.04],[117.91,3.04],[118.75,2.97],[119.21,3.04],[119.21,3.04],[119.51,3.2],[120.21,3.62],[120.92,4.04],[121.62,4.45],[122.33,4.87],[123.04,5.29],[122.88,5.79],[122.71,6.3],[123.41,6.77],[124.1,7.25],[124.8,7.72],[125.49,8.19],[126.19,8.66],[126.5,9.45],[126.82,10.24],[126.82,10.24],[127.58,10],[128.33,9.76],[129.09,9.52],[129.89,9.14],[130.69,8.76],[131.48,8.38],[132.27,7.99],[133.07,7.61],[133.86,7.22],[134.69,6.73],[135.52,6.23],[136.35,5.74],[137.18,5.24],[138.01,4.75],[138.84,4.25],[139.66,3.75],[140.45,3.17],[141.24,2.59],[142.02,2],[142.81,1.42],[143.62,1.39],[144.43,1.36],[145.25,1.33],[146.06,1.29],[146.06,1.29],[146.19,0.4],[146.32,-0.48],[146.38,-1.09],[146.45,-1.7],[146.46,-2.53]]]}},{"type":"Feature","properties":{"ma":85,"type":"gpml:TopologicalClosedPlateBoundary","name":"North Philippine Sea Plate","pid":609,"deforming":false},"geometry":{"type":"Polygon","coordinates":[[[146.06,1.29],[145.25,1.33],[144.43,1.36],[143.62,1.39],[142.81,1.42],[142.02,2],[141.24,2.59],[140.45,3.17],[139.66,3.75],[138.84,4.25],[138.01,4.75],[137.18,5.24],[136.35,5.74],[135.52,6.23],[134.69,6.73],[133.86,7.22],[133.07,7.61],[132.27,7.99],[131.48,8.38],[130.69,8.76],[129.89,9.14],[129.09,9.52],[128.33,9.76],[127.58,10],[126.82,10.24],[126.82,10.24],[126.96,10.6],[126.96,10.6],[127.83,10.28],[128.71,9.95],[129.58,9.63],[130.45,9.3],[131.32,8.97],[132.11,8.5],[132.91,8.04],[133.7,7.58],[134.49,7.11],[135.28,6.65],[136.07,6.18],[136.91,5.71],[137.76,5.24],[138.6,4.78],[139.44,4.31],[140.28,3.83],[141.12,3.36],[141.96,2.89],[142.8,2.42],[143.64,1.95],[144.44,1.74],[145.25,1.53],[146.05,1.32],[146.05,1.32],[146.06,1.29]]]}},{"type":"Feature","properties":{"ma":85,"type":"gpml:TopologicalNetwork","name":"Greater_India_East_Mesh","pid":801,"deforming":true},"geometry":{"type":"Polygon","coordinates":[[[101.29,-47.28],[100.21,-47.45],[99.12,-47.61],[98.03,-47.76],[96.96,-47.9],[95.89,-48.02],[95.89,-48.02],[96.63,-47.6],[97.17,-46.96],[97.69,-46.32],[96.83,-45.92],[95.99,-45.51],[95.16,-45.09],[95.47,-44.42],[95.78,-43.75],[96.6,-43.35],[97.4,-42.94],[98.19,-42.52],[98.48,-41.74],[97.9,-40.98],[98.65,-40.3],[99.37,-40.43],[100.09,-40.54],[101.03,-40.97],[101.96,-41.02],[102.89,-41.07],[103.95,-41.17],[105.02,-41.27],[105.69,-41.09],[105.9,-40.12],[106.29,-39.36],[106.67,-38.6],[107.19,-37.73],[107.5,-37.23],[107.81,-36.73],[108.01,-36.39],[108.76,-36.01],[109.51,-35.63],[110.25,-35.24],[110.92,-34.77],[111.58,-34.29],[111.38,-33.93],[112.3,-33.41],[113.22,-32.88],[114.12,-32.35],[114.86,-31.95],[115.59,-31.54],[116.32,-31.12],[116.69,-31.58],[117.07,-32.03],[117.74,-31.54],[118.4,-31.05],[119.05,-30.55],[119.05,-30.55],[119.71,-31.06],[120.38,-31.57],[121.19,-32.1],[122,-32.63],[122.83,-33.15],[123.67,-33.66],[124.52,-34.17],[125.38,-34.67],[126.25,-35.17],[126.25,-35.17],[125.57,-35.44],[124.89,-35.71],[123.96,-36.34],[123.02,-36.96],[122.36,-37.39],[121.7,-37.81],[121.03,-38.22],[120.49,-39.04],[119.68,-39.42],[118.86,-39.79],[118.03,-40.16],[117,-40.62],[115.96,-41.08],[115.08,-41.44],[114.2,-41.8],[113.3,-42.15],[112.47,-42.8],[111.62,-43.44],[110.76,-44.01],[109.89,-44.57],[108.99,-45.13],[108.04,-45.39],[107.07,-45.65],[106.1,-45.9],[105.1,-46.18],[104.09,-46.46],[103.07,-46.72],[102.37,-47.1],[101.29,-47.28]]]}},{"type":"Feature","properties":{"ma":85,"type":"gpml:TopologicalNetwork","name":"aus_antarc_india_mesh","pid":801,"deforming":true},"geometry":{"type":"Polygon","coordinates":[[[89.54,-48.26],[89.7,-48.22],[90.6,-47.83],[91.48,-47.42],[92.36,-47.01],[92.78,-47.39],[92.74,-48.17],[92.7,-48.95],[93.43,-49.29],[94.16,-49.62],[94.85,-49.21],[95.31,-48.67],[95.76,-48.11],[96.86,-47.97],[97.96,-47.82],[99.05,-47.66],[100.14,-47.49],[100.14,-47.49],[99.73,-48.4],[99.83,-49.08],[99.93,-49.76],[99.89,-50.26],[99.84,-50.88],[99.78,-51.52],[99.72,-52.17],[99.84,-52.76],[99.96,-53.35],[100.23,-54.07],[100.5,-54.78],[100.73,-55.47],[100.96,-56.16],[100.88,-56.94],[100.79,-57.72],[100.43,-58.28],[100.06,-58.84],[100.06,-58.84],[99.13,-58.78],[97.53,-59.11],[97.22,-59.08],[97.22,-59.08],[97.84,-58.72],[97.47,-57.85],[97.11,-56.98],[97.47,-57.17],[97.73,-57.39],[98.43,-56.89],[98.61,-56.59],[98.72,-56.49],[98.61,-55.85],[98.72,-55.82],[99.03,-55.83],[99.23,-55.78],[99.2,-55.45],[99.06,-55.16],[98.37,-54.72],[98.35,-54.61],[97.89,-54.3],[98.1,-54.2],[97.08,-53.46],[96.14,-52.8],[95.71,-52.37],[95.3,-51.94],[94.46,-51.5],[93.61,-51],[92.77,-50.48],[92.09,-50.18],[91.41,-49.59],[90.91,-49.27],[90.91,-49.27],[90.93,-49.16],[90.23,-48.71],[89.54,-48.26]]]}},{"type":"Feature","properties":{"ma":85,"type":"gpml:TopologicalNetwork","name":"IA_PNG_Jurassic_Deforming_Network","pid":615,"deforming":true},"geometry":{"type":"Polygon","coordinates":[[[126.64,-26.03],[126.94,-26.61],[127.21,-27.14],[127.21,-27.14],[128.28,-27.2],[128.95,-27.21],[129.98,-27.36],[130.52,-27.4],[131.05,-27.5],[131.7,-27.62],[132.59,-27.76],[133.13,-27.87],[133.4,-27.88],[133.75,-28.02],[133.75,-28.02],[133.88,-27.66],[134.19,-27.33],[134.19,-27.33],[134.29,-27.32],[135.01,-27.29],[135.95,-27.49],[136.81,-27.77],[137.02,-27.87],[137.01,-28.2],[136.95,-28.32],[136.9,-28.58],[136.9,-28.58],[136.99,-28.61],[137.57,-28.87],[138,-29.13],[138.56,-29.74],[139.12,-30.17],[139.94,-30.51],[139.94,-30.51],[139.6,-31.17],[139.04,-31.93],[138.94,-32.11],[138.94,-32.11],[138.35,-31.79],[137.76,-31.47],[136.82,-31.03],[136.16,-30.8],[135.49,-30.57],[135.18,-30.44],[134.86,-30.3],[134.6,-30.16],[134.36,-29.97],[134.34,-29.74],[134.39,-29.52],[134.4,-29.47],[133.98,-29.37],[133.66,-29.34],[133.39,-29.23],[132.93,-29.13],[132.25,-29],[131.84,-28.85],[131.07,-28.82],[130.64,-28.77],[130.08,-28.75],[129.72,-28.75],[129.09,-28.74],[128.61,-28.71],[127.63,-28.51],[127.29,-28.5],[126.68,-28.47],[126.3,-28.41],[125.51,-28.23],[125.07,-28.15],[124.16,-27.7],[123.27,-27.24],[122.69,-26.56],[122.08,-25.86],[122,-25.32],[121.91,-24.77],[121.82,-24.49],[121.82,-24.49],[121.85,-24.49],[122.45,-24.53],[123.06,-24.57],[123.63,-24.77],[124.21,-24.96],[124.8,-25.27],[125.39,-25.58],[126.08,-25.81],[126.64,-26.03]]]}},{"type":"Feature","properties":{"ma":85,"type":"gpml:TopologicalNetwork","name":"Inactive_PNG_Jurassic_Deforming_Network","pid":615,"deforming":true},"geometry":{"type":"Polygon","coordinates":[[[126.52,-20.83],[126.52,-20.83],[126.55,-20.73],[127.14,-20.11],[127.88,-19.76],[128.63,-19.76],[129.39,-19.75],[130.38,-19.88],[131.36,-20.02],[132.39,-20.19],[133.41,-20.35],[134.42,-20.65],[135.44,-20.95],[136.46,-21.23],[137.19,-21.78],[137.92,-22.32],[137.8,-22.83],[137.8,-22.85],[137.8,-22.85],[137.41,-22.65],[137.04,-22.47],[136.65,-22.4],[136.22,-22.31],[135.43,-22.16],[134.51,-22.03],[133.77,-21.91],[133.04,-21.79],[132.46,-21.69],[131.89,-21.59],[130.95,-21.47],[130.09,-21.36],[129.36,-21.33],[128.65,-21.3],[127.63,-21.15],[126.86,-21.08],[126.83,-21.08],[126.52,-20.83]]]}},{"type":"Feature","properties":{"ma":85,"type":"gpml:TopologicalNetwork","name":"Inactive_aus_antarc_india_mesh","pid":802,"deforming":true},"geometry":{"type":"Polygon","coordinates":[[[97.82,-63.51],[96.36,-63.73],[94.89,-63.94],[93.81,-64.27],[92.71,-64.58],[91.45,-64.88],[90.17,-65.16],[89.12,-65.56],[88.03,-65.95],[86.58,-66.09],[85.12,-66.21],[83.83,-66.31],[82.53,-66.4],[80.88,-66.61],[79.2,-66.81],[77.58,-67.15],[75.91,-67.47],[74.44,-67.84],[74.18,-68.83],[73.2,-69.66],[72.17,-70.17],[71.08,-70.84],[69.92,-71.51],[69.38,-72.32],[68.78,-73.12],[67.67,-72.21],[66.72,-71.36],[66.64,-70.79],[66.55,-70.21],[67.01,-69.69],[67.45,-69.17],[68.14,-68.46],[66.4,-68.74],[63.82,-68.88],[62.01,-68.92],[60.21,-68.93],[58.22,-68.9],[56.23,-68.84],[54.26,-68.76],[52.86,-68.57],[51.49,-68.37],[49.93,-67.81],[47.87,-67.86],[45.95,-68.39],[43.6,-68.9],[41.15,-69.37],[39.01,-69.94],[36.76,-70.49],[34.91,-71.04],[32.96,-71.57],[30.24,-71.48],[27.54,-71.35],[25.38,-70.99],[23.29,-70.6],[22.05,-70.18],[20.85,-69.74],[20.85,-69.74],[21.82,-69.34],[22.74,-68.94],[23.5,-68.54],[24.37,-68.22],[25.4,-67.8],[25.88,-67.74],[26.43,-67.81],[26.9,-68.16],[27,-68.41],[26.88,-68.72],[26.76,-69.12],[26.73,-69.45],[26.86,-69.68],[27.39,-69.98],[28.27,-70.14],[30.04,-70.26],[31.83,-70.36],[32.55,-69.68],[33.42,-69.71],[34.28,-69.77],[34.51,-69.74],[35.45,-69.05],[35.85,-68.55],[36.65,-68.13],[38.42,-67.69],[40.11,-67.23],[41.13,-66.7],[42.11,-66.16],[43.73,-66],[43.73,-66],[46.02,-65.99],[47.45,-66.11],[49.03,-66.21],[51.42,-66.36],[51.66,-65.66],[51.78,-65.6],[53.02,-65.59],[54.26,-65.58],[56,-65.53],[58.07,-65.47],[59.92,-65.56],[60.64,-65.54],[61.73,-65.51],[63.39,-65.34],[64.24,-65.22],[65.18,-65.08],[65.88,-65.24],[66.98,-65.47],[68.61,-64.78],[69.06,-64.81],[69.77,-64.85],[71.05,-64.91],[71.39,-65.29],[71.65,-65.56],[72.29,-65.62],[73.74,-65.64],[75.09,-65.65],[76.91,-65.67],[77.91,-65.66],[79.31,-65.56],[80.71,-65.45],[81.35,-65.36],[81.71,-65.26],[83.09,-65.09],[84.46,-64.9],[85.72,-64.71],[87.31,-64.34],[88.86,-63.96],[89.81,-63.61],[90.72,-63.26],[90.34,-62.63],[90.07,-62.15],[91.98,-61.92],[93.96,-61.72],[95.92,-61.49],[96.92,-61.73],[97.76,-61.83],[98.52,-61.94],[98.52,-61.94],[98.42,-61.88],[98.42,-61.88],[98.71,-62.46],[99.01,-63.03],[99.25,-63.27],[97.82,-63.51]]]}},{"type":"Feature","properties":{"ma":85,"type":"gpml:TopologicalNetwork","name":"Inactive_Central_Atlantic_Mesh","pid":101,"deforming":true},"geometry":{"type":"Polygon","coordinates":[[[-26.51,31.41],[-26.78,31.65],[-27.29,32.03],[-27.76,32.14],[-28.32,32.66],[-28.78,32.86],[-29.63,32.72],[-30.5,32.76],[-31.37,32.8],[-32.19,32.4],[-32.74,32.06],[-33.12,31.82],[-33.6,31.65],[-34.12,31.58],[-34.73,31.88],[-35.49,32.39],[-36.25,32.61],[-36.89,32.7],[-37.07,32.71],[-37.34,32.59],[-37.72,32.46],[-37.87,32.41],[-37.97,32.37],[-38.08,32.31],[-38.17,32.26],[-38.46,32.13],[-38.8,31.95],[-38.94,31.86],[-39.16,31.74],[-39.31,31.68],[-39.44,31.6],[-39.65,31.5],[-39.87,31.4],[-40.02,31.29],[-40.37,31.28],[-40.66,31.43],[-40.93,31.59],[-41.35,31.79],[-41.62,31.74],[-41.86,31.73],[-42.16,31.76],[-42.48,31.78],[-42.8,31.82],[-43.02,31.85],[-43.28,31.9],[-43.53,31.99],[-43.85,32.1],[-44.03,32.18],[-44.38,32.07],[-44.55,32.05],[-44.96,32.1],[-45.73,32.08],[-46.38,31.89],[-47,31.49],[-47.41,30.88],[-47.87,30.43],[-48.07,30.17],[-48.17,29.75],[-48.22,29.34],[-48.39,28.8],[-48.93,28.38],[-49.45,27.96],[-49.97,27.59],[-50.38,27.28],[-51.06,26.85],[-51.48,26.44],[-52.32,26.34],[-53.2,26.22],[-54.09,26.08],[-54.53,25.8],[-54.89,25.5],[-54.61,25.12],[-54.6,24.91],[-54.89,24.51],[-54.84,23.99],[-54.83,23.06],[-54.8,22.75],[-54.85,22.32],[-54.87,22.24],[-54.87,22.24],[-55.31,22.36],[-56,22.62],[-56.64,23.04],[-57.02,23.66],[-57.43,24.11],[-57.97,24.52],[-58.42,25],[-58.49,25.53],[-59.17,26],[-59.65,26.47],[-60.13,26.94],[-60.13,26.94],[-59.51,27.03],[-59.19,27.03],[-58.86,27.32],[-58.4,27.7],[-57.96,28],[-57.54,28.28],[-57.4,28.48],[-57.01,28.56],[-56.65,28.63],[-56.06,28.76],[-55.34,28.87],[-54.62,28.97],[-53.97,29.36],[-53.41,29.79],[-53.12,30.53],[-52.88,31.14],[-52.13,31.41],[-51.19,31.89],[-50.76,32.16],[-50.15,32.59],[-49.54,33.01],[-49.18,33.43],[-48.93,33.85],[-48.42,33.97],[-48.25,34.06],[-47.97,34.02],[-47.62,33.91],[-47.29,33.87],[-46.72,33.96],[-46.43,33.97],[-46.21,33.95],[-45.81,34.17],[-45.38,34.4],[-44.81,34.47],[-44.34,34.74],[-44.01,35.27],[-43.71,35.33],[-43.27,35.14],[-42.61,35.33],[-42.05,35.29],[-41.13,35.23],[-40.16,35.25],[-39.52,35.32],[-38.57,35.32],[-37.9,35.53],[-37,35.8],[-36.24,35.95],[-35.56,35.98],[-34.77,35.99],[-34.37,35.95],[-33.82,35.76],[-33.06,35.56],[-32.37,35.5],[-31.79,35.43],[-31.2,35.33],[-30.59,35.21],[-29.86,35.03],[-29.06,34.71],[-28.32,34.39],[-27.46,34.1],[-27.11,33.92],[-26.97,33.67],[-26.74,33.53],[-26.63,33.36],[-26.53,33.24],[-26.38,33.02],[-26.14,32.78],[-26.24,32.69],[-26.44,32.62],[-26.8,32.7],[-26.82,32.51],[-26.75,32.26],[-26.34,32.35],[-26.28,32.35],[-26.15,32.29],[-26.23,32.08],[-26.36,31.68],[-26.08,31.54],[-26.08,31.54],[-26.51,31.41]]]}},{"type":"Feature","properties":{"ma":85,"type":"gpml:TopologicalNetwork","name":"Inactive Deforming Network","pid":701,"deforming":true},"geometry":{"type":"Polygon","coordinates":[[[-5.44,-12.05],[-6.2,-11.55],[-6.95,-11.05],[-6.95,-11.05],[-6.15,-10.69],[-5.69,-10.49],[-5.69,-10.49],[-5.4,-10.59],[-4.65,-10.91],[-4.26,-11.23],[-3.87,-11.56],[-3.58,-12.06],[-3.28,-12.56],[-3.08,-13.33],[-3.16,-13.95],[-3.24,-14.56],[-3.58,-15.23],[-3.92,-15.9],[-4.27,-16.57],[-4.21,-17.08],[-4.16,-17.6],[-4.09,-18.6],[-4.23,-19.45],[-4.24,-20],[-4.25,-20.56],[-4,-21.06],[-3.75,-21.56],[-3.19,-22.08],[-2.84,-22.9],[-2.69,-23.38],[-2.54,-23.87],[-2.52,-24.73],[-2.54,-25.55],[-2.4,-26.38],[-2.12,-27.34],[-1.96,-28.2],[-2.06,-28.86],[-2.26,-29.39],[-2.46,-29.92],[-3.04,-30.63],[-3.48,-30.97],[-3.92,-31.3],[-4.66,-32.06],[-4.98,-32.54],[-5.31,-33.02],[-5.66,-33.6],[-6.02,-34.17],[-6.28,-34.68],[-6.55,-35.19],[-6.56,-36.14],[-6.46,-36.78],[-6.35,-37.42],[-6.26,-37.92],[-6.18,-38.42],[-6.05,-39.28],[-5.72,-40.18],[-5.69,-40.85],[-5.66,-41.51],[-5.64,-42.48],[-5.67,-43.04],[-5.7,-43.59],[-5.7,-44.16],[-5.69,-44.73],[-5.66,-45.29],[-5.64,-45.84],[-5.24,-46.7],[-4.79,-47.59],[-4.58,-48.16],[-4.36,-48.73],[-4.3,-49.38],[-4.23,-50.02],[-4.26,-50.96],[-4.29,-51.9],[-4.14,-52.52],[-3.99,-53.14],[-3.46,-53.65],[-2.92,-54.15],[-2.34,-54.73],[-1.75,-55.31],[-0.88,-55.96],[-0.88,-55.96],[-1.82,-56.21],[-2.77,-56.45],[-2.77,-56.45],[-3.29,-55.95],[-3.8,-55.45],[-3.77,-55.4],[-4.43,-54.66],[-4.75,-54.31],[-5.25,-53.74],[-5.67,-53.22],[-6,-52.8],[-6.46,-52.12],[-6.66,-51.81],[-7.04,-51.09],[-7.46,-50.29],[-7.63,-49.8],[-7.83,-49.25],[-7.95,-48.88],[-7.98,-48.69],[-8.07,-48.07],[-8.15,-47.52],[-8.17,-47.4],[-8.2,-46.87],[-8.23,-46.35],[-8.23,-46.27],[-8.23,-45.5],[-8.23,-45.45],[-8.18,-44.74],[-8.17,-44.55],[-8.09,-43.99],[-8.04,-43.65],[-8.01,-43.24],[-7.98,-42.75],[-7.99,-42.48],[-8.02,-41.85],[-8.02,-41.7],[-8.04,-40.95],[-8.03,-40.91],[-7.88,-40.16],[-7.86,-40.05],[-7.78,-39.39],[-7.75,-39.15],[-7.76,-38.6],[-7.77,-38.25],[-7.74,-37.84],[-7.72,-37.34],[-7.68,-37.06],[-7.59,-36.44],[-7.57,-36.32],[-7.47,-35.75],[-7.44,-35.54],[-7.41,-35.44],[-7.35,-35.24],[-7.3,-35.05],[-7.21,-34.75],[-7.18,-34.66],[-7.04,-34.3],[-6.84,-33.8],[-6.81,-33.75],[-6.54,-33.26],[-6.38,-32.98],[-6.11,-32.68],[-5.75,-32.25],[-5.47,-31.72],[-5.31,-31.42],[-5.24,-31.17],[-5.06,-30.54],[-5.02,-30.39],[-4.84,-29.65],[-4.86,-29.5],[-4.93,-28.75],[-4.95,-28.69],[-5.18,-27.96],[-5.2,-27.88],[-5.36,-27.18],[-5.4,-27],[-5.36,-26.35],[-5.35,-26.09],[-5.32,-25.53],[-5.3,-25.19],[-5.27,-24.74],[-5.23,-24.28],[-5.21,-23.91],[-5.18,-23.37],[-5.32,-23.1],[-5.57,-22.59],[-5.68,-22.47],[-6.21,-21.91],[-6.25,-21.83],[-6.6,-21.12],[-6.61,-21.09],[-6.69,-20.43],[-6.72,-20.2],[-6.56,-19.76],[-6.4,-19.35],[-6.28,-19.02],[-6.09,-18.5],[-6.06,-18.33],[-5.98,-17.74],[-5.95,-17.6],[-5.87,-17.45],[-5.6,-16.96],[-5.52,-16.81],[-4.78,-16.24],[-4.3,-15.51],[-3.89,-14.82],[-3.83,-14.73],[-3.76,-13.87],[-3.76,-13.84],[-4.18,-13.2],[-4.25,-13.09],[-4.77,-12.59],[-4.91,-12.45],[-5.43,-12.02],[-5.44,-12.05]]]}},{"type":"Feature","properties":{"ma":85,"type":"gpml:TopologicalNetwork","name":"Inactive Deforming Network","pid":201,"deforming":true},"geometry":{"type":"Polygon","coordinates":[[[-17.76,-15.68],[-17.58,-16.27],[-17.52,-16.45],[-17.39,-17.1],[-17.37,-17.23],[-17.25,-17.98],[-17.25,-18.01],[-17.15,-18.74],[-17.15,-18.8],[-17.33,-19.29],[-17.59,-19.81],[-17.75,-20.07],[-17.82,-20.19],[-18.52,-20.63],[-18.88,-20.78],[-19.29,-20.94],[-19.87,-21.51],[-20.01,-21.67],[-20.42,-22.12],[-20.64,-22.41],[-20.93,-22.76],[-21.26,-23.14],[-21.47,-23.38],[-21.87,-24.04],[-21.89,-24.07],[-21.78,-24.85],[-21.75,-24.93],[-21.56,-25.62],[-21.47,-25.77],[-21.14,-26.32],[-21.11,-26.61],[-21.08,-27.1],[-21.18,-27.44],[-21.3,-27.87],[-21.49,-28.29],[-21.63,-28.61],[-21.81,-29.13],[-21.89,-29.38],[-22.02,-29.98],[-22.06,-30.16],[-22.17,-30.87],[-22.19,-30.95],[-22.43,-31.72],[-22.44,-31.78],[-22.51,-32.51],[-22.54,-32.66],[-22.66,-33.3],[-22.74,-33.44],[-23.06,-33.98],[-23.38,-34.2],[-23.72,-34.45],[-23.93,-34.87],[-24.08,-35.18],[-24.4,-35.4],[-24.74,-35.62],[-25.52,-36.01],[-25.58,-36.05],[-26.26,-36.46],[-26.88,-36.75],[-27.05,-36.83],[-27.9,-37.06],[-28.79,-37.17],[-29.67,-37.29],[-29.95,-37.35],[-30.54,-37.48],[-31.27,-37.92],[-31.35,-38.03],[-31.8,-38.56],[-31.97,-38.8],[-32.26,-39.25],[-32.58,-39.59],[-32.84,-39.87],[-33.27,-40.27],[-33.47,-40.45],[-34.03,-40.94],[-34.12,-41.02],[-34.76,-41.6],[-34.79,-41.63],[-35.39,-42.19],[-35.48,-42.32],[-35.86,-42.88],[-36.02,-43.13],[-36.32,-43.59],[-36.58,-43.97],[-36.8,-44.28],[-37.2,-44.79],[-37.33,-44.95],[-37.86,-45.56],[-37.9,-45.6],[-38.5,-46.22],[-38.56,-46.29],[-39.09,-46.84],[-39.63,-47.39],[-39.75,-47.48],[-40.32,-47.92],[-40.73,-48.48],[-40.91,-48.63],[-41.27,-48.95],[-41.84,-49.39],[-42.35,-49.8],[-42.94,-50.22],[-43.55,-50.64],[-44.31,-51.27],[-44.65,-51.55],[-45.18,-52.2],[-45.52,-52.62],[-45.9,-53.15],[-46.32,-53.74],[-46.52,-54.12],[-46.94,-54.92],[-47.29,-55.46],[-47.65,-56.01],[-47.85,-56.43],[-47.85,-56.43],[-49.39,-56.09],[-49.39,-56.09],[-49.38,-55.37],[-49.25,-54.89],[-49.09,-54.4],[-48.93,-53.9],[-48.55,-53.24],[-48.18,-52.56],[-47.74,-51.9],[-47.22,-51.32],[-46.32,-50.49],[-45.56,-49.89],[-44.83,-49.29],[-44.1,-48.68],[-43.45,-48.05],[-42.92,-47.55],[-42.4,-47.04],[-42.02,-46.81],[-41.21,-46.29],[-40.42,-45.76],[-39.8,-45.32],[-39.18,-44.88],[-38.59,-44.12],[-38.12,-43.33],[-37.55,-42.53],[-36.95,-41.85],[-36.55,-41.28],[-35.89,-40.5],[-35.26,-39.75],[-34.78,-38.96],[-34.63,-38.8],[-34.07,-38.38],[-33.61,-37.46],[-33.57,-36.55],[-33.42,-36.03],[-33.27,-35.51],[-32.83,-35.09],[-32.4,-34.68],[-31.38,-34.16],[-30.77,-33.95],[-30.16,-33.74],[-29.25,-33.43],[-28.42,-33.31],[-27.59,-33.19],[-26.86,-33.03],[-26.14,-32.86],[-25.44,-32.29],[-25.18,-31.83],[-24.89,-31.37],[-24.42,-30.76],[-24.26,-30.15],[-24.14,-29.63],[-23.99,-29.19],[-23.71,-28.66],[-23.56,-28.09],[-23.34,-27.73],[-23.3,-27.31],[-23.13,-26.84],[-22.91,-26.35],[-22.81,-25.74],[-22.77,-25.09],[-22.61,-24.56],[-22.69,-23.96],[-22.63,-23.45],[-22.53,-23.11],[-22.24,-22.41],[-22.15,-21.93],[-22.12,-21.49],[-22.11,-20.96],[-22.13,-20.51],[-22.19,-20.06],[-22.1,-19.7],[-21.9,-19.44],[-21.67,-19.22],[-21.2,-18.94],[-21,-18.71],[-21.88,-18.74],[-22.73,-18.34],[-23.23,-18.02],[-23.59,-18.21],[-23.65,-18.63],[-24.04,-18.63],[-24.39,-18.35],[-24.58,-17.95],[-24.44,-17.67],[-24.02,-17.27],[-23.61,-16.88],[-22.97,-16.66],[-22.56,-16.31],[-22.24,-16.38],[-21.87,-15.88],[-21.48,-15.61],[-20.82,-15.45],[-20.44,-15.15],[-20.49,-14.77],[-20.71,-14.58],[-20.71,-14.58],[-20.02,-14.49],[-19.33,-14.4],[-19.33,-14.4],[-19.06,-14.54],[-18.63,-14.77],[-18.19,-15.22],[-17.76,-15.68]]]}},{"type":"Feature","properties":{"ma":85,"type":"gpml:TopologicalNetwork","name":"Inactive Deforming Network","pid":201,"deforming":true},"geometry":{"type":"Polygon","coordinates":[[[-32.41,-5.67],[-32.29,-5.81],[-31.68,-6.6],[-31.27,-7],[-30.96,-7.3],[-30.35,-8.1],[-30.06,-8.38],[-29.64,-8.8],[-28.81,-9.36],[-28.69,-9.43],[-27.99,-9.84],[-27.94,-9.87],[-27.61,-10.21],[-27.24,-10.58],[-27.15,-10.7],[-26.65,-11.4],[-26.34,-11.65],[-25.89,-12.01],[-24.88,-12.13],[-24.37,-12.17],[-23.86,-12.2],[-23.6,-12.25],[-22.86,-12.37],[-22.74,-12.43],[-22.25,-12.67],[-21.96,-12.82],[-21.6,-13.07],[-21.12,-13.4],[-20.78,-13.68],[-20.32,-13.91],[-19.85,-14.14],[-19.33,-14.4],[-19.33,-14.4],[-20.02,-14.49],[-20.71,-14.58],[-20.71,-14.58],[-20.75,-14.55],[-21.29,-14.4],[-21.84,-14.19],[-22.2,-14.01],[-22.2,-14.01],[-22.43,-13.91],[-23.01,-13.71],[-23.77,-13.54],[-24.46,-13.53],[-25.16,-13.5],[-26.05,-13.33],[-26.94,-13.16],[-27.85,-12.77],[-28.69,-12.27],[-29.55,-11.76],[-30.37,-11.36],[-30.91,-11.11],[-31.45,-10.85],[-31.95,-10.59],[-32.45,-10.33],[-33.01,-10.07],[-33.57,-9.81],[-33.9,-9.4],[-34.22,-8.99],[-34.4,-8.48],[-34.58,-7.97],[-34.66,-7.41],[-34.73,-6.84],[-34.95,-6.33],[-35.18,-5.82],[-35.81,-5.05],[-36.3,-4.43],[-36.64,-3.9],[-36.98,-3.37],[-37.3,-2.68],[-37.34,-1.74],[-37.33,-1.06],[-37.56,-0.65],[-37.42,-0.05],[-37.42,-0.05],[-36.89,-0.14],[-36.4,-0.77],[-35.72,-1.09],[-35.41,-1.2],[-35.41,-1.2],[-35.39,-1.75],[-35.36,-2.3],[-35.32,-2.86],[-35.02,-3.58],[-34.37,-4.1],[-33.72,-4.63],[-33.07,-5.15],[-32.41,-5.67]]]}},{"type":"Feature","properties":{"ma":85,"type":"gpml:TopologicalNetwork","name":"Deforming Network","pid":714,"deforming":true},"geometry":{"type":"Polygon","coordinates":[[[-24.6,-5.93],[-25.11,-5.44],[-25.61,-4.96],[-25.67,-4.89],[-25.67,-4.89],[-25.04,-4.86],[-24.41,-4.83],[-23.99,-4.77],[-23.99,-4.77],[-23.79,-4.86],[-23.35,-5.55],[-22.91,-6.23],[-22.46,-6.89],[-22.01,-7.55],[-21.45,-8.1],[-20.89,-8.65],[-20.23,-8.99],[-19.39,-9.04],[-18.54,-9.08],[-17.73,-9.2],[-16.91,-9.31],[-15.95,-9.58],[-15.35,-9.85],[-14.75,-10.12],[-13.95,-10.1],[-13.16,-10.08],[-12.37,-9.9],[-11.58,-9.72],[-11.07,-9.63],[-10.55,-9.53],[-9.58,-9.6],[-8.62,-9.66],[-7.83,-9.87],[-7.04,-10.07],[-6.25,-10.27],[-5.69,-10.49],[-5.69,-10.49],[-6.15,-10.69],[-6.93,-11.04],[-6.93,-11.04],[-6.98,-11.03],[-6.98,-11.03],[-7.3,-10.81],[-7.93,-10.63],[-8.55,-10.45],[-9.2,-10.39],[-9.99,-10.31],[-10.88,-10.38],[-11.44,-10.42],[-12.16,-10.56],[-12.87,-10.69],[-13.22,-10.74],[-13.76,-10.83],[-14.31,-10.92],[-14.42,-10.88],[-14.7,-10.77],[-15.02,-10.65],[-15.59,-10.43],[-15.94,-10.27],[-16.42,-10.04],[-16.89,-9.81],[-17.22,-9.79],[-17.77,-9.76],[-18.32,-9.72],[-18.95,-9.72],[-19.57,-9.71],[-19.78,-9.71],[-20.49,-9.62],[-21.2,-9.52],[-21.27,-9.47],[-21.91,-9.06],[-22.4,-8.74],[-22.57,-8.51],[-23.05,-7.84],[-23.24,-7.57],[-23.49,-7.23],[-24,-6.53],[-24.09,-6.41],[-24.6,-5.93]]]}},{"type":"Feature","properties":{"ma":85,"type":"gpml:TopologicalNetwork","name":"Inactive_Southern_Central_Atlantic_Mesh","pid":714,"deforming":true},"geometry":{"type":"Polygon","coordinates":[[[-25.59,1.68],[-25.7,1.44],[-25.67,1.19],[-25.91,0.76],[-26.01,0.31],[-25.89,-0.48],[-25.75,-1.38],[-25.51,-1.92],[-24.99,-2.38],[-24.46,-2.83],[-24.02,-3.65],[-23.83,-4.36],[-23.47,-5.16],[-23.51,-5.3],[-23.51,-5.3],[-23.79,-4.86],[-24.21,-4.69],[-24.21,-4.69],[-24.33,-4.02],[-24.57,-3.39],[-24.9,-2.94],[-25.17,-2.56],[-25.39,-2.39],[-25.69,-2.34],[-26.24,-2.34],[-26.57,-2.36],[-26.84,-2.29],[-27.59,-2.24],[-28.14,-1.77],[-28.59,-1.26],[-28.42,-0.64],[-28.24,-0.12],[-27.75,0.32],[-27.75,0.32],[-27.67,0.58],[-27.56,0.86],[-27.49,1.11],[-27.39,1.34],[-27.45,1.58],[-27.33,1.91],[-27.19,2.22],[-27.19,2.22],[-26.37,2],[-25.54,1.78],[-25.59,1.68]]]}},{"type":"Feature","properties":{"ma":85,"type":"gpml:TopologicalNetwork","name":"Inactive_Mesozoic Southern South America Deformation","pid":201,"deforming":true},"geometry":{"type":"Polygon","coordinates":[[[-48.15,-56.03],[-46.9,-56.29],[-46.9,-56.29],[-47.04,-56.72],[-46.81,-56.87],[-46.55,-56.87],[-45.95,-57.1],[-45.01,-57.46],[-44.05,-57.82],[-43.04,-58.18],[-42.02,-58.53],[-41.36,-58.66],[-41.16,-58.73],[-39.96,-59],[-38.54,-59.17],[-37,-59.26],[-36.54,-59.35],[-34.98,-59.44],[-33.42,-59.51],[-33.17,-59.56],[-31.91,-59.59],[-30.59,-59.58],[-29.44,-59.59],[-28.29,-59.59],[-28.01,-59.57],[-26.99,-59.58],[-25.18,-59.58],[-24.96,-59.57],[-24.9,-59.58],[-24.21,-59.93],[-24.21,-59.93],[-24.86,-60.44],[-25.89,-60.91],[-26.95,-61.36],[-28.19,-62.05],[-28.19,-62.05],[-28.37,-62.12],[-28.56,-62.17],[-29.71,-62.27],[-30.46,-62.5],[-31,-62.58],[-31.38,-62.78],[-33.22,-62.82],[-35.07,-62.83],[-36.41,-62.89],[-37.77,-62.93],[-38.01,-62.94],[-38.01,-62.94],[-39.63,-63.42],[-40.72,-63.61],[-41.83,-63.8],[-43.59,-63.82],[-45.36,-63.81],[-46.75,-63.86],[-48.15,-63.89],[-49.63,-63.73],[-51.09,-63.56],[-52.87,-63.4],[-54.63,-63.21],[-56.75,-63.19],[-58.86,-63.13],[-60.15,-63.04],[-61.43,-62.94],[-62.6,-62.81],[-63.75,-62.68],[-65.25,-62.33],[-66.71,-61.96],[-68.03,-61.38],[-69.3,-60.79],[-70.53,-60.18],[-71.17,-59.85],[-71.17,-59.85],[-71.17,-59.67],[-71.24,-59.26],[-71.15,-58.93],[-71.09,-58.77],[-70.96,-58.53],[-70.87,-58.13],[-70.8,-57.75],[-70.78,-57.48],[-70.72,-57.17],[-70.66,-56.9],[-70.65,-56.74],[-70.67,-56.51],[-70.45,-56.02],[-70.22,-55.54],[-70.07,-55.25],[-69.76,-54.97],[-69.43,-54.61],[-69.02,-54.33],[-68.51,-53.97],[-68.27,-53.61],[-68.19,-53.24],[-68.04,-53],[-67.94,-52.61],[-67.81,-52.31],[-67.78,-52.22],[-67.74,-52.06],[-67.59,-51.69],[-67.44,-51.35],[-67.27,-51.13],[-67.06,-50.83],[-66.84,-50.49],[-66.57,-49.91],[-66.29,-49.45],[-66.06,-48.95],[-65.86,-48.55],[-65.67,-48.13],[-65.58,-47.77],[-65.46,-47.43],[-65.36,-47.05],[-65.24,-46.77],[-65.08,-46.42],[-64.81,-46.15],[-64.44,-45.59],[-64.44,-45.59],[-64.3,-45.12],[-64.08,-44.7],[-63.63,-44.02],[-63.2,-43.34],[-62.87,-42.47],[-62.55,-41.6],[-62.24,-40.73],[-61.94,-39.86],[-61.64,-38.98],[-61.64,-38.98],[-60.73,-39.28],[-59.82,-39.57],[-58.9,-39.85],[-57.78,-40.26],[-56.65,-40.66],[-55.77,-40.99],[-54.89,-41.31],[-53.94,-41.62],[-52.98,-41.93],[-51.71,-42.17],[-50.44,-42.39],[-49.42,-42.79],[-48.38,-43.18],[-47.58,-43.35],[-46.77,-43.51],[-45.73,-43.61],[-44.69,-43.71],[-43.98,-43.68],[-43.26,-43.65],[-42.4,-44.02],[-42.2,-44.54],[-41.62,-45.24],[-40.84,-45.57],[-40.27,-45.65],[-40.27,-45.65],[-40.42,-45.76],[-41.21,-46.29],[-42.02,-46.81],[-42.4,-47.04],[-42.92,-47.55],[-43.45,-48.05],[-44.1,-48.68],[-44.83,-49.29],[-45.56,-49.89],[-46.32,-50.49],[-47.22,-51.32],[-47.74,-51.9],[-48.18,-52.56],[-48.55,-53.24],[-48.93,-53.9],[-49.09,-54.4],[-49.25,-54.89],[-49.38,-55.37],[-49.38,-55.76],[-48.15,-56.03]]]}},{"type":"Feature","properties":{"ma":85,"type":"gpml:TopologicalNetwork","name":"Inactive_Mesozoic Africa Basins","pid":701,"deforming":true},"geometry":{"type":"Polygon","coordinates":[[[5.63,15.31],[6.52,14.89],[7.4,14.47],[8.28,14.05],[9.15,13.62],[10.03,13.19],[10.9,12.75],[11.76,12.32],[11.76,12.32],[11.39,11.81],[11.26,11.09],[11.14,10.36],[11.02,9.64],[11.28,9.05],[11.55,8.46],[11.94,8.08],[12.33,7.7],[12.18,6.98],[12.04,6.26],[11.9,5.54],[11.27,5.27],[10.65,5.01],[9.85,5.03],[9.13,4.72],[8.41,4.42],[7.44,4.53],[6.46,4.64],[5.46,4.58],[4.74,4.31],[4.02,4.03],[3.42,4.06],[2.81,4.09],[2.19,3.82],[1.57,3.55],[1.74,2.93],[1.92,2.31],[1.98,1.71],[2.05,1.12],[2.35,0.6],[2.13,-0.28],[2.34,-0.96],[2.54,-1.65],[2.74,-2.18],[2.93,-2.7],[3.13,-3.29],[3.33,-3.88],[3.35,-4.38],[3.37,-4.88],[3,-5.51],[2.42,-6.09],[2.42,-6.09],[2.61,-6.57],[2.74,-6.86],[3.52,-7.24],[3.69,-7.68],[3.62,-7.92],[3.86,-8.44],[4.3,-8.86],[4.81,-8.84],[5.24,-9.14],[5.66,-9.44],[6.05,-9.79],[6.43,-10.14],[6.97,-10.06],[7.51,-9.99],[8.42,-9.81],[9.33,-9.63],[10.15,-9.65],[10.96,-9.66],[11.49,-9.47],[12.02,-9.28],[12.89,-9.18],[13.76,-9.08],[14.21,-8.81],[14.65,-8.53],[15.38,-8.66],[16.24,-8.27],[16.62,-8.78],[17.18,-9.53],[17.53,-10.02],[17.89,-10.51],[18.09,-11.19],[18.3,-11.88],[18.5,-12.57],[18.91,-13.43],[19.31,-13.79],[19.72,-14.16],[20.31,-13.94],[20.71,-13.55],[20.4,-12.8],[20.01,-12.27],[19.62,-11.74],[19.72,-11.18],[19.81,-10.62],[20.08,-10.1],[20.35,-9.58],[20.66,-9.31],[21.02,-9.45],[21.28,-10.31],[21.55,-11.16],[21.7,-11.88],[21.85,-12.59],[21.84,-13.15],[21.83,-13.7],[21.53,-14.09],[21.58,-14.96],[22.11,-15.77],[22.82,-15.82],[23.53,-15.86],[24.14,-16.07],[24.83,-15.57],[25.52,-15.07],[25.66,-14.46],[25.8,-13.86],[26.33,-13.32],[26.85,-12.78],[27.24,-12.41],[27.62,-12.04],[28.37,-11.65],[29.11,-11.27],[29.85,-10.88],[30.59,-10.49],[31.57,-10.23],[32.54,-9.97],[33.52,-9.7],[34.34,-9.48],[35.17,-9.25],[35.99,-9.02],[36.8,-8.8],[37.6,-8.57],[38.41,-8.34],[39.07,-8.17],[39.73,-8],[40.39,-7.83],[41.16,-7.66],[41.92,-7.48],[42.68,-7.3],[42.68,-7.3],[42.51,-8.01],[42.42,-8.11],[42.42,-8.11],[42.42,-8.11],[41.67,-8.34],[40.92,-8.56],[40.17,-8.79],[39.42,-9.01],[38.61,-9.32],[37.79,-9.62],[36.98,-9.93],[36.1,-10.19],[35.22,-10.44],[34.34,-10.7],[33.45,-10.91],[32.56,-11.13],[31.67,-11.34],[30.88,-11.57],[30.08,-11.8],[29.29,-12.03],[28.79,-12.47],[28.29,-12.91],[27.69,-13.47],[27.09,-14.02],[26.52,-14.76],[25.94,-15.49],[25.37,-16.23],[24.6,-16.54],[23.82,-16.84],[22.96,-16.61],[22.09,-16.38],[21.23,-16.14],[20.55,-15.99],[19.87,-15.84],[19.2,-15.68],[18.44,-15.1],[17.68,-14.52],[17.54,-13.61],[17.07,-13.39],[16.59,-13.18],[16.31,-12.54],[15.63,-11.93],[14.94,-11.31],[14.27,-10.69],[13.59,-10.07],[12.73,-9.98],[11.87,-9.88],[11.11,-10.11],[10.35,-10.33],[9.58,-10.56],[8.61,-10.7],[7.63,-10.84],[6.66,-10.97],[5.98,-11.04],[5.3,-11.12],[4.47,-11.27],[3.65,-11.42],[3.04,-11.72],[2.44,-12.03],[1.65,-12.13],[0.87,-12.22],[0.15,-12.2],[-0.57,-12.17],[-1.42,-12.5],[-2.27,-12.82],[-3.13,-13.14],[-3.13,-13.14],[-3.28,-12.56],[-3.58,-12.06],[-3.87,-11.56],[-4.26,-11.23],[-4.65,-10.91],[-5.4,-10.59],[-5.69,-10.49],[-5.69,-10.49],[-5.5,-10.4],[-5.28,-10.32],[-5.28,-10.32],[-5.54,-9.64],[-5.68,-8.97],[-6.24,-8.25],[-6.73,-7.81],[-6.95,-7.08],[-7.17,-6.35],[-7.66,-5.84],[-8.16,-5.39],[-8.03,-4.99],[-8.04,-4.32],[-8.26,-3.79],[-8.35,-3.16],[-8.44,-2.53],[-8.47,-1.6],[-8.64,-0.81],[-9.29,-0.45],[-9.87,-0.08],[-10.1,0.37],[-10.2,0.87],[-10.29,1.36],[-10.34,2.09],[-10.02,2.71],[-9.27,3.02],[-9.2,2.45],[-9.13,1.89],[-8.8,0.98],[-8.15,0.61],[-7.47,0.78],[-7.15,1.36],[-6.84,1.95],[-6.23,2.25],[-5.63,2.54],[-4.71,2.62],[-3.79,2.7],[-3.36,2.99],[-2.93,3.28],[-2.35,3.78],[-1.78,3.34],[-1.21,2.9],[-0.67,2.8],[-0.12,2.69],[0.19,3.14],[0.51,3.59],[0.91,4.21],[1.31,4.83],[1.6,5.74],[1.88,6.65],[2.09,7.48],[2.29,8.3],[2.5,9.04],[2.71,9.78],[3.18,10.4],[3.65,11.03],[4.19,11.6],[4.74,12.16],[4.75,12.98],[4.77,13.79],[4.76,14.76],[4.74,15.72],[5.63,15.31]]]}},{"type":"Feature","properties":{"ma":85,"type":"gpml:TopologicalNetwork","name":"Inactive_mesh_yucatan","pid":2004,"deforming":true},"geometry":{"type":"Polygon","coordinates":[[[-61.41,20.63],[-61.41,20.36],[-61.48,19.85],[-61.55,19.34],[-62.09,18.59],[-62.59,18.23],[-63.09,17.86],[-63.5,17.43],[-64.09,17],[-64.77,16.51],[-65.32,15.89],[-65.89,15.2],[-66.16,14.72],[-66.78,14.28],[-67.39,13.83],[-67.92,13.53],[-68.46,13.23],[-68.89,13.35],[-69.22,13.62],[-69.68,14.13],[-70.41,14.32],[-70.93,14.8],[-71.6,15.17],[-72.11,15.64],[-72.75,16.27],[-73.13,16.82],[-73.31,17.39],[-73.18,17.8],[-73.27,18.12],[-73.05,18.48],[-72.88,19.03],[-72.55,19.97],[-72.06,20.37],[-71.56,20.38],[-71.56,20.38],[-71.39,20.54],[-70.88,21],[-70.57,21.25],[-70.19,21.45],[-69.95,21.84],[-69.31,22.09],[-68.92,22.52],[-68.55,22.69],[-68.14,22.84],[-67.64,23.08],[-67.24,23.12],[-66.6,23.11],[-66,23.04],[-65.16,22.88],[-64.75,22.9],[-64.45,23.07],[-63.94,23.09],[-63.33,22.82],[-62.97,22.41],[-62.61,22],[-62.17,21.59],[-61.88,21.03],[-61.41,20.63]]]}},{"type":"Feature","properties":{"ma":85,"type":"gpml:TopologicalNetwork","name":"Inactive_Proto_Caribbean_Mesh","pid":101,"deforming":true},"geometry":{"type":"Polygon","coordinates":[[[-81.35,25.29],[-80.8,25.82],[-80.18,26.41],[-79.63,27.13],[-79.08,27.92],[-78.74,28.72],[-78.04,29.48],[-77.33,30.24],[-76.61,30.99],[-75.88,31.48],[-75.15,31.97],[-74.41,32.45],[-73.79,32.48],[-73.18,32.5],[-72,32.62],[-71.38,32.52],[-70.77,32.4],[-69.91,32.28],[-69.05,32.15],[-68.06,31.65],[-67.49,31.42],[-66.93,31.18],[-66.35,30.97],[-65.77,30.76],[-65.18,30.5],[-64.6,30.24],[-63.81,29.89],[-63.05,29.38],[-62.15,28.91],[-62.15,28.91],[-61.55,28.2],[-60.99,27.72],[-60.44,27.24],[-59.8,26.62],[-59.17,26],[-58.49,25.53],[-58.42,25],[-57.97,24.52],[-57.43,24.11],[-57.02,23.66],[-56.64,23.04],[-56,22.62],[-55.31,22.36],[-54.87,22.24],[-54.87,22.24],[-54.97,21.84],[-55.03,21.55],[-55.03,21.55],[-54.96,21.53],[-54.81,21.32],[-54.12,21.27],[-53.94,20.78],[-53.75,20.29],[-53.49,20.27],[-53.11,20.2],[-53.11,20.2],[-53.09,20.04],[-52.85,19.73],[-52.46,19.27],[-52.06,18.52],[-51.72,17.84],[-51.52,17.31],[-51.06,16.76],[-50.63,16.43],[-50.25,16.15],[-49.87,15.66],[-49.32,15.1],[-49.26,14.64],[-49.9,14.48],[-50.54,14.14],[-51.55,14.19],[-52.24,14.48],[-52.71,14.9],[-53.12,15.27],[-53.53,15.64],[-54.26,16.27],[-54.81,16.82],[-55.17,17.18],[-55.54,17.54],[-56.12,17.95],[-56.7,18.35],[-57.15,18.64],[-57.6,18.92],[-57.97,19.1],[-57.97,19.1],[-58.32,19.42],[-58.9,20],[-59.59,20.57],[-60.22,21.31],[-60.7,21.76],[-60.86,21.99],[-60.86,21.99],[-60.84,22.08],[-60.69,22.42],[-60.91,22.98],[-60.98,23.51],[-61.12,23.84],[-61.5,24.05],[-62.08,24.3],[-62.68,24.59],[-63.29,24.87],[-63.93,25.14],[-64.58,25.41],[-64.93,25.44],[-65.55,25.61],[-66.17,25.78],[-66.8,25.82],[-67.37,25.91],[-67.95,25.99],[-68.77,26],[-69.63,25.87],[-70.09,25.75],[-70.68,25.31],[-71.26,24.86],[-71.7,24.58],[-72.01,24.28],[-72.52,23.92],[-73.03,23.56],[-73.23,23.33],[-73.37,22.93],[-73.46,22.2],[-73.51,21.75],[-73.51,21.75],[-73.5,21.62],[-73.55,21.11],[-73.6,20.59],[-73.48,19.86],[-73.44,19.37],[-73.46,18.61],[-73.47,17.85],[-73.48,17.65],[-73.48,17.65],[-73.96,17.66],[-74.63,17.92],[-75.11,18.17],[-75.59,18.41],[-76.17,18.66],[-76.76,18.91],[-77.48,19.23],[-78.21,19.54],[-79.08,19.88],[-79.69,20.25],[-79.73,20.28],[-79.73,20.28],[-79.8,20.76],[-79.91,21.38],[-80.02,21.85],[-80.31,22.13],[-80.56,22.46],[-80.8,22.79],[-81.1,23.19],[-81.36,23.56],[-81.54,23.96],[-81.76,24.29],[-81.89,24.75],[-81.35,25.29]]]}},{"type":"Feature","properties":{"ma":85,"type":"gpml:TopologicalNetwork","name":"Inactive_aus_antarc_india_mesh","pid":501,"deforming":true},"geometry":{"type":"Polygon","coordinates":[[[46,-44.85],[46.33,-44.65],[46.8,-44.03],[47.27,-43.4],[47.84,-42.83],[48.41,-42.26],[49.33,-42.06],[50.25,-41.85],[51.13,-41.88],[52.02,-41.9],[53,-41.68],[53.98,-41.45],[54.71,-41.18],[55.44,-40.91],[56.22,-40.58],[57,-40.24],[57.88,-39.76],[58.76,-39.27],[59.56,-39.08],[60.37,-38.89],[61.09,-39],[61.81,-39.12],[62.7,-39],[63.59,-38.88],[64.22,-38.41],[64.83,-37.93],[65.44,-37.46],[66.22,-36.91],[66.98,-36.35],[67.79,-35.85],[68.59,-35.34],[69.59,-34.8],[70.58,-34.24],[71.42,-33.68],[72.25,-33.1],[72.12,-32.44],[72,-31.78],[72.26,-30.87],[72.36,-30.34],[72.45,-29.81],[72.45,-29.81],[72.95,-30.48],[73.43,-31.04],[73.79,-31.53],[74.2,-32.02],[74.62,-32.51],[74.9,-32.85],[75.54,-33.56],[75.93,-34.02],[76.32,-34.48],[76.21,-34.87],[75.91,-35.74],[75.62,-36.6],[74.93,-37.22],[74.23,-37.83],[73.54,-38.17],[72.84,-38.5],[72.71,-38.78],[72.14,-39.39],[71.56,-40],[70.52,-40.27],[69.9,-41.1],[68.69,-41.1],[67.48,-41.08],[66.82,-40.86],[66.16,-40.64],[65.8,-40.51],[64.89,-40.5],[63.99,-40.49],[63.09,-40.47],[62.33,-40.42],[62.14,-40.45],[61.84,-40.48],[61.64,-40.52],[61.47,-40.54],[61.17,-40.6],[60.93,-40.66],[60.73,-40.67],[60.45,-40.75],[60.25,-40.8],[59.97,-40.83],[59.76,-40.86],[59.55,-40.86],[59.37,-40.88],[58.98,-40.87],[58.69,-40.9],[58.45,-40.9],[58.11,-40.84],[57.83,-40.85],[57.42,-40.91],[57.26,-40.95],[56.96,-41.04],[56.65,-41.19],[56.01,-41.45],[55.7,-41.56],[55.37,-41.64],[55.04,-41.74],[54.64,-41.86],[53.89,-42.13],[53.81,-42.16],[53.26,-42.33],[52.51,-42.42],[52.33,-42.45],[51.45,-42.67],[50.97,-42.76],[50.24,-42.79],[49.58,-42.89],[48.82,-43.12],[48.44,-43.33],[48.04,-43.94],[47.83,-44.32],[47.62,-44.95],[46.37,-45.37],[46.37,-45.37],[46,-44.85]]]}},{"type":"Feature","properties":{"ma":85,"type":"gpml:TopologicalNetwork","name":"Inactive_Mesh","pid":702,"deforming":true},"geometry":{"type":"Polygon","coordinates":[[[32.21,-46.89],[32.27,-46.79],[31.93,-46.74],[31.73,-46.51],[31.47,-46.33],[31.27,-46.06],[31.26,-45.87],[30.96,-45.63],[31.01,-45.4],[30.94,-45.22],[31,-45.01],[30.93,-44.5],[30.67,-44.2],[30.43,-43.8],[30.3,-43.41],[30.44,-43.25],[30.35,-43.05],[30.56,-42.9],[30.56,-42.68],[30.9,-42.47],[31.49,-41.78],[31.72,-41.4],[31.62,-41.19],[31.53,-41.06],[31.68,-40.67],[31.44,-40.21],[31.2,-39.74],[30.79,-39.29],[30.41,-38.6],[30.45,-38.09],[30.91,-37.65],[31.36,-37.21],[32.29,-36.87],[33.07,-37.04],[33.43,-36.93],[33.98,-36.59],[34.44,-36.47],[35.08,-35.9],[35.72,-35.32],[35.74,-34.89],[36.03,-34.5],[36.43,-34.02],[36.64,-33.31],[36.86,-33.26],[37.02,-33.16],[37.36,-33.13],[37.47,-33.14],[37.47,-33.14],[37.63,-33.32],[38,-33.62],[38.46,-33.81],[38.37,-34.54],[38.28,-35.28],[38.19,-36.01],[38.19,-36.01],[37.9,-36.19],[37.16,-36.65],[36.4,-37.11],[35.64,-37.56],[34.69,-38.21],[33.72,-38.85],[33.52,-39.66],[33.32,-40.47],[33.19,-41.35],[33.05,-42.22],[33.17,-43.11],[33.31,-44],[33.45,-44.73],[33.59,-45.46],[33.96,-46.15],[34.34,-46.84],[34.04,-47.23],[34.04,-47.23],[33.61,-47.4],[32.56,-47.2],[32.21,-46.89]]]}},{"type":"Feature","properties":{"ma":85,"type":"gpml:TopologicalNetwork","name":"West_Antarctica_Inactive_Mesh","pid":802,"deforming":true},"geometry":{"type":"Polygon","coordinates":[[[20.79,-69.72],[22.01,-70.17],[23.29,-70.6],[25.38,-70.99],[27.54,-71.35],[27.79,-71.36],[27.79,-71.36],[27.48,-71.62],[25.21,-72.16],[22.81,-72.67],[20.76,-73.19],[18.58,-73.68],[16.44,-73.81],[14.27,-73.91],[11.45,-73.81],[8.67,-73.68],[6.35,-73.73],[4.02,-73.75],[1.78,-73.94],[-0.51,-74.11],[-2.8,-74.18],[-5.1,-74.23],[-7.67,-74.44],[-10.3,-74.62],[-13.91,-74.63],[-17.51,-74.58],[-20.66,-74.78],[-23.89,-74.95],[-23.89,-74.95],[-23.79,-74.44],[-23.71,-73.93],[-23.71,-73.93],[-23.69,-73.93],[-22.11,-73.76],[-19.38,-73.69],[-16.68,-73.59],[-16.12,-73.59],[-15.14,-73.12],[-14.2,-72.65],[-12.51,-72.17],[-9.87,-71.97],[-7.29,-71.73],[-5.49,-71.82],[-3.68,-71.89],[-2.13,-72.12],[-0.54,-72.34],[1.45,-72.53],[3.94,-72.68],[6.48,-72.79],[8.97,-72.96],[11.51,-73.09],[14.09,-73.19],[15.98,-72.96],[17.1,-72.31],[18.15,-71.66],[19.13,-71],[19.76,-70.49],[20.36,-69.98],[20.79,-69.72]]]}},{"type":"Feature","properties":{"ma":85,"type":"gpml:TopologicalNetwork","name":"Inactive_East_West_Gondwana_Mesh","pid":701,"deforming":true},"geometry":{"type":"Polygon","coordinates":[[[42.42,-8.11],[41.97,-8.66],[41.51,-9.21],[41.05,-9.76],[40.69,-10.35],[40.34,-10.94],[39.98,-11.53],[39.74,-12.01],[39.49,-12.49],[38.96,-13.14],[38.42,-13.79],[37.87,-14.45],[37.38,-14.99],[36.89,-15.53],[36.39,-16.07],[35.8,-16.63],[35.2,-17.19],[34.66,-17.77],[34.11,-18.36],[33.55,-18.94],[32.85,-19.44],[32.14,-19.94],[31.43,-20.43],[30.87,-20.99],[30.31,-21.54],[29.74,-22.1],[29.17,-22.88],[28.59,-23.65],[28.18,-24.35],[27.77,-25.05],[27.29,-25.91],[26.8,-26.76],[26.87,-27.15],[27.22,-27.96],[27.18,-28.77],[27.49,-29.36],[27.14,-30.11],[27.35,-30.78],[27.56,-31.46],[28.15,-31.8],[28.2,-32.36],[28.24,-32.92],[28.19,-33.67],[28.24,-34.32],[28.29,-34.97],[28.39,-35.46],[28.49,-35.96],[28.54,-36.48],[28.59,-37.01],[28.51,-37.4],[27.75,-38.04],[26.91,-38.55],[25.86,-38.87],[25.01,-39.19],[24.16,-39.5],[23.99,-39.99],[23.61,-40.32],[22.96,-40.76],[22.44,-41.3],[22.11,-41.74],[21.78,-42.18],[21.69,-42.7],[21.6,-43.23],[21.76,-44.2],[21.6,-44.73],[21.43,-45.27],[21.05,-45.87],[20.38,-46.35],[19.15,-46.36],[18.16,-46.45],[17.73,-47.16],[17.54,-47.72],[17.36,-48.28],[17.15,-48.84],[17.12,-49.1],[16.83,-49.43],[16.57,-49.74],[16.57,-49.74],[16.53,-49.74],[15.73,-50.23],[14.98,-49.97],[14.24,-49.72],[14.24,-49.72],[14.99,-48.92],[15.08,-48.26],[15.17,-47.59],[15.25,-46.93],[15.69,-46.2],[16.12,-45.47],[16.76,-44.66],[17.38,-43.85],[18.29,-43.19],[19.19,-42.53],[19.44,-41.9],[19.67,-41.26],[20,-40.6],[20.32,-39.94],[21.24,-39.4],[21.51,-38.74],[22.36,-38.05],[23.03,-37.73],[23.68,-37.41],[24.62,-36.9],[25.55,-36.38],[26.06,-35.74],[26.56,-35.1],[26.66,-34.12],[26.5,-33.28],[26.36,-32.43],[26.04,-31.7],[25.73,-30.98],[25.56,-30.25],[25.39,-29.52],[25.19,-28.74],[24.99,-27.96],[25.11,-27.22],[25.23,-26.49],[25.39,-25.97],[25.55,-25.46],[25.93,-24.86],[26.31,-24.26],[26.8,-23.63],[27.29,-23],[27.45,-22.26],[27.61,-21.53],[27.77,-20.8],[28.12,-20.08],[28.46,-19.37],[28.8,-18.65],[28.83,-17.83],[28.84,-17],[28.89,-16.12],[28.95,-15.25],[29.36,-14.69],[29.77,-14.14],[30.41,-13.54],[31.05,-12.94],[31.8,-12.6],[32.56,-12.26],[33.23,-11.99],[33.9,-11.72],[34.62,-11.36],[35.33,-10.99],[35.71,-10.59],[36.08,-10.19],[36.08,-10.19],[36.98,-9.93],[37.79,-9.62],[38.61,-9.32],[39.42,-9.01],[40.17,-8.79],[40.92,-8.56],[41.67,-8.34],[42.42,-8.11],[42.42,-8.11]]]}},{"type":"Feature","properties":{"ma":85,"type":"gpml:TopologicalNetwork","name":"Inactive_Greater_India_Network","pid":501,"deforming":true},"geometry":{"type":"Polygon","coordinates":[[[43.38,-25.03],[43.41,-24.86],[43.57,-24.14],[43.72,-23.41],[43.86,-22.64],[44.01,-21.88],[44.16,-21.11],[44.69,-20.44],[45.21,-19.77],[45.69,-19.3],[46.16,-18.83],[46.78,-18.06],[47.26,-17.34],[47.79,-16.73],[47.79,-16.73],[48.79,-16.75],[49.79,-16.78],[50.5,-17.02],[51.21,-17.26],[51.75,-17.31],[52.29,-17.37],[53.01,-17.68],[53.74,-17.99],[54.46,-18.29],[55.22,-18.57],[55.99,-18.85],[56.89,-19.18],[57.72,-19.58],[58.57,-19.98],[59.22,-20.21],[59.87,-20.43],[60.82,-20.85],[61.78,-21.26],[62.64,-21.74],[63.49,-22.09],[63.98,-22.34],[64.47,-22.59],[65.03,-23.01],[65.59,-23.43],[66.43,-23.92],[67.05,-24.22],[67.53,-24.66],[68.02,-25.11],[68.85,-25.72],[69.4,-26.37],[69.95,-27.02],[70.65,-27.66],[71.06,-28.43],[71.57,-28.95],[71.99,-29.3],[72.47,-29.73],[72.47,-29.73],[72.36,-30.3],[72.26,-30.87],[72,-31.78],[72.12,-32.44],[72.25,-33.1],[71.42,-33.68],[70.58,-34.24],[70.52,-34.28],[70.52,-34.28],[70.15,-34.23],[69.44,-34.43],[68.7,-34.78],[67.97,-35.09],[67.61,-35.04],[66.6,-34.97],[66.04,-34.92],[65.47,-34.86],[64.46,-34.78],[63.85,-34.76],[63.38,-34.49],[62.33,-34.44],[61.73,-34.29],[61.21,-34.07],[60.69,-34.32],[60.36,-34.17],[60.23,-33.77],[59.61,-33.54],[58.67,-33.16],[58.22,-32.89],[57.78,-32.63],[57.17,-32.15],[56.55,-31.66],[55.84,-31.18],[55.69,-30.73],[55.29,-30.4],[55.04,-30.19],[54.65,-30.01],[54.2,-29.58],[54.06,-29.22],[53.71,-28.87],[53.54,-28.44],[53.3,-27.98],[52.82,-27.6],[52.58,-27.05],[52.11,-26.33],[52.33,-25.81],[52.16,-24.97],[51.64,-24.44],[51.3,-23.72],[51.09,-23.06],[50.89,-22.39],[50.06,-22.76],[49.43,-23.05],[48.79,-23.33],[48.12,-23.58],[47.72,-23.93],[47.32,-24.28],[46.47,-24.53],[45.72,-24.69],[44.97,-24.85],[44.22,-24.93],[43.46,-25.02],[43.38,-25.03]]]}},{"type":"Feature","properties":{"ma":85,"type":"gpml:TopologicalNetwork","name":"Inactive_Central_Atlantic_Mesh","pid":714,"deforming":true},"geometry":{"type":"Polygon","coordinates":[[[-7.48,18.97],[-7.87,18.66],[-8.47,18.19],[-9,17.77],[-9.43,17.43],[-9.83,17.11],[-10.3,16.73],[-10.82,16.3],[-11.42,16.28],[-12.03,16.17],[-12.42,16.23],[-12.79,16.27],[-13.34,16.26],[-13.87,16.37],[-14.52,16.31],[-14.93,16.09],[-15.47,15.61],[-16.21,15.21],[-16.85,14.81],[-17.27,14.36],[-18.02,13.76],[-18.31,13.3],[-18.9,12.65],[-19.48,12.09],[-20.03,11.97],[-20.22,12],[-20.71,11.83],[-21.62,11.51],[-22.52,11.33],[-22.61,11.19],[-22.97,10.82],[-23.33,10.44],[-23.49,9.9],[-23.65,9.37],[-23.72,8.86],[-23.79,8.36],[-23.77,7.7],[-23.88,7.08],[-24.03,6.42],[-24.15,6.16],[-24.3,5.84],[-24.25,5.39],[-24.15,4.96],[-23.92,4.21],[-23.97,3.73],[-24.03,3.31],[-24.23,2.99],[-24.3,2.67],[-24.34,2.38],[-24.4,1.97],[-24.82,1.82],[-25.17,1.69],[-25.17,1.69],[-25.32,1.72],[-26.25,1.97],[-27.19,2.22],[-27.19,2.22],[-27.15,2.3],[-26.91,2.72],[-26.85,3.24],[-26.63,3.5],[-26.22,4.07],[-25.76,4.85],[-25.47,5.52],[-25.36,6.06],[-25.24,6.6],[-25.08,7.21],[-24.94,7.99],[-24.78,8.4],[-24.63,8.88],[-24.54,9.42],[-24.44,9.96],[-24.31,10.64],[-23.91,11.27],[-23.58,11.49],[-23.16,11.78],[-23.16,11.78],[-22.68,12.25],[-22.47,12.57],[-22.16,12.75],[-21.66,13.06],[-21.36,13.19],[-20.79,13.61],[-20.49,13.74],[-20.02,14.01],[-19.73,14.2],[-19.48,14.44],[-19.27,14.76],[-18.88,15.31],[-18.49,15.79],[-18.01,15.98],[-17.65,16.12],[-17.24,16.27],[-16.89,16.3],[-16.57,16.48],[-16.3,16.48],[-16.04,16.49],[-15.97,16.59],[-15.73,16.81],[-15.45,17.26],[-15.17,17.59],[-15.02,17.83],[-14.73,18.28],[-14.52,18.48],[-14.17,18.86],[-13.75,19.37],[-13.47,19.75],[-13.16,20.14],[-12.79,20.35],[-12.59,20.49],[-12.59,20.49],[-12.5,20.47],[-11.92,20.33],[-11.35,20.18],[-10.65,19.86],[-9.68,19.64],[-8.94,19.42],[-8.21,19.19],[-7.48,18.97]]]}},{"type":"Feature","properties":{"ma":85,"type":"gpml:TopologicalNetwork","name":"Inactive_Test","pid":101,"deforming":true},"geometry":{"type":"Polygon","coordinates":[[[-180,81.32],[-180,82.28],[-180,83.25],[-180,84.21],[-180,85.18],[-180,86.14],[-180,87.11],[-180,88.07],[-180,89.04],[-180,90],[180,90],[180,89.04],[180,88.07],[180,87.11],[180,86.14],[180,85.18],[180,84.21],[180,83.25],[180,82.28],[180,81.32],[180,80.36],[176.31,80.32],[172.65,80.24],[167.35,80.64],[162.62,80.86],[159.7,80.93],[156.39,80.85],[150.72,81.07],[146.03,81.1],[141.34,81.07],[141.33,81.07],[141.33,81.07],[141.32,81.08],[135.46,81.38],[129.25,81.59],[125.46,81.72],[121.57,81.81],[116.64,81.99],[111.51,82.11],[106.28,82.16],[102.78,81.88],[99.53,81.57],[97.87,81.13],[96.37,80.68],[94.92,80.14],[93.62,79.59],[89.94,79.49],[86.34,79.36],[82.84,79.18],[78.49,78.95],[74.33,78.66],[74.33,78.66],[72.97,78.86],[68.1,79.15],[63.02,79.35],[57.79,79.47],[52.48,79.5],[47.19,79.44],[43.51,79.04],[40.1,78.59],[36.02,78.33],[32.13,78.02],[28.44,77.66],[24.98,77.26],[21.74,76.81],[21.31,76.78],[21.31,76.78],[18.91,76.22],[16.7,75.63],[14.47,75.11],[12.4,74.56],[10.46,74],[8.3,73.29],[6.3,72.57],[4.73,71.97],[3.26,71.36],[2.08,70.84],[0.96,70.3],[-0.02,69.84],[-0.96,69.38],[-2.87,69.85],[-4.87,70.3],[-6.96,70.73],[-9.13,71.13],[-11.86,71.42],[-14.66,71.67],[-16.94,72.06],[-19.32,72.42],[-21.25,72.82],[-23.27,73.21],[-25.38,73.57],[-27.68,74.01],[-30.1,74.42],[-32.64,74.81],[-35.42,74.92],[-38.24,75],[-41.52,74.88],[-44.74,74.71],[-44.74,74.71],[-45.07,75.68],[-45.44,76.65],[-45.88,77.63],[-45.88,77.63],[-47.07,77.58],[-49.34,77.48],[-51.56,77.35],[-54,77.2],[-56.36,77.02],[-58.1,76.51],[-59.58,76.08],[-60.97,75.64],[-61.01,75.62],[-61.01,75.62],[-62.19,76.07],[-63.46,75.97],[-63.46,75.97],[-64.03,76.51],[-64.65,77.05],[-64.33,77.59],[-64.05,78.01],[-63.86,78.26],[-63.51,78.68],[-63.12,79.11],[-60.62,79.64],[-57.14,79.85],[-54.99,80.28],[-50.73,80.48],[-48.28,80.83],[-44.76,80.98],[-41.13,81.09],[-39.96,81.16],[-39.96,81.16],[-38.33,80.79],[-35.86,80.12],[-33.69,79.44],[-32.65,78.82],[-31.72,78.2],[-32.32,77.68],[-32.32,77.68],[-33.98,77.77],[-36.34,77.78],[-38.7,77.77],[-41.16,77.75],[-43.6,77.7],[-45.88,77.63],[-45.88,77.63],[-45.44,76.65],[-45.07,75.68],[-44.74,74.71],[-44.74,74.71],[-45.36,74.67],[-47.54,74.51],[-49.67,74.32],[-51.54,74.17],[-53.38,74.01],[-55.12,73.83],[-56.82,73.63],[-58.85,73.5],[-59.88,73.46],[-61.01,73.59],[-63.51,73.93],[-65.43,74.16],[-66.22,74.24],[-67.53,74.41],[-67.65,74.42],[-67.65,74.42],[-69.35,74.8],[-70.25,75.12],[-70.34,75.57],[-70.38,75.73],[-71.19,76.27],[-71.39,77.13],[-71.7,77.38],[-72.72,78.17],[-72.93,78.44],[-72.75,78.89],[-73.22,79.52],[-73.75,80.16],[-75.37,81.08],[-75.18,81.56],[-74.82,81.92],[-73.37,82.56],[-72.08,82.87],[-71.3,83.28],[-70.34,83.71],[-68.09,84.12],[-65.08,84.58],[-62.15,84.95],[-61.4,85.03],[-61.4,85.03],[-64.54,85.41],[-71.35,85.99],[-80.44,86.45],[-91.87,86.8],[-91.97,86.8],[-91.97,86.8],[-91.6,86.07],[-95.31,85.37],[-98.05,84.66],[-100.14,83.94],[-103.67,83.1],[-106.42,82.24],[-109.32,81.77],[-113.47,81.68],[-117.52,81.55],[-121.38,81.59],[-125.26,81.59],[-130.2,81.49],[-134.99,81.33],[-138.45,81.25],[-141.83,81.13],[-141.83,81.13],[-146.32,81.36],[-151.02,81.54],[-155.89,81.65],[-159.4,81.66],[-162.9,81.64],[-162.9,81.64],[-165.18,81.26],[-170.5,80.86],[-175.34,80.38],[-175.34,80.38],[-175.65,80.38],[-179.54,80.36],[-180,80.36],[-180,81.32]]]}},{"type":"Feature","properties":{"ma":85,"type":"gpml:TopologicalSlabBoundary","name":"Laramide flat slab","pid":101,"deforming":false},"geometry":{"type":"Polygon","coordinates":[[[-86.32,33.19],[-86.46,33.6],[-86.66,34.07],[-86.87,34.55],[-87.33,35.31],[-87.54,36.21],[-87.7,36.76],[-87.86,37.31],[-87.89,38.06],[-88.06,38.58],[-88.24,39.1],[-88.4,39.67],[-88.55,40.62],[-88.84,41.4],[-89.39,42.15],[-89.49,42.72],[-89.65,43.41],[-89.74,43.92],[-89.83,44.42],[-89.92,44.92],[-90.01,45.42],[-90.16,46.24],[-90.04,46.72],[-90.08,46.87],[-90.08,46.87],[-89.62,46.89],[-88.57,46.98],[-87.51,47.06],[-86.26,47.17],[-84.94,47.18],[-83.98,47.18],[-83.01,47.18],[-81.64,47.08],[-81.63,47.08],[-81.63,47.08],[-81.55,46.38],[-81.48,45.68],[-81.4,44.98],[-81.08,44.12],[-80.94,43.38],[-80.8,42.64],[-80.73,41.99],[-80.66,41.34],[-80.55,40.81],[-80.44,40.27],[-80.23,39.75],[-80.01,39.23],[-79.89,38.49],[-79.72,37.59],[-79.55,36.68],[-79.32,36.11],[-79.08,35.55],[-79.05,34.83],[-79.03,34.35],[-78.99,34.24],[-78.99,34.24],[-79.21,34.23],[-80.36,34.12],[-81.51,33.99],[-82.66,33.86],[-83.55,33.7],[-84.45,33.54],[-85.38,33.37],[-86.32,33.19]]]}},{"type":"Feature","properties":{"ma":85,"type":"gpml:TopologicalNetwork","name":"Rockall_DFM","pid":101,"deforming":true},"geometry":{"type":"Polygon","coordinates":[[[-11.04,34.28],[-10.64,34.22],[-10.26,34.14],[-9.84,34.04],[-9.48,33.91],[-9.01,33.75],[-8.51,33.44],[-8.26,33.22],[-7.7,32.97],[-7.21,32.51],[-6.74,32.06],[-6.54,31.73],[-6.35,31.34],[-6.09,31.02],[-5.87,30.68],[-5.69,30.05],[-5.69,30.05],[-5.78,30.08],[-5.78,30.08],[-6.6,29.44],[-6.6,29.44],[-6.91,29.45],[-7.22,29.46],[-7.58,29.46],[-7.79,29.46],[-8.04,29.45],[-8.04,29.45],[-8.18,30.21],[-8.35,30.58],[-8.44,30.78],[-8.56,30.87],[-8.56,30.87],[-8.57,30.87],[-9.11,30.89],[-9.61,30.79],[-9.67,30.81],[-9.67,30.81],[-9.64,30.84],[-9.55,30.96],[-9.45,31.13],[-9.35,31.27],[-9.32,31.45],[-9.28,31.61],[-9.31,31.78],[-9.37,32],[-9.54,32.22],[-10.14,32.47],[-10.88,32.77],[-11.68,32.87],[-12.24,33.19],[-12.91,33.42],[-13.69,33.53],[-14.34,33.98],[-14.8,33.82],[-15.21,33.97],[-15.47,34.24],[-15.68,34.68],[-15.96,35.14],[-16.09,35.47],[-16.34,35.68],[-16.34,35.68],[-16.42,35.63],[-17.11,35.27],[-17.21,35.22],[-17.36,35.19],[-17.71,35.09],[-18.1,34.96],[-18.19,34.95],[-18.19,34.95],[-18.21,34.98],[-18.32,35.25],[-18.59,35.77],[-18.82,36.23],[-19.15,36.64],[-19.47,37.03],[-19.72,37.34],[-19.91,37.57],[-20.24,37.78],[-20.33,37.84],[-20.46,37.92],[-20.73,38.08],[-20.88,38.17],[-21.21,38.3],[-21.45,38.4],[-21.72,38.55],[-22.18,38.64],[-22.73,38.79],[-22.97,38.88],[-22.97,38.88],[-23.54,39.55],[-24.14,40.15],[-24.77,40.6],[-25.58,41.09],[-25.96,41.5],[-26.27,41.92],[-26.62,42.25],[-26.94,42.64],[-27.26,42.98],[-27.6,43.39],[-27.77,43.7],[-28.07,44.03],[-28.47,44.76],[-28.65,45.54],[-28.8,46.15],[-28.88,46.48],[-28.98,46.88],[-29.16,47.38],[-29.34,48.02],[-29.41,48.5],[-29.61,48.73],[-29.86,49],[-30.01,49.37],[-30.16,50.01],[-30.06,50.64],[-29.94,51.13],[-29.5,51.6],[-29.31,52.04],[-28.85,52.69],[-28.48,53.18],[-28.23,53.57],[-27.73,53.89],[-27.35,54.15],[-26.82,54.66],[-26.52,55.16],[-26.14,55.52],[-25.75,55.89],[-25.67,56.48],[-25.67,56.86],[-25.91,57.14],[-26.04,57.43],[-26.04,57.78],[-25.83,58.11],[-25.68,58.52],[-25.54,58.98],[-25.6,59.41],[-25.66,59.89],[-25.84,60.32],[-25.96,60.75],[-26.49,61.24],[-26.79,61.66],[-27,62.28],[-27.26,62.59],[-27.19,63.01],[-27.25,63.55],[-27.09,63.83],[-26.43,64.18],[-25.51,64.49],[-24.64,64.67],[-23.6,64.8],[-23.02,64.94],[-22.63,65.04],[-21.98,65.15],[-21.51,65.28],[-21.51,65.28],[-20.03,64.72],[-18.61,64.14],[-17.97,63.71],[-17.36,63.27],[-17.28,62.89],[-17.44,62.52],[-17.59,62.14],[-17.91,61.85],[-18.34,61.4],[-18.49,60.95],[-18.19,60.54],[-18.18,59.95],[-18.08,59.27],[-18.14,58.49],[-18.29,57.88],[-18.54,57.24],[-19.12,56.66],[-19.63,56.08],[-19.84,55.5],[-19.87,54.77],[-20.2,54.35],[-20.4,53.95],[-20.59,53.31],[-20.78,52.51],[-21.18,52.08],[-21.44,51.43],[-21.74,50.9],[-22.12,50.28],[-22.66,49.95],[-22.98,49.52],[-23.37,48.84],[-23.72,48.32],[-23.86,47.64],[-23.92,47.12],[-23.73,46.29],[-23.37,45.73],[-23.05,45.06],[-22.59,44.55],[-22.4,44.06],[-22.43,43.71],[-22.26,43.4],[-22.2,42.89],[-22,42.32],[-21.68,41.8],[-21.37,41.26],[-20.95,40.65],[-20.7,40.32],[-20.7,40.32],[-20.32,40.05],[-19.77,39.66],[-19.43,39.42],[-19.05,39.14],[-18.7,38.94],[-18.41,38.78],[-18.07,38.51],[-17.61,38.27],[-17.14,37.98],[-16.75,37.79],[-16.46,37.65],[-16.12,37.51],[-15.73,37.28],[-15.5,37.14],[-15.26,36.99],[-14.84,36.77],[-14.52,36.51],[-14.11,36.27],[-13.95,35.93],[-13.51,35.41],[-13.05,35.24],[-12.66,35.17],[-12.29,35.04],[-12.09,34.89],[-11.94,34.66],[-11.43,34.37],[-11.04,34.28]]]}},{"type":"Feature","properties":{"ma":85,"type":"gpml:TopologicalNetwork","name":"WEC","pid":601,"deforming":true},"geometry":{"type":"Polygon","coordinates":[[[120.04,37.27],[118.96,37.66],[117.88,38.03],[116.79,38.4],[115.68,38.75],[114.56,39.09],[113.44,39.43],[112.3,39.75],[111.15,40.06],[110.28,39.76],[109.42,39.46],[108.54,39.37],[107.66,39.27],[106.78,39.17],[106.61,38.69],[106.43,38.2],[105.58,38.32],[104.73,38.43],[103.88,38.54],[102.92,38.83],[101.96,39.1],[100.99,39.37],[99.87,39.51],[98.75,39.64],[97.47,39.54],[96.19,39.43],[94.99,39.25],[93.79,39.07],[93.13,39.05],[93.13,39.05],[93.03,39.63],[92.63,40.12],[92.22,40.6],[91.5,41.29],[91.07,41.84],[90.63,42.39],[90.26,43.19],[90.29,44.07],[90.48,44.78],[90.75,45.6],[91.07,46.48],[91.32,47.13],[91.76,48.06],[92.28,48.55],[92.82,49.04],[93.41,49.73],[94.02,50.42],[94.57,51],[95.13,51.58],[95.7,52.16],[96.32,52.74],[96.96,53.32],[97.62,53.89],[98.26,54.61],[98.92,55.32],[99.47,55.98],[100.03,56.64],[100.49,57.16],[100.96,57.69],[101.34,58.01],[101.34,58.01],[102.35,58.11],[103.7,58.24],[105.07,58.36],[106.92,58.49],[108.78,58.6],[109.87,58.64],[110.95,58.68],[112.49,58.72],[114.04,58.75],[115.18,58.75],[116.33,58.74],[117.57,58.73],[118.81,58.7],[120.26,58.65],[121.71,58.58],[123.06,58.5],[124.41,58.41],[125.76,58.31],[127.35,58.16],[128.93,58],[130.28,57.84],[131.62,57.67],[131.62,57.67],[131.49,57.43],[131.05,56.6],[130.63,55.76],[130.24,55.04],[129.87,54.31],[129.44,53.51],[129.03,52.71],[128.56,52.02],[128.11,51.32],[127.63,50.47],[127.17,49.62],[126.78,48.92],[126.4,48.23],[126.08,47.66],[125.77,47.09],[125.43,46.46],[125.09,45.83],[124.67,45.06],[124.26,44.28],[123.76,43.4],[123.28,42.51],[122.75,41.69],[122.23,40.88],[121.86,40.25],[121.51,39.61],[121.16,38.98],[120.59,38.13],[120.04,37.27]]]}},{"type":"Feature","properties":{"ma":85,"type":"gpml:TopologicalNetwork","name":"WAR_Mesh","pid":804,"deforming":true},"geometry":{"type":"MultiPolygon","coordinates":[[[[180,-65.85],[180,-66.83],[180,-67.81],[180,-68.78],[180,-69.76],[180,-70.73],[180,-71.71],[180,-72.68],[180,-73.66],[180,-74.63],[180,-75.61],[180,-76.58],[180,-77.56],[180,-78.53],[180,-79.51],[180,-80.49],[180,-81.46],[178.16,-81.37],[172.96,-80.94],[168.27,-80.45],[168.27,-80.45],[167.38,-80.38],[165.29,-80.02],[163.35,-79.66],[160.79,-79.1],[158.48,-78.51],[156.84,-77.78],[155.38,-77.04],[155.24,-76.39],[155.11,-75.73],[155.11,-75.73],[155.2,-75.71],[155.24,-75.6],[155.28,-75.48],[155.32,-75.36],[155.61,-75.01],[156.03,-74.76],[156.06,-74.34],[155.9,-73.98],[155.88,-73.74],[155.74,-73.62],[155.76,-73.76],[155.26,-73.07],[154.8,-72.38],[155.56,-71.72],[156.26,-71.05],[157.12,-70.46],[157.92,-69.86],[159.04,-69.28],[160.11,-68.69],[160.31,-69.03],[161.18,-69.81],[162.9,-70.49],[164.3,-71.01],[165.76,-71.53],[167.07,-71.96],[168.44,-72.38],[168.44,-72.38],[170.01,-71.73],[171.47,-71.07],[172.84,-70.4],[174.11,-69.72],[174.33,-69.3],[174.33,-69.3],[174.06,-69.24],[172.27,-68.88],[171.89,-68.82],[171.89,-68.82],[171.9,-68.81],[172.76,-67.89],[172.76,-67.89],[172.76,-67.89],[172.76,-67.89],[172.76,-67.89],[173.91,-67.27],[175,-66.64],[176.35,-66.11],[177.64,-65.57],[178.84,-65.23],[180,-64.88],[180,-65.85]]],[[[-180,-80.49],[-180,-79.51],[-180,-78.53],[-180,-77.56],[-180,-76.58],[-180,-75.61],[-180,-74.63],[-180,-73.66],[-180,-72.68],[-180,-71.71],[-180,-70.73],[-180,-69.76],[-180,-68.78],[-180,-67.81],[-180,-66.83],[-180,-65.85],[-180,-64.88],[-179.16,-64.62],[-179.16,-64.62],[-177.23,-64.67],[-175.29,-64.7],[-173.82,-64.7],[-172.35,-64.69],[-170.34,-64.65],[-168.45,-64.59],[-167.18,-64.56],[-165.92,-64.52],[-165.35,-64.5],[-164.53,-64.47],[-163.62,-64.42],[-162.5,-64.36],[-160.91,-64.39],[-159.31,-64.41],[-158.29,-64.11],[-157.3,-63.8],[-155.97,-63.88],[-154.64,-63.95],[-153.1,-64.27],[-151.52,-64.58],[-149.58,-64.92],[-147.59,-65.23],[-145.74,-65.49],[-143.85,-65.72],[-141.93,-65.93],[-139.98,-66.12],[-138.31,-66.34],[-136.62,-66.53],[-134.9,-66.71],[-134.44,-67.41],[-133.95,-68.1],[-133.43,-68.79],[-131.79,-68.89],[-130.13,-68.98],[-128.47,-68.89],[-126.66,-68.85],[-124.87,-68.79],[-122.62,-68.92],[-120.35,-69.02],[-118.33,-68.9],[-118.33,-68.9],[-118.01,-69],[-116.35,-69.64],[-114.59,-70.27],[-112.71,-70.87],[-110.73,-71.46],[-108.62,-72.03],[-108.33,-72.59],[-108.33,-72.59],[-108.4,-72.7],[-109.1,-73.45],[-110.26,-74.39],[-111.2,-74.84],[-112.2,-75.3],[-114.25,-76.16],[-116.08,-76.68],[-118.06,-77.18],[-119.77,-77.71],[-121.63,-78.22],[-123.52,-78.7],[-125.57,-79.17],[-129.05,-79.75],[-132.04,-80.21],[-135.3,-80.64],[-138.11,-80.87],[-141.04,-81.07],[-144.63,-81.19],[-148.3,-81.28],[-154.29,-81.26],[-154.29,-81.26],[-155.34,-81.46],[-157.1,-81.79],[-157.55,-81.85],[-157.55,-81.85],[-164.51,-81.86],[-171.39,-81.76],[-175.77,-81.63],[-180,-81.46],[-180,-80.49]]]]}},{"type":"Feature","properties":{"ma":85,"type":"gpml:TopologicalNetwork","name":"","pid":833,"deforming":true},"geometry":{"type":"Polygon","coordinates":[[[151.91,-36.01],[152.4,-35.38],[152.4,-35.38],[152.57,-35.5],[152.57,-35.5],[151.91,-36.01]]]}}]}