{"type":"FeatureCollection","features":[{"type":"Feature","properties":{"ma":55,"type":"gpml:TopologicalNetwork","name":"Alpine_Deforming_Mesh_ELB","pid":301,"deforming":true},"geometry":{"type":"Polygon","coordinates":[[[0.4,38.4],[-0.15,38],[-0.68,37.6],[-1.32,37.41],[-1.96,37.23],[-3.09,37.08],[-3.09,37.08],[-2.91,36.53],[-2.91,36.53],[-3.67,36.61],[-4.44,36.68],[-5.33,36.76],[-6.22,36.84],[-6.79,37.06],[-7.36,37.28],[-7.71,37.5],[-7.71,37.5],[-7.94,38.18],[-7.94,38.18],[-7.17,38.41],[-6.04,38.36],[-4.92,38.3],[-4.18,38.37],[-3.44,38.44],[-2.59,38.57],[-1.74,38.69],[-1.06,38.79],[-0.66,38.85],[-0.66,38.85],[0,38.53],[0,38.53],[0.02,38.64],[0.18,38.9],[0.59,39.3],[1.31,39.77],[1.93,40.17],[2.46,40.49],[3.07,40.74],[3.69,40.97],[4.27,41.15],[4.83,41.29],[5.45,41.42],[6.49,41.6],[7.17,41.69],[7.98,41.76],[9.06,41.72],[9.58,41.67],[9.95,41.63],[10.28,41.6],[10.61,41.53],[10.95,41.51],[11.3,41.38],[11.62,41.12],[11.77,40.95],[11.78,40.99],[11.78,40.57],[12.05,39.86],[12.43,39.27],[12.74,38.66],[13.1,38.04],[13.27,37.54],[13.44,37.03],[13.44,37.03],[13.92,36.43],[14.64,36.04],[15.34,35.7],[16.12,35.42],[16.9,35.2],[17.74,35.14],[18.64,35.04],[19.61,34.97],[20.53,35.02],[21.43,35.1],[22.47,35.15],[23.42,35.23],[24.38,35.36],[25.21,35.44],[26.07,35.54],[26.92,35.59],[27.9,35.64],[28.8,35.65],[29.61,35.68],[30.63,35.69],[31.47,35.64],[32.32,35.59],[33.23,35.41],[33.67,35.31],[33.67,35.31],[33.45,34.78],[33.23,34.25],[33.06,33.33],[33.17,32.36],[33.28,31.39],[33.45,30.96],[33.45,30.96],[32.78,30.78],[32.11,30.59],[31.5,30.41],[30.88,30.24],[29.91,29.93],[28.88,29.55],[27.98,29.19],[27.27,28.91],[26.36,28.57],[25.74,28.37],[25.11,28.16],[25.11,28.16],[24.45,27.96],[23.79,27.76],[22.94,27.62],[22.09,27.48],[21.51,27.41],[20.93,27.34],[19.99,27.27],[19.42,27.33],[18.85,27.38],[18.18,27.47],[17.52,27.56],[16.73,27.84],[15.93,28.11],[15.04,28.61],[14.24,29.16],[13.35,29.77],[12.79,30.52],[12.2,31.32],[12.2,31.32],[12,31.77],[11.92,32.14],[11.47,32.61],[11.32,32.79],[10.8,33.08],[10.2,33.21],[9.51,33.58],[8.82,33.94],[8.5,34.36],[8.19,35.22],[8.27,36.1],[8.23,36.3],[7.8,36.81],[7.37,37.29],[6.88,37.07],[6.59,37.08],[6.21,37.06],[5.56,36.94],[5.27,36.8],[4.81,36.79],[4.34,36.89],[3.97,36.98],[3.71,37.11],[3.62,37.15],[3.62,37.15],[2.83,37.9],[2.14,38.08],[1.77,38.17],[1.27,38.27],[0.71,38.37],[0.4,38.4]]]}},{"type":"Feature","properties":{"ma":55,"type":"gpml:TopologicalNetwork","name":"Alpine Mesh - East","pid":301,"deforming":true},"geometry":{"type":"Polygon","coordinates":[[[24.8,39.83],[25.5,39.8],[26.21,39.77],[26.95,39.73],[27.68,39.69],[28.34,39.65],[29,39.6],[30.17,39.2],[31.2,38.83],[32.23,38.46],[33.08,38.39],[33.93,38.31],[34.74,38.25],[35.55,38.19],[35.55,38.19],[35.25,37.71],[34.96,37.24],[34.43,36.37],[33.77,35.55],[33.67,35.31],[33.67,35.31],[33.23,35.41],[32.32,35.59],[31.47,35.64],[30.63,35.69],[29.61,35.68],[28.8,35.65],[27.9,35.64],[26.92,35.59],[26.07,35.54],[25.21,35.44],[24.38,35.36],[23.42,35.23],[22.47,35.15],[21.43,35.1],[20.53,35.02],[19.61,34.97],[18.64,35.04],[17.74,35.14],[16.9,35.2],[16.12,35.42],[15.34,35.7],[14.64,36.04],[13.92,36.43],[13.44,37.03],[13.44,37.03],[13.27,37.54],[13.1,38.04],[12.74,38.66],[12.43,39.27],[12.05,39.86],[11.78,40.57],[11.78,40.99],[11.35,40.99],[12.31,41.03],[12.74,41.05],[13.24,41.06],[13.64,41.07],[14.17,41.09],[14.71,41.1],[14.31,40.7],[14.26,40.28],[14.55,40.08],[15.02,39.88],[15.6,39.69],[16.42,39.62],[17.48,39.64],[18.27,39.63],[19.07,39.61],[20,39.62],[21.16,39.71],[22.33,39.79],[23.49,39.86],[23.51,39.87],[24.8,39.83]]]}},{"type":"Feature","properties":{"ma":55,"type":"gpml:TopologicalNetwork","name":"Eurasia Mesh","pid":101,"deforming":true},"geometry":{"type":"Polygon","coordinates":[[[26.08,83.98],[26.43,83.99],[27.4,84],[28.28,84.02],[29.13,84.05],[29.82,84.07],[31.03,84.1],[36.17,84.44],[41.92,84.72],[51.84,84.86],[61.98,84.84],[71.76,84.67],[80.67,84.35],[86.78,83.64],[91.63,82.88],[95.53,82.08],[98.7,81.25],[100.2,80.28],[101.44,79.31],[103.17,78.88],[104.78,78.43],[106.98,78.33],[106.98,78.33],[105.68,78.25],[103,78.34],[100.29,78.41],[97.64,78.55],[94.92,78.68],[92.69,79.25],[90.22,79.8],[87.48,80.33],[83.93,80.73],[80.07,81.1],[75.9,81.43],[70.37,81.82],[64.36,82.12],[57.93,82.34],[51.22,82.45],[44.37,82.11],[38.16,81.67],[38.16,81.67],[37.27,82.17],[36.25,82.65],[36.25,82.65],[38.08,82.78],[40.89,82.94],[44.71,83.13],[46.49,83.21],[46.49,83.21],[45.96,83.24],[43.72,83.15],[40.81,82.98],[38.12,82.86],[36.96,82.73],[35.48,82.59],[35.48,82.59],[31.26,83.31],[26.08,83.98]]]}},{"type":"Feature","properties":{"ma":55,"type":"gpml:TopologicalClosedPlateBoundary","name":"Australia Ocean Crust during early AUS-ANT opening","pid":802,"deforming":false},"geometry":{"type":"Polygon","coordinates":[[[101.75,-63.37],[100.32,-63.41],[98.5,-63.08],[97.61,-62.89],[97.08,-62.76],[97.08,-62.76],[96.99,-62.4],[96.9,-61.68],[96.9,-61.68],[98.95,-61.87],[101.02,-62.03],[103.01,-62.07],[104.53,-61.99],[106.27,-61.95],[107.32,-61.96],[108.91,-61.85],[110.44,-61.8],[111.96,-61.74],[113.91,-61.73],[115.85,-61.68],[117.57,-61.46],[119.15,-61.3],[120.81,-61.13],[122.04,-61.04],[122.54,-61.01],[123.32,-61],[124.39,-61.1],[125.22,-61.22],[126.6,-61.19],[127.24,-61.16],[128.05,-61.13],[129.12,-61.16],[129.41,-61.17],[131.02,-61.35],[132.8,-61.63],[133.41,-61.85],[134.21,-62.1],[134.98,-62.33],[135.67,-62.54],[136.49,-62.77],[137.31,-63],[138.01,-63.21],[138.79,-63.42],[139.72,-63.65],[140.62,-63.9],[141.12,-64.02],[141.94,-64.31],[143.07,-64.8],[144.23,-65.27],[144.23,-65.27],[143.06,-64.8],[141.93,-64.32],[141.15,-64.03],[140.63,-63.91],[139.72,-63.65],[138.78,-63.42],[138.17,-63.26],[137.7,-63.14],[136.98,-62.94],[136.25,-62.75],[135.81,-62.64],[135.17,-62.47],[134.49,-62.26],[134.12,-62.14],[132.17,-61.85],[130.26,-61.53],[130,-61.53],[129.16,-61.61],[128.42,-61.68],[127.91,-61.75],[126.85,-61.9],[126.61,-61.94],[125.88,-62.06],[125.29,-62.16],[124.78,-62.27],[123.74,-62.49],[123.54,-62.54],[122.3,-62.83],[122.19,-62.86],[120.88,-63.1],[120.64,-63.14],[119.05,-63.21],[118.88,-63.21],[117.47,-63.15],[116.62,-63.08],[115.88,-63.03],[114.71,-63.05],[114.29,-63.05],[112.97,-63.1],[112.71,-63.11],[111.31,-63.17],[111.12,-63.18],[109.53,-63.23],[109.44,-63.23],[107.94,-63.18],[107.49,-63.17],[106.35,-63.14],[105.65,-63.18],[104.76,-63.22],[104.11,-63.26],[103.18,-63.31],[101.75,-63.37]]]}},{"type":"Feature","properties":{"ma":55,"type":"gpml:TopologicalClosedPlateBoundary","name":"Australia Ocean Crust during early AUS-ANT opening","pid":801,"deforming":false},"geometry":{"type":"Polygon","coordinates":[[[99.13,-60.74],[100.14,-60.83],[100.83,-60.87],[101.74,-60.91],[102.39,-60.87],[103.35,-60.8],[103.73,-60.77],[104.95,-60.68],[105.03,-60.68],[106.38,-60.54],[106.54,-60.52],[107.88,-60.5],[108.13,-60.49],[109.36,-60.45],[109.73,-60.44],[110.76,-60.39],[111.32,-60.36],[111.89,-60.29],[112.88,-60.15],[112.99,-60.13],[114.18,-59.91],[114.4,-59.86],[115.84,-59.79],[115.97,-59.79],[117.55,-59.78],[117.81,-59.78],[119.13,-59.78],[119.89,-59.84],[120.7,-59.9],[122.21,-60.22],[123.49,-60.51],[125.31,-60.62],[126,-60.64],[126.91,-60.66],[128.19,-60.78],[128.51,-60.81],[130,-60.97],[131.51,-61.12],[132.37,-61.44],[133.25,-61.74],[134.16,-62.02],[135.09,-62.33],[135.99,-62.59],[136.92,-62.86],[137.85,-63.15],[138.79,-63.42],[139.72,-63.65],[140.63,-63.91],[141.17,-64.04],[141.94,-64.32],[143.07,-64.8],[144.23,-65.27],[144.23,-65.27],[143.07,-64.8],[141.94,-64.31],[141.12,-64.02],[140.62,-63.9],[139.72,-63.65],[138.79,-63.42],[138.01,-63.21],[137.31,-63],[136.49,-62.77],[135.67,-62.54],[134.98,-62.33],[134.21,-62.1],[133.41,-61.85],[132.8,-61.63],[131.02,-61.35],[129.41,-61.17],[129.12,-61.16],[128.05,-61.13],[127.24,-61.16],[126.6,-61.19],[125.22,-61.22],[124.39,-61.1],[123.32,-61],[122.54,-61.01],[122.04,-61.04],[120.81,-61.13],[119.15,-61.3],[117.57,-61.46],[115.85,-61.68],[113.91,-61.73],[111.96,-61.74],[110.44,-61.8],[108.91,-61.85],[107.32,-61.96],[106.27,-61.95],[104.53,-61.99],[103.01,-62.07],[101.02,-62.03],[98.95,-61.87],[96.9,-61.68],[96.9,-61.68],[96.92,-61.81],[96.92,-61.81],[96.2,-61.66],[96.2,-61.66],[95.47,-61.09],[94.76,-60.52],[94.53,-60.08],[94.53,-60.08],[96.07,-60.37],[97.59,-60.56],[99.13,-60.74]]]}},{"type":"Feature","properties":{"ma":55,"type":"gpml:TopologicalNetwork","name":"AUSANT_Deforming_Network","pid":802,"deforming":true},"geometry":{"type":"Polygon","coordinates":[[[104.11,-63.26],[104.76,-63.22],[105.65,-63.18],[106.35,-63.14],[107.49,-63.17],[107.94,-63.18],[109.44,-63.23],[109.53,-63.23],[111.12,-63.18],[111.31,-63.17],[112.71,-63.11],[112.97,-63.1],[114.29,-63.05],[114.71,-63.05],[115.88,-63.03],[116.62,-63.08],[117.47,-63.15],[118.88,-63.21],[119.05,-63.21],[120.64,-63.14],[120.88,-63.1],[122.19,-62.86],[122.3,-62.83],[123.54,-62.54],[123.74,-62.49],[124.78,-62.27],[125.29,-62.16],[125.88,-62.06],[126.61,-61.94],[126.85,-61.9],[127.91,-61.75],[128.42,-61.68],[129.16,-61.61],[130,-61.53],[130.26,-61.53],[132.17,-61.85],[134.12,-62.14],[134.49,-62.26],[135.17,-62.47],[135.81,-62.64],[136.25,-62.75],[136.98,-62.94],[137.7,-63.14],[138.17,-63.26],[138.78,-63.42],[139.72,-63.65],[140.63,-63.91],[141.15,-64.03],[141.93,-64.32],[143.06,-64.8],[144.23,-65.27],[145.93,-65.57],[146.82,-65.8],[147.9,-66.04],[149,-66.29],[149.89,-66.5],[150.65,-66.91],[151.43,-67.3],[152.18,-67.47],[153.09,-67.58],[154.16,-67.66],[155.18,-67.73],[156.62,-67.82],[157.71,-67.97],[158.77,-68.17],[159.83,-68.33],[161.35,-68.56],[162.38,-68.79],[163.29,-69.03],[163.62,-69.18],[163.39,-69.7],[162.07,-69.93],[161.27,-69.92],[161.27,-69.92],[160.6,-69.91],[160.48,-69.91],[160.48,-69.91],[160.49,-69.92],[161.25,-70.14],[162.37,-70.51],[162.82,-70.84],[163.19,-71.1],[163.94,-71.46],[164.81,-71.58],[165.78,-71.65],[165.78,-71.84],[167.34,-72.34],[168.98,-72.82],[170.25,-72.54],[171.41,-72.58],[171.41,-72.58],[173.06,-72.79],[173.92,-73.26],[174.84,-73.72],[175.55,-74.22],[175.55,-74.22],[173.62,-74.93],[171.51,-75.62],[171.51,-75.62],[169.9,-75.18],[168.38,-74.74],[166.69,-74.2],[165.12,-73.65],[163.2,-72.95],[162.3,-72.16],[161.94,-71.43],[160.62,-71.31],[159.73,-70.82],[158.89,-70.34],[157.15,-70],[155.34,-70.01],[153.53,-70],[151.96,-69.55],[150.8,-69.07],[149.68,-68.58],[148.51,-68.22],[147.37,-67.86],[145.69,-67.62],[144.05,-67.36],[142.28,-67.19],[140.54,-66.99],[139.3,-66.78],[138.09,-66.57],[135.81,-66.34],[134.17,-66.3],[132.54,-66.24],[130.96,-65.98],[129.41,-65.71],[127.51,-65.61],[126.08,-65.63],[124.66,-65.65],[123.14,-65.71],[121.62,-65.76],[119.8,-66.02],[117.94,-66.27],[116,-66.32],[114.05,-66.36],[112.1,-66.37],[110.83,-66.46],[109.55,-66.54],[107.8,-66.62],[106.03,-66.67],[104.72,-66.59],[103.43,-66.5],[101.32,-66.23],[99.26,-65.95],[99.05,-65.92],[99.05,-65.92],[98.42,-65.15],[97.84,-64.38],[97.28,-63.6],[97.08,-62.76],[97.08,-62.76],[97.61,-62.89],[98.5,-63.08],[100.32,-63.41],[101.75,-63.37],[103.18,-63.31],[104.11,-63.26]]]}},{"type":"Feature","properties":{"ma":55,"type":"gpml:TopologicalNetwork","name":"Deforming Network","pid":801,"deforming":true},"geometry":{"type":"Polygon","coordinates":[[[137.22,-60.96],[139.24,-60.98],[140.29,-60.82],[141.33,-60.66],[142.51,-60.5],[143.84,-60.19],[145.47,-60.06],[146.43,-59.98],[147.6,-59.67],[148.5,-59.4],[149.88,-59.02],[151.03,-58.65],[152.24,-58.29],[152.25,-58.46],[152.33,-59.35],[152.36,-59.62],[152.12,-60.22],[151.87,-60.83],[152.29,-61.47],[152.73,-62.12],[153.3,-62.58],[153.88,-63.03],[154.77,-63.19],[156.23,-63.72],[156.35,-63.77],[157.22,-64.11],[158.11,-64.44],[158.11,-64.44],[157.84,-64.93],[157.51,-65.12],[156.22,-65.67],[155.09,-66.11],[154.31,-66.41],[153.47,-66.71],[151.62,-67.35],[151.62,-67.35],[151.43,-67.3],[150.65,-66.91],[149.89,-66.5],[149,-66.29],[147.9,-66.04],[146.82,-65.8],[145.93,-65.57],[144.23,-65.27],[143.07,-64.8],[141.94,-64.32],[141.17,-64.04],[140.63,-63.91],[139.72,-63.65],[138.79,-63.42],[137.85,-63.15],[136.92,-62.86],[135.99,-62.59],[135.09,-62.33],[134.16,-62.02],[133.25,-61.74],[132.37,-61.44],[131.51,-61.12],[130,-60.97],[128.51,-60.81],[128.19,-60.78],[126.91,-60.66],[126,-60.64],[125.31,-60.62],[123.49,-60.51],[122.21,-60.22],[120.7,-59.9],[119.89,-59.84],[119.13,-59.78],[117.81,-59.78],[117.55,-59.78],[115.97,-59.79],[115.84,-59.79],[114.4,-59.86],[114.18,-59.91],[112.99,-60.13],[112.88,-60.15],[111.89,-60.29],[111.32,-60.36],[110.76,-60.39],[109.73,-60.44],[109.36,-60.45],[108.13,-60.49],[107.88,-60.5],[106.54,-60.52],[106.38,-60.54],[105.03,-60.68],[104.95,-60.68],[103.73,-60.77],[103.35,-60.8],[102.39,-60.87],[101.74,-60.91],[100.83,-60.87],[100.14,-60.83],[99.13,-60.74],[97.59,-60.56],[96.07,-60.37],[94.53,-60.08],[94.53,-60.08],[94.13,-59.3],[93.76,-58.51],[93.4,-57.73],[93.4,-57.73],[93.56,-57.75],[95.15,-57.49],[96.1,-57.61],[97.07,-57.71],[98.8,-57.57],[100.48,-57.43],[101.79,-57.35],[103.41,-57.4],[104.51,-57.39],[105.62,-57.36],[107.18,-57.26],[108.92,-57.16],[110.42,-57.24],[111.49,-57.08],[112.54,-56.9],[113.66,-56.81],[114.77,-56.72],[115.97,-56.56],[117.16,-56.4],[118.31,-56.18],[119.44,-55.95],[121.01,-55.82],[121.71,-55.68],[123.23,-56.01],[124.78,-56.33],[125.51,-56.63],[126.24,-56.93],[127.25,-57.3],[128.28,-57.65],[129.08,-57.94],[129.88,-58.22],[131.18,-58.73],[132.33,-59.2],[133.22,-59.63],[134.29,-60.07],[135.51,-60.49],[136.56,-60.73],[137.01,-60.95],[137.22,-60.96]]]}},{"type":"Feature","properties":{"ma":55,"type":"gpml:TopologicalNetwork","name":"Coral_Sea_Mesh_2","pid":836,"deforming":true},"geometry":{"type":"Polygon","coordinates":[[[147.51,-33.14],[148.44,-33.45],[149.11,-33.65],[149.77,-33.86],[150.3,-34.02],[150.57,-34.18],[150.86,-34.3],[150.86,-34.3],[150.45,-34.7],[150.04,-35.1],[149.24,-35.6],[148.44,-36.1],[148.44,-36.1],[148.31,-35.84],[147.92,-35.39],[147.4,-35.04],[146.89,-34.7],[146.59,-34.4],[146.59,-34.4],[146.12,-34.25],[144.95,-34.18],[143.77,-34.1],[142.85,-34.13],[141.93,-34.15],[141.77,-34.07],[141.77,-34.07],[141.29,-34.38],[140.85,-34.59],[139.86,-34.75],[138.73,-34.78],[138.25,-34.86],[138.25,-34.86],[138.24,-34.89],[138.54,-35.39],[138.76,-35.62],[138.65,-35.72],[138.65,-35.72],[139.05,-35.95],[139.34,-36.06],[139.72,-36.28],[140.39,-36.46],[141.24,-36.64],[142.03,-36.73],[142.82,-36.81],[143.99,-36.95],[144.81,-37.03],[145.63,-37.11],[146.23,-37.7],[146.96,-38.23],[147.25,-39.04],[147.25,-39.04],[146.25,-39.44],[146.25,-39.44],[146.02,-38.96],[145.79,-38.48],[145.16,-38.08],[144.54,-37.68],[143.71,-37.61],[142.88,-37.54],[141.97,-37.42],[141.05,-37.29],[140.14,-37.15],[139.1,-36.91],[138.05,-36.67],[137.19,-36.73],[136.32,-36.78],[135.45,-36.83],[134.95,-36.41],[134.6,-36.11],[134.6,-36.11],[134.74,-35.76],[134.9,-35.37],[135.2,-34.54],[135.55,-34.08],[135.89,-33.62],[136.81,-33.65],[137.74,-33.69],[138.01,-33.88],[138.01,-33.88],[138.25,-33.76],[138.67,-33.55],[139.28,-33.16],[139.93,-32.79],[140.75,-32.8],[141.58,-32.81],[142.31,-32.74],[142.92,-32.73],[143.53,-32.71],[144.62,-32.85],[145.71,-32.98],[146.58,-32.83],[147.51,-33.14]]]}},{"type":"Feature","properties":{"ma":55,"type":"gpml:TopologicalNetwork","name":"EllesmereIsland_Deformation_Mesh_Gion","pid":120,"deforming":true},"geometry":{"type":"Polygon","coordinates":[[[-54.96,73.05],[-55.38,73.1],[-57.2,73.42],[-59.1,73.72],[-61.72,74.11],[-63.94,74.55],[-66.28,74.96],[-67.93,75.24],[-69.64,75.5],[-72.39,76.06],[-73.62,76.57],[-74.94,77.06],[-75.93,77.57],[-77,78.07],[-78.97,78.89],[-80.28,79.81],[-80.99,80.62],[-77.35,81.39],[-72.16,82.03],[-67.83,82.09],[-63.46,82.1],[-59.3,81.99],[-55.25,81.85],[-50.85,81.67],[-46.66,81.45],[-42.16,81.12],[-38.01,80.74],[-34.7,80.46],[-31.58,80.16],[-27.85,79.98],[-24.26,79.76],[-21.16,79.68],[-18.11,79.56],[-13.88,79.4],[-10.86,79.61],[-7.72,79.8],[-5.11,80.31],[-2.23,80.8],[0.79,81.27],[4.14,81.72],[8.81,82.27],[14.14,82.76],[16.37,82.98],[20.86,83.5],[26.09,83.97],[26.17,83.98],[26.17,83.98],[26.08,83.98],[26.08,83.98],[30.95,83.35],[34.96,82.69],[34.96,82.69],[34.73,82.68],[34.04,82.64],[32.85,82.56],[32.39,82.52],[30.93,82.37],[31.2,82.31],[31.2,82.31],[34.45,82.52],[36.25,82.65],[36.25,82.65],[37.27,82.16],[38.17,81.67],[38.17,81.67],[33.66,81.25],[28.69,80.79],[24.23,80.26],[20.81,79.78],[17.71,79.26],[14.5,78.83],[11.53,78.37],[8.71,77.83],[6.14,77.26],[4.09,76.8],[2.19,76.32],[0.2,75.88],[-1.68,75.43],[-3.57,74.71],[-2.42,73.95],[-1.02,73.46],[0.3,72.96],[1.33,72.35],[2.29,71.74],[3.19,71.13],[3.74,70.6],[4.26,70.08],[4.26,70.08],[1.72,69.69],[-0.72,69.26],[-0.72,69.26],[-1.87,69.94],[-3.09,70.62],[-4.46,71.1],[-5.9,71.56],[-7.8,72],[-9.79,72.43],[-11.87,72.83],[-13.68,73.02],[-15.52,73.18],[-15.52,73.18],[-16.97,73.12],[-18.46,73.01],[-20.26,72.85],[-21.51,72.73],[-23.46,72.45],[-25.28,72.1],[-27.02,71.73],[-28.3,71.52],[-28.86,71.54],[-29.74,71.67],[-30.43,71.76],[-31.84,71.77],[-32.98,71.76],[-33.73,71.53],[-34.32,71.34],[-35.44,71.3],[-36.27,71.26],[-36.59,71.05],[-36.96,70.8],[-37.35,70.54],[-37.88,70.56],[-38.34,70.58],[-38.82,70.6],[-39.5,70.62],[-40.03,70.64],[-40.62,70.66],[-40.99,70.67],[-41.39,70.61],[-42.15,70.5],[-42.81,70.4],[-42.81,70.4],[-43.8,70.57],[-46.07,70.98],[-48.31,71.48],[-50.66,71.95],[-52.25,72.32],[-54.48,72.87],[-54.96,73.05]]]}},{"type":"Feature","properties":{"ma":55,"type":"gpml:OceanicCrust","name":"Early_Oceanic_Crust","pid":101,"deforming":false},"geometry":{"type":"Polygon","coordinates":[[[35.48,82.59],[35.48,82.59],[36.96,82.73],[38.12,82.86],[40.81,82.98],[43.72,83.15],[45.96,83.24],[46.49,83.21],[46.49,83.21],[44.71,83.13],[40.89,82.94],[38.08,82.78],[34.45,82.52],[31.2,82.31],[31.2,82.31],[30.93,82.37],[32.39,82.52],[32.85,82.56],[34.04,82.64],[34.73,82.68],[34.96,82.69],[35.48,82.59]]]}},{"type":"Feature","properties":{"ma":55,"type":"gpml:TopologicalClosedPlateBoundary","name":"Australia AUS_055_054","pid":801,"deforming":false},"geometry":{"type":"Polygon","coordinates":[[[175.75,-67.02],[176.36,-66.5],[176.36,-66.5],[177.57,-66.6],[179.61,-66.83],[179.78,-66.85],[179.78,-66.85],[179.76,-67.58],[179.73,-68.31],[179.7,-69.03],[179.56,-69.82],[179.41,-70.6],[179.32,-71.19],[179.22,-71.77],[178.86,-72.38],[178.48,-72.98],[177.07,-73.61],[175.55,-74.22],[175.55,-74.22],[174.84,-73.72],[173.92,-73.26],[173.06,-72.79],[171.41,-72.58],[171.41,-72.58],[170.25,-72.54],[168.98,-72.82],[167.34,-72.34],[165.78,-71.84],[165.78,-71.65],[164.81,-71.58],[163.94,-71.46],[163.19,-71.1],[162.82,-70.84],[162.37,-70.51],[161.25,-70.14],[160.49,-69.92],[160.48,-69.91],[160.48,-69.91],[160.6,-69.91],[161.27,-69.92],[161.27,-69.92],[162.07,-69.93],[163.39,-69.7],[163.62,-69.18],[163.29,-69.03],[162.38,-68.79],[161.35,-68.56],[159.83,-68.33],[158.77,-68.17],[157.71,-67.97],[156.62,-67.82],[155.18,-67.73],[154.16,-67.66],[153.09,-67.58],[152.18,-67.47],[151.62,-67.35],[151.62,-67.35],[153.47,-66.71],[154.31,-66.41],[155.09,-66.11],[156.22,-65.67],[157.51,-65.12],[157.84,-64.93],[158.11,-64.44],[158.11,-64.44],[158.11,-64.44],[157.22,-64.11],[156.35,-63.77],[156.23,-63.72],[154.77,-63.19],[153.88,-63.03],[153.3,-62.58],[152.73,-62.12],[152.29,-61.47],[151.87,-60.83],[152.12,-60.22],[152.36,-59.62],[152.33,-59.35],[152.25,-58.46],[152.24,-58.29],[151.03,-58.65],[149.88,-59.02],[148.5,-59.4],[147.6,-59.67],[146.43,-59.98],[145.47,-60.06],[143.84,-60.19],[142.51,-60.5],[141.33,-60.66],[140.29,-60.82],[139.24,-60.98],[137.22,-60.96],[137.22,-60.96],[137.01,-60.95],[136.56,-60.73],[135.51,-60.49],[134.29,-60.07],[133.22,-59.63],[132.33,-59.2],[131.18,-58.73],[129.88,-58.22],[129.08,-57.94],[128.28,-57.65],[127.25,-57.3],[126.24,-56.93],[125.51,-56.63],[124.78,-56.33],[123.23,-56.01],[121.71,-55.68],[121.01,-55.82],[119.44,-55.95],[118.31,-56.18],[117.16,-56.4],[115.97,-56.56],[114.77,-56.72],[113.66,-56.81],[112.54,-56.9],[111.49,-57.08],[110.42,-57.24],[108.92,-57.16],[107.18,-57.26],[105.62,-57.36],[104.51,-57.39],[103.41,-57.4],[101.79,-57.35],[100.48,-57.43],[98.8,-57.57],[97.07,-57.71],[96.1,-57.61],[95.15,-57.49],[93.56,-57.75],[93.4,-57.73],[93.4,-57.73],[93.83,-58.66],[94.28,-59.59],[94.76,-60.52],[95.47,-61.09],[96.2,-61.66],[96.2,-61.66],[95.61,-61.53],[94.88,-61.07],[94.18,-60.62],[92.85,-60.03],[91.31,-59.67],[90.03,-59.45],[88.76,-59.23],[87.21,-58.94],[85.68,-58.63],[84.49,-58.28],[83.33,-57.91],[82.19,-57.54],[81.13,-57.16],[80.09,-56.77],[78.81,-56.17],[77.57,-55.56],[76.36,-54.94],[75.2,-54.31],[74.07,-53.66],[72.84,-53.22],[71.63,-52.77],[70.45,-52.3],[69.3,-51.82],[68.16,-51.33],[67.06,-50.83],[65.92,-50.32],[64.82,-49.81],[63.73,-49.28],[62.67,-48.74],[61.75,-48.35],[60.83,-47.96],[60.23,-47.72],[60.23,-47.72],[60.65,-47.15],[61.19,-46.41],[61.71,-45.67],[62.21,-44.93],[62.71,-44.19],[63.19,-43.45],[64.18,-43.72],[65.04,-43.93],[65.9,-44.14],[66.34,-43.22],[66.77,-42.3],[67.19,-41.37],[67.59,-40.45],[68.03,-39.51],[68.45,-38.58],[68.86,-37.64],[69.26,-36.7],[69.98,-36.81],[70.71,-36.92],[71.07,-36.08],[71.42,-35.24],[71.76,-34.41],[72.1,-33.57],[72.43,-32.72],[72.75,-31.88],[73.07,-31.04],[73.85,-31.22],[74.63,-31.39],[74.92,-30.51],[74.92,-30.49],[75.3,-29.6],[75.67,-28.71],[76.55,-28.89],[77.44,-29.06],[78.33,-29.23],[78.46,-28.91],[78.89,-29.04],[79.14,-28.45],[79.38,-27.86],[80.1,-28.05],[80.81,-28.24],[81.17,-27.34],[81.52,-26.43],[81.86,-25.52],[82.2,-24.61],[82.54,-23.71],[82.86,-22.8],[83.78,-22.96],[84.69,-23.12],[85.61,-23.27],[86.53,-23.42],[87.45,-23.56],[87.65,-22.69],[87.84,-21.82],[88.03,-20.96],[88.22,-20.09],[88.43,-19.16],[88.64,-18.23],[88.85,-17.3],[89.05,-16.37],[89.88,-16.53],[90.71,-16.68],[91.54,-16.82],[91.54,-16.82],[91.74,-15.88],[91.94,-14.94],[92.15,-13.99],[92.35,-13.05],[92.57,-12.09],[92.78,-11.12],[93,-10.16],[93.22,-9.19],[93.43,-8.23],[93.97,-8.31],[94.51,-8.39],[94.72,-7.7],[94.92,-7],[95.13,-6.3],[95.94,-6.34],[96.75,-6.38],[97.69,-6.06],[98.64,-5.74],[99.58,-5.42],[99.58,-5.42],[99.45,-6.29],[99.32,-7.15],[99.22,-7.67],[99.22,-7.67],[100.17,-7.68],[101.13,-7.69],[101.89,-8.02],[102.65,-8.35],[103.41,-8.67],[104.04,-8.94],[104.68,-9.2],[105.32,-9.47],[105.9,-8.79],[106.48,-8.11],[107.06,-7.43],[107.64,-6.74],[108.11,-7.08],[108.72,-6.58],[109.33,-6.09],[109.93,-5.6],[110.91,-5.49],[111.89,-5.38],[112.86,-5.26],[113.84,-5.15],[114.81,-5.04],[115.78,-4.92],[116.76,-4.8],[117.73,-4.68],[118.7,-4.56],[118.7,-4.56],[118.43,-5.5],[118.16,-6.44],[117.89,-7.38],[117.61,-8.32],[117.34,-9.26],[117.06,-10.2],[116.78,-11.15],[116.5,-12.09],[116.18,-13.01],[115.87,-13.93],[115.55,-14.85],[115.23,-15.77],[114.9,-16.69],[114.57,-17.61],[114.57,-17.61],[115.11,-18.22],[115.65,-18.83],[116.2,-19.43],[116.9,-19.95],[117.61,-20.47],[118.33,-20.99],[119.05,-21.5],[119.73,-21.92],[120.41,-22.33],[121.1,-22.74],[122,-22.95],[122.9,-23.15],[123.8,-23.34],[124.71,-23.53],[125.62,-23.72],[126.55,-23.88],[127.48,-24.04],[128.56,-24.16],[129.64,-24.27],[130.57,-24.53],[131.5,-24.79],[132.39,-24.97],[133.27,-25.15],[134.16,-25.33],[135.06,-25.5],[135.69,-25.81],[136.32,-26.11],[137.14,-26.73],[137.6,-27.17],[138.44,-27.62],[139.28,-28.06],[139.87,-27.91],[140.46,-27.77],[140.46,-27.77],[140.21,-28.23],[139.96,-28.69],[139.61,-29.4],[139.26,-30.11],[138.9,-30.81],[138.59,-31.5],[138.28,-32.18],[138.14,-32.77],[137.99,-33.36],[137.69,-33.85],[137.38,-34.34],[137.38,-34.34],[137.48,-34.5],[137.93,-35.04],[138.38,-35.58],[138.86,-35.77],[138.91,-35.67],[139.48,-35.91],[139.57,-35.8],[140.1,-36.01],[140.22,-35.84],[140.32,-35.82],[141.04,-36.08],[141.14,-35.91],[142,-36.31],[142.05,-36.33],[142.12,-36.2],[142.79,-36.44],[142.92,-36.25],[143.57,-36.52],[143.77,-36.21],[144.43,-36.49],[145.1,-36.77],[145.21,-36.59],[145.74,-36.85],[145.48,-37.23],[145.89,-37.42],[145.94,-37.37],[146.52,-37.6],[147.09,-37.84],[147.12,-37.77],[147.52,-37.9],[147.59,-37.96],[147.57,-38.1],[147.73,-38.16],[147.66,-38.46],[147.66,-38.46],[148.12,-38.09],[148.92,-37.4],[148.92,-37.4],[148.98,-37.56],[149.05,-37.89],[149.25,-38.49],[149.44,-39.1],[149.63,-39.83],[149.81,-40.41],[150.12,-40.46],[150.28,-41.14],[150.31,-41.25],[150.65,-41.23],[150.71,-41.44],[150.73,-41.55],[150.96,-41.52],[151.08,-42.36],[151.13,-42.73],[151.36,-42.73],[151.51,-43.71],[151.55,-44.15],[151.58,-44.5],[151.54,-44.71],[151.58,-44.97],[151.58,-44.97],[152.04,-45.32],[151.95,-45.51],[152.62,-46.19],[152.62,-46.61],[152.74,-46.7],[153.38,-47.06],[154.04,-47.42],[153.87,-47.7],[154.28,-47.88],[153.94,-48.58],[154.39,-48.87],[153.99,-49.34],[153.58,-49.8],[154.52,-50.23],[154.18,-50.45],[155,-50.89],[154.54,-51.2],[155.18,-51.49],[154.79,-51.79],[155.21,-52.07],[154.74,-52.41],[154.25,-52.78],[155.29,-53.37],[154.51,-53.89],[154.89,-54.11],[154.33,-54.47],[154.71,-54.69],[154.47,-54.85],[155.45,-55.39],[156.46,-55.91],[157.49,-56.43],[158.56,-56.94],[157.8,-57.52],[159.16,-58.14],[160.57,-58.75],[162.03,-59.34],[163.54,-59.92],[165.1,-60.47],[164.38,-61.07],[165.35,-61.45],[166.35,-61.82],[165.62,-62.32],[165.79,-62.4],[165.06,-62.98],[165.59,-63.17],[164.72,-63.76],[166.1,-64.25],[167.53,-64.74],[169.01,-65.2],[169.83,-65.45],[169.56,-65.66],[171.55,-66.14],[173.61,-66.6],[175.75,-67.02]]]}},{"type":"Feature","properties":{"ma":55,"type":"gpml:TopologicalClosedPlateBoundary","name":"East Antarctica","pid":802,"deforming":false},"geometry":{"type":"Polygon","coordinates":[[[180,-85.35],[180,-86.28],[180,-87.21],[180,-88.14],[180,-89.07],[180,-90],[-180,-90],[-180,-89.07],[-180,-88.14],[-180,-87.21],[-180,-86.28],[-180,-85.35],[-180,-84.43],[-175.72,-84.63],[-167.37,-84.82],[-158.59,-84.89],[-147.62,-84.82],[-137.32,-84.56],[-137.32,-84.56],[-136.84,-84.49],[-135.24,-84.11],[-134.29,-83.87],[-134.29,-83.87],[-126.25,-83.63],[-121.78,-83.37],[-117.67,-83.08],[-114.67,-82.74],[-111.94,-82.38],[-109.21,-81.8],[-106.83,-81.2],[-104.11,-80.45],[-102.7,-79.89],[-101.43,-79.32],[-100.18,-78.73],[-99.06,-78.13],[-97.61,-77.52],[-96.29,-76.91],[-95.03,-75.96],[-94.42,-75.46],[-93.85,-74.96],[-93.38,-73.98],[-93.19,-73.21],[-93.2,-73.09],[-93.2,-73.09],[-93.85,-72.56],[-96.07,-72.17],[-98.21,-71.75],[-100.25,-71.32],[-102.2,-70.86],[-102.2,-70.86],[-99.2,-70.72],[-96.75,-70.46],[-95.34,-70.3],[-93.95,-70.12],[-92.69,-69.88],[-90.42,-69.69],[-88.62,-69.58],[-87.3,-69.13],[-85.95,-68.57],[-84.66,-68],[-83.41,-67.58],[-82.19,-67.14],[-80.39,-66.46],[-79.18,-65.86],[-77.71,-65.13],[-76.31,-64.36],[-74.86,-63.94],[-73.53,-63.7],[-72.22,-63.44],[-71.13,-63.12],[-69.93,-62.75],[-68.51,-62.42],[-67.23,-61.92],[-66.58,-61.71],[-66.58,-61.71],[-66.41,-61.64],[-65.02,-61.28],[-63.66,-60.9],[-63.66,-60.9],[-63.2,-61.02],[-62.72,-61.14],[-62.28,-61.26],[-61.97,-61.34],[-61.67,-61.41],[-61.38,-61.46],[-61.09,-61.54],[-60.75,-61.64],[-60.04,-61.87],[-59.1,-62.13],[-57.6,-62.45],[-56.12,-62.53],[-54.48,-62.85],[-54.48,-62.85],[-55.97,-63.47],[-57.49,-64.08],[-59.07,-64.67],[-59.65,-65.04],[-59.65,-65.04],[-57.76,-65.32],[-55.84,-65.57],[-53.89,-65.8],[-51.9,-66],[-49.88,-66.18],[-47.59,-66.13],[-45.31,-66.04],[-43.05,-65.92],[-40.98,-65.71],[-38.96,-65.47],[-36.97,-65.21],[-35.02,-64.92],[-33.49,-64.63],[-32,-64.33],[-30.54,-64.01],[-28.98,-63.6],[-27.47,-63.18],[-26.01,-62.74],[-24.58,-63.24],[-23.27,-62.81],[-22,-62.38],[-20.91,-62.76],[-19.79,-63.13],[-18.34,-62.53],[-16.95,-61.92],[-15.62,-61.29],[-14.79,-60.9],[-13.99,-60.5],[-13.05,-60.73],[-12.09,-60.95],[-11.17,-60.53],[-10.27,-60.1],[-9.17,-60.35],[-8.42,-60.01],[-7.68,-59.67],[-6.59,-60.02],[-5.9,-59.63],[-5.23,-59.23],[-5.18,-59.2],[-4.44,-59.41],[-3.76,-58.89],[-3.1,-58.38],[-2.2,-58.59],[-1.47,-57.96],[-0.76,-57.32],[0.19,-57.55],[0.58,-57.26],[2.18,-57.28],[3.78,-57.29],[5.38,-57.28],[5.47,-57.16],[6.32,-57.38],[7.18,-57.59],[7.65,-57.76],[8.47,-58.01],[9.6,-58.26],[9.94,-58.31],[11.2,-58.35],[11.14,-58.5],[11.7,-58.54],[11.65,-58.63],[12.95,-58.63],[14.24,-58.61],[14.33,-58.13],[15.81,-58.15],[15.86,-57.83],[16.88,-57.8],[17.9,-57.76],[17.91,-57.61],[18.73,-57.57],[18.77,-56.99],[18.77,-56.43],[20.04,-56.35],[20.47,-55.66],[20.89,-54.96],[21.29,-54.27],[21.93,-54.06],[21.82,-53.65],[23.23,-53.35],[23.11,-52.49],[23.91,-52.37],[24.71,-52.24],[24.54,-51.66],[24.38,-51.08],[25.26,-50.94],[26.13,-50.78],[26,-50.43],[27.08,-50.24],[28.16,-50.03],[29.22,-49.82],[29.22,-49.16],[30.57,-48.97],[31.65,-48.91],[32.73,-48.85],[33.81,-48.77],[34.16,-48.01],[34.5,-47.25],[34.84,-46.49],[35.78,-46.45],[36.72,-46.4],[36.79,-45.71],[37.84,-45.51],[37.97,-44.75],[38.11,-43.99],[39.23,-43.74],[39.31,-43.37],[39.89,-43.3],[41.09,-43.13],[42.29,-42.94],[43.49,-42.74],[44.23,-42.64],[44.16,-41.9],[44.84,-41.69],[45.51,-41.48],[45.41,-40.79],[46.32,-40.31],[47.22,-39.82],[48.1,-39.32],[48.84,-38.7],[49.1,-38.47],[49.1,-38.47],[50.01,-38.97],[50.94,-39.46],[51.88,-39.95],[52.83,-40.42],[52.26,-41.24],[51.68,-42.05],[52.69,-42.48],[53.71,-42.91],[54.74,-43.33],[55.79,-43.73],[56.85,-44.13],[57.93,-44.52],[57.45,-45.34],[56.96,-46.16],[58.19,-46.48],[59.44,-46.79],[60.7,-47.09],[60.7,-47.09],[60.65,-47.15],[60.23,-47.72],[60.23,-47.72],[60.83,-47.96],[61.75,-48.35],[62.67,-48.74],[63.73,-49.28],[64.82,-49.81],[65.92,-50.32],[67.06,-50.83],[68.16,-51.33],[69.3,-51.82],[70.45,-52.3],[71.63,-52.77],[72.84,-53.22],[74.07,-53.66],[75.2,-54.31],[76.36,-54.94],[77.57,-55.56],[78.81,-56.17],[80.09,-56.77],[81.13,-57.16],[82.19,-57.54],[83.33,-57.91],[84.49,-58.28],[85.68,-58.63],[87.21,-58.94],[88.76,-59.23],[90.03,-59.45],[91.31,-59.67],[92.85,-60.03],[94.18,-60.62],[94.88,-61.07],[95.61,-61.53],[96.92,-61.81],[96.92,-61.81],[96.99,-62.4],[97.13,-63],[97.28,-63.6],[97.84,-64.37],[98.42,-65.14],[99.04,-65.91],[99.04,-65.91],[101.19,-66.22],[103.39,-66.49],[104.71,-66.59],[106.03,-66.67],[107.79,-66.61],[109.53,-66.53],[110.81,-66.45],[112.08,-66.36],[114.04,-66.35],[116.01,-66.32],[117.96,-66.26],[119.78,-66.02],[121.57,-65.75],[123.12,-65.7],[124.67,-65.64],[126.09,-65.63],[127.51,-65.61],[129.41,-65.71],[130.96,-65.98],[132.53,-66.24],[134.12,-66.29],[135.72,-66.33],[138.09,-66.57],[139.3,-66.78],[140.54,-66.99],[142.28,-67.19],[144.05,-67.36],[145.69,-67.62],[147.37,-67.86],[148.51,-68.22],[149.68,-68.58],[150.8,-69.07],[151.97,-69.55],[153.53,-69.99],[155.34,-70.01],[157.15,-70],[158.89,-70.33],[159.73,-70.82],[160.62,-71.31],[161.94,-71.43],[162.12,-71.81],[162.12,-71.81],[160.79,-72.38],[159.36,-72.94],[158.29,-73.52],[157.14,-74.09],[156.13,-74.74],[155.03,-75.38],[155.35,-76.08],[155.71,-76.78],[155.74,-76.64],[155.86,-76.76],[155.79,-77],[155.85,-77.36],[155.65,-77.78],[155.01,-78.02],[154.48,-78.36],[154.38,-78.48],[154.27,-78.6],[154.16,-78.71],[154.04,-78.72],[154.04,-78.72],[153.83,-79.38],[153.6,-80.04],[154.99,-80.81],[156.62,-81.57],[159.32,-82.2],[162.47,-82.81],[165,-83.21],[167.84,-83.59],[169.12,-83.67],[169.12,-83.67],[174.21,-84.07],[180,-84.43],[180,-85.35]]]}},{"type":"Feature","properties":{"ma":55,"type":"gpml:TopologicalClosedPlateBoundary","name":"Eurasia","pid":301,"deforming":false},"geometry":{"type":"Polygon","coordinates":[[[-29.21,46.23],[-30.02,46.29],[-30.04,47.23],[-30.05,48.16],[-29.81,48.99],[-29.55,49.81],[-29.55,49.81],[-28.84,49.75],[-28.84,49.75],[-27.65,50.02],[-26.91,50.63],[-26.71,50.57],[-26.14,51.08],[-25.8,51.52],[-25.38,51.93],[-24.86,52.42],[-24.58,52.56],[-24.24,52.79],[-23.77,53.12],[-23.5,53.24],[-23.21,53.52],[-22.93,53.58],[-22.39,53.66],[-21.77,53.9],[-21.37,54.22],[-20.95,54.53],[-20.55,54.77],[-20.14,55.06],[-20.04,55.4],[-19.67,55.53],[-19.22,55.73],[-18.66,55.9],[-18.26,56.08],[-17.55,56.26],[-16.8,56.45],[-16.35,56.88],[-15.9,57.05],[-15.49,57.2],[-14.96,57.33],[-14.52,57.42],[-14.04,57.5],[-13.38,57.67],[-13.38,57.67],[-12.54,57.64],[-10.85,57.92],[-9.99,58.15],[-9.12,58.38],[-8.3,59],[-7.45,59.61],[-7.15,59.91],[-6.94,60.1],[-6.94,60.1],[-7.48,60.43],[-8.07,60.9],[-8.13,61.13],[-8.09,61.25],[-8.09,61.25],[-7.67,61.81],[-7.28,62.13],[-6.79,62.47],[-6.42,62.66],[-6.01,62.82],[-5.71,62.96],[-5.2,63.08],[-4.78,63.12],[-4.15,63.24],[-3.7,63.33],[-3.33,63.46],[-2.96,63.6],[-2.35,63.79],[-1.95,63.93],[-1.66,64.04],[-1.35,64.18],[-0.93,64.3],[-0.2,64.45],[0.44,64.52],[1.18,64.69],[1.68,64.95],[2.61,65.16],[3.14,65.62],[4.11,66.42],[5.14,67.22],[5.14,67.22],[5.13,67.27],[4.32,68.08],[3.45,68.88],[2.52,69.68],[2.32,69.78],[2.32,69.78],[4.26,70.08],[4.26,70.08],[3.74,70.6],[3.19,71.13],[2.29,71.74],[1.33,72.35],[0.3,72.96],[-1.02,73.46],[-2.42,73.95],[-3.57,74.71],[-1.68,75.43],[0.2,75.88],[2.19,76.32],[4.09,76.8],[6.14,77.26],[8.71,77.83],[11.53,78.37],[14.5,78.83],[17.71,79.26],[20.81,79.78],[24.23,80.26],[28.69,80.79],[33.66,81.25],[38.94,81.73],[44.83,82.14],[51.27,82.45],[51.27,82.45],[57.96,82.34],[64.38,82.12],[70.38,81.81],[75.9,81.43],[80.07,81.1],[83.93,80.73],[87.48,80.33],[90.22,79.8],[92.69,79.25],[94.92,78.68],[97.64,78.55],[100.29,78.41],[103,78.34],[105.68,78.25],[108.08,78.39],[112.73,78.15],[116.46,77.81],[119.89,77.42],[123.11,77],[123.87,76.99],[123.87,76.99],[121.04,76.29],[121.04,76.29],[117.49,76.03],[114.07,75.73],[110.81,75.37],[109.85,74.52],[108.98,73.66],[108.21,72.8],[109.12,71.99],[109.95,71.18],[111.03,70.53],[112.03,69.87],[113.68,69.52],[115.27,69.17],[117.28,68.86],[119.23,68.53],[121.33,68.16],[123.36,67.76],[125.44,67.86],[127.98,67.61],[130.46,67.31],[131.71,66.69],[132.89,66.06],[134.96,65.66],[136.96,65.24],[138.38,64.89],[138.38,64.89],[137.28,64.29],[135.85,63.54],[134.5,62.77],[134.5,62.77],[135.43,61.89],[135.43,61.89],[137.43,61.89],[139.42,61.86],[140.49,61.92],[141.56,61.97],[142.62,62.08],[142.62,62.08],[142.21,61.1],[141.77,60.25],[141.36,59.4],[140.97,58.54],[140.6,57.69],[140.21,56.86],[139.83,56.02],[139.47,55.19],[139.12,54.35],[138.7,53.64],[138.3,52.93],[137.77,52.13],[137.26,51.34],[136.7,50.52],[136.17,49.7],[135.71,48.98],[135.26,48.26],[134.86,47.73],[134.48,47.19],[133.79,46.33],[133.13,45.47],[132.62,44.79],[132.13,44.11],[131.59,43.43],[131.06,42.74],[130.48,42.08],[129.9,41.42],[129.53,40.98],[129.17,40.53],[128.43,39.85],[127.73,39.04],[127.2,38.45],[126.69,37.86],[126.18,37.26],[125.65,36.68],[125.13,36.1],[124.56,35.47],[124,34.83],[123.44,34.19],[122.83,33.61],[122.83,33.61],[122.48,32.92],[122.09,32.24],[121.7,31.56],[121.31,30.88],[120.76,30.18],[120.76,30.18],[121,29.37],[121.23,28.55],[121.4,27.57],[121.58,26.58],[121.74,25.6],[121.91,24.62],[122.07,23.64],[122.07,23.64],[121.1,23.2],[120.13,22.75],[119.17,22.3],[118.22,21.84],[117.27,21.38],[116.32,20.92],[116.29,20.23],[116.25,19.54],[115.36,19.06],[114.47,18.57],[114.47,18.57],[114.77,17.63],[113.78,17.32],[112.79,17],[111.8,16.68],[110.81,16.36],[110.64,15.94],[109.74,15.69],[108.84,15.43],[107.95,15.17],[107.05,14.9],[106.16,14.64],[105.27,14.36],[105.27,14.36],[105.7,13.62],[106.02,13.2],[106.34,12.77],[106.73,12.33],[107.12,11.89],[107.73,11.2],[108.34,10.52],[108.79,9.68],[109.22,8.84],[109.22,8.84],[108.48,8.62],[108.48,8.62],[108.57,8.12],[108.65,7.62],[108.87,7.06],[109.09,6.5],[109.43,5.98],[109.78,5.46],[109.94,4.81],[110.1,4.16],[110.45,3.5],[110.79,2.83],[111.56,2.38],[112.32,1.93],[113.08,1.47],[113.95,1.34],[114.82,1.22],[115.69,1.09],[116.18,0.29],[116.66,-0.52],[116.78,-1.25],[116.9,-1.99],[116.9,-1.99],[116.17,-2.41],[115.44,-2.83],[114.71,-3.24],[113.97,-3.66],[113.2,-4.01],[112.44,-4.36],[111.67,-4.71],[110.9,-5.06],[110.12,-5.21],[109.35,-5.35],[109.35,-5.35],[109.17,-5.28],[108.45,-4.81],[107.72,-4.33],[107,-3.85],[106.52,-3.27],[106.03,-2.7],[105.53,-2.3],[105.02,-1.9],[104.65,-1.36],[104.28,-0.81],[103.81,-0.32],[103.34,0.17],[102.87,0.66],[102.38,1.02],[101.89,1.37],[101.12,1.84],[100.36,2.3],[99.59,2.77],[98.79,3.19],[97.99,3.61],[97.19,4.03],[96.39,4.45],[95.62,4.94],[94.85,5.42],[94.09,5.9],[93.32,6.39],[92.57,6.72],[91.81,7.06],[91.06,7.39],[90.25,7.85],[89.43,8.3],[88.62,8.76],[87.95,9.31],[87.28,9.87],[86.61,10.42],[85.93,10.97],[85.48,11.57],[85.03,12.17],[84.58,12.77],[84.58,12.77],[84.68,13.22],[84.81,14.12],[84.95,15.03],[85.08,15.94],[85.21,16.85],[85.35,17.76],[85.66,18.65],[85.66,18.65],[84.78,18.96],[83.9,19.26],[83.26,19.58],[82.5,19.66],[81.64,19.44],[80.78,19.23],[79.93,19],[79.01,18.87],[78.09,18.73],[77.17,18.58],[76.15,18.7],[75.12,18.82],[74.09,18.94],[73.06,19.05],[72.17,19.39],[71.27,19.73],[70.36,20.06],[69.45,20.39],[68.54,20.71],[67.98,21.2],[67.42,21.68],[66.85,22.16],[66.02,22.49],[65.18,22.82],[64.35,23.14],[63.5,23.46],[62.66,23.77],[61.76,24.14],[60.85,24.51],[59.94,24.86],[59.15,25.1],[58.36,25.34],[58.36,25.34],[58.37,25.35],[58.37,25.35],[57.43,25.25],[56.48,25.14],[55.54,25.02],[54.79,24.93],[54.05,24.83],[54.05,24.83],[53.06,25.03],[52.07,25.22],[51.07,25.41],[50.07,25.59],[49.32,25.84],[48.55,26.09],[47.79,26.33],[47.05,26.68],[46.31,27.03],[45.57,27.38],[45.11,27.68],[44.64,27.99],[44.01,28.36],[43.37,28.73],[42.68,29.18],[41.98,29.62],[41.05,30.11],[40.11,30.59],[39.4,31.04],[38.68,31.48],[37.96,31.92],[37.37,32.42],[36.78,32.92],[36.17,33.42],[35.77,33.9],[35.35,34.37],[34.41,34.98],[33.43,34.73],[33.43,34.73],[33.77,35.55],[34.43,36.37],[34.96,37.24],[35.25,37.71],[35.55,38.19],[35.55,38.19],[34.74,38.25],[33.93,38.31],[33.08,38.39],[32.23,38.46],[31.2,38.83],[30.17,39.2],[29,39.6],[28.34,39.65],[27.68,39.69],[26.95,39.73],[26.21,39.77],[25.5,39.8],[24.8,39.83],[23.51,39.87],[23.51,39.87],[23.49,39.86],[22.33,39.79],[21.16,39.71],[20,39.62],[19.07,39.61],[18.27,39.63],[17.48,39.64],[16.42,39.62],[15.6,39.69],[15.02,39.88],[14.55,40.08],[14.26,40.28],[14.31,40.7],[14.71,41.1],[14.17,41.09],[13.64,41.07],[13.24,41.06],[12.74,41.05],[12.31,41.03],[11.72,41.01],[11.72,41.01],[11.62,41.12],[11.3,41.38],[10.95,41.51],[10.61,41.53],[10.28,41.6],[9.95,41.63],[9.58,41.67],[9.06,41.72],[7.98,41.76],[7.17,41.69],[6.49,41.6],[5.45,41.42],[4.83,41.29],[4.27,41.15],[3.69,40.97],[3.07,40.74],[2.46,40.49],[1.93,40.17],[1.31,39.77],[0.59,39.3],[0.18,38.9],[0.02,38.64],[0,38.53],[0,38.53],[-0.66,38.85],[-0.66,38.85],[-1.06,38.79],[-1.74,38.69],[-2.59,38.57],[-3.44,38.44],[-4.18,38.37],[-4.92,38.3],[-6.04,38.36],[-7.17,38.41],[-7.94,38.18],[-7.94,38.18],[-8.16,38.81],[-8.41,39.15],[-8.7,39.47],[-8.92,39.85],[-9.14,40.18],[-9.68,40.62],[-10.24,41.08],[-10.87,41.31],[-11.16,41.53],[-11.72,41.83],[-12.25,41.98],[-12.66,42.1],[-13.14,42.18],[-13.18,42.19],[-13.18,42.19],[-13.24,42.03],[-13.39,41.66],[-13.54,41.36],[-13.63,41.13],[-13.63,41.13],[-14.52,41.51],[-15.41,41.89],[-16.46,42.21],[-17.52,42.51],[-18.59,42.81],[-19.14,43.33],[-19.7,43.85],[-20.11,44.38],[-20.57,44.97],[-20.97,45.46],[-21.43,45.98],[-21.89,46.41],[-22.67,46.85],[-23.25,46.83],[-24.04,46.69],[-24.56,46.56],[-25.57,46.38],[-26.56,46.19],[-27.48,46.17],[-28.4,46.15],[-29.21,46.23]]]}},{"type":"Feature","properties":{"ma":55,"type":"gpml:TopologicalClosedPlateBoundary","name":"Greenland","pid":102,"deforming":false},"geometry":{"type":"Polygon","coordinates":[[[-29.84,49.84],[-30.81,49.94],[-31.78,50.03],[-32.77,50.72],[-33.39,50.86],[-34.65,50.97],[-35.27,51.56],[-35.89,52.31],[-36.39,52.92],[-37.16,53.69],[-37.64,54.2],[-38.62,54.77],[-39.24,55.15],[-40.28,55.7],[-40.43,55.91],[-40.43,55.91],[-40.35,55.94],[-40,56.81],[-39.31,57.52],[-38.92,58.25],[-38.16,58.74],[-38.11,58.77],[-38.11,58.77],[-38.81,59.01],[-38.14,59.52],[-37.46,60.02],[-36.14,60.74],[-35.64,61.63],[-35.64,62.24],[-35.18,62.98],[-35.52,63.59],[-35.85,64.25],[-35.81,64.93],[-36.17,65.71],[-35.61,66.67],[-36.77,67.24],[-37.16,68.03],[-38.09,68.64],[-39.3,69.43],[-39.47,69.94],[-39.65,70.45],[-39.68,70.63],[-39.68,70.63],[-39.5,70.62],[-38.82,70.6],[-38.34,70.58],[-37.88,70.56],[-37.35,70.54],[-36.96,70.8],[-36.59,71.05],[-36.27,71.26],[-35.44,71.3],[-34.32,71.34],[-33.73,71.53],[-32.98,71.76],[-31.84,71.77],[-30.43,71.76],[-29.74,71.67],[-28.86,71.54],[-28.3,71.52],[-27.02,71.73],[-25.28,72.1],[-23.46,72.45],[-21.51,72.73],[-20.26,72.85],[-18.46,73.01],[-16.97,73.12],[-15.52,73.18],[-15.52,73.18],[-13.68,73.02],[-11.87,72.83],[-9.79,72.43],[-7.8,72],[-5.9,71.56],[-4.46,71.1],[-3.09,70.62],[-1.87,69.94],[-0.72,69.26],[-0.72,69.26],[0.78,69.53],[2.32,69.78],[2.32,69.78],[2.52,69.68],[3.45,68.88],[4.32,68.08],[5.13,67.27],[5.14,67.22],[5.14,67.22],[4.11,66.42],[3.14,65.62],[2.61,65.16],[1.68,64.95],[1.18,64.69],[0.44,64.52],[-0.2,64.45],[-0.93,64.3],[-1.35,64.18],[-1.66,64.04],[-1.95,63.93],[-2.35,63.79],[-2.96,63.6],[-3.33,63.46],[-3.7,63.33],[-4.15,63.24],[-4.78,63.12],[-5.2,63.08],[-5.71,62.96],[-6.01,62.82],[-6.42,62.66],[-6.79,62.47],[-7.28,62.13],[-7.67,61.81],[-8.09,61.25],[-8.09,61.25],[-8.13,61.13],[-8.07,60.9],[-7.48,60.43],[-6.94,60.1],[-6.94,60.1],[-7.15,59.91],[-7.45,59.61],[-8.3,59],[-9.12,58.38],[-9.99,58.15],[-10.85,57.92],[-12.54,57.64],[-13.38,57.67],[-13.38,57.67],[-14.04,57.5],[-14.52,57.42],[-14.96,57.33],[-15.49,57.2],[-15.9,57.05],[-16.35,56.88],[-16.8,56.45],[-17.55,56.26],[-18.26,56.08],[-18.66,55.9],[-19.22,55.73],[-19.67,55.53],[-20.04,55.4],[-20.14,55.06],[-20.55,54.77],[-20.95,54.53],[-21.37,54.22],[-21.77,53.9],[-22.39,53.66],[-22.93,53.58],[-23.21,53.52],[-23.5,53.24],[-23.77,53.12],[-24.24,52.79],[-24.58,52.56],[-24.86,52.42],[-25.38,51.93],[-25.8,51.52],[-26.14,51.08],[-26.71,50.57],[-26.91,50.63],[-27.65,50.02],[-28.84,49.75],[-29.84,49.84]]]}},{"type":"Feature","properties":{"ma":55,"type":"gpml:TopologicalClosedPlateBoundary","name":"India","pid":501,"deforming":false},"geometry":{"type":"Polygon","coordinates":[[[43.53,-6.82],[43.91,-6.11],[44.3,-5.4],[44.67,-4.69],[45.05,-3.98],[45.48,-3.21],[45.91,-2.44],[46.33,-1.68],[46.76,-0.91],[47.18,-0.14],[47.61,0.63],[47.99,1.43],[48.38,2.23],[48.77,3.03],[49.15,3.83],[49.54,4.63],[49.93,5.44],[50.28,6.25],[50.64,7.07],[50.99,7.89],[51.35,8.71],[51.71,9.53],[52.07,10.34],[52.45,11.19],[52.84,12.04],[53.22,12.89],[53.61,13.74],[54,14.59],[54.39,15.43],[54.42,15.51],[54.42,15.51],[54.97,15.12],[55.84,14.75],[56.7,14.38],[57.55,14.01],[58.38,13.67],[59.21,13.34],[60.04,13],[60.9,12.74],[61.77,12.47],[62.63,12.2],[63.6,11.97],[64.56,11.74],[65.53,11.51],[66.49,11.28],[67.49,11.1],[68.49,10.91],[69.48,10.72],[70.48,10.53],[71.44,10.54],[72.4,10.54],[73.36,10.54],[74.32,10.54],[75.28,10.53],[76.25,10.52],[77.16,10.61],[78.07,10.7],[78.98,10.78],[79.89,10.87],[80.81,10.95],[81.61,11.14],[82.42,11.33],[83.22,11.52],[83.8,11.73],[84.39,11.93],[84.39,11.93],[84.58,12.77],[84.58,12.77],[85.03,12.17],[85.48,11.57],[85.93,10.97],[86.61,10.42],[87.28,9.87],[87.95,9.31],[88.62,8.76],[89.43,8.3],[90.25,7.85],[91.06,7.39],[91.81,7.06],[92.57,6.72],[93.32,6.39],[94.09,5.9],[94.85,5.42],[95.62,4.94],[96.39,4.45],[97.19,4.03],[97.99,3.61],[98.79,3.19],[99.59,2.77],[100.12,2.45],[100.65,2.13],[100.65,2.13],[100.54,1.3],[100.43,0.47],[100.31,-0.36],[100.2,-1.18],[100.09,-2.01],[99.96,-2.86],[99.84,-3.72],[99.71,-4.57],[99.58,-5.42],[99.58,-5.42],[98.64,-5.74],[97.69,-6.06],[96.75,-6.38],[95.94,-6.34],[95.13,-6.3],[94.92,-7],[94.72,-7.7],[94.51,-8.39],[93.97,-8.31],[93.43,-8.23],[93.22,-9.19],[93,-10.16],[92.78,-11.12],[92.57,-12.09],[92.35,-13.05],[92.15,-13.99],[91.94,-14.94],[91.74,-15.88],[91.54,-16.82],[91.54,-16.82],[90.71,-16.68],[89.88,-16.53],[89.05,-16.37],[88.85,-17.3],[88.64,-18.23],[88.43,-19.16],[88.22,-20.09],[88.03,-20.96],[87.84,-21.82],[87.65,-22.69],[87.45,-23.56],[86.53,-23.42],[85.61,-23.27],[84.69,-23.12],[83.78,-22.96],[82.86,-22.8],[82.54,-23.71],[82.2,-24.61],[81.86,-25.52],[81.52,-26.43],[81.17,-27.34],[80.81,-28.24],[80.1,-28.05],[79.38,-27.86],[79.14,-28.45],[78.89,-29.04],[78.46,-28.91],[78.33,-29.23],[77.44,-29.06],[76.55,-28.89],[75.67,-28.71],[75.3,-29.6],[74.92,-30.49],[74.92,-30.51],[74.63,-31.39],[73.85,-31.22],[73.07,-31.04],[72.75,-31.88],[72.43,-32.72],[72.1,-33.57],[71.76,-34.41],[71.42,-35.24],[71.07,-36.08],[70.71,-36.92],[69.98,-36.81],[69.26,-36.7],[68.86,-37.64],[68.45,-38.58],[68.03,-39.51],[67.59,-40.45],[67.19,-41.37],[66.77,-42.3],[66.34,-43.22],[65.9,-44.14],[65.04,-43.93],[64.18,-43.72],[63.19,-43.45],[62.71,-44.18],[62.23,-44.91],[61.73,-45.64],[61.22,-46.37],[60.7,-47.09],[60.7,-47.09],[59.44,-46.79],[58.19,-46.48],[56.96,-46.16],[57.45,-45.34],[57.93,-44.52],[56.85,-44.13],[55.79,-43.73],[54.74,-43.33],[53.71,-42.91],[52.69,-42.48],[51.68,-42.05],[52.26,-41.24],[52.83,-40.42],[51.88,-39.95],[50.94,-39.46],[50.01,-38.97],[49.1,-38.47],[49.1,-38.47],[49.3,-38.3],[49.3,-38.3],[48.49,-37.86],[47.69,-37.41],[46.91,-36.96],[46.13,-36.5],[46.56,-36.01],[47,-35.51],[46.35,-35.02],[45.72,-34.54],[46.41,-33.74],[47.08,-32.95],[47.74,-32.15],[48.39,-31.34],[49.03,-30.54],[49.66,-29.73],[50.28,-28.92],[50.67,-28.3],[51.16,-27.51],[51.16,-27.51],[50.35,-26.96],[49.54,-26.4],[50.04,-25.7],[50.53,-24.99],[51.02,-24.29],[51.5,-23.58],[51.98,-22.87],[52.45,-22.16],[51.86,-21.57],[51.27,-20.98],[51.74,-20.23],[52.21,-19.48],[51.65,-19.1],[51.09,-18.72],[51.32,-18.22],[51.55,-17.73],[50.92,-17.24],[51.29,-16.55],[51.66,-15.85],[51,-15.41],[50.34,-14.98],[50.81,-14.09],[51.27,-13.2],[50.65,-12.79],[50.02,-12.37],[50.32,-11.85],[50.62,-11.33],[49.97,-11.04],[49.32,-10.74],[49.64,-10.08],[49.95,-9.43],[49.18,-9.12],[48.41,-8.8],[47.64,-8.49],[47.55,-8.67],[46.74,-8.3],[45.94,-7.93],[45.14,-7.56],[44.33,-7.19],[43.53,-6.82]]]}},{"type":"Feature","properties":{"ma":55,"type":"gpml:TopologicalClosedPlateBoundary","name":"Kamchatka","pid":406,"deforming":false},"geometry":{"type":"Polygon","coordinates":[[[134.5,62.77],[135.85,63.54],[137.28,64.29],[138.38,64.89],[138.38,64.89],[139.32,64.63],[139.32,64.63],[138.64,64.08],[137.93,63.47],[137.93,63.47],[137.82,63.36],[139.02,63.36],[140.22,63.36],[140.22,63.36],[142.27,63.28],[144.31,63.17],[145.84,63.22],[147.37,63.26],[148.91,63.28],[150.43,63.56],[151.97,63.81],[153.29,63.97],[154.62,64.11],[156.42,64.38],[156.42,64.38],[158.54,64.04],[160.62,63.67],[160.62,63.67],[160.24,63.49],[160.21,63.48],[160.21,63.48],[158.13,63.38],[156.08,63.24],[154.04,63.08],[152.03,62.88],[150.47,62.73],[148.93,62.56],[147.19,62.46],[145.46,62.33],[143.75,62.19],[142.65,62.09],[141.56,61.97],[140.49,61.92],[139.42,61.86],[137.43,61.89],[135.43,61.89],[135.43,61.89],[134.5,62.77]]]}},{"type":"Feature","properties":{"ma":55,"type":"gpml:TopologicalClosedPlateBoundary","name":"NE Siberia","pid":409,"deforming":false},"geometry":{"type":"MultiPolygon","coordinates":[[[[180,76.27],[180,75.27],[180,74.28],[180,73.28],[180,72.28],[180,71.29],[180,70.29],[180,69.29],[180,68.3],[180,67.3],[180,66.3],[180,65.31],[179.03,65.4],[177.07,65.84],[175.04,66.26],[173.44,66.5],[171.81,66.73],[170.15,66.94],[168.65,66.58],[167.18,66.21],[165.76,65.82],[164.83,65.47],[163.92,65.11],[163.92,65.11],[162.96,65.46],[161.99,65.79],[161.57,66.59],[161.13,67.4],[161.23,67.71],[161.23,67.71],[159.98,68.18],[158.68,68.65],[156.32,68.95],[153.91,69.23],[151.43,69.46],[148.9,69.67],[147.52,70.22],[146.05,70.77],[144.51,71.31],[144.44,71.99],[144.36,72.67],[144.29,73.36],[146.04,73.95],[147.93,74.53],[149.95,75.08],[152.13,75.62],[152.49,76.3],[152.88,76.98],[153.32,77.66],[153.32,77.66],[151.04,77.46],[146.7,77.6],[142.29,77.67],[137.86,77.66],[133.46,77.58],[129.13,77.44],[124.93,77.22],[123.87,76.99],[123.11,77],[119.89,77.42],[116.46,77.81],[112.73,78.15],[108.08,78.39],[106.98,78.33],[106.98,78.33],[104.78,78.43],[103.08,78.9],[103.08,78.9],[105.97,78.81],[110.73,79.07],[115.68,79.25],[120.84,79.2],[125.92,79.06],[130.84,78.85],[135.54,78.55],[139.6,78.5],[143.61,78.39],[147.52,78.23],[151.32,78.02],[155.58,78.07],[159.86,78.06],[164.11,77.99],[168.29,77.86],[172.31,77.72],[176.22,77.52],[180,77.27],[180,76.27]]],[[[-180,66.3],[-180,67.3],[-180,68.3],[-180,69.29],[-180,70.29],[-180,71.29],[-180,72.28],[-180,73.28],[-180,74.28],[-180,75.27],[-180,76.27],[-180,77.27],[-176.88,77.01],[-174.3,76.68],[-171.84,76.34],[-169.51,75.96],[-166.82,75.44],[-164.31,74.89],[-161.98,74.31],[-159.81,73.71],[-159.34,72.79],[-158.92,71.87],[-158.54,70.94],[-158.19,70.02],[-157.88,69.09],[-158.38,68.21],[-158.85,67.32],[-159.28,66.44],[-159.68,65.55],[-159.94,64.89],[-160.18,64.22],[-160.18,64.22],[-161.77,64.12],[-163.35,64.01],[-164.91,63.87],[-166.68,64],[-168.46,64.1],[-170.26,64.19],[-172.06,64.25],[-173.99,64.55],[-175.95,64.83],[-177.96,65.08],[-180,65.31],[-180,66.3]]]]}},{"type":"Feature","properties":{"ma":55,"type":"gpml:TopologicalClosedPlateBoundary","name":"West Antarctica","pid":804,"deforming":false},"geometry":{"type":"MultiPolygon","coordinates":[[[[180,-71.38],[180,-72.33],[180,-73.28],[180,-74.23],[180,-75.18],[176.85,-74.9],[174.29,-74.69],[174.29,-74.69],[175.78,-74.13],[177.18,-73.56],[178.48,-72.98],[178.86,-72.38],[179.22,-71.77],[179.32,-71.19],[179.41,-70.6],[179.56,-69.84],[179.89,-70.44],[180,-70.44],[180,-71.38]]],[[[-180,-74.23],[-180,-73.28],[-180,-72.33],[-180,-71.38],[-180,-70.44],[-178.37,-70.44],[-178.34,-70.57],[-175.42,-70.41],[-172.55,-70.22],[-172.98,-69.67],[-171.19,-69.5],[-169.43,-69.32],[-169.05,-69.82],[-167.55,-69.65],[-166.08,-69.48],[-166.47,-69.11],[-164.4,-68.79],[-162.4,-68.44],[-160.45,-68.07],[-160,-68.44],[-158.34,-68.14],[-156.73,-67.83],[-155.17,-67.5],[-154.29,-67.97],[-153.52,-68.35],[-153.52,-68.35],[-151.61,-67.94],[-149.77,-67.51],[-148.28,-67.11],[-146.84,-66.69],[-145.45,-66.26],[-146.46,-65.7],[-145.36,-65.3],[-144.29,-64.9],[-143.46,-65.3],[-141.92,-64.66],[-140.45,-64],[-139.07,-63.36],[-137.76,-62.7],[-136.51,-62.04],[-135.3,-61.36],[-133.85,-61.91],[-132.35,-62.44],[-130.79,-62.96],[-129.67,-62.3],[-128.6,-61.63],[-127.57,-60.96],[-126.59,-60.27],[-125.65,-59.58],[-124.74,-58.88],[-123.38,-59.34],[-121.98,-59.78],[-120.55,-60.2],[-119.08,-60.61],[-117.57,-61.01],[-116.76,-60.3],[-115.98,-59.58],[-114.54,-59.96],[-113.07,-60.33],[-111.56,-60.68],[-110.03,-61.01],[-109.1,-60.16],[-108.22,-59.31],[-107.38,-58.45],[-106.58,-57.59],[-105.02,-58.01],[-103.42,-58.41],[-101.78,-58.8],[-100.11,-59.16],[-98.4,-59.5],[-96.66,-59.82],[-94.89,-60.11],[-93.66,-60.33],[-93.66,-60.33],[-93.76,-60.4],[-94.75,-61.14],[-95.79,-61.88],[-96.88,-62.6],[-98.02,-63.32],[-96.33,-63.81],[-94.57,-64.28],[-95.77,-64.93],[-97.03,-65.57],[-98.35,-66.2],[-99.74,-66.82],[-101.2,-67.43],[-99.91,-68.17],[-98.54,-68.9],[-97.08,-69.61],[-95.51,-70.32],[-95.51,-70.32],[-96.75,-70.46],[-99.2,-70.72],[-102.2,-70.86],[-102.2,-70.86],[-103.37,-70.56],[-103.37,-70.56],[-104.1,-70.59],[-106.96,-70.51],[-108.5,-70.48],[-110.89,-70.47],[-113.05,-70.71],[-115.25,-70.93],[-116.46,-70.96],[-119.1,-70.86],[-120.5,-70.8],[-122.8,-70.87],[-124.95,-71.02],[-126.66,-71.2],[-128.48,-71.3],[-130.32,-71.37],[-131.3,-71.31],[-132.04,-71.44],[-134.4,-71.7],[-135.94,-71.83],[-137.67,-71.82],[-139.94,-71.62],[-141.64,-71.94],[-143.4,-72.24],[-145.13,-72.32],[-146.87,-72.38],[-149.32,-72.74],[-151.86,-73.07],[-154.18,-73.43],[-156.6,-73.76],[-158.11,-74.26],[-160.65,-74.59],[-163.29,-74.89],[-165.27,-75.24],[-167.36,-75.58],[-169.37,-75.76],[-173,-75.62],[-176.55,-75.42],[-180,-75.18],[-180,-74.23]]]]}},{"type":"Feature","properties":{"ma":55,"type":"gpml:TopologicalClosedPlateBoundary","name":"Pacific","pid":901,"deforming":false},"geometry":{"type":"MultiPolygon","coordinates":[[[[180,-63.87],[180,-64.81],[180,-65.75],[180,-66.69],[180,-67.62],[180,-68.56],[180,-69.5],[180,-70.44],[179.89,-70.44],[179.56,-69.84],[179.56,-69.84],[179.7,-69.03],[179.73,-68.31],[179.76,-67.58],[179.78,-66.85],[179.78,-66.85],[179.61,-66.83],[177.57,-66.6],[176.36,-66.5],[176.36,-66.5],[177.07,-65.85],[177.74,-65.19],[178.55,-64.43],[179.32,-63.65],[180,-62.94],[180,-63.87]]],[[[180,64.31],[180,63.31],[180,62.31],[180,61.31],[180,60.31],[180,59.31],[180,58.31],[180,57.31],[180,56.32],[180,55.32],[180,54.32],[180,53.32],[180,52.32],[180,51.32],[180,50.32],[180,49.32],[180,48.32],[180,47.33],[180,46.33],[180,45.33],[180,44.33],[180,43.33],[180,42.33],[180,41.33],[180,40.33],[180,39.33],[180,38.34],[180,37.34],[180,36.34],[180,35.34],[180,34.34],[180,33.34],[180,32.34],[180,31.34],[180,30.34],[180,29.35],[180,28.35],[180,27.35],[180,26.35],[180,25.35],[180,24.35],[180,23.35],[180,22.35],[180,21.35],[180,20.36],[180,19.36],[180,18.36],[180,17.36],[180,16.36],[180,15.36],[180,14.36],[180,13.36],[180,12.36],[180,11.37],[180,10.37],[180,9.37],[180,8.37],[180,7.37],[180,6.37],[180,5.37],[180,4.37],[180,3.37],[180,2.38],[180,1.38],[180,0.38],[180,-0.62],[180,-1.62],[180,-2.62],[180,-3.62],[180,-4.62],[180,-5.62],[180,-6.61],[180,-7.61],[180,-8.61],[180,-9.61],[180,-10.61],[180,-11.61],[180,-12.61],[180,-13.61],[180,-14.61],[180,-15.6],[180,-16.6],[180,-17.6],[180,-18.6],[180,-19.6],[180,-20.6],[180,-21.6],[180,-22.6],[180,-23.6],[180,-24.59],[180,-25.59],[180,-26.59],[180,-27.59],[180,-28.59],[180,-29.59],[180,-30.59],[180,-31.59],[180,-32.59],[180,-33.58],[180,-34.58],[180,-35.58],[180,-36.58],[180,-37.58],[180,-38.58],[180,-39.58],[180,-40.58],[180,-41.58],[180,-42.57],[180,-43.57],[180,-44.57],[180,-45.57],[180,-46.57],[180,-47.57],[179.16,-47.4],[177.8,-47.42],[176.98,-47.3],[176.16,-47.17],[175.04,-47.15],[174.19,-46.99],[173.4,-46.74],[172.54,-46.13],[172.05,-45.51],[171.57,-44.89],[171.19,-44.41],[170.82,-43.93],[170.58,-43.44],[170.58,-43.44],[170.07,-42.92],[169.54,-42.2],[169.02,-41.47],[168.99,-41.4],[168.92,-41.27],[168.67,-40.88],[168.19,-40.29],[167.71,-39.7],[167.24,-39.11],[166.51,-38.66],[165.79,-38.2],[164.93,-37.78],[164.08,-37.35],[163.18,-36.78],[162.29,-36.21],[161.48,-35.63],[160.69,-35.05],[160.45,-34.5],[160.31,-34.07],[160.27,-33.79],[160.27,-33.79],[160.81,-33.63],[161.34,-33.24],[162.01,-32.92],[162.54,-32.67],[163,-32.55],[163.79,-32.3],[164.38,-31.98],[164.98,-31.66],[165.72,-31.21],[165.97,-31.1],[165.97,-31.1],[165.77,-31],[165.16,-30.56],[164.74,-30.34],[164.31,-30.07],[163.76,-29.7],[163.19,-29.43],[162.42,-28.98],[162.01,-28.65],[161.44,-28.12],[161.01,-27.66],[160.6,-27.02],[160.26,-26.58],[160.13,-26.29],[160.11,-26.26],[160.11,-26.26],[159.92,-26.17],[159.55,-26.07],[159.09,-25.92],[158.68,-25.53],[158.11,-25.31],[157.6,-25.06],[157.6,-25.06],[157.08,-24.52],[156.57,-23.97],[155.9,-23.68],[155.31,-23.57],[154.73,-23.46],[154.2,-23.02],[153.58,-22.86],[152.97,-22.7],[152.22,-22.34],[151.48,-21.98],[150.69,-21.91],[149.9,-21.84],[149.33,-21.63],[148.77,-21.41],[148.36,-20.99],[147.96,-20.56],[147.54,-20.04],[147.13,-19.52],[146.55,-19.08],[145.97,-18.64],[145.39,-18.2],[144.85,-17.8],[144.31,-17.39],[144.31,-17.39],[144.45,-16.5],[144.58,-15.61],[144.72,-14.72],[144.85,-13.83],[144.99,-12.94],[145.12,-12.06],[145.25,-11.17],[145.38,-10.28],[145.4,-9.35],[145.41,-8.43],[145.43,-7.5],[145.45,-6.57],[145.47,-5.65],[145.49,-4.72],[145.5,-3.8],[145.52,-2.87],[145.54,-1.94],[145.56,-1.02],[145.35,-0.08],[145.15,0.85],[144.94,1.78],[144.74,2.72],[144.53,3.65],[144.32,4.59],[144.12,5.52],[143.91,6.45],[143.34,7.26],[142.76,8.06],[142.19,8.86],[141.61,9.66],[141.03,10.46],[140.45,11.26],[139.86,12.05],[139.27,12.85],[138.54,13.53],[137.81,14.21],[137.07,14.89],[136.33,15.57],[135.59,16.15],[134.84,16.73],[134.08,17.31],[133.32,17.89],[132.56,18.46],[131.79,19.03],[131.01,19.59],[130.15,20.16],[129.28,20.71],[128.4,21.26],[127.52,21.81],[126.63,22.35],[125.79,22.78],[124.94,23.21],[124.09,23.64],[123.24,24.06],[122.38,24.47],[121.91,24.62],[121.91,24.62],[121.74,25.6],[121.58,26.59],[121.4,27.57],[121.23,28.55],[121,29.37],[120.76,30.18],[120.76,30.18],[121.31,30.88],[121.7,31.56],[122.09,32.24],[122.48,32.92],[122.83,33.61],[122.83,33.61],[123.44,34.19],[124,34.83],[124.56,35.47],[125.13,36.1],[125.65,36.68],[126.18,37.26],[126.69,37.86],[127.2,38.45],[127.73,39.04],[128.43,39.85],[129.17,40.53],[129.53,40.98],[129.9,41.42],[130.48,42.08],[131.06,42.74],[131.59,43.43],[132.13,44.11],[132.62,44.79],[133.13,45.47],[133.79,46.33],[134.48,47.19],[134.86,47.73],[135.26,48.26],[135.71,48.98],[136.17,49.7],[136.7,50.52],[137.26,51.34],[137.77,52.13],[138.3,52.93],[138.7,53.64],[139.12,54.35],[139.47,55.19],[139.83,56.02],[140.21,56.86],[140.6,57.69],[140.97,58.54],[141.36,59.4],[141.77,60.25],[142.21,61.1],[142.62,62.08],[143.75,62.19],[145.46,62.33],[147.19,62.46],[148.93,62.56],[150.47,62.73],[152.03,62.88],[154.04,63.08],[156.08,63.24],[158.13,63.38],[160.21,63.48],[160.21,63.48],[160.24,63.49],[161.53,64.09],[162.88,64.68],[164.29,65.26],[165.76,65.82],[167.18,66.21],[168.65,66.58],[170.15,66.94],[171.81,66.73],[173.44,66.5],[175.04,66.26],[177.07,65.84],[179.03,65.4],[180,65.31],[180,64.31]]],[[[-180,-46.57],[-180,-45.57],[-180,-44.57],[-180,-43.57],[-180,-42.57],[-180,-41.58],[-180,-40.58],[-180,-39.58],[-180,-38.58],[-180,-37.58],[-180,-36.58],[-180,-35.58],[-180,-34.58],[-180,-33.58],[-180,-32.59],[-180,-31.59],[-180,-30.59],[-180,-29.59],[-180,-28.59],[-180,-27.59],[-180,-26.59],[-180,-25.59],[-180,-24.59],[-180,-23.6],[-180,-22.6],[-180,-21.6],[-180,-20.6],[-180,-19.6],[-180,-18.6],[-180,-17.6],[-180,-16.6],[-180,-15.6],[-180,-14.61],[-180,-13.61],[-180,-12.61],[-180,-11.61],[-180,-10.61],[-180,-9.61],[-180,-8.61],[-180,-7.61],[-180,-6.61],[-180,-5.62],[-180,-4.62],[-180,-3.62],[-180,-2.62],[-180,-1.62],[-180,-0.62],[-180,0.38],[-180,1.38],[-180,2.38],[-180,3.37],[-180,4.37],[-180,5.37],[-180,6.37],[-180,7.37],[-180,8.37],[-180,9.37],[-180,10.37],[-180,11.37],[-180,12.36],[-180,13.36],[-180,14.36],[-180,15.36],[-180,16.36],[-180,17.36],[-180,18.36],[-180,19.36],[-180,20.36],[-180,21.35],[-180,22.35],[-180,23.35],[-180,24.35],[-180,25.35],[-180,26.35],[-180,27.35],[-180,28.35],[-180,29.35],[-180,30.34],[-180,31.34],[-180,32.34],[-180,33.34],[-180,34.34],[-180,35.34],[-180,36.34],[-180,37.34],[-180,38.34],[-180,39.33],[-180,40.33],[-180,41.33],[-180,42.33],[-180,43.33],[-180,44.33],[-180,45.33],[-180,46.33],[-180,47.33],[-180,48.32],[-180,49.32],[-180,50.32],[-180,51.32],[-180,52.32],[-180,53.32],[-180,54.32],[-180,55.32],[-180,56.32],[-180,57.31],[-180,58.31],[-180,59.31],[-180,60.31],[-180,61.31],[-180,62.31],[-180,63.31],[-180,64.31],[-180,65.31],[-177.96,65.08],[-175.95,64.83],[-173.99,64.55],[-172.06,64.25],[-170.44,64.19],[-168.82,64.12],[-168.82,64.12],[-168.24,63.22],[-167.69,62.32],[-167.17,61.42],[-166.68,60.52],[-166.22,59.61],[-165.78,58.7],[-165.36,57.8],[-164.77,56.86],[-164.2,55.92],[-163.65,54.98],[-163.14,54.03],[-162.64,53.09],[-162.17,52.14],[-161.71,51.19],[-161.28,50.24],[-160.73,49.36],[-160.2,48.47],[-159.69,47.59],[-159.2,46.7],[-158.72,45.81],[-158.26,44.91],[-157.81,44.02],[-157.38,43.12],[-156.95,42.23],[-156.58,41.33],[-156.21,40.42],[-155.77,39.62],[-155.34,38.82],[-155.1,38.32],[-154.85,37.81],[-154.85,37.81],[-154.09,37.79],[-154.07,37.98],[-153.14,37.96],[-153.11,38.68],[-152.09,38.68],[-151.06,38.66],[-151.04,38.86],[-149.77,38.83],[-148.5,38.8],[-148.49,39.18],[-147.4,39.18],[-146.31,39.17],[-145.22,39.15],[-145.19,39.83],[-145.16,40.51],[-145.13,41.2],[-143.97,41.18],[-142.8,41.16],[-141.64,41.12],[-140.48,41.07],[-139.32,41.01],[-138.17,40.94],[-137.09,40.87],[-136.03,40.79],[-134.96,40.7],[-133.9,40.6],[-132.83,40.49],[-132.55,40.47],[-132.55,40.47],[-132.34,40.03],[-131.93,39.13],[-131.52,38.23],[-131.12,37.32],[-130.73,36.42],[-130.35,35.51],[-129.98,34.61],[-129.65,33.8],[-129.32,33],[-128.99,32.19],[-130.06,31.88],[-131.11,31.56],[-132.16,31.24],[-131.76,30.3],[-131.37,29.37],[-130.99,28.44],[-130.21,28.62],[-129.85,28.05],[-128.81,28.18],[-127.76,28.3],[-126.71,28.41],[-125.66,28.52],[-124.61,28.61],[-123.68,28.69],[-122.75,28.76],[-121.82,28.83],[-120.89,28.88],[-119.96,28.94],[-119.96,28.94],[-119.66,28.02],[-119.36,27.11],[-118.52,27.28],[-117.68,27.45],[-117.49,26.64],[-117.3,25.82],[-117.12,25],[-116.94,24.18],[-117.15,24.11],[-116.92,23.18],[-116.69,22.24],[-116.46,21.3],[-117.39,21.04],[-118.32,20.78],[-119.25,20.51],[-120.18,20.24],[-121.1,19.96],[-122.01,19.68],[-122.93,19.39],[-122.69,18.62],[-122.45,17.84],[-122.22,17.06],[-121.99,16.28],[-121.76,15.5],[-122.07,15.42],[-121.82,14.64],[-121.57,13.86],[-121.32,13.08],[-121.07,12.3],[-120.11,12.54],[-119.15,12.77],[-118.18,13],[-117.22,13.23],[-116.25,13.45],[-115.28,13.67],[-114.31,13.89],[-114.05,12.97],[-113.79,12.05],[-114.05,11.99],[-113.78,11.11],[-113.52,10.23],[-113.25,9.36],[-112.99,8.48],[-112.73,7.6],[-112.47,6.72],[-112.21,5.85],[-113.16,5.57],[-114.11,5.29],[-115.06,5.01],[-116.01,4.73],[-116.96,4.45],[-117.9,4.17],[-117.63,3.28],[-117.36,2.39],[-117.1,1.5],[-117.68,1.32],[-117.42,0.44],[-117.16,-0.45],[-116.9,-1.34],[-116.65,-2.23],[-116.39,-3.11],[-116.13,-4],[-115.87,-4.89],[-115.61,-5.78],[-116.49,-6.06],[-117.37,-6.34],[-118.25,-6.63],[-119.13,-6.91],[-120.01,-7.19],[-119.75,-8.1],[-119.48,-9.01],[-119.2,-9.92],[-118.93,-10.83],[-118.66,-11.74],[-118.38,-12.65],[-118.1,-13.57],[-117.82,-14.48],[-117.54,-15.39],[-117.54,-15.39],[-117.53,-15.38],[-116.64,-15.09],[-115.76,-14.79],[-115.48,-15.66],[-115.19,-16.53],[-114.91,-17.4],[-114.62,-18.27],[-114.33,-19.14],[-114.03,-20.01],[-113.73,-20.88],[-113.43,-21.74],[-113.13,-22.61],[-114.02,-22.92],[-114.91,-23.22],[-115.81,-23.52],[-116.71,-23.81],[-117.62,-24.1],[-117.39,-24.93],[-117.16,-25.75],[-116.93,-26.58],[-117.79,-26.81],[-118.66,-27.04],[-118.27,-27.95],[-117.88,-28.85],[-117.48,-29.76],[-117.07,-30.67],[-116.66,-31.57],[-116.24,-32.48],[-115.81,-33.38],[-116.71,-33.69],[-117.61,-34],[-118.52,-34.31],[-118.1,-35.24],[-117.66,-36.17],[-117.22,-37.1],[-116.76,-38.02],[-116.29,-38.95],[-115.81,-39.87],[-115.32,-40.79],[-114.81,-41.71],[-114.28,-42.63],[-113.75,-43.54],[-113.19,-44.46],[-112.62,-45.36],[-112.03,-46.27],[-111.42,-47.17],[-110.78,-48.07],[-110.13,-48.97],[-109.45,-49.86],[-108.75,-50.75],[-108.02,-51.63],[-106.88,-51.32],[-105.77,-51],[-105.21,-51.68],[-104.63,-52.36],[-104.03,-53.03],[-103.41,-53.7],[-103.41,-53.7],[-102.28,-54.25],[-101.12,-54.79],[-99.93,-55.32],[-98.77,-55.82],[-97.58,-56.32],[-96.36,-56.8],[-95.11,-57.27],[-93.83,-57.73],[-92.81,-57.95],[-92.81,-57.95],[-92.85,-58],[-93.25,-58.75],[-93.67,-59.5],[-94.11,-60.25],[-94.11,-60.25],[-94.89,-60.11],[-96.66,-59.82],[-98.4,-59.5],[-100.11,-59.16],[-101.78,-58.8],[-103.42,-58.41],[-105.02,-58.01],[-106.58,-57.59],[-107.38,-58.45],[-108.22,-59.31],[-109.1,-60.16],[-110.03,-61.01],[-111.56,-60.68],[-113.07,-60.33],[-114.54,-59.96],[-115.98,-59.58],[-116.76,-60.3],[-117.57,-61.01],[-119.08,-60.61],[-120.55,-60.2],[-121.98,-59.78],[-123.38,-59.34],[-124.74,-58.88],[-125.65,-59.58],[-126.59,-60.27],[-127.57,-60.96],[-128.6,-61.63],[-129.67,-62.3],[-130.79,-62.96],[-132.35,-62.44],[-133.85,-61.91],[-135.3,-61.36],[-136.51,-62.04],[-137.76,-62.7],[-139.07,-63.36],[-140.45,-64],[-141.92,-64.66],[-143.46,-65.3],[-144.29,-64.9],[-145.36,-65.3],[-146.46,-65.7],[-145.45,-66.26],[-146.84,-66.69],[-148.28,-67.11],[-149.77,-67.51],[-151.61,-67.94],[-153.52,-68.35],[-153.52,-68.35],[-154.29,-67.97],[-155.17,-67.5],[-156.73,-67.83],[-158.34,-68.14],[-160,-68.44],[-160.45,-68.07],[-162.4,-68.44],[-164.4,-68.79],[-166.47,-69.11],[-166.08,-69.48],[-167.55,-69.65],[-169.05,-69.82],[-169.43,-69.32],[-171.19,-69.5],[-172.98,-69.67],[-172.55,-70.22],[-175.42,-70.41],[-178.34,-70.57],[-178.37,-70.44],[-180,-70.44],[-180,-69.5],[-180,-68.56],[-180,-67.62],[-180,-66.69],[-180,-65.75],[-180,-64.81],[-180,-63.87],[-180,-62.94],[-179.31,-62.17],[-179.18,-61.29],[-179.05,-60.32],[-178.54,-59.66],[-177.99,-58.9],[-177.21,-58.26],[-176.46,-57.61],[-175.24,-56.91],[-174.07,-56.2],[-173.13,-55.65],[-172.23,-55.09],[-171.34,-54.53],[-170.71,-53.89],[-170.9,-52.93],[-171.09,-51.96],[-171.27,-50.99],[-171.44,-50.02],[-171.55,-49.88],[-171.55,-49.88],[-172.84,-49.56],[-174.11,-49.22],[-175.27,-48.94],[-176.41,-48.64],[-177.55,-48.24],[-178.67,-47.82],[-180,-47.57],[-180,-46.57]]]]}},{"type":"Feature","properties":{"ma":55,"type":"gpml:TopologicalClosedPlateBoundary","name":"Kohistan-Ladakh back-arc","pid":529,"deforming":false},"geometry":{"type":"Polygon","coordinates":[[[54.42,15.51],[54.76,16.34],[55.11,17.16],[55.45,17.98],[55.85,18.91],[56.24,19.83],[56.65,20.76],[56.99,21.68],[57.33,22.61],[57.68,23.53],[58.04,24.45],[58.36,25.34],[58.36,25.34],[59.15,25.1],[59.94,24.86],[60.85,24.51],[61.76,24.14],[62.66,23.77],[63.5,23.46],[64.35,23.14],[65.18,22.82],[66.02,22.49],[66.85,22.16],[67.42,21.68],[67.98,21.2],[68.54,20.71],[69.45,20.39],[70.36,20.06],[71.27,19.73],[72.17,19.39],[73.06,19.05],[74.09,18.94],[75.12,18.82],[76.15,18.7],[77.17,18.58],[78.09,18.73],[79.01,18.87],[79.93,19],[80.78,19.23],[81.64,19.44],[82.5,19.66],[83.26,19.58],[83.9,19.26],[84.78,18.96],[85.66,18.65],[85.66,18.65],[85.35,17.76],[85.21,16.85],[85.08,15.94],[84.95,15.03],[84.81,14.12],[84.68,13.22],[84.53,12.57],[84.39,11.93],[84.39,11.93],[83.8,11.73],[83.22,11.52],[82.42,11.33],[81.61,11.14],[80.81,10.95],[79.89,10.87],[78.98,10.78],[78.07,10.7],[77.16,10.61],[76.25,10.52],[75.28,10.53],[74.32,10.54],[73.36,10.54],[72.4,10.54],[71.44,10.54],[70.48,10.53],[69.48,10.72],[68.49,10.91],[67.49,11.1],[66.49,11.28],[65.53,11.51],[64.56,11.74],[63.6,11.97],[62.63,12.2],[61.77,12.47],[60.9,12.74],[60.04,13],[59.21,13.34],[58.38,13.67],[57.55,14.01],[56.7,14.38],[55.84,14.75],[54.97,15.12],[54.42,15.51]]]}},{"type":"Feature","properties":{"ma":55,"type":"gpml:TopologicalClosedPlateBoundary","name":"Proto South China Sea","pid":738,"deforming":false},"geometry":{"type":"Polygon","coordinates":[[[114.47,18.57],[115.36,19.06],[116.25,19.54],[116.29,20.23],[116.32,20.92],[117.27,21.38],[118.22,21.84],[119.17,22.3],[120.13,22.75],[121.1,23.2],[122.07,23.64],[122.07,23.64],[122.22,22.76],[122.36,21.88],[122.31,20.97],[122.26,20.06],[122.22,19.15],[122.17,18.24],[122.13,17.33],[122.08,16.42],[122.04,15.51],[121.99,14.6],[121.99,13.99],[121.99,13.99],[121.53,13.38],[121.06,12.77],[120.6,12.15],[120.14,11.54],[119.4,11.04],[118.67,10.53],[117.94,10.03],[117.94,10.03],[117.34,10.18],[116.74,10.33],[116.11,10.44],[115.47,10.55],[114.55,10.29],[113.63,10.02],[112.68,9.79],[111.73,9.55],[110.78,9.32],[110,9.08],[109.22,8.84],[109.22,8.84],[108.79,9.68],[108.34,10.52],[107.73,11.2],[107.12,11.89],[106.73,12.33],[106.34,12.77],[106.02,13.2],[105.7,13.62],[105.27,14.36],[105.27,14.36],[106.16,14.64],[107.05,14.9],[107.95,15.17],[108.84,15.43],[109.74,15.69],[110.64,15.94],[110.81,16.36],[111.8,16.68],[112.79,17],[113.78,17.32],[114.77,17.63],[114.47,18.57]]]}},{"type":"Feature","properties":{"ma":55,"type":"gpml:TopologicalClosedPlateBoundary","name":"Africa AFR_059_055","pid":701,"deforming":false},"geometry":{"type":"Polygon","coordinates":[[[-13.07,-7.56],[-13.36,-6.73],[-13.65,-5.91],[-14.44,-6],[-15.22,-6.09],[-16.01,-6.18],[-16.11,-5.79],[-16.42,-5.83],[-16.57,-5.27],[-16.78,-5.28],[-16.93,-4.71],[-17.85,-4.79],[-18.76,-4.86],[-19.68,-4.94],[-20.6,-5.01],[-21.51,-5.09],[-22.43,-5.16],[-23.35,-5.23],[-24.27,-5.3],[-25.19,-5.36],[-25.35,-4.49],[-25.51,-3.61],[-26.14,-3.65],[-26.76,-3.68],[-26.91,-2.97],[-27.77,-3],[-28.64,-3.04],[-29.51,-3.08],[-30.38,-3.11],[-30.45,-2.25],[-31.12,-2.28],[-31.15,-1.45],[-31.18,-0.62],[-31.21,0.21],[-32.14,0.2],[-33.08,0.18],[-33.07,1.05],[-33.07,1.92],[-33.64,1.92],[-33.62,2.44],[-33.59,2.96],[-34.48,2.95],[-35.37,2.95],[-35.35,3.42],[-36.01,3.42],[-36,3.91],[-36.79,3.91],[-36.79,4.24],[-37.44,4.24],[-38.09,4.24],[-38.05,4.85],[-39,4.85],[-39.95,4.85],[-39.88,5.59],[-40.4,5.6],[-40.36,6.2],[-40.57,6.2],[-40.53,6.8],[-40.73,6.81],[-40.68,7.8],[-41.61,7.83],[-42.55,7.85],[-43.48,7.87],[-43.42,8.52],[-43.35,9.17],[-43.71,9.19],[-43.68,9.72],[-44.31,9.71],[-44.95,9.7],[-44.9,10.53],[-44.85,11.35],[-44.79,12.18],[-44.79,12.18],[-45.45,12.23],[-46.12,12.28],[-46.12,12.28],[-46.11,12.31],[-45.78,13.23],[-45.46,14.15],[-45.13,15.07],[-44.8,15.99],[-44.66,15.98],[-44.34,16.75],[-44.02,17.53],[-44.27,17.55],[-43.94,18.32],[-43.61,19.09],[-43.28,19.86],[-42.94,20.62],[-43.85,20.67],[-43.6,21.2],[-43.36,21.74],[-42.62,21.69],[-42.14,22.58],[-41.65,23.47],[-41.16,24.36],[-40.62,24.99],[-40.07,25.62],[-39.51,26.24],[-38.74,26.19],[-37.97,26.14],[-37.61,26.76],[-37.24,27.37],[-36.86,27.98],[-36.61,27.96],[-36.1,28.75],[-35.25,28.69],[-34.41,28.62],[-34.11,29.05],[-33.15,28.97],[-32.75,29.66],[-32.35,30.35],[-31.35,30.28],[-30.9,31.02],[-30.45,31.76],[-29.49,31.66],[-29.07,32.29],[-28.17,32.19],[-27.26,32.09],[-26.4,31.98],[-25.91,31.98],[-25.91,31.98],[-25.02,31.76],[-24.14,31.54],[-23.09,31.36],[-22.04,31.18],[-21,30.99],[-19.97,30.8],[-18.94,30.59],[-17.91,30.38],[-16.89,30.16],[-15.87,29.93],[-14.86,29.69],[-14.75,29.72],[-14.75,29.72],[-14.36,29.59],[-13.27,29.7],[-12.17,29.81],[-11.06,29.9],[-9.96,29.99],[-8.85,30.06],[-7.74,30.13],[-6.9,30.27],[-6.05,30.41],[-5.2,30.55],[-5.2,30.55],[-4.66,30.91],[-4.12,31.27],[-3.47,31.86],[-2.83,32.45],[-2.17,33.03],[-1.5,33.62],[-0.83,34.2],[-0.08,34.96],[0.68,35.72],[0.68,35.72],[1.66,35.37],[2.64,35.01],[3.61,34.64],[4.56,34.27],[5.62,33.95],[6.67,33.62],[7.71,33.29],[8.74,32.94],[9.77,32.59],[10.79,32.23],[11.79,31.86],[12,31.77],[12,31.77],[12,31.77],[12.2,31.32],[12.2,31.32],[12.79,30.52],[13.35,29.77],[14.24,29.16],[15.04,28.61],[15.93,28.11],[16.73,27.84],[17.52,27.56],[18.18,27.47],[18.85,27.38],[19.42,27.33],[19.99,27.27],[20.93,27.34],[21.51,27.41],[22.09,27.48],[22.94,27.62],[23.79,27.76],[24.45,27.96],[25.11,28.16],[25.11,28.16],[25.74,28.37],[26.36,28.57],[27.27,28.91],[27.98,29.19],[28.88,29.55],[29.91,29.93],[30.88,30.24],[31.5,30.41],[32.11,30.59],[32.78,30.78],[33.45,30.96],[33.45,30.96],[33.28,31.39],[33.17,32.36],[33.06,33.33],[33.23,34.25],[33.43,34.73],[33.43,34.73],[34.41,34.98],[35.35,34.37],[35.77,33.9],[36.17,33.42],[36.78,32.92],[37.37,32.42],[37.96,31.92],[38.68,31.48],[39.4,31.04],[40.11,30.59],[41.05,30.11],[41.98,29.62],[42.68,29.18],[43.37,28.73],[44.01,28.36],[44.64,27.99],[45.11,27.68],[45.57,27.38],[46.31,27.03],[47.05,26.68],[47.79,26.33],[48.55,26.09],[49.32,25.84],[50.07,25.59],[51.07,25.41],[52.07,25.22],[53.06,25.03],[54.05,24.83],[54.05,24.83],[54.79,24.93],[55.54,25.02],[56.48,25.14],[57.43,25.25],[58.37,25.35],[58.37,25.35],[58.04,24.45],[57.68,23.53],[57.33,22.61],[56.99,21.68],[56.65,20.76],[56.24,19.83],[55.85,18.91],[55.45,17.98],[55.1,17.13],[54.74,16.28],[54.39,15.43],[54,14.59],[53.61,13.74],[53.22,12.89],[52.84,12.04],[52.45,11.19],[52.07,10.34],[51.71,9.53],[51.35,8.71],[50.99,7.89],[50.64,7.07],[50.28,6.25],[49.93,5.44],[49.54,4.63],[49.15,3.83],[48.77,3.03],[48.38,2.23],[47.99,1.43],[47.61,0.63],[47.18,-0.14],[46.76,-0.91],[46.33,-1.68],[45.91,-2.44],[45.48,-3.21],[45.05,-3.98],[44.67,-4.69],[44.3,-5.4],[43.91,-6.11],[43.53,-6.82],[43.53,-6.82],[44.33,-7.19],[45.14,-7.56],[45.94,-7.93],[46.74,-8.3],[47.55,-8.67],[47.64,-8.49],[48.41,-8.8],[49.18,-9.12],[49.95,-9.43],[49.64,-10.08],[49.32,-10.74],[49.97,-11.04],[50.62,-11.33],[50.32,-11.85],[50.02,-12.37],[50.65,-12.79],[51.27,-13.2],[50.81,-14.09],[50.34,-14.98],[51,-15.41],[51.66,-15.85],[51.29,-16.55],[50.92,-17.24],[51.55,-17.73],[51.32,-18.22],[51.09,-18.72],[51.65,-19.1],[52.21,-19.48],[51.74,-20.23],[51.27,-20.98],[51.86,-21.57],[52.45,-22.16],[51.98,-22.87],[51.5,-23.58],[51.02,-24.29],[50.53,-24.99],[50.04,-25.7],[49.54,-26.4],[50.35,-26.96],[51.16,-27.51],[51.16,-27.51],[50.67,-28.3],[50.28,-28.92],[49.66,-29.73],[49.03,-30.54],[48.39,-31.34],[47.74,-32.15],[47.08,-32.95],[46.41,-33.74],[45.72,-34.54],[46.35,-35.02],[47,-35.51],[46.56,-36.01],[46.13,-36.5],[46.91,-36.96],[47.69,-37.41],[48.49,-37.86],[49.3,-38.3],[49.3,-38.3],[48.84,-38.7],[48.1,-39.32],[47.22,-39.82],[46.32,-40.31],[45.41,-40.79],[45.51,-41.48],[44.84,-41.69],[44.16,-41.9],[44.23,-42.64],[43.49,-42.74],[42.29,-42.94],[41.09,-43.13],[39.89,-43.3],[39.31,-43.37],[39.23,-43.74],[38.11,-43.99],[37.97,-44.75],[37.84,-45.51],[36.79,-45.71],[36.72,-46.4],[35.78,-46.45],[34.84,-46.49],[34.5,-47.25],[34.16,-48.01],[33.81,-48.77],[32.73,-48.85],[31.65,-48.91],[30.57,-48.97],[29.22,-49.16],[29.22,-49.82],[28.16,-50.03],[27.08,-50.24],[26,-50.43],[26.13,-50.78],[25.26,-50.94],[24.38,-51.08],[24.54,-51.66],[24.71,-52.24],[23.91,-52.37],[23.11,-52.49],[23.23,-53.35],[21.82,-53.65],[21.93,-54.06],[21.29,-54.27],[20.89,-54.96],[20.47,-55.66],[20.04,-56.35],[18.77,-56.43],[18.77,-56.99],[18.73,-57.57],[17.91,-57.61],[17.9,-57.76],[16.88,-57.8],[15.86,-57.83],[15.81,-58.15],[14.33,-58.13],[14.24,-58.61],[12.95,-58.63],[11.65,-58.63],[11.7,-58.54],[11.14,-58.5],[11.2,-58.35],[9.94,-58.31],[9.6,-58.26],[8.47,-58.01],[7.65,-57.76],[7.18,-57.59],[6.32,-57.38],[5.47,-57.16],[5.38,-57.28],[3.78,-57.29],[2.18,-57.28],[0.58,-57.26],[0.19,-57.55],[-0.76,-57.32],[-1.47,-57.96],[-2.2,-58.59],[-3.1,-58.38],[-3.76,-58.89],[-4.44,-59.41],[-5.76,-59.03],[-7.06,-58.63],[-7.06,-58.63],[-8.34,-58.74],[-8.6,-58.16],[-9.67,-58.22],[-10.74,-58.27],[-10.88,-57.6],[-11.12,-56.7],[-11.35,-55.81],[-12.13,-55.01],[-12.89,-54.2],[-13.99,-53.6],[-15.05,-52.99],[-16.09,-52.38],[-17.32,-52.4],[-18.54,-52.4],[-18.61,-51.89],[-18.68,-51.38],[-19.04,-51.42],[-19.16,-50.81],[-19.27,-50.21],[-20.13,-50.26],[-20.99,-50.31],[-20.96,-49.65],[-20.94,-49],[-20.39,-48.99],[-20.34,-48.19],[-20.3,-47.4],[-21.14,-47.39],[-21.12,-46.68],[-21.09,-45.98],[-21.07,-45.28],[-20.69,-45.23],[-20.75,-44.45],[-20.81,-43.66],[-20.4,-43.63],[-20.48,-42.84],[-20.55,-42.05],[-20.63,-41.25],[-20.7,-40.46],[-19.57,-40.39],[-19.34,-39.5],[-18.16,-39.45],[-18.08,-38.45],[-17.23,-38.39],[-17.15,-37.74],[-16.53,-37.71],[-16.38,-36.97],[-15.64,-36.9],[-14.9,-36.83],[-14.92,-36.19],[-14.94,-35.56],[-15.24,-35.55],[-15.27,-34.79],[-15.29,-34.03],[-14.25,-34.05],[-14.25,-33.31],[-14.43,-33.33],[-14.6,-32.54],[-14.77,-31.75],[-15.43,-31.73],[-16.09,-31.7],[-16.41,-30.89],[-16.72,-30.07],[-15.78,-29.93],[-15.76,-29.69],[-15.51,-29.69],[-15.44,-29.03],[-15.08,-28.98],[-15.07,-28.45],[-15.06,-27.93],[-14.19,-27.84],[-14.2,-27.47],[-13.54,-27.36],[-13.57,-26.47],[-13.61,-25.58],[-13.85,-25.57],[-14.1,-24.66],[-14.34,-23.76],[-14.58,-22.85],[-14.89,-22.85],[-15.13,-22.09],[-15.38,-21.33],[-15.07,-21.21],[-15.12,-20.57],[-15.17,-19.93],[-15.4,-19.96],[-15.51,-19.44],[-16.14,-19.48],[-16.78,-19.51],[-16.76,-18.64],[-16.75,-17.77],[-16.74,-16.91],[-16.02,-16.87],[-15.31,-16.83],[-14.59,-16.79],[-14.63,-15.88],[-14.67,-14.97],[-14.71,-14.06],[-14.75,-13.15],[-14.79,-12.23],[-13.91,-12.16],[-13.03,-12.08],[-12.16,-12],[-12.4,-11.1],[-12.65,-10.21],[-12.9,-9.31],[-13.14,-8.42],[-12.82,-8.38],[-12.78,-8.38],[-13.07,-7.56]]]}},{"type":"Feature","properties":{"ma":55,"type":"gpml:TopologicalClosedPlateBoundary","name":"Porcupine Plate","pid":317,"deforming":false},"geometry":{"type":"Polygon","coordinates":[[[-12.15,39.14],[-12.6,39.21],[-13.58,39.37],[-14.57,39.51],[-14.57,39.51],[-15.4,39.48],[-16.28,39.45],[-17.13,39.59],[-17.92,39.56],[-18.62,39.59],[-19.61,39.48],[-20.6,39.37],[-21.61,39.37],[-21.61,39.37],[-22.04,38.85],[-22.58,38.06],[-23.17,37.61],[-23.46,37.05],[-23.46,37.05],[-23.54,37.06],[-24,37.18],[-24.53,37.32],[-24.6,37.36],[-24.6,37.36],[-24.23,38.18],[-23.85,39],[-23.46,39.82],[-23.06,40.63],[-23.16,41.39],[-23.27,42.14],[-23.37,42.89],[-23.93,43.55],[-24.49,44.2],[-24.57,44.17],[-25.27,44.81],[-25.1,44.93],[-25.5,45.37],[-25.91,45.81],[-26.21,46.12],[-26.31,46.23],[-26.31,46.24],[-26.31,46.24],[-25.44,46.4],[-24.56,46.56],[-24.04,46.69],[-23.25,46.83],[-22.67,46.85],[-21.89,46.41],[-21.43,45.98],[-20.97,45.46],[-20.57,44.97],[-20.11,44.38],[-19.7,43.85],[-19.14,43.33],[-18.59,42.81],[-17.52,42.51],[-16.46,42.21],[-15.41,41.89],[-14.52,41.51],[-13.63,41.13],[-13.63,41.13],[-13.66,41.07],[-13.79,40.87],[-13.8,40.81],[-13.8,40.81],[-13.77,40.8],[-12.93,40.52],[-12.26,40.28],[-12.06,40.07],[-11.99,39.85],[-11.95,39.68],[-11.99,39.52],[-12.01,39.34],[-12.11,39.2],[-12.15,39.14]]]}},{"type":"Feature","properties":{"ma":55,"type":"gpml:TopologicalClosedPlateBoundary","name":"Iberia","pid":304,"deforming":false},"geometry":{"type":"Polygon","coordinates":[[[-5.2,30.55],[-6.05,30.41],[-6.9,30.27],[-7.74,30.13],[-8.85,30.06],[-9.96,29.99],[-11.06,29.9],[-12.17,29.81],[-13.27,29.7],[-14.36,29.59],[-14.75,29.72],[-14.75,29.72],[-14.86,29.69],[-15.87,29.93],[-16.89,30.16],[-17.91,30.38],[-18.94,30.59],[-19.97,30.8],[-21,30.99],[-22.04,31.18],[-23.09,31.36],[-24.14,31.54],[-25.02,31.76],[-25.91,31.98],[-25.91,31.98],[-26.4,31.98],[-26.84,32.04],[-26.84,32.04],[-26.49,32.5],[-26.14,32.97],[-25.87,33.61],[-25.58,34.21],[-25.22,35.03],[-24.97,35.64],[-24.8,36.59],[-24.7,37.15],[-24.69,37.17],[-24.6,37.36],[-24.6,37.36],[-24.53,37.32],[-24,37.18],[-23.54,37.06],[-23.46,37.05],[-23.46,37.05],[-23.17,37.61],[-22.58,38.06],[-22.04,38.85],[-21.61,39.37],[-21.61,39.37],[-20.6,39.37],[-19.61,39.48],[-18.62,39.59],[-17.92,39.56],[-17.13,39.59],[-16.28,39.45],[-15.4,39.48],[-14.57,39.51],[-14.57,39.51],[-13.58,39.37],[-12.6,39.21],[-12.15,39.14],[-12.15,39.14],[-12.22,39.02],[-12.32,38.9],[-12.44,38.79],[-12.57,38.67],[-12.57,38.67],[-12.13,38.81],[-11.54,38.86],[-11.53,38.86],[-11.53,38.86],[-11.39,38.78],[-11.24,38.6],[-10.99,38.26],[-10.69,37.53],[-10.69,37.53],[-10.43,37.56],[-10.2,37.59],[-9.8,37.64],[-9.46,37.68],[-8.64,37.73],[-7.84,37.83],[-7.82,37.83],[-7.82,37.83],[-7.71,37.5],[-7.71,37.5],[-7.36,37.28],[-6.79,37.06],[-6.22,36.84],[-5.33,36.76],[-4.44,36.68],[-3.67,36.61],[-2.91,36.53],[-2.91,36.53],[-3.09,37.08],[-3.09,37.08],[-1.96,37.23],[-1.32,37.41],[-0.68,37.6],[-0.15,38],[0.4,38.4],[0.4,38.4],[0.71,38.37],[1.27,38.27],[1.77,38.17],[2.14,38.08],[2.72,37.93],[2.72,37.93],[2.17,37.19],[1.73,36.76],[1.31,36.34],[0.58,35.63],[-0.13,34.91],[-0.83,34.2],[-1.5,33.62],[-2.17,33.03],[-2.83,32.45],[-3.47,31.86],[-4.12,31.27],[-4.66,30.91],[-5.2,30.55]]]}},{"type":"Feature","properties":{"ma":55,"type":"gpml:TopologicalClosedPlateBoundary","name":"SAM","pid":201,"deforming":false},"geometry":{"type":"Polygon","coordinates":[[[-12.78,-8.38],[-12.82,-8.38],[-13.14,-8.42],[-12.9,-9.31],[-12.65,-10.21],[-12.4,-11.1],[-12.16,-12],[-13.03,-12.08],[-13.91,-12.16],[-14.79,-12.23],[-14.75,-13.15],[-14.71,-14.06],[-14.67,-14.97],[-14.63,-15.88],[-14.59,-16.79],[-15.31,-16.83],[-16.02,-16.87],[-16.74,-16.91],[-16.75,-17.77],[-16.76,-18.64],[-16.78,-19.51],[-16.14,-19.48],[-15.51,-19.44],[-15.4,-19.96],[-15.17,-19.93],[-15.12,-20.57],[-15.07,-21.21],[-15.38,-21.33],[-15.13,-22.09],[-14.89,-22.85],[-14.58,-22.85],[-14.34,-23.76],[-14.1,-24.66],[-13.85,-25.57],[-13.61,-25.58],[-13.57,-26.47],[-13.54,-27.36],[-14.2,-27.47],[-14.19,-27.84],[-15.06,-27.93],[-15.07,-28.45],[-15.08,-28.98],[-15.44,-29.03],[-15.51,-29.69],[-15.76,-29.69],[-15.78,-29.93],[-16.72,-30.07],[-16.41,-30.89],[-16.09,-31.7],[-15.43,-31.73],[-14.77,-31.75],[-14.6,-32.54],[-14.43,-33.33],[-14.25,-33.31],[-14.25,-34.05],[-15.29,-34.03],[-15.27,-34.79],[-15.24,-35.55],[-14.94,-35.56],[-14.92,-36.19],[-14.9,-36.83],[-15.64,-36.9],[-16.38,-36.97],[-16.53,-37.71],[-17.15,-37.74],[-17.23,-38.39],[-18.08,-38.45],[-18.16,-39.45],[-19.34,-39.5],[-19.57,-40.39],[-20.7,-40.46],[-20.63,-41.25],[-20.55,-42.05],[-20.48,-42.84],[-20.4,-43.63],[-20.81,-43.66],[-20.75,-44.45],[-20.69,-45.23],[-21.07,-45.28],[-21.09,-45.98],[-21.12,-46.68],[-21.14,-47.39],[-20.3,-47.4],[-20.34,-48.19],[-20.39,-48.99],[-20.94,-49],[-20.96,-49.65],[-20.99,-50.31],[-20.13,-50.26],[-19.27,-50.21],[-19.16,-50.81],[-19.04,-51.42],[-18.68,-51.38],[-18.61,-51.89],[-18.54,-52.4],[-17.32,-52.4],[-16.09,-52.38],[-15.05,-52.99],[-13.99,-53.6],[-12.89,-54.2],[-12.13,-55.01],[-11.35,-55.81],[-11.12,-56.7],[-10.88,-57.6],[-10.74,-58.27],[-9.67,-58.22],[-8.6,-58.16],[-8.34,-58.74],[-7.06,-58.63],[-7.06,-58.63],[-6.13,-58.92],[-5.18,-59.2],[-5.18,-59.2],[-5.23,-59.23],[-5.9,-59.63],[-6.59,-60.02],[-7.68,-59.67],[-8.42,-60.01],[-9.17,-60.35],[-10.27,-60.1],[-11.17,-60.53],[-12.09,-60.95],[-13.05,-60.73],[-13.99,-60.5],[-14.79,-60.9],[-15.62,-61.29],[-16.95,-61.92],[-18.34,-62.53],[-19.79,-63.13],[-20.91,-62.76],[-22,-62.38],[-23.27,-62.81],[-24.58,-63.24],[-26.01,-62.74],[-27.47,-63.18],[-28.98,-63.6],[-30.54,-64.01],[-32,-64.33],[-33.49,-64.63],[-35.02,-64.92],[-36.97,-65.21],[-38.96,-65.47],[-40.98,-65.71],[-43.05,-65.92],[-45.31,-66.04],[-47.59,-66.13],[-49.88,-66.18],[-51.9,-66],[-53.89,-65.8],[-55.84,-65.57],[-57.76,-65.32],[-59.65,-65.04],[-59.65,-65.04],[-59.07,-64.67],[-57.49,-64.08],[-55.97,-63.47],[-54.48,-62.85],[-54.48,-62.85],[-56.12,-62.53],[-57.6,-62.45],[-59.1,-62.13],[-60.04,-61.87],[-60.75,-61.64],[-61.09,-61.54],[-61.38,-61.46],[-61.67,-61.41],[-61.97,-61.34],[-62.28,-61.26],[-62.72,-61.14],[-63.2,-61.02],[-63.87,-60.85],[-64.36,-60.71],[-64.84,-60.54],[-65.03,-60.44],[-65.22,-60.35],[-65.52,-60.22],[-65.78,-60.11],[-66.14,-59.94],[-66.5,-59.78],[-66.82,-59.63],[-67.15,-59.48],[-67.45,-59.33],[-67.63,-59.22],[-68.12,-58.96],[-68.74,-58.56],[-69.1,-58.32],[-69.41,-57.95],[-69.44,-57.89],[-69.55,-57.51],[-69.6,-57.15],[-69.63,-56.77],[-69.67,-56.44],[-69.67,-56.28],[-69.74,-55.96],[-69.95,-55.57],[-70.12,-55.2],[-70.22,-54.87],[-70.32,-54.57],[-70.35,-54.32],[-70.41,-53.99],[-70.44,-53.63],[-70.35,-53.19],[-70.16,-52.83],[-70.02,-52.61],[-69.87,-52.36],[-69.68,-52.06],[-69.37,-51.59],[-69.07,-51.19],[-68.87,-50.85],[-68.73,-50.52],[-68.77,-50.08],[-68.77,-49.79],[-68.78,-49.56],[-68.77,-49.48],[-68.73,-49.23],[-68.68,-48.92],[-68.61,-48.55],[-68.53,-48.25],[-68.45,-47.92],[-68.35,-47.56],[-68.28,-47.3],[-68.12,-46.64],[-68.01,-46.21],[-67.89,-45.81],[-67.77,-45.43],[-67.61,-44.91],[-67.52,-44.62],[-67.41,-44.15],[-67.34,-43.87],[-67.26,-43.5],[-67.06,-43.21],[-66.82,-42.62],[-66.77,-42.14],[-66.64,-41.71],[-66.35,-40.99],[-66.05,-40.27],[-65.89,-39.35],[-65.73,-38.43],[-65.57,-37.52],[-65.41,-36.6],[-65.26,-35.68],[-65.37,-34.89],[-65.47,-34.1],[-65.57,-33.31],[-65.66,-32.52],[-65.82,-31.71],[-65.97,-30.9],[-66.13,-30.09],[-66.27,-29.28],[-66.42,-28.47],[-66.45,-27.57],[-66.48,-26.66],[-66.7,-25.96],[-66.92,-25.41],[-67.06,-24.87],[-67.41,-24.19],[-67.62,-23.7],[-67.84,-23.2],[-68.58,-22.58],[-68.93,-21.95],[-69.28,-21.32],[-69.62,-20.69],[-70.04,-19.95],[-70.45,-19.21],[-70.85,-18.47],[-71.16,-17.66],[-71.46,-16.85],[-71.76,-16.03],[-72.06,-15.22],[-72.36,-14.41],[-72.65,-13.6],[-72.92,-12.77],[-73.19,-11.94],[-73.45,-11.11],[-73.33,-10.34],[-73.2,-9.57],[-73.08,-8.8],[-72.96,-8.04],[-72.96,-8.04],[-72.86,-7.44],[-72.77,-6.85],[-72.73,-6.57],[-72.7,-6.31],[-72.64,-6.03],[-72.58,-5.66],[-72.53,-5.45],[-72.5,-5.21],[-72.38,-4.82],[-72.27,-4.47],[-72.14,-4.19],[-71.94,-3.75],[-71.8,-3.4],[-71.64,-3.09],[-71.45,-2.68],[-71.22,-2.35],[-71,-2.02],[-70.85,-1.81],[-70.59,-1.47],[-70.3,-1.1],[-70.03,-0.78],[-69.79,-0.58],[-69.57,-0.27],[-69.4,-0.11],[-69.36,0.18],[-69.07,0.61],[-68.79,1.05],[-69.04,1.78],[-69.3,2.51],[-69.29,3.14],[-69.27,3.77],[-68.75,4.43],[-68.23,5.09],[-67.71,5.76],[-67.19,6.44],[-66.66,7.11],[-65.81,7.33],[-64.97,7.54],[-64.12,7.75],[-63.84,7.69],[-63.84,7.69],[-63.53,8.19],[-63.39,8.67],[-63.26,9.16],[-63.16,9.71],[-63.05,10.26],[-63.09,10.91],[-63.13,11.57],[-63.56,12.25],[-63.85,13.15],[-64.35,13.9],[-64.71,14.17],[-64.93,14.33],[-64.93,14.33],[-64.96,14.92],[-64.98,15.51],[-64.98,15.51],[-64.28,16],[-63.59,16.49],[-62.89,16.97],[-62.89,16.97],[-62.17,16.29],[-61.46,15.61],[-60.76,14.92],[-60.21,14.29],[-59.66,13.67],[-59.12,13.04],[-58.54,12.4],[-57.97,11.76],[-57.39,11.12],[-56.93,10.63],[-56.93,10.63],[-56.52,11.12],[-56.1,11.61],[-55.66,12.11],[-55.21,12.62],[-54.76,13.13],[-54.08,13.75],[-53.54,14.23],[-53.36,14.39],[-53.36,14.39],[-52.87,14.06],[-52.38,13.73],[-51.7,13.35],[-51.03,12.96],[-50.35,12.57],[-49.42,12.51],[-48.5,12.45],[-47.57,12.39],[-46.64,12.32],[-45.72,12.25],[-44.79,12.18],[-44.79,12.18],[-44.85,11.35],[-44.9,10.53],[-44.95,9.7],[-44.31,9.71],[-43.68,9.72],[-43.71,9.19],[-43.35,9.17],[-43.42,8.52],[-43.48,7.87],[-42.55,7.85],[-41.61,7.83],[-40.68,7.8],[-40.73,6.81],[-40.53,6.8],[-40.57,6.2],[-40.36,6.2],[-40.4,5.6],[-39.88,5.59],[-39.95,4.85],[-39,4.85],[-38.05,4.85],[-38.09,4.24],[-37.44,4.24],[-36.79,4.24],[-36.79,3.91],[-36,3.91],[-36.01,3.42],[-35.35,3.42],[-35.37,2.95],[-34.48,2.95],[-33.59,2.96],[-33.62,2.44],[-33.64,1.92],[-33.07,1.92],[-33.07,1.05],[-33.08,0.18],[-32.14,0.2],[-31.21,0.21],[-31.18,-0.62],[-31.15,-1.45],[-31.12,-2.28],[-30.45,-2.25],[-30.38,-3.11],[-29.51,-3.08],[-28.64,-3.04],[-27.77,-3],[-26.91,-2.97],[-26.76,-3.68],[-26.14,-3.65],[-25.51,-3.61],[-25.35,-4.49],[-25.19,-5.36],[-24.27,-5.3],[-23.35,-5.23],[-22.43,-5.16],[-21.51,-5.09],[-20.6,-5.01],[-19.68,-4.94],[-18.76,-4.86],[-17.85,-4.79],[-16.93,-4.71],[-16.78,-5.28],[-16.57,-5.27],[-16.42,-5.83],[-16.11,-5.79],[-16.01,-6.18],[-15.22,-6.09],[-14.44,-6],[-13.65,-5.91],[-13.36,-6.73],[-13.07,-7.56],[-12.78,-8.38]]]}},{"type":"Feature","properties":{"ma":55,"type":"gpml:TopologicalClosedPlateBoundary","name":"Caribbean","pid":224,"deforming":false},"geometry":{"type":"Polygon","coordinates":[[[-78.63,15.47],[-78.31,16.12],[-78,16.76],[-77.68,17.4],[-77.14,18.09],[-76.6,18.78],[-76.2,19.25],[-75.8,19.72],[-75.3,20.25],[-74.8,20.78],[-74.79,20.79],[-74.79,20.79],[-74.07,20.86],[-73.35,20.92],[-72.33,20.83],[-71.31,20.74],[-70.29,20.64],[-69.58,20.16],[-68.88,19.68],[-68.18,19.2],[-67.51,18.65],[-66.86,18.09],[-66.21,17.54],[-65.56,16.98],[-65.27,16.41],[-64.99,15.83],[-64.96,15.08],[-64.93,14.33],[-64.93,14.33],[-64.71,14.17],[-64.35,13.9],[-63.85,13.15],[-63.56,12.25],[-63.13,11.57],[-63.09,10.91],[-63.05,10.26],[-63.16,9.71],[-63.26,9.16],[-63.39,8.67],[-63.53,8.19],[-63.84,7.69],[-63.84,7.69],[-64.12,7.75],[-64.97,7.54],[-65.81,7.33],[-66.66,7.11],[-67.19,6.44],[-67.71,5.76],[-68.23,5.09],[-68.75,4.43],[-69.27,3.77],[-69.29,3.14],[-69.3,2.51],[-69.04,1.78],[-68.79,1.05],[-69.04,0.66],[-69.04,0.66],[-69.93,0.22],[-70.83,-0.22],[-71.79,-0.4],[-72.76,-0.58],[-73.72,-0.75],[-74.69,-0.93],[-75.66,-1.16],[-76.64,-1.38],[-76.64,-1.38],[-77.31,-0.92],[-77.69,-0.42],[-78.12,0.28],[-78.55,0.99],[-79.39,1.48],[-80.29,1.62],[-80.92,1.73],[-80.96,1.73],[-80.96,1.73],[-81.3,1.7],[-82.02,1.78],[-82.74,1.85],[-83.46,1.93],[-84.26,2.26],[-85.05,2.6],[-85.86,3.07],[-86.67,3.55],[-87.48,4.03],[-88.3,4.51],[-89.05,5.08],[-89.81,5.65],[-90.57,6.22],[-90.99,6.61],[-91.41,7],[-91.41,7],[-90.5,7.24],[-89.59,7.48],[-88.68,7.72],[-87.89,8.24],[-87.1,8.76],[-86.3,9.28],[-85.5,9.8],[-85.08,10.39],[-84.66,10.98],[-84.23,11.57],[-83.59,11.99],[-82.96,12.41],[-82.06,12.56],[-81.16,12.7],[-80.38,13.34],[-79.6,13.99],[-78.81,14.63],[-78.79,14.63],[-78.63,15.47]]]}},{"type":"Feature","properties":{"ma":55,"type":"gpml:TopologicalClosedPlateBoundary","name":"Aluk","pid":904,"deforming":false},"geometry":{"type":"Polygon","coordinates":[[[-92.6,-57.99],[-90.96,-57.59],[-89.35,-57.17],[-87.79,-56.73],[-86.26,-56.26],[-84.76,-55.78],[-83.31,-55.28],[-81.89,-54.77],[-80.51,-54.24],[-79.16,-53.69],[-77.85,-53.13],[-76.57,-52.55],[-75.33,-51.97],[-74.12,-51.36],[-72.94,-50.75],[-71.79,-50.13],[-70.67,-49.49],[-69.58,-48.84],[-68.52,-48.19],[-68.52,-48.19],[-68.53,-48.25],[-68.61,-48.55],[-68.68,-48.92],[-68.73,-49.23],[-68.77,-49.48],[-68.78,-49.56],[-68.77,-49.79],[-68.77,-50.08],[-68.73,-50.52],[-68.87,-50.85],[-69.07,-51.19],[-69.37,-51.59],[-69.68,-52.06],[-69.87,-52.36],[-70.02,-52.61],[-70.16,-52.83],[-70.35,-53.19],[-70.44,-53.63],[-70.41,-53.99],[-70.35,-54.32],[-70.32,-54.57],[-70.22,-54.87],[-70.12,-55.2],[-69.95,-55.57],[-69.74,-55.96],[-69.67,-56.28],[-69.67,-56.44],[-69.63,-56.77],[-69.6,-57.15],[-69.55,-57.51],[-69.44,-57.89],[-69.41,-57.95],[-69.1,-58.32],[-68.74,-58.56],[-68.12,-58.96],[-67.63,-59.22],[-67.45,-59.33],[-67.15,-59.48],[-66.82,-59.63],[-66.5,-59.78],[-66.14,-59.94],[-65.78,-60.11],[-65.52,-60.22],[-65.22,-60.35],[-65.03,-60.44],[-64.84,-60.54],[-64.36,-60.71],[-63.87,-60.85],[-63.66,-60.9],[-63.66,-60.9],[-65.02,-61.28],[-66.41,-61.64],[-66.58,-61.71],[-66.58,-61.71],[-67.23,-61.92],[-68.51,-62.42],[-69.93,-62.75],[-71.13,-63.12],[-72.22,-63.44],[-73.53,-63.7],[-74.86,-63.94],[-76.31,-64.36],[-77.71,-65.13],[-79.18,-65.86],[-80.39,-66.46],[-82.19,-67.14],[-83.41,-67.58],[-84.66,-68],[-85.95,-68.57],[-87.3,-69.13],[-88.62,-69.58],[-90.42,-69.69],[-92.69,-69.88],[-93.95,-70.12],[-95.51,-70.32],[-95.51,-70.32],[-97.08,-69.61],[-98.54,-68.9],[-99.91,-68.17],[-101.2,-67.43],[-99.74,-66.82],[-98.35,-66.2],[-97.03,-65.57],[-95.77,-64.93],[-94.57,-64.28],[-96.33,-63.81],[-98.02,-63.32],[-96.88,-62.6],[-95.79,-61.88],[-94.75,-61.14],[-93.76,-60.4],[-93.66,-60.33],[-93.66,-60.33],[-94.11,-60.25],[-94.11,-60.25],[-93.67,-59.5],[-93.25,-58.75],[-92.85,-58],[-92.81,-57.95],[-92.81,-57.95],[-92.6,-57.99]]]}},{"type":"Feature","properties":{"ma":55,"type":"gpml:TopologicalClosedPlateBoundary","name":"South flank of BAB near Coral Sea","pid":836,"deforming":false},"geometry":{"type":"Polygon","coordinates":[[[137.38,-34.34],[137.69,-33.85],[137.99,-33.36],[138.14,-32.77],[138.28,-32.18],[138.59,-31.5],[138.9,-30.81],[139.26,-30.11],[139.61,-29.4],[139.96,-28.69],[140.18,-28.28],[140.18,-28.28],[140.62,-28.73],[141.07,-29.19],[141.71,-29.57],[142.37,-29.95],[143.08,-30.36],[143.81,-30.77],[144.38,-30.98],[144.96,-31.19],[145.72,-31.34],[146.48,-31.49],[147.07,-31.27],[147.66,-31.04],[148.74,-30.75],[149.22,-30.47],[149.7,-30.18],[150.27,-30.04],[150.84,-29.89],[151.89,-29.83],[152.52,-30.05],[153.15,-30.27],[154.05,-30.45],[154.56,-30.43],[154.56,-30.43],[154.26,-30.74],[153.85,-31.26],[153.43,-31.78],[152.99,-32.24],[152.43,-32.83],[151.88,-33.41],[151.54,-33.79],[151.74,-33.91],[151.34,-34.37],[151.53,-34.56],[150.88,-35.15],[150.23,-35.74],[150.38,-35.76],[149.77,-36.5],[149.06,-37.28],[148.59,-37.69],[148.12,-38.09],[147.66,-38.46],[147.66,-38.46],[147.73,-38.16],[147.57,-38.1],[147.59,-37.96],[147.52,-37.9],[147.12,-37.77],[147.09,-37.84],[146.52,-37.6],[145.94,-37.37],[145.89,-37.42],[145.48,-37.23],[145.74,-36.85],[145.21,-36.59],[145.1,-36.77],[144.43,-36.49],[143.77,-36.21],[143.57,-36.52],[142.92,-36.25],[142.79,-36.44],[142.12,-36.2],[142.05,-36.33],[142,-36.31],[141.14,-35.91],[141.04,-36.08],[140.32,-35.82],[140.22,-35.84],[140.1,-36.01],[139.57,-35.8],[139.48,-35.91],[138.91,-35.67],[138.86,-35.77],[138.38,-35.58],[137.93,-35.04],[137.48,-34.5],[137.38,-34.34]]]}},{"type":"Feature","properties":{"ma":55,"type":"gpml:TopologicalClosedPlateBoundary","name":"Emo Basin","pid":880,"deforming":false},"geometry":{"type":"Polygon","coordinates":[[[155.6,-29.33],[155.08,-29.88],[154.56,-30.43],[154.56,-30.43],[154.05,-30.45],[153.15,-30.27],[152.52,-30.05],[151.89,-29.83],[150.84,-29.89],[150.27,-30.04],[149.7,-30.18],[149.22,-30.47],[148.74,-30.75],[147.66,-31.04],[147.07,-31.27],[146.48,-31.49],[145.72,-31.34],[144.96,-31.19],[144.38,-30.98],[143.81,-30.77],[143.08,-30.36],[142.37,-29.95],[141.71,-29.57],[141.07,-29.19],[140.62,-28.73],[140.18,-28.28],[140.18,-28.28],[140.6,-27.51],[141,-26.74],[141.26,-25.85],[141.52,-24.96],[141.89,-24.3],[142.27,-23.65],[142.79,-22.78],[143.32,-21.91],[143.32,-21.91],[143.64,-22.12],[144.5,-22.71],[145.38,-23.3],[146.26,-23.88],[146.94,-24.29],[147.64,-24.69],[148.33,-25.09],[149.16,-25.53],[149.99,-25.96],[150.88,-26.48],[151.66,-26.98],[152.46,-27.46],[153.4,-27.93],[154.36,-28.39],[155.01,-28.8],[155.68,-29.21],[155.6,-29.33]]]}},{"type":"Feature","properties":{"ma":55,"type":"gpml:TopologicalClosedPlateBoundary","name":"Melanesia","pid":922,"deforming":false},"geometry":{"type":"Polygon","coordinates":[[[155.68,-29.21],[155.01,-28.8],[154.36,-28.39],[153.4,-27.93],[152.46,-27.46],[151.66,-26.98],[150.88,-26.48],[149.99,-25.96],[149.16,-25.53],[148.33,-25.09],[147.64,-24.69],[146.94,-24.29],[146.26,-23.88],[145.38,-23.3],[144.5,-22.71],[143.64,-22.12],[143.32,-21.91],[143.32,-21.91],[143.58,-21.46],[144.2,-20.88],[144.81,-20.3],[145.56,-19.6],[146.3,-18.9],[146.3,-18.9],[147.13,-19.52],[147.54,-20.04],[147.96,-20.56],[148.36,-20.99],[148.77,-21.41],[149.33,-21.63],[149.9,-21.84],[150.69,-21.91],[151.48,-21.98],[152.22,-22.34],[152.97,-22.7],[153.58,-22.86],[154.2,-23.02],[154.73,-23.46],[155.31,-23.57],[155.9,-23.68],[156.57,-23.97],[157.08,-24.52],[157.6,-25.06],[157.6,-25.06],[158.11,-25.31],[158.68,-25.53],[158.85,-25.7],[158.85,-25.7],[158.45,-26.08],[158.05,-26.46],[157.47,-27.08],[156.9,-27.7],[156.31,-28.31],[156,-28.76],[155.68,-29.21]]]}},{"type":"Feature","properties":{"ma":55,"type":"gpml:TopologicalClosedPlateBoundary","name":"LHR","pid":833,"deforming":false},"geometry":{"type":"MultiPolygon","coordinates":[[[[180,-48.53],[180,-49.49],[180,-50.45],[180,-51.41],[180,-52.37],[180,-53.33],[180,-54.29],[180,-55.25],[180,-56.21],[180,-57.17],[180,-58.13],[180,-59.09],[180,-60.06],[180,-61.02],[180,-61.98],[180,-62.94],[179.32,-63.65],[178.55,-64.43],[177.74,-65.19],[176.78,-66.11],[175.75,-67.02],[175.75,-67.02],[173.61,-66.6],[171.55,-66.14],[169.56,-65.66],[169.83,-65.45],[169.01,-65.2],[167.53,-64.74],[166.1,-64.25],[164.72,-63.76],[165.59,-63.17],[165.06,-62.98],[165.79,-62.4],[165.62,-62.32],[166.35,-61.82],[165.35,-61.45],[164.38,-61.07],[165.1,-60.47],[163.54,-59.92],[162.03,-59.34],[160.57,-58.75],[159.16,-58.14],[157.8,-57.52],[158.56,-56.94],[157.49,-56.43],[156.46,-55.91],[155.45,-55.39],[154.47,-54.85],[154.71,-54.69],[154.33,-54.47],[154.89,-54.11],[154.51,-53.89],[155.29,-53.37],[154.25,-52.78],[154.74,-52.41],[155.21,-52.07],[154.79,-51.79],[155.18,-51.49],[154.54,-51.2],[155,-50.89],[154.18,-50.45],[154.52,-50.23],[153.58,-49.8],[153.99,-49.34],[154.39,-48.87],[153.94,-48.58],[154.28,-47.88],[153.87,-47.7],[154.04,-47.42],[153.38,-47.06],[152.74,-46.7],[152.62,-46.61],[152.62,-46.19],[151.95,-45.51],[152.04,-45.32],[151.58,-44.97],[151.58,-44.97],[151.54,-44.71],[151.58,-44.5],[151.55,-44.15],[151.51,-43.71],[151.36,-42.73],[151.13,-42.73],[151.08,-42.36],[150.96,-41.52],[150.73,-41.55],[150.71,-41.44],[150.65,-41.23],[150.31,-41.25],[150.28,-41.14],[150.12,-40.46],[149.81,-40.41],[149.63,-39.83],[149.44,-39.1],[149.25,-38.49],[149.05,-37.89],[148.98,-37.56],[148.92,-37.4],[148.92,-37.4],[149.06,-37.28],[149.77,-36.5],[150.38,-35.76],[150.23,-35.74],[150.88,-35.15],[151.53,-34.56],[151.34,-34.37],[151.74,-33.91],[151.54,-33.79],[151.88,-33.41],[152.43,-32.83],[152.99,-32.24],[153.43,-31.78],[153.85,-31.26],[154.26,-30.74],[154.93,-30.04],[155.6,-29.33],[155.96,-28.82],[156.31,-28.31],[156.9,-27.7],[157.47,-27.08],[158.05,-26.46],[158.45,-26.08],[158.85,-25.7],[158.85,-25.7],[159.09,-25.92],[159.55,-26.07],[159.92,-26.17],[160.11,-26.26],[160.11,-26.26],[160.13,-26.29],[160.26,-26.58],[160.6,-27.02],[161.01,-27.66],[161.44,-28.12],[162.01,-28.65],[162.42,-28.98],[163.19,-29.43],[163.76,-29.7],[164.31,-30.07],[164.74,-30.34],[165.16,-30.56],[165.77,-31],[165.97,-31.1],[165.97,-31.1],[165.72,-31.21],[164.98,-31.66],[164.38,-31.98],[163.79,-32.3],[163,-32.55],[162.54,-32.67],[162.01,-32.92],[161.34,-33.24],[160.81,-33.63],[160.27,-33.79],[160.27,-33.79],[160.31,-34.07],[160.45,-34.5],[160.69,-35.05],[161.48,-35.63],[162.29,-36.21],[163.18,-36.78],[164.08,-37.35],[164.93,-37.78],[165.79,-38.2],[166.51,-38.66],[167.24,-39.11],[167.71,-39.7],[168.19,-40.29],[168.67,-40.88],[168.92,-41.27],[168.99,-41.4],[169.02,-41.47],[169.54,-42.2],[170.07,-42.92],[170.58,-43.44],[170.58,-43.44],[170.82,-43.93],[171.19,-44.41],[171.57,-44.89],[172.05,-45.51],[172.54,-46.13],[173.4,-46.74],[174.19,-46.99],[175.04,-47.15],[176.16,-47.17],[176.98,-47.3],[177.8,-47.42],[179.16,-47.4],[180,-47.57],[180,-48.53]]],[[[-180,-61.98],[-180,-61.02],[-180,-60.06],[-180,-59.09],[-180,-58.13],[-180,-57.17],[-180,-56.21],[-180,-55.25],[-180,-54.29],[-180,-53.33],[-180,-52.37],[-180,-51.41],[-180,-50.45],[-180,-49.49],[-180,-48.53],[-180,-47.57],[-178.67,-47.82],[-177.55,-48.24],[-176.41,-48.64],[-175.27,-48.94],[-174.11,-49.22],[-172.84,-49.56],[-171.55,-49.88],[-171.44,-50.02],[-171.27,-50.99],[-171.09,-51.96],[-170.9,-52.93],[-170.71,-53.89],[-171.34,-54.53],[-172.23,-55.09],[-173.13,-55.65],[-174.07,-56.2],[-175.24,-56.91],[-176.46,-57.61],[-177.21,-58.26],[-177.99,-58.9],[-178.54,-59.66],[-179.05,-60.32],[-179.18,-61.29],[-179.31,-62.17],[-180,-62.94],[-180,-61.98]]]]}},{"type":"Feature","properties":{"ma":55,"type":"gpml:TopologicalClosedPlateBoundary","name":"NeoTethys","pid":53401,"deforming":false},"geometry":{"type":"Polygon","coordinates":[[[100.65,2.13],[101.27,1.75],[101.89,1.37],[102.38,1.02],[102.87,0.66],[103.34,0.17],[103.81,-0.32],[104.28,-0.81],[104.65,-1.36],[105.02,-1.9],[105.53,-2.3],[106.03,-2.7],[106.52,-3.27],[107,-3.85],[107.72,-4.33],[108.45,-4.81],[109.17,-5.28],[109.35,-5.35],[109.35,-5.35],[110.12,-5.21],[110.9,-5.06],[111.67,-4.71],[112.44,-4.36],[113.2,-4.01],[113.97,-3.66],[114.71,-3.24],[115.44,-2.83],[116.17,-2.41],[116.9,-1.99],[116.9,-1.99],[116.8,-1.35],[116.8,-1.35],[117.25,-1.35],[117.79,-1.24],[118.32,-1.14],[119.29,-1.11],[119.6,-1.25],[119.6,-1.25],[119.47,-1.79],[119.34,-2.33],[119.13,-3.08],[118.92,-3.82],[118.7,-4.56],[118.7,-4.56],[117.73,-4.68],[116.76,-4.8],[115.78,-4.92],[114.81,-5.04],[113.84,-5.15],[112.86,-5.26],[111.89,-5.38],[110.91,-5.49],[109.93,-5.6],[109.33,-6.09],[108.72,-6.58],[108.11,-7.08],[107.64,-6.74],[107.06,-7.43],[106.48,-8.11],[105.9,-8.79],[105.32,-9.47],[104.68,-9.2],[104.04,-8.94],[103.41,-8.67],[102.65,-8.35],[101.89,-8.02],[101.13,-7.69],[100.17,-7.68],[99.22,-7.67],[99.22,-7.67],[99.32,-7.15],[99.45,-6.3],[99.58,-5.44],[99.71,-4.58],[99.83,-3.73],[99.96,-2.87],[100.09,-2.01],[100.2,-1.18],[100.31,-0.36],[100.43,0.47],[100.54,1.3],[100.65,2.13]]]}},{"type":"Feature","properties":{"ma":55,"type":"gpml:TopologicalClosedPlateBoundary","name":"Farallon","pid":902,"deforming":false},"geometry":{"type":"Polygon","coordinates":[[[-132.53,40.47],[-132.53,40.47],[-132.36,40.63],[-131.65,41.45],[-130.91,42.26],[-130.16,43.07],[-129.39,43.87],[-128.59,44.67],[-127.78,45.46],[-126.94,46.24],[-126.07,47.02],[-125.18,47.79],[-124.27,48.56],[-123.33,49.31],[-122.35,50.06],[-121.35,50.8],[-120.31,51.54],[-119.24,52.26],[-118.14,52.97],[-117.48,52.34],[-116.84,51.7],[-115.71,52.39],[-114.54,53.07],[-113.34,53.74],[-112.09,54.4],[-110.81,55.04],[-109.48,55.67],[-109.48,55.67],[-109.36,55.62],[-108.35,55.25],[-107.36,54.87],[-106.38,54.48],[-105.21,54.04],[-104.06,53.59],[-103.22,53.13],[-102.41,52.67],[-101.6,52.2],[-100.88,51.95],[-100.15,51.7],[-99.84,51.17],[-99.78,50.8],[-99.78,50.8],[-100.08,50.04],[-100.95,49.7],[-101.8,49.34],[-102.98,48.99],[-104.15,48.63],[-105.41,48.33],[-106.66,48.01],[-107.28,47.64],[-107.89,47.27],[-107.83,46.62],[-107.83,46.62],[-107.62,46.24],[-107.6,45.76],[-107.23,44.97],[-107.01,44.49],[-106.78,44.01],[-106.57,43.53],[-106.35,43.05],[-106.02,42.39],[-105.78,41.85],[-105.06,41.18],[-104.6,40.45],[-104.23,39.54],[-103.94,39],[-103.65,38.51],[-103.36,38.02],[-103.17,37.29],[-102.9,36.77],[-102.63,36.25],[-102.24,35.39],[-101.62,34.7],[-101.5,34.52],[-101.5,34.52],[-101.05,33.76],[-100.61,33],[-100.02,32.3],[-99.45,31.6],[-99.15,30.9],[-98.85,30.2],[-98.26,29.48],[-97.68,28.75],[-97.12,28.02],[-96.56,27.29],[-96,26.55],[-95.46,25.81],[-94.9,25.24],[-94.35,24.68],[-93.8,24.11],[-93.25,23.56],[-92.7,23],[-92.7,23],[-92.47,22.31],[-92.25,21.62],[-91.99,20.82],[-91.73,20.02],[-91.48,19.21],[-91.18,18.37],[-90.88,17.53],[-90.59,16.69],[-90.3,15.85],[-89.98,15.07],[-89.66,14.29],[-89.34,13.51],[-89.25,12.59],[-89.16,11.67],[-88.97,10.89],[-88.78,10.12],[-88.59,9.34],[-88.41,8.68],[-88.23,8.02],[-88.23,8.02],[-88.68,7.72],[-89.59,7.48],[-90.5,7.24],[-91.41,7],[-91.41,7],[-90.99,6.61],[-90.57,6.22],[-89.81,5.65],[-89.05,5.08],[-88.3,4.51],[-87.48,4.03],[-86.67,3.55],[-85.86,3.07],[-85.05,2.6],[-84.26,2.26],[-83.46,1.93],[-82.74,1.85],[-82.02,1.78],[-81.3,1.7],[-80.96,1.73],[-80.96,1.73],[-80.92,1.73],[-80.29,1.62],[-79.39,1.48],[-78.55,0.99],[-78.12,0.28],[-77.69,-0.42],[-77.31,-0.92],[-76.64,-1.38],[-76.64,-1.38],[-75.66,-1.16],[-74.69,-0.93],[-73.72,-0.75],[-72.76,-0.58],[-71.79,-0.4],[-70.83,-0.22],[-69.93,0.22],[-69.04,0.66],[-69.04,0.66],[-69.36,0.18],[-69.4,-0.11],[-69.57,-0.27],[-69.79,-0.58],[-70.03,-0.78],[-70.3,-1.1],[-70.59,-1.47],[-70.85,-1.81],[-71,-2.02],[-71.22,-2.35],[-71.45,-2.68],[-71.64,-3.09],[-71.8,-3.4],[-71.94,-3.75],[-72.14,-4.19],[-72.27,-4.47],[-72.38,-4.82],[-72.5,-5.21],[-72.53,-5.45],[-72.58,-5.66],[-72.64,-6.03],[-72.7,-6.31],[-72.73,-6.57],[-72.77,-6.85],[-72.86,-7.44],[-72.96,-8.04],[-72.96,-8.04],[-73.08,-8.8],[-73.2,-9.57],[-73.33,-10.34],[-73.45,-11.11],[-73.19,-11.94],[-72.92,-12.77],[-72.65,-13.6],[-72.36,-14.41],[-72.06,-15.22],[-71.76,-16.03],[-71.46,-16.85],[-71.16,-17.66],[-70.85,-18.47],[-70.45,-19.21],[-70.04,-19.95],[-69.62,-20.69],[-69.28,-21.32],[-68.93,-21.95],[-68.58,-22.58],[-67.84,-23.2],[-67.62,-23.7],[-67.41,-24.19],[-67.06,-24.87],[-66.92,-25.41],[-66.7,-25.96],[-66.48,-26.66],[-66.45,-27.57],[-66.42,-28.47],[-66.27,-29.28],[-66.13,-30.09],[-65.97,-30.9],[-65.82,-31.71],[-65.66,-32.52],[-65.57,-33.31],[-65.47,-34.1],[-65.37,-34.89],[-65.26,-35.68],[-65.41,-36.6],[-65.57,-37.52],[-65.73,-38.43],[-65.89,-39.35],[-66.05,-40.27],[-66.35,-40.99],[-66.64,-41.71],[-66.77,-42.14],[-66.82,-42.62],[-67.06,-43.21],[-67.26,-43.5],[-67.34,-43.87],[-67.41,-44.15],[-67.52,-44.62],[-67.61,-44.91],[-67.77,-45.43],[-67.89,-45.81],[-68.01,-46.21],[-68.12,-46.64],[-68.28,-47.3],[-68.35,-47.56],[-68.45,-47.92],[-68.52,-48.19],[-68.52,-48.19],[-69.58,-48.84],[-70.67,-49.49],[-71.79,-50.13],[-72.94,-50.75],[-74.12,-51.36],[-75.33,-51.97],[-76.57,-52.55],[-77.85,-53.13],[-79.16,-53.69],[-80.51,-54.24],[-81.89,-54.77],[-83.31,-55.28],[-84.76,-55.78],[-86.26,-56.26],[-87.79,-56.73],[-89.35,-57.17],[-90.96,-57.59],[-92.6,-57.99],[-92.6,-57.99],[-93.83,-57.73],[-95.11,-57.27],[-96.36,-56.8],[-97.58,-56.32],[-98.77,-55.82],[-99.93,-55.32],[-101.12,-54.79],[-102.28,-54.25],[-103.41,-53.7],[-103.41,-53.7],[-104.03,-53.03],[-104.63,-52.36],[-105.21,-51.68],[-105.77,-51],[-106.88,-51.32],[-108.02,-51.63],[-108.75,-50.75],[-109.45,-49.86],[-110.13,-48.97],[-110.78,-48.07],[-111.42,-47.17],[-112.03,-46.27],[-112.62,-45.36],[-113.19,-44.46],[-113.75,-43.54],[-114.28,-42.63],[-114.81,-41.71],[-115.32,-40.79],[-115.81,-39.87],[-116.29,-38.95],[-116.76,-38.02],[-117.22,-37.1],[-117.66,-36.17],[-118.1,-35.24],[-118.52,-34.31],[-117.61,-34],[-116.71,-33.69],[-115.81,-33.38],[-116.24,-32.48],[-116.66,-31.57],[-117.07,-30.67],[-117.48,-29.76],[-117.88,-28.85],[-118.27,-27.95],[-118.66,-27.04],[-117.79,-26.81],[-116.93,-26.58],[-117.16,-25.75],[-117.39,-24.93],[-117.62,-24.1],[-116.71,-23.81],[-115.81,-23.52],[-114.91,-23.22],[-114.02,-22.92],[-113.13,-22.61],[-113.43,-21.74],[-113.73,-20.88],[-114.03,-20.01],[-114.33,-19.14],[-114.62,-18.27],[-114.91,-17.4],[-115.19,-16.53],[-115.48,-15.66],[-115.76,-14.79],[-116.64,-15.09],[-117.53,-15.38],[-117.54,-15.39],[-117.54,-15.39],[-117.82,-14.48],[-118.1,-13.57],[-118.38,-12.65],[-118.66,-11.74],[-118.93,-10.83],[-119.2,-9.92],[-119.48,-9.01],[-119.75,-8.1],[-120.01,-7.19],[-119.13,-6.91],[-118.25,-6.63],[-117.37,-6.34],[-116.49,-6.06],[-115.61,-5.78],[-115.87,-4.89],[-116.13,-4],[-116.39,-3.11],[-116.65,-2.23],[-116.9,-1.34],[-117.16,-0.45],[-117.42,0.44],[-117.68,1.32],[-117.1,1.5],[-117.36,2.39],[-117.63,3.28],[-117.9,4.17],[-116.96,4.45],[-116.01,4.73],[-115.06,5.01],[-114.11,5.29],[-113.16,5.57],[-112.21,5.85],[-112.47,6.72],[-112.73,7.6],[-112.99,8.48],[-113.25,9.36],[-113.52,10.23],[-113.78,11.11],[-114.05,11.99],[-113.79,12.05],[-114.05,12.97],[-114.31,13.89],[-115.28,13.67],[-116.25,13.45],[-117.22,13.23],[-118.18,13],[-119.15,12.77],[-120.11,12.54],[-121.07,12.3],[-121.32,13.08],[-121.57,13.86],[-121.82,14.64],[-122.07,15.42],[-121.76,15.5],[-121.99,16.28],[-122.22,17.06],[-122.45,17.84],[-122.69,18.62],[-122.93,19.39],[-122.01,19.68],[-121.1,19.96],[-120.18,20.24],[-119.25,20.51],[-118.32,20.78],[-117.39,21.04],[-116.46,21.3],[-116.69,22.24],[-116.92,23.18],[-117.15,24.11],[-116.94,24.18],[-117.12,25],[-117.3,25.82],[-117.49,26.64],[-117.68,27.45],[-118.52,27.28],[-119.36,27.11],[-119.66,28.02],[-119.96,28.94],[-119.96,28.94],[-120.89,28.88],[-121.82,28.83],[-122.75,28.76],[-123.68,28.69],[-124.61,28.61],[-125.66,28.52],[-126.71,28.41],[-127.76,28.3],[-128.81,28.18],[-129.85,28.05],[-130.21,28.62],[-130.99,28.44],[-131.37,29.37],[-131.76,30.3],[-132.16,31.24],[-131.11,31.56],[-130.06,31.88],[-128.99,32.19],[-129.32,33],[-129.65,33.8],[-129.98,34.61],[-130.35,35.51],[-130.73,36.42],[-131.12,37.32],[-131.52,38.23],[-131.93,39.13],[-132.34,40.03],[-132.55,40.47],[-132.53,40.47]]]}},{"type":"Feature","properties":{"ma":55,"type":"gpml:TopologicalClosedPlateBoundary","name":"Kula","pid":918,"deforming":false},"geometry":{"type":"Polygon","coordinates":[[[-166.86,64.01],[-164.91,63.87],[-162.78,64.05],[-160.61,64.2],[-158.43,64.31],[-156.23,64.39],[-154.03,64.44],[-152.49,64.59],[-150.95,64.72],[-149.38,64.84],[-147.56,65.09],[-145.71,65.31],[-143.83,65.51],[-143.83,65.51],[-142.12,65.95],[-140.35,66.37],[-138.53,66.76],[-136.65,67.14],[-134.71,67.49],[-132.76,68.16],[-130.69,68.8],[-128.51,69.42],[-126.6,69.6],[-124.65,69.76],[-124.65,69.76],[-124.31,69.3],[-124.05,68.91],[-123.8,68.39],[-123.33,67.92],[-122.88,67.49],[-122.44,67.14],[-121.9,66.83],[-121.49,66.48],[-121.18,66.31],[-120.47,65.91],[-119.99,65.47],[-119.83,65.12],[-119.47,64.76],[-119.53,64.29],[-119.18,63.93],[-118.91,63.44],[-118.65,62.95],[-118.35,62.1],[-117.99,61.58],[-117.64,61.07],[-116.7,60.2],[-115.94,59.59],[-115.21,58.97],[-114.26,58.18],[-113.65,57.44],[-112.57,56.92],[-111.52,56.4],[-110.49,56.04],[-109.48,55.67],[-109.48,55.67],[-110.81,55.04],[-112.09,54.4],[-113.34,53.74],[-114.54,53.07],[-115.71,52.39],[-116.84,51.7],[-117.48,52.34],[-118.14,52.97],[-119.24,52.26],[-120.31,51.54],[-121.35,50.8],[-122.35,50.06],[-123.33,49.31],[-124.27,48.56],[-125.18,47.79],[-126.07,47.02],[-126.94,46.24],[-127.78,45.46],[-128.59,44.67],[-129.39,43.87],[-130.16,43.07],[-130.91,42.26],[-131.65,41.45],[-132.36,40.63],[-132.53,40.47],[-132.53,40.47],[-132.83,40.49],[-133.9,40.6],[-134.96,40.7],[-136.03,40.79],[-137.09,40.87],[-138.17,40.94],[-139.32,41.01],[-140.48,41.07],[-141.64,41.12],[-142.8,41.16],[-143.97,41.18],[-145.13,41.2],[-145.16,40.51],[-145.19,39.83],[-145.22,39.15],[-146.31,39.17],[-147.4,39.18],[-148.49,39.18],[-148.5,38.8],[-149.77,38.83],[-151.04,38.86],[-151.06,38.66],[-152.09,38.68],[-153.11,38.68],[-153.14,37.96],[-154.07,37.98],[-154.09,37.79],[-154.85,37.81],[-154.85,37.81],[-155.1,38.32],[-155.34,38.82],[-155.77,39.62],[-156.21,40.42],[-156.58,41.33],[-156.95,42.23],[-157.38,43.12],[-157.81,44.02],[-158.26,44.91],[-158.72,45.81],[-159.2,46.7],[-159.69,47.59],[-160.2,48.47],[-160.73,49.36],[-161.28,50.24],[-161.71,51.19],[-162.17,52.14],[-162.64,53.09],[-163.14,54.03],[-163.65,54.98],[-164.2,55.92],[-164.77,56.86],[-165.36,57.8],[-165.78,58.7],[-166.22,59.61],[-166.68,60.52],[-167.17,61.42],[-167.69,62.32],[-168.24,63.22],[-168.82,64.12],[-166.86,64.01]]]}},{"type":"Feature","properties":{"ma":55,"type":"gpml:TopologicalClosedPlateBoundary","name":"South PSP","pid":608,"deforming":false},"geometry":{"type":"Polygon","coordinates":[[[123.53,-3.21],[123.47,-2.38],[123.47,-2.38],[122.73,-2.25],[121.99,-2.12],[121.17,-2.09],[120.39,-1.73],[119.94,-1.4],[119.29,-1.11],[118.32,-1.14],[117.79,-1.24],[117.25,-1.35],[116.8,-1.35],[116.8,-1.35],[116.66,-0.52],[116.18,0.29],[115.69,1.09],[114.82,1.22],[113.95,1.34],[113.08,1.47],[112.32,1.93],[111.56,2.38],[110.79,2.83],[110.45,3.5],[110.1,4.16],[109.94,4.81],[109.78,5.46],[109.43,5.98],[109.09,6.5],[108.87,7.06],[108.65,7.62],[108.57,8.12],[108.48,8.62],[108.48,8.62],[109.25,8.85],[110.02,9.08],[110.78,9.32],[111.73,9.55],[112.68,9.79],[113.63,10.02],[114.55,10.29],[115.47,10.55],[116.11,10.44],[116.74,10.33],[117.34,10.18],[117.94,10.03],[117.94,10.03],[118.56,10.46],[119.19,10.89],[119.19,10.89],[120.04,10.48],[120.89,10.07],[121.74,9.65],[122.5,9.31],[123.26,8.98],[124.01,8.64],[124.76,8.3],[125.04,9.19],[125.86,8.73],[126.67,8.27],[127.48,7.81],[128.29,7.34],[129.09,6.87],[129.9,6.41],[130.7,5.94],[131.5,5.47],[131.7,5.9],[132.46,5.31],[133.22,4.72],[133.98,4.13],[134.74,3.54],[135.5,2.95],[136.26,2.36],[137.01,1.77],[137.77,1.18],[138.53,0.58],[139.28,-0.01],[140.04,-0.6],[140.72,-1.12],[141.36,-1.57],[141.99,-2.03],[142.63,-2.49],[143.34,-2.95],[144.06,-3.42],[144.78,-3.89],[145.49,-4.36],[145.49,-4.36],[145.47,-5.34],[145.46,-6.33],[145.44,-7.32],[145.42,-8.3],[145.4,-9.29],[145.38,-10.28],[145.25,-11.13],[145.13,-11.99],[145.13,-11.99],[144.4,-11.99],[143.68,-11.99],[142.95,-11.99],[142.03,-11.94],[141.11,-11.88],[140.19,-11.82],[139.58,-11.27],[138.98,-10.72],[138.48,-9.96],[137.98,-9.2],[137.58,-8.87],[137.17,-8.53],[136.62,-8.25],[136.07,-7.97],[135.46,-7.7],[134.86,-7.42],[133.91,-7.21],[132.96,-7],[132.25,-6.82],[131.55,-6.64],[130.85,-6.46],[129.97,-6.17],[129.09,-5.87],[128.21,-5.57],[127.5,-5.32],[126.79,-5.07],[126.08,-4.81],[125.41,-4.61],[124.74,-4.4],[124.07,-4.2],[123.59,-4.05],[123.53,-3.21]]]}},{"type":"Feature","properties":{"ma":55,"type":"gpml:TopologicalClosedPlateBoundary","name":"Adria","pid":307,"deforming":false},"geometry":{"type":"Polygon","coordinates":[[[12,31.77],[11.79,31.86],[10.79,32.23],[9.77,32.59],[8.74,32.94],[7.71,33.29],[6.67,33.62],[5.62,33.95],[4.56,34.27],[3.61,34.64],[2.64,35.01],[1.66,35.37],[0.68,35.72],[0.68,35.72],[1.31,36.34],[1.73,36.76],[2.17,37.19],[2.72,37.93],[2.72,37.93],[2.83,37.9],[3.62,37.15],[3.62,37.15],[3.71,37.11],[3.97,36.98],[4.34,36.89],[4.81,36.79],[5.27,36.8],[5.56,36.94],[6.21,37.06],[6.59,37.08],[6.88,37.07],[7.37,37.29],[7.8,36.81],[8.23,36.3],[8.27,36.1],[8.19,35.22],[8.5,34.36],[8.82,33.94],[9.51,33.58],[10.2,33.21],[10.8,33.08],[11.32,32.79],[11.47,32.61],[11.92,32.14],[12,31.77]]]}},{"type":"Feature","properties":{"ma":55,"type":"gpml:TopologicalClosedPlateBoundary","name":"NAM_55-45Ma","pid":101,"deforming":false},"geometry":{"type":"Polygon","coordinates":[[[-180,78.25],[-180,79.23],[-180,80.2],[-180,81.18],[-180,82.16],[-180,83.14],[-180,84.12],[-180,85.1],[-180,86.08],[-180,87.06],[-180,88.04],[-180,89.02],[-180,90],[180,90],[180,89.02],[180,88.04],[180,87.06],[180,86.08],[180,85.1],[180,84.12],[180,83.14],[180,82.16],[180,81.18],[180,80.2],[180,79.23],[180,78.25],[180,77.27],[176.22,77.52],[172.31,77.72],[168.29,77.86],[164.11,77.99],[159.86,78.06],[155.58,78.07],[151.32,78.02],[147.52,78.23],[143.61,78.39],[139.6,78.5],[135.54,78.55],[130.84,78.85],[125.92,79.06],[120.84,79.2],[115.68,79.25],[110.73,79.07],[105.97,78.81],[103.08,78.9],[103.08,78.9],[101.44,79.31],[100.2,80.28],[98.7,81.25],[95.53,82.08],[91.63,82.88],[86.78,83.64],[80.67,84.35],[71.76,84.67],[61.98,84.84],[51.84,84.86],[41.92,84.72],[36.17,84.44],[31.03,84.1],[29.82,84.07],[29.13,84.05],[28.28,84.02],[27.4,84],[26.43,83.99],[26.08,83.98],[26.08,83.98],[26.11,83.98],[26.11,83.98],[26.09,83.97],[20.86,83.5],[16.37,82.98],[14.14,82.76],[8.81,82.27],[4.14,81.72],[0.79,81.27],[-2.23,80.8],[-5.11,80.31],[-7.72,79.8],[-10.86,79.61],[-13.88,79.4],[-18.11,79.56],[-21.16,79.68],[-24.26,79.76],[-27.85,79.98],[-31.58,80.16],[-34.7,80.46],[-38.01,80.74],[-42.16,81.12],[-46.66,81.45],[-50.85,81.67],[-55.25,81.85],[-59.3,81.99],[-63.46,82.1],[-67.83,82.09],[-72.16,82.03],[-77.35,81.39],[-80.99,80.62],[-80.28,79.81],[-78.97,78.89],[-77,78.07],[-75.93,77.57],[-74.94,77.06],[-73.62,76.57],[-72.39,76.06],[-69.64,75.5],[-67.93,75.24],[-66.28,74.96],[-63.94,74.55],[-61.72,74.11],[-59.1,73.72],[-57.2,73.42],[-55.38,73.1],[-54.96,73.05],[-54.96,73.05],[-54.48,72.87],[-52.25,72.32],[-50.66,71.95],[-48.31,71.48],[-46.07,70.98],[-43.8,70.57],[-42.81,70.4],[-42.81,70.4],[-42.15,70.5],[-41.39,70.61],[-40.99,70.67],[-40.62,70.66],[-40.03,70.64],[-39.68,70.63],[-39.68,70.63],[-39.65,70.45],[-39.47,69.94],[-39.3,69.43],[-38.09,68.64],[-37.16,68.03],[-36.77,67.24],[-35.61,66.67],[-36.17,65.71],[-35.81,64.93],[-35.85,64.25],[-35.52,63.59],[-35.18,62.98],[-35.64,62.24],[-35.64,61.63],[-36.14,60.74],[-37.46,60.02],[-38.14,59.52],[-38.81,59.01],[-38.11,58.77],[-38.11,58.77],[-38.16,58.74],[-38.92,58.25],[-39.31,57.52],[-40,56.81],[-40.35,55.94],[-40.43,55.91],[-40.43,55.91],[-40.28,55.7],[-39.24,55.15],[-38.62,54.77],[-37.64,54.2],[-37.16,53.69],[-36.39,52.92],[-35.89,52.31],[-35.27,51.56],[-34.65,50.97],[-33.39,50.86],[-32.77,50.72],[-31.78,50.03],[-30.81,49.94],[-29.84,49.84],[-29.55,49.81],[-29.55,49.81],[-29.81,48.99],[-30.05,48.16],[-30.04,47.23],[-30.02,46.29],[-30.02,46.29],[-29.21,46.23],[-28.4,46.15],[-27.48,46.17],[-26.56,46.19],[-26.31,46.24],[-26.31,46.24],[-26.31,46.23],[-26.21,46.12],[-25.91,45.81],[-25.5,45.37],[-25.1,44.93],[-25.27,44.81],[-24.57,44.17],[-24.49,44.2],[-23.93,43.55],[-23.37,42.89],[-23.27,42.14],[-23.16,41.39],[-23.06,40.63],[-23.46,39.82],[-23.85,39],[-24.23,38.18],[-24.6,37.36],[-24.6,37.36],[-24.6,37.36],[-24.69,37.17],[-24.7,37.15],[-24.8,36.59],[-24.97,35.64],[-25.22,35.03],[-25.58,34.21],[-25.87,33.61],[-26.14,32.97],[-26.49,32.5],[-26.84,32.04],[-26.84,32.04],[-27.26,32.09],[-28.17,32.19],[-29.07,32.29],[-29.49,31.66],[-30.45,31.76],[-30.9,31.02],[-31.35,30.28],[-32.35,30.35],[-32.75,29.66],[-33.15,28.97],[-34.11,29.05],[-34.41,28.62],[-35.25,28.69],[-36.1,28.75],[-36.61,27.96],[-36.86,27.98],[-37.24,27.37],[-37.61,26.76],[-37.97,26.14],[-38.74,26.19],[-39.51,26.24],[-40.07,25.62],[-40.62,24.99],[-41.16,24.36],[-41.65,23.47],[-42.14,22.58],[-42.62,21.69],[-43.36,21.74],[-43.6,21.2],[-43.85,20.67],[-42.94,20.62],[-43.28,19.86],[-43.61,19.09],[-43.94,18.32],[-44.27,17.55],[-44.02,17.53],[-44.34,16.75],[-44.66,15.98],[-44.8,15.99],[-45.13,15.07],[-45.46,14.15],[-45.78,13.23],[-46.11,12.31],[-46.12,12.28],[-46.12,12.28],[-46.96,12.34],[-47.81,12.4],[-48.66,12.46],[-49.5,12.52],[-50.35,12.57],[-51.03,12.96],[-51.7,13.35],[-52.38,13.73],[-52.87,14.06],[-53.36,14.39],[-53.36,14.39],[-53.54,14.23],[-54.08,13.75],[-54.76,13.13],[-55.21,12.62],[-55.66,12.11],[-56.1,11.61],[-56.52,11.12],[-56.93,10.63],[-56.93,10.63],[-57.39,11.12],[-57.97,11.76],[-58.54,12.4],[-59.12,13.04],[-59.66,13.67],[-60.21,14.29],[-60.76,14.92],[-61.46,15.61],[-62.17,16.29],[-62.89,16.97],[-62.89,16.97],[-63.59,16.49],[-64.28,16],[-64.98,15.51],[-64.98,15.51],[-64.99,15.83],[-65.27,16.41],[-65.56,16.98],[-66.21,17.54],[-66.86,18.09],[-67.51,18.65],[-68.18,19.2],[-68.88,19.68],[-69.58,20.16],[-70.29,20.64],[-71.31,20.74],[-72.33,20.83],[-73.35,20.92],[-74.07,20.86],[-74.79,20.79],[-74.79,20.79],[-74.8,20.78],[-75.3,20.25],[-75.8,19.72],[-76.2,19.25],[-76.6,18.78],[-77.14,18.09],[-77.68,17.4],[-78,16.76],[-78.31,16.12],[-78.63,15.47],[-78.79,14.63],[-78.79,14.63],[-78.81,14.63],[-79.6,13.99],[-80.38,13.34],[-81.16,12.7],[-82.06,12.56],[-82.96,12.41],[-83.59,11.99],[-84.23,11.57],[-84.66,10.98],[-85.08,10.39],[-85.5,9.8],[-86.19,9.35],[-86.87,8.91],[-87.55,8.46],[-88.23,8.02],[-88.23,8.02],[-88.41,8.68],[-88.59,9.34],[-88.78,10.12],[-88.97,10.89],[-89.16,11.67],[-89.25,12.59],[-89.34,13.51],[-89.66,14.29],[-89.98,15.07],[-90.3,15.85],[-90.59,16.69],[-90.88,17.53],[-91.18,18.37],[-91.48,19.21],[-91.73,20.02],[-91.99,20.82],[-92.25,21.62],[-92.47,22.31],[-92.7,23],[-92.7,23],[-93.25,23.56],[-93.8,24.11],[-94.35,24.68],[-94.9,25.24],[-95.46,25.81],[-96,26.55],[-96.56,27.29],[-97.12,28.02],[-97.68,28.75],[-98.26,29.48],[-98.85,30.2],[-99.15,30.9],[-99.45,31.6],[-100.02,32.3],[-100.61,33],[-101.05,33.76],[-101.5,34.52],[-101.5,34.52],[-101.62,34.7],[-102.24,35.39],[-102.63,36.25],[-102.9,36.77],[-103.17,37.29],[-103.36,38.02],[-103.65,38.51],[-103.94,39],[-104.23,39.54],[-104.6,40.45],[-105.06,41.18],[-105.78,41.85],[-106.02,42.39],[-106.35,43.05],[-106.57,43.53],[-106.78,44.01],[-107.01,44.49],[-107.23,44.97],[-107.6,45.76],[-107.62,46.24],[-107.83,46.62],[-107.83,46.62],[-107.89,47.27],[-107.28,47.64],[-106.66,48.01],[-105.41,48.33],[-104.15,48.63],[-102.98,48.99],[-101.8,49.34],[-100.95,49.7],[-100.08,50.04],[-99.78,50.8],[-99.78,50.8],[-99.84,51.17],[-100.15,51.7],[-100.88,51.95],[-101.6,52.2],[-102.41,52.67],[-103.22,53.13],[-104.06,53.59],[-105.21,54.04],[-106.38,54.48],[-107.36,54.87],[-108.35,55.25],[-109.36,55.62],[-110.43,56.01],[-111.52,56.4],[-112.57,56.92],[-113.65,57.44],[-114.26,58.18],[-115.21,58.97],[-115.94,59.59],[-116.7,60.2],[-117.64,61.07],[-117.99,61.58],[-118.35,62.1],[-118.65,62.95],[-118.91,63.44],[-119.18,63.93],[-119.53,64.29],[-119.47,64.76],[-119.83,65.12],[-119.99,65.47],[-120.47,65.91],[-121.18,66.31],[-121.49,66.48],[-121.9,66.83],[-122.44,67.14],[-122.88,67.49],[-123.33,67.92],[-123.8,68.39],[-124.05,68.91],[-124.31,69.3],[-124.65,69.76],[-124.65,69.76],[-126.6,69.6],[-128.51,69.42],[-130.69,68.8],[-132.76,68.16],[-134.71,67.49],[-136.65,67.14],[-138.53,66.76],[-140.35,66.37],[-142.12,65.95],[-143.83,65.51],[-143.83,65.51],[-145.71,65.31],[-147.56,65.09],[-149.38,64.84],[-150.95,64.72],[-152.49,64.59],[-154.03,64.44],[-156.09,64.4],[-158.14,64.33],[-160.18,64.22],[-160.18,64.22],[-159.94,64.89],[-159.68,65.55],[-159.28,66.44],[-158.85,67.32],[-158.38,68.21],[-157.88,69.09],[-158.19,70.02],[-158.54,70.94],[-158.92,71.87],[-159.34,72.79],[-159.81,73.71],[-161.98,74.31],[-164.31,74.89],[-166.82,75.44],[-169.51,75.96],[-171.84,76.34],[-174.3,76.68],[-176.88,77.01],[-180,77.27],[-180,78.25]]]}},{"type":"Feature","properties":{"ma":55,"type":"gpml:TopologicalClosedPlateBoundary","name":"North PSP","pid":609,"deforming":false},"geometry":{"type":"Polygon","coordinates":[[[122.38,24.47],[123.24,24.06],[124.09,23.64],[124.94,23.21],[125.79,22.78],[126.63,22.35],[127.52,21.81],[128.4,21.26],[129.28,20.71],[130.15,20.16],[131.01,19.59],[131.79,19.03],[132.56,18.46],[133.32,17.89],[134.08,17.31],[134.84,16.73],[135.59,16.15],[136.33,15.57],[137.07,14.89],[137.81,14.21],[138.54,13.53],[139.27,12.85],[139.86,12.05],[140.45,11.26],[141.03,10.46],[141.61,9.66],[142.19,8.86],[142.76,8.06],[143.34,7.26],[143.91,6.45],[144.12,5.52],[144.32,4.59],[144.53,3.65],[144.74,2.72],[144.94,1.78],[145.15,0.85],[145.35,-0.08],[145.56,-1.02],[145.54,-1.85],[145.53,-2.69],[145.51,-3.52],[145.49,-4.36],[145.49,-4.36],[144.78,-3.89],[144.06,-3.42],[143.34,-2.95],[142.63,-2.49],[141.99,-2.03],[141.36,-1.57],[140.72,-1.12],[140.04,-0.6],[139.28,-0.01],[138.53,0.58],[137.77,1.18],[137.01,1.77],[136.26,2.36],[135.5,2.95],[134.74,3.54],[133.98,4.13],[133.22,4.72],[132.46,5.31],[131.7,5.9],[131.5,5.47],[130.7,5.94],[129.9,6.41],[129.09,6.87],[128.29,7.34],[127.48,7.81],[126.67,8.27],[125.86,8.73],[125.04,9.19],[124.76,8.3],[124.01,8.64],[123.26,8.98],[122.5,9.31],[121.74,9.65],[120.89,10.07],[120.04,10.48],[119.19,10.89],[119.19,10.89],[119.66,11.21],[120.14,11.54],[120.6,12.15],[121.06,12.77],[121.53,13.38],[121.99,13.99],[121.99,13.99],[121.99,14.6],[122.04,15.51],[122.08,16.42],[122.13,17.33],[122.17,18.24],[122.22,19.15],[122.26,20.06],[122.31,20.97],[122.36,21.88],[122.21,22.79],[122.06,23.71],[121.91,24.62],[122.38,24.47]]]}},{"type":"Feature","properties":{"ma":55,"type":"gpml:TopologicalClosedPlateBoundary","name":"Sepik/Proto Molucca Plate South","pid":781,"deforming":false},"geometry":{"type":"Polygon","coordinates":[[[114.9,-16.69],[115.23,-15.77],[115.55,-14.85],[115.87,-13.93],[116.18,-13.01],[116.5,-12.09],[116.76,-11.2],[117.03,-10.31],[117.29,-9.43],[117.55,-8.54],[117.81,-7.65],[118.06,-6.77],[118.32,-5.88],[118.58,-4.99],[118.83,-4.11],[119.09,-3.22],[119.34,-2.33],[119.47,-1.79],[119.6,-1.25],[119.6,-1.25],[119.94,-1.4],[120.39,-1.73],[121.17,-2.09],[121.99,-2.12],[122.73,-2.25],[123.47,-2.38],[123.47,-2.38],[123.53,-3.21],[123.59,-4.05],[123.59,-4.05],[124.07,-4.2],[124.74,-4.4],[125.41,-4.61],[126.08,-4.81],[126.79,-5.07],[127.5,-5.32],[128.21,-5.57],[129.09,-5.87],[129.97,-6.17],[130.85,-6.46],[131.55,-6.64],[132.25,-6.82],[132.96,-7],[133.91,-7.21],[134.86,-7.42],[135.46,-7.7],[136.07,-7.97],[136.62,-8.25],[137.17,-8.53],[137.58,-8.87],[137.98,-9.2],[138.48,-9.96],[138.98,-10.72],[139.58,-11.27],[140.19,-11.82],[141.11,-11.88],[142.03,-11.94],[142.95,-11.99],[143.68,-11.99],[144.4,-11.99],[145.13,-11.99],[145.13,-11.99],[144.99,-12.89],[144.86,-13.79],[144.72,-14.69],[144.59,-15.59],[144.45,-16.49],[144.31,-17.39],[144.31,-17.39],[144.85,-17.8],[145.39,-18.2],[145.85,-18.55],[146.3,-18.9],[146.3,-18.9],[145.56,-19.6],[144.81,-20.3],[144.2,-20.88],[143.58,-21.46],[143.15,-22.19],[142.71,-22.92],[142.27,-23.65],[141.89,-24.3],[141.52,-24.96],[141.26,-25.85],[141,-26.74],[140.73,-27.26],[140.46,-27.77],[140.46,-27.77],[139.87,-27.91],[139.28,-28.06],[138.44,-27.62],[137.6,-27.17],[137.14,-26.73],[136.32,-26.11],[135.69,-25.81],[135.06,-25.5],[134.16,-25.33],[133.27,-25.15],[132.39,-24.97],[131.5,-24.79],[130.57,-24.53],[129.64,-24.27],[128.56,-24.16],[127.48,-24.04],[126.55,-23.88],[125.62,-23.72],[124.71,-23.53],[123.8,-23.34],[122.9,-23.15],[122,-22.95],[121.1,-22.74],[120.41,-22.33],[119.73,-21.92],[119.05,-21.5],[118.33,-20.99],[117.61,-20.47],[116.9,-19.95],[116.2,-19.43],[115.65,-18.83],[115.11,-18.22],[114.57,-17.61],[114.9,-16.69]]]}},{"type":"Feature","properties":{"ma":55,"type":"gpml:TopologicalClosedPlateBoundary","name":"Alpine Mesh between Eurasia and East. Med. Subduction Zone","pid":0,"deforming":false},"geometry":{"type":"Polygon","coordinates":[[[24.8,39.83],[25.5,39.8],[26.21,39.77],[26.95,39.73],[27.68,39.69],[28.34,39.65],[29,39.6],[30.17,39.2],[31.2,38.83],[32.23,38.46],[33.08,38.39],[33.93,38.31],[34.74,38.25],[35.55,38.19],[35.55,38.19],[35.25,37.71],[34.96,37.24],[34.43,36.37],[33.77,35.55],[33.67,35.31],[33.67,35.31],[33.23,35.41],[32.32,35.59],[31.47,35.64],[30.63,35.69],[29.61,35.68],[28.8,35.65],[27.9,35.64],[26.92,35.59],[26.07,35.54],[25.21,35.44],[24.38,35.36],[23.42,35.23],[22.47,35.15],[21.43,35.1],[20.53,35.02],[19.61,34.97],[18.64,35.04],[17.74,35.14],[16.9,35.2],[16.12,35.42],[15.34,35.7],[14.64,36.04],[13.92,36.43],[13.44,37.03],[13.44,37.03],[13.27,37.54],[13.1,38.04],[12.74,38.66],[12.43,39.27],[12.05,39.86],[11.78,40.57],[11.78,40.99],[11.77,40.95],[11.72,41.01],[11.72,41.01],[12.31,41.03],[12.74,41.05],[13.24,41.06],[13.64,41.07],[14.17,41.09],[14.71,41.1],[14.31,40.7],[14.26,40.28],[14.55,40.08],[15.02,39.88],[15.6,39.69],[16.42,39.62],[17.48,39.64],[18.27,39.63],[19.07,39.61],[20,39.62],[21.16,39.71],[22.33,39.79],[23.49,39.86],[23.51,39.87],[24.8,39.83]]]}},{"type":"Feature","properties":{"ma":55,"type":"gpml:TopologicalNetwork","name":"Greater_India_East_Mesh","pid":801,"deforming":true},"geometry":{"type":"Polygon","coordinates":[[[98.71,-46.13],[97.63,-46.25],[96.55,-46.36],[95.47,-46.46],[94.42,-46.54],[93.37,-46.62],[93.37,-46.62],[94.13,-46.24],[94.71,-45.62],[95.28,-45.01],[94.48,-44.56],[93.7,-44.11],[92.92,-43.66],[93.29,-43.01],[93.65,-42.36],[94.48,-41.99],[95.3,-41.61],[96.1,-41.23],[96.46,-40.47],[95.94,-39.69],[96.73,-39.04],[97.43,-39.2],[98.12,-39.35],[99.01,-39.82],[99.92,-39.91],[100.83,-40.01],[101.87,-40.16],[102.91,-40.31],[103.58,-40.17],[103.87,-39.2],[104.31,-38.46],[104.75,-37.73],[105.34,-36.88],[105.68,-36.4],[106.02,-35.92],[106.24,-35.59],[107.01,-35.25],[107.78,-34.9],[108.54,-34.54],[109.24,-34.11],[109.94,-33.67],[109.75,-33.3],[110.71,-32.82],[111.65,-32.35],[112.59,-31.86],[113.35,-31.49],[114.11,-31.12],[114.86,-30.74],[115.2,-31.22],[115.54,-31.69],[116.24,-31.23],[116.94,-30.77],[117.62,-30.31],[117.62,-30.31],[118.24,-30.85],[118.87,-31.4],[119.64,-31.97],[120.41,-32.54],[121.2,-33.1],[122,-33.65],[122.81,-34.2],[123.63,-34.75],[124.46,-35.29],[124.46,-35.29],[123.76,-35.53],[123.06,-35.76],[122.09,-36.34],[121.1,-36.91],[120.41,-37.3],[119.71,-37.69],[119.01,-38.07],[118.41,-38.86],[117.57,-39.19],[116.72,-39.52],[115.86,-39.85],[114.8,-40.26],[113.73,-40.66],[112.83,-40.98],[111.92,-41.29],[111,-41.6],[110.12,-42.2],[109.22,-42.79],[108.32,-43.32],[107.4,-43.84],[106.47,-44.35],[105.5,-44.57],[104.53,-44.78],[103.55,-44.98],[102.54,-45.22],[101.53,-45.44],[100.5,-45.65],[99.77,-46],[98.71,-46.13]]]}},{"type":"Feature","properties":{"ma":55,"type":"gpml:TopologicalNetwork","name":"aus_antarc_india_mesh","pid":801,"deforming":true},"geometry":{"type":"Polygon","coordinates":[[[87.2,-46.58],[87.35,-46.56],[88.25,-46.2],[89.15,-45.83],[90.03,-45.46],[90.41,-45.85],[90.3,-46.63],[90.19,-47.41],[90.86,-47.78],[91.53,-48.14],[92.24,-47.77],[92.74,-47.24],[93.23,-46.71],[94.32,-46.62],[95.4,-46.52],[96.48,-46.41],[97.56,-46.29],[97.56,-46.29],[97.06,-47.17],[97.09,-47.86],[97.12,-48.54],[97.03,-49.04],[96.91,-49.65],[96.78,-50.29],[96.65,-50.93],[96.69,-51.53],[96.73,-52.12],[96.9,-52.85],[97.07,-53.57],[97.19,-54.27],[97.32,-54.96],[97.12,-55.74],[96.92,-56.51],[96.48,-57.06],[96.04,-57.6],[96.04,-57.6],[95.15,-57.49],[93.56,-57.75],[93.27,-57.71],[93.27,-57.71],[93.93,-57.38],[93.7,-56.49],[93.48,-55.61],[93.8,-55.81],[94.03,-56.04],[94.77,-55.58],[94.99,-55.29],[95.1,-55.2],[95.09,-54.56],[95.2,-54.52],[95.51,-54.55],[95.71,-54.51],[95.72,-54.18],[95.62,-53.89],[95.01,-53.41],[95.01,-53.3],[94.61,-52.97],[94.82,-52.88],[93.92,-52.1],[93.1,-51.4],[92.74,-50.96],[92.38,-50.51],[91.63,-50.03],[90.86,-49.49],[90.1,-48.94],[89.47,-48.61],[88.87,-47.99],[88.42,-47.65],[88.42,-47.65],[88.45,-47.54],[87.82,-47.06],[87.2,-46.58]]]}},{"type":"Feature","properties":{"ma":55,"type":"gpml:TopologicalNetwork","name":"IA_PNG_Jurassic_Deforming_Network","pid":615,"deforming":true},"geometry":{"type":"Polygon","coordinates":[[[125.49,-26.18],[125.75,-26.79],[125.99,-27.33],[125.99,-27.33],[127.06,-27.44],[127.73,-27.49],[128.75,-27.69],[129.29,-27.75],[129.81,-27.88],[130.45,-28.04],[131.33,-28.22],[131.87,-28.36],[132.14,-28.38],[132.48,-28.54],[132.48,-28.54],[132.64,-28.18],[132.97,-27.87],[132.97,-27.87],[133.07,-27.87],[133.8,-27.87],[134.72,-28.12],[135.57,-28.44],[135.77,-28.56],[135.75,-28.88],[135.67,-29],[135.61,-29.25],[135.61,-29.25],[135.7,-29.29],[136.26,-29.58],[136.67,-29.86],[137.2,-30.5],[137.73,-30.96],[138.14,-31.15],[138.14,-31.15],[138.1,-31.25],[138.1,-31.25],[137.21,-31.67],[136.8,-32.33],[136.7,-32.44],[136.7,-32.44],[136.28,-32.18],[135.37,-31.7],[134.71,-31.44],[134.06,-31.17],[133.75,-31.03],[133.45,-30.87],[133.19,-30.72],[132.96,-30.52],[132.96,-30.29],[133.03,-30.07],[133.04,-30.02],[132.62,-29.9],[132.3,-29.85],[132.04,-29.73],[131.58,-29.6],[130.92,-29.44],[130.51,-29.28],[129.74,-29.2],[129.32,-29.13],[128.76,-29.09],[128.39,-29.06],[127.76,-29.02],[127.29,-28.97],[126.32,-28.72],[125.97,-28.69],[125.37,-28.62],[125,-28.55],[124.22,-28.32],[123.78,-28.23],[122.91,-27.73],[122.04,-27.22],[121.51,-26.51],[120.95,-25.79],[120.9,-25.24],[120.85,-24.69],[120.78,-24.4],[120.78,-24.4],[120.81,-24.41],[121.4,-24.48],[122,-24.55],[122.56,-24.77],[123.13,-25],[123.7,-25.34],[124.27,-25.68],[124.95,-25.94],[125.49,-26.18]]]}},{"type":"Feature","properties":{"ma":55,"type":"gpml:TopologicalNetwork","name":"Inactive_PNG_Jurassic_Deforming_Network","pid":615,"deforming":true},"geometry":{"type":"Polygon","coordinates":[[[125.18,-23.38],[125.18,-23.38],[125.22,-23.28],[125.86,-22.7],[126.63,-22.39],[127.4,-22.43],[128.17,-22.46],[129.17,-22.65],[130.16,-22.84],[131.19,-23.07],[132.22,-23.29],[133.24,-23.64],[134.26,-23.98],[135.28,-24.32],[136,-24.9],[136.72,-25.48],[136.56,-25.98],[136.56,-26],[136.56,-26],[136.17,-25.79],[135.8,-25.58],[135.41,-25.49],[134.97,-25.39],[134.18,-25.2],[133.24,-25.01],[132.5,-24.86],[131.76,-24.7],[131.18,-24.57],[130.59,-24.44],[129.65,-24.27],[128.78,-24.11],[128.04,-24.04],[127.32,-23.97],[126.28,-23.76],[125.51,-23.64],[125.48,-23.64],[125.18,-23.38]]]}},{"type":"Feature","properties":{"ma":55,"type":"gpml:TopologicalNetwork","name":"Inactive_aus_antarc_india_mesh","pid":802,"deforming":true},"geometry":{"type":"Polygon","coordinates":[[[95.94,-64.01],[94.41,-64.15],[92.86,-64.27],[91.69,-64.53],[90.49,-64.78],[89.14,-65],[87.78,-65.21],[86.6,-65.55],[85.4,-65.87],[83.92,-65.92],[82.45,-65.96],[81.15,-65.99],[79.84,-66.01],[78.17,-66.13],[76.47,-66.23],[74.79,-66.47],[73.07,-66.7],[71.53,-66.99],[70.91,-67.95],[69.64,-68.73],[68.44,-69.17],[67.12,-69.78],[65.72,-70.38],[64.81,-71.14],[63.82,-71.9],[63.28,-70.95],[62.82,-70.06],[63,-69.49],[63.17,-68.92],[63.8,-68.43],[64.42,-67.93],[65.33,-67.27],[63.6,-67.46],[61.13,-67.47],[59.44,-67.41],[57.77,-67.34],[55.94,-67.21],[54.13,-67.07],[52.35,-66.9],[51.12,-66.65],[49.93,-66.39],[48.67,-65.76],[46.77,-65.73],[44.88,-66.17],[42.63,-66.59],[40.3,-66.97],[38.24,-67.46],[36.1,-67.93],[34.32,-68.41],[32.47,-68.88],[30.12,-68.71],[27.8,-68.51],[25.99,-68.09],[24.25,-67.66],[23.24,-67.21],[22.27,-66.75],[22.27,-66.75],[23.17,-66.37],[24.05,-65.98],[24.78,-65.61],[25.6,-65.31],[26.58,-64.91],[27.02,-64.87],[27.49,-64.95],[27.85,-65.31],[27.9,-65.57],[27.74,-65.87],[27.56,-66.26],[27.47,-66.6],[27.55,-66.82],[27.95,-67.14],[28.69,-67.32],[30.22,-67.49],[31.78,-67.65],[32.56,-66.99],[33.34,-67.04],[34.08,-67.13],[34.29,-67.11],[35.29,-66.45],[35.76,-65.97],[36.57,-65.57],[38.25,-65.2],[39.88,-64.8],[40.92,-64.31],[41.93,-63.81],[43.44,-63.71],[43.44,-63.71],[45.54,-63.79],[46.82,-63.97],[48.25,-64.13],[50.41,-64.38],[50.8,-63.7],[50.93,-63.64],[52.08,-63.69],[53.24,-63.74],[54.87,-63.77],[56.81,-63.8],[58.52,-63.98],[59.2,-64],[60.23,-64.02],[61.84,-63.94],[62.68,-63.86],[63.6,-63.77],[64.22,-63.96],[65.2,-64.25],[66.94,-63.64],[67.36,-63.7],[68.03,-63.77],[69.24,-63.91],[69.45,-64.29],[69.61,-64.58],[70.21,-64.67],[71.6,-64.77],[72.89,-64.85],[74.64,-64.97],[75.61,-65.02],[77,-65],[78.38,-64.97],[79.04,-64.91],[79.42,-64.83],[80.83,-64.74],[82.22,-64.63],[83.52,-64.51],[85.2,-64.24],[86.85,-63.94],[87.89,-63.65],[88.9,-63.36],[88.69,-62.71],[88.56,-62.22],[90.52,-62.1],[92.55,-62.01],[94.57,-61.9],[95.52,-62.19],[96.34,-62.34],[97.08,-62.49],[97.08,-62.49],[97,-62.43],[97,-62.43],[97.14,-63.02],[97.28,-63.6],[97.46,-63.85],[95.94,-64.01]]]}},{"type":"Feature","properties":{"ma":55,"type":"gpml:TopologicalNetwork","name":"Inactive_Western_Deforming_Network","pid":801,"deforming":true},"geometry":{"type":"Polygon","coordinates":[[[148.9,-39.96],[149.1,-40.4],[149.41,-40.92],[149.97,-41.81],[150.31,-42.38],[150.83,-43.23],[150.82,-44.08],[151.26,-44.36],[151.36,-45.34],[151.55,-46.33],[151.76,-47.31],[151.97,-48.29],[152.32,-48.61],[152.46,-49.12],[152.61,-49.63],[152.69,-49.91],[152.57,-50.87],[152.53,-51.21],[152.71,-51.73],[152.89,-52.26],[152.97,-52.5],[152.9,-53.13],[152.83,-53.77],[152.83,-53.79],[152.65,-54.42],[152.47,-55.05],[152.2,-56],[151.93,-56.94],[151.98,-57.16],[152.11,-57.73],[152.24,-58.29],[151.03,-58.65],[150.26,-58.9],[150.26,-58.9],[149.94,-58.53],[149.58,-57.93],[149.51,-57.3],[149.42,-56.66],[149.93,-55.89],[150.05,-55.47],[150.09,-55.17],[150.34,-54.23],[150.66,-53.58],[151,-52.74],[150.73,-51.92],[150.66,-51.26],[150.9,-50.71],[151.14,-50.17],[151.14,-49.6],[150.73,-49.1],[150.57,-48.44],[150.13,-47.89],[150.06,-46.95],[149.56,-46.04],[149.26,-45.33],[149.77,-44.6],[149.68,-43.95],[149.53,-43.09],[149.2,-42.64],[148.39,-42.09],[147.6,-41.48],[147.11,-40.84],[146.55,-40.1],[146.06,-39.51],[146.06,-39.51],[146.84,-39.21],[147.61,-38.89],[148.38,-38.58],[148.38,-38.58],[148.63,-39.2],[148.9,-39.96]]]}},{"type":"Feature","properties":{"ma":55,"type":"gpml:TopologicalNetwork","name":"Inactive_Central_Atlantic_Mesh","pid":101,"deforming":true},"geometry":{"type":"Polygon","coordinates":[[[-38.35,38.36],[-38.66,38.59],[-39.25,38.93],[-39.77,39.01],[-40.44,39.49],[-40.96,39.65],[-41.87,39.45],[-42.81,39.44],[-43.76,39.41],[-44.6,38.95],[-45.16,38.56],[-45.54,38.3],[-46.03,38.09],[-46.59,37.98],[-47.28,38.23],[-48.16,38.67],[-49.01,38.82],[-49.71,38.86],[-49.91,38.86],[-50.18,38.72],[-50.57,38.55],[-50.72,38.49],[-50.83,38.44],[-50.93,38.37],[-51.03,38.31],[-51.32,38.16],[-51.66,37.95],[-51.8,37.84],[-52.02,37.71],[-52.17,37.63],[-52.3,37.54],[-52.51,37.42],[-52.72,37.3],[-52.88,37.18],[-53.25,37.13],[-53.58,37.26],[-53.89,37.39],[-54.36,37.55],[-54.64,37.48],[-54.9,37.44],[-55.21,37.45],[-55.56,37.43],[-55.91,37.44],[-56.15,37.45],[-56.43,37.47],[-56.71,37.54],[-57.06,37.62],[-57.27,37.68],[-57.62,37.54],[-57.79,37.49],[-58.24,37.51],[-59.05,37.41],[-59.71,37.15],[-60.31,36.69],[-60.65,36.04],[-61.06,35.55],[-61.23,35.26],[-61.27,34.84],[-61.27,34.43],[-61.37,33.88],[-61.87,33.4],[-62.35,32.93],[-62.84,32.5],[-63.22,32.15],[-63.87,31.65],[-64.25,31.19],[-65.1,31.01],[-66,30.79],[-66.91,30.55],[-67.32,30.22],[-67.64,29.88],[-67.3,29.54],[-67.26,29.33],[-67.5,28.89],[-67.37,28.39],[-67.23,27.47],[-67.16,27.16],[-67.15,26.73],[-67.16,26.65],[-67.16,26.65],[-67.63,26.71],[-68.38,26.89],[-69.09,27.24],[-69.56,27.81],[-70.06,28.2],[-70.67,28.55],[-71.2,28.97],[-71.36,29.49],[-72.13,29.87],[-72.69,30.28],[-73.26,30.69],[-73.26,30.69],[-72.64,30.85],[-72.3,30.89],[-72.01,31.22],[-71.59,31.65],[-71.2,32],[-70.8,32.33],[-70.69,32.54],[-70.3,32.66],[-69.94,32.78],[-69.35,32.98],[-68.62,33.17],[-67.89,33.36],[-67.27,33.82],[-66.76,34.3],[-66.58,35.07],[-66.42,35.7],[-65.68,36.05],[-64.78,36.63],[-64.38,36.95],[-63.8,37.44],[-63.23,37.93],[-62.91,38.38],[-62.72,38.83],[-62.2,39],[-62.04,39.11],[-61.73,39.1],[-61.35,39.02],[-60.99,39.02],[-60.4,39.17],[-60.09,39.21],[-59.86,39.21],[-59.47,39.48],[-59.05,39.74],[-58.45,39.87],[-58,40.19],[-57.73,40.75],[-57.41,40.83],[-56.91,40.69],[-56.24,40.95],[-55.62,40.96],[-54.63,40.99],[-53.59,41.1],[-52.91,41.23],[-51.89,41.32],[-51.2,41.59],[-50.26,41.94],[-49.46,42.15],[-48.72,42.24],[-47.87,42.31],[-47.42,42.31],[-46.8,42.16],[-45.95,42.03],[-45.19,42.02],[-44.54,41.99],[-43.89,41.94],[-43.21,41.86],[-42.38,41.74],[-41.47,41.48],[-40.63,41.21],[-39.65,40.98],[-39.25,40.83],[-39.08,40.59],[-38.81,40.47],[-38.67,40.3],[-38.55,40.19],[-38.36,39.98],[-38.07,39.75],[-38.18,39.65],[-38.39,39.57],[-38.79,39.63],[-38.8,39.44],[-38.69,39.2],[-38.25,39.32],[-38.19,39.32],[-38.04,39.26],[-38.1,39.05],[-38.21,38.65],[-37.9,38.52],[-37.9,38.52],[-38.35,38.36]]]}},{"type":"Feature","properties":{"ma":55,"type":"gpml:TopologicalNetwork","name":"Inactive Deforming Network","pid":701,"deforming":true},"geometry":{"type":"Polygon","coordinates":[[[-2.36,-3.07],[-3.16,-2.67],[-3.95,-2.26],[-3.95,-2.26],[-3.21,-1.81],[-2.79,-1.56],[-2.79,-1.56],[-2.49,-1.63],[-1.73,-1.86],[-1.31,-2.13],[-0.89,-2.41],[-0.55,-2.88],[-0.2,-3.35],[0.07,-4.09],[0.06,-4.71],[0.05,-5.33],[-0.2,-6.03],[-0.45,-6.73],[-0.7,-7.43],[-0.59,-7.94],[-0.48,-8.45],[-0.3,-9.43],[-0.34,-10.29],[-0.28,-10.84],[-0.22,-11.39],[0.07,-11.87],[0.36,-12.34],[0.95,-12.79],[1.38,-13.58],[1.58,-14.04],[1.77,-14.5],[1.9,-15.36],[1.97,-16.18],[2.2,-16.99],[2.57,-17.91],[2.82,-18.75],[2.81,-19.42],[2.69,-19.97],[2.57,-20.51],[2.13,-21.27],[1.77,-21.65],[1.4,-22.03],[0.83,-22.86],[0.6,-23.37],[0.37,-23.88],[0.13,-24.49],[-0.11,-25.1],[-0.27,-25.63],[-0.44,-26.17],[-0.31,-27.11],[-0.12,-27.73],[0.07,-28.36],[0.23,-28.84],[0.38,-29.33],[0.63,-30.17],[1.06,-31.02],[1.2,-31.68],[1.33,-32.34],[1.51,-33.29],[1.58,-33.84],[1.65,-34.4],[1.75,-34.96],[1.86,-35.53],[1.98,-36.07],[2.1,-36.61],[2.6,-37.42],[3.15,-38.26],[3.43,-38.8],[3.72,-39.35],[3.9,-39.98],[4.08,-40.61],[4.25,-41.54],[4.41,-42.47],[4.66,-43.07],[4.92,-43.68],[5.46,-44.13],[6.01,-44.57],[6.6,-45.1],[7.21,-45.62],[8.04,-46.19],[8.04,-46.19],[7.35,-46.51],[6.64,-46.83],[6.64,-46.83],[6.11,-46.39],[5.59,-45.94],[5.6,-45.89],[4.9,-45.22],[4.56,-44.9],[4.02,-44.39],[3.56,-43.91],[3.19,-43.53],[2.67,-42.91],[2.43,-42.62],[1.96,-41.94],[1.43,-41.2],[1.18,-40.73],[0.9,-40.21],[0.72,-39.86],[0.65,-39.67],[0.45,-39.08],[0.27,-38.54],[0.23,-38.42],[0.1,-37.91],[-0.03,-37.39],[-0.04,-37.31],[-0.19,-36.55],[-0.2,-36.5],[-0.3,-35.79],[-0.32,-35.61],[-0.36,-35.04],[-0.38,-34.7],[-0.43,-34.29],[-0.48,-33.8],[-0.54,-33.54],[-0.68,-32.92],[-0.71,-32.77],[-0.86,-32.03],[-0.85,-31.99],[-0.85,-31.23],[-0.84,-31.12],[-0.88,-30.46],[-0.9,-30.22],[-1,-29.68],[-1.06,-29.33],[-1.11,-28.92],[-1.16,-28.43],[-1.17,-28.14],[-1.19,-27.52],[-1.19,-27.4],[-1.19,-26.82],[-1.19,-26.61],[-1.18,-26.51],[-1.15,-26.3],[-1.14,-26.11],[-1.1,-25.8],[-1.09,-25.71],[-1.01,-25.34],[-0.91,-24.82],[-0.89,-24.77],[-0.71,-24.25],[-0.61,-23.95],[-0.41,-23.63],[-0.13,-23.16],[0.05,-22.61],[0.15,-22.3],[0.18,-22.04],[0.27,-21.4],[0.28,-21.24],[0.34,-20.49],[0.31,-20.34],[0.14,-19.6],[0.12,-19.54],[-0.18,-18.84],[-0.22,-18.77],[-0.45,-18.09],[-0.51,-17.92],[-0.56,-17.27],[-0.58,-17.01],[-0.62,-16.45],[-0.65,-16.1],[-0.67,-15.66],[-0.7,-15.2],[-0.73,-14.83],[-0.77,-14.29],[-0.93,-14.04],[-1.23,-13.56],[-1.35,-13.45],[-1.92,-12.95],[-1.96,-12.88],[-2.38,-12.22],[-2.4,-12.19],[-2.56,-11.54],[-2.61,-11.32],[-2.51,-10.86],[-2.41,-10.44],[-2.34,-10.09],[-2.22,-9.55],[-2.22,-9.38],[-2.2,-8.79],[-2.2,-8.65],[-2.14,-8.49],[-1.94,-7.97],[-1.88,-7.81],[-1.24,-7.17],[-0.86,-6.39],[-0.54,-5.66],[-0.5,-5.56],[-0.52,-4.7],[-0.52,-4.67],[-1.01,-4.08],[-1.09,-3.98],[-1.65,-3.54],[-1.8,-3.42],[-2.35,-3.04],[-2.36,-3.07]]]}},{"type":"Feature","properties":{"ma":55,"type":"gpml:TopologicalNetwork","name":"Inactive Deforming Network","pid":201,"deforming":true},"geometry":{"type":"Polygon","coordinates":[[[-25.23,-9.57],[-25.03,-10.15],[-24.97,-10.33],[-24.82,-10.98],[-24.79,-11.11],[-24.65,-11.85],[-24.64,-11.88],[-24.52,-12.61],[-24.51,-12.67],[-24.68,-13.16],[-24.91,-13.69],[-25.05,-13.96],[-25.11,-14.08],[-25.77,-14.55],[-26.12,-14.71],[-26.51,-14.89],[-27.04,-15.48],[-27.17,-15.65],[-27.54,-16.11],[-27.75,-16.41],[-28,-16.77],[-28.31,-17.16],[-28.5,-17.41],[-28.85,-18.09],[-28.87,-18.12],[-28.72,-18.89],[-28.7,-18.97],[-28.47,-19.65],[-28.38,-19.79],[-28.04,-20.33],[-28,-20.62],[-27.95,-21.11],[-28.02,-21.46],[-28.12,-21.89],[-28.28,-22.31],[-28.4,-22.64],[-28.54,-23.17],[-28.6,-23.42],[-28.69,-24.02],[-28.72,-24.21],[-28.79,-24.92],[-28.8,-25],[-28.99,-25.78],[-29,-25.84],[-29.03,-26.58],[-29.04,-26.72],[-29.12,-27.37],[-29.19,-27.51],[-29.46,-28.07],[-29.74,-28.3],[-30.05,-28.56],[-30.22,-28.99],[-30.34,-29.3],[-30.63,-29.54],[-30.93,-29.78],[-31.63,-30.2],[-31.68,-30.24],[-32.29,-30.69],[-32.85,-31],[-33,-31.09],[-33.78,-31.36],[-34.6,-31.52],[-35.42,-31.69],[-35.67,-31.76],[-36.21,-31.92],[-36.85,-32.41],[-36.92,-32.51],[-37.3,-33.07],[-37.43,-33.32],[-37.66,-33.78],[-37.93,-34.15],[-38.15,-34.43],[-38.51,-34.86],[-38.68,-35.05],[-39.15,-35.57],[-39.23,-35.66],[-39.76,-36.28],[-39.78,-36.31],[-40.28,-36.9],[-40.35,-37.04],[-40.64,-37.62],[-40.76,-37.88],[-40.99,-38.35],[-41.19,-38.74],[-41.35,-39.07],[-41.66,-39.6],[-41.76,-39.77],[-42.18,-40.41],[-42.2,-40.45],[-42.68,-41.12],[-42.73,-41.19],[-43.14,-41.77],[-43.55,-42.35],[-43.66,-42.45],[-44.11,-42.93],[-44.41,-43.51],[-44.55,-43.68],[-44.83,-44.01],[-45.28,-44.5],[-45.69,-44.93],[-46.16,-45.4],[-46.63,-45.86],[-47.22,-46.54],[-47.48,-46.84],[-47.84,-47.53],[-48.08,-47.97],[-48.32,-48.52],[-48.59,-49.13],[-48.69,-49.53],[-48.91,-50.35],[-49.11,-50.92],[-49.31,-51.48],[-49.4,-51.91],[-49.4,-51.91],[-50.84,-51.7],[-50.84,-51.7],[-50.99,-50.99],[-50.98,-50.5],[-50.94,-50],[-50.9,-49.5],[-50.69,-48.8],[-50.49,-48.11],[-50.21,-47.41],[-49.84,-46.8],[-49.18,-45.91],[-48.59,-45.26],[-48.01,-44.6],[-47.45,-43.95],[-46.95,-43.27],[-46.54,-42.73],[-46.14,-42.2],[-45.82,-41.94],[-45.15,-41.36],[-44.5,-40.78],[-43.98,-40.3],[-43.46,-39.82],[-43.02,-39.02],[-42.67,-38.21],[-42.24,-37.38],[-41.76,-36.66],[-41.44,-36.07],[-40.91,-35.25],[-40.4,-34.46],[-40.03,-33.64],[-39.91,-33.47],[-39.42,-33.02],[-39.08,-32.08],[-39.12,-31.17],[-39.02,-30.64],[-38.93,-30.11],[-38.55,-29.67],[-38.18,-29.24],[-37.27,-28.66],[-36.71,-28.42],[-36.15,-28.17],[-35.31,-27.81],[-34.54,-27.65],[-33.76,-27.49],[-33.09,-27.29],[-32.42,-27.09],[-31.8,-26.48],[-31.58,-26.01],[-31.34,-25.54],[-30.92,-24.91],[-30.81,-24.29],[-30.73,-23.77],[-30.61,-23.32],[-30.37,-22.78],[-30.26,-22.21],[-30.07,-21.83],[-30.06,-21.41],[-29.92,-20.94],[-29.73,-20.44],[-29.67,-19.82],[-29.66,-19.18],[-29.54,-18.63],[-29.64,-18.04],[-29.61,-17.53],[-29.53,-17.18],[-29.28,-16.48],[-29.22,-15.99],[-29.21,-15.55],[-29.23,-15.02],[-29.27,-14.57],[-29.35,-14.13],[-29.28,-13.76],[-29.1,-13.49],[-28.89,-13.26],[-28.44,-12.97],[-28.26,-12.73],[-29.11,-12.8],[-29.95,-12.43],[-30.46,-12.13],[-30.79,-12.33],[-30.83,-12.76],[-31.21,-12.77],[-31.57,-12.51],[-31.77,-12.12],[-31.65,-11.84],[-31.26,-11.42],[-30.87,-11.01],[-30.26,-10.76],[-29.88,-10.39],[-29.56,-10.45],[-29.23,-9.93],[-28.86,-9.65],[-28.22,-9.46],[-27.86,-9.14],[-27.93,-8.77],[-28.15,-8.59],[-28.15,-8.59],[-27.48,-8.47],[-26.81,-8.36],[-26.81,-8.36],[-26.54,-8.49],[-26.11,-8.7],[-25.67,-9.14],[-25.23,-9.57]]]}},{"type":"Feature","properties":{"ma":55,"type":"gpml:TopologicalNetwork","name":"Inactive Deforming Network","pid":201,"deforming":true},"geometry":{"type":"Polygon","coordinates":[[[-40.15,-0.28],[-40.02,-0.42],[-39.37,-1.17],[-38.94,-1.54],[-38.61,-1.83],[-37.96,-2.59],[-37.66,-2.85],[-37.22,-3.24],[-36.37,-3.76],[-36.25,-3.82],[-35.53,-4.19],[-35.48,-4.22],[-35.13,-4.54],[-34.75,-4.9],[-34.66,-5.01],[-34.13,-5.69],[-33.81,-5.92],[-33.35,-6.25],[-32.35,-6.32],[-31.85,-6.34],[-31.35,-6.35],[-31.09,-6.38],[-30.35,-6.47],[-30.23,-6.53],[-29.74,-6.75],[-29.45,-6.88],[-29.08,-7.12],[-28.61,-7.43],[-28.26,-7.69],[-27.79,-7.91],[-27.33,-8.11],[-26.81,-8.36],[-26.81,-8.36],[-27.48,-8.47],[-28.15,-8.59],[-28.15,-8.59],[-28.19,-8.56],[-28.72,-8.43],[-29.28,-8.25],[-29.63,-8.08],[-29.63,-8.08],[-29.86,-7.99],[-30.44,-7.81],[-31.19,-7.68],[-31.87,-7.7],[-32.56,-7.71],[-33.44,-7.58],[-34.32,-7.46],[-35.24,-7.11],[-36.08,-6.66],[-36.96,-6.2],[-37.79,-5.85],[-38.34,-5.62],[-38.88,-5.4],[-39.39,-5.17],[-39.9,-4.94],[-40.47,-4.71],[-41.04,-4.49],[-41.38,-4.1],[-41.73,-3.72],[-41.94,-3.22],[-42.16,-2.72],[-42.27,-2.16],[-42.38,-1.6],[-42.63,-1.11],[-42.89,-0.61],[-43.57,0.12],[-44.1,0.7],[-44.47,1.21],[-44.85,1.72],[-45.21,2.38],[-45.32,3.31],[-45.36,4],[-45.61,4.39],[-45.73,4.5],[-45.73,4.5],[-45.72,4.72],[-45.55,4.99],[-44.97,4.94],[-44.44,4.35],[-43.74,4.08],[-43.42,3.98],[-43.42,3.98],[-43.37,3.44],[-43.3,2.89],[-43.23,2.33],[-42.88,1.63],[-42.19,1.15],[-41.51,0.68],[-40.83,0.2],[-40.15,-0.28]]]}},{"type":"Feature","properties":{"ma":55,"type":"gpml:TopologicalNetwork","name":"Deforming Network","pid":714,"deforming":true},"geometry":{"type":"Polygon","coordinates":[[[-22.03,0.39],[-22.68,0.84],[-23.33,1.29],[-23.9,1.82],[-24.17,2.31],[-24.43,2.8],[-24.76,3.49],[-24.76,3.49],[-24.17,3.58],[-23.57,3.68],[-23.57,3.68],[-23.34,3.02],[-23.11,2.37],[-22.48,1.8],[-21.9,1.66],[-21.32,1.52],[-20.79,0.91],[-20.25,0.31],[-19.7,-0.27],[-19.16,-0.85],[-18.53,-1.31],[-17.9,-1.78],[-17.2,-2.01],[-16.37,-1.93],[-15.53,-1.85],[-14.72,-1.85],[-13.91,-1.84],[-12.93,-1.97],[-12.31,-2.15],[-11.68,-2.34],[-10.91,-2.21],[-10.13,-2.08],[-9.39,-1.8],[-8.64,-1.52],[-8.15,-1.36],[-7.66,-1.2],[-6.7,-1.14],[-5.75,-1.09],[-4.95,-1.19],[-4.16,-1.3],[-3.36,-1.41],[-2.79,-1.56],[-2.79,-1.56],[-3.21,-1.81],[-3.95,-2.26],[-3.95,-2.26],[-4.33,-2.06],[-4.96,-1.96],[-5.59,-1.85],[-6.23,-1.88],[-7.01,-1.9],[-7.87,-2.08],[-8.41,-2.2],[-9.09,-2.42],[-9.77,-2.64],[-10.1,-2.75],[-10.62,-2.91],[-11.14,-3.07],[-11.25,-3.04],[-11.54,-2.98],[-11.87,-2.9],[-12.46,-2.77],[-12.82,-2.65],[-13.32,-2.49],[-13.81,-2.33],[-14.14,-2.36],[-14.68,-2.41],[-15.22,-2.45],[-15.83,-2.54],[-16.44,-2.63],[-16.64,-2.65],[-17.35,-2.67],[-18.06,-2.68],[-18.14,-2.64],[-18.83,-2.33],[-19.35,-2.09],[-19.55,-1.89],[-20.13,-1.31],[-20.36,-1.07],[-20.66,-0.77],[-21.27,-0.17],[-21.38,-0.06],[-22.03,0.39]]]}},{"type":"Feature","properties":{"ma":55,"type":"gpml:TopologicalNetwork","name":"Inactive_Southern_Central_Atlantic_Mesh","pid":714,"deforming":true},"geometry":{"type":"Polygon","coordinates":[[[-24.17,7.68],[-24.24,7.43],[-24.17,7.18],[-24.33,6.72],[-24.37,6.27],[-24.11,5.5],[-23.82,4.64],[-23.5,4.14],[-22.91,3.78],[-22.32,3.42],[-21.75,2.68],[-21.45,2.01],[-20.97,1.27],[-20.98,1.13],[-20.98,1.13],[-21.32,1.52],[-21.9,1.66],[-22.48,1.8],[-23.11,2.37],[-23.34,3.03],[-23.58,3.7],[-23.58,3.7],[-23.61,3.7],[-24.15,3.61],[-24.48,3.54],[-24.75,3.56],[-25.5,3.49],[-26.12,3.86],[-26.66,4.29],[-26.59,4.92],[-26.5,5.47],[-26.08,5.99],[-26.08,5.99],[-26.05,6.26],[-25.99,6.55],[-25.96,6.8],[-25.9,7.05],[-26,7.28],[-25.94,7.63],[-25.85,7.95],[-25.85,7.95],[-25,7.87],[-24.14,7.79],[-24.17,7.68]]]}},{"type":"Feature","properties":{"ma":55,"type":"gpml:TopologicalNetwork","name":"Inactive_Rockall_DFM","pid":102,"deforming":true},"geometry":{"type":"Polygon","coordinates":[[[-28.47,71.22],[-28.5,70.83],[-28.52,70.45],[-28.8,70.14],[-29.17,69.66],[-29.15,69.2],[-28.57,68.82],[-28.3,68.24],[-27.89,67.58],[-27.67,66.81],[-27.64,66.19],[-27.74,65.54],[-28.28,64.92],[-28.74,64.3],[-28.82,63.71],[-28.63,62.99],[-28.93,62.54],[-29.05,62.13],[-29.11,61.48],[-29.12,60.67],[-29.5,60.21],[-29.65,59.55],[-29.88,58.99],[-30.18,58.35],[-30.74,57.98],[-31.02,57.52],[-31.33,56.81],[-31.62,56.27],[-31.62,55.59],[-31.58,55.07],[-31.18,54.26],[-30.64,53.73],[-30.13,53.09],[-29.5,52.63],[-29.18,52.16],[-29.16,51.8],[-28.9,51.51],[-28.75,51.01],[-28.51,50.61],[-28.51,50.61],[-28.75,50.36],[-28.75,50.36],[-28.79,50.37],[-29.44,50.55],[-30.02,50.89],[-30.36,50.79],[-30.76,50.79],[-31.32,50.84],[-32.18,51.01],[-32.81,51.21],[-33.16,51.59],[-33.61,51.98],[-34.04,52.43],[-34.47,52.84],[-34.97,53.31],[-35.43,53.78],[-36.12,54.31],[-36.67,54.82],[-37.22,55.3],[-37.67,55.43],[-39.22,55.86],[-39.22,55.86],[-39.24,55.87],[-39.29,56.01],[-39.32,56.11],[-39.37,56.24],[-39.37,56.39],[-39.37,56.51],[-39.37,56.8],[-39.13,56.97],[-38.92,57.11],[-38.79,57.44],[-38.36,57.84],[-38.16,58.15],[-37.72,58.56],[-37.54,58.81],[-37.02,58.89],[-36.61,59.13],[-36.4,59.49],[-36.08,59.87],[-35.45,60.38],[-35.07,60.81],[-34.71,61.12],[-34.33,61.43],[-34.3,61.72],[-34.39,62.19],[-34.43,62.7],[-34.45,62.89],[-34.45,62.89],[-34.47,63.01],[-34.43,63.27],[-34.48,63.6],[-34.5,64.06],[-34.72,64.49],[-34.84,64.79],[-34.88,65.14],[-34.94,65.51],[-35.1,66.1],[-35.2,66.55],[-35.22,66.9],[-35.41,67.34],[-35.73,67.89],[-36.55,68.35],[-37.28,68.55],[-37.8,68.91],[-38.05,69.21],[-38.25,69.36],[-38.5,69.53],[-38.7,69.7],[-38.51,69.93],[-38.68,70.24],[-38.36,70.56],[-38.36,70.58],[-38.36,70.58],[-38.34,70.58],[-37.88,70.56],[-37.35,70.54],[-36.96,70.8],[-36.59,71.05],[-36.27,71.26],[-35.44,71.3],[-34.32,71.34],[-33.73,71.53],[-32.98,71.76],[-31.84,71.77],[-30.43,71.76],[-29.74,71.67],[-28.86,71.54],[-28.75,71.54],[-28.47,71.22]]]}},{"type":"Feature","properties":{"ma":55,"type":"gpml:TopologicalNetwork","name":"Inactive_Rockall_DFM","pid":101,"deforming":true},"geometry":{"type":"Polygon","coordinates":[[[-44.55,69.98],[-43.7,70.12],[-42.95,70.24],[-42.57,70.3],[-42.2,70.29],[-41.62,70.28],[-41.16,70.26],[-41.16,70.26],[-41,69.76],[-40.49,69.23],[-39.6,68.74],[-38.81,68.22],[-37.93,67.47],[-37.76,67.26],[-37.76,67.26],[-37.77,67.22],[-37.49,66.91],[-37.15,66.54],[-36.81,65.93],[-36.69,65.56],[-36.52,64.96],[-36.43,64.31],[-36.19,63.41],[-36.08,62.91],[-36.26,62.13],[-36.49,61.7],[-36.49,61.81],[-36.73,61.48],[-37.56,60.89],[-38.12,60.36],[-38.74,59.95],[-39.35,59.39],[-39.81,58.83],[-39.87,58.32],[-39.98,58.25],[-39.98,58.25],[-40.37,58.01],[-40.86,57.51],[-40.98,56.92],[-41.09,56.3],[-41.02,56.02],[-40.95,55.79],[-40.9,55.59],[-40.78,55.36],[-40.65,55.13],[-40.65,55.12],[-40.49,55],[-40.32,54.85],[-40.06,54.61],[-39.8,54.35],[-39.57,54.09],[-39.23,53.75],[-39,53.37],[-38.75,52.95],[-38.48,52.7],[-38.28,52.48],[-38.12,52.25],[-37.87,51.92],[-37.5,51.56],[-37.33,51.38],[-37.15,51.23],[-36.71,51.01],[-36.55,50.86],[-36.45,50.64],[-36.3,50.41],[-36.07,50.13],[-35.97,50],[-35.81,49.75],[-35.25,49.38],[-34.69,49.01],[-34.69,49.01],[-34.79,48.62],[-34.64,48.17],[-34.51,47.7],[-34.47,47.42],[-34.24,47.19],[-34.07,46.93],[-33.95,46.62],[-33.9,46.48],[-33.8,46.36],[-33.8,46.36],[-34.49,46.37],[-35.61,46.39],[-35.61,46.39],[-35.92,46.67],[-36.66,47.23],[-37.42,47.64],[-38.38,48.07],[-38.87,48.46],[-39.28,48.85],[-39.72,49.16],[-40.13,49.53],[-40.54,49.84],[-40.98,50.23],[-41.23,50.53],[-41.62,50.84],[-42.18,51.53],[-42.52,52.29],[-42.79,52.88],[-42.95,53.21],[-43.13,53.6],[-43.44,54.08],[-43.76,54.7],[-43.94,55.17],[-44.22,55.39],[-44.56,55.64],[-44.81,56],[-45.13,56.62],[-45.15,57.25],[-45.12,57.75],[-44.72,58.25],[-44.61,58.7],[-44.22,59.38],[-43.9,59.89],[-43.7,60.3],[-43.19,60.66],[-42.81,60.94],[-42.31,61.49],[-42.07,62],[-41.71,62.39],[-41.34,62.78],[-41.41,63.37],[-41.52,63.75],[-41.89,64.01],[-42.15,64.29],[-42.26,64.64],[-42.1,64.98],[-42.05,65.39],[-42.03,65.86],[-42.25,66.28],[-42.51,66.76],[-42.88,67.16],[-43.2,67.58],[-44.08,68.03],[-44.65,68.42],[-45.19,69.01],[-45.68,69.29],[-45.78,69.65],[-44.55,69.98]]]}},{"type":"Feature","properties":{"ma":55,"type":"gpml:TopologicalNetwork","name":"Inactive_Rockall_DFM","pid":102,"deforming":true},"geometry":{"type":"Polygon","coordinates":[[[-28.51,50.61],[-27.87,51.26],[-27.5,51.54],[-27.33,51.88],[-26.93,52.3],[-26.61,52.7],[-26.34,53.01],[-26.22,53.44],[-25.78,53.7],[-25.18,54.01],[-24.53,54.39],[-23.97,54.7],[-23.51,55.1],[-23.04,55.37],[-22.61,55.52],[-22.24,55.58],[-21.86,55.82],[-21.48,56.03],[-20.93,56.21],[-20.54,56.44],[-20.05,56.58],[-19.66,56.67],[-19.09,56.86],[-18.57,57.09],[-18.04,57.43],[-17.4,57.56],[-16.88,57.69],[-16.3,57.78],[-15.7,57.96],[-15.39,58.13],[-14.68,58.24],[-14.01,58.41],[-13.36,58.48],[-12.8,58.62],[-12.28,58.8],[-11.67,59.08],[-11.06,59.3],[-10.68,59.54],[-10.55,59.93],[-10.54,60.14],[-10.69,60.39],[-10.77,60.71],[-10.88,60.93],[-10.48,61.17],[-10.3,61.46],[-9.93,61.76],[-9.64,62.16],[-9.38,62.47],[-9.1,62.82],[-8.96,63.14],[-8.61,63.45],[-8.03,63.67],[-7.55,63.93],[-6.94,64.14],[-6.6,64.39],[-5.97,64.48],[-5.38,64.75],[-5.21,65.02],[-4.85,65.39],[-4.52,65.79],[-4.09,66.13],[-3.67,66.53],[-3.07,66.96],[-2.53,67.37],[-2.28,67.68],[-2.13,67.81],[-2.13,67.81],[-0.77,67.53],[0.44,67.12],[1.53,66.78],[2.32,66.51],[2.35,66.5],[2.35,66.5],[3.04,65.83],[3.04,65.83],[3.17,65.31],[2.63,65.13],[1.2,64.89],[-0.2,64.63],[-0.57,64.5],[-1.3,64.3],[-2.17,64.12],[-3.04,63.77],[-3.81,63.5],[-4.09,63.41],[-4.58,63.31],[-5.16,63.24],[-5.58,63.23],[-6.17,63.2],[-6.78,63.06],[-7.85,62.61],[-8.14,62.34],[-8.23,62.21],[-8.35,61.82],[-8.05,61.47],[-8.09,61.29],[-8.25,60.96],[-8.41,60.63],[-8.48,60.47],[-8.91,60.1],[-9.24,59.67],[-9.55,59.44],[-9.96,59.21],[-10.75,58.79],[-11.05,58.66],[-11.56,58.48],[-12.18,58.26],[-12.47,58.16],[-12.75,58.09],[-13.28,57.96],[-13.98,57.81],[-14.91,57.67],[-15.54,57.52],[-15.9,57.47],[-16.29,57.36],[-17.08,56.87],[-18.08,56.47],[-19.4,56.01],[-20.21,55.54],[-20.69,55.16],[-21.15,54.89],[-21.69,54.66],[-22.45,54.33],[-23.78,53.88],[-24.65,53.04],[-25.48,52.19],[-25.98,51.57],[-26.53,50.99],[-27.36,50.48],[-27.68,50.29],[-28.25,50.27],[-28.25,50.27],[-28.42,50.45],[-28.51,50.61]]]}},{"type":"Feature","properties":{"ma":55,"type":"gpml:TopologicalNetwork","name":"Inactive_Rockall_DFM","pid":301,"deforming":true},"geometry":{"type":"Polygon","coordinates":[[[3.53,65.36],[3.52,65.35],[3.23,65.14],[2.57,64.86],[1.96,64.6],[1.02,64.14],[0.22,63.79],[-0.54,63.46],[-0.76,63.17],[-0.89,62.91],[-1.21,62.58],[-1.54,62.21],[-2.28,61.82],[-3.03,61.58],[-3.65,61.33],[-4.53,61.04],[-4.81,60.77],[-4.94,60.41],[-4.78,60.14],[-4.65,59.69],[-4.85,59.44],[-5.14,58.89],[-5.56,58.64],[-6.03,58.3],[-6.6,57.94],[-6.8,57.63],[-7.25,57.38],[-7.8,57.02],[-8.38,56.84],[-9.25,56.76],[-10.03,56.59],[-10.71,56.36],[-11.16,56.16],[-11.6,55.8],[-12.05,55.53],[-12.35,55.41],[-12.78,55.38],[-13.24,55.23],[-13.54,55.07],[-14.08,55.02],[-14.63,54.88],[-15.29,54.74],[-15.63,54.54],[-16.22,54.4],[-17.01,54.28],[-17.74,54.22],[-18.52,54.16],[-19.25,54.01],[-19.66,53.9],[-20.13,53.67],[-20.56,53.29],[-20.61,53.11],[-20.63,52.84],[-21.03,52.6],[-21.34,52.25],[-21.44,51.98],[-21.5,51.59],[-21.65,51.32],[-21.95,51.03],[-22.14,50.85],[-22.67,50.73],[-23,50.52],[-23.23,50.34],[-23.37,50.01],[-23.55,49.68],[-23.73,49.32],[-23.96,48.87],[-24.09,48.5],[-24.49,48.2],[-25.12,47.63],[-25.74,47.06],[-25.74,47.06],[-25.84,47.13],[-26.01,47.24],[-26.14,47.5],[-26.27,47.74],[-26.45,48.08],[-26.55,48.28],[-26.85,48.43],[-27.09,48.68],[-27.21,48.89],[-27.24,49.08],[-27.26,49.26],[-27.27,49.44],[-27.36,49.55],[-27.36,49.55],[-26.96,49.89],[-26.7,50.11],[-26.37,50.37],[-25.95,50.89],[-25.49,51.19],[-25.25,51.49],[-24.91,51.7],[-24.39,52.19],[-23.75,52.98],[-23.46,53.26],[-23.31,53.41],[-22.79,53.68],[-22.33,53.95],[-21.76,53.99],[-21.28,54.04],[-20.77,54.1],[-20.09,54.49],[-19.31,54.63],[-18.72,55.13],[-18.37,55.4],[-17.37,55.78],[-16.35,56.14],[-15.69,56.47],[-15.08,56.73],[-14.4,56.92],[-13.48,57.02],[-12.12,57.18],[-11.33,57.32],[-10.63,57.52],[-9.74,57.76],[-8.83,58],[-7.09,58.38],[-7,58.58],[-7.29,58.92],[-7.5,59.16],[-6.7,59.6],[-6.07,59.89],[-6.06,60.07],[-6.42,60.21],[-6.9,60.51],[-7.34,60.76],[-7.6,60.99],[-7.54,61.23],[-7.52,61.75],[-7.08,62.02],[-6.1,62.27],[-5.85,62.35],[-5.52,62.45],[-3.77,62.92],[-2.24,63.59],[-1.4,63.63],[-0.79,63.84],[0.26,64.35],[1.2,64.62],[1.66,64.87],[2.21,65],[2.63,65.17],[3.53,65.36]]]}},{"type":"Feature","properties":{"ma":55,"type":"gpml:TopologicalNetwork","name":"Inactive_Mesozoic Southern South America Deformation","pid":201,"deforming":true},"geometry":{"type":"Polygon","coordinates":[[[-49.75,-51.54],[-48.59,-51.7],[-48.59,-51.7],[-48.62,-52.15],[-48.38,-52.27],[-48.15,-52.25],[-47.56,-52.44],[-46.66,-52.73],[-45.74,-53.02],[-44.78,-53.3],[-43.81,-53.58],[-43.21,-53.67],[-43.01,-53.73],[-41.92,-53.92],[-40.65,-53.99],[-39.3,-53.99],[-38.89,-54.05],[-37.53,-54.05],[-36.17,-54.03],[-35.94,-54.07],[-34.86,-54.03],[-33.73,-53.96],[-32.74,-53.91],[-31.76,-53.85],[-31.52,-53.81],[-30.65,-53.78],[-29.11,-53.7],[-28.93,-53.68],[-28.87,-53.69],[-28.23,-54.01],[-28.23,-54.01],[-28.71,-54.55],[-29.52,-55.05],[-30.34,-55.55],[-31.27,-56.29],[-31.27,-56.29],[-31.4,-56.37],[-31.56,-56.43],[-32.5,-56.59],[-33.09,-56.85],[-33.53,-56.95],[-33.81,-57.17],[-35.34,-57.31],[-36.89,-57.42],[-38.01,-57.55],[-39.15,-57.67],[-39.35,-57.69],[-39.35,-57.69],[-40.59,-58.27],[-41.46,-58.53],[-42.34,-58.78],[-43.82,-58.92],[-45.32,-59.04],[-46.49,-59.18],[-47.67,-59.31],[-48.98,-59.27],[-50.29,-59.2],[-51.87,-59.19],[-53.45,-59.15],[-55.29,-59.3],[-57.15,-59.42],[-58.31,-59.44],[-59.47,-59.46],[-60.55,-59.44],[-61.62,-59.41],[-63.08,-59.21],[-64.53,-58.98],[-65.94,-58.54],[-67.31,-58.08],[-68.65,-57.61],[-69.35,-57.35],[-69.35,-57.35],[-69.41,-57.17],[-69.63,-56.77],[-69.67,-56.44],[-69.67,-56.28],[-69.62,-56.03],[-69.68,-55.62],[-69.74,-55.25],[-69.81,-54.98],[-69.86,-54.67],[-69.89,-54.39],[-69.92,-54.24],[-70.02,-54.01],[-69.97,-53.51],[-69.89,-53.01],[-69.84,-52.72],[-69.63,-52.41],[-69.43,-52.02],[-69.12,-51.7],[-68.75,-51.3],[-68.62,-50.92],[-68.64,-50.55],[-68.56,-50.29],[-68.57,-49.91],[-68.52,-49.59],[-68.52,-49.5],[-68.52,-49.34],[-68.47,-48.96],[-68.41,-48.6],[-68.31,-48.37],[-68.18,-48.05],[-68.05,-47.7],[-67.93,-47.11],[-67.77,-46.62],[-67.67,-46.1],[-67.56,-45.69],[-67.48,-45.25],[-67.47,-44.89],[-67.42,-44.54],[-67.41,-44.15],[-67.34,-43.87],[-67.26,-43.5],[-67.06,-43.21],[-66.82,-42.62],[-66.82,-42.62],[-66.77,-42.14],[-66.64,-41.71],[-66.35,-40.99],[-66.05,-40.27],[-65.89,-39.37],[-65.73,-38.48],[-65.58,-37.59],[-65.43,-36.7],[-65.28,-35.8],[-65.28,-35.8],[-64.37,-36.01],[-63.46,-36.21],[-62.55,-36.4],[-61.43,-36.71],[-60.3,-37],[-59.43,-37.25],[-58.55,-37.49],[-57.61,-37.72],[-56.66,-37.94],[-55.44,-38.07],[-54.22,-38.19],[-53.21,-38.5],[-52.19,-38.81],[-51.42,-38.91],[-50.65,-39],[-49.68,-39.03],[-48.7,-39.05],[-48.04,-38.97],[-47.38,-38.88],[-46.54,-39.19],[-46.29,-39.69],[-45.66,-40.35],[-44.91,-40.62],[-44.37,-40.66],[-44.37,-40.66],[-44.5,-40.78],[-45.15,-41.36],[-45.82,-41.94],[-46.14,-42.2],[-46.54,-42.73],[-46.95,-43.27],[-47.45,-43.95],[-48.01,-44.6],[-48.59,-45.26],[-49.18,-45.91],[-49.84,-46.8],[-50.21,-47.41],[-50.49,-48.11],[-50.69,-48.8],[-50.9,-49.5],[-50.94,-50],[-50.98,-50.5],[-50.99,-50.99],[-50.91,-51.37],[-49.75,-51.54]]]}},{"type":"Feature","properties":{"ma":55,"type":"gpml:TopologicalNetwork","name":"Inactive_mesh","pid":702,"deforming":true},"geometry":{"type":"Polygon","coordinates":[[[40.5,-26.14],[40.46,-26.17],[40.45,-26.36],[40.18,-27.1],[39.86,-27.23],[39.85,-27.32],[39.9,-27.48],[39.83,-27.62],[39.62,-28.07],[39.63,-28.3],[39.47,-28.71],[39.18,-29.28],[39.13,-29.5],[39.1,-29.92],[38.76,-30.39],[38.66,-30.58],[38.69,-30.87],[38.68,-31.04],[38.58,-31.21],[38.57,-31.36],[38.46,-31.78],[38.44,-32.13],[38.44,-32.13],[38.38,-32.16],[38.15,-32.48],[38.07,-32.79],[38.05,-33.23],[37.85,-33.53],[37.8,-33.86],[37.68,-34.16],[37.68,-34.32],[37.77,-34.51],[37.65,-34.71],[37.4,-35.34],[37.02,-35.52],[36.39,-35.49],[36.39,-35.49],[36.77,-34.74],[37.15,-33.99],[37.52,-33.24],[37.67,-32.58],[37.82,-31.92],[37.97,-31.27],[38.22,-30.53],[38.47,-29.79],[38.72,-29.05],[38.88,-28.38],[39.04,-27.71],[39.19,-27.03],[39.39,-26.37],[39.59,-25.71],[39.79,-25.05],[39.93,-24.13],[40.07,-23.21],[40.07,-23.21],[40.13,-23.23],[40.11,-23.61],[40.25,-23.8],[40.26,-24.03],[40.34,-24.24],[40.25,-25.03],[40.68,-25.32],[40.57,-25.6],[40.5,-26.14]]]}},{"type":"Feature","properties":{"ma":55,"type":"gpml:TopologicalNetwork","name":"Inactive_mesh","pid":501,"deforming":true},"geometry":{"type":"Polygon","coordinates":[[[56.37,-20.27],[55.8,-19.91],[55.09,-20.14],[54.58,-19.99],[54.53,-19.44],[54.48,-18.89],[54.87,-18.38],[54.95,-17.88],[54.95,-17.88],[55,-17.32],[55.29,-17.1],[55.63,-16.5],[55.52,-15.99],[55.39,-15.45],[55.26,-14.91],[55.11,-14.08],[55,-13.19],[55.12,-12.76],[55.1,-11.89],[55.13,-11.42],[55.05,-10.55],[54.94,-9.88],[54.86,-9.6],[54.79,-9.32],[54.66,-8.91],[54.3,-8.42],[53.93,-7.8],[53.8,-7.31],[53.66,-6.81],[53.6,-6.11],[53.51,-5.38],[53.33,-4.65],[53.01,-4.13],[52.64,-3.25],[52.45,-2.74],[52.26,-2.23],[52.1,-1.63],[51.82,-1.32],[51.7,-0.72],[51.7,-0.72],[52.56,-0.58],[52.94,-0.51],[52.94,-0.51],[53.03,-1.13],[53.27,-1.79],[53.51,-2.45],[53.7,-3.1],[53.88,-3.76],[54.06,-4.41],[54.3,-5.09],[54.54,-5.78],[54.78,-6.46],[54.98,-7.21],[55.19,-7.96],[55.4,-8.72],[55.56,-9.62],[55.73,-10.52],[55.89,-11.42],[55.98,-12.1],[56.06,-12.78],[56.15,-13.47],[56.27,-14.27],[56.4,-15.08],[56.53,-15.88],[56.65,-16.69],[56.81,-17.58],[56.98,-18.47],[57.14,-19.36],[57.3,-19.96],[57.3,-19.96],[56.64,-20.3],[56.37,-20.27]]]}},{"type":"Feature","properties":{"ma":55,"type":"gpml:TopologicalNetwork","name":"Inactive_Mesozoic Africa Basins","pid":701,"deforming":true},"geometry":{"type":"Polygon","coordinates":[[[5.96,25.27],[6.94,24.93],[7.92,24.59],[8.89,24.24],[9.85,23.88],[10.81,23.52],[11.77,23.15],[12.72,22.78],[12.72,22.78],[12.36,22.25],[12.29,21.52],[12.22,20.78],[12.14,20.05],[12.47,19.48],[12.79,18.92],[13.22,18.56],[13.65,18.21],[13.55,17.48],[13.46,16.75],[13.36,16.03],[12.74,15.72],[12.11,15.41],[11.28,15.37],[10.57,15.01],[9.86,14.65],[8.84,14.69],[7.83,14.71],[6.81,14.57],[6.1,14.23],[5.39,13.89],[4.77,13.87],[4.14,13.84],[3.54,13.51],[2.93,13.18],[3.17,12.58],[3.41,11.98],[3.54,11.39],[3.67,10.81],[4.02,10.32],[3.88,9.43],[4.16,8.76],[4.43,8.1],[4.67,7.59],[4.92,7.09],[5.17,6.52],[5.42,5.95],[5.49,5.46],[5.56,4.96],[5.25,4.3],[4.73,3.66],[4.73,3.66],[4.96,3.21],[5.12,2.93],[5.92,2.63],[6.13,2.21],[6.08,1.96],[6.36,1.46],[6.84,1.08],[7.34,1.15],[7.79,0.88],[8.23,0.62],[8.64,0.3],[9.04,-0.02],[9.57,0.1],[10.09,0.22],[10.97,0.47],[11.85,0.72],[12.65,0.76],[13.46,0.8],[13.97,1.02],[14.48,1.24],[15.33,1.4],[16.18,1.55],[16.6,1.85],[17.03,2.15],[17.75,2.06],[18.58,2.49],[18.98,2.01],[19.57,1.28],[19.94,0.81],[20.31,0.34],[20.55,-0.34],[20.78,-1.02],[21.01,-1.69],[21.44,-2.53],[21.85,-2.88],[22.25,-3.23],[22.82,-2.99],[23.2,-2.58],[22.87,-1.85],[22.47,-1.34],[22.07,-0.82],[22.14,-0.26],[22.21,0.31],[22.45,0.84],[22.7,1.37],[22.99,1.65],[23.35,1.52],[23.64,0.68],[23.93,-0.17],[24.1,-0.88],[24.27,-1.59],[24.28,-2.15],[24.29,-2.7],[24.02,-3.1],[24.09,-3.96],[24.63,-4.76],[25.32,-4.79],[26,-4.81],[26.6,-5],[27.25,-4.49],[27.91,-3.97],[28.03,-3.37],[28.16,-2.76],[28.66,-2.21],[29.15,-1.66],[29.53,-1.28],[29.9,-0.91],[30.63,-0.51],[31.35,-0.12],[32.08,0.27],[32.8,0.67],[33.76,0.93],[34.72,1.19],[35.68,1.45],[36.5,1.67],[37.32,1.88],[38.13,2.1],[38.93,2.31],[39.73,2.52],[40.53,2.74],[41.19,2.89],[41.86,3.04],[42.52,3.19],[43.28,3.34],[44.04,3.5],[44.81,3.65],[44.81,3.65],[44.61,2.95],[44.52,2.85],[44.52,2.85],[44.52,2.85],[43.77,2.65],[43.02,2.45],[42.27,2.24],[41.52,2.04],[40.71,1.75],[39.9,1.47],[39.09,1.18],[38.22,0.93],[37.35,0.69],[36.48,0.44],[35.61,0.24],[34.74,0.03],[33.86,-0.18],[33.08,-0.42],[32.31,-0.65],[31.53,-0.89],[31.05,-1.33],[30.57,-1.78],[29.99,-2.34],[29.41,-2.9],[28.87,-3.64],[28.32,-4.39],[27.78,-5.13],[27.05,-5.46],[26.31,-5.78],[25.47,-5.58],[24.63,-5.37],[23.79,-5.16],[23.13,-5.03],[22.47,-4.9],[21.82,-4.77],[21.06,-4.22],[20.3,-3.67],[20.12,-2.77],[19.65,-2.58],[19.18,-2.39],[18.87,-1.77],[18.17,-1.19],[17.47,-0.61],[16.77,-0.03],[16.07,0.55],[15.22,0.6],[14.37,0.64],[13.63,0.36],[12.9,0.09],[12.17,-0.19],[11.22,-0.4],[10.28,-0.61],[9.33,-0.83],[8.67,-0.95],[8.02,-1.08],[7.22,-1.31],[6.43,-1.53],[5.87,-1.89],[5.3,-2.24],[4.55,-2.41],[3.79,-2.59],[3.09,-2.63],[2.39,-2.68],[1.6,-3.09],[0.8,-3.5],[0,-3.91],[0,-3.91],[-0.2,-3.35],[-0.55,-2.88],[-0.89,-2.41],[-1.31,-2.13],[-1.73,-1.86],[-2.49,-1.63],[-2.79,-1.56],[-2.79,-1.56],[-2.61,-1.45],[-2.41,-1.34],[-2.41,-1.34],[-2.74,-0.69],[-2.96,-0.04],[-3.59,0.6],[-4.13,0.99],[-4.43,1.69],[-4.73,2.38],[-5.28,2.83],[-5.83,3.21],[-5.75,3.63],[-5.85,4.29],[-6.13,4.78],[-6.3,5.4],[-6.47,6.01],[-6.62,6.93],[-6.89,7.69],[-7.58,7.97],[-8.21,8.26],[-8.5,8.68],[-8.66,9.16],[-8.82,9.64],[-8.96,10.36],[-8.73,11.01],[-8.01,11.41],[-7.87,10.86],[-7.72,10.31],[-7.27,9.45],[-6.58,9.17],[-5.91,9.42],[-5.66,10.04],[-5.42,10.66],[-4.84,11.03],[-4.27,11.39],[-3.35,11.58],[-2.42,11.77],[-2.02,12.1],[-1.62,12.44],[-1.09,13],[-0.46,12.62],[0.17,12.25],[0.73,12.2],[1.3,12.15],[1.57,12.63],[1.84,13.11],[2.19,13.77],[2.54,14.42],[2.73,15.36],[2.93,16.3],[3.06,17.14],[3.18,17.98],[3.32,18.73],[3.46,19.49],[3.88,20.16],[4.31,20.83],[4.82,21.44],[5.33,22.06],[5.27,22.87],[5.2,23.68],[5.09,24.64],[4.97,25.6],[5.96,25.27]]]}},{"type":"Feature","properties":{"ma":55,"type":"gpml:TopologicalNetwork","name":"Inactive_ant_Zealandia_deformation_network","pid":813,"deforming":true},"geometry":{"type":"MultiPolygon","coordinates":[[[[180,-63.88],[180,-64.82],[179.07,-64.78],[178.42,-64.55],[178.42,-64.55],[179.32,-63.65],[180,-62.94],[180,-63.88]]],[[[-180,-63.88],[-180,-62.94],[-179.31,-62.17],[-179.18,-61.29],[-179.05,-60.32],[-178.54,-59.66],[-177.99,-58.9],[-177.21,-58.26],[-176.46,-57.61],[-175.24,-56.91],[-174.07,-56.2],[-173.13,-55.65],[-172.23,-55.09],[-171.34,-54.53],[-170.71,-53.89],[-170.78,-53.53],[-170.56,-53.49],[-169.16,-53.27],[-167.86,-53.04],[-166.99,-52.9],[-166.12,-52.75],[-165.73,-52.69],[-165.17,-52.59],[-164.55,-52.47],[-163.78,-52.33],[-162.66,-52.25],[-161.55,-52.16],[-160.91,-51.8],[-160.28,-51.43],[-159.33,-51.43],[-158.39,-51.42],[-157.25,-51.67],[-156.11,-51.91],[-154.71,-52.16],[-153.31,-52.4],[-152.01,-52.6],[-150.7,-52.79],[-149.38,-52.96],[-148.05,-53.12],[-146.92,-53.32],[-145.78,-53.51],[-144.63,-53.68],[-144.5,-53.99],[-144.5,-53.99],[-145.8,-54.28],[-147.13,-54.56],[-148.47,-54.82],[-149.83,-55.06],[-151.17,-55.48],[-152.54,-55.87],[-153.76,-55.97],[-154.99,-56.05],[-156.53,-56.13],[-158.07,-56.2],[-159.62,-56.24],[-160.48,-56.44],[-161.34,-56.63],[-160.75,-57.01],[-160.14,-57.4],[-159.37,-57.6],[-158.51,-58.21],[-158.38,-58.95],[-159.18,-59.54],[-160.01,-60.13],[-161.47,-60.42],[-162.95,-60.7],[-164.46,-60.96],[-165.46,-61.33],[-166.49,-61.68],[-167.2,-62.08],[-167.92,-62.48],[-168.87,-63.03],[-169.86,-63.58],[-169.86,-63.58],[-171.71,-63.94],[-173.6,-64.27],[-175.53,-64.58],[-177.32,-64.73],[-179.12,-64.85],[-180,-64.82],[-180,-63.88]]]]}},{"type":"Feature","properties":{"ma":55,"type":"gpml:TopologicalNetwork","name":"Inactive_mesh_yucatan","pid":2004,"deforming":true},"geometry":{"type":"Polygon","coordinates":[[[-73.62,24.28],[-73.59,24.01],[-73.59,23.5],[-73.59,22.98],[-74.03,22.18],[-74.48,21.75],[-74.94,21.33],[-75.29,20.85],[-75.83,20.35],[-76.46,19.78],[-76.92,19.1],[-77.4,18.35],[-77.61,17.83],[-78.17,17.31],[-78.72,16.8],[-79.21,16.43],[-79.72,16.06],[-80.17,16.13],[-80.54,16.35],[-81.07,16.8],[-81.83,16.9],[-82.42,17.3],[-83.14,17.59],[-83.72,17.98],[-84.45,18.52],[-84.92,19.02],[-85.17,19.56],[-85.11,19.98],[-85.24,20.28],[-85.07,20.67],[-84.98,21.24],[-84.8,22.21],[-84.36,22.68],[-83.86,22.75],[-83.86,22.75],[-83.71,22.93],[-83.27,23.45],[-82.99,23.74],[-82.64,23.99],[-82.46,24.41],[-81.86,24.73],[-81.52,25.21],[-81.18,25.43],[-80.78,25.63],[-80.32,25.93],[-79.91,26.02],[-79.27,26.1],[-78.64,26.09],[-77.76,26.05],[-77.36,26.12],[-77.08,26.32],[-76.56,26.41],[-75.9,26.21],[-75.47,25.85],[-75.04,25.49],[-74.54,25.14],[-74.16,24.62],[-73.62,24.28]]]}},{"type":"Feature","properties":{"ma":55,"type":"gpml:TopologicalNetwork","name":"Inactive_Proto_Caribbean_Mesh","pid":101,"deforming":true},"geometry":{"type":"Polygon","coordinates":[[[-94.45,26.3],[-93.99,26.9],[-93.48,27.57],[-93.05,28.36],[-92.64,29.21],[-92.43,30.04],[-91.87,30.89],[-91.29,31.73],[-90.71,32.58],[-90.07,33.16],[-89.43,33.74],[-88.77,34.32],[-88.15,34.42],[-87.53,34.53],[-86.37,34.8],[-85.72,34.78],[-85.08,34.75],[-84.18,34.74],[-83.28,34.73],[-82.18,34.35],[-81.56,34.2],[-80.94,34.04],[-80.31,33.9],[-79.68,33.77],[-79.03,33.59],[-78.39,33.4],[-77.52,33.16],[-76.66,32.74],[-75.65,32.4],[-75.65,32.4],[-74.92,31.76],[-74.27,31.36],[-73.63,30.95],[-72.87,30.41],[-72.13,29.87],[-71.36,29.49],[-71.2,28.97],[-70.67,28.55],[-70.06,28.2],[-69.56,27.81],[-69.09,27.24],[-68.38,26.89],[-67.63,26.71],[-67.16,26.65],[-67.16,26.65],[-67.21,26.24],[-67.23,25.94],[-67.23,25.94],[-67.15,25.94],[-66.97,25.75],[-66.26,25.77],[-66,25.31],[-65.75,24.84],[-65.48,24.85],[-65.08,24.82],[-65.08,24.82],[-65.03,24.67],[-64.75,24.39],[-64.29,23.97],[-63.79,23.27],[-63.35,22.63],[-63.08,22.13],[-62.55,21.63],[-62.06,21.35],[-61.64,21.11],[-61.2,20.66],[-60.57,20.17],[-60.46,19.71],[-61.09,19.48],[-61.7,19.08],[-62.73,19.02],[-63.48,19.24],[-64.01,19.6],[-64.47,19.93],[-64.93,20.25],[-65.75,20.79],[-66.38,21.27],[-66.8,21.59],[-67.22,21.91],[-67.86,22.25],[-68.51,22.58],[-69.01,22.81],[-69.51,23.04],[-69.9,23.17],[-69.9,23.17],[-70.3,23.45],[-70.98,23.95],[-71.76,24.44],[-72.5,25.1],[-73.06,25.49],[-73.26,25.7],[-73.26,25.7],[-73.25,25.79],[-73.14,26.14],[-73.45,26.67],[-73.61,27.19],[-73.8,27.5],[-74.22,27.66],[-74.84,27.84],[-75.5,28.04],[-76.17,28.25],[-76.87,28.44],[-77.57,28.62],[-77.93,28.61],[-78.59,28.7],[-79.24,28.79],[-79.89,28.75],[-80.49,28.76],[-81.09,28.77],[-81.92,28.67],[-82.78,28.43],[-83.22,28.26],[-83.74,27.74],[-84.26,27.23],[-84.65,26.89],[-84.92,26.55],[-85.38,26.13],[-85.83,25.71],[-86,25.45],[-86.08,25.04],[-86.05,24.3],[-86.03,23.85],[-86.03,23.85],[-86,23.72],[-85.97,23.21],[-85.94,22.69],[-85.71,21.98],[-85.59,21.5],[-85.5,20.75],[-85.41,19.99],[-85.39,19.8],[-85.39,19.8],[-85.86,19.74],[-86.57,19.91],[-87.09,20.09],[-87.61,20.27],[-88.23,20.44],[-88.85,20.61],[-89.62,20.83],[-90.4,21.04],[-91.32,21.26],[-91.99,21.54],[-92.04,21.56],[-92.04,21.56],[-92.18,22.03],[-92.38,22.63],[-92.57,23.08],[-92.9,23.32],[-93.2,23.61],[-93.5,23.91],[-93.86,24.26],[-94.18,24.59],[-94.42,24.97],[-94.7,25.26],[-94.91,25.7],[-94.45,26.3]]]}},{"type":"Feature","properties":{"ma":55,"type":"gpml:TopologicalNetwork","name":"Inactive_aus_antarc_india_mesh","pid":501,"deforming":true},"geometry":{"type":"Polygon","coordinates":[[[60.69,-15.08],[60.88,-14.84],[61.09,-14.15],[61.29,-13.47],[61.6,-12.83],[61.9,-12.19],[62.55,-11.86],[63.19,-11.53],[63.86,-11.44],[64.53,-11.35],[65.23,-11.02],[65.93,-10.69],[66.45,-10.35],[66.96,-10.01],[67.52,-9.6],[68.07,-9.19],[68.7,-8.64],[69.32,-8.08],[69.94,-7.83],[70.55,-7.58],[71.12,-7.66],[71.69,-7.73],[72.38,-7.57],[73.07,-7.4],[73.54,-6.91],[74,-6.41],[74.46,-5.91],[75.07,-5.34],[75.67,-4.77],[76.31,-4.25],[76.96,-3.73],[77.77,-3.19],[78.59,-2.64],[79.3,-2.08],[80,-1.52],[79.91,-0.86],[79.82,-0.2],[80.06,0.71],[80.16,1.24],[80.26,1.77],[80.26,1.77],[80.67,1.09],[81.06,0.52],[81.35,0.02],[81.68,-0.49],[82.02,-1],[82.23,-1.35],[82.73,-2.08],[83.03,-2.56],[83.33,-3.04],[83.21,-3.43],[82.92,-4.28],[82.63,-5.13],[82.04,-5.71],[81.46,-6.3],[80.9,-6.61],[80.34,-6.93],[80.23,-7.21],[79.76,-7.81],[79.3,-8.41],[78.49,-8.67],[78.02,-9.5],[77.09,-9.49],[76.16,-9.49],[75.65,-9.28],[75.14,-9.08],[74.86,-8.95],[74.16,-8.97],[73.47,-8.99],[72.77,-9.01],[72.19,-9],[72.05,-9.04],[71.81,-9.08],[71.66,-9.13],[71.53,-9.16],[71.31,-9.24],[71.13,-9.31],[70.98,-9.34],[70.77,-9.43],[70.62,-9.5],[70.41,-9.55],[70.25,-9.59],[70.09,-9.61],[69.96,-9.63],[69.65,-9.66],[69.44,-9.71],[69.26,-9.72],[68.99,-9.7],[68.77,-9.73],[68.47,-9.82],[68.35,-9.87],[68.14,-9.99],[67.92,-10.16],[67.47,-10.48],[67.24,-10.62],[67.01,-10.73],[66.77,-10.86],[66.49,-11.03],[65.97,-11.37],[65.91,-11.41],[65.53,-11.64],[64.98,-11.81],[64.85,-11.87],[64.23,-12.19],[63.9,-12.33],[63.36,-12.45],[62.88,-12.64],[62.37,-12.98],[62.13,-13.23],[61.97,-13.89],[61.89,-14.29],[61.87,-14.94],[61.07,-15.54],[61.07,-15.54],[60.69,-15.08]]]}},{"type":"Feature","properties":{"ma":55,"type":"gpml:TopologicalNetwork","name":"Inactive_Mesh","pid":702,"deforming":true},"geometry":{"type":"Polygon","coordinates":[[[34.3,-35.73],[34.35,-35.63],[34.06,-35.58],[33.89,-35.36],[33.67,-35.17],[33.51,-34.9],[33.5,-34.71],[33.24,-34.48],[33.28,-34.24],[33.22,-34.06],[33.28,-33.85],[33.21,-33.35],[32.99,-33.04],[32.78,-32.65],[32.66,-32.26],[32.78,-32.1],[32.71,-31.9],[32.89,-31.74],[32.89,-31.52],[33.18,-31.31],[33.69,-30.62],[33.89,-30.25],[33.8,-30.04],[33.73,-29.9],[33.86,-29.52],[33.65,-29.05],[33.44,-28.58],[33.08,-28.13],[32.74,-27.45],[32.77,-26.94],[33.18,-26.5],[33.58,-26.05],[34.4,-25.72],[35.09,-25.89],[35.41,-25.78],[35.9,-25.44],[36.31,-25.32],[36.89,-24.76],[37.47,-24.19],[37.5,-23.76],[37.77,-23.37],[38.13,-22.9],[38.33,-22.2],[38.54,-22.15],[38.68,-22.05],[38.99,-22.03],[39.09,-22.04],[39.09,-22.04],[39.23,-22.22],[39.56,-22.53],[39.96,-22.73],[39.87,-23.46],[39.77,-24.19],[39.67,-24.92],[39.67,-24.92],[39.4,-25.1],[38.73,-25.54],[38.05,-25.99],[37.36,-26.43],[36.51,-27.07],[35.65,-27.7],[35.47,-28.51],[35.29,-29.32],[35.16,-30.19],[35.03,-31.07],[35.14,-31.96],[35.24,-32.85],[35.36,-33.58],[35.48,-34.31],[35.78,-35],[36.1,-35.69],[35.84,-36.08],[35.84,-36.08],[35.47,-36.25],[34.59,-36.05],[34.3,-35.73]]]}},{"type":"Feature","properties":{"ma":55,"type":"gpml:TopologicalNetwork","name":"West_Antarctica_Inactive_Mesh","pid":802,"deforming":true},"geometry":{"type":"Polygon","coordinates":[[[22.21,-66.72],[23.21,-67.19],[24.25,-67.66],[25.99,-68.09],[27.8,-68.51],[28.01,-68.53],[28.01,-68.53],[27.69,-68.77],[25.6,-69.25],[23.43,-69.71],[21.56,-70.18],[19.61,-70.64],[17.78,-70.72],[15.94,-70.79],[13.58,-70.65],[11.26,-70.49],[9.31,-70.51],[7.35,-70.52],[5.47,-70.7],[3.54,-70.85],[1.63,-70.92],[-0.29,-70.97],[-2.42,-71.18],[-4.6,-71.37],[-7.6,-71.4],[-10.6,-71.38],[-13.19,-71.63],[-15.84,-71.84],[-15.84,-71.84],[-15.86,-71.33],[-15.88,-70.82],[-15.88,-70.82],[-15.87,-70.82],[-14.56,-70.63],[-12.28,-70.52],[-10.02,-70.39],[-9.55,-70.38],[-8.76,-69.91],[-8.01,-69.43],[-6.61,-68.93],[-4.37,-68.72],[-2.18,-68.47],[-0.64,-68.56],[0.91,-68.63],[2.22,-68.86],[3.57,-69.09],[5.25,-69.28],[7.36,-69.44],[9.5,-69.58],[11.6,-69.77],[13.73,-69.93],[15.9,-70.06],[17.54,-69.86],[18.61,-69.24],[19.61,-68.6],[20.56,-67.96],[21.19,-67.47],[21.8,-66.97],[22.21,-66.72]]]}},{"type":"Feature","properties":{"ma":55,"type":"gpml:TopologicalNetwork","name":"Inactive_East_West_Gondwana_Mesh","pid":701,"deforming":true},"geometry":{"type":"Polygon","coordinates":[[[44.52,2.85],[44.05,2.31],[43.58,1.78],[43.11,1.25],[42.74,0.67],[42.37,0.09],[42,-0.49],[41.75,-0.96],[41.5,-1.44],[40.96,-2.08],[40.42,-2.72],[39.88,-3.36],[39.39,-3.89],[38.9,-4.42],[38.41,-4.96],[37.83,-5.51],[37.25,-6.06],[36.72,-6.63],[36.19,-7.21],[35.66,-7.79],[34.98,-8.29],[34.31,-8.78],[33.63,-9.27],[33.1,-9.83],[32.57,-10.39],[32.03,-10.95],[31.5,-11.73],[30.96,-12.51],[30.59,-13.22],[30.21,-13.92],[29.78,-14.78],[29.34,-15.64],[29.41,-16.03],[29.75,-16.84],[29.72,-17.64],[30.02,-18.23],[29.71,-18.98],[29.91,-19.66],[30.11,-20.33],[30.66,-20.66],[30.71,-21.22],[30.75,-21.78],[30.72,-22.53],[30.77,-23.18],[30.83,-23.83],[30.92,-24.32],[31.01,-24.82],[31.06,-25.34],[31.11,-25.86],[31.05,-26.26],[30.39,-26.9],[29.66,-27.42],[28.74,-27.76],[28,-28.1],[27.26,-28.43],[27.13,-28.92],[26.81,-29.25],[26.25,-29.71],[25.83,-30.26],[25.56,-30.71],[25.29,-31.16],[25.24,-31.69],[25.19,-32.22],[25.37,-33.18],[25.25,-33.72],[25.14,-34.26],[24.85,-34.88],[24.3,-35.37],[23.27,-35.42],[22.43,-35.55],[22.12,-36.27],[22,-36.84],[21.89,-37.41],[21.76,-37.97],[21.75,-38.23],[21.54,-38.58],[21.35,-38.89],[21.35,-38.89],[21.31,-38.89],[20.69,-39.42],[20.05,-39.2],[19.41,-38.98],[19.41,-38.98],[19.96,-38.15],[19.98,-37.48],[20,-36.81],[20.01,-36.15],[20.33,-35.4],[20.63,-34.65],[21.12,-33.82],[21.59,-32.98],[22.34,-32.29],[23.07,-31.6],[23.25,-30.96],[23.42,-30.31],[23.67,-29.64],[23.92,-28.97],[24.69,-28.4],[24.91,-27.74],[25.63,-27.02],[26.2,-26.69],[26.77,-26.35],[27.59,-25.81],[28.4,-25.27],[28.84,-24.63],[29.28,-23.98],[29.34,-23],[29.19,-22.16],[29.04,-21.32],[28.73,-20.6],[28.43,-19.88],[28.26,-19.15],[28.1,-18.42],[27.89,-17.64],[27.69,-16.87],[27.79,-16.13],[27.88,-15.4],[28.02,-14.88],[28.16,-14.36],[28.5,-13.76],[28.84,-13.15],[29.29,-12.51],[29.74,-11.87],[29.88,-11.14],[30.02,-10.4],[30.16,-9.66],[30.48,-8.95],[30.8,-8.23],[31.12,-7.51],[31.13,-6.69],[31.14,-5.85],[31.18,-4.98],[31.22,-4.1],[31.62,-3.55],[32.02,-2.99],[32.64,-2.38],[33.26,-1.78],[33.99,-1.45],[34.73,-1.11],[35.39,-0.84],[36.04,-0.57],[36.75,-0.22],[37.46,0.14],[37.83,0.53],[38.2,0.93],[38.2,0.93],[39.09,1.18],[39.9,1.47],[40.71,1.75],[41.52,2.04],[42.27,2.24],[43.02,2.45],[43.77,2.65],[44.52,2.85],[44.52,2.85]]]}},{"type":"Feature","properties":{"ma":55,"type":"gpml:TopologicalNetwork","name":"Inactive_Greater_India_Network","pid":501,"deforming":true},"geometry":{"type":"Polygon","coordinates":[[[54.13,3.76],[54.12,3.93],[54.09,4.67],[54.05,5.41],[54.01,6.19],[53.97,6.96],[53.92,7.74],[54.26,8.51],[54.59,9.27],[54.94,9.82],[55.28,10.38],[55.7,11.26],[56,12.05],[56.38,12.76],[56.38,12.76],[57.35,12.92],[58.33,13.08],[59.05,12.96],[59.78,12.84],[60.31,12.87],[60.84,12.9],[61.59,12.7],[62.33,12.5],[63.08,12.3],[63.85,12.12],[64.62,11.94],[65.52,11.71],[66.37,11.4],[67.22,11.09],[67.86,10.93],[68.51,10.77],[69.44,10.43],[70.38,10.08],[71.23,9.66],[72.04,9.36],[72.51,9.13],[72.99,8.9],[73.53,8.51],[74.06,8.11],[74.85,7.64],[75.43,7.36],[75.89,6.93],[76.34,6.49],[77.1,5.88],[77.6,5.24],[78.09,4.59],[78.71,3.95],[79.06,3.17],[79.51,2.65],[79.87,2.29],[80.27,1.84],[80.27,1.84],[80.17,1.28],[80.06,0.71],[79.82,-0.2],[79.91,-0.86],[80,-1.52],[79.3,-2.08],[78.59,-2.64],[78.54,-2.67],[78.54,-2.67],[78.24,-2.62],[77.65,-2.82],[77.04,-3.17],[76.45,-3.49],[76.15,-3.45],[75.32,-3.4],[74.86,-3.36],[74.39,-3.32],[73.56,-3.27],[73.05,-3.28],[72.65,-3.03],[71.78,-3.03],[71.28,-2.92],[70.84,-2.73],[70.42,-3.01],[70.14,-2.89],[70,-2.5],[69.46,-2.32],[68.64,-2.01],[68.25,-1.78],[67.85,-1.55],[67.28,-1.14],[66.7,-0.72],[66.04,-0.31],[65.85,0.12],[65.47,0.4],[65.23,0.58],[64.87,0.72],[64.43,1.09],[64.26,1.43],[63.9,1.73],[63.69,2.14],[63.42,2.55],[62.94,2.87],[62.64,3.38],[62.11,4.03],[62.23,4.57],[61.94,5.37],[61.4,5.82],[60.96,6.48],[60.66,7.11],[60.36,7.73],[59.67,7.24],[59.14,6.85],[58.62,6.46],[58.05,6.1],[57.76,5.69],[57.47,5.27],[56.76,4.86],[56.13,4.57],[55.5,4.27],[54.85,4.03],[54.2,3.79],[54.13,3.76]]]}},{"type":"Feature","properties":{"ma":55,"type":"gpml:TopologicalNetwork","name":"Inactive_Network","pid":833,"deforming":true},"geometry":{"type":"MultiPolygon","coordinates":[[[[180,-49.94],[180,-50.89],[180,-51.84],[180,-52.79],[180,-53.74],[180,-54.69],[180,-55.64],[180,-56.59],[180,-57.54],[180,-58.48],[180,-59.43],[180,-60.38],[179.58,-60.32],[178.67,-60.27],[177.58,-60.23],[176.63,-60.3],[175.64,-61.03],[174.61,-60.8],[173.59,-60.56],[173.36,-59.98],[173.13,-59.41],[173.11,-59.28],[173.11,-58.89],[173.11,-58.89],[172.85,-58.76],[172.16,-58.57],[171.44,-58.41],[171.44,-58.41],[171.66,-58.19],[170.43,-57.52],[169.25,-56.83],[167.72,-56.29],[167.62,-56.26],[166.69,-55.67],[165.85,-55.65],[164.86,-55.52],[163.89,-55.38],[163.19,-54.85],[162.51,-54.32],[162.45,-54.3],[161.18,-53.78],[160.86,-53.64],[159.96,-53.67],[159.07,-53.69],[158.93,-53.56],[158.45,-53.11],[157.98,-52.65],[157.78,-52.49],[157.23,-51.83],[156.7,-51.16],[156.78,-50.44],[156.85,-49.72],[156.86,-49.69],[156.51,-49.2],[156.17,-48.7],[156.02,-48.48],[155.73,-47.96],[155.45,-47.44],[155.31,-47.16],[155.26,-46.66],[155.21,-46.16],[155.17,-45.82],[154.45,-44.97],[154.16,-44.63],[153.4,-44.15],[152.64,-43.67],[152.1,-43.18],[151.69,-42.8],[151.43,-42.18],[151.23,-41.67],[151.02,-41.17],[150.7,-40.57],[150.43,-40.09],[150.17,-39.61],[149.78,-39.51],[149.5,-38.95],[149.32,-38.33],[149.6,-37.77],[149.88,-37.2],[149.56,-36.53],[149.56,-36.53],[149.87,-36.28],[150.36,-35.64],[150.84,-34.99],[150.84,-34.99],[151.12,-35.18],[151.45,-35.33],[151.73,-35.49],[152.4,-35.96],[152.97,-36.61],[153.24,-37.47],[152.98,-37.94],[152.68,-38.44],[152.39,-38.95],[153.01,-39.5],[152.97,-40.29],[153.34,-40.66],[154.21,-41.08],[154.98,-40.45],[155.74,-39.81],[156.49,-39.17],[157.22,-38.52],[157.94,-37.87],[158.65,-37.21],[159.59,-37.66],[160.08,-38.08],[160.57,-38.49],[161.14,-38.75],[161.72,-38.99],[162.6,-39.4],[163.59,-39.68],[164.62,-39.97],[165.44,-40.1],[166.06,-40.38],[166.23,-40.65],[166.39,-40.83],[166.51,-41.11],[166.87,-41.7],[167.19,-42.59],[167.61,-43.27],[168.18,-44],[168.49,-44.38],[168.87,-45.09],[169.05,-45.34],[169.46,-46],[170.3,-46.47],[170.52,-46.85],[170.74,-47.62],[171.02,-48.2],[171.36,-48.55],[171.74,-48.83],[173.1,-49.18],[173.85,-49.35],[174.66,-49.42],[175.73,-49.58],[175.85,-49.64],[175.85,-49.64],[176.36,-49.35],[176.36,-49.35],[177.35,-49.15],[178.83,-49.03],[179.92,-48.99],[180,-49],[180,-49.94]]],[[[-180,-59.43],[-180,-58.48],[-180,-57.54],[-180,-56.59],[-180,-55.64],[-180,-54.69],[-180,-53.74],[-180,-52.79],[-180,-51.84],[-180,-50.89],[-180,-49.94],[-180,-49],[-179.05,-49.01],[-178.05,-49.26],[-177.42,-49.56],[-176.72,-49.82],[-176.01,-50.07],[-174.66,-50.26],[-173.82,-50.29],[-172.98,-50.31],[-171.63,-50.56],[-171.63,-50.56],[-171.61,-51.02],[-171.67,-51.7],[-171.84,-52.3],[-172.02,-52.9],[-172.34,-53.83],[-172.48,-54.57],[-173.02,-55.49],[-173.69,-55.86],[-174.36,-56.22],[-175.07,-56.65],[-176.03,-57.13],[-176.31,-57.42],[-176.58,-57.69],[-176.85,-57.96],[-177.06,-58.17],[-177.12,-58.23],[-177.18,-58.3],[-177.29,-58.41],[-177.42,-58.54],[-177.53,-58.65],[-177.61,-58.73],[-177.74,-58.88],[-177.84,-59],[-178.03,-59.21],[-178.18,-59.4],[-178.31,-59.58],[-178.35,-59.63],[-178.44,-59.76],[-178.56,-59.9],[-178.63,-59.99],[-178.68,-60.05],[-178.73,-60.11],[-178.79,-60.19],[-178.89,-60.3],[-178.93,-60.35],[-178.96,-60.38],[-179.02,-60.45],[-179.07,-60.51],[-179.07,-60.51],[-179.51,-60.45],[-180,-60.38],[-180,-59.43]]]]}},{"type":"Feature","properties":{"ma":55,"type":"gpml:TopologicalNetwork","name":"Inactive_Central_Atlantic_Mesh","pid":714,"deforming":true},"geometry":{"type":"Polygon","coordinates":[[[-8.41,27.45],[-8.78,27.1],[-9.34,26.55],[-9.83,26.07],[-10.22,25.67],[-10.59,25.3],[-11.02,24.86],[-11.5,24.37],[-12.12,24.27],[-12.73,24.07],[-13.15,24.07],[-13.54,24.06],[-14.12,23.98],[-14.68,24],[-15.35,23.85],[-15.74,23.57],[-16.21,23.02],[-16.92,22.52],[-17.51,22.03],[-17.86,21.51],[-18.53,20.81],[-18.75,20.31],[-19.25,19.57],[-19.74,18.94],[-20.29,18.73],[-20.48,18.73],[-20.96,18.49],[-21.83,18.03],[-22.7,17.7],[-22.77,17.55],[-23.08,17.12],[-23.38,16.69],[-23.45,16.14],[-23.51,15.58],[-23.5,15.08],[-23.49,14.57],[-23.35,13.92],[-23.36,13.29],[-23.4,12.61],[-23.48,12.34],[-23.57,12],[-23.45,11.57],[-23.28,11.15],[-22.92,10.45],[-22.89,9.97],[-22.88,9.54],[-23.03,9.2],[-23.05,8.87],[-23.04,8.58],[-23.03,8.17],[-23.43,7.95],[-23.75,7.76],[-23.75,7.76],[-23.91,7.77],[-24.88,7.86],[-25.85,7.95],[-25.85,7.95],[-25.83,8.04],[-25.66,8.49],[-25.69,9.01],[-25.51,9.31],[-25.19,9.94],[-24.87,10.78],[-24.7,11.49],[-24.67,12.05],[-24.64,12.6],[-24.59,13.23],[-24.58,14.01],[-24.49,14.45],[-24.42,14.95],[-24.42,15.49],[-24.42,16.04],[-24.41,16.73],[-24.1,17.42],[-23.82,17.69],[-23.44,18.04],[-23.44,18.04],[-23.03,18.58],[-22.87,18.93],[-22.59,19.17],[-22.13,19.55],[-21.85,19.72],[-21.34,20.23],[-21.05,20.4],[-20.62,20.75],[-20.36,20.98],[-20.15,21.25],[-19.99,21.6],[-19.68,22.21],[-19.36,22.74],[-18.9,23],[-18.55,23.2],[-18.15,23.4],[-17.8,23.49],[-17.49,23.72],[-17.22,23.75],[-16.96,23.81],[-16.9,23.91],[-16.69,24.17],[-16.47,24.65],[-16.23,25.02],[-16.12,25.28],[-15.9,25.77],[-15.71,25.99],[-15.42,26.42],[-15.06,26.98],[-14.84,27.4],[-14.58,27.83],[-14.23,28.1],[-14.04,28.26],[-14.04,28.26],[-13.94,28.26],[-13.31,28.2],[-12.68,28.14],[-11.89,27.92],[-10.83,27.82],[-10.02,27.7],[-9.22,27.58],[-8.41,27.45]]]}},{"type":"Feature","properties":{"ma":55,"type":"gpml:TopologicalNetwork","name":"Inactive_Arctic_Network","pid":101,"deforming":true},"geometry":{"type":"Polygon","coordinates":[[[-180,83.15],[-180,84.13],[-180,85.1],[-180,86.08],[-180,87.06],[-180,88.04],[-180,89.02],[-180,90],[180,90],[180,89.02],[180,88.04],[180,87.06],[180,86.08],[180,85.1],[180,84.13],[180,83.15],[180,82.17],[173.24,82.29],[166.36,82.31],[160.83,82.86],[155.66,82.96],[150.38,83.01],[142.83,82.89],[135.64,82.66],[128.76,82.24],[122.65,81.73],[117.39,81.3],[112.65,80.8],[108.24,80.68],[103.97,80.51],[103.95,80.51],[103.95,80.51],[103.42,80.92],[100.64,81.77],[97.23,82.6],[92.99,83.39],[87.63,84.15],[81.53,84.53],[72.29,84.86],[62.09,85.04],[51.5,85.05],[41.2,84.9],[35.33,84.61],[30.11,84.26],[29.96,84.26],[29.96,84.26],[29.1,84.17],[27.55,84.09],[26.14,83.98],[20.88,83.5],[16.37,82.98],[14.14,82.76],[8.81,82.27],[4.14,81.72],[0.79,81.27],[-2.23,80.8],[-5.11,80.31],[-7.72,79.8],[-10.86,79.61],[-13.88,79.4],[-18.57,79.6],[-20.93,79.67],[-20.93,79.67],[-24.26,79.76],[-27.85,79.98],[-31.58,80.16],[-34.7,80.46],[-38.01,80.74],[-42.16,81.12],[-46.66,81.45],[-50.85,81.67],[-55.25,81.85],[-59.3,81.99],[-63.46,82.1],[-67.83,82.09],[-72.16,82.03],[-77.35,81.39],[-80.99,80.62],[-80.28,79.81],[-79.72,79.44],[-82.84,78.93],[-82.84,78.93],[-85.93,79.72],[-89.5,80.48],[-93.68,81.2],[-93.68,81.2],[-94.78,81],[-96.76,80.61],[-98.58,80.22],[-100.45,79.76],[-102.16,79.3],[-102.26,78.66],[-102.45,78.1],[-102.63,77.54],[-102.63,77.52],[-102.63,77.52],[-104.91,77.74],[-105.83,77.48],[-105.83,77.48],[-107.79,77.85],[-109.87,78.2],[-111.22,78.67],[-112.36,79.04],[-113.05,79.26],[-114.29,79.62],[-115.63,79.98],[-115.94,80.68],[-114.25,81.28],[-114.84,81.84],[-112.79,82.53],[-113.23,83.05],[-111.68,83.6],[-109.85,84.14],[-109.54,84.33],[-109.54,84.33],[-104.99,84.36],[-97.06,84.32],[-89.41,84.17],[-83.92,83.87],[-78.98,83.51],[-77.13,83.02],[-77.13,83.02],[-79.86,82.88],[-83.07,82.59],[-86.03,82.27],[-88.86,81.93],[-91.46,81.56],[-93.68,81.2],[-93.68,81.2],[-89.5,80.48],[-85.93,79.72],[-82.84,78.93],[-82.84,78.93],[-83.49,78.82],[-85.62,78.39],[-87.61,77.95],[-89.36,77.57],[-91.01,77.18],[-92.49,76.79],[-93.88,76.38],[-95.73,75.99],[-96.71,75.82],[-98.11,75.78],[-101.27,75.74],[-103.58,75.67],[-104.5,75.64],[-106.08,75.61],[-106.2,75.6],[-106.2,75.6],[-108.55,75.7],[-110.04,75.85],[-111.11,76.23],[-111.5,76.35],[-113.47,76.7],[-115.84,77.38],[-116.77,77.54],[-119.86,78.03],[-120.84,78.22],[-122.15,78.59],[-124.66,79],[-127.36,79.39],[-132.08,79.84],[-134.04,80.17],[-135.54,80.44],[-138.03,80.98],[-139.1,81.28],[-141.15,81.57],[-143.47,81.87],[-145.48,82.25],[-148.06,82.68],[-150.45,83.02],[-151.05,83.1],[-151.05,83.1],[-154.45,82.91],[-159.61,82.5],[-163.98,82.02],[-167.83,81.51],[-167.86,81.5],[-167.86,81.5],[-170.81,81.66],[-175.13,81.93],[-179.72,82.16],[-180,82.17],[-180,83.15]]]}},{"type":"Feature","properties":{"ma":55,"type":"gpml:TopologicalSlabBoundary","name":"Laramide flat slab","pid":101,"deforming":false},"geometry":{"type":"Polygon","coordinates":[[[-100.81,33.44],[-101.03,33.82],[-101.32,34.26],[-101.62,34.7],[-102.24,35.39],[-102.63,36.25],[-102.9,36.77],[-103.17,37.29],[-103.36,38.02],[-103.65,38.51],[-103.94,39],[-104.23,39.54],[-104.6,40.45],[-105.06,41.18],[-105.78,41.85],[-106.02,42.39],[-106.35,43.05],[-106.57,43.53],[-106.78,44.01],[-107.01,44.49],[-107.23,44.97],[-107.6,45.76],[-107.62,46.24],[-107.7,46.39],[-107.7,46.39],[-107.26,46.46],[-106.26,46.7],[-105.25,46.92],[-104.06,47.19],[-102.77,47.38],[-101.82,47.52],[-100.87,47.65],[-99.48,47.73],[-98.15,48.01],[-97.28,48.15],[-96.41,48.29],[-95.49,48.42],[-94.56,48.53],[-93.63,48.68],[-92.79,48.8],[-91.95,48.92],[-91.91,48.92],[-91.91,48.92],[-91.72,48.24],[-91.53,47.56],[-91.35,46.88],[-90.89,46.05],[-90.63,45.33],[-90.38,44.6],[-90.22,43.96],[-90.06,43.32],[-89.88,42.79],[-89.69,42.27],[-89.4,41.77],[-89.12,41.27],[-88.89,40.54],[-88.61,39.65],[-88.34,38.76],[-88.03,38.21],[-87.72,37.66],[-87.61,36.95],[-87.56,36.6],[-87.56,36.6],[-88.48,36.45],[-89.41,36.3],[-90.55,36.1],[-91.69,35.88],[-92.82,35.66],[-93.94,35.42],[-95.07,35.15],[-96.19,34.88],[-97.31,34.59],[-98.17,34.31],[-99.02,34.03],[-99.92,33.74],[-100.81,33.44]]]}},{"type":"Feature","properties":{"ma":55,"type":"gpml:TopologicalNetwork","name":"BoB_Deform","pid":305,"deforming":true},"geometry":{"type":"Polygon","coordinates":[[[-13.8,40.81],[-13.79,40.87],[-13.66,41.07],[-13.54,41.36],[-13.39,41.66],[-13.24,42.03],[-13.18,42.19],[-13.18,42.19],[-13.14,42.18],[-12.66,42.1],[-12.25,41.98],[-11.72,41.83],[-11.16,41.53],[-10.87,41.31],[-10.24,41.08],[-9.68,40.62],[-9.14,40.18],[-8.92,39.85],[-8.7,39.47],[-8.41,39.15],[-8.16,38.81],[-7.99,38.32],[-7.82,37.83],[-7.82,37.83],[-7.84,37.83],[-8.64,37.73],[-9.46,37.68],[-9.8,37.64],[-10.2,37.59],[-10.43,37.56],[-10.69,37.53],[-10.69,37.53],[-10.99,38.26],[-11.24,38.6],[-11.39,38.78],[-11.53,38.86],[-11.53,38.86],[-11.54,38.86],[-12.13,38.81],[-12.57,38.67],[-12.57,38.67],[-12.44,38.79],[-12.32,38.9],[-12.22,39.02],[-12.11,39.2],[-12.01,39.34],[-11.99,39.52],[-11.95,39.68],[-11.99,39.85],[-12.06,40.07],[-12.26,40.28],[-12.93,40.52],[-13.77,40.8],[-13.8,40.81]]]}},{"type":"Feature","properties":{"ma":55,"type":"gpml:TopologicalNetwork","name":"WEC","pid":601,"deforming":true},"geometry":{"type":"Polygon","coordinates":[[[122.3,33.18],[121.33,33.69],[120.35,34.2],[119.35,34.7],[118.34,35.18],[117.32,35.66],[116.29,36.14],[115.25,36.6],[114.37,36.41],[113.49,36.22],[112.64,36.25],[111.79,36.27],[110.94,36.28],[110.67,35.83],[110.41,35.37],[109.63,35.6],[108.84,35.82],[108.05,36.04],[107.2,36.45],[106.34,36.85],[105.46,37.25],[104.43,37.54],[103.38,37.81],[102.13,37.89],[100.87,37.96],[99.67,37.95],[98.47,37.94],[97.81,38.01],[97.81,38.01],[97.84,38.57],[97.57,39.11],[97.29,39.64],[96.76,40.41],[96.48,41.02],[96.2,41.62],[96.04,42.46],[96.3,43.31],[96.68,43.98],[97.17,44.75],[97.74,45.56],[98.17,46.17],[98.87,47.02],[99.53,47.42],[100.19,47.83],[100.98,48.42],[101.79,49],[102.5,49.5],[103.22,49.99],[103.96,50.47],[104.75,50.95],[105.56,51.43],[106.38,51.9],[107.25,52.5],[108.13,53.11],[108.9,53.68],[109.68,54.24],[110.32,54.69],[110.97,55.14],[111.45,55.4],[111.45,55.4],[112.4,55.37],[113.68,55.32],[114.95,55.26],[116.65,55.15],[118.35,55.02],[119.33,54.94],[120.3,54.85],[121.66,54.7],[123.02,54.54],[124.02,54.41],[125.01,54.28],[126.08,54.12],[127.14,53.95],[128.38,53.75],[129.6,53.53],[130.73,53.31],[131.85,53.08],[132.97,52.84],[134.29,52.54],[135.58,52.23],[136.55,51.98],[137.5,51.73],[137.5,51.73],[137.26,51.34],[136.7,50.52],[136.17,49.7],[135.71,48.98],[135.26,48.26],[134.86,47.73],[134.48,47.19],[133.79,46.33],[133.13,45.47],[132.62,44.79],[132.13,44.11],[131.59,43.43],[131.06,42.74],[130.48,42.08],[129.9,41.42],[129.53,40.98],[129.17,40.53],[128.43,39.85],[127.73,39.04],[127.2,38.45],[126.69,37.86],[126.18,37.26],[125.65,36.68],[125.13,36.1],[124.56,35.47],[124,34.83],[123.44,34.19],[122.78,33.57],[122.3,33.18]]]}},{"type":"Feature","properties":{"ma":55,"type":"gpml:TopologicalNetwork","name":"Siberian_Eurasia_Mesh","pid":401,"deforming":true},"geometry":{"type":"Polygon","coordinates":[[[122.92,76.76],[124.93,77.22],[129.13,77.44],[133.46,77.58],[137.86,77.66],[142.29,77.67],[146.7,77.6],[151.04,77.46],[153.32,77.66],[153.32,77.66],[152.88,76.98],[152.49,76.3],[152.13,75.62],[149.95,75.08],[147.93,74.53],[146.04,73.95],[144.29,73.36],[144.36,72.67],[144.44,71.99],[144.51,71.31],[146.05,70.77],[147.52,70.22],[148.9,69.67],[151.43,69.46],[153.91,69.23],[156.32,68.95],[158.68,68.65],[159.98,68.18],[161.23,67.71],[161.23,67.71],[161.13,67.4],[161.57,66.59],[161.99,65.79],[162.96,65.46],[163.71,65.19],[163.71,65.19],[162.56,64.7],[161.46,64.21],[160.4,63.71],[160.4,63.71],[158.43,64.06],[156.42,64.38],[156.42,64.38],[154.62,64.11],[153.29,63.97],[151.97,63.81],[150.43,63.56],[148.91,63.28],[147.37,63.26],[145.84,63.22],[144.31,63.17],[142.27,63.28],[140.22,63.36],[140.22,63.36],[139.02,63.36],[137.82,63.36],[137.93,63.47],[137.93,63.47],[138.64,64.08],[139.32,64.63],[139.32,64.63],[138.16,64.94],[136.96,65.24],[134.96,65.66],[132.89,66.06],[131.71,66.69],[130.46,67.31],[127.98,67.61],[125.44,67.86],[123.36,67.76],[121.33,68.16],[119.23,68.53],[117.28,68.86],[115.27,69.17],[113.68,69.52],[112.03,69.87],[111.03,70.53],[109.95,71.18],[109.12,71.99],[108.21,72.8],[108.98,73.66],[109.85,74.52],[110.81,75.37],[114.07,75.73],[117.49,76.03],[121.04,76.29],[122.92,76.76]]]}},{"type":"Feature","properties":{"ma":55,"type":"gpml:TopologicalNetwork","name":"WAR_Mesh","pid":804,"deforming":true},"geometry":{"type":"MultiPolygon","coordinates":[[[[180,-76.1],[180,-77.03],[180,-77.95],[180,-78.88],[180,-79.8],[180,-80.73],[180,-81.65],[180,-82.58],[180,-83.5],[180,-84.43],[174.21,-84.07],[169.12,-83.67],[169.12,-83.67],[167.84,-83.59],[165,-83.21],[162.47,-82.81],[159.32,-82.2],[156.62,-81.57],[154.99,-80.81],[153.6,-80.04],[153.83,-79.38],[154.04,-78.72],[154.04,-78.72],[154.16,-78.71],[154.27,-78.6],[154.38,-78.48],[154.48,-78.36],[155.01,-78.02],[155.65,-77.78],[155.85,-77.36],[155.79,-77],[155.86,-76.76],[155.74,-76.64],[155.71,-76.78],[155.35,-76.08],[155.03,-75.38],[156.13,-74.74],[157.14,-74.09],[158.29,-73.52],[159.36,-72.94],[160.79,-72.38],[162.12,-71.81],[162.3,-72.16],[163.2,-72.95],[165.12,-73.65],[166.69,-74.2],[168.38,-74.74],[169.9,-75.18],[171.51,-75.62],[171.51,-75.62],[172.94,-75.16],[174.29,-74.69],[174.29,-74.69],[176.85,-74.9],[180,-75.18],[180,-76.1]]],[[[-180,-83.5],[-180,-82.58],[-180,-81.65],[-180,-80.73],[-180,-79.8],[-180,-78.88],[-180,-77.95],[-180,-77.03],[-180,-76.1],[-180,-75.18],[-176.55,-75.42],[-173,-75.62],[-169.37,-75.76],[-167.36,-75.58],[-165.27,-75.24],[-163.29,-74.89],[-160.65,-74.59],[-158.11,-74.26],[-156.6,-73.76],[-154.18,-73.43],[-151.86,-73.07],[-149.32,-72.74],[-146.87,-72.38],[-145.13,-72.32],[-143.4,-72.24],[-141.64,-71.94],[-139.94,-71.62],[-137.67,-71.82],[-135.94,-71.83],[-134.4,-71.7],[-132.04,-71.44],[-131.3,-71.31],[-130.32,-71.37],[-128.48,-71.3],[-126.66,-71.2],[-124.95,-71.02],[-122.8,-70.87],[-120.5,-70.8],[-119.1,-70.86],[-116.46,-70.96],[-115.25,-70.93],[-113.05,-70.71],[-110.89,-70.47],[-108.5,-70.48],[-106.96,-70.51],[-104.1,-70.59],[-103.37,-70.56],[-103.37,-70.56],[-101.18,-71.1],[-98.86,-71.62],[-96.42,-72.1],[-93.85,-72.56],[-93.2,-73.09],[-93.2,-73.09],[-93.19,-73.21],[-93.38,-73.98],[-93.85,-74.96],[-94.42,-75.46],[-95.03,-75.96],[-96.29,-76.91],[-97.61,-77.52],[-99.06,-78.13],[-100.18,-78.73],[-101.43,-79.32],[-102.7,-79.89],[-104.11,-80.45],[-106.83,-81.2],[-109.21,-81.8],[-111.94,-82.38],[-114.67,-82.74],[-117.67,-83.08],[-121.78,-83.37],[-126.25,-83.63],[-134.29,-83.87],[-134.29,-83.87],[-135.24,-84.11],[-136.84,-84.49],[-137.32,-84.56],[-137.32,-84.56],[-147.62,-84.82],[-158.59,-84.89],[-167.37,-84.82],[-175.72,-84.63],[-180,-84.43],[-180,-83.5]]]]}},{"type":"Feature","properties":{"ma":55,"type":"gpml:TopologicalNetwork","name":"","pid":401,"deforming":true},"geometry":{"type":"Polygon","coordinates":[[[160.4,63.71],[161.46,64.21],[162.56,64.7],[163.71,65.19],[163.71,65.19],[163.92,65.11],[163.92,65.11],[162.78,64.64],[161.68,64.16],[160.62,63.67],[160.62,63.67],[160.4,63.71]]]}}]}