{"type":"FeatureCollection","features":[{"type":"Feature","properties":{"ma":140,"type":"gpml:TopologicalNetwork","name":"Amer_anyui_mesh","pid":101,"deforming":true},"geometry":{"type":"Polygon","coordinates":[[[-1.19,54.87],[-2.56,55.08],[-3.95,55.28],[-5.35,55.46],[-6.76,55.63],[-8.39,55.65],[-10.03,55.66],[-11.42,55.86],[-12.83,56.05],[-14,56.32],[-15.18,56.58],[-16.38,56.83],[-17.67,57.16],[-18.98,57.48],[-20.32,57.79],[-21.7,57.83],[-23.08,57.86],[-24.82,57.69],[-26.54,57.49],[-27.63,57.34],[-28.7,57.18],[-29.65,57.07],[-30.6,56.95],[-31.51,56.81],[-32.42,56.67],[-33.48,56.61],[-34.02,56.62],[-34.56,56.8],[-35.7,57.24],[-35.7,57.24],[-35.78,57.59],[-35.39,58],[-35.26,58.14],[-35.05,58.7],[-34.25,59.46],[-34.1,59.71],[-33.59,60.49],[-33.36,60.73],[-32.77,61.08],[-32.16,61.65],[-31.52,62.22],[-30.73,63.11],[-30.02,63.46],[-29.4,63.71],[-28.13,64.08],[-27.4,64.21],[-26.64,64.47],[-25.81,64.74],[-24.78,64.92],[-23.57,65.11],[-23.15,65.18],[-23.15,65.18],[-23.55,65.65],[-24.24,66.36],[-25.06,67.05],[-25.92,67.73],[-27.05,68.51],[-28.25,69.28],[-29.69,70.15],[-31.24,71],[-32.94,71.84],[-32.94,71.84],[-30.49,72.07],[-28.47,72.43],[-26.37,72.76],[-25.41,72.94],[-25.41,72.94],[-24.42,72.07],[-23.52,71.18],[-22.95,70.38],[-22.42,69.57],[-21.94,68.75],[-21.43,67.89],[-20.95,67.02],[-20.51,66.16],[-20.22,65.22],[-20.22,65.22],[-19.37,65.37],[-18.3,65.35],[-17.52,65.25],[-16.71,65.13],[-14.91,64.85],[-13.4,64.6],[-12.29,64.15],[-11.86,63.87],[-12,63.42],[-12.27,63.12],[-12.27,63.12],[-11.95,63.09],[-10.9,62.98],[-9.71,62.84],[-8.63,62.7],[-7.06,62.49],[-5.86,62.12],[-4.53,61.68],[-3.51,61.46],[-2.06,61.12],[-0.74,60.8],[0.45,60.49],[1.16,60.25],[1.16,60.25],[0.82,59.49],[0.5,58.72],[0.16,57.98],[-0.16,57.24],[-0.43,56.6],[-0.69,55.97],[-0.94,55.42],[-1.19,54.87]]]}},{"type":"Feature","properties":{"ma":140,"type":"gpml:TopologicalNetwork","name":"AUSANT_Deforming_Network","pid":801,"deforming":true},"geometry":{"type":"Polygon","coordinates":[[[125.27,-66.5],[127.71,-66.63],[129.03,-66.54],[130.34,-66.43],[131.82,-66.34],[133.52,-66.1],[135.54,-66.05],[136.74,-66.01],[138.24,-65.75],[139.39,-65.51],[141.14,-65.19],[142.61,-64.85],[143.28,-64.74],[143.33,-64.89],[142.88,-65.47],[142.42,-66.06],[142,-66.44],[142.2,-67.32],[142.58,-67.99],[142.98,-68.65],[143.48,-69.16],[144,-69.67],[144.82,-69.94],[147.41,-70.26],[147.52,-70.32],[148.4,-70.72],[149.31,-71.13],[149.96,-71.97],[149.48,-72.16],[147.52,-72.71],[145.44,-73.24],[143.23,-73.75],[142.41,-73.88],[143.2,-74.23],[143.9,-74.59],[144.09,-74.77],[142.95,-75.2],[141.62,-75.74],[142.69,-76.23],[143.83,-76.71],[145.2,-76.81],[147.23,-77.02],[147.33,-77.06],[147.33,-77.06],[144.46,-77.52],[141.37,-77.95],[138.07,-78.35],[138.07,-78.35],[135.26,-77.94],[132.63,-77.51],[133.52,-76.7],[134.31,-75.89],[133.76,-74.97],[133.73,-74.14],[134.12,-73.41],[132.84,-73.17],[132.38,-72.62],[131.94,-72.07],[130.42,-71.59],[128.54,-71.43],[126.7,-71.24],[125.48,-70.66],[124.68,-70.09],[123.93,-69.52],[123.01,-69.06],[122.13,-68.59],[120.63,-68.2],[119.18,-67.8],[117.55,-67.46],[115.97,-67.1],[114.9,-66.78],[113.85,-66.46],[111.71,-66.01],[110.2,-65.82],[108.72,-65.62],[107.37,-65.22],[106.06,-64.81],[104.33,-64.53],[102.99,-64.43],[101.66,-64.31],[100.19,-64.23],[98.74,-64.14],[96.97,-64.24],[95.19,-64.32],[93.39,-64.22],[91.61,-64.09],[89.84,-63.93],[88.67,-63.92],[87.5,-63.89],[85.92,-63.83],[84.35,-63.76],[83.22,-63.57],[82.11,-63.38],[80.29,-62.95],[78.53,-62.49],[78.53,-62.49],[78.3,-61.78],[78.08,-61.07],[77.86,-60.35],[77.86,-60.35],[78.32,-60.33],[79.5,-59.9],[80.64,-59.46],[80.69,-59.43],[80.69,-59.43],[81.67,-59.65],[83.52,-59.7],[85.33,-59.75],[86.74,-59.8],[88.42,-60.03],[89.6,-60.13],[90.79,-60.22],[92.49,-60.28],[94.4,-60.36],[95.99,-60.59],[97.21,-60.53],[98.42,-60.47],[99.67,-60.49],[100.92,-60.5],[102.3,-60.46],[103.66,-60.41],[105.01,-60.3],[106.34,-60.17],[108.13,-60.18],[108.95,-60.1],[110.56,-60.57],[112.21,-61.01],[112.94,-61.37],[113.68,-61.72],[114.72,-62.16],[115.8,-62.59],[116.62,-62.94],[117.47,-63.28],[118.82,-63.87],[120.01,-64.43],[120.92,-64.91],[122.04,-65.42],[123.37,-65.92],[124.55,-66.22],[125.02,-66.47],[125.27,-66.5]]]}},{"type":"Feature","properties":{"ma":140,"type":"gpml:TopologicalNetwork","name":"aus_antarc_india_mesh","pid":501,"deforming":true},"geometry":{"type":"Polygon","coordinates":[[[78.59,-47.92],[79.37,-48],[80.81,-48.03],[82.27,-48.05],[83.67,-48.31],[84.49,-48.34],[85.31,-48.37],[85.75,-48.34],[85.75,-48.34],[85.26,-48.92],[85.13,-49.59],[85,-50.27],[84.78,-50.75],[84.5,-51.35],[84.21,-51.97],[83.91,-52.58],[83.79,-53.17],[83.67,-53.77],[83.63,-54.5],[83.59,-55.23],[83.5,-55.93],[83.41,-56.63],[82.95,-57.37],[82.47,-58.11],[81.58,-58.79],[80.64,-59.46],[79.5,-59.9],[78.32,-60.33],[76.79,-60.39],[75.25,-60.44],[73.71,-60.46],[72.61,-60.65],[71.5,-60.82],[70.27,-60.95],[69.04,-61.08],[67.93,-61.34],[66.81,-61.6],[65.55,-61.57],[64.28,-61.53],[63.17,-61.49],[62.07,-61.44],[60.62,-61.48],[59.18,-61.5],[57.71,-61.67],[56.23,-61.83],[54.88,-62.06],[54.16,-62.99],[52.95,-63.71],[51.89,-64.12],[50.69,-64.68],[49.44,-65.23],[48.55,-65.97],[47.6,-66.7],[47.38,-65.74],[47.18,-64.84],[47.42,-64.27],[47.66,-63.71],[48.26,-63.24],[48.84,-62.76],[49.7,-62.12],[48.25,-62.26],[46.22,-62.21],[44.85,-62.11],[43.48,-62],[41.99,-61.84],[40.52,-61.67],[39.07,-61.47],[38.08,-61.21],[37.11,-60.93],[36.1,-60.3],[34.53,-60.25],[32.96,-60.69],[31.1,-61.1],[29.19,-61.49],[27.52,-61.99],[25.8,-62.47],[24.39,-62.97],[22.93,-63.46],[21.01,-63.33],[19.12,-63.17],[17.59,-62.8],[16.11,-62.41],[15.14,-61.95],[14.21,-61.48],[14.21,-61.48],[14.77,-60.56],[15.31,-59.63],[15.31,-59.63],[17.22,-59.89],[17.94,-59.78],[18.52,-59.68],[18.63,-59.97],[18.79,-60.41],[18.68,-61.29],[19.55,-60.91],[20.18,-60.63],[21.18,-60.16],[22.05,-59.73],[23.44,-59.75],[24.84,-59.75],[24.9,-59.66],[25.98,-59.65],[27.06,-59.63],[28.25,-59.58],[29.43,-59.52],[30.7,-59.32],[31.95,-59.1],[33.28,-58.96],[34.61,-58.8],[35.72,-58.39],[36.8,-57.97],[37.97,-57.63],[39.12,-57.28],[40.42,-57.38],[41.74,-57.45],[42.86,-57.74],[43.99,-58.01],[45.43,-58.08],[46.87,-58.14],[48.02,-58.09],[49.17,-58.03],[50.44,-57.92],[51.7,-57.8],[53.19,-57.56],[54.66,-57.31],[55.88,-57.32],[57.09,-57.32],[58.02,-57.59],[58.96,-57.85],[60.28,-57.93],[61.6,-58],[62.71,-57.67],[63.8,-57.33],[64.87,-56.98],[66.2,-56.58],[67.5,-56.17],[68.83,-55.81],[70.13,-55.44],[71.72,-55.06],[73.28,-54.65],[74.61,-54.2],[75.92,-53.74],[75.91,-53.07],[75.9,-52.4],[76.45,-51.53],[76.74,-50.94],[77.02,-50.34],[77.44,-49.57],[77.91,-49.04],[78.42,-48.56],[78.59,-47.92]]]}},{"type":"Feature","properties":{"ma":140,"type":"gpml:TopologicalClosedPlateBoundary","name":"Antarctica","pid":802,"deforming":false},"geometry":{"type":"Polygon","coordinates":[[[180,-78.07],[180,-79.06],[180,-80.06],[180,-81.05],[180,-82.05],[180,-83.04],[180,-84.04],[180,-85.03],[180,-86.02],[180,-87.02],[180,-88.01],[180,-89.01],[180,-90],[-180,-90],[-180,-89.01],[-180,-88.01],[-180,-87.02],[-180,-86.02],[-180,-85.03],[-180,-84.04],[-180,-83.04],[-180,-82.05],[-180,-81.05],[-180,-80.06],[-180,-79.06],[-180,-78.07],[-180,-77.08],[-176.96,-76.72],[-174.08,-76.34],[-170.83,-75.77],[-167.84,-75.16],[-164.56,-74.89],[-161.4,-74.57],[-158.1,-74.35],[-154.91,-74.08],[-151.82,-73.76],[-149.15,-73.61],[-146.52,-73.43],[-143.95,-73.22],[-141.45,-72.97],[-141.45,-72.97],[-138.28,-73.17],[-135.82,-73.48],[-133.27,-73.76],[-130.63,-74.01],[-127.93,-74.22],[-124.63,-74.5],[-121.23,-74.72],[-117.5,-74.91],[-113.7,-75.04],[-109.85,-75.1],[-106.75,-75.15],[-103.64,-75.15],[-103.64,-75.15],[-102.19,-75.07],[-99.79,-74.83],[-97.46,-74.56],[-94.58,-74.08],[-91.98,-73.47],[-89.8,-73.15],[-86.89,-72.69],[-85.81,-72.15],[-84.29,-71.32],[-83.6,-70.8],[-82.93,-70.27],[-81.84,-69.86],[-80.8,-69.45],[-79.43,-68.73],[-78.81,-68.27],[-78.22,-67.8],[-77.5,-67.19],[-76.82,-66.57],[-75.37,-66.04],[-73.57,-65.58],[-72.23,-64.89],[-70.86,-64.44],[-69.54,-63.98],[-68.76,-63.56],[-68.01,-63.13],[-68.01,-63.13],[-68.05,-63.31],[-68.04,-63.61],[-68.05,-63.96],[-67.99,-64.34],[-67.89,-64.74],[-67.93,-65.06],[-68,-65.22],[-68.1,-65.55],[-68.24,-65.92],[-68.35,-66.28],[-68.38,-66.66],[-68.37,-66.73],[-68.16,-67.13],[-67.8,-67.4],[-67.17,-67.85],[-66.65,-68.16],[-66.46,-68.28],[-66.13,-68.46],[-65.76,-68.63],[-65.41,-68.81],[-65,-69.01],[-64.59,-69.21],[-64.3,-69.34],[-63.95,-69.5],[-63.73,-69.6],[-63.52,-69.71],[-62.95,-69.93],[-62.33,-70.1],[-61.48,-70.34],[-60.86,-70.49],[-60.42,-70.61],[-60.42,-70.61],[-58.09,-70.6],[-55.75,-70.55],[-53.08,-70.55],[-50.42,-70.51],[-47.97,-70.54],[-45.53,-70.53],[-44.25,-70.53],[-44.25,-70.53],[-43.86,-70.55],[-43.38,-70.56],[-42.81,-70.53],[-41.25,-70.44],[-39.57,-70.35],[-37.9,-70.25],[-36.76,-70.13],[-33.97,-69.89],[-31.25,-69.61],[-28.6,-69.28],[-26.42,-69.04],[-25.71,-68.96],[-25.23,-68.88],[-24.49,-68.75],[-23.99,-68.64],[-23.46,-68.52],[-22.82,-68.39],[-22.3,-68.27],[-21.7,-68.13],[-21.08,-68],[-20.57,-67.91],[-20.13,-67.81],[-18.17,-67.51],[-16.27,-67.19],[-16.27,-67.19],[-16.2,-67.17],[-16.2,-67.17],[-15.1,-66.84],[-14.03,-66.5],[-13.34,-65.91],[-12.67,-65.33],[-12.39,-64.78],[-12.39,-64.78],[-10.84,-64.14],[-9.37,-63.49],[-7.96,-62.82],[-6.36,-63.25],[-4.71,-63.67],[-3.01,-64.07],[-1.27,-64.45],[-0.52,-63.85],[0.19,-63.26],[0.87,-62.66],[2.56,-62.93],[4.27,-63.18],[5.02,-62.28],[5.74,-62.39],[6.25,-61.75],[7.8,-61.97],[9.37,-62.18],[9.65,-61.8],[10.87,-61.96],[12.11,-62.1],[12.53,-61.32],[13.73,-61.57],[14.51,-61.64],[14.51,-61.64],[15.3,-62.03],[16.11,-62.41],[17.59,-62.8],[19.12,-63.17],[21.01,-63.33],[22.93,-63.46],[24.39,-62.97],[25.8,-62.47],[27.52,-61.99],[29.19,-61.49],[31.1,-61.1],[32.96,-60.69],[34.53,-60.25],[36.1,-60.3],[37.11,-60.93],[38.08,-61.21],[39.07,-61.47],[40.52,-61.67],[41.99,-61.84],[43.48,-62],[44.85,-62.11],[46.22,-62.21],[48.25,-62.26],[49.7,-62.12],[48.84,-62.76],[48.26,-63.24],[47.66,-63.71],[47.42,-64.27],[47.18,-64.84],[47.38,-65.74],[47.6,-66.7],[48.55,-65.97],[49.44,-65.23],[50.69,-64.68],[51.89,-64.12],[52.95,-63.71],[54.16,-62.99],[54.88,-62.06],[56.23,-61.83],[57.71,-61.67],[59.18,-61.5],[60.62,-61.48],[62.07,-61.44],[63.17,-61.49],[64.28,-61.53],[65.55,-61.57],[66.81,-61.6],[67.93,-61.34],[69.04,-61.08],[70.27,-60.95],[71.5,-60.82],[72.61,-60.65],[73.71,-60.46],[75.1,-60.44],[76.48,-60.4],[77.86,-60.35],[77.86,-60.35],[78.08,-61.07],[78.3,-61.78],[78.53,-62.49],[78.53,-62.49],[80.29,-62.95],[82.11,-63.38],[83.22,-63.57],[84.35,-63.76],[85.92,-63.83],[87.5,-63.89],[88.67,-63.92],[89.84,-63.93],[91.61,-64.09],[93.39,-64.22],[95.19,-64.32],[96.97,-64.24],[98.74,-64.14],[100.19,-64.23],[101.66,-64.31],[102.99,-64.43],[104.33,-64.53],[106.06,-64.81],[107.37,-65.22],[108.72,-65.62],[110.2,-65.82],[111.71,-66.01],[113.85,-66.46],[114.9,-66.78],[115.97,-67.1],[117.55,-67.46],[119.18,-67.8],[120.63,-68.2],[122.13,-68.59],[123.01,-69.06],[123.93,-69.52],[124.68,-70.09],[125.48,-70.66],[126.7,-71.24],[128.54,-71.43],[130.42,-71.59],[131.94,-72.07],[132.38,-72.62],[132.84,-73.17],[134.12,-73.41],[133.73,-74.14],[133.76,-74.97],[134.31,-75.89],[133.52,-76.7],[132.63,-77.51],[135.26,-77.94],[138.07,-78.35],[138.07,-78.35],[141.37,-77.95],[144.46,-77.52],[147.33,-77.06],[147.33,-77.06],[147.23,-77.02],[145.2,-76.81],[143.83,-76.71],[142.69,-76.23],[141.62,-75.74],[142.95,-75.2],[144.09,-74.77],[143.9,-74.59],[143.2,-74.23],[142.41,-73.88],[143.23,-73.75],[143.61,-73.67],[145.73,-74.39],[148.05,-75.09],[150.59,-75.77],[153.36,-76.41],[154.81,-77.09],[156.42,-77.75],[158.96,-77.94],[161.58,-78.11],[165.49,-78.2],[169.11,-78.14],[173.24,-77.78],[177.13,-77.36],[180,-77.08],[180,-78.07]]]}},{"type":"Feature","properties":{"ma":140,"type":"gpml:TopologicalClosedPlateBoundary","name":"East Gondwana","pid":801,"deforming":false},"geometry":{"type":"MultiPolygon","coordinates":[[[[180,-72.28],[180,-73.24],[180,-74.2],[180,-75.16],[180,-76.12],[180,-77.08],[177.13,-77.36],[173.24,-77.78],[169.11,-78.14],[165.49,-78.2],[161.58,-78.11],[158.96,-77.94],[156.42,-77.75],[154.81,-77.09],[153.36,-76.41],[150.59,-75.77],[148.05,-75.09],[145.73,-74.39],[143.61,-73.67],[143.61,-73.67],[145.68,-73.19],[147.63,-72.68],[149.48,-72.16],[149.96,-71.97],[149.31,-71.13],[148.4,-70.72],[147.52,-70.32],[147.41,-70.26],[144.82,-69.94],[144,-69.67],[143.48,-69.16],[142.98,-68.65],[142.58,-67.99],[142.2,-67.32],[142,-66.44],[142.42,-66.06],[142.88,-65.47],[143.33,-64.89],[143.28,-64.74],[142.61,-64.85],[141.14,-65.19],[139.39,-65.51],[138.24,-65.75],[136.74,-66.01],[135.54,-66.05],[133.52,-66.1],[131.82,-66.34],[130.34,-66.43],[129.03,-66.54],[127.71,-66.63],[125.27,-66.5],[125.27,-66.5],[125.02,-66.47],[124.55,-66.22],[123.37,-65.92],[122.04,-65.42],[120.92,-64.91],[120.01,-64.43],[118.82,-63.87],[117.47,-63.28],[116.62,-62.94],[115.8,-62.59],[114.72,-62.16],[113.68,-61.72],[112.94,-61.37],[112.21,-61.01],[110.56,-60.57],[108.95,-60.1],[108.13,-60.18],[106.34,-60.17],[105.01,-60.3],[103.66,-60.41],[102.3,-60.46],[100.92,-60.5],[99.67,-60.49],[98.42,-60.47],[97.21,-60.53],[95.99,-60.59],[94.4,-60.36],[92.49,-60.28],[90.79,-60.22],[89.6,-60.13],[88.42,-60.03],[86.74,-59.8],[85.33,-59.75],[83.52,-59.7],[81.67,-59.65],[80.69,-59.43],[80.69,-59.43],[81.6,-58.77],[82.47,-58.11],[82.95,-57.37],[83.41,-56.63],[83.5,-55.93],[83.59,-55.23],[83.63,-54.5],[83.67,-53.77],[83.79,-53.17],[83.91,-52.58],[84.21,-51.97],[84.5,-51.35],[84.78,-50.75],[85,-50.27],[85.13,-49.59],[85.26,-48.92],[85.75,-48.34],[85.75,-48.34],[85.31,-48.37],[84.49,-48.34],[83.67,-48.31],[82.27,-48.05],[80.81,-48.03],[79.37,-48],[78.59,-47.92],[78.59,-47.92],[78.42,-48.56],[77.91,-49.04],[77.44,-49.57],[77.02,-50.34],[76.74,-50.94],[76.45,-51.53],[75.9,-52.4],[75.91,-53.07],[75.92,-53.74],[74.61,-54.2],[73.28,-54.65],[71.72,-55.06],[70.13,-55.44],[68.83,-55.81],[67.5,-56.17],[66.2,-56.58],[64.87,-56.98],[63.8,-57.33],[62.71,-57.67],[61.6,-58],[60.28,-57.93],[58.96,-57.85],[58.02,-57.59],[57.09,-57.32],[55.88,-57.32],[54.66,-57.31],[53.19,-57.56],[51.7,-57.8],[50.44,-57.92],[49.17,-58.03],[48.02,-58.09],[46.87,-58.14],[45.43,-58.08],[43.99,-58.01],[42.86,-57.74],[41.74,-57.45],[40.42,-57.38],[39.12,-57.28],[37.97,-57.63],[36.8,-57.97],[35.72,-58.39],[34.61,-58.8],[33.28,-58.96],[31.95,-59.1],[30.7,-59.32],[29.43,-59.52],[28.25,-59.58],[27.06,-59.63],[25.98,-59.65],[24.9,-59.66],[24.84,-59.75],[23.44,-59.75],[22.05,-59.73],[21.18,-60.16],[20.18,-60.63],[19.55,-60.91],[18.68,-61.29],[18.79,-60.41],[18.63,-59.97],[18.52,-59.68],[17.94,-59.78],[17.22,-59.89],[15.31,-59.63],[15.31,-59.63],[15.78,-58.77],[16.22,-57.92],[16.64,-57.06],[17.05,-56.2],[17.44,-55.33],[17.92,-54.57],[18.39,-53.81],[18.84,-53.05],[19.22,-52.16],[19.59,-51.28],[19.94,-50.39],[20.29,-49.5],[20.62,-48.61],[20.93,-47.72],[21.24,-46.83],[21.54,-45.93],[22.6,-46.1],[23.68,-46.25],[24.75,-46.4],[25.02,-45.56],[25.28,-44.72],[26.55,-44.82],[27.82,-44.91],[29.1,-44.99],[29.22,-44.09],[29.33,-43.2],[29.44,-42.31],[30.71,-42.39],[31.97,-42.45],[33.24,-42.5],[34.52,-42.54],[34.52,-42.54],[34.67,-41.73],[34.81,-40.92],[34.95,-40.12],[35.09,-39.31],[35.23,-38.38],[35.36,-37.46],[36.31,-37.38],[37.26,-37.29],[37.25,-36.94],[38.44,-36.74],[38.35,-36.03],[39.43,-35.85],[39.36,-35.25],[40.3,-35.05],[41.34,-34.9],[42.38,-34.74],[42.29,-33.98],[42.2,-33.21],[42.11,-32.45],[42.02,-31.68],[43.12,-31.47],[44.21,-31.24],[45.3,-31],[45.85,-30.26],[46.39,-29.53],[46.92,-28.79],[47.45,-28.05],[47.96,-27.31],[48.48,-26.56],[48.5,-26.35],[48.5,-26.35],[49.26,-26.83],[50.03,-27.31],[50.81,-27.79],[51.28,-27.31],[51.75,-26.82],[52.53,-27.25],[53.32,-27.68],[54.11,-28.1],[54.91,-28.52],[55.55,-27.87],[56.44,-28.42],[57.33,-28.98],[58.23,-29.52],[59.15,-30.06],[60.07,-30.59],[61,-31.12],[61.94,-31.64],[62.9,-32.15],[62.79,-32.72],[62.67,-33.29],[63.47,-33.71],[64.27,-34.12],[65.09,-34.53],[64.95,-35.38],[64.81,-36.23],[65.62,-36.58],[66.44,-36.93],[67.27,-37.26],[67.19,-37.9],[67.12,-38.53],[68.2,-38.93],[69.29,-39.32],[70.4,-39.69],[70.3,-40.3],[70.2,-40.9],[71.45,-41.14],[72.72,-41.37],[72.81,-42.11],[74.01,-42.39],[75.23,-42.65],[76.45,-42.91],[77.68,-43.14],[78.92,-43.37],[78.92,-43.37],[79.13,-42.55],[79.33,-41.74],[79.53,-40.92],[79.72,-40.1],[79.9,-39.29],[80.95,-39.38],[81.17,-38.45],[82.02,-38.48],[82.88,-38.5],[83.02,-37.84],[83.17,-37.19],[84.37,-37.21],[85.58,-37.23],[86.79,-37.23],[86.86,-37.74],[86.93,-38.26],[88.07,-38.24],[88.17,-38.48],[89.3,-38.38],[90.43,-38.27],[91.55,-38.15],[91.42,-37.54],[91.29,-36.94],[92.22,-36.77],[93.15,-36.59],[94.08,-36.41],[93.96,-35.59],[95,-35.37],[96.03,-35.13],[97.06,-34.89],[98.08,-34.63],[99.1,-34.37],[98.81,-33.7],[99.81,-33.39],[100.8,-33.06],[101.79,-32.72],[102.77,-32.38],[103.74,-32.03],[104.7,-31.67],[105.66,-31.31],[106.6,-30.93],[106.6,-30.93],[106.2,-30.09],[105.84,-29.22],[105.48,-28.35],[105.13,-27.48],[104.79,-26.61],[104.45,-25.74],[104.11,-24.87],[103.78,-23.99],[103.46,-23.12],[104.23,-22.91],[105,-22.71],[105.23,-23.21],[105.46,-23.71],[106.44,-23.43],[107.42,-23.14],[107.71,-23.75],[108,-24.36],[108.85,-24.11],[109.71,-23.86],[110.56,-23.59],[110.56,-23.59],[110.58,-22.78],[110.58,-22.78],[111.55,-23.08],[112.51,-23.37],[113.48,-23.65],[114.45,-23.92],[114.25,-24.65],[114.04,-25.37],[115.01,-25.65],[116,-25.91],[116.98,-26.18],[117.98,-26.43],[118.97,-26.68],[119.24,-25.97],[119.5,-25.26],[120.3,-25.47],[121.09,-25.67],[121.26,-25.2],[122.17,-25.47],[123.08,-25.75],[124.01,-26.01],[124.93,-26.27],[125.06,-25.97],[125.99,-26.22],[126.92,-26.46],[126.78,-27],[127.69,-27.27],[128.59,-27.53],[129.5,-27.78],[130.42,-28.03],[130.37,-28.57],[130.31,-29.11],[131.13,-29.36],[131.94,-29.6],[132.76,-29.83],[132.71,-30.41],[132.66,-30.99],[133.78,-31.22],[134.91,-31.44],[136.04,-31.65],[137.17,-31.85],[138.31,-32.04],[139.45,-32.22],[139.95,-32.28],[139.95,-32.28],[140.17,-32.99],[140.6,-33.9],[141.04,-34.81],[141.49,-35.72],[141.95,-36.62],[142.42,-37.53],[142.82,-38.25],[143.23,-38.97],[143.23,-38.97],[143.36,-39.12],[143.7,-39.74],[144.06,-40.35],[144.07,-40.39],[144.36,-40.93],[144.65,-41.48],[144.71,-42.03],[144.78,-42.57],[144.74,-43.37],[144.74,-43.37],[144.75,-43.38],[145.04,-43.56],[145.71,-44.09],[146.25,-44.78],[146.43,-45.65],[146.06,-46.1],[145.65,-46.57],[145.23,-47.05],[145.85,-47.65],[145.67,-48.43],[146.03,-48.83],[146.96,-49.33],[147.82,-49.91],[148.7,-50.5],[149.61,-51.07],[150.1,-51.89],[150.16,-52.46],[150.22,-53.02],[150.54,-53.5],[150.86,-53.98],[151.32,-54.72],[152.03,-55.43],[152.79,-56.16],[153.51,-56.66],[153.86,-57.17],[153.72,-57.46],[153.68,-57.68],[153.48,-57.95],[153.13,-58.58],[152.33,-59.4],[151.88,-60.11],[151.49,-60.93],[151.28,-61.35],[150.42,-61.72],[149.55,-62.08],[149.67,-62.35],[149.91,-63.06],[150.89,-63.67],[151.01,-64.08],[150.88,-64.86],[150.95,-65.46],[151.26,-65.86],[151.56,-66.54],[153.53,-67.1],[154.67,-67.37],[155.97,-67.56],[157.67,-67.86],[157.91,-67.97],[157.77,-67.69],[159.66,-67.75],[162.19,-67.98],[164.03,-68.18],[165.74,-68.41],[167.25,-68.85],[168.08,-69.26],[169.11,-69.64],[170.17,-70.01],[172.47,-70.43],[174,-70.59],[175.57,-70.74],[176.43,-70.91],[176.43,-70.91],[176.69,-70.93],[178.75,-71.14],[180,-71.32],[180,-72.28]]],[[[-180,-76.12],[-180,-75.16],[-180,-74.2],[-180,-73.24],[-180,-72.28],[-180,-71.32],[-179.58,-71.38],[-177.42,-71.6],[-175.21,-71.81],[-172.55,-72],[-169.85,-72.15],[-167.1,-72.27],[-163.98,-72.35],[-160.84,-72.39],[-158.06,-72.49],[-155.25,-72.54],[-152.57,-72.57],[-149.88,-72.56],[-147.21,-72.52],[-146.62,-72.52],[-144.07,-72.76],[-141.45,-72.97],[-141.45,-72.97],[-143.95,-73.22],[-146.52,-73.43],[-149.15,-73.61],[-151.82,-73.76],[-154.91,-74.08],[-158.1,-74.35],[-161.4,-74.57],[-164.56,-74.89],[-167.84,-75.16],[-170.83,-75.77],[-174.08,-76.34],[-176.96,-76.72],[-180,-77.08],[-180,-76.12]]]]}},{"type":"Feature","properties":{"ma":140,"type":"gpml:TopologicalClosedPlateBoundary","name":"Eurasia EUR_140_134","pid":301,"deforming":false},"geometry":{"type":"Polygon","coordinates":[[[97.21,76.57],[94.86,75.87],[92.72,75.15],[90.79,74.41],[89.02,73.66],[87.41,72.89],[85.94,72.11],[84.58,71.33],[84.48,70.52],[84.38,69.71],[84.29,68.91],[84.21,68.1],[82.48,67.63],[80.83,67.14],[79.24,66.64],[78.64,65.98],[78.08,65.33],[77.54,64.67],[77.36,63.8],[77.19,62.93],[77.03,62.07],[76.88,61.2],[75.96,60.55],[75.08,59.9],[74.23,59.24],[73.41,58.57],[73.41,58.57],[72.62,57.89],[71.86,57.2],[71.12,56.5],[70.41,55.8],[71.26,55.2],[72.09,54.6],[72.89,53.99],[73.66,53.37],[74.66,52.88],[75.64,52.38],[76.59,51.87],[77.52,51.36],[77.51,50.77],[77.5,50.19],[76.7,49.58],[75.92,48.96],[74.98,48.46],[74.05,47.94],[73.14,47.42],[72.25,46.89],[71.19,46.26],[70.16,45.61],[69.15,44.96],[68.55,44.42],[67.96,43.88],[67.39,43.33],[66.75,42.51],[66.14,41.68],[65.54,40.84],[64.95,40],[64.38,39.17],[64.67,38.32],[64.95,37.47],[65.34,36.76],[65.72,36.05],[65.78,35.32],[65.85,34.59],[65.91,33.86],[65.65,33.07],[65.4,32.28],[65.16,31.48],[64.91,30.69],[64.68,29.9],[63.93,29.27],[63.19,28.65],[62.46,28.01],[62.46,28.01],[62.71,27.06],[62.95,26.12],[63.19,25.17],[63.42,24.22],[63.66,23.27],[63.88,22.32],[63.85,21.46],[63.81,20.61],[63.81,20.61],[64.67,20.45],[65.53,20.28],[66.39,20.11],[67.3,20],[68.22,19.88],[69.14,19.76],[69.46,20.28],[69.78,20.8],[69.78,20.8],[70.73,20.7],[70.73,20.7],[70.68,19.87],[70.63,19.04],[70.58,18.22],[70.53,17.39],[70.24,16.62],[69.95,15.84],[69.95,15.84],[68.92,15.78],[67.88,15.71],[66.85,15.64],[65.82,15.56],[64.78,15.48],[64.09,15.62],[63.39,15.76],[62.7,15.9],[61.93,16.14],[61.15,16.39],[60.39,16.6],[59.63,16.8],[59.02,17.03],[58.41,17.25],[57.84,17.69],[57.25,18.12],[56.67,18.55],[56.06,19.04],[55.45,19.53],[54.48,19.78],[53.52,20.03],[52.49,20.22],[51.46,20.4],[50.44,20.58],[49.66,20.61],[48.89,20.64],[48.11,20.67],[47.25,20.79],[46.39,20.9],[45.55,21.16],[44.71,21.41],[44.09,21.59],[43.47,21.77],[42.95,22],[42.42,22.24],[42.14,22.35],[42.14,22.35],[42.14,22.3],[41.99,21.75],[41.99,21.75],[41.09,21.59],[40.2,21.43],[39.21,21.11],[38.23,20.79],[37.26,20.46],[36.28,20.13],[35.31,19.79],[34.36,19.37],[33.41,18.94],[32.46,18.5],[31.52,18.06],[30.58,17.62],[29.74,17.52],[28.9,17.42],[28.06,17.31],[27.22,17.2],[26.17,17.16],[25.13,17.11],[24.09,17.05],[24,17.06],[24,17.06],[24.76,17.71],[25.52,18.35],[26.3,18.99],[26.87,19.59],[27.45,20.19],[28.04,20.78],[28.62,21.37],[29.18,21.97],[29.75,22.56],[30.32,23.16],[30.89,23.75],[31.4,24.43],[31.4,24.43],[30.35,24.57],[29.3,24.69],[28.24,24.81],[27.19,24.92],[26.13,25.03],[25.07,25.13],[24.01,25.21],[24.01,25.21],[23.23,24.93],[22.45,24.64],[21.67,24.34],[20.9,24.04],[20.45,23.57],[20,23.09],[20.06,22.92],[19.43,22.26],[18.81,21.59],[18.88,21.4],[18.5,20.94],[18.13,20.47],[18.13,20.47],[18.73,19.74],[19.33,19.01],[19.92,18.27],[19.92,18.27],[19.06,18.75],[18.21,19.22],[17.35,19.68],[16.8,18.96],[16.26,18.24],[15.72,17.51],[15.18,16.79],[14.65,16.06],[14.12,15.33],[13.6,14.6],[13.6,14.6],[12.83,14.95],[12.25,15.46],[11.66,15.97],[11.66,15.97],[11.57,15.89],[10.61,15.65],[9.65,15.4],[8.69,15.15],[7.81,15.02],[6.93,14.9],[6.05,14.77],[5.93,14.81],[5.93,14.81],[6.26,15.21],[6.58,15.61],[6.58,15.61],[6.34,16.13],[6.08,16.43],[5.8,16.71],[5.56,17.06],[5.33,17.36],[4.84,17.73],[4.32,18.12],[3.8,18.28],[3.54,18.47],[3.06,18.71],[2.62,18.8],[2.29,18.88],[1.9,18.92],[1.56,18.95],[1.21,18.96],[0.84,19.01],[0.61,19.16],[0.45,19.22],[0.45,19.22],[0.45,19.22],[0.45,19.22],[0.28,19.29],[0,19.59],[-0.35,19.62],[-1.03,19.73],[-1.19,19.91],[-1.37,20.09],[-1.4,20.2],[-1.51,20.42],[-1.46,20.55],[-1.62,20.91],[-1.82,21.19],[-2.49,21.49],[-3.26,21.65],[-3.85,21.67],[-4.03,21.88],[-4.09,22.13],[-4.09,22.55],[-4.04,22.85],[-3.96,23],[-3.84,23.12],[-3.75,23.29],[-3.83,23.56],[-3.68,23.64],[-3.73,23.78],[-3.75,23.84],[-3.74,23.96],[-3.6,24.09],[-3.43,24.19],[-3.29,24.28],[-3.15,24.34],[-3.02,24.38],[-2.68,24.47],[-2.31,24.55],[-2.04,24.57],[-1.87,24.84],[-1.74,24.98],[-1.62,25.19],[-1.52,25.34],[-1.4,25.52],[-1.28,25.67],[-1.2,25.77],[-1.11,25.93],[-0.94,26.09],[-0.88,26.27],[-0.83,26.43],[-0.82,26.72],[-0.79,26.9],[-0.77,27.03],[-0.69,27.27],[-0.71,27.55],[-0.69,27.79],[-0.7,28],[-0.74,28.35],[-0.72,28.57],[-0.71,28.75],[-0.77,29.19],[-0.68,29.43],[-0.61,29.61],[-0.57,29.85],[-0.59,30.04],[-0.48,30.12],[-0.38,30.18],[-0.27,30.25],[-0.1,30.46],[0.02,30.6],[0.39,30.64],[0.54,30.68],[0.67,30.72],[0.79,30.75],[0.87,30.77],[1.03,30.86],[1.2,30.95],[1.23,31.16],[1.47,31.61],[1.56,31.97],[1.84,32.26],[1.99,32.63],[2.06,32.63],[2.17,32.82],[2.32,33.02],[2.36,33.11],[2.4,33.2],[2.52,33.27],[2.58,33.31],[2.67,33.36],[2.79,33.41],[2.94,33.4],[3.11,33.36],[3.31,33.32],[4.15,33.42],[4.49,33.44],[4.75,33.56],[4.8,33.61],[4.8,33.61],[4.89,33.65],[5,33.84],[5.02,33.95],[5.02,34.11],[5.06,34.26],[5.12,34.48],[5.17,34.7],[5.36,34.98],[5.52,35.12],[5.69,35.34],[5.71,35.38],[5.81,35.47],[5.87,35.53],[5.93,35.67],[5.96,35.73],[5.82,35.9],[5.74,36.02],[5.69,36.29],[5.65,36.41],[5.6,36.57],[5.83,36.82],[5.95,37.01],[5.95,37.27],[5.85,37.51],[5.75,37.72],[5.63,38.01],[5.43,38.23],[5.31,38.41],[5.23,38.57],[5.27,38.72],[5.45,38.89],[5.53,39.05],[5.72,39.26],[5.82,39.48],[6.05,39.66],[6.25,39.84],[6.5,39.99],[6.64,40.31],[6.62,40.69],[6.6,40.89],[6.64,41.28],[6.68,41.56],[6.9,42.06],[6.98,42.32],[7.04,42.58],[7.28,42.88],[7.04,43.2],[7.04,43.2],[7.04,43.26],[7.11,43.69],[7.1,43.74],[7.1,43.74],[6.86,43.89],[6.83,44.66],[6.8,45.43],[6.77,46.19],[6.74,46.96],[6.44,47.84],[6.13,48.71],[5.34,49.15],[4.54,49.57],[3.24,49.52],[1.95,49.46],[0.82,49.84],[-0.33,50.21],[-1.5,50.56],[-2.72,51.07],[-2.72,51.07],[-2.41,51.89],[-2.09,52.71],[-1.76,53.52],[-1.42,54.34],[-1.06,55.15],[-0.69,55.97],[-0.43,56.6],[-0.16,57.24],[0.16,57.98],[0.5,58.72],[0.89,59.63],[1.29,60.54],[1.65,61.29],[2.02,62.04],[2.41,62.79],[2.67,63.68],[2.94,64.57],[3.23,65.45],[3.54,66.34],[3.98,67.2],[4.44,68.06],[4.94,68.92],[5.48,69.78],[4.61,70.5],[4.61,70.5],[6.37,71.09],[8.23,71.66],[10.21,72.22],[12.31,72.75],[14.53,73.26],[17.21,73.78],[20.06,74.27],[23.08,74.72],[26.27,75.12],[29.08,75.76],[32.13,76.37],[35.46,76.93],[37.93,77.63],[40.69,78.31],[43.77,78.95],[47.22,79.56],[48.02,80.53],[49.01,81.49],[50.06,82.26],[51.33,83.01],[52.91,83.77],[54.92,84.51],[64.09,85.02],[74.97,85.37],[87.1,85.53],[87.1,85.53],[85.43,84.78],[88.22,83.96],[90.33,83.12],[91.99,82.27],[93.32,81.42],[95.07,80.6],[96.54,79.77],[97.79,78.93],[98.87,78.09],[99.81,77.24],[97.21,76.57]]]}},{"type":"Feature","properties":{"ma":140,"type":"gpml:TopologicalClosedPlateBoundary","name":"Farallon FAR_140_138","pid":902,"deforming":false},"geometry":{"type":"Polygon","coordinates":[[[-47.43,66.07],[-47.07,66.85],[-46.68,67.63],[-46.26,68.41],[-45.12,68.91],[-43.94,69.39],[-43.94,69.39],[-44.37,68.62],[-44.78,67.86],[-45.16,67.09],[-44.84,66.32],[-44.54,65.55],[-44.26,64.78],[-42.8,64.11],[-41.42,63.42],[-40.85,62.67],[-40.3,61.91],[-39.94,61.14],[-39.59,60.37],[-39.25,59.59],[-38.94,58.82],[-38.94,58.82],[-40.18,59.09],[-41.63,59.34],[-42.58,59.47],[-43.54,59.59],[-44.57,59.65],[-45.61,59.71],[-46.76,59.64],[-47.39,59.41],[-48.01,59],[-48.61,58.58],[-49.64,57.76],[-50.69,57.48],[-51.79,57.3],[-52.88,57.12],[-54.03,56.78],[-55.15,56.42],[-56.48,56.03],[-56.48,56.03],[-56.21,55.59],[-56.29,54.84],[-56.36,54.1],[-56.43,53.35],[-56.96,52.61],[-57.46,51.87],[-57.95,51.12],[-58.61,50.26],[-59.24,49.38],[-59.56,48.62],[-59.86,47.85],[-60.16,47.08],[-60.45,46.31],[-60.67,45.44],[-60.89,44.57],[-61.1,43.7],[-60.89,42.9],[-60.69,42.1],[-60.49,41.3],[-60.21,40.57],[-59.94,39.84],[-59.67,39.11],[-59.4,38.38],[-58.96,37.49],[-58.53,36.61],[-58.11,35.72],[-57.7,34.84],[-57.66,34.76],[-57.66,34.76],[-58.35,34.75],[-59.11,34.81],[-59.87,34.87],[-60.8,34.86],[-61.74,34.85],[-62.1,34.32],[-62.45,33.79],[-62.59,33.03],[-62.73,32.26],[-62.87,31.49],[-62.99,30.54],[-63.11,29.59],[-62.99,28.84],[-62.87,28.08],[-62.91,27.41],[-62.95,26.73],[-62.92,25.93],[-62.89,25.13],[-63.01,24.31],[-63.13,23.49],[-63.08,22.84],[-63.04,22.19],[-62.91,21.28],[-62.79,20.36],[-62.72,19.8],[-62.64,19.23],[-62.5,18.47],[-62.35,17.71],[-62.27,17.16],[-62.18,16.6],[-62.12,15.87],[-62.06,15.13],[-62,14.39],[-61.75,13.54],[-61.5,12.69],[-61.28,12.04],[-61.06,11.4],[-60.85,10.75],[-60.85,10.75],[-61.12,10.45],[-61.46,10.04],[-61.8,9.62],[-61.97,8.87],[-62.13,8.12],[-62.29,7.36],[-62.37,6.55],[-62.44,5.73],[-62.52,4.92],[-62.55,4.15],[-62.59,3.38],[-62.63,2.61],[-62.62,2.34],[-62.62,2.34],[-63.15,1.93],[-63.67,1.52],[-64.2,1.11],[-64.89,0.85],[-65.58,0.58],[-66.26,0.32],[-66.87,0.14],[-66.87,0.14],[-66.98,-0.66],[-67.09,-1.45],[-67.13,-2.26],[-67.16,-3.06],[-66.79,-3.93],[-66.43,-4.81],[-66.06,-5.68],[-65.69,-6.55],[-65.32,-7.42],[-65.14,-8.29],[-64.95,-9.16],[-64.77,-10.02],[-64.58,-10.89],[-64.39,-11.75],[-64.2,-12.62],[-64.01,-13.48],[-63.86,-14.47],[-63.71,-15.45],[-63.56,-16.43],[-63.41,-17.41],[-63.07,-18.16],[-62.73,-18.91],[-62.39,-19.66],[-62.05,-20.4],[-61.7,-21.15],[-61.16,-21.62],[-60.63,-22.08],[-60.09,-22.55],[-60.09,-22.55],[-59.91,-23.26],[-59.73,-23.98],[-59.55,-24.69],[-59.34,-25.36],[-59.13,-26.03],[-58.73,-26.94],[-58.33,-27.86],[-58.09,-28.43],[-57.85,-29],[-57.85,-29],[-58.52,-29.31],[-59.19,-29.62],[-60.14,-30.04],[-61.09,-30.46],[-62.05,-30.87],[-63.02,-31.28],[-63.99,-31.67],[-64.98,-32.06],[-65.97,-32.44],[-66.97,-32.82],[-67.98,-33.18],[-69,-33.54],[-70.02,-33.89],[-70.65,-33.19],[-71.26,-32.49],[-71.87,-31.78],[-72.46,-31.07],[-73.05,-30.36],[-74.16,-30.63],[-75.28,-30.89],[-76.41,-31.14],[-77.54,-31.39],[-78.68,-31.62],[-79.82,-31.84],[-80.97,-32.05],[-82.13,-32.25],[-83.28,-32.45],[-84.45,-32.63],[-85.62,-32.79],[-86.79,-32.95],[-86.92,-31.96],[-87.06,-30.97],[-87.18,-29.98],[-88.26,-30.03],[-89.33,-30.08],[-90.41,-30.11],[-91.48,-30.14],[-92.56,-30.16],[-93.63,-30.16],[-94.71,-30.16],[-95.79,-30.16],[-96.86,-30.14],[-97.94,-30.11],[-99.01,-30.08],[-100.09,-30.04],[-101.16,-29.98],[-101.04,-29.13],[-100.92,-28.28],[-100.81,-27.43],[-100.69,-26.58],[-101.75,-26.46],[-102.8,-26.32],[-103.84,-26.18],[-104.89,-26.02],[-105.93,-25.87],[-106.97,-25.7],[-108,-25.53],[-109.04,-25.35],[-110.07,-25.16],[-111.09,-24.96],[-112.11,-24.76],[-113.13,-24.55],[-114.15,-24.34],[-113.9,-23.48],[-113.65,-22.62],[-113.41,-21.76],[-113.17,-20.9],[-112.93,-20.04],[-113.94,-19.72],[-114.94,-19.4],[-115.94,-19.08],[-116.94,-18.75],[-117.93,-18.41],[-118.92,-18.07],[-119.9,-17.72],[-120.88,-17.37],[-121.86,-17.01],[-122.83,-16.65],[-123.8,-16.29],[-124.76,-15.92],[-125.73,-15.54],[-125.73,-15.54],[-126.17,-15.62],[-126.88,-15.74],[-126.88,-15.74],[-127.33,-15],[-127.77,-14.26],[-128.21,-13.52],[-128.64,-12.77],[-129.08,-12.03],[-129.61,-11.23],[-130.14,-10.43],[-130.67,-9.62],[-131.2,-8.82],[-131.72,-8.02],[-132.24,-7.21],[-132.76,-6.41],[-133.28,-5.6],[-132.65,-5.06],[-132.01,-4.52],[-131.38,-3.98],[-130.75,-3.43],[-131.3,-2.63],[-131.86,-1.82],[-132.17,-1.39],[-132.48,-0.96],[-132.81,-0.75],[-133.08,-0.27],[-133.31,0.02],[-133.74,0.63],[-133.97,0.47],[-134.05,0.64],[-134.23,1.13],[-134.42,1.63],[-134.71,2.04],[-134.99,2.45],[-135.5,2.03],[-136.01,1.61],[-136.45,2.19],[-136.9,2.78],[-137.52,2.26],[-138.15,1.74],[-138.62,2.38],[-139.09,3.02],[-139.36,3.43],[-139.72,3.92],[-140.07,4.42],[-140.2,4.31],[-140.59,4.87],[-140.98,5.44],[-141.08,5.48],[-141.28,5.82],[-141.53,6.24],[-141.59,6.34],[-141.79,6.58],[-142.04,6.99],[-142.19,7.23],[-142.37,7.5],[-142.43,7.64],[-142.54,7.8],[-142.86,8.23],[-142.95,8.35],[-143.2,8.73],[-143.33,8.93],[-143.59,9.36],[-143.88,9.85],[-144.62,9.18],[-144.91,9.63],[-145.2,10.08],[-145.35,10.26],[-145.44,10.36],[-145.82,10.97],[-146.03,11.37],[-146.31,11.76],[-146.86,12.25],[-147.02,12.43],[-147.14,12.57],[-147.14,12.57],[-148.09,12.8],[-148.88,13],[-149.68,13.2],[-149.68,13.2],[-149.39,13.99],[-149.11,14.78],[-148.82,15.57],[-148.61,16.38],[-148.38,17.18],[-148.16,17.98],[-147.94,18.78],[-148.92,19.06],[-149.92,19.34],[-150.91,19.61],[-150.6,20.51],[-150.28,21.41],[-149.96,22.31],[-149.64,23.21],[-149.31,24.11],[-148.97,25.01],[-148.64,25.91],[-148.29,26.81],[-147.94,27.71],[-147.59,28.6],[-147.23,29.5],[-146.86,30.39],[-146.49,31.29],[-146.1,32.18],[-145.7,33.05],[-145.3,33.92],[-144.88,34.79],[-144.46,35.66],[-144.02,36.52],[-142.91,36.22],[-141.8,35.9],[-140.71,35.57],[-139.62,35.23],[-139.17,36.12],[-138.7,37],[-138.22,37.88],[-137.73,38.75],[-137.23,39.63],[-136.71,40.5],[-136.18,41.37],[-135.64,42.24],[-135.08,43.11],[-134.51,43.97],[-133.91,44.83],[-133.3,45.69],[-134.23,45.96],[-135.16,46.22],[-136.1,46.48],[-135.51,47.31],[-134.9,48.14],[-134.27,48.96],[-133.62,49.78],[-132.95,50.6],[-132.25,51.41],[-131.53,52.22],[-130.78,53.03],[-130,53.83],[-129.2,54.62],[-130.33,55.02],[-131.49,55.42],[-130.57,56.23],[-129.62,57.04],[-128.62,57.84],[-127.58,58.64],[-126.48,59.42],[-125.34,60.2],[-124.14,60.96],[-122.89,61.71],[-121.57,62.46],[-120.18,63.18],[-119.06,62.71],[-117.97,62.23],[-116.47,62.9],[-114.91,63.56],[-113.27,64.19],[-111.56,64.81],[-109.76,65.41],[-107.89,65.98],[-105.93,66.53],[-103.89,67.06],[-102.56,67.31],[-100.22,67.66],[-97.81,67.97],[-95.34,68.25],[-92.81,68.49],[-90.23,68.7],[-87.61,68.86],[-84.95,68.98],[-82.27,69.06],[-79.58,69.1],[-76.88,69.09],[-74.18,69.05],[-71.51,68.96],[-68.86,68.83],[-66.24,68.66],[-63.67,68.45],[-61.16,68.2],[-58.7,67.91],[-56.3,67.59],[-53.97,67.23],[-51.71,66.84],[-49.53,66.42],[-47.42,65.97],[-47.43,66.07]]]}},{"type":"Feature","properties":{"ma":140,"type":"gpml:TopologicalClosedPlateBoundary","name":"Izanagi Plate AT","pid":926,"deforming":false},"geometry":{"type":"MultiPolygon","coordinates":[[[[180,88.8],[180,87.81],[180,86.81],[180,85.82],[180,84.83],[180,83.83],[180,82.84],[180,81.84],[180,80.85],[180,79.85],[180,78.86],[180,77.86],[180,76.87],[180,75.87],[180,74.88],[180,73.88],[180,72.89],[180,71.89],[180,70.9],[180,69.9],[180,68.91],[180,67.91],[180,66.92],[180,65.92],[180,64.93],[180,63.93],[180,62.94],[180,61.94],[180,60.95],[180,59.95],[180,58.96],[180,57.96],[180,56.97],[180,55.97],[180,54.98],[180,53.98],[180,52.99],[180,51.99],[180,51],[180,50],[180,49.01],[180,48.01],[180,47.02],[180,46.02],[180,45.03],[180,44.03],[180,43.04],[180,42.04],[180,41.05],[180,40.05],[180,39.06],[180,38.06],[180,37.07],[180,36.07],[180,35.08],[180,34.08],[180,33.09],[180,32.09],[180,31.1],[180,30.1],[180,29.11],[180,28.11],[180,27.12],[180,26.12],[180,25.13],[180,24.13],[180,23.14],[180,22.14],[180,21.15],[180,20.15],[180,19.16],[180,18.16],[180,17.17],[180,16.17],[180,15.18],[180,14.18],[180,13.19],[180,12.19],[180,11.2],[180,10.2],[180,9.21],[180,8.21],[180,7.22],[180,6.22],[180,5.23],[180,4.23],[180,3.24],[180,2.24],[180,1.25],[180,0.25],[180,-0.74],[180,-1.74],[180,-2.73],[179.14,-3.22],[178.28,-3.71],[177.41,-4.2],[176.55,-4.69],[175.68,-5.18],[174.81,-5.66],[173.94,-6.15],[173.07,-6.63],[172.2,-7.12],[171.33,-7.6],[170.45,-8.08],[169.57,-8.55],[168.77,-8.98],[167.96,-9.42],[167.16,-9.84],[166.35,-10.27],[165.53,-10.7],[164.71,-11.13],[163.88,-11.55],[163.34,-11.84],[162.8,-12.13],[162.8,-12.13],[162.72,-11.81],[161.73,-12.04],[160.74,-12.26],[159.75,-12.48],[158.76,-12.69],[157.76,-12.9],[156.77,-13.11],[155.77,-13.31],[154.77,-13.51],[153.77,-13.7],[152.76,-13.89],[151.76,-14.08],[150.75,-14.26],[149.74,-14.44],[148.73,-14.62],[147.72,-14.79],[146.71,-14.95],[146.47,-13.99],[146.24,-13.03],[145.3,-13.27],[144.36,-13.5],[143.41,-13.73],[142.46,-13.96],[141.51,-14.19],[140.56,-14.41],[139.61,-14.62],[138.66,-14.83],[137.68,-15.04],[136.69,-15.25],[135.71,-15.45],[134.73,-15.65],[133.74,-15.84],[132.75,-16.03],[131.76,-16.21],[130.76,-16.39],[130.59,-15.56],[130.41,-14.73],[129.45,-14.93],[128.5,-15.12],[127.54,-15.31],[126.58,-15.49],[125.62,-15.67],[124.66,-15.85],[123.69,-16.02],[123.54,-15.46],[123.39,-14.91],[122.61,-15.05],[121.82,-15.18],[121.04,-15.32],[120.26,-15.45],[120.26,-15.45],[120.2,-16.44],[120.14,-17.44],[120.08,-18.43],[120.02,-19.42],[119.96,-20.42],[119.9,-21.41],[119.84,-22.4],[119.78,-23.4],[119.78,-23.4],[119.08,-23.29],[118.39,-23.17],[117.47,-23.06],[116.56,-22.95],[115.65,-22.83],[114.74,-22.7],[113.83,-22.57],[112.92,-22.44],[112.12,-22.3],[111.32,-22.16],[110.52,-22.02],[109.97,-21.85],[109.97,-21.85],[110.1,-20.94],[110.22,-20.04],[110.35,-19.14],[110.47,-18.23],[110.59,-17.33],[110.71,-16.42],[110.83,-15.52],[110.95,-14.61],[111.06,-13.71],[111.41,-12.81],[111.75,-11.91],[112.09,-11.01],[112.42,-10.11],[112.76,-9.21],[113.01,-8.26],[113.25,-7.3],[113.5,-6.35],[113.74,-5.4],[113.99,-4.44],[114.23,-3.49],[114.47,-2.53],[114.72,-1.58],[114.96,-0.63],[115.2,0.33],[115.44,1.28],[115.69,2.24],[116.06,3.16],[116.43,4.09],[116.8,5.02],[117.17,5.94],[117.55,6.87],[117.92,7.8],[118.3,8.72],[118.69,9.55],[119.09,10.38],[119.48,11.21],[119.48,11.21],[120.24,10.8],[120.99,10.39],[121.74,9.98],[122.49,9.56],[123.23,9.14],[124.08,9.01],[124.93,8.88],[124.93,8.88],[125.26,9.54],[125.59,10.2],[125.92,10.86],[126.41,11.7],[126.91,12.55],[127.42,13.39],[127.75,14.3],[128.1,15.22],[128.1,15.22],[128.13,15.76],[127.92,16.23],[127.71,16.71],[127.71,16.71],[126.99,16.93],[126.28,17.14],[125.79,17.73],[125.3,18.32],[125,18.92],[124.7,19.53],[124.53,20.23],[123.82,20.91],[123.1,21.59],[122.41,22.24],[121.71,22.88],[121.2,23.36],[120.68,23.84],[120.16,24.32],[119.43,24.87],[118.7,25.42],[119.01,26.2],[119.33,26.98],[119.65,27.75],[119.98,28.64],[120.3,29.53],[120.64,30.42],[120.98,31.31],[121.32,32.19],[121.53,33.03],[121.74,33.87],[121.95,34.71],[122.17,35.54],[122.39,36.38],[122.61,37.18],[122.85,37.98],[123.09,38.78],[123.33,39.58],[123.51,40.32],[123.69,41.07],[123.88,41.81],[124.08,42.55],[124.33,43.42],[124.6,44.29],[124.87,45.16],[125.11,45.99],[125.36,46.83],[125.62,47.67],[125.89,48.44],[126.15,49.21],[126.43,49.97],[126.7,50.63],[126.98,51.29],[127.27,51.95],[127.48,52.63],[127.7,53.31],[127.92,53.98],[128.27,54.86],[128.64,55.74],[128.91,56.69],[129.19,57.63],[129.4,58.45],[129.62,59.27],[129.78,59.94],[129.95,60.6],[130.1,61.21],[130.26,61.81],[130.43,62.55],[130.61,63.28],[130.8,64.18],[131.01,65.08],[131.25,65.82],[131.5,66.57],[131.6,67.4],[131.71,68.24],[131.76,69],[131.82,69.75],[131.83,70.62],[131.83,71.48],[131.81,72.22],[131.79,72.95],[131.77,73.69],[131.41,74.44],[131.01,75.19],[130.57,75.94],[129.72,76.73],[128.77,77.52],[127.69,78.3],[126.45,79.05],[125.04,79.79],[123.4,80.53],[121.5,81.25],[118.52,82.14],[114.8,83],[109.85,83.71],[103.7,84.36],[96.08,84.93],[86.75,85.39],[86.75,85.39],[88.81,86.09],[91.78,86.79],[96.37,87.48],[98.62,88.31],[105.19,89.13],[180,89.8],[180,88.8]]],[[[-180,-1.74],[-180,-0.74],[-180,0.25],[-180,1.25],[-180,2.24],[-180,3.24],[-180,4.23],[-180,5.23],[-180,6.22],[-180,7.22],[-180,8.21],[-180,9.21],[-180,10.2],[-180,11.2],[-180,12.19],[-180,13.19],[-180,14.18],[-180,15.18],[-180,16.17],[-180,17.17],[-180,18.16],[-180,19.16],[-180,20.15],[-180,21.15],[-180,22.14],[-180,23.14],[-180,24.13],[-180,25.13],[-180,26.12],[-180,27.12],[-180,28.11],[-180,29.11],[-180,30.1],[-180,31.1],[-180,32.09],[-180,33.09],[-180,34.08],[-180,35.08],[-180,36.07],[-180,37.07],[-180,38.06],[-180,39.06],[-180,40.05],[-180,41.05],[-180,42.04],[-180,43.04],[-180,44.03],[-180,45.03],[-180,46.02],[-180,47.02],[-180,48.01],[-180,49.01],[-180,50],[-180,51],[-180,51.99],[-180,52.99],[-180,53.98],[-180,54.98],[-180,55.97],[-180,56.97],[-180,57.96],[-180,58.96],[-180,59.95],[-180,60.95],[-180,61.94],[-180,62.94],[-180,63.93],[-180,64.93],[-180,65.92],[-180,66.92],[-180,67.91],[-180,68.91],[-180,69.9],[-180,70.9],[-180,71.89],[-180,72.89],[-180,73.88],[-180,74.88],[-180,75.87],[-180,76.87],[-180,77.86],[-180,78.86],[-180,79.85],[-180,80.85],[-180,81.84],[-180,82.84],[-180,83.83],[-180,84.83],[-180,85.82],[-180,86.81],[-180,87.81],[-180,88.8],[-180,89.8],[-99.89,89.02],[-94.07,88.05],[-84.99,87.27],[-80.04,86.44],[-76.97,85.6],[-74.89,84.75],[-73.38,83.89],[-70.49,83],[-68.25,82.1],[-66.47,81.18],[-65.02,80.26],[-63.82,79.34],[-61.72,78.55],[-59.9,77.75],[-59.9,77.75],[-56.04,78.3],[-51.83,78.8],[-47.18,79],[-42.39,79.13],[-39.2,79.4],[-35.87,79.64],[-31.54,79.73],[-27.17,79.76],[-22.79,79.74],[-18.33,79.47],[-14.12,79.14],[-10.33,78.83],[-6.76,78.47],[-3.42,78.08],[0.07,77.78],[3.39,77.44],[5.78,77.35],[5.78,77.35],[5.13,76.5],[4.55,75.64],[3.7,74.77],[2.93,73.9],[2.25,73.02],[1.63,72.15],[1.59,72.08],[1.49,71.93],[1.49,71.93],[-1.41,72.34],[-4.43,72.7],[-7.57,73.02],[-10.82,73.28],[-14.15,73.5],[-17.28,73.47],[-20.38,73.39],[-23.45,73.27],[-23.64,73.26],[-23.64,73.26],[-23.64,73.26],[-23.64,73.26],[-23.64,73.26],[-23.64,73.26],[-26.37,72.76],[-28.47,72.43],[-30.49,72.07],[-32.94,71.84],[-32.94,71.84],[-32.94,71.84],[-32.94,71.84],[-35.52,71.55],[-38.01,71.23],[-39.76,70.78],[-41.43,70.32],[-43.14,69.7],[-44.75,69.06],[-46.26,68.41],[-46.68,67.63],[-47.07,66.85],[-47.43,66.07],[-47.42,65.97],[-47.42,65.97],[-49.53,66.42],[-51.71,66.84],[-53.97,67.23],[-56.3,67.59],[-58.7,67.91],[-61.16,68.2],[-63.67,68.45],[-66.24,68.66],[-68.86,68.83],[-71.51,68.96],[-74.18,69.05],[-76.88,69.09],[-79.58,69.1],[-82.27,69.06],[-84.95,68.98],[-87.61,68.86],[-90.23,68.7],[-92.81,68.49],[-95.34,68.25],[-97.81,67.97],[-100.22,67.66],[-102.56,67.31],[-103.89,67.06],[-105.93,66.53],[-107.89,65.98],[-109.76,65.41],[-111.56,64.81],[-113.27,64.19],[-114.91,63.56],[-116.47,62.9],[-117.97,62.23],[-119.06,62.71],[-120.18,63.18],[-121.57,62.46],[-122.89,61.71],[-124.14,60.96],[-125.34,60.2],[-126.48,59.42],[-127.58,58.64],[-128.62,57.84],[-129.62,57.04],[-130.57,56.23],[-131.49,55.42],[-130.33,55.02],[-129.2,54.62],[-130,53.83],[-130.78,53.03],[-131.53,52.22],[-132.25,51.41],[-132.95,50.6],[-133.62,49.78],[-134.27,48.96],[-134.9,48.14],[-135.51,47.31],[-136.1,46.48],[-135.16,46.22],[-134.23,45.96],[-133.3,45.69],[-133.91,44.83],[-134.51,43.97],[-135.08,43.11],[-135.64,42.24],[-136.18,41.37],[-136.71,40.5],[-137.23,39.63],[-137.73,38.75],[-138.22,37.88],[-138.7,37],[-139.17,36.12],[-139.62,35.23],[-140.71,35.57],[-141.8,35.9],[-142.91,36.22],[-144.02,36.52],[-144.46,35.66],[-144.88,34.79],[-145.3,33.92],[-145.7,33.05],[-146.1,32.18],[-146.49,31.29],[-146.86,30.39],[-147.23,29.5],[-147.59,28.6],[-147.94,27.71],[-148.29,26.81],[-148.64,25.91],[-148.97,25.01],[-149.31,24.11],[-149.64,23.21],[-149.96,22.31],[-150.28,21.41],[-150.6,20.51],[-150.91,19.61],[-149.92,19.34],[-148.92,19.06],[-147.94,18.78],[-148.16,17.98],[-148.38,17.18],[-148.61,16.38],[-148.82,15.57],[-149.11,14.78],[-149.39,13.99],[-149.68,13.2],[-149.68,13.2],[-150.39,13.38],[-151.11,13.55],[-152.06,13.71],[-153.03,13.87],[-153.99,14.02],[-154.29,14.58],[-154.6,15.15],[-155.33,15.05],[-156.07,14.95],[-156.53,14.73],[-157,14.51],[-157.83,14.1],[-158.39,13.82],[-158.29,12.95],[-158.07,12.4],[-158.67,12.14],[-158.65,11.92],[-158.4,11.09],[-158.62,10.98],[-158.82,10.85],[-159.22,10.72],[-159.71,10.51],[-160.2,10.3],[-160.68,10.1],[-161.12,9.9],[-160.88,9.33],[-160.65,8.77],[-160.43,8.24],[-160.22,7.71],[-159.95,7.2],[-159.69,6.69],[-159.27,5.98],[-158.86,5.27],[-158.57,4.72],[-158.28,4.18],[-159.02,3.72],[-159.76,3.26],[-160.5,2.8],[-161.24,2.34],[-162.09,1.81],[-162.93,1.28],[-163.78,0.75],[-164.63,0.22],[-165.47,-0.31],[-166.32,-0.84],[-167.16,-1.36],[-168.01,-1.89],[-168.86,-2.42],[-169.7,-2.95],[-170.55,-3.48],[-171.4,-4],[-172.25,-4.53],[-173.1,-5.05],[-173.1,-5.05],[-173.55,-4.26],[-174,-3.47],[-174.44,-2.68],[-174.89,-1.9],[-175.34,-1.11],[-175.78,-0.32],[-176.63,-0.8],[-177.47,-1.28],[-178.31,-1.77],[-179.16,-2.25],[-180,-2.73],[-180,-1.74]]]]}},{"type":"Feature","properties":{"ma":140,"type":"gpml:TopologicalClosedPlateBoundary","name":"NAM_140","pid":101,"deforming":false},"geometry":{"type":"Polygon","coordinates":[[[6.87,43.06],[6.63,42.87],[6.46,42.55],[6.1,42.16],[5.76,41.64],[5.69,41.56],[5.59,41.38],[5.48,41.24],[5.26,41.15],[5.25,40.76],[4.99,40.21],[4.83,40.07],[4.3,39.77],[3.8,39.5],[3.64,39.2],[3.52,39.08],[3.35,38.96],[3.14,38.85],[3.22,38.64],[3.18,38.45],[3.17,38.22],[3.09,38.09],[3.01,37.88],[3.13,37.71],[3.43,37.47],[3.63,37.37],[3.8,37.14],[3.72,37],[3.62,36.77],[3.44,36.11],[3.44,36.05],[3.7,35.68],[3.69,35.49],[3.29,35.04],[2.95,34.76],[2.38,34.2],[1.89,33.69],[1.51,33.01],[1.32,32.67],[0.86,32.16],[0.09,31.76],[-0.42,31.43],[-1.07,31.2],[-1.62,30.87],[-2.4,30.56],[-2.94,30.44],[-3.21,30.38],[-3.61,30.29],[-3.86,29.71],[-3.62,29.11],[-3.49,28.79],[-3.35,28.44],[-3.33,28.18],[-3.31,27.75],[-3.64,27.07],[-3.95,26.45],[-4.41,25.98],[-4.82,25.56],[-5.34,25.2],[-5.67,24.91],[-6,24.63],[-6.36,24.13],[-6.58,23.95],[-6.77,23.79],[-7.17,23.5],[-7.37,23.36],[-7.56,23.21],[-8.03,23.08],[-8.31,23],[-8.31,23],[-8.45,22.73],[-8.53,22.53],[-8.64,22.32],[-8.72,22.09],[-8.82,21.81],[-8.87,21.52],[-8.92,21.22],[-8.95,20.92],[-8.93,20.64],[-8.92,20.36],[-8.77,20.06],[-8.5,19.85],[-8.25,19.77],[-8.01,19.67],[-7.69,19.45],[-7.5,19.36],[-7.34,19.26],[-7.17,19.09],[-6.96,19],[-6.88,18.84],[-6.84,18.64],[-6.73,18.5],[-6.69,18.34],[-6.63,18.2],[-6.62,18.03],[-6.62,17.97],[-6.6,17.87],[-6.55,17.7],[-6.55,17.56],[-6.55,17.56],[-6.59,17.56],[-6.63,17.53],[-6.7,17.48],[-6.76,17.44],[-6.88,17.34],[-6.97,17.27],[-7.04,17.21],[-7.18,17.13],[-7.26,17.08],[-7.31,17.01],[-7.46,16.82],[-7.62,16.69],[-7.76,16.58],[-7.89,16.49],[-8.08,16.36],[-8.36,16.17],[-8.42,16.07],[-8.53,15.92],[-8.54,15.77],[-8.55,15.6],[-8.6,15.46],[-8.65,15.33],[-8.89,15.15],[-9.02,15.05],[-9.2,14.91],[-9.36,14.79],[-9.47,14.71],[-9.47,14.71],[-9.04,14.17],[-9.04,14.17],[-9.67,13.75],[-10.3,13.33],[-10.9,12.98],[-11.5,12.63],[-11.69,12.86],[-12.23,12.51],[-12.42,12.68],[-13.12,12.05],[-13.3,12.24],[-13.89,11.79],[-14.47,11.34],[-14.61,11.47],[-15.08,11.25],[-15.54,11.02],[-15.65,11.13],[-16.24,11.11],[-16.83,11.08],[-17.47,11.05],[-18.1,11.03],[-18.71,10.73],[-19.32,10.43],[-19.92,10.13],[-20.08,10.26],[-20.78,9.77],[-20.9,9.85],[-21.41,9.47],[-21.76,9.85],[-22.29,9.49],[-22.83,9.12],[-23,9.3],[-23.54,8.88],[-23.66,8.93],[-24.28,8.32],[-24.9,7.72],[-25.39,7.23],[-25.88,6.73],[-25.73,6.55],[-26.18,6.11],[-26.63,5.66],[-26.51,5.52],[-27.2,4.84],[-27.89,4.17],[-28.57,3.49],[-28.38,3.26],[-28.81,2.84],[-28.63,2.62],[-29.25,2],[-29.87,1.37],[-30.48,0.75],[-30.19,0.42],[-30.56,0.06],[-30.93,-0.29],[-30.49,-0.78],[-30.04,-1.26],[-30.74,-1.93],[-30.38,-2.31],[-30.03,-2.69],[-30.7,-3.35],[-31.38,-4.01],[-31.38,-4.01],[-31.42,-3.98],[-31.91,-3.43],[-31.91,-3.43],[-31.98,-3.5],[-32.5,-4.21],[-33.03,-4.93],[-33.56,-5.65],[-33.56,-5.65],[-34.26,-5],[-34.97,-4.35],[-35.6,-3.75],[-36.24,-3.16],[-36.87,-2.56],[-37.5,-1.97],[-38.19,-1.25],[-38.87,-0.52],[-39.56,0.2],[-40.24,0.92],[-40.93,1.65],[-40.93,1.65],[-40.41,2.1],[-39.9,2.69],[-39.9,2.69],[-39.93,2.73],[-40.51,3.48],[-41.08,4.23],[-41.65,4.98],[-42.23,5.73],[-42.67,5.5],[-43.02,6],[-42.75,6.16],[-43.16,6.82],[-43.58,7.48],[-43.99,8.14],[-44.26,7.99],[-44.68,8.56],[-44.95,8.38],[-45.31,8.94],[-45.49,8.82],[-45.84,9.27],[-46.3,8.96],[-46.68,9.3],[-47.24,8.88],[-47.65,9.45],[-48.15,9.08],[-48.65,8.72],[-49.06,9.1],[-49.46,9.49],[-49.99,8.97],[-50.51,8.45],[-50.72,8.66],[-51.15,8.16],[-51.57,7.65],[-52.14,8.11],[-52.67,7.59],[-53.2,7.08],[-53.2,7.08],[-53.2,7.02],[-53.38,6.16],[-53.57,5.38],[-53.65,4.48],[-53.68,4.16],[-53.7,4],[-53.73,3.72],[-53.87,2.83],[-53.92,2.29],[-53.97,1.76],[-53.88,1.56],[-53.88,1.56],[-54.55,1.95],[-55.21,2.33],[-56.01,2.82],[-56.81,3.31],[-57.62,3.81],[-58.24,4.37],[-58.85,4.94],[-59.47,5.5],[-60.09,6.06],[-60.72,6.63],[-61.07,7.38],[-61.43,8.14],[-61.8,8.9],[-61.92,9.09],[-61.92,9.09],[-61.8,9.62],[-61.46,10.04],[-61.12,10.45],[-60.85,10.75],[-60.85,10.75],[-61.06,11.4],[-61.28,12.04],[-61.5,12.69],[-61.75,13.54],[-62,14.39],[-62.06,15.13],[-62.12,15.87],[-62.18,16.6],[-62.27,17.16],[-62.35,17.71],[-62.5,18.47],[-62.64,19.23],[-62.72,19.8],[-62.79,20.36],[-62.91,21.28],[-63.04,22.19],[-63.08,22.84],[-63.13,23.49],[-63.01,24.31],[-62.89,25.13],[-62.92,25.93],[-62.95,26.73],[-62.91,27.41],[-62.87,28.08],[-62.99,28.84],[-63.11,29.59],[-62.99,30.54],[-62.87,31.49],[-62.73,32.26],[-62.59,33.03],[-62.45,33.79],[-62.1,34.32],[-61.74,34.85],[-60.8,34.86],[-59.87,34.87],[-59.11,34.81],[-58.35,34.75],[-57.66,34.76],[-57.66,34.76],[-57.7,34.84],[-58.11,35.72],[-58.53,36.61],[-58.96,37.49],[-59.4,38.38],[-59.67,39.11],[-59.94,39.84],[-60.21,40.57],[-60.49,41.3],[-60.69,42.1],[-60.89,42.9],[-61.1,43.7],[-60.89,44.57],[-60.67,45.44],[-60.45,46.31],[-60.16,47.08],[-59.86,47.85],[-59.56,48.62],[-59.24,49.38],[-58.61,50.26],[-57.95,51.12],[-57.46,51.87],[-56.96,52.61],[-56.43,53.35],[-56.36,54.1],[-56.29,54.84],[-56.21,55.59],[-56.48,56.03],[-56.48,56.03],[-55.15,56.42],[-54.03,56.78],[-52.88,57.12],[-51.79,57.3],[-50.69,57.48],[-49.64,57.76],[-48.61,58.58],[-48.01,59],[-47.39,59.41],[-46.76,59.64],[-45.61,59.71],[-44.57,59.65],[-43.54,59.59],[-42.58,59.47],[-41.63,59.34],[-40.18,59.09],[-38.9,58.81],[-37.65,58.52],[-36.62,58.14],[-35.62,57.76],[-35.62,57.76],[-35.78,57.59],[-35.7,57.24],[-35.7,57.24],[-34.56,56.8],[-34.02,56.62],[-33.48,56.61],[-32.42,56.67],[-31.51,56.81],[-30.6,56.95],[-29.65,57.07],[-28.7,57.18],[-27.63,57.34],[-26.54,57.49],[-24.82,57.69],[-23.08,57.86],[-21.7,57.83],[-20.32,57.79],[-18.98,57.48],[-17.67,57.16],[-16.38,56.83],[-15.18,56.58],[-14,56.32],[-12.83,56.05],[-11.42,55.86],[-10.03,55.66],[-8.39,55.65],[-6.76,55.63],[-5.35,55.46],[-3.95,55.28],[-2.56,55.08],[-1.19,54.87],[-1.19,54.87],[-1.6,53.92],[-1.99,52.97],[-2.36,52.02],[-2.72,51.07],[-2.72,51.07],[-1.5,50.56],[-0.33,50.21],[0.82,49.84],[1.95,49.46],[3.24,49.52],[4.54,49.57],[5.34,49.15],[6.13,48.71],[6.44,47.84],[6.74,46.96],[6.77,46.19],[6.8,45.43],[6.83,44.66],[6.86,43.89],[7.1,43.74],[7.1,43.74],[7.11,43.69],[7.04,43.26],[7.03,43.1],[6.87,43.06]]]}},{"type":"Feature","properties":{"ma":140,"type":"gpml:TopologicalClosedPlateBoundary","name":"Neo Tethys AT","pid":534,"deforming":false},"geometry":{"type":"Polygon","coordinates":[[[67.13,7.9],[67.74,7.7],[68.59,7.46],[69.43,7.22],[70.27,6.97],[71.15,6.8],[72.02,6.63],[72.9,6.46],[73.87,6.35],[74.84,6.23],[75.81,6.12],[76.78,6],[77.78,5.94],[78.78,5.88],[79.78,5.82],[80.78,5.75],[81.72,5.88],[82.66,6.01],[83.61,6.13],[84.55,6.25],[85.49,6.38],[86.43,6.5],[87.31,6.71],[88.2,6.92],[89.08,7.13],[89.96,7.34],[90.84,7.54],[91.61,7.84],[92.37,8.15],[93.13,8.45],[93.9,8.86],[94.68,9.27],[95.45,9.68],[95.45,9.68],[95.7,10.63],[95.95,11.59],[96.2,12.54],[96.46,13.49],[96.71,14.44],[96.97,15.39],[97.23,16.35],[97.49,17.3],[97.76,18.25],[97.76,18.25],[98.75,17.91],[99.56,17.48],[100.38,17.05],[101.19,16.61],[102,16.17],[102.8,15.72],[103.74,15.34],[104.68,14.95],[105.62,14.56],[106.55,14.17],[107.48,13.77],[108.4,13.6],[109.32,13.43],[110.24,13.25],[111.15,13.07],[112.07,12.89],[112.98,12.7],[113.89,12.51],[114.85,12.35],[115.81,12.18],[116.77,12],[117.73,11.83],[118.68,11.65],[119.48,11.21],[119.48,11.21],[119.09,10.38],[118.69,9.55],[118.3,8.72],[117.92,7.8],[117.55,6.87],[117.17,5.94],[116.8,5.02],[116.43,4.09],[116.06,3.16],[115.69,2.24],[115.44,1.28],[115.2,0.33],[114.96,-0.63],[114.72,-1.58],[114.47,-2.53],[114.23,-3.49],[113.99,-4.44],[113.74,-5.4],[113.5,-6.35],[113.25,-7.3],[113.01,-8.26],[112.76,-9.21],[112.42,-10.11],[112.09,-11.01],[111.75,-11.91],[111.41,-12.81],[111.06,-13.71],[110.95,-14.61],[110.83,-15.52],[110.71,-16.42],[110.59,-17.33],[110.47,-18.23],[110.35,-19.14],[110.22,-20.04],[110.1,-20.94],[109.97,-21.85],[109.97,-21.85],[110.52,-22.02],[110.59,-22.03],[110.59,-22.03],[110.58,-22.81],[110.56,-23.59],[110.56,-23.59],[109.71,-23.86],[108.85,-24.11],[108,-24.36],[107.71,-23.75],[107.42,-23.14],[106.44,-23.43],[105.46,-23.71],[105.23,-23.21],[105,-22.71],[104.23,-22.91],[103.46,-23.12],[103.78,-23.99],[104.11,-24.87],[104.45,-25.74],[104.79,-26.61],[105.13,-27.48],[105.48,-28.35],[105.84,-29.22],[106.2,-30.09],[106.6,-30.93],[106.6,-30.93],[105.66,-31.31],[104.7,-31.67],[103.74,-32.03],[102.77,-32.38],[101.79,-32.72],[100.8,-33.06],[99.81,-33.39],[98.81,-33.7],[99.1,-34.37],[98.08,-34.63],[97.06,-34.89],[96.03,-35.13],[95,-35.37],[93.96,-35.59],[94.08,-36.41],[93.15,-36.59],[92.22,-36.77],[91.29,-36.94],[91.42,-37.54],[91.55,-38.15],[90.43,-38.27],[89.3,-38.38],[88.17,-38.48],[88.07,-38.24],[86.93,-38.26],[86.86,-37.74],[86.79,-37.23],[85.58,-37.23],[84.37,-37.21],[83.17,-37.19],[83.02,-37.84],[82.88,-38.5],[82.02,-38.48],[81.17,-38.45],[80.95,-39.38],[79.9,-39.29],[79.72,-40.1],[79.53,-40.92],[79.33,-41.74],[79.13,-42.55],[78.92,-43.37],[78.92,-43.37],[77.68,-43.14],[76.45,-42.91],[75.23,-42.65],[74.01,-42.39],[72.81,-42.11],[72.72,-41.37],[71.45,-41.14],[70.2,-40.9],[70.3,-40.3],[70.4,-39.69],[69.29,-39.32],[68.2,-38.93],[67.12,-38.53],[67.19,-37.9],[67.27,-37.26],[66.44,-36.93],[65.62,-36.58],[64.81,-36.23],[64.95,-35.38],[65.09,-34.53],[64.27,-34.12],[63.47,-33.71],[62.67,-33.29],[62.79,-32.72],[62.9,-32.15],[61.94,-31.64],[61,-31.12],[60.07,-30.59],[59.15,-30.06],[58.23,-29.52],[57.33,-28.98],[56.44,-28.42],[55.55,-27.87],[54.91,-28.52],[54.11,-28.1],[53.32,-27.68],[52.53,-27.25],[51.75,-26.82],[51.28,-27.31],[50.81,-27.79],[50.03,-27.31],[49.26,-26.83],[48.5,-26.35],[48.5,-26.35],[48.57,-25.54],[48.64,-24.73],[48.7,-23.92],[49.7,-24.06],[50.69,-24.19],[51.69,-24.32],[51.82,-23.4],[51.95,-22.49],[52.07,-21.58],[52.2,-20.67],[52.32,-19.76],[52.44,-18.84],[52.44,-18.84],[52.82,-18.46],[53.2,-18.07],[53.78,-17.34],[54.35,-16.6],[54.91,-15.86],[55.47,-15.12],[56.03,-14.38],[56.58,-13.64],[57.13,-12.9],[57.68,-12.16],[58.23,-11.41],[58.77,-10.66],[59.24,-9.79],[59.71,-8.91],[60.17,-8.03],[60.64,-7.16],[61.1,-6.28],[61.56,-5.4],[62.02,-4.52],[62.48,-3.64],[62.86,-2.73],[63.24,-1.82],[63.62,-0.91],[64,0.01],[64.38,0.92],[64.76,1.83],[65.15,2.74],[65.53,3.65],[65.91,4.56],[66.3,5.47],[66.57,6.28],[66.85,7.09],[67.13,7.9]]]}},{"type":"Feature","properties":{"ma":140,"type":"gpml:TopologicalClosedPlateBoundary","name":"Pacific Plate","pid":901,"deforming":false},"geometry":{"type":"MultiPolygon","coordinates":[[[[180,-3.7],[180,-4.66],[180,-5.63],[180,-6.59],[180,-7.56],[180,-8.53],[180,-9.49],[180,-10.46],[180,-11.42],[180,-12.39],[180,-13.36],[180,-14.32],[180,-15.29],[180,-16.25],[180,-17.22],[180,-18.18],[180,-19.15],[180,-20.12],[180,-21.08],[180,-22.05],[178.99,-21.9],[177.98,-21.76],[176.97,-21.6],[175.96,-21.44],[174.96,-21.27],[173.96,-21.1],[172.96,-20.92],[171.96,-20.73],[170.97,-20.54],[169.98,-20.34],[168.99,-20.14],[168,-19.94],[167.02,-19.72],[166.04,-19.5],[165.06,-19.28],[164.36,-19.1],[164.36,-19.1],[164.36,-19.07],[164.16,-18.17],[163.97,-17.26],[163.77,-16.36],[163.57,-15.52],[163.38,-14.67],[163.18,-13.83],[162.99,-12.98],[162.8,-12.13],[162.8,-12.13],[163.34,-11.84],[163.88,-11.55],[164.71,-11.13],[165.53,-10.7],[166.35,-10.27],[167.16,-9.84],[167.96,-9.42],[168.77,-8.98],[169.57,-8.55],[170.45,-8.08],[171.33,-7.6],[172.2,-7.12],[173.07,-6.63],[173.94,-6.15],[174.81,-5.66],[175.68,-5.18],[176.55,-4.69],[177.41,-4.2],[178.28,-3.71],[179.14,-3.22],[180,-2.73],[180,-3.7]]],[[[-180,-21.08],[-180,-20.12],[-180,-19.15],[-180,-18.18],[-180,-17.22],[-180,-16.25],[-180,-15.29],[-180,-14.32],[-180,-13.36],[-180,-12.39],[-180,-11.42],[-180,-10.46],[-180,-9.49],[-180,-8.53],[-180,-7.56],[-180,-6.59],[-180,-5.63],[-180,-4.66],[-180,-3.7],[-180,-2.73],[-179.16,-2.25],[-178.31,-1.77],[-177.47,-1.28],[-176.63,-0.8],[-175.78,-0.32],[-175.34,-1.11],[-174.89,-1.9],[-174.44,-2.68],[-174,-3.47],[-173.55,-4.26],[-173.1,-5.05],[-172.25,-4.53],[-171.4,-4],[-170.55,-3.48],[-169.7,-2.95],[-168.86,-2.42],[-168.01,-1.89],[-167.16,-1.36],[-166.32,-0.84],[-165.47,-0.31],[-164.63,0.22],[-163.78,0.75],[-162.93,1.28],[-162.09,1.81],[-161.24,2.34],[-160.5,2.8],[-159.76,3.26],[-159.02,3.72],[-158.28,4.18],[-158.57,4.72],[-158.86,5.27],[-159.27,5.98],[-159.69,6.69],[-159.95,7.2],[-160.22,7.71],[-160.43,8.24],[-160.65,8.77],[-160.88,9.33],[-161.12,9.9],[-160.68,10.1],[-160.2,10.3],[-159.71,10.51],[-159.22,10.72],[-158.82,10.85],[-158.62,10.98],[-158.4,11.09],[-158.65,11.92],[-158.67,12.14],[-158.07,12.4],[-158.29,12.95],[-158.39,13.82],[-157.83,14.1],[-157,14.51],[-156.53,14.73],[-156.07,14.95],[-155.33,15.05],[-154.6,15.15],[-154.29,14.58],[-153.99,14.02],[-153.03,13.87],[-152.06,13.71],[-151.11,13.55],[-150.35,13.37],[-149.6,13.18],[-148.84,12.99],[-148.09,12.8],[-147.14,12.57],[-147.14,12.57],[-147.02,12.43],[-146.86,12.25],[-146.31,11.76],[-146.03,11.37],[-145.82,10.97],[-145.44,10.36],[-145.35,10.26],[-145.2,10.08],[-144.91,9.63],[-144.62,9.18],[-143.88,9.85],[-143.59,9.36],[-143.33,8.93],[-143.2,8.73],[-142.95,8.35],[-142.86,8.23],[-142.54,7.8],[-142.43,7.64],[-142.37,7.5],[-142.19,7.23],[-142.04,6.99],[-141.79,6.58],[-141.59,6.34],[-141.53,6.24],[-141.28,5.82],[-141.08,5.48],[-140.98,5.44],[-140.59,4.87],[-140.2,4.31],[-140.07,4.42],[-139.72,3.92],[-139.36,3.43],[-139.09,3.02],[-138.62,2.38],[-138.15,1.74],[-137.52,2.26],[-136.9,2.78],[-136.45,2.19],[-136.01,1.61],[-135.5,2.03],[-134.99,2.45],[-134.71,2.04],[-134.42,1.63],[-134.23,1.13],[-134.05,0.64],[-133.97,0.47],[-133.74,0.63],[-133.31,0.02],[-133.08,-0.27],[-132.81,-0.75],[-132.48,-0.96],[-132.17,-1.39],[-131.86,-1.82],[-131.3,-2.63],[-130.75,-3.43],[-131.38,-3.98],[-132.01,-4.52],[-132.65,-5.06],[-133.28,-5.6],[-132.76,-6.41],[-132.24,-7.21],[-131.72,-8.02],[-131.2,-8.82],[-130.67,-9.62],[-130.14,-10.43],[-129.61,-11.23],[-129.08,-12.03],[-128.64,-12.77],[-128.21,-13.52],[-127.77,-14.26],[-127.33,-15],[-126.88,-15.74],[-126.88,-15.74],[-127.87,-15.91],[-128.86,-16.07],[-129.86,-16.22],[-130.85,-16.37],[-131.53,-16.52],[-132.21,-16.66],[-132.49,-16.24],[-133.27,-16.35],[-134.06,-16.45],[-133.82,-16.98],[-134.81,-17.18],[-135.81,-17.36],[-136.81,-17.54],[-136.63,-18.51],[-136.44,-19.48],[-136.26,-20.45],[-136.07,-21.41],[-135.88,-22.38],[-135.69,-23.35],[-135.98,-23.41],[-136.1,-23.4],[-136.3,-23.4],[-137.14,-23.55],[-137.87,-23.66],[-138.61,-23.76],[-139.35,-23.86],[-139.5,-23.03],[-139.64,-22.21],[-140.55,-22.35],[-141.46,-22.49],[-142.37,-22.62],[-143.29,-22.75],[-143.64,-22.8],[-144.51,-23],[-145.38,-23.2],[-145.96,-23.28],[-146.28,-23.27],[-146.91,-23.41],[-147.55,-23.54],[-147.91,-23.55],[-148.49,-23.63],[-149.07,-23.7],[-149.55,-23.84],[-150.44,-23.84],[-151.32,-23.82],[-152.21,-23.8],[-153.1,-23.78],[-153.98,-23.75],[-155.06,-23.73],[-156.15,-23.7],[-157.23,-23.66],[-158.12,-23.64],[-159.01,-23.61],[-159.9,-23.57],[-160.79,-23.53],[-161.68,-23.49],[-162.75,-23.46],[-163.83,-23.43],[-164.9,-23.39],[-165.97,-23.35],[-167.04,-23.3],[-168.11,-23.23],[-169.18,-23.17],[-170.25,-23.09],[-171.31,-23.01],[-172.28,-22.93],[-173.25,-22.84],[-174.22,-22.74],[-175.19,-22.64],[-176.15,-22.53],[-177.12,-22.42],[-178.08,-22.3],[-179.04,-22.18],[-180,-22.05],[-180,-21.08]]]]}},{"type":"Feature","properties":{"ma":140,"type":"gpml:TopologicalClosedPlateBoundary","name":"Phoenix","pid":919,"deforming":false},"geometry":{"type":"MultiPolygon","coordinates":[[[[180,-23.03],[180,-24.02],[180,-25],[180,-25.99],[180,-26.98],[180,-27.96],[180,-28.95],[180,-29.93],[180,-30.92],[180,-31.9],[180,-32.89],[180,-33.87],[180,-34.86],[180,-35.84],[180,-36.83],[180,-37.81],[180,-38.8],[180,-39.79],[180,-40.77],[180,-41.76],[180,-42.74],[180,-43.73],[180,-44.71],[180,-45.7],[180,-46.68],[180,-47.67],[180,-48.65],[180,-49.64],[180,-50.63],[180,-51.61],[180,-52.6],[180,-53.58],[180,-54.57],[180,-55.55],[180,-56.54],[180,-57.52],[180,-58.51],[180,-59.49],[180,-60.48],[180,-61.47],[180,-62.45],[180,-63.44],[180,-64.42],[180,-65.41],[180,-66.39],[180,-67.38],[180,-68.36],[180,-69.35],[180,-70.33],[180,-71.32],[178.75,-71.14],[176.69,-70.93],[176.43,-70.91],[176.43,-70.91],[175.57,-70.74],[174,-70.59],[172.47,-70.43],[170.17,-70.01],[169.11,-69.64],[168.08,-69.26],[167.25,-68.85],[165.74,-68.41],[164.03,-68.18],[162.19,-67.98],[159.66,-67.75],[157.77,-67.69],[157.91,-67.97],[157.67,-67.86],[155.97,-67.56],[154.67,-67.37],[153.53,-67.1],[151.56,-66.54],[151.26,-65.86],[150.95,-65.46],[150.88,-64.86],[151.01,-64.08],[150.89,-63.67],[149.91,-63.06],[149.67,-62.35],[149.55,-62.08],[150.42,-61.72],[151.28,-61.35],[151.49,-60.93],[151.88,-60.11],[152.33,-59.4],[153.13,-58.58],[153.48,-57.95],[153.68,-57.68],[153.72,-57.46],[153.86,-57.17],[153.51,-56.66],[152.79,-56.16],[152.03,-55.43],[151.32,-54.72],[150.86,-53.98],[150.54,-53.5],[150.22,-53.02],[150.16,-52.46],[150.1,-51.89],[149.61,-51.07],[148.7,-50.5],[147.82,-49.91],[146.96,-49.33],[146.03,-48.83],[145.67,-48.43],[145.85,-47.65],[145.23,-47.05],[145.65,-46.57],[146.06,-46.1],[146.43,-45.65],[146.25,-44.78],[145.71,-44.09],[145.04,-43.56],[144.75,-43.38],[144.74,-43.37],[144.74,-43.37],[144.78,-42.57],[144.71,-42.03],[144.65,-41.48],[144.36,-40.93],[144.07,-40.39],[144.06,-40.35],[143.7,-39.74],[143.36,-39.12],[143.23,-38.97],[143.23,-38.97],[142.82,-38.25],[142.42,-37.53],[141.95,-36.62],[141.49,-35.72],[141.04,-34.81],[140.6,-33.9],[140.17,-32.99],[139.89,-32.09],[139.62,-31.18],[139.36,-30.27],[139.09,-29.37],[138.84,-28.46],[138.39,-27.77],[137.94,-27.08],[137.94,-27.08],[136.88,-26.89],[135.83,-26.68],[134.79,-26.46],[133.75,-26.24],[132.71,-26.01],[131.67,-25.78],[130.64,-25.53],[129.62,-25.28],[128.6,-25.02],[127.58,-24.76],[126.57,-24.48],[125.56,-24.2],[124.59,-24.09],[123.62,-23.96],[122.66,-23.83],[121.7,-23.69],[120.74,-23.55],[119.78,-23.4],[119.78,-23.4],[119.84,-22.4],[119.9,-21.41],[119.96,-20.42],[120.02,-19.42],[120.08,-18.43],[120.14,-17.44],[120.2,-16.44],[120.26,-15.45],[120.26,-15.45],[121.04,-15.32],[121.82,-15.18],[122.61,-15.05],[123.39,-14.91],[123.54,-15.46],[123.69,-16.02],[124.66,-15.85],[125.62,-15.67],[126.58,-15.49],[127.54,-15.31],[128.5,-15.12],[129.45,-14.93],[130.41,-14.73],[130.59,-15.56],[130.76,-16.39],[131.76,-16.21],[132.75,-16.03],[133.74,-15.84],[134.73,-15.65],[135.71,-15.45],[136.69,-15.25],[137.68,-15.04],[138.66,-14.83],[139.61,-14.62],[140.56,-14.41],[141.51,-14.19],[142.46,-13.96],[143.41,-13.73],[144.36,-13.5],[145.3,-13.27],[146.24,-13.03],[146.47,-13.99],[146.71,-14.95],[147.72,-14.79],[148.73,-14.62],[149.74,-14.44],[150.75,-14.26],[151.76,-14.08],[152.76,-13.89],[153.77,-13.7],[154.77,-13.51],[155.77,-13.31],[156.77,-13.11],[157.76,-12.9],[158.76,-12.69],[159.75,-12.48],[160.74,-12.26],[161.73,-12.04],[162.72,-11.81],[162.93,-12.72],[163.14,-13.63],[163.35,-14.54],[163.56,-15.45],[163.77,-16.36],[163.97,-17.26],[164.16,-18.17],[164.36,-19.07],[164.36,-19.1],[165.06,-19.28],[166.04,-19.5],[167.02,-19.72],[168,-19.94],[168.99,-20.14],[169.98,-20.34],[170.97,-20.54],[171.96,-20.73],[172.96,-20.92],[173.96,-21.1],[174.96,-21.27],[175.96,-21.44],[176.97,-21.6],[177.98,-21.76],[178.99,-21.9],[180,-22.05],[180,-23.03]]],[[[-180,-70.33],[-180,-69.35],[-180,-68.36],[-180,-67.38],[-180,-66.39],[-180,-65.41],[-180,-64.42],[-180,-63.44],[-180,-62.45],[-180,-61.47],[-180,-60.48],[-180,-59.49],[-180,-58.51],[-180,-57.52],[-180,-56.54],[-180,-55.55],[-180,-54.57],[-180,-53.58],[-180,-52.6],[-180,-51.61],[-180,-50.63],[-180,-49.64],[-180,-48.65],[-180,-47.67],[-180,-46.68],[-180,-45.7],[-180,-44.71],[-180,-43.73],[-180,-42.74],[-180,-41.76],[-180,-40.77],[-180,-39.79],[-180,-38.8],[-180,-37.81],[-180,-36.83],[-180,-35.84],[-180,-34.86],[-180,-33.87],[-180,-32.89],[-180,-31.9],[-180,-30.92],[-180,-29.93],[-180,-28.95],[-180,-27.96],[-180,-26.98],[-180,-25.99],[-180,-25],[-180,-24.02],[-180,-23.03],[-180,-22.05],[-179.04,-22.18],[-178.08,-22.3],[-177.12,-22.42],[-176.15,-22.53],[-175.19,-22.64],[-174.22,-22.74],[-173.25,-22.84],[-172.28,-22.93],[-171.31,-23.01],[-170.25,-23.09],[-169.18,-23.17],[-168.11,-23.23],[-167.04,-23.3],[-165.97,-23.35],[-164.9,-23.39],[-163.83,-23.43],[-162.75,-23.46],[-161.68,-23.49],[-160.79,-23.53],[-159.9,-23.57],[-159.01,-23.61],[-158.12,-23.64],[-157.23,-23.66],[-156.15,-23.7],[-155.06,-23.73],[-153.98,-23.75],[-153.1,-23.78],[-152.21,-23.8],[-151.32,-23.82],[-150.44,-23.84],[-149.55,-23.84],[-149.07,-23.7],[-148.49,-23.63],[-147.91,-23.55],[-147.55,-23.54],[-146.91,-23.41],[-146.28,-23.27],[-145.96,-23.28],[-145.38,-23.2],[-144.51,-23],[-143.64,-22.8],[-143.29,-22.75],[-142.37,-22.62],[-141.46,-22.49],[-140.55,-22.35],[-139.64,-22.21],[-139.5,-23.03],[-139.35,-23.86],[-138.61,-23.76],[-137.87,-23.66],[-137.14,-23.55],[-136.3,-23.4],[-136.1,-23.4],[-135.98,-23.41],[-135.69,-23.35],[-135.88,-22.38],[-136.07,-21.41],[-136.26,-20.45],[-136.44,-19.48],[-136.63,-18.51],[-136.81,-17.54],[-135.81,-17.36],[-134.81,-17.18],[-133.82,-16.98],[-134.06,-16.45],[-133.27,-16.35],[-132.49,-16.24],[-132.21,-16.66],[-131.53,-16.52],[-130.85,-16.37],[-129.91,-16.23],[-128.98,-16.08],[-128.04,-15.93],[-127.1,-15.78],[-126.17,-15.62],[-125.73,-15.54],[-125.73,-15.54],[-124.76,-15.92],[-123.8,-16.29],[-122.83,-16.65],[-121.86,-17.01],[-120.88,-17.37],[-119.9,-17.72],[-118.92,-18.07],[-117.93,-18.41],[-116.94,-18.75],[-115.94,-19.08],[-114.94,-19.4],[-113.94,-19.72],[-112.93,-20.04],[-113.17,-20.9],[-113.41,-21.76],[-113.65,-22.62],[-113.9,-23.48],[-114.15,-24.34],[-113.13,-24.55],[-112.11,-24.76],[-111.09,-24.96],[-110.07,-25.16],[-109.04,-25.35],[-108,-25.53],[-106.97,-25.7],[-105.93,-25.87],[-104.89,-26.02],[-103.84,-26.18],[-102.8,-26.32],[-101.75,-26.46],[-100.69,-26.58],[-100.81,-27.43],[-100.92,-28.28],[-101.04,-29.13],[-101.16,-29.98],[-100.09,-30.04],[-99.01,-30.08],[-97.94,-30.11],[-96.86,-30.14],[-95.79,-30.16],[-94.71,-30.16],[-93.63,-30.16],[-92.56,-30.16],[-91.48,-30.14],[-90.41,-30.11],[-89.33,-30.08],[-88.26,-30.03],[-87.18,-29.98],[-87.06,-30.97],[-86.92,-31.96],[-86.79,-32.95],[-85.62,-32.79],[-84.45,-32.63],[-83.28,-32.45],[-82.13,-32.25],[-80.97,-32.05],[-79.82,-31.84],[-78.68,-31.62],[-77.54,-31.39],[-76.41,-31.14],[-75.28,-30.89],[-74.16,-30.63],[-73.05,-30.36],[-72.46,-31.07],[-71.87,-31.78],[-71.26,-32.49],[-70.65,-33.19],[-70.02,-33.89],[-69,-33.54],[-67.98,-33.18],[-66.97,-32.82],[-65.97,-32.44],[-64.98,-32.06],[-63.99,-31.67],[-63.02,-31.28],[-62.05,-30.87],[-61.09,-30.46],[-60.14,-30.04],[-59.19,-29.62],[-58.52,-29.31],[-57.85,-29],[-57.85,-29],[-57.57,-29.65],[-57.39,-30.11],[-56.95,-30.58],[-56.23,-31.35],[-56.23,-31.35],[-56.1,-31.92],[-55.89,-32.65],[-55.87,-33.2],[-55.76,-33.78],[-55.71,-34.51],[-55.89,-35.4],[-56.08,-36.29],[-56.13,-37.11],[-56.18,-37.93],[-56.23,-38.75],[-56.29,-39.57],[-56.34,-40.39],[-56.46,-41.18],[-56.58,-41.97],[-56.7,-42.76],[-56.83,-43.55],[-57.3,-44.47],[-57.8,-45.39],[-58.31,-46.31],[-58.84,-47.23],[-58.84,-47.23],[-58.96,-48],[-59.09,-48.77],[-59.22,-49.53],[-59.68,-50.23],[-60.15,-50.92],[-60.39,-51.34],[-60.53,-51.81],[-60.53,-51.81],[-60.92,-52.38],[-61.21,-52.65],[-61.39,-53.01],[-61.52,-53.29],[-61.75,-53.74],[-61.92,-54.02],[-62.23,-54.52],[-62.45,-54.89],[-62.68,-55.28],[-62.91,-55.69],[-63.27,-56.32],[-63.41,-56.58],[-63.62,-56.93],[-63.81,-57.25],[-63.98,-57.54],[-64.16,-57.89],[-64.3,-58.19],[-64.42,-58.44],[-64.45,-58.52],[-64.52,-58.75],[-64.59,-59.03],[-64.66,-59.47],[-64.94,-59.78],[-65.3,-60.1],[-65.79,-60.47],[-66.33,-60.9],[-66.67,-61.18],[-66.95,-61.42],[-67.19,-61.61],[-67.56,-61.95],[-67.84,-62.38],[-67.93,-62.73],[-67.99,-63.06],[-68.01,-63.13],[-68.01,-63.13],[-68.76,-63.56],[-69.54,-63.98],[-70.86,-64.44],[-72.23,-64.89],[-73.57,-65.58],[-75.37,-66.04],[-76.82,-66.57],[-77.5,-67.19],[-78.22,-67.8],[-78.81,-68.27],[-79.43,-68.73],[-80.8,-69.45],[-81.84,-69.86],[-82.93,-70.27],[-83.6,-70.8],[-84.29,-71.32],[-85.81,-72.15],[-86.89,-72.69],[-89.8,-73.15],[-91.98,-73.47],[-94.58,-74.08],[-97.46,-74.56],[-99.79,-74.83],[-102.19,-75.07],[-103.64,-75.15],[-103.64,-75.15],[-106.75,-75.15],[-109.85,-75.1],[-113.7,-75.04],[-117.5,-74.91],[-121.23,-74.72],[-124.63,-74.5],[-127.93,-74.22],[-130.63,-74.01],[-133.27,-73.76],[-135.82,-73.48],[-138.28,-73.17],[-141.13,-72.99],[-143.91,-72.78],[-146.62,-72.52],[-146.62,-72.52],[-147.21,-72.52],[-149.88,-72.56],[-152.57,-72.57],[-155.25,-72.54],[-158.06,-72.49],[-160.84,-72.39],[-163.98,-72.35],[-167.1,-72.27],[-169.85,-72.15],[-172.55,-72],[-175.21,-71.81],[-177.42,-71.6],[-179.58,-71.38],[-180,-71.32],[-180,-70.33]]]]}},{"type":"Feature","properties":{"ma":140,"type":"gpml:TopologicalClosedPlateBoundary","name":"East Africa","pid":715,"deforming":false},"geometry":{"type":"Polygon","coordinates":[[[13.85,-3.76],[13.14,-3.27],[12.43,-2.79],[11.73,-2.31],[11.02,-1.82],[10.32,-1.34],[9.57,-0.73],[8.82,-0.12],[8.08,0.49],[7.33,1.1],[6.58,1.71],[6.49,1.8],[6.49,1.8],[7.06,2.52],[7.63,3.23],[7.9,3.78],[8.17,4.33],[8.17,4.33],[7.47,4.59],[6.78,4.86],[5.98,5.23],[5.18,5.61],[4.37,5.98],[3.57,6.35],[2.77,6.72],[1.96,7.09],[1.15,7.46],[0.35,7.83],[-0.39,8.32],[-1.14,8.81],[-1.88,9.29],[-1.88,9.29],[-1.14,9.05],[-0.4,8.81],[-0.4,8.81],[0.58,8.99],[1.56,9.17],[2.53,9.4],[3.5,9.63],[4.47,9.86],[5.44,10.09],[5.6,10.74],[6.52,11.04],[7.44,11.34],[8.35,11.64],[9.28,11.93],[9.28,11.93],[9.39,11.76],[9.39,11.76],[9.97,12.2],[10.55,12.64],[11.13,13.08],[11.13,13.08],[10.88,13.23],[10.84,13.29],[10.84,13.29],[11.48,13.86],[12.13,14.43],[12.78,15],[12.78,15],[12.83,14.95],[13.72,14.55],[14.6,14.14],[15.42,13.89],[16.23,13.63],[17.04,13.37],[17.85,13.11],[18.66,12.84],[18.66,12.84],[18.02,12.35],[18.02,12.35],[18.63,11.68],[19.24,11],[19.99,10.53],[20.73,10.06],[21.56,9.65],[22.38,9.23],[23.21,8.81],[23.94,8.48],[24.68,8.15],[25.41,7.82],[26.14,7.49],[27.05,7.14],[27.97,6.8],[28.88,6.45],[29.79,6.1],[30.7,5.74],[31.6,5.59],[32.49,5.44],[33.38,5.29],[34.27,5.14],[35.16,4.98],[35.16,4.98],[35.56,5.36],[35.97,5.74],[36.46,6.51],[36.96,7.27],[37.46,8.04],[37.96,8.81],[38.35,9.59],[38.74,10.37],[39.13,11.15],[39.52,11.93],[39.72,12.77],[39.92,13.6],[40.12,14.43],[40.33,15.26],[40.53,16.09],[40.53,16.09],[41.5,15.79],[42.45,15.48],[43.41,15.17],[44.36,14.85],[45.31,14.53],[46.26,14.21],[47.21,13.88],[47.47,14.51],[47.73,15.14],[48,15.77],[48.95,15.46],[49.9,15.15],[50.85,14.84],[51.79,14.52],[52.73,14.19],[53.67,13.87],[54.6,13.54],[55.53,13.2],[56.46,12.87],[57.39,12.53],[58.32,12.18],[59.24,11.84],[60.16,11.49],[61.08,11.13],[61.99,10.78],[62.91,10.42],[63.81,10.1],[64.72,9.77],[65.63,9.44],[66.53,9.11],[67.43,8.77],[67.43,8.77],[67.15,7.95],[66.86,7.12],[66.58,6.3],[66.3,5.47],[65.91,4.56],[65.53,3.65],[65.15,2.74],[64.76,1.83],[64.38,0.92],[64,0.01],[63.62,-0.91],[63.24,-1.82],[62.86,-2.73],[62.48,-3.64],[62.02,-4.52],[61.56,-5.4],[61.1,-6.28],[60.64,-7.16],[60.17,-8.03],[59.71,-8.91],[59.24,-9.79],[58.77,-10.66],[58.23,-11.41],[57.68,-12.16],[57.13,-12.9],[56.58,-13.64],[56.03,-14.38],[55.47,-15.12],[54.91,-15.86],[54.35,-16.6],[53.78,-17.34],[53.2,-18.07],[52.82,-18.46],[52.44,-18.84],[52.44,-18.84],[52.32,-19.76],[52.2,-20.67],[52.07,-21.58],[51.95,-22.49],[51.82,-23.4],[51.69,-24.32],[50.69,-24.19],[49.7,-24.06],[48.7,-23.92],[48.63,-24.8],[48.55,-25.68],[48.48,-26.56],[47.97,-27.3],[47.46,-28.03],[47.46,-28.03],[47.44,-28.03],[46.43,-28.19],[45.41,-28.34],[44.39,-28.48],[43.37,-28.61],[42.27,-28.77],[41.17,-28.92],[40.06,-29.06],[38.96,-29.2],[38.19,-29.3],[37.42,-29.4],[36.65,-29.5],[35.71,-29.63],[34.77,-29.76],[33.83,-29.89],[32.86,-30],[31.9,-30.11],[30.93,-30.22],[29.78,-30.34],[28.63,-30.44],[27.48,-30.54],[26.57,-30.8],[25.66,-31.05],[24.74,-31.3],[23.82,-31.54],[23.3,-31.83],[22.77,-32.12],[22.06,-32.55],[21.33,-32.97],[21.02,-33.53],[20.71,-34.1],[19.79,-34.44],[18.87,-34.78],[18.23,-34.45],[17.44,-34.25],[16.65,-34.05],[16.29,-33.14],[16.47,-32.29],[16.91,-31.97],[17.07,-31.43],[17.23,-30.9],[17.25,-30.17],[17.28,-29.43],[17.21,-28.54],[17.14,-27.65],[16.79,-27.43],[16.38,-27.63],[15.95,-28.07],[15.52,-28.51],[15.27,-29.04],[15.01,-29.56],[15.29,-30.17],[15.57,-30.77],[15.71,-31.57],[15.15,-31.86],[14.43,-31.92],[14.09,-31.48],[13.76,-31.03],[13.56,-30.1],[13.53,-29.38],[13.5,-28.66],[13.47,-27.95],[13.22,-27.39],[12.98,-26.83],[12.59,-25.96],[12.33,-25.38],[11.31,-25.54],[10.58,-25.23],[10.03,-25.38],[9.48,-25.53],[8.53,-25.4],[7.59,-25.26],[6.97,-25.3],[6.36,-25.33],[5.51,-25.09],[4.66,-24.85],[3.66,-24.76],[2.66,-24.67],[2.08,-24.58],[1.5,-24.5],[1.22,-24.05],[0.94,-23.6],[0.6,-23.19],[0.27,-22.77],[-0.26,-22.64],[-0.58,-22.11],[-0.65,-21.53],[-0.49,-21.33],[-0.52,-20.86],[-1.18,-20.26],[-1.22,-19.94],[-1.25,-19.43],[-1.25,-19.43],[-0.48,-19.05],[0.1,-18.57],[0.23,-18.08],[0.37,-17.6],[0.36,-16.98],[0.35,-16.35],[0.32,-15.8],[0.29,-15.24],[0.3,-14.52],[0.31,-13.81],[0.8,-13.03],[0.66,-12.45],[0.78,-11.86],[0.89,-11.27],[0.92,-10.63],[0.94,-9.98],[1.62,-9.91],[2.3,-9.83],[2.88,-10.04],[3.46,-10.25],[4.24,-10.19],[5.01,-10.13],[6,-10.35],[6.92,-10.73],[7.84,-11.1],[8.63,-11],[9.41,-10.89],[10.2,-11.12],[10.88,-11.02],[11.55,-10.92],[11.88,-10.26],[12.2,-9.6],[12.53,-8.94],[12.24,-8.48],[11.96,-8.01],[11.86,-7.37],[11.75,-6.74],[12.06,-6.07],[12.36,-5.4],[12.66,-4.73],[13.2,-4.28],[13.74,-3.84],[13.85,-3.76]]]}},{"type":"Feature","properties":{"ma":140,"type":"gpml:TopologicalClosedPlateBoundary","name":"NW Africa","pid":714,"deforming":false},"geometry":{"type":"Polygon","coordinates":[[[7.24,1.17],[7.02,0.22],[6.8,-0.72],[6.59,-1.51],[6.38,-2.29],[5.72,-2.71],[5.06,-3.13],[4.46,-3.63],[3.85,-4.12],[3.47,-4.78],[3.09,-5.44],[2.68,-6.19],[2.27,-6.93],[1.76,-7.75],[1.25,-8.56],[0.69,-9.05],[0.13,-9.55],[-0.29,-9.9],[-0.72,-10.25],[-1.22,-10],[-1.73,-9.75],[-2.16,-9.18],[-2.59,-8.6],[-3.3,-8.92],[-3.79,-9.08],[-4.29,-9.24],[-5.21,-9.06],[-6.12,-8.88],[-6.79,-8.99],[-7.47,-9.1],[-7.94,-9.57],[-8.42,-10.04],[-9.14,-10],[-9.66,-9.46],[-9.7,-8.49],[-9.6,-7.93],[-9.5,-7.37],[-10.32,-7.44],[-10.8,-7.94],[-10.98,-8.65],[-11.04,-9.15],[-11.1,-9.65],[-11.01,-10.15],[-10.56,-10.67],[-10.04,-11.21],[-10.12,-12.02],[-10.37,-12.92],[-10.47,-13.55],[-10.58,-14.17],[-10.52,-14.74],[-10.71,-15.38],[-10.97,-15.73],[-10.62,-16.3],[-10.29,-16.94],[-10.3,-17.7],[-10.31,-18.46],[-9.96,-19.03],[-9.63,-19.88],[-9.69,-20.45],[-9.69,-20.45],[-10.23,-20.46],[-10.98,-20.49],[-11.37,-20.51],[-11.37,-20.51],[-12.08,-20.09],[-12.79,-19.66],[-13.73,-19.31],[-14.66,-18.94],[-15.21,-18.87],[-15.75,-18.8],[-16.58,-18.73],[-17.42,-18.65],[-18.21,-18.42],[-19,-18.18],[-19.5,-17.73],[-19.99,-17.29],[-20.84,-16.73],[-21.59,-16.35],[-22.34,-15.98],[-23.14,-15.66],[-23.94,-15.33],[-24.47,-14.8],[-24.81,-14.1],[-25.16,-13.39],[-25.37,-12.62],[-25.57,-11.85],[-25.76,-11.06],[-25.95,-10.27],[-26.57,-9.72],[-26.57,-9.72],[-27.38,-9.55],[-28.01,-9.3],[-28.64,-9.05],[-29.53,-8.68],[-30.42,-8.3],[-31.31,-7.91],[-31.8,-7.4],[-32.28,-6.89],[-32.77,-6.37],[-33.16,-6.01],[-33.56,-5.65],[-33.56,-5.65],[-33.03,-4.93],[-32.5,-4.21],[-31.98,-3.5],[-31.91,-3.43],[-31.91,-3.43],[-31.42,-3.98],[-31.38,-4.01],[-31.38,-4.01],[-30.7,-3.35],[-30.03,-2.69],[-30.38,-2.31],[-30.74,-1.93],[-30.04,-1.26],[-30.49,-0.78],[-30.93,-0.29],[-30.56,0.06],[-30.19,0.42],[-30.48,0.75],[-29.87,1.37],[-29.25,2],[-28.63,2.62],[-28.81,2.84],[-28.38,3.26],[-28.57,3.49],[-27.89,4.17],[-27.2,4.84],[-26.51,5.52],[-26.63,5.66],[-26.18,6.11],[-25.73,6.55],[-25.88,6.73],[-25.39,7.23],[-24.9,7.72],[-24.28,8.32],[-23.66,8.93],[-23.54,8.88],[-23,9.3],[-22.83,9.12],[-22.29,9.49],[-21.76,9.85],[-21.41,9.47],[-20.9,9.85],[-20.78,9.77],[-20.08,10.26],[-19.92,10.13],[-19.32,10.43],[-18.71,10.73],[-18.1,11.03],[-17.47,11.05],[-16.83,11.08],[-16.24,11.11],[-15.65,11.13],[-15.54,11.02],[-15.08,11.25],[-14.61,11.47],[-14.47,11.34],[-13.89,11.79],[-13.3,12.24],[-13.12,12.05],[-12.42,12.68],[-12.23,12.51],[-11.69,12.86],[-11.5,12.63],[-10.9,12.98],[-10.3,13.33],[-9.67,13.75],[-9.04,14.17],[-9.04,14.17],[-8.42,13.38],[-7.8,12.59],[-7.19,11.8],[-6.3,11.39],[-5.42,10.98],[-4.53,10.56],[-3.65,10.14],[-2.78,9.72],[-1.9,9.3],[-1.88,9.29],[-1.88,9.29],[-1.43,9],[-0.97,8.7],[-0.97,8.7],[-0.97,8.7],[-0.97,8.7],[-0.31,8.26],[0.35,7.83],[1.15,7.46],[1.96,7.09],[2.77,6.72],[3.57,6.35],[4.37,5.98],[5.18,5.61],[5.98,5.23],[6.78,4.86],[7.47,4.59],[8.17,4.33],[8.17,4.33],[7.9,3.78],[7.63,3.23],[7.06,2.52],[6.49,1.8],[6.49,1.8],[6.58,1.71],[7.24,1.17]]]}},{"type":"Feature","properties":{"ma":140,"type":"gpml:TopologicalClosedPlateBoundary","name":"Kohistan-Ladakh back-arc basin 155-126 Ma","pid":529,"deforming":false},"geometry":{"type":"Polygon","coordinates":[[[67.42,8.73],[67.71,9.56],[68,10.39],[68.29,11.21],[68.58,12.04],[68.88,12.87],[69.17,13.7],[69.17,13.7],[69.68,13.69],[70.55,13.73],[71.41,13.77],[72.27,13.81],[73.13,13.85],[73.19,13.32],[73.25,12.79],[74.25,12.83],[75.25,12.87],[76.25,12.91],[76.33,12.33],[76.41,11.75],[77.23,11.83],[78.06,11.9],[78.17,11.08],[79.07,11.14],[79.97,11.21],[80.05,10.55],[80.99,10.64],[81.92,10.74],[82.86,10.82],[83.8,10.91],[84.74,10.99],[85.68,11.07],[86.06,11.09],[86.06,11.09],[86.11,11.61],[86.16,12.13],[87.14,12.18],[88.13,12.22],[89.11,12.27],[90.09,12.3],[91.08,12.34],[91.07,12.85],[91.07,13.37],[92.04,13.39],[93.01,13.4],[93.98,13.42],[94.81,13.47],[95.64,13.52],[96.48,13.57],[96.48,13.57],[96.27,12.79],[96.06,12.01],[95.86,11.24],[95.65,10.46],[95.45,9.68],[95.45,9.68],[94.68,9.27],[93.9,8.86],[93.13,8.45],[92.37,8.15],[91.61,7.84],[90.84,7.54],[89.96,7.34],[89.08,7.13],[88.2,6.92],[87.31,6.71],[86.43,6.5],[85.49,6.38],[84.55,6.25],[83.61,6.13],[82.66,6.01],[81.72,5.88],[80.78,5.75],[79.78,5.82],[78.78,5.88],[77.78,5.94],[76.78,6],[75.81,6.12],[74.84,6.23],[73.87,6.35],[72.9,6.46],[72.02,6.63],[71.15,6.8],[70.27,6.97],[69.43,7.22],[68.59,7.46],[67.74,7.7],[67.13,7.9],[67.42,8.73]]]}},{"type":"Feature","properties":{"ma":140,"type":"gpml:TopologicalClosedPlateBoundary","name":"NE Siberia","pid":409,"deforming":false},"geometry":{"type":"Polygon","coordinates":[[[-180,90],[180,90],[180,89.8],[105.19,89.13],[98.62,88.31],[96.37,87.48],[92.02,86.84],[89.14,86.19],[87.1,85.53],[74.97,85.37],[64.09,85.02],[54.92,84.51],[52.91,83.77],[51.33,83.01],[50.06,82.26],[49.01,81.49],[48.02,80.53],[47.22,79.56],[43.77,78.95],[40.69,78.31],[37.93,77.63],[35.46,76.93],[32.13,76.37],[29.08,75.76],[26.27,75.12],[23.08,74.72],[20.06,74.27],[17.21,73.78],[14.53,73.26],[12.31,72.75],[10.21,72.22],[8.23,71.66],[6.37,71.09],[4.61,70.5],[4.61,70.5],[3.82,71.1],[2.99,71.7],[1.49,71.93],[1.49,71.93],[1.59,72.08],[1.63,72.15],[2.25,73.02],[2.93,73.9],[3.7,74.77],[4.55,75.64],[5.13,76.5],[5.78,77.35],[5.78,77.35],[3.39,77.44],[0.07,77.78],[-3.42,78.08],[-6.76,78.47],[-10.33,78.83],[-14.12,79.14],[-18.33,79.47],[-22.79,79.74],[-27.17,79.76],[-31.54,79.73],[-35.87,79.64],[-39.2,79.4],[-42.39,79.13],[-47.18,79],[-51.83,78.8],[-56.04,78.3],[-59.9,77.75],[-59.9,77.75],[-59.9,77.75],[-59.9,77.75],[-59.9,77.75],[-59.9,77.75],[-61.72,78.55],[-63.82,79.34],[-65.02,80.26],[-66.47,81.18],[-68.25,82.1],[-70.49,83],[-73.38,83.89],[-74.89,84.75],[-76.97,85.6],[-80.04,86.44],[-84.99,87.27],[-94.07,88.05],[-99.89,89.02],[-180,89.8],[-180,90]]]}},{"type":"Feature","properties":{"ma":140,"type":"gpml:TopologicalClosedPlateBoundary","name":"North Slope Microplate of AACM GS","pid":18150,"deforming":false},"geometry":{"type":"Polygon","coordinates":[[[-31.24,71],[-29.69,70.15],[-28.25,69.28],[-27.05,68.51],[-25.92,67.73],[-25.06,67.05],[-24.24,66.36],[-23.55,65.65],[-23.15,65.18],[-23.15,65.18],[-23.57,65.11],[-24.78,64.92],[-25.81,64.74],[-26.64,64.47],[-27.4,64.21],[-28.13,64.08],[-29.4,63.71],[-30.02,63.46],[-30.73,63.11],[-31.52,62.22],[-32.16,61.65],[-32.77,61.08],[-33.36,60.73],[-33.59,60.49],[-34.1,59.71],[-34.25,59.46],[-35.05,58.7],[-35.26,58.14],[-35.39,58],[-35.62,57.76],[-35.62,57.76],[-36.62,58.14],[-37.65,58.52],[-38.94,58.82],[-38.94,58.82],[-39.25,59.59],[-39.59,60.37],[-39.94,61.14],[-40.3,61.91],[-40.85,62.67],[-41.42,63.42],[-42.8,64.11],[-44.26,64.78],[-44.54,65.55],[-44.84,66.32],[-45.16,67.09],[-44.78,67.86],[-44.37,68.62],[-43.94,69.39],[-43.94,69.39],[-42.71,69.86],[-41.43,70.32],[-39.76,70.78],[-38.01,71.23],[-35.52,71.55],[-32.94,71.84],[-31.24,71]]]}},{"type":"Feature","properties":{"ma":140,"type":"gpml:TopologicalClosedPlateBoundary","name":"East Siberia Microplate of AACM GS","pid":42150,"deforming":false},"geometry":{"type":"Polygon","coordinates":[[[-20.51,66.16],[-20.95,67.02],[-21.43,67.89],[-21.94,68.75],[-22.42,69.57],[-22.95,70.38],[-23.52,71.18],[-24.42,72.07],[-25.41,72.94],[-25.41,72.94],[-23.64,73.26],[-23.64,73.26],[-23.45,73.27],[-20.38,73.39],[-17.28,73.47],[-14.15,73.5],[-11.07,73.3],[-8.06,73.06],[-5.15,72.78],[-2.33,72.46],[0.38,72.1],[2.99,71.7],[3.87,71.06],[4.7,70.42],[5.48,69.78],[4.94,68.92],[4.44,68.06],[3.98,67.2],[3.54,66.34],[3.23,65.45],[2.94,64.57],[2.67,63.68],[2.41,62.79],[2.02,62.04],[1.65,61.29],[1.29,60.54],[1.16,60.25],[1.16,60.25],[0.45,60.49],[-0.74,60.8],[-2.06,61.12],[-3.51,61.46],[-4.53,61.68],[-5.86,62.12],[-7.06,62.49],[-8.63,62.7],[-9.71,62.84],[-10.9,62.98],[-11.95,63.09],[-12.27,63.12],[-12.27,63.12],[-12,63.42],[-11.86,63.87],[-12.29,64.15],[-13.4,64.6],[-14.91,64.85],[-16.71,65.13],[-17.52,65.25],[-18.3,65.35],[-19.37,65.37],[-20.22,65.22],[-20.51,66.16]]]}},{"type":"Feature","properties":{"ma":140,"type":"gpml:TopologicalClosedPlateBoundary","name":"Woyla back-arc","pid":787,"deforming":false},"geometry":{"type":"Polygon","coordinates":[[[126.83,12.41],[126.37,11.64],[125.92,10.86],[125.59,10.2],[125.26,9.54],[124.93,8.88],[124.93,8.88],[124.08,9.01],[123.23,9.14],[122.48,9.56],[121.72,9.98],[120.97,10.4],[120.21,10.82],[119.44,11.23],[118.68,11.65],[117.73,11.83],[116.77,12],[115.81,12.18],[114.85,12.35],[113.89,12.51],[112.98,12.7],[112.07,12.89],[111.15,13.07],[110.24,13.25],[109.32,13.43],[108.4,13.6],[107.48,13.77],[106.55,14.17],[105.62,14.56],[104.68,14.95],[103.74,15.34],[102.8,15.72],[102,16.17],[101.19,16.61],[100.38,17.05],[99.56,17.48],[98.75,17.91],[97.76,18.25],[97.76,18.25],[97.95,18.93],[98.14,19.61],[98.14,19.61],[99.03,19.45],[99.91,19.3],[100.8,19.13],[100.73,18.52],[101.75,18.3],[102.76,18.08],[102.64,17.4],[103.53,17.23],[104.42,17.05],[105.31,16.86],[106.19,16.68],[107.07,16.49],[107.95,16.29],[108.83,16.09],[109.83,15.87],[110.82,15.64],[111.81,15.4],[112.8,15.16],[112.92,15.6],[113.87,15.39],[114.82,15.17],[115.76,14.95],[116.7,14.73],[117.64,14.5],[117.74,14.84],[118.67,14.7],[119.6,14.55],[120.54,14.41],[121.46,14.25],[122.39,14.1],[123.32,13.94],[124.24,13.78],[125.17,13.61],[126.09,13.44],[126.69,13.31],[127.29,13.18],[126.83,12.41]]]}},{"type":"Feature","properties":{"ma":140,"type":"gpml:TopologicalClosedPlateBoundary","name":"Iberia","pid":304,"deforming":false},"geometry":{"type":"Polygon","coordinates":[[[-6.97,11.99],[-6.87,12.08],[-6.64,12.28],[-6.45,12.44],[-6.22,12.63],[-6.04,12.78],[-5.8,12.99],[-5.56,13.19],[-5.32,13.52],[-5.22,13.91],[-5.13,14.24],[-5,14.47],[-4.61,14.88],[-4.19,15.15],[-3.99,15.36],[-3.72,15.73],[-3.56,15.92],[-3.41,16.24],[-3.24,16.54],[-3.06,16.82],[-2.92,17.08],[-2.82,17.33],[-2.72,17.53],[-2.66,17.66],[-2.54,17.78],[-2.44,17.93],[-2.44,17.93],[-2.38,17.76],[-2.13,17.53],[-1.77,17.38],[-1.48,17.37],[-1.15,17.2],[-0.98,17.12],[-0.81,17.04],[-0.41,16.97],[-0.22,16.93],[0.04,16.83],[0.22,16.76],[0.53,16.63],[0.78,16.52],[1.39,16.23],[2.01,15.99],[2.66,15.49],[3.25,14.72],[3.92,14.23],[4.56,13.69],[4.95,13.42],[4.95,13.42],[5.24,13.87],[5.54,14.33],[5.93,14.81],[5.93,14.81],[6.05,14.77],[6.93,14.9],[7.81,15.02],[8.69,15.15],[9.65,15.4],[10.61,15.65],[11.57,15.89],[11.66,15.97],[11.66,15.97],[12.22,15.48],[12.78,15],[12.78,15],[12.13,14.43],[11.48,13.86],[10.84,13.29],[10.84,13.29],[10.88,13.23],[11.13,13.08],[11.13,13.08],[10.55,12.64],[9.97,12.2],[9.39,11.76],[9.39,11.76],[9.28,11.93],[9.28,11.93],[8.35,11.64],[7.44,11.34],[6.52,11.04],[5.6,10.74],[5.44,10.09],[4.47,9.86],[3.5,9.63],[2.53,9.4],[1.56,9.17],[0.58,8.99],[-0.4,8.81],[-0.4,8.81],[-1.15,9.05],[-1.9,9.3],[-2.78,9.72],[-3.65,10.14],[-4.53,10.56],[-5.42,10.98],[-6.3,11.39],[-7.19,11.8],[-7.19,11.8],[-6.97,11.99]]]}},{"type":"Feature","properties":{"ma":140,"type":"gpml:TopologicalClosedPlateBoundary","name":"Meso Tethys","pid":530,"deforming":false},"geometry":{"type":"Polygon","coordinates":[[[40.76,16.98],[40.98,17.87],[41.21,18.75],[41.44,19.64],[41.67,20.53],[41.9,21.41],[42.14,22.3],[42.14,22.35],[42.14,22.35],[42.42,22.24],[42.95,22],[43.47,21.77],[44.09,21.59],[44.71,21.41],[45.55,21.16],[46.39,20.9],[47.25,20.79],[48.11,20.67],[48.89,20.64],[49.66,20.61],[50.44,20.58],[51.46,20.4],[52.49,20.22],[53.52,20.03],[54.48,19.78],[55.45,19.53],[56.06,19.04],[56.67,18.55],[57.25,18.12],[57.84,17.69],[58.41,17.25],[59.02,17.03],[59.63,16.8],[60.39,16.6],[61.15,16.39],[61.93,16.14],[62.7,15.9],[63.39,15.76],[64.09,15.62],[64.78,15.48],[65.82,15.56],[66.85,15.64],[67.88,15.71],[68.92,15.78],[69.95,15.84],[69.95,15.84],[69.63,14.96],[69.31,14.08],[68.99,13.19],[68.68,12.31],[68.36,11.43],[68.05,10.54],[67.74,9.66],[67.43,8.77],[67.43,8.77],[66.53,9.11],[65.63,9.44],[64.72,9.77],[63.81,10.1],[62.91,10.42],[61.99,10.78],[61.08,11.13],[60.16,11.49],[59.24,11.84],[58.32,12.18],[57.39,12.53],[56.46,12.87],[55.53,13.2],[54.6,13.54],[53.67,13.87],[52.73,14.19],[51.79,14.52],[50.85,14.84],[49.9,15.15],[48.95,15.46],[48,15.77],[47.73,15.14],[47.47,14.51],[47.21,13.88],[46.26,14.21],[45.31,14.53],[44.36,14.85],[43.41,15.17],[42.45,15.48],[41.5,15.79],[40.53,16.09],[40.76,16.98]]]}},{"type":"Feature","properties":{"ma":140,"type":"gpml:TopologicalClosedPlateBoundary","name":"South America AT","pid":201,"deforming":false},"geometry":{"type":"Polygon","coordinates":[[[-40.93,1.65],[-40.24,0.92],[-39.56,0.2],[-38.87,-0.52],[-38.19,-1.25],[-37.5,-1.97],[-36.87,-2.56],[-36.24,-3.16],[-35.6,-3.75],[-34.97,-4.35],[-34.23,-5.02],[-33.5,-5.7],[-32.77,-6.37],[-32.28,-6.89],[-31.8,-7.4],[-31.31,-7.91],[-30.48,-8.27],[-29.65,-8.62],[-28.82,-8.98],[-28.82,-8.98],[-28.61,-9.48],[-28.28,-10.02],[-27.95,-10.56],[-27.48,-11.2],[-26.85,-11.98],[-26.64,-12.5],[-26.43,-13.02],[-26.37,-13.59],[-26.31,-14.15],[-26.14,-14.67],[-25.97,-15.18],[-25.65,-15.6],[-25.33,-16.01],[-24.76,-16.29],[-24.19,-16.57],[-23.68,-16.84],[-23.18,-17.11],[-22.63,-17.38],[-22.08,-17.64],[-21.24,-18.05],[-20.36,-18.58],[-19.51,-19.09],[-18.57,-19.49],[-17.65,-19.68],[-16.74,-19.86],[-16.02,-19.88],[-15.3,-19.91],[-14.51,-20.07],[-13.91,-20.28],[-13.68,-20.38],[-13.68,-20.38],[-13.31,-20.56],[-12.74,-20.77],[-12.18,-20.92],[-11.91,-21.14],[-11.85,-21.52],[-12.25,-21.82],[-12.94,-21.98],[-13.35,-22.25],[-13.72,-22.75],[-14.07,-22.68],[-14.49,-23.03],[-15.15,-23.24],[-15.59,-23.63],[-16.03,-24.03],[-16.18,-24.3],[-15.98,-24.71],[-15.62,-24.99],[-15.21,-25],[-15.14,-24.57],[-14.77,-24.38],[-14.25,-24.71],[-13.36,-25.11],[-12.44,-25.08],[-12.65,-25.31],[-13.15,-25.59],[-13.39,-25.81],[-13.59,-26.07],[-13.69,-26.43],[-13.63,-26.88],[-13.61,-27.33],[-13.62,-27.86],[-13.65,-28.3],[-13.75,-28.78],[-14.06,-29.47],[-14.16,-29.82],[-14.23,-30.32],[-14.15,-30.93],[-14.32,-31.46],[-14.37,-32.1],[-14.48,-32.72],[-14.72,-33.21],[-14.9,-33.67],[-14.95,-34.09],[-15.19,-34.46],[-15.35,-35.02],[-15.66,-35.55],[-15.82,-35.99],[-15.96,-36.51],[-16.13,-37.12],[-16.65,-37.72],[-16.97,-38.18],[-17.26,-38.64],[-18.02,-39.2],[-18.81,-39.36],[-19.6,-39.51],[-20.5,-39.62],[-21.41,-39.72],[-22.41,-40.02],[-23.08,-40.22],[-23.75,-40.41],[-24.87,-40.91],[-25.36,-41.31],[-25.86,-41.71],[-26.04,-42.23],[-26.23,-42.75],[-26.32,-43.66],[-26.86,-44.56],[-27.5,-44.96],[-27.67,-45.12],[-28.25,-45.9],[-28.99,-46.62],[-29.77,-47.38],[-30.25,-47.94],[-30.97,-48.6],[-31.67,-49.38],[-32.26,-50.14],[-32.98,-50.88],[-33.62,-51.24],[-34.27,-51.6],[-34.27,-51.6],[-34.91,-51.5],[-35.75,-51.14],[-36.33,-50.41],[-36.5,-49.88],[-37.42,-49.47],[-38.22,-49.47],[-39.01,-49.46],[-40.16,-49.31],[-41.3,-49.15],[-42.17,-48.95],[-43.03,-48.74],[-44.13,-48.29],[-45.2,-47.83],[-46.57,-47.53],[-47.92,-47.21],[-48.93,-46.84],[-49.92,-46.47],[-50.84,-46.09],[-51.74,-45.7],[-52.91,-45.22],[-54.06,-44.73],[-55.01,-44.38],[-55.95,-44.02],[-56.88,-43.66],[-56.88,-43.66],[-56.83,-43.55],[-56.7,-42.76],[-56.58,-41.97],[-56.46,-41.18],[-56.34,-40.39],[-56.29,-39.57],[-56.23,-38.75],[-56.18,-37.93],[-56.13,-37.11],[-56.08,-36.29],[-55.89,-35.4],[-55.71,-34.51],[-55.76,-33.78],[-55.87,-33.2],[-55.89,-32.65],[-56.1,-31.92],[-56.22,-31.4],[-56.33,-30.88],[-56.97,-30.13],[-57.19,-29.45],[-57.42,-28.77],[-57.64,-28.09],[-57.9,-27.29],[-58.17,-26.49],[-58.43,-25.68],[-58.59,-24.71],[-58.75,-23.73],[-58.91,-22.75],[-59.07,-21.77],[-59.22,-20.8],[-59.22,-20.8],[-59.32,-20.8],[-59.98,-20.86],[-60.63,-20.92],[-60.63,-20.92],[-60.71,-20.11],[-60.78,-19.3],[-60.86,-18.49],[-60.63,-18.44],[-60.64,-17.53],[-60.65,-16.62],[-60.66,-15.71],[-60.48,-15.7],[-60.56,-14.71],[-60.63,-13.73],[-60.69,-12.75],[-60.17,-12.67],[-60.29,-11.73],[-60.41,-10.8],[-60.53,-9.86],[-60.65,-8.93],[-59.78,-8.84],[-59.83,-7.88],[-59.87,-6.93],[-59.92,-5.98],[-59.92,-5.98],[-59.73,-5.71],[-59.23,-5.08],[-58.74,-4.44],[-58.25,-3.8],[-57.76,-3.17],[-57.26,-2.53],[-56.49,-3.14],[-55.71,-3.76],[-55.32,-3.27],[-54.92,-2.79],[-54.28,-3.25],[-53.63,-3.72],[-52.99,-4.18],[-52.58,-3.66],[-52.16,-3.13],[-51.75,-2.6],[-50.97,-3.16],[-50.34,-2.55],[-49.72,-1.95],[-49.1,-1.34],[-48.54,-1.85],[-47.94,-1.32],[-47.33,-0.78],[-46.73,-0.25],[-46.1,-0.99],[-45.45,-0.45],[-44.8,0.09],[-44.15,0.62],[-43.83,0.2],[-43.5,-0.21],[-42.78,0.29],[-42.06,0.79],[-41.34,1.29],[-40.93,1.65]]]}},{"type":"Feature","properties":{"ma":140,"type":"gpml:TopologicalClosedPlateBoundary","name":"Yucatan","pid":205,"deforming":false},"geometry":{"type":"Polygon","coordinates":[[[-51.63,-2.43],[-52.18,-1.78],[-52.73,-1.14],[-53.04,-0.41],[-53.35,0.31],[-53.66,1.03],[-53.97,1.76],[-53.92,2.29],[-53.87,2.83],[-53.73,3.72],[-53.7,4],[-53.68,4.16],[-53.65,4.48],[-53.57,5.38],[-53.38,6.16],[-53.2,7.02],[-53.2,7.08],[-53.2,7.08],[-52.67,7.59],[-52.14,8.11],[-51.57,7.65],[-51.15,8.16],[-50.72,8.66],[-50.51,8.45],[-49.99,8.97],[-49.46,9.49],[-49.06,9.1],[-48.65,8.72],[-48.15,9.08],[-47.65,9.45],[-47.24,8.88],[-46.68,9.3],[-46.3,8.96],[-45.84,9.27],[-45.49,8.82],[-45.31,8.94],[-44.95,8.38],[-44.68,8.56],[-44.26,7.99],[-43.99,8.14],[-43.58,7.48],[-43.16,6.82],[-42.75,6.16],[-43.02,6],[-42.67,5.5],[-42.23,5.73],[-41.65,4.98],[-41.08,4.23],[-40.51,3.48],[-39.93,2.73],[-39.9,2.69],[-39.9,2.69],[-40.41,2.1],[-40.87,1.69],[-41.34,1.29],[-42.06,0.79],[-42.78,0.29],[-43.5,-0.21],[-43.83,0.2],[-44.15,0.62],[-44.8,0.09],[-45.45,-0.45],[-46.1,-0.99],[-46.73,-0.25],[-47.33,-0.78],[-47.94,-1.32],[-48.54,-1.85],[-49.1,-1.34],[-49.72,-1.95],[-50.34,-2.55],[-50.97,-3.16],[-51.09,-3.07],[-51.63,-2.43]]]}},{"type":"Feature","properties":{"ma":140,"type":"gpml:TopologicalClosedPlateBoundary","name":"Kohistan-Ladakh back-arc basin 155-126 Ma","pid":528,"deforming":false},"geometry":{"type":"Polygon","coordinates":[[[95.64,13.52],[94.81,13.47],[93.98,13.42],[93.01,13.4],[92.04,13.39],[91.07,13.37],[91.07,12.85],[91.08,12.34],[90.09,12.3],[89.11,12.27],[88.13,12.22],[87.14,12.18],[86.16,12.13],[86.11,11.61],[86.06,11.09],[86.06,11.09],[85.68,11.07],[84.74,10.99],[83.8,10.91],[82.86,10.82],[81.92,10.74],[80.99,10.64],[80.05,10.55],[79.97,11.21],[79.07,11.14],[78.17,11.08],[78.06,11.9],[77.23,11.83],[76.41,11.75],[76.33,12.33],[76.25,12.91],[75.25,12.87],[74.25,12.83],[73.25,12.79],[73.19,13.32],[73.13,13.85],[72.27,13.81],[71.41,13.77],[70.55,13.73],[69.68,13.69],[69.17,13.7],[69.17,13.7],[69.51,14.62],[69.84,15.54],[70.18,16.47],[70.53,17.39],[70.58,18.22],[70.63,19.04],[70.68,19.87],[70.73,20.7],[70.73,20.7],[71.71,20.59],[72.7,20.47],[73.75,20.35],[74.79,20.21],[75.84,20.08],[76.87,19.95],[77.9,19.81],[78.93,19.67],[79.96,19.53],[80.98,19.37],[82,19.22],[83.03,19.05],[84.05,18.88],[84.26,19.36],[84.48,19.83],[85.2,19.76],[85.92,19.68],[86.64,19.6],[87.33,19.55],[88.01,19.5],[88.36,20.2],[88.7,20.89],[89.76,20.83],[90.82,20.77],[91.87,20.7],[92.93,20.62],[93.98,20.54],[95.04,20.45],[96.09,20.35],[96.78,20.14],[97.48,19.92],[98.17,19.7],[98.17,19.7],[97.92,18.83],[97.68,17.95],[97.43,17.08],[97.19,16.2],[96.95,15.32],[96.71,14.45],[96.48,13.57],[95.64,13.52]]]}},{"type":"Feature","properties":{"ma":140,"type":"gpml:TopologicalClosedPlateBoundary","name":"South Africa","pid":701,"deforming":false},"geometry":{"type":"Polygon","coordinates":[[[47.46,-28.03],[46.93,-28.77],[46.4,-29.52],[45.85,-30.26],[45.3,-31],[44.21,-31.24],[43.12,-31.47],[42.02,-31.68],[42.11,-32.45],[42.2,-33.21],[42.29,-33.98],[42.38,-34.74],[41.34,-34.9],[40.3,-35.05],[39.36,-35.25],[39.43,-35.85],[38.35,-36.03],[38.44,-36.74],[37.25,-36.94],[37.26,-37.29],[36.31,-37.38],[35.36,-37.46],[35.23,-38.38],[35.09,-39.31],[34.95,-40.12],[34.81,-40.92],[34.67,-41.73],[34.52,-42.54],[34.52,-42.54],[33.24,-42.5],[31.97,-42.45],[30.71,-42.39],[29.44,-42.31],[29.33,-43.2],[29.22,-44.09],[29.1,-44.99],[27.82,-44.91],[26.55,-44.82],[25.28,-44.72],[25.02,-45.56],[24.75,-46.4],[23.68,-46.25],[22.6,-46.1],[21.54,-45.93],[21.24,-46.83],[20.93,-47.72],[20.62,-48.61],[20.29,-49.5],[19.94,-50.39],[19.59,-51.28],[19.22,-52.16],[18.84,-53.05],[18.39,-53.81],[17.92,-54.57],[17.44,-55.33],[17.03,-56.23],[16.61,-57.13],[16.16,-58.03],[15.69,-58.93],[15.2,-59.82],[14.68,-60.72],[14.13,-61.61],[14.13,-61.61],[13.73,-61.57],[12.53,-61.32],[12.11,-62.1],[10.87,-61.96],[9.65,-61.8],[9.37,-62.18],[7.8,-61.97],[6.25,-61.75],[5.74,-62.39],[5.02,-62.28],[4.27,-63.18],[2.56,-62.93],[0.87,-62.66],[0.19,-63.26],[-0.52,-63.85],[-1.27,-64.45],[-3.01,-64.07],[-4.71,-63.67],[-6.36,-63.25],[-7.96,-62.82],[-9.37,-63.49],[-10.84,-64.14],[-12.39,-64.78],[-12.39,-64.78],[-12.16,-64.32],[-11.99,-63.78],[-11.99,-63.78],[-13.82,-63.91],[-15.66,-64.02],[-17.88,-64.12],[-20.12,-64.19],[-22.37,-64.23],[-24.3,-64.06],[-26.2,-63.86],[-28.07,-63.64],[-29.72,-63.38],[-31.33,-63.1],[-32.91,-62.81],[-34.72,-62.53],[-36.49,-62.23],[-37.67,-62.06],[-37.67,-62.06],[-37.5,-61.25],[-37.21,-60.59],[-36.93,-59.93],[-36.76,-59.34],[-36.59,-58.75],[-35.97,-58.21],[-35.36,-57.67],[-34.26,-56.95],[-33.2,-56.21],[-32.57,-55.67],[-31.96,-55.12],[-31.59,-54.58],[-31.22,-54.03],[-30.8,-53.12],[-30.39,-52.25],[-29.92,-51.78],[-29.46,-51.31],[-28.97,-50.82],[-28.5,-50.34],[-28.01,-49.88],[-27.53,-49.42],[-26.79,-48.58],[-26.31,-48],[-25.84,-47.41],[-25.51,-46.51],[-25.02,-45.71],[-24.76,-45.24],[-24.51,-44.77],[-24.18,-44.17],[-23.86,-43.56],[-23.24,-42.73],[-22.65,-42.38],[-22.08,-42.03],[-21.37,-41.65],[-20.68,-41.27],[-20.06,-40.96],[-19.46,-40.65],[-18.28,-40.24],[-17.64,-40.11],[-17.01,-39.97],[-16.03,-39.54],[-15.53,-39.14],[-15.04,-38.73],[-14.59,-38.16],[-14.31,-37.32],[-14.1,-36.34],[-13.83,-35.53],[-13.39,-34.79],[-13,-33.99],[-12.93,-33.49],[-12.85,-32.99],[-12.83,-32.11],[-13.15,-31.43],[-13.17,-30.88],[-13.19,-30.32],[-12.94,-29.81],[-12.69,-29.31],[-12.17,-28.57],[-11.81,-27.62],[-11.64,-27.13],[-11.48,-26.63],[-10.86,-26.13],[-10.25,-25.63],[-9.64,-25.13],[-9.32,-24.58],[-8.99,-24.04],[-8.96,-23.85],[-8.96,-23.85],[-7.99,-23.85],[-7.01,-23.84],[-6.03,-23.83],[-5.32,-24.1],[-4.61,-24.37],[-3.78,-24.54],[-2.95,-24.71],[-2.22,-24.63],[-1.5,-24.54],[-0.6,-24.67],[0.29,-24.79],[1.01,-24.94],[1.74,-25.08],[2.79,-25.26],[3.84,-25.43],[4.9,-25.6],[5.77,-25.61],[6.64,-25.63],[7.51,-25.63],[8.37,-25.98],[9.24,-26.31],[9.76,-27.1],[10.28,-27.88],[10.81,-28.66],[11.34,-29.44],[11.44,-30.13],[11.88,-30.46],[12.32,-30.8],[12.18,-31.71],[12.82,-32.48],[13.47,-33.24],[14.17,-33.56],[14.87,-33.89],[15.58,-34.21],[16.47,-34.65],[17.38,-35.09],[18.29,-35.52],[19.26,-35.41],[20.24,-35.29],[21.11,-34.71],[21.96,-34.12],[22.81,-33.52],[23.64,-33.11],[24.46,-32.7],[25.14,-32.37],[25.8,-32.04],[26.76,-31.97],[27.71,-31.89],[28.66,-31.81],[29.72,-31.76],[30.77,-31.7],[31.82,-31.64],[32.88,-31.53],[33.92,-31.41],[34.97,-31.28],[35.95,-31.09],[36.92,-30.9],[37.89,-30.7],[37.89,-30.7],[38.46,-30.11],[39.16,-29.6],[39.85,-29.09],[39.85,-29.09],[40.73,-28.98],[41.61,-28.86],[42.5,-28.74],[43.37,-28.61],[44.39,-28.48],[45.41,-28.34],[46.43,-28.19],[47.44,-28.03],[47.46,-28.03]]]}},{"type":"Feature","properties":{"ma":140,"type":"gpml:TopologicalClosedPlateBoundary","name":"QT back-arc western flank","pid":2060,"deforming":false},"geometry":{"type":"Polygon","coordinates":[[[-66.91,-0.13],[-66.31,-0.47],[-65.71,-0.82],[-65.11,-1.16],[-64.37,-1.66],[-63.63,-2.17],[-62.89,-2.67],[-62.15,-3.17],[-61.4,-3.67],[-60.66,-4.16],[-59.91,-4.66],[-59.22,-5.06],[-59.22,-5.06],[-59.73,-5.71],[-59.92,-5.98],[-59.92,-5.98],[-59.87,-6.93],[-59.83,-7.88],[-59.78,-8.84],[-60.65,-8.93],[-60.53,-9.86],[-60.41,-10.8],[-60.29,-11.73],[-60.17,-12.67],[-60.69,-12.75],[-60.63,-13.73],[-60.56,-14.71],[-60.48,-15.7],[-60.66,-15.71],[-60.65,-16.62],[-60.64,-17.53],[-60.63,-18.44],[-60.86,-18.49],[-60.78,-19.3],[-60.71,-20.11],[-60.63,-20.92],[-60.63,-20.92],[-59.98,-20.86],[-59.32,-20.8],[-59.22,-20.8],[-59.22,-20.8],[-59.07,-21.77],[-58.91,-22.75],[-58.75,-23.73],[-58.59,-24.71],[-58.43,-25.68],[-58.17,-26.49],[-57.9,-27.29],[-57.64,-28.09],[-57.42,-28.77],[-57.19,-29.45],[-56.97,-30.13],[-56.33,-30.88],[-56.23,-31.35],[-56.23,-31.35],[-56.95,-30.58],[-57.39,-30.11],[-57.57,-29.65],[-57.95,-28.75],[-58.33,-27.86],[-58.73,-26.94],[-59.13,-26.03],[-59.34,-25.36],[-59.55,-24.69],[-59.73,-23.98],[-59.91,-23.26],[-60.09,-22.55],[-60.09,-22.55],[-60.63,-22.08],[-61.16,-21.62],[-61.7,-21.15],[-62.05,-20.4],[-62.39,-19.66],[-62.73,-18.91],[-63.07,-18.16],[-63.41,-17.41],[-63.56,-16.43],[-63.71,-15.45],[-63.86,-14.47],[-64.01,-13.48],[-64.2,-12.62],[-64.39,-11.75],[-64.58,-10.89],[-64.77,-10.02],[-64.95,-9.16],[-65.14,-8.29],[-65.32,-7.42],[-65.69,-6.55],[-66.06,-5.68],[-66.43,-4.81],[-66.79,-3.93],[-67.16,-3.06],[-67.13,-2.26],[-67.09,-1.45],[-67,-0.79],[-66.91,-0.13]]]}},{"type":"Feature","properties":{"ma":140,"type":"gpml:TopologicalClosedPlateBoundary","name":"Chortis","pid":2035,"deforming":false},"geometry":{"type":"Polygon","coordinates":[[[-53.88,1.56],[-53.5,0.66],[-53.11,-0.24],[-52.73,-1.14],[-52.18,-1.78],[-51.63,-2.43],[-51.09,-3.07],[-51.09,-3.07],[-51.75,-2.6],[-52.16,-3.13],[-52.58,-3.66],[-52.99,-4.18],[-53.63,-3.72],[-54.28,-3.25],[-54.92,-2.79],[-55.32,-3.27],[-55.71,-3.76],[-56.49,-3.14],[-57.26,-2.53],[-57.75,-3.16],[-58.24,-3.8],[-58.73,-4.43],[-59.22,-5.06],[-59.22,-5.06],[-59.91,-4.66],[-60.66,-4.16],[-61.4,-3.67],[-62.15,-3.17],[-62.89,-2.67],[-63.63,-2.17],[-64.37,-1.66],[-65.11,-1.16],[-65.71,-0.82],[-66.31,-0.47],[-66.91,-0.13],[-66.91,-0.13],[-66.87,0.14],[-66.87,0.14],[-66.26,0.32],[-65.58,0.58],[-64.89,0.85],[-64.2,1.11],[-63.67,1.52],[-63.15,1.93],[-62.62,2.34],[-62.62,2.34],[-62.63,2.61],[-62.59,3.38],[-62.55,4.15],[-62.52,4.92],[-62.44,5.73],[-62.37,6.55],[-62.29,7.36],[-62.11,8.23],[-61.92,9.09],[-61.92,9.09],[-61.92,9.09],[-61.92,9.09],[-61.92,9.09],[-61.92,9.09],[-61.8,8.9],[-61.43,8.14],[-61.07,7.38],[-60.72,6.63],[-60.09,6.06],[-59.47,5.5],[-58.85,4.94],[-58.24,4.37],[-57.62,3.81],[-56.81,3.31],[-56.01,2.82],[-55.21,2.33],[-54.55,1.95],[-53.88,1.56]]]}},{"type":"Feature","properties":{"ma":140,"type":"gpml:TopologicalClosedPlateBoundary","name":"Weddell Sea plate","pid":28900,"deforming":false},"geometry":{"type":"Polygon","coordinates":[[[-28.33,-68.14],[-26.68,-68.08],[-25.04,-68.01],[-22.8,-67.97],[-20.56,-67.9],[-18.66,-67.63],[-16.81,-67.35],[-16.27,-67.19],[-16.27,-67.19],[-18.17,-67.51],[-20.13,-67.81],[-20.57,-67.91],[-21.08,-68],[-21.7,-68.13],[-22.3,-68.27],[-22.82,-68.39],[-23.46,-68.52],[-23.99,-68.64],[-24.49,-68.75],[-25.23,-68.88],[-25.71,-68.96],[-26.42,-69.04],[-28.6,-69.28],[-31.25,-69.61],[-33.97,-69.89],[-36.76,-70.13],[-37.9,-70.25],[-39.57,-70.35],[-41.25,-70.44],[-42.81,-70.53],[-43.38,-70.56],[-43.86,-70.55],[-44.25,-70.53],[-44.25,-70.53],[-45.53,-70.53],[-47.97,-70.54],[-50.42,-70.51],[-53.08,-70.55],[-55.75,-70.55],[-58.09,-70.6],[-60.42,-70.61],[-60.42,-70.61],[-60.86,-70.49],[-61.48,-70.34],[-62.33,-70.1],[-62.95,-69.93],[-63.52,-69.71],[-63.73,-69.6],[-63.95,-69.5],[-64.3,-69.34],[-64.59,-69.21],[-65,-69.01],[-65.41,-68.81],[-65.76,-68.63],[-66.13,-68.46],[-66.46,-68.28],[-66.65,-68.16],[-67.17,-67.85],[-67.8,-67.4],[-68.16,-67.13],[-68.37,-66.73],[-68.38,-66.66],[-68.35,-66.28],[-68.24,-65.92],[-68.22,-65.88],[-68.22,-65.88],[-67.28,-66.23],[-66.32,-66.59],[-64.7,-67.16],[-63,-67.71],[-61.22,-68.25],[-59.3,-68.56],[-57.32,-68.84],[-55.82,-68.93],[-54.31,-68.99],[-52.66,-69.03],[-51.01,-69.05],[-48.35,-68.99],[-45.71,-68.88],[-43.46,-68.95],[-41.21,-68.98],[-39.34,-69.05],[-37.46,-69.09],[-35.79,-68.96],[-34.13,-68.8],[-32.02,-68.66],[-29.93,-68.48],[-28.45,-68.14],[-28.33,-68.14]]]}},{"type":"Feature","properties":{"ma":140,"type":"gpml:TopologicalClosedPlateBoundary","name":"Sepik","pid":780,"deforming":false},"geometry":{"type":"Polygon","coordinates":[[[110.58,-22.78],[110.59,-22.03],[110.59,-22.03],[111.37,-22.17],[112.14,-22.3],[112.92,-22.44],[113.83,-22.57],[114.74,-22.7],[115.65,-22.83],[116.56,-22.95],[117.47,-23.06],[118.39,-23.17],[119.41,-23.34],[120.43,-23.5],[121.45,-23.65],[122.47,-23.8],[123.5,-23.94],[124.53,-24.08],[125.56,-24.2],[126.57,-24.48],[127.58,-24.76],[128.6,-25.02],[129.62,-25.28],[130.64,-25.53],[131.67,-25.78],[132.71,-26.01],[133.75,-26.24],[134.79,-26.46],[135.83,-26.68],[136.88,-26.89],[137.94,-27.08],[137.94,-27.08],[138.39,-27.77],[138.84,-28.46],[139.11,-29.41],[139.38,-30.37],[139.66,-31.33],[139.95,-32.28],[139.95,-32.28],[139.45,-32.22],[138.31,-32.04],[137.17,-31.85],[136.04,-31.65],[134.91,-31.44],[133.78,-31.22],[132.66,-30.99],[132.71,-30.41],[132.76,-29.83],[131.94,-29.6],[131.13,-29.36],[130.31,-29.11],[130.37,-28.57],[130.42,-28.03],[129.5,-27.78],[128.59,-27.53],[127.69,-27.27],[126.78,-27],[126.92,-26.46],[125.99,-26.22],[125.06,-25.97],[124.93,-26.27],[124.01,-26.01],[123.08,-25.75],[122.17,-25.47],[121.26,-25.2],[121.09,-25.67],[120.3,-25.47],[119.5,-25.26],[119.24,-25.97],[118.97,-26.68],[117.98,-26.43],[116.98,-26.18],[116,-25.91],[115.01,-25.65],[114.04,-25.37],[114.25,-24.65],[114.45,-23.92],[113.48,-23.65],[112.51,-23.37],[111.55,-23.08],[110.58,-22.78]]]}},{"type":"Feature","properties":{"ma":140,"type":"gpml:TopologicalClosedPlateBoundary","name":"East Vardar","pid":307,"deforming":false},"geometry":{"type":"Polygon","coordinates":[[[40.53,16.09],[40.24,16.19],[39.29,16.46],[38.34,16.74],[37.39,17],[36.44,17.27],[36.09,16.54],[35.74,15.81],[34.76,16.12],[33.77,16.42],[32.78,16.71],[31.79,17],[31.51,16.39],[31.24,15.77],[30.96,15.15],[30.1,15.37],[29.24,15.58],[28.37,15.79],[27.5,16],[26.63,16.2],[26.35,15.58],[25.61,15.83],[24.86,16.07],[24.12,16.31],[23.37,16.55],[23.37,16.55],[23.62,16.74],[24,17.06],[24,17.06],[24.09,17.05],[25.13,17.11],[26.17,17.16],[27.22,17.2],[28.06,17.31],[28.9,17.42],[29.74,17.52],[30.58,17.62],[31.52,18.06],[32.46,18.5],[33.41,18.94],[34.36,19.37],[35.31,19.79],[36.28,20.13],[37.26,20.46],[38.23,20.79],[39.21,21.11],[40.2,21.43],[41.09,21.59],[41.99,21.75],[41.99,21.75],[41.74,20.8],[41.49,19.86],[41.25,18.92],[41.01,17.98],[40.77,17.04],[40.53,16.09]]]}},{"type":"Feature","properties":{"ma":140,"type":"gpml:TopologicalClosedPlateBoundary","name":"Tisza - Dacia - Moesia","pid":319,"deforming":false},"geometry":{"type":"Polygon","coordinates":[[[31.4,24.43],[30.89,23.75],[30.32,23.16],[29.75,22.56],[29.18,21.97],[28.62,21.37],[28.04,20.78],[27.45,20.19],[26.87,19.59],[26.3,18.99],[25.62,18.43],[24.95,17.87],[24.28,17.31],[23.62,16.74],[23.22,16.43],[22.81,16.11],[22.81,16.11],[22.01,16.63],[21.21,17.15],[20.57,17.71],[19.93,18.26],[19.33,19],[18.74,19.74],[18.13,20.47],[18.13,20.47],[18.5,20.94],[18.88,21.4],[18.81,21.59],[19.43,22.26],[20.06,22.92],[20,23.09],[20.45,23.57],[20.9,24.04],[21.67,24.34],[22.45,24.64],[23.23,24.93],[24.01,25.21],[24.01,25.21],[25.07,25.13],[26.13,25.03],[27.19,24.92],[28.24,24.81],[29.3,24.69],[30.35,24.57],[31.4,24.43]]]}},{"type":"Feature","properties":{"ma":140,"type":"gpml:TopologicalClosedPlateBoundary","name":"AlCaPa","pid":334,"deforming":false},"geometry":{"type":"Polygon","coordinates":[[[22.81,16.11],[22.08,15.53],[21.34,14.94],[20.61,14.36],[19.89,13.77],[19.28,13.3],[18.66,12.84],[18.66,12.84],[17.85,13.11],[17.04,13.37],[16.23,13.63],[15.42,13.89],[14.6,14.14],[14.1,14.37],[13.6,14.6],[13.6,14.6],[14.12,15.33],[14.65,16.06],[15.18,16.79],[15.72,17.51],[16.26,18.24],[16.8,18.96],[17.35,19.68],[18.21,19.22],[19.06,18.75],[19.92,18.27],[19.92,18.27],[19.93,18.26],[20.57,17.71],[21.21,17.15],[22.01,16.63],[22.81,16.11]]]}},{"type":"Feature","properties":{"ma":140,"type":"gpml:TopologicalClosedPlateBoundary","name":"West Vardar","pid":307,"deforming":false},"geometry":{"type":"Polygon","coordinates":[[[40.53,16.09],[40.33,15.26],[40.12,14.43],[39.92,13.6],[39.72,12.77],[39.52,11.93],[39.13,11.15],[38.74,10.37],[38.35,9.59],[37.96,8.81],[37.46,8.04],[36.96,7.27],[36.46,6.51],[35.97,5.74],[35.56,5.36],[35.16,4.98],[35.16,4.98],[34.27,5.14],[33.38,5.29],[32.49,5.44],[31.6,5.59],[30.7,5.74],[29.79,6.1],[28.88,6.45],[27.97,6.8],[27.05,7.14],[26.14,7.49],[25.41,7.82],[24.68,8.15],[23.94,8.48],[23.21,8.81],[22.38,9.23],[21.56,9.65],[20.73,10.06],[19.99,10.53],[19.24,11],[18.63,11.68],[18.02,12.35],[18.02,12.35],[18.64,12.82],[19.27,13.3],[19.89,13.77],[20.58,14.33],[21.27,14.89],[21.97,15.44],[22.67,16],[23.37,16.55],[23.37,16.55],[24.12,16.31],[24.86,16.07],[25.61,15.83],[26.35,15.58],[26.63,16.2],[27.5,16],[28.37,15.79],[29.24,15.58],[30.1,15.37],[30.96,15.15],[31.24,15.77],[31.51,16.39],[31.79,17],[32.78,16.71],[33.77,16.42],[34.76,16.12],[35.74,15.81],[36.09,16.54],[36.44,17.27],[37.39,17],[38.34,16.74],[39.29,16.46],[40.24,16.19],[40.53,16.09]]]}},{"type":"Feature","properties":{"ma":140,"type":"gpml:TopologicalClosedPlateBoundary","name":"Africa Early Ocean Crust","pid":701,"deforming":false},"geometry":{"type":"Polygon","coordinates":[[[-10.76,-21.34],[-11.57,-20.92],[-12.17,-20.55],[-12.17,-20.55],[-12.17,-20.55],[-12.17,-20.55],[-11.57,-20.92],[-10.76,-21.34],[-9.94,-21.76],[-9.75,-22.37],[-9.7,-22.55],[-9.78,-23.48],[-9.76,-23.6],[-9.73,-24.26],[-9.73,-24.3],[-10.07,-25.18],[-10.15,-25.26],[-10.65,-25.65],[-11.5,-26.24],[-11.59,-26.3],[-11.74,-26.39],[-12.11,-26.76],[-12.19,-26.86],[-12.31,-26.98],[-12.76,-27.62],[-12.88,-27.77],[-13.13,-28.21],[-13.27,-28.51],[-13.45,-28.86],[-13.62,-29.24],[-13.76,-29.52],[-13.96,-30.3],[-13.96,-30.34],[-13.92,-31.18],[-13.93,-31.26],[-13.9,-31.91],[-13.9,-32.05],[-13.87,-32.58],[-13.88,-32.88],[-13.96,-33.39],[-14.06,-33.69],[-14.24,-34.1],[-14.38,-34.5],[-14.54,-34.81],[-14.77,-35.34],[-14.87,-35.59],[-15.1,-36.18],[-15.16,-36.36],[-15.38,-37.07],[-15.41,-37.15],[-15.73,-37.89],[-15.77,-37.95],[-16.18,-38.62],[-16.29,-38.76],[-17.06,-39.41],[-17.24,-39.53],[-18.11,-39.9],[-18.52,-40.05],[-19.04,-40.24],[-19.89,-40.57],[-20.45,-40.84],[-20.84,-41.02],[-21.21,-41.2],[-21.84,-41.52],[-21.89,-41.55],[-22.51,-41.89],[-22.93,-42.14],[-23.05,-42.2],[-23.4,-42.43],[-23.63,-42.59],[-23.87,-42.78],[-23.97,-42.86],[-24.18,-43.05],[-24.63,-43.57],[-24.71,-43.69],[-25.09,-44.28],[-25.26,-44.55],[-25.57,-45.02],[-25.87,-45.39],[-26.13,-45.68],[-26.55,-46.13],[-26.75,-46.32],[-27.31,-46.86],[-27.41,-46.94],[-28.11,-47.53],[-28.15,-47.56],[-28.79,-48.14],[-28.9,-48.27],[-29.39,-48.8],[-29.6,-49.03],[-30,-49.46],[-30.33,-49.81],[-30.61,-50.11],[-31.1,-50.6],[-31.25,-50.77],[-31.86,-51.38],[-31.9,-51.42],[-32.61,-52.05],[-32.69,-52.11],[-33.49,-52.73],[-33.61,-52.83],[-34.13,-53.31],[-34.59,-53.86],[-34.77,-54.02],[-35.1,-54.35],[-35.63,-54.83],[-36.1,-55.27],[-36.6,-56.02],[-37.26,-56.71],[-37.53,-57.02],[-37.95,-57.71],[-38.17,-58.17],[-38.45,-58.73],[-38.74,-59.34],[-38.92,-59.73],[-39.36,-60.54],[-39.79,-61.26],[-39.91,-61.7],[-39.91,-61.7],[-39.91,-61.7],[-39.91,-61.7],[-39.79,-61.26],[-39.45,-60.52],[-39.06,-59.71],[-38.89,-59.31],[-38.55,-58.7],[-38.24,-58.15],[-37.97,-57.71],[-37.53,-57.02],[-37.26,-56.71],[-36.6,-56.02],[-36.1,-55.27],[-35.63,-54.83],[-35.1,-54.35],[-34.77,-54.02],[-34.59,-53.86],[-34.13,-53.31],[-33.61,-52.83],[-33.49,-52.73],[-32.69,-52.11],[-32.61,-52.05],[-31.9,-51.42],[-31.86,-51.38],[-31.25,-50.77],[-31.1,-50.6],[-30.61,-50.11],[-30.33,-49.81],[-30,-49.46],[-29.6,-49.03],[-29.39,-48.8],[-28.9,-48.27],[-28.79,-48.14],[-28.15,-47.56],[-28.11,-47.53],[-27.41,-46.94],[-27.31,-46.86],[-26.75,-46.32],[-26.55,-46.13],[-26.13,-45.68],[-25.87,-45.39],[-25.57,-45.02],[-25.26,-44.55],[-25.09,-44.28],[-24.71,-43.69],[-24.63,-43.57],[-24.18,-43.05],[-23.97,-42.86],[-23.87,-42.78],[-23.63,-42.59],[-23.4,-42.43],[-23.05,-42.2],[-22.93,-42.14],[-22.51,-41.89],[-21.89,-41.55],[-21.84,-41.52],[-21.21,-41.2],[-20.84,-41.02],[-20.45,-40.84],[-19.89,-40.57],[-19.04,-40.24],[-18.52,-40.05],[-18.11,-39.9],[-17.24,-39.53],[-17.06,-39.41],[-16.29,-38.76],[-16.18,-38.62],[-15.77,-37.95],[-15.73,-37.89],[-15.41,-37.15],[-15.38,-37.07],[-15.16,-36.36],[-15.1,-36.18],[-14.87,-35.59],[-14.77,-35.34],[-14.54,-34.81],[-14.38,-34.5],[-14.24,-34.1],[-14.06,-33.69],[-13.96,-33.39],[-13.88,-32.88],[-13.87,-32.58],[-13.9,-32.05],[-13.9,-31.91],[-13.93,-31.26],[-13.92,-31.18],[-13.96,-30.34],[-13.96,-30.3],[-13.76,-29.52],[-13.62,-29.24],[-13.45,-28.86],[-13.27,-28.51],[-13.13,-28.21],[-12.88,-27.77],[-12.76,-27.62],[-12.31,-26.98],[-12.19,-26.86],[-12.11,-26.76],[-11.74,-26.39],[-11.59,-26.3],[-11.5,-26.24],[-10.65,-25.65],[-10.15,-25.26],[-10.07,-25.18],[-9.73,-24.3],[-9.73,-24.26],[-9.76,-23.6],[-9.78,-23.48],[-9.7,-22.55],[-9.75,-22.37],[-9.94,-21.76],[-10.76,-21.34]]]}},{"type":"Feature","properties":{"ma":140,"type":"gpml:TopologicalClosedPlateBoundary","name":"South America Early Ocean Crust","pid":201,"deforming":false},"geometry":{"type":"Polygon","coordinates":[[[-10.76,-21.34],[-11.57,-20.92],[-12.17,-20.55],[-12.17,-20.55],[-12.17,-20.55],[-12.17,-20.55],[-11.56,-20.92],[-11.14,-21.19],[-10.54,-21.48],[-9.94,-21.76],[-9.74,-22.37],[-9.7,-22.55],[-9.78,-23.48],[-9.76,-23.6],[-9.73,-24.26],[-9.73,-24.3],[-10.07,-25.19],[-10.14,-25.26],[-10.64,-25.64],[-11.51,-26.24],[-11.59,-26.29],[-11.74,-26.39],[-12.11,-26.76],[-12.19,-26.85],[-12.31,-26.98],[-12.76,-27.62],[-12.87,-27.77],[-13.12,-28.21],[-13.27,-28.51],[-13.45,-28.86],[-13.62,-29.24],[-13.76,-29.52],[-13.96,-30.3],[-13.95,-30.34],[-13.92,-31.17],[-13.93,-31.26],[-13.91,-31.91],[-13.89,-32.05],[-13.87,-32.58],[-13.88,-32.88],[-13.96,-33.39],[-14.06,-33.69],[-14.25,-34.1],[-14.37,-34.5],[-14.54,-34.81],[-14.77,-35.34],[-14.87,-35.59],[-15.1,-36.18],[-15.15,-36.36],[-15.38,-37.07],[-15.41,-37.15],[-15.74,-37.88],[-15.77,-37.95],[-16.18,-38.62],[-16.29,-38.75],[-17.06,-39.41],[-17.24,-39.53],[-18.11,-39.91],[-18.52,-40.05],[-19.04,-40.24],[-19.9,-40.57],[-20.46,-40.84],[-20.84,-41.02],[-21.21,-41.2],[-21.84,-41.52],[-21.9,-41.55],[-22.51,-41.89],[-22.92,-42.14],[-23.05,-42.2],[-23.41,-42.43],[-23.63,-42.59],[-23.86,-42.78],[-23.97,-42.86],[-24.18,-43.05],[-24.63,-43.57],[-24.72,-43.69],[-25.1,-44.28],[-25.27,-44.55],[-25.57,-45.02],[-25.87,-45.39],[-26.13,-45.68],[-26.55,-46.12],[-26.75,-46.32],[-27.32,-46.86],[-27.41,-46.94],[-28.11,-47.53],[-28.15,-47.56],[-28.79,-48.15],[-28.91,-48.28],[-29.38,-48.8],[-29.6,-49.03],[-30,-49.46],[-30.33,-49.82],[-30.61,-50.11],[-31.1,-50.6],[-31.25,-50.76],[-31.86,-51.39],[-31.91,-51.42],[-32.62,-52.05],[-32.69,-52.11],[-33.49,-52.74],[-33.6,-52.83],[-34.12,-53.31],[-34.59,-53.86],[-34.77,-54.02],[-35.11,-54.35],[-35.62,-54.84],[-36.11,-55.27],[-36.6,-56.02],[-37.26,-56.71],[-37.53,-57.02],[-37.91,-57.68],[-38.23,-58.12],[-38.56,-58.67],[-38.95,-59.27],[-39.1,-59.67],[-39.44,-60.49],[-39.73,-61.26],[-39.84,-61.71],[-39.84,-61.71],[-39.91,-61.7],[-39.91,-61.7],[-39.79,-61.26],[-39.45,-60.52],[-39.06,-59.71],[-38.89,-59.31],[-38.55,-58.7],[-38.24,-58.15],[-37.97,-57.71],[-37.53,-57.02],[-37.26,-56.71],[-36.6,-56.02],[-36.1,-55.27],[-35.63,-54.83],[-35.1,-54.35],[-34.77,-54.02],[-34.59,-53.86],[-34.13,-53.31],[-33.61,-52.83],[-33.49,-52.73],[-32.69,-52.11],[-32.61,-52.05],[-31.9,-51.42],[-31.86,-51.38],[-31.25,-50.77],[-31.1,-50.6],[-30.61,-50.11],[-30.33,-49.81],[-30,-49.46],[-29.6,-49.03],[-29.39,-48.8],[-28.9,-48.27],[-28.79,-48.14],[-28.15,-47.56],[-28.11,-47.53],[-27.41,-46.94],[-27.31,-46.86],[-26.75,-46.32],[-26.55,-46.13],[-26.13,-45.68],[-25.87,-45.39],[-25.57,-45.02],[-25.26,-44.55],[-25.09,-44.28],[-24.71,-43.69],[-24.63,-43.57],[-24.18,-43.05],[-23.97,-42.86],[-23.87,-42.78],[-23.63,-42.59],[-23.4,-42.43],[-23.05,-42.2],[-22.93,-42.14],[-22.51,-41.89],[-21.89,-41.55],[-21.84,-41.52],[-21.21,-41.2],[-20.84,-41.02],[-20.45,-40.84],[-19.89,-40.57],[-19.04,-40.24],[-18.52,-40.05],[-18.11,-39.9],[-17.24,-39.53],[-17.06,-39.41],[-16.29,-38.76],[-16.18,-38.62],[-15.77,-37.95],[-15.73,-37.89],[-15.41,-37.15],[-15.38,-37.07],[-15.16,-36.36],[-15.1,-36.18],[-14.87,-35.59],[-14.77,-35.34],[-14.54,-34.81],[-14.38,-34.5],[-14.24,-34.1],[-14.06,-33.69],[-13.96,-33.39],[-13.88,-32.88],[-13.87,-32.58],[-13.9,-32.05],[-13.9,-31.91],[-13.93,-31.26],[-13.92,-31.18],[-13.96,-30.34],[-13.96,-30.3],[-13.76,-29.52],[-13.62,-29.24],[-13.45,-28.86],[-13.27,-28.51],[-13.13,-28.21],[-12.88,-27.77],[-12.76,-27.62],[-12.31,-26.98],[-12.19,-26.86],[-12.11,-26.76],[-11.74,-26.39],[-11.59,-26.3],[-11.5,-26.24],[-10.65,-25.65],[-10.15,-25.26],[-10.07,-25.18],[-9.73,-24.3],[-9.73,-24.26],[-9.76,-23.6],[-9.78,-23.48],[-9.7,-22.55],[-9.75,-22.37],[-9.94,-21.76],[-10.76,-21.34]]]}},{"type":"Feature","properties":{"ma":140,"type":"gpml:TopologicalClosedPlateBoundary","name":"Mongol-Okhotsk Ocean","pid":380,"deforming":false},"geometry":{"type":"Polygon","coordinates":[[[98.87,78.09],[97.79,78.93],[96.54,79.77],[95.07,80.6],[93.32,81.42],[91.99,82.27],[90.33,83.12],[88.22,83.96],[85.43,84.78],[86.75,85.39],[86.75,85.39],[96.08,84.93],[103.7,84.36],[109.85,83.71],[114.8,83],[118.52,82.14],[121.5,81.25],[123.4,80.53],[125.04,79.79],[126.45,79.05],[127.69,78.3],[128.77,77.52],[129.72,76.73],[130.57,75.94],[131.01,75.19],[131.41,74.44],[131.77,73.69],[131.79,72.95],[131.81,72.22],[131.83,71.48],[131.83,70.62],[131.82,69.75],[131.76,69],[131.71,68.24],[131.6,67.4],[131.5,66.57],[131.25,65.82],[131.01,65.08],[130.8,64.18],[130.61,63.28],[130.43,62.55],[130.26,61.81],[130.1,61.21],[129.95,60.6],[129.78,59.94],[129.62,59.27],[129.4,58.45],[129.19,57.63],[128.91,56.69],[128.64,55.74],[128.27,54.86],[127.92,53.98],[127.7,53.31],[127.48,52.63],[127.27,51.95],[126.98,51.29],[126.7,50.63],[126.43,49.97],[126.15,49.21],[125.89,48.44],[125.62,47.67],[125.36,46.83],[125.11,45.99],[124.87,45.16],[124.6,44.29],[124.33,43.42],[124.08,42.55],[123.88,41.81],[123.69,41.07],[123.51,40.32],[123.33,39.58],[123.09,38.78],[122.85,37.98],[122.61,37.18],[122.39,36.38],[122.17,35.54],[121.95,34.71],[121.74,33.87],[121.53,33.03],[121.32,32.19],[120.98,31.31],[120.64,30.42],[120.3,29.53],[119.98,28.64],[119.65,27.75],[119.33,26.98],[119.01,26.2],[118.7,25.42],[118.7,25.42],[119.43,24.87],[120.16,24.32],[120.68,23.84],[121.2,23.36],[121.71,22.88],[122.41,22.24],[123.1,21.59],[123.82,20.91],[124.53,20.23],[124.7,19.53],[125,18.92],[125.3,18.32],[125.79,17.73],[126.28,17.14],[127.04,16.91],[127.8,16.68],[128.56,16.44],[128.56,16.44],[128.27,15.68],[127.98,14.92],[127.7,14.15],[127.42,13.39],[127.29,13.18],[127.29,13.18],[126.69,13.31],[126.09,13.44],[125.17,13.61],[124.24,13.78],[123.32,13.94],[122.39,14.1],[121.46,14.25],[120.54,14.41],[119.6,14.55],[118.67,14.7],[117.74,14.84],[117.64,14.5],[116.7,14.73],[115.76,14.95],[114.82,15.17],[113.87,15.39],[112.92,15.6],[112.8,15.16],[111.81,15.4],[110.82,15.64],[109.83,15.87],[108.83,16.09],[107.95,16.29],[107.07,16.49],[106.19,16.68],[105.31,16.86],[104.42,17.05],[103.53,17.23],[102.64,17.4],[102.76,18.08],[101.75,18.3],[100.73,18.52],[100.8,19.13],[99.91,19.3],[99.03,19.45],[98.14,19.61],[98.14,19.61],[98.17,19.7],[98.17,19.7],[98.17,19.7],[98.17,19.7],[98.17,19.7],[98.17,19.7],[97.48,19.92],[96.78,20.14],[96.09,20.35],[95.04,20.45],[93.98,20.54],[92.93,20.62],[91.87,20.7],[90.82,20.77],[89.76,20.83],[88.7,20.89],[88.36,20.2],[88.01,19.5],[87.33,19.55],[86.64,19.6],[85.92,19.68],[85.2,19.76],[84.48,19.83],[84.26,19.36],[84.05,18.88],[83.03,19.05],[82,19.22],[80.98,19.37],[79.96,19.53],[78.93,19.67],[77.9,19.81],[76.87,19.95],[75.84,20.08],[74.79,20.21],[73.75,20.35],[72.7,20.47],[71.71,20.59],[70.73,20.7],[70.73,20.7],[70.73,20.7],[70.73,20.7],[69.78,20.8],[69.78,20.8],[69.46,20.28],[69.14,19.76],[68.22,19.88],[67.3,20],[66.39,20.11],[65.53,20.28],[64.67,20.45],[63.81,20.61],[63.81,20.61],[63.85,21.46],[63.88,22.32],[63.66,23.27],[63.42,24.22],[63.19,25.17],[62.95,26.12],[62.71,27.06],[62.46,28.01],[62.46,28.01],[63.19,28.65],[63.93,29.27],[64.68,29.9],[64.91,30.69],[65.16,31.48],[65.4,32.28],[65.65,33.07],[65.91,33.86],[65.85,34.59],[65.78,35.32],[65.72,36.05],[65.34,36.76],[64.95,37.47],[64.67,38.32],[64.38,39.17],[64.95,40],[65.54,40.84],[66.14,41.68],[66.75,42.51],[67.39,43.33],[67.96,43.88],[68.55,44.42],[69.15,44.96],[70.16,45.61],[71.19,46.26],[72.25,46.89],[73.14,47.42],[74.05,47.94],[74.98,48.46],[75.92,48.96],[76.7,49.58],[77.5,50.19],[77.51,50.77],[77.52,51.36],[76.59,51.87],[75.64,52.38],[74.66,52.88],[73.66,53.37],[72.89,53.99],[72.09,54.6],[71.26,55.2],[70.41,55.8],[71.12,56.5],[71.86,57.2],[72.62,57.89],[73.41,58.57],[73.41,58.57],[74.23,59.24],[75.08,59.9],[75.96,60.55],[76.88,61.2],[77.03,62.07],[77.19,62.93],[77.36,63.8],[77.54,64.67],[78.08,65.33],[78.64,65.98],[79.24,66.64],[80.83,67.14],[82.48,67.63],[84.21,68.1],[84.29,68.91],[84.38,69.71],[84.48,70.52],[84.58,71.33],[85.94,72.11],[87.41,72.89],[89.02,73.66],[90.79,74.41],[92.72,75.15],[94.86,75.87],[97.21,76.57],[99.81,77.24],[98.87,78.09]]]}},{"type":"Feature","properties":{"ma":140,"type":"gpml:TopologicalNetwork","name":"Greater_India_East_Mesh","pid":801,"deforming":true},"geometry":{"type":"Polygon","coordinates":[[[78.17,-38.41],[78.37,-37.75],[78.56,-37.09],[78.56,-37.09],[78.57,-37.08],[78.78,-36.42],[78.99,-35.74],[79.35,-35.12],[79.61,-34.67],[80.09,-34.1],[80.57,-33.53],[81.5,-33.12],[82.33,-32.49],[82.97,-32.3],[83.62,-32.11],[84.23,-31.96],[84.83,-31.8],[85.47,-31.69],[86.11,-31.58],[86.81,-31.55],[87.51,-31.52],[88.2,-31.43],[88.88,-31.34],[89.47,-31.33],[90.06,-31.3],[90.91,-31.15],[91.9,-30.9],[92.04,-30.38],[92.18,-29.86],[91.92,-29.16],[91.82,-28.18],[92.12,-27.59],[92.89,-27.24],[93.52,-27.17],[94.14,-27.1],[94.93,-27],[95.72,-26.89],[96.73,-26.73],[97.73,-26.57],[98.82,-26.51],[99.41,-26.48],[99.99,-26.45],[100.89,-26.4],[101.72,-26.27],[102.49,-25.9],[102.97,-25.58],[103.46,-25.27],[103.65,-25.15],[103.65,-25.15],[104.17,-25.97],[104.69,-26.79],[105.22,-27.61],[105.22,-27.61],[104.99,-27.72],[104.34,-28.13],[103.72,-28.38],[103.11,-28.62],[102.52,-28.78],[101.94,-28.94],[101.18,-29.06],[100.81,-29.12],[100.38,-29.19],[99.68,-29.35],[99.09,-29.48],[98.5,-29.61],[97.78,-30.22],[96.91,-30.63],[95.92,-31],[95.07,-31.26],[94.24,-31.64],[93.79,-32.06],[93.14,-32.32],[92.26,-32.47],[91.38,-32.62],[90.75,-32.69],[90.13,-32.75],[89.45,-32.87],[88.78,-32.97],[87.72,-33.03],[86.67,-33.07],[85.68,-32.7],[85.01,-32.79],[84.25,-33.06],[83.81,-33.53],[83.12,-34.1],[82.4,-34.44],[81.79,-34.96],[81.33,-35.33],[80.87,-35.7],[80.49,-36.1],[80.09,-36.52],[79.58,-37.42],[79.1,-37.84],[78.61,-38.25],[78.17,-38.41]]]}},{"type":"Feature","properties":{"ma":140,"type":"gpml:TopologicalNetwork","name":"Greater_India_West_Mesh","pid":739,"deforming":true},"geometry":{"type":"Polygon","coordinates":[[[54.53,-22.55],[54.53,-22.55],[55.3,-22.99],[56.09,-23.43],[56.92,-23.89],[57.75,-24.34],[58.47,-24.77],[59.2,-25.2],[59.93,-25.63],[60.76,-26.13],[61.6,-26.62],[62.45,-27.11],[63.3,-27.6],[63.67,-28.24],[64.38,-28.95],[65.11,-29.67],[65.68,-30.22],[66.26,-30.77],[66.85,-31.32],[67.56,-31.8],[68.28,-32.28],[69.01,-32.75],[69.79,-33.46],[70.27,-33.88],[70.75,-34.3],[71.45,-34.96],[72.21,-35.66],[72.89,-36.37],[73.6,-37.09],[74.11,-37.46],[74.64,-37.82],[75.49,-37.89],[76.23,-37.94],[76.36,-37.98],[76.36,-37.98],[76.43,-37.97],[77.22,-37.85],[77.71,-37.68],[78.1,-37.54],[78.56,-37.09],[78.56,-37.09],[78.37,-37.75],[78.17,-38.41],[78.17,-38.41],[77.38,-38.71],[76.65,-38.74],[75.92,-38.76],[75.92,-38.76],[75.74,-38.72],[75.19,-38.63],[74.54,-38.51],[73.95,-38.3],[73.55,-38.15],[73.03,-37.71],[72.52,-37.27],[72.02,-36.68],[71.65,-36.25],[71.56,-36.16],[71.19,-35.77],[70.91,-35.48],[70.44,-35.07],[69.83,-34.54],[69.55,-34.29],[69.34,-34.1],[68.66,-33.49],[68.08,-33.03],[67.5,-32.58],[67.3,-32.41],[66.58,-31.77],[66.02,-31.47],[65.42,-31.14],[65.03,-30.72],[64.65,-30.29],[64.06,-29.63],[63.68,-29.21],[63.26,-28.65],[62.85,-28.08],[62.71,-27.88],[62.06,-27.57],[61.71,-27.32],[61.58,-27.23],[61.07,-26.86],[60.32,-26.42],[59.92,-26.18],[59.21,-25.77],[58.29,-25.23],[57.45,-24.72],[57.1,-24.51],[56.49,-24.17],[55.89,-23.83],[55.27,-23.47],[54.79,-23.19],[54.31,-22.9],[54.53,-22.55]]]}},{"type":"Feature","properties":{"ma":140,"type":"gpml:TopologicalNetwork","name":"Greater_India_East_Mesh","pid":801,"deforming":true},"geometry":{"type":"Polygon","coordinates":[[[87.92,-48.22],[87.06,-48.26],[86.19,-48.32],[85.31,-48.37],[84.49,-48.34],[83.67,-48.31],[82.27,-48.05],[82.13,-48.05],[82.13,-48.05],[82.17,-48.04],[82.9,-47.49],[83.63,-46.95],[82.91,-46.42],[82.21,-45.89],[81.52,-45.36],[82.03,-44.76],[82.53,-44.15],[83.45,-43.88],[84.36,-43.59],[85.26,-43.31],[85.77,-42.58],[85.39,-41.76],[86.32,-41.2],[87,-41.43],[87.69,-41.65],[88.51,-42.21],[89.43,-42.4],[90.34,-42.59],[91.39,-42.85],[92.44,-43.11],[93.16,-43.03],[93.63,-42.11],[94.22,-41.42],[94.8,-40.73],[95.55,-39.95],[95.98,-39.51],[96.41,-39.06],[96.69,-38.76],[97.54,-38.5],[98.39,-38.23],[99.23,-37.95],[100.02,-37.58],[100.81,-37.21],[100.67,-36.83],[101.73,-36.45],[102.78,-36.06],[103.82,-35.67],[104.66,-35.37],[105.49,-35.07],[106.32,-34.76],[106.62,-35.26],[106.91,-35.76],[107.7,-35.37],[108.48,-34.97],[109.25,-34.57],[109.25,-34.57],[109.83,-35.17],[110.42,-35.76],[111.16,-36.39],[111.91,-37.02],[112.67,-37.64],[113.44,-38.26],[114.23,-38.87],[115.03,-39.48],[115.84,-40.08],[115.84,-40.08],[115.08,-40.27],[114.3,-40.44],[113.19,-40.94],[112.06,-41.43],[111.28,-41.76],[110.48,-42.09],[109.68,-42.41],[108.93,-43.14],[107.99,-43.4],[107.03,-43.66],[106.07,-43.9],[104.89,-44.21],[103.69,-44.51],[102.68,-44.75],[101.66,-44.97],[100.64,-45.19],[99.61,-45.7],[98.55,-46.2],[97.5,-46.63],[96.44,-47.06],[95.35,-47.47],[94.3,-47.59],[93.23,-47.7],[92.17,-47.8],[91.07,-47.93],[89.97,-48.04],[88.86,-48.15],[88.77,-48.17],[87.92,-48.22]]]}},{"type":"Feature","properties":{"ma":140,"type":"gpml:TopologicalNetwork","name":"IA_PNG_Jurassic_Deforming_Network","pid":615,"deforming":true},"geometry":{"type":"Polygon","coordinates":[[[117.92,-31.09],[118.13,-31.71],[118.33,-32.27],[118.33,-32.27],[119.43,-32.45],[120.13,-32.55],[121.18,-32.82],[121.75,-32.93],[122.28,-33.09],[122.94,-33.29],[123.86,-33.52],[124.41,-33.7],[124.69,-33.74],[125.04,-33.92],[125.04,-33.92],[125.24,-33.57],[125.61,-33.28],[125.61,-33.28],[125.72,-33.29],[126.49,-33.34],[127.44,-33.64],[128.31,-34.01],[128.52,-34.14],[128.47,-34.46],[128.38,-34.57],[128.29,-34.82],[128.29,-34.82],[128.39,-34.86],[128.96,-35.19],[129.37,-35.49],[129.88,-36.15],[130.41,-36.64],[131.25,-37.06],[131.25,-37.06],[130.78,-37.68],[130.06,-38.37],[129.92,-38.54],[129.92,-38.54],[129.34,-38.16],[128.77,-37.78],[127.83,-37.25],[127.15,-36.95],[126.48,-36.64],[126.17,-36.48],[125.86,-36.31],[125.6,-36.14],[125.38,-35.92],[125.4,-35.69],[125.49,-35.48],[125.5,-35.43],[125.07,-35.28],[124.74,-35.21],[124.47,-35.08],[124,-34.92],[123.31,-34.71],[122.9,-34.53],[122.09,-34.4],[121.65,-34.3],[121.06,-34.22],[120.68,-34.16],[120.02,-34.08],[119.53,-34],[118.53,-33.68],[118.18,-33.62],[117.55,-33.51],[117.17,-33.41],[116.37,-33.13],[115.93,-33],[115.06,-32.44],[114.21,-31.86],[113.73,-31.11],[113.22,-30.35],[113.23,-29.79],[113.23,-29.24],[113.19,-28.95],[113.19,-28.95],[113.22,-28.96],[113.83,-29.08],[114.44,-29.2],[115,-29.46],[115.57,-29.73],[116.13,-30.11],[116.69,-30.49],[117.37,-30.81],[117.92,-31.09]]]}},{"type":"Feature","properties":{"ma":140,"type":"gpml:TopologicalNetwork","name":"Inactive_PNG_Jurassic_Deforming_Network","pid":615,"deforming":true},"geometry":{"type":"Polygon","coordinates":[[[118.6,-25.93],[118.6,-25.93],[118.65,-25.83],[119.33,-25.29],[120.15,-25.04],[120.93,-25.13],[121.71,-25.21],[122.71,-25.46],[123.71,-25.7],[124.75,-25.99],[125.79,-26.27],[126.8,-26.68],[127.82,-27.09],[128.84,-27.48],[129.54,-28.1],[130.24,-28.72],[130.04,-29.21],[130.04,-29.23],[130.04,-29.23],[129.65,-28.99],[129.29,-28.77],[128.89,-28.66],[128.45,-28.53],[127.65,-28.29],[126.7,-28.06],[125.95,-27.86],[125.21,-27.66],[124.62,-27.49],[124.04,-27.33],[123.08,-27.1],[122.2,-26.88],[121.45,-26.77],[120.73,-26.66],[119.69,-26.38],[118.91,-26.22],[118.88,-26.21],[118.6,-25.93]]]}},{"type":"Feature","properties":{"ma":140,"type":"gpml:TopologicalNetwork","name":"Inactive_Central_Atlantic_Mesh","pid":101,"deforming":true},"geometry":{"type":"Polygon","coordinates":[[[-10.58,14.89],[-10.84,15.12],[-11.32,15.45],[-11.74,15.53],[-12.28,16.01],[-12.69,16.18],[-13.42,15.98],[-14.19,15.97],[-14.95,15.97],[-15.64,15.52],[-16.1,15.15],[-16.42,14.89],[-16.83,14.7],[-17.29,14.61],[-17.83,14.88],[-18.53,15.36],[-19.2,15.55],[-19.76,15.62],[-19.92,15.63],[-20.15,15.5],[-20.48,15.36],[-20.61,15.31],[-20.7,15.26],[-20.79,15.2],[-20.87,15.15],[-21.12,15.01],[-21.41,14.82],[-21.53,14.73],[-21.72,14.61],[-21.86,14.54],[-21.97,14.46],[-22.15,14.36],[-22.33,14.25],[-22.47,14.14],[-22.78,14.12],[-23.04,14.27],[-23.28,14.42],[-23.65,14.62],[-23.88,14.57],[-24.1,14.55],[-24.35,14.59],[-24.64,14.6],[-24.92,14.64],[-25.12,14.67],[-25.34,14.71],[-25.56,14.81],[-25.84,14.92],[-26,15],[-26.3,14.89],[-26.45,14.86],[-26.81,14.92],[-27.49,14.91],[-28.06,14.72],[-28.61,14.33],[-28.99,13.73],[-29.4,13.29],[-29.59,13.03],[-29.68,12.61],[-29.74,12.21],[-29.9,11.67],[-30.4,11.26],[-30.88,10.85],[-31.36,10.5],[-31.74,10.19],[-32.37,9.79],[-32.77,9.39],[-33.53,9.33],[-34.33,9.25],[-35.15,9.15],[-35.57,8.89],[-35.91,8.61],[-35.68,8.21],[-35.68,8.01],[-35.97,7.62],[-35.95,7.09],[-36,6.17],[-35.99,5.85],[-36.06,5.43],[-36.08,5.36],[-36.08,5.36],[-36.48,5.49],[-37.11,5.79],[-37.67,6.25],[-37.98,6.89],[-38.33,7.36],[-38.79,7.82],[-39.16,8.32],[-39.19,8.86],[-39.77,9.37],[-40.17,9.87],[-40.57,10.38],[-40.57,10.38],[-40,10.42],[-39.7,10.4],[-39.38,10.66],[-38.94,11.01],[-38.52,11.28],[-38.12,11.54],[-37.98,11.72],[-37.63,11.78],[-37.3,11.83],[-36.77,11.92],[-36.12,11.99],[-35.46,12.06],[-34.86,12.42],[-34.34,12.82],[-34.05,13.55],[-33.8,14.14],[-33.13,14.38],[-32.29,14.83],[-31.9,15.09],[-31.35,15.5],[-30.8,15.91],[-30.47,16.32],[-30.24,16.73],[-29.8,16.83],[-29.65,16.92],[-29.4,16.87],[-29.11,16.76],[-28.82,16.72],[-28.33,16.8],[-28.07,16.8],[-27.89,16.78],[-27.53,17],[-27.16,17.22],[-26.67,17.29],[-26.26,17.56],[-25.98,18.09],[-25.72,18.14],[-25.34,17.96],[-24.78,18.15],[-24.29,18.11],[-23.5,18.06],[-22.67,18.1],[-22.12,18.17],[-21.31,18.2],[-20.74,18.42],[-19.98,18.72],[-19.33,18.89],[-18.75,18.95],[-18.08,18.98],[-17.73,18.96],[-17.26,18.79],[-16.59,18.63],[-16,18.6],[-15.49,18.56],[-14.98,18.5],[-14.45,18.41],[-13.81,18.27],[-13.09,18.01],[-12.43,17.73],[-11.66,17.51],[-11.33,17.35],[-11.2,17.12],[-10.98,16.99],[-10.87,16.83],[-10.77,16.72],[-10.62,16.51],[-10.38,16.29],[-10.47,16.19],[-10.64,16.11],[-10.95,16.16],[-10.96,15.97],[-10.87,15.72],[-10.52,15.85],[-10.47,15.85],[-10.35,15.8],[-10.4,15.59],[-10.48,15.18],[-10.22,15.06],[-10.22,15.06],[-10.58,14.89]]]}},{"type":"Feature","properties":{"ma":140,"type":"gpml:TopologicalNetwork","name":"Inactive_Southern_Central_Atlantic_Mesh","pid":714,"deforming":true},"geometry":{"type":"Polygon","coordinates":[[[-25.48,-3.51],[-25.66,-3.69],[-25.72,-3.94],[-26.08,-4.27],[-26.33,-4.65],[-26.48,-5.44],[-26.64,-6.34],[-26.6,-6.93],[-26.26,-7.53],[-25.91,-8.13],[-25.76,-9.05],[-25.82,-9.78],[-25.75,-10.66],[-25.83,-10.78],[-25.83,-10.78],[-25.95,-10.27],[-26.29,-9.97],[-26.29,-9.97],[-26.18,-9.29],[-26.2,-8.63],[-26.36,-8.09],[-26.49,-7.64],[-26.65,-7.41],[-26.71,-7.07],[-26.75,-6.74],[-26.74,-6.47],[-26.8,-6.14],[-26.85,-5.82],[-26.89,-5.61],[-26.95,-5.07],[-27.23,-4.66],[-27.91,-4.39],[-27.97,-4.08],[-27.97,-4.08],[-27.81,-3.85],[-27.61,-3.62],[-27.46,-3.41],[-27.28,-3.23],[-27.27,-2.98],[-27.04,-2.71],[-26.81,-2.46],[-26.81,-2.46],[-26.1,-2.94],[-25.4,-3.42],[-25.48,-3.51]]]}},{"type":"Feature","properties":{"ma":140,"type":"gpml:TopologicalNetwork","name":"Inactive_mesh_yucatan","pid":2004,"deforming":true},"geometry":{"type":"Polygon","coordinates":[[[-42.02,3.98],[-42.19,3.5],[-42.37,3.02],[-43.03,2.4],[-43.57,2.15],[-44.12,1.9],[-44.6,1.57],[-45.25,1.28],[-46,0.96],[-46.66,0.49],[-47.36,-0.05],[-47.73,-0.46],[-48.41,-0.74],[-49.1,-1.03],[-49.67,-1.19],[-50.26,-1.35],[-50.63,-1.12],[-50.88,-0.78],[-51.17,-0.18],[-51.81,0.19],[-52.17,0.78],[-52.69,1.32],[-53.04,1.9],[-53.47,2.67],[-53.67,3.3],[-53.68,3.89],[-53.45,4.26],[-53.45,4.58],[-53.15,4.87],[-52.84,5.36],[-52.29,6.18],[-51.73,6.44],[-51.27,6.32],[-51.27,6.32],[-51.08,6.43],[-50.49,6.75],[-50.14,6.92],[-49.74,7.02],[-49.43,7.34],[-48.79,7.42],[-48.31,7.74],[-47.94,7.83],[-47.53,7.87],[-47.02,7.99],[-46.65,7.94],[-46.08,7.79],[-45.55,7.57],[-44.83,7.24],[-44.47,7.17],[-44.18,6.87],[-43.84,6.48],[-43.68,5.83],[-43.04,5.29],[-42.7,4.9],[-42.3,4.73],[-41.95,4.25],[-42.02,3.98]]]}},{"type":"Feature","properties":{"ma":140,"type":"gpml:TopologicalNetwork","name":"Inactive_Proto_Caribbean_Mesh","pid":101,"deforming":true},"geometry":{"type":"Polygon","coordinates":[[[-59.99,11.33],[-59.39,11.76],[-58.73,12.25],[-58.1,12.86],[-57.46,13.56],[-57.01,14.29],[-56.25,14.93],[-55.49,15.57],[-54.73,16.21],[-54,16.59],[-53.28,16.97],[-52.55,17.35],[-52.01,17.3],[-51.46,17.24],[-50.42,17.21],[-49.9,17.03],[-49.38,16.84],[-48.64,16.62],[-47.91,16.4],[-47.11,15.79],[-46.64,15.5],[-46.18,15.2],[-45.69,14.94],[-45.21,14.67],[-44.72,14.35],[-44.23,14.04],[-43.57,13.62],[-42.95,13.04],[-42.19,12.5],[-42.19,12.5],[-41.73,11.75],[-41.27,11.22],[-40.82,10.7],[-40.29,10.04],[-39.77,9.37],[-39.19,8.86],[-39.16,8.32],[-38.79,7.82],[-38.33,7.36],[-37.98,6.89],[-37.67,6.25],[-37.11,5.79],[-36.48,5.49],[-36.08,5.36],[-36.08,5.36],[-36.2,4.96],[-36.27,4.67],[-36.27,4.67],[-36.2,4.65],[-36.08,4.43],[-35.44,4.35],[-35.29,3.85],[-35.15,3.35],[-34.9,3.32],[-34.55,3.23],[-34.55,3.23],[-34.53,3.07],[-34.33,2.75],[-33.98,2.27],[-33.64,1.5],[-33.34,0.81],[-33.17,0.28],[-32.76,-0.29],[-32.35,-0.64],[-31.99,-0.93],[-31.65,-1.43],[-31.13,-2],[-31.09,-2.47],[-31.72,-2.61],[-32.34,-2.93],[-33.32,-2.84],[-33.98,-2.52],[-34.42,-2.08],[-34.8,-1.69],[-35.17,-1.3],[-35.84,-0.64],[-36.33,-0.06],[-36.66,0.32],[-36.99,0.7],[-37.51,1.14],[-38.04,1.58],[-38.45,1.89],[-38.86,2.2],[-39.18,2.4],[-39.18,2.4],[-39.49,2.75],[-40,3.37],[-40.6,3.99],[-41.12,4.77],[-41.53,5.27],[-41.66,5.51],[-41.66,5.51],[-41.63,5.59],[-41.46,5.91],[-41.62,6.49],[-41.64,7.03],[-41.73,7.37],[-42.07,7.61],[-42.57,7.91],[-43.1,8.24],[-43.62,8.58],[-44.18,8.91],[-44.75,9.24],[-45.06,9.3],[-45.6,9.53],[-46.14,9.77],[-46.71,9.87],[-47.22,10.02],[-47.73,10.16],[-48.48,10.26],[-49.28,10.23],[-49.71,10.17],[-50.3,9.8],[-50.89,9.43],[-51.33,9.21],[-51.66,8.95],[-52.18,8.67],[-52.7,8.38],[-52.92,8.18],[-53.1,7.8],[-53.29,7.09],[-53.41,6.65],[-53.41,6.65],[-53.42,6.52],[-53.54,6.02],[-53.66,5.52],[-53.66,4.77],[-53.69,4.29],[-53.82,3.54],[-53.95,2.78],[-53.99,2.6],[-53.99,2.6],[-54.43,2.67],[-55.03,3.02],[-55.44,3.33],[-55.86,3.65],[-56.36,3.98],[-56.87,4.32],[-57.5,4.74],[-58.12,5.17],[-58.88,5.64],[-59.39,6.1],[-59.42,6.13],[-59.42,6.13],[-59.4,6.62],[-59.39,7.25],[-59.41,7.73],[-59.62,8.05],[-59.79,8.42],[-59.95,8.79],[-60.16,9.22],[-60.33,9.63],[-60.41,10.06],[-60.55,10.42],[-60.59,10.89],[-59.99,11.33]]]}},{"type":"Feature","properties":{"ma":140,"type":"gpml:TopologicalNetwork","name":"Inactive_Mesh","pid":702,"deforming":true},"geometry":{"type":"Polygon","coordinates":[[[18.26,-58.78],[18.4,-58.7],[18.01,-58.58],[17.91,-58.32],[17.71,-58.08],[17.64,-57.78],[17.75,-57.6],[17.53,-57.31],[17.73,-57.1],[17.76,-56.91],[17.97,-56.73],[18.18,-56.24],[18.05,-55.89],[17.98,-55.46],[18.05,-55.06],[18.31,-54.94],[18.32,-54.73],[18.65,-54.63],[18.77,-54.42],[19.3,-54.3],[20.37,-53.78],[20.84,-53.48],[20.82,-53.26],[20.78,-53.11],[21.16,-52.77],[21.1,-52.27],[21.04,-51.77],[20.76,-51.25],[20.63,-50.51],[20.91,-50.03],[21.64,-49.71],[22.37,-49.39],[23.6,-49.27],[24.45,-49.59],[24.93,-49.57],[25.72,-49.35],[26.31,-49.33],[27.31,-48.91],[28.29,-48.48],[28.47,-48.07],[28.96,-47.75],[29.6,-47.36],[30.09,-46.72],[30.37,-46.71],[30.59,-46.64],[31,-46.68],[31.14,-46.71],[31.14,-46.71],[31.27,-46.92],[31.61,-47.28],[32.09,-47.55],[31.74,-48.25],[31.38,-48.95],[31.01,-49.64],[31.01,-49.64],[30.59,-49.76],[29.51,-50.06],[28.42,-50.35],[27.31,-50.63],[25.9,-51.06],[24.45,-51.47],[23.85,-52.21],[23.23,-52.95],[22.64,-53.75],[22.02,-54.56],[21.71,-55.43],[21.38,-56.3],[21.13,-57.03],[20.87,-57.76],[20.91,-58.49],[20.96,-59.23],[20.32,-59.53],[20.32,-59.53],[19.67,-59.59],[18.48,-59.16],[18.26,-58.78]]]}},{"type":"Feature","properties":{"ma":140,"type":"gpml:TopologicalNetwork","name":"West_Antarctica_Inactive_Mesh","pid":802,"deforming":true},"geometry":{"type":"Polygon","coordinates":[[[14.3,-61.53],[15.19,-61.97],[16.11,-62.41],[17.59,-62.8],[19.12,-63.17],[19.29,-63.19],[19.29,-63.19],[19.06,-63.44],[17.44,-63.97],[15.76,-64.47],[14.36,-65],[12.89,-65.5],[11.46,-65.64],[10,-65.77],[8.08,-65.72],[6.17,-65.65],[4.61,-65.76],[3.04,-65.85],[1.57,-66.11],[0.08,-66.36],[-1.45,-66.52],[-2.99,-66.67],[-4.63,-67],[-6.31,-67.31],[-8.74,-67.52],[-11.22,-67.7],[-13.22,-68.11],[-15.29,-68.49],[-15.29,-68.49],[-15.61,-68],[-15.92,-67.5],[-15.92,-67.5],[-15.91,-67.5],[-14.91,-67.22],[-13.06,-66.96],[-11.25,-66.68],[-10.86,-66.64],[-10.43,-66.13],[-10.01,-65.61],[-9.04,-65.04],[-7.25,-64.69],[-5.51,-64.32],[-4.2,-64.31],[-2.89,-64.3],[-1.71,-64.46],[-0.53,-64.61],[0.92,-64.72],[2.7,-64.78],[4.48,-64.82],[6.24,-64.92],[8.01,-65],[9.79,-65.05],[11.06,-64.8],[11.79,-64.14],[12.48,-63.48],[13.14,-62.81],[13.57,-62.3],[13.99,-61.79],[14.3,-61.53]]]}},{"type":"Feature","properties":{"ma":140,"type":"gpml:TopologicalNetwork","name":"Inactive_East_West_Gondwana_Mesh","pid":701,"deforming":true},"geometry":{"type":"Polygon","coordinates":[[[41.44,-30.14],[40.85,-30.64],[40.26,-31.14],[39.66,-31.63],[39.17,-32.18],[38.67,-32.72],[38.17,-33.26],[37.82,-33.71],[37.46,-34.15],[36.72,-34.73],[35.98,-35.31],[35.22,-35.88],[34.54,-36.34],[33.85,-36.81],[33.15,-37.27],[32.33,-37.72],[31.5,-38.18],[30.71,-38.66],[29.92,-39.14],[29.11,-39.61],[28.14,-39.98],[27.15,-40.33],[26.16,-40.68],[25.32,-41.11],[24.48,-41.54],[23.62,-41.96],[22.69,-42.6],[21.73,-43.22],[20.99,-43.81],[20.24,-44.39],[19.35,-45.11],[18.43,-45.82],[18.36,-46.21],[18.47,-47.08],[18.1,-47.84],[18.25,-48.49],[17.49,-49.12],[17.46,-49.82],[17.43,-50.52],[18.04,-50.99],[17.84,-51.54],[17.64,-52.08],[17.22,-52.79],[16.96,-53.42],[16.7,-54.05],[16.57,-54.55],[16.43,-55.04],[16.22,-55.55],[15.99,-56.06],[15.66,-56.41],[14.26,-56.82],[12.8,-57.08],[11.19,-57.1],[9.84,-57.16],[8.49,-57.21],[7.92,-57.61],[7.19,-57.8],[6,-58.02],[4.92,-58.35],[4.15,-58.66],[3.36,-58.96],[2.82,-59.41],[2.26,-59.85],[1.61,-60.77],[0.9,-61.2],[0.17,-61.63],[-0.92,-62.04],[-2.29,-62.24],[-3.86,-61.83],[-5.23,-61.58],[-6.51,-62.04],[-7.36,-62.46],[-8.23,-62.87],[-9.14,-63.28],[-9.49,-63.48],[-10.25,-63.66],[-10.94,-63.83],[-10.94,-63.83],[-11,-63.81],[-12.59,-63.93],[-13.16,-63.45],[-13.72,-62.97],[-13.72,-62.97],[-11.86,-62.58],[-10.98,-62.05],[-10.13,-61.52],[-9.3,-60.98],[-8.01,-60.51],[-6.76,-60.03],[-5.2,-59.54],[-3.68,-59.03],[-1.95,-58.75],[-0.25,-58.45],[0.58,-57.96],[1.38,-57.46],[2.31,-56.97],[3.21,-56.46],[4.77,-56.25],[5.57,-55.73],[7.13,-55.34],[8.19,-55.24],[9.24,-55.13],[10.78,-54.91],[12.3,-54.67],[13.33,-54.21],[14.34,-53.73],[14.98,-52.83],[15.21,-51.99],[15.43,-51.14],[15.37,-50.37],[15.31,-49.6],[15.43,-48.86],[15.55,-48.12],[15.63,-47.32],[15.72,-46.52],[16.17,-45.85],[16.61,-45.17],[17.01,-44.72],[17.4,-44.26],[18.08,-43.78],[18.75,-43.29],[19.57,-42.8],[20.37,-42.3],[20.81,-41.62],[21.24,-40.95],[21.67,-40.27],[22.3,-39.65],[22.91,-39.03],[23.52,-38.41],[23.78,-37.61],[24.02,-36.8],[24.32,-35.96],[24.61,-35.11],[25.23,-34.66],[25.85,-34.2],[26.73,-33.73],[27.6,-33.26],[28.53,-33.07],[29.47,-32.88],[30.3,-32.73],[31.12,-32.57],[32.01,-32.33],[32.9,-32.08],[33.4,-31.75],[33.9,-31.41],[33.9,-31.41],[34.97,-31.28],[35.95,-31.09],[36.93,-30.9],[37.9,-30.69],[38.79,-30.57],[39.67,-30.43],[40.56,-30.29],[41.44,-30.14],[41.44,-30.14]]]}},{"type":"Feature","properties":{"ma":140,"type":"gpml:TopologicalNetwork","name":"Inactive_Greater_India_Network","pid":501,"deforming":true},"geometry":{"type":"Polygon","coordinates":[[[42.69,-39.71],[42.8,-39.56],[43.27,-38.92],[43.72,-38.27],[44.19,-37.59],[44.65,-36.9],[45.1,-36.21],[45.93,-35.71],[46.75,-35.22],[47.44,-34.9],[48.13,-34.58],[49.07,-34],[49.83,-33.43],[50.61,-32.98],[50.61,-32.98],[51.71,-33.26],[52.81,-33.53],[53.53,-33.94],[54.25,-34.34],[55.26,-34.9],[56.28,-35.44],[56.94,-35.77],[57.61,-36.1],[58.4,-36.47],[59.2,-36.85],[60.15,-37.48],[61.02,-38.05],[61.89,-38.61],[62.38,-39.07],[62.88,-39.53],[63.59,-40.18],[64.32,-40.83],[65.09,-41.4],[65.88,-41.97],[66.03,-42.08],[66.68,-42.53],[67.34,-42.99],[67.89,-43.36],[68.44,-43.72],[68.93,-44.1],[69.43,-44.48],[70.18,-45.05],[70.85,-45.53],[71.81,-46.21],[72.69,-46.91],[73.59,-47.61],[74.54,-47.8],[75.32,-47.94],[76.42,-48.13],[77.19,-48.12],[77.96,-48.1],[78.55,-48.09],[78.55,-48.09],[78.42,-48.56],[77.91,-49.04],[77.44,-49.57],[77.02,-50.34],[76.74,-50.94],[76.45,-51.53],[75.9,-52.4],[75.91,-53.07],[75.92,-53.74],[74.61,-54.2],[73.28,-54.65],[73.18,-54.68],[73.18,-54.68],[72.68,-54.58],[71.62,-54.67],[70.47,-54.9],[69.35,-55.1],[68.86,-54.99],[67.47,-54.76],[66.71,-54.61],[65.95,-54.45],[64.6,-54.19],[63.77,-54.06],[63.23,-53.71],[61.84,-53.45],[61.1,-53.18],[60.51,-52.86],[59.7,-52.99],[59.33,-52.78],[59.34,-52.37],[58.62,-52.01],[57.55,-51.43],[57.09,-51.08],[56.64,-50.72],[56.06,-50.12],[55.49,-49.51],[54.79,-48.88],[54.79,-48.41],[54.43,-48],[54.21,-47.74],[53.81,-47.46],[53.43,-46.95],[53.41,-46.57],[53.12,-46.14],[53.09,-45.69],[52.98,-45.19],[52.55,-44.71],[52.48,-44.12],[52.2,-43.31],[52.66,-42.87],[52.77,-42.02],[52.36,-41.38],[52.22,-40.6],[52.21,-39.91],[52.21,-39.22],[51.13,-39.36],[50.31,-39.48],[49.48,-39.59],[48.61,-39.64],[48.02,-39.87],[47.43,-40.1],[46.37,-40.11],[45.46,-40.06],[44.55,-39.99],[43.67,-39.86],[42.79,-39.72],[42.69,-39.71]]]}},{"type":"Feature","properties":{"ma":140,"type":"gpml:TopologicalNetwork","name":"Inactive_Central_Atlantic_Mesh","pid":714,"deforming":true},"geometry":{"type":"Polygon","coordinates":[[[-3.18,7.38],[-3.63,7.2],[-4.32,6.91],[-4.92,6.66],[-5.42,6.45],[-5.88,6.26],[-6.42,6.03],[-7.03,5.77],[-7.58,5.92],[-8.18,6],[-8.52,6.16],[-8.85,6.31],[-9.36,6.47],[-9.82,6.72],[-10.43,6.86],[-10.88,6.77],[-11.52,6.48],[-12.33,6.32],[-13.05,6.14],[-13.58,5.83],[-14.46,5.5],[-14.88,5.15],[-15.64,4.72],[-16.35,4.37],[-16.9,4.43],[-17.07,4.52],[-17.58,4.51],[-18.53,4.5],[-19.42,4.61],[-19.55,4.51],[-20.01,4.27],[-20.47,4.03],[-20.8,3.58],[-21.12,3.12],[-21.35,2.67],[-21.58,2.22],[-21.78,1.59],[-22.09,1.03],[-22.44,0.46],[-22.64,0.25],[-22.89,0],[-22.99,-0.44],[-23.04,-0.88],[-23.06,-1.67],[-23.27,-2.11],[-23.46,-2.48],[-23.76,-2.71],[-23.93,-3],[-24.06,-3.26],[-24.25,-3.62],[-24.7,-3.62],[-25.07,-3.64],[-25.07,-3.64],[-25.2,-3.55],[-26.01,-3.01],[-26.81,-2.46],[-26.81,-2.46],[-26.74,-2.4],[-26.38,-2.09],[-26.15,-1.61],[-25.85,-1.44],[-25.27,-1.04],[-24.58,-0.46],[-24.09,0.09],[-23.8,0.56],[-23.51,1.03],[-23.17,1.55],[-22.78,2.23],[-22.49,2.58],[-22.19,2.98],[-21.93,3.46],[-21.66,3.94],[-21.32,4.54],[-20.73,5],[-20.36,5.1],[-19.87,5.24],[-19.87,5.24],[-19.27,5.53],[-18.97,5.76],[-18.62,5.84],[-18.06,5.97],[-17.74,6],[-17.08,6.22],[-16.75,6.24],[-16.23,6.36],[-15.9,6.45],[-15.6,6.6],[-15.3,6.83],[-14.76,7.23],[-14.25,7.57],[-13.75,7.6],[-13.36,7.63],[-12.94,7.63],[-12.61,7.56],[-12.26,7.63],[-12.01,7.55],[-11.77,7.49],[-11.68,7.55],[-11.39,7.7],[-10.98,8.04],[-10.62,8.27],[-10.41,8.45],[-10,8.8],[-9.75,8.92],[-9.32,9.18],[-8.77,9.54],[-8.4,9.82],[-7.99,10.1],[-7.59,10.2],[-7.37,10.27],[-7.37,10.27],[-7.29,10.22],[-6.81,9.92],[-6.34,9.62],[-5.8,9.12],[-4.98,8.63],[-4.38,8.22],[-3.78,7.8],[-3.18,7.38]]]}},{"type":"Feature","properties":{"ma":140,"type":"gpml:TopologicalNetwork","name":"North_Atlantic_Phase1_Deformation_Mesh","pid":301,"deforming":true},"geometry":{"type":"Polygon","coordinates":[[[7.04,43.2],[7.28,42.88],[7.04,42.58],[6.98,42.32],[6.9,42.06],[6.68,41.56],[6.64,41.28],[6.6,40.89],[6.62,40.69],[6.64,40.31],[6.5,39.99],[6.25,39.84],[6.05,39.66],[5.82,39.48],[5.72,39.26],[5.53,39.05],[5.45,38.89],[5.27,38.72],[5.23,38.57],[5.31,38.41],[5.43,38.23],[5.63,38.01],[5.75,37.72],[5.85,37.51],[5.95,37.27],[5.95,37.01],[5.83,36.82],[5.6,36.57],[5.65,36.41],[5.69,36.29],[5.74,36.02],[5.82,35.9],[5.96,35.73],[5.93,35.67],[5.87,35.53],[5.81,35.47],[5.71,35.38],[5.69,35.34],[5.52,35.12],[5.36,34.98],[5.17,34.7],[5.12,34.48],[5.06,34.26],[5.02,34.11],[5.02,33.95],[5,33.84],[4.89,33.65],[4.8,33.61],[4.8,33.61],[4.75,33.56],[4.49,33.44],[4.15,33.42],[3.31,33.32],[3.11,33.36],[2.94,33.4],[2.79,33.41],[2.67,33.36],[2.58,33.31],[2.52,33.27],[2.4,33.2],[2.36,33.11],[2.32,33.02],[2.17,32.82],[2.06,32.63],[1.99,32.63],[1.84,32.26],[1.56,31.97],[1.47,31.61],[1.23,31.16],[1.2,30.95],[1.03,30.86],[0.87,30.77],[0.79,30.75],[0.67,30.72],[0.54,30.68],[0.39,30.64],[0.02,30.6],[-0.1,30.46],[-0.27,30.25],[-0.38,30.18],[-0.48,30.12],[-0.59,30.04],[-0.57,29.85],[-0.61,29.61],[-0.68,29.43],[-0.77,29.19],[-0.71,28.75],[-0.72,28.57],[-0.74,28.35],[-0.7,28],[-0.69,27.79],[-0.71,27.55],[-0.69,27.27],[-0.77,27.03],[-0.79,26.9],[-0.82,26.72],[-0.83,26.43],[-0.88,26.27],[-0.94,26.09],[-1.11,25.93],[-1.2,25.77],[-1.28,25.67],[-1.4,25.52],[-1.52,25.34],[-1.62,25.19],[-1.74,24.98],[-1.87,24.84],[-2.04,24.57],[-2.31,24.55],[-2.68,24.47],[-3.02,24.38],[-3.15,24.34],[-3.29,24.28],[-3.43,24.19],[-3.6,24.09],[-3.74,23.96],[-3.75,23.84],[-3.73,23.78],[-3.68,23.64],[-3.83,23.56],[-3.75,23.29],[-3.84,23.12],[-3.96,23],[-4.04,22.85],[-4.09,22.55],[-4.09,22.13],[-4.03,21.88],[-3.85,21.67],[-3.26,21.65],[-2.49,21.49],[-1.82,21.19],[-1.62,20.91],[-1.46,20.55],[-1.51,20.42],[-1.4,20.2],[-1.37,20.09],[-1.19,19.91],[-1.03,19.73],[-0.35,19.62],[0,19.59],[0.28,19.29],[0.61,19.16],[0.84,19.01],[1.21,18.96],[1.56,18.95],[1.9,18.92],[2.29,18.88],[2.62,18.8],[3.06,18.71],[3.54,18.47],[3.8,18.28],[4.32,18.12],[4.84,17.73],[5.33,17.36],[5.56,17.06],[5.8,16.71],[6.08,16.43],[6.34,16.13],[6.58,15.61],[6.58,15.61],[6.06,14.97],[5.54,14.33],[5.24,13.87],[4.95,13.42],[4.95,13.42],[4.56,13.69],[3.92,14.23],[3.25,14.72],[2.66,15.49],[2.01,15.99],[1.39,16.23],[0.78,16.52],[0.53,16.63],[0.22,16.76],[0.04,16.83],[-0.22,16.93],[-0.41,16.97],[-0.81,17.04],[-0.98,17.12],[-1.15,17.2],[-1.48,17.37],[-1.77,17.38],[-2.13,17.53],[-2.38,17.76],[-2.44,17.93],[-2.44,17.93],[-2.54,17.78],[-2.66,17.66],[-2.72,17.53],[-2.82,17.33],[-2.92,17.08],[-3.06,16.82],[-3.24,16.54],[-3.41,16.24],[-3.56,15.92],[-3.72,15.73],[-3.99,15.36],[-4.19,15.15],[-4.61,14.88],[-5,14.47],[-5.13,14.24],[-5.22,13.91],[-5.32,13.52],[-5.56,13.19],[-5.8,12.99],[-6.04,12.78],[-6.22,12.63],[-6.45,12.44],[-6.64,12.28],[-6.87,12.08],[-6.97,11.99],[-7.19,11.8],[-7.19,11.8],[-7.6,12.34],[-8.02,12.88],[-8.02,12.88],[-7.93,13.04],[-7.84,13.16],[-7.72,13.33],[-7.56,13.56],[-7.41,13.77],[-7.22,14.05],[-7.05,14.29],[-6.9,14.49],[-6.76,14.69],[-6.67,14.97],[-6.69,15.25],[-6.75,15.56],[-6.55,15.78],[-6.08,16.02],[-5.96,16.17],[-5.89,16.35],[-5.86,16.45],[-5.86,16.45],[-6.04,16.47],[-6.21,16.48],[-6.32,16.42],[-6.41,16.39],[-6.52,16.37],[-6.62,16.35],[-6.72,16.33],[-6.79,16.31],[-6.86,16.25],[-6.89,16.22],[-6.95,16.17],[-7.03,16.1],[-7.1,16.02],[-7.17,15.91],[-7.21,15.83],[-7.25,15.72],[-7.29,15.62],[-7.31,15.53],[-7.34,15.46],[-7.37,15.35],[-7.41,15.29],[-7.45,15.23],[-7.52,15.17],[-7.58,15.1],[-7.66,15.01],[-7.75,14.92],[-7.82,14.84],[-7.88,14.77],[-7.98,14.67],[-8.07,14.57],[-8.17,14.46],[-8.3,14.33],[-8.42,14.23],[-8.51,14.16],[-8.67,14.03],[-8.82,13.9],[-8.82,13.9],[-9.14,14.3],[-9.47,14.71],[-9.47,14.71],[-9.36,14.79],[-9.2,14.91],[-9.02,15.05],[-8.89,15.15],[-8.65,15.33],[-8.6,15.46],[-8.55,15.6],[-8.54,15.77],[-8.53,15.92],[-8.42,16.07],[-8.36,16.17],[-8.08,16.36],[-7.89,16.49],[-7.76,16.58],[-7.62,16.69],[-7.46,16.82],[-7.31,17.01],[-7.26,17.08],[-7.18,17.13],[-7.04,17.21],[-6.97,17.27],[-6.88,17.34],[-6.76,17.44],[-6.7,17.48],[-6.63,17.53],[-6.59,17.56],[-6.55,17.56],[-6.55,17.56],[-6.55,17.7],[-6.6,17.87],[-6.62,17.97],[-6.62,18.03],[-6.63,18.2],[-6.69,18.34],[-6.73,18.5],[-6.84,18.64],[-6.88,18.84],[-6.96,19],[-7.17,19.09],[-7.34,19.26],[-7.5,19.36],[-7.69,19.45],[-8.01,19.67],[-8.25,19.77],[-8.5,19.85],[-8.77,20.06],[-8.92,20.36],[-8.93,20.64],[-8.95,20.92],[-8.92,21.22],[-8.87,21.52],[-8.82,21.81],[-8.72,22.09],[-8.64,22.32],[-8.53,22.53],[-8.45,22.73],[-8.31,23],[-8.31,23],[-8.03,23.08],[-7.56,23.21],[-7.37,23.36],[-7.17,23.5],[-6.77,23.79],[-6.58,23.95],[-6.36,24.13],[-6,24.63],[-5.67,24.91],[-5.34,25.2],[-4.82,25.56],[-4.41,25.98],[-3.95,26.45],[-3.64,27.07],[-3.31,27.75],[-3.33,28.18],[-3.35,28.44],[-3.49,28.79],[-3.62,29.11],[-3.86,29.71],[-3.61,30.29],[-3.21,30.38],[-2.94,30.44],[-2.4,30.56],[-1.62,30.87],[-1.07,31.2],[-0.42,31.43],[0.09,31.76],[0.86,32.16],[1.32,32.67],[1.51,33.01],[1.89,33.69],[2.38,34.2],[2.95,34.76],[3.29,35.04],[3.69,35.49],[3.7,35.68],[3.44,36.05],[3.44,36.11],[3.62,36.77],[3.72,37],[3.8,37.14],[3.63,37.37],[3.43,37.47],[3.13,37.71],[3.01,37.88],[3.09,38.09],[3.17,38.22],[3.18,38.45],[3.22,38.64],[3.14,38.85],[3.35,38.96],[3.52,39.08],[3.64,39.2],[3.8,39.5],[4.3,39.77],[4.83,40.07],[4.99,40.21],[5.25,40.76],[5.26,41.15],[5.48,41.24],[5.59,41.38],[5.69,41.56],[5.76,41.64],[6.1,42.16],[6.46,42.55],[6.63,42.87],[6.87,43.06],[7.03,43.1],[7.03,43.1],[7.04,43.2]]]}},{"type":"Feature","properties":{"ma":140,"type":"gpml:TopologicalNetwork","name":"WEC","pid":601,"deforming":true},"geometry":{"type":"Polygon","coordinates":[[[127.14,51.65],[125.6,51.85],[124.04,52.02],[122.48,52.18],[120.9,52.31],[119.32,52.42],[117.73,52.51],[116.79,52.05],[115.88,51.59],[114.86,51.33],[113.85,51.06],[112.85,50.78],[112.85,50.28],[112.84,49.78],[111.8,49.72],[110.76,49.65],[109.72,49.56],[108.49,49.63],[107.26,49.68],[106.02,49.73],[104.69,49.6],[103.36,49.47],[101.96,49.07],[100.59,48.66],[99.34,48.2],[98.11,47.73],[97.44,47.56],[97.44,47.56],[97.01,48.14],[96.34,48.5],[95.65,48.86],[94.52,49.32],[93.76,49.73],[93,50.13],[92.15,50.79],[91.68,51.61],[91.46,52.32],[91.25,53.16],[91.05,54.05],[90.89,54.72],[90.74,55.7],[90.97,56.28],[91.21,56.87],[91.35,57.66],[91.5,58.45],[91.65,59.12],[91.8,59.79],[91.96,60.47],[92.16,61.15],[92.36,61.84],[92.58,62.53],[92.62,63.33],[92.67,64.14],[92.6,64.87],[92.53,65.6],[92.46,66.18],[92.39,66.76],[92.45,67.14],[92.45,67.14],[93.52,67.49],[95.01,67.95],[96.55,68.39],[98.72,68.97],[101.01,69.52],[102.39,69.82],[103.81,70.11],[105.88,70.5],[108.03,70.87],[109.68,71.13],[111.37,71.37],[113.25,71.61],[115.18,71.84],[117.49,72.08],[119.87,72.29],[122.14,72.46],[124.46,72.61],[126.82,72.73],[129.3,72.82],[131.79,72.89],[131.79,72.89],[131.81,72.18],[131.83,71.48],[131.83,70.62],[131.82,69.75],[131.76,69],[131.71,68.24],[131.6,67.4],[131.5,66.57],[131.25,65.82],[131.01,65.08],[130.8,64.18],[130.61,63.28],[130.43,62.55],[130.26,61.81],[130.1,61.21],[129.95,60.6],[129.78,59.94],[129.62,59.27],[129.4,58.45],[129.19,57.63],[128.91,56.69],[128.64,55.74],[128.27,54.86],[127.92,53.98],[127.7,53.31],[127.48,52.63],[127.27,51.95],[127.14,51.65]]]}},{"type":"Feature","properties":{"ma":140,"type":"gpml:TopologicalNetwork","name":"Deforming Network","pid":701,"deforming":true},"geometry":{"type":"Polygon","coordinates":[[[-10.54,-21.47],[-11.14,-21.19],[-11.56,-20.92],[-12.17,-20.55],[-12.17,-20.55],[-11.57,-20.52],[-10.98,-20.49],[-10.45,-20.47],[-10.45,-20.47],[-10.2,-20.67],[-9.59,-21.23],[-9.34,-21.67],[-9.08,-22.1],[-8.98,-22.68],[-8.88,-23.25],[-8.99,-24.04],[-9.32,-24.58],[-9.64,-25.13],[-10.25,-25.63],[-10.86,-26.13],[-11.48,-26.63],[-11.64,-27.13],[-11.81,-27.62],[-12.17,-28.57],[-12.69,-29.31],[-12.94,-29.81],[-13.19,-30.32],[-13.17,-30.88],[-13.15,-31.43],[-12.83,-32.11],[-12.85,-32.99],[-12.93,-33.49],[-13,-33.99],[-13.39,-34.79],[-13.83,-35.53],[-14.1,-36.34],[-14.31,-37.32],[-14.59,-38.16],[-15.04,-38.73],[-15.53,-39.14],[-16.03,-39.54],[-17.01,-39.97],[-17.64,-40.11],[-18.28,-40.24],[-19.46,-40.65],[-20.06,-40.96],[-20.68,-41.27],[-21.37,-41.65],[-22.08,-42.03],[-22.65,-42.38],[-23.24,-42.73],[-23.86,-43.56],[-24.18,-44.17],[-24.51,-44.77],[-24.76,-45.24],[-25.02,-45.71],[-25.51,-46.51],[-25.84,-47.41],[-26.31,-48],[-26.79,-48.58],[-27.53,-49.42],[-28.01,-49.88],[-28.5,-50.34],[-28.97,-50.82],[-29.46,-51.31],[-29.92,-51.78],[-30.39,-52.25],[-30.8,-53.12],[-31.22,-54.03],[-31.59,-54.58],[-31.96,-55.12],[-32.57,-55.67],[-33.2,-56.21],[-34.26,-56.95],[-35.36,-57.67],[-35.97,-58.21],[-36.59,-58.75],[-36.76,-59.34],[-36.93,-59.93],[-37.21,-60.59],[-37.5,-61.25],[-37.67,-62.06],[-37.67,-62.06],[-38.8,-61.88],[-39.91,-61.7],[-39.91,-61.7],[-39.79,-61.26],[-39.36,-60.54],[-38.92,-59.73],[-38.74,-59.34],[-38.45,-58.73],[-38.17,-58.17],[-37.95,-57.71],[-37.53,-57.02],[-37.26,-56.71],[-36.6,-56.02],[-36.1,-55.27],[-35.63,-54.83],[-35.1,-54.35],[-34.77,-54.02],[-34.59,-53.86],[-34.13,-53.31],[-33.61,-52.83],[-33.49,-52.73],[-32.69,-52.11],[-32.61,-52.05],[-31.9,-51.42],[-31.86,-51.38],[-31.25,-50.77],[-31.1,-50.6],[-30.61,-50.11],[-30.33,-49.81],[-30,-49.46],[-29.6,-49.03],[-29.39,-48.8],[-28.9,-48.27],[-28.79,-48.14],[-28.15,-47.56],[-28.11,-47.53],[-27.41,-46.94],[-27.31,-46.86],[-26.75,-46.32],[-26.55,-46.13],[-26.13,-45.68],[-25.87,-45.39],[-25.57,-45.02],[-25.27,-44.55],[-25.1,-44.28],[-24.72,-43.69],[-24.63,-43.57],[-24.18,-43.05],[-23.97,-42.86],[-23.87,-42.78],[-23.63,-42.59],[-23.4,-42.43],[-23.05,-42.2],[-22.93,-42.14],[-22.51,-41.89],[-21.89,-41.55],[-21.84,-41.52],[-21.21,-41.2],[-20.84,-41.02],[-20.45,-40.84],[-19.89,-40.57],[-19.04,-40.24],[-18.52,-40.05],[-18.11,-39.9],[-17.24,-39.53],[-17.06,-39.41],[-16.29,-38.76],[-16.18,-38.62],[-15.77,-37.95],[-15.73,-37.89],[-15.41,-37.15],[-15.38,-37.07],[-15.16,-36.36],[-15.1,-36.18],[-14.87,-35.59],[-14.77,-35.34],[-14.54,-34.81],[-14.38,-34.5],[-14.24,-34.1],[-14.06,-33.69],[-13.96,-33.39],[-13.88,-32.88],[-13.87,-32.58],[-13.9,-32.05],[-13.9,-31.91],[-13.93,-31.26],[-13.92,-31.18],[-13.96,-30.34],[-13.96,-30.3],[-13.76,-29.52],[-13.62,-29.24],[-13.45,-28.86],[-13.27,-28.51],[-13.13,-28.21],[-12.88,-27.77],[-12.76,-27.62],[-12.31,-26.98],[-12.19,-26.86],[-12.11,-26.76],[-11.74,-26.39],[-11.59,-26.3],[-11.5,-26.24],[-10.65,-25.65],[-10.15,-25.26],[-10.07,-25.18],[-9.73,-24.3],[-9.73,-24.26],[-9.76,-23.6],[-9.78,-23.48],[-9.7,-22.55],[-9.75,-22.37],[-9.94,-21.76],[-10.54,-21.47]]]}},{"type":"Feature","properties":{"ma":140,"type":"gpml:TopologicalNetwork","name":"Deforming Network","pid":201,"deforming":true},"geometry":{"type":"Polygon","coordinates":[[[-9.94,-21.76],[-9.74,-22.37],[-9.7,-22.55],[-9.78,-23.48],[-9.76,-23.6],[-9.73,-24.26],[-9.73,-24.3],[-10.07,-25.19],[-10.14,-25.26],[-10.64,-25.64],[-11.51,-26.24],[-11.59,-26.29],[-11.74,-26.39],[-12.11,-26.76],[-12.19,-26.85],[-12.31,-26.98],[-12.76,-27.62],[-12.87,-27.77],[-13.12,-28.21],[-13.27,-28.51],[-13.45,-28.86],[-13.62,-29.24],[-13.76,-29.52],[-13.96,-30.3],[-13.95,-30.34],[-13.92,-31.17],[-13.93,-31.26],[-13.91,-31.91],[-13.89,-32.05],[-13.87,-32.58],[-13.88,-32.88],[-13.96,-33.39],[-14.06,-33.69],[-14.25,-34.1],[-14.37,-34.5],[-14.54,-34.81],[-14.77,-35.34],[-14.87,-35.59],[-15.1,-36.18],[-15.15,-36.36],[-15.38,-37.07],[-15.41,-37.15],[-15.74,-37.88],[-15.77,-37.95],[-16.18,-38.62],[-16.29,-38.75],[-17.06,-39.41],[-17.24,-39.53],[-18.11,-39.91],[-18.52,-40.05],[-19.04,-40.24],[-19.9,-40.57],[-20.46,-40.84],[-20.84,-41.02],[-21.21,-41.2],[-21.84,-41.52],[-21.9,-41.55],[-22.51,-41.89],[-22.92,-42.14],[-23.05,-42.2],[-23.41,-42.43],[-23.63,-42.59],[-23.86,-42.78],[-23.97,-42.86],[-24.18,-43.05],[-24.63,-43.57],[-24.72,-43.69],[-25.1,-44.28],[-25.27,-44.55],[-25.57,-45.02],[-25.87,-45.39],[-26.13,-45.68],[-26.55,-46.12],[-26.75,-46.32],[-27.32,-46.86],[-27.41,-46.94],[-28.11,-47.53],[-28.15,-47.56],[-28.79,-48.15],[-28.91,-48.28],[-29.38,-48.8],[-29.6,-49.03],[-30,-49.46],[-30.33,-49.82],[-30.61,-50.11],[-31.1,-50.6],[-31.25,-50.76],[-31.86,-51.39],[-31.91,-51.42],[-32.62,-52.05],[-32.69,-52.11],[-33.49,-52.74],[-33.6,-52.83],[-34.12,-53.31],[-34.59,-53.86],[-34.77,-54.02],[-35.11,-54.35],[-35.62,-54.84],[-36.11,-55.27],[-36.6,-56.02],[-37.26,-56.71],[-37.53,-57.02],[-37.91,-57.68],[-38.23,-58.12],[-38.56,-58.67],[-38.95,-59.27],[-39.1,-59.67],[-39.44,-60.49],[-39.73,-61.26],[-39.84,-61.71],[-39.84,-61.71],[-40.1,-61.67],[-41.13,-61.48],[-42.15,-61.28],[-42.15,-61.28],[-42.19,-61.07],[-42.13,-60.58],[-42.03,-60.08],[-41.93,-59.58],[-41.6,-58.89],[-41.29,-58.21],[-40.88,-57.52],[-40.38,-56.91],[-39.49,-56.04],[-38.94,-55.44],[-38.41,-54.83],[-37.89,-54.23],[-37.19,-53.58],[-36.62,-53.07],[-36.06,-52.55],[-35.64,-52.31],[-34.46,-51.71],[-33.71,-51.29],[-32.98,-50.88],[-32.26,-50.14],[-31.67,-49.38],[-30.97,-48.6],[-30.25,-47.94],[-29.77,-47.38],[-28.99,-46.62],[-28.25,-45.9],[-27.67,-45.12],[-27.5,-44.96],[-26.86,-44.56],[-26.32,-43.66],[-26.23,-42.75],[-26.04,-42.23],[-25.86,-41.71],[-25.36,-41.31],[-24.87,-40.91],[-23.75,-40.41],[-23.08,-40.22],[-22.41,-40.02],[-21.41,-39.72],[-20.5,-39.62],[-19.6,-39.51],[-18.81,-39.36],[-18.02,-39.2],[-17.26,-38.64],[-16.97,-38.18],[-16.65,-37.72],[-16.13,-37.12],[-15.96,-36.51],[-15.82,-35.99],[-15.66,-35.55],[-15.35,-35.02],[-15.19,-34.46],[-14.95,-34.09],[-14.9,-33.67],[-14.72,-33.21],[-14.48,-32.72],[-14.37,-32.1],[-14.32,-31.46],[-14.15,-30.93],[-14.23,-30.32],[-14.16,-29.82],[-14.06,-29.47],[-13.75,-28.78],[-13.65,-28.3],[-13.62,-27.86],[-13.61,-27.33],[-13.63,-26.88],[-13.69,-26.43],[-13.59,-26.07],[-13.39,-25.81],[-13.15,-25.59],[-12.65,-25.31],[-12.44,-25.08],[-13.36,-25.11],[-14.25,-24.71],[-14.77,-24.38],[-15.14,-24.57],[-15.21,-25],[-15.62,-24.99],[-15.98,-24.71],[-16.18,-24.3],[-16.03,-24.03],[-15.59,-23.63],[-15.15,-23.24],[-14.49,-23.03],[-14.07,-22.68],[-13.72,-22.75],[-13.35,-22.25],[-12.94,-21.98],[-12.25,-21.82],[-11.85,-21.52],[-11.91,-21.14],[-12.18,-20.92],[-12.74,-20.77],[-13.25,-20.58],[-13.25,-20.58],[-13.15,-20.58],[-12.17,-20.55],[-12.17,-20.55],[-11.56,-20.92],[-11.14,-21.19],[-10.54,-21.48],[-9.94,-21.76]]]}},{"type":"Feature","properties":{"ma":140,"type":"gpml:TopologicalNetwork","name":"Deforming Network","pid":714,"deforming":true},"geometry":{"type":"Polygon","coordinates":[[[-26.54,-11],[-27.11,-10.26],[-27.68,-9.52],[-27.72,-9.42],[-27.72,-9.42],[-27.38,-9.55],[-26.57,-9.72],[-26.57,-9.72],[-25.95,-10.27],[-25.76,-11.06],[-25.57,-11.85],[-25.37,-12.62],[-25.16,-13.39],[-24.81,-14.1],[-24.47,-14.8],[-23.94,-15.33],[-23.14,-15.66],[-22.34,-15.98],[-21.59,-16.35],[-20.84,-16.73],[-19.99,-17.29],[-19.5,-17.73],[-19,-18.18],[-18.21,-18.42],[-17.42,-18.65],[-16.58,-18.73],[-15.75,-18.8],[-15.21,-18.87],[-14.66,-18.94],[-13.73,-19.31],[-12.79,-19.66],[-12.08,-20.09],[-11.37,-20.51],[-11.37,-20.51],[-12.17,-20.55],[-12.17,-20.55],[-12.34,-20.44],[-12.63,-20.25],[-13.14,-19.99],[-13.87,-19.68],[-14.62,-19.47],[-15.1,-19.34],[-16.12,-19.13],[-16.35,-19.07],[-17.21,-18.91],[-17.42,-18.85],[-18.17,-18.7],[-18.73,-18.51],[-19.4,-18.14],[-19.71,-17.87],[-20.11,-17.51],[-20.5,-17.15],[-20.75,-17.03],[-21.56,-16.63],[-22.47,-16.26],[-22.6,-16.2],[-23.15,-15.92],[-23.7,-15.65],[-23.84,-15.57],[-24.58,-14.95],[-24.91,-14.5],[-25.03,-14.22],[-25.36,-13.43],[-25.45,-13.11],[-25.61,-12.7],[-25.91,-11.89],[-25.97,-11.74],[-26.54,-11]]]}},{"type":"Feature","properties":{"ma":140,"type":"gpml:TopologicalNetwork","name":"Deforming Network","pid":201,"deforming":true},"geometry":{"type":"Polygon","coordinates":[[[-25.97,-11.74],[-25.91,-11.89],[-25.6,-12.71],[-25.46,-13.11],[-25.35,-13.43],[-25.03,-14.22],[-24.9,-14.5],[-24.58,-14.95],[-23.85,-15.57],[-23.7,-15.65],[-23.15,-15.93],[-22.59,-16.21],[-22.47,-16.25],[-21.56,-16.63],[-20.75,-17.03],[-20.5,-17.15],[-20.11,-17.51],[-19.71,-17.87],[-19.4,-18.13],[-18.73,-18.51],[-18.17,-18.7],[-17.42,-18.85],[-17.21,-18.91],[-16.35,-19.07],[-16.12,-19.13],[-15.1,-19.33],[-14.62,-19.47],[-13.87,-19.68],[-13.13,-19.98],[-12.63,-20.25],[-12.33,-20.44],[-12.17,-20.55],[-12.17,-20.55],[-13.15,-20.58],[-13.25,-20.58],[-13.25,-20.58],[-13.31,-20.56],[-13.68,-20.38],[-13.68,-20.38],[-13.91,-20.28],[-14.51,-20.07],[-15.3,-19.91],[-16.02,-19.88],[-16.74,-19.86],[-17.65,-19.68],[-18.57,-19.49],[-19.51,-19.09],[-20.36,-18.58],[-21.24,-18.05],[-22.08,-17.64],[-22.63,-17.38],[-23.18,-17.11],[-23.68,-16.84],[-24.19,-16.57],[-24.76,-16.29],[-25.33,-16.01],[-25.65,-15.6],[-25.97,-15.18],[-26.14,-14.67],[-26.31,-14.15],[-26.37,-13.59],[-26.43,-13.02],[-26.64,-12.5],[-26.85,-11.98],[-27.48,-11.2],[-27.95,-10.56],[-28.28,-10.02],[-28.61,-9.48],[-28.82,-8.98],[-28.82,-8.98],[-28.64,-9.05],[-27.72,-9.42],[-27.72,-9.42],[-27.68,-9.52],[-27.11,-10.26],[-26.54,-11],[-25.97,-11.74]]]}},{"type":"Feature","properties":{"ma":140,"type":"gpml:TopologicalNetwork","name":"Mesozoic Southern South America Deformation","pid":201,"deforming":true},"geometry":{"type":"Polygon","coordinates":[[[-34.46,-51.71],[-35.64,-52.31],[-36.06,-52.55],[-36.62,-53.07],[-37.19,-53.58],[-37.89,-54.23],[-38.41,-54.83],[-38.94,-55.44],[-39.49,-56.04],[-40.38,-56.91],[-40.88,-57.52],[-41.29,-58.21],[-41.6,-58.89],[-41.93,-59.58],[-42.03,-60.08],[-42.13,-60.58],[-42.19,-61.07],[-42.15,-61.28],[-42.15,-61.28],[-41.13,-61.48],[-40.1,-61.67],[-38.31,-61.96],[-36.49,-62.23],[-34.72,-62.53],[-32.91,-62.81],[-31.33,-63.1],[-29.72,-63.38],[-28.07,-63.64],[-26.2,-63.86],[-24.3,-64.06],[-22.37,-64.23],[-20.12,-64.19],[-17.88,-64.12],[-15.66,-64.02],[-13.82,-63.91],[-11.99,-63.78],[-11.99,-63.78],[-12.16,-64.32],[-12.41,-64.83],[-12.67,-65.33],[-13.34,-65.91],[-14.03,-66.5],[-15.1,-66.84],[-16.2,-67.17],[-16.2,-67.17],[-16.81,-67.35],[-18.66,-67.63],[-20.56,-67.9],[-22.8,-67.97],[-25.04,-68.01],[-26.68,-68.08],[-28.33,-68.14],[-28.45,-68.14],[-28.45,-68.14],[-29.93,-68.48],[-32.02,-68.66],[-34.13,-68.8],[-35.79,-68.96],[-37.46,-69.09],[-39.34,-69.05],[-41.21,-68.98],[-43.46,-68.95],[-45.71,-68.88],[-48.35,-68.99],[-51.01,-69.05],[-52.66,-69.03],[-54.31,-68.99],[-55.82,-68.93],[-57.32,-68.84],[-59.3,-68.56],[-61.22,-68.25],[-63,-67.71],[-64.7,-67.16],[-66.32,-66.59],[-67.28,-66.23],[-68.22,-65.88],[-68.22,-65.88],[-68.1,-65.55],[-68,-65.22],[-67.93,-65.06],[-67.89,-64.74],[-67.99,-64.34],[-68.05,-63.96],[-68.04,-63.61],[-68.05,-63.31],[-67.99,-63.06],[-67.93,-62.73],[-67.84,-62.38],[-67.56,-61.95],[-67.19,-61.61],[-66.95,-61.42],[-66.67,-61.18],[-66.33,-60.9],[-65.79,-60.47],[-65.3,-60.1],[-64.94,-59.78],[-64.66,-59.47],[-64.59,-59.03],[-64.52,-58.75],[-64.45,-58.52],[-64.42,-58.44],[-64.3,-58.19],[-64.16,-57.89],[-63.98,-57.54],[-63.81,-57.25],[-63.62,-56.93],[-63.41,-56.58],[-63.27,-56.32],[-62.91,-55.69],[-62.68,-55.28],[-62.45,-54.89],[-62.23,-54.52],[-61.92,-54.02],[-61.75,-53.74],[-61.52,-53.29],[-61.39,-53.01],[-61.21,-52.65],[-60.92,-52.38],[-60.53,-51.81],[-60.53,-51.81],[-60.39,-51.34],[-60.15,-50.92],[-59.68,-50.23],[-59.22,-49.53],[-59.09,-48.77],[-58.96,-48],[-58.84,-47.23],[-58.84,-47.23],[-58.33,-46.34],[-57.83,-45.45],[-57.35,-44.56],[-56.88,-43.66],[-56.88,-43.66],[-55.95,-44.02],[-55.01,-44.38],[-54.06,-44.73],[-52.91,-45.22],[-51.74,-45.7],[-50.84,-46.09],[-49.92,-46.47],[-48.93,-46.84],[-47.92,-47.21],[-46.57,-47.53],[-45.2,-47.83],[-44.13,-48.29],[-43.03,-48.74],[-42.17,-48.95],[-41.3,-49.15],[-40.16,-49.31],[-39.01,-49.46],[-38.22,-49.47],[-37.42,-49.47],[-36.5,-49.88],[-36.33,-50.41],[-35.75,-51.14],[-34.91,-51.5],[-34.27,-51.6],[-34.46,-51.71]]]}},{"type":"Feature","properties":{"ma":140,"type":"gpml:TopologicalNetwork","name":"Mesozoic Africa Basins","pid":701,"deforming":true},"geometry":{"type":"Polygon","coordinates":[[[8.01,0.54],[8.78,-0.09],[9.55,-0.71],[10.32,-1.34],[11.02,-1.82],[11.73,-2.31],[12.43,-2.79],[13.14,-3.27],[13.85,-3.76],[13.85,-3.76],[13.74,-3.84],[13.2,-4.28],[12.66,-4.73],[12.36,-5.4],[12.06,-6.07],[11.75,-6.74],[11.86,-7.37],[11.96,-8.01],[12.24,-8.48],[12.53,-8.94],[12.2,-9.6],[11.88,-10.26],[11.55,-10.92],[10.88,-11.02],[10.2,-11.12],[9.41,-10.89],[8.63,-11],[7.84,-11.1],[6.92,-10.73],[6,-10.35],[5.01,-10.13],[4.24,-10.19],[3.46,-10.25],[2.88,-10.04],[2.3,-9.83],[1.62,-9.91],[0.94,-9.98],[0.92,-10.63],[0.89,-11.27],[0.78,-11.86],[0.66,-12.45],[0.8,-13.03],[0.31,-13.81],[0.3,-14.52],[0.29,-15.24],[0.32,-15.8],[0.35,-16.35],[0.36,-16.98],[0.37,-17.6],[0.23,-18.08],[0.1,-18.57],[-0.48,-19.05],[-1.25,-19.43],[-1.25,-19.43],[-1.22,-19.94],[-1.18,-20.26],[-0.52,-20.86],[-0.49,-21.33],[-0.65,-21.53],[-0.58,-22.11],[-0.26,-22.64],[0.27,-22.77],[0.6,-23.19],[0.94,-23.6],[1.22,-24.05],[1.5,-24.5],[2.08,-24.58],[2.66,-24.67],[3.66,-24.76],[4.66,-24.85],[5.51,-25.09],[6.36,-25.33],[6.97,-25.3],[7.59,-25.26],[8.53,-25.4],[9.48,-25.53],[10.03,-25.38],[10.58,-25.23],[11.31,-25.54],[12.33,-25.38],[12.59,-25.96],[12.98,-26.83],[13.22,-27.39],[13.47,-27.95],[13.5,-28.66],[13.53,-29.38],[13.56,-30.1],[13.76,-31.03],[14.09,-31.48],[14.43,-31.92],[15.15,-31.86],[15.71,-31.57],[15.57,-30.77],[15.29,-30.17],[15.01,-29.56],[15.27,-29.04],[15.52,-28.51],[15.95,-28.07],[16.38,-27.63],[16.79,-27.43],[17.14,-27.65],[17.21,-28.54],[17.28,-29.43],[17.25,-30.17],[17.23,-30.9],[17.07,-31.43],[16.91,-31.97],[16.47,-32.29],[16.29,-33.14],[16.65,-34.05],[17.44,-34.25],[18.23,-34.45],[18.87,-34.78],[19.79,-34.44],[20.71,-34.1],[21.02,-33.53],[21.33,-32.97],[22.06,-32.55],[22.77,-32.12],[23.3,-31.83],[23.82,-31.54],[24.74,-31.3],[25.66,-31.05],[26.57,-30.8],[27.48,-30.54],[28.63,-30.44],[29.78,-30.34],[30.93,-30.22],[31.9,-30.11],[32.86,-30],[33.83,-29.89],[34.77,-29.76],[35.71,-29.63],[36.65,-29.5],[37.42,-29.4],[38.19,-29.3],[38.96,-29.2],[39.85,-29.09],[39.85,-29.09],[39.16,-29.6],[38.46,-30.11],[37.89,-30.7],[37.89,-30.7],[36.92,-30.9],[35.95,-31.09],[34.97,-31.28],[33.92,-31.41],[32.88,-31.53],[31.82,-31.64],[30.77,-31.7],[29.72,-31.76],[28.66,-31.81],[27.71,-31.89],[26.76,-31.97],[25.8,-32.04],[25.14,-32.37],[24.46,-32.7],[23.64,-33.11],[22.81,-33.52],[21.96,-34.12],[21.11,-34.71],[20.24,-35.29],[19.26,-35.41],[18.29,-35.52],[17.38,-35.09],[16.47,-34.65],[15.58,-34.21],[14.87,-33.89],[14.17,-33.56],[13.47,-33.24],[12.82,-32.48],[12.18,-31.71],[12.32,-30.8],[11.88,-30.46],[11.44,-30.13],[11.34,-29.44],[10.81,-28.66],[10.28,-27.88],[9.76,-27.1],[9.24,-26.31],[8.37,-25.98],[7.51,-25.63],[6.64,-25.63],[5.77,-25.61],[4.9,-25.6],[3.84,-25.43],[2.79,-25.26],[1.74,-25.08],[1.01,-24.94],[0.29,-24.79],[-0.6,-24.67],[-1.5,-24.54],[-2.22,-24.63],[-2.95,-24.71],[-3.78,-24.54],[-4.61,-24.37],[-5.32,-24.1],[-6.03,-23.83],[-7.01,-23.84],[-7.99,-23.85],[-8.96,-23.85],[-8.96,-23.85],[-8.88,-23.25],[-8.98,-22.68],[-9.08,-22.1],[-9.34,-21.67],[-9.59,-21.23],[-10.2,-20.67],[-10.45,-20.47],[-10.45,-20.47],[-10.23,-20.46],[-9.69,-20.45],[-9.69,-20.45],[-9.63,-19.88],[-9.96,-19.03],[-10.31,-18.46],[-10.3,-17.7],[-10.29,-16.94],[-10.62,-16.3],[-10.97,-15.73],[-10.71,-15.38],[-10.52,-14.74],[-10.58,-14.17],[-10.47,-13.55],[-10.37,-12.92],[-10.12,-12.02],[-10.04,-11.21],[-10.56,-10.67],[-11.01,-10.15],[-11.1,-9.65],[-11.04,-9.15],[-10.98,-8.65],[-10.8,-7.94],[-10.32,-7.44],[-9.5,-7.37],[-9.6,-7.93],[-9.7,-8.49],[-9.66,-9.46],[-9.14,-10],[-8.42,-10.04],[-7.94,-9.57],[-7.47,-9.1],[-6.79,-8.99],[-6.12,-8.88],[-5.21,-9.06],[-4.29,-9.24],[-3.79,-9.08],[-3.3,-8.92],[-2.59,-8.6],[-2.16,-9.18],[-1.73,-9.75],[-1.22,-10],[-0.72,-10.25],[-0.29,-9.9],[0.13,-9.55],[0.69,-9.05],[1.25,-8.56],[1.76,-7.75],[2.27,-6.93],[2.68,-6.19],[3.09,-5.44],[3.47,-4.78],[3.85,-4.12],[4.46,-3.63],[5.06,-3.13],[5.72,-2.71],[6.38,-2.29],[6.59,-1.51],[6.8,-0.72],[7.02,0.22],[7.24,1.17],[8.01,0.54]]]}}]}