{"type":"FeatureCollection","features":[{"type":"Feature","properties":{"ma":160,"type":"gpml:TopologicalNetwork","name":"Amer_anyui_mesh","pid":101,"deforming":true},"geometry":{"type":"Polygon","coordinates":[[[-5,52.69],[-6.36,52.79],[-7.73,52.88],[-9.11,52.95],[-10.63,52.87],[-12.15,52.77],[-13.48,52.89],[-14.81,52.99],[-15.94,53.19],[-17.07,53.37],[-18.21,53.55],[-19.45,53.81],[-20.71,54.05],[-21.97,54.29],[-23.23,54.26],[-24.49,54.21],[-26.04,53.96],[-27.57,53.68],[-28.52,53.48],[-29.47,53.27],[-30.32,53.12],[-31.16,52.96],[-31.96,52.78],[-32.76,52.61],[-33.72,52.51],[-34.2,52.49],[-34.49,52.59],[-34.49,52.59],[-34.29,52.71],[-34.11,52.82],[-33.64,53.32],[-32.57,53.91],[-32.31,54.12],[-31.47,54.77],[-31.14,54.96],[-30.46,55.2],[-29.65,55.64],[-28.81,56.08],[-27.65,56.8],[-26.88,57.01],[-26.25,57.16],[-25.05,57.32],[-24.41,57.33],[-23.67,57.47],[-22.88,57.61],[-22,57.63],[-20.98,57.65],[-20.13,57.65],[-19.02,57.66],[-18.07,57.65],[-16.93,57.63],[-15.87,57.6],[-14.42,57.54],[-12.97,57.47],[-11.31,57.23],[-9.68,56.97],[-8.07,56.69],[-6.67,56.35],[-5.3,56],[-5.3,56],[-5.14,55.04],[-4.99,54.09],[-4.84,53.13],[-5,52.69]]]}},{"type":"Feature","properties":{"ma":160,"type":"gpml:TopologicalNetwork","name":"AUSANT_Deforming_Network","pid":801,"deforming":true},"geometry":{"type":"Polygon","coordinates":[[[115.35,-70.5],[118.17,-70.8],[119.79,-70.8],[121.41,-70.77],[123.24,-70.78],[125.39,-70.64],[127.87,-70.7],[129.35,-70.72],[131.27,-70.54],[132.77,-70.36],[135.02,-70.12],[136.92,-69.85],[137.78,-69.76],[137.79,-69.91],[137.08,-70.48],[136.33,-71.04],[135.68,-71.4],[135.62,-72.28],[135.85,-72.96],[136.09,-73.64],[136.52,-74.17],[136.98,-74.7],[137.94,-75],[141.21,-75.41],[141.34,-75.47],[142.35,-75.91],[143.43,-76.33],[143.05,-76.57],[142.31,-76.74],[139.4,-77.21],[136.28,-77.65],[132.94,-78.05],[131.74,-78.14],[132.48,-78.52],[133.11,-78.9],[133.18,-79.09],[131.19,-79.46],[128.73,-79.92],[129.59,-80.45],[130.55,-80.98],[132.36,-81.14],[135.05,-81.44],[135.15,-81.48],[135.15,-81.48],[130.2,-81.8],[124.9,-82.04],[119.31,-82.22],[119.31,-82.22],[116.32,-81.65],[113.71,-81.06],[116.41,-80.35],[118.74,-79.62],[119.27,-78.71],[120.21,-77.89],[121.46,-77.2],[120.09,-76.89],[120.02,-76.33],[119.96,-75.77],[118.5,-75.2],[116.37,-74.91],[114.32,-74.6],[113.34,-73.96],[112.83,-73.34],[112.36,-72.73],[111.61,-72.21],[110.9,-71.69],[109.43,-71.2],[108.04,-70.7],[106.42,-70.24],[104.88,-69.77],[103.87,-69.38],[102.89,-68.99],[100.82,-68.37],[99.29,-68.07],[97.8,-67.75],[96.56,-67.25],[95.37,-66.74],[93.68,-66.33],[92.32,-66.12],[90.99,-65.89],[89.51,-65.69],[88.04,-65.48],[86.18,-65.43],[84.32,-65.36],[82.54,-65.1],[80.8,-64.82],[79.1,-64.52],[77.94,-64.4],[76.78,-64.28],[75.24,-64.08],[73.72,-63.88],[72.69,-63.6],[71.68,-63.32],[70.09,-62.74],[68.56,-62.14],[68.56,-62.14],[68.6,-61.42],[68.65,-60.7],[68.69,-59.97],[68.69,-59.97],[69.15,-59.99],[70.67,-59.61],[70.67,-59.61],[71.79,-60],[73.62,-60.22],[75.41,-60.44],[76.8,-60.62],[78.42,-61.01],[79.57,-61.22],[80.74,-61.42],[82.46,-61.64],[84.39,-61.89],[85.95,-62.27],[87.23,-62.32],[88.53,-62.37],[89.83,-62.5],[91.14,-62.63],[92.6,-62.71],[94.07,-62.78],[95.54,-62.79],[97.02,-62.78],[98.93,-62.94],[99.85,-62.94],[101.42,-63.53],[103.05,-64.1],[103.71,-64.51],[104.38,-64.92],[105.35,-65.44],[106.36,-65.95],[107.14,-66.36],[107.94,-66.75],[109.19,-67.45],[110.3,-68.08],[111.1,-68.62],[112.14,-69.21],[113.43,-69.79],[114.65,-70.18],[115.07,-70.46],[115.35,-70.5]]]}},{"type":"Feature","properties":{"ma":160,"type":"gpml:TopologicalNetwork","name":"East_West_Gondwana_Mesh","pid":802,"deforming":true},"geometry":{"type":"Polygon","coordinates":[[[43.43,-26.41],[43.43,-26.41],[42.73,-26.8],[42.21,-27.41],[41.69,-28.01],[41.16,-28.61],[40.55,-29.2],[39.93,-29.78],[39.64,-30.26],[39.34,-30.91],[39.04,-31.56],[38.38,-32.07],[37.71,-32.57],[37.03,-33.07],[36.51,-33.6],[35.97,-34.12],[35.43,-34.64],[35.05,-35.07],[34.66,-35.5],[33.87,-36.05],[33.08,-36.59],[32.28,-37.13],[31.56,-37.57],[30.83,-38.01],[30.09,-38.44],[29.23,-38.86],[28.35,-39.28],[27.52,-39.73],[26.68,-40.17],[25.83,-40.61],[24.81,-40.93],[23.79,-41.24],[22.76,-41.54],[21.88,-41.94],[20.99,-42.33],[20.09,-42.71],[19.1,-43.3],[18.08,-43.89],[17.28,-44.44],[16.48,-44.99],[15.51,-45.67],[14.52,-46.33],[14.41,-46.72],[14.44,-47.59],[13.99,-48.33],[14.07,-48.99],[13.24,-49.58],[13.13,-50.28],[13.02,-50.97],[13.58,-51.47],[13.32,-52.01],[13.06,-52.54],[12.54,-53.23],[12.2,-53.85],[11.85,-54.46],[11.65,-54.95],[11.45,-55.44],[11.16,-55.94],[10.86,-56.43],[10.47,-56.77],[9,-57.11],[7.5,-57.31],[5.88,-57.25],[4.52,-57.25],[3.17,-57.23],[2.54,-57.6],[1.78,-57.76],[0.56,-57.92],[-0.57,-58.21],[-1.38,-58.48],[-2.21,-58.74],[-2.83,-59.16],[-3.46,-59.58],[-3.87,-60.03],[-3.87,-60.03],[-2.66,-59.93],[-1.45,-59.81],[-1.45,-59.81],[-2.32,-60.12],[-3.2,-60.43],[-3.2,-60.43],[-2.8,-60.35],[-1.24,-59.96],[0.01,-59.67],[1.74,-59.91],[3.5,-60.13],[5.28,-60.33],[6.99,-60.01],[8.67,-59.66],[9.17,-59],[9.65,-58.33],[9.81,-57.69],[9.97,-57.05],[10.63,-56.3],[11.26,-55.54],[12.01,-55.15],[12.74,-54.75],[13.7,-54.22],[13.75,-53.88],[13.83,-53.39],[13.96,-52.54],[14.29,-51.81],[14.55,-51.22],[14.77,-50.71],[15.65,-50.39],[16.51,-50.07],[17.11,-49.31],[17.69,-48.55],[17.68,-47.87],[17.67,-47.18],[17.66,-46.5],[18.47,-46.04],[19.26,-45.58],[20.21,-45.77],[21.26,-45.79],[22.31,-45.8],[23.45,-45.59],[24.59,-45.37],[25.33,-44.74],[26.06,-44.1],[26.93,-43.64],[27.78,-43.17],[27.73,-42.63],[27.69,-42.09],[28.78,-41.65],[29.42,-42.16],[30.06,-42.34],[31.03,-42.12],[31.78,-41.84],[32.52,-41.56],[32.97,-40.73],[33.42,-39.89],[33.81,-39.27],[34.19,-38.64],[34.97,-38.45],[35.8,-37.71],[36.61,-36.96],[37.07,-36.54],[37.53,-36.12],[38.31,-35.48],[39.08,-34.83],[39.69,-34.34],[40.29,-33.84],[40.89,-33.33],[41.41,-32.8],[41.93,-32.27],[42.59,-31.89],[43.24,-31.52],[43.89,-31.14],[44.76,-30.72],[45.62,-30.3],[46.43,-30.44],[47.25,-30.57],[47.76,-30.59],[48.12,-30.61],[48.95,-30.64],[48.95,-30.64],[48.55,-31.1],[48.27,-31.22],[47.72,-31.46],[46.69,-31.89],[45.98,-32.35],[45.27,-32.82],[44.41,-33.23],[43.54,-33.63],[42.93,-34.25],[42.31,-34.88],[41.56,-35.6],[40.79,-36.31],[40.01,-37.01],[39.46,-37.6],[38.9,-38.19],[38.34,-38.77],[37.77,-39.3],[37.19,-39.83],[36.6,-40.36],[36.24,-41.16],[35.87,-41.96],[35.14,-42.59],[34.39,-43.22],[33.76,-43.71],[33.12,-44.21],[32.34,-44.46],[31.56,-44.7],[30.6,-45.08],[29.63,-45.45],[28.69,-45.69],[27.73,-45.91],[26.77,-46.14],[25.73,-46.36],[24.68,-46.58],[23.62,-46.79],[22.25,-47.13],[20.87,-47.46],[20.21,-48.16],[19.54,-48.85],[18.89,-49.62],[18.21,-50.39],[17.79,-51.24],[17.36,-52.09],[17.02,-52.8],[16.67,-53.51],[16.7,-54.4],[16.73,-55.28],[16.41,-56.14],[16.08,-57],[15.41,-57.7],[14.72,-58.39],[14,-59.07],[12.5,-59.52],[10.95,-59.95],[9.65,-60.41],[8.3,-60.85],[7.06,-60.93],[5.81,-61.01],[4.2,-60.89],[2.6,-60.76],[1.27,-60.81],[-0.06,-60.86],[-1.32,-61.08],[-2.6,-61.29],[-3.89,-61.42],[-5.19,-61.53],[-6.58,-61.83],[-8,-62.11],[-10.02,-62.29],[-12.05,-62.43],[-13.81,-62.85],[-15.61,-63.25],[-17.47,-63.62],[-18.52,-64.23],[-19.61,-64.83],[-21.2,-65.33],[-22.85,-65.81],[-24.56,-66.27],[-26.68,-66.7],[-28.87,-67.09],[-31.15,-67.3],[-33.47,-67.48],[-35.83,-67.62],[-38.2,-67.73],[-40.34,-67.88],[-42.49,-68],[-44.67,-68.1],[-46.86,-68.17],[-49.07,-68.21],[-51.59,-68.13],[-54.1,-68.01],[-56.57,-67.86],[-59.01,-67.67],[-61.41,-67.44],[-63.76,-67.18],[-66.09,-66.88],[-68.36,-66.55],[-70.56,-66.18],[-72.71,-65.79],[-72.71,-65.79],[-71.65,-65.17],[-70.64,-64.55],[-69.67,-63.92],[-68.73,-63.56],[-67.81,-63.19],[-67.81,-63.19],[-67.75,-63.46],[-67.75,-63.46],[-65.87,-63.62],[-63.97,-63.75],[-62.06,-63.86],[-60.18,-64.02],[-58.27,-64.16],[-56.36,-64.27],[-54.43,-64.36],[-52.48,-64.42],[-50.88,-64.38],[-49.29,-64.31],[-47.7,-64.23],[-45.5,-64.27],[-43.3,-64.28],[-41.09,-64.25],[-38.98,-64.02],[-36.91,-63.76],[-34.87,-63.46],[-33.4,-63.28],[-31.95,-63.07],[-30.29,-62.9],[-28.65,-62.71],[-26.48,-62.62],[-24.33,-62.5],[-22.2,-62.35],[-20.7,-62.14],[-19.22,-61.91],[-17.77,-61.67],[-16.81,-61.18],[-15.89,-60.69],[-14.99,-60.19],[-13.65,-59.78],[-12.34,-59.35],[-10.74,-58.93],[-9.17,-58.49],[-7.42,-58.3],[-5.7,-58.07],[-4.8,-57.62],[-3.93,-57.16],[-2.93,-56.71],[-1.97,-56.25],[-0.39,-56.1],[0.49,-55.62],[2.09,-55.31],[3.16,-55.26],[4.23,-55.19],[5.79,-55.05],[7.35,-54.88],[8.45,-54.46],[9.53,-54.04],[10.28,-53.17],[10.62,-52.34],[10.94,-51.5],[10.97,-50.73],[11,-49.96],[11.2,-49.23],[11.39,-48.49],[11.56,-47.7],[11.72,-46.91],[12.24,-46.26],[12.74,-45.6],[13.19,-45.17],[13.62,-44.73],[14.35,-44.28],[15.07,-43.82],[15.94,-43.37],[16.79,-42.9],[17.29,-42.25],[17.77,-41.59],[18.25,-40.94],[18.94,-40.35],[19.61,-39.76],[20.27,-39.16],[20.59,-38.38],[20.89,-37.58],[21.25,-36.75],[21.6,-35.92],[22.25,-35.49],[22.9,-35.06],[23.82,-34.63],[24.73,-34.2],[25.69,-34.05],[26.64,-33.9],[27.49,-33.78],[28.33,-33.66],[29.25,-33.46],[30.16,-33.25],[30.85,-32.84],[31.53,-32.42],[31.86,-31.99],[32.19,-31.56],[32.55,-31.15],[32.9,-30.74],[33.48,-30.52],[34.06,-30.3],[34.93,-29.97],[35.8,-29.63],[36.61,-29.21],[37.42,-28.79],[38.22,-28.37],[38.84,-27.86],[39.46,-27.35],[40.06,-26.84],[40.75,-26.33],[41.44,-25.82],[42.24,-25.16],[42.83,-25.79],[43.43,-26.41]]]}},{"type":"Feature","properties":{"ma":160,"type":"gpml:TopologicalNetwork","name":"aus_antarc_india_mesh","pid":501,"deforming":true},"geometry":{"type":"Polygon","coordinates":[[[73.64,-48.39],[74.64,-48.5],[75.65,-48.61],[77.01,-49],[77.82,-49.11],[78.64,-49.21],[79.06,-49.23],[79.06,-49.23],[78.98,-49.3],[78.72,-49.96],[78.44,-50.62],[78.12,-51.08],[77.72,-51.64],[77.28,-52.23],[76.84,-52.82],[76.58,-53.39],[76.32,-53.97],[76.1,-54.69],[75.87,-55.41],[75.59,-56.09],[75.3,-56.77],[74.64,-57.47],[73.94,-58.16],[72.84,-58.75],[71.71,-59.34],[70.44,-59.67],[69.15,-59.99],[67.63,-59.92],[66.13,-59.84],[64.63,-59.74],[63.51,-59.82],[62.38,-59.9],[61.16,-59.93],[59.94,-59.96],[58.81,-60.13],[57.66,-60.29],[56.47,-60.16],[55.29,-60.01],[54.26,-59.89],[53.24,-59.76],[51.88,-59.68],[50.53,-59.59],[49.11,-59.65],[47.69,-59.69],[46.38,-59.81],[45.42,-60.69],[44.07,-61.31],[42.97,-61.63],[41.69,-62.1],[40.37,-62.56],[39.31,-63.23],[38.2,-63.88],[38.35,-62.92],[38.49,-62.02],[38.89,-61.48],[39.28,-60.94],[39.97,-60.51],[40.64,-60.08],[41.62,-59.51],[40.25,-59.55],[38.43,-59.35],[37.21,-59.17],[36.01,-58.97],[34.71,-58.72],[33.43,-58.45],[32.17,-58.17],[31.35,-57.85],[30.54,-57.52],[29.77,-56.83],[28.37,-56.7],[26.87,-57.04],[25.13,-57.35],[23.36,-57.64],[21.78,-58.05],[20.16,-58.45],[18.83,-58.89],[17.46,-59.31],[15.83,-59.1],[14.22,-58.87],[14.22,-58.87],[14.86,-58.25],[15.48,-57.63],[16.08,-57],[16.29,-56.46],[16.5,-55.92],[16.5,-55.92],[16.53,-55.9],[17.39,-55.53],[18.62,-55.63],[19.86,-55.72],[19.93,-55.64],[20.9,-55.69],[21.86,-55.75],[22.93,-55.77],[24,-55.79],[25.18,-55.68],[26.36,-55.55],[27.6,-55.51],[28.83,-55.44],[29.94,-55.12],[31.03,-54.79],[32.18,-54.55],[33.31,-54.29],[34.49,-54.49],[35.68,-54.67],[36.63,-55.04],[37.6,-55.4],[38.91,-55.6],[40.23,-55.78],[41.31,-55.83],[42.4,-55.86],[43.61,-55.87],[44.83,-55.85],[46.29,-55.76],[47.75,-55.64],[48.9,-55.76],[50.05,-55.87],[50.85,-56.22],[51.66,-56.57],[52.89,-56.77],[54.13,-56.96],[55.3,-56.74],[56.46,-56.5],[57.6,-56.26],[59.01,-56],[60.4,-55.72],[61.81,-55.49],[63.19,-55.25],[64.87,-55.02],[66.52,-54.78],[67.98,-54.46],[69.41,-54.13],[69.58,-53.47],[69.75,-52.81],[70.53,-52],[70.96,-51.45],[71.38,-50.89],[71.99,-50.16],[72.59,-49.68],[73.2,-49.26],[73.64,-48.39]]]}},{"type":"Feature","properties":{"ma":160,"type":"gpml:OceanicCrust","name":"Early_Oceanic_Crust","pid":701,"deforming":false},"geometry":{"type":"Polygon","coordinates":[[[44.15,-28.69],[43.34,-29.22],[42.52,-29.74],[41.69,-30.26],[40.97,-31.01],[40.24,-31.76],[39.5,-32.51],[38.75,-33.26],[37.98,-34],[37.2,-34.73],[36.41,-35.44],[35.61,-36.15],[34.79,-36.86],[33.96,-37.55],[33.16,-38.08],[32.35,-38.59],[31.53,-39.1],[30.7,-39.61],[29.85,-40.11],[28.85,-40.62],[27.83,-41.13],[26.8,-41.63],[25.75,-42.12],[24.69,-42.59],[23.6,-43.06],[22.51,-43.52],[21.39,-43.97],[20.26,-44.4],[19.11,-44.83],[18.13,-45.39],[17.12,-45.95],[16.09,-46.5],[16.09,-46.5],[15.69,-47.28],[15.27,-48.06],[14.83,-48.83],[14.38,-49.61],[14,-50.51],[13.6,-51.41],[13.06,-52.29],[12.5,-53.16],[11.91,-54.03],[11.3,-54.9],[10.55,-55.63],[9.77,-56.35],[8.96,-57.06],[7.98,-57.77],[6.95,-58.47],[5.89,-59.17],[5.89,-59.17],[4.1,-59.13],[2.39,-59.37],[0.66,-59.59],[-0.84,-59.75],[-2.35,-59.9],[-3.87,-60.03],[-3.87,-60.03],[-3.46,-59.58],[-2.83,-59.16],[-2.21,-58.74],[-1.38,-58.48],[-0.57,-58.21],[0.56,-57.92],[1.78,-57.76],[2.54,-57.6],[3.17,-57.23],[4.52,-57.25],[5.88,-57.25],[7.5,-57.31],[9,-57.11],[10.47,-56.77],[10.86,-56.43],[11.16,-55.94],[11.45,-55.44],[11.65,-54.95],[11.85,-54.46],[12.2,-53.85],[12.54,-53.23],[13.06,-52.54],[13.32,-52.01],[13.58,-51.47],[13.02,-50.97],[13.13,-50.28],[13.24,-49.58],[14.07,-48.99],[13.99,-48.33],[14.44,-47.59],[14.41,-46.72],[14.52,-46.33],[15.51,-45.67],[16.48,-44.99],[17.28,-44.44],[18.08,-43.89],[19.1,-43.3],[20.09,-42.71],[20.99,-42.33],[21.88,-41.94],[22.76,-41.54],[23.79,-41.24],[24.81,-40.93],[25.83,-40.61],[26.68,-40.17],[27.52,-39.73],[28.35,-39.28],[29.23,-38.86],[30.09,-38.44],[30.83,-38.01],[31.56,-37.57],[32.28,-37.13],[33.08,-36.59],[33.87,-36.05],[34.66,-35.5],[35.05,-35.07],[35.43,-34.64],[35.97,-34.12],[36.51,-33.6],[37.03,-33.07],[37.71,-32.57],[38.38,-32.07],[39.04,-31.56],[39.34,-30.91],[39.64,-30.26],[39.93,-29.78],[40.55,-29.2],[41.16,-28.61],[41.69,-28.01],[42.21,-27.41],[42.73,-26.8],[43.43,-26.41],[43.43,-26.41],[43.53,-26.52],[44,-27.07],[44.48,-27.61],[44.96,-28.16],[44.15,-28.69]]]}},{"type":"Feature","properties":{"ma":160,"type":"gpml:OceanicCrust","name":"Early_Oceanic_Crust","pid":501,"deforming":false},"geometry":{"type":"Polygon","coordinates":[[[-2.32,-60.12],[-1.45,-59.81],[-1.45,-59.81],[-0.39,-59.7],[0.66,-59.59],[2.39,-59.37],[4.1,-59.13],[5.89,-59.17],[5.89,-59.17],[6.95,-58.47],[7.98,-57.77],[8.96,-57.06],[9.77,-56.35],[10.55,-55.63],[11.3,-54.9],[11.91,-54.03],[12.5,-53.16],[13.06,-52.29],[13.6,-51.41],[14,-50.51],[14.38,-49.61],[14.83,-48.83],[15.27,-48.06],[15.69,-47.28],[16.09,-46.5],[16.09,-46.5],[17.12,-45.95],[18.13,-45.39],[19.11,-44.83],[20.26,-44.4],[21.39,-43.97],[22.51,-43.52],[23.6,-43.06],[24.69,-42.59],[25.75,-42.12],[26.8,-41.63],[27.83,-41.13],[28.85,-40.62],[29.85,-40.11],[30.7,-39.61],[31.53,-39.1],[32.35,-38.59],[33.16,-38.08],[33.96,-37.55],[34.79,-36.86],[35.61,-36.15],[36.41,-35.44],[37.2,-34.73],[37.98,-34],[38.75,-33.26],[39.5,-32.51],[40.24,-31.76],[40.97,-31.01],[41.69,-30.26],[42.52,-29.74],[43.34,-29.22],[44.15,-28.69],[44.96,-28.16],[44.96,-28.16],[45.45,-28.71],[45.94,-29.26],[46.44,-29.81],[47.28,-30.21],[48.11,-30.61],[48.11,-30.61],[47.76,-30.59],[47.25,-30.57],[46.43,-30.44],[45.62,-30.3],[44.76,-30.72],[43.89,-31.14],[43.24,-31.52],[42.59,-31.89],[41.93,-32.27],[41.41,-32.8],[40.89,-33.33],[40.29,-33.84],[39.69,-34.34],[39.08,-34.83],[38.31,-35.48],[37.53,-36.12],[37.07,-36.54],[36.61,-36.96],[35.8,-37.71],[34.97,-38.45],[34.19,-38.64],[33.81,-39.27],[33.42,-39.89],[32.97,-40.73],[32.52,-41.56],[31.78,-41.84],[31.03,-42.12],[30.06,-42.34],[29.42,-42.16],[28.78,-41.65],[27.69,-42.09],[27.73,-42.63],[27.78,-43.17],[26.93,-43.64],[26.06,-44.1],[25.33,-44.74],[24.59,-45.37],[23.45,-45.59],[22.31,-45.8],[21.26,-45.79],[20.21,-45.77],[19.26,-45.58],[18.47,-46.04],[17.66,-46.5],[17.67,-47.18],[17.68,-47.87],[17.69,-48.55],[17.11,-49.31],[16.51,-50.07],[15.65,-50.39],[14.77,-50.71],[14.55,-51.22],[14.29,-51.81],[13.96,-52.54],[13.83,-53.39],[13.75,-53.88],[13.7,-54.22],[12.74,-54.75],[12.01,-55.15],[11.26,-55.54],[10.63,-56.3],[9.97,-57.05],[9.81,-57.69],[9.65,-58.33],[9.47,-58.57],[9.47,-58.57],[9.08,-59.12],[8.67,-59.66],[6.99,-60.01],[5.28,-60.33],[3.5,-60.13],[1.74,-59.91],[0.01,-59.67],[-1.24,-59.96],[-2.8,-60.35],[-3.2,-60.43],[-2.32,-60.12]]]}},{"type":"Feature","properties":{"ma":160,"type":"gpml:TopologicalClosedPlateBoundary","name":"Antarctica","pid":802,"deforming":false},"geometry":{"type":"Polygon","coordinates":[[[180,-83.65],[180,-84.55],[180,-85.46],[180,-86.37],[180,-87.28],[180,-88.18],[180,-89.09],[180,-90],[-180,-90],[-180,-89.09],[-180,-88.18],[-180,-87.28],[-180,-86.37],[-180,-85.46],[-180,-84.55],[-180,-83.65],[-180,-82.74],[-175.76,-82.37],[-171.15,-81.96],[-167.01,-81.51],[-163.29,-81.01],[-159.31,-80.3],[-155.87,-79.54],[-151.76,-79.08],[-148,-78.57],[-144.05,-78.13],[-140.39,-77.64],[-137.02,-77.1],[-133.91,-76.74],[-130.96,-76.34],[-128.19,-75.91],[-125.59,-75.44],[-123.4,-74.97],[-121.34,-74.48],[-121.34,-74.48],[-119.28,-74.35],[-116.39,-74.14],[-113.59,-73.9],[-110.87,-73.62],[-108.24,-73.3],[-105.83,-73],[-103.5,-72.66],[-101.27,-72.3],[-99.12,-71.92],[-96.63,-71.65],[-94.22,-71.35],[-91.89,-71.03],[-89.64,-70.67],[-87.09,-70.27],[-84.64,-69.84],[-82.29,-69.37],[-80.04,-68.87],[-77.9,-68.35],[-76.5,-67.73],[-75.17,-67.09],[-73.9,-66.45],[-72.71,-65.79],[-72.71,-65.79],[-70.56,-66.18],[-68.36,-66.55],[-66.09,-66.88],[-63.76,-67.18],[-61.41,-67.44],[-59.01,-67.67],[-56.57,-67.86],[-54.1,-68.01],[-51.59,-68.13],[-49.07,-68.21],[-46.86,-68.17],[-44.67,-68.1],[-42.49,-68],[-40.34,-67.88],[-38.2,-67.73],[-35.83,-67.62],[-33.47,-67.48],[-31.15,-67.3],[-28.87,-67.09],[-26.68,-66.7],[-24.56,-66.27],[-22.85,-65.81],[-21.2,-65.33],[-19.61,-64.83],[-18.52,-64.23],[-17.47,-63.62],[-15.61,-63.25],[-13.81,-62.85],[-12.05,-62.43],[-10.02,-62.29],[-8,-62.11],[-6.58,-61.83],[-5.19,-61.53],[-3.89,-61.42],[-2.6,-61.29],[-1.32,-61.08],[-0.06,-60.86],[1.27,-60.81],[2.6,-60.76],[4.2,-60.89],[5.81,-61.01],[7.06,-60.93],[8.3,-60.85],[9.65,-60.41],[10.95,-59.95],[12.5,-59.52],[14,-59.07],[14.22,-58.87],[14.22,-58.87],[15.83,-59.1],[17.46,-59.31],[18.83,-58.89],[20.16,-58.45],[21.78,-58.05],[23.36,-57.64],[25.13,-57.35],[26.87,-57.04],[28.37,-56.7],[29.77,-56.83],[30.54,-57.52],[31.35,-57.85],[32.17,-58.17],[33.43,-58.45],[34.71,-58.72],[36.01,-58.97],[37.21,-59.17],[38.43,-59.35],[40.25,-59.55],[41.62,-59.51],[40.64,-60.08],[39.97,-60.51],[39.28,-60.94],[38.89,-61.48],[38.49,-62.02],[38.35,-62.92],[38.2,-63.88],[39.31,-63.23],[40.37,-62.56],[41.69,-62.1],[42.97,-61.63],[44.07,-61.31],[45.42,-60.69],[46.38,-59.81],[47.69,-59.69],[49.11,-59.65],[50.53,-59.59],[51.88,-59.68],[53.24,-59.76],[54.26,-59.89],[55.29,-60.01],[56.47,-60.16],[57.66,-60.29],[58.81,-60.13],[59.94,-59.96],[61.16,-59.93],[62.38,-59.9],[63.51,-59.82],[64.63,-59.74],[65.98,-59.83],[67.33,-59.91],[68.69,-59.97],[68.69,-59.97],[68.65,-60.7],[68.6,-61.42],[68.56,-62.14],[68.56,-62.14],[70.09,-62.74],[71.68,-63.32],[72.69,-63.6],[73.72,-63.88],[75.24,-64.08],[76.78,-64.28],[77.94,-64.4],[79.1,-64.52],[80.8,-64.82],[82.54,-65.1],[84.32,-65.36],[86.18,-65.43],[88.04,-65.48],[89.51,-65.69],[90.99,-65.89],[92.32,-66.12],[93.68,-66.33],[95.37,-66.74],[96.56,-67.25],[97.8,-67.75],[99.29,-68.07],[100.82,-68.37],[102.89,-68.99],[103.87,-69.38],[104.88,-69.77],[106.42,-70.24],[108.04,-70.7],[109.43,-71.2],[110.9,-71.69],[111.61,-72.21],[112.36,-72.73],[112.83,-73.34],[113.34,-73.96],[114.32,-74.6],[116.37,-74.91],[118.5,-75.2],[119.96,-75.77],[120.02,-76.33],[120.09,-76.89],[121.46,-77.2],[120.21,-77.89],[119.27,-78.71],[118.74,-79.62],[116.41,-80.35],[113.71,-81.06],[116.32,-81.65],[119.31,-82.22],[119.31,-82.22],[124.9,-82.04],[130.2,-81.8],[135.15,-81.48],[135.15,-81.48],[135.05,-81.44],[132.36,-81.14],[130.55,-80.98],[129.59,-80.45],[128.73,-79.92],[131.19,-79.46],[133.18,-79.09],[133.11,-78.9],[132.48,-78.52],[131.74,-78.14],[132.94,-78.05],[133,-78.04],[134.91,-78.75],[137.07,-79.44],[139.53,-80.12],[142.34,-80.77],[145.56,-81.41],[147.28,-82.11],[149.32,-82.81],[153.5,-83.06],[157.96,-83.27],[164.82,-83.38],[171.21,-83.3],[175.78,-83.04],[180,-82.74],[180,-83.65]]]}},{"type":"Feature","properties":{"ma":160,"type":"gpml:TopologicalClosedPlateBoundary","name":"Eurasia","pid":301,"deforming":false},"geometry":{"type":"Polygon","coordinates":[[[5.97,41.63],[5.98,42.06],[5.87,42.37],[5.87,42.37],[5.61,42.47],[5.42,43.19],[5.22,43.91],[5.19,44.6],[5.16,45.29],[4.74,46.14],[4.3,46.99],[3.47,47.36],[2.64,47.73],[1.4,47.59],[0.17,47.44],[-0.96,47.74],[-2.12,48.02],[-3.28,48.3],[-4.23,48.63],[-5.19,48.95],[-6.16,49.26],[-5.85,50.23],[-5.53,51.19],[-5.19,52.16],[-4.84,53.13],[-4.99,54.1],[-5.14,55.07],[-5.31,56.04],[-5.48,57.01],[-5.66,57.98],[-4.95,58.53],[-5.14,59.26],[-5.34,59.99],[-5.54,60.72],[-5.64,61.57],[-5.75,62.42],[-5.86,63.27],[-5.98,64.12],[-6.1,64.97],[-6.2,65.95],[-6.3,66.93],[-6.41,67.91],[-6.53,68.89],[-6.66,69.87],[-6.66,69.87],[-6.64,70.76],[-6.63,71.65],[-6.61,72.55],[-6.6,73.44],[-6.89,74.3],[-7.21,75.15],[-7.57,76.01],[-7.98,76.86],[-7.98,76.86],[-11.57,76.72],[-15.07,76.52],[-18.46,76.28],[-22.21,75.96],[-22.21,75.96],[-21.37,76.92],[-20.39,77.88],[-18.71,78.48],[-16.84,79.07],[-15.78,79.64],[-14.61,80.21],[-15.19,80.71],[-15.84,81.2],[-20.45,81.49],[-25.35,81.72],[-31.39,81.71],[-37.35,81.61],[-41.9,81.78],[-46.61,81.89],[-51.41,81.95],[-57.41,82.14],[-63.62,82.23],[-69.91,82.23],[-75.59,82.17],[-81.13,82.04],[-82.21,82.03],[-82.21,82.03],[-82.25,82.53],[-82.3,83.04],[-81.9,83.81],[-81.39,84.57],[-80.71,85.34],[-79.76,86.11],[-79.45,86.87],[-78.95,87.64],[-77.96,88.4],[-75.17,89.16],[10.68,89.89],[89.41,89.15],[93.2,88.32],[97.69,87.65],[100.19,86.97],[101.77,86.29],[102.61,85.54],[103.21,84.79],[103.73,84.4],[103.73,84.4],[101.49,83.68],[99.72,82.94],[98.27,82.21],[94.43,81.46],[91.21,80.69],[88.48,79.88],[86.16,79.06],[84.16,78.23],[82.43,77.38],[80.91,76.52],[79.57,75.66],[78.38,74.79],[78.72,73.98],[79.02,73.18],[79.3,72.38],[79.56,71.57],[77.75,71.02],[76.03,70.45],[74.42,69.87],[73.99,69.19],[73.6,68.51],[73.22,67.82],[73.31,66.95],[73.39,66.08],[73.46,65.21],[73.53,64.34],[72.69,63.65],[71.88,62.95],[71.12,62.25],[70.38,61.54],[70.38,61.54],[69.68,60.81],[69.01,60.08],[68.37,59.34],[67.75,58.6],[68.79,58.06],[69.79,57.51],[70.76,56.95],[71.7,56.38],[72.85,55.95],[73.98,55.5],[75.08,55.05],[76.15,54.58],[76.23,54],[76.31,53.42],[75.53,52.77],[74.78,52.11],[73.85,51.56],[72.93,50.99],[72.04,50.42],[71.16,49.84],[70.13,49.15],[69.12,48.45],[68.14,47.74],[67.58,47.16],[67.04,46.59],[66.5,46.01],[65.94,45.15],[65.4,44.28],[64.87,43.41],[64.36,42.54],[63.86,41.67],[64.25,40.84],[64.63,40.02],[65.1,39.33],[65.57,38.65],[65.7,37.92],[65.83,37.2],[65.97,36.47],[65.78,35.67],[65.59,34.86],[65.41,34.06],[65.23,33.25],[65.05,32.45],[64.34,31.78],[63.64,31.1],[62.95,30.43],[62.95,30.43],[63.28,29.5],[63.6,28.57],[63.92,27.63],[64.23,26.7],[64.54,25.77],[64.85,24.83],[64.87,23.89],[64.87,23.89],[65.74,23.46],[66.6,23.03],[67.45,22.59],[68.3,22.15],[69.24,21.89],[70.18,21.62],[71.11,21.35],[71.97,21.12],[71.97,21.12],[71.82,20.33],[71.67,19.54],[71.52,18.74],[70.64,18.64],[69.75,18.53],[68.87,18.42],[67.99,18.31],[67.12,18.19],[66.24,18.06],[65.53,18.16],[64.82,18.26],[64.1,18.35],[63.31,18.55],[62.51,18.75],[61.72,18.91],[60.93,19.06],[60.31,19.25],[59.68,19.43],[59.06,19.82],[58.44,20.22],[57.82,20.61],[57.16,21.06],[56.5,21.5],[55.51,21.69],[54.52,21.87],[53.47,21.99],[52.42,22.1],[51.36,22.2],[50.58,22.18],[49.8,22.16],[49.01,22.13],[48.14,22.18],[47.26,22.23],[46.4,22.43],[45.53,22.62],[44.89,22.75],[44.25,22.88],[43.71,23.08],[43.16,23.28],[42.87,23.37],[42.87,23.37],[42.87,23.31],[42.77,22.75],[42.77,22.75],[41.88,22.53],[41,22.31],[40.04,21.92],[39.08,21.52],[38.13,21.12],[37.19,20.71],[36.25,20.3],[35.33,19.81],[34.41,19.31],[33.5,18.8],[32.6,18.3],[31.7,17.78],[30.87,17.62],[30.04,17.45],[29.21,17.28],[28.38,17.11],[27.35,16.99],[26.31,16.86],[25.28,16.73],[24.61,16.74],[23.93,16.76],[23.93,16.76],[24.54,17.23],[25.15,17.71],[25.77,18.18],[26.37,18.75],[26.97,19.33],[27.57,19.9],[28.18,20.47],[28.76,21.05],[29.35,21.62],[29.94,22.19],[30.54,22.76],[31.03,23.38],[31.53,24.01],[32.04,24.63],[32.04,24.63],[30.98,24.68],[29.91,24.73],[28.84,24.77],[27.78,24.8],[26.71,24.83],[25.64,24.84],[24.58,24.85],[23.51,24.85],[23.51,24.85],[22.67,24.54],[21.84,24.21],[21.01,23.88],[20.18,23.55],[19.84,23.04],[19.49,22.53],[19.55,22.29],[18.97,21.52],[18.4,20.75],[18.45,20.56],[17.93,19.9],[17.41,19.23],[17.41,19.23],[17.99,18.67],[18.57,18.1],[18.57,18.1],[17.8,18.49],[17.03,18.87],[16.57,18.12],[16.11,17.37],[15.65,16.62],[15.2,15.87],[14.75,15.12],[14.09,14.46],[13.43,13.8],[13.43,13.8],[13.23,13.94],[13.23,13.94],[12.66,13.46],[12.1,12.99],[11.54,12.51],[11.54,12.51],[11.8,12.15],[11.8,12.15],[11.25,11.74],[10.71,11.33],[10.16,10.92],[10.16,10.92],[10.2,10.77],[10.2,10.77],[9.31,10.45],[8.43,10.13],[7.54,9.81],[6.66,9.49],[6.8,8.8],[5.9,8.56],[5,8.31],[4.1,8.07],[3.2,7.82],[2.31,7.58],[1.41,7.33],[0.52,7.07],[-0.38,6.82],[-0.38,6.82],[-0.87,7.01],[-1.55,7.28],[-2.35,7.81],[-3.11,8.32],[-3.56,8.62],[-3.82,8.79],[-4.2,9.12],[-4.57,9.45],[-5.01,9.83],[-5.22,10.01],[-5.51,10.28],[-5.51,10.28],[-5.46,10.32],[-5.27,10.49],[-5.05,10.69],[-4.87,10.84],[-4.63,11.05],[-4.4,11.25],[-4.17,11.58],[-4.07,11.98],[-3.99,12.3],[-3.86,12.54],[-3.48,12.95],[-3.08,13.23],[-2.88,13.45],[-2.62,13.82],[-2.46,14.01],[-2.32,14.33],[-2.16,14.64],[-1.98,14.91],[-1.85,15.18],[-1.75,15.43],[-1.66,15.63],[-1.6,15.77],[-1.49,15.89],[-1.38,16.05],[-1.29,16.26],[-1.16,16.41],[-1.12,16.46],[-1.12,16.46],[-0.84,16.53],[-0.32,16.59],[0.35,16.67],[0.92,16.76],[1.49,17.12],[1.76,17.28],[1.76,17.28],[1.94,17.57],[2.37,17.8],[2.98,18.07],[3.3,18.36],[3.65,18.54],[4.2,18.92],[4.68,19.29],[4.95,19.56],[5.19,19.77],[5.35,19.99],[5.52,20.21],[5.78,20.4],[6.12,20.48],[6.51,20.62],[6.95,20.66],[7.41,20.61],[7.87,20.5],[8.24,20.38],[8.54,20.19],[9.13,20.03],[9.66,19.92],[10.18,19.9],[10.48,19.89],[10.78,19.94],[11.14,20.07],[11.41,20.49],[11.64,20.8],[11.87,21.1],[12.14,21.46],[12.43,21.88],[12.6,22.2],[12.6,22.2],[12.31,22.32],[12.2,22.36],[11.91,22.54],[11.43,22.75],[10.87,23.04],[10.34,23.26],[9.81,23.53],[9.37,23.74],[9.18,23.92],[9.05,24.03],[8.87,24.26],[8.72,24.65],[8.57,24.96],[8.55,25.34],[8.52,25.89],[8.41,26.31],[8.2,26.82],[7.63,27.27],[7.41,27.54],[7.01,27.68],[6.63,27.64],[6.16,27.81],[5.95,27.95],[5.73,28.22],[5.72,28.42],[5.7,28.64],[5.63,28.89],[5.52,29.2],[5.51,29.44],[5.41,29.9],[5.26,30.48],[5.14,30.93],[4.98,31.41],[4.94,31.87],[4.9,31.99],[4.9,31.99],[4.93,32.06],[4.94,32.17],[4.93,32.33],[4.95,32.49],[4.98,32.71],[5.02,32.94],[5.18,33.23],[5.32,33.38],[5.45,33.61],[5.48,33.65],[5.56,33.75],[5.61,33.81],[5.66,33.96],[5.68,34.02],[5.53,34.17],[5.43,34.29],[5.36,34.56],[5.31,34.68],[5.25,34.83],[5.44,35.09],[5.54,35.29],[5.51,35.55],[5.38,35.78],[5.27,35.99],[5.12,36.27],[4.9,36.47],[4.76,36.64],[4.67,36.79],[4.69,36.95],[4.85,37.13],[4.91,37.29],[5.07,37.52],[5.14,37.74],[5.35,37.93],[5.52,38.13],[5.74,38.3],[5.85,38.62],[5.78,39],[5.74,39.2],[5.73,39.59],[5.74,39.88],[5.89,40.39],[5.94,40.65],[5.96,40.91],[6.15,41.23],[5.99,41.41],[5.97,41.63]]]}},{"type":"Feature","properties":{"ma":160,"type":"gpml:TopologicalClosedPlateBoundary","name":"Farallon Plate 165-160","pid":902,"deforming":false},"geometry":{"type":"Polygon","coordinates":[[[-81.93,74.84],[-79.47,74.13],[-77.22,73.39],[-75.16,72.63],[-73.11,72.14],[-71.16,71.62],[-69.31,71.09],[-67.16,70.5],[-65.13,69.89],[-64.3,69.64],[-64.3,69.64],[-63.93,68.8],[-63.59,67.95],[-62.2,67.2],[-60.89,66.44],[-59.45,65.92],[-58.07,65.39],[-56.75,64.85],[-55.2,64.13],[-53.73,63.4],[-52.77,62.89],[-52.77,62.89],[-53.36,62.19],[-53.91,61.48],[-54.45,60.77],[-54.96,60.06],[-55.34,59.39],[-55.7,58.71],[-56.05,58.04],[-55.84,57.29],[-55.63,56.54],[-55.44,55.79],[-55.24,55.04],[-54.79,54.33],[-54.34,53.62],[-53.91,52.91],[-53.97,52.17],[-54.02,51.42],[-54.08,50.67],[-54.56,49.93],[-55.02,49.18],[-55.47,48.44],[-56.08,47.56],[-56.67,46.69],[-56.97,45.92],[-57.25,45.15],[-57.53,44.38],[-57.79,43.61],[-58,42.74],[-58.2,41.87],[-58.4,41],[-58.19,40.2],[-57.99,39.4],[-57.8,38.6],[-57.46,37.7],[-57.13,36.8],[-57.13,36.8],[-57.9,36.05],[-58.62,35.32],[-59.32,34.59],[-60.01,33.84],[-60.68,33.1],[-61.12,32.32],[-61.54,31.54],[-61.96,30.75],[-62.37,29.96],[-62.77,29.18],[-62.7,28.41],[-62.64,27.64],[-62.57,26.87],[-62.51,26.1],[-62.35,25.15],[-62.19,24.21],[-62.04,23.26],[-61.88,22.31],[-61.73,21.37],[-61.58,20.42],[-61.43,19.48],[-61.32,18.5],[-61.2,17.52],[-61.09,16.54],[-60.97,15.57],[-60.86,14.59],[-60.75,13.61],[-60.63,13.33],[-60.63,13.33],[-60.66,13.03],[-60.58,12.26],[-60.58,12.26],[-61.09,11.81],[-61.6,11.35],[-61.98,10.97],[-62.37,10.6],[-62.61,9.87],[-62.86,9.13],[-63.1,8.4],[-63.26,7.6],[-63.42,6.8],[-63.59,5.99],[-63.7,5.23],[-63.82,4.47],[-63.94,3.71],[-63.99,2.96],[-64.05,2.21],[-63.62,1.6],[-63.2,0.98],[-62.96,0.31],[-62.73,-0.36],[-62.49,-1.04],[-62.19,-1.66],[-61.89,-2.29],[-61.51,-2.91],[-61.13,-3.54],[-60.75,-4.16],[-60.33,-4.91],[-59.91,-5.65],[-59.59,-6.35],[-59.27,-7.05],[-59.31,-7.76],[-59.36,-8.47],[-59.55,-9.35],[-59.78,-9.92],[-60,-10.48],[-60.51,-11.17],[-60.36,-11.83],[-60.2,-12.49],[-60.03,-13.21],[-60.03,-13.21],[-60.31,-13.93],[-60.59,-14.64],[-60.87,-15.36],[-61.15,-16.08],[-61.06,-16.94],[-60.98,-17.81],[-60.89,-18.67],[-60.77,-19.53],[-60.65,-20.38],[-60.53,-21.24],[-60.4,-22.09],[-60.28,-22.94],[-60.15,-23.8],[-59.91,-24.61],[-59.67,-25.41],[-59.42,-26.22],[-59.22,-26.9],[-59.02,-27.58],[-58.81,-28.26],[-58.53,-28.62],[-58.53,-28.62],[-59.55,-29.01],[-60.59,-29.39],[-61.63,-29.76],[-62.69,-30.13],[-63.74,-30.48],[-64.81,-30.83],[-65.89,-31.17],[-66.97,-31.5],[-68.06,-31.82],[-69.16,-32.14],[-70.26,-32.44],[-71.37,-32.73],[-72.49,-33.01],[-73.62,-33.29],[-74.75,-33.55],[-75.89,-33.8],[-77.04,-34.04],[-78.19,-34.27],[-79.35,-34.49],[-79.53,-33.75],[-79.71,-33.01],[-79.89,-32.26],[-81.06,-32.4],[-82.24,-32.53],[-83.41,-32.65],[-84.6,-32.76],[-85.78,-32.85],[-86.97,-32.94],[-88.15,-33.01],[-89.34,-33.08],[-90.54,-33.13],[-90.53,-32.36],[-90.52,-31.59],[-90.51,-30.82],[-90.5,-30.05],[-91.57,-29.97],[-92.63,-29.89],[-93.69,-29.8],[-94.75,-29.7],[-95.8,-29.6],[-96.85,-29.48],[-97.91,-29.36],[-98.95,-29.22],[-100,-29.08],[-101.04,-28.93],[-102.08,-28.78],[-103.12,-28.61],[-104.15,-28.44],[-103.91,-27.47],[-103.68,-26.49],[-103.45,-25.51],[-104.43,-25.25],[-105.41,-24.98],[-106.38,-24.7],[-107.35,-24.42],[-108.31,-24.13],[-109.27,-23.84],[-110.23,-23.54],[-111.18,-23.23],[-112.13,-22.92],[-113.07,-22.6],[-114.01,-22.28],[-114.94,-21.95],[-115.87,-21.61],[-115.61,-20.96],[-115.34,-20.3],[-115.08,-19.64],[-116.05,-19.28],[-117.01,-18.9],[-117.97,-18.53],[-118.92,-18.14],[-119.87,-17.76],[-120.82,-17.37],[-121.76,-16.97],[-122.7,-16.57],[-123.63,-16.16],[-124.56,-15.76],[-125.49,-15.34],[-126.41,-14.93],[-126.03,-14.17],[-125.66,-13.42],[-125.29,-12.67],[-126.11,-12.13],[-126.92,-11.59],[-127.73,-11.05],[-128.54,-10.51],[-129.34,-9.97],[-130.15,-9.42],[-130.95,-8.87],[-131.74,-8.32],[-132.54,-7.77],[-132.95,-7.49],[-133.65,-7.15],[-134.35,-6.8],[-135.05,-6.45],[-135.05,-6.45],[-135.61,-5.72],[-136.16,-4.99],[-136.71,-4.26],[-137.27,-3.53],[-137.82,-2.8],[-138.37,-2.07],[-138.92,-1.33],[-139.47,-0.6],[-140.02,0.13],[-140.57,0.86],[-141.09,1.61],[-141.6,2.36],[-142.12,3.11],[-142.64,3.86],[-143.15,4.6],[-143.67,5.35],[-144.19,6.1],[-144.72,6.84],[-145.24,7.59],[-145.77,8.33],[-146.09,8.78],[-146.41,9.22],[-146.41,9.22],[-146.26,9.32],[-146.26,9.32],[-146.23,9.54],[-146.05,10.36],[-145.86,11.18],[-145.68,12],[-145.42,12.91],[-145.17,13.82],[-144.91,14.72],[-144.64,15.63],[-144.38,16.54],[-144.11,17.45],[-143.84,18.35],[-143.57,19.26],[-143.3,20.16],[-143.02,21.07],[-142.74,21.97],[-142.45,22.88],[-142.16,23.78],[-141.87,24.68],[-141.57,25.59],[-141.27,26.49],[-140.37,26.29],[-139.49,26.08],[-138.6,25.87],[-137.72,25.65],[-136.84,25.42],[-136.5,26.37],[-136.17,27.31],[-135.82,28.25],[-135.47,29.18],[-135.12,30.12],[-134.75,31.06],[-134.38,31.99],[-134,32.93],[-133.62,33.86],[-133.22,34.79],[-132.82,35.72],[-132.41,36.65],[-131.98,37.58],[-131.55,38.51],[-131.1,39.43],[-130.65,40.35],[-130.18,41.27],[-129.69,42.19],[-129.2,43.11],[-128.68,44.02],[-128.15,44.94],[-129.12,45.2],[-130.09,45.46],[-129.57,46.32],[-129.04,47.18],[-128.48,48.03],[-127.91,48.88],[-127.31,49.73],[-126.7,50.58],[-126.06,51.42],[-125.4,52.26],[-124.72,53.1],[-124,53.93],[-123.26,54.75],[-122.13,54.46],[-121.01,54.15],[-119.91,53.84],[-119.11,54.71],[-118.27,55.58],[-117.4,56.44],[-116.48,57.3],[-115.52,58.15],[-114.52,58.99],[-113.46,59.82],[-112.35,60.64],[-114.15,61.12],[-116,61.58],[-115.06,62.39],[-114.07,63.21],[-113.03,64.01],[-111.92,64.81],[-110.75,65.59],[-109.5,66.37],[-108.18,67.14],[-106.77,67.89],[-105.26,68.64],[-103.65,69.36],[-105.68,70.05],[-107.84,70.71],[-105.77,71.3],[-103.58,71.87],[-101.25,72.41],[-98.79,72.92],[-96.18,73.39],[-93.43,73.84],[-90.54,74.25],[-87.5,74.61],[-85.55,74.8],[-83.54,74.97],[-82.32,75.03],[-81.93,74.84]]]}},{"type":"Feature","properties":{"ma":160,"type":"gpml:TopologicalClosedPlateBoundary","name":"NAM","pid":101,"deforming":false},"geometry":{"type":"Polygon","coordinates":[[[-5,52.69],[-5.31,51.83],[-5.6,50.97],[-5.88,50.12],[-6.16,49.26],[-5.19,48.95],[-4.23,48.63],[-3.28,48.3],[-2.12,48.02],[-0.96,47.74],[0.17,47.44],[1.4,47.59],[2.64,47.73],[3.47,47.36],[4.3,46.99],[4.74,46.14],[5.16,45.29],[5.19,44.6],[5.22,43.91],[5.42,43.19],[5.61,42.47],[5.87,42.37],[5.87,42.37],[5.98,42.06],[5.97,41.63],[5.99,41.43],[5.99,41.43],[5.95,41.42],[5.72,41.23],[5.45,41.05],[5.15,40.54],[4.93,40.11],[4.79,39.99],[4.69,39.79],[4.68,39.6],[4.68,39.41],[4.61,39.07],[4.52,38.82],[4.32,38.55],[4.16,38.4],[3.68,38.07],[3.41,37.67],[3.21,37.46],[3.07,37.31],[2.98,37.15],[3.01,36.97],[3.03,36.75],[3,36.56],[2.94,36.4],[2.89,36.23],[2.9,36],[2.98,35.83],[3.3,35.62],[3.5,35.53],[3.69,35.32],[3.63,35.17],[3.56,34.93],[3.47,34.27],[3.48,34.21],[3.76,33.86],[3.78,33.67],[3.44,33.19],[3.14,32.88],[2.64,32.28],[2.22,31.73],[1.92,31.03],[1.77,30.68],[1.37,30.14],[0.66,29.68],[0.2,29.31],[-0.41,29.04],[-0.92,28.67],[-1.65,28.31],[-2.42,28.06],[-2.8,27.95],[-3.01,27.16],[-2.69,26.64],[-2.38,26.12],[-2.28,25.44],[-2.53,24.77],[-2.79,24.09],[-3.18,23.62],[-3.56,23.15],[-4.04,22.75],[-4.64,22.14],[-4.95,21.61],[-5.33,21.25],[-5.76,20.56],[-6.01,19.86],[-6.13,19.34],[-6.13,19.34],[-6.11,19.22],[-6.07,18.91],[-6.08,18.54],[-6.13,18.17],[-6.18,17.91],[-6.24,17.63],[-6.23,17.41],[-6.19,17.28],[-6.17,17.08],[-6.14,16.95],[-6.14,16.95],[-5.98,16.82],[-5.89,16.73],[-5.82,16.66],[-5.71,16.53],[-5.63,16.44],[-5.54,16.29],[-5.47,16.13],[-5.41,15.99],[-5.35,15.8],[-5.43,15.57],[-5.58,15.37],[-5.67,15.21],[-5.78,15.06],[-5.91,14.89],[-6.04,14.73],[-6.14,14.6],[-6.27,14.49],[-6.4,14.36],[-6.54,14.28],[-6.62,14.2],[-6.77,14.14],[-6.92,14.07],[-7.27,13.9],[-7.27,13.9],[-7.27,13.9],[-7.03,13.78],[-6.74,13.71],[-6.5,13.79],[-6.41,13.82],[-6.32,13.84],[-6.19,13.94],[-6.11,14.03],[-6.01,14.1],[-5.89,14.17],[-5.75,14.25],[-5.66,14.33],[-5.57,14.47],[-5.5,14.59],[-5.41,14.69],[-5.28,14.79],[-5.15,14.89],[-5.02,15],[-4.94,15.07],[-4.87,15.13],[-4.81,15.2],[-4.75,15.27],[-4.69,15.34],[-4.69,15.34],[-4.63,15.19],[-4.63,15.15],[-4.63,15.15],[-4.68,15.14],[-4.75,15.14],[-4.79,15.11],[-4.85,15.06],[-4.9,15.01],[-5.02,14.9],[-5.1,14.82],[-5.16,14.76],[-5.29,14.67],[-5.37,14.62],[-5.42,14.55],[-5.55,14.34],[-5.7,14.21],[-5.83,14.09],[-5.95,13.98],[-6.13,13.85],[-6.39,13.64],[-6.44,13.53],[-6.54,13.37],[-6.54,13.23],[-6.54,13.06],[-6.58,12.91],[-6.62,12.78],[-6.84,12.58],[-6.96,12.47],[-7.13,12.32],[-7.28,12.2],[-7.46,12.04],[-7.49,11.99],[-7.49,11.99],[-7.69,12.15],[-8.13,12.54],[-8.58,12.92],[-8.8,13.07],[-8.8,13.07],[-8.85,13.16],[-8.85,13.36],[-8.54,13.32],[-8.38,13.42],[-8.3,13.52],[-8.55,13.73],[-8.71,13.92],[-8.82,14.03],[-8.94,14.18],[-9.16,14.29],[-9.31,14.52],[-9.64,14.65],[-10.42,14.83],[-11.09,15.06],[-11.81,15.28],[-12.45,15.37],[-12.98,15.43],[-13.49,15.46],[-13.98,15.47],[-14.57,15.46],[-15.23,15.58],[-15.71,15.72],[-16.05,15.72],[-16.7,15.65],[-17.27,15.56],[-17.89,15.35],[-18.62,15.01],[-19.16,14.75],[-19.96,14.68],[-20.49,14.58],[-21.31,14.5],[-22.08,14.5],[-22.56,14.52],[-23.11,14.29],[-23.49,14.46],[-23.74,14.39],[-23.99,13.84],[-24.37,13.56],[-24.85,13.46],[-25.2,13.22],[-25.54,12.98],[-25.72,13],[-25.97,12.98],[-26.45,12.88],[-26.74,12.91],[-27.03,13.01],[-27.28,13.05],[-27.42,12.95],[-27.84,12.83],[-28.05,12.4],[-28.36,11.98],[-28.87,11.54],[-29.39,11.11],[-29.76,10.83],[-30.57,10.35],[-31.22,10.08],[-31.44,9.48],[-31.7,8.73],[-32.19,8.32],[-32.77,7.93],[-33.41,7.84],[-34.05,7.75],[-34.58,7.63],[-34.9,7.57],[-35.24,7.5],[-35.37,7.31],[-35.76,7.04],[-36.16,6.75],[-36.58,6.39],[-36.89,6.11],[-37.09,6],[-37.09,6],[-37.1,6.01],[-37.79,6.7],[-38.28,7.2],[-38.77,7.69],[-39.48,8.17],[-40.19,8.65],[-40.81,9.21],[-41.48,9.6],[-41.97,9.91],[-42.46,10.21],[-42.94,10.46],[-43.42,10.71],[-43.89,11],[-44.35,11.28],[-45.15,11.87],[-45.88,12.07],[-46.6,12.28],[-47.12,12.45],[-47.63,12.62],[-48.65,12.63],[-49.19,12.68],[-49.72,12.72],[-50.42,12.33],[-51.13,11.94],[-51.83,11.55],[-52.57,10.9],[-53.31,10.25],[-53.31,10.25],[-53.4,10.38],[-53.93,11.11],[-54.45,11.84],[-54.98,12.57],[-55.55,13.34],[-56.12,14.1],[-56.69,14.87],[-57.29,15.68],[-57.91,16.48],[-58.52,17.28],[-59.14,18.08],[-59.77,18.88],[-60.4,19.68],[-61.04,20.47],[-61.69,21.09],[-61.69,21.09],[-61.82,21.92],[-61.95,22.76],[-62.09,23.59],[-62.23,24.43],[-62.37,25.26],[-62.51,26.1],[-62.57,26.87],[-62.64,27.64],[-62.7,28.41],[-62.77,29.18],[-62.37,29.96],[-61.96,30.75],[-61.54,31.54],[-61.12,32.32],[-60.68,33.1],[-60.01,33.84],[-59.32,34.59],[-58.62,35.32],[-57.9,36.05],[-57.13,36.8],[-57.13,36.8],[-56.94,36.29],[-56.76,35.78],[-56.76,35.78],[-56.12,36.19],[-55.56,36.63],[-54.99,37.07],[-54.51,37.56],[-54.02,38.04],[-53.84,38.8],[-53.65,39.56],[-53.46,40.32],[-53.27,41.08],[-53.16,42.04],[-53.04,42.99],[-52.93,43.94],[-52.65,44.81],[-52.36,45.68],[-52.06,46.54],[-51.75,47.41],[-51.42,48.16],[-51.08,48.92],[-50.74,49.67],[-50.38,50.43],[-50.05,51.18],[-49.72,51.92],[-49.71,52.81],[-49.7,53.7],[-50.48,54.45],[-51.3,55.2],[-52.37,55.67],[-53.48,56.14],[-54.61,56.59],[-55.77,57.04],[-55.77,57.04],[-55.91,57.54],[-56.05,58.04],[-55.85,58.43],[-55.85,58.43],[-54.26,58.44],[-52.68,58.43],[-51.09,58.4],[-49.51,58.35],[-47.7,58.12],[-45.91,57.86],[-44.15,57.58],[-42.83,57.03],[-41.55,56.47],[-40.3,55.89],[-39.09,55.31],[-37.92,54.71],[-36.57,54.14],[-35.26,53.55],[-33.98,52.95],[-33.98,52.95],[-34.11,52.82],[-34.29,52.71],[-34.49,52.59],[-34.49,52.59],[-34.2,52.49],[-33.72,52.51],[-32.76,52.61],[-31.96,52.78],[-31.16,52.96],[-30.32,53.12],[-29.47,53.27],[-28.52,53.48],[-27.57,53.68],[-26.04,53.96],[-24.49,54.21],[-23.23,54.26],[-21.97,54.29],[-20.71,54.05],[-19.45,53.81],[-18.21,53.55],[-17.07,53.37],[-15.94,53.19],[-14.81,52.99],[-13.48,52.89],[-12.15,52.77],[-10.63,52.87],[-9.11,52.95],[-7.73,52.88],[-6.36,52.79],[-5,52.69]]]}},{"type":"Feature","properties":{"ma":160,"type":"gpml:TopologicalClosedPlateBoundary","name":"West Gondwana","pid":701,"deforming":false},"geometry":{"type":"Polygon","coordinates":[[[44.19,-27.28],[43.53,-26.52],[42.88,-25.84],[42.24,-25.16],[42.24,-25.16],[41.44,-25.82],[40.75,-26.33],[40.06,-26.84],[39.46,-27.35],[38.84,-27.86],[38.22,-28.37],[37.42,-28.79],[36.61,-29.21],[35.8,-29.63],[34.93,-29.97],[34.06,-30.3],[33.48,-30.52],[32.9,-30.74],[32.55,-31.15],[32.19,-31.56],[31.86,-31.99],[31.53,-32.42],[30.85,-32.84],[30.16,-33.25],[29.25,-33.46],[28.33,-33.66],[27.49,-33.78],[26.64,-33.9],[25.69,-34.05],[24.73,-34.2],[23.82,-34.63],[22.9,-35.06],[22.25,-35.49],[21.6,-35.92],[21.25,-36.75],[20.89,-37.58],[20.59,-38.38],[20.27,-39.16],[19.61,-39.76],[18.94,-40.35],[18.25,-40.94],[17.77,-41.59],[17.29,-42.25],[16.79,-42.9],[15.94,-43.37],[15.07,-43.82],[14.35,-44.28],[13.62,-44.73],[13.19,-45.17],[12.74,-45.6],[12.24,-46.26],[11.72,-46.91],[11.56,-47.7],[11.39,-48.49],[11.2,-49.23],[11,-49.96],[10.97,-50.73],[10.94,-51.5],[10.62,-52.34],[10.28,-53.17],[9.53,-54.04],[8.45,-54.46],[7.35,-54.88],[5.79,-55.05],[4.23,-55.19],[3.16,-55.26],[2.09,-55.31],[0.49,-55.62],[-0.39,-56.1],[-1.97,-56.25],[-2.93,-56.71],[-3.93,-57.16],[-4.8,-57.62],[-5.7,-58.07],[-7.42,-58.3],[-9.17,-58.49],[-10.74,-58.93],[-12.34,-59.35],[-13.65,-59.78],[-14.99,-60.19],[-15.89,-60.69],[-16.81,-61.18],[-17.77,-61.67],[-19.22,-61.91],[-20.7,-62.14],[-22.2,-62.35],[-24.33,-62.5],[-26.48,-62.62],[-28.65,-62.71],[-30.29,-62.9],[-31.95,-63.07],[-33.4,-63.28],[-34.87,-63.46],[-36.91,-63.76],[-38.98,-64.02],[-41.09,-64.25],[-43.3,-64.28],[-45.5,-64.27],[-47.7,-64.23],[-49.29,-64.31],[-50.88,-64.38],[-52.48,-64.42],[-54.43,-64.36],[-56.36,-64.27],[-58.27,-64.16],[-60.18,-64.02],[-62.06,-63.86],[-63.97,-63.75],[-65.87,-63.62],[-67.75,-63.46],[-67.75,-63.46],[-67.82,-63.13],[-67.9,-62.83],[-67.89,-62.58],[-67.91,-62.26],[-67.9,-61.89],[-67.71,-61.45],[-67.42,-61.11],[-67.22,-60.9],[-66.99,-60.65],[-66.71,-60.36],[-66.27,-59.91],[-65.85,-59.51],[-65.56,-59.18],[-65.35,-58.85],[-65.35,-58.41],[-65.32,-58.13],[-65.3,-57.9],[-65.28,-57.82],[-65.21,-57.57],[-65.12,-57.26],[-65,-56.9],[-64.87,-56.6],[-64.74,-56.28],[-64.59,-55.92],[-64.48,-55.66],[-64.22,-55.01],[-64.05,-54.59],[-63.88,-54.19],[-63.71,-53.81],[-63.47,-53.3],[-63.34,-53.01],[-63.18,-52.55],[-63.08,-52.26],[-62.96,-51.9],[-62.7,-51.62],[-62.38,-51.04],[-62.38,-51.04],[-62.32,-50.71],[-62.32,-50.71],[-62.31,-50.58],[-62.22,-50.31],[-61.77,-49.49],[-61.33,-48.67],[-61.29,-47.93],[-61.24,-47.19],[-61.19,-46.35],[-61.14,-45.51],[-60.69,-44.74],[-60.24,-43.98],[-59.81,-43.21],[-59.39,-42.43],[-58.97,-41.66],[-58.84,-40.89],[-58.7,-40.11],[-58.58,-39.34],[-58.45,-38.57],[-58.37,-37.7],[-58.29,-36.83],[-58.25,-36.4],[-58.2,-36],[-58.19,-35.68],[-58.13,-35.11],[-58.1,-34.4],[-57.95,-33.93],[-57.76,-33.09],[-57.66,-32.6],[-57.71,-32],[-57.71,-32],[-57.74,-31.72],[-57.8,-31.36],[-57.81,-30.81],[-57.99,-30.07],[-58.1,-29.55],[-58.2,-29.02],[-58.81,-28.26],[-59.02,-27.58],[-59.22,-26.9],[-59.42,-26.22],[-59.67,-25.41],[-59.91,-24.61],[-60.15,-23.8],[-60.28,-22.94],[-60.4,-22.09],[-60.53,-21.24],[-60.65,-20.38],[-60.77,-19.53],[-60.89,-18.67],[-60.98,-17.81],[-61.06,-16.94],[-61.15,-16.08],[-60.87,-15.36],[-60.59,-14.64],[-60.31,-13.93],[-60.03,-13.21],[-60.03,-13.21],[-60.2,-12.49],[-60.36,-11.83],[-60.51,-11.17],[-60,-10.48],[-59.89,-10.22],[-59.89,-10.22],[-59.06,-10.56],[-58.41,-10.58],[-57.76,-10.59],[-57.2,-10.48],[-56.65,-10.37],[-56.06,-10.46],[-55.46,-10.55],[-54.94,-10.74],[-54.41,-10.93],[-53.73,-11.26],[-53.05,-11.58],[-52.17,-11.78],[-51.29,-11.98],[-50.48,-11.79],[-49.66,-11.59],[-48.94,-11.19],[-48.22,-10.79],[-47.58,-10.41],[-46.94,-10.04],[-46.33,-9.79],[-45.71,-9.54],[-45.14,-9.44],[-44.58,-9.33],[-44.07,-9.19],[-43.56,-9.06],[-42.96,-8.94],[-42.35,-8.82],[-41.76,-8.32],[-41.16,-7.82],[-40.42,-7.65],[-39.68,-7.48],[-39,-7.56],[-38.32,-7.65],[-37.65,-7.74],[-36.87,-7.79],[-36.08,-7.85],[-35.18,-8.11],[-34.66,-8.14],[-34.15,-8.17],[-33.57,-8.17],[-32.99,-8.16],[-32.5,-7.98],[-32.01,-7.79],[-32.01,-7.79],[-32,-7.79],[-31.49,-7.86],[-30.97,-7.92],[-30.36,-8.17],[-29.76,-8.42],[-29.3,-8.72],[-28.83,-9.01],[-28.34,-9.54],[-27.84,-10.07],[-27.81,-10.07],[-27.81,-10.07],[-27.45,-9.55],[-27.49,-8.67],[-27.41,-7.94],[-27.53,-7.02],[-27.86,-6.41],[-28.18,-5.8],[-28.2,-5.2],[-28.02,-4.32],[-27.84,-3.53],[-27.58,-3.15],[-27.21,-2.84],[-26.6,-2.55],[-26.18,-2.55],[-25.74,-2.56],[-25.54,-2.2],[-25.4,-1.95],[-25.21,-1.67],[-24.91,-1.45],[-24.7,-1.08],[-24.49,-0.65],[-24.44,0.14],[-24.37,0.58],[-24.26,1.01],[-24.01,1.26],[-23.8,1.46],[-23.43,2.02],[-23.1,2.57],[-22.89,3.19],[-22.64,3.63],[-22.39,4.08],[-22.06,4.52],[-21.72,4.97],[-21.25,5.19],[-20.78,5.42],[-20.65,5.51],[-19.76,5.37],[-18.81,5.36],[-18.29,5.35],[-18.13,5.25],[-17.58,5.18],[-16.86,5.5],[-16.08,5.9],[-15.65,6.24],[-14.76,6.54],[-14.22,6.83],[-13.5,6.99],[-12.68,7.12],[-12.02,7.39],[-11.71,7.44],[-11.71,7.44],[-11.66,7.42],[-11.4,7.31],[-11.06,7.15],[-10.65,6.94],[-10.07,6.63],[-9.36,6.28],[-9.05,6.17],[-8.54,6.01],[-8.13,5.88],[-7.68,5.73],[-6.91,5.42],[-6.57,5.27],[-5.69,4.9],[-4.94,4.58],[-4.94,4.58],[-4.24,4.59],[-3.6,4.63],[-2.95,4.68],[-2.19,4.59],[-1.31,4.54],[-0.92,4.42],[-0.92,4.42],[-0.46,4.33],[-0.03,4.27],[0.25,4.24],[0.64,4.39],[1.03,4.43],[1.92,4.37],[2.68,4.27],[3.42,4.26],[4.26,4.2],[4.97,4.17],[4.97,4.17],[4.34,4.54],[3.58,4.97],[2.82,5.4],[2.82,5.4],[3.67,5.64],[4.53,5.88],[5.39,6.12],[6.25,6.35],[7.11,6.59],[7.84,6.94],[8.58,7.3],[9.32,7.65],[10.06,8],[10.8,8.35],[10.8,8.35],[10.59,9.21],[10.38,10.06],[10.16,10.92],[10.16,10.92],[10.71,11.33],[11.25,11.74],[11.8,12.15],[11.8,12.15],[11.54,12.51],[11.54,12.51],[12.1,12.99],[12.66,13.46],[13.23,13.94],[13.23,13.94],[13.9,13.47],[14.71,13.05],[15.52,12.62],[16.32,12.2],[17.12,11.77],[17.12,11.77],[17.8,12.24],[18.48,12.72],[19.16,13.2],[19.16,13.2],[19.25,12.41],[19.68,11.77],[20.12,11.13],[20.88,10.56],[21.65,9.99],[22.41,9.41],[23.25,8.95],[24.1,8.48],[24.94,8.02],[25.78,7.55],[26.61,7.08],[27.45,6.61],[28.25,6.35],[29.05,6.09],[29.85,5.83],[30.64,5.57],[31.44,5.31],[32.24,5.04],[33.05,4.93],[33.86,4.81],[34.66,4.69],[35.47,4.57],[36.28,4.45],[36.28,4.45],[36.86,5.08],[37.44,5.71],[38.02,6.34],[38.46,7.15],[38.9,7.95],[39.34,8.75],[39.78,9.55],[40.04,10.21],[40.31,10.86],[40.31,10.86],[41.17,10.44],[42.03,10.02],[42.89,9.6],[43.74,9.17],[44.6,8.74],[45.45,8.31],[45.79,8.91],[46.12,9.5],[46.46,10.09],[47.35,9.67],[48.23,9.25],[49.11,8.82],[49.98,8.4],[50.86,7.97],[51.73,7.54],[52.6,7.11],[53.47,6.67],[54.34,6.24],[55.21,5.8],[56.08,5.36],[56.94,4.92],[57.8,4.48],[58.67,4.04],[59.53,3.6],[60.39,3.15],[61.18,2.78],[61.96,2.41],[62.75,2.03],[63.54,1.66],[64.32,1.28],[64.32,1.28],[63.92,0.39],[63.53,-0.5],[63.13,-1.39],[62.73,-2.28],[62.33,-3.17],[61.93,-4.06],[61.53,-4.95],[61.13,-5.84],[60.65,-6.71],[60.17,-7.57],[59.68,-8.44],[59.19,-9.31],[58.7,-10.17],[58.21,-11.04],[57.71,-11.9],[57.21,-12.76],[56.64,-13.49],[56.07,-14.22],[55.5,-14.95],[54.92,-15.68],[54.34,-16.4],[53.75,-17.12],[53.16,-17.85],[52.57,-18.57],[51.96,-19.28],[51.36,-20],[50.72,-20.6],[50.08,-21.2],[49.43,-21.79],[48.78,-22.39],[48.12,-22.98],[47.45,-23.57],[46.82,-24.31],[46.17,-25.06],[45.52,-25.8],[44.86,-26.54],[44.19,-27.28]]]}},{"type":"Feature","properties":{"ma":160,"type":"gpml:TopologicalClosedPlateBoundary","name":"Izanagi Plate","pid":926,"deforming":false},"geometry":{"type":"Polygon","coordinates":[[[-180,-7.25],[-180,-6.25],[-180,-5.26],[-180,-4.27],[-180,-3.28],[-180,-2.29],[-180,-1.29],[-180,-0.3],[-180,0.69],[-180,1.68],[-180,2.68],[-180,3.67],[-180,4.66],[-180,5.65],[-180,6.65],[-180,7.64],[-180,8.63],[-180,9.62],[-180,10.61],[-180,11.61],[-180,12.6],[-180,13.59],[-180,14.58],[-180,15.58],[-180,16.57],[-180,17.56],[-180,18.55],[-180,19.55],[-180,20.54],[-180,21.53],[-180,22.52],[-180,23.51],[-180,24.51],[-180,25.5],[-180,26.49],[-180,27.48],[-180,28.48],[-180,29.47],[-180,30.46],[-180,31.45],[-180,32.45],[-180,33.44],[-180,34.43],[-180,35.42],[-180,36.41],[-180,37.41],[-180,38.4],[-180,39.39],[-180,40.38],[-180,41.38],[-180,42.37],[-180,43.36],[-180,44.35],[-180,45.35],[-180,46.34],[-180,47.33],[-180,48.32],[-180,49.32],[-180,50.31],[-180,51.3],[-180,52.29],[-180,53.28],[-180,54.28],[-180,55.27],[-180,56.26],[-180,57.25],[-180,58.25],[-180,59.24],[-180,60.23],[-180,61.22],[-180,62.22],[-180,63.21],[-180,64.2],[-180,65.19],[-180,66.18],[-180,67.18],[-180,68.17],[-180,69.16],[-180,70.15],[-180,71.15],[-180,72.14],[-180,73.13],[-180,74.12],[-180,75.12],[-180,76.11],[-180,77.1],[-180,78.09],[-180,79.08],[-180,80.08],[-180,81.07],[-180,82.06],[-180,83.05],[-180,84.05],[-180,85.04],[-180,86.03],[-180,87.02],[-180,88.02],[-180,89.01],[-180,90],[180,90],[180,89.01],[180,88.02],[180,87.02],[180,86.03],[180,85.04],[180,84.05],[180,83.05],[180,82.06],[180,81.07],[180,80.08],[180,79.08],[180,78.09],[180,77.1],[180,76.11],[180,75.12],[180,74.12],[180,73.13],[180,72.14],[180,71.15],[180,70.15],[180,69.16],[180,68.17],[180,67.18],[180,66.18],[180,65.19],[180,64.2],[180,63.21],[180,62.22],[180,61.22],[180,60.23],[180,59.24],[180,58.25],[180,57.25],[180,56.26],[180,55.27],[180,54.28],[180,53.28],[180,52.29],[180,51.3],[180,50.31],[180,49.32],[180,48.32],[180,47.33],[180,46.34],[180,45.35],[180,44.35],[180,43.36],[180,42.37],[180,41.38],[180,40.38],[180,39.39],[180,38.4],[180,37.41],[180,36.41],[180,35.42],[180,34.43],[180,33.44],[180,32.45],[180,31.45],[180,30.46],[180,29.47],[180,28.48],[180,27.48],[180,26.49],[180,25.5],[180,24.51],[180,23.51],[180,22.52],[180,21.53],[180,20.54],[180,19.55],[180,18.55],[180,17.56],[180,16.57],[180,15.58],[180,14.58],[180,13.59],[180,12.6],[180,11.61],[180,10.61],[180,9.62],[180,8.63],[180,7.64],[180,6.65],[180,5.65],[180,4.66],[180,3.67],[180,2.68],[180,1.68],[180,0.69],[180,-0.3],[180,-1.29],[180,-2.29],[180,-3.28],[180,-4.27],[180,-5.26],[180,-6.25],[180,-7.25],[180,-8.24],[179.43,-8.37],[179.16,-7.43],[178.89,-6.48],[177.95,-6.81],[177.02,-7.14],[176.08,-7.47],[175.14,-7.8],[174.2,-8.12],[173.26,-8.44],[172.32,-8.76],[171.37,-9.08],[170.43,-9.4],[169.48,-9.71],[169.26,-8.73],[169.03,-7.76],[168.13,-8.11],[167.22,-8.46],[166.32,-8.81],[165.41,-9.15],[164.5,-9.5],[163.59,-9.84],[162.68,-10.18],[161.77,-10.51],[160.85,-10.85],[159.93,-11.18],[159.01,-11.51],[158.09,-11.83],[157.16,-12.15],[156.23,-12.47],[155.31,-12.79],[155.14,-12.01],[154.97,-11.23],[154.81,-10.45],[153.86,-10.74],[152.92,-11.03],[151.97,-11.32],[151.02,-11.61],[150.06,-11.89],[149.11,-12.17],[148.15,-12.45],[147.19,-12.72],[146.23,-12.99],[145.27,-13.26],[144.3,-13.52],[143.33,-13.78],[142.36,-14.04],[141.39,-14.29],[140.42,-14.53],[139.44,-14.78],[139.24,-14.02],[139.04,-13.26],[138.1,-13.54],[137.15,-13.82],[136.2,-14.1],[135.25,-14.37],[134.3,-14.63],[133.35,-14.9],[132.39,-15.16],[132.28,-14.49],[132.17,-13.82],[132.07,-13.15],[131.32,-13.39],[130.57,-13.63],[129.82,-13.86],[129.07,-14.1],[129.07,-14.1],[129.09,-15.01],[129.11,-15.93],[129.13,-16.85],[129.15,-17.76],[129.17,-18.68],[129.2,-19.6],[129.22,-20.52],[129.24,-21.43],[129.27,-22.35],[129.29,-23.27],[129.31,-24.19],[129.34,-25.1],[128.29,-25.09],[127.25,-25.07],[126.21,-25.04],[125.17,-25],[124.13,-24.96],[123.09,-24.91],[122.05,-24.85],[121.01,-24.78],[119.97,-24.71],[119.82,-25.67],[119.67,-26.62],[119.51,-27.58],[119.35,-28.53],[119.19,-29.49],[119.02,-30.45],[118.85,-31.4],[118.68,-32.35],[117.55,-32.46],[116.41,-32.55],[115.28,-32.63],[114.14,-32.7],[114.14,-32.7],[113.62,-32.57],[112.54,-32.35],[111.47,-32.12],[110.39,-31.88],[109.33,-31.63],[109.33,-31.63],[109.32,-31.11],[109.4,-30.16],[109.47,-29.22],[109.55,-28.27],[109.62,-27.33],[109.69,-26.38],[109.77,-25.44],[109.84,-24.49],[109.9,-23.55],[109.97,-22.6],[110.27,-21.68],[110.57,-20.77],[110.87,-19.85],[111.16,-18.93],[111.45,-18.01],[111.64,-17.04],[111.84,-16.08],[112.03,-15.11],[112.22,-14.14],[112.4,-13.18],[112.59,-12.21],[112.77,-11.24],[112.96,-10.27],[113.14,-9.31],[113.32,-8.34],[113.5,-7.37],[113.68,-6.4],[113.99,-5.45],[114.3,-4.5],[114.6,-3.55],[114.91,-2.6],[115.21,-1.65],[115.52,-0.7],[115.82,0.25],[116.16,1.14],[116.49,2.02],[116.83,2.91],[117.17,3.79],[117.5,4.68],[117.84,5.56],[118.18,6.45],[118.52,7.33],[118.86,8.22],[119.21,9.1],[119.55,9.98],[119.9,10.87],[120.25,11.75],[120.6,12.63],[120.92,13.33],[121.24,14.03],[121.57,14.73],[121.57,14.73],[122.38,14.18],[123.19,13.63],[124,13.07],[124.81,12.51],[125.79,12.26],[126.76,12],[127.74,11.74],[127.74,11.74],[127.76,11.79],[128.3,12.61],[128.83,13.43],[129.37,14.25],[129.69,15.01],[130.01,15.76],[130.33,16.51],[130.65,17.26],[130.65,17.26],[129.9,17.53],[129.15,17.79],[128.4,18.05],[127.93,18.66],[127.47,19.26],[127.19,19.88],[126.92,20.5],[126.78,21.2],[126.1,21.92],[125.41,22.63],[124.74,23.3],[124.06,23.96],[123.57,24.46],[123.07,24.97],[122.57,25.46],[121.8,26.09],[121.02,26.72],[121.02,26.72],[121.48,27.42],[121.94,28.12],[122.41,28.81],[122.83,29.7],[123.26,30.59],[123.7,31.48],[124.14,32.36],[124.59,33.25],[125.06,34.13],[125.31,34.9],[125.56,35.68],[125.82,36.45],[126.09,37.22],[126.34,38],[126.61,38.79],[126.88,39.57],[127.16,40.35],[127.51,41.25],[127.88,42.15],[128.26,43.05],[128.65,43.95],[128.93,44.6],[129.22,45.25],[129.51,45.9],[129.94,46.78],[130.38,47.65],[130.73,48.34],[131.09,49.03],[131.33,49.68],[131.59,50.33],[131.98,50.93],[132.39,51.53],[132.78,52.24],[133.19,52.95],[133.54,53.57],[133.89,54.2],[134.31,54.89],[134.74,55.58],[135.18,56.53],[135.64,57.48],[136.05,58.39],[136.47,59.3],[136.88,60.09],[137.3,60.88],[137.72,61.69],[138.16,62.48],[138.62,63.28],[139.14,64.22],[139.71,65.16],[140.19,65.92],[140.7,66.68],[141.04,67.44],[141.4,68.19],[141.86,69.11],[142.36,70.02],[142.76,70.71],[143.19,71.4],[143.65,72.09],[144.1,72.9],[144.6,73.71],[144.9,74.68],[145.23,75.64],[145.22,76.51],[145.21,77.37],[145.2,78.24],[145.31,79],[145.45,79.76],[145.6,80.53],[145.78,81.29],[145.71,81.96],[145.62,82.63],[145.52,83.31],[144.46,84.19],[143.02,85.07],[140.95,85.94],[137.77,86.81],[132.24,87.66],[120.74,88.46],[89.92,89.09],[89.92,89.09],[25.42,89.88],[-75.17,89.16],[-77.96,88.4],[-78.95,87.64],[-79.45,86.87],[-79.76,86.11],[-80.71,85.34],[-81.39,84.57],[-81.9,83.81],[-82.3,83.04],[-82.22,82.1],[-82.16,81.17],[-82.1,80.23],[-82.71,79.38],[-83.23,78.53],[-83.67,77.68],[-84.06,76.83],[-84.41,75.98],[-84.41,75.98],[-83.33,75.51],[-82.32,75.03],[-83.54,74.97],[-85.55,74.8],[-87.5,74.61],[-90.54,74.25],[-93.43,73.84],[-96.18,73.39],[-98.79,72.92],[-101.25,72.41],[-103.58,71.87],[-105.77,71.3],[-107.84,70.71],[-105.68,70.05],[-103.65,69.36],[-105.26,68.64],[-106.77,67.89],[-108.18,67.14],[-109.5,66.37],[-110.75,65.59],[-111.92,64.81],[-113.03,64.01],[-114.07,63.21],[-115.06,62.39],[-116,61.58],[-114.15,61.12],[-112.35,60.64],[-113.46,59.82],[-114.52,58.99],[-115.52,58.15],[-116.48,57.3],[-117.4,56.44],[-118.27,55.58],[-119.11,54.71],[-119.91,53.84],[-121.01,54.15],[-122.13,54.46],[-123.26,54.75],[-124,53.93],[-124.72,53.1],[-125.4,52.26],[-126.06,51.42],[-126.7,50.58],[-127.31,49.73],[-127.91,48.88],[-128.48,48.03],[-129.04,47.18],[-129.57,46.32],[-130.09,45.46],[-129.12,45.2],[-128.15,44.94],[-128.68,44.02],[-129.2,43.11],[-129.69,42.19],[-130.18,41.27],[-130.65,40.35],[-131.1,39.43],[-131.55,38.51],[-131.98,37.58],[-132.41,36.65],[-132.82,35.72],[-133.22,34.79],[-133.62,33.86],[-134,32.93],[-134.38,31.99],[-134.75,31.06],[-135.12,30.12],[-135.47,29.18],[-135.82,28.25],[-136.17,27.31],[-136.5,26.37],[-136.84,25.42],[-137.72,25.65],[-138.6,25.87],[-139.49,26.08],[-140.37,26.29],[-141.27,26.49],[-141.57,25.59],[-141.87,24.68],[-142.16,23.78],[-142.45,22.88],[-142.74,21.97],[-143.02,21.07],[-143.3,20.16],[-143.57,19.26],[-143.84,18.35],[-144.11,17.45],[-144.38,16.54],[-144.64,15.63],[-144.91,14.72],[-145.17,13.82],[-145.42,12.91],[-145.68,12],[-145.86,11.18],[-146.05,10.36],[-146.23,9.54],[-146.26,9.32],[-146.26,9.32],[-146.96,8.89],[-147.65,8.46],[-148.35,8.03],[-148.84,7.76],[-149.32,7.49],[-148.86,6.8],[-149.33,6.52],[-149.81,6.23],[-149.39,5.57],[-148.98,4.91],[-149.65,4.52],[-150.32,4.12],[-150.98,3.73],[-151.65,3.33],[-151.31,2.75],[-150.97,2.17],[-151.8,1.66],[-152.63,1.16],[-153.47,0.66],[-154.3,0.15],[-155.13,-0.35],[-155.96,-0.86],[-156.8,-1.36],[-157.63,-1.87],[-158.39,-2.34],[-159.16,-2.8],[-159.92,-3.27],[-160.68,-3.73],[-161.45,-4.2],[-162.22,-4.66],[-162.98,-5.12],[-163.76,-5.44],[-164.55,-5.76],[-165.33,-6.08],[-166.1,-6.45],[-166.87,-6.81],[-167.64,-7.18],[-168.42,-7.54],[-169.19,-7.9],[-169.19,-7.9],[-169.71,-7.99],[-170.23,-8.07],[-170.4,-7.36],[-170.57,-6.64],[-170.74,-5.92],[-171.66,-6.16],[-172.59,-6.4],[-173.51,-6.63],[-174.43,-6.87],[-175.36,-7.1],[-176.29,-7.33],[-177.21,-7.56],[-178.14,-7.79],[-179.07,-8.02],[-180,-8.24],[-180,-7.25]]]}},{"type":"Feature","properties":{"ma":160,"type":"gpml:TopologicalClosedPlateBoundary","name":"Mongol-Okhotsk Ocean","pid":380,"deforming":false},"geometry":{"type":"Polygon","coordinates":[[[89.92,89.09],[120.74,88.46],[132.24,87.66],[137.77,86.81],[140.95,85.94],[143.02,85.07],[144.46,84.19],[145.52,83.31],[145.62,82.63],[145.71,81.96],[145.78,81.29],[145.6,80.53],[145.45,79.76],[145.31,79],[145.2,78.24],[145.21,77.37],[145.22,76.51],[145.23,75.64],[144.9,74.68],[144.6,73.71],[144.1,72.9],[143.65,72.09],[143.19,71.4],[142.76,70.71],[142.36,70.02],[141.86,69.11],[141.4,68.19],[141.04,67.44],[140.7,66.68],[140.19,65.92],[139.71,65.16],[139.14,64.22],[138.62,63.28],[138.16,62.48],[137.72,61.69],[137.3,60.88],[136.88,60.09],[136.47,59.3],[136.05,58.39],[135.64,57.48],[135.18,56.53],[134.74,55.58],[134.31,54.89],[133.89,54.2],[133.54,53.57],[133.19,52.95],[132.78,52.24],[132.39,51.53],[131.98,50.93],[131.59,50.33],[131.33,49.68],[131.09,49.03],[130.73,48.34],[130.38,47.65],[129.94,46.78],[129.51,45.9],[129.22,45.25],[128.93,44.6],[128.65,43.95],[128.26,43.05],[127.88,42.15],[127.51,41.25],[127.16,40.35],[126.88,39.57],[126.61,38.79],[126.34,38],[126.09,37.22],[125.82,36.45],[125.56,35.68],[125.31,34.9],[125.06,34.13],[124.59,33.25],[124.14,32.36],[123.7,31.48],[123.26,30.59],[122.83,29.7],[122.41,28.81],[121.94,28.12],[121.48,27.42],[121.02,26.72],[121.02,26.72],[121.8,26.09],[122.57,25.46],[123.07,24.97],[123.57,24.46],[124.06,23.96],[124.74,23.3],[125.41,22.63],[126.1,21.92],[126.78,21.2],[126.92,20.5],[127.19,19.88],[127.47,19.26],[127.93,18.66],[128.4,18.05],[129.15,17.79],[129.9,17.53],[130.65,17.26],[130.65,17.26],[130.33,16.51],[130.01,15.76],[129.69,15.01],[129.37,14.25],[128.83,13.43],[128.3,12.61],[127.76,11.79],[127.74,11.74],[127.74,11.74],[126.76,12],[125.79,12.26],[124.81,12.51],[124.1,13.01],[123.38,13.5],[122.66,13.99],[121.94,14.48],[121.21,14.97],[120.48,15.46],[119.53,15.73],[118.58,15.99],[117.63,16.26],[116.68,16.51],[115.72,16.77],[114.81,17.04],[113.9,17.31],[112.99,17.57],[112.07,17.83],[111.15,18.09],[110.23,18.34],[109.31,18.58],[108.39,19.05],[107.47,19.52],[106.55,19.99],[105.62,20.44],[104.68,20.9],[103.9,21.4],[103.1,21.9],[102.3,22.4],[101.5,22.89],[100.69,23.38],[99.69,23.78],[99.69,23.78],[99.37,22.91],[99.05,22.05],[98.73,21.18],[98.73,21.18],[98.1,20.93],[97.27,20.71],[96.43,20.48],[95.6,20.25],[94.65,20.12],[93.71,19.99],[92.76,19.85],[91.82,19.71],[90.87,19.56],[89.87,19.51],[88.87,19.45],[87.87,19.38],[86.87,19.31],[85.88,19.23],[84.88,19.15],[83.83,19.26],[82.78,19.36],[81.73,19.46],[80.67,19.55],[79.65,19.7],[78.63,19.83],[77.61,19.97],[76.58,20.1],[75.66,20.28],[74.73,20.45],[73.8,20.63],[72.91,20.87],[72.01,21.11],[71.11,21.35],[70.18,21.62],[69.24,21.89],[68.3,22.15],[67.45,22.59],[66.6,23.03],[65.74,23.46],[64.87,23.89],[64.87,23.89],[64.85,24.83],[64.54,25.77],[64.23,26.7],[63.92,27.63],[63.6,28.57],[63.28,29.5],[62.95,30.43],[62.95,30.43],[63.64,31.1],[64.34,31.78],[65.05,32.45],[65.23,33.25],[65.41,34.06],[65.59,34.86],[65.78,35.67],[65.97,36.47],[65.83,37.2],[65.7,37.92],[65.57,38.65],[65.1,39.33],[64.63,40.02],[64.25,40.84],[63.86,41.67],[64.36,42.54],[64.87,43.41],[65.4,44.28],[65.94,45.15],[66.5,46.01],[67.04,46.59],[67.58,47.16],[68.14,47.74],[69.12,48.45],[70.13,49.15],[71.16,49.84],[72.04,50.42],[72.93,50.99],[73.85,51.56],[74.78,52.11],[75.53,52.77],[76.31,53.42],[76.23,54],[76.15,54.58],[75.08,55.05],[73.98,55.5],[72.85,55.95],[71.7,56.38],[70.76,56.95],[69.79,57.51],[68.79,58.06],[67.75,58.6],[68.37,59.34],[69.01,60.08],[69.68,60.81],[70.38,61.54],[70.38,61.54],[71.12,62.25],[71.88,62.95],[72.69,63.65],[73.53,64.34],[73.46,65.21],[73.39,66.08],[73.31,66.95],[73.22,67.82],[73.6,68.51],[73.99,69.19],[74.42,69.87],[76.03,70.45],[77.75,71.02],[79.56,71.57],[79.3,72.38],[79.02,73.18],[78.72,73.98],[78.38,74.79],[79.57,75.66],[80.91,76.52],[82.43,77.38],[84.16,78.23],[86.16,79.06],[88.48,79.88],[91.21,80.69],[94.43,81.46],[98.27,82.21],[99.72,82.94],[101.49,83.68],[103.73,84.4],[103.73,84.4],[103.21,84.79],[102.61,85.54],[101.77,86.29],[100.19,86.97],[97.69,87.65],[93.2,88.32],[89.92,89.09]]]}},{"type":"Feature","properties":{"ma":160,"type":"gpml:TopologicalClosedPlateBoundary","name":"AACM","pid":18100,"deforming":false},"geometry":{"type":"Polygon","coordinates":[[[-6.35,67.39],[-6.26,66.58],[-6.18,65.78],[-6.1,64.97],[-5.98,64.12],[-5.86,63.27],[-5.75,62.42],[-5.64,61.57],[-5.54,60.72],[-5.34,59.99],[-5.14,59.26],[-4.95,58.53],[-5.66,57.98],[-5.48,56.99],[-5.3,56],[-5.3,56],[-6.67,56.35],[-8.07,56.69],[-9.68,56.97],[-11.31,57.23],[-12.97,57.47],[-14.42,57.54],[-15.87,57.6],[-16.93,57.63],[-18.07,57.65],[-19.02,57.66],[-20.13,57.65],[-20.98,57.65],[-22,57.63],[-22.88,57.61],[-23.67,57.47],[-24.41,57.33],[-25.05,57.32],[-26.25,57.16],[-26.88,57.01],[-27.65,56.8],[-28.81,56.08],[-29.65,55.64],[-30.46,55.2],[-31.14,54.96],[-31.47,54.77],[-32.31,54.12],[-32.57,53.91],[-33.64,53.32],[-33.98,52.95],[-33.98,52.95],[-35.26,53.55],[-36.57,54.14],[-37.92,54.71],[-39.22,55.37],[-40.56,56.02],[-41.95,56.65],[-43.38,57.26],[-43.38,57.26],[-43.32,58.13],[-43.26,59],[-42.97,59.79],[-42.67,60.58],[-42.35,61.36],[-42.02,62.15],[-41.67,62.93],[-40.6,63.7],[-39.47,64.47],[-38.28,65.23],[-37.02,65.98],[-35.69,66.71],[-34.33,67.34],[-32.9,67.96],[-31.39,68.56],[-31.39,68.56],[-30.07,67.88],[-29.19,67.28],[-28.36,66.67],[-27.56,66.06],[-27.25,65.87],[-27.25,65.87],[-25.79,66.34],[-24.27,66.79],[-22.7,67.23],[-20.61,67.4],[-18.5,67.54],[-16.37,67.65],[-14.6,67.67],[-12.83,67.67],[-11.06,67.66],[-8.86,67.56],[-6.69,67.43],[-6.35,67.39]]]}},{"type":"Feature","properties":{"ma":160,"type":"gpml:TopologicalClosedPlateBoundary","name":"KOST Terrane","pid":43200,"deforming":false},"geometry":{"type":"Polygon","coordinates":[[[-82.21,82.03],[-81.13,82.04],[-75.59,82.17],[-69.91,82.23],[-63.62,82.23],[-57.41,82.14],[-51.41,81.95],[-46.61,81.89],[-41.9,81.78],[-37.35,81.61],[-31.39,81.71],[-25.35,81.72],[-20.45,81.49],[-15.84,81.2],[-15.19,80.71],[-14.61,80.21],[-15.78,79.64],[-16.84,79.07],[-18.71,78.48],[-20.39,77.88],[-21.37,76.92],[-22.21,75.96],[-22.21,75.96],[-24.82,75.7],[-27.33,75.4],[-30.41,75.28],[-33.43,75.12],[-36.49,75.08],[-39.52,74.99],[-42.52,74.87],[-45.71,74.74],[-48.85,74.57],[-51.44,74.22],[-53.91,73.84],[-56.27,73.43],[-57.89,72.98],[-59.42,72.51],[-62.1,72.09],[-64.65,71.63],[-66.17,71.14],[-67.61,70.63],[-67.61,70.63],[-69.31,71.09],[-71.16,71.62],[-73.11,72.14],[-75.16,72.63],[-77.22,73.39],[-79.47,74.13],[-81.93,74.84],[-83.12,75.41],[-84.41,75.98],[-84.41,75.98],[-84.06,76.83],[-83.67,77.68],[-83.23,78.53],[-82.71,79.38],[-82.1,80.23],[-82.15,81.13],[-82.21,82.03]]]}},{"type":"Feature","properties":{"ma":160,"type":"gpml:TopologicalClosedPlateBoundary","name":"South Anuyi Ocean GS","pid":41200,"deforming":false},"geometry":{"type":"Polygon","coordinates":[[[-65.13,69.89],[-66.35,70.26],[-67.61,70.63],[-67.61,70.63],[-66.17,71.14],[-64.65,71.63],[-62.1,72.09],[-59.42,72.51],[-57.89,72.98],[-56.27,73.43],[-53.91,73.84],[-51.44,74.22],[-48.85,74.57],[-45.71,74.74],[-42.52,74.87],[-39.52,74.99],[-36.49,75.08],[-33.43,75.12],[-30.41,75.28],[-27.33,75.4],[-24.5,75.73],[-21.54,76.03],[-18.46,76.28],[-15.07,76.52],[-11.57,76.72],[-7.98,76.86],[-7.98,76.86],[-7.57,76.01],[-7.21,75.15],[-6.89,74.3],[-6.6,73.44],[-6.61,72.55],[-6.63,71.65],[-6.64,70.76],[-6.66,69.87],[-6.66,69.87],[-6.54,69.04],[-6.44,68.21],[-6.35,67.39],[-6.35,67.39],[-6.69,67.43],[-8.86,67.56],[-11.06,67.66],[-12.83,67.67],[-14.6,67.67],[-16.37,67.65],[-18.5,67.54],[-20.61,67.4],[-22.7,67.23],[-24.27,66.79],[-25.79,66.34],[-27.25,65.87],[-27.25,65.87],[-27.56,66.06],[-28.36,66.67],[-29.19,67.28],[-30.07,67.88],[-31.39,68.56],[-31.39,68.56],[-32.9,67.96],[-34.33,67.34],[-35.69,66.71],[-37.02,65.98],[-38.28,65.23],[-39.47,64.47],[-40.6,63.7],[-41.67,62.93],[-42.02,62.15],[-42.35,61.36],[-42.67,60.58],[-42.97,59.79],[-43.26,59],[-43.32,58.13],[-43.38,57.26],[-43.38,57.26],[-44.15,57.58],[-45.91,57.86],[-47.7,58.12],[-49.51,58.35],[-51.09,58.4],[-52.68,58.43],[-54.26,58.44],[-55.85,58.43],[-55.85,58.43],[-55.42,59.25],[-54.96,60.06],[-54.45,60.77],[-53.91,61.48],[-53.36,62.19],[-52.77,62.89],[-52.77,62.89],[-53.73,63.4],[-55.2,64.13],[-56.75,64.85],[-58.07,65.39],[-59.45,65.92],[-60.89,66.44],[-62.2,67.2],[-63.59,67.95],[-63.93,68.8],[-64.3,69.64],[-65.13,69.89]]]}},{"type":"Feature","properties":{"ma":160,"type":"gpml:TopologicalClosedPlateBoundary","name":"East Gondwana (India)","pid":501,"deforming":false},"geometry":{"type":"Polygon","coordinates":[[[66.42,-54.79],[64.82,-55.03],[63.19,-55.25],[61.81,-55.49],[60.4,-55.72],[59.01,-56],[57.6,-56.26],[56.46,-56.5],[55.3,-56.74],[54.13,-56.96],[52.89,-56.77],[51.66,-56.57],[50.85,-56.22],[50.05,-55.87],[48.9,-55.76],[47.75,-55.64],[46.29,-55.76],[44.83,-55.85],[43.61,-55.87],[42.4,-55.86],[41.31,-55.83],[40.23,-55.78],[38.91,-55.6],[37.6,-55.4],[36.63,-55.04],[35.68,-54.67],[34.49,-54.49],[33.31,-54.29],[32.18,-54.55],[31.03,-54.79],[29.94,-55.12],[28.83,-55.44],[27.6,-55.51],[26.36,-55.55],[25.18,-55.68],[24,-55.79],[22.93,-55.77],[21.86,-55.75],[20.9,-55.69],[19.93,-55.64],[19.86,-55.72],[18.62,-55.63],[17.39,-55.53],[16.53,-55.9],[16.5,-55.92],[16.5,-55.92],[16.73,-55.28],[16.7,-54.4],[16.67,-53.51],[17.02,-52.8],[17.36,-52.09],[17.79,-51.24],[18.21,-50.39],[18.89,-49.62],[19.54,-48.85],[20.21,-48.16],[20.87,-47.46],[22.25,-47.13],[23.62,-46.79],[24.68,-46.58],[25.73,-46.36],[26.77,-46.14],[27.73,-45.91],[28.69,-45.69],[29.63,-45.45],[30.6,-45.08],[31.56,-44.7],[32.34,-44.46],[33.12,-44.21],[33.76,-43.71],[34.39,-43.22],[35.14,-42.59],[35.87,-41.96],[36.24,-41.16],[36.6,-40.36],[37.19,-39.83],[37.77,-39.3],[38.34,-38.77],[38.86,-38.23],[39.38,-37.69],[39.89,-37.15],[39.89,-37.15],[39.98,-37.17],[40.81,-37.38],[41.64,-37.59],[42.5,-37.73],[43.36,-37.87],[44.39,-37.95],[44.99,-37.77],[45.59,-37.6],[46.44,-37.62],[47.25,-37.59],[48.07,-37.55],[49.14,-37.5],[49.04,-38.19],[48.93,-38.87],[48.95,-39.66],[49.24,-40.33],[49,-41.16],[48.49,-41.56],[48.62,-42.39],[48.58,-42.98],[48.91,-43.5],[48.93,-44],[48.88,-44.45],[49.07,-44.91],[49.03,-45.28],[49.29,-45.83],[49.62,-46.13],[49.79,-46.41],[50.05,-46.85],[49.95,-47.32],[50.49,-48.01],[50.9,-48.66],[51.33,-49.31],[51.69,-49.71],[52.05,-50.1],[52.93,-50.77],[53.54,-51.19],[53.43,-51.59],[53.74,-51.84],[54.55,-51.78],[55.03,-52.16],[55.68,-52.49],[56.96,-52.88],[57.39,-53.28],[58.16,-53.48],[59.39,-53.88],[60.09,-54.1],[60.79,-54.32],[62.07,-54.69],[62.52,-54.84],[63.68,-54.75],[64.88,-54.64],[65.96,-54.65],[66.42,-54.79]]]}},{"type":"Feature","properties":{"ma":160,"type":"gpml:TopologicalClosedPlateBoundary","name":"Phoenix Plate","pid":919,"deforming":false},"geometry":{"type":"MultiPolygon","coordinates":[[[[180,-9.23],[180,-10.21],[180,-11.2],[180,-12.19],[180,-13.18],[180,-14.16],[180,-15.15],[180,-16.14],[180,-17.13],[180,-18.11],[180,-19.1],[180,-20.09],[180,-21.07],[180,-22.06],[180,-23.05],[180,-24.04],[180,-25.02],[180,-26.01],[180,-27],[180,-27.99],[180,-28.97],[180,-29.96],[180,-30.95],[180,-31.94],[180,-32.92],[180,-33.91],[180,-34.9],[180,-35.89],[180,-36.87],[180,-37.86],[180,-38.85],[180,-39.84],[180,-40.82],[180,-41.81],[180,-42.8],[180,-43.78],[180,-44.77],[180,-45.76],[180,-46.75],[180,-47.73],[180,-48.72],[180,-49.71],[180,-50.7],[180,-51.68],[180,-52.67],[180,-53.66],[180,-54.65],[180,-55.63],[180,-56.62],[180,-57.61],[180,-58.6],[180,-59.58],[180,-60.57],[180,-61.56],[180,-62.54],[180,-63.53],[180,-64.52],[180,-65.51],[180,-66.49],[180,-67.48],[180,-68.47],[180,-69.46],[180,-70.44],[180,-71.43],[180,-72.42],[180,-73.41],[177.04,-73.33],[174.11,-73.21],[171.23,-73.05],[168.4,-72.85],[165.65,-72.61],[162.97,-72.34],[160.34,-72.17],[157.76,-71.97],[155.25,-71.73],[152.8,-71.46],[150.41,-71.16],[150.41,-71.16],[149.92,-70.34],[149.47,-69.51],[149.05,-68.69],[147.83,-67.85],[148.18,-67.34],[149.31,-66.44],[150.37,-65.54],[151.3,-64.63],[152.16,-63.71],[152.49,-63.15],[152.79,-62.59],[152.71,-62],[152.63,-61.42],[152.01,-60.65],[151.42,-59.87],[150.86,-59.1],[150.32,-58.32],[149.61,-57.42],[148.94,-56.52],[148.3,-55.62],[147.69,-54.72],[147.11,-53.81],[146.97,-52.93],[146.85,-52.06],[146.73,-51.19],[146.61,-50.31],[146.49,-49.44],[146.31,-48.71],[146.14,-47.98],[145.97,-47.25],[145.97,-47.25],[145.13,-46.53],[144.32,-45.8],[143.53,-45.07],[142.76,-44.33],[142.01,-43.58],[141.27,-42.83],[140.56,-42.08],[139.86,-41.32],[139.18,-40.56],[138.51,-39.79],[137.62,-39.31],[136.74,-38.82],[135.87,-38.32],[135.01,-37.82],[133.83,-37.58],[132.65,-37.33],[131.48,-37.07],[130.32,-36.8],[129.16,-36.52],[128.02,-36.22],[126.88,-35.91],[125.75,-35.6],[124.63,-35.27],[123.52,-34.93],[122.42,-34.59],[121.33,-34.23],[120.29,-34.04],[119.25,-33.84],[118.22,-33.63],[117.19,-33.41],[116.17,-33.18],[115.15,-32.94],[114.14,-32.7],[114.14,-32.7],[115.28,-32.63],[116.41,-32.55],[117.55,-32.46],[118.68,-32.35],[118.85,-31.4],[119.02,-30.45],[119.19,-29.49],[119.35,-28.53],[119.51,-27.58],[119.67,-26.62],[119.82,-25.67],[119.97,-24.71],[121.01,-24.78],[122.05,-24.85],[123.09,-24.91],[124.13,-24.96],[125.17,-25],[126.21,-25.04],[127.25,-25.07],[128.29,-25.09],[129.34,-25.1],[129.31,-24.19],[129.29,-23.27],[129.27,-22.35],[129.24,-21.43],[129.22,-20.52],[129.2,-19.6],[129.17,-18.68],[129.15,-17.76],[129.13,-16.85],[129.11,-15.93],[129.09,-15.01],[129.07,-14.1],[129.07,-14.1],[129.82,-13.86],[130.57,-13.63],[131.32,-13.39],[132.07,-13.15],[132.17,-13.82],[132.28,-14.49],[132.39,-15.16],[133.35,-14.9],[134.3,-14.63],[135.25,-14.37],[136.2,-14.1],[137.15,-13.82],[138.1,-13.54],[139.04,-13.26],[139.24,-14.02],[139.44,-14.78],[140.42,-14.53],[141.39,-14.29],[142.36,-14.04],[143.33,-13.78],[144.3,-13.52],[145.27,-13.26],[146.23,-12.99],[147.19,-12.72],[148.15,-12.45],[149.11,-12.17],[150.06,-11.89],[151.02,-11.61],[151.97,-11.32],[152.92,-11.03],[153.86,-10.74],[154.81,-10.45],[154.97,-11.23],[155.14,-12.01],[155.31,-12.79],[156.23,-12.47],[157.16,-12.15],[158.09,-11.83],[159.01,-11.51],[159.93,-11.18],[160.85,-10.85],[161.77,-10.51],[162.68,-10.18],[163.59,-9.84],[164.5,-9.5],[165.41,-9.15],[166.32,-8.81],[167.22,-8.46],[168.13,-8.11],[169.03,-7.76],[169.26,-8.73],[169.48,-9.71],[170.43,-9.4],[171.37,-9.08],[172.32,-8.76],[173.26,-8.44],[174.2,-8.12],[175.14,-7.8],[176.08,-7.47],[177.02,-7.14],[177.95,-6.81],[178.89,-6.48],[179.16,-7.43],[179.43,-8.37],[180,-8.24],[180,-9.23]]],[[[-180,-72.42],[-180,-71.43],[-180,-70.44],[-180,-69.46],[-180,-68.47],[-180,-67.48],[-180,-66.49],[-180,-65.51],[-180,-64.52],[-180,-63.53],[-180,-62.54],[-180,-61.56],[-180,-60.57],[-180,-59.58],[-180,-58.6],[-180,-57.61],[-180,-56.62],[-180,-55.63],[-180,-54.65],[-180,-53.66],[-180,-52.67],[-180,-51.68],[-180,-50.7],[-180,-49.71],[-180,-48.72],[-180,-47.73],[-180,-46.75],[-180,-45.76],[-180,-44.77],[-180,-43.78],[-180,-42.8],[-180,-41.81],[-180,-40.82],[-180,-39.84],[-180,-38.85],[-180,-37.86],[-180,-36.87],[-180,-35.89],[-180,-34.9],[-180,-33.91],[-180,-32.92],[-180,-31.94],[-180,-30.95],[-180,-29.96],[-180,-28.97],[-180,-27.99],[-180,-27],[-180,-26.01],[-180,-25.02],[-180,-24.04],[-180,-23.05],[-180,-22.06],[-180,-21.07],[-180,-20.09],[-180,-19.1],[-180,-18.11],[-180,-17.13],[-180,-16.14],[-180,-15.15],[-180,-14.16],[-180,-13.18],[-180,-12.19],[-180,-11.2],[-180,-10.21],[-180,-9.23],[-180,-8.24],[-179.07,-8.02],[-178.14,-7.79],[-177.21,-7.56],[-176.29,-7.33],[-175.36,-7.1],[-174.43,-6.87],[-173.51,-6.63],[-172.59,-6.4],[-171.66,-6.16],[-170.74,-5.92],[-170.57,-6.64],[-170.4,-7.36],[-170.23,-8.07],[-169.71,-7.99],[-169.19,-7.9],[-169.19,-7.9],[-169.92,-8.24],[-170.66,-8.58],[-171.39,-8.91],[-170.52,-8.99],[-169.66,-9.07],[-168.79,-9.15],[-167.92,-9.22],[-167.05,-9.29],[-166.18,-9.36],[-165.48,-9.45],[-164.78,-9.54],[-164.08,-9.63],[-163.1,-9.66],[-162.12,-9.69],[-161.14,-9.71],[-160.16,-9.73],[-159.19,-9.75],[-158.21,-9.77],[-157.23,-9.78],[-156.25,-9.79],[-155.27,-9.8],[-154.29,-9.8],[-153.31,-9.81],[-152.33,-9.81],[-151.36,-9.8],[-150.38,-9.8],[-149.4,-9.79],[-148.42,-9.78],[-147.44,-9.76],[-146.46,-9.74],[-145.48,-9.72],[-144.51,-9.7],[-143.53,-9.68],[-142.55,-9.65],[-141.57,-9.62],[-140.59,-9.58],[-139.62,-9.55],[-138.64,-9.51],[-138.57,-10.29],[-137.82,-10.22],[-137.06,-10.14],[-136.3,-10.07],[-135.54,-10],[-135.6,-9.29],[-135.67,-8.59],[-135.73,-7.88],[-135.22,-7.8],[-134.4,-7.86],[-133.58,-7.93],[-133.58,-7.93],[-134.28,-7.23],[-134.99,-6.54],[-135.05,-6.45],[-135.05,-6.45],[-134.35,-6.8],[-133.65,-7.15],[-132.95,-7.49],[-132.54,-7.77],[-131.74,-8.32],[-130.95,-8.87],[-130.15,-9.42],[-129.34,-9.97],[-128.54,-10.51],[-127.73,-11.05],[-126.92,-11.59],[-126.11,-12.13],[-125.29,-12.67],[-125.66,-13.42],[-126.03,-14.17],[-126.41,-14.93],[-125.49,-15.34],[-124.56,-15.76],[-123.63,-16.16],[-122.7,-16.57],[-121.76,-16.97],[-120.82,-17.37],[-119.87,-17.76],[-118.92,-18.14],[-117.97,-18.53],[-117.01,-18.9],[-116.05,-19.28],[-115.08,-19.64],[-115.34,-20.3],[-115.61,-20.96],[-115.87,-21.61],[-114.94,-21.95],[-114.01,-22.28],[-113.07,-22.6],[-112.13,-22.92],[-111.18,-23.23],[-110.23,-23.54],[-109.27,-23.84],[-108.31,-24.13],[-107.35,-24.42],[-106.38,-24.7],[-105.41,-24.98],[-104.43,-25.25],[-103.45,-25.51],[-103.68,-26.49],[-103.91,-27.47],[-104.15,-28.44],[-103.12,-28.61],[-102.08,-28.78],[-101.04,-28.93],[-100,-29.08],[-98.95,-29.22],[-97.91,-29.36],[-96.85,-29.48],[-95.8,-29.6],[-94.75,-29.7],[-93.69,-29.8],[-92.63,-29.89],[-91.57,-29.97],[-90.5,-30.05],[-90.51,-30.82],[-90.52,-31.59],[-90.53,-32.36],[-90.54,-33.13],[-89.34,-33.08],[-88.15,-33.01],[-86.97,-32.94],[-85.78,-32.85],[-84.6,-32.76],[-83.41,-32.65],[-82.24,-32.53],[-81.06,-32.4],[-79.89,-32.26],[-79.71,-33.01],[-79.53,-33.75],[-79.35,-34.49],[-78.19,-34.27],[-77.04,-34.04],[-75.89,-33.8],[-74.75,-33.55],[-73.62,-33.29],[-72.49,-33.01],[-71.37,-32.73],[-70.26,-32.44],[-69.16,-32.14],[-68.06,-31.82],[-66.97,-31.5],[-65.89,-31.17],[-64.81,-30.83],[-63.74,-30.48],[-62.69,-30.13],[-61.63,-29.76],[-60.59,-29.39],[-59.55,-29.01],[-58.53,-28.62],[-58.53,-28.62],[-58.2,-29.02],[-58.1,-29.55],[-57.99,-30.07],[-57.81,-30.81],[-57.8,-31.36],[-57.74,-31.72],[-57.71,-32],[-57.71,-32],[-57.66,-32.6],[-57.76,-33.09],[-57.95,-33.93],[-58.1,-34.4],[-58.13,-35.11],[-58.19,-35.68],[-58.2,-36],[-58.25,-36.4],[-58.29,-36.83],[-58.37,-37.7],[-58.45,-38.57],[-58.58,-39.34],[-58.7,-40.11],[-58.84,-40.89],[-58.97,-41.66],[-59.39,-42.43],[-59.81,-43.21],[-60.24,-43.98],[-60.69,-44.74],[-61.14,-45.51],[-61.19,-46.35],[-61.24,-47.19],[-61.29,-47.93],[-61.33,-48.67],[-61.77,-49.49],[-62.22,-50.31],[-62.31,-50.58],[-62.32,-50.71],[-62.32,-50.71],[-62.38,-51.04],[-62.38,-51.04],[-62.7,-51.62],[-62.96,-51.9],[-63.08,-52.26],[-63.18,-52.55],[-63.34,-53.01],[-63.47,-53.3],[-63.71,-53.81],[-63.88,-54.19],[-64.05,-54.59],[-64.22,-55.01],[-64.48,-55.66],[-64.59,-55.92],[-64.74,-56.28],[-64.87,-56.6],[-65,-56.9],[-65.12,-57.26],[-65.21,-57.57],[-65.28,-57.82],[-65.3,-57.9],[-65.32,-58.13],[-65.35,-58.41],[-65.35,-58.85],[-65.56,-59.18],[-65.85,-59.51],[-66.27,-59.91],[-66.71,-60.36],[-66.99,-60.65],[-67.22,-60.9],[-67.42,-61.11],[-67.71,-61.45],[-67.9,-61.89],[-67.91,-62.26],[-67.89,-62.58],[-67.9,-62.83],[-67.82,-63.13],[-67.81,-63.19],[-67.81,-63.19],[-68.73,-63.56],[-69.67,-63.92],[-70.85,-64.69],[-72.1,-65.44],[-73.43,-66.19],[-74.83,-66.92],[-76.32,-67.64],[-77.9,-68.35],[-80.04,-68.87],[-82.29,-69.37],[-84.64,-69.84],[-87.09,-70.27],[-89.64,-70.67],[-91.89,-71.03],[-94.22,-71.35],[-96.63,-71.65],[-99.12,-71.92],[-101.27,-72.3],[-103.5,-72.66],[-105.83,-73],[-108.24,-73.3],[-110.87,-73.62],[-113.59,-73.9],[-116.39,-74.14],[-119.28,-74.35],[-122.23,-74.52],[-125.23,-74.65],[-128.27,-74.74],[-131.34,-74.79],[-134.76,-74.8],[-138.18,-74.75],[-141.56,-74.65],[-144.89,-74.5],[-148.14,-74.3],[-151.72,-74.18],[-155.23,-74.01],[-158.66,-73.78],[-161.99,-73.49],[-165.19,-73.16],[-168.1,-73.29],[-171.06,-73.38],[-174.03,-73.43],[-177.02,-73.44],[-180,-73.41],[-180,-72.42]]]]}},{"type":"Feature","properties":{"ma":160,"type":"gpml:TopologicalClosedPlateBoundary","name":"Meso Tethys","pid":530,"deforming":false},"geometry":{"type":"Polygon","coordinates":[[[40.57,11.5],[40.83,12.14],[41.09,12.79],[41.25,13.74],[41.4,14.7],[41.56,15.66],[41.71,16.62],[41.87,17.57],[42.03,18.53],[42.2,19.49],[42.36,20.44],[42.53,21.4],[42.7,22.36],[42.87,23.31],[42.87,23.37],[42.87,23.37],[43.16,23.28],[43.71,23.08],[44.25,22.88],[44.89,22.75],[45.53,22.62],[46.4,22.43],[47.26,22.23],[48.14,22.18],[49.01,22.13],[49.8,22.16],[50.58,22.18],[51.36,22.2],[52.42,22.1],[53.47,21.99],[54.52,21.87],[55.51,21.69],[56.5,21.5],[57.16,21.06],[57.82,20.61],[58.44,20.22],[59.06,19.82],[59.68,19.43],[60.31,19.25],[60.93,19.06],[61.72,18.91],[62.51,18.75],[63.31,18.55],[64.1,18.35],[64.82,18.26],[65.53,18.16],[66.24,18.06],[67.16,18.19],[68.08,18.32],[69,18.44],[69.92,18.55],[69.92,18.55],[69.85,17.67],[69.77,16.78],[69.7,15.89],[69.63,15],[69.28,14.1],[68.92,13.19],[68.57,12.28],[68.23,11.37],[67.88,10.46],[67.54,9.55],[67.19,8.64],[66.85,7.73],[66.52,6.82],[66.18,5.91],[65.84,5],[65.51,4.09],[65.17,3.18],[64.89,2.55],[64.6,1.91],[64.32,1.28],[64.32,1.28],[63.54,1.66],[62.75,2.03],[61.96,2.41],[61.18,2.78],[60.39,3.15],[59.53,3.6],[58.67,4.04],[57.8,4.48],[56.94,4.92],[56.08,5.36],[55.21,5.8],[54.34,6.24],[53.47,6.67],[52.6,7.11],[51.73,7.54],[50.86,7.97],[49.98,8.4],[49.11,8.82],[48.23,9.25],[47.35,9.67],[46.46,10.09],[46.12,9.5],[45.79,8.91],[45.45,8.31],[44.6,8.74],[43.74,9.17],[42.89,9.6],[42.03,10.02],[41.17,10.44],[40.31,10.86],[40.57,11.5]]]}},{"type":"Feature","properties":{"ma":160,"type":"gpml:TopologicalClosedPlateBoundary","name":"Moroccan-Plate","pid":706,"deforming":false},"geometry":{"type":"Polygon","coordinates":[[[4.97,4.17],[4.26,4.2],[3.42,4.26],[2.68,4.27],[1.92,4.37],[1.03,4.43],[0.64,4.39],[0.25,4.24],[-0.03,4.27],[-0.46,4.33],[-0.92,4.42],[-0.92,4.42],[-1.31,4.54],[-2.19,4.59],[-2.95,4.68],[-3.6,4.63],[-4.24,4.59],[-4.94,4.58],[-4.94,4.58],[-5.69,4.9],[-6.57,5.27],[-6.91,5.42],[-7.68,5.73],[-8.13,5.88],[-8.54,6.01],[-9.05,6.17],[-9.36,6.28],[-10.07,6.63],[-10.65,6.94],[-11.06,7.15],[-11.4,7.31],[-11.66,7.42],[-11.71,7.44],[-11.71,7.44],[-11.58,7.46],[-10.96,7.3],[-10.52,7.04],[-10.02,6.86],[-9.69,6.7],[-9.35,6.52],[-8.76,6.43],[-8.21,6.26],[-7.59,6.5],[-7.04,6.71],[-6.57,6.88],[-6.07,7.07],[-5.45,7.3],[-4.75,7.57],[-4.16,7.79],[-3.54,8.02],[-3.12,8.17],[-3,8.24],[-3,8.24],[-2.35,7.81],[-1.55,7.28],[-0.87,7.01],[-0.35,6.81],[0.17,6.6],[0.64,6.42],[1.11,6.23],[1.59,6.03],[2.06,5.83],[2.82,5.4],[3.58,4.97],[4.34,4.54],[4.97,4.17]]]}},{"type":"Feature","properties":{"ma":160,"type":"gpml:TopologicalClosedPlateBoundary","name":"Chortis","pid":2035,"deforming":false},"geometry":{"type":"Polygon","coordinates":[[[-59.29,5.7],[-60.25,5.49],[-61.2,5.27],[-61.96,5.07],[-62.72,4.86],[-63.26,4.74],[-63.8,4.62],[-63.8,4.62],[-63.69,5.31],[-63.59,5.99],[-63.42,6.8],[-63.26,7.6],[-63.1,8.4],[-62.83,9.22],[-62.56,10.04],[-62.56,10.04],[-62.54,10.03],[-61.91,9.34],[-61.29,8.66],[-60.67,7.98],[-60.11,7.37],[-59.55,6.75],[-58.99,6.14],[-58.59,5.85],[-59.29,5.7]]]}},{"type":"Feature","properties":{"ma":160,"type":"gpml:TopologicalClosedPlateBoundary","name":"Pacific Plate","pid":901,"deforming":false},"geometry":{"type":"Polygon","coordinates":[[[-146.09,8.78],[-145.77,8.33],[-145.24,7.59],[-144.72,6.84],[-144.19,6.1],[-143.67,5.35],[-143.15,4.6],[-142.64,3.86],[-142.12,3.11],[-141.6,2.36],[-141.09,1.61],[-140.57,0.86],[-140.01,0.12],[-139.46,-0.62],[-138.9,-1.36],[-138.34,-2.1],[-137.79,-2.84],[-137.23,-3.58],[-136.67,-4.32],[-136.11,-5.06],[-135.55,-5.8],[-134.99,-6.54],[-134.28,-7.23],[-133.58,-7.93],[-133.58,-7.93],[-134.4,-7.86],[-135.22,-7.8],[-135.73,-7.88],[-135.67,-8.59],[-135.6,-9.29],[-135.54,-10],[-136.3,-10.07],[-137.06,-10.14],[-137.82,-10.22],[-138.57,-10.29],[-138.64,-9.51],[-139.62,-9.55],[-140.59,-9.58],[-141.57,-9.62],[-142.55,-9.65],[-143.53,-9.68],[-144.51,-9.7],[-145.48,-9.72],[-146.46,-9.74],[-147.44,-9.76],[-148.42,-9.78],[-149.4,-9.79],[-150.38,-9.8],[-151.36,-9.8],[-152.33,-9.81],[-153.31,-9.81],[-154.29,-9.8],[-155.27,-9.8],[-156.25,-9.79],[-157.23,-9.78],[-158.21,-9.77],[-159.19,-9.75],[-160.16,-9.73],[-161.14,-9.71],[-162.12,-9.69],[-163.1,-9.66],[-164.08,-9.63],[-164.78,-9.54],[-165.48,-9.45],[-166.18,-9.36],[-167.05,-9.29],[-167.92,-9.22],[-168.79,-9.15],[-169.66,-9.07],[-170.52,-8.99],[-171.39,-8.91],[-171.39,-8.91],[-170.52,-8.51],[-169.65,-8.11],[-168.78,-7.71],[-167.92,-7.3],[-167.05,-6.9],[-166.19,-6.49],[-165.33,-6.08],[-164.55,-5.76],[-163.76,-5.44],[-162.98,-5.12],[-162.22,-4.66],[-161.45,-4.2],[-160.68,-3.73],[-159.92,-3.27],[-159.16,-2.8],[-158.39,-2.34],[-157.63,-1.87],[-156.8,-1.36],[-155.96,-0.86],[-155.13,-0.35],[-154.3,0.15],[-153.47,0.66],[-152.63,1.16],[-151.8,1.66],[-150.97,2.17],[-151.31,2.75],[-151.65,3.33],[-150.98,3.73],[-150.32,4.12],[-149.65,4.52],[-148.98,4.91],[-149.39,5.57],[-149.81,6.23],[-149.33,6.52],[-148.86,6.8],[-149.32,7.49],[-148.84,7.76],[-148.35,8.03],[-147.7,8.43],[-147.06,8.83],[-146.41,9.22],[-146.09,8.78]]]}},{"type":"Feature","properties":{"ma":160,"type":"gpml:TopologicalClosedPlateBoundary","name":"Sonora Mojave","pid":104,"deforming":false},"geometry":{"type":"Polygon","coordinates":[[[-60.75,13.61],[-60.86,14.59],[-60.97,15.57],[-61.09,16.54],[-61.2,17.52],[-61.32,18.5],[-61.43,19.48],[-61.56,20.28],[-61.69,21.09],[-61.69,21.09],[-61.04,20.47],[-60.4,19.68],[-59.77,18.88],[-59.14,18.08],[-58.52,17.28],[-57.91,16.48],[-57.29,15.68],[-56.69,14.87],[-56.12,14.1],[-55.55,13.34],[-54.98,12.57],[-54.45,11.84],[-53.93,11.11],[-53.4,10.38],[-53.31,10.25],[-53.31,10.25],[-54.05,9.59],[-54.32,8.9],[-54.71,8.53],[-55.1,8.16],[-55.75,7.42],[-56.37,7.05],[-57.04,6.54],[-57.72,6.03],[-58.59,5.85],[-58.59,5.85],[-58.99,6.14],[-59.55,6.75],[-60.11,7.37],[-60.67,7.98],[-61.29,8.66],[-61.91,9.34],[-62.54,10.03],[-62.56,10.04],[-62.56,10.04],[-62.37,10.6],[-61.98,10.97],[-61.6,11.35],[-61.09,11.81],[-60.58,12.26],[-60.58,12.26],[-60.66,13.03],[-60.63,13.33],[-60.75,13.61]]]}},{"type":"Feature","properties":{"ma":160,"type":"gpml:TopologicalClosedPlateBoundary","name":"Gravina Basin","pid":16111,"deforming":false},"geometry":{"type":"Polygon","coordinates":[[[-57.1,36.72],[-57.44,37.66],[-57.8,38.6],[-57.99,39.4],[-58.19,40.2],[-58.4,41],[-58.2,41.87],[-58,42.74],[-57.79,43.61],[-57.53,44.38],[-57.25,45.15],[-56.97,45.92],[-56.67,46.69],[-56.08,47.56],[-55.47,48.44],[-55.02,49.18],[-54.56,49.93],[-54.08,50.67],[-54.02,51.42],[-53.97,52.17],[-53.91,52.91],[-54.34,53.62],[-54.79,54.33],[-55.24,55.04],[-55.41,55.7],[-55.59,56.37],[-55.77,57.04],[-55.77,57.04],[-54.61,56.59],[-53.48,56.14],[-52.37,55.67],[-51.3,55.2],[-50.48,54.45],[-49.7,53.7],[-49.71,52.81],[-49.72,51.92],[-50.05,51.18],[-50.38,50.43],[-50.74,49.67],[-51.08,48.92],[-51.42,48.16],[-51.75,47.41],[-52.06,46.54],[-52.36,45.68],[-52.65,44.81],[-52.93,43.94],[-53.04,42.99],[-53.16,42.04],[-53.27,41.08],[-53.46,40.32],[-53.65,39.56],[-53.84,38.8],[-54.02,38.04],[-54.51,37.56],[-54.99,37.07],[-55.56,36.63],[-56.12,36.19],[-56.76,35.78],[-57.1,36.72]]]}},{"type":"Feature","properties":{"ma":160,"type":"gpml:TopologicalClosedPlateBoundary","name":"East Gondwana (Australia)","pid":801,"deforming":false},"geometry":{"type":"MultiPolygon","coordinates":[[[[180,-74.34],[180,-75.27],[180,-76.21],[180,-77.14],[180,-78.07],[180,-79],[180,-79.94],[180,-80.87],[180,-81.8],[180,-82.74],[175.78,-83.04],[171.21,-83.3],[164.82,-83.38],[157.96,-83.27],[153.5,-83.06],[149.32,-82.81],[147.28,-82.11],[145.56,-81.41],[142.34,-80.77],[139.53,-80.12],[137.07,-79.44],[134.91,-78.75],[133,-78.04],[133,-78.04],[136.32,-77.64],[139.42,-77.21],[142.31,-76.74],[143.05,-76.57],[143.43,-76.33],[142.35,-75.91],[141.34,-75.47],[141.21,-75.41],[137.94,-75],[136.98,-74.7],[136.52,-74.17],[136.09,-73.64],[135.85,-72.96],[135.62,-72.28],[135.68,-71.4],[136.33,-71.04],[137.08,-70.48],[137.79,-69.91],[137.78,-69.76],[136.92,-69.85],[135.02,-70.12],[132.77,-70.36],[131.27,-70.54],[129.35,-70.72],[127.87,-70.7],[125.39,-70.64],[123.24,-70.78],[121.41,-70.77],[119.79,-70.8],[118.17,-70.8],[115.35,-70.5],[115.35,-70.5],[115.07,-70.46],[114.65,-70.18],[113.43,-69.79],[112.14,-69.21],[111.1,-68.62],[110.3,-68.08],[109.19,-67.45],[107.94,-66.75],[107.14,-66.36],[106.36,-65.95],[105.35,-65.44],[104.38,-64.92],[103.71,-64.51],[103.05,-64.1],[101.42,-63.53],[99.85,-62.94],[98.93,-62.94],[97.02,-62.78],[95.54,-62.79],[94.07,-62.78],[92.6,-62.71],[91.14,-62.63],[89.83,-62.5],[88.53,-62.37],[87.23,-62.32],[85.95,-62.27],[84.39,-61.89],[82.46,-61.64],[80.74,-61.42],[79.57,-61.22],[78.42,-61.01],[76.8,-60.62],[75.41,-60.44],[73.62,-60.22],[71.79,-60],[70.67,-59.61],[70.67,-59.61],[71.71,-59.34],[72.84,-58.75],[73.94,-58.16],[74.64,-57.47],[75.3,-56.77],[75.59,-56.09],[75.87,-55.41],[76.1,-54.69],[76.32,-53.97],[76.58,-53.39],[76.84,-52.82],[77.28,-52.23],[77.72,-51.64],[78.12,-51.08],[78.44,-50.62],[78.69,-50.01],[78.69,-50.01],[79.9,-49.8],[81.09,-49.57],[82.27,-49.32],[83.42,-49.32],[84.57,-49.31],[85.71,-49.29],[86.82,-49.29],[87.93,-49.28],[89.04,-49.25],[90.24,-48.94],[91.42,-48.62],[92.59,-48.28],[93.77,-47.88],[94.94,-47.46],[96.03,-47.34],[97.13,-47.2],[98.21,-47.06],[99.51,-46.86],[100.8,-46.65],[101.85,-46.49],[102.88,-46.31],[103.91,-46.13],[104.81,-45.46],[105.7,-45.21],[106.58,-44.95],[107.45,-44.68],[108.71,-44.28],[109.95,-43.87],[110.92,-43.73],[110.92,-43.73],[110.14,-43.06],[109.52,-42.51],[108.91,-41.95],[108.33,-41.42],[107.77,-40.89],[107.22,-40.36],[106.81,-39.89],[106.4,-39.43],[105.71,-38.63],[105.24,-38.06],[104.77,-37.49],[104.77,-37.49],[105.59,-36.98],[105.15,-36.09],[104.73,-35.19],[104.31,-34.3],[103.91,-33.4],[103.51,-32.5],[103.12,-31.6],[102.73,-30.7],[102.36,-29.8],[101.99,-28.89],[101.63,-27.99],[101.27,-27.09],[100.92,-26.18],[101.67,-26.04],[102.42,-25.9],[103.17,-25.75],[103.57,-26.57],[103.97,-27.4],[104.57,-27.28],[105.17,-27.16],[105.49,-27.94],[105.81,-28.73],[106.75,-28.61],[107.69,-28.49],[108.62,-28.36],[109.55,-28.22],[109.48,-29.18],[109.4,-30.14],[109.32,-31.11],[109.33,-31.63],[109.33,-31.63],[110.39,-31.88],[111.47,-32.12],[112.54,-32.35],[113.62,-32.57],[114.71,-32.84],[115.8,-33.09],[116.89,-33.34],[117.99,-33.58],[119.1,-33.81],[120.21,-34.02],[121.33,-34.23],[122.42,-34.59],[123.52,-34.93],[124.63,-35.27],[125.75,-35.6],[126.88,-35.91],[128.02,-36.22],[129.16,-36.52],[130.32,-36.8],[131.48,-37.07],[132.65,-37.33],[133.83,-37.58],[135.01,-37.82],[135.87,-38.32],[136.74,-38.82],[137.62,-39.31],[138.51,-39.79],[139.18,-40.56],[139.86,-41.32],[140.56,-42.08],[141.27,-42.83],[142.01,-43.58],[142.76,-44.33],[143.53,-45.07],[144.32,-45.8],[145.13,-46.53],[145.97,-47.25],[145.97,-47.25],[146.14,-47.98],[146.31,-48.71],[146.49,-49.44],[146.61,-50.31],[146.73,-51.19],[146.85,-52.06],[146.97,-52.93],[147.11,-53.81],[147.69,-54.72],[148.3,-55.62],[148.94,-56.52],[149.61,-57.42],[150.32,-58.32],[150.86,-59.1],[151.42,-59.87],[152.01,-60.65],[152.63,-61.42],[152.71,-62],[152.79,-62.59],[152.49,-63.15],[152.16,-63.71],[151.3,-64.63],[150.37,-65.54],[149.31,-66.44],[148.18,-67.34],[147.83,-67.85],[149.05,-68.69],[149.47,-69.51],[149.92,-70.34],[150.41,-71.16],[150.41,-71.16],[152.8,-71.46],[155.25,-71.73],[157.76,-71.97],[160.34,-72.17],[162.97,-72.34],[165.65,-72.61],[168.4,-72.85],[171.23,-73.05],[174.11,-73.21],[177.04,-73.33],[180,-73.41],[180,-74.34]]],[[[-180,-81.8],[-180,-80.87],[-180,-79.94],[-180,-79],[-180,-78.07],[-180,-77.14],[-180,-76.21],[-180,-75.27],[-180,-74.34],[-180,-73.41],[-177.02,-73.44],[-174.03,-73.43],[-171.06,-73.38],[-168.1,-73.29],[-165.19,-73.16],[-161.99,-73.49],[-158.66,-73.78],[-155.23,-74.01],[-151.72,-74.18],[-148.14,-74.3],[-144.89,-74.5],[-141.56,-74.65],[-138.18,-74.75],[-134.76,-74.8],[-131.34,-74.79],[-127.96,-74.74],[-124.62,-74.63],[-121.34,-74.48],[-121.34,-74.48],[-123.4,-74.97],[-125.59,-75.44],[-128.19,-75.91],[-130.96,-76.34],[-133.91,-76.74],[-137.02,-77.1],[-140.39,-77.64],[-144.05,-78.13],[-148,-78.57],[-151.76,-79.08],[-155.87,-79.54],[-159.31,-80.3],[-163.29,-81.01],[-167.01,-81.51],[-171.15,-81.96],[-175.76,-82.37],[-180,-82.74],[-180,-81.8]]]]}},{"type":"Feature","properties":{"ma":160,"type":"gpml:TopologicalClosedPlateBoundary","name":"NeoTethys based on Ana's model MS12","pid":605,"deforming":false},"geometry":{"type":"Polygon","coordinates":[[[44.19,-27.28],[44.86,-26.54],[45.52,-25.8],[46.17,-25.06],[46.82,-24.31],[47.45,-23.57],[48.12,-22.98],[48.78,-22.39],[49.43,-21.79],[50.08,-21.2],[50.72,-20.6],[51.36,-20],[51.96,-19.28],[52.57,-18.57],[53.16,-17.85],[53.75,-17.12],[54.34,-16.4],[54.92,-15.68],[55.5,-14.95],[56.07,-14.22],[56.64,-13.49],[57.21,-12.76],[57.71,-11.9],[58.21,-11.04],[58.7,-10.17],[59.19,-9.31],[59.68,-8.44],[60.17,-7.57],[60.65,-6.71],[61.13,-5.84],[61.54,-4.94],[61.94,-4.04],[62.35,-3.14],[62.75,-2.23],[63.16,-1.33],[63.56,-0.43],[63.96,0.47],[64.36,1.38],[64.77,2.28],[65.17,3.18],[65.51,4.09],[65.84,5],[66.18,5.91],[66.52,6.82],[66.85,7.73],[67.19,8.64],[67.54,9.55],[67.88,10.46],[68.23,11.37],[68.57,12.28],[68.92,13.19],[69.28,14.1],[69.63,15],[69.7,15.89],[69.77,16.78],[69.85,17.67],[69.92,18.55],[69.92,18.55],[70.72,18.65],[71.52,18.74],[71.67,19.54],[71.82,20.33],[71.97,21.12],[71.97,21.12],[72.89,20.88],[73.8,20.63],[74.73,20.45],[75.66,20.28],[76.58,20.1],[77.61,19.97],[78.63,19.83],[79.65,19.7],[80.67,19.55],[81.73,19.46],[82.78,19.36],[83.83,19.26],[84.88,19.15],[85.88,19.23],[86.87,19.31],[87.87,19.38],[88.87,19.45],[89.87,19.51],[90.87,19.56],[91.82,19.71],[92.76,19.85],[93.71,19.99],[94.65,20.12],[95.6,20.25],[96.43,20.48],[97.27,20.71],[98.1,20.93],[98.73,21.18],[98.73,21.18],[99.05,22.05],[99.37,22.91],[99.69,23.78],[99.69,23.78],[100.69,23.38],[101.5,22.89],[102.3,22.4],[103.1,21.9],[103.9,21.4],[104.68,20.9],[105.62,20.44],[106.55,19.99],[107.47,19.52],[108.39,19.05],[109.31,18.58],[110.23,18.34],[111.15,18.09],[112.07,17.83],[112.99,17.57],[113.9,17.31],[114.81,17.04],[115.72,16.77],[116.68,16.51],[117.63,16.26],[118.58,15.99],[119.53,15.73],[120.48,15.46],[121.02,15.1],[121.57,14.73],[121.57,14.73],[121.24,14.03],[120.92,13.33],[120.6,12.63],[120.25,11.75],[119.9,10.87],[119.55,9.98],[119.21,9.1],[118.86,8.22],[118.52,7.33],[118.18,6.45],[117.84,5.56],[117.5,4.68],[117.17,3.79],[116.83,2.91],[116.49,2.02],[116.16,1.14],[115.82,0.25],[115.52,-0.7],[115.21,-1.65],[114.91,-2.6],[114.6,-3.55],[114.3,-4.5],[113.99,-5.45],[113.68,-6.4],[113.5,-7.37],[113.32,-8.34],[113.14,-9.31],[112.96,-10.27],[112.77,-11.24],[112.59,-12.21],[112.4,-13.18],[112.22,-14.14],[112.03,-15.11],[111.84,-16.08],[111.64,-17.04],[111.45,-18.01],[111.16,-18.93],[110.87,-19.85],[110.57,-20.77],[110.27,-21.68],[109.97,-22.6],[109.9,-23.54],[109.84,-24.48],[109.77,-25.41],[109.7,-26.35],[109.63,-27.28],[109.55,-28.22],[109.55,-28.22],[108.62,-28.36],[107.69,-28.49],[106.75,-28.61],[105.81,-28.73],[105.49,-27.94],[105.17,-27.16],[104.57,-27.28],[103.97,-27.4],[103.57,-26.57],[103.17,-25.75],[102.42,-25.9],[101.67,-26.04],[100.92,-26.18],[101.27,-27.09],[101.63,-27.99],[101.99,-28.89],[102.36,-29.8],[102.73,-30.7],[103.12,-31.6],[103.51,-32.5],[103.91,-33.4],[104.31,-34.3],[104.73,-35.19],[105.15,-36.09],[105.59,-36.98],[104.77,-37.49],[104.77,-37.49],[104.39,-37.02],[104.04,-36.58],[103.69,-36.14],[103.35,-35.69],[103.01,-35.24],[103.01,-35.24],[102.79,-35.38],[102.27,-35.71],[101.74,-36.04],[100.91,-36.44],[100,-36.61],[99,-36.69],[98.34,-36.73],[97.69,-36.78],[96.48,-36.86],[95.36,-37.05],[94.24,-37.23],[93.35,-37.35],[92.46,-37.46],[91.77,-37.53],[91.07,-37.61],[90.21,-37.97],[89.87,-38.56],[89.99,-39.54],[90.29,-40.24],[90.14,-40.75],[89.98,-41.27],[88.85,-41.53],[87.87,-41.68],[87.2,-41.7],[86.53,-41.71],[85.74,-41.79],[84.95,-41.87],[84.15,-41.89],[83.34,-41.91],[82.61,-42.01],[81.88,-42.11],[81.17,-42.25],[80.47,-42.39],[79.73,-42.56],[78.98,-42.73],[77.99,-43.33],[76.89,-43.71],[76.31,-44.26],[75.71,-44.81],[75.38,-45.25],[74.91,-45.85],[74.61,-46.52],[74.31,-47.17],[73.72,-47.61],[73.26,-47.73],[72.66,-47.87],[71.72,-47.95],[71.64,-47.96],[71.64,-47.96],[71.48,-47.92],[70.62,-47.82],[69.63,-47.71],[69.06,-47.31],[68.5,-46.91],[67.77,-46.15],[67.07,-45.4],[66.27,-44.64],[65.55,-43.94],[65.05,-43.49],[64.56,-43.03],[63.76,-42.26],[62.99,-41.74],[62.24,-41.21],[61.5,-40.67],[60.92,-40.08],[60.34,-39.48],[59.78,-38.88],[59.07,-38.1],[58.37,-37.32],[58.05,-36.66],[57.18,-36.09],[56.32,-35.52],[55.47,-34.95],[54.63,-34.37],[53.89,-33.87],[53.17,-33.37],[52.45,-32.86],[51.7,-32.37],[50.95,-31.88],[50.95,-31.88],[50.95,-31.88],[50.95,-31.88],[50.79,-31.77],[49.96,-31.21],[49.14,-30.65],[49.14,-30.65],[48.12,-30.61],[48.11,-30.61],[48.11,-30.61],[47.28,-30.21],[46.44,-29.81],[45.87,-29.18],[45.3,-28.55],[44.74,-27.92],[44.19,-27.28]]]}},{"type":"Feature","properties":{"ma":160,"type":"gpml:TopologicalClosedPlateBoundary","name":"Atlantic_opening_east_flank","pid":701,"deforming":false},"geometry":{"type":"Polygon","coordinates":[[[-32.56,0.08],[-31.9,0.42],[-31.24,0.75],[-30.68,1.05],[-30.12,1.35],[-29.67,1.68],[-29.21,2.01],[-28.49,2.51],[-27.95,2.89],[-27.61,3.18],[-27.27,3.46],[-26.94,3.74],[-26.74,3.94],[-26.56,4.17],[-26.26,4.53],[-25.94,4.93],[-25.76,5.21],[-25.53,5.68],[-25.37,5.91],[-25.25,6.19],[-24.93,6.5],[-24.85,6.74],[-24.6,7.04],[-24.42,7.18],[-24.2,7.36],[-23.87,7.62],[-23.62,7.87],[-23.37,8.04],[-22.96,8.27],[-22.54,8.41],[-22.24,8.49],[-22.08,8.53],[-21.24,8.6],[-20.54,8.68],[-19.85,8.77],[-19.3,8.82],[-18.99,8.82],[-18.67,8.85],[-18.2,8.87],[-17.9,8.99],[-17.55,9.15],[-17.27,9.34],[-16.98,9.79],[-16.69,9.95],[-16.34,9.99],[-15.99,10.06],[-15.66,10.15],[-15.31,10.17],[-15.06,10.09],[-14.9,10.06],[-14.74,10.01],[-14.58,9.97],[-14.35,9.98],[-14.12,10],[-13.82,10.12],[-13.6,10.21],[-13.3,10.37],[-12.99,10.56],[-12.73,10.69],[-12.42,10.94],[-12.08,11.17],[-11.66,11.29],[-11.34,11.31],[-11.06,11.23],[-10.79,11.33],[-10.28,11.89],[-9.89,12.24],[-9.42,12.53],[-9.25,12.64],[-9.25,12.64],[-9.17,12.63],[-8.72,12.36],[-8.72,12.36],[-8.73,12.35],[-8.9,11.95],[-9.23,11.45],[-9.56,10.95],[-9.73,10.63],[-10.2,10.16],[-10.57,9.87],[-11.09,9.63],[-11.77,8.99],[-12,8.75],[-12.19,8.54],[-12.41,8.41],[-12.41,8.41],[-12.51,8.35],[-12.87,8.14],[-12.96,8.13],[-13.13,8.06],[-13.33,8.04],[-13.71,8.18],[-14.16,8.22],[-14.47,8.27],[-14.84,8.27],[-15.31,8.3],[-15.89,8.01],[-16.35,7.56],[-16.73,7.3],[-16.86,7.24],[-17.12,7.16],[-17.43,7.1],[-17.88,7.08],[-18.56,7],[-18.78,7.01],[-19.06,6.93],[-19.38,6.86],[-19.81,6.77],[-20.62,6.45],[-20.99,6.29],[-21.55,6],[-21.55,6],[-21.56,6],[-22.03,5.92],[-22.51,5.51],[-22.93,4.97],[-23.21,4.36],[-23.45,4.02],[-23.73,3.66],[-24.06,3.32],[-24.24,2.94],[-24.42,2.67],[-24.66,2.34],[-24.86,2.02],[-24.99,1.8],[-25.16,1.62],[-25.3,1.4],[-25.45,1.18],[-25.74,0.85],[-25.99,0.52],[-26.51,0.14],[-27.2,-0.26],[-27.68,-0.71],[-28.16,-1.16],[-28.47,-1.62],[-28.79,-2.07],[-29.12,-2.49],[-29.46,-2.91],[-30.02,-3.06],[-30.24,-3.36],[-30.43,-3.62],[-30.54,-3.8],[-30.54,-3.8],[-30.55,-3.8],[-30.82,-3.55],[-31.16,-3.33],[-31.37,-3.23],[-31.63,-3.01],[-31.63,-3.01],[-31.61,-2.98],[-31.61,-2.98],[-31.42,-2.73],[-31.25,-2.5],[-31.42,-2.02],[-31.58,-1.54],[-31.93,-0.93],[-32.28,-0.32],[-32.56,0.08]]]}},{"type":"Feature","properties":{"ma":160,"type":"gpml:TopologicalClosedPlateBoundary","name":"Atlantic_opening_NAM_flank","pid":101,"deforming":false},"geometry":{"type":"Polygon","coordinates":[[[-32.76,0.39],[-32.98,0.44],[-32.98,0.44],[-32.93,0.68],[-32.81,1.03],[-32.8,1.21],[-33,1.33],[-33.06,1.5],[-33.06,1.5],[-33.04,1.71],[-33.06,2.03],[-33.05,2.95],[-33.09,3.47],[-32.82,3.87],[-32.82,4.08],[-33.07,4.47],[-32.74,4.76],[-32.34,5.04],[-31.53,5.17],[-30.74,5.29],[-29.99,5.38],[-29.61,5.8],[-29,6.23],[-28.64,6.55],[-28.19,6.92],[-27.73,7.35],[-27.26,7.79],[-27.13,8.33],[-27.09,8.74],[-27.02,9.16],[-26.85,9.42],[-26.47,9.89],[-26.13,10.5],[-25.6,10.93],[-25.05,11.14],[-24.38,11.19],[-24.03,11.15],[-23.88,11.18],[-23.59,11.3],[-23.43,11.23],[-23.15,11.14],[-22.93,11.05],[-22.7,11.02],[-22.51,11],[-22.23,10.98],[-21.95,10.98],[-21.69,10.96],[-21.48,10.99],[-21.25,11.05],[-20.88,10.87],[-20.63,10.74],[-20.37,10.6],[-20.07,10.64],[-19.94,10.75],[-19.76,10.87],[-19.59,10.98],[-19.48,11.07],[-19.36,11.15],[-19.18,11.28],[-19.06,11.38],[-18.78,11.58],[-18.55,11.73],[-18.47,11.79],[-18.39,11.85],[-18.3,11.9],[-18.18,11.96],[-17.87,12.13],[-17.64,12.27],[-17.49,12.27],[-16.93,12.23],[-16.26,12.08],[-15.54,11.64],[-14.99,11.4],[-14.54,11.52],[-14.15,11.74],[-13.86,12.01],[-13.42,12.41],[-12.77,12.9],[-12.02,12.96],[-11.27,13.01],[-10.57,13.26],[-10.15,13.12],[-9.59,12.67],[-9.25,12.64],[-9.25,12.64],[-9.42,12.53],[-9.89,12.24],[-10.28,11.89],[-10.79,11.33],[-11.06,11.23],[-11.34,11.31],[-11.66,11.29],[-12.08,11.17],[-12.42,10.94],[-12.73,10.69],[-12.99,10.56],[-13.3,10.37],[-13.6,10.21],[-13.82,10.12],[-14.12,10],[-14.35,9.98],[-14.58,9.97],[-14.74,10.01],[-14.9,10.06],[-15.06,10.09],[-15.31,10.17],[-15.66,10.15],[-15.99,10.06],[-16.34,9.99],[-16.69,9.95],[-16.98,9.79],[-17.27,9.34],[-17.55,9.15],[-17.9,8.99],[-18.2,8.87],[-18.67,8.85],[-18.99,8.82],[-19.3,8.82],[-19.85,8.77],[-20.54,8.68],[-21.24,8.6],[-22.08,8.53],[-22.24,8.49],[-22.54,8.41],[-22.96,8.27],[-23.37,8.04],[-23.62,7.87],[-23.87,7.62],[-24.2,7.36],[-24.42,7.18],[-24.6,7.04],[-24.85,6.74],[-24.93,6.5],[-25.25,6.19],[-25.37,5.91],[-25.53,5.68],[-25.76,5.21],[-25.94,4.93],[-26.26,4.53],[-26.56,4.17],[-26.74,3.94],[-26.94,3.74],[-27.27,3.46],[-27.61,3.18],[-27.95,2.89],[-28.49,2.51],[-29.21,2.01],[-29.67,1.68],[-30.12,1.35],[-30.68,1.05],[-31.24,0.75],[-31.9,0.42],[-32.56,0.08],[-32.76,0.39]]]}},{"type":"Feature","properties":{"ma":160,"type":"gpml:TopologicalClosedPlateBoundary","name":"East Vardar","pid":307,"deforming":false},"geometry":{"type":"Polygon","coordinates":[[[40.31,10.86],[39.65,11.18],[38.99,11.5],[38.11,11.9],[37.23,12.3],[36.35,12.69],[35.46,13.09],[35.01,12.41],[34.57,11.74],[33.66,12.18],[32.74,12.62],[31.83,13.05],[30.91,13.48],[30.54,12.91],[30.18,12.34],[29.82,11.77],[29.01,12.11],[28.2,12.45],[27.39,12.79],[26.57,13.12],[25.76,13.45],[25.38,12.88],[24.6,13.29],[23.81,13.69],[23.02,14.09],[22.23,14.49],[21.43,14.89],[21.43,14.89],[22.22,15.46],[23.01,16.03],[23.47,16.4],[23.93,16.76],[23.93,16.76],[24.61,16.74],[25.28,16.73],[26.31,16.86],[27.35,16.99],[28.38,17.11],[29.21,17.28],[30.04,17.45],[30.87,17.62],[31.7,17.78],[32.6,18.3],[33.5,18.8],[34.41,19.31],[35.33,19.81],[36.25,20.3],[37.19,20.71],[38.13,21.12],[39.08,21.52],[40.04,21.92],[41,22.31],[41.88,22.53],[42.77,22.75],[42.77,22.75],[42.61,21.85],[42.45,20.94],[42.29,20.04],[42.14,19.13],[41.98,18.22],[41.83,17.32],[41.68,16.41],[41.53,15.51],[41.38,14.6],[41.24,13.69],[41.09,12.79],[40.83,12.14],[40.57,11.5],[40.31,10.86]]]}},{"type":"Feature","properties":{"ma":160,"type":"gpml:TopologicalClosedPlateBoundary","name":"AlCaPa","pid":334,"deforming":false},"geometry":{"type":"Polygon","coordinates":[[[22.4,15.59],[21.59,15],[20.78,14.4],[19.97,13.8],[19.17,13.2],[18.49,12.72],[17.8,12.25],[17.12,11.77],[17.12,11.77],[16.32,12.2],[15.52,12.62],[14.71,13.05],[13.9,13.47],[13.43,13.8],[13.43,13.8],[14.09,14.46],[14.75,15.12],[15.2,15.87],[15.65,16.62],[16.11,17.37],[16.57,18.12],[17.03,18.87],[17.8,18.49],[18.57,18.1],[18.57,18.1],[19.29,17.39],[20,16.92],[20.7,16.44],[21.55,16.02],[22.4,15.59]]]}},{"type":"Feature","properties":{"ma":160,"type":"gpml:TopologicalClosedPlateBoundary","name":"Tisza - Dacia - Moesia","pid":319,"deforming":false},"geometry":{"type":"Polygon","coordinates":[[[22.4,15.59],[21.55,16.02],[20.7,16.44],[20,16.92],[19.29,17.39],[18.67,18.01],[18.04,18.62],[17.41,19.23],[17.41,19.23],[17.93,19.9],[18.45,20.56],[18.4,20.75],[18.97,21.52],[19.55,22.29],[19.49,22.53],[19.84,23.04],[20.18,23.55],[21.01,23.88],[21.84,24.21],[22.67,24.54],[23.51,24.85],[23.51,24.85],[24.58,24.85],[25.64,24.84],[26.71,24.83],[27.78,24.8],[28.84,24.77],[29.91,24.73],[30.98,24.68],[32.04,24.63],[32.04,24.63],[31.53,24.01],[31.03,23.38],[30.54,22.76],[29.94,22.19],[29.35,21.62],[28.76,21.05],[28.18,20.47],[27.57,19.9],[26.97,19.33],[26.37,18.75],[25.77,18.18],[25.07,17.65],[24.38,17.11],[23.7,16.57],[23.01,16.03],[22.4,15.59]]]}},{"type":"Feature","properties":{"ma":160,"type":"gpml:TopologicalClosedPlateBoundary","name":"AlKaPeCa","pid":329,"deforming":false},"geometry":{"type":"Polygon","coordinates":[[[10.8,8.35],[10.06,8],[9.32,7.65],[8.58,7.3],[7.84,6.94],[7.11,6.59],[6.25,6.35],[5.39,6.12],[4.53,5.88],[3.67,5.64],[2.82,5.4],[2.82,5.4],[2.06,5.83],[1.59,6.03],[1.11,6.23],[0.64,6.42],[0.17,6.6],[-0.38,6.82],[-0.38,6.82],[0.52,7.07],[1.41,7.33],[2.31,7.58],[3.2,7.82],[4.1,8.07],[5,8.31],[5.9,8.56],[6.8,8.8],[6.66,9.49],[7.54,9.81],[8.43,10.13],[9.31,10.45],[10.2,10.77],[10.2,10.77],[10.4,9.96],[10.6,9.16],[10.8,8.35]]]}},{"type":"Feature","properties":{"ma":160,"type":"gpml:TopologicalClosedPlateBoundary","name":"West Vardar","pid":307,"deforming":false},"geometry":{"type":"Polygon","coordinates":[[[36.28,4.45],[35.47,4.57],[34.66,4.69],[33.86,4.81],[33.05,4.93],[32.24,5.04],[31.44,5.31],[30.64,5.57],[29.85,5.83],[29.05,6.09],[28.25,6.35],[27.45,6.61],[26.61,7.08],[25.78,7.55],[24.94,8.02],[24.1,8.48],[23.25,8.95],[22.41,9.41],[21.65,9.99],[20.88,10.56],[20.12,11.13],[19.68,11.77],[19.25,12.41],[19.16,13.2],[19.16,13.2],[19.17,13.2],[19.92,13.77],[20.68,14.33],[21.43,14.89],[21.43,14.89],[22.23,14.49],[23.02,14.09],[23.81,13.69],[24.6,13.29],[25.38,12.88],[25.76,13.45],[26.57,13.12],[27.39,12.79],[28.2,12.45],[29.01,12.11],[29.82,11.77],[30.18,12.34],[30.54,12.91],[30.91,13.48],[31.83,13.05],[32.74,12.62],[33.66,12.18],[34.57,11.74],[35.01,12.41],[35.46,13.09],[36.35,12.69],[37.23,12.3],[38.11,11.9],[38.99,11.5],[39.65,11.18],[40.31,10.86],[40.31,10.86],[40.04,10.21],[39.78,9.55],[39.34,8.75],[38.9,7.95],[38.46,7.15],[38.02,6.34],[37.44,5.71],[36.86,5.08],[36.28,4.45]]]}},{"type":"Feature","properties":{"ma":160,"type":"gpml:TopologicalClosedPlateBoundary","name":"Guyana West","pid":233,"deforming":false},"geometry":{"type":"Polygon","coordinates":[[[-33.71,-5.81],[-33.39,-5.37],[-32.96,-4.78],[-32.52,-4.2],[-32.52,-4.2],[-31.98,-3.47],[-31.63,-3.01],[-31.63,-3.01],[-31.37,-3.23],[-31.16,-3.33],[-30.82,-3.55],[-30.8,-3.57],[-30.8,-3.57],[-31.36,-4.26],[-31.87,-4.98],[-32.37,-5.7],[-32.88,-6.42],[-32.88,-6.42],[-33.01,-6.33],[-33.66,-5.85],[-33.71,-5.81]]]}},{"type":"Feature","properties":{"ma":160,"type":"gpml:TopologicalClosedPlateBoundary","name":"Guyana East","pid":7714,"deforming":false},"geometry":{"type":"Polygon","coordinates":[[[-32.88,-6.42],[-32.37,-5.7],[-31.87,-4.98],[-31.36,-4.26],[-30.8,-3.57],[-30.8,-3.57],[-30.58,-3.77],[-30.58,-3.77],[-30.68,-3.87],[-30.94,-4.12],[-30.76,-4.63],[-30.46,-5.06],[-30.73,-5.49],[-30.77,-5.98],[-30.94,-6.48],[-31.23,-6.8],[-31.86,-6.73],[-32.49,-6.65],[-32.53,-6.65],[-32.53,-6.65],[-32.88,-6.42]]]}},{"type":"Feature","properties":{"ma":160,"type":"gpml:TopologicalNetwork","name":"Greater_India_Mesh","pid":801,"deforming":true},"geometry":{"type":"Polygon","coordinates":[[[74.3,-47.18],[74.31,-47.17],[74.61,-46.52],[74.91,-45.85],[75.38,-45.25],[75.71,-44.81],[76.31,-44.26],[76.89,-43.71],[77.99,-43.33],[78.98,-42.73],[79.73,-42.56],[80.47,-42.39],[81.17,-42.25],[81.88,-42.11],[82.61,-42.01],[83.34,-41.91],[84.15,-41.89],[84.95,-41.87],[85.74,-41.79],[86.53,-41.71],[87.2,-41.7],[87.87,-41.68],[88.85,-41.53],[89.98,-41.27],[90.14,-40.75],[90.29,-40.24],[89.99,-39.54],[89.87,-38.56],[90.21,-37.97],[91.07,-37.61],[91.77,-37.53],[92.46,-37.46],[93.35,-37.35],[94.24,-37.23],[95.36,-37.05],[96.48,-36.86],[97.69,-36.78],[98.34,-36.73],[99,-36.69],[100,-36.61],[100.91,-36.44],[101.74,-36.04],[102.27,-35.71],[102.79,-35.38],[103.01,-35.24],[103.01,-35.24],[103.35,-35.69],[103.69,-36.14],[104.04,-36.58],[104.39,-37.02],[105.05,-37.83],[105.71,-38.63],[106.4,-39.43],[106.81,-39.89],[107.22,-40.36],[107.77,-40.89],[108.33,-41.42],[108.91,-41.95],[109.52,-42.51],[110.14,-43.06],[110.92,-43.73],[110.92,-43.73],[109.95,-43.87],[108.71,-44.28],[107.45,-44.68],[106.58,-44.95],[105.7,-45.21],[104.81,-45.46],[103.91,-46.13],[102.88,-46.31],[101.85,-46.49],[100.8,-46.65],[99.51,-46.86],[98.21,-47.06],[97.13,-47.2],[96.03,-47.34],[94.94,-47.46],[93.77,-47.88],[92.59,-48.28],[91.42,-48.62],[90.24,-48.94],[89.04,-49.25],[87.93,-49.28],[86.82,-49.29],[85.71,-49.29],[84.57,-49.31],[83.42,-49.32],[82.27,-49.32],[82.18,-49.34],[82.18,-49.34],[81.31,-49.31],[80.43,-49.27],[79.54,-49.24],[78.64,-49.21],[77.82,-49.11],[77.01,-49],[75.65,-48.61],[74.71,-48.51],[73.76,-48.41],[73.76,-48.41],[74.03,-47.79],[74.3,-47.18]]]}},{"type":"Feature","properties":{"ma":160,"type":"gpml:TopologicalNetwork","name":"Greater_India_Mesh","pid":501,"deforming":true},"geometry":{"type":"Polygon","coordinates":[[[49.02,-30.57],[49.9,-31.17],[50.79,-31.77],[51.62,-32.32],[52.45,-32.86],[53.17,-33.37],[53.89,-33.87],[54.63,-34.37],[55.47,-34.95],[56.32,-35.52],[57.18,-36.09],[58.05,-36.66],[58.37,-37.32],[59.07,-38.1],[59.78,-38.88],[60.34,-39.48],[60.92,-40.08],[61.5,-40.67],[62.24,-41.21],[62.99,-41.74],[63.76,-42.26],[64.56,-43.03],[65.05,-43.49],[65.55,-43.94],[66.27,-44.64],[67.07,-45.4],[67.77,-46.15],[68.5,-46.91],[69.06,-47.31],[69.63,-47.71],[70.62,-47.82],[71.48,-47.92],[71.64,-47.96],[71.64,-47.96],[71.72,-47.95],[72.66,-47.87],[73.26,-47.73],[73.72,-47.61],[74.3,-47.18],[74.3,-47.18],[74.03,-47.79],[73.76,-48.41],[73.76,-48.41],[73.64,-48.39],[73.64,-48.39],[73.2,-49.26],[72.59,-49.68],[71.99,-50.16],[71.38,-50.89],[70.96,-51.45],[70.53,-52],[69.75,-52.81],[69.58,-53.47],[69.41,-54.13],[67.98,-54.46],[66.52,-54.78],[66.42,-54.79],[66.42,-54.79],[65.96,-54.65],[64.88,-54.64],[63.68,-54.75],[62.52,-54.84],[62.07,-54.69],[60.79,-54.32],[60.09,-54.1],[59.39,-53.88],[58.16,-53.48],[57.39,-53.28],[56.96,-52.88],[55.68,-52.49],[55.03,-52.16],[54.55,-51.78],[53.74,-51.84],[53.43,-51.59],[53.54,-51.19],[52.93,-50.77],[52.05,-50.1],[51.69,-49.71],[51.33,-49.31],[50.9,-48.66],[50.49,-48.01],[49.95,-47.32],[50.05,-46.85],[49.79,-46.41],[49.62,-46.13],[49.29,-45.83],[49.03,-45.28],[49.07,-44.91],[48.88,-44.45],[48.93,-44],[48.91,-43.5],[48.58,-42.98],[48.62,-42.39],[48.49,-41.56],[49,-41.16],[49.24,-40.33],[48.95,-39.66],[48.93,-38.87],[49.04,-38.19],[49.14,-37.5],[48.07,-37.55],[47.25,-37.59],[46.44,-37.62],[45.59,-37.6],[44.99,-37.77],[44.39,-37.95],[43.36,-37.87],[42.5,-37.73],[41.64,-37.59],[40.81,-37.38],[39.98,-37.17],[39.89,-37.15],[39.89,-37.15],[40.01,-37.01],[40.79,-36.31],[41.56,-35.6],[42.31,-34.88],[42.93,-34.25],[43.54,-33.63],[44.41,-33.23],[45.27,-32.82],[45.98,-32.35],[46.69,-31.89],[47.72,-31.46],[48.27,-31.22],[48.55,-31.1],[49.02,-30.57]]]}},{"type":"Feature","properties":{"ma":160,"type":"gpml:TopologicalNetwork","name":"Central_Atlantic_Mesh","pid":101,"deforming":true},"geometry":{"type":"Polygon","coordinates":[[[-8.8,13.07],[-8.58,12.92],[-8.13,12.54],[-7.69,12.15],[-7.24,11.78],[-6.64,11.17],[-6.13,10.86],[-5.67,10.44],[-5.22,10.01],[-5.01,9.83],[-4.57,9.45],[-4.2,9.12],[-3.82,8.79],[-3.56,8.62],[-3.11,8.32],[-3,8.24],[-3,8.24],[-3.12,8.17],[-3.54,8.02],[-4.16,7.79],[-4.75,7.57],[-5.45,7.3],[-6.07,7.07],[-6.57,6.88],[-7.04,6.71],[-7.59,6.5],[-8.21,6.26],[-8.76,6.43],[-9.35,6.52],[-9.69,6.7],[-10.02,6.86],[-10.52,7.04],[-10.96,7.3],[-11.58,7.46],[-12.02,7.39],[-12.68,7.12],[-13.5,6.99],[-14.22,6.83],[-14.76,6.54],[-15.65,6.24],[-16.08,5.9],[-16.86,5.5],[-17.58,5.18],[-18.13,5.25],[-18.29,5.35],[-18.81,5.36],[-19.76,5.37],[-20.65,5.51],[-20.78,5.42],[-21.25,5.19],[-21.72,4.97],[-22.06,4.52],[-22.39,4.08],[-22.64,3.63],[-22.89,3.19],[-23.1,2.57],[-23.43,2.02],[-23.8,1.46],[-24.01,1.26],[-24.26,1.01],[-24.37,0.58],[-24.44,0.14],[-24.49,-0.65],[-24.7,-1.08],[-24.91,-1.45],[-25.21,-1.67],[-25.4,-1.95],[-25.54,-2.2],[-25.74,-2.56],[-26.18,-2.55],[-26.6,-2.55],[-27.21,-2.84],[-27.58,-3.15],[-27.84,-3.53],[-28.02,-4.32],[-28.2,-5.2],[-28.18,-5.8],[-27.86,-6.41],[-27.53,-7.02],[-27.41,-7.94],[-27.49,-8.67],[-27.45,-9.55],[-27.81,-10.07],[-27.81,-10.07],[-27.84,-10.07],[-28.13,-9.76],[-28.13,-9.76],[-28.1,-9.55],[-27.97,-8.86],[-27.83,-8.17],[-27.84,-7.51],[-27.98,-6.97],[-28.09,-6.51],[-28.24,-6.27],[-28.3,-5.94],[-28.33,-5.6],[-28.31,-5.33],[-28.35,-5.01],[-28.4,-4.68],[-28.43,-4.47],[-28.47,-3.92],[-28.74,-3.51],[-29.41,-3.22],[-29.46,-2.91],[-29.46,-2.91],[-29.46,-2.91],[-29.12,-2.49],[-28.79,-2.07],[-28.47,-1.62],[-28.16,-1.16],[-27.68,-0.71],[-27.2,-0.26],[-26.51,0.14],[-25.99,0.52],[-25.74,0.85],[-25.45,1.18],[-25.3,1.4],[-25.16,1.62],[-24.99,1.8],[-24.86,2.02],[-24.66,2.34],[-24.42,2.67],[-24.24,2.94],[-24.06,3.32],[-23.73,3.66],[-23.45,4.02],[-23.21,4.36],[-22.93,4.97],[-22.51,5.51],[-22.03,5.92],[-21.56,6],[-21.55,6],[-21.55,6],[-20.99,6.29],[-20.62,6.45],[-19.81,6.77],[-19.38,6.86],[-19.06,6.93],[-18.78,7.01],[-18.56,7],[-17.88,7.08],[-17.43,7.1],[-17.12,7.16],[-16.86,7.24],[-16.73,7.3],[-16.35,7.56],[-15.89,8.01],[-15.31,8.3],[-14.84,8.27],[-14.47,8.27],[-14.16,8.22],[-13.71,8.18],[-13.33,8.04],[-13.13,8.06],[-12.96,8.13],[-12.87,8.14],[-12.51,8.35],[-12.41,8.41],[-12.41,8.41],[-12.19,8.54],[-12,8.75],[-11.77,8.99],[-11.09,9.63],[-10.57,9.87],[-10.2,10.16],[-9.73,10.63],[-9.56,10.95],[-9.23,11.45],[-8.9,11.95],[-8.73,12.35],[-8.72,12.36],[-8.72,12.36],[-9.17,12.63],[-9.59,12.67],[-10.15,13.12],[-10.57,13.26],[-11.27,13.01],[-12.02,12.96],[-12.77,12.9],[-13.42,12.41],[-13.86,12.01],[-14.15,11.74],[-14.54,11.52],[-14.99,11.4],[-15.54,11.64],[-16.26,12.08],[-16.93,12.23],[-17.49,12.27],[-17.64,12.27],[-17.87,12.13],[-18.18,11.96],[-18.3,11.9],[-18.39,11.85],[-18.47,11.79],[-18.55,11.73],[-18.78,11.58],[-19.06,11.38],[-19.18,11.28],[-19.36,11.15],[-19.48,11.07],[-19.59,10.98],[-19.76,10.87],[-19.94,10.75],[-20.07,10.64],[-20.37,10.6],[-20.63,10.74],[-20.88,10.87],[-21.25,11.05],[-21.48,10.99],[-21.69,10.96],[-21.95,10.98],[-22.23,10.98],[-22.51,11],[-22.7,11.02],[-22.93,11.05],[-23.15,11.14],[-23.43,11.23],[-23.59,11.3],[-23.88,11.18],[-24.03,11.15],[-24.38,11.19],[-25.05,11.14],[-25.6,10.93],[-26.13,10.5],[-26.47,9.89],[-26.85,9.42],[-27.02,9.16],[-27.09,8.74],[-27.13,8.33],[-27.26,7.79],[-27.73,7.35],[-28.19,6.92],[-28.64,6.55],[-29,6.23],[-29.61,5.8],[-29.99,5.38],[-30.74,5.29],[-31.53,5.17],[-32.34,5.04],[-32.74,4.76],[-33.07,4.47],[-32.82,4.08],[-32.82,3.87],[-33.09,3.47],[-33.05,2.95],[-33.05,2.54],[-33.05,2.54],[-33.19,2.71],[-34.13,2.95],[-34.83,3.29],[-35.65,3.76],[-36.13,4.37],[-36.62,5.06],[-36.97,5.64],[-37.16,5.96],[-37.16,5.96],[-37.09,6],[-36.89,6.11],[-36.58,6.39],[-36.16,6.75],[-35.76,7.04],[-35.37,7.31],[-35.24,7.5],[-34.9,7.57],[-34.58,7.63],[-34.05,7.75],[-33.41,7.84],[-32.77,7.93],[-32.19,8.32],[-31.7,8.73],[-31.44,9.48],[-31.22,10.08],[-30.57,10.35],[-29.76,10.83],[-29.39,11.11],[-28.87,11.54],[-28.36,11.98],[-28.05,12.4],[-27.84,12.83],[-27.42,12.95],[-27.28,13.05],[-27.03,13.01],[-26.74,12.91],[-26.45,12.88],[-25.97,12.98],[-25.72,13],[-25.54,12.98],[-25.2,13.22],[-24.85,13.46],[-24.37,13.56],[-23.99,13.84],[-23.74,14.39],[-23.49,14.46],[-23.11,14.29],[-22.56,14.52],[-22.08,14.5],[-21.31,14.5],[-20.49,14.58],[-19.96,14.68],[-19.16,14.75],[-18.62,15.01],[-17.89,15.35],[-17.27,15.56],[-16.7,15.65],[-16.05,15.72],[-15.71,15.72],[-15.23,15.58],[-14.57,15.46],[-13.98,15.47],[-13.49,15.46],[-12.98,15.43],[-12.45,15.37],[-11.81,15.28],[-11.09,15.06],[-10.42,14.83],[-9.64,14.65],[-9.31,14.52],[-9.16,14.29],[-8.94,14.18],[-8.82,14.03],[-8.71,13.92],[-8.55,13.73],[-8.3,13.52],[-8.38,13.42],[-8.54,13.32],[-8.85,13.36],[-8.85,13.16],[-8.8,13.07]]]}},{"type":"Feature","properties":{"ma":160,"type":"gpml:TopologicalNetwork","name":"North_Atlantic_Phase1_Deformation_Mesh","pid":301,"deforming":true},"geometry":{"type":"Polygon","coordinates":[[[4.9,31.99],[4.94,31.87],[4.98,31.41],[5.14,30.93],[5.26,30.48],[5.41,29.9],[5.51,29.44],[5.52,29.2],[5.63,28.89],[5.7,28.64],[5.72,28.42],[5.73,28.22],[5.95,27.95],[6.16,27.81],[6.63,27.64],[7.01,27.68],[7.41,27.54],[7.63,27.27],[8.2,26.82],[8.41,26.31],[8.52,25.89],[8.55,25.34],[8.57,24.96],[8.72,24.65],[8.87,24.26],[9.05,24.03],[9.18,23.92],[9.37,23.74],[9.81,23.53],[10.34,23.26],[10.87,23.04],[11.43,22.75],[11.91,22.54],[12.2,22.36],[12.31,22.32],[12.6,22.2],[12.6,22.2],[12.43,21.88],[12.14,21.46],[11.87,21.1],[11.64,20.8],[11.41,20.49],[11.14,20.07],[10.78,19.94],[10.48,19.89],[10.18,19.9],[9.66,19.92],[9.13,20.03],[8.54,20.19],[8.24,20.38],[7.87,20.5],[7.41,20.61],[6.95,20.66],[6.51,20.62],[6.12,20.48],[5.78,20.4],[5.52,20.21],[5.35,19.99],[5.19,19.77],[4.95,19.56],[4.68,19.29],[4.2,18.92],[3.65,18.54],[3.3,18.36],[2.98,18.07],[2.37,17.8],[1.94,17.57],[1.76,17.28],[1.76,17.28],[1.49,17.12],[0.92,16.76],[0.35,16.67],[-0.32,16.59],[-0.84,16.53],[-1.12,16.46],[-1.12,16.46],[-1.16,16.41],[-1.29,16.26],[-1.38,16.05],[-1.49,15.89],[-1.6,15.77],[-1.66,15.63],[-1.75,15.43],[-1.85,15.18],[-1.98,14.91],[-2.16,14.64],[-2.32,14.33],[-2.46,14.01],[-2.62,13.82],[-2.88,13.45],[-3.08,13.23],[-3.48,12.95],[-3.86,12.54],[-3.99,12.3],[-4.07,11.98],[-4.17,11.58],[-4.4,11.25],[-4.63,11.05],[-4.87,10.84],[-5.05,10.69],[-5.27,10.49],[-5.46,10.32],[-5.51,10.28],[-5.51,10.28],[-6.13,10.86],[-6.64,11.17],[-7.24,11.78],[-7.49,11.99],[-7.49,11.99],[-7.46,12.04],[-7.28,12.2],[-7.13,12.32],[-6.96,12.47],[-6.84,12.58],[-6.62,12.78],[-6.58,12.91],[-6.54,13.06],[-6.54,13.23],[-6.54,13.37],[-6.44,13.53],[-6.39,13.64],[-6.13,13.85],[-5.95,13.98],[-5.83,14.09],[-5.7,14.21],[-5.55,14.34],[-5.42,14.55],[-5.37,14.62],[-5.29,14.67],[-5.16,14.76],[-5.1,14.82],[-5.02,14.9],[-4.9,15.01],[-4.85,15.06],[-4.79,15.11],[-4.75,15.14],[-4.68,15.14],[-4.63,15.15],[-4.63,15.15],[-4.63,15.19],[-4.69,15.34],[-4.69,15.34],[-4.75,15.27],[-4.81,15.2],[-4.87,15.13],[-4.94,15.07],[-5.02,15],[-5.15,14.89],[-5.28,14.79],[-5.41,14.69],[-5.5,14.59],[-5.57,14.47],[-5.66,14.33],[-5.75,14.25],[-5.89,14.17],[-6.01,14.1],[-6.11,14.03],[-6.19,13.94],[-6.32,13.84],[-6.41,13.82],[-6.5,13.79],[-6.74,13.71],[-7.03,13.78],[-7.27,13.9],[-7.27,13.9],[-7.27,13.9],[-6.92,14.07],[-6.77,14.14],[-6.62,14.2],[-6.54,14.28],[-6.4,14.36],[-6.27,14.49],[-6.14,14.6],[-6.04,14.73],[-5.91,14.89],[-5.78,15.06],[-5.67,15.21],[-5.58,15.37],[-5.43,15.57],[-5.35,15.8],[-5.41,15.99],[-5.47,16.13],[-5.54,16.29],[-5.63,16.44],[-5.71,16.53],[-5.82,16.66],[-5.89,16.73],[-5.98,16.82],[-6.14,16.95],[-6.14,16.95],[-6.17,17.08],[-6.19,17.28],[-6.23,17.41],[-6.24,17.63],[-6.18,17.91],[-6.13,18.17],[-6.08,18.54],[-6.07,18.91],[-6.11,19.22],[-6.13,19.34],[-6.13,19.34],[-6.01,19.86],[-5.76,20.56],[-5.33,21.25],[-4.95,21.61],[-4.64,22.14],[-4.04,22.75],[-3.56,23.15],[-3.18,23.62],[-2.79,24.09],[-2.53,24.77],[-2.28,25.44],[-2.38,26.12],[-2.69,26.64],[-3.01,27.16],[-2.8,27.95],[-2.42,28.06],[-1.65,28.31],[-0.92,28.67],[-0.41,29.04],[0.2,29.31],[0.66,29.68],[1.37,30.14],[1.77,30.68],[1.92,31.03],[2.22,31.73],[2.64,32.28],[3.14,32.88],[3.44,33.19],[3.78,33.67],[3.76,33.86],[3.48,34.21],[3.47,34.27],[3.56,34.93],[3.63,35.17],[3.69,35.32],[3.5,35.53],[3.3,35.62],[2.98,35.83],[2.9,36],[2.89,36.23],[2.94,36.4],[3,36.56],[3.03,36.75],[3.01,36.97],[2.98,37.15],[3.07,37.31],[3.21,37.46],[3.41,37.67],[3.68,38.07],[4.16,38.4],[4.32,38.55],[4.52,38.82],[4.61,39.07],[4.68,39.41],[4.68,39.6],[4.69,39.79],[4.79,39.99],[4.93,40.11],[5.15,40.54],[5.45,41.05],[5.72,41.23],[5.95,41.42],[5.99,41.43],[5.99,41.43],[5.99,41.41],[5.99,41.41],[6.15,41.23],[5.96,40.91],[5.94,40.65],[5.89,40.39],[5.74,39.88],[5.73,39.59],[5.74,39.2],[5.78,39],[5.85,38.62],[5.74,38.3],[5.52,38.13],[5.35,37.93],[5.14,37.74],[5.07,37.52],[4.91,37.29],[4.85,37.13],[4.69,36.95],[4.67,36.79],[4.76,36.64],[4.9,36.47],[5.12,36.27],[5.27,35.99],[5.38,35.78],[5.51,35.55],[5.54,35.29],[5.44,35.09],[5.25,34.83],[5.31,34.68],[5.36,34.56],[5.43,34.29],[5.53,34.17],[5.68,34.02],[5.66,33.96],[5.61,33.81],[5.56,33.75],[5.48,33.65],[5.45,33.61],[5.32,33.38],[5.18,33.23],[5.02,32.94],[4.98,32.71],[4.95,32.49],[4.93,32.33],[4.94,32.17],[4.93,32.06],[4.9,31.99]]]}},{"type":"Feature","properties":{"ma":160,"type":"gpml:TopologicalNetwork","name":"Proto_Caribbean_Mesh","pid":101,"deforming":true},"geometry":{"type":"Polygon","coordinates":[[[-59.55,-9.35],[-59.36,-8.47],[-59.31,-7.76],[-59.27,-7.05],[-59.59,-6.35],[-59.91,-5.65],[-60.33,-4.91],[-60.75,-4.16],[-61.13,-3.54],[-61.51,-2.91],[-61.89,-2.29],[-62.19,-1.66],[-62.49,-1.04],[-62.73,-0.36],[-62.96,0.31],[-63.2,0.98],[-63.62,1.6],[-64.05,2.21],[-63.99,2.96],[-63.94,3.71],[-63.8,4.62],[-63.8,4.62],[-63.26,4.74],[-62.72,4.86],[-61.96,5.07],[-61.2,5.27],[-60.25,5.49],[-59.29,5.7],[-58.51,5.87],[-57.72,6.03],[-57.04,6.54],[-56.37,7.05],[-55.75,7.42],[-55.1,8.16],[-54.71,8.53],[-54.32,8.9],[-54.05,9.59],[-53.31,10.24],[-52.57,10.9],[-51.83,11.55],[-51.13,11.94],[-50.42,12.33],[-49.72,12.72],[-49.19,12.68],[-48.65,12.63],[-47.63,12.62],[-47.12,12.45],[-46.6,12.28],[-45.88,12.07],[-45.15,11.87],[-44.35,11.28],[-43.89,11],[-43.42,10.71],[-42.94,10.46],[-42.46,10.21],[-41.97,9.91],[-41.48,9.6],[-40.81,9.21],[-40.19,8.65],[-39.48,8.17],[-38.77,7.69],[-38.28,7.2],[-37.79,6.7],[-37.1,6.01],[-37.09,6],[-37.09,6],[-37.09,6],[-37.59,5.74],[-37.59,5.74],[-37.55,5.35],[-37.17,4.86],[-36.7,4.42],[-36.33,3.95],[-36.01,3.32],[-35.44,2.88],[-34.81,2.6],[-34.01,2.35],[-33.06,2.08],[-33.06,2.08],[-33.06,2.03],[-33.04,1.71],[-33.09,1.28],[-33.21,0.81],[-33.28,0.49],[-33.28,0.49],[-33.16,0.48],[-32.76,0.39],[-32.28,-0.32],[-31.93,-0.93],[-31.58,-1.54],[-31.42,-2.02],[-31.25,-2.5],[-31.42,-2.73],[-31.61,-2.98],[-31.61,-2.98],[-31.98,-3.47],[-32.52,-4.2],[-32.52,-4.2],[-32.96,-4.78],[-33.39,-5.37],[-33.71,-5.81],[-33.71,-5.81],[-33.66,-5.85],[-33.01,-6.33],[-32.53,-6.65],[-32.53,-6.65],[-32.49,-6.65],[-31.86,-6.73],[-31.23,-6.8],[-30.94,-6.48],[-30.77,-5.98],[-30.73,-5.49],[-30.46,-5.06],[-30.76,-4.63],[-30.94,-4.12],[-30.68,-3.87],[-30.49,-3.66],[-30.28,-3.41],[-30.01,-3.07],[-29.85,-3.03],[-29.46,-2.89],[-29.46,-2.89],[-29.46,-2.9],[-29.41,-3.22],[-29.41,-3.22],[-28.74,-3.51],[-28.47,-3.92],[-28.43,-4.47],[-28.4,-4.68],[-28.35,-5.01],[-28.31,-5.33],[-28.33,-5.6],[-28.3,-5.94],[-28.24,-6.27],[-28.09,-6.51],[-27.98,-6.97],[-27.84,-7.51],[-27.83,-8.17],[-27.97,-8.86],[-28.1,-9.55],[-28.13,-9.76],[-28.13,-9.76],[-28.48,-9.39],[-28.83,-9.01],[-29.3,-8.72],[-29.76,-8.42],[-30.36,-8.17],[-30.97,-7.92],[-31.49,-7.86],[-32,-7.79],[-32.01,-7.79],[-32.01,-7.79],[-32.5,-7.98],[-32.99,-8.16],[-33.57,-8.17],[-34.15,-8.17],[-34.66,-8.14],[-35.18,-8.11],[-36.08,-7.85],[-36.87,-7.79],[-37.65,-7.74],[-38.32,-7.65],[-39,-7.56],[-39.68,-7.48],[-40.42,-7.65],[-41.16,-7.82],[-41.76,-8.32],[-42.35,-8.82],[-42.96,-8.94],[-43.56,-9.06],[-44.07,-9.19],[-44.58,-9.33],[-45.14,-9.44],[-45.71,-9.54],[-46.33,-9.79],[-46.94,-10.04],[-47.58,-10.41],[-48.22,-10.79],[-48.94,-11.19],[-49.66,-11.59],[-50.48,-11.79],[-51.29,-11.98],[-52.17,-11.78],[-53.05,-11.58],[-53.73,-11.26],[-54.41,-10.93],[-54.94,-10.74],[-55.46,-10.55],[-56.06,-10.46],[-56.65,-10.37],[-57.2,-10.48],[-57.76,-10.59],[-58.41,-10.58],[-59.06,-10.56],[-59.89,-10.22],[-59.55,-9.35]]]}},{"type":"Feature","properties":{"ma":160,"type":"gpml:TopologicalNetwork","name":"Atlantic/Caribbean shear","pid":101,"deforming":true},"geometry":{"type":"Polygon","coordinates":[[[-37.16,5.96],[-36.97,5.64],[-36.62,5.06],[-36.13,4.37],[-35.65,3.76],[-34.83,3.29],[-34.13,2.95],[-33.19,2.71],[-33.05,2.54],[-33.05,2.54],[-33.06,2.08],[-33.06,2.08],[-34.01,2.35],[-34.81,2.6],[-35.44,2.88],[-36.01,3.32],[-36.33,3.95],[-36.7,4.42],[-37.17,4.86],[-37.55,5.35],[-37.59,5.74],[-37.59,5.74],[-37.16,5.96]]]}},{"type":"Feature","properties":{"ma":160,"type":"gpml:TopologicalNetwork","name":"WEC","pid":601,"deforming":true},"geometry":{"type":"Polygon","coordinates":[[[132.79,52.25],[131.3,52.52],[129.79,52.77],[128.26,53],[126.72,53.21],[125.16,53.4],[123.59,53.56],[122,53.71],[120.99,53.29],[120.01,52.87],[118.93,52.64],[117.87,52.41],[116.82,52.17],[116.77,51.67],[116.71,51.17],[115.64,51.14],[114.56,51.11],[113.49,51.07],[112.23,51.18],[110.96,51.27],[109.68,51.35],[108.29,51.27],[106.91,51.18],[105.43,50.83],[103.98,50.46],[102.65,50.04],[101.34,49.61],[100.56,49.44],[100.56,49.44],[100,49.99],[99.41,50.36],[98.81,50.73],[97.71,51.31],[96.95,51.74],[96.18,52.16],[95.33,52.84],[94.89,53.67],[94.72,54.39],[94.55,55.23],[94.4,56.13],[94.29,56.8],[94.24,57.33],[94.2,57.78],[94.39,58.16],[94.56,58.51],[94.79,58.94],[94.94,59.49],[95.08,59.95],[95.25,60.51],[95.43,61.06],[95.61,61.61],[95.87,62.29],[96.14,62.97],[96.43,63.65],[96.85,64.56],[97,65.36],[97.16,66.16],[97.21,67.01],[97.24,67.62],[97.26,68.2],[97.28,68.79],[97.42,69.16],[97.42,69.16],[98.65,69.48],[100.36,69.9],[102.14,70.3],[104.65,70.81],[107.28,71.29],[108.86,71.55],[110.49,71.79],[112.86,72.11],[115.31,72.4],[117.18,72.6],[119.09,72.78],[121.19,72.95],[123.34,73.1],[125.9,73.25],[128.5,73.37],[130.97,73.45],[133.47,73.5],[135.98,73.52],[138.98,73.5],[141.96,73.44],[144.38,73.36],[144.38,73.36],[144,72.73],[143.65,72.09],[143.19,71.4],[142.76,70.71],[142.36,70.02],[141.86,69.11],[141.4,68.19],[141.04,67.44],[140.7,66.68],[140.19,65.92],[139.71,65.16],[139.14,64.22],[138.62,63.28],[138.16,62.48],[137.72,61.69],[137.3,60.88],[136.88,60.09],[136.47,59.3],[136.05,58.39],[135.64,57.48],[135.18,56.53],[134.74,55.58],[134.31,54.89],[133.89,54.2],[133.54,53.57],[133.19,52.95],[132.79,52.25]]]}},{"type":"Feature","properties":{"ma":160,"type":"gpml:TopologicalNetwork","name":"PNG_Jurassic_Deforming_Network","pid":615,"deforming":true},"geometry":{"type":"Polygon","coordinates":[[[115.3,-34.6],[116.14,-34.76],[116.99,-34.91],[118.06,-35.25],[119.14,-35.58],[120.25,-35.95],[121.37,-36.31],[122.45,-36.79],[123.54,-37.27],[124.65,-37.73],[125.37,-38.4],[126.1,-39.06],[125.85,-39.51],[125.85,-39.51],[126.01,-39.61],[126.42,-39.93],[126.9,-40.62],[127.42,-41.14],[128.24,-41.64],[128.24,-41.64],[127.72,-42.2],[126.88,-42.84],[126.72,-43.01],[126.72,-43.01],[126.13,-42.6],[125.56,-42.18],[124.62,-41.6],[123.93,-41.26],[123.25,-40.91],[122.93,-40.74],[122.62,-40.54],[122.36,-40.36],[122.15,-40.13],[122.2,-39.9],[122.31,-39.69],[122.33,-39.64],[121.89,-39.47],[121.55,-39.38],[121.28,-39.23],[120.8,-39.04],[120.09,-38.79],[119.68,-38.58],[118.84,-38.4],[118.39,-38.27],[117.78,-38.15],[117.39,-38.07],[116.71,-37.94],[116.2,-37.83],[115.2,-37.44],[114.83,-37.36],[114.19,-37.21],[113.8,-37.08],[113,-36.74],[112.55,-36.58],[111.71,-35.95],[110.89,-35.32],[110.48,-34.54],[110.03,-33.73],[110.09,-33.19],[110.15,-32.64],[110.13,-32.34],[110.13,-32.34],[110.17,-32.35],[110.79,-32.52],[111.41,-32.68],[111.96,-32.99],[112.52,-33.29],[113.06,-33.72],[113.6,-34.14],[114.09,-34.44],[114.58,-34.74],[115.3,-34.6]]]}}]}