{"type":"FeatureCollection","features":[{"type":"Feature","properties":{"ma":130,"type":"gpml:TopologicalNetwork","name":"Amer_anyui_mesh","pid":101,"deforming":true},"geometry":{"type":"Polygon","coordinates":[[[-1.41,56.21],[-2.82,56.45],[-4.25,56.67],[-5.69,56.87],[-7.15,57.06],[-8.84,57.11],[-10.54,57.14],[-11.98,57.36],[-13.44,57.56],[-14.64,57.84],[-15.87,58.11],[-17.11,58.37],[-18.44,58.72],[-19.81,59.05],[-21.2,59.37],[-22.64,59.42],[-24.08,59.46],[-25.74,59.31],[-27.39,59.15],[-27.39,59.15],[-27.52,60.12],[-27.66,61.09],[-27.8,62.07],[-27.8,62.07],[-28.35,62.03],[-29.41,61.95],[-30.45,61.87],[-31.61,61.76],[-32.77,61.65],[-33.74,61.21],[-34.59,60.83],[-35.42,60.45],[-35.45,60.44],[-35.45,60.44],[-35.68,60.71],[-35.68,60.71],[-35.59,60.74],[-35.59,60.74],[-35.92,60.93],[-35.92,60.93],[-35.93,61.72],[-35.48,62.23],[-35.13,62.62],[-34.9,62.85],[-34.51,63.24],[-34.1,63.63],[-32.79,64.03],[-31.3,64.1],[-30.27,64.45],[-28.57,64.53],[-27.55,64.83],[-26.21,64.93],[-24.86,65.01],[-24.42,65.08],[-24.42,65.08],[-23.49,64.52],[-22.61,63.95],[-22.03,63.36],[-21.47,62.76],[-21.62,62.22],[-21.62,62.22],[-22.39,62.28],[-23.46,62.25],[-24.54,62.22],[-25.65,62.18],[-26.76,62.13],[-27.8,62.07],[-27.8,62.07],[-27.66,61.09],[-27.52,60.12],[-27.39,59.15],[-27.39,59.15],[-27.72,59.11],[-28.85,58.96],[-29.98,58.81],[-30.98,58.7],[-31.97,58.58],[-32.92,58.45],[-33.87,58.31],[-34.98,58.25],[-35.55,58.26],[-36.11,58.44],[-37.32,58.89],[-38.25,59.21],[-38.62,59.34],[-38.84,59.43],[-38.84,59.43],[-39.42,59.87],[-39.69,60.24],[-39.46,60.68],[-39.38,60.83],[-39.43,61.41],[-38.94,62.24],[-38.91,62.5],[-38.77,63.31],[-38.65,63.58],[-38.21,63.99],[-37.87,64.61],[-37.52,65.23],[-37.22,66.19],[-36.66,66.61],[-36.16,66.92],[-35.01,67.42],[-34.3,67.63],[-33.64,67.97],[-33.55,68.01],[-33.55,68.01],[-31.59,68.22],[-30.34,68.6],[-29.05,68.97],[-27.4,69.3],[-25.69,69.61],[-23.37,70.1],[-20.93,70.57],[-18.34,70.32],[-16.42,70.38],[-14.5,70.42],[-11.73,70.52],[-8.93,70.57],[-5.94,70.64],[-2.95,70.66],[-0.31,70.51],[2.28,70.33],[3.84,69.85],[5.33,69.35],[6.2,68.8],[7.03,68.25],[7.63,68.42],[7.63,68.42],[6.32,67.65],[5.1,66.88],[3.95,66.1],[3.71,65.31],[3.49,64.52],[2.76,63.89],[2.76,63.89],[2.33,63.21],[1.91,62.52],[1.52,61.84],[1.03,60.94],[0.57,60.04],[0.17,59.3],[-0.22,58.56],[-0.53,57.93],[-0.83,57.3],[-1.13,56.76],[-1.41,56.21]]]}},{"type":"Feature","properties":{"ma":130,"type":"gpml:OceanicCrust","name":"Oceanic_Crust","pid":101,"deforming":false},"geometry":{"type":"Polygon","coordinates":[[[-35.68,60.71],[-34.23,61.2],[-34.52,61.57],[-33.24,61.86],[-32.13,62.15],[-32.01,62.63],[-31.03,62.82],[-29.47,63.11],[-27.88,63.37],[-25.85,63.49],[-23.8,63.58],[-22.39,63.73],[-22.39,63.73],[-21.92,63.25],[-21.47,62.76],[-21.62,62.22],[-21.62,62.22],[-22.39,62.28],[-23.46,62.25],[-24.54,62.22],[-25.65,62.18],[-26.76,62.13],[-28.35,62.03],[-29.41,61.95],[-30.45,61.87],[-31.61,61.76],[-32.77,61.65],[-33.74,61.21],[-34.59,60.83],[-35.42,60.45],[-35.45,60.44],[-35.45,60.44],[-35.68,60.71]]]}},{"type":"Feature","properties":{"ma":130,"type":"gpml:OceanicCrust","name":"Oceanic_Crust","pid":103,"deforming":false},"geometry":{"type":"Polygon","coordinates":[[[-22.39,63.73],[-23.8,63.58],[-25.85,63.49],[-27.88,63.37],[-29.47,63.11],[-31.03,62.82],[-32.01,62.63],[-32.13,62.15],[-33.24,61.86],[-34.52,61.57],[-34.23,61.2],[-35.59,60.74],[-35.59,60.74],[-35.92,60.93],[-35.92,60.93],[-35.93,61.72],[-35.48,62.23],[-35.13,62.62],[-34.9,62.85],[-34.51,63.24],[-34.1,63.63],[-32.79,64.03],[-31.3,64.1],[-30.27,64.45],[-28.57,64.53],[-27.55,64.83],[-26.21,64.93],[-24.86,65.01],[-24.42,65.08],[-24.42,65.08],[-23.49,64.52],[-22.61,63.95],[-22.39,63.73]]]}},{"type":"Feature","properties":{"ma":130,"type":"gpml:TopologicalNetwork","name":"Amer_anyui_mesh","pid":101,"deforming":true},"geometry":{"type":"Polygon","coordinates":[[[7.63,68.42],[7.03,68.25],[6.2,68.8],[5.33,69.35],[3.84,69.85],[2.28,70.33],[-0.31,70.51],[-2.95,70.66],[-5.94,70.64],[-8.93,70.57],[-11.73,70.52],[-14.5,70.42],[-16.42,70.38],[-18.34,70.32],[-20.93,70.57],[-23.37,70.1],[-25.69,69.61],[-27.4,69.3],[-29.05,68.97],[-30.34,68.6],[-31.59,68.22],[-33.53,68.01],[-35.43,67.79],[-37.29,67.54],[-39.68,67.39],[-42.03,67.2],[-43.62,67.29],[-44.62,67.76],[-45.66,68.22],[-46.19,68.75],[-46.75,69.29],[-47.64,69.95],[-48.59,70.61],[-49.1,71.11],[-49.64,71.61],[-49.64,71.61],[-49.02,72.31],[-48.34,73],[-47.61,73.69],[-47.18,74.2],[-47.18,74.2],[-46.1,74.48],[-43.74,74.94],[-41.24,75.38],[-38.6,75.79],[-35.8,76.17],[-35.8,76.17],[-35,76.31],[-31.88,76.74],[-28.57,77.13],[-25.06,77.48],[-20.89,77.7],[-16.59,77.86],[-12.2,77.95],[-9.26,77.79],[-6.4,77.6],[-3.38,77.35],[-0.47,77.08],[2.31,76.77],[3.65,76.68],[6.83,76.33],[6.83,76.33],[10.01,76.74],[13.38,77.1],[13.38,77.1],[12.63,77.32],[10.61,77.87],[7.54,78.6],[3.29,79.01],[-0.94,79.33],[-4.83,79.72],[-9.46,80.08],[-13.54,80.34],[-18.05,80.55],[-21.52,80.68],[-25.08,80.77],[-30.23,80.84],[-33.75,80.72],[-37.18,80.57],[-40.37,80.4],[-43.43,80.2],[-46.26,79.88],[-49.81,79.42],[-53.24,78.89],[-55.5,78.49],[-57.74,78.04],[-59.43,77.67],[-61.03,77.28],[-61.03,77.28],[-62.64,78.02],[-64.45,78.75],[-64.45,78.75],[-64.43,78.8],[-64.07,79.45],[-63.46,80.1],[-62.77,80.75],[-58.1,81.39],[-53.96,81.9],[-51.39,82.21],[-48.96,82.63],[-42.08,82.95],[-36.45,83.21],[-30.43,83.41],[-30.43,83.41],[-30.43,83.41],[-30.4,83.4],[-22.75,83.11],[-15.83,82.71],[-12.28,82.39],[-9.04,82.03],[-5.93,81.47],[-3.2,80.89],[-0.8,80.28],[2.05,80.01],[4.75,79.71],[7.55,79.62],[10.3,79.51],[13.44,79.37],[16.49,79.2],[17.12,78.54],[17.67,77.87],[18.18,77.21],[18.47,76.45],[18.72,75.7],[18.96,74.94],[19.17,74.18],[18.94,73.37],[18.74,72.55],[18.55,71.73],[18.55,71.73],[15.92,71.24],[13.43,70.72],[11.07,70.16],[9.86,69.59],[8.72,69.01],[7.63,68.42]]]}},{"type":"Feature","properties":{"ma":130,"type":"gpml:TopologicalNetwork","name":"AUSANT_Deforming_Network","pid":802,"deforming":true},"geometry":{"type":"Polygon","coordinates":[[[145.68,-72.38],[145.45,-72.49],[144.73,-73.04],[143.97,-73.58],[144.96,-74.06],[146.01,-74.53],[149,-74.18],[150.62,-74.37],[150.78,-74.4],[150.78,-74.4],[148.26,-74.96],[145.56,-75.49],[142.67,-75.99],[142.67,-75.99],[140.17,-75.63],[137.8,-75.25],[138.27,-74.43],[138.7,-73.6],[137.97,-72.71],[137.73,-71.87],[137.9,-71.14],[136.72,-70.92],[136.19,-70.39],[135.69,-69.85],[134.23,-69.41],[132.51,-69.29],[130.8,-69.15],[129.58,-68.6],[128.74,-68.05],[127.93,-67.5],[127,-67.07],[126.1,-66.63],[124.65,-66.28],[123.23,-65.92],[121.66,-65.63],[120.12,-65.33],[119.06,-65.05],[118.02,-64.76],[115.93,-64.38],[114.48,-64.24],[113.04,-64.09],[111.69,-63.75],[110.38,-63.39],[108.68,-63.18],[107.39,-63.12],[106.1,-63.06],[104.69,-63.04],[103.28,-63],[101.61,-63.18],[99.92,-63.33],[98.16,-63.3],[96.41,-63.24],[94.67,-63.16],[93.53,-63.2],[92.39,-63.22],[90.84,-63.23],[89.29,-63.23],[88.15,-63.09],[87.01,-62.95],[85.14,-62.6],[83.32,-62.23],[83.32,-62.23],[82.94,-61.53],[82.58,-60.83],[82.23,-60.12],[82.23,-60.12],[82.68,-60.08],[82.91,-59.98],[82.91,-59.98],[83.04,-60.01],[83.85,-60.2],[85.51,-60.53],[86.21,-60.94],[87.75,-61.06],[89.31,-61.16],[90.58,-61.16],[91.86,-61.15],[93.49,-61.34],[95.13,-61.52],[96.66,-61.52],[98.19,-61.51],[100.07,-61.38],[101.94,-61.22],[103.46,-61.2],[104.99,-61.17],[106.2,-61.3],[107.42,-61.42],[108.56,-61.62],[109.72,-61.81],[111.47,-62.04],[113.25,-62.25],[114.47,-62.53],[115.71,-62.8],[117.26,-63.05],[118.84,-63.28],[120.19,-63.54],[121.56,-63.78],[123.04,-64.2],[124.57,-64.61],[126.13,-65.04],[127.74,-65.47],[129.27,-65.91],[130.85,-66.34],[132.06,-66.92],[133.33,-67.49],[134.66,-68.05],[136.06,-68.59],[136.63,-68.86],[137.42,-69.08],[138.4,-69.31],[139.34,-69.52],[140.69,-69.8],[141.64,-70.11],[142.5,-70.43],[143.4,-70.74],[144.72,-71.16],[145.53,-71.51],[146.17,-71.87],[146.34,-72.05],[146.21,-72.12],[145.68,-72.38]]]}},{"type":"Feature","properties":{"ma":130,"type":"gpml:TopologicalNetwork","name":"Deforming Network","pid":801,"deforming":true},"geometry":{"type":"Polygon","coordinates":[[[128.55,-64.13],[130.79,-64.2],[131.98,-64.07],[133.16,-63.94],[134.49,-63.81],[136,-63.54],[137.83,-63.44],[138.92,-63.38],[140.25,-63.09],[141.27,-62.84],[142.83,-62.48],[144.14,-62.13],[144.74,-62],[144.79,-62.15],[144.43,-62.74],[144.05,-63.33],[143.7,-63.73],[143.96,-64.6],[144.01,-64.64],[144.39,-65.28],[144.78,-65.92],[145.28,-66.42],[145.79,-66.93],[146.54,-67.19],[148.85,-67.47],[148.96,-67.53],[149.76,-67.93],[150.59,-68.32],[151.72,-68.7],[151.12,-69.19],[150.71,-69.39],[149.18,-69.9],[147.76,-70.34],[146.36,-70.75],[144.74,-71.19],[144.74,-71.19],[144.77,-71.18],[144.77,-71.18],[144.72,-71.16],[143.4,-70.74],[142.5,-70.43],[141.64,-70.11],[140.69,-69.8],[139.34,-69.52],[138.4,-69.31],[137.42,-69.08],[136.63,-68.86],[136.06,-68.59],[134.66,-68.05],[133.33,-67.49],[132.06,-66.92],[130.85,-66.34],[129.27,-65.91],[127.74,-65.47],[126.13,-65.04],[124.57,-64.61],[123.04,-64.2],[121.56,-63.78],[120.19,-63.54],[118.84,-63.28],[117.26,-63.05],[115.71,-62.8],[114.47,-62.53],[113.25,-62.25],[111.47,-62.04],[109.72,-61.81],[108.56,-61.62],[107.42,-61.42],[106.2,-61.3],[104.99,-61.17],[103.46,-61.2],[101.94,-61.22],[100.07,-61.38],[98.19,-61.51],[96.66,-61.52],[95.13,-61.52],[93.49,-61.34],[91.86,-61.15],[90.58,-61.16],[89.31,-61.16],[87.75,-61.06],[86.21,-60.94],[85.51,-60.53],[83.85,-60.2],[83.04,-60.01],[82.98,-60],[82.98,-60],[83.83,-59.62],[84.66,-59.24],[85.48,-58.52],[86.26,-57.81],[86.62,-57.05],[86.97,-56.29],[86.96,-55.59],[86.96,-54.89],[86.9,-54.16],[86.85,-53.43],[86.9,-52.83],[86.95,-52.24],[87.18,-51.61],[87.41,-50.98],[87.62,-50.37],[87.78,-49.89],[87.84,-49.2],[87.9,-48.52],[88.25,-48.05],[88.59,-47.57],[88.62,-47.53],[88.62,-47.53],[87.99,-48.39],[87.94,-49.08],[87.88,-49.76],[87.71,-50.25],[87.51,-50.85],[87.29,-51.48],[87.06,-52.11],[87.01,-52.71],[86.97,-53.3],[87.02,-54.03],[87.08,-54.76],[87.09,-55.46],[87.1,-56.16],[86.76,-56.92],[86.4,-57.68],[85.78,-58.26],[85.14,-58.84],[85.14,-58.84],[86.16,-59.01],[87.98,-58.97],[89.75,-58.93],[91.13,-58.92],[92.8,-59.07],[93.96,-59.11],[95.12,-59.15],[96.77,-59.13],[98.62,-59.12],[100.19,-59.29],[101.34,-59.18],[102.49,-59.06],[103.69,-59.03],[104.88,-58.99],[106.18,-58.89],[107.47,-58.78],[108.73,-58.62],[109.98,-58.44],[111.67,-58.38],[112.44,-58.28],[114.02,-58.68],[115.64,-59.06],[116.37,-59.39],[117.12,-59.72],[118.16,-60.12],[119.22,-60.52],[120.04,-60.83],[120.88,-61.14],[122.22,-61.7],[123.41,-62.21],[124.32,-62.66],[125.43,-63.15],[126.72,-63.6],[127.85,-63.88],[128.32,-64.11],[128.55,-64.13]]]}},{"type":"Feature","properties":{"ma":130,"type":"gpml:TopologicalNetwork","name":"aus_antarc_india_mesh","pid":501,"deforming":true},"geometry":{"type":"Polygon","coordinates":[[[79.02,-47.32],[79.76,-47.36],[81.01,-47.44],[82.26,-47.51],[83.7,-47.47],[85.13,-47.42],[86.55,-47.61],[87.35,-47.61],[88.16,-47.59],[88.6,-47.54],[88.6,-47.54],[87.99,-48.39],[87.94,-49.08],[87.88,-49.76],[87.71,-50.25],[87.51,-50.85],[87.29,-51.48],[87.06,-52.11],[87.01,-52.71],[86.97,-53.3],[87.02,-54.03],[87.08,-54.76],[87.09,-55.46],[87.1,-56.16],[86.76,-56.92],[86.4,-57.68],[85.63,-58.4],[84.82,-59.12],[83.77,-59.6],[82.68,-60.08],[81.18,-60.21],[79.66,-60.33],[78.14,-60.42],[77.07,-60.65],[76,-60.88],[74.8,-61.07],[73.59,-61.25],[72.54,-61.56],[71.46,-61.87],[70.18,-61.89],[68.9,-61.91],[67.77,-61.92],[66.65,-61.92],[65.19,-62.02],[63.73,-62.11],[62.27,-62.34],[60.79,-62.56],[59.46,-62.85],[58.92,-63.81],[57.85,-64.59],[56.84,-65.03],[55.74,-65.64],[54.58,-66.25],[53.85,-67.02],[53.07,-67.78],[52.58,-66.84],[52.15,-65.95],[52.27,-65.38],[52.38,-64.81],[52.9,-64.31],[53.4,-63.81],[54.16,-63.14],[52.69,-63.34],[50.58,-63.37],[49.14,-63.33],[47.69,-63.28],[46.12,-63.18],[44.55,-63.06],[43,-62.92],[41.92,-62.7],[40.86,-62.46],[39.69,-61.87],[38.04,-61.88],[36.46,-62.37],[34.56,-62.84],[32.6,-63.29],[30.91,-63.85],[29.15,-64.38],[27.72,-64.93],[26.23,-65.46],[24.16,-65.39],[22.09,-65.28],[20.4,-64.95],[18.75,-64.6],[17.44,-64.08],[16.19,-63.54],[16.19,-63.54],[16.66,-62.76],[17.11,-61.97],[17.11,-61.97],[18.54,-62.08],[19.98,-62.18],[20.72,-62.03],[21.32,-61.9],[21.5,-62.18],[21.79,-62.6],[21.91,-63.49],[22.73,-63.06],[23.32,-62.74],[24.26,-62.21],[25.07,-61.74],[26.55,-61.67],[28.02,-61.59],[28.06,-61.49],[29.19,-61.42],[30.32,-61.33],[31.54,-61.2],[32.76,-61.06],[34.02,-60.78],[35.26,-60.49],[36.6,-60.26],[37.92,-60.01],[38.96,-59.53],[39.97,-59.04],[41.08,-58.63],[42.16,-58.21],[43.51,-58.21],[44.87,-58.2],[46.06,-58.41],[47.27,-58.6],[48.74,-58.58],[50.21,-58.54],[51.35,-58.41],[52.48,-58.27],[53.72,-58.07],[54.94,-57.86],[56.37,-57.53],[57.76,-57.18],[58.96,-57.1],[60.16,-57.02],[61.13,-57.22],[62.12,-57.42],[63.43,-57.41],[64.74,-57.39],[65.74,-56.99],[66.72,-56.58],[67.68,-56.16],[68.89,-55.68],[70.07,-55.19],[71.28,-54.74],[72.46,-54.29],[73.92,-53.8],[75.35,-53.3],[76.55,-52.77],[77.73,-52.23],[77.6,-51.57],[77.48,-50.9],[77.88,-50],[78.04,-49.47],[78.2,-48.95],[78.2,-48.95],[78.82,-49.63],[79.44,-50.2],[79.9,-50.69],[80.44,-51.2],[81,-51.69],[81.36,-52.04],[82.22,-52.75],[82.76,-53.21],[83.31,-53.68],[83.14,-54.07],[82.73,-54.93],[82.29,-55.8],[81.29,-56.4],[80.26,-57],[79.24,-57.33],[78.21,-57.64],[77.99,-57.92],[77.62,-58.17],[77.62,-58.17],[78.77,-58.14],[79.91,-58.1],[80.72,-58.41],[81.43,-58.59],[82.1,-58.76],[83.16,-58.37],[83.36,-57.45],[84.13,-57.06],[84.88,-56.66],[85.21,-56.13],[85.54,-55.6],[85.57,-55.08],[84.85,-54.25],[84.8,-53.96],[84.36,-53.53],[83.96,-53.03],[83.17,-52.16],[82.69,-51.59],[82.22,-51.02],[81.48,-50.45],[80.75,-49.88],[80.16,-49.42],[79.58,-48.78],[78.62,-48.57],[78.41,-48.35],[78.41,-48.35],[78.54,-47.99],[78.92,-47.43],[79.02,-47.32]]]}},{"type":"Feature","properties":{"ma":130,"type":"gpml:TopologicalClosedPlateBoundary","name":"Antarctica","pid":802,"deforming":false},"geometry":{"type":"Polygon","coordinates":[[[180,-75.07],[180,-76.07],[180,-77.06],[180,-78.06],[180,-79.05],[180,-80.05],[180,-81.04],[180,-82.04],[180,-83.03],[180,-84.03],[180,-85.02],[180,-86.02],[180,-87.01],[180,-88.01],[180,-89],[180,-90],[-180,-90],[-180,-89],[-180,-88.01],[-180,-87.01],[-180,-86.02],[-180,-85.02],[-180,-84.03],[-180,-83.03],[-180,-82.04],[-180,-81.04],[-180,-80.05],[-180,-79.05],[-180,-78.06],[-180,-77.06],[-180,-76.07],[-180,-75.07],[-180,-74.08],[-177.93,-73.79],[-175.03,-73.28],[-172.31,-72.73],[-169.41,-72.53],[-166.57,-72.28],[-163.63,-72.15],[-160.73,-71.96],[-157.9,-71.74],[-155.41,-71.67],[-152.94,-71.57],[-150.5,-71.44],[-148.09,-71.28],[-148.09,-71.28],[-146.56,-71.46],[-145,-71.62],[-142.87,-72.02],[-140.66,-72.39],[-138.35,-72.73],[-135.96,-73.05],[-133.05,-73.45],[-130,-73.8],[-126.62,-74.15],[-123.11,-74.44],[-119.48,-74.67],[-116.53,-74.84],[-113.51,-74.98],[-113.51,-74.98],[-112.05,-74.97],[-109.52,-74.84],[-107.04,-74.68],[-103.87,-74.34],[-100.89,-73.86],[-98.5,-73.64],[-95.29,-73.32],[-93.9,-72.82],[-91.96,-72.07],[-91.01,-71.59],[-90.11,-71.1],[-88.82,-70.74],[-87.58,-70.37],[-85.91,-69.72],[-85.12,-69.28],[-84.35,-68.85],[-83.42,-68.27],[-82.53,-67.68],[-80.88,-67.21],[-78.88,-66.83],[-77.31,-66.2],[-75.77,-65.81],[-74.29,-65.4],[-73.2,-64.92],[-72.15,-64.44],[-70.49,-64.64],[-68.52,-64.82],[-68.09,-64.74],[-68.09,-64.74],[-68.17,-64.89],[-68.37,-65.26],[-68.55,-65.61],[-68.66,-65.99],[-68.67,-66.06],[-68.54,-66.46],[-68.26,-66.74],[-67.74,-67.21],[-67.31,-67.54],[-67.16,-67.67],[-66.89,-67.86],[-66.57,-68.04],[-66.27,-68.23],[-65.93,-68.44],[-65.69,-68.59],[-65.69,-68.59],[-65.65,-68.47],[-65.37,-68.22],[-65.37,-68.22],[-63.74,-68.67],[-62.05,-69.11],[-60.29,-69.53],[-58.73,-69.94],[-57.71,-70.2],[-55.94,-70.66],[-54.09,-71.09],[-51.8,-71.37],[-50.97,-71.46],[-50.14,-71.45],[-49.47,-71.47],[-47.57,-71.56],[-45.97,-71.66],[-44.85,-71.64],[-43.19,-71.58],[-42.53,-71.57],[-41.14,-71.52],[-39.53,-71.4],[-38.44,-71.27],[-37.71,-71.19],[-36.82,-71.05],[-36.28,-70.96],[-34.37,-70.9],[-32.22,-70.85],[-31.87,-70.81],[-30.44,-70.62],[-29.74,-70.49],[-28.68,-70.34],[-26.52,-70.12],[-24.41,-69.88],[-22.98,-69.71],[-21.33,-69.56],[-19.95,-69.39],[-18.59,-69.13],[-16.84,-68.8],[-15.16,-68.44],[-13.52,-68.07],[-12.84,-67.87],[-12.84,-67.87],[-12.45,-67.16],[-12.18,-66.31],[-12.18,-66.31],[-10.28,-65.78],[-8.69,-65.14],[-7.17,-64.49],[-5.72,-63.82],[-4.06,-64.2],[-2.35,-64.56],[-0.6,-64.9],[1.19,-65.22],[3.03,-65.52],[3.87,-64.9],[4.67,-64.28],[5.44,-63.66],[6.97,-63.91],[8.53,-64.15],[8.94,-63.65],[9.35,-63.14],[11.05,-63.32],[12.77,-63.49],[14.51,-63.63],[14.95,-62.9],[15.36,-62.17],[16.93,-62.28],[16.93,-62.28],[16.57,-62.91],[16.19,-63.54],[16.19,-63.54],[17.44,-64.08],[18.75,-64.6],[20.4,-64.95],[22.09,-65.28],[24.16,-65.39],[26.23,-65.46],[27.72,-64.93],[29.15,-64.38],[30.91,-63.85],[32.6,-63.29],[34.56,-62.84],[36.46,-62.37],[38.04,-61.88],[39.69,-61.87],[40.86,-62.46],[41.92,-62.7],[43,-62.92],[44.55,-63.06],[46.12,-63.18],[47.69,-63.28],[49.14,-63.33],[50.58,-63.37],[52.69,-63.34],[54.16,-63.14],[53.4,-63.81],[52.9,-64.31],[52.38,-64.81],[52.27,-65.38],[52.15,-65.95],[52.58,-66.84],[53.07,-67.78],[53.85,-67.02],[54.58,-66.25],[55.74,-65.64],[56.84,-65.03],[57.85,-64.59],[58.92,-63.81],[59.46,-62.85],[60.79,-62.56],[62.27,-62.34],[63.73,-62.11],[65.19,-62.02],[66.65,-61.92],[67.77,-61.92],[68.9,-61.91],[70.18,-61.89],[71.46,-61.87],[72.54,-61.56],[73.59,-61.25],[74.8,-61.07],[76,-60.88],[77.07,-60.65],[78.14,-60.42],[79.51,-60.34],[80.88,-60.24],[82.23,-60.12],[82.23,-60.12],[82.58,-60.83],[82.94,-61.53],[83.32,-62.23],[83.32,-62.23],[85.14,-62.6],[87.01,-62.95],[88.15,-63.09],[89.29,-63.23],[90.84,-63.23],[92.39,-63.22],[93.53,-63.2],[94.67,-63.16],[96.41,-63.24],[98.16,-63.3],[99.92,-63.33],[101.61,-63.18],[103.28,-63],[104.69,-63.04],[106.1,-63.06],[107.39,-63.12],[108.68,-63.18],[110.38,-63.39],[111.69,-63.75],[113.04,-64.09],[114.48,-64.24],[115.93,-64.38],[118.02,-64.76],[119.06,-65.05],[120.12,-65.33],[121.66,-65.63],[123.23,-65.92],[124.65,-66.28],[126.1,-66.63],[127,-67.07],[127.93,-67.5],[128.74,-68.05],[129.58,-68.6],[130.8,-69.15],[132.51,-69.29],[134.23,-69.41],[135.69,-69.85],[136.19,-70.39],[136.72,-70.92],[137.9,-71.14],[137.73,-71.87],[137.97,-72.71],[138.7,-73.6],[138.27,-74.43],[137.8,-75.25],[140.17,-75.63],[142.67,-75.99],[142.67,-75.99],[145.53,-75.49],[148.21,-74.97],[150.7,-74.42],[153.03,-73.84],[153.67,-73.44],[154.77,-73.72],[156.04,-74.38],[157.43,-75.04],[159.53,-75.22],[161.68,-75.38],[164.86,-75.48],[167.82,-75.42],[171.24,-75.09],[174.51,-74.7],[177.31,-74.41],[180,-74.08],[180,-75.07]]]}},{"type":"Feature","properties":{"ma":130,"type":"gpml:TopologicalClosedPlateBoundary","name":"Australia","pid":801,"deforming":false},"geometry":{"type":"Polygon","coordinates":[[[164.75,-65.52],[163.38,-65.52],[162,-65.51],[160.27,-65.79],[158.5,-66.06],[156.66,-66.66],[154.73,-67.24],[152.71,-67.79],[150.59,-68.32],[149.76,-67.93],[148.96,-67.53],[148.85,-67.47],[146.54,-67.19],[145.79,-66.93],[145.28,-66.43],[144.79,-65.93],[144.39,-65.28],[144.01,-64.64],[143.96,-64.6],[143.7,-63.73],[144.05,-63.33],[144.43,-62.74],[144.79,-62.15],[144.74,-62],[144.14,-62.13],[142.83,-62.48],[141.27,-62.84],[140.25,-63.09],[138.92,-63.38],[137.83,-63.44],[136,-63.54],[134.49,-63.81],[133.16,-63.94],[131.98,-64.07],[130.79,-64.2],[128.55,-64.13],[128.55,-64.13],[128.32,-64.11],[127.85,-63.88],[126.72,-63.6],[125.43,-63.15],[124.32,-62.66],[123.41,-62.21],[122.22,-61.7],[120.88,-61.14],[120.04,-60.83],[119.22,-60.52],[118.16,-60.12],[117.12,-59.72],[116.37,-59.39],[115.64,-59.06],[114.02,-58.68],[112.44,-58.28],[111.67,-58.38],[109.98,-58.44],[108.73,-58.62],[107.47,-58.78],[106.18,-58.89],[104.88,-58.99],[103.69,-59.03],[102.49,-59.06],[101.34,-59.18],[100.19,-59.29],[98.62,-59.12],[96.77,-59.13],[95.12,-59.15],[93.96,-59.11],[92.8,-59.07],[91.13,-58.92],[89.75,-58.93],[87.98,-58.97],[86.16,-59.01],[85.14,-58.84],[85.14,-58.84],[85.78,-58.26],[86.4,-57.68],[86.76,-56.92],[87.1,-56.16],[87.09,-55.46],[87.08,-54.76],[87.02,-54.03],[86.97,-53.3],[87.01,-52.71],[87.06,-52.11],[87.29,-51.48],[87.51,-50.85],[87.71,-50.25],[87.88,-49.76],[87.94,-49.08],[87.99,-48.39],[88.6,-47.54],[88.6,-47.54],[88.16,-47.59],[87.35,-47.61],[86.55,-47.61],[85.13,-47.42],[83.7,-47.47],[82.26,-47.51],[81.01,-47.44],[79.76,-47.36],[79.63,-47.36],[79.63,-47.36],[79.85,-46.8],[80.23,-45.99],[80.59,-45.17],[80.95,-44.36],[81.3,-43.54],[82.01,-42.78],[82.71,-42.03],[83.4,-41.26],[84.06,-40.49],[84.71,-39.72],[85.35,-38.95],[85.98,-38.17],[86.95,-37.84],[87.91,-37.5],[88.87,-37.15],[88.87,-37.15],[89.73,-37.7],[89.73,-37.7],[90.1,-37.51],[91.13,-37.16],[92.16,-36.81],[93.03,-36.59],[93.9,-36.37],[94.76,-36.15],[94.63,-35.36],[94.5,-34.57],[94.37,-33.78],[94.25,-32.99],[95.28,-32.51],[96.3,-32.03],[97.31,-31.53],[98.31,-31.03],[99.3,-30.52],[100.28,-30],[101.2,-29.56],[102.11,-29.12],[103.01,-28.67],[103.91,-28.22],[104.8,-27.76],[105.67,-27.29],[106.55,-26.82],[106.09,-26.01],[105.64,-25.2],[105.19,-24.38],[104.75,-23.57],[104.32,-22.75],[103.89,-21.93],[103.46,-21.11],[104.34,-20.68],[105.22,-20.24],[106.09,-19.8],[106.96,-19.36],[107.82,-18.91],[108.67,-18.46],[109.53,-18],[110.37,-17.54],[111.22,-17.07],[111.22,-17.07],[111.22,-17.8],[111.22,-18.53],[111.22,-18.53],[112.05,-18.76],[112.88,-19],[113.82,-19.25],[114.77,-19.51],[115.73,-19.75],[115.55,-20.48],[115.37,-21.21],[116.33,-21.46],[117.29,-21.7],[118.25,-21.94],[119.22,-22.17],[120.19,-22.4],[120.42,-21.68],[120.66,-20.97],[121.44,-21.16],[122.21,-21.35],[122.36,-20.87],[123.25,-21.13],[124.14,-21.39],[125.04,-21.64],[125.93,-21.89],[126.06,-21.58],[126.96,-21.82],[127.86,-22.04],[127.73,-22.59],[128.61,-22.84],[129.49,-23.09],[130.37,-23.34],[131.25,-23.58],[131.21,-24.13],[131.16,-24.67],[131.94,-24.91],[132.73,-25.14],[133.52,-25.37],[133.47,-25.95],[133.43,-26.53],[134.5,-26.76],[135.58,-26.97],[136.66,-27.18],[137.74,-27.38],[138.83,-27.57],[139.93,-27.76],[140.53,-27.84],[141.14,-27.93],[141.14,-27.93],[141.16,-27.98],[141.16,-27.98],[141.7,-28.66],[142.25,-29.35],[142.81,-30.04],[143.21,-30.75],[143.61,-31.46],[143.96,-32.14],[144.3,-32.81],[144.65,-33.48],[144.94,-34.26],[145.24,-35.03],[145.54,-35.81],[145.73,-36.49],[145.93,-37.17],[146.13,-37.85],[146.03,-38.81],[145.92,-39.77],[145.77,-40.61],[145.57,-40.83],[145.57,-40.83],[146.19,-41.32],[146.73,-42.01],[146.92,-42.88],[146.58,-43.33],[146.2,-43.81],[145.81,-44.29],[146.41,-44.88],[146.27,-45.67],[146.62,-46.07],[147.51,-46.55],[148.34,-47.13],[149.19,-47.7],[150.06,-48.27],[150.54,-49.08],[150.61,-49.65],[150.68,-50.21],[150.98,-50.69],[151.3,-51.16],[151.75,-51.9],[152.43,-52.6],[153.15,-53.33],[153.83,-53.82],[154.16,-54.34],[154.04,-54.62],[154.01,-54.84],[153.82,-55.11],[153.52,-55.74],[152.8,-56.58],[152.4,-57.28],[152.06,-58.11],[151.88,-58.53],[151.11,-58.9],[150.32,-59.27],[150.44,-59.54],[150.69,-60.25],[151.6,-60.85],[151.72,-61.26],[151.64,-62.04],[151.73,-62.64],[152.02,-63.04],[152.16,-63.74],[153.95,-64.3],[154.97,-64.56],[156.14,-64.75],[157.67,-65.05],[157.89,-65.15],[157.92,-64.84],[159.61,-64.89],[161.86,-65.12],[163.5,-65.32],[164.75,-65.52]]]}},{"type":"Feature","properties":{"ma":130,"type":"gpml:TopologicalClosedPlateBoundary","name":"East Africa","pid":715,"deforming":false},"geometry":{"type":"Polygon","coordinates":[[[14.2,-2.65],[13.52,-2.21],[12.84,-1.76],[12.15,-1.31],[11.47,-0.86],[10.79,-0.41],[10.05,0.17],[9.31,0.75],[8.57,1.33],[7.82,1.91],[7.08,2.49],[7.08,2.49],[7.6,3.28],[8.13,4.07],[8.65,4.86],[8.76,5.13],[8.76,5.13],[7.94,5.42],[7.12,5.71],[6.31,6.07],[5.5,6.43],[4.69,6.78],[3.88,7.14],[3.07,7.49],[2.25,7.85],[1.44,8.2],[0.62,8.54],[0.18,8.82],[-0.25,9.09],[-0.25,9.09],[0.59,9.39],[1.44,9.68],[2.29,9.98],[3.14,10.27],[3.99,10.55],[4.84,10.84],[5.7,11.12],[6.56,11.41],[7.38,11.74],[8.21,12.08],[9.04,12.41],[9.88,12.74],[10.59,13.12],[11.3,13.49],[12.02,13.87],[12.74,14.24],[13.39,14.49],[14.05,14.73],[14.67,14.87],[15.3,15.01],[15.3,15.01],[16.21,14.59],[17.12,14.18],[18.03,13.76],[18.03,13.76],[18.76,14.24],[19.49,14.72],[20.27,15.28],[21.06,15.83],[21.84,16.38],[22.64,16.92],[23.43,17.46],[24.26,18.08],[24.26,18.08],[24.3,18.08],[25.15,18.08],[25.77,18.08],[26.61,18.07],[27.21,18.15],[27.91,18.24],[28.47,18.31],[29.04,18.38],[29.68,18.64],[30.37,18.92],[31.27,19.28],[32.05,19.61],[32.83,19.93],[33.44,20.19],[34.02,20.42],[34.95,20.8],[35.78,21.12],[36.62,21.45],[37.52,21.8],[38.02,21.98],[38.64,22.21],[39.11,22.39],[39.88,22.47],[40.64,22.55],[41.41,22.63],[41.41,22.63],[41.13,21.69],[40.85,20.74],[40.57,19.79],[40.3,18.85],[40.3,18.85],[41.27,18.59],[42.25,18.33],[43.21,18.07],[44.18,17.8],[45.14,17.52],[46.1,17.24],[47.05,16.96],[47.29,17.6],[47.53,18.24],[47.78,18.88],[48.76,18.61],[49.73,18.33],[50.71,18.05],[51.68,17.77],[52.65,17.48],[53.61,17.18],[54.57,16.89],[55.53,16.58],[56.49,16.28],[57.44,15.96],[58.39,15.65],[59.33,15.33],[60.28,15],[61.22,14.68],[62.16,14.34],[63.09,14.01],[64.05,13.69],[65.02,13.37],[65.97,13.05],[66.93,12.73],[67.88,12.4],[67.88,12.4],[67.58,11.51],[67.28,10.63],[66.98,9.74],[66.68,8.86],[66.38,7.97],[66,7.06],[65.62,6.15],[65.24,5.23],[64.87,4.32],[64.5,3.4],[64.12,2.49],[63.75,1.57],[63.38,0.66],[63,-0.26],[62.63,-1.17],[62.18,-2.06],[61.73,-2.94],[61.28,-3.83],[60.83,-4.71],[60.38,-5.59],[59.93,-6.48],[59.48,-7.36],[59.02,-8.24],[58.49,-8.99],[57.96,-9.75],[57.43,-10.5],[56.9,-11.25],[56.36,-12],[55.82,-12.74],[55.28,-13.49],[54.73,-14.24],[54.18,-14.98],[53.63,-15.73],[53.16,-16.23],[53.16,-16.23],[53.06,-17.15],[52.97,-18.08],[52.88,-19],[52.79,-19.92],[52.69,-20.85],[52.6,-21.77],[52.5,-22.69],[52.41,-23.61],[51.41,-23.52],[50.42,-23.42],[49.42,-23.31],[49.38,-24.14],[49.34,-24.98],[49.3,-25.81],[49.3,-25.81],[48.27,-25.99],[47.28,-26.16],[46.29,-26.33],[45.29,-26.48],[44.29,-26.63],[43.22,-26.81],[42.14,-26.98],[41.05,-27.15],[39.97,-27.3],[39.22,-27.42],[38.46,-27.54],[37.71,-27.65],[36.79,-27.81],[35.87,-27.96],[34.95,-28.1],[34.01,-28.24],[33.06,-28.37],[32.11,-28.5],[30.99,-28.65],[29.86,-28.78],[28.73,-28.91],[27.85,-29.19],[26.96,-29.47],[26.07,-29.74],[25.17,-30.01],[24.66,-30.31],[24.16,-30.62],[23.47,-31.07],[22.78,-31.51],[22.49,-32.08],[22.21,-32.65],[21.32,-33.02],[20.43,-33.39],[19.79,-33.08],[19,-32.91],[18.21,-32.73],[17.82,-31.83],[17.96,-30.97],[18.38,-30.64],[18.52,-30.1],[18.65,-29.56],[18.65,-28.83],[18.64,-28.09],[18.54,-27.21],[18.43,-26.32],[18.08,-26.11],[17.68,-26.32],[17.28,-26.77],[16.87,-27.23],[16.64,-27.76],[16.41,-28.29],[16.71,-28.89],[17.01,-29.48],[17.18,-30.27],[16.64,-30.58],[15.94,-30.67],[15.58,-30.23],[15.23,-29.79],[15,-28.87],[14.94,-28.16],[14.88,-27.44],[14.82,-26.73],[14.55,-26.18],[14.29,-25.63],[13.87,-24.77],[13.59,-24.2],[12.58,-24.39],[11.85,-24.11],[11.31,-24.28],[10.77,-24.45],[9.83,-24.35],[8.89,-24.24],[8.28,-24.3],[7.67,-24.35],[6.82,-24.14],[5.97,-23.93],[4.97,-23.88],[3.98,-23.82],[3.39,-23.76],[2.81,-23.69],[2.51,-23.25],[2.22,-22.82],[1.87,-22.41],[1.52,-22.01],[0.99,-21.9],[0.65,-21.37],[0.56,-20.81],[0.7,-20.59],[0.65,-20.13],[-0.03,-19.55],[-0.08,-19.24],[-0.14,-18.73],[-0.14,-18.73],[0.62,-18.32],[1.17,-17.82],[1.29,-17.33],[1.4,-16.84],[1.37,-16.21],[1.34,-15.59],[1.28,-15.04],[1.23,-14.48],[1.22,-13.77],[1.2,-13.05],[1.66,-12.26],[1.5,-11.68],[1.59,-11.09],[1.69,-10.5],[1.68,-9.85],[1.68,-9.21],[2.36,-9.11],[3.03,-9.01],[3.62,-9.19],[4.2,-9.38],[4.98,-9.29],[5.75,-9.21],[6.74,-9.39],[7.67,-9.74],[8.6,-10.08],[9.38,-9.95],[10.16,-9.82],[10.95,-10.02],[11.62,-9.9],[12.29,-9.78],[12.59,-9.11],[12.89,-8.43],[13.19,-7.76],[12.9,-7.31],[12.6,-6.85],[12.48,-6.22],[12.35,-5.59],[12.63,-4.91],[12.91,-4.23],[13.19,-3.55],[13.69,-3.1],[14.2,-2.65]]]}},{"type":"Feature","properties":{"ma":130,"type":"gpml:TopologicalClosedPlateBoundary","name":"Eurasia EUR_130_129","pid":301,"deforming":false},"geometry":{"type":"Polygon","coordinates":[[[-3.77,51.16],[-3.74,51.28],[-3.49,51.67],[-3.09,52.61],[-2.68,53.55],[-2.25,54.49],[-1.8,55.43],[-1.33,56.37],[-0.83,57.3],[-0.53,57.93],[-0.22,58.56],[0.17,59.3],[0.57,60.04],[1.03,60.94],[1.52,61.84],[1.91,62.52],[2.33,63.21],[2.76,63.89],[2.76,63.89],[3.49,64.52],[3.71,65.31],[3.95,66.1],[5.18,66.93],[6.5,67.76],[7.91,68.57],[9.43,69.37],[11.07,70.16],[13.43,70.72],[15.92,71.24],[18.55,71.73],[18.55,71.73],[18.74,72.55],[18.94,73.37],[19.17,74.18],[19.04,74.66],[19.04,74.66],[21.59,75.02],[24.27,75.36],[27.06,75.67],[29.97,75.94],[33.17,76.51],[36.63,77.04],[40.38,77.52],[43.32,78.15],[46.58,78.75],[50.19,79.31],[54.18,79.82],[55.88,80.76],[57.95,81.68],[60.03,82.4],[62.54,83.11],[65.61,83.8],[69.44,84.47],[79.46,84.71],[90.1,84.79],[100.67,84.68],[100.67,84.68],[104.11,85.25],[108.45,85.79],[108.45,85.79],[114.4,85.18],[118.99,84.54],[122.6,83.86],[125.5,82.93],[127.72,81.99],[129.07,81.23],[130.2,80.47],[131.17,79.7],[132,78.93],[132.7,78.13],[133.31,77.32],[133.85,76.51],[134.02,75.75],[134.16,75],[134.29,74.24],[134.11,73.51],[133.93,72.77],[133.77,72.04],[133.57,71.18],[133.39,70.32],[133.18,69.56],[132.99,68.81],[132.74,67.98],[132.51,67.14],[132.15,66.41],[131.81,65.67],[131.48,64.77],[131.18,63.88],[130.91,63.15],[130.66,62.42],[130.44,61.82],[130.23,61.22],[129.99,60.56],[129.77,59.9],[129.47,59.09],[129.19,58.27],[128.83,57.34],[128.49,56.4],[128.06,55.53],[127.64,54.65],[127.37,53.98],[127.11,53.31],[126.86,52.64],[126.53,51.99],[126.21,51.33],[125.89,50.68],[125.57,49.92],[125.26,49.16],[124.96,48.39],[124.66,47.56],[124.36,46.73],[124.08,45.9],[123.77,45.04],[123.46,44.17],[123.17,43.31],[122.95,42.57],[122.73,41.83],[122.51,41.1],[122.3,40.36],[122.03,39.56],[121.76,38.77],[121.5,37.97],[121.24,37.18],[120.99,36.35],[120.75,35.51],[120.51,34.68],[120.27,33.85],[120.04,33.01],[119.67,32.13],[119.3,31.25],[118.94,30.37],[118.59,29.49],[118.24,28.61],[117.85,27.75],[117.48,26.89],[117.1,26.03],[117.1,26.03],[117.75,25.52],[118.4,25.02],[118.91,24.53],[119.42,24.04],[119.92,23.54],[120.61,22.89],[121.29,22.23],[122,21.54],[122.69,20.84],[122.85,20.14],[123.14,19.52],[123.43,18.91],[123.9,18.32],[124.38,17.72],[125.09,17.49],[125.8,17.25],[125.8,17.25],[126,16.77],[126.2,16.29],[126.16,15.76],[126.16,15.76],[125.79,14.85],[125.43,13.94],[124.97,13.19],[124.5,12.45],[124.5,12.45],[124.05,12.56],[123.13,12.75],[122.22,12.94],[121.3,13.12],[120.38,13.31],[119.46,13.49],[118.54,13.66],[117.62,13.83],[116.69,14],[115.77,14.17],[115.66,13.84],[114.73,14.09],[113.79,14.34],[112.86,14.58],[111.92,14.82],[110.99,15.06],[110.85,14.63],[110.02,14.85],[109.2,15.07],[108.37,15.29],[107.54,15.51],[107.54,15.51],[106.82,15.3],[106.11,15.09],[105.4,14.87],[105.18,15.61],[104.97,16.35],[104.29,16.15],[103.62,15.95],[103.48,16.45],[103.34,16.95],[102.74,16.79],[102.15,16.62],[101.88,17.4],[101.62,18.18],[100.61,17.94],[100.43,18.51],[100.25,19.08],[99.69,18.95],[99.14,18.82],[98.85,19.75],[98.18,19.8],[97.52,19.86],[96.73,19.99],[95.94,20.12],[95.14,20.25],[94.15,20.45],[93.15,20.65],[92.91,20.68],[92.91,20.68],[92.76,19.95],[92.76,19.95],[91.76,20.06],[90.75,20.15],[89.74,20.25],[88.73,20.33],[87.72,20.41],[86.71,20.49],[86.34,19.8],[85.99,19.11],[85.3,19.17],[84.62,19.23],[83.9,19.33],[83.19,19.42],[82.47,19.51],[82.24,19.04],[82.02,18.57],[81,18.76],[79.99,18.94],[78.97,19.12],[77.95,19.29],[76.93,19.46],[75.9,19.62],[74.88,19.78],[73.85,19.93],[72.81,20.08],[71.77,20.23],[70.72,20.38],[70.61,20.4],[70.61,20.4],[70.58,19.91],[70.26,19.05],[69.94,18.19],[69.63,17.33],[69.32,16.46],[69.01,15.6],[69.01,15.6],[67.99,15.56],[66.97,15.52],[65.95,15.48],[64.94,15.43],[63.92,15.37],[63.23,15.53],[62.54,15.69],[61.85,15.85],[61.09,16.12],[60.32,16.38],[59.57,16.61],[58.81,16.84],[58.21,17.08],[57.61,17.31],[57.04,17.77],[56.47,18.22],[55.9,18.66],[55.31,19.17],[54.71,19.67],[53.75,19.95],[52.79,20.22],[51.77,20.44],[50.75,20.65],[49.72,20.85],[48.95,20.91],[48.17,20.96],[47.4,21.01],[46.54,21.14],[45.68,21.28],[44.85,21.56],[44.01,21.83],[43.4,22.03],[42.78,22.22],[42.26,22.47],[41.74,22.72],[41.47,22.84],[41.47,22.84],[41.46,22.78],[41.41,22.63],[41.41,22.63],[40.64,22.55],[39.88,22.47],[39.11,22.39],[38.64,22.21],[38.02,21.98],[37.52,21.8],[36.62,21.45],[35.78,21.12],[34.95,20.8],[34.02,20.42],[33.44,20.19],[32.83,19.93],[32.05,19.61],[31.27,19.28],[30.37,18.92],[29.68,18.64],[29.04,18.38],[28.47,18.31],[27.91,18.24],[27.21,18.15],[26.61,18.07],[25.77,18.08],[25.15,18.08],[24.3,18.08],[24.26,18.08],[24.26,18.08],[23.43,17.46],[22.85,17.07],[22.85,17.07],[22.07,17.63],[21.29,18.2],[20.49,18.84],[19.69,19.48],[19.31,19.98],[18.93,20.48],[18.93,20.48],[18.08,20.42],[17.51,20.43],[16.94,20.43],[16.29,20.48],[15.64,20.53],[14.85,20.71],[14.85,20.71],[14.49,20.33],[14.13,19.96],[14.13,19.96],[13.23,19.63],[13.29,19.32],[12.84,18.92],[12.4,18.53],[11.94,18.06],[11.49,17.59],[10.53,17.27],[9.57,16.94],[8.62,16.61],[7.67,16.27],[6.69,16.21],[5.7,16.14],[5.49,15.79],[4.87,16.03],[4.87,16.03],[5.22,16.44],[5.56,16.84],[5.56,16.84],[5.33,17.36],[5.07,17.67],[4.79,17.96],[4.56,18.31],[4.33,18.62],[3.84,18.99],[3.33,19.39],[2.8,19.56],[2.54,19.75],[2.06,19.99],[1.63,20.1],[1.29,20.18],[0.9,20.22],[0.56,20.26],[0.21,20.28],[-0.17,20.32],[-0.4,20.48],[-0.73,20.61],[-1,20.91],[-1.36,20.95],[-2.05,21.08],[-2.2,21.26],[-2.38,21.44],[-2.41,21.55],[-2.52,21.77],[-2.47,21.9],[-2.62,22.26],[-2.82,22.54],[-3.49,22.85],[-4.27,23.02],[-4.86,23.04],[-5.04,23.26],[-5.1,23.51],[-5.09,23.93],[-5.04,24.22],[-4.95,24.38],[-4.83,24.5],[-4.74,24.66],[-4.81,24.93],[-4.67,25.01],[-4.71,25.16],[-4.73,25.22],[-4.72,25.33],[-4.58,25.46],[-4.41,25.56],[-4.26,25.65],[-4.12,25.7],[-3.99,25.75],[-3.65,25.84],[-3.27,25.9],[-2.99,25.92],[-2.82,26.19],[-2.68,26.33],[-2.56,26.53],[-2.46,26.69],[-2.33,26.87],[-2.21,27.01],[-2.12,27.11],[-2.04,27.28],[-1.85,27.43],[-1.79,27.61],[-1.74,27.77],[-1.72,28.05],[-1.69,28.24],[-1.67,28.37],[-1.59,28.61],[-1.6,28.89],[-1.57,29.12],[-1.58,29.33],[-1.61,29.69],[-1.6,29.91],[-1.58,30.09],[-1.64,30.52],[-1.54,30.77],[-1.47,30.94],[-1.42,31.18],[-1.44,31.37],[-1.32,31.45],[-1.22,31.51],[-1.11,31.58],[-0.94,31.79],[-0.8,31.92],[-0.43,31.97],[-0.28,32],[-0.15,32.04],[-0.03,32.06],[0.06,32.09],[0.22,32.17],[0.39,32.26],[0.42,32.47],[0.68,32.92],[0.78,33.28],[1.06,33.56],[1.23,33.94],[1.3,33.93],[1.42,34.12],[1.57,34.32],[1.61,34.4],[1.65,34.5],[1.77,34.56],[1.85,34.6],[1.94,34.65],[2.06,34.7],[2.21,34.68],[2.38,34.65],[2.58,34.6],[3.43,34.69],[3.78,34.71],[4.05,34.82],[4.1,34.87],[4.1,34.87],[4.19,34.9],[4.31,35.09],[4.33,35.2],[4.34,35.36],[4.38,35.51],[4.44,35.74],[4.5,35.96],[4.7,36.23],[4.87,36.37],[5.04,36.59],[5.07,36.62],[5.17,36.72],[5.23,36.77],[5.29,36.91],[5.32,36.97],[5.19,37.14],[5.11,37.27],[5.07,37.54],[5.03,37.66],[4.98,37.82],[5.22,38.06],[5.35,38.25],[5.36,38.51],[5.25,38.75],[5.17,38.97],[5.05,39.26],[4.85,39.48],[4.73,39.66],[4.65,39.82],[4.7,39.97],[4.88,40.14],[4.97,40.3],[5.17,40.51],[5.27,40.72],[5.52,40.9],[5.72,41.07],[5.98,41.22],[6.14,41.54],[6.12,41.92],[6.11,42.12],[6.16,42.51],[6.21,42.79],[6.45,43.29],[6.54,43.55],[6.61,43.8],[6.86,44.1],[6.58,44.48],[6.58,44.48],[6.66,44.9],[6.66,44.91],[6.66,44.91],[6.05,45.52],[6.09,46.14],[6.13,46.75],[6.13,46.75],[5.8,46.97],[4.92,47.71],[4.02,48.44],[3.1,49.16],[2.22,49.7],[1.32,50.23],[0.18,50.59],[-1.26,50.91],[-2.56,51.27],[-3.46,51.18],[-3.77,51.16]]]}},{"type":"Feature","properties":{"ma":130,"type":"gpml:TopologicalClosedPlateBoundary","name":"Farallon Plate","pid":902,"deforming":false},"geometry":{"type":"Polygon","coordinates":[[[-48.96,73.71],[-50.94,73.1],[-52.72,72.43],[-54.36,71.75],[-55.32,71.25],[-56.22,70.75],[-56.22,70.75],[-55.86,69.92],[-55.52,69.09],[-55.2,68.27],[-54.25,67.58],[-53.35,66.88],[-52.5,66.18],[-50.56,65.71],[-48.69,65.22],[-47.62,64.56],[-46.61,63.89],[-45.76,63.17],[-44.96,62.44],[-44.19,61.7],[-43.46,60.96],[-43.46,60.96],[-43.54,60.97],[-44.54,61.09],[-45.55,61.21],[-46.64,61.27],[-47.72,61.32],[-48.94,61.24],[-49.59,61.01],[-50.23,60.59],[-50.85,60.17],[-51.9,59.34],[-52.99,59.05],[-54.14,58.87],[-55.27,58.67],[-56.32,58.36],[-56.32,58.36],[-56.49,58.24],[-56.88,57.78],[-57.21,57.35],[-57.42,56.98],[-57.52,56.61],[-57.72,56.25],[-57.77,56.03],[-57.85,55.54],[-58.1,55.08],[-58.4,54.77],[-58.58,54.4],[-59.13,54.04],[-59.31,53.67],[-59.66,53.21],[-60.01,52.75],[-60.67,51.99],[-60.94,51.48],[-61.21,50.96],[-61.4,49.99],[-61.49,49.56],[-61.49,49.05],[-61.5,48.55],[-61.52,47.61],[-61.69,46.81],[-61.36,46.06],[-61.04,45.32],[-60.57,44.66],[-60.12,44],[-59.68,43.34],[-59.2,42.7],[-58.74,42.05],[-58.29,41.4],[-57.75,40.56],[-57.22,39.72],[-56.7,38.88],[-56.33,38.22],[-55.97,37.55],[-56.46,37.04],[-56.94,36.53],[-57.89,36.41],[-58.85,36.28],[-59.62,36.27],[-60.39,36.25],[-61.17,36.31],[-61.94,36.35],[-62.89,36.34],[-63.85,36.32],[-64.2,35.78],[-64.55,35.25],[-64.68,34.48],[-64.81,33.71],[-64.93,32.94],[-65.04,31.99],[-65.15,31.04],[-65.01,30.29],[-64.87,29.53],[-64.9,28.85],[-64.93,28.18],[-64.89,27.38],[-64.85,26.58],[-64.95,25.76],[-65.06,24.94],[-65,24.29],[-64.94,23.64],[-64.8,22.73],[-64.67,21.81],[-64.58,21.25],[-64.5,20.69],[-64.34,19.93],[-64.19,19.17],[-64.09,18.62],[-64,18.06],[-63.93,17.33],[-63.86,16.59],[-63.79,15.85],[-63.52,15],[-63.25,14.16],[-62.97,13.35],[-62.68,12.54],[-62.4,11.73],[-62.28,11.44],[-62.28,11.44],[-62.32,10.75],[-62.37,10.06],[-62.41,9.38],[-62.46,8.54],[-62.51,7.7],[-62.56,6.86],[-62.58,5.98],[-62.6,5.09],[-62.62,4.2],[-62.64,3.32],[-62.61,2.48],[-62.58,1.65],[-62.55,0.81],[-62.74,0.03],[-62.93,-0.74],[-62.93,-0.74],[-63.67,-0.21],[-64.42,0.33],[-65.17,0.87],[-65.83,1.22],[-66.48,1.57],[-67.14,1.92],[-67.14,1.92],[-67.56,1.53],[-67.98,1.14],[-68.65,0.67],[-69.32,0.2],[-69.99,-0.27],[-70.83,-0.54],[-71.67,-0.81],[-72.51,-1.08],[-73.35,-1.34],[-73.35,-1.34],[-73.37,-2.07],[-73.4,-2.89],[-73.43,-3.7],[-73.38,-4.51],[-73.34,-5.31],[-72.88,-6.14],[-72.43,-6.97],[-71.98,-7.81],[-71.52,-8.64],[-71.06,-9.47],[-70.79,-10.31],[-70.51,-11.15],[-70.23,-12],[-69.96,-12.84],[-69.67,-13.68],[-69.39,-14.52],[-69.11,-15.36],[-68.85,-16.32],[-68.59,-17.28],[-68.33,-18.24],[-68.07,-19.2],[-67.53,-20.04],[-66.99,-20.87],[-66.44,-21.7],[-65.89,-22.52],[-65.09,-23.04],[-64.29,-23.55],[-63.47,-24.05],[-62.74,-24.28],[-62.01,-24.5],[-61.27,-24.72],[-60.96,-24.77],[-60.96,-24.77],[-60.61,-25.48],[-60.25,-26.2],[-59.9,-26.81],[-59.54,-27.43],[-59.51,-27.46],[-59.51,-27.46],[-60.52,-27.83],[-61.52,-28.18],[-62.54,-28.53],[-63.56,-28.87],[-64.59,-29.2],[-65.63,-29.53],[-66.67,-29.84],[-67.72,-30.15],[-68.2,-29.42],[-68.68,-28.69],[-69.15,-27.95],[-69.61,-27.22],[-70.65,-27.58],[-71.68,-27.93],[-72.73,-28.28],[-73.78,-28.62],[-74.84,-28.94],[-75.91,-29.27],[-76.98,-29.58],[-78.06,-29.88],[-79.14,-30.18],[-80.23,-30.46],[-81.33,-30.74],[-81.65,-29.96],[-81.97,-29.18],[-82.28,-28.4],[-82.59,-27.63],[-83.62,-27.81],[-84.66,-27.99],[-85.71,-28.16],[-86.75,-28.32],[-87.8,-28.47],[-88.85,-28.62],[-89.91,-28.76],[-90.97,-28.88],[-92.03,-29],[-93.09,-29.12],[-94.15,-29.22],[-95.22,-29.32],[-96.29,-29.4],[-96.35,-28.48],[-96.41,-27.55],[-96.47,-26.63],[-96.52,-25.7],[-97.61,-25.74],[-98.69,-25.76],[-99.78,-25.78],[-100.86,-25.79],[-101.95,-25.79],[-103.03,-25.78],[-104.12,-25.76],[-105.2,-25.74],[-106.28,-25.71],[-107.37,-25.67],[-108.45,-25.62],[-109.53,-25.57],[-110.61,-25.5],[-110.49,-24.62],[-110.37,-23.75],[-110.25,-22.87],[-110.13,-21.99],[-111.17,-21.85],[-112.21,-21.7],[-113.25,-21.54],[-114.29,-21.38],[-115.32,-21.21],[-116.36,-21.04],[-117.39,-20.86],[-117.39,-20.86],[-117.34,-20.85],[-117.34,-20.85],[-117.71,-20.51],[-118.44,-19.85],[-119.18,-19.19],[-119.9,-18.53],[-120.62,-17.86],[-121.34,-17.19],[-122.05,-16.51],[-122.75,-15.84],[-123.45,-15.16],[-122.69,-14.53],[-123.3,-13.97],[-123.55,-14.18],[-124.21,-13.58],[-124.32,-13.68],[-124.95,-13.15],[-125.58,-12.62],[-126.2,-12.09],[-126.82,-11.55],[-127.44,-11.02],[-128.26,-11.03],[-128.89,-11.23],[-129.68,-11.47],[-130.35,-11.78],[-131.02,-12.09],[-131.59,-11.31],[-132.16,-10.53],[-132.72,-9.76],[-133.28,-8.98],[-132.73,-8.73],[-133.27,-8.02],[-133.81,-7.3],[-133.33,-7.09],[-133.74,-6.46],[-134.14,-5.83],[-134.54,-5.19],[-133.9,-4.78],[-133.25,-4.37],[-132.35,-3.98],[-131.44,-3.58],[-130.54,-3.19],[-130.54,-3.19],[-130.54,-3.19],[-130.54,-3.18],[-130.75,-2.55],[-130.41,-2.41],[-130.81,-1.75],[-131.21,-1.08],[-131.61,-0.42],[-132,0.25],[-132.42,0.59],[-132.83,0.93],[-133.21,1.65],[-133.58,2.37],[-133.95,3.22],[-134.32,4.08],[-134.41,4.18],[-134.9,3.95],[-135.11,4.16],[-135.56,4.8],[-136.18,4.48],[-136.81,4.15],[-136.98,4.12],[-137.55,3.9],[-137.85,3.62],[-138.23,4.21],[-138.6,4.81],[-138.98,5.4],[-139.11,5.34],[-139.37,5.73],[-139.72,6.1],[-140.07,6.79],[-140.48,7.47],[-140.65,7.94],[-140.97,8.34],[-141.29,8.74],[-141.57,9.19],[-141.82,9.64],[-141.18,9.88],[-141.45,10.43],[-141.69,10.74],[-141.66,10.94],[-141.92,11.4],[-141.58,11.53],[-141.92,12.07],[-141.92,12.14],[-142.13,12.4],[-142.25,12.46],[-142.35,12.96],[-141.39,13.29],[-140.43,13.61],[-140.68,14.17],[-140.93,14.73],[-141.23,14.71],[-141.37,15.05],[-141.5,15],[-141.65,15.31],[-141.74,15.38],[-141.82,15.61],[-141.82,15.61],[-141.91,15.62],[-141.91,15.62],[-141.74,15.79],[-141.13,16.48],[-140.51,17.17],[-139.88,17.86],[-140.64,18.51],[-141.4,19.15],[-142.16,19.79],[-142.94,20.43],[-143.72,21.07],[-144.5,21.7],[-145.29,22.32],[-146.09,22.95],[-146.9,23.57],[-147.72,24.18],[-148.54,24.79],[-149.37,25.4],[-150.21,26],[-149.65,26.69],[-149.08,27.39],[-148.5,28.08],[-149.27,28.69],[-150.05,29.31],[-150.83,29.92],[-151.63,30.52],[-152.43,31.12],[-151.91,31.95],[-151.38,32.78],[-150.84,33.61],[-150.29,34.43],[-149.73,35.26],[-149.16,36.07],[-148.57,36.89],[-147.98,37.71],[-147.37,38.52],[-146.74,39.32],[-146.1,40.13],[-145.45,40.93],[-144.78,41.73],[-144.09,42.52],[-143.39,43.31],[-142.66,44.09],[-141.99,43.55],[-141.33,43.01],[-140.69,42.46],[-139.91,43.18],[-139.11,43.89],[-138.29,44.59],[-137.45,45.29],[-136.6,45.99],[-135.72,46.68],[-134.81,47.36],[-133.89,48.03],[-132.94,48.7],[-131.96,49.35],[-130.96,50],[-131.82,50.81],[-132.7,51.62],[-133.62,52.41],[-134.57,53.2],[-133.6,53.97],[-132.59,54.74],[-131.54,55.49],[-130.45,56.24],[-129.32,56.98],[-128.14,57.7],[-128.86,58.61],[-129.61,59.51],[-130.4,60.4],[-131.24,61.29],[-130.18,62.08],[-129.06,62.86],[-127.88,63.63],[-126.64,64.39],[-125.32,65.14],[-123.93,65.88],[-122.46,66.6],[-120.9,67.31],[-119.24,68.01],[-117.49,68.68],[-115.62,69.34],[-114.48,68.61],[-113.41,67.87],[-111.56,68.52],[-109.6,69.15],[-107.52,69.76],[-105.33,70.34],[-103.01,70.89],[-100.56,71.41],[-97.98,71.9],[-95.27,72.35],[-92.42,72.76],[-89.45,73.13],[-86.36,73.46],[-83.08,73.82],[-79.67,74.13],[-76.14,74.39],[-72.51,74.59],[-68.79,74.72],[-65.03,74.8],[-61.25,74.81],[-57.47,74.76],[-53.74,74.65],[-50.07,74.48],[-46.84,74.29],[-48.96,73.71]]]}},{"type":"Feature","properties":{"ma":130,"type":"gpml:TopologicalClosedPlateBoundary","name":"NeoTethys","pid":53401,"deforming":false},"geometry":{"type":"Polygon","coordinates":[[[52.57,-22.03],[52.67,-21.07],[52.77,-20.1],[52.87,-19.13],[52.97,-18.17],[53.06,-17.2],[53.16,-16.23],[53.16,-16.23],[53.63,-15.73],[54.18,-14.98],[54.73,-14.24],[55.28,-13.49],[55.82,-12.74],[56.36,-12],[56.9,-11.25],[57.43,-10.5],[57.96,-9.75],[58.49,-8.99],[59.02,-8.24],[59.48,-7.36],[59.93,-6.48],[60.38,-5.59],[60.83,-4.71],[61.28,-3.83],[61.73,-2.94],[62.18,-2.06],[62.63,-1.17],[62.96,-0.37],[63.29,0.44],[63.62,1.25],[63.62,1.25],[64.04,1.1],[64.87,0.85],[65.71,0.6],[66.54,0.34],[67.41,0.17],[68.28,-0.01],[69.14,-0.19],[70.11,-0.3],[71.07,-0.42],[72.04,-0.53],[73,-0.65],[74,-0.7],[74.99,-0.76],[75.99,-0.81],[76.99,-0.86],[77.92,-0.72],[78.86,-0.58],[79.79,-0.44],[80.72,-0.3],[81.66,-0.16],[82.59,-0.02],[83.46,0.21],[84.33,0.44],[85.2,0.68],[86.07,0.91],[86.94,1.14],[87.69,1.47],[88.43,1.8],[89.17,2.12],[89.81,2.5],[90.45,2.88],[91.09,3.25],[91.09,3.25],[91.17,4.2],[91.26,5.14],[91.34,6.09],[91.43,7.04],[91.51,7.98],[91.6,8.93],[91.68,9.87],[91.69,10.79],[91.7,11.71],[91.7,12.63],[91.71,13.54],[91.72,14.46],[91.89,15.41],[92.07,16.35],[92.25,17.3],[92.43,18.25],[92.43,18.25],[93.21,17.99],[93.98,17.74],[94.75,17.48],[95.51,17.22],[96.32,16.9],[97.12,16.59],[97.91,16.12],[98.69,15.65],[99.48,15.18],[100.26,14.7],[101.03,14.22],[101.95,13.8],[102.86,13.37],[103.78,12.94],[104.68,12.51],[105.59,12.08],[106.5,11.87],[107.4,11.66],[108.3,11.45],[109.21,11.23],[110.11,11.01],[111.01,10.79],[111.9,10.57],[112.85,10.37],[113.79,10.16],[114.74,9.96],[115.68,9.75],[116.62,9.53],[117.23,9.18],[117.83,8.82],[117.83,8.82],[117.52,8.2],[117.21,7.58],[116.89,6.65],[116.57,5.71],[116.25,4.78],[115.94,3.85],[115.62,2.92],[115.31,1.99],[114.99,1.05],[114.68,0.12],[114.36,-0.81],[114.05,-1.75],[113.73,-2.68],[113.42,-3.61],[113.02,-4.48],[112.62,-5.36],[112.22,-6.23],[111.82,-7.1],[111.42,-7.98],[111.25,-8.85],[111.07,-9.73],[110.89,-10.61],[110.71,-11.49],[110.53,-12.36],[110.35,-13.24],[110.17,-14.12],[109.98,-15],[109.98,-15],[110.01,-15.03],[110.61,-15.21],[111.21,-15.38],[111.21,-15.38],[111.21,-16.23],[111.22,-17.07],[111.22,-17.07],[110.37,-17.54],[109.53,-18],[108.67,-18.46],[107.82,-18.91],[106.96,-19.36],[106.09,-19.8],[105.22,-20.24],[104.34,-20.68],[103.46,-21.11],[103.89,-21.93],[104.32,-22.75],[104.75,-23.57],[105.19,-24.38],[105.64,-25.2],[106.09,-26.01],[106.55,-26.82],[105.67,-27.29],[104.8,-27.76],[103.91,-28.22],[103.01,-28.67],[102.11,-29.12],[101.2,-29.56],[100.28,-30],[99.3,-30.52],[98.31,-31.03],[97.31,-31.53],[96.3,-32.03],[95.28,-32.51],[94.25,-32.99],[94.37,-33.78],[94.5,-34.57],[94.63,-35.36],[94.76,-36.15],[93.9,-36.37],[93.03,-36.59],[92.16,-36.81],[91.13,-37.16],[90.1,-37.51],[89.73,-37.7],[89.73,-37.7],[89.22,-37.38],[88.72,-37.06],[87.92,-36.55],[87.14,-36.03],[86.36,-35.51],[85.59,-34.99],[84.84,-34.46],[84.07,-35.11],[83.29,-35.75],[82.5,-36.39],[81.7,-37.03],[80.88,-37.66],[80.05,-38.28],[79.2,-38.9],[78.34,-39.51],[77.4,-38.96],[76.46,-38.4],[75.55,-37.84],[74.64,-37.27],[73.75,-36.69],[72.87,-36.1],[71.98,-35.5],[71.11,-34.88],[70.25,-34.26],[69.4,-33.64],[68.56,-33.01],[67.73,-32.37],[66.92,-31.73],[66.11,-31.08],[65.32,-30.43],[64.54,-29.77],[63.77,-29.11],[63.01,-28.45],[62.5,-28.98],[61.99,-29.52],[61.16,-28.92],[60.34,-28.31],[59.52,-27.7],[58.72,-27.09],[57.92,-26.47],[57.13,-25.85],[56.35,-25.22],[55.58,-24.59],[54.82,-23.96],[54.06,-23.32],[53.31,-22.68],[52.57,-22.03]]]}},{"type":"Feature","properties":{"ma":130,"type":"gpml:TopologicalClosedPlateBoundary","name":"Izanagi Plate AT","pid":926,"deforming":false},"geometry":{"type":"MultiPolygon","coordinates":[[[[180,87.5],[180,86.51],[180,85.52],[180,84.53],[180,83.54],[180,82.55],[180,81.56],[180,80.57],[180,79.58],[180,78.59],[180,77.6],[180,76.61],[180,75.62],[180,74.63],[180,73.64],[180,72.65],[180,71.66],[180,70.67],[180,69.67],[180,68.68],[180,67.69],[180,66.7],[180,65.71],[180,64.72],[180,63.73],[180,62.74],[180,61.75],[180,60.76],[180,59.77],[180,58.78],[180,57.79],[180,56.8],[180,55.81],[180,54.82],[180,53.83],[180,52.84],[180,51.85],[180,50.86],[180,49.87],[180,48.88],[180,47.88],[180,46.89],[180,45.9],[180,44.91],[180,43.92],[180,42.93],[180,41.94],[180,40.95],[180,39.96],[180,38.97],[180,37.98],[180,36.99],[180,36],[180,35.01],[180,34.02],[180,33.03],[180,32.04],[180,31.05],[180,30.06],[180,29.07],[180,28.08],[180,27.09],[180,26.09],[180,25.1],[180,24.11],[180,23.12],[180,22.13],[180,21.14],[180,20.15],[180,19.16],[180,18.17],[180,17.18],[180,16.19],[180,15.2],[180,14.21],[180,13.22],[180,12.23],[180,11.24],[180,10.25],[180,9.26],[180,8.27],[180,7.28],[180,6.29],[180,5.3],[180,4.3],[180,3.31],[180,2.32],[180,1.33],[180,0.34],[179.07,0.24],[178.13,0.13],[177.2,0.03],[176.26,-0.07],[175.33,-0.18],[174.4,-0.28],[173.46,-0.39],[172.53,-0.49],[171.6,-0.6],[170.66,-0.7],[170.71,-1.58],[170.76,-2.46],[170.81,-3.34],[170.86,-4.22],[170.91,-5.1],[169.96,-5.17],[169.01,-5.24],[168.06,-5.3],[167.11,-5.37],[166.16,-5.43],[165.21,-5.49],[164.26,-5.55],[163.31,-5.61],[162.36,-5.67],[161.41,-5.72],[160.46,-5.77],[160.42,-6.73],[160.39,-7.68],[160.35,-8.64],[160.32,-9.59],[160.28,-10.54],[160.25,-11.5],[160.21,-12.45],[160.18,-13.4],[160.14,-14.36],[160.08,-14.65],[160.08,-14.65],[160.08,-14.65],[159.22,-14.66],[158.36,-14.67],[157.51,-14.67],[156.65,-14.68],[155.8,-14.67],[155.56,-15.5],[155.33,-16.33],[155.09,-17.16],[154.85,-17.99],[154.61,-18.82],[153.58,-18.77],[152.56,-18.73],[151.53,-18.67],[150.51,-18.62],[149.49,-18.55],[148.47,-18.48],[147.44,-18.41],[146.42,-18.33],[145.4,-18.24],[144.39,-18.15],[143.37,-18.05],[142.35,-17.95],[141.34,-17.84],[141.67,-17.22],[141.99,-16.6],[142.32,-15.98],[141.34,-15.97],[140.36,-15.95],[139.38,-15.93],[138.4,-15.9],[137.42,-15.87],[136.45,-15.84],[135.47,-15.8],[134.49,-15.75],[133.52,-15.7],[132.54,-15.65],[131.56,-15.59],[130.59,-15.53],[129.61,-15.46],[128.64,-15.39],[128.02,-16.12],[127.39,-16.85],[126.5,-16.9],[125.62,-16.94],[124.73,-16.98],[123.85,-17.01],[122.96,-17.04],[122.07,-17.07],[122.07,-17.07],[121.09,-16.91],[120.11,-16.76],[119.23,-16.66],[118.35,-16.56],[117.47,-16.45],[116.59,-16.35],[115.72,-16.23],[114.84,-16.12],[114.06,-16],[113.29,-15.88],[112.52,-15.75],[111.68,-15.52],[110.85,-15.27],[110.01,-15.03],[109.98,-15],[109.98,-15],[110.17,-14.12],[110.35,-13.24],[110.53,-12.36],[110.71,-11.49],[110.89,-10.61],[111.07,-9.73],[111.25,-8.85],[111.42,-7.98],[111.82,-7.1],[112.22,-6.23],[112.62,-5.36],[113.02,-4.48],[113.42,-3.61],[113.73,-2.68],[114.05,-1.75],[114.36,-0.81],[114.68,0.12],[114.99,1.05],[115.31,1.99],[115.62,2.92],[115.94,3.85],[116.25,4.78],[116.57,5.71],[116.89,6.65],[117.21,7.58],[117.52,8.2],[117.83,8.82],[117.83,8.82],[118.64,8.34],[119.45,7.85],[120.25,7.37],[121.06,6.88],[121.18,6.86],[121.18,6.86],[121.6,7.48],[122.03,8.11],[122.46,8.73],[122.81,9.41],[123.17,10.09],[123.52,10.77],[123.88,11.44],[124.39,12.28],[124.91,13.11],[125.43,13.94],[125.79,14.85],[126.16,15.76],[126.16,15.76],[126.2,16.29],[126,16.77],[125.8,17.25],[125.8,17.25],[125.09,17.49],[124.38,17.72],[123.9,18.32],[123.43,18.91],[123.14,19.52],[122.85,20.14],[122.69,20.84],[122,21.54],[121.29,22.23],[120.61,22.89],[119.92,23.54],[119.42,24.04],[118.91,24.53],[118.4,25.02],[117.75,25.52],[117.1,26.03],[117.1,26.03],[117.48,26.89],[117.85,27.75],[118.24,28.61],[118.59,29.49],[118.94,30.37],[119.3,31.25],[119.67,32.13],[120.04,33.01],[120.27,33.85],[120.51,34.68],[120.75,35.51],[120.99,36.35],[121.24,37.18],[121.5,37.97],[121.76,38.77],[122.03,39.56],[122.3,40.36],[122.51,41.1],[122.73,41.83],[122.95,42.57],[123.17,43.31],[123.46,44.17],[123.77,45.04],[124.08,45.9],[124.36,46.73],[124.66,47.56],[124.96,48.39],[125.26,49.16],[125.57,49.92],[125.89,50.68],[126.21,51.33],[126.53,51.99],[126.86,52.64],[127.11,53.31],[127.37,53.98],[127.64,54.65],[128.06,55.53],[128.49,56.4],[128.83,57.34],[129.19,58.27],[129.47,59.09],[129.77,59.9],[129.99,60.56],[130.23,61.22],[130.44,61.82],[130.66,62.42],[130.91,63.15],[131.18,63.88],[131.48,64.77],[131.81,65.67],[132.15,66.41],[132.51,67.14],[132.74,67.98],[132.99,68.81],[133.18,69.56],[133.39,70.32],[133.57,71.18],[133.77,72.04],[133.93,72.77],[134.11,73.51],[134.29,74.24],[134.16,75],[134.02,75.75],[133.85,76.51],[133.31,77.32],[132.7,78.13],[132,78.93],[131.17,79.7],[130.2,80.47],[129.07,81.23],[127.72,81.99],[125.5,82.93],[122.6,83.86],[118.99,84.54],[114.4,85.18],[108.45,85.79],[108.45,85.79],[115.13,86.38],[121.9,87.11],[132.9,87.76],[151.59,88.28],[180,88.49],[180,87.5]]],[[[-180,1.33],[-180,2.32],[-180,3.31],[-180,4.3],[-180,5.3],[-180,6.29],[-180,7.28],[-180,8.27],[-180,9.26],[-180,10.25],[-180,11.24],[-180,12.23],[-180,13.22],[-180,14.21],[-180,15.2],[-180,16.19],[-180,17.18],[-180,18.17],[-180,19.16],[-180,20.15],[-180,21.14],[-180,22.13],[-180,23.12],[-180,24.11],[-180,25.1],[-180,26.09],[-180,27.09],[-180,28.08],[-180,29.07],[-180,30.06],[-180,31.05],[-180,32.04],[-180,33.03],[-180,34.02],[-180,35.01],[-180,36],[-180,36.99],[-180,37.98],[-180,38.97],[-180,39.96],[-180,40.95],[-180,41.94],[-180,42.93],[-180,43.92],[-180,44.91],[-180,45.9],[-180,46.89],[-180,47.88],[-180,48.88],[-180,49.87],[-180,50.86],[-180,51.85],[-180,52.84],[-180,53.83],[-180,54.82],[-180,55.81],[-180,56.8],[-180,57.79],[-180,58.78],[-180,59.77],[-180,60.76],[-180,61.75],[-180,62.74],[-180,63.73],[-180,64.72],[-180,65.71],[-180,66.7],[-180,67.69],[-180,68.68],[-180,69.67],[-180,70.67],[-180,71.66],[-180,72.65],[-180,73.64],[-180,74.63],[-180,75.62],[-180,76.61],[-180,77.6],[-180,78.59],[-180,79.58],[-180,80.57],[-180,81.56],[-180,82.55],[-180,83.54],[-180,84.53],[-180,85.52],[-180,86.51],[-180,87.5],[-180,88.49],[-158.64,88.39],[-141.86,88.1],[-120.02,87.73],[-105.71,87.14],[-96.67,86.43],[-90.72,85.66],[-86.58,84.86],[-81.48,84.05],[-77.63,83.2],[-74.63,82.33],[-72.25,81.45],[-70.32,80.55],[-67.45,79.76],[-65,78.95],[-62.88,78.12],[-61.03,77.28],[-61.03,77.28],[-59.43,77.67],[-57.74,78.04],[-55.5,78.49],[-53.24,78.89],[-49.81,79.42],[-46.26,79.88],[-43.43,80.2],[-40.37,80.4],[-37.18,80.57],[-33.75,80.72],[-30.23,80.84],[-25.08,80.77],[-21.52,80.68],[-18.05,80.55],[-13.54,80.34],[-9.46,80.08],[-4.83,79.72],[-0.94,79.33],[3.29,79.01],[7.54,78.6],[10.61,77.87],[12.63,77.32],[13.38,77.1],[13.38,77.1],[10.01,76.74],[6.83,76.33],[6.83,76.33],[3.65,76.68],[2.31,76.77],[-0.47,77.08],[-3.38,77.35],[-6.4,77.6],[-9.26,77.79],[-12.2,77.95],[-16.59,77.86],[-20.89,77.7],[-25.06,77.48],[-28.57,77.13],[-31.88,76.74],[-35,76.31],[-35.8,76.17],[-35.8,76.17],[-38.6,75.79],[-41.24,75.38],[-43.74,74.94],[-46.1,74.48],[-46.84,74.29],[-46.84,74.29],[-50.07,74.48],[-53.74,74.65],[-57.47,74.76],[-61.25,74.81],[-65.03,74.8],[-68.79,74.72],[-72.51,74.59],[-76.14,74.39],[-79.67,74.13],[-83.08,73.82],[-86.36,73.46],[-89.45,73.13],[-92.42,72.76],[-95.27,72.35],[-97.98,71.9],[-100.56,71.41],[-103.01,70.89],[-105.33,70.34],[-107.52,69.76],[-109.6,69.15],[-111.56,68.52],[-113.41,67.87],[-114.48,68.61],[-115.62,69.34],[-117.49,68.68],[-119.24,68.01],[-120.9,67.31],[-122.46,66.6],[-123.93,65.88],[-125.32,65.14],[-126.64,64.39],[-127.88,63.63],[-129.06,62.86],[-130.18,62.08],[-131.24,61.29],[-130.4,60.4],[-129.61,59.51],[-128.86,58.61],[-128.14,57.7],[-129.32,56.98],[-130.45,56.24],[-131.54,55.49],[-132.59,54.74],[-133.6,53.97],[-134.57,53.2],[-133.62,52.41],[-132.7,51.62],[-131.82,50.81],[-130.96,50],[-131.96,49.35],[-132.94,48.7],[-133.89,48.03],[-134.81,47.36],[-135.72,46.68],[-136.6,45.99],[-137.45,45.29],[-138.29,44.59],[-139.11,43.89],[-139.91,43.18],[-140.69,42.46],[-141.33,43.01],[-141.99,43.55],[-142.66,44.09],[-143.39,43.31],[-144.09,42.52],[-144.78,41.73],[-145.45,40.93],[-146.1,40.13],[-146.74,39.32],[-147.37,38.52],[-147.98,37.71],[-148.57,36.89],[-149.16,36.07],[-149.73,35.26],[-150.29,34.43],[-150.84,33.61],[-151.38,32.78],[-151.91,31.95],[-152.43,31.12],[-151.63,30.52],[-150.83,29.92],[-150.05,29.31],[-149.27,28.69],[-148.5,28.08],[-149.08,27.39],[-149.65,26.69],[-150.21,26],[-149.37,25.4],[-148.54,24.79],[-147.72,24.18],[-146.9,23.57],[-146.09,22.95],[-145.29,22.32],[-144.5,21.7],[-143.72,21.07],[-142.94,20.43],[-142.16,19.79],[-141.4,19.15],[-140.64,18.51],[-139.88,17.86],[-140.51,17.17],[-141.13,16.48],[-141.74,15.79],[-141.91,15.62],[-141.91,15.62],[-142,15.63],[-142.24,15.75],[-142.46,16.21],[-143.36,16.1],[-143.39,16.22],[-144.09,16.17],[-144.79,16.12],[-145.61,16.05],[-146.43,15.99],[-147.34,15.93],[-148.29,15.84],[-149.06,15.79],[-149.84,15.73],[-150.62,15.67],[-150.65,16.18],[-151.22,16.11],[-151.67,16.12],[-152.2,16.05],[-152.73,15.97],[-152.75,16.46],[-152.99,16.44],[-153.1,16.93],[-153.22,17.42],[-153.27,18.14],[-153.31,18.87],[-153.9,18.83],[-154.49,18.79],[-154.61,18.81],[-155.09,18.75],[-155.15,18.78],[-155.84,18.76],[-156.53,18.73],[-156.63,18.72],[-156.72,18.68],[-156.79,18.65],[-156.92,18.57],[-157.28,18.49],[-157.27,18.42],[-157.53,18.36],[-157.68,18.36],[-158.08,18.27],[-158.93,18.24],[-159.77,18.2],[-159.77,18.2],[-159.74,17.69],[-159.71,17.18],[-159.65,16.18],[-159.61,15.58],[-159.58,14.98],[-159.52,14.09],[-159.47,13.19],[-159.47,13.19],[-159.47,13.19],[-160.27,13.1],[-161.07,13.01],[-161.87,12.92],[-162.67,12.83],[-162.6,11.98],[-162.52,11.14],[-162.45,10.46],[-162.37,9.78],[-162.3,9.11],[-162.23,8.53],[-162.16,7.95],[-163.02,7.85],[-163.87,7.75],[-164.84,7.64],[-165.8,7.52],[-165.8,7.52],[-165.71,6.56],[-165.62,5.6],[-165.53,4.64],[-165.44,3.68],[-166.37,3.59],[-167.29,3.5],[-168.22,3.41],[-169.14,3.31],[-170.06,3.22],[-170.99,3.12],[-171.91,3.02],[-172.83,2.93],[-173.75,2.83],[-174.68,2.73],[-175.6,2.63],[-176.52,2.53],[-177.44,2.43],[-177.37,1.54],[-177.3,0.64],[-178.2,0.54],[-179.1,0.44],[-180,0.34],[-180,1.33]]]]}},{"type":"Feature","properties":{"ma":130,"type":"gpml:TopologicalClosedPlateBoundary","name":"Madagascar","pid":702,"deforming":false},"geometry":{"type":"Polygon","coordinates":[[[37.32,-38.02],[37.22,-38.87],[37.01,-39.84],[36.79,-40.82],[36.57,-41.79],[36.38,-42.66],[36.19,-43.53],[36,-44.39],[35.84,-45.04],[35.68,-45.69],[35.56,-46.61],[35.45,-47.53],[35.33,-48.44],[35.2,-49.34],[35.12,-49.9],[35.04,-50.45],[34.96,-50.99],[34.88,-51.52],[34.49,-52.15],[34.01,-52.89],[33.51,-53.62],[33.1,-54.22],[32.68,-54.82],[32.24,-55.42],[31.78,-56.03],[31.17,-56.64],[30.53,-57.25],[29.87,-57.8],[29.18,-58.33],[28.4,-59.05],[27.59,-59.76],[27.1,-60.48],[26.58,-61.19],[25.72,-61.71],[25.72,-61.71],[25.07,-61.74],[24.26,-62.21],[23.32,-62.74],[22.73,-63.06],[21.91,-63.49],[21.79,-62.6],[21.5,-62.18],[21.32,-61.9],[20.72,-62.03],[19.98,-62.18],[18.54,-62.08],[17.11,-61.97],[17.11,-61.97],[17.59,-61.08],[18.04,-60.19],[18.47,-59.3],[18.87,-58.41],[19.26,-57.52],[19.62,-56.62],[19.97,-55.73],[20.42,-54.79],[20.84,-53.86],[21.25,-52.92],[21.63,-51.98],[22.01,-51.04],[22.36,-50.1],[22.71,-49.15],[23.04,-48.21],[23.36,-47.26],[23.66,-46.32],[23.96,-45.37],[25.19,-45.38],[26.41,-45.38],[27.64,-45.37],[27.81,-44.87],[28.42,-44.94],[28.52,-44.5],[29.86,-44.69],[31.2,-44.86],[31.29,-43.96],[31.38,-43.06],[31.47,-42.16],[31.55,-41.26],[32.63,-41.27],[33.85,-41.29],[35.07,-41.29],[36.29,-41.28],[36.29,-41.28],[36.38,-40.56],[36.47,-39.84],[36.55,-39.12],[36.64,-38.19],[36.72,-37.26],[37.42,-37.17],[37.32,-38.02]]]}},{"type":"Feature","properties":{"ma":130,"type":"gpml:TopologicalClosedPlateBoundary","name":"NAM_131_129","pid":101,"deforming":false},"geometry":{"type":"Polygon","coordinates":[[[-56.32,58.36],[-55.27,58.67],[-54.14,58.87],[-52.99,59.05],[-51.9,59.34],[-50.85,60.17],[-50.23,60.59],[-49.59,61.01],[-48.94,61.24],[-47.72,61.32],[-46.64,61.27],[-45.55,61.21],[-44.54,61.09],[-43.54,60.97],[-42.01,60.72],[-40.84,60.48],[-39.68,60.23],[-39.68,60.23],[-39.42,59.87],[-38.84,59.43],[-38.84,59.43],[-38.62,59.34],[-38.25,59.21],[-37.32,58.89],[-36.11,58.44],[-35.55,58.26],[-34.98,58.25],[-33.87,58.31],[-32.92,58.45],[-31.97,58.58],[-30.98,58.7],[-29.98,58.81],[-28.85,58.96],[-27.72,59.11],[-25.91,59.3],[-24.08,59.46],[-22.64,59.42],[-21.2,59.37],[-19.81,59.05],[-18.44,58.72],[-17.11,58.37],[-15.87,58.11],[-14.64,57.84],[-13.44,57.56],[-11.98,57.36],[-10.54,57.14],[-8.84,57.11],[-7.15,57.06],[-5.69,56.87],[-4.25,56.67],[-2.82,56.45],[-1.41,56.21],[-1.41,56.21],[-1.86,55.31],[-2.3,54.4],[-2.71,53.49],[-3.11,52.58],[-3.49,51.67],[-3.74,51.28],[-3.77,51.16],[-3.77,51.16],[-3.46,51.18],[-2.56,51.27],[-1.26,50.91],[0.18,50.59],[1.32,50.23],[2.22,49.7],[3.1,49.16],[4.02,48.44],[4.92,47.71],[5.8,46.97],[6.13,46.75],[6.13,46.75],[6.09,46.14],[6.05,45.52],[6.66,44.91],[6.66,44.91],[6.66,44.9],[6.58,44.48],[6.57,44.31],[6.57,44.31],[6.34,44.26],[6.09,44.08],[5.91,43.76],[5.53,43.38],[5.16,42.87],[5.09,42.78],[4.98,42.61],[4.86,42.47],[4.64,42.39],[4.61,42],[4.33,41.45],[4.17,41.32],[3.61,41.03],[3.09,40.77],[2.92,40.47],[2.8,40.35],[2.62,40.23],[2.41,40.13],[2.48,39.91],[2.43,39.73],[2.41,39.5],[2.33,39.37],[2.24,39.15],[2.36,38.98],[2.66,38.74],[2.85,38.64],[3.02,38.41],[2.93,38.27],[2.83,38.03],[2.63,37.38],[2.63,37.32],[2.88,36.95],[2.86,36.76],[2.45,36.31],[2.09,36.04],[1.5,35.49],[0.99,34.99],[0.59,34.32],[0.39,33.98],[-0.1,33.48],[-0.89,33.09],[-1.41,32.76],[-2.08,32.55],[-2.65,32.23],[-3.44,31.94],[-3.99,31.82],[-4.27,31.76],[-4.67,31.68],[-4.94,31.1],[-4.71,30.5],[-4.58,30.18],[-4.45,29.82],[-4.44,29.57],[-4.42,29.13],[-4.77,28.46],[-5.09,27.84],[-5.57,27.38],[-5.99,26.97],[-6.52,26.62],[-6.87,26.34],[-7.2,26.06],[-7.58,25.56],[-7.8,25.38],[-7.99,25.23],[-8.4,24.95],[-8.6,24.8],[-8.8,24.66],[-9.28,24.53],[-9.57,24.45],[-9.57,24.45],[-9.71,24.19],[-9.79,23.99],[-9.91,23.78],[-10,23.55],[-10.09,23.28],[-10.15,22.98],[-10.21,22.68],[-10.24,22.39],[-10.23,22.11],[-10.22,21.83],[-10.07,21.52],[-9.8,21.31],[-9.55,21.22],[-9.31,21.12],[-8.99,20.9],[-8.81,20.8],[-8.64,20.7],[-8.48,20.54],[-8.26,20.44],[-8.19,20.27],[-8.14,20.08],[-8.04,19.94],[-8.01,19.77],[-7.94,19.64],[-7.94,19.47],[-7.93,19.4],[-7.92,19.31],[-7.87,19.13],[-7.87,18.99],[-7.87,18.99],[-7.91,18.99],[-7.95,18.97],[-8.03,18.92],[-8.08,18.88],[-8.21,18.78],[-8.3,18.71],[-8.37,18.65],[-8.51,18.57],[-8.59,18.52],[-8.65,18.45],[-8.8,18.27],[-8.96,18.14],[-9.1,18.03],[-9.24,17.94],[-9.43,17.82],[-9.71,17.63],[-9.78,17.53],[-9.89,17.38],[-9.9,17.24],[-9.92,17.06],[-9.97,16.92],[-10.02,16.79],[-10.26,16.61],[-10.4,16.51],[-10.58,16.38],[-10.74,16.26],[-10.88,16.16],[-10.88,16.16],[-10.61,15.91],[-10.14,15.43],[-10.14,15.43],[-10.06,15.49],[-9.9,15.62],[-9.8,15.69],[-9.68,15.78],[-9.55,15.92],[-9.45,16.02],[-9.35,16.13],[-9.25,16.22],[-9.19,16.29],[-9.12,16.37],[-9.03,16.46],[-8.95,16.55],[-8.88,16.62],[-8.82,16.68],[-8.77,16.74],[-8.74,16.8],[-8.7,16.91],[-8.67,16.97],[-8.64,17.07],[-8.6,17.16],[-8.56,17.27],[-8.52,17.36],[-8.45,17.46],[-8.37,17.54],[-8.3,17.61],[-8.24,17.66],[-8.2,17.69],[-8.13,17.75],[-8.06,17.77],[-7.96,17.79],[-7.86,17.8],[-7.74,17.83],[-7.66,17.85],[-7.55,17.91],[-7.38,17.89],[-6.99,17.85],[-6.84,17.86],[-6.74,17.89],[-6.62,17.95],[-6.55,17.95],[-6.49,17.96],[-6.46,17.97],[-6.37,17.99],[-6.21,18.1],[-6.01,18.22],[-6.01,18.22],[-6.02,18.13],[-6.24,17.8],[-6.49,17.5],[-6.72,17.31],[-6.9,17.12],[-7.12,17.05],[-7.36,16.93],[-7.68,16.62],[-7.72,16.18],[-7.81,15.81],[-8.1,15.4],[-8.34,15.02],[-8.58,14.61],[-9.03,14.29],[-9.03,14.29],[-9.43,14.7],[-9.82,15.11],[-9.82,15.11],[-10.63,14.74],[-11.43,14.37],[-12.24,13.88],[-12.7,13.62],[-13.17,13.36],[-13.39,13.5],[-14.21,13.09],[-15.02,12.67],[-15.83,12.25],[-16.64,11.83],[-17.33,11.76],[-18.02,11.69],[-18.71,11.62],[-19.16,11.95],[-20.04,11.5],[-20,11.45],[-20.81,11.04],[-21.62,10.64],[-22.42,10.23],[-22.89,10.56],[-23.66,9.98],[-23.82,10.1],[-24.51,9.77],[-24.61,9.85],[-25.26,9.23],[-25.91,8.6],[-25.85,8.55],[-26.32,8.03],[-26.78,7.51],[-26.7,7.42],[-27.16,6.83],[-27.62,6.25],[-28.08,5.66],[-28.05,5.58],[-28.4,5.15],[-28.34,5.07],[-28.79,4.49],[-29.25,3.91],[-29.7,3.34],[-29.66,3.26],[-30.13,2.62],[-30.6,1.99],[-31.07,1.36],[-30.95,1.22],[-31.36,0.78],[-31.77,0.35],[-31.42,-0.23],[-31.06,-0.81],[-31.6,-1.25],[-32.14,-1.68],[-32.67,-2.11],[-32.67,-2.11],[-32.36,-2.44],[-32.36,-2.44],[-32.44,-2.5],[-32.94,-2.94],[-33.44,-3.39],[-33.94,-3.83],[-34.61,-4.45],[-34.61,-4.45],[-35.24,-3.89],[-35.87,-3.33],[-36.5,-2.76],[-37.13,-2.2],[-37.75,-1.59],[-38.36,-0.97],[-38.98,-0.36],[-39.59,0.25],[-40.2,0.87],[-40.82,1.48],[-41.16,1.94],[-41.51,2.39],[-41.51,2.39],[-42.1,1.75],[-42.68,1.1],[-43.25,1.69],[-43.82,2.28],[-44.3,1.77],[-44.78,1.26],[-45.26,0.76],[-45.65,1.14],[-46.19,0.59],[-46.73,0.04],[-47.27,-0.52],[-47.81,-1.07],[-48.19,-0.73],[-48.57,-0.39],[-49.09,-0.95],[-49.61,-1.51],[-50.13,-2.08],[-50.65,-2.64],[-51.11,-2.26],[-51.57,-1.88],[-51.81,-2.19],[-51.81,-2.19],[-52.49,-1.68],[-53.1,-0.98],[-53.7,-0.28],[-54.31,0.42],[-54.66,1.23],[-55.01,2.03],[-55.01,2.03],[-55.25,2.14],[-56.09,2.57],[-56.93,2.99],[-57.77,3.42],[-58.43,3.93],[-59.1,4.44],[-59.76,4.95],[-60.42,5.46],[-61.09,5.97],[-61.51,6.7],[-61.93,7.42],[-62.35,8.15],[-62.47,8.3],[-62.47,8.3],[-62.44,8.84],[-62.41,9.38],[-62.37,10.06],[-62.32,10.75],[-62.28,11.44],[-62.28,11.44],[-62.4,11.73],[-62.68,12.54],[-62.97,13.35],[-63.25,14.16],[-63.52,15],[-63.79,15.85],[-63.86,16.59],[-63.93,17.33],[-64,18.06],[-64.09,18.62],[-64.19,19.17],[-64.34,19.93],[-64.5,20.69],[-64.58,21.25],[-64.67,21.81],[-64.8,22.73],[-64.94,23.64],[-65,24.29],[-65.06,24.94],[-64.95,25.76],[-64.85,26.58],[-64.89,27.38],[-64.93,28.18],[-64.9,28.85],[-64.87,29.53],[-65.01,30.29],[-65.15,31.04],[-65.04,31.99],[-64.93,32.94],[-64.81,33.71],[-64.68,34.48],[-64.55,35.25],[-64.2,35.78],[-63.85,36.32],[-62.89,36.34],[-61.94,36.35],[-61.17,36.31],[-60.39,36.25],[-59.62,36.27],[-58.85,36.28],[-57.89,36.41],[-56.94,36.53],[-56.46,37.04],[-55.97,37.55],[-56.33,38.22],[-56.7,38.88],[-57.22,39.72],[-57.75,40.56],[-58.29,41.4],[-58.74,42.05],[-59.2,42.7],[-59.68,43.34],[-60.12,44],[-60.57,44.66],[-61.04,45.32],[-61.36,46.06],[-61.69,46.81],[-61.52,47.61],[-61.5,48.55],[-61.49,49.05],[-61.49,49.56],[-61.4,49.99],[-61.21,50.96],[-60.94,51.48],[-60.67,51.99],[-60.01,52.75],[-59.66,53.21],[-59.31,53.67],[-59.13,54.04],[-58.58,54.4],[-58.4,54.77],[-58.1,55.08],[-57.85,55.54],[-57.77,56.03],[-57.72,56.25],[-57.52,56.61],[-57.42,56.98],[-57.21,57.35],[-56.88,57.78],[-56.49,58.24],[-56.32,58.36]]]}},{"type":"Feature","properties":{"ma":130,"type":"gpml:TopologicalClosedPlateBoundary","name":"NW Africa","pid":714,"deforming":false},"geometry":{"type":"Polygon","coordinates":[[[7.08,2.49],[7.66,2.03],[7.66,2.03],[7.46,1.09],[7.26,0.14],[7.07,-0.65],[6.87,-1.44],[6.22,-1.88],[5.58,-2.31],[4.98,-2.82],[4.39,-3.32],[4.02,-3.99],[3.65,-4.66],[3.26,-5.42],[2.87,-6.17],[2.38,-7],[1.88,-7.82],[1.34,-8.32],[0.79,-8.83],[0.38,-9.19],[-0.04,-9.55],[-0.55,-9.31],[-1.06,-9.08],[-1.5,-8.51],[-1.95,-7.95],[-2.64,-8.28],[-3.14,-8.45],[-3.63,-8.62],[-4.55,-8.47],[-5.47,-8.3],[-6.13,-8.43],[-6.8,-8.56],[-7.27,-9.04],[-7.73,-9.52],[-8.45,-9.5],[-8.98,-8.97],[-9.05,-8],[-8.96,-7.44],[-8.87,-6.88],[-9.69,-6.97],[-10.16,-7.48],[-10.33,-8.19],[-10.37,-8.69],[-10.41,-9.19],[-10.31,-9.69],[-9.85,-10.21],[-9.32,-10.73],[-9.37,-11.54],[-9.6,-12.45],[-9.69,-13.08],[-9.78,-13.71],[-9.71,-14.27],[-9.89,-14.92],[-10.13,-15.27],[-9.77,-15.84],[-9.42,-16.46],[-9.41,-17.22],[-9.4,-17.98],[-9.04,-18.54],[-8.68,-19.38],[-8.74,-20.07],[-8.72,-20.23],[-8.72,-20.23],[-9.16,-20.26],[-9.91,-20.32],[-9.93,-20.33],[-9.93,-20.33],[-10.57,-19.97],[-11.2,-19.61],[-11.84,-19.25],[-12.79,-18.91],[-13.73,-18.57],[-14.27,-18.52],[-14.82,-18.46],[-15.65,-18.4],[-16.49,-18.35],[-17.28,-18.13],[-18.08,-17.92],[-18.59,-17.48],[-19.09,-17.05],[-19.95,-16.51],[-20.71,-16.16],[-21.47,-15.8],[-22.29,-15.5],[-23.09,-15.2],[-23.63,-14.68],[-24,-13.98],[-24.36,-13.29],[-24.59,-12.52],[-24.82,-11.76],[-25.02,-10.97],[-25.23,-10.19],[-25.82,-9.69],[-25.82,-9.69],[-26.81,-9.51],[-27.45,-9.28],[-28.08,-9.05],[-28.98,-8.7],[-29.88,-8.34],[-30.78,-7.98],[-31.28,-7.48],[-31.78,-6.98],[-32.28,-6.48],[-33.03,-5.82],[-33.78,-5.17],[-34.53,-4.51],[-34.61,-4.45],[-34.61,-4.45],[-33.94,-3.83],[-33.44,-3.39],[-32.94,-2.94],[-32.44,-2.5],[-32.36,-2.44],[-32.36,-2.44],[-32.67,-2.11],[-32.67,-2.11],[-32.14,-1.68],[-31.6,-1.25],[-31.06,-0.81],[-31.42,-0.23],[-31.77,0.35],[-31.36,0.78],[-30.95,1.22],[-31.07,1.36],[-30.6,1.99],[-30.13,2.62],[-29.66,3.26],[-29.7,3.34],[-29.25,3.91],[-28.79,4.49],[-28.34,5.07],[-28.4,5.15],[-28.05,5.58],[-28.08,5.66],[-27.62,6.25],[-27.16,6.83],[-26.7,7.42],[-26.78,7.51],[-26.32,8.03],[-25.85,8.55],[-25.91,8.6],[-25.26,9.23],[-24.61,9.85],[-24.51,9.77],[-23.82,10.1],[-23.66,9.98],[-22.89,10.56],[-22.42,10.23],[-21.62,10.64],[-20.81,11.04],[-20,11.45],[-20.04,11.5],[-19.16,11.95],[-18.71,11.62],[-18.02,11.69],[-17.33,11.76],[-16.64,11.83],[-15.83,12.25],[-15.02,12.67],[-14.21,13.09],[-13.39,13.5],[-13.17,13.36],[-12.7,13.62],[-12.24,13.88],[-11.43,14.37],[-10.63,14.74],[-9.82,15.11],[-9.82,15.11],[-9.43,14.7],[-9.03,14.29],[-9.03,14.29],[-8.58,14.61],[-8.34,15.02],[-8.1,15.4],[-7.81,15.81],[-7.72,16.18],[-7.68,16.62],[-7.36,16.93],[-7.12,17.05],[-6.9,17.12],[-6.72,17.31],[-6.49,17.5],[-6.24,17.8],[-6.02,18.13],[-6.01,18.22],[-6.01,18.22],[-5.98,18.23],[-5.91,18.28],[-5.91,18.28],[-5.91,18.09],[-5.97,17.63],[-5.92,17.3],[-6,16.98],[-6.07,16.71],[-6.12,16.52],[-6.22,16.36],[-6.67,16.08],[-6.85,15.84],[-6.76,15.54],[-6.71,15.26],[-6.78,14.98],[-6.9,14.77],[-7.02,14.55],[-7.17,14.3],[-7.33,14],[-7.46,13.78],[-7.6,13.53],[-7.7,13.36],[-7.78,13.22],[-7.85,13.05],[-7.85,13.05],[-7.39,12.56],[-6.92,12.06],[-6.01,11.74],[-5.11,11.41],[-4.2,11.09],[-3.3,10.76],[-2.4,10.42],[-2.4,10.42],[-1.64,9.96],[-0.89,9.49],[-0.13,9.02],[0.62,8.54],[1.44,8.2],[2.25,7.85],[3.07,7.49],[3.88,7.14],[4.69,6.78],[5.5,6.43],[6.31,6.07],[7.12,5.71],[7.94,5.42],[8.76,5.13],[8.76,5.13],[8.65,4.86],[8.13,4.07],[7.6,3.28],[7.08,2.49]]]}},{"type":"Feature","properties":{"ma":130,"type":"gpml:TopologicalClosedPlateBoundary","name":"Phoenix","pid":919,"deforming":false},"geometry":{"type":"MultiPolygon","coordinates":[[[[180,-29.74],[180,-30.73],[180,-31.71],[180,-32.69],[180,-33.68],[180,-34.66],[180,-35.64],[180,-36.63],[180,-37.61],[180,-38.59],[180,-39.58],[180,-40.56],[180,-41.54],[180,-42.53],[180,-43.51],[180,-44.49],[180,-45.47],[180,-46.46],[180,-47.44],[180,-48.42],[180,-49.41],[180,-50.39],[180,-51.37],[180,-52.36],[180,-53.34],[180,-54.32],[180,-55.31],[180,-56.29],[180,-57.27],[180,-58.26],[180,-59.24],[180,-60.22],[180,-61.2],[180,-62.19],[180,-63.17],[180,-64.15],[180,-65.14],[180,-66.12],[180,-67.1],[180,-68.09],[180,-69.07],[178.48,-68.86],[177.02,-68.61],[175.73,-68.45],[175.73,-68.45],[173.58,-67.96],[172.22,-67.8],[170.88,-67.62],[168.88,-67.18],[167.96,-66.8],[167.07,-66.42],[166.35,-66],[165.02,-65.56],[163.5,-65.32],[161.86,-65.12],[159.61,-64.89],[157.92,-64.84],[157.92,-64.84],[157.89,-65.15],[157.67,-65.05],[156.14,-64.75],[154.97,-64.56],[153.95,-64.3],[152.16,-63.74],[152.02,-63.04],[151.73,-62.64],[151.64,-62.04],[151.72,-61.26],[151.6,-60.85],[150.69,-60.25],[150.44,-59.54],[150.32,-59.27],[151.11,-58.9],[151.88,-58.53],[152.06,-58.11],[152.4,-57.28],[152.8,-56.58],[153.52,-55.74],[153.82,-55.11],[154.01,-54.84],[154.04,-54.62],[154.16,-54.34],[153.83,-53.82],[153.15,-53.33],[152.43,-52.6],[151.75,-51.9],[151.3,-51.16],[150.98,-50.69],[150.68,-50.21],[150.61,-49.65],[150.54,-49.08],[150.06,-48.27],[149.19,-47.7],[148.34,-47.13],[147.51,-46.55],[146.62,-46.07],[146.27,-45.67],[146.41,-44.88],[145.81,-44.29],[146.2,-43.81],[146.58,-43.33],[146.92,-42.88],[146.73,-42.01],[146.19,-41.32],[145.57,-40.83],[145.57,-40.83],[145.77,-40.61],[145.92,-39.77],[146.03,-38.81],[146.13,-37.85],[145.93,-37.17],[145.73,-36.49],[145.54,-35.81],[145.24,-35.03],[144.94,-34.26],[144.65,-33.48],[144.3,-32.81],[143.96,-32.14],[143.61,-31.46],[143.21,-30.75],[142.81,-30.04],[142.25,-29.35],[141.7,-28.66],[141.16,-27.98],[141.16,-27.98],[140.92,-27.37],[140.67,-26.76],[140.45,-25.85],[140.23,-24.93],[140.01,-24.02],[139.79,-23.1],[139.58,-22.19],[139.17,-21.49],[138.76,-20.79],[138.76,-20.79],[137.77,-20.57],[136.77,-20.34],[135.78,-20.11],[134.79,-19.87],[133.8,-19.62],[132.82,-19.37],[131.84,-19.11],[130.87,-18.85],[129.89,-18.58],[128.92,-18.31],[127.95,-18.04],[126.99,-17.75],[126,-17.63],[125.02,-17.49],[124.03,-17.36],[123.05,-17.21],[122.07,-17.07],[122.07,-17.07],[122.96,-17.04],[123.85,-17.01],[124.73,-16.98],[125.62,-16.94],[126.5,-16.9],[127.39,-16.85],[128.02,-16.12],[128.64,-15.39],[129.61,-15.46],[130.59,-15.53],[131.56,-15.59],[132.54,-15.65],[133.52,-15.7],[134.49,-15.75],[135.47,-15.8],[136.45,-15.84],[137.42,-15.87],[138.4,-15.9],[139.38,-15.93],[140.36,-15.95],[141.34,-15.97],[142.32,-15.98],[141.99,-16.6],[141.67,-17.22],[141.34,-17.84],[142.35,-17.95],[143.37,-18.05],[144.39,-18.15],[145.4,-18.24],[146.42,-18.33],[147.44,-18.41],[148.47,-18.48],[149.49,-18.55],[150.51,-18.62],[151.53,-18.67],[152.56,-18.73],[153.58,-18.77],[154.61,-18.82],[154.85,-17.99],[155.09,-17.16],[155.33,-16.33],[155.56,-15.5],[155.8,-14.67],[156.63,-14.68],[157.46,-14.68],[158.29,-14.67],[159.12,-14.66],[160.02,-14.95],[160.94,-15.06],[161.85,-15.17],[161.62,-16.04],[161.39,-16.91],[161.15,-17.78],[160.92,-18.65],[160.68,-19.51],[160.44,-20.38],[160.19,-21.25],[159.95,-22.12],[159.7,-22.99],[160.73,-23.28],[161.77,-23.56],[162.81,-23.84],[163.85,-24.11],[164.9,-24.37],[164.65,-24.99],[164.39,-25.62],[165.4,-25.88],[166.42,-26.14],[167.44,-26.38],[168.47,-26.62],[169.5,-26.86],[170.53,-27.08],[171.57,-27.3],[172.61,-27.51],[173.65,-27.71],[174.7,-27.91],[175.75,-28.1],[176.81,-28.27],[177.87,-28.45],[178.93,-28.61],[180,-28.76],[180,-29.74]]],[[[-180,-68.09],[-180,-67.1],[-180,-66.12],[-180,-65.14],[-180,-64.15],[-180,-63.17],[-180,-62.19],[-180,-61.2],[-180,-60.22],[-180,-59.24],[-180,-58.26],[-180,-57.27],[-180,-56.29],[-180,-55.31],[-180,-54.32],[-180,-53.34],[-180,-52.36],[-180,-51.37],[-180,-50.39],[-180,-49.41],[-180,-48.42],[-180,-47.44],[-180,-46.46],[-180,-45.47],[-180,-44.49],[-180,-43.51],[-180,-42.53],[-180,-41.54],[-180,-40.56],[-180,-39.58],[-180,-38.59],[-180,-37.61],[-180,-36.63],[-180,-35.64],[-180,-34.66],[-180,-33.68],[-180,-32.69],[-180,-31.71],[-180,-30.73],[-180,-29.74],[-180,-28.76],[-178.91,-28.91],[-177.82,-29.05],[-176.72,-29.18],[-175.62,-29.3],[-174.52,-29.41],[-173.42,-29.52],[-173.3,-28.88],[-173.18,-28.24],[-172.08,-28.36],[-170.97,-28.46],[-169.86,-28.56],[-168.74,-28.65],[-167.63,-28.73],[-166.51,-28.8],[-165.4,-28.86],[-164.28,-28.91],[-163.16,-28.95],[-162.04,-28.98],[-160.92,-29.01],[-159.79,-29.02],[-158.67,-29.03],[-158.7,-29.62],[-157.57,-29.59],[-156.45,-29.55],[-155.32,-29.51],[-154.19,-29.45],[-153.07,-29.39],[-151.94,-29.31],[-150.84,-29.21],[-149.73,-29.1],[-148.63,-28.99],[-147.53,-28.86],[-146.43,-28.72],[-145.34,-28.58],[-144.25,-28.43],[-143.16,-28.27],[-143.04,-29.09],[-142.92,-29.92],[-142.8,-30.75],[-142.67,-31.57],[-141.88,-31.46],[-141.08,-31.35],[-140.29,-31.22],[-140.4,-30.61],[-140.51,-30],[-139.59,-29.85],[-138.66,-29.7],[-138.79,-29.02],[-138.91,-28.35],[-137.81,-28.17],[-136.72,-27.98],[-135.63,-27.78],[-135.83,-26.83],[-136.02,-25.87],[-136.21,-24.92],[-136.39,-23.96],[-135.45,-23.82],[-134.51,-23.68],[-133.57,-23.53],[-132.64,-23.37],[-132.66,-22.73],[-132.68,-22.08],[-131.92,-22.01],[-131.16,-21.94],[-131.1,-22.33],[-130.2,-22.25],[-129.3,-22.16],[-128.4,-22.06],[-127.5,-21.96],[-126.6,-21.86],[-126.55,-22],[-125.55,-21.86],[-124.55,-21.71],[-123.55,-21.56],[-123.42,-22],[-122.47,-21.83],[-121.53,-21.65],[-120.58,-21.47],[-119.64,-21.29],[-118.7,-21.09],[-117.76,-20.9],[-117.39,-20.86],[-117.39,-20.86],[-116.36,-21.04],[-115.32,-21.21],[-114.29,-21.38],[-113.25,-21.54],[-112.21,-21.7],[-111.17,-21.85],[-110.13,-21.99],[-110.25,-22.87],[-110.37,-23.75],[-110.49,-24.62],[-110.61,-25.5],[-109.53,-25.57],[-108.45,-25.62],[-107.37,-25.67],[-106.28,-25.71],[-105.2,-25.74],[-104.12,-25.76],[-103.03,-25.78],[-101.95,-25.79],[-100.86,-25.79],[-99.78,-25.78],[-98.69,-25.76],[-97.61,-25.74],[-96.52,-25.7],[-96.47,-26.63],[-96.41,-27.55],[-96.35,-28.48],[-96.29,-29.4],[-95.22,-29.32],[-94.15,-29.22],[-93.09,-29.12],[-92.03,-29],[-90.97,-28.88],[-89.91,-28.76],[-88.85,-28.62],[-87.8,-28.47],[-86.75,-28.32],[-85.71,-28.16],[-84.66,-27.99],[-83.62,-27.81],[-82.59,-27.63],[-82.28,-28.4],[-81.97,-29.18],[-81.65,-29.96],[-81.33,-30.74],[-80.23,-30.46],[-79.14,-30.18],[-78.06,-29.88],[-76.98,-29.58],[-75.91,-29.27],[-74.84,-28.94],[-73.78,-28.62],[-72.73,-28.28],[-71.68,-27.93],[-70.65,-27.58],[-69.61,-27.22],[-69.15,-27.95],[-68.68,-28.69],[-68.2,-29.42],[-67.72,-30.15],[-66.67,-29.84],[-65.63,-29.53],[-64.59,-29.2],[-63.56,-28.87],[-62.54,-28.53],[-61.52,-28.18],[-60.52,-27.83],[-59.51,-27.46],[-59.51,-27.46],[-58.93,-28.27],[-58.33,-29.08],[-57.75,-29.89],[-57.16,-30.69],[-56.87,-31.12],[-56.32,-31.49],[-55.74,-31.9],[-55.14,-32.31],[-54.98,-32.39],[-54.98,-32.39],[-54.92,-32.61],[-54.69,-33.34],[-54.65,-33.89],[-54.52,-34.47],[-54.44,-35.2],[-54.59,-36.09],[-54.75,-36.98],[-54.77,-37.8],[-54.79,-38.62],[-54.81,-39.44],[-54.83,-40.27],[-54.85,-41.09],[-54.94,-41.88],[-55.02,-42.67],[-55.11,-43.46],[-55.2,-44.26],[-55.57,-45.04],[-55.95,-45.82],[-56.34,-46.6],[-56.74,-47.37],[-57.15,-48.15],[-57.15,-48.15],[-57.29,-48.69],[-57.42,-49.22],[-57.94,-49.9],[-58.47,-50.57],[-58.73,-50.98],[-58.92,-51.45],[-58.92,-51.45],[-59.36,-52],[-59.68,-52.26],[-59.88,-52.61],[-60.04,-52.88],[-60.31,-53.33],[-60.5,-53.6],[-60.86,-54.09],[-61.12,-54.45],[-61.39,-54.83],[-61.66,-55.23],[-62.08,-55.86],[-62.26,-56.1],[-62.5,-56.45],[-62.72,-56.76],[-62.93,-57.04],[-63.15,-57.39],[-63.32,-57.69],[-63.47,-57.93],[-63.51,-58.01],[-63.6,-58.24],[-63.71,-58.51],[-63.84,-58.95],[-64.15,-59.25],[-64.55,-59.56],[-65.08,-59.91],[-65.67,-60.32],[-66.04,-60.58],[-66.35,-60.81],[-66.62,-61],[-67.02,-61.32],[-67.37,-61.74],[-67.51,-62.09],[-67.62,-62.41],[-67.72,-62.66],[-67.76,-62.96],[-67.83,-63.3],[-67.83,-63.69],[-67.81,-64.09],[-67.91,-64.41],[-68.01,-64.57],[-68.09,-64.74],[-68.09,-64.74],[-68.52,-64.82],[-70.49,-64.64],[-72.15,-64.44],[-73.2,-64.92],[-74.29,-65.4],[-75.77,-65.81],[-77.31,-66.2],[-78.88,-66.83],[-80.88,-67.21],[-82.53,-67.68],[-83.42,-68.27],[-84.35,-68.85],[-85.12,-69.28],[-85.91,-69.72],[-87.58,-70.37],[-88.82,-70.74],[-90.11,-71.1],[-91.01,-71.59],[-91.96,-72.07],[-93.9,-72.82],[-95.29,-73.32],[-98.5,-73.64],[-100.89,-73.86],[-103.87,-74.34],[-107.04,-74.68],[-109.52,-74.84],[-112.05,-74.97],[-113.51,-74.98],[-113.51,-74.98],[-116.53,-74.84],[-119.48,-74.67],[-123.11,-74.44],[-126.62,-74.15],[-130,-73.8],[-133.05,-73.45],[-135.96,-73.05],[-138.35,-72.73],[-140.66,-72.39],[-142.87,-72.02],[-145,-71.62],[-147.52,-71.35],[-149.97,-71.04],[-152.34,-70.7],[-152.34,-70.7],[-152.87,-70.68],[-155.3,-70.65],[-157.71,-70.58],[-160.1,-70.48],[-162.6,-70.35],[-165.06,-70.19],[-167.84,-70.09],[-170.59,-69.94],[-173.01,-69.77],[-175.38,-69.58],[-177.7,-69.35],[-180,-69.07],[-180,-68.09]]]]}},{"type":"Feature","properties":{"ma":130,"type":"gpml:TopologicalClosedPlateBoundary","name":"SAM","pid":201,"deforming":false},"geometry":{"type":"Polygon","coordinates":[[[-41.51,2.39],[-41.16,1.94],[-40.82,1.48],[-40.2,0.87],[-39.59,0.25],[-38.98,-0.36],[-38.36,-0.97],[-37.75,-1.59],[-37.13,-2.2],[-36.48,-2.78],[-35.83,-3.36],[-35.18,-3.94],[-34.53,-4.51],[-33.78,-5.17],[-33.03,-5.82],[-32.28,-6.48],[-31.78,-6.98],[-31.28,-7.48],[-30.78,-7.98],[-29.94,-8.32],[-29.11,-8.65],[-28.27,-8.98],[-28.27,-8.98],[-28.04,-9.47],[-27.7,-10.01],[-27.35,-10.54],[-26.86,-11.16],[-26.22,-11.93],[-25.99,-12.44],[-25.76,-12.96],[-25.69,-13.52],[-25.61,-14.08],[-25.43,-14.59],[-25.24,-15.11],[-24.91,-15.51],[-24.58,-15.92],[-24,-16.18],[-23.42,-16.44],[-22.91,-16.7],[-22.39,-16.96],[-21.84,-17.21],[-21.28,-17.46],[-20.44,-17.85],[-19.54,-18.35],[-18.68,-18.84],[-17.73,-19.22],[-16.81,-19.38],[-15.89,-19.53],[-15.17,-19.54],[-14.45,-19.54],[-13.66,-19.69],[-13.06,-19.88],[-12.82,-19.98],[-12.82,-19.98],[-12.45,-20.15],[-11.87,-20.34],[-11.31,-20.48],[-11.04,-20.69],[-10.97,-21.07],[-11.35,-21.38],[-12.04,-21.56],[-12.43,-21.83],[-12.8,-22.35],[-13.14,-22.28],[-13.55,-22.64],[-14.21,-22.87],[-14.63,-23.28],[-15.05,-23.68],[-15.19,-23.96],[-14.99,-24.36],[-14.62,-24.63],[-14.21,-24.63],[-14.15,-24.2],[-13.79,-24.01],[-13.26,-24.32],[-12.36,-24.7],[-11.45,-24.65],[-11.64,-24.88],[-12.13,-25.17],[-12.36,-25.39],[-12.56,-25.66],[-12.64,-26.03],[-12.57,-26.47],[-12.53,-26.92],[-12.53,-27.46],[-12.55,-27.89],[-12.63,-28.38],[-12.92,-29.08],[-13.01,-29.42],[-13.06,-29.93],[-12.96,-30.53],[-13.11,-31.07],[-13.14,-31.71],[-13.22,-32.33],[-13.44,-32.83],[-13.61,-33.3],[-13.64,-33.72],[-13.86,-34.08],[-14,-34.65],[-14.29,-35.19],[-14.43,-35.64],[-14.55,-36.15],[-14.7,-36.77],[-15.19,-37.38],[-15.48,-37.85],[-15.75,-38.32],[-16.49,-38.9],[-17.26,-39.08],[-18.05,-39.25],[-18.94,-39.39],[-19.84,-39.51],[-20.82,-39.83],[-21.48,-40.05],[-22.14,-40.26],[-23.24,-40.79],[-23.71,-41.2],[-24.18,-41.62],[-24.34,-42.14],[-24.5,-42.66],[-24.54,-43.58],[-25.04,-44.49],[-25.66,-44.91],[-25.82,-45.07],[-26.35,-45.86],[-27.05,-46.61],[-27.79,-47.39],[-28.24,-47.96],[-28.92,-48.64],[-29.56,-49.43],[-30.11,-50.21],[-30.78,-50.97],[-31.4,-51.35],[-32.02,-51.73],[-32.02,-51.73],[-32.67,-51.64],[-33.53,-51.3],[-34.17,-50.59],[-34.37,-50.07],[-35.32,-49.68],[-36.12,-49.7],[-36.92,-49.72],[-38.08,-49.6],[-39.24,-49.47],[-40.13,-49.29],[-41.01,-49.1],[-42.14,-48.68],[-43.25,-48.25],[-44.64,-47.98],[-46.02,-47.7],[-47.06,-47.36],[-48.08,-47],[-49.03,-46.65],[-49.96,-46.28],[-51.17,-45.83],[-52.35,-45.37],[-53.33,-45.04],[-54.3,-44.71],[-55.25,-44.37],[-55.25,-44.37],[-55.2,-44.26],[-55.11,-43.46],[-55.02,-42.67],[-54.94,-41.88],[-54.85,-41.09],[-54.83,-40.27],[-54.81,-39.44],[-54.79,-38.62],[-54.77,-37.8],[-54.75,-36.98],[-54.59,-36.09],[-54.44,-35.2],[-54.52,-34.47],[-54.65,-33.89],[-54.69,-33.34],[-54.92,-32.61],[-55.06,-32.1],[-55.19,-31.58],[-55.86,-30.84],[-56.1,-30.17],[-56.35,-29.5],[-56.59,-28.83],[-56.89,-28.03],[-57.17,-27.23],[-57.46,-26.44],[-57.65,-25.46],[-57.84,-24.48],[-58.03,-23.5],[-58.22,-22.52],[-58.4,-21.54],[-58.4,-21.54],[-58.37,-21.45],[-58.17,-20.8],[-57.96,-20.14],[-57.76,-19.48],[-57.36,-18.91],[-56.96,-18.34],[-56.56,-17.76],[-56.42,-16.78],[-56.27,-15.79],[-56.13,-14.81],[-55.65,-14.1],[-55.17,-13.39],[-54.69,-12.68],[-54.69,-12.68],[-54.7,-12.59],[-54.88,-12.04],[-55.06,-11.5],[-55.21,-10.9],[-55.35,-10.31],[-55.71,-9.58],[-56.06,-8.86],[-56.41,-8.13],[-56.76,-7.41],[-57.1,-6.68],[-57.65,-6.03],[-58.2,-5.38],[-58.75,-4.73],[-59.3,-4.08],[-59.3,-4.08],[-58.82,-3.43],[-58.34,-2.79],[-57.86,-2.14],[-57.07,-2.74],[-56.29,-3.34],[-55.9,-2.85],[-55.51,-2.36],[-54.73,-2.91],[-53.94,-3.46],[-53.16,-4],[-52.63,-3.29],[-52.1,-2.59],[-51.57,-1.88],[-51.11,-2.26],[-50.65,-2.64],[-50.13,-2.08],[-49.61,-1.51],[-49.09,-0.95],[-48.57,-0.39],[-48.19,-0.73],[-47.81,-1.07],[-47.27,-0.52],[-46.73,0.04],[-46.19,0.59],[-45.65,1.14],[-45.26,0.76],[-44.78,1.26],[-44.3,1.77],[-43.82,2.28],[-43.25,1.69],[-42.68,1.1],[-42.1,1.75],[-41.51,2.39]]]}},{"type":"Feature","properties":{"ma":130,"type":"gpml:TopologicalClosedPlateBoundary","name":"South Africa","pid":701,"deforming":false},"geometry":{"type":"Polygon","coordinates":[[[49.3,-25.81],[49.3,-25.96],[48.82,-26.72],[48.33,-27.47],[47.84,-28.23],[47.34,-28.98],[46.83,-29.74],[46.31,-30.49],[45.24,-30.76],[44.16,-31.02],[43.08,-31.28],[43.2,-32.04],[43.33,-32.8],[43.45,-33.56],[43.58,-34.32],[42.55,-34.51],[41.53,-34.69],[40.6,-34.92],[40.69,-35.52],[39.63,-35.74],[39.76,-36.44],[38.58,-36.68],[38.6,-37.03],[37.66,-37.15],[36.72,-37.26],[36.64,-38.19],[36.55,-39.12],[36.47,-39.84],[36.38,-40.56],[36.29,-41.28],[36.29,-41.28],[35.07,-41.29],[33.85,-41.29],[32.63,-41.27],[31.55,-41.26],[31.47,-42.16],[31.38,-43.06],[31.29,-43.96],[31.2,-44.86],[29.86,-44.69],[28.52,-44.5],[28.42,-44.94],[27.81,-44.87],[27.64,-45.37],[26.41,-45.38],[25.19,-45.38],[23.96,-45.37],[23.66,-46.32],[23.36,-47.26],[23.04,-48.21],[22.71,-49.15],[22.36,-50.1],[22.01,-51.04],[21.63,-51.98],[21.25,-52.92],[20.84,-53.86],[20.42,-54.79],[19.97,-55.73],[19.61,-56.67],[19.22,-57.61],[18.81,-58.54],[18.38,-59.48],[17.93,-60.42],[17.45,-61.35],[16.93,-62.28],[16.93,-62.28],[15.36,-62.17],[14.95,-62.9],[14.51,-63.63],[12.77,-63.49],[11.05,-63.32],[9.35,-63.14],[8.94,-63.65],[8.53,-64.15],[6.97,-63.91],[5.44,-63.66],[4.67,-64.28],[3.87,-64.9],[3.03,-65.52],[1.19,-65.22],[-0.6,-64.9],[-2.35,-64.56],[-4.06,-64.2],[-5.72,-63.82],[-7.17,-64.49],[-8.69,-65.14],[-10.28,-65.78],[-12.03,-66.27],[-12.03,-66.27],[-11.64,-65.92],[-11.38,-65.42],[-11.13,-64.91],[-10.88,-64.02],[-10.88,-64.02],[-12.89,-64.2],[-14.93,-64.35],[-16.99,-64.47],[-18.96,-64.38],[-20.93,-64.27],[-22.87,-64.13],[-24.6,-63.95],[-26.3,-63.74],[-27.97,-63.52],[-29.87,-63.32],[-31.75,-63.09],[-33,-62.97],[-33,-62.97],[-32.97,-62.15],[-32.79,-61.49],[-32.63,-60.82],[-32.55,-60.23],[-32.48,-59.63],[-31.92,-59.07],[-31.38,-58.51],[-30.37,-57.74],[-29.4,-56.96],[-28.83,-56.39],[-28.29,-55.82],[-27.98,-55.26],[-27.68,-54.69],[-27.36,-53.77],[-27.05,-52.89],[-26.63,-52.4],[-26.22,-51.91],[-25.78,-51.4],[-25.35,-50.9],[-24.91,-50.42],[-24.48,-49.94],[-23.82,-49.07],[-23.39,-48.47],[-22.98,-47.86],[-22.73,-46.94],[-22.31,-46.12],[-22.09,-45.64],[-21.88,-45.16],[-21.6,-44.55],[-21.33,-43.93],[-20.77,-43.07],[-20.22,-42.69],[-19.67,-42.32],[-18.99,-41.91],[-18.32,-41.5],[-17.73,-41.17],[-17.15,-40.83],[-16,-40.37],[-15.38,-40.21],[-14.75,-40.04],[-13.8,-39.57],[-13.34,-39.15],[-12.88,-38.72],[-12.47,-38.13],[-12.25,-37.28],[-12.11,-36.29],[-11.89,-35.47],[-11.51,-34.71],[-11.17,-33.89],[-11.12,-33.39],[-11.08,-32.89],[-11.11,-32.01],[-11.48,-31.35],[-11.53,-30.79],[-11.58,-30.24],[-11.36,-29.72],[-11.14,-29.2],[-10.67,-28.44],[-10.36,-27.48],[-10.22,-26.98],[-10.09,-26.48],[-9.5,-25.95],[-8.91,-25.42],[-8.33,-24.9],[-8.04,-24.34],[-7.74,-23.78],[-7.73,-23.59],[-7.73,-23.59],[-6.75,-23.54],[-5.78,-23.5],[-4.8,-23.44],[-4.08,-23.68],[-3.36,-23.92],[-2.53,-24.05],[-1.69,-24.19],[-0.97,-24.07],[-0.26,-23.96],[0.64,-24.04],[1.54,-24.13],[2.26,-24.24],[2.99,-24.36],[4.04,-24.49],[5.09,-24.62],[6.15,-24.74],[7.01,-24.72],[7.88,-24.7],[8.74,-24.67],[9.61,-24.98],[10.49,-25.28],[11.04,-26.04],[11.59,-26.8],[12.16,-27.56],[12.73,-28.32],[12.86,-29],[13.31,-29.32],[13.77,-29.64],[13.68,-30.55],[14.35,-31.29],[15.03,-32.03],[15.73,-32.33],[16.44,-32.62],[17.16,-32.92],[18.06,-33.33],[18.97,-33.73],[19.89,-34.13],[20.84,-33.98],[21.79,-33.83],[22.62,-33.21],[23.43,-32.6],[24.23,-31.97],[25.02,-31.53],[25.81,-31.09],[26.46,-30.74],[27.1,-30.38],[28.03,-30.28],[28.96,-30.18],[29.89,-30.06],[30.93,-29.98],[31.96,-29.89],[32.99,-29.79],[34.02,-29.65],[35.04,-29.5],[36.06,-29.35],[37.01,-29.13],[37.96,-28.91],[38.9,-28.68],[38.9,-28.68],[39.43,-28.08],[39.98,-27.65],[40.51,-27.23],[40.51,-27.23],[41.46,-27.09],[42.41,-26.94],[43.35,-26.79],[44.29,-26.63],[45.29,-26.48],[46.29,-26.33],[47.28,-26.16],[48.27,-25.99],[49.3,-25.81]]]}},{"type":"Feature","properties":{"ma":130,"type":"gpml:TopologicalClosedPlateBoundary","name":"Indian Plate","pid":501,"deforming":false},"geometry":{"type":"Polygon","coordinates":[[[25.72,-61.71],[26.58,-61.19],[27.1,-60.48],[27.59,-59.76],[28.4,-59.05],[29.18,-58.33],[29.87,-57.8],[30.53,-57.25],[31.17,-56.64],[31.78,-56.03],[32.24,-55.42],[32.68,-54.82],[33.1,-54.22],[33.51,-53.62],[34.01,-52.89],[34.49,-52.15],[34.88,-51.52],[34.96,-50.99],[35.04,-50.45],[35.12,-49.9],[35.2,-49.34],[35.33,-48.44],[35.45,-47.53],[35.56,-46.61],[35.68,-45.69],[35.84,-45.04],[36,-44.39],[36.19,-43.53],[36.38,-42.66],[36.57,-41.79],[36.79,-40.82],[37.01,-39.84],[37.22,-38.87],[37.32,-38.02],[37.42,-37.17],[37.42,-37.17],[38.6,-37.03],[38.58,-36.68],[39.76,-36.44],[39.63,-35.74],[40.69,-35.52],[40.6,-34.92],[41.53,-34.69],[42.55,-34.51],[43.58,-34.32],[43.45,-33.56],[43.33,-32.8],[43.2,-32.04],[43.08,-31.28],[44.16,-31.02],[45.24,-30.76],[46.31,-30.49],[46.83,-29.74],[47.34,-28.98],[47.84,-28.23],[48.33,-27.47],[48.82,-26.72],[49.3,-25.96],[49.34,-25.07],[49.38,-24.19],[49.42,-23.31],[50.42,-23.42],[51.41,-23.52],[52.41,-23.61],[52.49,-22.82],[52.57,-22.03],[52.57,-22.03],[53.31,-22.68],[54.06,-23.32],[54.82,-23.96],[55.58,-24.59],[56.35,-25.22],[57.13,-25.85],[57.92,-26.47],[58.72,-27.09],[59.52,-27.7],[60.34,-28.31],[61.16,-28.92],[61.99,-29.52],[62.5,-28.98],[63.01,-28.45],[63.77,-29.11],[64.54,-29.77],[65.32,-30.43],[66.11,-31.08],[66.92,-31.73],[67.73,-32.37],[68.56,-33.01],[69.4,-33.64],[70.25,-34.26],[71.11,-34.88],[71.98,-35.5],[72.87,-36.1],[73.75,-36.69],[74.64,-37.27],[75.55,-37.84],[76.46,-38.4],[77.4,-38.96],[78.34,-39.51],[79.2,-38.9],[80.05,-38.28],[80.88,-37.66],[81.7,-37.03],[82.5,-36.39],[83.29,-35.75],[84.07,-35.11],[84.84,-34.46],[85.59,-34.99],[86.36,-35.51],[87.14,-36.03],[87.92,-36.55],[88.72,-37.06],[88.87,-37.15],[88.87,-37.15],[87.91,-37.5],[86.95,-37.84],[85.98,-38.17],[85.35,-38.95],[84.71,-39.72],[84.06,-40.49],[83.4,-41.26],[82.71,-42.03],[82.01,-42.78],[81.3,-43.54],[80.95,-44.36],[80.59,-45.17],[80.23,-45.99],[79.85,-46.8],[79.63,-47.36],[79.63,-47.36],[79.02,-47.32],[79.02,-47.32],[78.92,-47.43],[78.54,-47.99],[78.24,-48.78],[78.06,-49.39],[77.88,-50],[77.48,-50.9],[77.6,-51.57],[77.73,-52.23],[76.55,-52.77],[75.35,-53.3],[73.92,-53.8],[72.46,-54.29],[71.28,-54.74],[70.07,-55.19],[68.89,-55.68],[67.68,-56.16],[66.72,-56.58],[65.74,-56.99],[64.74,-57.39],[63.43,-57.41],[62.12,-57.42],[61.13,-57.22],[60.16,-57.02],[58.96,-57.1],[57.76,-57.18],[56.37,-57.53],[54.94,-57.86],[53.72,-58.07],[52.48,-58.27],[51.35,-58.41],[50.21,-58.54],[48.74,-58.58],[47.27,-58.6],[46.06,-58.41],[44.87,-58.2],[43.51,-58.21],[42.16,-58.21],[41.08,-58.63],[39.97,-59.04],[38.96,-59.53],[37.92,-60.01],[36.6,-60.26],[35.26,-60.49],[34.02,-60.78],[32.76,-61.06],[31.54,-61.2],[30.32,-61.33],[29.19,-61.42],[28.06,-61.49],[28.02,-61.59],[26.87,-61.65],[25.72,-61.71]]]}},{"type":"Feature","properties":{"ma":130,"type":"gpml:TopologicalClosedPlateBoundary","name":"Challenger Plate","pid":806,"deforming":false},"geometry":{"type":"MultiPolygon","coordinates":[[[[180,-69.9],[180,-70.74],[180,-71.57],[180,-72.41],[180,-73.24],[180,-74.08],[177.31,-74.41],[174.51,-74.7],[171.24,-75.09],[167.82,-75.42],[164.86,-75.48],[161.68,-75.38],[159.53,-75.22],[157.43,-75.04],[156.65,-74.68],[156.65,-74.68],[156.65,-74.68],[155.68,-74.2],[154.77,-73.72],[153.67,-73.44],[153.67,-73.44],[153.03,-73.84],[150.78,-74.4],[150.78,-74.4],[150.62,-74.37],[149,-74.18],[146.01,-74.53],[144.96,-74.06],[143.97,-73.58],[144.73,-73.04],[145.45,-72.49],[145.68,-72.38],[146.34,-72.05],[146.34,-72.05],[146.17,-71.87],[145.53,-71.51],[144.77,-71.18],[144.77,-71.18],[144.74,-71.19],[144.74,-71.19],[146.36,-70.75],[147.76,-70.34],[149.18,-69.9],[150.71,-69.39],[151.12,-69.19],[151.72,-68.7],[150.59,-68.32],[152.71,-67.79],[154.73,-67.24],[156.66,-66.66],[158.5,-66.06],[160.27,-65.79],[162,-65.51],[163.38,-65.52],[164.75,-65.52],[164.75,-65.52],[165.02,-65.56],[166.35,-66],[167.07,-66.42],[167.96,-66.8],[168.88,-67.18],[170.88,-67.62],[172.22,-67.8],[173.58,-67.96],[175.43,-68.39],[177.36,-68.79],[177.36,-68.79],[175.73,-68.45],[175.73,-68.45],[177.02,-68.61],[178.48,-68.86],[180,-69.07],[180,-69.9]]],[[[-180,-73.24],[-180,-72.41],[-180,-71.57],[-180,-70.74],[-180,-69.9],[-180,-69.07],[-177.7,-69.35],[-175.38,-69.58],[-173.01,-69.77],[-170.59,-69.94],[-167.84,-70.09],[-165.06,-70.19],[-162.6,-70.35],[-160.1,-70.48],[-157.71,-70.58],[-155.3,-70.65],[-152.87,-70.68],[-152.34,-70.7],[-152.34,-70.7],[-150.25,-71],[-148.09,-71.28],[-148.09,-71.28],[-150.5,-71.44],[-152.94,-71.57],[-155.41,-71.67],[-157.9,-71.74],[-160.73,-71.96],[-163.63,-72.15],[-166.57,-72.28],[-169.41,-72.53],[-172.31,-72.73],[-175.03,-73.28],[-177.93,-73.79],[-180,-74.08],[-180,-73.24]]]]}},{"type":"Feature","properties":{"ma":130,"type":"gpml:TopologicalClosedPlateBoundary","name":"North Slope Microplate of AACM GS","pid":18150,"deforming":false},"geometry":{"type":"Polygon","coordinates":[[[-56.22,70.75],[-55.32,71.25],[-54.36,71.75],[-52.72,72.43],[-50.94,73.1],[-49.12,73.66],[-47.18,74.2],[-47.18,74.2],[-47.61,73.69],[-48.34,73],[-49.02,72.31],[-49.64,71.61],[-49.64,71.61],[-49.1,71.11],[-48.59,70.61],[-47.64,69.95],[-46.75,69.29],[-46.19,68.75],[-45.66,68.22],[-44.62,67.76],[-43.62,67.29],[-42.03,67.2],[-39.68,67.39],[-37.29,67.54],[-35.44,67.79],[-33.55,68.01],[-33.55,68.01],[-33.64,67.97],[-34.3,67.63],[-35.01,67.42],[-36.16,66.92],[-36.66,66.61],[-37.22,66.19],[-37.52,65.23],[-37.87,64.61],[-38.21,63.99],[-38.65,63.58],[-38.77,63.31],[-38.91,62.5],[-38.94,62.24],[-39.43,61.41],[-39.38,60.83],[-39.46,60.68],[-39.69,60.24],[-39.68,60.23],[-39.68,60.23],[-40.84,60.48],[-42.01,60.72],[-43.46,60.96],[-43.46,60.96],[-44.19,61.7],[-44.96,62.44],[-45.76,63.17],[-46.61,63.89],[-47.62,64.56],[-48.69,65.22],[-50.56,65.71],[-52.5,66.18],[-53.35,66.88],[-54.25,67.58],[-55.2,68.27],[-55.52,69.09],[-55.86,69.92],[-56.22,70.75]]]}},{"type":"Feature","properties":{"ma":130,"type":"gpml:TopologicalClosedPlateBoundary","name":"Pacific Plate AT","pid":901,"deforming":false},"geometry":{"type":"MultiPolygon","coordinates":[[[[180,-0.63],[180,-1.6],[180,-2.57],[180,-3.54],[180,-4.51],[180,-5.48],[180,-6.45],[180,-7.42],[180,-8.39],[180,-9.36],[180,-10.33],[180,-11.3],[180,-12.27],[180,-13.24],[180,-14.21],[180,-15.18],[180,-16.15],[180,-17.12],[180,-18.09],[180,-19.06],[180,-20.03],[180,-21],[180,-21.97],[180,-22.94],[180,-23.91],[180,-24.88],[180,-25.85],[180,-26.82],[180,-27.79],[180,-28.76],[178.93,-28.61],[177.87,-28.45],[176.81,-28.27],[175.75,-28.1],[174.7,-27.91],[173.65,-27.71],[172.61,-27.51],[171.57,-27.3],[170.53,-27.08],[169.5,-26.86],[168.47,-26.62],[167.44,-26.38],[166.42,-26.14],[165.4,-25.88],[164.39,-25.62],[164.65,-24.99],[164.9,-24.37],[163.85,-24.11],[162.81,-23.84],[161.77,-23.56],[160.73,-23.28],[159.7,-22.99],[159.95,-22.12],[160.19,-21.25],[160.44,-20.38],[160.68,-19.51],[160.92,-18.65],[161.15,-17.78],[161.39,-16.91],[161.62,-16.04],[161.85,-15.17],[160.94,-15.06],[160.02,-14.95],[159.12,-14.66],[159.12,-14.66],[160.08,-14.65],[160.08,-14.65],[160.08,-14.65],[160.14,-14.36],[160.18,-13.4],[160.21,-12.45],[160.25,-11.5],[160.28,-10.54],[160.32,-9.59],[160.35,-8.64],[160.39,-7.68],[160.42,-6.73],[160.46,-5.77],[161.41,-5.72],[162.36,-5.67],[163.31,-5.61],[164.26,-5.55],[165.21,-5.49],[166.16,-5.43],[167.11,-5.37],[168.06,-5.3],[169.01,-5.24],[169.96,-5.17],[170.91,-5.1],[170.86,-4.22],[170.81,-3.34],[170.76,-2.46],[170.71,-1.58],[170.66,-0.7],[171.6,-0.6],[172.53,-0.49],[173.46,-0.39],[174.4,-0.28],[175.33,-0.18],[176.26,-0.07],[177.2,0.03],[178.13,0.13],[179.07,0.24],[180,0.34],[180,-0.63]]],[[[-180,-27.79],[-180,-26.82],[-180,-25.85],[-180,-24.88],[-180,-23.91],[-180,-22.94],[-180,-21.97],[-180,-21],[-180,-20.03],[-180,-19.06],[-180,-18.09],[-180,-17.12],[-180,-16.15],[-180,-15.18],[-180,-14.21],[-180,-13.24],[-180,-12.27],[-180,-11.3],[-180,-10.33],[-180,-9.36],[-180,-8.39],[-180,-7.42],[-180,-6.45],[-180,-5.48],[-180,-4.51],[-180,-3.54],[-180,-2.57],[-180,-1.6],[-180,-0.63],[-180,0.34],[-179.1,0.44],[-178.2,0.54],[-177.3,0.64],[-177.37,1.54],[-177.44,2.43],[-176.52,2.53],[-175.6,2.63],[-174.68,2.73],[-173.75,2.83],[-172.83,2.93],[-171.91,3.02],[-170.99,3.12],[-170.06,3.22],[-169.14,3.31],[-168.22,3.41],[-167.29,3.5],[-166.37,3.59],[-165.44,3.68],[-165.53,4.64],[-165.62,5.6],[-165.71,6.56],[-165.8,7.52],[-165.8,7.52],[-165.8,7.52],[-164.84,7.64],[-163.87,7.75],[-163.02,7.85],[-162.16,7.95],[-162.23,8.53],[-162.3,9.11],[-162.37,9.78],[-162.45,10.46],[-162.52,11.14],[-162.6,11.98],[-162.67,12.83],[-161.87,12.92],[-161.07,13.01],[-160.27,13.1],[-159.47,13.19],[-159.47,13.19],[-159.47,13.19],[-159.52,14.09],[-159.58,14.98],[-159.61,15.58],[-159.65,16.18],[-159.71,17.18],[-159.74,17.69],[-159.77,18.2],[-159.77,18.2],[-158.93,18.24],[-158.08,18.27],[-157.68,18.36],[-157.53,18.36],[-157.27,18.42],[-157.28,18.49],[-156.92,18.57],[-156.79,18.65],[-156.72,18.68],[-156.63,18.72],[-156.53,18.73],[-155.84,18.76],[-155.15,18.78],[-155.09,18.75],[-154.61,18.81],[-154.49,18.79],[-153.9,18.83],[-153.31,18.87],[-153.27,18.14],[-153.22,17.42],[-153.1,16.93],[-152.99,16.44],[-152.75,16.46],[-152.73,15.97],[-152.2,16.05],[-151.67,16.12],[-151.22,16.11],[-150.65,16.18],[-150.62,15.67],[-149.84,15.73],[-149.06,15.79],[-148.29,15.84],[-147.34,15.93],[-146.43,15.99],[-145.61,16.05],[-144.79,16.12],[-144.09,16.17],[-143.39,16.22],[-143.36,16.1],[-142.46,16.21],[-142.24,15.75],[-142,15.63],[-141.82,15.61],[-141.74,15.38],[-141.65,15.31],[-141.5,15],[-141.37,15.05],[-141.23,14.71],[-140.93,14.73],[-140.68,14.17],[-140.43,13.61],[-141.39,13.29],[-142.35,12.96],[-142.25,12.46],[-142.13,12.4],[-141.92,12.14],[-141.92,12.07],[-141.58,11.53],[-141.92,11.4],[-141.66,10.94],[-141.69,10.74],[-141.45,10.43],[-141.18,9.88],[-141.82,9.64],[-141.57,9.19],[-141.29,8.74],[-140.97,8.34],[-140.65,7.94],[-140.48,7.47],[-140.07,6.79],[-139.72,6.1],[-139.37,5.73],[-139.11,5.34],[-138.98,5.4],[-138.6,4.81],[-138.23,4.21],[-137.85,3.62],[-137.55,3.9],[-136.98,4.12],[-136.81,4.15],[-136.18,4.48],[-135.56,4.8],[-135.11,4.16],[-134.9,3.95],[-134.41,4.18],[-134.32,4.08],[-133.95,3.22],[-133.58,2.37],[-133.21,1.65],[-132.83,0.93],[-132.42,0.59],[-132,0.25],[-131.61,-0.42],[-131.21,-1.08],[-130.81,-1.75],[-130.41,-2.41],[-130.75,-2.55],[-130.54,-3.18],[-130.54,-3.19],[-130.54,-3.19],[-130.54,-3.19],[-131.44,-3.58],[-132.35,-3.98],[-133.25,-4.37],[-133.9,-4.78],[-134.54,-5.19],[-134.14,-5.83],[-133.74,-6.46],[-133.33,-7.09],[-133.81,-7.3],[-133.27,-8.02],[-132.73,-8.73],[-133.28,-8.98],[-132.72,-9.76],[-132.16,-10.53],[-131.59,-11.31],[-131.02,-12.09],[-130.35,-11.78],[-129.68,-11.47],[-128.89,-11.23],[-128.26,-11.03],[-127.44,-11.02],[-126.82,-11.55],[-126.2,-12.09],[-125.58,-12.62],[-124.95,-13.15],[-124.32,-13.68],[-124.21,-13.58],[-123.55,-14.18],[-123.3,-13.97],[-122.69,-14.53],[-123.45,-15.16],[-122.75,-15.84],[-122.05,-16.51],[-121.34,-17.19],[-120.62,-17.86],[-119.9,-18.53],[-119.18,-19.19],[-118.44,-19.85],[-117.71,-20.51],[-117.34,-20.85],[-117.34,-20.85],[-117.76,-20.9],[-118.7,-21.09],[-119.64,-21.29],[-120.58,-21.47],[-121.53,-21.65],[-122.47,-21.83],[-123.42,-22],[-123.55,-21.56],[-124.55,-21.71],[-125.55,-21.86],[-126.55,-22],[-126.6,-21.86],[-127.5,-21.96],[-128.4,-22.06],[-129.3,-22.16],[-130.2,-22.25],[-131.1,-22.33],[-131.16,-21.94],[-131.92,-22.01],[-132.68,-22.08],[-132.66,-22.73],[-132.64,-23.37],[-133.57,-23.53],[-134.51,-23.68],[-135.45,-23.82],[-136.39,-23.96],[-136.21,-24.92],[-136.02,-25.87],[-135.83,-26.83],[-135.63,-27.78],[-136.72,-27.98],[-137.81,-28.17],[-138.91,-28.35],[-138.79,-29.02],[-138.66,-29.7],[-139.59,-29.85],[-140.51,-30],[-140.4,-30.61],[-140.29,-31.22],[-141.08,-31.35],[-141.88,-31.46],[-142.67,-31.57],[-142.8,-30.75],[-142.92,-29.92],[-143.04,-29.09],[-143.16,-28.27],[-144.25,-28.43],[-145.34,-28.58],[-146.43,-28.72],[-147.53,-28.86],[-148.63,-28.99],[-149.73,-29.1],[-150.84,-29.21],[-151.94,-29.31],[-153.07,-29.39],[-154.19,-29.45],[-155.32,-29.51],[-156.45,-29.55],[-157.57,-29.59],[-158.7,-29.62],[-158.67,-29.03],[-159.79,-29.02],[-160.92,-29.01],[-162.04,-28.98],[-163.16,-28.95],[-164.28,-28.91],[-165.4,-28.86],[-166.51,-28.8],[-167.63,-28.73],[-168.74,-28.65],[-169.86,-28.56],[-170.97,-28.46],[-172.08,-28.36],[-173.18,-28.24],[-173.3,-28.88],[-173.42,-29.52],[-174.52,-29.41],[-175.62,-29.3],[-176.72,-29.18],[-177.82,-29.05],[-178.91,-28.91],[-180,-28.76],[-180,-27.79]]]]}},{"type":"Feature","properties":{"ma":130,"type":"gpml:TopologicalClosedPlateBoundary","name":"Kohistan back-arc basin 155-126 Ma","pid":528,"deforming":false},"geometry":{"type":"Polygon","coordinates":[[[90.94,10.24],[90.19,10.18],[89.23,10.16],[88.27,10.13],[87.31,10.1],[87.32,9.59],[87.33,9.08],[86.35,9.03],[85.38,8.99],[84.41,8.94],[83.44,8.89],[82.47,8.84],[82.42,8.32],[82.37,7.8],[82.37,7.8],[82,7.77],[81.07,7.69],[80.14,7.61],[79.2,7.52],[78.27,7.43],[77.34,7.34],[76.41,7.25],[76.34,7.91],[75.45,7.85],[74.56,7.78],[74.45,8.61],[73.63,8.53],[72.82,8.46],[72.74,9.04],[72.67,9.63],[71.68,9.59],[70.69,9.56],[69.7,9.52],[69.65,10.05],[69.59,10.58],[68.8,10.56],[68.02,10.53],[67.23,10.5],[67.23,10.5],[67.56,11.45],[67.88,12.39],[68.21,13.33],[68.54,14.27],[68.87,15.21],[69.21,16.16],[69.54,17.1],[69.89,18.04],[70.23,18.97],[70.58,19.91],[70.61,20.4],[70.61,20.4],[70.72,20.38],[71.77,20.23],[72.81,20.08],[73.85,19.93],[74.88,19.78],[75.9,19.62],[76.93,19.46],[77.95,19.29],[78.97,19.12],[79.99,18.94],[81,18.76],[82.02,18.57],[82.24,19.04],[82.47,19.51],[83.19,19.42],[83.9,19.33],[84.62,19.23],[85.3,19.17],[85.99,19.11],[86.34,19.8],[86.71,20.49],[87.72,20.41],[88.73,20.33],[89.74,20.25],[90.75,20.15],[91.76,20.06],[92.76,19.95],[92.76,19.95],[92.59,19.04],[92.41,18.12],[92.23,17.21],[92.06,16.29],[91.89,15.38],[91.72,14.46],[91.71,13.63],[91.7,12.8],[91.7,11.96],[91.69,11.13],[91.69,10.3],[90.94,10.24]]]}},{"type":"Feature","properties":{"ma":130,"type":"gpml:TopologicalClosedPlateBoundary","name":"Woyla back-arc","pid":787,"deforming":false},"geometry":{"type":"Polygon","coordinates":[[[92.43,18.25],[92.59,19.06],[92.75,19.87],[92.91,20.68],[92.91,20.68],[93.15,20.65],[94.15,20.45],[95.14,20.25],[95.94,20.12],[96.73,19.99],[97.52,19.86],[98.18,19.8],[98.85,19.75],[99.14,18.82],[99.69,18.95],[100.25,19.08],[100.43,18.51],[100.61,17.94],[101.62,18.18],[101.88,17.4],[102.15,16.62],[102.74,16.79],[103.34,16.95],[103.48,16.45],[103.62,15.95],[104.29,16.15],[104.97,16.35],[105.18,15.61],[105.4,14.87],[106.11,15.09],[106.82,15.3],[107.54,15.51],[107.54,15.51],[108.37,15.29],[109.2,15.07],[110.02,14.85],[110.85,14.63],[110.99,15.06],[111.92,14.82],[112.86,14.58],[113.79,14.34],[114.73,14.09],[115.66,13.84],[115.77,14.17],[116.69,14],[117.62,13.83],[118.54,13.66],[119.46,13.49],[120.38,13.31],[121.3,13.12],[122.22,12.94],[123.13,12.75],[124.05,12.56],[124.5,12.45],[124.5,12.45],[124.19,11.95],[123.88,11.44],[123.52,10.77],[123.17,10.09],[122.81,9.41],[122.46,8.73],[122.03,8.11],[121.6,7.48],[121.18,6.86],[121.18,6.86],[121.06,6.88],[120.32,7.33],[119.59,7.77],[118.85,8.21],[118.11,8.66],[117.37,9.1],[116.62,9.53],[115.68,9.75],[114.74,9.96],[113.79,10.16],[112.85,10.37],[111.9,10.57],[111.01,10.79],[110.11,11.01],[109.21,11.23],[108.3,11.45],[107.4,11.66],[106.5,11.87],[105.59,12.08],[104.68,12.51],[103.78,12.94],[102.86,13.37],[101.95,13.8],[101.03,14.22],[100.26,14.7],[99.48,15.18],[98.69,15.65],[97.91,16.12],[97.12,16.59],[96.32,16.9],[95.51,17.22],[94.75,17.48],[93.98,17.74],[93.21,17.99],[92.43,18.25]]]}},{"type":"Feature","properties":{"ma":130,"type":"gpml:TopologicalClosedPlateBoundary","name":"Iberia","pid":304,"deforming":false},"geometry":{"type":"Polygon","coordinates":[[[-2.4,10.42],[-3.3,10.76],[-4.2,11.09],[-5.11,11.41],[-6.01,11.74],[-6.92,12.06],[-6.92,12.06],[-6.92,12.06],[-6.73,12.27],[-6.63,12.37],[-6.42,12.58],[-6.24,12.76],[-6.03,12.98],[-5.87,13.14],[-5.65,13.37],[-5.43,13.59],[-5.23,13.94],[-5.16,14.34],[-5.1,14.67],[-4.99,14.92],[-4.64,15.36],[-4.26,15.67],[-4.07,15.9],[-3.84,16.29],[-3.71,16.49],[-3.58,16.83],[-3.45,17.14],[-3.29,17.43],[-3.18,17.7],[-3.1,17.96],[-3.03,18.17],[-2.98,18.31],[-2.87,18.44],[-2.79,18.6],[-2.79,18.6],[-2.71,18.44],[-2.43,18.22],[-2.06,18.11],[-1.77,18.13],[-1.42,17.99],[-1.25,17.92],[-1.07,17.86],[-0.66,17.82],[-0.46,17.8],[-0.19,17.72],[-0.01,17.67],[0.31,17.57],[0.58,17.49],[1.22,17.25],[1.86,17.07],[2.56,16.63],[3.22,15.91],[3.94,15.49],[4.27,15.26],[4.27,15.26],[4.49,15.58],[4.87,16.03],[4.87,16.03],[5.49,15.79],[5.53,15.85],[5.53,15.85],[5.5,15.07],[5.47,14.3],[5.44,13.53],[5.63,12.76],[5.81,11.99],[6,11.22],[6,11.22],[5.1,10.93],[4.2,10.63],[3.31,10.32],[2.41,10.02],[1.52,9.71],[0.64,9.4],[-0.25,9.09],[-0.25,9.09],[-0.97,9.54],[-1.68,9.98],[-2.4,10.42]]]}},{"type":"Feature","properties":{"ma":130,"type":"gpml:TopologicalClosedPlateBoundary","name":"Meso Tethys AT","pid":530,"deforming":false},"geometry":{"type":"Polygon","coordinates":[[[40.3,18.85],[40.53,19.63],[40.76,20.42],[40.99,21.21],[41.22,22],[41.46,22.78],[41.47,22.84],[41.47,22.84],[41.74,22.72],[42.26,22.47],[42.78,22.22],[43.4,22.03],[44.01,21.83],[44.85,21.56],[45.68,21.28],[46.54,21.14],[47.4,21.01],[48.17,20.96],[48.95,20.91],[49.72,20.85],[50.75,20.65],[51.77,20.44],[52.79,20.22],[53.75,19.95],[54.71,19.67],[55.31,19.17],[55.9,18.66],[56.47,18.22],[57.04,17.77],[57.61,17.31],[58.21,17.08],[58.81,16.84],[59.57,16.61],[60.32,16.38],[61.09,16.12],[61.85,15.85],[62.54,15.69],[63.23,15.53],[63.92,15.37],[64.94,15.43],[65.95,15.48],[66.97,15.52],[67.99,15.56],[69.01,15.6],[69.01,15.6],[68.72,14.8],[68.44,14],[68.16,13.2],[67.88,12.4],[67.88,12.4],[66.93,12.73],[65.97,13.05],[65.02,13.37],[64.05,13.69],[63.09,14.01],[62.16,14.34],[61.22,14.68],[60.28,15],[59.33,15.33],[58.39,15.65],[57.44,15.96],[56.49,16.28],[55.53,16.58],[54.57,16.89],[53.61,17.18],[52.65,17.48],[51.68,17.77],[50.71,18.05],[49.73,18.33],[48.76,18.61],[47.78,18.88],[47.53,18.24],[47.29,17.6],[47.05,16.96],[46.1,17.24],[45.14,17.52],[44.18,17.8],[43.21,18.07],[42.25,18.33],[41.27,18.59],[40.3,18.85]]]}},{"type":"Feature","properties":{"ma":130,"type":"gpml:TopologicalClosedPlateBoundary","name":"NE Siberia","pid":409,"deforming":false},"geometry":{"type":"Polygon","coordinates":[[[-180,89.25],[-180,90],[180,90],[180,89.25],[180,88.49],[151.59,88.28],[132.9,87.76],[121.9,87.11],[115.13,86.38],[109.01,85.85],[104.33,85.28],[100.67,84.68],[100.67,84.68],[90.1,84.79],[79.46,84.71],[69.44,84.47],[65.61,83.8],[62.54,83.11],[60.03,82.4],[57.95,81.68],[55.88,80.76],[54.18,79.82],[50.19,79.31],[46.58,78.75],[43.32,78.15],[40.38,77.52],[36.63,77.04],[33.17,76.51],[29.97,75.94],[27.06,75.67],[24.27,75.36],[21.59,75.02],[19.04,74.66],[19.04,74.66],[18.78,75.51],[18.5,76.36],[18.18,77.21],[17.67,77.87],[17.12,78.54],[16.49,79.2],[13.44,79.37],[10.3,79.51],[7.55,79.62],[4.75,79.71],[2.05,80.01],[-0.8,80.28],[-3.2,80.89],[-5.93,81.47],[-9.04,82.03],[-12.28,82.39],[-15.83,82.71],[-22.75,83.11],[-30.4,83.4],[-30.43,83.41],[-30.43,83.41],[-30.43,83.41],[-36.45,83.21],[-42.08,82.95],[-48.96,82.63],[-51.39,82.21],[-53.96,81.9],[-58.1,81.39],[-62.77,80.75],[-63.46,80.1],[-64.07,79.45],[-64.43,78.8],[-64.45,78.75],[-66.19,79.36],[-68.13,79.96],[-70.32,80.55],[-72.25,81.45],[-74.63,82.33],[-77.63,83.2],[-81.48,84.05],[-86.58,84.86],[-90.72,85.66],[-96.67,86.43],[-105.71,87.14],[-120.02,87.73],[-141.86,88.1],[-158.64,88.39],[-180,88.49],[-180,89.25]]]}},{"type":"Feature","properties":{"ma":130,"type":"gpml:TopologicalClosedPlateBoundary","name":"Chortis","pid":2035,"deforming":false},"geometry":{"type":"Polygon","coordinates":[[[-62.93,-0.74],[-62.74,0.03],[-62.55,0.81],[-62.58,1.65],[-62.61,2.48],[-62.64,3.32],[-62.62,4.2],[-62.6,5.09],[-62.58,5.98],[-62.56,6.86],[-62.51,7.58],[-62.47,8.3],[-62.47,8.3],[-62.35,8.15],[-61.93,7.42],[-61.51,6.7],[-61.09,5.97],[-60.42,5.46],[-59.76,4.95],[-59.1,4.44],[-58.43,3.93],[-57.77,3.42],[-56.93,2.99],[-56.09,2.57],[-55.25,2.14],[-55.01,2.03],[-55.01,2.03],[-54.66,1.23],[-54.31,0.42],[-53.7,-0.28],[-53.1,-0.98],[-52.49,-1.68],[-51.81,-2.19],[-51.81,-2.19],[-52.26,-2.8],[-52.71,-3.4],[-53.16,-4],[-53.94,-3.46],[-54.73,-2.91],[-55.51,-2.36],[-55.9,-2.85],[-56.29,-3.34],[-57.07,-2.74],[-57.86,-2.14],[-58.34,-2.79],[-58.82,-3.43],[-59.3,-4.08],[-59.3,-4.08],[-59.83,-3.45],[-60.54,-2.82],[-61.25,-2.19],[-61.96,-1.56],[-62.67,-0.93],[-62.93,-0.74]]]}},{"type":"Feature","properties":{"ma":130,"type":"gpml:TopologicalClosedPlateBoundary","name":"Kohistan back-arc basin 155-126 Ma","pid":529,"deforming":false},"geometry":{"type":"Polygon","coordinates":[[[63.96,2.09],[64.3,2.93],[64.65,3.77],[64.99,4.61],[65.34,5.45],[65.68,6.29],[66.03,7.13],[66.38,7.97],[66.66,8.82],[66.95,9.66],[67.23,10.5],[67.23,10.5],[68.02,10.53],[68.8,10.56],[69.59,10.58],[69.65,10.05],[69.7,9.52],[70.69,9.56],[71.68,9.59],[72.67,9.63],[72.74,9.04],[72.82,8.46],[73.63,8.53],[74.45,8.61],[74.56,7.78],[75.45,7.85],[76.34,7.91],[76.41,7.25],[77.34,7.34],[78.27,7.43],[79.2,7.52],[80.14,7.61],[81.07,7.69],[82,7.77],[82.37,7.8],[82.37,7.8],[82.42,8.32],[82.47,8.84],[83.44,8.89],[84.41,8.94],[85.38,8.99],[86.35,9.03],[87.33,9.08],[87.32,9.59],[87.31,10.1],[88.27,10.13],[89.23,10.16],[90.19,10.18],[90.94,10.24],[91.69,10.3],[91.69,10.3],[91.68,9.87],[91.6,8.93],[91.51,7.98],[91.43,7.04],[91.34,6.09],[91.26,5.14],[91.17,4.2],[91.09,3.25],[91.09,3.25],[90.45,2.88],[89.81,2.5],[89.17,2.12],[88.43,1.8],[87.69,1.47],[86.94,1.14],[86.07,0.91],[85.2,0.68],[84.33,0.44],[83.46,0.21],[82.59,-0.02],[81.66,-0.16],[80.72,-0.3],[79.79,-0.44],[78.86,-0.58],[77.92,-0.72],[76.99,-0.86],[75.99,-0.81],[74.99,-0.76],[74,-0.7],[73,-0.65],[72.04,-0.53],[71.07,-0.42],[70.11,-0.3],[69.14,-0.19],[68.28,-0.01],[67.41,0.17],[66.54,0.34],[65.71,0.6],[64.87,0.85],[64.04,1.1],[63.62,1.25],[63.96,2.09]]]}},{"type":"Feature","properties":{"ma":130,"type":"gpml:TopologicalClosedPlateBoundary","name":"QT back-arc eastern flank","pid":2061,"deforming":false},"geometry":{"type":"Polygon","coordinates":[[[-67.14,1.92],[-66.48,1.57],[-65.83,1.22],[-65.17,0.87],[-64.54,0.42],[-63.92,-0.03],[-63.29,-0.48],[-62.67,-0.93],[-61.96,-1.56],[-61.25,-2.19],[-60.54,-2.82],[-59.83,-3.45],[-59.29,-4.09],[-58.74,-4.74],[-58.2,-5.39],[-57.65,-6.04],[-57.1,-6.68],[-56.76,-7.41],[-56.41,-8.13],[-56.06,-8.86],[-55.71,-9.58],[-55.35,-10.31],[-55.21,-10.9],[-55.06,-11.5],[-54.88,-12.04],[-54.7,-12.59],[-54.69,-12.68],[-54.69,-12.68],[-55.17,-13.39],[-55.65,-14.1],[-56.13,-14.81],[-56.27,-15.79],[-56.42,-16.78],[-56.56,-17.76],[-56.96,-18.34],[-57.36,-18.91],[-57.76,-19.48],[-57.96,-20.14],[-58.17,-20.8],[-58.37,-21.45],[-58.4,-21.54],[-58.4,-21.54],[-58.3,-22.1],[-58.19,-22.67],[-58.19,-22.67],[-58.28,-22.68],[-59,-22.79],[-59.72,-22.89],[-60.7,-22.97],[-60.7,-22.97],[-60.8,-22.18],[-61.37,-22.23],[-61.95,-22.27],[-62.05,-21.36],[-62.16,-20.45],[-62.26,-19.54],[-62.37,-18.63],[-62.47,-17.72],[-61.71,-17.67],[-61.8,-16.68],[-61.89,-15.7],[-61.98,-14.71],[-62.07,-13.72],[-62.16,-12.74],[-61.56,-12.74],[-61.65,-11.8],[-61.75,-10.86],[-61.84,-9.92],[-61.93,-8.98],[-62.88,-9.05],[-62.94,-8.32],[-63.01,-7.6],[-63.07,-6.87],[-63.66,-6.87],[-64.24,-6.87],[-64.31,-6.03],[-64.37,-5.19],[-65.15,-5.22],[-65.93,-5.26],[-66.02,-4.44],[-66.1,-3.61],[-66.19,-2.79],[-67.01,-2.85],[-67.82,-2.91],[-68.64,-2.97],[-68.74,-2.32],[-68.83,-1.67],[-69.64,-1.74],[-70.45,-1.8],[-70.56,-1.15],[-70.67,-0.49],[-70.67,-0.49],[-69.99,-0.27],[-69.32,0.2],[-68.65,0.67],[-67.98,1.14],[-67.56,1.53],[-67.14,1.92]]]}},{"type":"Feature","properties":{"ma":130,"type":"gpml:TopologicalClosedPlateBoundary","name":"QT back-arc western flank","pid":2060,"deforming":false},"geometry":{"type":"Polygon","coordinates":[[[-55.41,-32.12],[-55.87,-31.81],[-56.32,-31.49],[-56.87,-31.12],[-57.16,-30.69],[-57.75,-29.89],[-58.33,-29.08],[-58.94,-28.25],[-59.54,-27.43],[-59.9,-26.81],[-60.25,-26.2],[-60.61,-25.48],[-60.96,-24.77],[-60.96,-24.77],[-61.27,-24.72],[-62.01,-24.5],[-62.74,-24.28],[-63.47,-24.05],[-64.29,-23.55],[-65.09,-23.04],[-65.89,-22.52],[-66.44,-21.7],[-66.99,-20.87],[-67.53,-20.04],[-68.07,-19.2],[-68.33,-18.24],[-68.59,-17.28],[-68.85,-16.32],[-69.11,-15.36],[-69.39,-14.52],[-69.67,-13.68],[-69.96,-12.84],[-70.23,-12],[-70.51,-11.15],[-70.79,-10.31],[-71.06,-9.47],[-71.52,-8.64],[-71.98,-7.81],[-72.43,-6.97],[-72.88,-6.14],[-73.34,-5.31],[-73.38,-4.51],[-73.43,-3.7],[-73.4,-2.89],[-73.37,-2.07],[-73.35,-1.34],[-73.35,-1.34],[-72.45,-1.06],[-71.56,-0.77],[-70.67,-0.49],[-70.67,-0.49],[-70.56,-1.15],[-70.45,-1.8],[-69.64,-1.74],[-68.83,-1.67],[-68.74,-2.32],[-68.64,-2.97],[-67.82,-2.91],[-67.01,-2.85],[-66.19,-2.79],[-66.1,-3.61],[-66.02,-4.44],[-65.93,-5.26],[-65.15,-5.22],[-64.37,-5.19],[-64.31,-6.03],[-64.24,-6.87],[-63.66,-6.87],[-63.07,-6.87],[-63.01,-7.6],[-62.94,-8.32],[-62.88,-9.05],[-61.93,-8.98],[-61.84,-9.92],[-61.75,-10.86],[-61.65,-11.8],[-61.56,-12.74],[-62.16,-12.74],[-62.07,-13.72],[-61.98,-14.71],[-61.89,-15.7],[-61.8,-16.68],[-61.71,-17.67],[-62.47,-17.72],[-62.37,-18.63],[-62.26,-19.54],[-62.16,-20.45],[-62.05,-21.36],[-61.95,-22.27],[-61.37,-22.23],[-60.8,-22.18],[-60.7,-22.97],[-60.7,-22.97],[-59.72,-22.89],[-59.37,-22.84],[-59.37,-22.84],[-59.23,-23.59],[-58.98,-24.34],[-58.73,-25.08],[-58.48,-25.82],[-58.22,-26.39],[-57.95,-26.95],[-57.61,-27.63],[-57.27,-28.31],[-56.91,-28.96],[-56.54,-29.61],[-56.24,-30.23],[-55.93,-30.85],[-55.57,-31.64],[-55.41,-32.12]]]}},{"type":"Feature","properties":{"ma":130,"type":"gpml:TopologicalClosedPlateBoundary","name":"Weddell Sea plate","pid":28900,"deforming":false},"geometry":{"type":"Polygon","coordinates":[[[-27.66,-68.76],[-25.97,-68.71],[-24.28,-68.63],[-21.98,-68.59],[-19.68,-68.51],[-17.74,-68.24],[-15.84,-67.95],[-15.21,-67.77],[-15.21,-67.77],[-14.09,-67.44],[-13.01,-67.1],[-12.03,-66.27],[-12.03,-66.27],[-12.18,-66.31],[-12.18,-66.31],[-12.45,-67.16],[-12.84,-67.87],[-12.84,-67.87],[-13.52,-68.07],[-15.16,-68.44],[-16.84,-68.8],[-18.59,-69.13],[-19.95,-69.39],[-21.33,-69.56],[-22.98,-69.71],[-24.41,-69.88],[-26.52,-70.12],[-28.68,-70.34],[-29.74,-70.49],[-30.44,-70.62],[-31.87,-70.81],[-32.22,-70.85],[-34.37,-70.9],[-36.28,-70.96],[-36.82,-71.05],[-37.71,-71.19],[-38.44,-71.27],[-39.53,-71.4],[-41.14,-71.52],[-42.53,-71.57],[-43.19,-71.58],[-44.85,-71.64],[-45.97,-71.66],[-47.57,-71.56],[-49.47,-71.47],[-50.14,-71.45],[-50.97,-71.46],[-51.8,-71.37],[-54.09,-71.09],[-55.94,-70.66],[-57.71,-70.2],[-58.73,-69.94],[-60.29,-69.53],[-62.05,-69.11],[-63.74,-68.67],[-65.37,-68.22],[-65.37,-68.22],[-65.65,-68.47],[-65.69,-68.59],[-65.69,-68.59],[-65.93,-68.44],[-66.27,-68.23],[-66.57,-68.04],[-66.89,-67.86],[-67.16,-67.67],[-67.31,-67.54],[-67.74,-67.21],[-68.26,-66.74],[-68.54,-66.46],[-68.67,-66.06],[-68.66,-65.99],[-68.55,-65.61],[-68.4,-65.31],[-68.4,-65.31],[-67.2,-65.89],[-65.8,-66.53],[-64.32,-67.16],[-62.76,-67.77],[-60.99,-68.17],[-59.16,-68.54],[-57.72,-68.7],[-56.26,-68.84],[-54.65,-68.95],[-53.03,-69.05],[-50.36,-69.11],[-47.68,-69.13],[-45.45,-69.3],[-43.18,-69.45],[-41.31,-69.6],[-39.41,-69.73],[-37.65,-69.67],[-35.89,-69.6],[-33.66,-69.55],[-31.44,-69.48],[-30.09,-69.25],[-28.77,-69.02],[-27.87,-68.77],[-27.66,-68.76]]]}},{"type":"Feature","properties":{"ma":130,"type":"gpml:TopologicalClosedPlateBoundary","name":"South America AT","pid":201,"deforming":false},"geometry":{"type":"Polygon","coordinates":[[[-58.01,-23.61],[-57.83,-24.55],[-57.65,-25.5],[-57.46,-26.44],[-57.17,-27.23],[-56.89,-28.03],[-56.59,-28.83],[-56.35,-29.5],[-56.1,-30.17],[-55.86,-30.84],[-55.19,-31.58],[-54.98,-32.39],[-54.98,-32.39],[-55.14,-32.31],[-55.41,-32.12],[-55.41,-32.12],[-55.57,-31.64],[-55.93,-30.85],[-56.24,-30.23],[-56.54,-29.61],[-56.91,-28.96],[-57.27,-28.31],[-57.61,-27.63],[-57.95,-26.95],[-58.22,-26.39],[-58.48,-25.82],[-58.73,-25.08],[-58.98,-24.34],[-59.23,-23.59],[-59.37,-22.84],[-59.37,-22.84],[-58.82,-22.76],[-58.28,-22.68],[-58.19,-22.67],[-58.01,-23.61]]]}},{"type":"Feature","properties":{"ma":130,"type":"gpml:TopologicalClosedPlateBoundary","name":"Sepik","pid":780,"deforming":false},"geometry":{"type":"Polygon","coordinates":[[[111.22,-18.53],[111.22,-17.74],[111.22,-16.96],[111.21,-16.17],[111.21,-15.38],[111.21,-15.38],[111.86,-15.57],[112.52,-15.75],[113.29,-15.88],[114.06,-16],[114.84,-16.12],[115.72,-16.23],[116.59,-16.35],[117.47,-16.45],[118.35,-16.56],[119.23,-16.66],[120.11,-16.76],[121.09,-16.91],[122.07,-17.07],[123.05,-17.21],[124.03,-17.36],[125.02,-17.49],[126,-17.63],[126.99,-17.75],[127.95,-18.04],[128.92,-18.31],[129.89,-18.58],[130.87,-18.85],[131.84,-19.11],[132.82,-19.37],[133.8,-19.62],[134.79,-19.87],[135.78,-20.11],[136.77,-20.34],[137.77,-20.57],[138.76,-20.79],[138.76,-20.79],[139.17,-21.49],[139.58,-22.19],[139.79,-23.1],[140.01,-24.02],[140.23,-24.93],[140.45,-25.85],[140.67,-26.76],[140.91,-27.34],[141.14,-27.93],[141.14,-27.93],[140.53,-27.84],[139.93,-27.76],[138.83,-27.57],[137.74,-27.38],[136.66,-27.18],[135.58,-26.97],[134.5,-26.76],[133.43,-26.53],[133.47,-25.95],[133.52,-25.37],[132.73,-25.14],[131.94,-24.91],[131.16,-24.67],[131.21,-24.13],[131.25,-23.58],[130.37,-23.34],[129.49,-23.09],[128.61,-22.84],[127.73,-22.59],[127.86,-22.04],[126.96,-21.82],[126.06,-21.58],[125.93,-21.89],[125.04,-21.64],[124.14,-21.39],[123.25,-21.13],[122.36,-20.87],[122.21,-21.35],[121.44,-21.16],[120.66,-20.97],[120.42,-21.68],[120.19,-22.4],[119.22,-22.17],[118.25,-21.94],[117.29,-21.7],[116.33,-21.46],[115.37,-21.21],[115.55,-20.48],[115.73,-19.75],[114.77,-19.51],[113.82,-19.25],[112.88,-19],[112.05,-18.76],[111.22,-18.53]]]}},{"type":"Feature","properties":{"ma":130,"type":"gpml:TopologicalClosedPlateBoundary","name":"AlCaPa","pid":334,"deforming":false},"geometry":{"type":"Polygon","coordinates":[[[18.03,13.76],[17.14,14.17],[16.24,14.58],[15.34,14.99],[14.43,15.39],[13.52,15.79],[12.61,16.19],[11.98,16.87],[11.35,17.55],[11.35,17.55],[11.49,17.59],[11.94,18.06],[12.4,18.53],[12.84,18.92],[13.29,19.32],[13.23,19.63],[14.13,19.96],[14.13,19.96],[14.49,20.33],[14.85,20.71],[14.85,20.71],[15.64,20.53],[16.29,20.48],[16.94,20.43],[17.51,20.43],[18.08,20.42],[18.93,20.48],[18.93,20.48],[19.31,19.98],[19.69,19.48],[20.49,18.84],[21.29,18.2],[22.07,17.63],[22.85,17.07],[22.85,17.07],[22,16.48],[21.16,15.9],[20.33,15.31],[19.49,14.72],[18.76,14.24],[18.03,13.76]]]}},{"type":"Feature","properties":{"ma":130,"type":"gpml:TopologicalClosedPlateBoundary","name":"Sardinia - Corsica - Brianconnais","pid":306,"deforming":false},"geometry":{"type":"Polygon","coordinates":[[[5.53,15.85],[5.7,16.14],[6.69,16.21],[7.67,16.27],[8.58,16.59],[9.5,16.91],[10.42,17.23],[11.35,17.55],[11.35,17.55],[11.98,16.87],[12.61,16.19],[13.51,15.8],[14.41,15.4],[15.3,15.01],[15.3,15.01],[14.67,14.87],[14.05,14.73],[13.39,14.49],[12.74,14.24],[12.02,13.87],[11.3,13.49],[10.59,13.12],[9.88,12.74],[9.04,12.41],[8.21,12.08],[7.38,11.74],[6.56,11.41],[6,11.22],[6,11.22],[5.81,11.99],[5.63,12.76],[5.44,13.53],[5.47,14.3],[5.5,15.07],[5.53,15.85]]]}},{"type":"Feature","properties":{"ma":130,"type":"gpml:TopologicalClosedPlateBoundary","name":"Africa Early Ocean Crust","pid":701,"deforming":false},"geometry":{"type":"Polygon","coordinates":[[[-9.57,-21.12],[-10.33,-20.69],[-10.8,-20.41],[-10.8,-20.41],[-10.8,-20.41],[-10.8,-20.41],[-10.33,-20.69],[-9.57,-21.12],[-8.8,-21.55],[-8.58,-22.15],[-8.52,-22.33],[-8.61,-23.21],[-8.58,-23.33],[-8.48,-24.02],[-8.49,-24.06],[-8.84,-24.9],[-8.92,-24.97],[-9.37,-25.4],[-10.19,-26.03],[-10.26,-26.1],[-10.39,-26.22],[-10.74,-26.6],[-10.82,-26.7],[-10.94,-26.83],[-11.39,-27.45],[-11.5,-27.61],[-11.74,-28.04],[-11.9,-28.33],[-12.07,-28.67],[-12.26,-29.03],[-12.41,-29.29],[-12.67,-29.99],[-12.67,-30.03],[-12.64,-30.83],[-12.65,-30.92],[-12.54,-31.6],[-12.52,-31.75],[-12.43,-32.31],[-12.43,-32.61],[-12.5,-33.11],[-12.56,-33.43],[-12.71,-33.86],[-12.82,-34.26],[-12.97,-34.58],[-13.19,-35.11],[-13.28,-35.35],[-13.48,-35.95],[-13.53,-36.14],[-13.71,-36.85],[-13.73,-36.93],[-14,-37.69],[-14.03,-37.75],[-14.34,-38.47],[-14.44,-38.62],[-15.2,-39.28],[-15.37,-39.41],[-16.07,-39.9],[-16.41,-40.09],[-16.91,-40.31],[-17.7,-40.7],[-18.25,-40.98],[-18.62,-41.18],[-18.97,-41.39],[-19.55,-41.74],[-19.61,-41.78],[-20.18,-42.16],[-20.57,-42.43],[-20.68,-42.51],[-21.01,-42.75],[-21.25,-42.9],[-21.52,-43.07],[-21.62,-43.15],[-21.84,-43.33],[-22.32,-43.83],[-22.41,-43.93],[-22.82,-44.49],[-23.01,-44.75],[-23.31,-45.2],[-23.61,-45.56],[-23.85,-45.86],[-24.26,-46.31],[-24.46,-46.51],[-25.02,-47.03],[-25.12,-47.12],[-25.8,-47.72],[-25.83,-47.75],[-26.32,-48.43],[-26.42,-48.56],[-26.84,-49.13],[-27.02,-49.37],[-27.41,-49.79],[-27.74,-50.14],[-28.04,-50.42],[-28.55,-50.89],[-28.7,-51.05],[-29.31,-51.66],[-29.35,-51.7],[-29.97,-52.37],[-30.04,-52.44],[-30.44,-52.9],[-30.86,-53.36],[-30.94,-53.47],[-31.35,-53.97],[-31.81,-54.53],[-31.96,-54.7],[-32.18,-55.06],[-32.51,-55.59],[-32.82,-56.07],[-33.2,-56.88],[-33.59,-57.61],[-33.72,-57.94],[-34.02,-58.65],[-34.18,-59.11],[-34.38,-59.68],[-34.57,-60.31],[-34.7,-60.71],[-35.01,-61.52],[-35.32,-62.27],[-35.36,-62.71],[-35.36,-62.71],[-35.57,-62.68],[-37.51,-62.42],[-37.51,-62.42],[-37.4,-62.09],[-37.05,-61.23],[-36.66,-60.42],[-36.49,-60.03],[-36.16,-59.42],[-35.84,-58.86],[-35.57,-58.41],[-35.12,-57.73],[-34.87,-57.42],[-34.24,-56.73],[-33.49,-55.91],[-33.05,-55.46],[-32.57,-54.97],[-32.25,-54.63],[-32.07,-54.47],[-31.62,-53.91],[-31.1,-53.44],[-30.99,-53.34],[-30.53,-52.87],[-30.08,-52.41],[-30.01,-52.34],[-29.35,-51.7],[-29.31,-51.66],[-28.7,-51.05],[-28.55,-50.89],[-28.07,-50.4],[-27.8,-50.11],[-27.48,-49.74],[-27.12,-49.3],[-26.94,-49.06],[-26.52,-48.5],[-26.42,-48.36],[-25.84,-47.75],[-25.8,-47.72],[-25.12,-47.12],[-25.02,-47.03],[-24.46,-46.51],[-24.26,-46.31],[-23.85,-45.86],[-23.61,-45.56],[-23.31,-45.2],[-23.01,-44.75],[-22.82,-44.49],[-22.41,-43.93],[-22.32,-43.83],[-21.84,-43.33],[-21.62,-43.15],[-21.52,-43.07],[-21.25,-42.9],[-21.01,-42.75],[-20.68,-42.51],[-20.57,-42.43],[-20.18,-42.16],[-19.61,-41.78],[-19.55,-41.74],[-18.97,-41.39],[-18.62,-41.18],[-18.25,-40.98],[-17.7,-40.7],[-16.91,-40.31],[-16.41,-40.09],[-16.07,-39.9],[-15.37,-39.41],[-15.2,-39.28],[-14.44,-38.62],[-14.34,-38.47],[-14.03,-37.75],[-14,-37.69],[-13.73,-36.93],[-13.71,-36.85],[-13.53,-36.14],[-13.48,-35.95],[-13.28,-35.35],[-13.19,-35.11],[-12.97,-34.58],[-12.82,-34.26],[-12.71,-33.86],[-12.56,-33.43],[-12.5,-33.11],[-12.43,-32.61],[-12.43,-32.31],[-12.52,-31.75],[-12.54,-31.6],[-12.65,-30.92],[-12.64,-30.83],[-12.67,-30.03],[-12.67,-29.99],[-12.41,-29.29],[-12.26,-29.03],[-12.07,-28.67],[-11.9,-28.33],[-11.74,-28.04],[-11.5,-27.61],[-11.39,-27.45],[-10.94,-26.83],[-10.82,-26.7],[-10.74,-26.6],[-10.39,-26.22],[-10.26,-26.1],[-10.19,-26.03],[-9.37,-25.4],[-8.92,-24.97],[-8.84,-24.9],[-8.49,-24.06],[-8.48,-24.02],[-8.58,-23.33],[-8.61,-23.21],[-8.52,-22.33],[-8.58,-22.15],[-8.8,-21.55],[-9.57,-21.12]]]}},{"type":"Feature","properties":{"ma":130,"type":"gpml:TopologicalClosedPlateBoundary","name":"South America Early Ocean Crust","pid":201,"deforming":false},"geometry":{"type":"Polygon","coordinates":[[[-9.57,-21.12],[-10.33,-20.69],[-10.8,-20.41],[-10.8,-20.41],[-10.8,-20.4],[-10.8,-20.4],[-10.32,-20.69],[-9.9,-20.95],[-9.35,-21.25],[-8.81,-21.55],[-8.58,-22.15],[-8.53,-22.33],[-8.61,-23.21],[-8.58,-23.33],[-8.48,-24.03],[-8.48,-24.06],[-8.85,-24.9],[-8.92,-24.97],[-9.37,-25.4],[-10.2,-26.03],[-10.26,-26.1],[-10.4,-26.21],[-10.74,-26.6],[-10.82,-26.7],[-10.94,-26.83],[-11.4,-27.45],[-11.49,-27.61],[-11.74,-28.04],[-11.9,-28.33],[-12.06,-28.67],[-12.26,-29.03],[-12.41,-29.29],[-12.67,-29.99],[-12.67,-30.03],[-12.64,-30.83],[-12.64,-30.92],[-12.54,-31.6],[-12.52,-31.75],[-12.43,-32.31],[-12.43,-32.61],[-12.5,-33.1],[-12.56,-33.43],[-12.71,-33.85],[-12.82,-34.26],[-12.97,-34.58],[-13.19,-35.11],[-13.28,-35.35],[-13.48,-35.95],[-13.52,-36.14],[-13.71,-36.85],[-13.73,-36.93],[-14.01,-37.69],[-14.03,-37.75],[-14.34,-38.47],[-14.44,-38.61],[-15.2,-39.28],[-15.36,-39.41],[-16.07,-39.9],[-16.41,-40.09],[-16.91,-40.32],[-17.71,-40.7],[-18.25,-40.98],[-18.62,-41.18],[-18.96,-41.39],[-19.56,-41.74],[-19.62,-41.77],[-20.18,-42.16],[-20.56,-42.43],[-20.68,-42.51],[-21.02,-42.75],[-21.25,-42.9],[-21.51,-43.07],[-21.62,-43.15],[-21.84,-43.33],[-22.32,-43.82],[-22.41,-43.94],[-22.82,-44.49],[-23.01,-44.74],[-23.31,-45.2],[-23.6,-45.56],[-23.85,-45.86],[-24.26,-46.31],[-24.45,-46.51],[-25.02,-47.03],[-25.11,-47.12],[-25.81,-47.71],[-25.84,-47.75],[-26.51,-48.3],[-26.61,-48.44],[-27.04,-48.99],[-27.22,-49.24],[-27.56,-49.69],[-27.85,-50.07],[-28.1,-50.39],[-28.55,-50.89],[-28.7,-51.05],[-29.31,-51.66],[-29.35,-51.7],[-30.04,-52.32],[-30.12,-52.39],[-30.58,-52.83],[-31.05,-53.27],[-31.19,-53.37],[-31.82,-53.82],[-32.27,-54.38],[-32.46,-54.54],[-32.87,-54.85],[-33.51,-55.31],[-34.08,-55.71],[-34.61,-56.12],[-35.15,-56.53],[-36,-57.17],[-36.38,-57.46],[-36.95,-58.12],[-37.33,-58.54],[-37.74,-59.08],[-38.21,-59.67],[-38.42,-60.06],[-38.88,-60.86],[-39.2,-61.35],[-39.53,-61.85],[-39.65,-62.08],[-39.65,-62.08],[-39.46,-62.12],[-37.51,-62.42],[-37.51,-62.42],[-37.4,-62.09],[-37.05,-61.23],[-36.66,-60.42],[-36.49,-60.03],[-36.16,-59.42],[-35.84,-58.86],[-35.57,-58.41],[-35.12,-57.73],[-34.87,-57.42],[-34.24,-56.73],[-33.49,-55.91],[-33.05,-55.46],[-32.57,-54.97],[-32.25,-54.63],[-32.07,-54.47],[-31.62,-53.91],[-31.1,-53.44],[-30.99,-53.34],[-30.53,-52.87],[-30.08,-52.41],[-30.01,-52.34],[-29.35,-51.7],[-29.31,-51.66],[-28.7,-51.05],[-28.55,-50.89],[-28.07,-50.4],[-27.8,-50.11],[-27.48,-49.74],[-27.12,-49.3],[-26.94,-49.06],[-26.52,-48.5],[-26.42,-48.36],[-25.84,-47.75],[-25.8,-47.72],[-25.12,-47.12],[-25.02,-47.03],[-24.46,-46.51],[-24.26,-46.31],[-23.85,-45.86],[-23.61,-45.56],[-23.31,-45.2],[-23.01,-44.75],[-22.82,-44.49],[-22.41,-43.93],[-22.32,-43.83],[-21.84,-43.33],[-21.62,-43.15],[-21.52,-43.07],[-21.25,-42.9],[-21.01,-42.75],[-20.68,-42.51],[-20.57,-42.43],[-20.18,-42.16],[-19.61,-41.78],[-19.55,-41.74],[-18.97,-41.39],[-18.62,-41.18],[-18.25,-40.98],[-17.7,-40.7],[-16.91,-40.31],[-16.41,-40.09],[-16.07,-39.9],[-15.37,-39.41],[-15.2,-39.28],[-14.44,-38.62],[-14.34,-38.47],[-14.03,-37.75],[-14,-37.69],[-13.73,-36.93],[-13.71,-36.85],[-13.53,-36.14],[-13.48,-35.95],[-13.28,-35.35],[-13.19,-35.11],[-12.97,-34.58],[-12.82,-34.26],[-12.71,-33.86],[-12.56,-33.43],[-12.5,-33.11],[-12.43,-32.61],[-12.43,-32.31],[-12.52,-31.75],[-12.54,-31.6],[-12.65,-30.92],[-12.64,-30.83],[-12.67,-30.03],[-12.67,-29.99],[-12.41,-29.29],[-12.26,-29.03],[-12.07,-28.67],[-11.9,-28.33],[-11.74,-28.04],[-11.5,-27.61],[-11.39,-27.45],[-10.94,-26.83],[-10.82,-26.7],[-10.74,-26.6],[-10.39,-26.22],[-10.26,-26.1],[-10.19,-26.03],[-9.37,-25.4],[-8.92,-24.97],[-8.84,-24.9],[-8.49,-24.06],[-8.48,-24.02],[-8.58,-23.33],[-8.61,-23.21],[-8.52,-22.33],[-8.58,-22.15],[-8.8,-21.55],[-9.57,-21.12]]]}},{"type":"Feature","properties":{"ma":130,"type":"gpml:TopologicalNetwork","name":"Greater_India_East_Mesh","pid":801,"deforming":true},"geometry":{"type":"Polygon","coordinates":[[[79.09,-31.41],[79.27,-30.75],[79.46,-30.09],[79.46,-30.09],[79.46,-30.08],[79.66,-29.42],[79.86,-28.74],[80.21,-28.13],[80.45,-27.68],[80.91,-27.12],[81.36,-26.55],[82.23,-26.15],[83.02,-25.53],[83.62,-25.35],[84.23,-25.17],[84.8,-25.03],[85.37,-24.88],[85.97,-24.78],[86.57,-24.68],[87.23,-24.67],[87.89,-24.65],[88.54,-24.59],[89.19,-24.52],[89.74,-24.51],[90.29,-24.51],[91.1,-24.38],[92.04,-24.16],[92.19,-23.64],[92.34,-23.13],[92.13,-22.42],[92.07,-21.44],[92.38,-20.86],[93.12,-20.53],[93.72,-20.49],[94.31,-20.44],[95.07,-20.37],[95.82,-20.29],[96.79,-20.18],[97.75,-20.05],[98.79,-20.04],[99.35,-20.04],[99.91,-20.04],[100.77,-20.04],[101.56,-19.94],[102.31,-19.61],[102.8,-19.33],[103.28,-19.04],[103.48,-18.93],[103.48,-18.93],[103.91,-19.78],[104.36,-20.62],[104.81,-21.47],[104.81,-21.47],[104.58,-21.57],[103.93,-21.95],[103.33,-22.16],[102.73,-22.36],[102.17,-22.49],[101.61,-22.62],[100.88,-22.71],[100.52,-22.75],[100.12,-22.79],[99.44,-22.92],[98.88,-23.02],[98.31,-23.13],[97.6,-23.7],[96.76,-24.07],[95.81,-24.41],[95,-24.63],[94.2,-24.98],[93.76,-25.38],[93.14,-25.62],[92.31,-25.74],[91.48,-25.86],[90.89,-25.91],[90.3,-25.96],[89.67,-26.05],[89.03,-26.14],[88.05,-26.17],[87.06,-26.19],[86.15,-25.8],[85.51,-25.88],[84.8,-26.13],[84.38,-26.59],[83.72,-27.15],[83.05,-27.48],[82.47,-27.99],[82.04,-28.36],[81.61,-28.72],[81.25,-29.12],[80.88,-29.54],[80.39,-30.43],[79.94,-30.84],[79.49,-31.25],[79.09,-31.41]]]}},{"type":"Feature","properties":{"ma":130,"type":"gpml:TopologicalNetwork","name":"Greater_India_West_Mesh","pid":739,"deforming":true},"geometry":{"type":"Polygon","coordinates":[[[56.52,-15.99],[56.52,-15.99],[57.29,-16.4],[58.06,-16.81],[58.87,-17.23],[59.69,-17.66],[60.39,-18.06],[61.1,-18.47],[61.81,-18.87],[62.62,-19.34],[63.44,-19.81],[64.26,-20.28],[65.09,-20.75],[65.45,-21.37],[66.15,-22.07],[66.85,-22.77],[67.4,-23.31],[67.96,-23.85],[68.52,-24.39],[69.2,-24.86],[69.88,-25.32],[70.57,-25.79],[71.32,-26.49],[71.77,-26.91],[72.22,-27.32],[72.88,-27.97],[73.59,-28.67],[74.23,-29.37],[74.88,-30.09],[75.36,-30.46],[75.84,-30.82],[76.63,-30.89],[77.3,-30.94],[77.43,-30.97],[77.43,-30.97],[77.49,-30.96],[78.22,-30.85],[78.67,-30.68],[79.03,-30.55],[79.46,-30.09],[79.46,-30.09],[79.27,-30.75],[79.09,-31.41],[79.09,-31.41],[78.36,-31.71],[77.69,-31.73],[77.03,-31.75],[77.03,-31.75],[76.85,-31.72],[76.35,-31.62],[75.76,-31.51],[75.21,-31.29],[74.84,-31.15],[74.37,-30.71],[73.89,-30.28],[73.42,-29.69],[73.08,-29.26],[73,-29.17],[72.65,-28.79],[72.38,-28.49],[71.94,-28.09],[71.37,-27.57],[71.11,-27.32],[70.91,-27.14],[70.26,-26.53],[69.71,-26.09],[69.16,-25.64],[68.97,-25.47],[68.29,-24.85],[67.75,-24.56],[67.18,-24.24],[66.81,-23.82],[66.43,-23.4],[65.86,-22.76],[65.49,-22.35],[65.08,-21.79],[64.67,-21.24],[64.53,-21.04],[63.91,-20.74],[63.57,-20.51],[63.44,-20.42],[62.95,-20.07],[62.21,-19.65],[61.83,-19.42],[61.14,-19.04],[60.24,-18.52],[59.42,-18.05],[59.07,-17.85],[58.48,-17.53],[57.89,-17.22],[57.28,-16.88],[56.8,-16.62],[56.33,-16.35],[56.52,-15.99]]]}},{"type":"Feature","properties":{"ma":130,"type":"gpml:OceanicCrust","name":"Early_Oceanic_Crust","pid":501,"deforming":false},"geometry":{"type":"Polygon","coordinates":[[[78.41,-48.35],[78.62,-48.57],[79.58,-48.78],[80.16,-49.42],[80.75,-49.88],[81.48,-50.45],[82.22,-51.02],[82.69,-51.59],[83.17,-52.16],[83.96,-53.03],[84.36,-53.53],[84.8,-53.96],[84.85,-54.25],[85.57,-55.08],[85.54,-55.6],[85.21,-56.13],[84.88,-56.66],[84.13,-57.06],[83.36,-57.45],[83.16,-58.37],[82.1,-58.76],[81.43,-58.59],[80.72,-58.41],[79.91,-58.1],[78.77,-58.14],[77.62,-58.17],[77.62,-58.17],[77.99,-57.92],[78.21,-57.64],[79.24,-57.33],[80.26,-57],[81.29,-56.4],[82.29,-55.8],[82.73,-54.93],[83.14,-54.07],[83.31,-53.68],[82.76,-53.21],[82.22,-52.75],[81.36,-52.04],[81,-51.69],[80.44,-51.2],[79.9,-50.69],[79.44,-50.2],[78.82,-49.63],[78.2,-48.95],[78.2,-48.95],[78.24,-48.78],[78.41,-48.35]]]}},{"type":"Feature","properties":{"ma":130,"type":"gpml:TopologicalNetwork","name":"Greater_India_East_Mesh","pid":801,"deforming":true},"geometry":{"type":"Polygon","coordinates":[[[90.71,-47.32],[89.87,-47.4],[89.02,-47.5],[88.16,-47.59],[87.35,-47.61],[86.55,-47.61],[85.13,-47.42],[85,-47.43],[85,-47.43],[85.03,-47.41],[85.7,-46.83],[86.36,-46.25],[85.6,-45.77],[84.85,-45.27],[84.12,-44.77],[84.57,-44.14],[85,-43.52],[85.89,-43.2],[86.76,-42.87],[87.62,-42.54],[88.06,-41.8],[87.61,-40.99],[88.48,-40.4],[89.17,-40.59],[89.87,-40.78],[90.73,-41.3],[91.64,-41.45],[92.56,-41.59],[93.61,-41.8],[94.66,-42.01],[95.36,-41.9],[95.75,-40.96],[96.27,-40.24],[96.79,-39.53],[97.46,-38.72],[97.85,-38.26],[98.24,-37.79],[98.49,-37.48],[99.31,-37.18],[100.12,-36.87],[100.93,-36.56],[101.68,-36.16],[102.42,-35.75],[102.27,-35.37],[103.28,-34.95],[104.28,-34.52],[105.27,-34.08],[106.08,-33.75],[106.88,-33.42],[107.68,-33.08],[107.99,-33.57],[108.31,-34.06],[109.06,-33.63],[109.8,-33.2],[110.53,-32.77],[110.53,-32.77],[111.13,-33.35],[111.74,-33.92],[112.5,-34.52],[113.26,-35.12],[114.04,-35.72],[114.83,-36.31],[115.63,-36.89],[116.44,-37.47],[117.27,-38.04],[117.27,-38.04],[116.53,-38.25],[115.79,-38.45],[114.74,-38.99],[113.67,-39.52],[112.93,-39.88],[112.18,-40.24],[111.43,-40.59],[110.75,-41.34],[109.85,-41.64],[108.95,-41.93],[108.03,-42.22],[106.9,-42.58],[105.76,-42.93],[104.8,-43.2],[103.83,-43.47],[102.85,-43.72],[101.88,-44.28],[100.9,-44.83],[99.92,-45.3],[98.92,-45.77],[97.9,-46.23],[96.88,-46.4],[95.85,-46.55],[94.82,-46.7],[93.76,-46.88],[92.69,-47.05],[91.62,-47.2],[91.54,-47.23],[90.71,-47.32]]]}},{"type":"Feature","properties":{"ma":130,"type":"gpml:TopologicalNetwork","name":"IA_PNG_Jurassic_Deforming_Network","pid":615,"deforming":true},"geometry":{"type":"Polygon","coordinates":[[[118.83,-28.99],[119.07,-29.6],[119.29,-30.15],[119.29,-30.15],[120.38,-30.3],[121.06,-30.37],[122.1,-30.61],[122.65,-30.7],[123.19,-30.84],[123.83,-31.02],[124.74,-31.23],[125.28,-31.39],[125.56,-31.42],[125.9,-31.59],[125.9,-31.59],[126.08,-31.24],[126.43,-30.94],[126.43,-30.94],[126.54,-30.94],[127.29,-30.97],[128.23,-31.24],[129.09,-31.59],[129.3,-31.71],[129.26,-32.04],[129.18,-32.15],[129.1,-32.4],[129.1,-32.4],[129.2,-32.44],[129.77,-32.75],[130.18,-33.04],[130.7,-33.69],[131.23,-34.17],[132.05,-34.57],[132.05,-34.57],[131.63,-35.2],[130.95,-35.91],[130.83,-36.08],[130.83,-36.08],[130.25,-35.72],[129.68,-35.35],[128.75,-34.84],[128.08,-34.56],[127.42,-34.27],[127.11,-34.12],[126.8,-33.96],[126.54,-33.8],[126.31,-33.58],[126.33,-33.36],[126.4,-33.14],[126.42,-33.08],[125.99,-32.95],[125.66,-32.89],[125.4,-32.77],[124.93,-32.62],[124.25,-32.44],[123.84,-32.26],[123.05,-32.16],[122.62,-32.07],[122.04,-32.01],[121.67,-31.97],[121.02,-31.9],[120.54,-31.84],[119.55,-31.55],[119.2,-31.51],[118.59,-31.42],[118.21,-31.33],[117.42,-31.07],[116.98,-30.96],[116.1,-30.43],[115.24,-29.89],[114.74,-29.15],[114.2,-28.4],[114.18,-27.85],[114.16,-27.3],[114.1,-27.02],[114.1,-27.02],[114.13,-27.02],[114.74,-27.12],[115.34,-27.21],[115.91,-27.46],[116.47,-27.7],[117.04,-28.07],[117.6,-28.43],[118.29,-28.72],[118.83,-28.99]]]}},{"type":"Feature","properties":{"ma":130,"type":"gpml:TopologicalNetwork","name":"Inactive_PNG_Jurassic_Deforming_Network","pid":615,"deforming":true},"geometry":{"type":"Polygon","coordinates":[[[119.28,-23.8],[119.28,-23.8],[119.32,-23.71],[119.98,-23.15],[120.77,-22.87],[121.54,-22.93],[122.31,-22.98],[123.3,-23.2],[124.29,-23.42],[125.32,-23.68],[126.35,-23.93],[127.36,-24.31],[128.37,-24.69],[129.38,-25.05],[130.08,-25.66],[130.79,-26.25],[130.61,-26.75],[130.61,-26.77],[130.61,-26.77],[130.22,-26.54],[129.86,-26.33],[129.47,-26.23],[129.04,-26.11],[128.24,-25.89],[127.31,-25.69],[126.57,-25.51],[125.83,-25.33],[125.25,-25.18],[124.67,-25.03],[123.73,-24.83],[122.86,-24.64],[122.12,-24.55],[121.4,-24.46],[120.37,-24.22],[119.6,-24.08],[119.57,-24.08],[119.28,-23.8]]]}},{"type":"Feature","properties":{"ma":130,"type":"gpml:TopologicalNetwork","name":"Inactive_Central_Atlantic_Mesh","pid":101,"deforming":true},"geometry":{"type":"Polygon","coordinates":[[[-11.97,16.38],[-12.23,16.61],[-12.71,16.95],[-13.13,17.03],[-13.67,17.52],[-14.09,17.69],[-14.82,17.5],[-15.59,17.5],[-16.36,17.5],[-17.06,17.06],[-17.53,16.69],[-17.85,16.44],[-18.27,16.25],[-18.73,16.16],[-19.28,16.44],[-19.97,16.92],[-20.65,17.12],[-21.21,17.2],[-21.37,17.21],[-21.61,17.08],[-21.94,16.94],[-22.07,16.89],[-22.16,16.84],[-22.25,16.79],[-22.34,16.74],[-22.59,16.6],[-22.88,16.41],[-23,16.32],[-23.2,16.2],[-23.33,16.13],[-23.45,16.05],[-23.63,15.95],[-23.82,15.85],[-23.96,15.74],[-24.27,15.72],[-24.53,15.87],[-24.77,16.02],[-25.14,16.22],[-25.38,16.17],[-25.59,16.16],[-25.85,16.19],[-26.14,16.21],[-26.42,16.25],[-26.62,16.28],[-26.85,16.33],[-27.07,16.42],[-27.35,16.53],[-27.51,16.61],[-27.82,16.51],[-27.96,16.48],[-28.33,16.54],[-29.01,16.53],[-29.59,16.35],[-30.15,15.95],[-30.53,15.36],[-30.94,14.91],[-31.13,14.66],[-31.23,14.24],[-31.29,13.84],[-31.45,13.3],[-31.95,12.89],[-32.44,12.48],[-32.92,12.13],[-33.3,11.83],[-33.94,11.42],[-34.34,11.03],[-35.1,10.97],[-35.91,10.89],[-36.74,10.79],[-37.16,10.53],[-37.49,10.25],[-37.26,9.85],[-37.27,9.64],[-37.55,9.25],[-37.54,8.73],[-37.58,7.81],[-37.58,7.49],[-37.64,7.06],[-37.66,6.99],[-37.66,6.99],[-38.07,7.13],[-38.7,7.43],[-39.26,7.89],[-39.57,8.52],[-39.92,9],[-40.39,9.45],[-40.76,9.95],[-40.8,10.49],[-41.38,11],[-41.78,11.51],[-42.18,12.01],[-42.18,12.01],[-41.61,12.06],[-41.31,12.03],[-40.99,12.3],[-40.54,12.64],[-40.13,12.92],[-39.72,13.17],[-39.58,13.36],[-39.23,13.42],[-38.9,13.47],[-38.36,13.56],[-37.71,13.63],[-37.05,13.7],[-36.44,14.06],[-35.92,14.45],[-35.62,15.18],[-35.37,15.78],[-34.7,16.02],[-33.84,16.46],[-33.45,16.72],[-32.9,17.13],[-32.35,17.54],[-32.01,17.95],[-31.78,18.36],[-31.33,18.46],[-31.18,18.55],[-30.93,18.5],[-30.64,18.39],[-30.34,18.34],[-29.85,18.42],[-29.59,18.42],[-29.4,18.4],[-29.05,18.62],[-28.67,18.84],[-28.17,18.91],[-27.76,19.17],[-27.47,19.71],[-27.21,19.76],[-26.83,19.57],[-26.26,19.76],[-25.76,19.72],[-24.97,19.67],[-24.13,19.7],[-23.58,19.77],[-22.75,19.79],[-22.18,20.01],[-21.4,20.3],[-20.75,20.47],[-20.16,20.52],[-19.49,20.55],[-19.14,20.52],[-18.66,20.35],[-17.99,20.18],[-17.39,20.15],[-16.88,20.1],[-16.37,20.03],[-15.83,19.94],[-15.18,19.79],[-14.46,19.52],[-13.8,19.24],[-13.02,19.01],[-12.7,18.85],[-12.56,18.61],[-12.35,18.48],[-12.24,18.32],[-12.14,18.21],[-11.99,18],[-11.75,17.77],[-11.84,17.67],[-12.01,17.59],[-12.33,17.65],[-12.34,17.46],[-12.25,17.22],[-11.9,17.34],[-11.85,17.34],[-11.72,17.29],[-11.78,17.07],[-11.86,16.67],[-11.6,16.54],[-11.6,16.54],[-11.97,16.38]]]}},{"type":"Feature","properties":{"ma":130,"type":"gpml:TopologicalNetwork","name":"Inactive_Southern_Central_Atlantic_Mesh","pid":714,"deforming":true},"geometry":{"type":"Polygon","coordinates":[[[-24.93,-3.41],[-25.11,-3.6],[-25.16,-3.85],[-25.52,-4.19],[-25.76,-4.58],[-25.89,-5.37],[-26.03,-6.27],[-25.97,-6.86],[-25.61,-7.45],[-25.25,-8.05],[-25.08,-8.96],[-25.11,-9.69],[-25.02,-10.57],[-25.1,-10.69],[-25.1,-10.69],[-25.23,-10.19],[-25.58,-9.89],[-25.58,-9.89],[-25.49,-9.22],[-25.53,-8.55],[-25.7,-8.02],[-25.84,-7.57],[-26,-7.34],[-26.27,-7.2],[-26.8,-7.04],[-27.12,-6.94],[-27.36,-6.8],[-28.06,-6.52],[-28.43,-5.9],[-28.71,-5.27],[-28.35,-4.74],[-28.01,-4.3],[-27.41,-4.03],[-27.41,-4.03],[-27.26,-3.81],[-27.06,-3.58],[-26.92,-3.37],[-26.75,-3.18],[-26.74,-2.93],[-26.51,-2.65],[-26.29,-2.4],[-26.29,-2.4],[-25.57,-2.86],[-24.86,-3.33],[-24.93,-3.41]]]}},{"type":"Feature","properties":{"ma":130,"type":"gpml:TopologicalNetwork","name":"Inactive_mesh_yucatan","pid":2004,"deforming":true},"geometry":{"type":"Polygon","coordinates":[[[-43.89,5.82],[-43.92,5.55],[-44.03,5.05],[-44.14,4.55],[-44.71,3.85],[-45.22,3.53],[-45.72,3.2],[-46.15,2.81],[-46.76,2.44],[-47.46,2.01],[-48.05,1.46],[-48.66,0.83],[-48.98,0.37],[-49.62,0],[-50.25,-0.38],[-50.8,-0.62],[-51.36,-0.86],[-51.76,-0.69],[-52.05,-0.38],[-52.43,0.17],[-53.11,0.45],[-53.55,0.99],[-54.14,1.45],[-54.57,1.98],[-55.09,2.68],[-55.38,3.28],[-55.47,3.86],[-55.3,4.25],[-55.34,4.58],[-55.08,4.91],[-54.84,5.43],[-54.41,6.32],[-53.89,6.66],[-53.43,6.6],[-53.43,6.6],[-53.25,6.74],[-52.71,7.14],[-52.39,7.35],[-52.01,7.5],[-51.74,7.87],[-51.12,8.03],[-50.69,8.42],[-50.34,8.55],[-49.93,8.65],[-49.45,8.83],[-49.07,8.83],[-48.48,8.77],[-47.93,8.63],[-47.17,8.39],[-46.79,8.37],[-46.5,8.51],[-46.02,8.49],[-45.49,8.16],[-45.19,7.72],[-44.89,7.28],[-44.52,6.84],[-44.3,6.25],[-43.89,5.82]]]}},{"type":"Feature","properties":{"ma":130,"type":"gpml:TopologicalNetwork","name":"Inactive_Proto_Caribbean_Mesh","pid":101,"deforming":true},"geometry":{"type":"Polygon","coordinates":[[[-61.72,12.82],[-61.13,13.26],[-60.46,13.75],[-59.83,14.37],[-59.21,15.07],[-58.76,15.81],[-58,16.46],[-57.24,17.11],[-56.48,17.75],[-55.75,18.14],[-55.02,18.53],[-54.29,18.91],[-53.74,18.86],[-53.2,18.81],[-52.14,18.79],[-51.62,18.61],[-51.09,18.43],[-50.35,18.21],[-49.6,18],[-48.79,17.39],[-48.32,17.1],[-47.85,16.81],[-47.36,16.55],[-46.87,16.28],[-46.37,15.97],[-45.88,15.66],[-45.21,15.24],[-44.59,14.67],[-43.82,14.13],[-43.82,14.13],[-43.35,13.37],[-42.89,12.85],[-42.43,12.33],[-41.9,11.67],[-41.38,11],[-40.8,10.49],[-40.76,9.95],[-40.39,9.45],[-39.92,9],[-39.57,8.52],[-39.26,7.89],[-38.7,7.43],[-38.07,7.13],[-37.66,6.99],[-37.66,6.99],[-37.78,6.6],[-37.86,6.3],[-37.86,6.3],[-37.79,6.29],[-37.66,6.07],[-37.02,5.99],[-36.87,5.49],[-36.73,4.99],[-36.49,4.96],[-36.13,4.87],[-36.13,4.87],[-36.12,4.71],[-35.91,4.39],[-35.56,3.9],[-35.22,3.14],[-34.92,2.45],[-34.75,1.91],[-34.34,1.35],[-33.93,1],[-33.58,0.7],[-33.23,0.21],[-32.72,-0.37],[-32.68,-0.84],[-33.3,-0.98],[-33.93,-1.29],[-34.91,-1.21],[-35.56,-0.88],[-36,-0.45],[-36.38,-0.06],[-36.75,0.33],[-37.42,1],[-37.92,1.57],[-38.25,1.96],[-38.57,2.34],[-39.1,2.77],[-39.63,3.21],[-40.03,3.52],[-40.44,3.84],[-40.77,4.04],[-40.77,4.04],[-41.08,4.38],[-41.59,5],[-42.19,5.62],[-42.72,6.4],[-43.13,6.89],[-43.26,7.13],[-43.26,7.13],[-43.24,7.22],[-43.06,7.54],[-43.22,8.12],[-43.25,8.66],[-43.34,9],[-43.68,9.24],[-44.19,9.53],[-44.72,9.87],[-45.25,10.2],[-45.81,10.53],[-46.38,10.85],[-46.69,10.91],[-47.24,11.14],[-47.78,11.37],[-48.36,11.48],[-48.87,11.62],[-49.38,11.76],[-50.13,11.85],[-50.94,11.82],[-51.37,11.76],[-51.96,11.39],[-52.56,11.01],[-53,10.78],[-53.32,10.52],[-53.84,10.23],[-54.36,9.94],[-54.58,9.74],[-54.76,9.36],[-54.95,8.64],[-55.06,8.21],[-55.06,8.21],[-55.07,8.07],[-55.18,7.57],[-55.3,7.07],[-55.29,6.33],[-55.32,5.84],[-55.44,5.09],[-55.57,4.33],[-55.6,4.15],[-55.6,4.15],[-56.05,4.21],[-56.64,4.56],[-57.06,4.87],[-57.49,5.18],[-58,5.51],[-58.51,5.84],[-59.14,6.26],[-59.77,6.67],[-60.54,7.14],[-61.05,7.6],[-61.08,7.63],[-61.08,7.63],[-61.06,8.11],[-61.06,8.74],[-61.09,9.22],[-61.3,9.54],[-61.48,9.91],[-61.65,10.27],[-61.86,10.71],[-62.04,11.11],[-62.13,11.54],[-62.27,11.9],[-62.32,12.37],[-61.72,12.82]]]}},{"type":"Feature","properties":{"ma":130,"type":"gpml:TopologicalNetwork","name":"Inactive_Mesh","pid":702,"deforming":true},"geometry":{"type":"Polygon","coordinates":[[[20.69,-60.86],[20.83,-60.77],[20.41,-60.66],[20.27,-60.41],[20.03,-60.17],[19.93,-59.88],[20.03,-59.69],[19.76,-59.41],[19.96,-59.19],[19.97,-59],[20.17,-58.81],[20.35,-58.32],[20.18,-57.97],[20.07,-57.54],[20.1,-57.14],[20.37,-57.02],[20.36,-56.81],[20.7,-56.7],[20.81,-56.49],[21.35,-56.35],[22.44,-55.81],[22.9,-55.49],[22.87,-55.27],[22.81,-55.12],[23.17,-54.77],[23.07,-54.27],[22.97,-53.78],[22.64,-53.26],[22.45,-52.53],[22.7,-52.04],[23.44,-51.7],[24.17,-51.35],[25.44,-51.2],[26.36,-51.5],[26.85,-51.45],[27.66,-51.22],[28.27,-51.18],[29.27,-50.73],[30.25,-50.27],[30.41,-49.85],[30.89,-49.51],[31.52,-49.1],[31.98,-48.44],[32.27,-48.42],[32.49,-48.34],[32.92,-48.38],[33.06,-48.4],[33.06,-48.4],[33.21,-48.6],[33.59,-48.95],[34.11,-49.2],[33.8,-49.91],[33.49,-50.62],[33.16,-51.33],[33.16,-51.33],[32.74,-51.46],[31.65,-51.8],[30.54,-52.13],[29.41,-52.45],[27.98,-52.92],[26.51,-53.37],[25.94,-54.13],[25.36,-54.88],[24.81,-55.71],[24.24,-56.53],[23.99,-57.41],[23.73,-58.29],[23.55,-59.03],[23.35,-59.76],[23.48,-60.49],[23.61,-61.23],[22.97,-61.54],[22.97,-61.54],[22.28,-61.62],[20.97,-61.23],[20.69,-60.86]]]}},{"type":"Feature","properties":{"ma":130,"type":"gpml:TopologicalNetwork","name":"West_Antarctica_Inactive_Mesh","pid":802,"deforming":true},"geometry":{"type":"Polygon","coordinates":[[[16.69,-63.76],[17.7,-64.18],[18.75,-64.6],[20.4,-64.95],[22.09,-65.28],[22.28,-65.29],[22.28,-65.29],[22.06,-65.55],[20.4,-66.12],[18.65,-66.67],[17.2,-67.22],[15.68,-67.77],[14.12,-67.94],[12.55,-68.1],[10.43,-68.09],[8.32,-68.06],[6.61,-68.19],[4.88,-68.3],[3.28,-68.59],[1.64,-68.86],[-0.03,-69.04],[-1.74,-69.2],[-3.55,-69.55],[-5.42,-69.87],[-8.13,-70.1],[-10.9,-70.28],[-13.15,-70.7],[-15.49,-71.09],[-15.49,-71.09],[-15.85,-70.59],[-16.19,-70.1],[-16.19,-70.1],[-16.18,-70.09],[-15.07,-69.81],[-12.99,-69.55],[-10.96,-69.27],[-10.53,-69.23],[-10.06,-68.71],[-9.62,-68.19],[-8.56,-67.61],[-6.59,-67.26],[-4.68,-66.87],[-3.23,-66.86],[-1.79,-66.83],[-0.48,-66.98],[0.84,-67.12],[2.44,-67.2],[4.4,-67.24],[6.37,-67.26],[8.31,-67.32],[10.26,-67.37],[12.22,-67.38],[13.58,-67.11],[14.29,-66.43],[14.95,-65.75],[15.59,-65.07],[16,-64.55],[16.39,-64.03],[16.69,-63.76]]]}},{"type":"Feature","properties":{"ma":130,"type":"gpml:TopologicalNetwork","name":"Inactive_East_West_Gondwana_Mesh","pid":701,"deforming":true},"geometry":{"type":"Polygon","coordinates":[[[42.36,-28.04],[41.8,-28.55],[41.23,-29.06],[40.66,-29.57],[40.2,-30.13],[39.74,-30.69],[39.26,-31.24],[38.93,-31.7],[38.6,-32.15],[37.91,-32.75],[37.2,-33.34],[36.49,-33.93],[35.84,-34.42],[35.19,-34.9],[34.53,-35.38],[33.75,-35.86],[32.96,-36.34],[32.22,-36.85],[31.46,-37.35],[30.7,-37.85],[29.77,-38.24],[28.83,-38.63],[27.88,-39.01],[27.09,-39.47],[26.29,-39.92],[25.48,-40.37],[24.61,-41.04],[23.71,-41.7],[23.03,-42.31],[22.34,-42.92],[21.52,-43.67],[20.67,-44.41],[20.64,-44.8],[20.81,-45.66],[20.51,-46.44],[20.7,-47.08],[20.02,-47.74],[20.05,-48.44],[20.08,-49.14],[20.71,-49.59],[20.57,-50.14],[20.43,-50.69],[20.08,-51.41],[19.9,-52.05],[19.71,-52.69],[19.63,-53.19],[19.56,-53.69],[19.4,-54.21],[19.24,-54.72],[18.96,-55.09],[17.66,-55.55],[16.29,-55.86],[14.73,-55.94],[13.43,-56.06],[12.13,-56.15],[11.63,-56.58],[10.95,-56.8],[9.82,-57.06],[8.82,-57.44],[8.11,-57.78],[7.39,-58.11],[6.93,-58.58],[6.46,-59.04],[5.98,-59.99],[5.36,-60.44],[4.73,-60.9],[3.75,-61.36],[2.45,-61.61],[0.83,-61.28],[-0.55,-61.08],[-1.72,-61.6],[-2.47,-62.05],[-3.24,-62.5],[-4.06,-62.94],[-4.35,-63.16],[-5.07,-63.37],[-5.71,-63.56],[-5.71,-63.56],[-5.77,-63.55],[-7.31,-63.74],[-7.99,-63.29],[-8.64,-62.83],[-8.64,-62.83],[-6.88,-62.36],[-6.12,-61.8],[-5.38,-61.23],[-4.67,-60.66],[-3.48,-60.14],[-2.33,-59.6],[-0.88,-59.05],[0.52,-58.48],[2.17,-58.13],[3.79,-57.76],[4.53,-57.23],[5.25,-56.7],[6.08,-56.17],[6.89,-55.63],[8.38,-55.35],[9.1,-54.79],[10.57,-54.35],[11.59,-54.2],[12.6,-54.05],[14.07,-53.77],[15.51,-53.48],[16.46,-52.97],[17.39,-52.46],[17.92,-51.54],[18.06,-50.69],[18.2,-49.84],[18.07,-49.07],[17.94,-48.3],[17.99,-47.55],[18.05,-46.81],[18.07,-46.01],[18.08,-45.21],[18.47,-44.52],[18.85,-43.83],[19.21,-43.36],[19.56,-42.89],[20.19,-42.39],[20.81,-41.87],[21.58,-41.35],[22.33,-40.82],[22.72,-40.13],[23.1,-39.44],[23.47,-38.75],[24.05,-38.11],[24.62,-37.47],[25.18,-36.83],[25.39,-36.02],[25.59,-35.2],[25.83,-34.35],[26.08,-33.5],[26.66,-33.02],[27.24,-32.54],[28.08,-32.05],[28.91,-31.55],[29.83,-31.33],[30.73,-31.11],[31.54,-30.93],[32.34,-30.75],[33.2,-30.48],[34.06,-30.21],[34.54,-29.86],[35.01,-29.51],[35.01,-29.51],[36.06,-29.35],[37.01,-29.13],[37.96,-28.91],[38.9,-28.68],[39.77,-28.53],[40.63,-28.37],[41.49,-28.21],[42.35,-28.04],[42.36,-28.04]]]}},{"type":"Feature","properties":{"ma":130,"type":"gpml:TopologicalNetwork","name":"Inactive_Greater_India_Network","pid":501,"deforming":true},"geometry":{"type":"Polygon","coordinates":[[[42.93,-40.49],[43.02,-40.34],[43.42,-39.66],[43.81,-38.99],[44.2,-38.27],[44.59,-37.55],[44.97,-36.84],[45.75,-36.29],[46.52,-35.74],[47.18,-35.38],[47.83,-35.01],[48.72,-34.36],[49.42,-33.75],[50.16,-33.24],[50.16,-33.24],[51.28,-33.45],[52.41,-33.64],[53.17,-34],[53.93,-34.35],[54.99,-34.84],[56.06,-35.31],[56.76,-35.59],[57.46,-35.87],[58.28,-36.19],[59.11,-36.51],[60.12,-37.08],[61.04,-37.59],[61.97,-38.09],[62.5,-38.52],[63.04,-38.94],[63.82,-39.54],[64.61,-40.13],[65.44,-40.65],[66.28,-41.17],[66.44,-41.26],[67.14,-41.67],[67.84,-42.08],[68.42,-42.41],[69.01,-42.74],[69.54,-43.09],[70.08,-43.44],[70.88,-43.94],[71.6,-44.39],[72.62,-45],[73.57,-45.64],[74.54,-46.28],[75.49,-46.4],[76.27,-46.5],[77.36,-46.62],[78.1,-46.56],[78.84,-46.5],[79.41,-46.44],[79.41,-46.44],[79.35,-46.93],[78.92,-47.43],[78.54,-47.99],[78.24,-48.78],[78.06,-49.39],[77.88,-50],[77.48,-50.9],[77.6,-51.57],[77.73,-52.23],[76.55,-52.77],[75.35,-53.3],[75.26,-53.33],[75.26,-53.33],[74.76,-53.27],[73.76,-53.43],[72.69,-53.73],[71.64,-54],[71.14,-53.93],[69.76,-53.79],[68.99,-53.69],[68.22,-53.58],[66.86,-53.4],[66.02,-53.33],[65.43,-53.02],[64.01,-52.85],[63.24,-52.64],[62.6,-52.36],[61.84,-52.54],[61.43,-52.36],[61.36,-51.95],[60.59,-51.65],[59.44,-51.14],[58.92,-50.82],[58.41,-50.5],[57.73,-49.94],[57.07,-49.37],[56.28,-48.79],[56.2,-48.32],[55.79,-47.94],[55.52,-47.69],[55.08,-47.45],[54.64,-46.96],[54.56,-46.59],[54.21,-46.18],[54.12,-45.73],[53.93,-45.25],[53.44,-44.79],[53.29,-44.21],[52.91,-43.43],[53.3,-42.95],[53.31,-42.1],[52.82,-41.5],[52.58,-40.73],[52.5,-40.04],[52.42,-39.35],[51.36,-39.57],[50.54,-39.74],[49.73,-39.91],[48.87,-40.02],[48.31,-40.29],[47.74,-40.56],[46.67,-40.64],[45.75,-40.65],[44.84,-40.64],[43.93,-40.57],[43.03,-40.49],[42.93,-40.49]]]}},{"type":"Feature","properties":{"ma":130,"type":"gpml:TopologicalNetwork","name":"Inactive_Central_Atlantic_Mesh","pid":714,"deforming":true},"geometry":{"type":"Polygon","coordinates":[[[-2.9,8.02],[-3.35,7.83],[-4.03,7.52],[-4.63,7.26],[-5.12,7.04],[-5.58,6.83],[-6.12,6.59],[-6.72,6.32],[-7.28,6.46],[-7.87,6.52],[-8.22,6.67],[-8.56,6.81],[-9.07,6.96],[-9.53,7.2],[-10.15,7.32],[-10.59,7.23],[-11.23,6.92],[-12.04,6.74],[-12.75,6.54],[-13.27,6.22],[-14.15,5.87],[-14.56,5.51],[-15.3,5.06],[-16.01,4.69],[-16.56,4.74],[-16.73,4.82],[-17.24,4.8],[-18.19,4.77],[-19.09,4.85],[-19.21,4.75],[-19.67,4.5],[-20.12,4.25],[-20.43,3.79],[-20.74,3.32],[-20.96,2.87],[-21.19,2.41],[-21.37,1.77],[-21.66,1.21],[-22,0.63],[-22.2,0.42],[-22.43,0.16],[-22.52,-0.28],[-22.56,-0.73],[-22.57,-1.51],[-22.76,-1.96],[-22.95,-2.34],[-23.24,-2.57],[-23.41,-2.86],[-23.53,-3.13],[-23.71,-3.49],[-24.15,-3.51],[-24.53,-3.53],[-24.53,-3.53],[-24.66,-3.45],[-25.48,-2.93],[-26.29,-2.4],[-26.29,-2.4],[-26.23,-2.34],[-25.87,-2.02],[-25.65,-1.54],[-25.36,-1.35],[-24.79,-0.94],[-24.12,-0.34],[-23.64,0.22],[-23.37,0.69],[-23.09,1.17],[-22.75,1.71],[-22.38,2.4],[-22.1,2.75],[-21.82,3.16],[-21.56,3.64],[-21.31,4.13],[-20.98,4.74],[-20.41,5.21],[-20.04,5.33],[-19.55,5.47],[-19.55,5.47],[-18.96,5.78],[-18.66,6.02],[-18.32,6.11],[-17.75,6.25],[-17.44,6.29],[-16.78,6.52],[-16.46,6.55],[-15.94,6.68],[-15.61,6.78],[-15.31,6.94],[-15.02,7.18],[-14.48,7.59],[-13.98,7.94],[-13.48,7.99],[-13.1,8.02],[-12.68,8.04],[-12.35,7.97],[-11.99,8.06],[-11.75,7.98],[-11.51,7.92],[-11.41,7.99],[-11.13,8.14],[-10.73,8.49],[-10.37,8.73],[-10.17,8.91],[-9.77,9.27],[-9.51,9.4],[-9.09,9.67],[-8.55,10.04],[-8.19,10.34],[-7.78,10.62],[-7.39,10.73],[-7.17,10.81],[-7.17,10.81],[-7.08,10.77],[-6.6,10.48],[-6.12,10.19],[-5.57,9.7],[-4.74,9.23],[-4.12,8.82],[-3.51,8.42],[-2.9,8.02]]]}},{"type":"Feature","properties":{"ma":130,"type":"gpml:TopologicalNetwork","name":"North_Atlantic_Phase1_Deformation_Mesh","pid":301,"deforming":true},"geometry":{"type":"Polygon","coordinates":[[[6.58,44.48],[6.86,44.1],[6.61,43.8],[6.54,43.55],[6.45,43.29],[6.21,42.79],[6.16,42.51],[6.11,42.12],[6.12,41.92],[6.14,41.54],[5.98,41.22],[5.72,41.07],[5.52,40.9],[5.27,40.72],[5.17,40.51],[4.97,40.3],[4.88,40.14],[4.7,39.97],[4.65,39.82],[4.73,39.66],[4.85,39.48],[5.05,39.26],[5.17,38.97],[5.25,38.75],[5.36,38.51],[5.35,38.25],[5.22,38.06],[4.98,37.82],[5.03,37.66],[5.07,37.54],[5.11,37.27],[5.19,37.14],[5.32,36.97],[5.29,36.91],[5.23,36.77],[5.17,36.72],[5.07,36.62],[5.04,36.59],[4.87,36.37],[4.7,36.23],[4.5,35.96],[4.44,35.74],[4.38,35.51],[4.34,35.36],[4.33,35.2],[4.31,35.09],[4.19,34.9],[4.1,34.87],[4.1,34.87],[4.05,34.82],[3.78,34.71],[3.43,34.69],[2.58,34.6],[2.38,34.65],[2.21,34.68],[2.06,34.7],[1.94,34.65],[1.85,34.6],[1.77,34.56],[1.65,34.5],[1.61,34.4],[1.57,34.32],[1.42,34.12],[1.3,33.93],[1.23,33.94],[1.06,33.56],[0.78,33.28],[0.68,32.92],[0.42,32.47],[0.39,32.26],[0.22,32.17],[0.06,32.09],[-0.03,32.06],[-0.15,32.04],[-0.28,32],[-0.43,31.97],[-0.8,31.92],[-0.94,31.79],[-1.11,31.58],[-1.22,31.51],[-1.32,31.45],[-1.44,31.37],[-1.42,31.18],[-1.47,30.94],[-1.54,30.77],[-1.64,30.52],[-1.58,30.09],[-1.6,29.91],[-1.61,29.69],[-1.58,29.33],[-1.57,29.12],[-1.6,28.89],[-1.59,28.61],[-1.67,28.37],[-1.69,28.24],[-1.72,28.05],[-1.74,27.77],[-1.79,27.61],[-1.85,27.43],[-2.04,27.28],[-2.12,27.11],[-2.21,27.01],[-2.33,26.87],[-2.46,26.69],[-2.56,26.53],[-2.68,26.33],[-2.82,26.19],[-2.99,25.92],[-3.27,25.9],[-3.65,25.84],[-3.99,25.75],[-4.12,25.7],[-4.26,25.65],[-4.41,25.56],[-4.58,25.46],[-4.72,25.33],[-4.73,25.22],[-4.71,25.16],[-4.67,25.01],[-4.81,24.93],[-4.74,24.66],[-4.83,24.5],[-4.95,24.38],[-5.04,24.22],[-5.09,23.93],[-5.1,23.51],[-5.04,23.26],[-4.86,23.04],[-4.27,23.02],[-3.49,22.85],[-2.82,22.54],[-2.62,22.26],[-2.47,21.9],[-2.52,21.77],[-2.41,21.55],[-2.38,21.44],[-2.2,21.26],[-2.05,21.08],[-1.36,20.95],[-1,20.91],[-0.73,20.61],[-0.4,20.48],[-0.17,20.32],[0.21,20.28],[0.56,20.26],[0.9,20.22],[1.29,20.18],[1.63,20.1],[2.06,19.99],[2.54,19.75],[2.8,19.56],[3.33,19.39],[3.84,18.99],[4.33,18.62],[4.56,18.31],[4.79,17.96],[5.07,17.67],[5.33,17.36],[5.56,16.84],[5.56,16.84],[5.02,16.21],[4.49,15.58],[4.27,15.26],[4.27,15.26],[3.94,15.49],[3.22,15.91],[2.56,16.63],[1.86,17.07],[1.22,17.25],[0.58,17.49],[0.31,17.57],[-0.01,17.67],[-0.19,17.72],[-0.46,17.8],[-0.66,17.82],[-1.07,17.86],[-1.25,17.92],[-1.42,17.99],[-1.77,18.13],[-2.06,18.11],[-2.43,18.22],[-2.71,18.44],[-2.79,18.6],[-2.79,18.6],[-2.87,18.44],[-2.98,18.31],[-3.03,18.17],[-3.1,17.96],[-3.18,17.7],[-3.29,17.43],[-3.45,17.14],[-3.58,16.83],[-3.71,16.49],[-3.84,16.29],[-4.07,15.9],[-4.26,15.67],[-4.64,15.36],[-4.99,14.92],[-5.1,14.67],[-5.16,14.34],[-5.23,13.94],[-5.43,13.59],[-5.65,13.37],[-5.87,13.14],[-6.03,12.98],[-6.24,12.76],[-6.42,12.58],[-6.63,12.37],[-6.73,12.27],[-6.92,12.06],[-6.92,12.06],[-7.39,12.56],[-7.85,13.05],[-7.85,13.05],[-7.78,13.22],[-7.7,13.36],[-7.6,13.53],[-7.46,13.78],[-7.33,14],[-7.17,14.3],[-7.02,14.55],[-6.9,14.77],[-6.78,14.98],[-6.71,15.26],[-6.76,15.54],[-6.85,15.84],[-6.67,16.08],[-6.22,16.36],[-6.12,16.52],[-6.07,16.71],[-6,16.98],[-5.92,17.3],[-5.97,17.63],[-5.91,18.09],[-5.91,18.28],[-5.91,18.28],[-5.98,18.23],[-6.21,18.1],[-6.37,17.99],[-6.46,17.97],[-6.49,17.96],[-6.55,17.95],[-6.62,17.95],[-6.74,17.89],[-6.84,17.86],[-6.99,17.85],[-7.38,17.89],[-7.55,17.91],[-7.66,17.85],[-7.74,17.83],[-7.86,17.8],[-7.96,17.79],[-8.06,17.77],[-8.13,17.75],[-8.2,17.69],[-8.24,17.66],[-8.3,17.61],[-8.37,17.54],[-8.45,17.46],[-8.52,17.36],[-8.56,17.27],[-8.6,17.16],[-8.64,17.07],[-8.67,16.97],[-8.7,16.91],[-8.74,16.8],[-8.77,16.74],[-8.82,16.68],[-8.88,16.62],[-8.95,16.55],[-9.03,16.46],[-9.12,16.37],[-9.19,16.29],[-9.25,16.22],[-9.35,16.13],[-9.45,16.02],[-9.55,15.92],[-9.68,15.78],[-9.8,15.69],[-9.9,15.62],[-10.06,15.49],[-10.14,15.43],[-10.14,15.43],[-10.61,15.91],[-10.88,16.16],[-10.88,16.16],[-10.74,16.26],[-10.58,16.38],[-10.4,16.51],[-10.26,16.61],[-10.02,16.79],[-9.97,16.92],[-9.92,17.06],[-9.9,17.24],[-9.89,17.38],[-9.78,17.53],[-9.71,17.63],[-9.43,17.82],[-9.24,17.94],[-9.1,18.03],[-8.96,18.14],[-8.8,18.27],[-8.65,18.45],[-8.59,18.52],[-8.51,18.57],[-8.37,18.65],[-8.3,18.71],[-8.21,18.78],[-8.08,18.88],[-8.03,18.92],[-7.95,18.97],[-7.91,18.99],[-7.87,18.99],[-7.87,18.99],[-7.87,19.13],[-7.92,19.31],[-7.93,19.4],[-7.94,19.47],[-7.94,19.64],[-8.01,19.77],[-8.04,19.94],[-8.14,20.08],[-8.19,20.27],[-8.26,20.44],[-8.48,20.54],[-8.64,20.7],[-8.81,20.8],[-8.99,20.9],[-9.31,21.12],[-9.55,21.22],[-9.8,21.31],[-10.07,21.52],[-10.22,21.83],[-10.23,22.11],[-10.24,22.39],[-10.21,22.68],[-10.15,22.98],[-10.09,23.28],[-10,23.55],[-9.91,23.78],[-9.79,23.99],[-9.71,24.19],[-9.57,24.45],[-9.57,24.45],[-9.28,24.53],[-8.8,24.66],[-8.6,24.8],[-8.4,24.95],[-7.99,25.23],[-7.8,25.38],[-7.58,25.56],[-7.2,26.06],[-6.87,26.34],[-6.52,26.62],[-5.99,26.97],[-5.57,27.38],[-5.09,27.84],[-4.77,28.46],[-4.42,29.13],[-4.44,29.57],[-4.45,29.82],[-4.58,30.18],[-4.71,30.5],[-4.94,31.1],[-4.67,31.68],[-4.27,31.76],[-3.99,31.82],[-3.44,31.94],[-2.65,32.23],[-2.08,32.55],[-1.41,32.76],[-0.89,33.09],[-0.1,33.48],[0.39,33.98],[0.59,34.32],[0.99,34.99],[1.5,35.49],[2.09,36.04],[2.45,36.31],[2.86,36.76],[2.88,36.95],[2.63,37.32],[2.63,37.38],[2.83,38.03],[2.93,38.27],[3.02,38.41],[2.85,38.64],[2.66,38.74],[2.36,38.98],[2.24,39.15],[2.33,39.37],[2.41,39.5],[2.43,39.73],[2.48,39.91],[2.41,40.13],[2.62,40.23],[2.8,40.35],[2.92,40.47],[3.09,40.77],[3.61,41.03],[4.17,41.32],[4.33,41.45],[4.61,42],[4.64,42.39],[4.86,42.47],[4.98,42.61],[5.09,42.78],[5.16,42.87],[5.53,43.38],[5.91,43.76],[6.09,44.08],[6.34,44.26],[6.57,44.31],[6.57,44.31],[6.58,44.48],[6.58,44.48]]]}},{"type":"Feature","properties":{"ma":130,"type":"gpml:TopologicalNetwork","name":"WEC","pid":601,"deforming":true},"geometry":{"type":"Polygon","coordinates":[[[126.62,52.16],[125.03,52.4],[123.43,52.61],[121.81,52.8],[120.18,52.97],[118.54,53.12],[116.89,53.24],[115.91,52.81],[114.96,52.36],[113.91,52.12],[112.87,51.87],[111.85,51.61],[111.82,51.11],[111.79,50.6],[110.72,50.56],[109.67,50.51],[108.61,50.44],[107.36,50.53],[106.1,50.61],[104.84,50.67],[103.48,50.57],[102.12,50.45],[100.68,50.07],[99.26,49.68],[97.97,49.24],[96.7,48.79],[96.01,48.63],[96.01,48.63],[95.59,49.21],[94.91,49.57],[94.23,49.94],[93.08,50.41],[92.32,50.83],[91.55,51.24],[90.7,51.91],[90.24,52.74],[90.05,53.45],[89.86,54.29],[89.68,55.19],[89.54,55.86],[89.42,56.84],[89.68,57.42],[89.94,58.01],[90.13,58.79],[90.32,59.58],[90.5,60.25],[90.69,60.92],[90.88,61.59],[91.13,62.28],[91.38,62.96],[91.65,63.64],[91.74,64.45],[91.84,65.25],[91.82,65.98],[91.8,66.71],[91.78,67.29],[91.75,67.88],[91.84,68.25],[91.84,68.25],[92.99,68.59],[94.59,69.03],[96.26,69.45],[98.6,70],[101.07,70.51],[102.55,70.79],[104.08,71.06],[106.31,71.42],[108.62,71.75],[110.39,71.98],[112.2,72.19],[114.2,72.4],[116.25,72.59],[118.7,72.78],[121.21,72.94],[123.6,73.07],[126.03,73.17],[128.48,73.23],[131.26,73.28],[134.05,73.28],[134.05,73.28],[133.91,72.66],[133.77,72.04],[133.57,71.18],[133.39,70.32],[133.18,69.56],[132.99,68.81],[132.74,67.98],[132.51,67.14],[132.15,66.41],[131.81,65.67],[131.48,64.77],[131.18,63.88],[130.91,63.15],[130.66,62.42],[130.44,61.82],[130.23,61.22],[129.99,60.56],[129.77,59.9],[129.47,59.09],[129.19,58.27],[128.83,57.34],[128.49,56.4],[128.06,55.53],[127.64,54.65],[127.37,53.98],[127.11,53.31],[126.86,52.64],[126.62,52.16]]]}},{"type":"Feature","properties":{"ma":130,"type":"gpml:TopologicalNetwork","name":"Deforming Network","pid":701,"deforming":true},"geometry":{"type":"Polygon","coordinates":[[[-9.35,-21.25],[-9.9,-20.95],[-10.32,-20.69],[-10.8,-20.4],[-10.8,-20.4],[-9.91,-20.32],[-9.38,-20.28],[-9.38,-20.28],[-9.13,-20.47],[-8.49,-21],[-8.21,-21.42],[-7.93,-21.85],[-7.8,-22.42],[-7.67,-22.99],[-7.74,-23.78],[-8.04,-24.34],[-8.33,-24.9],[-8.91,-25.42],[-9.5,-25.95],[-10.09,-26.48],[-10.22,-26.98],[-10.36,-27.48],[-10.67,-28.44],[-11.14,-29.2],[-11.36,-29.72],[-11.58,-30.24],[-11.53,-30.79],[-11.48,-31.35],[-11.11,-32.01],[-11.08,-32.89],[-11.12,-33.39],[-11.17,-33.89],[-11.51,-34.71],[-11.89,-35.47],[-12.11,-36.29],[-12.25,-37.28],[-12.47,-38.13],[-12.88,-38.72],[-13.34,-39.15],[-13.8,-39.57],[-14.75,-40.04],[-15.38,-40.21],[-16,-40.37],[-17.15,-40.83],[-17.73,-41.17],[-18.32,-41.5],[-18.99,-41.91],[-19.67,-42.32],[-20.22,-42.69],[-20.77,-43.07],[-21.33,-43.93],[-21.6,-44.55],[-21.88,-45.16],[-22.09,-45.64],[-22.31,-46.12],[-22.73,-46.94],[-22.98,-47.86],[-23.39,-48.47],[-23.82,-49.07],[-24.48,-49.94],[-24.91,-50.42],[-25.35,-50.9],[-25.78,-51.4],[-26.22,-51.91],[-26.63,-52.4],[-27.05,-52.89],[-27.36,-53.77],[-27.68,-54.69],[-27.98,-55.26],[-28.29,-55.82],[-28.83,-56.39],[-29.4,-56.96],[-30.37,-57.74],[-31.38,-58.51],[-31.92,-59.07],[-32.48,-59.63],[-32.55,-60.23],[-32.63,-60.82],[-32.79,-61.49],[-32.97,-62.15],[-33,-62.97],[-33,-62.97],[-34.19,-62.84],[-35.36,-62.71],[-35.36,-62.71],[-35.32,-62.27],[-35.01,-61.52],[-34.7,-60.71],[-34.57,-60.31],[-34.38,-59.68],[-34.18,-59.11],[-34.02,-58.65],[-33.72,-57.94],[-33.59,-57.61],[-33.2,-56.88],[-32.82,-56.07],[-32.51,-55.59],[-32.18,-55.06],[-31.96,-54.7],[-31.81,-54.53],[-31.35,-53.97],[-30.94,-53.47],[-30.86,-53.36],[-30.44,-52.9],[-30.04,-52.44],[-29.97,-52.37],[-29.35,-51.7],[-29.31,-51.66],[-28.7,-51.05],[-28.55,-50.89],[-28.04,-50.42],[-27.74,-50.14],[-27.41,-49.79],[-27.02,-49.37],[-26.84,-49.13],[-26.42,-48.56],[-26.32,-48.43],[-25.83,-47.75],[-25.8,-47.72],[-25.12,-47.12],[-25.02,-47.03],[-24.46,-46.51],[-24.26,-46.31],[-23.85,-45.86],[-23.61,-45.56],[-23.31,-45.2],[-23.01,-44.74],[-22.82,-44.49],[-22.41,-43.94],[-22.32,-43.82],[-21.84,-43.33],[-21.62,-43.15],[-21.52,-43.07],[-21.25,-42.9],[-21.01,-42.75],[-20.68,-42.51],[-20.57,-42.43],[-20.18,-42.16],[-19.61,-41.78],[-19.55,-41.74],[-18.97,-41.39],[-18.62,-41.18],[-18.25,-40.98],[-17.7,-40.7],[-16.91,-40.31],[-16.41,-40.09],[-16.07,-39.9],[-15.37,-39.41],[-15.2,-39.28],[-14.44,-38.62],[-14.34,-38.47],[-14.03,-37.75],[-14,-37.69],[-13.73,-36.93],[-13.71,-36.85],[-13.53,-36.14],[-13.48,-35.95],[-13.28,-35.35],[-13.19,-35.11],[-12.97,-34.58],[-12.82,-34.26],[-12.71,-33.86],[-12.56,-33.43],[-12.5,-33.11],[-12.43,-32.61],[-12.43,-32.31],[-12.52,-31.75],[-12.54,-31.6],[-12.65,-30.92],[-12.64,-30.83],[-12.67,-30.03],[-12.67,-29.99],[-12.41,-29.29],[-12.26,-29.03],[-12.07,-28.67],[-11.9,-28.33],[-11.74,-28.04],[-11.5,-27.61],[-11.39,-27.45],[-10.94,-26.83],[-10.82,-26.7],[-10.74,-26.6],[-10.39,-26.22],[-10.26,-26.1],[-10.19,-26.03],[-9.37,-25.4],[-8.92,-24.97],[-8.84,-24.9],[-8.49,-24.06],[-8.48,-24.02],[-8.58,-23.33],[-8.61,-23.21],[-8.52,-22.33],[-8.58,-22.15],[-8.8,-21.55],[-9.35,-21.25]]]}},{"type":"Feature","properties":{"ma":130,"type":"gpml:TopologicalNetwork","name":"Deforming Network","pid":201,"deforming":true},"geometry":{"type":"Polygon","coordinates":[[[-8.81,-21.55],[-8.58,-22.15],[-8.53,-22.33],[-8.61,-23.21],[-8.58,-23.33],[-8.48,-24.03],[-8.48,-24.06],[-8.85,-24.9],[-8.92,-24.97],[-9.37,-25.4],[-10.2,-26.03],[-10.26,-26.1],[-10.4,-26.21],[-10.74,-26.6],[-10.82,-26.7],[-10.94,-26.83],[-11.4,-27.45],[-11.49,-27.61],[-11.74,-28.04],[-11.9,-28.33],[-12.06,-28.67],[-12.26,-29.03],[-12.41,-29.29],[-12.67,-29.99],[-12.67,-30.03],[-12.64,-30.83],[-12.64,-30.92],[-12.54,-31.6],[-12.52,-31.75],[-12.43,-32.31],[-12.43,-32.61],[-12.5,-33.1],[-12.56,-33.43],[-12.71,-33.85],[-12.82,-34.26],[-12.97,-34.58],[-13.19,-35.11],[-13.28,-35.35],[-13.48,-35.95],[-13.52,-36.14],[-13.71,-36.85],[-13.73,-36.93],[-14.01,-37.69],[-14.03,-37.75],[-14.34,-38.47],[-14.44,-38.61],[-15.2,-39.28],[-15.36,-39.41],[-16.07,-39.9],[-16.41,-40.09],[-16.91,-40.32],[-17.71,-40.7],[-18.25,-40.98],[-18.62,-41.18],[-18.96,-41.39],[-19.56,-41.74],[-19.62,-41.77],[-20.18,-42.16],[-20.56,-42.43],[-20.68,-42.51],[-21.02,-42.75],[-21.25,-42.9],[-21.51,-43.07],[-21.62,-43.15],[-21.84,-43.33],[-22.32,-43.82],[-22.41,-43.94],[-22.82,-44.49],[-23.01,-44.74],[-23.31,-45.2],[-23.6,-45.56],[-23.85,-45.86],[-24.26,-46.31],[-24.45,-46.51],[-25.02,-47.03],[-25.11,-47.12],[-25.81,-47.71],[-25.84,-47.75],[-26.51,-48.3],[-26.61,-48.44],[-27.04,-48.99],[-27.22,-49.24],[-27.56,-49.69],[-27.85,-50.07],[-28.1,-50.39],[-28.55,-50.89],[-28.7,-51.05],[-29.31,-51.66],[-29.35,-51.7],[-30.04,-52.32],[-30.12,-52.39],[-30.58,-52.83],[-31.05,-53.27],[-31.19,-53.37],[-31.82,-53.82],[-32.27,-54.38],[-32.46,-54.54],[-32.87,-54.85],[-33.51,-55.31],[-34.08,-55.71],[-34.61,-56.12],[-35.15,-56.53],[-36,-57.17],[-36.38,-57.46],[-36.95,-58.12],[-37.33,-58.54],[-37.74,-59.08],[-38.21,-59.67],[-38.42,-60.06],[-38.88,-60.86],[-39.2,-61.35],[-39.53,-61.85],[-39.65,-62.08],[-39.65,-62.08],[-40.7,-61.88],[-41.73,-61.67],[-41.73,-61.67],[-41.74,-61.34],[-41.6,-60.86],[-41.43,-60.36],[-41.26,-59.87],[-40.83,-59.2],[-40.43,-58.52],[-39.93,-57.85],[-39.35,-57.26],[-38.35,-56.42],[-37.58,-55.82],[-36.83,-55.22],[-36.11,-54.61],[-35.38,-53.98],[-34.79,-53.47],[-34.21,-52.96],[-33.78,-52.73],[-32.98,-52.28],[-32.21,-51.83],[-31.49,-51.4],[-30.78,-50.97],[-30.11,-50.21],[-29.56,-49.43],[-28.92,-48.64],[-28.24,-47.96],[-27.79,-47.39],[-27.05,-46.61],[-26.35,-45.86],[-25.82,-45.07],[-25.66,-44.91],[-25.04,-44.49],[-24.54,-43.58],[-24.5,-42.66],[-24.34,-42.14],[-24.18,-41.62],[-23.71,-41.2],[-23.24,-40.79],[-22.14,-40.26],[-21.48,-40.05],[-20.82,-39.83],[-19.84,-39.51],[-18.94,-39.39],[-18.05,-39.25],[-17.26,-39.08],[-16.49,-38.9],[-15.75,-38.32],[-15.48,-37.85],[-15.19,-37.38],[-14.7,-36.77],[-14.55,-36.15],[-14.43,-35.64],[-14.29,-35.19],[-14,-34.65],[-13.86,-34.08],[-13.64,-33.72],[-13.61,-33.3],[-13.44,-32.83],[-13.22,-32.33],[-13.14,-31.71],[-13.11,-31.07],[-12.96,-30.53],[-13.06,-29.93],[-13.01,-29.42],[-12.92,-29.08],[-12.63,-28.38],[-12.55,-27.89],[-12.53,-27.46],[-12.53,-26.92],[-12.57,-26.47],[-12.64,-26.03],[-12.56,-25.66],[-12.36,-25.39],[-12.13,-25.17],[-11.64,-24.88],[-11.45,-24.65],[-12.36,-24.7],[-13.26,-24.32],[-13.79,-24.01],[-14.15,-24.2],[-14.21,-24.63],[-14.62,-24.63],[-14.99,-24.36],[-15.19,-23.96],[-15.05,-23.68],[-14.63,-23.28],[-14.21,-22.87],[-13.55,-22.64],[-13.14,-22.28],[-12.8,-22.35],[-12.43,-21.83],[-12.04,-21.56],[-11.35,-21.38],[-10.97,-21.07],[-11.04,-20.69],[-11.31,-20.48],[-11.4,-20.46],[-11.4,-20.46],[-10.8,-20.4],[-10.8,-20.4],[-10.32,-20.69],[-9.9,-20.95],[-9.35,-21.25],[-8.81,-21.55]]]}},{"type":"Feature","properties":{"ma":130,"type":"gpml:TopologicalNetwork","name":"Deforming Network","pid":714,"deforming":true},"geometry":{"type":"Polygon","coordinates":[[[-25.87,-10.94],[-26.45,-10.21],[-27.04,-9.48],[-27.06,-9.42],[-27.06,-9.42],[-26.81,-9.51],[-25.82,-9.69],[-25.82,-9.69],[-25.23,-10.19],[-25.02,-10.97],[-24.82,-11.76],[-24.59,-12.52],[-24.36,-13.29],[-24,-13.98],[-23.63,-14.68],[-23.09,-15.2],[-22.29,-15.5],[-21.47,-15.8],[-20.71,-16.16],[-19.95,-16.51],[-19.09,-17.05],[-18.59,-17.48],[-18.08,-17.92],[-17.28,-18.13],[-16.49,-18.35],[-15.65,-18.4],[-14.82,-18.46],[-14.27,-18.52],[-13.73,-18.57],[-12.79,-18.91],[-11.84,-19.25],[-11.2,-19.61],[-10.57,-19.97],[-9.93,-20.33],[-9.93,-20.33],[-10.8,-20.41],[-10.8,-20.41],[-11.11,-20.22],[-11.72,-19.82],[-12.24,-19.57],[-12.97,-19.28],[-13.73,-19.09],[-14.22,-18.97],[-15.23,-18.79],[-15.47,-18.74],[-16.33,-18.6],[-16.54,-18.54],[-17.29,-18.41],[-17.86,-18.24],[-18.53,-17.88],[-18.85,-17.63],[-19.26,-17.28],[-19.67,-16.93],[-19.91,-16.81],[-20.74,-16.43],[-21.65,-16.08],[-21.79,-16.03],[-22.34,-15.77],[-22.9,-15.5],[-23.04,-15.43],[-23.8,-14.83],[-24.13,-14.39],[-24.27,-14.12],[-24.61,-13.33],[-24.72,-13.02],[-24.88,-12.61],[-25.21,-11.81],[-25.27,-11.66],[-25.87,-10.94]]]}},{"type":"Feature","properties":{"ma":130,"type":"gpml:TopologicalNetwork","name":"Deforming Network","pid":201,"deforming":true},"geometry":{"type":"Polygon","coordinates":[[[-25.28,-11.66],[-25.21,-11.8],[-24.88,-12.62],[-24.73,-13.01],[-24.61,-13.33],[-24.27,-14.12],[-24.13,-14.39],[-23.8,-14.83],[-23.05,-15.43],[-22.9,-15.51],[-22.34,-15.77],[-21.78,-16.04],[-21.65,-16.08],[-20.74,-16.43],[-19.92,-16.81],[-19.67,-16.93],[-19.26,-17.28],[-18.85,-17.63],[-18.53,-17.88],[-17.86,-18.24],[-17.29,-18.42],[-16.54,-18.55],[-16.33,-18.6],[-15.47,-18.74],[-15.23,-18.79],[-14.22,-18.97],[-13.73,-19.09],[-12.97,-19.29],[-12.23,-19.57],[-11.72,-19.82],[-11.1,-20.22],[-10.8,-20.4],[-10.8,-20.4],[-11.4,-20.46],[-11.4,-20.46],[-11.87,-20.34],[-12.45,-20.15],[-12.82,-19.98],[-12.82,-19.98],[-13.06,-19.88],[-13.66,-19.69],[-14.45,-19.54],[-15.17,-19.54],[-15.89,-19.53],[-16.81,-19.38],[-17.73,-19.22],[-18.68,-18.84],[-19.54,-18.35],[-20.44,-17.85],[-21.28,-17.46],[-21.84,-17.21],[-22.39,-16.96],[-22.91,-16.7],[-23.42,-16.44],[-24,-16.18],[-24.58,-15.92],[-24.91,-15.51],[-25.24,-15.11],[-25.43,-14.59],[-25.61,-14.08],[-25.69,-13.52],[-25.76,-12.96],[-25.99,-12.44],[-26.22,-11.93],[-26.86,-11.16],[-27.35,-10.54],[-27.7,-10.01],[-28.04,-9.47],[-28.27,-8.98],[-28.27,-8.98],[-28.08,-9.05],[-27.57,-9.24],[-27.06,-9.42],[-27.06,-9.42],[-27.04,-9.48],[-26.45,-10.21],[-25.87,-10.94],[-25.28,-11.66]]]}},{"type":"Feature","properties":{"ma":130,"type":"gpml:TopologicalNetwork","name":"Mesozoic Southern South America Deformation","pid":201,"deforming":true},"geometry":{"type":"Polygon","coordinates":[[[-32.21,-51.83],[-32.98,-52.28],[-33.78,-52.73],[-34.21,-52.96],[-34.79,-53.47],[-35.38,-53.98],[-36.11,-54.61],[-36.83,-55.22],[-37.58,-55.82],[-38.35,-56.42],[-39.35,-57.26],[-39.93,-57.85],[-40.43,-58.52],[-40.83,-59.2],[-41.26,-59.87],[-41.43,-60.36],[-41.6,-60.86],[-41.74,-61.34],[-41.73,-61.67],[-41.73,-61.67],[-40.6,-61.9],[-39.46,-62.12],[-37.53,-62.41],[-35.57,-62.68],[-33.67,-62.9],[-31.75,-63.09],[-29.87,-63.32],[-27.97,-63.52],[-26.3,-63.74],[-24.6,-63.95],[-22.87,-64.13],[-20.93,-64.27],[-18.96,-64.38],[-16.99,-64.47],[-14.93,-64.35],[-12.89,-64.2],[-10.88,-64.02],[-10.88,-64.02],[-11.13,-64.91],[-11.38,-65.42],[-11.64,-65.92],[-12.31,-66.51],[-13.01,-67.1],[-14.09,-67.44],[-15.21,-67.77],[-15.21,-67.77],[-15.84,-67.95],[-17.74,-68.24],[-19.68,-68.51],[-21.98,-68.59],[-24.28,-68.63],[-25.97,-68.71],[-27.66,-68.76],[-27.87,-68.77],[-27.87,-68.77],[-28.77,-69.02],[-30.09,-69.25],[-31.44,-69.48],[-33.66,-69.55],[-35.89,-69.6],[-37.65,-69.67],[-39.41,-69.73],[-41.31,-69.6],[-43.18,-69.45],[-45.45,-69.3],[-47.68,-69.13],[-50.36,-69.11],[-53.03,-69.05],[-54.65,-68.95],[-56.26,-68.84],[-57.72,-68.7],[-59.16,-68.54],[-60.99,-68.17],[-62.76,-67.77],[-64.32,-67.16],[-65.8,-66.53],[-67.2,-65.89],[-68.4,-65.31],[-68.4,-65.31],[-68.37,-65.26],[-68.17,-64.89],[-68.01,-64.57],[-67.91,-64.41],[-67.81,-64.09],[-67.83,-63.69],[-67.83,-63.3],[-67.76,-62.96],[-67.72,-62.66],[-67.62,-62.41],[-67.51,-62.09],[-67.37,-61.74],[-67.02,-61.32],[-66.62,-61],[-66.35,-60.81],[-66.04,-60.58],[-65.67,-60.32],[-65.08,-59.91],[-64.55,-59.56],[-64.15,-59.25],[-63.84,-58.95],[-63.71,-58.51],[-63.6,-58.24],[-63.51,-58.01],[-63.47,-57.93],[-63.32,-57.69],[-63.15,-57.39],[-62.93,-57.04],[-62.72,-56.76],[-62.5,-56.45],[-62.26,-56.1],[-62.08,-55.86],[-61.66,-55.23],[-61.39,-54.83],[-61.12,-54.45],[-60.86,-54.09],[-60.5,-53.6],[-60.31,-53.33],[-60.04,-52.88],[-59.88,-52.61],[-59.68,-52.26],[-59.36,-52],[-58.92,-51.45],[-58.92,-51.45],[-58.73,-50.98],[-58.47,-50.57],[-57.94,-49.9],[-57.42,-49.22],[-57.29,-48.69],[-57.15,-48.15],[-57.15,-48.15],[-56.75,-47.4],[-56.36,-46.64],[-55.98,-45.89],[-55.61,-45.13],[-55.25,-44.37],[-55.25,-44.37],[-54.3,-44.71],[-53.33,-45.04],[-52.35,-45.37],[-51.17,-45.83],[-49.96,-46.28],[-49.03,-46.65],[-48.08,-47],[-47.06,-47.36],[-46.02,-47.7],[-44.64,-47.98],[-43.25,-48.25],[-42.14,-48.68],[-41.01,-49.1],[-40.13,-49.29],[-39.24,-49.47],[-38.08,-49.6],[-36.92,-49.72],[-36.12,-49.7],[-35.32,-49.68],[-34.37,-50.07],[-34.17,-50.59],[-33.53,-51.3],[-32.67,-51.64],[-32.02,-51.73],[-32.21,-51.83]]]}},{"type":"Feature","properties":{"ma":130,"type":"gpml:TopologicalNetwork","name":"Mesozoic Africa Basins","pid":701,"deforming":true},"geometry":{"type":"Polygon","coordinates":[[[8.45,1.42],[9.23,0.81],[10.01,0.2],[10.79,-0.41],[11.47,-0.86],[12.15,-1.31],[12.84,-1.76],[13.52,-2.21],[14.2,-2.65],[14.2,-2.65],[13.69,-3.1],[13.19,-3.55],[12.91,-4.23],[12.63,-4.91],[12.35,-5.59],[12.48,-6.22],[12.6,-6.85],[12.9,-7.31],[13.19,-7.76],[12.89,-8.43],[12.59,-9.11],[12.29,-9.78],[11.62,-9.9],[10.95,-10.02],[10.16,-9.82],[9.38,-9.95],[8.6,-10.08],[7.67,-9.74],[6.74,-9.39],[5.75,-9.21],[4.98,-9.29],[4.2,-9.38],[3.62,-9.19],[3.03,-9.01],[2.36,-9.11],[1.68,-9.21],[1.68,-9.85],[1.69,-10.5],[1.59,-11.09],[1.5,-11.68],[1.66,-12.26],[1.2,-13.05],[1.22,-13.77],[1.23,-14.48],[1.28,-15.04],[1.34,-15.59],[1.37,-16.21],[1.4,-16.84],[1.29,-17.33],[1.17,-17.82],[0.62,-18.32],[-0.14,-18.73],[-0.14,-18.73],[-0.08,-19.24],[-0.03,-19.55],[0.65,-20.13],[0.7,-20.59],[0.56,-20.81],[0.65,-21.37],[0.99,-21.9],[1.52,-22.01],[1.87,-22.41],[2.22,-22.82],[2.51,-23.25],[2.81,-23.69],[3.39,-23.76],[3.98,-23.82],[4.97,-23.88],[5.97,-23.93],[6.82,-24.14],[7.67,-24.35],[8.28,-24.3],[8.89,-24.24],[9.83,-24.35],[10.77,-24.45],[11.31,-24.28],[11.85,-24.11],[12.58,-24.39],[13.59,-24.2],[13.87,-24.77],[14.29,-25.63],[14.55,-26.18],[14.82,-26.73],[14.88,-27.44],[14.94,-28.16],[15,-28.87],[15.23,-29.79],[15.58,-30.23],[15.94,-30.67],[16.64,-30.58],[17.18,-30.27],[17.01,-29.48],[16.71,-28.89],[16.41,-28.29],[16.64,-27.76],[16.87,-27.23],[17.28,-26.77],[17.68,-26.32],[18.08,-26.11],[18.43,-26.32],[18.54,-27.21],[18.64,-28.09],[18.65,-28.83],[18.65,-29.56],[18.52,-30.1],[18.38,-30.64],[17.96,-30.97],[17.82,-31.83],[18.21,-32.73],[19,-32.91],[19.79,-33.08],[20.43,-33.39],[21.32,-33.02],[22.21,-32.65],[22.49,-32.08],[22.78,-31.51],[23.47,-31.07],[24.16,-30.62],[24.66,-30.31],[25.17,-30.01],[26.07,-29.74],[26.96,-29.47],[27.85,-29.19],[28.73,-28.91],[29.86,-28.78],[30.99,-28.65],[32.11,-28.5],[33.06,-28.37],[34.01,-28.24],[34.95,-28.1],[35.87,-27.96],[36.79,-27.81],[37.71,-27.65],[38.46,-27.54],[39.22,-27.42],[39.97,-27.3],[40.51,-27.23],[40.51,-27.23],[39.98,-27.65],[39.43,-28.08],[38.9,-28.68],[38.9,-28.68],[37.96,-28.91],[37.01,-29.13],[36.06,-29.35],[35.04,-29.5],[34.02,-29.65],[32.99,-29.79],[31.96,-29.89],[30.93,-29.98],[29.89,-30.06],[28.96,-30.18],[28.03,-30.28],[27.1,-30.38],[26.46,-30.74],[25.81,-31.09],[25.02,-31.53],[24.23,-31.97],[23.43,-32.6],[22.62,-33.21],[21.79,-33.83],[20.84,-33.98],[19.89,-34.13],[18.97,-33.73],[18.06,-33.33],[17.16,-32.92],[16.44,-32.62],[15.73,-32.33],[15.03,-32.03],[14.35,-31.29],[13.68,-30.55],[13.77,-29.64],[13.31,-29.32],[12.86,-29],[12.73,-28.32],[12.16,-27.56],[11.59,-26.8],[11.04,-26.04],[10.49,-25.28],[9.61,-24.98],[8.74,-24.67],[7.88,-24.7],[7.01,-24.72],[6.15,-24.74],[5.09,-24.62],[4.04,-24.49],[2.99,-24.36],[2.26,-24.24],[1.54,-24.13],[0.64,-24.04],[-0.26,-23.96],[-0.97,-24.07],[-1.69,-24.19],[-2.53,-24.05],[-3.36,-23.92],[-4.08,-23.68],[-4.8,-23.44],[-5.78,-23.5],[-6.75,-23.54],[-7.73,-23.59],[-7.73,-23.59],[-7.67,-22.99],[-7.8,-22.42],[-7.93,-21.85],[-8.21,-21.42],[-8.49,-21],[-9.13,-20.47],[-9.38,-20.28],[-9.38,-20.28],[-9.16,-20.26],[-8.72,-20.23],[-8.72,-20.23],[-8.74,-20.07],[-8.68,-19.38],[-9.04,-18.54],[-9.4,-17.98],[-9.41,-17.22],[-9.42,-16.46],[-9.77,-15.84],[-10.13,-15.27],[-9.89,-14.92],[-9.71,-14.27],[-9.78,-13.71],[-9.69,-13.08],[-9.6,-12.45],[-9.37,-11.54],[-9.32,-10.73],[-9.85,-10.21],[-10.31,-9.69],[-10.41,-9.19],[-10.37,-8.69],[-10.33,-8.19],[-10.16,-7.48],[-9.69,-6.97],[-8.87,-6.88],[-8.96,-7.44],[-9.05,-8],[-8.98,-8.97],[-8.45,-9.5],[-7.73,-9.52],[-7.27,-9.04],[-6.8,-8.56],[-6.13,-8.43],[-5.47,-8.3],[-4.55,-8.47],[-3.63,-8.62],[-3.14,-8.45],[-2.64,-8.28],[-1.95,-7.95],[-1.5,-8.51],[-1.06,-9.08],[-0.55,-9.31],[-0.04,-9.55],[0.38,-9.19],[0.79,-8.83],[1.34,-8.32],[1.88,-7.82],[2.38,-7],[2.87,-6.17],[3.26,-5.42],[3.65,-4.66],[4.02,-3.99],[4.39,-3.32],[4.98,-2.82],[5.58,-2.31],[6.22,-1.88],[6.87,-1.44],[7.07,-0.65],[7.26,0.14],[7.46,1.09],[7.66,2.03],[8.45,1.42]]]}}]}