{"type":"FeatureCollection","features":[{"type":"Feature","properties":{"ma":90,"type":"gpml:TopologicalClosedPlateBoundary","name":"Australia Ocean Crust during early AUS-ANT opening","pid":801,"deforming":false},"geometry":{"type":"Polygon","coordinates":[[[104.78,-62.31],[105.77,-62.27],[106.44,-62.23],[107.35,-62.18],[108.01,-62.1],[109.03,-62],[109.43,-61.96],[110.76,-61.85],[110.84,-61.84],[112.25,-61.65],[112.42,-61.62],[113.76,-61.5],[114.01,-61.48],[115.24,-61.35],[115.62,-61.31],[116.68,-61.21],[117.28,-61.16],[117.84,-61.05],[118.8,-60.85],[118.91,-60.82],[120.05,-60.52],[120.26,-60.46],[121.69,-60.29],[121.82,-60.28],[123.4,-60.16],[123.66,-60.14],[124.86,-60],[125.5,-59.95],[126.21,-59.9],[127.41,-59.97],[128.53,-60.02],[130.28,-59.94],[130.95,-59.89],[131.84,-59.84],[133.06,-59.82],[133.37,-59.81],[134.61,-59.89],[135.85,-59.97],[135.85,-59.97],[134.61,-59.89],[133.37,-59.81],[133.06,-59.82],[131.84,-59.84],[130.95,-59.89],[130.28,-59.94],[128.53,-60.02],[127.41,-59.97],[126.21,-59.9],[125.5,-59.95],[124.86,-60],[123.71,-60.17],[123.51,-60.21],[122.17,-60.45],[122.06,-60.47],[120.77,-60.71],[120.56,-60.77],[119.27,-61],[119.13,-61.01],[117.98,-61.13],[117.31,-61.18],[116.68,-61.21],[115.62,-61.31],[115.24,-61.35],[114.01,-61.48],[113.76,-61.5],[112.42,-61.62],[112.25,-61.65],[110.84,-61.84],[110.76,-61.85],[109.43,-61.96],[109.03,-62],[108.01,-62.1],[107.35,-62.18],[106.44,-62.23],[105.77,-62.27],[104.78,-62.31],[103.28,-62.34],[101.78,-62.36],[99.98,-62.17],[99.98,-62.17],[99.83,-61.99],[99.83,-61.99],[101.53,-62.17],[103.15,-62.25],[104.78,-62.31]]]}},{"type":"Feature","properties":{"ma":90,"type":"gpml:TopologicalClosedPlateBoundary","name":"Australia Ocean Crust during early AUS-ANT opening","pid":802,"deforming":false},"geometry":{"type":"Polygon","coordinates":[[[128.53,-60.02],[130.28,-59.94],[130.95,-59.89],[131.84,-59.84],[133.06,-59.82],[133.37,-59.81],[134.61,-59.89],[135.85,-59.97],[135.85,-59.97],[134.61,-59.89],[133.37,-59.81],[133.05,-59.81],[131.83,-59.84],[130.95,-59.89],[130.28,-59.94],[128.53,-60.02],[127.41,-59.97],[126.21,-59.9],[125.51,-59.95],[124.86,-60],[123.77,-60.19],[123.6,-60.25],[122.53,-60.61],[122.44,-60.64],[121.28,-60.96],[121.07,-61.02],[119.63,-61.18],[119.46,-61.18],[118.13,-61.2],[117.33,-61.19],[116.68,-61.21],[115.62,-61.31],[115.23,-61.34],[114.01,-61.47],[113.76,-61.5],[112.42,-61.62],[112.25,-61.64],[110.83,-61.84],[110.76,-61.85],[109.43,-61.96],[109.04,-62.01],[108.01,-62.1],[107.35,-62.18],[106.45,-62.23],[105.76,-62.27],[104.78,-62.31],[103.41,-62.44],[102.03,-62.55],[100.17,-62.35],[99.25,-62.23],[98.69,-62.13],[98.69,-62.13],[98.59,-61.96],[98.59,-61.96],[99.02,-62.03],[99.93,-62.16],[101.78,-62.36],[103.28,-62.34],[104.78,-62.31],[105.77,-62.27],[106.44,-62.23],[107.35,-62.18],[108.01,-62.1],[109.03,-62],[109.43,-61.96],[110.76,-61.85],[110.84,-61.84],[112.25,-61.65],[112.42,-61.62],[113.76,-61.5],[114.01,-61.48],[115.24,-61.35],[115.62,-61.31],[116.68,-61.21],[117.31,-61.18],[117.98,-61.13],[119.13,-61.01],[119.27,-61],[120.56,-60.77],[120.77,-60.71],[122.06,-60.47],[122.17,-60.45],[123.51,-60.21],[123.71,-60.17],[124.86,-60],[125.5,-59.95],[126.21,-59.9],[127.41,-59.97],[128.53,-60.02]]]}},{"type":"Feature","properties":{"ma":90,"type":"gpml:TopologicalNetwork","name":"AUSANT_Deforming_Network","pid":802,"deforming":true},"geometry":{"type":"Polygon","coordinates":[[[104.78,-62.31],[105.76,-62.27],[106.45,-62.23],[107.35,-62.18],[108.01,-62.1],[109.04,-62.01],[109.43,-61.96],[110.76,-61.85],[110.83,-61.84],[112.25,-61.64],[112.42,-61.62],[113.76,-61.5],[114.01,-61.47],[115.23,-61.34],[115.62,-61.31],[116.68,-61.21],[117.33,-61.19],[118.13,-61.2],[119.46,-61.18],[119.63,-61.18],[121.07,-61.02],[121.28,-60.96],[122.44,-60.64],[122.53,-60.61],[123.6,-60.25],[123.77,-60.19],[124.86,-60],[125.51,-59.95],[126.21,-59.9],[127.41,-59.97],[128.53,-60.02],[130.28,-59.94],[130.95,-59.89],[131.83,-59.84],[133.05,-59.81],[133.37,-59.81],[134.61,-59.89],[135.85,-59.97],[136.78,-60.21],[137.5,-60.46],[138.36,-60.64],[139.28,-60.86],[140.14,-61.06],[140.66,-61.12],[141.42,-61.43],[142.18,-61.61],[143.04,-61.84],[143.97,-62.05],[144.37,-62.14],[144.91,-62.27],[145.34,-62.41],[146.91,-62.66],[147.74,-62.86],[148.75,-63.07],[149.77,-63.29],[150.59,-63.48],[151.66,-63.68],[152.75,-63.88],[153.37,-64.08],[154.14,-64.22],[155.05,-64.34],[155.92,-64.45],[157.15,-64.6],[158.07,-64.8],[158.94,-65.04],[159.82,-65.25],[161.08,-65.54],[161.92,-65.82],[162.63,-66.11],[162.87,-66.27],[162.5,-66.77],[161.27,-66.94],[160.58,-66.89],[160.58,-66.89],[160,-66.85],[159.7,-66.82],[159.7,-66.82],[159.96,-67.01],[160.31,-67.26],[160.99,-67.61],[161.73,-67.71],[162.55,-67.78],[162.58,-67.96],[163.93,-68.44],[165.34,-68.9],[166.35,-68.6],[167.31,-68.63],[167.31,-68.63],[168.67,-68.82],[169.42,-69.28],[170.2,-69.74],[170.8,-70.24],[170.8,-70.24],[169.31,-70.95],[167.72,-71.66],[167.72,-71.66],[166.38,-71.24],[165.11,-70.82],[163.67,-70.31],[162.31,-69.78],[160.62,-69.11],[159.74,-68.34],[159.31,-67.62],[158.19,-67.53],[157.36,-67.06],[156.57,-66.6],[155.04,-66.31],[153.5,-66.36],[151.95,-66.4],[150.53,-66],[149.43,-65.56],[148.36,-65.11],[147.27,-64.79],[146.2,-64.46],[144.69,-64.28],[143.2,-64.09],[141.6,-63.98],[140.02,-63.85],[138.88,-63.7],[137.75,-63.54],[135.67,-63.41],[134.2,-63.44],[132.72,-63.46],[131.24,-63.28],[129.77,-63.09],[128.02,-63.08],[126.74,-63.19],[125.45,-63.28],[124.09,-63.42],[122.71,-63.55],[121.13,-63.92],[119.51,-64.26],[117.74,-64.44],[115.96,-64.59],[114.15,-64.72],[113.01,-64.88],[111.85,-65.04],[110.24,-65.23],[108.61,-65.4],[107.35,-65.4],[106.09,-65.39],[103.99,-65.28],[101.91,-65.13],[101.7,-65.12],[101.7,-65.12],[100.81,-64.4],[99.96,-63.68],[99.16,-62.95],[98.69,-62.13],[98.69,-62.13],[99.25,-62.23],[100.17,-62.35],[102.03,-62.55],[103.41,-62.44],[104.78,-62.31]]]}},{"type":"Feature","properties":{"ma":90,"type":"gpml:TopologicalNetwork","name":"Deforming Network","pid":801,"deforming":true},"geometry":{"type":"Polygon","coordinates":[[[143.04,-60],[144.98,-59.88],[145.95,-59.66],[146.9,-59.43],[147.99,-59.2],[149.18,-58.81],[150.69,-58.58],[151.59,-58.44],[152.63,-58.06],[153.42,-57.74],[154.64,-57.28],[155.65,-56.84],[156.36,-56.57],[156.43,-56.73],[156.54,-57.71],[156.56,-58.02],[156.84,-58.99],[157.38,-59.61],[157.95,-60.23],[158.63,-60.63],[159.33,-61.02],[160.2,-61.13],[161.64,-61.6],[161.76,-61.64],[162.6,-61.95],[163.46,-62.26],[163.51,-62.26],[163.2,-62.78],[162.95,-62.99],[161.94,-63.58],[161.02,-64.1],[160.12,-64.57],[159.08,-65.1],[159.08,-65.1],[159.13,-65.08],[159.13,-65.08],[158.94,-65.04],[158.07,-64.8],[157.15,-64.6],[155.92,-64.45],[155.05,-64.34],[154.14,-64.22],[153.37,-64.08],[152.75,-63.88],[151.66,-63.68],[150.59,-63.48],[149.77,-63.29],[148.75,-63.07],[147.74,-62.86],[146.91,-62.66],[145.34,-62.41],[144.92,-62.28],[144.37,-62.14],[143.97,-62.05],[143.04,-61.84],[142.19,-61.62],[141.42,-61.43],[140.65,-61.12],[140.15,-61.07],[139.28,-60.86],[138.35,-60.64],[137.5,-60.46],[136.78,-60.2],[135.85,-59.97],[134.61,-59.89],[133.37,-59.81],[133.06,-59.82],[131.84,-59.84],[130.95,-59.89],[130.28,-59.94],[128.53,-60.02],[127.41,-59.97],[126.21,-59.9],[125.5,-59.95],[124.86,-60],[123.66,-60.14],[123.4,-60.16],[121.82,-60.28],[121.69,-60.29],[120.26,-60.46],[120.05,-60.52],[118.91,-60.82],[118.8,-60.85],[117.84,-61.05],[117.28,-61.16],[116.68,-61.21],[115.62,-61.31],[115.24,-61.35],[114.01,-61.48],[113.76,-61.5],[112.42,-61.62],[112.25,-61.65],[110.84,-61.84],[110.76,-61.85],[109.43,-61.96],[109.03,-62],[108.01,-62.1],[107.35,-62.18],[106.44,-62.23],[105.77,-62.27],[104.78,-62.31],[103.15,-62.25],[101.53,-62.17],[99.83,-61.99],[99.83,-61.99],[99.21,-61.23],[98.63,-60.48],[98.07,-59.72],[98.07,-59.72],[98.24,-59.73],[99.85,-59.38],[100.88,-59.43],[101.91,-59.48],[103.68,-59.22],[105.39,-58.98],[106.73,-58.81],[108.41,-58.76],[109.55,-58.67],[110.68,-58.57],[112.25,-58.37],[114.01,-58.15],[115.56,-58.13],[116.6,-57.9],[117.63,-57.65],[118.74,-57.49],[119.84,-57.32],[121.01,-57.08],[122.17,-56.84],[123.27,-56.54],[124.36,-56.23],[125.89,-56],[126.56,-55.81],[128.15,-56.04],[129.75,-56.25],[130.54,-56.5],[131.33,-56.74],[132.41,-57.04],[133.51,-57.32],[134.36,-57.55],[135.22,-57.77],[136.61,-58.19],[137.85,-58.58],[138.82,-58.94],[139.97,-59.31],[141.27,-59.64],[142.34,-59.81],[142.83,-60],[143.04,-60]]]}},{"type":"Feature","properties":{"ma":90,"type":"gpml:TopologicalNetwork","name":"LHR_Topo","pid":833,"deforming":true},"geometry":{"type":"MultiPolygon","coordinates":[[[[180,-59.26],[180,-60.23],[180,-61.2],[180,-62.18],[180,-63.15],[180,-64.12],[180,-65.1],[180,-66.07],[178.99,-66.33],[176.96,-66.86],[174.84,-67.36],[173.37,-67.87],[171.83,-68.36],[171.66,-68.44],[171.66,-68.44],[170.74,-68.25],[169.6,-68.08],[168.25,-67.89],[166.99,-67.83],[165.19,-68.41],[164.08,-68.04],[163,-67.66],[163.13,-67.08],[163.26,-66.5],[163.34,-66.37],[163.6,-65.99],[163.6,-65.99],[163.36,-65.83],[162.65,-65.55],[161.82,-65.27],[162.27,-64.52],[162.69,-63.77],[163.08,-63.01],[163.46,-62.26],[162.6,-61.95],[161.76,-61.64],[161.64,-61.6],[160.69,-60.99],[159.75,-60.86],[158.84,-60.55],[157.95,-60.23],[157.41,-59.63],[156.89,-59.02],[156.84,-58.99],[156.56,-58.01],[156.55,-57.71],[156.43,-56.73],[156.37,-56.57],[156.06,-56.05],[155.77,-55.53],[155.71,-55.29],[155.74,-54.39],[155.76,-53.49],[155.81,-52.88],[155.86,-52.26],[155.86,-52.24],[155.88,-51.56],[155.9,-50.88],[155.82,-50.66],[155.65,-50.07],[155.47,-49.49],[155.44,-49.19],[155.33,-48.33],[155.25,-47.99],[155.04,-47.48],[154.82,-46.98],[154.5,-46.67],[154.31,-45.9],[154.13,-45.14],[153.95,-44.37],[153.78,-43.61],[153.42,-42.94],[152.93,-42.71],[152.78,-41.93],[152.55,-41.43],[152.33,-40.94],[151.98,-40.34],[151.67,-39.9],[151.37,-39.45],[151.36,-39.58],[151.08,-39.03],[150.9,-38.4],[151.18,-37.84],[151.45,-37.27],[151.07,-36.46],[151.07,-36.46],[151.85,-35.83],[152.62,-35.2],[152.69,-35.25],[153.02,-35.4],[153.3,-35.56],[153.97,-36.03],[154.54,-36.67],[154.82,-37.53],[154.56,-38],[154.27,-38.51],[153.97,-39.01],[154.6,-39.56],[154.56,-40.35],[154.93,-40.72],[155.8,-41.14],[156.77,-41.48],[157.76,-41.8],[158.57,-42.43],[158.94,-42.93],[159.3,-43.43],[159.81,-43.79],[160.33,-44.14],[161.1,-44.71],[162.04,-45.17],[163.03,-45.66],[163.85,-45.95],[164.41,-46.34],[164.49,-46.63],[164.6,-46.83],[164.62,-47.13],[164.78,-47.77],[164.78,-48.69],[164.95,-49.43],[165.27,-50.24],[165.44,-50.67],[164.56,-51.42],[164.73,-51.68],[165.1,-52.36],[165.99,-52.88],[166.19,-53.27],[166.32,-54.06],[166.55,-54.64],[166.9,-55.02],[167.12,-55.83],[168.66,-56.25],[169.52,-56.45],[170.47,-56.56],[171.71,-56.77],[171.9,-56.85],[172.04,-57.14],[173.37,-57.06],[175.16,-57.12],[176.47,-57.21],[177.7,-57.35],[178.82,-57.69],[179.48,-58.06],[180,-58.28],[180,-59.26]]],[[[-180,-65.1],[-180,-64.12],[-180,-63.15],[-180,-62.18],[-180,-61.2],[-180,-60.23],[-180,-59.26],[-180,-58.28],[-178.95,-58.71],[-177.37,-59.03],[-176.38,-59.14],[-175.39,-59.24],[-175.39,-59.24],[-175.01,-59.93],[-174.62,-60.62],[-174.77,-61.6],[-174.93,-62.57],[-175.09,-63.54],[-175.27,-64.51],[-176.43,-65.05],[-178.18,-65.57],[-180,-66.07],[-180,-65.1]]]]}},{"type":"Feature","properties":{"ma":90,"type":"gpml:TopologicalNetwork","name":"Aus_Mesh","pid":801,"deforming":true},"geometry":{"type":"Polygon","coordinates":[[[150.25,-37.02],[150.55,-36.87],[151.07,-36.46],[151.07,-36.46],[151.45,-37.27],[151.18,-37.84],[150.9,-38.4],[151.08,-39.03],[151.36,-39.58],[151.98,-40.34],[152.33,-40.94],[152.55,-41.43],[152.78,-41.93],[152.93,-42.7],[153.42,-42.92],[153.83,-43.64],[153.99,-44.4],[154.16,-45.16],[154.33,-45.91],[154.5,-46.67],[154.82,-46.98],[155.04,-47.48],[155.25,-47.99],[155.34,-48.33],[155.44,-49.18],[155.48,-49.48],[155.65,-50.07],[155.82,-50.66],[155.9,-50.88],[155.88,-51.56],[155.86,-52.23],[155.86,-52.26],[155.81,-52.87],[155.76,-53.49],[155.74,-54.39],[155.71,-55.29],[155.77,-55.53],[156.06,-56.05],[156.36,-56.57],[155.65,-56.84],[154.97,-57.14],[154.97,-57.14],[154.59,-56.78],[154.12,-56.21],[153.93,-55.59],[153.72,-54.96],[154.06,-54.16],[154.09,-53.74],[154.08,-53.44],[154.16,-52.49],[154.36,-51.82],[154.54,-50.97],[154.16,-50.16],[153.99,-49.51],[154.15,-48.96],[154.29,-48.4],[154.22,-47.83],[153.75,-47.36],[153.51,-46.71],[153.01,-46.19],[152.82,-45.26],[152.23,-44.38],[151.85,-43.69],[152.26,-42.93],[152.09,-42.29],[151.85,-41.44],[151.48,-41.02],[150.63,-40.52],[149.79,-39.96],[149.25,-39.35],[148.63,-38.65],[148.08,-38.1],[148.08,-38.1],[148.81,-37.74],[149.54,-37.38],[150.25,-37.02],[150.25,-37.02]]]}},{"type":"Feature","properties":{"ma":90,"type":"gpml:TopologicalClosedPlateBoundary","name":"LHR Plate Ocean Crust during early AUS-LHR opening","pid":833,"deforming":false},"geometry":{"type":"Polygon","coordinates":[[[162.6,-61.95],[163.46,-62.26],[163.1,-63.21],[162.71,-64.16],[162.29,-65.11],[161.89,-65.29],[161.89,-65.29],[162.65,-65.55],[163.36,-65.83],[163.6,-65.99],[163.6,-65.99],[163.34,-66.37],[163.26,-66.5],[163.13,-67.08],[163,-67.66],[164.08,-68.04],[165.19,-68.41],[166.99,-67.83],[168.25,-67.89],[169.6,-68.08],[170.74,-68.25],[171.66,-68.44],[171.66,-68.44],[171,-68.75],[171,-68.75],[169.13,-68.45],[167.77,-68.26],[166.42,-68.18],[165.71,-68.1],[165.22,-68.05],[164.92,-68.54],[163.84,-68.15],[162.8,-67.76],[162.84,-67.2],[162.87,-66.63],[163.24,-66.13],[163,-65.97],[162.29,-65.68],[161.46,-65.41],[162,-64.62],[162.51,-63.84],[163,-63.05],[163.46,-62.26],[162.6,-61.95],[161.76,-61.64],[161.64,-61.6],[159.99,-61.15],[159.54,-60.93],[158.74,-60.58],[157.95,-60.23],[157.95,-60.23],[157.41,-59.63],[156.88,-59.02],[156.84,-58.99],[156.56,-58.02],[156.54,-57.71],[156.43,-56.73],[156.36,-56.57],[156.06,-56.05],[155.77,-55.53],[155.77,-54.85],[155.76,-54.17],[155.76,-53.49],[155.81,-52.87],[155.86,-52.26],[155.86,-52.23],[155.88,-51.56],[155.9,-50.88],[155.9,-50.88],[155.88,-51.56],[155.86,-52.24],[155.86,-52.26],[155.81,-52.88],[155.76,-53.49],[155.74,-54.39],[155.71,-55.29],[155.77,-55.53],[156.06,-56.05],[156.37,-56.57],[156.43,-56.73],[156.55,-57.71],[156.56,-58.01],[156.84,-58.99],[156.89,-59.02],[157.41,-59.63],[157.95,-60.23],[158.84,-60.55],[159.75,-60.86],[160.69,-60.99],[161.64,-61.6],[161.76,-61.64],[162.6,-61.95]]]}},{"type":"Feature","properties":{"ma":90,"type":"gpml:TopologicalClosedPlateBoundary","name":"Australian Plate Ocean Crust during early AUS-LHR opening","pid":801,"deforming":false},"geometry":{"type":"Polygon","coordinates":[[[155.86,-52.23],[155.86,-52.26],[155.81,-52.87],[155.76,-53.49],[155.76,-54.17],[155.77,-54.85],[155.77,-55.53],[156.06,-56.05],[156.36,-56.57],[156.43,-56.73],[156.54,-57.71],[156.56,-58.02],[156.84,-58.99],[156.88,-59.02],[157.41,-59.63],[157.95,-60.23],[157.95,-60.23],[158.74,-60.58],[159.54,-60.93],[159.99,-61.15],[161.64,-61.6],[161.76,-61.64],[162.6,-61.95],[163.46,-62.26],[163,-63.05],[162.51,-63.84],[162,-64.62],[161.46,-65.41],[162.29,-65.68],[163,-65.97],[163.24,-66.13],[162.87,-66.63],[162.84,-67.2],[162.8,-67.76],[163.84,-68.15],[164.92,-68.54],[165.22,-68.05],[165.71,-68.1],[166.42,-68.18],[167.77,-68.26],[169.13,-68.45],[171.22,-68.79],[172.87,-69.12],[172.87,-69.12],[171.86,-69.68],[170.8,-70.24],[170.8,-70.24],[170.2,-69.74],[169.42,-69.28],[168.67,-68.82],[167.31,-68.63],[167.31,-68.63],[166.35,-68.6],[165.34,-68.9],[163.93,-68.44],[162.58,-67.96],[162.55,-67.78],[161.73,-67.71],[160.99,-67.61],[160.31,-67.26],[159.96,-67.01],[159.7,-66.82],[159.7,-66.82],[160,-66.85],[160.58,-66.89],[160.58,-66.89],[161.27,-66.94],[162.5,-66.77],[162.87,-66.27],[162.63,-66.11],[161.92,-65.82],[161.08,-65.54],[159.82,-65.25],[159.13,-65.08],[159.13,-65.08],[159.08,-65.1],[159.08,-65.1],[160.12,-64.57],[161.02,-64.1],[161.94,-63.58],[162.95,-62.99],[163.2,-62.78],[163.51,-62.26],[163.46,-62.26],[162.6,-61.95],[161.76,-61.64],[161.64,-61.6],[160.2,-61.13],[159.33,-61.02],[158.64,-60.63],[157.95,-60.23],[157.41,-59.63],[156.88,-59.02],[156.84,-58.99],[156.56,-58.02],[156.54,-57.71],[156.43,-56.73],[156.36,-56.57],[156.06,-56.05],[155.77,-55.53],[155.71,-55.29],[155.74,-54.39],[155.76,-53.49],[155.81,-52.87],[155.86,-52.26],[155.86,-52.23],[155.88,-51.56],[155.9,-50.88],[155.88,-51.56],[155.86,-52.23]]]}},{"type":"Feature","properties":{"ma":90,"type":"gpml:TopologicalNetwork","name":"Coral_Sea_Mesh","pid":836,"deforming":true},"geometry":{"type":"Polygon","coordinates":[[[150.55,-36.87],[149.74,-37.28],[148.91,-37.69],[148.08,-38.1],[148.08,-38.1],[148.05,-38.06],[148.05,-38.06],[147.86,-37.34],[147.86,-37.34],[147.71,-37.08],[147.06,-36.72],[146.41,-36.36],[145.59,-36.35],[144.77,-36.34],[143.86,-36.27],[142.95,-36.2],[142.04,-36.12],[140.98,-35.96],[139.93,-35.78],[139.08,-35.9],[138.23,-36.02],[137.38,-36.12],[136.84,-35.73],[136.14,-35.22],[136.14,-35.22],[136.28,-34.91],[136.67,-34.47],[137.05,-34.03],[137.88,-34.12],[137.88,-34.12],[138.34,-33.23],[138.79,-32.35],[139.03,-31.87],[139.58,-31.11],[139.8,-30.65],[139.8,-30.65],[139.33,-30.27],[138.99,-29.7],[139.18,-29.22],[139.36,-28.74],[140,-28.67],[140.69,-28.97],[141.11,-29.7],[141.35,-30.32],[141.7,-30.75],[142.05,-31.18],[142.83,-31.7],[143.78,-32.2],[144.73,-32.7],[145.81,-32.89],[146.69,-33.23],[147.58,-33.55],[147.93,-33.66],[148.28,-34],[148.53,-34.46],[149.01,-34.74],[149.98,-34.95],[150.75,-35.55],[150.39,-36.14],[150.24,-36.46],[150.66,-36.78],[150.55,-36.87]]]}},{"type":"Feature","properties":{"ma":90,"type":"gpml:TopologicalNetwork","name":"India_Madagascar Mesh","pid":501,"deforming":true},"geometry":{"type":"Polygon","coordinates":[[[40.14,-30.98],[40.03,-31.6],[40.08,-32.3],[40.13,-33],[40.12,-33.68],[40.1,-34.36],[40.09,-35.04],[40.13,-35.76],[40.16,-36.48],[40.2,-37.2],[40.17,-37.98],[40.15,-38.76],[40.12,-39.54],[39.98,-40.45],[39.84,-41.36],[39.69,-42.27],[39.52,-42.94],[39.35,-43.62],[39.17,-44.3],[38.99,-45.1],[38.8,-45.9],[38.61,-46.71],[38.41,-47.51],[38.2,-48.4],[37.99,-49.3],[37.78,-50.19],[37.7,-50.81],[37.7,-50.81],[37.09,-50.87],[37.09,-50.87],[37.03,-50.84],[36.73,-49.99],[36.97,-49.04],[36.82,-48.43],[36.7,-47.97],[36.71,-47.47],[36.7,-46.84],[36.62,-46.46],[36.5,-46.2],[36.5,-46.2],[36.35,-46.28],[35.99,-46.53],[35.61,-46.78],[35.51,-47.17],[35.43,-47.51],[35.12,-47.75],[35.22,-48.51],[35.08,-49.01],[34.76,-49.64],[34.29,-49.82],[33.5,-49.8],[33.5,-49.8],[33.98,-49.05],[34.44,-48.3],[34.89,-47.54],[35.07,-46.88],[35.25,-46.23],[35.42,-45.57],[35.72,-44.83],[36.01,-44.09],[36.3,-43.35],[36.48,-42.67],[36.65,-42],[36.82,-41.32],[37.05,-40.66],[37.26,-39.99],[37.48,-39.33],[37.61,-38.48],[37.74,-37.64],[37.87,-36.79],[38,-36.01],[38.13,-35.23],[38.26,-34.46],[38.35,-33.66],[38.43,-32.87],[38.51,-32.07],[38.59,-31.27],[38.55,-30.8],[38.55,-30.8],[39.69,-30.93],[40.14,-30.98]]]}},{"type":"Feature","properties":{"ma":90,"type":"gpml:TopologicalClosedPlateBoundary","name":"Antarctica Plate","pid":802,"deforming":false},"geometry":{"type":"Polygon","coordinates":[[[180,-81.69],[180,-82.61],[180,-83.53],[180,-84.46],[180,-85.38],[180,-86.31],[180,-87.23],[180,-88.15],[180,-89.08],[180,-90],[-180,-90],[-180,-89.08],[-180,-88.15],[-180,-87.23],[-180,-86.31],[-180,-85.38],[-180,-84.46],[-180,-83.53],[-180,-82.61],[-180,-81.69],[-180,-80.76],[-176.61,-80.91],[-173.13,-81.01],[-166.82,-81.13],[-160.43,-81.14],[-160.43,-81.14],[-160.01,-81.08],[-158.32,-80.76],[-157.31,-80.57],[-157.31,-80.57],[-151.76,-80.61],[-148.32,-80.55],[-144.94,-80.45],[-142.14,-80.27],[-139.44,-80.07],[-136.23,-79.66],[-133.27,-79.23],[-129.79,-78.68],[-127.71,-78.23],[-125.78,-77.77],[-123.86,-77.28],[-122.09,-76.78],[-120.07,-76.29],[-118.19,-75.79],[-116.02,-74.96],[-114.97,-74.52],[-113.98,-74.07],[-112.69,-73.15],[-111.9,-72.41],[-111.82,-72.3],[-111.82,-72.3],[-112.03,-71.73],[-114.22,-71.09],[-116.27,-70.42],[-118.19,-69.72],[-118.19,-69.72],[-120.05,-69.82],[-121.92,-69.89],[-124.27,-69.74],[-126.57,-69.56],[-128.44,-69.59],[-130.31,-69.59],[-132.04,-69.65],[-133.73,-69.53],[-135.39,-69.38],[-135.81,-68.68],[-136.2,-67.98],[-136.57,-67.28],[-138.3,-67.07],[-140,-66.83],[-141.66,-66.58],[-143.62,-66.34],[-145.54,-66.09],[-147.41,-65.81],[-149.25,-65.51],[-150.62,-65.26],[-151.97,-65],[-151.97,-65],[-150.3,-64.94],[-148.64,-64.86],[-146.99,-64.77],[-144.91,-64.58],[-142.86,-64.36],[-142.43,-64.24],[-142.43,-64.24],[-141.51,-64.4],[-140.02,-64.82],[-138.47,-65.24],[-136.88,-65.63],[-135.24,-66.01],[-133.27,-66.5],[-131.23,-66.96],[-128.98,-67.44],[-126.63,-67.88],[-124.2,-68.28],[-122.01,-68.65],[-119.75,-68.99],[-117.43,-69.3],[-115.04,-69.58],[-115.04,-69.58],[-114.98,-69.58],[-112.39,-69.46],[-109.8,-69.22],[-107.81,-69.19],[-105.1,-69.14],[-103.62,-68.78],[-101.51,-68.23],[-100.38,-67.85],[-99.3,-67.46],[-97.99,-67.23],[-96.7,-66.99],[-94.86,-66.52],[-93.89,-66.18],[-92.95,-65.84],[-91.78,-65.37],[-90.64,-64.89],[-88.92,-64.61],[-86.93,-64.45],[-85.16,-64],[-83.56,-63.79],[-81.98,-63.56],[-80.72,-63.22],[-79.49,-62.87],[-78.08,-63.24],[-76.38,-63.64],[-74.32,-63.5],[-72.61,-63.3],[-70.92,-63.09],[-70.92,-63.09],[-70.69,-63.25],[-70.39,-63.45],[-70.18,-63.59],[-69.93,-63.76],[-69.77,-63.87],[-69.62,-63.99],[-69.22,-64.22],[-68.76,-64.41],[-68.32,-64.59],[-68.32,-64.59],[-69.22,-64.85],[-70.29,-65.27],[-71.39,-65.68],[-72.32,-66.02],[-73.27,-66.36],[-71.86,-67.09],[-70.35,-67.81],[-69.32,-68.39],[-69,-68.62],[-68.46,-68.85],[-67.78,-69.1],[-67.27,-69.48],[-66.28,-69.7],[-64.57,-69.97],[-63.91,-70.1],[-63.01,-70.19],[-62.1,-70.27],[-60.9,-70.43],[-59.53,-70.59],[-58.75,-70.65],[-58.13,-70.73],[-57.18,-70.75],[-56.33,-70.77],[-55.63,-70.78],[-54.67,-70.79],[-52.49,-70.78],[-50.79,-70.74],[-48.77,-70.71],[-47.08,-70.66],[-45.24,-70.59],[-44.67,-70.56],[-43.24,-70.54],[-42.24,-70.5],[-40.47,-70.41],[-39.2,-70.31],[-37.94,-70.21],[-36.88,-70.13],[-35.9,-70.01],[-35.31,-69.9],[-34.53,-69.81],[-32.63,-69.67],[-30.73,-69.41],[-28.55,-69.13],[-26.42,-68.82],[-24.23,-68.51],[-22.1,-68.16],[-20.03,-67.79],[-18.04,-67.4],[-16.11,-66.98],[-14.24,-66.54],[-12.66,-66.2],[-11.12,-65.85],[-9.62,-65.49],[-7.94,-65.12],[-6.31,-64.73],[-5.22,-64.47],[-5.22,-64.47],[-3.69,-64.94],[-2.1,-65.39],[-0.46,-65.83],[1.23,-66.25],[2.3,-65.55],[3.3,-64.84],[4.26,-64.12],[6.1,-64.54],[7.99,-64.94],[9.95,-65.31],[10.69,-64.46],[11.4,-63.62],[12.77,-63.81],[13.16,-63.24],[13.54,-62.68],[15.5,-62.81],[15.81,-62.16],[16.11,-61.5],[16.4,-60.84],[18.24,-60.96],[20.08,-61.04],[20.35,-60.15],[20.61,-59.26],[20.85,-58.36],[22.72,-58.5],[24.61,-58.6],[26.5,-58.68],[28.41,-58.72],[28.41,-58.72],[28.41,-58.72],[28.94,-58.26],[29.46,-57.8],[29.46,-57.8],[30.78,-58.17],[32.12,-58.54],[33.49,-58.89],[34.88,-59.22],[36.28,-59.74],[37.73,-60.25],[39.22,-60.74],[40.75,-61.21],[42.33,-61.66],[43.38,-60.87],[44.38,-60.07],[45.32,-59.27],[46.23,-58.46],[47.09,-57.64],[47.92,-56.81],[48.71,-55.98],[49.47,-55.15],[50.19,-54.31],[51.47,-54.57],[52.77,-54.81],[54.08,-55.04],[54.64,-54.3],[55.18,-53.56],[55.71,-52.82],[56.21,-52.08],[56.7,-51.33],[57.97,-51.57],[59.25,-51.79],[60.54,-52.01],[61.84,-52.2],[63.16,-52.39],[63.42,-51.68],[63.68,-50.97],[63.93,-50.26],[65.26,-50.39],[66.61,-50.51],[67.95,-50.61],[69.22,-50.69],[70.5,-50.75],[71.78,-50.8],[73.06,-50.83],[73.06,-50.83],[72.87,-51.6],[72.68,-52.36],[72.48,-53.13],[72.28,-53.89],[72.12,-54.87],[71.96,-55.86],[71.78,-56.84],[71.6,-57.83],[71.41,-58.81],[71.21,-59.79],[71.18,-59.92],[71.18,-59.92],[72.95,-59.93],[74.73,-59.91],[76.5,-59.87],[78.26,-59.81],[80.02,-59.72],[81.77,-59.61],[83.5,-59.48],[85.17,-59.64],[86.86,-59.78],[88.56,-59.9],[90.27,-60],[91.89,-60.31],[93.54,-60.59],[94.69,-60.9],[95.87,-61.2],[96.84,-61.66],[97.74,-61.98],[98.46,-62.18],[98.72,-62.19],[98.72,-62.19],[99.16,-62.95],[99.96,-63.67],[100.8,-64.39],[101.69,-65.11],[101.69,-65.11],[103.86,-65.27],[106.05,-65.39],[107.33,-65.4],[108.61,-65.4],[110.23,-65.22],[111.83,-65.03],[112.99,-64.88],[114.13,-64.71],[115.95,-64.58],[117.75,-64.43],[119.53,-64.26],[121.12,-63.91],[122.66,-63.55],[124.07,-63.42],[125.46,-63.27],[126.75,-63.18],[128.03,-63.08],[129.77,-63.09],[131.23,-63.28],[132.72,-63.46],[134.16,-63.44],[135.59,-63.41],[137.75,-63.54],[138.88,-63.7],[140.02,-63.85],[141.6,-63.98],[143.2,-64.09],[144.69,-64.28],[146.2,-64.46],[147.27,-64.79],[148.36,-65.11],[149.43,-65.55],[150.53,-66],[151.95,-66.39],[153.5,-66.36],[155.04,-66.31],[156.57,-66.6],[157.36,-67.06],[158.19,-67.52],[159.31,-67.62],[159.53,-68],[159.53,-68],[158.52,-68.59],[157.46,-69.19],[156.71,-69.78],[155.91,-70.38],[155.27,-71.05],[154.58,-71.72],[155.07,-72.41],[155.6,-73.09],[155.57,-72.95],[155.7,-73.07],[155.74,-73.31],[155.92,-73.67],[155.93,-74.09],[155.55,-74.35],[155.3,-74.7],[155.27,-74.81],[155.25,-74.93],[155.22,-75.05],[155.14,-75.06],[155.14,-75.06],[155.32,-75.72],[155.52,-76.38],[156.99,-77.11],[158.63,-77.83],[160.88,-78.4],[163.35,-78.95],[165.22,-79.31],[167.2,-79.66],[168.04,-79.72],[168.04,-79.72],[172.44,-80.2],[177.26,-80.62],[180,-80.76],[180,-81.69]]]}},{"type":"Feature","properties":{"ma":90,"type":"gpml:TopologicalClosedPlateBoundary","name":"Hikurangi Plate","pid":983,"deforming":false},"geometry":{"type":"MultiPolygon","coordinates":[[[[180,-43.99],[180,-44.95],[180,-45.9],[180,-46.85],[180,-47.8],[180,-48.76],[180,-49.71],[180,-50.66],[180,-51.61],[180,-52.57],[180,-53.52],[180,-54.47],[180,-55.42],[180,-56.38],[180,-57.33],[180,-58.28],[179.48,-58.06],[178.82,-57.69],[177.7,-57.35],[176.47,-57.21],[175.16,-57.12],[173.37,-57.06],[172.04,-57.14],[171.9,-56.85],[171.71,-56.77],[170.47,-56.56],[169.52,-56.45],[168.66,-56.25],[167.12,-55.83],[166.9,-55.02],[166.55,-54.64],[166.32,-54.06],[166.19,-53.27],[165.99,-52.88],[165.1,-52.36],[164.73,-51.68],[164.56,-51.42],[165.44,-50.67],[165.27,-50.24],[164.95,-49.43],[164.78,-48.69],[164.78,-47.77],[164.62,-47.13],[164.6,-46.83],[164.49,-46.63],[164.41,-46.34],[163.85,-45.95],[163.03,-45.66],[162.04,-45.17],[161.1,-44.71],[160.33,-44.14],[159.81,-43.79],[159.3,-43.43],[158.94,-42.93],[158.57,-42.43],[157.76,-41.8],[157.13,-41.59],[157.13,-41.59],[158.25,-41.22],[159.35,-40.83],[160.45,-40.43],[161.53,-40.02],[162.59,-39.6],[163.65,-39.17],[164.69,-38.74],[165.71,-39.34],[166.74,-39.94],[167.8,-40.53],[168.87,-41.11],[169.96,-41.68],[170.97,-42.23],[172,-42.76],[173.04,-43.28],[174.1,-43.8],[175.18,-44.3],[176.28,-44.79],[177.4,-45.28],[178.27,-44.53],[179.11,-43.78],[179.93,-43.03],[180,-43.04],[180,-43.99]]],[[[-180,-57.33],[-180,-56.38],[-180,-55.42],[-180,-54.47],[-180,-53.52],[-180,-52.57],[-180,-51.61],[-180,-50.66],[-180,-49.71],[-180,-48.76],[-180,-47.8],[-180,-46.85],[-180,-45.9],[-180,-44.95],[-180,-43.99],[-180,-43.04],[-178.73,-43.34],[-177.46,-43.61],[-176.17,-43.88],[-174.87,-44.13],[-173.56,-44.37],[-172.24,-44.59],[-170.9,-44.79],[-169.56,-44.98],[-169.97,-45.74],[-170.39,-46.5],[-169.15,-46.74],[-167.89,-46.96],[-166.62,-47.17],[-165.35,-47.36],[-164.06,-47.54],[-162.77,-47.71],[-162.46,-46.99],[-162.15,-46.27],[-161.86,-45.54],[-160.73,-45.59],[-159.59,-45.63],[-158.46,-45.65],[-158.4,-44.76],[-158.35,-43.87],[-158.29,-42.97],[-158.24,-42.08],[-158.19,-41.19],[-158.14,-40.29],[-158.09,-39.4],[-158.1,-39.31],[-157.14,-39.59],[-156.18,-39.86],[-155.08,-40.17],[-153.96,-40.46],[-152.84,-40.75],[-151.71,-41.02],[-150.57,-41.28],[-149.42,-41.53],[-148.26,-41.77],[-147.09,-42],[-145.92,-42.21],[-146.08,-43.05],[-146.25,-43.89],[-146.42,-44.73],[-146.6,-45.57],[-146.78,-46.4],[-145.36,-46.61],[-143.93,-46.79],[-142.49,-46.96],[-141.05,-47.11],[-141.12,-47.88],[-141.2,-48.64],[-141.28,-49.4],[-141.36,-50.16],[-140.23,-50.23],[-139.09,-50.28],[-137.94,-50.33],[-136.76,-50.37],[-135.57,-50.41],[-134.38,-50.43],[-134.4,-51.11],[-132.96,-51.14],[-131.53,-51.14],[-130.09,-51.13],[-128.66,-51.1],[-127.28,-51.08],[-125.91,-51.05],[-124.54,-51],[-123.17,-50.93],[-123.17,-50.93],[-123.22,-51.06],[-123.56,-52.03],[-123.92,-53.01],[-124.29,-53.98],[-124.56,-54.74],[-124.84,-55.49],[-123.26,-55.64],[-121.66,-55.76],[-120.06,-55.87],[-120.36,-56.69],[-120.67,-57.5],[-120.99,-58.32],[-122.13,-58.24],[-122.47,-59.16],[-122.83,-60.09],[-123.21,-61.01],[-123.61,-61.93],[-124.04,-62.85],[-124.49,-63.77],[-124.97,-64.69],[-125.49,-65.46],[-126.03,-66.23],[-126.61,-67],[-127.23,-67.77],[-127.23,-67.77],[-129.26,-67.38],[-131.23,-66.96],[-133.27,-66.5],[-135.24,-66.01],[-136.88,-65.63],[-138.47,-65.24],[-140.02,-64.82],[-141.51,-64.4],[-143.55,-64.05],[-145.54,-63.67],[-147.47,-63.27],[-147.47,-63.27],[-149.04,-63.23],[-150.61,-63.18],[-152.16,-63.11],[-154.02,-63.01],[-155.86,-62.9],[-157.94,-62.85],[-160.02,-62.77],[-161.93,-62.58],[-163.81,-62.37],[-165.66,-62.13],[-167.07,-62.02],[-168.46,-61.91],[-169.87,-61.57],[-170.83,-61.21],[-171.71,-60.91],[-172.6,-60.56],[-173.77,-59.91],[-173.77,-59.91],[-173.71,-59.62],[-173.71,-59.62],[-175.31,-59.25],[-176.34,-59.14],[-177.37,-59.03],[-178.95,-58.71],[-180,-58.28],[-180,-57.33]]]]}},{"type":"Feature","properties":{"ma":90,"type":"gpml:TopologicalClosedPlateBoundary","name":"INDIA","pid":501,"deforming":false},"geometry":{"type":"Polygon","coordinates":[[[91.26,-25.06],[91.05,-25.59],[90.84,-26.13],[90.84,-27.06],[90.84,-27.99],[90.84,-28.92],[90.84,-29.85],[90.84,-30.78],[90.84,-31.72],[89.8,-31.8],[88.75,-31.87],[87.71,-31.93],[86.66,-31.98],[86.59,-32.8],[86.52,-33.61],[86.45,-34.43],[86.38,-35.24],[86.31,-36.06],[85.3,-36.09],[84.3,-36.12],[83.29,-36.15],[83.17,-37.01],[82.03,-36.99],[80.9,-36.96],[79.77,-36.91],[79.7,-37.83],[79.61,-38.75],[79.53,-39.67],[79.44,-40.59],[79.36,-41.51],[79.27,-42.43],[79.17,-43.35],[79.08,-44.27],[78.98,-45.18],[78.87,-46.1],[78.77,-47.02],[78.66,-47.94],[77.43,-47.88],[76.21,-47.81],[74.99,-47.72],[73.77,-47.62],[73.57,-48.57],[73.36,-49.51],[73.14,-50.46],[73.06,-50.83],[73.06,-50.83],[71.78,-50.8],[70.5,-50.75],[69.22,-50.69],[67.95,-50.61],[66.61,-50.51],[65.26,-50.39],[63.93,-50.26],[63.68,-50.97],[63.42,-51.68],[63.16,-52.39],[61.84,-52.2],[60.54,-52.01],[59.25,-51.79],[57.97,-51.57],[56.7,-51.33],[56.21,-52.08],[55.71,-52.82],[55.18,-53.56],[54.64,-54.3],[54.08,-55.04],[52.77,-54.81],[51.47,-54.57],[50.19,-54.31],[49.47,-55.15],[48.71,-55.98],[47.92,-56.81],[47.09,-57.64],[46.23,-58.46],[45.32,-59.27],[44.38,-60.07],[43.38,-60.87],[42.33,-61.66],[40.75,-61.21],[39.22,-60.74],[37.73,-60.25],[36.28,-59.74],[34.88,-59.22],[33.49,-58.89],[32.12,-58.54],[30.78,-58.17],[29.46,-57.8],[29.46,-57.8],[30.34,-56.99],[31.17,-56.18],[31.97,-55.36],[32.74,-54.54],[33.48,-53.71],[33.7,-53.05],[33.91,-52.39],[34.11,-51.73],[34.42,-51.15],[34.42,-51.15],[34.64,-51.08],[36.17,-50.95],[37.7,-50.81],[37.7,-50.81],[37.78,-50.19],[37.99,-49.3],[38.2,-48.4],[38.41,-47.51],[38.61,-46.71],[38.8,-45.9],[38.99,-45.1],[39.17,-44.3],[39.35,-43.62],[39.52,-42.94],[39.69,-42.27],[39.84,-41.36],[39.98,-40.45],[40.12,-39.54],[40.15,-38.76],[40.17,-37.98],[40.2,-37.2],[40.16,-36.48],[40.13,-35.76],[40.09,-35.04],[40.1,-34.36],[40.12,-33.68],[40.13,-33],[40.08,-32.3],[40.03,-31.6],[40.14,-30.98],[40.14,-30.98],[39.69,-30.93],[39.09,-30.86],[38.49,-30.79],[38.22,-30.76],[38.22,-30.76],[38.26,-30.05],[38.3,-29.34],[38.34,-28.63],[38.31,-27.64],[38.29,-26.65],[38.26,-25.66],[38.24,-24.67],[38.24,-23.74],[38.23,-22.8],[38.23,-21.87],[38.22,-20.93],[38.22,-19.99],[38.22,-19.06],[38.22,-19.06],[38.73,-18.43],[39.24,-17.81],[39.74,-17.02],[40.24,-16.23],[40.74,-15.44],[41.23,-14.65],[41.73,-13.88],[41.73,-13.88],[41.78,-13.33],[41.83,-12.78],[42.31,-12.03],[42.79,-11.27],[43.27,-10.52],[43.74,-9.76],[44.21,-9],[44.68,-8.24],[45.14,-7.49],[45.61,-6.73],[46.07,-6.01],[46.54,-5.29],[47,-4.57],[47.47,-3.85],[47.93,-3.13],[48.39,-2.41],[48.96,-1.76],[49.52,-1.11],[50.09,-0.46],[50.65,0.19],[51.22,0.85],[51.22,0.85],[51.73,0.6],[52.25,0.35],[53.05,0],[53.85,-0.35],[54.65,-0.69],[55.49,-0.97],[56.33,-1.24],[57.17,-1.52],[58.12,-1.74],[59.06,-1.97],[60.01,-2.19],[60.96,-2.41],[61.94,-2.58],[62.93,-2.74],[63.91,-2.91],[64.9,-3.07],[65.53,-3.04],[65.53,-3.04],[65.54,-3.06],[66.21,-2.79],[66.87,-2.52],[67.54,-2.25],[68.02,-3.01],[68.51,-3.77],[68.99,-4.53],[69.48,-5.29],[69.97,-6.05],[70.65,-5.85],[71.32,-5.66],[72,-5.46],[72.46,-6.18],[72.93,-6.9],[73.39,-7.62],[73.86,-8.34],[74.33,-9.06],[75.26,-8.74],[75.74,-9.49],[76.22,-10.23],[76.71,-10.97],[77.19,-11.71],[77.68,-12.45],[78.17,-13.19],[78.66,-13.92],[79.16,-14.66],[79.87,-14.58],[80.58,-14.5],[81.29,-14.42],[81.45,-14.97],[82.38,-14.82],[83.3,-14.67],[84.23,-14.51],[85.16,-14.35],[86.08,-14.18],[86.18,-14.5],[86.99,-14.43],[87.8,-14.36],[88.6,-14.29],[89.41,-14.22],[89.62,-15.11],[89.83,-15.99],[90.04,-16.88],[90.26,-17.77],[90.48,-18.65],[90.7,-19.54],[90.92,-20.42],[91.14,-21.31],[91.37,-22.19],[91.6,-23.08],[91.84,-23.96],[92,-24.93],[92,-24.93],[91.26,-25.06]]]}},{"type":"Feature","properties":{"ma":90,"type":"gpml:TopologicalClosedPlateBoundary","name":"NE Africa","pid":715,"deforming":false},"geometry":{"type":"Polygon","coordinates":[[[11.46,9.59],[10.64,10.03],[9.82,10.48],[9,10.92],[8.17,11.37],[7.34,11.8],[6.51,12.24],[5.68,12.68],[4.84,13.11],[4,13.54],[4,13.54],[4.29,14.27],[4.58,15],[4.87,15.73],[5.17,16.46],[5.17,16.46],[4.27,16.6],[3.37,16.73],[2.47,16.93],[1.57,17.12],[0.67,17.31],[-0.23,17.5],[-1.13,17.68],[-2.04,17.86],[-2.95,18.03],[-3.86,18.2],[-4.77,18.52],[-5.69,18.83],[-6.6,19.14],[-7.53,19.44],[-8.45,19.74],[-9.38,20.03],[-9.38,20.03],[-8.57,19.96],[-7.75,19.88],[-6.93,19.8],[-6.12,19.71],[-5.26,19.73],[-4.4,19.75],[-3.54,19.76],[-3.41,19.77],[-3.41,19.77],[-2.64,20.27],[-1.86,20.78],[-1.08,21.28],[-0.29,21.78],[0.51,22.27],[1.19,22.77],[1.88,23.25],[2.57,23.74],[3.27,24.22],[3.27,24.22],[4.02,23.69],[4.76,23.16],[5.5,22.63],[6.23,22.09],[6.96,21.56],[7.79,21.05],[8.63,20.54],[9.45,20.02],[10.27,19.5],[11.09,18.98],[11.9,18.45],[12.7,17.92],[13.46,17.31],[14.21,16.69],[14.96,16.07],[15.7,15.44],[16.44,14.82],[17.17,14.19],[17.9,13.56],[18.63,12.93],[19.35,12.3],[19.35,12.3],[19.52,12.36],[19.45,12.55],[20.3,12.89],[21.15,13.23],[21.87,12.96],[22.55,12.69],[23.21,12.45],[23.79,12.28],[24.38,12.44],[24.97,12.6],[25.55,12.83],[26.14,13.06],[26.87,13.31],[27.6,13.56],[27.7,13.31],[28.4,13.53],[29.1,13.74],[29.65,13.93],[30.2,14.11],[30.33,13.88],[31.3,14.19],[31.65,14.32],[31.65,14.32],[31.74,14],[31.8,13.79],[31.8,13.79],[31.96,13.62],[32.66,13.08],[33.36,12.53],[33.95,12.07],[34.55,11.61],[35.21,11.29],[35.88,10.96],[36.58,10.6],[37.27,10.24],[37.85,9.87],[38.43,9.51],[39.01,9.14],[39.58,8.73],[40.16,8.33],[40.65,7.98],[41.14,7.63],[41.38,7.27],[41.69,6.66],[42,6.04],[42.31,5.43],[42.68,4.72],[43.05,4.01],[43.67,3.28],[44.29,2.56],[44.8,2.17],[45.31,1.78],[46.01,1.31],[46.7,0.84],[47.41,0.46],[48.12,0.09],[48.62,-0.13],[49.13,-0.34],[49.83,-0.75],[49.83,-0.75],[49.35,-1.3],[48.87,-1.85],[48.39,-2.41],[47.93,-3.13],[47.47,-3.85],[47,-4.57],[46.54,-5.29],[46.07,-6.01],[45.61,-6.73],[45.19,-7.42],[44.76,-8.11],[44.34,-8.79],[43.91,-9.48],[43.48,-10.17],[43.48,-10.17],[42.55,-10.39],[41.61,-10.61],[40.68,-10.82],[39.74,-11.04],[39.07,-11.2],[38.4,-11.37],[37.73,-11.54],[36.92,-11.76],[36.1,-11.98],[35.29,-12.2],[34.45,-12.42],[33.62,-12.64],[32.78,-12.86],[31.79,-13.11],[30.8,-13.37],[29.81,-13.61],[29.06,-13.99],[28.3,-14.37],[27.55,-14.75],[26.79,-15.12],[26.39,-15.49],[25.98,-15.85],[25.45,-16.38],[24.91,-16.91],[24.75,-17.51],[24.6,-18.12],[23.89,-18.6],[23.17,-19.09],[22.56,-18.87],[21.84,-18.82],[21.12,-18.76],[20.6,-17.93],[20.57,-17.06],[20.88,-16.68],[20.9,-16.12],[20.92,-15.57],[20.79,-14.85],[20.65,-14.13],[20.4,-13.27],[20.15,-12.41],[19.8,-12.26],[19.48,-12.53],[19.19,-13.04],[18.91,-13.55],[18.8,-14.11],[18.69,-14.67],[19.07,-15.21],[19.45,-15.75],[19.75,-16.5],[19.33,-16.89],[18.73,-17.09],[18.33,-16.71],[17.93,-16.34],[17.54,-15.47],[17.35,-14.78],[17.16,-14.09],[16.97,-13.4],[16.62,-12.9],[16.28,-12.4],[15.73,-11.63],[15.36,-11.12],[14.48,-11.49],[13.76,-11.34],[13.3,-11.6],[12.84,-11.86],[11.96,-11.94],[11.08,-12.01],[10.54,-12.19],[10,-12.36],[9.18,-12.32],[8.35,-12.28],[7.43,-12.43],[6.51,-12.58],[5.96,-12.64],[5.41,-12.69],[5.04,-12.33],[4.67,-11.97],[4.25,-11.65],[3.83,-11.33],[3.31,-11.34],[2.88,-10.9],[2.66,-10.37],[2.74,-10.13],[2.58,-9.69],[1.82,-9.28],[1.69,-8.99],[1.52,-8.51],[1.52,-8.51],[2.13,-7.94],[2.53,-7.33],[2.52,-6.83],[2.52,-6.33],[2.34,-5.73],[2.16,-5.13],[1.99,-4.6],[1.81,-4.07],[1.63,-3.38],[1.45,-2.68],[1.7,-1.81],[1.42,-1.29],[1.38,-0.69],[1.33,-0.09],[1.18,0.54],[1.03,1.17],[1.66,1.41],[2.29,1.66],[2.89,1.61],[3.5,1.55],[4.22,1.8],[4.95,2.05],[5.95,2.08],[6.92,1.93],[7.89,1.79],[8.61,2.07],[9.34,2.36],[10.14,2.31],[10.76,2.56],[11.39,2.81],[11.56,3.52],[11.72,4.24],[11.88,4.95],[11.51,5.34],[11.13,5.74],[10.89,6.33],[10.64,6.93],[10.79,7.65],[10.93,8.37],[11.07,9.09],[11.46,9.59]]]}},{"type":"Feature","properties":{"ma":90,"type":"gpml:TopologicalClosedPlateBoundary","name":"NE Siberia","pid":409,"deforming":false},"geometry":{"type":"MultiPolygon","coordinates":[[[[180,86.88],[180,85.94],[180,84.99],[180,84.04],[180,83.1],[180,82.15],[175.68,82.01],[171.53,81.83],[167.01,81.62],[162.73,81.37],[162.73,81.37],[159.54,80.53],[156.87,79.66],[155.75,79.01],[154.76,78.35],[153.72,77.62],[151.5,76.87],[149.53,76.1],[147.76,75.31],[146.37,74.65],[145.1,73.97],[142.98,74.71],[141.34,75.44],[139.54,76.15],[136.82,76.89],[133.79,77.59],[131.54,78.13],[129.09,78.64],[126.42,79.13],[122.84,79.62],[118.94,80.07],[114.68,80.46],[109.71,80.81],[104.39,81.08],[98.8,81.27],[93.01,81.38],[87.13,81.4],[82.45,81.45],[77.74,81.44],[73.08,81.37],[68.04,81.2],[68.04,81.2],[71.43,81.97],[75.52,82.71],[80.49,83.4],[86.56,84.03],[91.13,84.71],[96.97,85.34],[104.53,85.91],[114.3,86.38],[123.88,87.02],[138.01,87.54],[157.62,87.84],[180,87.83],[180,86.88]]],[[[-180,83.1],[-180,84.04],[-180,84.99],[-180,85.94],[-180,86.88],[-180,87.83],[-175.6,87.79],[-156.87,87.47],[-143.37,86.95],[-134.13,86.32],[-127.72,85.62],[-124.61,85],[-122.2,84.37],[-120.27,83.73],[-118.57,82.91],[-117.22,82.08],[-116.12,81.25],[-115.22,80.41],[-117.21,79.67],[-118.94,78.92],[-120.44,78.16],[-121.77,77.39],[-122.95,76.62],[-122.95,76.62],[-125.53,77.14],[-128.31,77.63],[-131.31,78.1],[-134.54,78.53],[-137.58,79.23],[-141.02,79.9],[-144.93,80.53],[-149.57,81.17],[-154.89,81.74],[-160.94,82.23],[-167.31,82.3],[-173.71,82.27],[-180,82.15],[-180,83.1]]]]}},{"type":"Feature","properties":{"ma":90,"type":"gpml:TopologicalClosedPlateBoundary","name":"NW Africa","pid":714,"deforming":false},"geometry":{"type":"Polygon","coordinates":[[[4.63,13.21],[4.61,12.25],[4.59,11.28],[4.54,10.47],[4.5,9.66],[3.93,9.11],[3.37,8.56],[2.88,7.95],[2.39,7.34],[2.16,6.61],[1.93,5.89],[1.69,5.07],[1.46,4.25],[1.14,3.35],[0.82,2.45],[0.4,1.84],[-0.03,1.24],[-0.36,0.8],[-0.69,0.37],[-1.23,0.49],[-1.77,0.62],[-2.32,1.08],[-2.87,1.54],[-3.47,1.07],[-3.91,0.8],[-4.34,0.53],[-5.27,0.49],[-6.19,0.44],[-6.8,0.17],[-7.42,-0.1],[-7.76,-0.67],[-8.1,-1.24],[-8.79,-1.38],[-9.42,-0.98],[-9.71,-0.06],[-9.76,0.51],[-9.8,1.07],[-10.57,0.8],[-10.91,0.2],[-10.9,-0.53],[-10.83,-1.03],[-10.75,-1.53],[-10.54,-1.99],[-9.98,-2.39],[-9.35,-2.78],[-9.21,-3.58],[-9.22,-4.51],[-9.16,-5.14],[-9.1,-5.77],[-8.9,-6.31],[-8.92,-6.97],[-9.07,-7.38],[-8.59,-7.84],[-8.11,-8.37],[-7.93,-9.11],[-7.74,-9.85],[-7.27,-10.32],[-6.74,-11.05],[-6.62,-11.73],[-6.39,-12.42],[-6.39,-12.42],[-6.62,-12.5],[-7.29,-12.76],[-7.93,-13.01],[-8.58,-13.26],[-9.23,-13.5],[-9.93,-13.75],[-10.64,-13.99],[-11.35,-14.23],[-12.33,-14.47],[-12.33,-14.47],[-12.51,-14.25],[-13.26,-13.93],[-14.01,-13.61],[-14.48,-13.43],[-14.9,-13.18],[-15.39,-13.05],[-15.69,-12.97],[-16.46,-12.94],[-16.65,-12.93],[-17.23,-12.9],[-17.49,-12.87],[-18.31,-12.91],[-19.14,-12.94],[-19.95,-12.93],[-20.77,-12.92],[-21.59,-12.9],[-21.88,-12.59],[-22.06,-12.36],[-22.53,-11.76],[-22.7,-11.69],[-23.27,-11.45],[-23.92,-11.27],[-23.99,-11.24],[-24.49,-11.06],[-24.99,-10.88],[-25.22,-10.82],[-25.61,-10.34],[-26.57,-10.1],[-27.52,-9.85],[-27.63,-9.6],[-28.21,-8.85],[-28.27,-8.56],[-28.36,-8.2],[-28.53,-7.47],[-28.56,-7.34],[-29.14,-6.77],[-29.72,-6.2],[-30.3,-5.63],[-30.54,-5.23],[-30.54,-5.23],[-30.42,-4.5],[-30.93,-4.47],[-30.83,-3.89],[-30.95,-3.89],[-30.84,-3.4],[-31.69,-3.24],[-32.54,-3.09],[-32.46,-2.66],[-33.1,-2.48],[-33.04,-2.09],[-33.79,-1.86],[-33.75,-1.65],[-34.4,-1.49],[-35.05,-1.33],[-34.95,-0.86],[-35.87,-0.62],[-36.79,-0.38],[-36.64,0.2],[-37.11,0.36],[-37,0.92],[-37.19,0.99],[-37.01,1.51],[-37.25,1.59],[-37.07,2.28],[-37.94,2.6],[-38.81,2.92],[-39.67,3.24],[-39.55,3.76],[-39.42,4.28],[-39.76,4.42],[-39.65,5.02],[-40.3,5.32],[-40.95,5.62],[-40.95,5.62],[-40.38,6.27],[-40.11,7.08],[-39.97,7.35],[-40.43,7.58],[-39.92,8.35],[-39.41,9.13],[-38.89,9.9],[-38.38,10.67],[-37.86,11.44],[-38.01,11.55],[-37.6,12.17],[-37.43,12.1],[-36.95,12.76],[-36.47,13.42],[-36.29,13.36],[-35.97,13.82],[-35.64,14.27],[-36.2,14.65],[-36.77,15.02],[-36.16,15.81],[-35.62,15.47],[-35.02,16.06],[-34.41,16.66],[-33.8,17.25],[-33.18,17.84],[-32.56,18.43],[-31.93,19.02],[-31.81,18.97],[-31.5,19.27],[-31.16,19.09],[-30.88,19.36],[-30.71,19.3],[-30.09,19.84],[-29.94,19.77],[-29.32,20.29],[-28.69,20.81],[-28.15,20.54],[-27.67,20.97],[-27.18,21.41],[-26.47,21.02],[-25.81,21.5],[-25.27,21.22],[-24.57,21.79],[-23.86,22.37],[-23.59,22.23],[-22.85,22.75],[-22.64,22.66],[-22.15,23.03],[-21.66,23.4],[-21.43,23.31],[-20.99,23.62],[-20.55,23.92],[-19.85,23.64],[-19.16,23.35],[-18.89,23.81],[-18.89,23.81],[-17.97,23.39],[-17.06,22.97],[-16.24,22.52],[-15.43,22.08],[-14.62,21.63],[-13.82,21.17],[-13.02,20.71],[-12.23,20.25],[-11.28,20.18],[-10.33,20.11],[-9.38,20.03],[-9.38,20.03],[-8.45,19.74],[-7.53,19.44],[-6.6,19.14],[-5.69,18.83],[-4.77,18.52],[-3.86,18.2],[-2.95,18.03],[-2.04,17.86],[-1.13,17.68],[-0.23,17.5],[0.67,17.31],[1.57,17.12],[2.47,16.93],[3.37,16.73],[4.27,16.6],[5.17,16.46],[5.17,16.46],[4.87,15.73],[4.58,15],[4.29,14.27],[4,13.54],[4,13.54],[4.63,13.21]]]}},{"type":"Feature","properties":{"ma":90,"type":"gpml:TopologicalClosedPlateBoundary","name":"Pacific","pid":901,"deforming":false},"geometry":{"type":"MultiPolygon","coordinates":[[[[180,27.38],[180,26.39],[180,25.4],[180,24.41],[180,23.41],[180,22.42],[180,21.43],[180,20.44],[180,19.45],[180,18.45],[180,17.46],[180,16.47],[180,15.48],[180,14.49],[180,13.5],[180,12.5],[180,11.51],[180,10.52],[180,9.53],[180,8.54],[180,7.54],[180,6.55],[180,5.56],[180,4.57],[180,3.58],[180,2.58],[180,1.59],[180,0.6],[180,-0.39],[180,-1.38],[180,-2.37],[180,-3.37],[180,-4.36],[180,-5.35],[180,-6.34],[180,-7.33],[180,-8.33],[180,-9.32],[180,-10.31],[180,-11.3],[180,-12.29],[180,-13.29],[180,-14.28],[180,-15.27],[180,-16.26],[180,-17.25],[180,-18.24],[180,-19.24],[180,-20.23],[180,-21.22],[180,-22.21],[180,-23.2],[180,-24.2],[180,-25.19],[180,-26.18],[180,-27.17],[180,-28.16],[180,-29.16],[180,-30.15],[180,-31.14],[180,-32.13],[180,-33.12],[180,-34.12],[180,-35.11],[180,-36.1],[180,-37.09],[180,-38.08],[180,-39.07],[180,-40.07],[180,-41.06],[180,-42.05],[180,-43.04],[179.93,-43.03],[179.11,-43.78],[178.27,-44.53],[177.4,-45.28],[176.28,-44.79],[175.18,-44.3],[174.1,-43.8],[173.04,-43.28],[172,-42.76],[170.97,-42.23],[169.96,-41.68],[168.87,-41.11],[167.8,-40.53],[166.74,-39.94],[165.71,-39.34],[164.69,-38.74],[163.65,-39.17],[162.59,-39.6],[161.53,-40.02],[160.45,-40.43],[159.35,-40.83],[158.25,-41.22],[157.13,-41.59],[157.13,-41.59],[156.46,-41.37],[155.8,-41.14],[154.93,-40.72],[154.56,-40.35],[154.6,-39.56],[153.97,-39.01],[154.27,-38.51],[154.56,-38],[154.82,-37.53],[154.54,-36.67],[153.97,-36.03],[153.3,-35.56],[153.02,-35.4],[152.69,-35.25],[152.62,-35.2],[152.62,-35.2],[153.09,-34.81],[153.55,-34.42],[153.55,-34.42],[153.54,-33.5],[153.54,-32.57],[153.28,-31.91],[153.02,-31.25],[152.77,-30.59],[152.41,-29.83],[152.05,-29.08],[151.7,-28.33],[151.3,-27.68],[150.91,-27.04],[150.52,-26.4],[150.07,-25.72],[149.62,-25.04],[149.2,-24.59],[148.79,-24.15],[148.79,-24.15],[148.91,-23.22],[149.03,-22.29],[149.17,-21.47],[149.3,-20.64],[149.42,-19.82],[149.55,-18.99],[149.68,-18.17],[149.79,-17.23],[149.91,-16.3],[150.02,-15.37],[149.79,-14.43],[149.56,-13.49],[149.33,-12.54],[149.11,-11.59],[148.9,-10.63],[148.68,-9.68],[148.47,-8.72],[148.26,-7.77],[148.18,-6.83],[148.09,-5.9],[148,-4.97],[147.92,-4.04],[147.83,-3.11],[147.54,-2.37],[147.24,-1.63],[147.24,-1.63],[147.34,-1.67],[147.74,-2.04],[147.74,-2.04],[147.7,-1.21],[147.66,-0.37],[147.62,0.46],[147.58,1.3],[147.54,2.13],[147.52,2.58],[147.35,3.49],[147.17,4.39],[147,5.3],[146.82,6.2],[146.65,7.08],[146.48,7.96],[146.31,8.85],[146.13,9.73],[146.13,9.73],[147.06,10],[147.98,10.27],[148.91,10.54],[149.83,10.81],[150.76,11.07],[151.7,11.33],[152.63,11.59],[153.56,11.85],[154.5,12.1],[155.44,12.35],[155.44,12.35],[155.17,13.31],[154.89,14.27],[154.61,15.23],[154.33,16.19],[154.04,17.15],[155.01,17.48],[155.98,17.81],[156.95,18.14],[157.92,18.46],[158.9,18.78],[159.88,19.09],[160.87,19.39],[161.86,19.69],[161.14,19.48],[160.42,19.26],[159.71,19.03],[160.62,19.32],[161.52,19.59],[162.43,19.86],[163.34,20.13],[164.26,20.4],[165.18,20.65],[166.1,20.91],[165.82,21.69],[165.53,22.47],[166.5,22.72],[167.47,22.97],[168.32,23.18],[169.17,23.39],[170.03,23.59],[170.89,23.79],[171.65,23.96],[172.62,24.17],[173.58,24.38],[174.55,24.58],[175.53,24.77],[176.5,24.95],[177.48,25.13],[178.47,25.3],[178.21,26.19],[177.96,27.07],[177.69,27.95],[178.46,28.09],[179.23,28.24],[180,28.37],[180,27.38]]],[[[180,37.75],[180,36.96],[180,36.18],[180,35.39],[179.83,36.15],[179.66,36.91],[179.48,37.66],[179.3,38.42],[180,38.53],[180,37.75]]],[[[-180,36.18],[-180,36.96],[-180,37.75],[-180,38.53],[-178.78,38.72],[-177.55,38.89],[-176.31,39.05],[-175.08,39.19],[-173.83,39.32],[-172.58,39.44],[-171.33,39.55],[-170.07,39.64],[-168.81,39.72],[-168.69,38.73],[-168.57,37.75],[-168.45,36.76],[-168.35,35.92],[-168.26,35.07],[-168.26,35.07],[-168.26,35.07],[-167.19,35.34],[-166.12,35.6],[-165.04,35.85],[-163.95,36.09],[-162.86,36.33],[-161.76,36.55],[-160.65,36.76],[-159.54,36.96],[-158.42,37.15],[-157.3,37.34],[-156.17,37.51],[-156.06,36.72],[-155.94,35.94],[-154.98,36.08],[-154.01,36.22],[-153.04,36.36],[-152.07,36.48],[-151.22,36.58],[-150.17,36.7],[-149.12,36.81],[-148.06,36.9],[-147,36.99],[-145.76,37.09],[-144.52,37.16],[-143.28,37.23],[-142.56,37.3],[-142.4,37.01],[-141.84,36.25],[-141.28,35.49],[-140.74,34.73],[-140.2,33.97],[-139.81,33.04],[-139.43,32.11],[-139.06,31.17],[-138.69,30.24],[-138.33,29.3],[-137.98,28.37],[-137.64,27.43],[-137.3,26.49],[-136.96,25.56],[-136.63,24.62],[-136.31,23.68],[-135.99,22.74],[-135.67,21.79],[-135.36,20.85],[-135.05,19.91],[-134.75,18.97],[-134.44,18.02],[-134.15,17.08],[-133.85,16.14],[-133.56,15.19],[-133.27,14.25],[-132.98,13.3],[-132.7,12.35],[-132.42,11.41],[-132.14,10.46],[-131.19,10.8],[-130.23,11.14],[-129.28,11.47],[-128.32,11.8],[-127.37,12.12],[-126.4,12.44],[-126.09,11.53],[-125.78,10.62],[-125.47,9.7],[-125.16,8.79],[-124.85,7.88],[-124.55,6.96],[-124.25,6.05],[-123.94,5.13],[-123.64,4.22],[-124.44,3.92],[-125.24,3.63],[-126.04,3.33],[-126.83,3.03],[-127.63,2.73],[-127.27,1.89],[-126.92,1.05],[-126.56,0.22],[-126.2,-0.62],[-125.85,-1.46],[-125.49,-2.3],[-125.13,-3.14],[-124.31,-2.87],[-123.48,-2.6],[-122.66,-2.33],[-121.84,-2.06],[-121.01,-1.79],[-120.57,-2.62],[-120.14,-3.45],[-119.7,-4.29],[-119.25,-5.12],[-118.81,-5.95],[-118.09,-5.68],[-117.37,-5.4],[-116.64,-5.13],[-116.15,-5.91],[-115.66,-6.68],[-115.16,-7.46],[-114.66,-8.24],[-114.16,-9.02],[-113.66,-9.79],[-113.15,-10.57],[-112.64,-11.36],[-112.12,-12.14],[-111.6,-12.93],[-111.07,-13.71],[-110.55,-14.5],[-110.01,-15.28],[-109.48,-16.06],[-108.94,-16.84],[-108.39,-17.62],[-108.13,-17.98],[-108.85,-18.15],[-109.57,-18.32],[-109.37,-19.14],[-109.17,-19.95],[-108.97,-20.77],[-108.76,-21.58],[-108.6,-22.49],[-108.6,-22.49],[-109.62,-22.69],[-110.64,-22.88],[-111.67,-23.07],[-112.7,-23.25],[-113.73,-23.43],[-114.76,-23.59],[-114.68,-24.43],[-114.61,-25.26],[-114.53,-26.09],[-115.19,-26.19],[-115.85,-26.28],[-115.85,-26.28],[-115.93,-27.2],[-115.93,-28.19],[-115.93,-29.19],[-115.92,-30.18],[-115.92,-31.18],[-116.79,-31.29],[-117.66,-31.4],[-117.56,-31.95],[-117.45,-32.5],[-117.45,-32.5],[-118.46,-32.29],[-119.47,-32.08],[-120.48,-31.82],[-121.49,-31.55],[-122.5,-31.27],[-123.5,-30.99],[-124.49,-30.7],[-125.43,-30.41],[-126.36,-30.12],[-127.29,-29.81],[-128.21,-29.51],[-129.13,-29.19],[-130.04,-28.87],[-130.95,-28.55],[-131.31,-29.24],[-131.68,-29.93],[-132.8,-30.05],[-133.93,-30.15],[-135.06,-30.25],[-136.19,-30.34],[-137.32,-30.41],[-138.44,-30.45],[-139.56,-30.47],[-140.68,-30.49],[-141.8,-30.5],[-142.92,-30.49],[-144.04,-30.48],[-144.05,-30.8],[-144.65,-30.82],[-145.25,-30.83],[-145.23,-31.61],[-145.2,-32.4],[-146.2,-32.43],[-147.2,-32.44],[-148.2,-32.45],[-148.22,-33.07],[-149.4,-33.03],[-150.58,-32.98],[-150.61,-33.77],[-150.64,-34.55],[-151.78,-34.52],[-152.91,-34.47],[-153,-35.13],[-153.09,-35.78],[-154.07,-35.74],[-155.04,-35.7],[-155.17,-36.6],[-155.31,-37.51],[-155.44,-38.42],[-156.29,-38.8],[-157.15,-39.18],[-157.35,-39.53],[-157.35,-39.53],[-158.1,-39.31],[-158.1,-39.31],[-158.09,-39.4],[-158.14,-40.29],[-158.19,-41.19],[-158.24,-42.08],[-158.29,-42.97],[-158.35,-43.87],[-158.4,-44.76],[-158.46,-45.65],[-159.59,-45.63],[-160.73,-45.59],[-161.86,-45.54],[-162.15,-46.27],[-162.46,-46.99],[-162.77,-47.71],[-164.06,-47.54],[-165.35,-47.36],[-166.62,-47.17],[-167.89,-46.96],[-169.15,-46.74],[-170.39,-46.5],[-169.97,-45.74],[-169.56,-44.98],[-170.9,-44.79],[-172.24,-44.59],[-173.56,-44.37],[-174.87,-44.13],[-176.17,-43.88],[-177.46,-43.61],[-178.73,-43.34],[-180,-43.04],[-180,-42.05],[-180,-41.06],[-180,-40.07],[-180,-39.07],[-180,-38.08],[-180,-37.09],[-180,-36.1],[-180,-35.11],[-180,-34.12],[-180,-33.12],[-180,-32.13],[-180,-31.14],[-180,-30.15],[-180,-29.16],[-180,-28.16],[-180,-27.17],[-180,-26.18],[-180,-25.19],[-180,-24.2],[-180,-23.2],[-180,-22.21],[-180,-21.22],[-180,-20.23],[-180,-19.24],[-180,-18.24],[-180,-17.25],[-180,-16.26],[-180,-15.27],[-180,-14.28],[-180,-13.29],[-180,-12.29],[-180,-11.3],[-180,-10.31],[-180,-9.32],[-180,-8.33],[-180,-7.33],[-180,-6.34],[-180,-5.35],[-180,-4.36],[-180,-3.37],[-180,-2.37],[-180,-1.38],[-180,-0.39],[-180,0.6],[-180,1.59],[-180,2.58],[-180,3.58],[-180,4.57],[-180,5.56],[-180,6.55],[-180,7.54],[-180,8.54],[-180,9.53],[-180,10.52],[-180,11.51],[-180,12.5],[-180,13.5],[-180,14.49],[-180,15.48],[-180,16.47],[-180,17.46],[-180,18.45],[-180,19.45],[-180,20.44],[-180,21.43],[-180,22.42],[-180,23.41],[-180,24.41],[-180,25.4],[-180,26.39],[-180,27.38],[-180,28.37],[-179.3,28.49],[-178.61,28.61],[-178.79,29.58],[-178.98,30.55],[-179.18,31.52],[-179.38,32.49],[-179.58,33.46],[-179.79,34.42],[-180,35.39],[-180,36.18]]]]}},{"type":"Feature","properties":{"ma":90,"type":"gpml:TopologicalClosedPlateBoundary","name":"SAM","pid":201,"deforming":false},"geometry":{"type":"Polygon","coordinates":[[[-6.61,-58.49],[-6.39,-58.7],[-6.15,-59.6],[-5.9,-60.51],[-5.52,-61.44],[-5.11,-62.36],[-4.67,-63.29],[-4.21,-64.22],[-4.21,-64.22],[-4.34,-64.25],[-6.31,-64.73],[-7.94,-65.12],[-9.62,-65.49],[-11.12,-65.85],[-12.66,-66.2],[-14.24,-66.54],[-16.11,-66.98],[-18.04,-67.4],[-20.03,-67.79],[-22.1,-68.16],[-24.23,-68.51],[-26.42,-68.82],[-28.55,-69.13],[-30.73,-69.41],[-32.63,-69.67],[-34.53,-69.81],[-35.31,-69.9],[-35.9,-70.01],[-36.88,-70.13],[-37.94,-70.21],[-39.2,-70.31],[-40.47,-70.41],[-42.24,-70.5],[-43.24,-70.54],[-44.67,-70.56],[-45.24,-70.59],[-47.08,-70.66],[-48.77,-70.71],[-50.79,-70.74],[-52.49,-70.78],[-54.67,-70.79],[-55.63,-70.78],[-56.33,-70.77],[-57.18,-70.75],[-58.13,-70.73],[-58.75,-70.65],[-59.53,-70.59],[-60.9,-70.43],[-62.1,-70.27],[-63.01,-70.19],[-63.91,-70.1],[-64.57,-69.97],[-66.28,-69.7],[-67.27,-69.48],[-67.78,-69.1],[-68.46,-68.85],[-69,-68.62],[-69.32,-68.39],[-70.35,-67.81],[-71.86,-67.09],[-73.27,-66.36],[-73.27,-66.36],[-72.32,-66.02],[-71.39,-65.68],[-70.29,-65.27],[-69.22,-64.85],[-68.32,-64.59],[-68.32,-64.59],[-68.76,-64.41],[-69.22,-64.22],[-69.62,-63.99],[-69.77,-63.87],[-69.93,-63.76],[-70.18,-63.59],[-70.39,-63.45],[-70.69,-63.25],[-70.98,-63.04],[-71.24,-62.85],[-71.51,-62.67],[-71.75,-62.49],[-71.89,-62.36],[-72.26,-62.04],[-72.72,-61.58],[-72.98,-61.3],[-73.11,-60.9],[-73.12,-60.83],[-73.05,-60.45],[-72.92,-60.1],[-72.78,-59.72],[-72.66,-59.4],[-72.59,-59.24],[-72.52,-58.92],[-72.57,-58.52],[-72.59,-58.13],[-72.55,-57.79],[-72.53,-57.49],[-72.46,-57.24],[-72.39,-56.92],[-72.28,-56.56],[-72,-56.14],[-71.67,-55.81],[-71.45,-55.62],[-71.19,-55.39],[-70.88,-55.12],[-70.38,-54.71],[-69.93,-54.35],[-69.6,-54.04],[-69.34,-53.73],[-69.24,-53.3],[-69.15,-53.02],[-69.07,-52.79],[-69.04,-52.71],[-68.92,-52.47],[-68.77,-52.17],[-68.58,-51.82],[-68.41,-51.53],[-68.22,-51.22],[-68.01,-50.88],[-67.86,-50.63],[-67.5,-50.01],[-67.26,-49.6],[-67.03,-49.22],[-66.8,-48.86],[-66.49,-48.37],[-66.32,-48.09],[-66.08,-47.65],[-65.94,-47.37],[-65.76,-47.02],[-65.48,-46.76],[-65.08,-46.21],[-65.08,-46.21],[-64.92,-45.74],[-64.68,-45.33],[-64.2,-44.66],[-63.74,-43.98],[-63.36,-43.1],[-63,-42.21],[-62.64,-41.32],[-62.3,-40.44],[-61.96,-39.55],[-61.92,-38.75],[-61.88,-37.96],[-61.84,-37.16],[-61.8,-36.37],[-61.82,-35.55],[-61.84,-34.73],[-61.86,-33.91],[-61.88,-33.08],[-61.9,-32.26],[-61.79,-31.37],[-61.68,-30.47],[-61.79,-29.75],[-61.94,-29.18],[-61.99,-28.63],[-62.25,-27.9],[-62.4,-27.39],[-62.55,-26.88],[-63.21,-26.17],[-63.48,-25.5],[-63.74,-24.84],[-64,-24.17],[-64.31,-23.39],[-64.62,-22.6],[-64.93,-21.82],[-65.13,-20.97],[-65.32,-20.13],[-65.52,-19.29],[-65.71,-18.45],[-65.9,-17.6],[-66.09,-16.76],[-66.25,-15.91],[-66.4,-15.05],[-66.56,-14.2],[-66.33,-13.42],[-66.09,-12.64],[-65.86,-11.87],[-65.86,-11.87],[-65.14,-11.18],[-64.43,-10.49],[-63.91,-9.63],[-63.39,-8.78],[-62.88,-7.92],[-62.36,-7.07],[-61.85,-6.21],[-61.34,-5.36],[-60.9,-4.6],[-60.46,-3.84],[-60.02,-3.08],[-59.82,-2.2],[-59.62,-1.32],[-59.42,-0.43],[-59.21,0.45],[-59.01,1.34],[-59.01,1.34],[-59.06,1.43],[-59.4,1.88],[-59.75,2.34],[-60.08,2.85],[-60.41,3.37],[-60.98,3.93],[-61.55,4.5],[-62.13,5.07],[-62.7,5.63],[-63.27,6.2],[-63.67,6.43],[-63.67,6.43],[-63.01,7.04],[-62.34,7.65],[-61.67,8.26],[-61,8.87],[-60.33,9.48],[-59.65,10.09],[-59.06,9.51],[-58.47,8.92],[-57.85,9.49],[-57.23,10.06],[-56.6,10.62],[-55.97,11.18],[-55.34,11.74],[-54.74,11.17],[-54.14,10.6],[-53.6,11.06],[-53.06,11.51],[-53.06,11.51],[-52.65,10.85],[-52.11,10.14],[-51.57,9.44],[-50.99,8.7],[-50.4,7.96],[-49.81,7.22],[-49.23,6.48],[-48.62,5.88],[-48,5.28],[-47.39,4.68],[-46.78,4.09],[-46.78,4.09],[-46.12,4.72],[-45.46,5.36],[-44.97,5.81],[-44.48,6.27],[-43.98,6.72],[-43.25,7.28],[-42.68,7.7],[-42.53,7.8],[-42.53,7.8],[-41.8,7.32],[-41.07,6.83],[-41.29,6.35],[-41.51,5.87],[-40.89,5.59],[-40.27,5.31],[-39.65,5.02],[-39.76,4.42],[-39.42,4.28],[-39.55,3.76],[-39.67,3.24],[-38.81,2.92],[-37.94,2.6],[-37.07,2.28],[-37.25,1.59],[-37.01,1.51],[-37.19,0.99],[-37,0.92],[-37.11,0.36],[-36.64,0.2],[-36.79,-0.38],[-35.87,-0.62],[-34.95,-0.86],[-35.05,-1.33],[-34.4,-1.49],[-33.75,-1.65],[-33.79,-1.86],[-33.04,-2.09],[-33.1,-2.48],[-32.46,-2.66],[-32.54,-3.09],[-31.69,-3.24],[-30.84,-3.4],[-30.95,-3.89],[-30.83,-3.89],[-30.93,-4.47],[-30.42,-4.5],[-30.55,-5.26],[-30.55,-5.26],[-30.42,-5.48],[-29.8,-6.1],[-29.18,-6.72],[-28.56,-7.34],[-28.53,-7.47],[-28.36,-8.2],[-28.27,-8.56],[-28.21,-8.85],[-27.63,-9.6],[-27.52,-9.85],[-26.57,-10.1],[-25.61,-10.34],[-25.22,-10.82],[-24.99,-10.88],[-24.49,-11.06],[-23.99,-11.24],[-23.92,-11.27],[-23.27,-11.45],[-22.7,-11.69],[-22.53,-11.76],[-22.06,-12.36],[-21.88,-12.59],[-21.59,-12.9],[-20.77,-12.92],[-19.95,-12.93],[-19.14,-12.94],[-18.31,-12.91],[-17.49,-12.87],[-17.23,-12.9],[-16.65,-12.93],[-16.46,-12.94],[-15.69,-12.97],[-15.39,-13.05],[-14.9,-13.18],[-14.48,-13.43],[-14.01,-13.61],[-13.26,-13.93],[-12.51,-14.25],[-11.95,-14.92],[-11.72,-15.81],[-11.48,-16.37],[-11.41,-16.54],[-11.96,-17.36],[-11.92,-17.49],[-11.72,-18.22],[-11.72,-18.25],[-11.65,-19],[-11.66,-19.06],[-11.79,-19.57],[-11.95,-20.11],[-12.19,-20.42],[-12.23,-20.54],[-12.82,-20.84],[-13.42,-21.15],[-13.54,-21.29],[-13.65,-21.43],[-13.84,-22],[-13.88,-22.16],[-14.06,-22.62],[-14.16,-22.92],[-14.28,-23.28],[-14.57,-23.69],[-14.62,-23.93],[-14.73,-24.6],[-14.74,-24.64],[-15.05,-25.08],[-15.37,-25.52],[-15.35,-25.6],[-15.11,-26.27],[-15.05,-26.41],[-14.87,-26.96],[-14.81,-27.25],[-14.79,-27.75],[-14.8,-28.09],[-14.82,-28.52],[-14.85,-28.94],[-14.88,-29.27],[-14.91,-29.79],[-14.92,-30.04],[-14.94,-30.65],[-14.93,-30.83],[-14.87,-31.53],[-14.87,-31.62],[-14.83,-32.38],[-14.82,-32.44],[-14.78,-33.18],[-14.77,-33.32],[-14.81,-33.98],[-14.83,-34.11],[-14.81,-34.66],[-14.91,-34.89],[-15.04,-35.15],[-15.7,-35.65],[-15.88,-35.98],[-16.08,-36.22],[-16.24,-36.47],[-16.92,-36.94],[-16.95,-36.98],[-17.21,-37.44],[-17.43,-37.76],[-17.49,-37.85],[-17.76,-38.14],[-18.01,-38.33],[-18.17,-38.52],[-18.21,-38.61],[-18.27,-38.8],[-18.96,-39.12],[-19.66,-39.43],[-19.68,-39.54],[-19.75,-40.12],[-18.98,-40.23],[-18.2,-40.34],[-18.21,-40.79],[-18.24,-41.2],[-18.3,-41.55],[-18.92,-41.82],[-19.55,-42.1],[-19.63,-42.33],[-19.9,-42.96],[-20.06,-43.07],[-20.56,-43.44],[-21.07,-43.8],[-21.08,-43.84],[-21.7,-44.22],[-22.33,-44.6],[-22.43,-44.75],[-22.77,-45.37],[-22.86,-45.63],[-23.57,-46.1],[-23.74,-46.49],[-23.89,-46.81],[-24.15,-47.34],[-24.21,-47.52],[-24.64,-48.2],[-24.65,-48.24],[-24.83,-48.98],[-24.85,-49.06],[-25.23,-49.65],[-25.46,-50.6],[-25.71,-51.55],[-25.97,-52.49],[-26.24,-53.44],[-27.05,-53.45],[-27.25,-54.27],[-27.45,-55.09],[-28.16,-55.1],[-28.48,-56.03],[-28.81,-56.97],[-29.17,-57.91],[-27.88,-58.06],[-27.96,-59],[-28.04,-59.93],[-28.04,-59.93],[-27.82,-59.94],[-26.16,-59.98],[-24.51,-60],[-22.86,-60],[-21.2,-59.97],[-19.37,-59.9],[-17.54,-59.8],[-15.82,-59.67],[-14.11,-59.53],[-12.41,-59.36],[-10.73,-59.18],[-8.97,-58.9],[-7.25,-58.61],[-6.61,-58.49]]]}},{"type":"Feature","properties":{"ma":90,"type":"gpml:TopologicalClosedPlateBoundary","name":"Izanagi","pid":926,"deforming":false},"geometry":{"type":"MultiPolygon","coordinates":[[[[180,34.51],[180,33.64],[180,32.76],[180,31.88],[180,31.01],[180,30.13],[180,29.25],[180,28.37],[179.23,28.24],[178.46,28.09],[177.69,27.95],[177.96,27.07],[178.21,26.19],[178.47,25.3],[177.48,25.13],[176.5,24.95],[175.53,24.77],[174.55,24.58],[173.58,24.38],[172.62,24.17],[171.65,23.96],[170.89,23.79],[170.03,23.59],[169.17,23.39],[168.32,23.18],[167.47,22.97],[166.5,22.72],[165.53,22.47],[165.82,21.69],[166.1,20.91],[165.18,20.65],[164.26,20.4],[163.34,20.13],[162.43,19.86],[161.52,19.59],[160.62,19.32],[159.71,19.03],[160.42,19.26],[161.14,19.48],[161.86,19.69],[160.87,19.39],[159.88,19.09],[158.9,18.78],[157.92,18.46],[156.95,18.14],[155.98,17.81],[155.01,17.48],[154.04,17.15],[154.33,16.19],[154.61,15.23],[154.89,14.27],[155.17,13.31],[155.44,12.35],[155.44,12.35],[154.5,12.1],[153.56,11.85],[152.63,11.59],[151.7,11.33],[150.76,11.07],[149.83,10.81],[148.91,10.54],[147.98,10.27],[147.06,10],[146.13,9.73],[146.13,9.73],[146.31,8.85],[146.48,7.96],[146.65,7.08],[146.82,6.2],[147,5.3],[147.17,4.39],[147.35,3.49],[147.52,2.58],[147.54,2.13],[147.58,1.3],[147.62,0.46],[147.66,-0.37],[147.7,-1.21],[147.74,-2.04],[147.74,-2.04],[147.34,-1.67],[146.43,-1.34],[145.51,-1.01],[144.6,-0.68],[143.69,-0.35],[142.78,-0.02],[141.87,0.31],[140.96,0.64],[140.05,0.97],[139.14,1.3],[138.23,1.63],[137.32,1.96],[136.41,2.29],[135.47,2.46],[134.54,2.62],[133.6,2.79],[132.67,2.95],[131.73,3.12],[130.79,3.28],[129.86,3.45],[129.01,3.55],[128.17,3.64],[127.32,3.74],[126.48,3.84],[125.63,3.93],[124.78,4.03],[124.03,4.12],[123.28,4.22],[122.53,4.31],[121.83,4.49],[121.12,4.66],[120.41,4.83],[120.41,4.83],[120.32,4.51],[120.32,4.51],[120.02,4.46],[119.17,4.5],[118.31,4.54],[117.46,4.58],[116.69,4.5],[115.93,4.42],[115.17,4.34],[114.41,4.26],[113.65,4.61],[112.9,4.96],[112.14,5.3],[111.76,5.94],[111.37,6.58],[111.17,7.22],[110.96,7.86],[110.9,8.58],[110.33,9.35],[109.75,10.11],[109.19,10.84],[108.63,11.57],[108.23,12.11],[107.83,12.66],[107.42,13.2],[106.75,13.94],[107.02,14.24],[107.47,15],[107.94,15.75],[108.4,16.51],[108.87,17.26],[109.35,18.01],[109.81,18.83],[110.29,19.65],[110.76,20.47],[111.25,21.29],[111.73,22.1],[112.08,22.9],[112.44,23.69],[112.8,24.48],[113.17,25.27],[113.54,26.06],[113.9,26.81],[114.28,27.56],[114.66,28.31],[115.04,29.06],[115.36,29.76],[115.68,30.46],[116.01,31.17],[116.34,31.87],[116.75,32.68],[117.18,33.5],[117.61,34.31],[118.01,35.1],[118.42,35.89],[118.84,36.67],[119.25,37.39],[119.66,38.11],[120.08,38.83],[120.47,39.44],[120.87,40.05],[121.27,40.66],[121.62,41.3],[121.98,41.93],[122.34,42.57],[122.86,43.39],[123.4,44.2],[123.88,45.1],[124.37,45.99],[124.79,46.76],[125.21,47.54],[125.54,48.17],[125.89,48.8],[126.2,49.38],[126.52,49.95],[126.9,50.65],[127.29,51.34],[127.76,52.2],[128.25,53.05],[128.7,53.75],[129.18,54.45],[129.59,55.25],[130.03,56.05],[130.41,56.78],[130.8,57.51],[131.23,58.34],[131.68,59.18],[132.06,59.88],[132.46,60.59],[132.88,61.3],[133.14,62.04],[133.42,62.79],[133.72,63.54],[133.87,64.35],[134.04,65.16],[134.22,65.98],[134.41,66.88],[134.6,67.78],[134.81,68.68],[134.81,68.68],[136.22,69.23],[137.49,69.92],[138.85,70.6],[140.3,71.27],[141.86,71.93],[143.12,72.79],[144.51,73.64],[146.05,74.48],[147.76,75.31],[149.53,76.1],[151.5,76.87],[153.72,77.62],[154.76,78.35],[155.75,79.01],[156.87,79.66],[159.54,80.53],[162.73,81.37],[162.73,81.37],[167.01,81.62],[171.53,81.83],[175.68,82.01],[180,82.15],[180,81.16],[180,80.17],[180,79.18],[180,78.19],[180,77.2],[180,76.2],[180,75.21],[180,74.22],[180,73.23],[180,72.24],[180,71.25],[180,70.26],[180,69.26],[180,68.27],[180,67.28],[180,66.29],[180,65.3],[180,64.31],[180,63.32],[180,62.32],[180,61.33],[180,60.34],[180,59.35],[180,58.36],[180,57.37],[180,56.38],[180,55.38],[180,54.39],[180,53.4],[180,52.41],[180,51.42],[180,50.43],[180,49.44],[180,48.44],[180,47.45],[180,46.46],[180,45.47],[180,44.48],[180,43.49],[180,42.5],[180,41.51],[180,40.51],[180,39.52],[180,38.53],[179.3,38.42],[179.48,37.66],[179.66,36.91],[179.83,36.15],[180,35.39],[180,34.51]]],[[[-180,39.52],[-180,40.51],[-180,41.51],[-180,42.5],[-180,43.49],[-180,44.48],[-180,45.47],[-180,46.46],[-180,47.45],[-180,48.44],[-180,49.44],[-180,50.43],[-180,51.42],[-180,52.41],[-180,53.4],[-180,54.39],[-180,55.38],[-180,56.38],[-180,57.37],[-180,58.36],[-180,59.35],[-180,60.34],[-180,61.33],[-180,62.32],[-180,63.32],[-180,64.31],[-180,65.3],[-180,66.29],[-180,67.28],[-180,68.27],[-180,69.26],[-180,70.26],[-180,71.25],[-180,72.24],[-180,73.23],[-180,74.22],[-180,75.21],[-180,76.2],[-180,77.2],[-180,78.19],[-180,79.18],[-180,80.17],[-180,81.16],[-180,82.15],[-173.71,82.27],[-167.31,82.3],[-160.94,82.23],[-154.89,81.74],[-149.57,81.17],[-144.93,80.53],[-141.02,79.9],[-137.58,79.23],[-134.54,78.53],[-131.18,78.08],[-128.06,77.59],[-125.18,77.07],[-122.53,76.53],[-119.73,76.04],[-117.13,75.52],[-114.7,74.97],[-112.45,74.4],[-111.83,74.33],[-111.83,74.33],[-114.04,73.68],[-116.08,73.01],[-117.98,72.32],[-119.73,71.61],[-121.35,70.88],[-122.86,70.14],[-124.26,69.39],[-125.57,68.63],[-127.71,68.58],[-129.83,68.51],[-131.94,68.4],[-134.02,68.27],[-134.67,67.33],[-135.27,66.38],[-135.83,65.43],[-136.34,64.48],[-136.82,63.52],[-137.27,62.57],[-137.7,61.61],[-137.46,60.68],[-137.24,59.75],[-137.03,58.82],[-136.83,57.89],[-136.65,56.96],[-135.91,56.09],[-135.21,55.22],[-134.54,54.35],[-133.89,53.47],[-133.27,52.59],[-132.68,51.71],[-132.11,50.82],[-131.56,49.93],[-131.03,49.04],[-130.46,48.47],[-129.9,47.91],[-129.36,47.34],[-130.28,46.64],[-131.17,45.93],[-132.05,45.22],[-132.9,44.5],[-133.73,43.78],[-134.54,43.04],[-135.33,42.31],[-136.11,41.57],[-136.86,40.82],[-137.6,40.07],[-138.33,39.31],[-139.03,38.55],[-139.67,38.03],[-140.3,37.51],[-140.3,37.51],[-141.3,37.43],[-142.29,37.33],[-143.28,37.23],[-144.52,37.16],[-145.76,37.09],[-147,36.99],[-148.06,36.9],[-149.12,36.81],[-150.17,36.7],[-151.22,36.58],[-152.07,36.48],[-153.04,36.36],[-154.01,36.22],[-154.98,36.08],[-155.94,35.94],[-156.06,36.72],[-156.17,37.51],[-157.3,37.34],[-158.42,37.15],[-159.54,36.96],[-160.65,36.76],[-161.76,36.55],[-162.86,36.33],[-163.95,36.09],[-165.04,35.85],[-166.12,35.6],[-167.19,35.34],[-168.26,35.07],[-168.26,35.07],[-168.26,35.07],[-168.35,35.92],[-168.45,36.76],[-168.57,37.75],[-168.69,38.73],[-168.81,39.72],[-170.07,39.64],[-171.33,39.55],[-172.58,39.44],[-173.83,39.32],[-175.08,39.19],[-176.31,39.05],[-177.55,38.89],[-178.78,38.72],[-180,38.53],[-180,39.52]]],[[[-180,29.25],[-180,30.13],[-180,31.01],[-180,31.88],[-180,32.76],[-180,33.64],[-180,34.51],[-180,35.39],[-179.79,34.42],[-179.58,33.46],[-179.38,32.49],[-179.18,31.52],[-178.98,30.55],[-178.79,29.58],[-178.61,28.61],[-179.3,28.49],[-180,28.37],[-180,29.25]]]]}},{"type":"Feature","properties":{"ma":90,"type":"gpml:TopologicalClosedPlateBoundary","name":"Kohistan-Ladakh NORTH back-arc","pid":528,"deforming":false},"geometry":{"type":"Polygon","coordinates":[[[59.43,13.34],[59.91,14.2],[60.39,15.05],[60.87,15.9],[61.23,16.68],[61.6,17.45],[61.96,18.22],[62.33,18.99],[62.7,19.76],[62.7,19.76],[63.64,19.33],[64.57,18.9],[65.1,18.39],[65.63,17.89],[66.15,17.38],[67.03,17.01],[67.9,16.64],[68.77,16.27],[69.64,15.9],[70.5,15.52],[71.5,15.37],[72.51,15.21],[73.51,15.05],[74.5,14.89],[75.41,15],[76.32,15.11],[77.22,15.22],[78.07,15.41],[78.92,15.6],[79.76,15.79],[80.51,15.69],[81.12,15.35],[81.97,15.02],[82.82,14.69],[82.82,14.69],[82.5,13.81],[82.36,13.02],[82.22,12.23],[82.08,11.44],[81.94,10.64],[81.94,10.64],[81.19,10.64],[80.44,10.63],[79.7,10.62],[78.82,10.73],[77.94,10.83],[77.06,10.93],[76.98,10.42],[76.91,9.91],[75.93,10.01],[74.96,10.11],[73.98,10.21],[73,10.3],[72.02,10.39],[71.88,9.89],[71.74,9.39],[71.74,9.39],[71.61,9.4],[70.64,9.46],[69.67,9.51],[68.7,9.56],[67.74,9.6],[66.77,9.65],[65.8,9.69],[65.81,10.35],[64.92,10.41],[64.02,10.47],[64.04,11.31],[63.21,11.35],[62.38,11.39],[62.39,11.98],[62.39,12.57],[61.4,12.67],[60.41,12.77],[59.42,12.87],[59.43,13.34]]]}},{"type":"Feature","properties":{"ma":90,"type":"gpml:TopologicalClosedPlateBoundary","name":"Kohistan-Ladakh back-arc","pid":529,"deforming":false},"geometry":{"type":"Polygon","coordinates":[[[51.22,0.85],[51.73,1.43],[52.25,2.18],[52.78,2.93],[53.3,3.68],[53.83,4.43],[54.36,5.18],[54.89,5.93],[55.42,6.68],[55.95,7.43],[56.48,8.18],[57.02,8.92],[57.42,9.66],[57.82,10.4],[58.22,11.14],[58.62,11.87],[59.02,12.61],[59.43,13.34],[59.43,13.34],[59.42,12.87],[60.41,12.77],[61.4,12.67],[62.39,12.57],[62.39,11.98],[62.38,11.39],[63.21,11.35],[64.04,11.31],[64.02,10.47],[64.92,10.41],[65.81,10.35],[65.8,9.69],[66.77,9.65],[67.74,9.6],[68.7,9.56],[69.67,9.51],[70.64,9.46],[71.61,9.4],[71.74,9.39],[71.74,9.39],[71.88,9.89],[72.02,10.39],[73,10.3],[73.98,10.21],[74.96,10.11],[75.93,10.01],[76.91,9.91],[76.98,10.42],[77.06,10.93],[77.94,10.83],[78.82,10.73],[79.7,10.62],[80.44,10.63],[81.19,10.64],[81.94,10.64],[81.94,10.64],[81.82,9.96],[81.7,9.29],[81.47,8.38],[81.24,7.48],[81.01,6.58],[80.78,5.68],[80.55,4.78],[80.32,3.88],[80.09,2.98],[79.86,2.08],[79.63,1.18],[79.34,0.3],[79.05,-0.58],[79.05,-0.58],[78.19,-0.98],[77.34,-1.38],[76.57,-1.63],[75.79,-1.88],[75.02,-2.13],[74.13,-2.27],[73.24,-2.41],[72.35,-2.56],[71.46,-2.7],[70.57,-2.84],[69.62,-2.88],[68.68,-2.92],[67.73,-2.96],[66.79,-2.99],[65.84,-3.03],[64.9,-3.07],[63.91,-2.91],[62.93,-2.74],[61.94,-2.58],[60.96,-2.41],[60.01,-2.19],[59.06,-1.97],[58.12,-1.74],[57.17,-1.52],[56.33,-1.24],[55.49,-0.97],[54.65,-0.69],[53.85,-0.35],[53.05,0],[52.25,0.35],[51.73,0.6],[51.22,0.85]]]}},{"type":"Feature","properties":{"ma":90,"type":"gpml:TopologicalClosedPlateBoundary","name":"Adria","pid":307,"deforming":false},"geometry":{"type":"Polygon","coordinates":[[[19.35,12.3],[18.63,12.93],[17.9,13.56],[17.17,14.19],[16.44,14.82],[15.7,15.44],[14.96,16.07],[14.21,16.69],[13.46,17.31],[12.7,17.92],[11.9,18.45],[11.09,18.98],[10.27,19.5],[9.45,20.02],[8.63,20.54],[7.79,21.05],[6.96,21.56],[6.24,22.09],[5.52,22.61],[4.8,23.14],[4.07,23.66],[3.33,24.18],[3.33,24.18],[3.8,24.79],[4.28,25.4],[4.76,26.02],[4.76,26.02],[5.39,25.86],[6.37,25.62],[7.34,25.37],[8.3,25.11],[9.26,24.85],[9.63,25],[10.51,24.68],[11.39,24.36],[11.39,24.36],[12.34,24.7],[13.3,25.04],[14.26,25.37],[14.84,25.6],[15.43,25.82],[15.43,25.82],[15.46,25.82],[16.34,25.65],[16.98,25.52],[17.84,25.34],[18.47,25.29],[19.21,25.23],[19.81,25.18],[20.4,25.13],[21.12,25.25],[21.9,25.37],[22.9,25.52],[23.79,25.68],[24.66,25.82],[25.34,25.93],[26,26.04],[27.04,26.19],[27.96,26.32],[28.9,26.45],[29.9,26.58],[30.45,26.65],[31.14,26.73],[31.66,26.79],[32.7,26.67],[33.73,26.54],[34.77,26.4],[35.03,26.36],[35.03,26.36],[34.76,25.51],[34.5,24.66],[34.23,23.82],[33.81,23.12],[33.39,22.42],[32.97,21.73],[32.47,20.88],[31.86,20.09],[31.59,19.45],[31.31,18.81],[31.11,17.91],[31.15,16.93],[31.19,15.96],[31.42,15.14],[31.65,14.32],[31.65,14.32],[31.3,14.19],[30.33,13.88],[30.2,14.11],[29.65,13.93],[29.1,13.74],[28.4,13.53],[27.7,13.31],[27.6,13.56],[26.87,13.31],[26.14,13.06],[25.55,12.83],[24.97,12.6],[24.38,12.44],[23.79,12.28],[23.21,12.45],[22.55,12.69],[21.87,12.96],[21.15,13.23],[20.3,12.89],[19.45,12.55],[19.52,12.36],[19.35,12.3]]]}},{"type":"Feature","properties":{"ma":90,"type":"gpml:TopologicalClosedPlateBoundary","name":"Challenger Plate","pid":806,"deforming":false},"geometry":{"type":"Polygon","coordinates":[[[-177.06,-64.31],[-176.06,-63.5],[-175.62,-62.79],[-174.9,-61.9],[-174.49,-61.32],[-174.09,-60.74],[-173.81,-60.08],[-173.77,-59.91],[-173.77,-59.91],[-172.6,-60.56],[-171.71,-60.91],[-170.83,-61.21],[-169.87,-61.57],[-168.46,-61.91],[-167.07,-62.02],[-165.66,-62.13],[-163.81,-62.37],[-161.93,-62.58],[-160.02,-62.77],[-157.94,-62.85],[-155.86,-62.9],[-154.02,-63.01],[-152.16,-63.11],[-150.61,-63.18],[-149.04,-63.23],[-147.47,-63.27],[-147.47,-63.27],[-145.83,-63.62],[-144.15,-63.94],[-142.43,-64.24],[-142.43,-64.24],[-142.86,-64.36],[-144.91,-64.58],[-146.99,-64.77],[-148.64,-64.86],[-150.3,-64.94],[-151.97,-65],[-151.97,-65],[-153.12,-64.77],[-154.67,-64.42],[-156.17,-64.06],[-157.5,-63.96],[-158.81,-63.85],[-159.85,-64.13],[-160.9,-64.41],[-162.49,-64.35],[-164.08,-64.28],[-165.2,-64.32],[-166.11,-64.34],[-166.93,-64.36],[-167.5,-64.36],[-168.76,-64.37],[-170.01,-64.37],[-171.89,-64.39],[-173.89,-64.38],[-175.34,-64.36],[-176.78,-64.32],[-177.06,-64.31]]]}},{"type":"Feature","properties":{"ma":90,"type":"gpml:TopologicalClosedPlateBoundary","name":"Woyla Back-arc","pid":787,"deforming":false},"geometry":{"type":"Polygon","coordinates":[[[80.08,2.95],[80.31,3.85],[80.54,4.76],[80.77,5.66],[81,6.57],[81.24,7.47],[81.47,8.38],[81.7,9.29],[81.86,10.19],[82.02,11.09],[82.18,12],[82.33,12.9],[82.5,13.81],[82.81,14.67],[83.13,15.53],[83.45,16.38],[83.77,17.24],[83.77,17.24],[84.47,16.99],[85.16,16.74],[85.75,16.12],[86.34,15.5],[86.92,14.87],[87.5,14.25],[88.08,13.62],[88.73,13],[89.38,12.38],[90.02,11.76],[90.66,11.14],[91.3,10.52],[91.87,9.85],[92.41,9.54],[92.95,9.23],[92.95,9.23],[93.87,8.96],[94.79,8.69],[95.56,8.42],[96.33,8.15],[97.11,7.87],[97.88,7.6],[98.48,7.3],[99.08,6.99],[99.67,6.69],[100.48,6.34],[101.29,5.99],[102.1,5.64],[102.91,5.28],[103.47,4.7],[104.03,4.13],[104.59,3.55],[105,2.93],[105.41,2.31],[105.98,1.7],[106.56,1.09],[107.13,0.47],[107.13,0.47],[107.69,0.35],[108.26,0.22],[108.85,0.13],[109.44,0.05],[109.98,0.16],[110.53,0.27],[111.1,0.56],[111.67,0.85],[112.28,1.21],[112.89,1.57],[113.51,1.93],[114.44,2.18],[115.37,2.43],[116.31,2.68],[117.2,2.35],[118.09,2.03],[118.74,1.65],[119.39,1.26],[119.39,1.26],[119.14,0.36],[118.88,-0.34],[118.62,-1.04],[118.36,-1.74],[118.36,-1.74],[117.47,-1.85],[116.58,-1.95],[115.7,-2.06],[114.8,-2.15],[113.9,-2.24],[113,-2.34],[112.1,-2.43],[111.2,-2.52],[110.3,-2.61],[109.42,-2.49],[108.53,-2.37],[107.64,-2.24],[106.76,-2.12],[105.87,-2],[104.97,-1.89],[104.08,-1.78],[103.18,-1.68],[102.29,-1.57],[101.39,-1.46],[100.49,-1.36],[99.6,-1.25],[98.63,-1.04],[97.67,-0.84],[96.71,-0.63],[95.74,-0.43],[94.78,-0.22],[93.94,0.07],[93.1,0.37],[92.26,0.67],[91.42,0.96],[90.57,1.26],[89.76,1.41],[88.94,1.55],[87.97,1.69],[86.99,1.83],[86.02,1.96],[85.04,2.1],[84.07,2.23],[83.09,2.37],[82.12,2.5],[81.14,2.63],[80.61,2.79],[80.08,2.95]]]}},{"type":"Feature","properties":{"ma":90,"type":"gpml:TopologicalClosedPlateBoundary","name":"Eurasia","pid":301,"deforming":false},"geometry":{"type":"Polygon","coordinates":[[[34.94,26.08],[35.03,26.36],[35.03,26.36],[34.77,26.4],[33.73,26.54],[32.7,26.67],[31.66,26.79],[31.14,26.73],[30.45,26.65],[29.9,26.58],[28.9,26.45],[27.96,26.32],[27.04,26.19],[26,26.04],[25.34,25.93],[24.66,25.82],[23.79,25.68],[22.9,25.52],[21.9,25.37],[21.12,25.25],[20.4,25.13],[19.81,25.18],[19.21,25.23],[18.47,25.29],[17.84,25.34],[16.98,25.52],[16.34,25.65],[15.46,25.82],[15.43,25.82],[15.43,25.82],[14.84,25.6],[14.26,25.37],[13.68,25.17],[13.68,25.17],[13.03,25.85],[12.38,26.53],[11.7,27.32],[11,28.1],[10.72,28.67],[10.44,29.23],[10.44,29.23],[9.53,29.33],[8.93,29.44],[8.33,29.55],[7.65,29.72],[6.97,29.88],[6.31,30.15],[5.64,30.41],[5.29,30.67],[5.29,30.67],[4.76,30.13],[4.24,29.59],[3.72,29.05],[2.9,28.39],[2.33,28.04],[1.77,27.69],[1,27.57],[0.24,27.45],[-0.62,27.37],[-1.5,27.42],[-2.38,27.47],[-3.26,27.51],[-3.85,27.69],[-4.44,27.86],[-4.48,27.87],[-4.48,27.87],[-4.66,28.47],[-4.87,28.81],[-5.13,29.13],[-5.31,29.52],[-5.51,29.85],[-5.97,30.29],[-6.46,30.76],[-7,31],[-7.25,31.23],[-7.74,31.53],[-8.19,31.69],[-8.54,31.82],[-8.96,31.91],[-9.33,32],[-9.71,32.06],[-10.1,32.15],[-10.1,32.15],[-10.59,32.44],[-10.74,32.66],[-10.94,32.81],[-11.3,32.94],[-11.67,33.02],[-12.13,33.18],[-12.55,33.7],[-12.71,34.04],[-13.11,34.29],[-13.41,34.54],[-13.82,34.76],[-14.06,34.91],[-14.28,35.06],[-14.66,35.28],[-14.99,35.42],[-15.27,35.57],[-15.65,35.76],[-16.1,36.05],[-16.55,36.29],[-16.88,36.56],[-17.16,36.73],[-17.5,36.93],[-17.87,37.21],[-18.19,37.45],[-18.72,37.84],[-19.09,38.11],[-19.09,38.11],[-19.32,38.45],[-19.73,39.06],[-20.03,39.6],[-20.33,40.12],[-20.52,40.69],[-20.57,41.2],[-20.73,41.51],[-20.69,41.86],[-20.87,42.35],[-21.31,42.86],[-21.61,43.54],[-21.95,44.1],[-22.12,44.94],[-22.05,45.45],[-21.91,46.13],[-21.57,46.64],[-21.19,47.32],[-20.87,47.75],[-20.35,48.08],[-19.98,48.7],[-19.69,49.23],[-19.43,49.87],[-19.04,50.3],[-18.85,51.1],[-18.66,51.74],[-18.47,52.14],[-18.15,52.56],[-18.11,53.28],[-17.9,53.87],[-17.41,54.45],[-16.86,55.03],[-16.62,55.66],[-16.48,56.28],[-16.41,57.05],[-16.5,57.73],[-16.49,58.32],[-16.77,58.73],[-16.62,59.19],[-16.21,59.63],[-15.92,59.92],[-15.77,60.3],[-15.61,60.67],[-15.68,61.05],[-16.29,61.52],[-16.29,61.52],[-15.82,61.55],[-14.95,61.88],[-14.07,62.2],[-12.5,62.35],[-10.92,62.49],[-9.85,62.71],[-8.76,62.93],[-7.62,63.24],[-6.89,63.09],[-5.8,63.01],[-4.55,62.97],[-4.19,62.84],[-4.19,62.84],[-4,63.13],[-3.43,63.81],[-2.84,64.7],[-1.95,65.49],[-1,66.28],[-0.67,66.84],[-0.32,67.4],[1.18,67.89],[2.73,68.36],[3.89,68.95],[5.1,69.53],[5.76,70.03],[6.45,70.54],[7.11,71.13],[7.82,71.72],[9.82,72.27],[11.51,72.62],[13.27,72.96],[14.83,73.57],[16.51,74.17],[17.67,74.82],[18.94,75.45],[20.92,75.97],[23.04,76.46],[25.56,76.92],[28.25,77.35],[30.7,77.83],[33.34,78.29],[36.18,78.72],[40.27,79.18],[44.69,79.58],[49.69,80.03],[55.1,80.4],[60.66,80.82],[66.68,81.14],[73.08,81.37],[77.74,81.44],[82.45,81.45],[87.13,81.4],[93.01,81.38],[98.8,81.27],[104.39,81.08],[109.71,80.81],[114.68,80.46],[118.94,80.07],[122.84,79.62],[126.42,79.13],[129.09,78.64],[131.54,78.13],[133.79,77.59],[136.82,76.89],[139.54,76.15],[141.34,75.44],[142.98,74.71],[145.1,73.97],[145.1,73.97],[143.94,73.3],[142.86,72.61],[141.86,71.93],[140.3,71.27],[138.85,70.6],[137.49,69.92],[136.22,69.23],[134.81,68.68],[134.81,68.68],[134.6,67.78],[134.41,66.88],[134.22,65.98],[134.04,65.16],[133.87,64.35],[133.72,63.54],[133.42,62.79],[133.14,62.04],[132.88,61.3],[132.46,60.59],[132.06,59.88],[131.68,59.18],[131.23,58.34],[130.8,57.51],[130.41,56.78],[130.03,56.05],[129.59,55.25],[129.18,54.45],[128.7,53.75],[128.25,53.05],[127.76,52.2],[127.29,51.34],[126.9,50.65],[126.52,49.95],[126.2,49.38],[125.89,48.8],[125.54,48.17],[125.21,47.54],[124.79,46.76],[124.37,45.99],[123.88,45.1],[123.4,44.2],[122.86,43.39],[122.34,42.57],[121.98,41.93],[121.62,41.3],[121.27,40.66],[120.87,40.05],[120.47,39.44],[120.08,38.83],[119.66,38.11],[119.25,37.39],[118.84,36.67],[118.42,35.89],[118.01,35.1],[117.61,34.31],[117.18,33.5],[116.75,32.68],[116.34,31.87],[116.01,31.17],[115.68,30.46],[115.36,29.76],[115.04,29.06],[114.66,28.31],[114.28,27.56],[113.9,26.81],[113.54,26.06],[113.17,25.27],[112.8,24.48],[112.44,23.69],[112.08,22.9],[111.73,22.1],[111.25,21.29],[110.76,20.47],[110.29,19.65],[109.81,18.83],[109.35,18.01],[108.87,17.26],[108.4,16.51],[107.94,15.75],[107.47,15],[107.02,14.24],[106.75,13.94],[106.75,13.94],[107.42,13.2],[107.83,12.66],[108.23,12.11],[108.63,11.57],[109.19,10.84],[109.75,10.11],[110.33,9.35],[110.9,8.58],[110.96,7.86],[111.17,7.22],[111.37,6.58],[111.76,5.94],[112.14,5.3],[112.9,4.96],[113.65,4.61],[114.41,4.26],[115.17,4.34],[115.93,4.42],[116.69,4.5],[117.46,4.58],[118.31,4.54],[119.17,4.5],[120.02,4.46],[120.32,4.51],[120.32,4.51],[120.1,3.75],[119.88,3],[119.64,2.13],[119.39,1.26],[119.39,1.26],[118.74,1.65],[118.09,2.03],[117.2,2.35],[116.31,2.68],[115.37,2.43],[114.44,2.18],[113.51,1.93],[112.89,1.57],[112.28,1.21],[111.67,0.85],[111.1,0.56],[110.53,0.27],[109.98,0.16],[109.44,0.05],[108.85,0.13],[108.26,0.22],[107.69,0.35],[107.13,0.47],[107.13,0.47],[106.56,1.09],[105.98,1.7],[105.41,2.31],[105,2.93],[104.59,3.55],[104.03,4.13],[103.47,4.7],[102.91,5.28],[102.1,5.64],[101.29,5.99],[100.48,6.34],[99.67,6.69],[99.08,6.99],[98.48,7.3],[97.88,7.6],[97.11,7.87],[96.33,8.15],[95.56,8.42],[94.79,8.69],[93.87,8.96],[92.95,9.23],[92.95,9.23],[92.41,9.54],[91.87,9.85],[91.3,10.52],[90.66,11.14],[90.02,11.76],[89.38,12.38],[88.73,13],[88.08,13.62],[87.5,14.25],[86.92,14.87],[86.34,15.5],[85.75,16.12],[85.16,16.74],[84.47,16.99],[83.77,17.24],[83.77,17.24],[83.45,16.39],[83.14,15.54],[82.82,14.69],[82.82,14.69],[81.97,15.02],[81.12,15.35],[80.51,15.69],[79.76,15.79],[78.92,15.6],[78.07,15.41],[77.22,15.22],[76.32,15.11],[75.41,15],[74.5,14.89],[73.51,15.05],[72.51,15.21],[71.5,15.37],[70.5,15.52],[69.64,15.9],[68.77,16.27],[67.9,16.64],[67.03,17.01],[66.15,17.38],[65.63,17.89],[65.1,18.39],[64.57,18.9],[63.78,19.27],[62.98,19.64],[62.18,20],[61.37,20.36],[60.57,20.72],[60.01,20.99],[59.45,21.26],[59.45,21.26],[58.76,20.73],[57.83,20.48],[56.9,20.21],[55.98,19.95],[55.06,19.68],[54.37,19.47],[53.67,19.26],[53.67,19.26],[52.7,19.32],[51.73,19.36],[50.76,19.4],[49.79,19.44],[49.03,19.58],[48.27,19.72],[47.51,19.85],[46.76,20.1],[46.01,20.35],[45.26,20.59],[44.77,20.83],[44.28,21.07],[43.63,21.36],[42.98,21.64],[42.27,22],[41.55,22.35],[40.61,22.72],[39.66,23.08],[38.94,23.44],[38.21,23.79],[37.48,24.15],[36.86,24.58],[36.24,25.01],[35.62,25.43],[34.94,26.08]]]}},{"type":"Feature","properties":{"ma":90,"type":"gpml:TopologicalClosedPlateBoundary","name":"Iberia","pid":304,"deforming":false},"geometry":{"type":"Polygon","coordinates":[[[-3.41,19.77],[-3.54,19.76],[-4.4,19.75],[-5.26,19.73],[-6.12,19.71],[-7.13,19.82],[-8.15,19.92],[-9.17,20.01],[-10.19,20.1],[-11.21,20.18],[-12.23,20.25],[-13.02,20.71],[-13.82,21.17],[-14.62,21.63],[-15.43,22.08],[-16.24,22.52],[-17.06,22.97],[-17.96,23.38],[-18.86,23.79],[-18.86,23.79],[-18.13,24.46],[-17.85,24.83],[-17.55,25.19],[-17.35,25.6],[-17.16,25.91],[-17.02,26.34],[-16.85,26.76],[-16.73,26.85],[-16.59,27.1],[-16.42,27.3],[-16.19,27.51],[-15.94,27.8],[-15.58,28.09],[-15.41,28.32],[-15.35,28.38],[-15.25,28.58],[-15.19,28.71],[-15.1,28.82],[-14.93,29.02],[-14.78,29.28],[-14.67,29.38],[-14.61,29.46],[-14.47,29.58],[-14.34,29.61],[-14.23,29.75],[-14.13,29.84],[-13.97,30.09],[-13.83,30.21],[-13.43,30.69],[-13.21,30.98],[-12.72,31.6],[-12.72,31.6],[-12.3,31.3],[-11.54,31.19],[-10.89,30.97],[-10.34,30.64],[-9.56,30.55],[-8.83,30.24],[-8.25,29.99],[-8.08,29.78],[-8.03,29.55],[-7.99,29.38],[-8.03,29.22],[-8.06,29.05],[-8.15,28.91],[-8.15,28.91],[-8.15,28.91],[-7.69,28.87],[-7.69,28.88],[-7.69,28.88],[-7.58,28.78],[-7.49,28.57],[-7.35,28.2],[-7.25,27.44],[-7.25,27.44],[-7.01,27.43],[-6.8,27.43],[-6.44,27.41],[-6.14,27.39],[-5.41,27.33],[-5.24,27.32],[-5.24,27.32],[-4.54,27.88],[-4.54,27.88],[-4.44,27.86],[-3.85,27.69],[-3.26,27.51],[-2.38,27.47],[-1.5,27.42],[-0.62,27.37],[0.24,27.45],[1,27.57],[1.77,27.69],[2.33,28.04],[2.9,28.39],[3.72,29.05],[4.24,29.59],[4.76,30.13],[5.29,30.67],[5.29,30.67],[5.64,30.41],[6.31,30.15],[6.97,29.88],[7.65,29.72],[8.33,29.55],[8.93,29.44],[9.53,29.33],[10.16,29.26],[10.16,29.26],[9.57,29.28],[8.99,29.3],[7.99,28.82],[7,28.33],[6.31,27.64],[5.63,26.96],[4.96,26.26],[4.46,25.63],[3.95,24.99],[3.46,24.35],[3.46,24.35],[2.71,23.83],[1.97,23.32],[1.24,22.8],[0.51,22.27],[-0.29,21.78],[-1.08,21.28],[-1.86,20.78],[-2.64,20.27],[-3.41,19.77]]]}},{"type":"Feature","properties":{"ma":90,"type":"gpml:TopologicalClosedPlateBoundary","name":"Chazca","pid":908,"deforming":false},"geometry":{"type":"Polygon","coordinates":[[[-117.21,-48.22],[-117.61,-47.34],[-118,-46.47],[-118.38,-45.59],[-118.75,-44.72],[-118.78,-44.53],[-119.04,-43.79],[-119.29,-43.06],[-118.16,-42.87],[-117.04,-42.67],[-117.31,-41.78],[-117.58,-40.89],[-117.83,-40],[-118.08,-39.11],[-118.33,-38.22],[-118.57,-37.32],[-117.52,-37.15],[-117.71,-36.22],[-117.89,-35.29],[-118.06,-34.36],[-118.23,-33.43],[-117.3,-33.32],[-117.48,-32.36],[-117.66,-31.4],[-116.79,-31.29],[-115.92,-31.18],[-115.92,-30.18],[-115.93,-29.19],[-115.93,-28.19],[-115.93,-27.2],[-115.85,-26.28],[-115.85,-26.28],[-115.19,-26.19],[-114.53,-26.09],[-114.61,-25.26],[-114.68,-24.43],[-114.76,-23.59],[-113.73,-23.43],[-112.7,-23.25],[-111.67,-23.07],[-110.64,-22.88],[-109.62,-22.69],[-108.6,-22.49],[-108.6,-22.49],[-108.76,-21.58],[-108.97,-20.77],[-109.17,-19.95],[-109.37,-19.14],[-109.57,-18.32],[-108.85,-18.15],[-108.13,-17.98],[-108.39,-17.62],[-108.54,-17.41],[-108.54,-17.41],[-107.82,-17.19],[-107.09,-16.98],[-106.09,-16.85],[-105.1,-16.72],[-104.1,-16.59],[-103.11,-16.45],[-102.11,-16.3],[-101.12,-16.16],[-100.13,-16],[-99.15,-15.84],[-98.16,-15.68],[-97.17,-15.52],[-96.19,-15.35],[-95.16,-15.35],[-94.13,-15.35],[-93.1,-15.34],[-92.07,-15.33],[-91.04,-15.31],[-90.01,-15.29],[-88.98,-15.26],[-87.95,-15.23],[-86.92,-15.2],[-85.9,-15.16],[-84.87,-15.12],[-83.84,-15.07],[-83.9,-15.96],[-83.96,-16.85],[-84.02,-17.75],[-84.08,-18.64],[-84.15,-19.53],[-83.12,-19.67],[-82.09,-19.8],[-81.06,-19.92],[-80.02,-20.04],[-78.99,-20.15],[-77.95,-20.25],[-76.91,-20.35],[-75.87,-20.45],[-74.83,-20.53],[-73.79,-20.61],[-72.75,-20.69],[-71.7,-20.76],[-70.66,-20.82],[-70.62,-21.64],[-70.58,-22.46],[-70.54,-23.28],[-70.5,-24.1],[-70.45,-24.92],[-69.49,-24.95],[-68.52,-24.97],[-67.55,-24.98],[-66.59,-24.99],[-65.62,-24.99],[-64.65,-24.99],[-63.69,-24.98],[-63.69,-24.98],[-63.45,-25.57],[-63.21,-26.17],[-62.55,-26.88],[-62.4,-27.39],[-62.25,-27.9],[-61.99,-28.63],[-61.94,-29.18],[-61.79,-29.75],[-61.68,-30.47],[-61.79,-31.37],[-61.9,-32.26],[-61.88,-33.08],[-61.86,-33.91],[-61.84,-34.73],[-61.82,-35.55],[-61.8,-36.37],[-61.84,-37.16],[-61.88,-37.96],[-61.92,-38.75],[-61.96,-39.55],[-62.3,-40.44],[-62.64,-41.32],[-63,-42.21],[-63.36,-43.1],[-63.74,-43.98],[-64.2,-44.66],[-64.68,-45.33],[-64.92,-45.74],[-65.08,-46.21],[-65.08,-46.21],[-65.48,-46.76],[-65.76,-47.02],[-65.94,-47.37],[-66.08,-47.65],[-66.32,-48.09],[-66.49,-48.37],[-66.8,-48.86],[-67.03,-49.22],[-67.26,-49.6],[-67.5,-50.01],[-67.86,-50.63],[-67.93,-50.74],[-67.93,-50.74],[-69.47,-50.7],[-71.01,-50.65],[-72.54,-50.57],[-74.07,-50.47],[-75.59,-50.35],[-77.1,-50.22],[-78.61,-50.06],[-78.99,-50.92],[-79.38,-51.78],[-79.79,-52.64],[-80.22,-53.5],[-81.72,-53.07],[-83.19,-52.62],[-84.63,-52.14],[-86.04,-51.66],[-87.42,-51.15],[-88.77,-50.63],[-90.09,-50.1],[-91.38,-49.55],[-92.64,-48.98],[-93.87,-48.4],[-94.84,-49.08],[-95.83,-49.74],[-96.84,-50.4],[-97.89,-51.05],[-98.96,-51.69],[-100.07,-52.31],[-101.05,-51.61],[-102,-50.89],[-102.92,-50.17],[-103.81,-49.44],[-104.68,-48.7],[-105.52,-47.96],[-106.34,-47.21],[-107.44,-47.73],[-108.57,-48.23],[-109.72,-48.72],[-110.89,-49.2],[-112.08,-49.66],[-113.29,-50.12],[-114.53,-50.56],[-115.27,-49.87],[-115.99,-49.18],[-116.07,-49.06],[-116.14,-48.92],[-116.14,-48.92],[-116.79,-49.09],[-117.21,-48.22]]]}},{"type":"Feature","properties":{"ma":90,"type":"gpml:TopologicalClosedPlateBoundary","name":"Catequil Plate","pid":985,"deforming":false},"geometry":{"type":"Polygon","coordinates":[[[-122.95,-50.63],[-121.66,-50.34],[-120.39,-50.03],[-119.14,-49.71],[-117.91,-49.37],[-117.02,-49.15],[-116.14,-48.92],[-116.14,-48.92],[-116.07,-49.06],[-115.99,-49.18],[-115.27,-49.87],[-114.53,-50.56],[-113.29,-50.12],[-112.08,-49.66],[-110.89,-49.2],[-109.72,-48.72],[-108.57,-48.23],[-107.44,-47.73],[-106.34,-47.21],[-105.52,-47.96],[-104.68,-48.7],[-103.81,-49.44],[-102.92,-50.17],[-102,-50.89],[-101.05,-51.61],[-100.07,-52.31],[-98.96,-51.69],[-97.89,-51.05],[-96.84,-50.4],[-95.83,-49.74],[-94.84,-49.08],[-93.87,-48.4],[-92.64,-48.98],[-91.38,-49.55],[-90.09,-50.1],[-88.77,-50.63],[-87.42,-51.15],[-86.04,-51.66],[-84.63,-52.14],[-83.19,-52.62],[-81.72,-53.07],[-80.22,-53.5],[-79.79,-52.64],[-79.38,-51.78],[-78.99,-50.92],[-78.61,-50.06],[-77.1,-50.22],[-75.59,-50.35],[-74.07,-50.47],[-72.54,-50.57],[-71.01,-50.65],[-69.47,-50.7],[-67.93,-50.74],[-67.93,-50.74],[-68.01,-50.88],[-68.22,-51.22],[-68.41,-51.53],[-68.58,-51.82],[-68.77,-52.17],[-68.92,-52.47],[-69.04,-52.71],[-69.07,-52.79],[-69.15,-53.02],[-69.24,-53.3],[-69.34,-53.73],[-69.6,-54.04],[-69.93,-54.35],[-70.38,-54.71],[-70.88,-55.12],[-71.19,-55.39],[-71.45,-55.62],[-71.67,-55.81],[-72,-56.14],[-72.28,-56.56],[-72.39,-56.92],[-72.46,-57.24],[-72.53,-57.49],[-72.55,-57.79],[-72.59,-58.13],[-72.57,-58.52],[-72.52,-58.92],[-72.59,-59.24],[-72.66,-59.4],[-72.78,-59.72],[-72.92,-60.1],[-73.05,-60.45],[-73.12,-60.83],[-73.11,-60.9],[-72.98,-61.3],[-72.72,-61.58],[-72.26,-62.04],[-71.89,-62.36],[-71.75,-62.49],[-71.51,-62.67],[-71.24,-62.85],[-70.98,-63.04],[-70.92,-63.09],[-70.92,-63.09],[-72.61,-63.3],[-74.32,-63.5],[-76.38,-63.64],[-78.08,-63.24],[-79.49,-62.87],[-80.72,-63.22],[-81.98,-63.56],[-83.56,-63.79],[-85.16,-64],[-86.93,-64.45],[-88.92,-64.61],[-90.64,-64.89],[-91.78,-65.37],[-92.95,-65.84],[-93.89,-66.18],[-94.86,-66.52],[-96.7,-66.99],[-97.99,-67.23],[-99.3,-67.46],[-100.38,-67.85],[-101.51,-68.23],[-103.62,-68.78],[-105.1,-69.14],[-107.81,-69.19],[-109.8,-69.22],[-112.39,-69.46],[-114.98,-69.58],[-115.04,-69.58],[-115.04,-69.58],[-117.43,-69.3],[-119.75,-68.99],[-122.01,-68.65],[-124.2,-68.28],[-125.73,-68.03],[-127.23,-67.77],[-127.23,-67.77],[-126.61,-67],[-126.03,-66.23],[-125.49,-65.46],[-124.97,-64.69],[-124.49,-63.77],[-124.04,-62.85],[-123.61,-61.93],[-123.21,-61.01],[-122.83,-60.09],[-122.47,-59.16],[-122.13,-58.24],[-120.99,-58.32],[-120.67,-57.5],[-120.36,-56.69],[-120.06,-55.87],[-121.66,-55.76],[-123.26,-55.64],[-124.84,-55.49],[-124.56,-54.74],[-124.29,-53.98],[-123.92,-53.01],[-123.56,-52.03],[-123.22,-51.06],[-123.08,-50.67],[-122.95,-50.63]]]}},{"type":"Feature","properties":{"ma":90,"type":"gpml:TopologicalClosedPlateBoundary","name":"Manihiki Plate","pid":982,"deforming":false},"geometry":{"type":"Polygon","coordinates":[[[-157.35,-39.53],[-157.15,-39.18],[-156.29,-38.8],[-155.44,-38.42],[-155.31,-37.51],[-155.17,-36.6],[-155.04,-35.7],[-154.07,-35.74],[-153.09,-35.78],[-153,-35.13],[-152.91,-34.47],[-151.78,-34.52],[-150.64,-34.55],[-150.61,-33.77],[-150.58,-32.98],[-149.4,-33.03],[-148.22,-33.07],[-148.2,-32.45],[-147.2,-32.44],[-146.2,-32.43],[-145.2,-32.4],[-145.23,-31.61],[-145.25,-30.83],[-144.65,-30.82],[-144.05,-30.8],[-144.04,-30.48],[-142.92,-30.49],[-141.8,-30.5],[-140.68,-30.49],[-139.56,-30.47],[-138.44,-30.45],[-137.32,-30.41],[-136.19,-30.34],[-135.06,-30.25],[-133.93,-30.15],[-132.8,-30.05],[-131.68,-29.93],[-131.31,-29.24],[-130.95,-28.55],[-130.04,-28.87],[-129.13,-29.19],[-128.21,-29.51],[-127.29,-29.81],[-126.36,-30.12],[-125.43,-30.41],[-124.49,-30.7],[-123.5,-30.99],[-122.5,-31.27],[-121.49,-31.55],[-120.48,-31.82],[-119.47,-32.08],[-118.46,-32.29],[-117.45,-32.5],[-117.45,-32.5],[-117.3,-33.32],[-118.23,-33.43],[-118.06,-34.36],[-117.89,-35.29],[-117.71,-36.22],[-117.52,-37.15],[-118.57,-37.32],[-118.33,-38.22],[-118.08,-39.11],[-117.83,-40],[-117.58,-40.89],[-117.31,-41.78],[-117.04,-42.67],[-118.16,-42.87],[-119.29,-43.06],[-119.04,-43.79],[-118.78,-44.53],[-118.75,-44.72],[-118.38,-45.59],[-118,-46.47],[-117.61,-47.34],[-117.21,-48.22],[-116.79,-49.09],[-116.79,-49.09],[-117.91,-49.37],[-119.14,-49.71],[-120.39,-50.03],[-121.66,-50.34],[-122.95,-50.63],[-123.08,-50.67],[-123.08,-50.67],[-123.17,-50.93],[-123.17,-50.93],[-124.54,-51],[-125.91,-51.05],[-127.28,-51.08],[-128.66,-51.1],[-130.09,-51.13],[-131.53,-51.14],[-132.96,-51.14],[-134.4,-51.11],[-134.38,-50.43],[-135.57,-50.41],[-136.76,-50.37],[-137.94,-50.33],[-139.09,-50.28],[-140.23,-50.23],[-141.36,-50.16],[-141.28,-49.4],[-141.2,-48.64],[-141.12,-47.88],[-141.05,-47.11],[-142.49,-46.96],[-143.93,-46.79],[-145.36,-46.61],[-146.78,-46.4],[-146.6,-45.57],[-146.42,-44.73],[-146.25,-43.89],[-146.08,-43.05],[-145.92,-42.21],[-147.09,-42],[-148.26,-41.77],[-149.42,-41.53],[-150.57,-41.28],[-151.71,-41.02],[-152.84,-40.75],[-153.96,-40.46],[-155.08,-40.17],[-156.18,-39.86],[-157.35,-39.53]]]}},{"type":"Feature","properties":{"ma":90,"type":"gpml:TopologicalClosedPlateBoundary","name":"Farallon","pid":902,"deforming":false},"geometry":{"type":"Polygon","coordinates":[[[-141.43,37.41],[-140.3,37.51],[-140.3,37.51],[-139.67,38.03],[-139.03,38.55],[-138.33,39.31],[-137.6,40.07],[-136.86,40.82],[-136.11,41.57],[-135.33,42.31],[-134.54,43.04],[-133.73,43.78],[-132.9,44.5],[-132.05,45.22],[-131.17,45.93],[-130.28,46.64],[-129.36,47.34],[-129.9,47.91],[-130.46,48.47],[-131.03,49.04],[-131.56,49.93],[-132.11,50.82],[-132.68,51.71],[-133.27,52.59],[-133.89,53.47],[-134.54,54.35],[-135.21,55.22],[-135.91,56.09],[-136.65,56.96],[-136.83,57.89],[-137.03,58.82],[-137.24,59.75],[-137.46,60.68],[-137.7,61.61],[-137.27,62.57],[-136.82,63.52],[-136.34,64.48],[-135.83,65.43],[-135.27,66.38],[-134.67,67.33],[-134.02,68.27],[-131.94,68.4],[-129.83,68.51],[-127.71,68.58],[-125.57,68.63],[-124.26,69.39],[-122.86,70.14],[-121.35,70.88],[-119.73,71.61],[-117.98,72.32],[-116.08,73.01],[-114.04,73.68],[-111.83,74.33],[-111.83,74.33],[-108.58,73.94],[-105.49,73.5],[-102.64,73.25],[-99.89,72.97],[-97.22,72.65],[-94.65,72.3],[-92.18,71.92],[-89.82,71.51],[-87.69,71.34],[-85.6,71.14],[-85.6,71.14],[-86.01,70.68],[-86.33,70.3],[-86.81,69.8],[-86.99,69.3],[-87.11,68.83],[-87.12,68.45],[-86.97,68.08],[-86.98,67.69],[-86.89,67.48],[-86.65,67],[-86.67,66.51],[-86.88,66.17],[-86.88,65.78],[-87.4,65.36],[-87.41,64.97],[-87.59,64.47],[-87.77,63.97],[-88.2,63.13],[-88.27,62.59],[-88.33,62.05],[-88.06,61.07],[-87.96,60.65],[-87.71,60.16],[-87.47,59.66],[-87.07,58.75],[-86.93,57.94],[-86.21,57.27],[-85.5,56.59],[-84.67,56.02],[-83.87,55.44],[-83.08,54.86],[-82.28,54.3],[-81.5,53.72],[-80.74,53.15],[-79.83,52.4],[-78.94,51.64],[-78.09,50.87],[-77.47,50.27],[-76.87,49.66],[-77.34,49.09],[-77.8,48.53],[-78.91,48.28],[-80.01,48.03],[-80.93,47.91],[-81.84,47.79],[-82.76,47.73],[-83.69,47.67],[-84.8,47.51],[-85.91,47.35],[-86.34,46.42],[-86.34,46.42],[-86.29,46.16],[-86.45,45.69],[-86.36,44.87],[-86.3,44.36],[-86.25,43.86],[-86.2,43.35],[-86.15,42.85],[-86.03,42.15],[-85.97,41.58],[-85.47,40.8],[-85.24,40.02],[-85.15,39.07],[-85.02,38.48],[-84.88,37.96],[-84.74,37.43],[-84.75,36.69],[-84.62,36.13],[-84.5,35.58],[-84.34,34.67],[-83.92,33.89],[-83.74,33.41],[-83.57,32.93],[-83.5,32.71],[-83.5,32.71],[-83.16,31.85],[-82.85,31.12],[-82.55,30.39],[-82.35,29.86],[-82.15,29.33],[-81.95,28.61],[-81.75,27.89],[-81.55,27.17],[-81.13,26.37],[-80.71,25.57],[-80.29,24.8],[-79.86,24.04],[-79.45,23.28],[-78.99,22.55],[-78.54,21.82],[-78.1,21.09],[-77.83,20.74],[-77.83,20.74],[-77.75,20.11],[-77.68,19.47],[-77.58,18.64],[-77.48,17.81],[-77.38,16.97],[-77.24,16.1],[-77.11,15.22],[-76.98,14.34],[-76.85,13.46],[-76.67,12.64],[-76.5,11.82],[-76.32,11],[-76.35,10.67],[-76.35,10.67],[-75.43,10.58],[-74.51,10.48],[-73.59,10.39],[-72.84,10.2],[-72.08,10.01],[-71.32,9.82],[-70.56,9.63],[-69.66,9.3],[-68.76,8.97],[-67.86,8.63],[-66.97,8.29],[-66.23,7.88],[-65.49,7.46],[-64.75,7.04],[-64.01,6.62],[-63.27,6.2],[-62.7,5.63],[-62.13,5.07],[-61.55,4.5],[-60.98,3.93],[-60.41,3.37],[-60.08,2.85],[-59.75,2.34],[-59.4,1.88],[-59.06,1.43],[-59.01,1.34],[-59.01,1.34],[-59.21,0.45],[-59.42,-0.43],[-59.62,-1.32],[-59.82,-2.2],[-60.02,-3.08],[-60.46,-3.84],[-60.9,-4.6],[-61.34,-5.36],[-61.85,-6.21],[-62.36,-7.07],[-62.88,-7.92],[-63.39,-8.78],[-63.91,-9.63],[-64.43,-10.49],[-65.14,-11.18],[-65.86,-11.87],[-65.86,-11.87],[-66.09,-12.64],[-66.33,-13.42],[-66.56,-14.2],[-66.4,-15.05],[-66.25,-15.91],[-66.09,-16.76],[-65.9,-17.6],[-65.71,-18.45],[-65.52,-19.29],[-65.32,-20.13],[-65.13,-20.97],[-64.93,-21.82],[-64.62,-22.6],[-64.31,-23.39],[-64,-24.17],[-63.69,-24.98],[-63.69,-24.98],[-64.65,-24.99],[-65.62,-24.99],[-66.59,-24.99],[-67.55,-24.98],[-68.52,-24.97],[-69.49,-24.95],[-70.45,-24.92],[-70.5,-24.1],[-70.54,-23.28],[-70.58,-22.46],[-70.62,-21.64],[-70.66,-20.82],[-71.7,-20.76],[-72.75,-20.69],[-73.79,-20.61],[-74.83,-20.53],[-75.87,-20.45],[-76.91,-20.35],[-77.95,-20.25],[-78.99,-20.15],[-80.02,-20.04],[-81.06,-19.92],[-82.09,-19.8],[-83.12,-19.67],[-84.15,-19.53],[-84.08,-18.64],[-84.02,-17.75],[-83.96,-16.85],[-83.9,-15.96],[-83.84,-15.07],[-84.87,-15.12],[-85.9,-15.16],[-86.92,-15.2],[-87.95,-15.23],[-88.98,-15.26],[-90.01,-15.29],[-91.04,-15.31],[-92.07,-15.33],[-93.1,-15.34],[-94.13,-15.35],[-95.16,-15.35],[-96.19,-15.35],[-97.17,-15.52],[-98.16,-15.68],[-99.15,-15.84],[-100.13,-16],[-101.12,-16.16],[-102.11,-16.3],[-103.11,-16.45],[-104.1,-16.59],[-105.1,-16.72],[-106.09,-16.85],[-107.09,-16.98],[-107.82,-17.19],[-108.54,-17.41],[-108.54,-17.41],[-109.07,-16.65],[-109.59,-15.9],[-110.11,-15.14],[-110.63,-14.38],[-111.14,-13.62],[-111.65,-12.86],[-112.15,-12.1],[-112.65,-11.33],[-113.15,-10.57],[-113.66,-9.79],[-114.16,-9.02],[-114.66,-8.24],[-115.16,-7.46],[-115.66,-6.68],[-116.15,-5.91],[-116.64,-5.13],[-117.37,-5.4],[-118.09,-5.68],[-118.81,-5.95],[-119.25,-5.12],[-119.7,-4.29],[-120.14,-3.45],[-120.57,-2.62],[-121.01,-1.79],[-121.84,-2.06],[-122.66,-2.33],[-123.48,-2.6],[-124.31,-2.87],[-125.13,-3.14],[-125.49,-2.3],[-125.85,-1.46],[-126.2,-0.62],[-126.56,0.22],[-126.92,1.05],[-127.27,1.89],[-127.63,2.73],[-126.83,3.03],[-126.04,3.33],[-125.24,3.63],[-124.44,3.92],[-123.64,4.22],[-123.94,5.13],[-124.25,6.05],[-124.55,6.96],[-124.85,7.88],[-125.16,8.79],[-125.47,9.7],[-125.78,10.62],[-126.09,11.53],[-126.4,12.44],[-127.37,12.12],[-128.32,11.8],[-129.28,11.47],[-130.23,11.14],[-131.19,10.8],[-132.14,10.46],[-132.42,11.41],[-132.7,12.35],[-132.98,13.3],[-133.27,14.25],[-133.56,15.19],[-133.85,16.14],[-134.15,17.08],[-134.44,18.02],[-134.75,18.97],[-135.05,19.91],[-135.36,20.85],[-135.67,21.79],[-135.99,22.74],[-136.31,23.68],[-136.63,24.62],[-136.96,25.56],[-137.3,26.49],[-137.64,27.43],[-137.98,28.37],[-138.33,29.3],[-138.69,30.24],[-139.06,31.17],[-139.43,32.11],[-139.81,33.04],[-140.2,33.97],[-140.74,34.73],[-141.28,35.49],[-141.84,36.25],[-142.4,37.01],[-142.56,37.3],[-141.43,37.41]]]}},{"type":"Feature","properties":{"ma":90,"type":"gpml:TopologicalClosedPlateBoundary","name":"NAM","pid":101,"deforming":false},"geometry":{"type":"Polygon","coordinates":[[[-180,88.55],[-180,89.28],[-180,90],[180,90],[180,89.28],[180,88.55],[180,87.83],[157.62,87.84],[138.01,87.54],[123.88,87.02],[114.3,86.38],[104.53,85.91],[96.97,85.34],[91.13,84.71],[86.56,84.03],[80.49,83.4],[75.52,82.71],[71.43,81.97],[68.04,81.2],[68.04,81.2],[63.48,80.98],[59.16,80.71],[55.1,80.4],[49.69,80.03],[44.69,79.58],[40.27,79.18],[36.18,78.72],[33.34,78.29],[30.7,77.83],[28.25,77.35],[25.56,76.92],[23.04,76.46],[20.92,75.97],[18.94,75.45],[17.67,74.82],[16.51,74.17],[14.83,73.57],[13.27,72.96],[11.51,72.62],[9.82,72.27],[7.82,71.72],[7.11,71.13],[6.45,70.54],[5.76,70.03],[5.1,69.53],[3.89,68.95],[2.73,68.36],[1.18,67.89],[-0.32,67.4],[-0.67,66.84],[-1,66.28],[-1.95,65.49],[-2.84,64.7],[-3.43,63.81],[-4,63.13],[-4.19,62.84],[-4.19,62.84],[-4.55,62.97],[-5.8,63.01],[-6.89,63.09],[-7.62,63.24],[-8.76,62.93],[-9.85,62.71],[-10.92,62.49],[-12.5,62.35],[-14.07,62.2],[-14.95,61.88],[-15.82,61.55],[-16.29,61.52],[-16.29,61.52],[-16.83,61.93],[-18.14,62.51],[-19.51,63.09],[-19.51,63.09],[-19.82,62.99],[-20.43,62.89],[-20.79,62.79],[-21.34,62.65],[-22.3,62.53],[-23.11,62.36],[-23.99,62.05],[-24.61,61.71],[-24.77,61.43],[-24.74,60.88],[-24.82,60.46],[-24.58,60.15],[-24.41,59.54],[-24.14,59.11],[-23.66,58.61],[-23.56,58.19],[-23.41,57.76],[-23.36,57.28],[-23.31,56.85],[-23.46,56.39],[-23.61,55.98],[-23.82,55.65],[-23.83,55.3],[-23.71,55.01],[-23.49,54.72],[-23.5,54.35],[-23.59,53.75],[-23.96,53.39],[-24.33,53.03],[-24.64,52.54],[-25.15,52.03],[-25.52,51.77],[-26,51.45],[-26.25,51.06],[-26.61,50.59],[-27.07,49.94],[-27.26,49.5],[-27.69,49.04],[-27.82,48.54],[-27.93,47.91],[-27.8,47.27],[-27.67,46.91],[-27.43,46.63],[-27.25,46.4],[-27.19,45.91],[-27.03,45.27],[-26.86,44.77],[-26.78,44.37],[-26.7,44.04],[-26.57,43.43],[-26.41,42.65],[-26.04,41.92],[-25.76,41.58],[-25.59,41.27],[-25.28,40.85],[-24.97,40.52],[-24.67,40.13],[-24.33,39.79],[-24.03,39.37],[-23.67,38.95],[-22.9,38.46],[-22.3,38.01],[-21.72,37.4],[-21.17,36.73],[-21.17,36.73],[-20.93,36.64],[-20.4,36.49],[-19.96,36.39],[-19.69,36.24],[-19.47,36.14],[-19.15,36],[-19,35.91],[-18.74,35.75],[-18.61,35.67],[-18.52,35.61],[-18.21,35.4],[-18.02,35.17],[-17.78,34.86],[-17.47,34.47],[-17.16,34.06],[-16.93,33.6],[-16.67,33.07],[-16.56,32.81],[-16.55,32.77],[-16.55,32.77],[-16.46,32.78],[-16.08,32.91],[-15.73,33.01],[-15.58,33.04],[-15.49,33.09],[-14.85,33.44],[-14.85,33.44],[-14.63,33.25],[-14.51,32.92],[-14.24,32.46],[-14.03,32.01],[-13.78,31.74],[-13.39,31.6],[-12.93,31.76],[-12.72,31.6],[-12.72,31.6],[-13.21,30.98],[-13.43,30.69],[-13.83,30.21],[-13.97,30.09],[-14.13,29.84],[-14.23,29.75],[-14.34,29.61],[-14.47,29.58],[-14.61,29.46],[-14.67,29.38],[-14.78,29.28],[-14.93,29.02],[-15.1,28.82],[-15.19,28.71],[-15.25,28.58],[-15.35,28.38],[-15.41,28.32],[-15.58,28.09],[-15.94,27.8],[-16.19,27.51],[-16.42,27.3],[-16.59,27.1],[-16.73,26.85],[-16.85,26.76],[-17.02,26.34],[-17.16,25.91],[-17.35,25.6],[-17.55,25.19],[-17.85,24.83],[-18.13,24.46],[-18.86,23.79],[-18.86,23.79],[-18.89,23.81],[-18.89,23.81],[-19.16,23.35],[-19.85,23.64],[-20.55,23.92],[-20.99,23.62],[-21.43,23.31],[-21.66,23.4],[-22.15,23.03],[-22.64,22.66],[-22.85,22.75],[-23.59,22.23],[-23.86,22.37],[-24.57,21.79],[-25.27,21.22],[-25.81,21.5],[-26.47,21.02],[-27.18,21.41],[-27.67,20.97],[-28.15,20.54],[-28.69,20.81],[-29.32,20.29],[-29.94,19.77],[-30.09,19.84],[-30.71,19.3],[-30.88,19.36],[-31.16,19.09],[-31.5,19.27],[-31.81,18.97],[-31.93,19.02],[-32.56,18.43],[-33.18,17.84],[-33.8,17.25],[-34.41,16.66],[-35.02,16.06],[-35.62,15.47],[-36.16,15.81],[-36.77,15.02],[-36.2,14.65],[-35.64,14.27],[-35.97,13.82],[-36.29,13.36],[-36.47,13.42],[-36.95,12.76],[-37.43,12.1],[-37.6,12.17],[-38.01,11.55],[-37.86,11.44],[-38.38,10.67],[-38.89,9.9],[-39.41,9.13],[-39.92,8.35],[-40.43,7.58],[-39.97,7.35],[-40.11,7.08],[-40.38,6.27],[-40.95,5.62],[-40.95,5.62],[-41.51,5.87],[-41.29,6.35],[-41.07,6.83],[-41.8,7.32],[-42.53,7.8],[-42.68,7.7],[-43.25,7.28],[-43.98,6.72],[-44.48,6.27],[-44.97,5.81],[-45.46,5.36],[-46.12,4.72],[-46.78,4.09],[-46.78,4.09],[-47.39,4.68],[-48,5.28],[-48.62,5.88],[-49.23,6.48],[-49.81,7.22],[-50.4,7.96],[-50.99,8.7],[-51.57,9.44],[-52.11,10.14],[-52.65,10.85],[-53.06,11.51],[-53.06,11.51],[-53.6,11.06],[-54.14,10.6],[-54.74,11.17],[-55.34,11.74],[-55.97,11.18],[-56.6,10.62],[-57.23,10.06],[-57.85,9.49],[-58.47,8.92],[-59.06,9.51],[-59.65,10.09],[-60.33,9.48],[-61,8.87],[-61.67,8.26],[-62.34,7.65],[-63.01,7.04],[-63.67,6.43],[-63.67,6.43],[-64.49,6.9],[-65.32,7.36],[-66.14,7.83],[-66.97,8.29],[-67.86,8.63],[-68.76,8.97],[-69.66,9.3],[-70.56,9.63],[-71.32,9.82],[-72.08,10.01],[-72.84,10.2],[-73.59,10.39],[-74.51,10.48],[-75.43,10.58],[-76.35,10.67],[-76.35,10.67],[-76.32,11],[-76.5,11.82],[-76.67,12.64],[-76.85,13.46],[-76.98,14.34],[-77.11,15.22],[-77.24,16.1],[-77.38,16.97],[-77.48,17.81],[-77.58,18.64],[-77.68,19.47],[-77.75,20.11],[-77.83,20.74],[-77.83,20.74],[-78.1,21.09],[-78.54,21.82],[-78.99,22.55],[-79.45,23.28],[-79.86,24.04],[-80.29,24.8],[-80.71,25.57],[-81.13,26.37],[-81.55,27.17],[-81.75,27.89],[-81.95,28.61],[-82.15,29.33],[-82.35,29.86],[-82.55,30.39],[-82.85,31.12],[-83.16,31.85],[-83.5,32.71],[-83.5,32.71],[-83.57,32.93],[-83.74,33.41],[-83.92,33.89],[-84.34,34.67],[-84.5,35.58],[-84.62,36.13],[-84.75,36.69],[-84.74,37.43],[-84.88,37.96],[-85.02,38.48],[-85.15,39.07],[-85.24,40.02],[-85.47,40.8],[-85.97,41.58],[-86.03,42.15],[-86.15,42.85],[-86.2,43.35],[-86.25,43.86],[-86.3,44.36],[-86.36,44.87],[-86.45,45.69],[-86.29,46.16],[-86.34,46.42],[-86.34,46.42],[-85.91,47.35],[-84.8,47.51],[-83.69,47.67],[-82.76,47.73],[-81.84,47.79],[-80.93,47.91],[-80.01,48.03],[-78.91,48.28],[-77.8,48.53],[-77.34,49.09],[-76.87,49.66],[-77.47,50.27],[-78.09,50.87],[-78.94,51.64],[-79.83,52.4],[-80.74,53.15],[-81.5,53.72],[-82.28,54.3],[-83.08,54.86],[-83.87,55.44],[-84.67,56.02],[-85.5,56.59],[-86.21,57.27],[-86.93,57.94],[-87.07,58.75],[-87.47,59.66],[-87.71,60.16],[-87.96,60.65],[-88.06,61.07],[-88.33,62.05],[-88.27,62.59],[-88.2,63.13],[-87.77,63.97],[-87.59,64.47],[-87.41,64.97],[-87.4,65.36],[-86.88,65.78],[-86.88,66.17],[-86.67,66.51],[-86.65,67],[-86.89,67.48],[-86.98,67.69],[-86.97,68.08],[-87.12,68.45],[-87.11,68.83],[-86.99,69.3],[-86.81,69.8],[-86.33,70.3],[-86.01,70.68],[-85.6,71.14],[-85.6,71.14],[-87.69,71.34],[-89.82,71.51],[-92.18,71.92],[-94.65,72.3],[-97.22,72.65],[-99.89,72.97],[-102.64,73.25],[-105.49,73.5],[-107.72,73.82],[-110.04,74.13],[-112.45,74.4],[-114.7,74.97],[-117.13,75.52],[-119.73,76.04],[-122.53,76.53],[-122.95,76.62],[-122.95,76.62],[-121.77,77.39],[-120.44,78.16],[-118.94,78.92],[-117.21,79.67],[-115.22,80.41],[-116.12,81.25],[-117.22,82.08],[-118.57,82.91],[-120.27,83.73],[-122.2,84.37],[-124.61,85],[-127.72,85.62],[-134.13,86.32],[-143.37,86.95],[-156.87,87.47],[-175.6,87.79],[-180,87.83],[-180,88.55]]]}},{"type":"Feature","properties":{"ma":90,"type":"gpml:TopologicalClosedPlateBoundary","name":"Western Tethys back-arc","pid":560,"deforming":false},"geometry":{"type":"Polygon","coordinates":[[[49.83,-0.75],[49.13,-0.34],[48.62,-0.13],[48.12,0.09],[47.41,0.46],[46.7,0.84],[46.01,1.31],[45.31,1.78],[44.8,2.17],[44.29,2.56],[43.67,3.28],[43.05,4.01],[42.68,4.72],[42.31,5.43],[42,6.04],[41.69,6.66],[41.38,7.27],[41.14,7.63],[40.65,7.98],[40.16,8.33],[39.58,8.73],[39.01,9.14],[38.43,9.51],[37.85,9.87],[37.27,10.24],[36.58,10.6],[35.88,10.96],[35.21,11.29],[34.55,11.61],[33.95,12.07],[33.36,12.53],[32.66,13.08],[31.96,13.62],[31.8,13.79],[31.8,13.79],[31.74,14],[31.56,14.65],[31.37,15.31],[31.19,15.96],[31.15,16.93],[31.11,17.91],[31.31,18.81],[31.57,19.4],[31.57,19.4],[32.28,18.92],[32.98,18.43],[33.69,17.95],[34.39,17.45],[35.08,16.96],[35.01,16.54],[35.83,16.1],[36.65,15.66],[37.46,15.21],[38.27,14.76],[39.08,14.3],[39.89,13.85],[40.69,13.39],[41.49,12.93],[42.28,12.46],[43.08,12],[42.91,11.6],[43.66,11.05],[44.41,10.5],[45.15,9.95],[44.98,9.24],[45.78,8.73],[46.57,8.21],[47.36,7.7],[48.15,7.18],[48.94,6.66],[49.73,6.14],[50.51,5.62],[51.3,5.1],[51.97,4.63],[52.64,4.16],[53.31,3.69],[53.31,3.69],[52.78,2.94],[52.26,2.19],[51.73,1.43],[51.1,0.71],[50.47,-0.02],[49.83,-0.75]]]}},{"type":"Feature","properties":{"ma":90,"type":"gpml:TopologicalClosedPlateBoundary","name":"Western Tethys back-arc","pid":558,"deforming":false},"geometry":{"type":"Polygon","coordinates":[[[53.31,3.69],[52.64,4.16],[51.97,4.63],[51.3,5.1],[50.51,5.62],[49.73,6.14],[48.94,6.66],[48.15,7.18],[47.36,7.7],[46.57,8.21],[45.78,8.73],[44.98,9.24],[45.15,9.95],[44.41,10.5],[43.66,11.05],[42.91,11.6],[43.08,12],[42.28,12.46],[41.49,12.93],[40.69,13.39],[39.89,13.85],[39.08,14.3],[38.27,14.76],[37.46,15.21],[36.65,15.66],[35.83,16.1],[35.01,16.54],[35.08,16.96],[34.39,17.45],[33.69,17.95],[32.98,18.43],[32.28,18.92],[31.57,19.4],[31.57,19.4],[31.86,20.09],[32.47,20.88],[32.97,21.73],[33.39,22.42],[33.81,23.12],[34.23,23.82],[34.47,24.57],[34.7,25.32],[34.94,26.08],[34.94,26.08],[35.62,25.43],[36.24,25.01],[36.86,24.58],[37.48,24.15],[38.21,23.79],[38.94,23.44],[39.66,23.08],[40.61,22.72],[41.55,22.35],[42.27,22],[42.98,21.64],[43.63,21.36],[44.28,21.07],[44.77,20.83],[45.26,20.59],[46.01,20.35],[46.76,20.1],[47.51,19.85],[48.27,19.72],[49.03,19.58],[49.79,19.44],[50.76,19.4],[51.73,19.36],[52.7,19.32],[53.67,19.26],[53.67,19.26],[54.37,19.47],[55.06,19.68],[55.98,19.95],[56.9,20.21],[57.83,20.48],[58.76,20.73],[59.45,21.26],[59.45,21.26],[60.01,20.99],[60.57,20.72],[61.28,20.4],[62,20.09],[62.7,19.76],[62.7,19.76],[62.33,18.99],[61.96,18.22],[61.6,17.45],[61.23,16.68],[60.87,15.9],[60.38,15.03],[59.89,14.16],[59.4,13.29],[58.92,12.42],[58.44,11.55],[57.97,10.67],[57.49,9.8],[57.02,8.92],[56.49,8.18],[55.95,7.43],[55.42,6.68],[54.89,5.94],[54.36,5.19],[53.84,4.44],[53.31,3.69]]]}},{"type":"Feature","properties":{"ma":90,"type":"gpml:TopologicalClosedPlateBoundary","name":"Africa","pid":701,"deforming":false},"geometry":{"type":"Polygon","coordinates":[[[-6.39,-12.42],[-6.62,-11.73],[-6.74,-11.05],[-7.27,-10.32],[-7.74,-9.85],[-7.93,-9.11],[-8.11,-8.37],[-8.59,-7.84],[-9.07,-7.38],[-8.92,-6.97],[-8.9,-6.31],[-9.1,-5.77],[-9.16,-5.14],[-9.22,-4.51],[-9.21,-3.58],[-9.35,-2.78],[-9.98,-2.39],[-10.54,-1.99],[-10.75,-1.53],[-10.83,-1.03],[-10.9,-0.53],[-10.91,0.2],[-10.57,0.8],[-9.8,1.07],[-9.76,0.51],[-9.71,-0.06],[-9.42,-0.98],[-8.79,-1.38],[-8.1,-1.24],[-7.76,-0.67],[-7.42,-0.1],[-6.8,0.17],[-6.19,0.44],[-5.27,0.49],[-4.34,0.53],[-3.91,0.8],[-3.47,1.07],[-2.87,1.54],[-2.32,1.08],[-1.77,0.62],[-1.23,0.49],[-0.69,0.37],[-0.36,0.8],[-0.03,1.24],[0.4,1.84],[0.82,2.45],[1.14,3.35],[1.46,4.25],[1.69,5.07],[1.93,5.89],[2.16,6.61],[2.39,7.34],[2.88,7.95],[3.37,8.56],[3.93,9.11],[4.5,9.66],[4.54,10.47],[4.59,11.28],[4.61,12.25],[4.63,13.21],[4.63,13.21],[5.5,12.77],[6.36,12.32],[7.21,11.87],[8.07,11.42],[8.92,10.96],[9.77,10.51],[10.62,10.05],[11.46,9.59],[11.46,9.59],[11.07,9.09],[10.93,8.37],[10.79,7.65],[10.64,6.93],[10.89,6.33],[11.13,5.74],[11.51,5.34],[11.88,4.95],[11.72,4.24],[11.56,3.52],[11.39,2.81],[10.76,2.56],[10.14,2.31],[9.34,2.36],[8.61,2.07],[7.89,1.79],[6.92,1.93],[5.95,2.08],[4.95,2.05],[4.22,1.8],[3.5,1.55],[2.89,1.61],[2.29,1.66],[1.66,1.41],[1.03,1.17],[1.18,0.54],[1.33,-0.09],[1.38,-0.69],[1.42,-1.29],[1.7,-1.81],[1.45,-2.68],[1.63,-3.38],[1.81,-4.07],[1.99,-4.6],[2.16,-5.13],[2.34,-5.73],[2.52,-6.33],[2.52,-6.83],[2.53,-7.33],[2.13,-7.94],[1.52,-8.51],[1.52,-8.51],[1.69,-8.99],[1.82,-9.28],[2.58,-9.69],[2.74,-10.13],[2.66,-10.37],[2.88,-10.9],[3.31,-11.34],[3.83,-11.33],[4.25,-11.65],[4.67,-11.97],[5.04,-12.33],[5.41,-12.69],[5.96,-12.64],[6.51,-12.58],[7.43,-12.43],[8.35,-12.28],[9.18,-12.32],[10,-12.36],[10.54,-12.19],[11.08,-12.01],[11.96,-11.94],[12.84,-11.86],[13.3,-11.6],[13.76,-11.34],[14.48,-11.49],[15.36,-11.12],[15.73,-11.63],[16.28,-12.4],[16.62,-12.9],[16.97,-13.4],[17.16,-14.09],[17.35,-14.78],[17.54,-15.47],[17.93,-16.34],[18.33,-16.71],[18.73,-17.09],[19.33,-16.89],[19.75,-16.5],[19.45,-15.75],[19.07,-15.21],[18.69,-14.67],[18.8,-14.11],[18.91,-13.55],[19.19,-13.04],[19.48,-12.53],[19.8,-12.26],[20.15,-12.41],[20.4,-13.27],[20.65,-14.13],[20.79,-14.85],[20.92,-15.57],[20.9,-16.12],[20.88,-16.68],[20.57,-17.06],[20.6,-17.93],[21.12,-18.76],[21.84,-18.82],[22.56,-18.87],[23.17,-19.09],[23.89,-18.6],[24.6,-18.12],[24.75,-17.51],[24.91,-16.91],[25.45,-16.38],[25.98,-15.85],[26.39,-15.49],[26.79,-15.12],[27.55,-14.75],[28.3,-14.37],[29.06,-13.99],[29.81,-13.61],[30.8,-13.37],[31.79,-13.11],[32.78,-12.86],[33.62,-12.64],[34.45,-12.42],[35.29,-12.2],[36.1,-11.98],[36.92,-11.76],[37.73,-11.54],[38.4,-11.37],[39.07,-11.2],[39.74,-11.04],[40.68,-10.82],[41.61,-10.61],[42.55,-10.39],[43.48,-10.17],[43.48,-10.17],[43.01,-10.93],[43.01,-10.93],[42.39,-11.13],[41.78,-11.32],[41.03,-11.54],[40.27,-11.77],[39.51,-11.99],[38.75,-12.21],[37.93,-12.51],[37.1,-12.82],[36.28,-13.12],[35.39,-13.37],[34.5,-13.62],[33.6,-13.86],[32.7,-14.07],[31.8,-14.28],[30.89,-14.48],[30.09,-14.7],[29.28,-14.92],[28.47,-15.14],[27.96,-15.57],[27.45,-16.01],[26.83,-16.55],[26.21,-17.09],[25.61,-17.82],[25.02,-18.55],[24.42,-19.27],[23.63,-19.57],[22.84,-19.86],[21.96,-19.61],[21.09,-19.36],[20.21,-19.11],[19.53,-18.94],[18.84,-18.77],[18.16,-18.6],[17.41,-18],[16.65,-17.4],[16.53,-16.49],[16.06,-16.26],[15.59,-16.03],[15.32,-15.39],[14.64,-14.76],[13.97,-14.12],[13.3,-13.49],[12.64,-12.85],[11.77,-12.73],[10.91,-12.6],[10.13,-12.81],[9.36,-13.01],[8.58,-13.21],[7.59,-13.32],[6.6,-13.43],[5.61,-13.53],[4.92,-13.58],[4.24,-13.63],[3.4,-13.75],[2.56,-13.88],[1.94,-14.16],[1.31,-14.43],[0.52,-14.51],[-0.28,-14.57],[-1,-14.52],[-1.72,-14.47],[-2.6,-14.76],[-3.47,-15.05],[-4.35,-15.33],[-4.35,-15.33],[-4.47,-14.75],[-4.75,-14.23],[-5.03,-13.72],[-5.41,-13.38],[-5.79,-13.04],[-6.52,-12.69],[-6.81,-12.57],[-6.81,-12.57],[-6.62,-12.5],[-6.39,-12.42]]]}},{"type":"Feature","properties":{"ma":90,"type":"gpml:TopologicalClosedPlateBoundary","name":"South Africa","pid":701,"deforming":false},"geometry":{"type":"Polygon","coordinates":[[[-6.61,-58.49],[-7.25,-58.61],[-8.97,-58.9],[-10.73,-59.18],[-12.41,-59.36],[-14.11,-59.53],[-15.82,-59.67],[-17.54,-59.8],[-19.37,-59.9],[-21.2,-59.97],[-22.86,-60],[-24.51,-60],[-26.16,-59.98],[-27.82,-59.94],[-28.04,-59.93],[-28.04,-59.93],[-27.96,-59],[-27.88,-58.06],[-29.17,-57.91],[-28.81,-56.97],[-28.48,-56.03],[-28.16,-55.1],[-27.45,-55.09],[-27.25,-54.27],[-27.05,-53.45],[-26.24,-53.44],[-25.97,-52.49],[-25.71,-51.55],[-25.46,-50.6],[-25.23,-49.65],[-24.85,-49.06],[-24.83,-48.98],[-24.65,-48.24],[-24.64,-48.2],[-24.21,-47.52],[-24.15,-47.34],[-23.89,-46.81],[-23.74,-46.49],[-23.57,-46.1],[-22.86,-45.63],[-22.77,-45.37],[-22.43,-44.75],[-22.33,-44.6],[-21.7,-44.22],[-21.08,-43.84],[-21.07,-43.8],[-20.56,-43.44],[-20.06,-43.07],[-19.9,-42.96],[-19.63,-42.33],[-19.55,-42.1],[-18.92,-41.82],[-18.3,-41.55],[-18.24,-41.2],[-18.21,-40.79],[-18.2,-40.34],[-18.98,-40.23],[-19.75,-40.12],[-19.68,-39.54],[-19.66,-39.43],[-18.96,-39.12],[-18.27,-38.8],[-18.21,-38.61],[-18.17,-38.52],[-18.01,-38.33],[-17.76,-38.14],[-17.49,-37.85],[-17.43,-37.76],[-17.21,-37.44],[-16.95,-36.98],[-16.92,-36.94],[-16.24,-36.47],[-16.08,-36.22],[-15.88,-35.98],[-15.7,-35.65],[-15.04,-35.15],[-14.91,-34.89],[-14.81,-34.66],[-14.83,-34.11],[-14.81,-33.98],[-14.77,-33.32],[-14.78,-33.18],[-14.82,-32.44],[-14.83,-32.38],[-14.87,-31.62],[-14.87,-31.53],[-14.93,-30.83],[-14.94,-30.65],[-14.92,-30.04],[-14.91,-29.79],[-14.88,-29.27],[-14.85,-28.94],[-14.82,-28.52],[-14.8,-28.09],[-14.79,-27.75],[-14.81,-27.25],[-14.87,-26.96],[-15.05,-26.41],[-15.11,-26.27],[-15.35,-25.6],[-15.37,-25.52],[-15.05,-25.08],[-14.74,-24.64],[-14.73,-24.6],[-14.62,-23.93],[-14.57,-23.69],[-14.28,-23.28],[-14.16,-22.92],[-14.06,-22.62],[-13.88,-22.16],[-13.84,-22],[-13.65,-21.43],[-13.54,-21.29],[-13.42,-21.15],[-12.82,-20.84],[-12.23,-20.54],[-12.19,-20.42],[-11.95,-20.11],[-11.79,-19.57],[-11.66,-19.06],[-11.65,-19],[-11.72,-18.25],[-11.72,-18.22],[-11.92,-17.49],[-11.96,-17.36],[-11.41,-16.54],[-11.48,-16.37],[-11.72,-15.81],[-11.95,-14.92],[-12.33,-14.47],[-12.33,-14.47],[-11.35,-14.23],[-10.64,-13.99],[-9.93,-13.75],[-9.23,-13.5],[-8.58,-13.26],[-7.93,-13.01],[-7.29,-12.76],[-6.81,-12.57],[-6.81,-12.57],[-6.52,-12.69],[-5.79,-13.04],[-5.41,-13.38],[-5.03,-13.72],[-4.75,-14.23],[-4.47,-14.75],[-4.35,-15.33],[-4.35,-15.33],[-3.47,-15.05],[-2.6,-14.76],[-1.72,-14.47],[-1,-14.52],[-0.28,-14.57],[0.52,-14.51],[1.31,-14.43],[1.94,-14.16],[2.56,-13.88],[3.4,-13.75],[4.24,-13.63],[4.92,-13.58],[5.61,-13.53],[6.6,-13.43],[7.59,-13.32],[8.58,-13.21],[9.36,-13.01],[10.13,-12.81],[10.91,-12.6],[11.77,-12.73],[12.64,-12.85],[13.3,-13.49],[13.97,-14.12],[14.64,-14.76],[15.32,-15.39],[15.59,-16.03],[16.06,-16.26],[16.53,-16.49],[16.65,-17.4],[17.41,-18],[18.16,-18.6],[18.84,-18.77],[19.53,-18.94],[20.21,-19.11],[21.09,-19.36],[21.96,-19.61],[22.84,-19.86],[23.63,-19.57],[24.42,-19.27],[25.02,-18.55],[25.61,-17.82],[26.21,-17.09],[26.83,-16.55],[27.45,-16.01],[27.96,-15.57],[28.47,-15.14],[29.28,-14.92],[30.09,-14.7],[30.89,-14.48],[31.8,-14.28],[32.7,-14.07],[33.6,-13.86],[34.5,-13.62],[35.39,-13.37],[36.28,-13.12],[37.1,-12.82],[37.93,-12.51],[38.75,-12.21],[39.51,-11.99],[40.27,-11.77],[41.03,-11.54],[41.78,-11.32],[42.39,-11.13],[43.01,-10.93],[43.01,-10.93],[42.62,-11.55],[42.23,-12.17],[41.83,-12.78],[41.78,-13.33],[41.73,-13.88],[41.73,-13.88],[41.23,-14.65],[40.74,-15.44],[40.24,-16.23],[39.74,-17.02],[39.24,-17.81],[38.73,-18.43],[38.22,-19.06],[38.22,-19.06],[38.22,-19.99],[38.22,-20.93],[38.23,-21.87],[38.23,-22.8],[38.24,-23.74],[38.24,-24.67],[38.26,-25.66],[38.29,-26.65],[38.31,-27.64],[38.34,-28.63],[38.3,-29.34],[38.26,-30.05],[38.22,-30.76],[38.22,-30.76],[38.49,-30.79],[38.55,-30.8],[38.55,-30.8],[38.59,-31.27],[38.51,-32.07],[38.43,-32.87],[38.35,-33.66],[38.26,-34.46],[38.13,-35.23],[38,-36.01],[37.87,-36.79],[37.74,-37.64],[37.61,-38.48],[37.48,-39.33],[37.26,-39.99],[37.05,-40.66],[36.82,-41.32],[36.65,-42],[36.48,-42.67],[36.3,-43.35],[36.01,-44.09],[35.72,-44.83],[35.42,-45.57],[35.25,-46.23],[35.07,-46.88],[34.89,-47.54],[34.44,-48.3],[33.98,-49.05],[33.5,-49.8],[33.5,-49.8],[34.29,-49.82],[34.76,-49.64],[35.08,-49.01],[35.22,-48.51],[35.12,-47.75],[35.43,-47.51],[35.51,-47.17],[35.61,-46.78],[35.99,-46.53],[36.35,-46.28],[36.5,-46.2],[36.5,-46.2],[36.62,-46.46],[36.7,-46.84],[36.71,-47.47],[36.7,-47.97],[36.82,-48.43],[36.97,-49.04],[36.73,-49.99],[37.03,-50.84],[37.09,-50.87],[37.09,-50.87],[35.87,-50.98],[34.64,-51.08],[34.42,-51.15],[34.42,-51.15],[34.11,-51.73],[33.91,-52.39],[33.7,-53.05],[33.48,-53.71],[32.72,-54.56],[31.93,-55.4],[31.11,-56.24],[30.25,-57.07],[29.35,-57.9],[28.41,-58.72],[28.41,-58.72],[28.41,-58.72],[26.5,-58.68],[24.61,-58.6],[22.72,-58.5],[20.85,-58.36],[20.61,-59.26],[20.35,-60.15],[20.08,-61.04],[18.24,-60.96],[16.4,-60.84],[16.11,-61.5],[15.81,-62.16],[15.5,-62.81],[13.54,-62.68],[13.16,-63.24],[12.77,-63.81],[11.4,-63.62],[10.69,-64.46],[9.95,-65.31],[7.99,-64.94],[6.1,-64.54],[4.26,-64.12],[3.3,-64.84],[2.3,-65.55],[1.23,-66.25],[-0.46,-65.83],[-2.1,-65.39],[-3.69,-64.94],[-5.22,-64.47],[-5.22,-64.47],[-4.34,-64.25],[-4.21,-64.22],[-4.21,-64.22],[-4.67,-63.29],[-5.11,-62.36],[-5.52,-61.44],[-5.9,-60.51],[-6.15,-59.6],[-6.39,-58.7],[-6.61,-58.49]]]}},{"type":"Feature","properties":{"ma":90,"type":"gpml:TopologicalClosedPlateBoundary","name":"NeoTethys","pid":53401,"deforming":false},"geometry":{"type":"Polygon","coordinates":[[[79.05,-0.58],[79.34,0.3],[79.63,1.18],[79.86,2.06],[80.08,2.95],[80.08,2.95],[80.61,2.79],[81.14,2.63],[82.12,2.5],[83.09,2.37],[84.07,2.23],[85.04,2.1],[86.02,1.96],[86.99,1.83],[87.97,1.69],[88.94,1.55],[89.76,1.41],[90.57,1.26],[91.42,0.96],[92.26,0.67],[93.1,0.37],[93.94,0.07],[94.78,-0.22],[95.74,-0.43],[96.71,-0.63],[97.67,-0.84],[98.63,-1.04],[99.6,-1.25],[100.49,-1.36],[101.39,-1.46],[102.29,-1.57],[103.18,-1.68],[104.08,-1.78],[104.97,-1.89],[105.87,-2],[106.76,-2.12],[107.64,-2.24],[108.53,-2.37],[109.42,-2.49],[110.3,-2.61],[111.2,-2.52],[112.1,-2.43],[113,-2.34],[113.9,-2.24],[114.8,-2.15],[115.7,-2.06],[116.58,-1.95],[117.47,-1.85],[118.36,-1.74],[118.36,-1.74],[118.2,-2.16],[117.96,-3.04],[117.72,-3.91],[117.48,-4.78],[117.24,-5.65],[117.1,-6.41],[116.97,-7.18],[116.83,-7.94],[116.75,-8.81],[116.66,-9.68],[116.57,-10.55],[116.49,-11.42],[116.3,-12.27],[116.11,-13.12],[115.93,-13.97],[115.74,-14.82],[115.55,-15.68],[115.55,-15.68],[115.16,-15.78],[114.28,-16.17],[113.4,-16.55],[112.51,-16.93],[111.62,-17.31],[110.73,-17.68],[109.83,-18.05],[108.93,-18.41],[108.03,-18.77],[107.12,-19.13],[106.21,-19.48],[105.29,-19.83],[104.81,-20.46],[104.33,-21.1],[103.84,-21.73],[103.25,-21.53],[102.85,-22.34],[102.44,-23.14],[102.02,-23.95],[101.6,-24.75],[100.85,-24.65],[100.11,-24.55],[99.37,-24.44],[98.48,-24.31],[97.6,-24.16],[96.71,-24.02],[95.77,-24.21],[94.83,-24.4],[93.89,-24.58],[92.95,-24.76],[92,-24.93],[92,-24.93],[91.84,-23.96],[91.6,-23.08],[91.37,-22.19],[91.14,-21.31],[90.92,-20.42],[90.7,-19.54],[90.48,-18.65],[90.26,-17.77],[90.04,-16.88],[89.83,-15.99],[89.62,-15.11],[89.41,-14.22],[88.6,-14.29],[87.8,-14.36],[86.99,-14.43],[86.18,-14.5],[86.08,-14.18],[85.16,-14.35],[84.23,-14.51],[83.3,-14.67],[82.38,-14.82],[81.45,-14.97],[81.29,-14.42],[80.58,-14.5],[79.87,-14.58],[79.16,-14.66],[78.66,-13.92],[78.17,-13.19],[77.68,-12.45],[77.19,-11.71],[76.71,-10.97],[76.22,-10.23],[75.74,-9.49],[75.26,-8.74],[74.33,-9.06],[73.86,-8.34],[73.39,-7.62],[72.93,-6.9],[72.46,-6.18],[72,-5.46],[71.32,-5.66],[70.65,-5.85],[69.97,-6.05],[69.47,-5.27],[68.97,-4.5],[68.48,-3.72],[67.98,-2.95],[67.98,-2.95],[68.85,-2.91],[69.71,-2.87],[70.57,-2.84],[71.46,-2.7],[72.35,-2.56],[73.24,-2.41],[74.13,-2.27],[75.02,-2.13],[75.79,-1.88],[76.57,-1.63],[77.34,-1.38],[78.19,-0.98],[79.05,-0.58]]]}},{"type":"Feature","properties":{"ma":90,"type":"gpml:TopologicalClosedPlateBoundary","name":"North Molucca Sea Plate","pid":780,"deforming":false},"geometry":{"type":"Polygon","coordinates":[[[117.01,-6.96],[117.12,-6.31],[117.24,-5.65],[117.48,-4.78],[117.72,-3.91],[117.96,-3.04],[118.2,-2.16],[118.52,-1.32],[118.83,-0.48],[119.14,0.36],[119.39,1.24],[119.64,2.12],[119.88,3],[120.15,3.92],[120.41,4.83],[120.41,4.83],[121.12,4.66],[121.83,4.49],[122.53,4.31],[123.28,4.22],[124.03,4.12],[124.78,4.03],[125.63,3.93],[126.48,3.84],[127.32,3.74],[128.17,3.64],[129.01,3.55],[129.86,3.45],[130.79,3.28],[131.73,3.12],[132.67,2.95],[133.6,2.79],[134.54,2.62],[135.47,2.46],[136.41,2.29],[137.31,1.96],[138.21,1.64],[139.12,1.31],[140.02,0.98],[140.92,0.66],[141.83,0.33],[142.73,0],[143.63,-0.33],[144.53,-0.65],[145.44,-0.98],[146.34,-1.31],[147.24,-1.63],[147.24,-1.63],[147.54,-2.37],[147.83,-3.11],[147.92,-4.04],[148,-4.97],[148.09,-5.9],[148.18,-6.83],[148.26,-7.77],[148.47,-8.72],[148.68,-9.68],[148.9,-10.63],[149.11,-11.59],[149.33,-12.54],[149.56,-13.49],[149.79,-14.43],[150.02,-15.37],[149.91,-16.34],[149.91,-16.34],[149.85,-16.33],[149.05,-16.21],[148.26,-16.08],[147.46,-15.95],[146.66,-15.81],[145.66,-15.61],[144.66,-15.41],[143.66,-15.2],[142.67,-14.99],[141.67,-14.77],[140.68,-14.55],[140.72,-13.98],[140.75,-13.4],[140.02,-13.17],[139.29,-12.94],[138.55,-12.71],[138.59,-12.17],[138.62,-11.63],[137.79,-11.4],[136.96,-11.17],[136.13,-10.94],[135.3,-10.7],[135.4,-10.16],[134.55,-9.95],[133.69,-9.75],[133.59,-10.05],[132.73,-9.84],[131.88,-9.62],[131.02,-9.4],[130.17,-9.17],[130.06,-9.66],[129.31,-9.51],[128.57,-9.35],[128.39,-10.08],[128.2,-10.8],[127.28,-10.63],[126.35,-10.45],[125.43,-10.28],[124.51,-10.09],[123.59,-9.91],[123.71,-9.17],[123.82,-8.43],[122.9,-8.25],[121.98,-8.06],[121.06,-7.88],[120.25,-7.71],[119.44,-7.54],[118.63,-7.37],[117.82,-7.2],[117.01,-6.96]]]}},{"type":"Feature","properties":{"ma":90,"type":"gpml:TopologicalClosedPlateBoundary","name":"AlCaPa","pid":334,"deforming":false},"geometry":{"type":"Polygon","coordinates":[[[4.76,26.02],[4.96,26.26],[5.63,26.96],[6.31,27.64],[7,28.33],[7.99,28.82],[8.99,29.3],[9.71,29.27],[10.43,29.25],[10.43,29.25],[10.71,28.68],[11,28.1],[11.7,27.32],[12.38,26.53],[13.03,25.85],[13.68,25.17],[13.68,25.17],[12.91,24.9],[12.15,24.63],[11.39,24.36],[11.39,24.36],[10.51,24.68],[9.63,25],[9.26,24.85],[8.3,25.11],[7.34,25.37],[6.37,25.62],[5.39,25.86],[4.76,26.02]]]}},{"type":"Feature","properties":{"ma":90,"type":"gpml:TopologicalNetwork","name":"Greater_India_East_Mesh","pid":801,"deforming":true},"geometry":{"type":"Polygon","coordinates":[[[101.57,-47.85],[100.48,-48.04],[99.39,-48.21],[98.28,-48.38],[97.21,-48.53],[96.13,-48.67],[96.13,-48.67],[96.86,-48.24],[97.39,-47.59],[97.9,-46.95],[97.02,-46.55],[96.15,-46.15],[95.3,-45.74],[95.6,-45.07],[95.9,-44.4],[96.71,-43.98],[97.51,-43.56],[98.3,-43.14],[98.57,-42.35],[97.96,-41.61],[98.7,-40.91],[99.43,-41.02],[100.16,-41.13],[101.12,-41.54],[102.06,-41.58],[103,-41.62],[104.08,-41.71],[105.16,-41.79],[105.82,-41.6],[106.01,-40.62],[106.38,-39.86],[106.75,-39.09],[107.25,-38.21],[107.55,-37.71],[107.84,-37.21],[108.04,-36.87],[108.79,-36.47],[109.53,-36.07],[110.26,-35.67],[110.92,-35.19],[111.58,-34.7],[111.36,-34.35],[112.28,-33.81],[113.19,-33.27],[114.08,-32.73],[114.82,-32.31],[115.54,-31.89],[116.26,-31.46],[116.65,-31.91],[117.04,-32.36],[117.7,-31.85],[118.35,-31.35],[118.99,-30.84],[118.99,-30.84],[119.66,-31.34],[120.34,-31.84],[121.17,-32.36],[122,-32.87],[122.84,-33.37],[123.7,-33.87],[124.56,-34.37],[125.43,-34.85],[126.32,-35.33],[126.32,-35.33],[125.65,-35.62],[124.97,-35.9],[124.06,-36.55],[123.13,-37.18],[122.48,-37.62],[121.83,-38.05],[121.16,-38.48],[120.65,-39.3],[119.85,-39.7],[119.03,-40.08],[118.21,-40.47],[117.19,-40.95],[116.16,-41.42],[115.29,-41.8],[114.41,-42.17],[113.52,-42.54],[112.7,-43.19],[111.87,-43.85],[111.02,-44.43],[110.15,-45.01],[109.27,-45.58],[108.32,-45.86],[107.36,-46.13],[106.38,-46.4],[105.38,-46.7],[104.37,-46.99],[103.35,-47.26],[102.65,-47.66],[101.57,-47.85]]]}},{"type":"Feature","properties":{"ma":90,"type":"gpml:TopologicalNetwork","name":"aus_antarc_india_mesh","pid":801,"deforming":true},"geometry":{"type":"Polygon","coordinates":[[[89.7,-48.99],[89.86,-48.95],[90.76,-48.54],[91.65,-48.13],[92.52,-47.7],[92.96,-48.08],[92.94,-48.86],[92.93,-49.64],[93.67,-49.97],[94.43,-50.29],[95.11,-49.88],[95.56,-49.32],[96,-48.76],[97.11,-48.61],[98.22,-48.44],[99.32,-48.27],[100.41,-48.08],[100.41,-48.08],[100.02,-49],[100.15,-49.67],[100.28,-50.35],[100.25,-50.85],[100.22,-51.47],[100.19,-52.12],[100.16,-52.76],[100.3,-53.35],[100.44,-53.94],[100.74,-54.65],[101.05,-55.36],[101.31,-56.05],[101.58,-56.73],[101.53,-57.51],[101.48,-58.29],[101.15,-58.86],[100.81,-59.43],[100.81,-59.43],[99.85,-59.38],[98.24,-59.73],[97.93,-59.71],[97.93,-59.71],[98.54,-59.34],[98.11,-58.47],[97.7,-57.61],[98.08,-57.79],[98.36,-58],[99.04,-57.5],[99.21,-57.2],[99.32,-57.1],[99.18,-56.46],[99.29,-56.42],[99.61,-56.43],[99.81,-56.38],[99.77,-56.05],[99.6,-55.76],[98.88,-55.33],[98.86,-55.22],[98.38,-54.91],[98.59,-54.81],[97.52,-54.09],[96.54,-53.45],[96.1,-53.02],[95.66,-52.6],[94.8,-52.17],[93.91,-51.67],[93.05,-51.17],[92.34,-50.88],[91.64,-50.29],[91.12,-49.98],[91.12,-49.98],[91.14,-49.87],[90.41,-49.43],[89.7,-48.99]]]}},{"type":"Feature","properties":{"ma":90,"type":"gpml:TopologicalNetwork","name":"IA_PNG_Jurassic_Deforming_Network","pid":615,"deforming":true},"geometry":{"type":"Polygon","coordinates":[[[126.5,-26.19],[126.8,-26.77],[127.09,-27.29],[127.09,-27.29],[128.16,-27.33],[128.83,-27.33],[129.87,-27.46],[130.41,-27.49],[130.94,-27.58],[131.59,-27.69],[132.48,-27.81],[133.03,-27.92],[133.3,-27.92],[133.65,-28.06],[133.65,-28.06],[133.78,-27.69],[134.07,-27.35],[134.07,-27.35],[134.18,-27.35],[134.9,-27.3],[135.84,-27.49],[136.7,-27.75],[136.91,-27.85],[136.92,-28.18],[136.85,-28.3],[136.82,-28.56],[136.82,-28.56],[136.91,-28.59],[137.49,-28.84],[137.92,-29.09],[138.5,-29.69],[139.07,-30.12],[139.9,-30.44],[139.9,-30.44],[139.58,-31.11],[139.03,-31.87],[138.93,-32.06],[138.93,-32.06],[138.34,-31.75],[137.75,-31.43],[136.8,-31.01],[136.12,-30.79],[135.45,-30.57],[135.13,-30.46],[134.82,-30.32],[134.55,-30.19],[134.31,-30],[134.29,-29.77],[134.33,-29.55],[134.34,-29.49],[133.91,-29.4],[133.59,-29.37],[133.32,-29.27],[132.85,-29.18],[132.18,-29.06],[131.76,-28.92],[130.99,-28.9],[130.56,-28.86],[130,-28.86],[129.63,-28.85],[129,-28.86],[128.53,-28.84],[127.54,-28.66],[127.19,-28.65],[126.59,-28.63],[126.21,-28.58],[125.41,-28.41],[124.97,-28.34],[124.05,-27.9],[123.14,-27.46],[122.55,-26.79],[121.92,-26.1],[121.83,-25.56],[121.73,-25.02],[121.64,-24.74],[121.64,-24.74],[121.67,-24.74],[122.27,-24.77],[122.87,-24.8],[123.45,-24.98],[124.03,-25.16],[124.63,-25.47],[125.23,-25.77],[125.93,-25.98],[126.5,-26.19]]]}},{"type":"Feature","properties":{"ma":90,"type":"gpml:TopologicalNetwork","name":"Inactive_PNG_Jurassic_Deforming_Network","pid":615,"deforming":true},"geometry":{"type":"Polygon","coordinates":[[[126.27,-20.99],[126.27,-20.99],[126.3,-20.89],[126.87,-20.27],[127.6,-19.91],[128.36,-19.89],[129.12,-19.86],[130.11,-19.98],[131.09,-20.09],[132.12,-20.25],[133.15,-20.4],[134.17,-20.68],[135.19,-20.96],[136.21,-21.22],[136.96,-21.76],[137.7,-22.29],[137.59,-22.79],[137.59,-22.81],[137.59,-22.81],[137.19,-22.63],[136.82,-22.45],[136.43,-22.38],[136,-22.31],[135.21,-22.17],[134.28,-22.05],[133.54,-21.95],[132.81,-21.84],[132.23,-21.75],[131.65,-21.66],[130.71,-21.56],[129.85,-21.46],[129.12,-21.44],[128.41,-21.43],[127.38,-21.29],[126.61,-21.23],[126.58,-21.24],[126.27,-20.99]]]}},{"type":"Feature","properties":{"ma":90,"type":"gpml:TopologicalNetwork","name":"Inactive_aus_antarc_india_mesh","pid":802,"deforming":true},"geometry":{"type":"Polygon","coordinates":[[[98,-63.44],[96.57,-63.68],[95.11,-63.91],[94.05,-64.25],[92.98,-64.58],[91.74,-64.89],[90.48,-65.19],[89.45,-65.61],[88.4,-66.01],[86.96,-66.16],[85.5,-66.3],[84.21,-66.42],[82.91,-66.53],[81.27,-66.76],[79.6,-66.98],[77.99,-67.34],[76.34,-67.68],[74.89,-68.07],[74.72,-69.06],[73.81,-69.91],[72.82,-70.43],[71.8,-71.12],[70.7,-71.8],[70.25,-72.61],[69.75,-73.42],[68.5,-72.53],[67.43,-71.68],[67.28,-71.11],[67.13,-70.54],[67.55,-70.01],[67.94,-69.48],[68.57,-68.77],[66.84,-69.07],[64.22,-69.24],[62.4,-69.3],[60.56,-69.33],[58.53,-69.32],[56.5,-69.29],[54.48,-69.23],[53.04,-69.05],[51.62,-68.86],[49.99,-68.32],[47.89,-68.39],[45.95,-68.93],[43.58,-69.46],[41.1,-69.96],[38.94,-70.55],[36.65,-71.11],[34.78,-71.67],[32.8,-72.21],[29.98,-72.14],[27.18,-72.03],[24.91,-71.68],[22.73,-71.31],[21.43,-70.88],[20.18,-70.45],[20.18,-70.45],[21.16,-70.05],[22.1,-69.64],[22.87,-69.24],[23.75,-68.92],[24.8,-68.49],[25.3,-68.43],[25.86,-68.5],[26.36,-68.84],[26.47,-69.1],[26.37,-69.4],[26.25,-69.8],[26.24,-70.14],[26.39,-70.36],[26.95,-70.67],[27.86,-70.82],[29.7,-70.93],[31.56,-71.02],[32.26,-70.33],[33.16,-70.35],[34.05,-70.4],[34.29,-70.37],[35.21,-69.68],[35.6,-69.18],[36.4,-68.75],[38.19,-68.3],[39.9,-67.83],[40.92,-67.29],[41.89,-66.74],[43.54,-66.56],[43.54,-66.56],[45.88,-66.53],[47.34,-66.64],[48.97,-66.73],[51.41,-66.85],[51.61,-66.15],[51.73,-66.09],[53,-66.07],[54.26,-66.04],[56.03,-65.98],[58.13,-65.89],[60.01,-65.97],[60.74,-65.94],[61.84,-65.89],[63.52,-65.71],[64.37,-65.58],[65.32,-65.43],[66.03,-65.57],[67.16,-65.8],[68.76,-65.08],[69.22,-65.11],[69.94,-65.14],[71.24,-65.19],[71.61,-65.56],[71.89,-65.83],[72.54,-65.88],[74.01,-65.88],[75.37,-65.87],[77.21,-65.87],[78.21,-65.85],[79.62,-65.73],[81.01,-65.61],[81.65,-65.51],[82,-65.4],[83.38,-65.21],[84.74,-65.01],[85.98,-64.8],[87.56,-64.41],[89.09,-64],[90,-63.65],[90.9,-63.28],[90.48,-62.66],[90.18,-62.18],[92.08,-61.92],[94.05,-61.7],[95.98,-61.45],[97,-61.67],[97.84,-61.77],[98.61,-61.86],[98.61,-61.86],[98.51,-61.81],[98.51,-61.81],[98.83,-62.38],[99.16,-62.95],[99.41,-63.18],[98,-63.44]]]}},{"type":"Feature","properties":{"ma":90,"type":"gpml:TopologicalNetwork","name":"Inactive_Central_Atlantic_Mesh","pid":101,"deforming":true},"geometry":{"type":"Polygon","coordinates":[[[-24.7,29.28],[-24.96,29.53],[-25.45,29.91],[-25.91,30.02],[-26.46,30.55],[-26.9,30.75],[-27.73,30.62],[-28.58,30.67],[-29.43,30.73],[-30.24,30.33],[-30.79,29.99],[-31.15,29.76],[-31.63,29.6],[-32.15,29.53],[-32.73,29.84],[-33.47,30.36],[-34.2,30.59],[-34.83,30.69],[-35.01,30.71],[-35.28,30.59],[-35.65,30.46],[-35.79,30.42],[-35.9,30.38],[-36,30.32],[-36.1,30.27],[-36.38,30.15],[-36.72,29.97],[-36.86,29.88],[-37.07,29.77],[-37.23,29.71],[-37.36,29.63],[-37.56,29.54],[-37.77,29.44],[-37.93,29.33],[-38.27,29.33],[-38.56,29.49],[-38.82,29.64],[-39.22,29.85],[-39.49,29.81],[-39.72,29.8],[-40.01,29.84],[-40.33,29.86],[-40.64,29.91],[-40.86,29.94],[-41.11,30],[-41.35,30.1],[-41.66,30.21],[-41.84,30.29],[-42.18,30.19],[-42.34,30.17],[-42.75,30.23],[-43.5,30.23],[-44.14,30.05],[-44.77,29.66],[-45.19,29.06],[-45.65,28.62],[-45.85,28.36],[-45.96,27.95],[-46.03,27.54],[-46.2,27],[-46.75,26.59],[-47.27,26.18],[-47.79,25.82],[-48.2,25.52],[-48.89,25.11],[-49.32,24.7],[-50.14,24.63],[-51.01,24.53],[-51.9,24.42],[-52.34,24.15],[-52.7,23.85],[-52.44,23.46],[-52.43,23.26],[-52.73,22.86],[-52.69,22.34],[-52.71,21.41],[-52.7,21.1],[-52.75,20.67],[-52.77,20.59],[-52.77,20.59],[-53.21,20.72],[-53.89,21],[-54.5,21.43],[-54.86,22.06],[-55.25,22.52],[-55.77,22.95],[-56.2,23.44],[-56.26,23.98],[-56.91,24.46],[-57.37,24.94],[-57.83,25.43],[-57.83,25.43],[-57.21,25.5],[-56.89,25.49],[-56.55,25.77],[-56.09,26.14],[-55.65,26.43],[-55.22,26.7],[-55.08,26.89],[-54.7,26.96],[-54.34,27.03],[-53.76,27.14],[-53.04,27.23],[-52.33,27.32],[-51.67,27.69],[-51.11,28.1],[-50.8,28.83],[-50.55,29.44],[-49.8,29.69],[-48.87,30.15],[-48.44,30.41],[-47.83,30.83],[-47.21,31.24],[-46.84,31.65],[-46.59,32.06],[-46.09,32.17],[-45.92,32.26],[-45.64,32.21],[-45.31,32.09],[-44.98,32.05],[-44.42,32.13],[-44.13,32.13],[-43.93,32.1],[-43.52,32.32],[-43.1,32.54],[-42.54,32.59],[-42.07,32.86],[-41.74,33.38],[-41.44,33.43],[-41.01,33.24],[-40.36,33.42],[-39.81,33.36],[-38.92,33.29],[-37.97,33.3],[-37.35,33.35],[-36.42,33.34],[-35.76,33.54],[-34.87,33.79],[-34.13,33.93],[-33.46,33.96],[-32.7,33.95],[-32.31,33.91],[-31.78,33.71],[-31.04,33.5],[-30.36,33.43],[-29.8,33.35],[-29.23,33.25],[-28.64,33.12],[-27.92,32.93],[-27.14,32.61],[-26.43,32.28],[-25.59,31.98],[-25.25,31.8],[-25.12,31.55],[-24.9,31.41],[-24.79,31.24],[-24.69,31.11],[-24.55,30.89],[-24.32,30.65],[-24.42,30.56],[-24.62,30.49],[-24.96,30.58],[-24.99,30.38],[-24.92,30.13],[-24.52,30.23],[-24.46,30.22],[-24.33,30.16],[-24.41,29.95],[-24.55,29.56],[-24.28,29.41],[-24.28,29.41],[-24.7,29.28]]]}},{"type":"Feature","properties":{"ma":90,"type":"gpml:TopologicalNetwork","name":"Inactive Deforming Network","pid":701,"deforming":true},"geometry":{"type":"Polygon","coordinates":[[[-6.63,-14.14],[-7.37,-13.61],[-8.11,-13.08],[-8.11,-13.08],[-7.29,-12.76],[-6.81,-12.57],[-6.81,-12.57],[-6.52,-12.69],[-5.79,-13.04],[-5.41,-13.38],[-5.03,-13.72],[-4.75,-14.23],[-4.47,-14.75],[-4.31,-15.53],[-4.42,-16.14],[-4.53,-16.74],[-4.9,-17.4],[-5.27,-18.05],[-5.65,-18.71],[-5.62,-19.22],[-5.59,-19.74],[-5.57,-20.74],[-5.75,-21.59],[-5.79,-22.14],[-5.82,-22.69],[-5.6,-23.21],[-5.37,-23.72],[-4.83,-24.26],[-4.51,-25.09],[-4.38,-25.58],[-4.25,-26.07],[-4.27,-26.93],[-4.34,-27.75],[-4.24,-28.59],[-4.01,-29.56],[-3.89,-30.43],[-4.02,-31.08],[-4.25,-31.6],[-4.49,-32.13],[-5.12,-32.81],[-5.59,-33.12],[-6.07,-33.44],[-6.86,-34.17],[-7.22,-34.63],[-7.59,-35.1],[-7.98,-35.66],[-8.39,-36.22],[-8.69,-36.72],[-9,-37.21],[-9.08,-38.16],[-9.01,-38.8],[-8.95,-39.45],[-8.9,-39.95],[-8.84,-40.45],[-8.78,-41.32],[-8.51,-42.23],[-8.53,-42.9],[-8.55,-43.56],[-8.61,-44.53],[-8.69,-45.08],[-8.77,-45.63],[-8.81,-46.2],[-8.86,-46.78],[-8.88,-47.33],[-8.9,-47.88],[-8.57,-48.75],[-8.19,-49.66],[-8.03,-50.24],[-7.86,-50.82],[-7.86,-51.47],[-7.87,-52.12],[-8,-53.05],[-8.14,-53.98],[-8.06,-54.61],[-7.98,-55.24],[-7.49,-55.77],[-6.99,-56.29],[-6.46,-56.9],[-5.92,-57.5],[-5.09,-58.19],[-5.09,-58.19],[-6.12,-58.39],[-7.16,-58.59],[-7.16,-58.59],[-7.63,-58.07],[-8.09,-57.55],[-8.06,-57.5],[-8.65,-56.74],[-8.94,-56.37],[-9.38,-55.78],[-9.75,-55.25],[-10.05,-54.81],[-10.44,-54.11],[-10.61,-53.8],[-10.91,-53.05],[-11.26,-52.24],[-11.39,-51.74],[-11.52,-51.19],[-11.62,-50.81],[-11.62,-50.62],[-11.65,-50],[-11.67,-49.44],[-11.68,-49.32],[-11.66,-48.8],[-11.63,-48.28],[-11.63,-48.19],[-11.55,-47.42],[-11.55,-47.38],[-11.43,-46.67],[-11.4,-46.48],[-11.27,-45.92],[-11.19,-45.59],[-11.12,-45.18],[-11.04,-44.69],[-11.03,-44.42],[-11.01,-43.79],[-11,-43.64],[-10.96,-42.89],[-10.95,-42.85],[-10.73,-42.11],[-10.7,-42],[-10.56,-41.35],[-10.51,-41.11],[-10.49,-40.56],[-10.47,-40.21],[-10.41,-39.8],[-10.35,-39.31],[-10.29,-39.03],[-10.16,-38.41],[-10.12,-38.29],[-9.98,-37.73],[-9.93,-37.52],[-9.89,-37.42],[-9.82,-37.22],[-9.75,-37.04],[-9.65,-36.74],[-9.61,-36.65],[-9.44,-36.3],[-9.2,-35.81],[-9.17,-35.76],[-8.86,-35.29],[-8.68,-35.01],[-8.39,-34.72],[-7.99,-34.31],[-7.67,-33.79],[-7.49,-33.5],[-7.4,-33.25],[-7.18,-32.63],[-7.13,-32.48],[-6.91,-31.75],[-6.92,-31.61],[-6.95,-30.85],[-6.96,-30.79],[-7.15,-30.05],[-7.17,-29.96],[-7.29,-29.26],[-7.33,-29.08],[-7.25,-28.43],[-7.23,-28.18],[-7.16,-27.62],[-7.12,-27.27],[-7.07,-26.83],[-7.01,-26.37],[-6.97,-26],[-6.91,-25.47],[-7.03,-25.19],[-7.26,-24.67],[-7.37,-24.54],[-7.88,-23.96],[-7.91,-23.88],[-8.23,-23.16],[-8.25,-23.13],[-8.29,-22.47],[-8.31,-22.23],[-8.12,-21.8],[-7.94,-21.4],[-7.8,-21.07],[-7.59,-20.56],[-7.55,-20.39],[-7.43,-19.8],[-7.41,-19.67],[-7.32,-19.52],[-7.02,-19.04],[-6.93,-18.9],[-6.16,-18.36],[-5.64,-17.65],[-5.19,-16.98],[-5.13,-16.88],[-5.02,-16.04],[-5.01,-16],[-5.41,-15.35],[-5.48,-15.23],[-5.98,-14.71],[-6.12,-14.57],[-6.62,-14.11],[-6.63,-14.14]]]}},{"type":"Feature","properties":{"ma":90,"type":"gpml:TopologicalNetwork","name":"Inactive Deforming Network","pid":201,"deforming":true},"geometry":{"type":"Polygon","coordinates":[[[-17.29,-16.96],[-17.12,-17.55],[-17.06,-17.73],[-16.93,-18.38],[-16.91,-18.51],[-16.8,-19.26],[-16.79,-19.29],[-16.7,-20.02],[-16.7,-20.08],[-16.89,-20.57],[-17.15,-21.09],[-17.31,-21.35],[-17.38,-21.47],[-18.09,-21.9],[-18.46,-22.05],[-18.87,-22.21],[-19.46,-22.78],[-19.61,-22.94],[-20.02,-23.39],[-20.25,-23.67],[-20.54,-24.02],[-20.88,-24.4],[-21.1,-24.63],[-21.5,-25.29],[-21.52,-25.32],[-21.42,-26.1],[-21.39,-26.18],[-21.2,-26.87],[-21.11,-27.02],[-20.78,-27.57],[-20.76,-27.87],[-20.73,-28.36],[-20.83,-28.7],[-20.97,-29.13],[-21.16,-29.54],[-21.31,-29.86],[-21.49,-30.38],[-21.57,-30.63],[-21.71,-31.23],[-21.75,-31.41],[-21.88,-32.12],[-21.89,-32.2],[-22.15,-32.96],[-22.16,-33.02],[-22.24,-33.76],[-22.27,-33.9],[-22.4,-34.54],[-22.48,-34.68],[-22.81,-35.22],[-23.14,-35.44],[-23.49,-35.68],[-23.7,-36.1],[-23.86,-36.41],[-24.19,-36.62],[-24.54,-36.85],[-25.33,-37.23],[-25.39,-37.27],[-26.09,-37.67],[-26.73,-37.95],[-26.9,-38.03],[-27.77,-38.26],[-28.67,-38.36],[-29.57,-38.47],[-29.86,-38.53],[-30.46,-38.65],[-31.21,-39.09],[-31.3,-39.19],[-31.76,-39.71],[-31.93,-39.96],[-32.24,-40.4],[-32.58,-40.74],[-32.85,-41.01],[-33.29,-41.41],[-33.5,-41.59],[-34.08,-42.07],[-34.17,-42.15],[-34.83,-42.72],[-34.87,-42.75],[-35.49,-43.3],[-35.59,-43.44],[-35.99,-43.99],[-36.16,-44.23],[-36.47,-44.68],[-36.75,-45.06],[-36.98,-45.37],[-37.39,-45.87],[-37.53,-46.04],[-38.09,-46.64],[-38.13,-46.67],[-38.76,-47.29],[-38.83,-47.36],[-39.38,-47.9],[-39.95,-48.44],[-40.08,-48.54],[-40.67,-48.97],[-41.11,-49.52],[-41.29,-49.67],[-41.67,-49.98],[-42.27,-50.42],[-42.81,-50.81],[-43.43,-51.23],[-44.06,-51.64],[-44.87,-52.26],[-45.23,-52.53],[-45.79,-53.17],[-46.16,-53.59],[-46.57,-54.11],[-47.03,-54.69],[-47.25,-55.07],[-47.73,-55.86],[-48.11,-56.4],[-48.5,-56.93],[-48.73,-57.35],[-48.73,-57.35],[-50.3,-56.99],[-50.3,-56.99],[-50.24,-56.27],[-50.09,-55.79],[-49.9,-55.3],[-49.71,-54.81],[-49.29,-54.15],[-48.88,-53.48],[-48.39,-52.83],[-47.84,-52.25],[-46.89,-51.44],[-46.09,-50.86],[-45.32,-50.26],[-44.56,-49.67],[-43.87,-49.05],[-43.32,-48.55],[-42.77,-48.05],[-42.37,-47.83],[-41.53,-47.32],[-40.71,-46.8],[-40.06,-46.37],[-39.41,-45.94],[-38.8,-45.18],[-38.29,-44.41],[-37.7,-43.62],[-37.07,-42.95],[-36.64,-42.38],[-35.96,-41.61],[-35.3,-40.86],[-34.79,-40.08],[-34.64,-39.92],[-34.06,-39.51],[-33.58,-38.6],[-33.52,-37.69],[-33.36,-37.17],[-33.2,-36.64],[-32.75,-36.24],[-32.3,-35.83],[-31.26,-35.32],[-30.64,-35.12],[-30.02,-34.91],[-29.09,-34.61],[-28.24,-34.51],[-27.39,-34.39],[-26.66,-34.24],[-25.92,-34.08],[-25.2,-33.51],[-24.94,-33.05],[-24.64,-32.59],[-24.15,-31.99],[-23.99,-31.38],[-23.86,-30.86],[-23.7,-30.43],[-23.41,-29.89],[-23.25,-29.33],[-23.03,-28.97],[-22.98,-28.55],[-22.81,-28.09],[-22.57,-27.59],[-22.47,-26.98],[-22.42,-26.34],[-22.26,-25.8],[-22.33,-25.2],[-22.26,-24.7],[-22.17,-24.35],[-21.86,-23.66],[-21.76,-23.18],[-21.73,-22.74],[-21.72,-22.21],[-21.73,-21.75],[-21.79,-21.31],[-21.7,-20.95],[-21.5,-20.69],[-21.26,-20.47],[-20.78,-20.2],[-20.58,-19.97],[-21.47,-19.99],[-22.32,-19.59],[-22.83,-19.26],[-23.18,-19.44],[-23.25,-19.87],[-23.64,-19.86],[-23.99,-19.58],[-24.18,-19.17],[-24.04,-18.9],[-23.61,-18.51],[-23.19,-18.11],[-22.54,-17.9],[-22.14,-17.56],[-21.81,-17.63],[-21.44,-17.13],[-21.04,-16.86],[-20.37,-16.71],[-19.99,-16.41],[-20.04,-16.03],[-20.25,-15.84],[-20.25,-15.84],[-19.56,-15.76],[-18.87,-15.67],[-18.87,-15.67],[-18.59,-15.81],[-18.16,-16.04],[-17.73,-16.5],[-17.29,-16.96]]]}},{"type":"Feature","properties":{"ma":90,"type":"gpml:TopologicalNetwork","name":"Inactive Deforming Network","pid":201,"deforming":true},"geometry":{"type":"Polygon","coordinates":[[[-31.92,-6.82],[-31.8,-6.96],[-31.19,-7.76],[-30.79,-8.16],[-30.48,-8.47],[-29.88,-9.27],[-29.59,-9.56],[-29.17,-9.98],[-28.35,-10.55],[-28.23,-10.62],[-27.53,-11.04],[-27.47,-11.07],[-27.15,-11.41],[-26.78,-11.79],[-26.7,-11.91],[-26.2,-12.61],[-25.89,-12.86],[-25.44,-13.23],[-24.43,-13.35],[-23.92,-13.4],[-23.4,-13.44],[-23.14,-13.48],[-22.4,-13.61],[-22.28,-13.68],[-21.79,-13.92],[-21.49,-14.07],[-21.14,-14.32],[-20.66,-14.66],[-20.32,-14.94],[-19.85,-15.17],[-19.38,-15.41],[-18.87,-15.67],[-18.87,-15.67],[-19.56,-15.76],[-20.25,-15.84],[-20.25,-15.84],[-20.29,-15.81],[-20.84,-15.65],[-21.39,-15.44],[-21.75,-15.26],[-21.75,-15.26],[-21.98,-15.16],[-22.56,-14.95],[-23.32,-14.78],[-24.02,-14.75],[-24.72,-14.73],[-25.61,-14.55],[-26.5,-14.37],[-27.42,-13.97],[-28.26,-13.46],[-29.12,-12.94],[-29.94,-12.54],[-30.48,-12.28],[-31.01,-12.01],[-31.51,-11.75],[-32.01,-11.48],[-32.57,-11.21],[-33.13,-10.94],[-33.45,-10.53],[-33.77,-10.12],[-33.95,-9.61],[-34.12,-9.1],[-34.19,-8.53],[-34.26,-7.97],[-34.47,-7.45],[-34.69,-6.93],[-35.32,-6.16],[-35.8,-5.53],[-36.13,-5],[-36.47,-4.46],[-36.77,-3.77],[-36.81,-2.83],[-36.79,-2.15],[-37.01,-1.74],[-36.86,-1.14],[-36.86,-1.14],[-36.33,-1.23],[-35.85,-1.87],[-35.17,-2.2],[-34.86,-2.32],[-34.86,-2.32],[-34.86,-2.86],[-34.83,-3.42],[-34.8,-3.98],[-34.5,-4.7],[-33.86,-5.23],[-33.21,-5.76],[-32.57,-6.29],[-31.92,-6.82]]]}},{"type":"Feature","properties":{"ma":90,"type":"gpml:TopologicalNetwork","name":"Deforming Network","pid":714,"deforming":true},"geometry":{"type":"Polygon","coordinates":[[[-25.57,-7.11],[-26.05,-6.6],[-26.53,-6.09],[-26.58,-6.03],[-26.58,-6.03],[-25.95,-6.03],[-25.32,-6.03],[-24.9,-5.99],[-24.9,-5.99],[-24.7,-6.09],[-24.29,-6.8],[-23.89,-7.5],[-23.47,-8.18],[-23.05,-8.86],[-22.53,-9.45],[-22,-10.03],[-21.35,-10.39],[-20.51,-10.48],[-19.66,-10.58],[-18.85,-10.73],[-18.04,-10.88],[-17.09,-11.2],[-16.5,-11.5],[-15.91,-11.79],[-15.1,-11.81],[-14.3,-11.83],[-13.5,-11.69],[-12.7,-11.54],[-12.18,-11.47],[-11.66,-11.4],[-10.69,-11.51],[-9.72,-11.62],[-8.94,-11.86],[-8.15,-12.1],[-7.37,-12.33],[-6.82,-12.58],[-6.82,-12.58],[-7.29,-12.76],[-8.08,-13.07],[-8.08,-13.07],[-8.14,-13.06],[-8.14,-13.06],[-8.45,-12.83],[-9.07,-12.62],[-9.69,-12.41],[-10.34,-12.32],[-11.13,-12.21],[-12.03,-12.24],[-12.6,-12.25],[-13.32,-12.35],[-14.05,-12.45],[-14.4,-12.49],[-14.95,-12.55],[-15.5,-12.62],[-15.61,-12.57],[-15.89,-12.45],[-16.2,-12.31],[-16.77,-12.07],[-17.11,-11.88],[-17.58,-11.63],[-18.04,-11.39],[-18.37,-11.35],[-18.92,-11.28],[-19.47,-11.22],[-20.1,-11.19],[-20.72,-11.15],[-20.93,-11.14],[-21.64,-11.01],[-22.35,-10.87],[-22.42,-10.82],[-23.04,-10.38],[-23.51,-10.03],[-23.66,-9.8],[-24.11,-9.11],[-24.29,-8.82],[-24.53,-8.47],[-25,-7.75],[-25.08,-7.62],[-25.57,-7.11]]]}},{"type":"Feature","properties":{"ma":90,"type":"gpml:TopologicalNetwork","name":"Inactive_Southern_Central_Atlantic_Mesh","pid":714,"deforming":true},"geometry":{"type":"Polygon","coordinates":[[[-26.16,0.53],[-26.28,0.3],[-26.26,0.05],[-26.52,-0.37],[-26.65,-0.81],[-26.57,-1.61],[-26.47,-2.51],[-26.27,-3.07],[-25.77,-3.55],[-25.27,-4.03],[-24.87,-4.87],[-24.71,-5.59],[-24.4,-6.41],[-24.44,-6.54],[-24.44,-6.54],[-24.7,-6.09],[-25.11,-5.89],[-25.11,-5.89],[-25.2,-5.22],[-25.41,-4.59],[-25.71,-4.12],[-25.96,-3.72],[-26.18,-3.54],[-26.47,-3.48],[-27.01,-3.45],[-27.35,-3.45],[-27.62,-3.37],[-28.36,-3.28],[-28.88,-2.78],[-29.31,-2.24],[-29.1,-1.64],[-28.9,-1.12],[-28.38,-0.71],[-28.38,-0.71],[-28.29,-0.45],[-28.17,-0.18],[-28.09,0.06],[-27.97,0.29],[-28.02,0.53],[-27.88,0.86],[-27.73,1.16],[-27.73,1.16],[-26.92,0.9],[-26.11,0.63],[-26.16,0.53]]]}},{"type":"Feature","properties":{"ma":90,"type":"gpml:TopologicalNetwork","name":"Inactive_Mesozoic Southern South America Deformation","pid":201,"deforming":true},"geometry":{"type":"Polygon","coordinates":[[[-49.02,-56.95],[-47.76,-57.23],[-47.76,-57.23],[-47.92,-57.66],[-47.69,-57.81],[-47.42,-57.81],[-46.82,-58.05],[-45.88,-58.43],[-44.92,-58.81],[-43.9,-59.18],[-42.87,-59.54],[-42.2,-59.68],[-41.99,-59.76],[-40.78,-60.05],[-39.31,-60.24],[-37.73,-60.35],[-37.27,-60.44],[-35.66,-60.55],[-34.04,-60.65],[-33.78,-60.7],[-32.49,-60.74],[-31.12,-60.75],[-29.93,-60.77],[-28.74,-60.78],[-28.44,-60.76],[-27.39,-60.79],[-25.51,-60.8],[-25.28,-60.79],[-25.22,-60.81],[-24.51,-61.16],[-24.51,-61.16],[-25.21,-61.66],[-26.3,-62.12],[-27.42,-62.56],[-28.74,-63.24],[-28.74,-63.24],[-28.93,-63.31],[-29.13,-63.35],[-30.33,-63.45],[-31.13,-63.67],[-31.7,-63.74],[-32.1,-63.94],[-34.02,-63.95],[-35.94,-63.95],[-37.34,-63.98],[-38.75,-64],[-39,-64.01],[-39,-64.01],[-40.71,-64.47],[-41.86,-64.64],[-43.02,-64.81],[-44.85,-64.8],[-46.69,-64.77],[-48.13,-64.8],[-49.58,-64.8],[-51.09,-64.62],[-52.58,-64.42],[-54.4,-64.23],[-56.19,-64.01],[-58.36,-63.95],[-60.52,-63.85],[-61.84,-63.74],[-63.14,-63.61],[-64.32,-63.46],[-65.48,-63.3],[-66.97,-62.92],[-68.42,-62.52],[-69.71,-61.91],[-70.95,-61.29],[-72.13,-60.66],[-72.76,-60.32],[-72.76,-60.32],[-72.74,-60.14],[-72.78,-59.72],[-72.66,-59.4],[-72.59,-59.24],[-72.43,-59.01],[-72.31,-58.6],[-72.21,-58.23],[-72.17,-57.96],[-72.09,-57.64],[-72,-57.38],[-71.98,-57.22],[-71.99,-56.99],[-71.73,-56.5],[-71.46,-56.03],[-71.29,-55.75],[-70.96,-55.47],[-70.6,-55.12],[-70.17,-54.85],[-69.63,-54.49],[-69.36,-54.14],[-69.26,-53.77],[-69.09,-53.53],[-68.97,-53.16],[-68.82,-52.85],[-68.78,-52.76],[-68.73,-52.61],[-68.57,-52.24],[-68.39,-51.9],[-68.21,-51.68],[-67.98,-51.39],[-67.74,-51.06],[-67.43,-50.49],[-67.13,-50.03],[-66.87,-49.53],[-66.65,-49.14],[-66.44,-48.72],[-66.34,-48.37],[-66.2,-48.03],[-66.08,-47.65],[-65.94,-47.37],[-65.76,-47.02],[-65.48,-46.76],[-65.08,-46.21],[-65.08,-46.21],[-64.92,-45.74],[-64.68,-45.33],[-64.2,-44.66],[-63.74,-43.98],[-63.37,-43.12],[-63.02,-42.26],[-62.67,-41.39],[-62.34,-40.53],[-62.01,-39.66],[-62.01,-39.66],[-61.1,-39.98],[-60.19,-40.28],[-59.26,-40.58],[-58.15,-41.01],[-57.02,-41.44],[-56.14,-41.78],[-55.26,-42.11],[-54.3,-42.45],[-53.34,-42.77],[-52.07,-43.03],[-50.79,-43.28],[-49.76,-43.7],[-48.72,-44.1],[-47.91,-44.28],[-47.1,-44.45],[-46.05,-44.57],[-44.99,-44.69],[-44.26,-44.67],[-43.54,-44.65],[-42.67,-45.03],[-42.49,-45.55],[-41.91,-46.27],[-41.13,-46.61],[-40.54,-46.69],[-40.54,-46.69],[-40.71,-46.8],[-41.53,-47.32],[-42.37,-47.83],[-42.77,-48.05],[-43.32,-48.55],[-43.87,-49.05],[-44.56,-49.67],[-45.32,-50.26],[-46.09,-50.86],[-46.89,-51.44],[-47.84,-52.25],[-48.39,-52.83],[-48.88,-53.48],[-49.29,-54.15],[-49.71,-54.81],[-49.9,-55.3],[-50.09,-55.79],[-50.24,-56.27],[-50.27,-56.66],[-49.02,-56.95]]]}},{"type":"Feature","properties":{"ma":90,"type":"gpml:TopologicalNetwork","name":"Inactive_Mesozoic Africa Basins","pid":701,"deforming":true},"geometry":{"type":"Polygon","coordinates":[[[5.5,12.77],[6.36,12.32],[7.21,11.87],[8.07,11.42],[8.92,10.96],[9.77,10.51],[10.62,10.05],[11.46,9.59],[11.46,9.59],[11.07,9.09],[10.93,8.37],[10.79,7.65],[10.64,6.93],[10.89,6.33],[11.13,5.74],[11.51,5.34],[11.88,4.95],[11.72,4.24],[11.56,3.52],[11.39,2.81],[10.76,2.56],[10.14,2.31],[9.34,2.36],[8.61,2.07],[7.89,1.79],[6.92,1.93],[5.95,2.08],[4.95,2.05],[4.22,1.8],[3.5,1.55],[2.89,1.61],[2.29,1.66],[1.66,1.41],[1.03,1.17],[1.18,0.54],[1.33,-0.09],[1.38,-0.69],[1.42,-1.29],[1.7,-1.81],[1.45,-2.68],[1.63,-3.38],[1.81,-4.07],[1.99,-4.6],[2.16,-5.13],[2.34,-5.73],[2.52,-6.33],[2.52,-6.83],[2.53,-7.33],[2.13,-7.94],[1.52,-8.51],[1.52,-8.51],[1.69,-8.99],[1.82,-9.28],[2.58,-9.69],[2.74,-10.13],[2.66,-10.37],[2.88,-10.9],[3.31,-11.34],[3.83,-11.33],[4.25,-11.65],[4.67,-11.97],[5.04,-12.33],[5.41,-12.69],[5.96,-12.64],[6.51,-12.58],[7.43,-12.43],[8.35,-12.28],[9.18,-12.32],[10,-12.36],[10.54,-12.19],[11.08,-12.01],[11.96,-11.94],[12.84,-11.86],[13.3,-11.6],[13.76,-11.34],[14.48,-11.49],[15.36,-11.12],[15.73,-11.63],[16.28,-12.4],[16.62,-12.9],[16.97,-13.4],[17.16,-14.09],[17.35,-14.78],[17.54,-15.47],[17.93,-16.34],[18.33,-16.71],[18.73,-17.09],[19.33,-16.89],[19.75,-16.5],[19.45,-15.75],[19.07,-15.21],[18.69,-14.67],[18.8,-14.11],[18.91,-13.55],[19.19,-13.04],[19.48,-12.53],[19.8,-12.26],[20.15,-12.41],[20.4,-13.27],[20.65,-14.13],[20.79,-14.85],[20.92,-15.57],[20.9,-16.12],[20.88,-16.68],[20.57,-17.06],[20.6,-17.93],[21.12,-18.76],[21.84,-18.82],[22.56,-18.87],[23.17,-19.09],[23.89,-18.6],[24.6,-18.12],[24.75,-17.51],[24.91,-16.91],[25.45,-16.38],[25.98,-15.85],[26.39,-15.49],[26.79,-15.12],[27.55,-14.75],[28.3,-14.37],[29.06,-13.99],[29.81,-13.61],[30.8,-13.37],[31.79,-13.11],[32.78,-12.86],[33.62,-12.64],[34.45,-12.42],[35.29,-12.2],[36.1,-11.98],[36.92,-11.76],[37.73,-11.54],[38.4,-11.37],[39.07,-11.2],[39.74,-11.04],[40.51,-10.86],[41.28,-10.68],[42.05,-10.51],[42.05,-10.51],[41.87,-11.22],[41.79,-11.32],[41.79,-11.32],[41.78,-11.32],[41.03,-11.54],[40.27,-11.77],[39.51,-11.99],[38.75,-12.21],[37.93,-12.51],[37.1,-12.82],[36.28,-13.12],[35.39,-13.37],[34.5,-13.62],[33.6,-13.86],[32.7,-14.07],[31.8,-14.28],[30.89,-14.48],[30.09,-14.7],[29.28,-14.92],[28.47,-15.14],[27.96,-15.57],[27.45,-16.01],[26.83,-16.55],[26.21,-17.09],[25.61,-17.82],[25.02,-18.55],[24.42,-19.27],[23.63,-19.57],[22.84,-19.86],[21.96,-19.61],[21.09,-19.36],[20.21,-19.11],[19.53,-18.94],[18.84,-18.77],[18.16,-18.6],[17.41,-18],[16.65,-17.4],[16.53,-16.49],[16.06,-16.26],[15.59,-16.03],[15.32,-15.39],[14.64,-14.76],[13.97,-14.12],[13.3,-13.49],[12.64,-12.85],[11.77,-12.73],[10.91,-12.6],[10.13,-12.81],[9.36,-13.01],[8.58,-13.21],[7.59,-13.32],[6.6,-13.43],[5.61,-13.53],[4.92,-13.58],[4.24,-13.63],[3.4,-13.75],[2.56,-13.88],[1.94,-14.16],[1.31,-14.43],[0.52,-14.51],[-0.28,-14.57],[-1,-14.52],[-1.72,-14.47],[-2.6,-14.76],[-3.47,-15.05],[-4.35,-15.33],[-4.35,-15.33],[-4.47,-14.75],[-4.75,-14.23],[-5.03,-13.72],[-5.41,-13.38],[-5.79,-13.04],[-6.52,-12.69],[-6.81,-12.57],[-6.81,-12.57],[-6.62,-12.5],[-6.39,-12.42],[-6.39,-12.42],[-6.62,-11.73],[-6.74,-11.05],[-7.27,-10.32],[-7.74,-9.85],[-7.93,-9.11],[-8.11,-8.37],[-8.59,-7.84],[-9.07,-7.38],[-8.92,-6.97],[-8.9,-6.31],[-9.1,-5.77],[-9.16,-5.14],[-9.22,-4.51],[-9.21,-3.58],[-9.35,-2.78],[-9.98,-2.39],[-10.54,-1.99],[-10.75,-1.53],[-10.83,-1.03],[-10.9,-0.53],[-10.91,0.2],[-10.57,0.8],[-9.8,1.07],[-9.76,0.51],[-9.71,-0.06],[-9.42,-0.98],[-8.79,-1.38],[-8.1,-1.24],[-7.76,-0.67],[-7.42,-0.1],[-6.8,0.17],[-6.19,0.44],[-5.27,0.49],[-4.34,0.53],[-3.91,0.8],[-3.47,1.07],[-2.87,1.54],[-2.32,1.08],[-1.77,0.62],[-1.23,0.49],[-0.69,0.37],[-0.36,0.8],[-0.03,1.24],[0.4,1.84],[0.82,2.45],[1.14,3.35],[1.46,4.25],[1.69,5.07],[1.93,5.89],[2.16,6.61],[2.39,7.34],[2.88,7.95],[3.37,8.56],[3.93,9.11],[4.5,9.66],[4.54,10.47],[4.59,11.28],[4.61,12.25],[4.63,13.21],[5.5,12.77]]]}},{"type":"Feature","properties":{"ma":90,"type":"gpml:TopologicalNetwork","name":"Inactive_mesh_yucatan","pid":2004,"deforming":true},"geometry":{"type":"Polygon","coordinates":[[[-59.3,19.16],[-59.31,18.88],[-59.39,18.38],[-59.48,17.87],[-60.03,17.14],[-60.54,16.79],[-61.04,16.43],[-61.46,16.01],[-62.07,15.6],[-62.76,15.13],[-63.32,14.53],[-63.91,13.86],[-64.2,13.38],[-64.82,12.96],[-65.44,12.53],[-65.98,12.25],[-66.53,11.97],[-66.95,12.1],[-67.28,12.38],[-67.71,12.9],[-68.43,13.12],[-68.93,13.61],[-69.59,14.01],[-70.08,14.49],[-70.69,15.14],[-71.05,15.71],[-71.21,16.27],[-71.07,16.69],[-71.14,17],[-70.91,17.36],[-70.72,17.9],[-70.37,18.83],[-69.86,19.22],[-69.37,19.21],[-69.37,19.21],[-69.19,19.36],[-68.67,19.81],[-68.35,20.05],[-67.96,20.23],[-67.72,20.62],[-67.08,20.85],[-66.67,21.26],[-66.3,21.43],[-65.88,21.56],[-65.38,21.78],[-64.98,21.81],[-64.35,21.79],[-63.76,21.69],[-62.93,21.51],[-62.53,21.52],[-62.23,21.68],[-61.72,21.68],[-61.13,21.4],[-60.78,20.98],[-60.44,20.56],[-60.02,20.14],[-59.75,19.57],[-59.3,19.16]]]}},{"type":"Feature","properties":{"ma":90,"type":"gpml:TopologicalNetwork","name":"Inactive_Proto_Caribbean_Mesh","pid":101,"deforming":true},"geometry":{"type":"Polygon","coordinates":[[[-78.88,24.44],[-78.32,24.96],[-77.68,25.53],[-77.1,26.22],[-76.52,27],[-76.15,27.78],[-75.42,28.52],[-74.69,29.25],[-73.94,29.98],[-73.2,30.45],[-72.45,30.91],[-71.7,31.37],[-71.09,31.37],[-70.48,31.38],[-69.31,31.46],[-68.71,31.33],[-68.11,31.2],[-67.26,31.05],[-66.42,30.9],[-65.46,30.36],[-64.92,30.11],[-64.37,29.86],[-63.81,29.63],[-63.25,29.4],[-62.68,29.13],[-62.11,28.85],[-61.35,28.48],[-60.62,27.94],[-59.74,27.45],[-59.74,27.45],[-59.18,26.73],[-58.65,26.23],[-58.12,25.74],[-57.51,25.1],[-56.91,24.46],[-56.26,23.98],[-56.2,23.44],[-55.77,22.95],[-55.25,22.52],[-54.86,22.06],[-54.5,21.43],[-53.89,21],[-53.21,20.72],[-52.77,20.59],[-52.77,20.59],[-52.88,20.2],[-52.96,19.9],[-52.96,19.9],[-52.88,19.89],[-52.74,19.67],[-52.06,19.61],[-51.89,19.11],[-51.73,18.62],[-51.47,18.59],[-51.09,18.51],[-51.09,18.51],[-51.08,18.35],[-50.85,18.04],[-50.48,17.56],[-50.1,16.8],[-49.78,16.12],[-49.59,15.58],[-49.16,15.03],[-48.73,14.68],[-48.36,14.39],[-48,13.9],[-47.46,13.33],[-47.42,12.86],[-48.06,12.71],[-48.7,12.39],[-49.7,12.46],[-50.38,12.78],[-50.84,13.2],[-51.23,13.58],[-51.63,13.96],[-52.34,14.61],[-52.87,15.17],[-53.22,15.54],[-53.57,15.91],[-54.13,16.33],[-54.7,16.75],[-55.14,17.05],[-55.58,17.34],[-55.93,17.53],[-55.93,17.53],[-56.27,17.86],[-56.83,18.45],[-57.49,19.05],[-58.09,19.8],[-58.56,20.27],[-58.71,20.5],[-58.71,20.5],[-58.68,20.59],[-58.52,20.92],[-58.72,21.49],[-58.78,22.02],[-58.9,22.36],[-59.28,22.58],[-59.84,22.84],[-60.42,23.14],[-61.01,23.44],[-61.64,23.74],[-62.27,24.02],[-62.62,24.06],[-63.22,24.25],[-63.83,24.44],[-64.45,24.5],[-65.01,24.6],[-65.58,24.7],[-66.39,24.73],[-67.25,24.63],[-67.71,24.53],[-68.31,24.11],[-68.9,23.68],[-69.35,23.41],[-69.66,23.12],[-70.19,22.78],[-70.71,22.44],[-70.91,22.21],[-71.06,21.82],[-71.18,21.09],[-71.25,20.64],[-71.25,20.64],[-71.24,20.51],[-71.31,20],[-71.38,19.49],[-71.28,18.75],[-71.26,18.26],[-71.31,17.5],[-71.36,16.74],[-71.37,16.55],[-71.37,16.55],[-71.84,16.57],[-72.5,16.85],[-72.97,17.11],[-73.44,17.38],[-74.01,17.65],[-74.58,17.91],[-75.28,18.25],[-76,18.59],[-76.85,18.96],[-77.45,19.35],[-77.48,19.38],[-77.48,19.38],[-77.53,19.86],[-77.62,20.48],[-77.71,20.96],[-77.98,21.25],[-78.22,21.59],[-78.45,21.93],[-78.73,22.34],[-78.97,22.71],[-79.13,23.12],[-79.34,23.46],[-79.45,23.92],[-78.88,24.44]]]}},{"type":"Feature","properties":{"ma":90,"type":"gpml:TopologicalNetwork","name":"Inactive_aus_antarc_india_mesh","pid":501,"deforming":true},"geometry":{"type":"Polygon","coordinates":[[[44.57,-47.08],[44.93,-46.89],[45.46,-46.28],[45.97,-45.67],[46.6,-45.12],[47.22,-44.56],[48.19,-44.38],[49.15,-44.2],[50.07,-44.25],[50.99,-44.29],[52.02,-44.09],[53.05,-43.89],[53.82,-43.64],[54.58,-43.39],[55.41,-43.07],[56.23,-42.74],[57.17,-42.28],[58.09,-41.81],[58.93,-41.64],[59.78,-41.46],[60.52,-41.59],[61.26,-41.71],[62.2,-41.61],[63.13,-41.5],[63.78,-41.04],[64.43,-40.58],[65.07,-40.11],[65.89,-39.57],[66.7,-39.02],[67.55,-38.53],[68.38,-38.03],[69.43,-37.5],[70.46,-36.95],[71.34,-36.39],[72.2,-35.83],[72.08,-35.17],[71.96,-34.5],[72.24,-33.59],[72.34,-33.07],[72.45,-32.54],[72.45,-32.54],[72.95,-33.21],[73.44,-33.77],[73.81,-34.26],[74.23,-34.76],[74.66,-35.25],[74.94,-35.59],[75.59,-36.3],[76,-36.77],[76.4,-37.23],[76.28,-37.62],[75.97,-38.49],[75.65,-39.35],[74.93,-39.96],[74.2,-40.56],[73.48,-40.9],[72.75,-41.23],[72.61,-41.51],[72.01,-42.12],[71.39,-42.72],[70.3,-42.98],[69.65,-43.81],[68.38,-43.79],[67.12,-43.76],[66.44,-43.53],[65.76,-43.3],[65.38,-43.16],[64.44,-43.14],[63.5,-43.12],[62.56,-43.09],[61.77,-43.03],[61.58,-43.05],[61.26,-43.07],[61.05,-43.11],[60.87,-43.13],[60.55,-43.19],[60.3,-43.24],[60.1,-43.25],[59.8,-43.32],[59.59,-43.37],[59.3,-43.4],[59.08,-43.42],[58.86,-43.42],[58.68,-43.43],[58.26,-43.42],[57.97,-43.44],[57.72,-43.43],[57.36,-43.37],[57.07,-43.37],[56.65,-43.42],[56.48,-43.46],[56.16,-43.54],[55.84,-43.68],[55.16,-43.93],[54.83,-44.04],[54.49,-44.11],[54.13,-44.2],[53.72,-44.32],[52.93,-44.56],[52.83,-44.6],[52.26,-44.75],[51.47,-44.82],[51.29,-44.85],[50.36,-45.05],[49.86,-45.13],[49.1,-45.14],[48.4,-45.22],[47.6,-45.43],[47.19,-45.63],[46.74,-46.23],[46.5,-46.6],[46.25,-47.23],[44.92,-47.61],[44.92,-47.61],[44.57,-47.08]]]}},{"type":"Feature","properties":{"ma":90,"type":"gpml:TopologicalNetwork","name":"Inactive_Mesh","pid":702,"deforming":true},"geometry":{"type":"Polygon","coordinates":[[[30.86,-50.03],[30.92,-49.93],[30.56,-49.88],[30.35,-49.65],[30.08,-49.46],[29.88,-49.19],[29.87,-49],[29.56,-48.76],[29.61,-48.52],[29.54,-48.34],[29.62,-48.13],[29.56,-47.63],[29.29,-47.32],[29.04,-46.92],[28.92,-46.53],[29.07,-46.37],[28.99,-46.17],[29.2,-46.02],[29.21,-45.8],[29.58,-45.59],[30.22,-44.91],[30.47,-44.54],[30.37,-44.33],[30.28,-44.19],[30.44,-43.81],[30.2,-43.34],[29.96,-42.87],[29.54,-42.41],[29.16,-41.72],[29.21,-41.21],[29.7,-40.78],[30.18,-40.34],[31.16,-40.02],[31.97,-40.19],[32.35,-40.08],[32.93,-39.75],[33.41,-39.63],[34.09,-39.07],[34.76,-38.5],[34.79,-38.06],[35.1,-37.68],[35.51,-37.2],[35.74,-36.5],[35.97,-36.44],[36.13,-36.34],[36.49,-36.32],[36.61,-36.33],[36.61,-36.33],[36.77,-36.51],[37.15,-36.81],[37.63,-37],[37.53,-37.74],[37.44,-38.47],[37.34,-39.2],[37.34,-39.2],[37.03,-39.38],[36.25,-39.84],[35.45,-40.29],[34.65,-40.73],[33.64,-41.37],[32.62,-42.01],[32.4,-42.82],[32.17,-43.63],[32.01,-44.5],[31.85,-45.37],[31.96,-46.26],[32.08,-47.15],[32.22,-47.89],[32.35,-48.62],[32.73,-49.31],[33.12,-50],[32.79,-50.39],[32.79,-50.39],[32.33,-50.55],[31.22,-50.35],[30.86,-50.03]]]}},{"type":"Feature","properties":{"ma":90,"type":"gpml:TopologicalNetwork","name":"West_Antarctica_Inactive_Mesh","pid":802,"deforming":true},"geometry":{"type":"Polygon","coordinates":[[[20.11,-70.43],[21.39,-70.87],[22.73,-71.31],[24.91,-71.68],[27.18,-72.03],[27.43,-72.04],[27.43,-72.04],[27.13,-72.3],[24.8,-72.85],[22.33,-73.37],[20.22,-73.9],[17.97,-74.41],[15.74,-74.53],[13.48,-74.64],[10.52,-74.55],[7.61,-74.43],[5.18,-74.48],[2.75,-74.5],[0.4,-74.69],[-2,-74.86],[-4.4,-74.93],[-6.82,-74.97],[-9.52,-75.17],[-12.29,-75.34],[-16.07,-75.34],[-19.83,-75.27],[-23.14,-75.46],[-26.53,-75.61],[-26.53,-75.61],[-26.39,-75.1],[-26.25,-74.59],[-26.25,-74.59],[-26.24,-74.59],[-24.57,-74.43],[-21.72,-74.38],[-18.9,-74.29],[-18.32,-74.29],[-17.26,-73.83],[-16.27,-73.36],[-14.48,-72.89],[-11.73,-72.7],[-9.04,-72.47],[-7.17,-72.56],[-5.28,-72.63],[-3.67,-72.87],[-2.02,-73.09],[0.06,-73.28],[2.66,-73.43],[5.3,-73.54],[7.91,-73.7],[10.57,-73.83],[13.26,-73.92],[15.23,-73.69],[16.38,-73.04],[17.44,-72.38],[18.43,-71.72],[19.07,-71.21],[19.68,-70.69],[20.11,-70.43]]]}},{"type":"Feature","properties":{"ma":90,"type":"gpml:TopologicalNetwork","name":"Inactive_East_West_Gondwana_Mesh","pid":701,"deforming":true},"geometry":{"type":"Polygon","coordinates":[[[41.79,-11.32],[41.33,-11.87],[40.86,-12.42],[40.4,-12.96],[40.03,-13.55],[39.67,-14.14],[39.31,-14.73],[39.06,-15.21],[38.81,-15.69],[38.26,-16.34],[37.71,-16.99],[37.16,-17.64],[36.65,-18.18],[36.15,-18.72],[35.64,-19.26],[35.03,-19.81],[34.42,-20.36],[33.86,-20.94],[33.29,-21.52],[32.72,-22.1],[31.99,-22.59],[31.26,-23.08],[30.53,-23.56],[29.95,-24.12],[29.36,-24.66],[28.77,-25.21],[28.18,-25.98],[27.57,-26.75],[27.14,-27.44],[26.7,-28.14],[26.19,-28.98],[25.67,-29.83],[25.74,-30.22],[26.08,-31.04],[26.02,-31.84],[26.33,-32.44],[25.95,-33.18],[26.15,-33.86],[26.35,-34.54],[26.96,-34.89],[26.99,-35.45],[27.03,-36.01],[26.96,-36.76],[27,-37.41],[27.03,-38.06],[27.12,-38.56],[27.21,-39.05],[27.25,-39.58],[27.29,-40.1],[27.19,-40.49],[26.39,-41.12],[25.5,-41.62],[24.39,-41.92],[23.49,-42.22],[22.59,-42.52],[22.39,-43],[21.98,-43.32],[21.28,-43.75],[20.72,-44.28],[20.36,-44.71],[19.99,-45.15],[19.88,-45.67],[19.76,-46.19],[19.88,-47.16],[19.69,-47.7],[19.48,-48.23],[19.06,-48.82],[18.32,-49.29],[17.03,-49.26],[15.97,-49.33],[15.48,-50.02],[15.25,-50.58],[15.01,-51.14],[14.76,-51.69],[14.71,-51.95],[14.38,-52.27],[14.09,-52.57],[14.09,-52.57],[14.04,-52.57],[13.15,-53.04],[12.38,-52.77],[11.61,-52.49],[11.61,-52.49],[12.46,-51.71],[12.6,-51.05],[12.74,-50.39],[12.87,-49.73],[13.38,-49.01],[13.88,-48.3],[14.59,-47.51],[15.28,-46.71],[16.28,-46.08],[17.26,-45.44],[17.54,-44.81],[17.82,-44.18],[18.19,-43.53],[18.56,-42.88],[19.54,-42.35],[19.85,-41.7],[20.76,-41.03],[21.46,-40.73],[22.16,-40.42],[23.15,-39.92],[24.13,-39.42],[24.68,-38.79],[25.23,-38.16],[25.35,-37.19],[25.21,-36.34],[25.08,-35.49],[24.77,-34.76],[24.46,-34.03],[24.31,-33.29],[24.16,-32.56],[23.97,-31.78],[23.78,-30.99],[23.92,-30.26],[24.06,-29.53],[24.24,-29.02],[24.42,-28.51],[24.82,-27.91],[25.22,-27.32],[25.74,-26.7],[26.25,-26.07],[26.43,-25.34],[26.61,-24.61],[26.79,-23.88],[27.15,-23.17],[27.52,-22.46],[27.88,-21.75],[27.91,-20.93],[27.94,-20.1],[28.01,-19.22],[28.07,-18.35],[28.5,-17.8],[28.93,-17.25],[29.59,-16.66],[30.24,-16.07],[31.01,-15.74],[31.78,-15.41],[32.47,-15.15],[33.15,-14.88],[33.88,-14.52],[34.6,-14.16],[34.99,-13.77],[35.37,-13.37],[35.37,-13.37],[36.28,-13.12],[37.1,-12.82],[37.93,-12.51],[38.75,-12.21],[39.51,-11.99],[40.27,-11.77],[41.03,-11.54],[41.78,-11.32],[41.79,-11.32]]]}},{"type":"Feature","properties":{"ma":90,"type":"gpml:TopologicalNetwork","name":"Inactive_Greater_India_Network","pid":501,"deforming":true},"geometry":{"type":"Polygon","coordinates":[[[42.79,-27.19],[42.84,-27.03],[43.02,-26.31],[43.2,-25.59],[43.38,-24.83],[43.55,-24.06],[43.73,-23.3],[44.29,-22.65],[44.84,-21.99],[45.34,-21.54],[45.84,-21.08],[46.49,-20.32],[46.99,-19.62],[47.55,-19.02],[47.55,-19.02],[48.56,-19.08],[49.58,-19.12],[50.29,-19.39],[51,-19.64],[51.55,-19.71],[52.09,-19.77],[52.82,-20.1],[53.54,-20.43],[54.27,-20.75],[55.04,-21.05],[55.81,-21.34],[56.71,-21.69],[57.56,-22.11],[58.41,-22.53],[59.06,-22.76],[59.72,-22.99],[60.68,-23.43],[61.65,-23.86],[62.52,-24.35],[63.37,-24.71],[63.87,-24.97],[64.37,-25.23],[64.93,-25.66],[65.49,-26.08],[66.34,-26.59],[66.97,-26.89],[67.46,-27.34],[67.95,-27.79],[68.8,-28.42],[69.35,-29.07],[69.91,-29.72],[70.62,-30.37],[71.03,-31.15],[71.55,-31.67],[71.98,-32.02],[72.46,-32.46],[72.46,-32.46],[72.35,-33.03],[72.24,-33.59],[71.96,-34.5],[72.08,-35.17],[72.2,-35.83],[71.34,-36.39],[70.46,-36.95],[70.4,-36.99],[70.4,-36.99],[70.02,-36.93],[69.28,-37.13],[68.51,-37.47],[67.75,-37.77],[67.38,-37.72],[66.33,-37.64],[65.75,-37.58],[65.17,-37.51],[64.13,-37.41],[63.49,-37.39],[63.01,-37.12],[61.92,-37.04],[61.31,-36.89],[60.79,-36.65],[60.24,-36.89],[59.9,-36.74],[59.78,-36.34],[59.15,-36.1],[58.19,-35.7],[57.73,-35.43],[57.29,-35.15],[56.67,-34.66],[56.05,-34.16],[55.33,-33.66],[55.19,-33.21],[54.79,-32.88],[54.54,-32.66],[54.14,-32.46],[53.7,-32.03],[53.57,-31.67],[53.21,-31.3],[53.06,-30.87],[52.82,-30.41],[52.34,-30.02],[52.11,-29.46],[51.65,-28.73],[51.9,-28.22],[51.75,-27.38],[51.24,-26.83],[50.91,-26.1],[50.71,-25.43],[50.53,-24.77],[49.68,-25.11],[49.02,-25.38],[48.37,-25.65],[47.67,-25.88],[47.25,-26.22],[46.83,-26.56],[45.96,-26.79],[45.19,-26.93],[44.42,-27.06],[43.65,-27.12],[42.88,-27.18],[42.79,-27.19]]]}},{"type":"Feature","properties":{"ma":90,"type":"gpml:TopologicalNetwork","name":"Inactive_Central_Atlantic_Mesh","pid":714,"deforming":true},"geometry":{"type":"Polygon","coordinates":[[[-7.3,16.93],[-7.7,16.64],[-8.32,16.2],[-8.86,15.8],[-9.3,15.48],[-9.71,15.18],[-10.2,14.82],[-10.74,14.41],[-11.32,14.42],[-11.93,14.34],[-12.32,14.41],[-12.69,14.47],[-13.23,14.49],[-13.75,14.62],[-14.4,14.59],[-14.81,14.39],[-15.37,13.94],[-16.13,13.58],[-16.78,13.21],[-17.22,12.77],[-17.99,12.22],[-18.31,11.77],[-18.93,11.15],[-19.53,10.62],[-20.09,10.53],[-20.27,10.57],[-20.77,10.42],[-21.69,10.15],[-22.59,10.01],[-22.69,9.88],[-23.07,9.52],[-23.45,9.17],[-23.63,8.64],[-23.82,8.11],[-23.92,7.61],[-24.01,7.11],[-24.03,6.46],[-24.17,5.84],[-24.36,5.19],[-24.49,4.93],[-24.65,4.62],[-24.63,4.17],[-24.55,3.73],[-24.36,2.97],[-24.43,2.49],[-24.51,2.08],[-24.73,1.78],[-24.82,1.45],[-24.87,1.17],[-24.95,0.76],[-25.38,0.64],[-25.73,0.52],[-25.73,0.52],[-25.88,0.56],[-26.8,0.86],[-27.73,1.16],[-27.73,1.16],[-27.69,1.24],[-27.42,1.64],[-27.34,2.16],[-27.1,2.41],[-26.66,2.95],[-26.16,3.71],[-25.84,4.37],[-25.69,4.9],[-25.55,5.43],[-25.36,6.03],[-25.18,6.8],[-24.99,7.21],[-24.82,7.68],[-24.7,8.21],[-24.58,8.74],[-24.42,9.42],[-23.98,10.02],[-23.64,10.23],[-23.21,10.49],[-23.21,10.49],[-22.71,10.94],[-22.47,11.25],[-22.16,11.42],[-21.64,11.7],[-21.34,11.81],[-20.76,12.2],[-20.45,12.31],[-19.97,12.56],[-19.67,12.74],[-19.41,12.97],[-19.19,13.27],[-18.77,13.81],[-18.36,14.26],[-17.87,14.43],[-17.5,14.56],[-17.09,14.68],[-16.74,14.7],[-16.41,14.86],[-16.15,14.84],[-15.9,14.85],[-15.82,14.94],[-15.57,15.15],[-15.26,15.58],[-14.97,15.9],[-14.81,16.13],[-14.5,16.58],[-14.28,16.76],[-13.92,17.12],[-13.48,17.61],[-13.18,17.98],[-12.85,18.36],[-12.48,18.55],[-12.28,18.68],[-12.28,18.68],[-12.18,18.65],[-11.62,18.49],[-11.06,18.32],[-10.39,17.97],[-9.44,17.69],[-8.73,17.44],[-8.01,17.19],[-7.3,16.93]]]}},{"type":"Feature","properties":{"ma":90,"type":"gpml:TopologicalNetwork","name":"Inactive_Test","pid":101,"deforming":true},"geometry":{"type":"Polygon","coordinates":[[[-180,83.39],[-180,84.34],[-180,85.28],[-180,86.23],[-180,87.17],[-180,88.11],[-180,89.06],[-180,90],[180,90],[180,89.06],[180,88.11],[180,87.17],[180,86.23],[180,85.28],[180,84.34],[180,83.39],[180,82.45],[176,82.4],[169.2,82.82],[163.01,83.03],[159.18,83.09],[154.89,82.98],[147.39,83.15],[141.32,83.11],[135.39,82.99],[135.38,82.99],[135.38,82.99],[135.36,82.99],[127.66,83.16],[119.71,83.21],[114.94,83.22],[110.18,83.19],[104.12,83.2],[98.11,83.13],[92.27,83],[89.14,82.6],[86.34,82.18],[85.41,81.68],[84.59,81.19],[83.88,80.61],[83.25,80.02],[79.63,79.79],[76.2,79.52],[72.94,79.21],[68.93,78.82],[65.19,78.38],[65.19,78.38],[63.7,78.53],[58.83,78.63],[53.91,78.65],[49.01,78.59],[44.2,78.45],[39.53,78.23],[36.57,77.72],[33.86,77.18],[30.41,76.82],[27.15,76.42],[24.09,75.97],[21.22,75.49],[18.53,74.98],[18.17,74.95],[18.17,74.95],[16.23,74.34],[14.43,73.72],[12.59,73.16],[10.86,72.58],[9.23,71.99],[7.41,71.26],[5.72,70.51],[4.37,69.89],[3.1,69.27],[2.08,68.73],[1.11,68.19],[0.25,67.72],[-0.58,67.25],[-2.34,67.71],[-4.18,68.14],[-6.08,68.56],[-8.05,68.95],[-10.51,69.24],[-13.03,69.49],[-15.07,69.88],[-17.19,70.25],[-18.9,70.66],[-20.68,71.05],[-22.53,71.43],[-24.53,71.89],[-26.62,72.32],[-28.82,72.74],[-31.25,72.88],[-33.73,73],[-36.66,72.92],[-39.55,72.81],[-39.55,72.81],[-39.61,73.78],[-39.68,74.76],[-39.76,75.73],[-39.76,75.73],[-40.81,75.71],[-42.82,75.65],[-44.8,75.57],[-47,75.47],[-49.15,75.34],[-50.89,74.88],[-52.38,74.48],[-53.79,74.08],[-53.84,74.06],[-53.84,74.06],[-54.72,74.54],[-55.91,74.47],[-55.91,74.47],[-56.19,75.02],[-56.5,75.57],[-55.95,76.1],[-55.48,76.51],[-55.17,76.76],[-54.62,77.17],[-54.02,77.58],[-51.52,78.05],[-48.41,78.17],[-46.31,78.55],[-42.61,78.66],[-40.38,78.96],[-37.39,79.05],[-34.36,79.11],[-33.37,79.16],[-33.37,79.16],[-32.21,78.77],[-30.41,78.07],[-28.82,77.37],[-28.1,76.74],[-27.45,76.12],[-28.07,75.59],[-28.07,75.59],[-29.47,75.7],[-31.49,75.74],[-33.52,75.77],[-35.64,75.78],[-37.76,75.77],[-39.76,75.73],[-39.76,75.73],[-39.68,74.76],[-39.61,73.78],[-39.55,72.81],[-39.55,72.81],[-40.11,72.78],[-42.09,72.66],[-44.05,72.51],[-45.77,72.4],[-47.47,72.28],[-49.09,72.14],[-50.68,71.98],[-52.57,71.9],[-53.51,71.89],[-54.5,72.05],[-56.69,72.45],[-58.37,72.72],[-59.06,72.83],[-60.2,73.04],[-60.3,73.05],[-60.3,73.05],[-61.72,73.47],[-62.42,73.82],[-62.3,74.27],[-62.28,74.42],[-62.76,74.99],[-62.51,75.85],[-62.66,76.1],[-63.1,76.92],[-63.12,77.19],[-62.64,77.63],[-62.58,78.27],[-62.52,78.91],[-63.02,79.87],[-62.32,80.32],[-61.56,80.68],[-59.49,81.26],[-57.97,81.52],[-56.71,81.9],[-55.2,82.29],[-52.69,82.63],[-49.5,83.01],[-46.57,83.3],[-45.84,83.37],[-45.84,83.37],[-47.23,83.8],[-50.28,84.5],[-54.52,85.16],[-60.04,85.78],[-60.09,85.78],[-60.09,85.78],[-64.2,85.12],[-70.27,84.61],[-75.24,84.04],[-79.32,83.44],[-84.68,82.77],[-89.1,82.04],[-92.74,81.7],[-96.92,81.77],[-101.15,81.79],[-104.95,81.98],[-108.91,82.13],[-114.26,82.21],[-119.68,82.23],[-123.6,82.28],[-127.54,82.29],[-127.54,82.29],[-132.24,82.66],[-137.41,82.98],[-143.02,83.24],[-147.28,83.35],[-151.66,83.42],[-151.66,83.42],[-155.03,83.1],[-162.16,82.81],[-168.65,82.42],[-168.65,82.42],[-169.04,82.43],[-173.99,82.45],[-180,82.45],[-180,83.39]]]}},{"type":"Feature","properties":{"ma":90,"type":"gpml:TopologicalSlabBoundary","name":"Laramide flat slab","pid":101,"deforming":false},"geometry":{"type":"Polygon","coordinates":[[[-83.45,32.52],[-83.57,32.93],[-83.74,33.41],[-83.92,33.89],[-84.34,34.67],[-84.5,35.58],[-84.62,36.13],[-84.75,36.69],[-84.74,37.43],[-84.88,37.96],[-85.02,38.48],[-85.15,39.07],[-85.24,40.02],[-85.47,40.8],[-85.97,41.58],[-86.03,42.15],[-86.15,42.85],[-86.2,43.35],[-86.25,43.86],[-86.3,44.36],[-86.36,44.87],[-86.45,45.69],[-86.29,46.16],[-86.32,46.32],[-86.32,46.32],[-85.86,46.32],[-84.82,46.37],[-83.77,46.41],[-82.52,46.47],[-81.22,46.44],[-80.48,46.42],[-80.48,46.42],[-80.41,45.62],[-80.35,44.83],[-80.29,44.04],[-80,43.18],[-79.88,42.44],[-79.77,41.69],[-79.72,41.04],[-79.67,40.4],[-79.57,39.86],[-79.48,39.32],[-79.28,38.8],[-79.08,38.27],[-78.97,37.53],[-78.83,36.63],[-78.69,35.72],[-78.47,35.15],[-78.25,34.58],[-78.23,33.86],[-78.22,33.38],[-78.15,33.18],[-78.15,33.18],[-78.97,33.12],[-79.78,33.05],[-80.68,32.93],[-81.57,32.79],[-82.51,32.66],[-83.45,32.52]]]}},{"type":"Feature","properties":{"ma":90,"type":"gpml:TopologicalNetwork","name":"Rockall_DFM","pid":101,"deforming":true},"geometry":{"type":"Polygon","coordinates":[[[-9.71,32.06],[-9.33,32],[-8.96,31.91],[-8.54,31.82],[-8.19,31.69],[-7.74,31.53],[-7.25,31.23],[-7,31],[-6.46,30.76],[-5.97,30.29],[-5.51,29.85],[-5.31,29.52],[-5.13,29.13],[-4.87,28.81],[-4.66,28.47],[-4.47,27.85],[-4.47,27.85],[-4.56,27.87],[-4.56,27.87],[-5.24,27.32],[-5.24,27.32],[-5.41,27.33],[-6.14,27.39],[-6.44,27.41],[-6.8,27.43],[-7.01,27.43],[-7.25,27.44],[-7.25,27.44],[-7.35,28.2],[-7.49,28.57],[-7.58,28.78],[-7.69,28.88],[-7.69,28.88],[-7.69,28.87],[-8.15,28.91],[-8.15,28.91],[-8.15,28.91],[-8.06,29.05],[-8.03,29.22],[-7.99,29.38],[-8.03,29.55],[-8.08,29.78],[-8.25,29.99],[-8.83,30.24],[-9.56,30.55],[-10.34,30.64],[-10.89,30.97],[-11.54,31.19],[-12.3,31.3],[-12.93,31.76],[-13.39,31.6],[-13.78,31.74],[-14.03,32.01],[-14.24,32.46],[-14.51,32.92],[-14.63,33.25],[-14.85,33.44],[-14.85,33.44],[-15.49,33.09],[-15.58,33.04],[-15.73,33.01],[-16.08,32.91],[-16.46,32.78],[-16.55,32.77],[-16.55,32.77],[-16.56,32.81],[-16.67,33.07],[-16.93,33.6],[-17.16,34.06],[-17.47,34.47],[-17.78,34.86],[-18.02,35.17],[-18.21,35.4],[-18.52,35.61],[-18.61,35.67],[-18.74,35.75],[-19,35.91],[-19.15,36],[-19.47,36.14],[-19.69,36.24],[-19.96,36.39],[-20.4,36.49],[-20.93,36.64],[-21.17,36.73],[-21.17,36.73],[-21.72,37.4],[-22.3,38.01],[-22.9,38.46],[-23.67,38.95],[-24.03,39.37],[-24.33,39.79],[-24.67,40.13],[-24.97,40.52],[-25.28,40.85],[-25.59,41.27],[-25.76,41.58],[-26.04,41.92],[-26.41,42.65],[-26.57,43.43],[-26.7,44.04],[-26.78,44.37],[-26.86,44.77],[-27.03,45.27],[-27.19,45.91],[-27.25,46.4],[-27.43,46.63],[-27.67,46.91],[-27.8,47.27],[-27.93,47.91],[-27.82,48.54],[-27.69,49.04],[-27.26,49.5],[-27.07,49.94],[-26.61,50.59],[-26.25,51.06],[-26,51.45],[-25.52,51.77],[-25.15,52.03],[-24.64,52.54],[-24.33,53.03],[-23.96,53.39],[-23.59,53.75],[-23.5,54.35],[-23.49,54.72],[-23.71,55.01],[-23.83,55.3],[-23.82,55.65],[-23.61,55.98],[-23.46,56.39],[-23.31,56.85],[-23.36,57.28],[-23.41,57.76],[-23.56,58.19],[-23.66,58.61],[-24.14,59.11],[-24.41,59.54],[-24.58,60.15],[-24.82,60.46],[-24.74,60.88],[-24.77,61.43],[-24.61,61.71],[-23.99,62.05],[-23.11,62.36],[-22.3,62.53],[-21.34,62.65],[-20.79,62.79],[-20.43,62.89],[-19.82,62.99],[-19.51,63.09],[-19.51,63.09],[-18.14,62.51],[-16.83,61.93],[-16.25,61.49],[-15.68,61.05],[-15.61,60.67],[-15.77,60.3],[-15.92,59.92],[-16.21,59.63],[-16.62,59.19],[-16.77,58.73],[-16.49,58.32],[-16.5,57.73],[-16.41,57.05],[-16.48,56.28],[-16.62,55.66],[-16.86,55.03],[-17.41,54.45],[-17.9,53.87],[-18.11,53.28],[-18.15,52.56],[-18.47,52.14],[-18.66,51.74],[-18.85,51.1],[-19.04,50.3],[-19.43,49.87],[-19.69,49.23],[-19.98,48.7],[-20.35,48.08],[-20.87,47.75],[-21.19,47.32],[-21.57,46.64],[-21.91,46.13],[-22.05,45.45],[-22.12,44.94],[-21.95,44.1],[-21.61,43.54],[-21.31,42.86],[-20.87,42.35],[-20.69,41.86],[-20.73,41.51],[-20.57,41.2],[-20.52,40.69],[-20.33,40.12],[-20.03,39.6],[-19.73,39.06],[-19.32,38.45],[-19.09,38.11],[-19.09,38.11],[-18.72,37.84],[-18.19,37.45],[-17.87,37.21],[-17.5,36.93],[-17.16,36.73],[-16.88,36.56],[-16.55,36.29],[-16.1,36.05],[-15.65,35.76],[-15.27,35.57],[-14.99,35.42],[-14.66,35.28],[-14.28,35.06],[-14.06,34.91],[-13.82,34.76],[-13.41,34.54],[-13.11,34.29],[-12.71,34.04],[-12.55,33.7],[-12.13,33.18],[-11.67,33.02],[-11.3,32.94],[-10.94,32.81],[-10.74,32.66],[-10.59,32.44],[-10.1,32.15],[-9.71,32.06]]]}},{"type":"Feature","properties":{"ma":90,"type":"gpml:TopologicalNetwork","name":"WEC","pid":601,"deforming":true},"geometry":{"type":"Polygon","coordinates":[[[120.07,38.8],[118.96,39.15],[117.85,39.49],[116.72,39.82],[115.58,40.13],[114.44,40.44],[113.28,40.73],[112.11,41.02],[110.93,41.29],[110.06,40.96],[109.2,40.63],[108.31,40.51],[107.43,40.38],[106.54,40.25],[106.39,39.76],[106.24,39.27],[105.38,39.36],[104.51,39.45],[103.64,39.52],[102.65,39.77],[101.66,40.02],[100.66,40.25],[99.52,40.35],[98.38,40.44],[97.09,40.29],[95.81,40.13],[94.6,39.91],[93.41,39.68],[92.75,39.64],[92.75,39.64],[92.61,40.23],[92.17,40.7],[91.73,41.16],[90.96,41.82],[90.49,42.35],[90.01,42.89],[89.58,43.67],[89.54,44.55],[89.68,45.26],[89.89,46.1],[90.14,46.99],[90.34,47.65],[90.7,48.59],[91.19,49.1],[91.69,49.61],[92.22,50.32],[92.78,51.03],[93.27,51.64],[93.78,52.24],[94.31,52.84],[94.88,53.44],[95.47,54.04],[96.07,54.64],[96.64,55.37],[97.24,56.11],[97.71,56.79],[98.21,57.46],[98.61,58.01],[99.02,58.55],[99.37,58.88],[99.37,58.88],[100.39,59.02],[101.76,59.2],[103.14,59.36],[105.03,59.56],[106.93,59.73],[108.05,59.81],[109.17,59.89],[110.75,59.98],[112.35,60.05],[113.54,60.09],[114.73,60.12],[116.03,60.15],[117.32,60.15],[118.84,60.15],[120.36,60.12],[121.78,60.08],[123.2,60.03],[124.62,59.96],[126.31,59.86],[127.98,59.74],[129.89,59.57],[131.78,59.37],[131.78,59.37],[131.68,59.18],[131.23,58.34],[130.8,57.51],[130.41,56.78],[130.03,56.05],[129.59,55.25],[129.18,54.45],[128.7,53.75],[128.25,53.05],[127.76,52.2],[127.29,51.34],[126.9,50.65],[126.52,49.95],[126.2,49.38],[125.89,48.8],[125.54,48.17],[125.21,47.54],[124.79,46.76],[124.37,45.99],[123.88,45.1],[123.4,44.2],[122.86,43.39],[122.34,42.57],[121.98,41.93],[121.62,41.3],[121.27,40.66],[120.87,40.05],[120.47,39.44],[120.08,38.83],[120.07,38.8]]]}},{"type":"Feature","properties":{"ma":90,"type":"gpml:TopologicalClosedPlateBoundary","name":"Africa Basins temporary rigid block","pid":701,"deforming":false},"geometry":{"type":"Polygon","coordinates":[[[5.5,12.77],[6.36,12.32],[7.21,11.87],[8.07,11.42],[8.92,10.96],[9.77,10.51],[10.62,10.05],[11.46,9.59],[11.46,9.59],[11.07,9.09],[10.93,8.37],[10.79,7.65],[10.64,6.93],[10.89,6.33],[11.13,5.74],[11.51,5.34],[11.88,4.95],[11.72,4.24],[11.56,3.52],[11.39,2.81],[10.76,2.56],[10.14,2.31],[9.34,2.36],[8.61,2.07],[7.89,1.79],[6.92,1.93],[5.95,2.08],[4.95,2.05],[4.22,1.8],[3.5,1.55],[2.89,1.61],[2.29,1.66],[1.66,1.41],[1.03,1.17],[1.18,0.54],[1.33,-0.09],[1.38,-0.69],[1.42,-1.29],[1.7,-1.81],[1.45,-2.68],[1.63,-3.38],[1.81,-4.07],[1.99,-4.6],[2.16,-5.13],[2.34,-5.73],[2.52,-6.33],[2.52,-6.83],[2.53,-7.33],[2.13,-7.94],[1.52,-8.51],[1.52,-8.51],[1.69,-8.99],[1.82,-9.28],[2.58,-9.69],[2.74,-10.13],[2.66,-10.37],[2.88,-10.9],[3.31,-11.34],[3.83,-11.33],[4.25,-11.65],[4.67,-11.97],[5.04,-12.33],[5.41,-12.69],[5.96,-12.64],[6.51,-12.58],[7.43,-12.43],[8.35,-12.28],[9.18,-12.32],[10,-12.36],[10.54,-12.19],[11.08,-12.01],[11.96,-11.94],[12.84,-11.86],[13.3,-11.6],[13.76,-11.34],[14.48,-11.49],[15.36,-11.12],[15.73,-11.63],[16.28,-12.4],[16.62,-12.9],[16.97,-13.4],[17.16,-14.09],[17.35,-14.78],[17.54,-15.47],[17.93,-16.34],[18.33,-16.71],[18.73,-17.09],[19.33,-16.89],[19.75,-16.5],[19.45,-15.75],[19.07,-15.21],[18.69,-14.67],[18.8,-14.11],[18.91,-13.55],[19.19,-13.04],[19.48,-12.53],[19.8,-12.26],[20.15,-12.41],[20.4,-13.27],[20.65,-14.13],[20.79,-14.85],[20.92,-15.57],[20.9,-16.12],[20.88,-16.68],[20.57,-17.06],[20.6,-17.93],[21.12,-18.76],[21.84,-18.82],[22.56,-18.87],[23.17,-19.09],[23.89,-18.6],[24.6,-18.12],[24.75,-17.51],[24.91,-16.91],[25.45,-16.38],[25.98,-15.85],[26.39,-15.49],[26.79,-15.12],[27.55,-14.75],[28.3,-14.37],[29.06,-13.99],[29.81,-13.61],[30.8,-13.37],[31.79,-13.11],[32.78,-12.86],[33.62,-12.64],[34.45,-12.42],[35.29,-12.2],[36.1,-11.98],[36.92,-11.76],[37.73,-11.54],[38.4,-11.37],[39.07,-11.2],[39.74,-11.04],[40.68,-10.82],[41.61,-10.61],[42.55,-10.39],[43.48,-10.17],[43.48,-10.17],[43.01,-10.93],[43.01,-10.93],[42.39,-11.13],[41.78,-11.32],[41.03,-11.54],[40.27,-11.77],[39.51,-11.99],[38.75,-12.21],[37.93,-12.51],[37.1,-12.82],[36.28,-13.12],[35.39,-13.37],[34.5,-13.62],[33.6,-13.86],[32.7,-14.07],[31.8,-14.28],[30.89,-14.48],[30.09,-14.7],[29.28,-14.92],[28.47,-15.14],[27.96,-15.57],[27.45,-16.01],[26.83,-16.55],[26.21,-17.09],[25.61,-17.82],[25.02,-18.55],[24.42,-19.27],[23.63,-19.57],[22.84,-19.86],[21.96,-19.61],[21.09,-19.36],[20.21,-19.11],[19.53,-18.94],[18.84,-18.77],[18.16,-18.6],[17.41,-18],[16.65,-17.4],[16.53,-16.49],[16.06,-16.26],[15.59,-16.03],[15.32,-15.39],[14.64,-14.76],[13.97,-14.12],[13.3,-13.49],[12.64,-12.85],[11.77,-12.73],[10.91,-12.6],[10.13,-12.81],[9.36,-13.01],[8.58,-13.21],[7.59,-13.32],[6.6,-13.43],[5.61,-13.53],[4.92,-13.58],[4.24,-13.63],[3.4,-13.75],[2.56,-13.88],[1.94,-14.16],[1.31,-14.43],[0.52,-14.51],[-0.28,-14.57],[-1,-14.52],[-1.72,-14.47],[-2.6,-14.76],[-3.47,-15.05],[-4.35,-15.33],[-4.35,-15.33],[-4.47,-14.75],[-4.75,-14.23],[-5.03,-13.72],[-5.41,-13.38],[-5.79,-13.04],[-6.52,-12.69],[-7,-12.5],[-7,-12.5],[-6.82,-12.58],[-6.82,-12.58],[-6.62,-12.5],[-6.39,-12.42],[-6.39,-12.42],[-6.62,-11.73],[-6.74,-11.05],[-7.27,-10.32],[-7.74,-9.85],[-7.93,-9.11],[-8.11,-8.37],[-8.59,-7.84],[-9.07,-7.38],[-8.92,-6.97],[-8.9,-6.31],[-9.1,-5.77],[-9.16,-5.14],[-9.22,-4.51],[-9.21,-3.58],[-9.35,-2.78],[-9.98,-2.39],[-10.54,-1.99],[-10.75,-1.53],[-10.83,-1.03],[-10.9,-0.53],[-10.91,0.2],[-10.57,0.8],[-9.8,1.07],[-9.76,0.51],[-9.71,-0.06],[-9.42,-0.98],[-8.79,-1.38],[-8.1,-1.24],[-7.76,-0.67],[-7.42,-0.1],[-6.8,0.17],[-6.19,0.44],[-5.27,0.49],[-4.34,0.53],[-3.91,0.8],[-3.47,1.07],[-2.87,1.54],[-2.32,1.08],[-1.77,0.62],[-1.23,0.49],[-0.69,0.37],[-0.36,0.8],[-0.03,1.24],[0.4,1.84],[0.82,2.45],[1.14,3.35],[1.46,4.25],[1.69,5.07],[1.93,5.89],[2.16,6.61],[2.39,7.34],[2.88,7.95],[3.37,8.56],[3.93,9.11],[4.5,9.66],[4.54,10.47],[4.59,11.28],[4.61,12.25],[4.63,13.21],[5.5,12.77]]]}},{"type":"Feature","properties":{"ma":90,"type":"gpml:TopologicalNetwork","name":"WAR_Mesh","pid":804,"deforming":true},"geometry":{"type":"MultiPolygon","coordinates":[[[[180,-67.05],[180,-68.03],[180,-69.01],[180,-69.99],[180,-70.97],[180,-71.95],[180,-72.93],[180,-73.91],[180,-74.89],[180,-75.87],[180,-76.85],[180,-77.83],[180,-78.8],[180,-79.78],[180,-80.76],[177.26,-80.62],[172.44,-80.2],[168.04,-79.72],[168.04,-79.72],[167.2,-79.66],[165.22,-79.31],[163.35,-78.95],[160.88,-78.4],[158.63,-77.83],[156.99,-77.11],[155.52,-76.38],[155.32,-75.72],[155.14,-75.06],[155.14,-75.06],[155.22,-75.05],[155.25,-74.93],[155.27,-74.81],[155.3,-74.7],[155.55,-74.35],[155.93,-74.09],[155.92,-73.67],[155.74,-73.31],[155.7,-73.07],[155.57,-72.95],[155.6,-73.09],[155.07,-72.41],[154.58,-71.72],[155.27,-71.05],[155.91,-70.38],[156.71,-69.78],[157.46,-69.19],[158.52,-68.59],[159.53,-68],[159.74,-68.34],[160.62,-69.11],[162.31,-69.78],[163.67,-70.31],[165.11,-70.82],[166.38,-71.24],[167.72,-71.66],[167.72,-71.66],[169.13,-71.04],[170.46,-70.41],[171.7,-69.77],[172.87,-69.12],[172.87,-69.12],[171.22,-68.79],[171,-68.75],[171,-68.75],[171.66,-68.44],[171.66,-68.44],[171.66,-68.44],[171.66,-68.44],[171.83,-68.36],[173.37,-67.87],[174.84,-67.36],[176.96,-66.86],[178.99,-66.33],[180,-66.07],[180,-67.05]]],[[[-180,-79.78],[-180,-78.8],[-180,-77.83],[-180,-76.85],[-180,-75.87],[-180,-74.89],[-180,-73.91],[-180,-72.93],[-180,-71.95],[-180,-70.97],[-180,-69.99],[-180,-69.01],[-180,-68.03],[-180,-67.05],[-180,-66.07],[-178.18,-65.57],[-176.43,-65.05],[-175.27,-64.51],[-175.24,-64.36],[-175.24,-64.36],[-173.89,-64.38],[-171.89,-64.39],[-170.01,-64.37],[-168.76,-64.37],[-167.5,-64.36],[-166.93,-64.36],[-166.11,-64.34],[-165.2,-64.32],[-164.08,-64.28],[-162.49,-64.35],[-160.9,-64.41],[-159.85,-64.13],[-158.81,-63.85],[-157.5,-63.96],[-156.17,-64.06],[-154.67,-64.42],[-153.12,-64.77],[-151.21,-65.15],[-149.25,-65.51],[-147.41,-65.81],[-145.54,-66.09],[-143.62,-66.34],[-141.66,-66.58],[-140,-66.83],[-138.3,-67.07],[-136.57,-67.28],[-136.2,-67.98],[-135.81,-68.68],[-135.39,-69.38],[-133.73,-69.53],[-132.04,-69.65],[-130.31,-69.59],[-128.44,-69.59],[-126.57,-69.56],[-124.27,-69.74],[-121.92,-69.89],[-120.05,-69.82],[-118.19,-69.72],[-118.19,-69.72],[-116.27,-70.42],[-114.22,-71.09],[-112.03,-71.73],[-111.82,-72.3],[-111.82,-72.3],[-111.9,-72.41],[-112.69,-73.15],[-113.98,-74.07],[-114.97,-74.52],[-116.02,-74.96],[-118.19,-75.79],[-120.07,-76.29],[-122.09,-76.78],[-123.86,-77.28],[-125.78,-77.77],[-127.71,-78.23],[-129.79,-78.68],[-133.27,-79.23],[-136.23,-79.66],[-139.44,-80.07],[-142.14,-80.27],[-144.94,-80.45],[-148.32,-80.55],[-151.76,-80.61],[-157.31,-80.57],[-157.31,-80.57],[-158.32,-80.76],[-160.01,-81.08],[-160.43,-81.14],[-160.43,-81.14],[-166.82,-81.13],[-173.13,-81.01],[-176.61,-80.91],[-180,-80.76],[-180,-79.78]]]]}},{"type":"Feature","properties":{"ma":90,"type":"gpml:TopologicalClosedPlateBoundary","name":"Australia","pid":801,"deforming":false},"geometry":{"type":"Polygon","coordinates":[[[153.55,-34.42],[152.82,-35.04],[152.07,-35.66],[151.32,-36.26],[150.55,-36.87],[149.74,-37.28],[148.91,-37.69],[148.08,-38.1],[148.08,-38.1],[148.63,-38.65],[149.25,-39.35],[149.79,-39.96],[150.63,-40.52],[151.48,-41.02],[151.85,-41.44],[152.09,-42.29],[152.26,-42.93],[151.85,-43.69],[152.23,-44.38],[152.82,-45.26],[153.01,-46.19],[153.51,-46.71],[153.75,-47.36],[154.22,-47.83],[154.29,-48.4],[154.15,-48.96],[153.99,-49.51],[154.16,-50.16],[154.54,-50.97],[154.36,-51.82],[154.16,-52.49],[154.08,-53.44],[154.09,-53.74],[154.06,-54.16],[153.72,-54.96],[153.93,-55.59],[154.12,-56.21],[154.59,-56.78],[154.97,-57.14],[154.97,-57.14],[154.64,-57.28],[153.42,-57.74],[152.63,-58.06],[151.59,-58.44],[150.69,-58.58],[149.18,-58.81],[147.99,-59.2],[146.9,-59.43],[145.95,-59.66],[144.98,-59.88],[143.04,-60],[143.04,-60],[142.83,-60],[142.34,-59.81],[141.27,-59.64],[139.97,-59.31],[138.82,-58.94],[137.85,-58.58],[136.61,-58.19],[135.22,-57.77],[134.36,-57.55],[133.51,-57.32],[132.41,-57.04],[131.33,-56.74],[130.54,-56.5],[129.75,-56.25],[128.15,-56.04],[126.56,-55.81],[125.89,-56],[124.36,-56.23],[123.27,-56.54],[122.17,-56.84],[121.01,-57.08],[119.84,-57.32],[118.74,-57.49],[117.63,-57.65],[116.6,-57.9],[115.56,-58.13],[114.01,-58.15],[112.25,-58.37],[110.68,-58.57],[109.55,-58.67],[108.41,-58.76],[106.73,-58.81],[105.39,-58.98],[103.68,-59.22],[101.91,-59.48],[100.88,-59.43],[99.85,-59.38],[98.24,-59.73],[98.07,-59.72],[98.07,-59.72],[98.67,-60.54],[99.31,-61.35],[99.98,-62.17],[99.98,-62.17],[99.93,-62.16],[99.02,-62.03],[98.59,-61.96],[98.59,-61.96],[98.72,-62.19],[98.72,-62.19],[98.46,-62.18],[97.74,-61.98],[96.84,-61.66],[95.87,-61.2],[94.69,-60.9],[93.54,-60.59],[91.89,-60.31],[90.27,-60],[88.56,-59.9],[86.86,-59.78],[85.17,-59.64],[83.5,-59.48],[81.77,-59.61],[80.02,-59.72],[78.26,-59.81],[76.5,-59.87],[74.73,-59.91],[72.95,-59.93],[71.18,-59.92],[71.18,-59.92],[71.21,-59.79],[71.41,-58.81],[71.6,-57.83],[71.78,-56.84],[71.96,-55.86],[72.12,-54.87],[72.28,-53.89],[72.51,-53.03],[72.73,-52.17],[72.94,-51.32],[73.14,-50.46],[73.36,-49.51],[73.57,-48.57],[73.77,-47.62],[74.99,-47.72],[76.21,-47.81],[77.43,-47.88],[78.66,-47.94],[78.77,-47.02],[78.87,-46.1],[78.98,-45.18],[79.08,-44.27],[79.17,-43.35],[79.27,-42.43],[79.36,-41.51],[79.44,-40.59],[79.53,-39.67],[79.61,-38.75],[79.7,-37.83],[79.77,-36.91],[80.9,-36.96],[82.03,-36.99],[83.17,-37.01],[83.29,-36.15],[84.3,-36.12],[85.3,-36.09],[86.31,-36.06],[86.38,-35.24],[86.45,-34.43],[86.52,-33.61],[86.59,-32.8],[86.66,-31.98],[87.71,-31.93],[88.75,-31.87],[89.8,-31.8],[90.84,-31.72],[90.84,-30.78],[90.84,-29.85],[90.84,-28.92],[90.84,-27.99],[90.84,-27.06],[90.84,-26.13],[91.05,-25.59],[91.26,-25.06],[91.26,-25.06],[92.17,-24.9],[93.08,-24.73],[93.99,-24.56],[94.9,-24.38],[95.81,-24.2],[96.71,-24.02],[97.6,-24.16],[98.48,-24.31],[99.37,-24.44],[100.11,-24.55],[100.85,-24.65],[101.6,-24.75],[102.02,-23.95],[102.44,-23.14],[102.85,-22.34],[103.25,-21.53],[103.84,-21.73],[104.33,-21.1],[104.81,-20.46],[105.29,-19.83],[106.21,-19.48],[107.12,-19.13],[108.03,-18.77],[108.93,-18.41],[109.83,-18.05],[110.73,-17.68],[111.62,-17.31],[112.51,-16.93],[113.4,-16.55],[114.28,-16.17],[115.16,-15.78],[115.55,-15.68],[115.55,-15.68],[115.74,-14.82],[115.93,-13.97],[116.11,-13.12],[116.3,-12.27],[116.49,-11.42],[116.57,-10.55],[116.66,-9.68],[116.75,-8.81],[116.83,-7.94],[117.01,-6.96],[117.01,-6.96],[117.82,-7.2],[118.63,-7.37],[119.44,-7.54],[120.25,-7.71],[121.06,-7.88],[121.98,-8.06],[122.9,-8.25],[123.82,-8.43],[123.71,-9.17],[123.59,-9.91],[124.51,-10.09],[125.43,-10.28],[126.35,-10.45],[127.28,-10.63],[128.2,-10.8],[128.39,-10.08],[128.57,-9.35],[129.31,-9.51],[130.06,-9.66],[130.17,-9.17],[131.02,-9.4],[131.88,-9.62],[132.73,-9.84],[133.59,-10.05],[133.69,-9.75],[134.55,-9.95],[135.4,-10.16],[135.3,-10.7],[136.13,-10.94],[136.96,-11.17],[137.79,-11.4],[138.62,-11.63],[138.59,-12.17],[138.55,-12.71],[139.29,-12.94],[140.02,-13.17],[140.75,-13.4],[140.72,-13.98],[140.68,-14.55],[141.67,-14.77],[142.67,-14.99],[143.66,-15.2],[144.66,-15.41],[145.66,-15.61],[146.66,-15.81],[147.46,-15.95],[148.26,-16.08],[149.05,-16.21],[149.85,-16.33],[149.91,-16.34],[149.91,-16.34],[149.79,-17.25],[149.68,-18.17],[149.55,-18.99],[149.42,-19.82],[149.3,-20.64],[149.17,-21.47],[149.03,-22.29],[148.91,-23.22],[148.79,-24.15],[148.79,-24.15],[149.2,-24.59],[149.62,-25.04],[150.07,-25.72],[150.52,-26.4],[150.91,-27.04],[151.3,-27.68],[151.7,-28.33],[152.05,-29.08],[152.41,-29.83],[152.77,-30.59],[153.02,-31.25],[153.28,-31.91],[153.54,-32.57],[153.54,-33.5],[153.55,-34.42]]]}}]}