{"type":"FeatureCollection","features":[{"type":"Feature","properties":{"ma":125,"type":"gpml:TopologicalNetwork","name":"Amer_anyui_mesh","pid":101,"deforming":true},"geometry":{"type":"Polygon","coordinates":[[[-41.99,61.05],[-42.75,61.51],[-43.1,61.87],[-42.93,62.32],[-42.88,62.47],[-43.03,63.04],[-42.69,63.89],[-42.7,64.15],[-42.72,64.97],[-42.66,65.24],[-42.28,65.67],[-42.07,66.3],[-41.85,66.93],[-41.77,67.89],[-41.29,68.33],[-40.83,68.67],[-39.75,69.21],[-39.04,69.45],[-38.42,69.81],[-37.74,70.19],[-36.71,70.51],[-35.48,70.88],[-34.43,71.18],[-34.17,71.25],[-34.17,71.25],[-34.7,71.67],[-35.73,72.38],[-35.8,72.42],[-35.8,72.42],[-35.3,72.59],[-33.57,73.03],[-31.75,73.46],[-29.28,74.1],[-26.62,74.71],[-23.22,74.62],[-20.85,74.79],[-18.44,74.93],[-14.94,75.17],[-11.34,75.35],[-7.46,75.54],[-3.5,75.66],[0.07,75.59],[3.59,75.47],[5.78,75.02],[7.84,74.54],[9.06,74.01],[10.2,73.46],[10.98,73.64],[10.98,73.64],[9.35,72.86],[7.87,72.07],[6.5,71.27],[6.3,70.48],[6.11,69.69],[5.03,68.84],[4.03,67.99],[3.1,67.13],[3.1,67.13],[2.8,66.49],[2.52,65.85],[1.99,65.11],[1.5,64.37],[1.03,63.63],[0.5,62.73],[0,61.83],[-0.43,61.1],[-0.85,60.36],[-1.18,59.73],[-1.5,59.1],[-1.81,58.55],[-2.12,58.01],[-2.12,58.01],[-3.6,58.25],[-5.09,58.47],[-6.61,58.67],[-8.14,58.85],[-9.93,58.9],[-11.71,58.92],[-13.23,59.14],[-14.76,59.33],[-16.04,59.61],[-17.33,59.87],[-18.65,60.12],[-20.06,60.46],[-21.51,60.78],[-22.98,61.08],[-24.5,61.12],[-26.02,61.14],[-27.77,60.97],[-29.5,60.79],[-29.5,60.79],[-29.68,61.76],[-29.88,62.73],[-30.1,63.7],[-30.1,63.7],[-30.68,63.66],[-31.78,63.57],[-32.88,63.47],[-34.1,63.34],[-35.31,63.21],[-36.29,62.75],[-37.16,62.36],[-38.01,61.97],[-38.03,61.96],[-38.03,61.96],[-38.44,62.37],[-38.44,62.37],[-38.55,62.33],[-38.55,62.33],[-38.58,62.41],[-39.25,62.71],[-39.25,62.71],[-39.4,63.5],[-39.03,64.02],[-38.73,64.42],[-38.53,64.66],[-38.19,65.06],[-37.84,65.47],[-36.52,65.92],[-34.95,66.04],[-33.91,66.43],[-32.09,66.58],[-31.05,66.91],[-29.63,67.05],[-28.18,67.18],[-27.73,67.26],[-27.73,67.26],[-27,66.91],[-25.82,66.28],[-24.7,65.65],[-24.05,65.06],[-23.43,64.47],[-23.56,63.93],[-23.56,63.93],[-24.38,63.98],[-25.52,63.94],[-26.65,63.9],[-27.83,63.84],[-29,63.78],[-30.1,63.7],[-30.1,63.7],[-29.88,62.73],[-29.68,61.76],[-29.5,60.79],[-29.5,60.79],[-29.83,60.75],[-31.02,60.59],[-32.19,60.42],[-33.23,60.29],[-34.26,60.15],[-35.25,60.01],[-36.23,59.85],[-37.4,59.78],[-37.98,59.78],[-38.58,59.95],[-39.88,60.38],[-40.87,60.68],[-41.27,60.8],[-41.92,61.04],[-41.99,61.05]]]}},{"type":"Feature","properties":{"ma":125,"type":"gpml:OceanicCrust","name":"Oceanic_Crust","pid":101,"deforming":false},"geometry":{"type":"Polygon","coordinates":[[[-23.56,63.93],[-24.38,63.98],[-25.52,63.94],[-26.65,63.9],[-27.83,63.84],[-29,63.78],[-30.68,63.66],[-31.78,63.57],[-32.88,63.47],[-34.1,63.34],[-35.31,63.21],[-36.29,62.75],[-37.16,62.36],[-38.01,61.97],[-38.03,61.96],[-38.03,61.96],[-38.44,62.37],[-38.44,62.37],[-37.07,62.85],[-37.42,63.21],[-36.1,63.53],[-34.96,63.86],[-34.88,64.34],[-33.87,64.55],[-32.24,64.87],[-30.58,65.17],[-28.43,65.33],[-26.25,65.47],[-24.7,65.64],[-24.7,65.64],[-24.05,65.06],[-23.43,64.47],[-23.56,63.93]]]}},{"type":"Feature","properties":{"ma":125,"type":"gpml:OceanicCrust","name":"Oceanic_Crust","pid":103,"deforming":false},"geometry":{"type":"Polygon","coordinates":[[[-38.55,62.33],[-38.58,62.41],[-39.25,62.71],[-39.25,62.71],[-39.4,63.5],[-39.03,64.02],[-38.73,64.42],[-38.53,64.66],[-38.19,65.06],[-37.84,65.47],[-36.52,65.92],[-34.95,66.04],[-33.91,66.43],[-32.09,66.58],[-31.05,66.91],[-29.63,67.05],[-28.18,67.18],[-27.73,67.26],[-27.73,67.26],[-27,66.91],[-25.82,66.28],[-24.7,65.65],[-24.7,65.64],[-24.7,65.64],[-26.25,65.47],[-28.43,65.33],[-30.58,65.17],[-32.24,64.87],[-33.87,64.55],[-34.88,64.34],[-34.96,63.86],[-36.1,63.53],[-37.42,63.21],[-37.07,62.85],[-38.55,62.33]]]}},{"type":"Feature","properties":{"ma":125,"type":"gpml:TopologicalNetwork","name":"Amer_anyui_mesh","pid":101,"deforming":true},"geometry":{"type":"Polygon","coordinates":[[[10.2,73.46],[9.06,74.01],[7.84,74.54],[5.78,75.02],[3.59,75.47],[0.07,75.59],[-3.5,75.66],[-7.46,75.54],[-11.34,75.35],[-14.94,75.17],[-18.44,74.93],[-20.85,74.79],[-23.22,74.62],[-26.62,74.71],[-29.28,74.1],[-31.75,73.46],[-33.57,73.03],[-35.3,72.59],[-36.57,72.14],[-37.77,71.67],[-39.87,71.33],[-41.89,70.96],[-43.83,70.57],[-46.41,70.23],[-48.9,69.85],[-50.69,69.8],[-52.08,70.18],[-53.52,70.54],[-54.48,71.01],[-55.48,71.48],[-56.97,72.04],[-58.56,72.6],[-59.56,73.03],[-60.62,73.47],[-60.62,73.47],[-60.68,74.19],[-60.73,74.91],[-60.79,75.63],[-61.13,76.45],[-61.51,77.27],[-61.51,77.27],[-59.46,77.88],[-57.2,78.48],[-57.2,78.48],[-55.72,79.02],[-54.09,79.57],[-51.22,80.23],[-47.94,80.86],[-44.2,81.45],[-39.87,81.81],[-35.19,82.11],[-30.16,82.36],[-30.16,82.36],[-31.28,82.37],[-37.49,82.35],[-41.55,82.16],[-45.4,81.95],[-48.91,81.7],[-52.2,81.43],[-55.08,81.05],[-58.6,80.5],[-61.9,79.88],[-64.04,79.42],[-66.1,78.92],[-67.65,78.5],[-69.09,78.07],[-69.09,78.07],[-71.29,78.75],[-73.76,79.42],[-73.76,79.42],[-73.78,79.47],[-73.98,80.12],[-74,80.78],[-74.03,81.44],[-69.88,82.21],[-66.13,82.83],[-63.78,83.2],[-61.81,83.68],[-54.46,84.18],[-48.21,84.57],[-41.09,84.89],[-41.08,84.89],[-41.08,84.89],[-41.05,84.88],[-30.74,84.73],[-21.3,84.43],[-16.46,84.13],[-12.11,83.8],[-7.98,83.25],[-4.48,82.68],[-1.5,82.08],[1.97,81.8],[5.21,81.49],[8.57,81.39],[11.84,81.26],[15.55,81.1],[19.12,80.9],[19.62,80.23],[20.06,79.56],[20.45,78.89],[20.6,78.03],[20.73,77.16],[20.85,76.3],[20.85,76.3],[18.05,75.86],[15.43,75.4],[13.83,74.82],[12.35,74.24],[10.98,73.64],[10.2,73.46]]]}},{"type":"Feature","properties":{"ma":125,"type":"gpml:TopologicalNetwork","name":"AUSANT_Deforming_Network","pid":802,"deforming":true},"geometry":{"type":"Polygon","coordinates":[[[144.45,-71.12],[144.24,-71.24],[143.57,-71.78],[142.85,-72.32],[143.77,-72.8],[144.75,-73.28],[147.53,-72.93],[149.02,-73.12],[149.92,-73.31],[149.92,-73.31],[147.49,-73.9],[144.89,-74.45],[142.1,-74.97],[142.1,-74.97],[139.76,-74.62],[137.52,-74.25],[137.92,-73.43],[138.29,-72.6],[137.57,-71.7],[137.31,-70.87],[137.44,-70.13],[136.31,-69.93],[135.79,-69.39],[135.29,-68.86],[133.88,-68.42],[132.23,-68.31],[130.59,-68.18],[129.4,-67.64],[128.57,-67.1],[127.77,-66.55],[126.86,-66.12],[125.97,-65.69],[124.55,-65.35],[123.17,-65.01],[121.64,-64.73],[120.14,-64.43],[119.1,-64.16],[118.07,-63.89],[116.04,-63.52],[114.62,-63.4],[113.22,-63.27],[111.89,-62.94],[110.59,-62.59],[108.92,-62.4],[107.66,-62.36],[106.41,-62.31],[105.03,-62.31],[103.65,-62.29],[102.03,-62.49],[100.39,-62.66],[98.67,-62.65],[96.95,-62.62],[95.24,-62.57],[94.13,-62.62],[93.01,-62.66],[91.49,-62.69],[89.97,-62.71],[88.84,-62.6],[87.71,-62.47],[85.84,-62.15],[84.02,-61.81],[84.02,-61.81],[83.6,-61.12],[83.19,-60.42],[82.8,-59.72],[82.8,-59.72],[83.25,-59.67],[83.55,-59.53],[83.55,-59.53],[83.6,-59.54],[84.41,-59.72],[86.05,-60.03],[87,-60.41],[88.52,-60.5],[90.06,-60.58],[91.31,-60.56],[92.56,-60.53],[94.17,-60.7],[95.79,-60.85],[97.29,-60.84],[98.78,-60.81],[100.61,-60.65],[102.43,-60.46],[103.91,-60.43],[105.4,-60.38],[106.58,-60.49],[107.78,-60.6],[108.9,-60.78],[110.04,-60.96],[111.75,-61.17],[113.49,-61.37],[114.68,-61.63],[115.9,-61.89],[117.42,-62.12],[118.96,-62.34],[120.27,-62.59],[121.61,-62.82],[123.06,-63.23],[124.55,-63.63],[126.07,-64.05],[127.63,-64.46],[129.12,-64.9],[130.65,-65.33],[132.14,-66.01],[133.7,-66.69],[135.36,-67.35],[135.9,-67.61],[136.66,-67.83],[137.59,-68.06],[138.49,-68.27],[139.76,-68.55],[140.66,-68.85],[141.47,-69.18],[142.32,-69.48],[143.56,-69.9],[144.32,-70.26],[144.92,-70.61],[145.07,-70.8],[144.95,-70.86],[144.45,-71.12]]]}},{"type":"Feature","properties":{"ma":125,"type":"gpml:TopologicalNetwork","name":"Deforming Network","pid":801,"deforming":true},"geometry":{"type":"Polygon","coordinates":[[[128.2,-63.01],[130.35,-63.07],[131.49,-62.94],[132.62,-62.79],[133.9,-62.66],[135.35,-62.38],[137.1,-62.28],[138.15,-62.22],[139.42,-61.93],[140.41,-61.67],[141.9,-61.31],[143.16,-60.95],[143.74,-60.83],[143.79,-60.98],[143.44,-61.57],[143.08,-62.16],[142.75,-62.55],[143,-63.42],[143.05,-63.46],[143.41,-64.1],[143.79,-64.75],[144.27,-65.25],[144.76,-65.75],[145.47,-66.01],[147.68,-66.3],[147.78,-66.35],[148.54,-66.75],[149.33,-67.14],[150.2,-67.45],[149.62,-67.95],[149.23,-68.14],[147.77,-68.65],[146.43,-69.09],[145.11,-69.49],[143.58,-69.93],[143.58,-69.93],[143.61,-69.93],[143.61,-69.93],[143.56,-69.9],[142.32,-69.48],[141.47,-69.18],[140.66,-68.85],[139.76,-68.55],[138.49,-68.27],[137.59,-68.06],[136.66,-67.83],[135.9,-67.61],[135.36,-67.35],[133.7,-66.69],[132.14,-66.01],[130.65,-65.33],[129.12,-64.9],[127.63,-64.46],[126.07,-64.05],[124.55,-63.63],[123.06,-63.23],[121.61,-62.82],[120.27,-62.59],[118.96,-62.34],[117.42,-62.12],[115.9,-61.89],[114.68,-61.63],[113.49,-61.37],[111.75,-61.17],[110.04,-60.96],[108.9,-60.78],[107.78,-60.6],[106.58,-60.49],[105.4,-60.38],[103.91,-60.43],[102.43,-60.46],[100.61,-60.65],[98.78,-60.81],[97.29,-60.84],[95.79,-60.85],[94.17,-60.7],[92.56,-60.53],[91.31,-60.56],[90.06,-60.58],[88.52,-60.5],[87,-60.41],[86.05,-60.03],[84.41,-59.72],[83.6,-59.54],[83.55,-59.53],[83.55,-59.53],[84.43,-59.11],[85.29,-58.67],[85.72,-58.26],[85.72,-58.26],[86.75,-58.42],[88.54,-58.35],[90.27,-58.28],[91.62,-58.24],[93.27,-58.36],[94.41,-58.39],[95.54,-58.41],[97.16,-58.37],[98.96,-58.33],[100.5,-58.47],[101.63,-58.34],[102.74,-58.21],[103.91,-58.16],[105.07,-58.1],[106.33,-57.99],[107.59,-57.87],[108.8,-57.69],[110.01,-57.5],[111.65,-57.42],[112.4,-57.3],[113.95,-57.68],[115.54,-58.05],[116.27,-58.37],[117.01,-58.69],[118.03,-59.09],[119.07,-59.47],[119.88,-59.78],[120.7,-60.08],[122.02,-60.63],[123.19,-61.13],[124.07,-61.57],[125.17,-62.05],[126.42,-62.49],[127.52,-62.76],[127.97,-62.99],[128.2,-63.01]]]}},{"type":"Feature","properties":{"ma":125,"type":"gpml:TopologicalClosedPlateBoundary","name":"Antarctica","pid":802,"deforming":false},"geometry":{"type":"Polygon","coordinates":[[[180,-73.66],[180,-74.62],[180,-75.58],[180,-76.55],[180,-77.51],[180,-78.47],[180,-79.43],[180,-80.39],[180,-81.35],[180,-82.31],[180,-83.27],[180,-84.23],[180,-85.19],[180,-86.16],[180,-87.12],[180,-88.08],[180,-89.04],[180,-90],[-180,-90],[-180,-89.04],[-180,-88.08],[-180,-87.12],[-180,-86.16],[-180,-85.19],[-180,-84.23],[-180,-83.27],[-180,-82.31],[-180,-81.35],[-180,-80.39],[-180,-79.43],[-180,-78.47],[-180,-77.51],[-180,-76.55],[-180,-75.58],[-180,-74.62],[-180,-73.66],[-180,-72.7],[-177.7,-72.29],[-175.51,-71.86],[-172.71,-71.69],[-169.97,-71.49],[-167.13,-71.39],[-164.32,-71.25],[-161.56,-71.07],[-159.12,-71.03],[-156.69,-70.97],[-154.28,-70.88],[-151.89,-70.75],[-151.89,-70.75],[-150.35,-70.97],[-148.78,-71.16],[-146.77,-71.59],[-144.67,-72],[-142.48,-72.38],[-140.19,-72.73],[-137.42,-73.18],[-134.5,-73.59],[-131.24,-73.99],[-127.83,-74.34],[-124.27,-74.64],[-121.38,-74.87],[-118.4,-75.06],[-118.4,-75.06],[-116.92,-75.08],[-114.35,-74.99],[-111.8,-74.88],[-108.5,-74.59],[-105.37,-74.16],[-102.88,-73.98],[-99.54,-73.72],[-98.02,-73.25],[-95.89,-72.53],[-94.84,-72.06],[-93.84,-71.59],[-92.47,-71.25],[-91.14,-70.9],[-89.34,-70.27],[-88.47,-69.85],[-87.63,-69.43],[-86.61,-68.86],[-85.63,-68.29],[-83.89,-67.84],[-81.8,-67.49],[-80.13,-66.88],[-78.52,-66.51],[-76.96,-66.12],[-75.81,-65.66],[-74.7,-65.19],[-73.01,-65.41],[-70.99,-65.61],[-68.93,-65.26],[-67.79,-65.01],[-66.68,-64.75],[-66.68,-64.75],[-66.76,-64.93],[-66.87,-65.3],[-66.88,-65.37],[-66.76,-65.77],[-66.48,-66.05],[-65.98,-66.53],[-65.56,-66.85],[-65.41,-66.98],[-65.15,-67.17],[-64.95,-67.29],[-64.95,-67.29],[-65.8,-67.79],[-66.69,-68.28],[-67.38,-68.59],[-67.38,-68.59],[-65.73,-69.11],[-64.01,-69.61],[-62.2,-70.1],[-60.31,-70.57],[-59.49,-70.86],[-57.46,-71.28],[-55.35,-71.68],[-53.67,-71.93],[-52.58,-72.03],[-51.21,-72.08],[-50.34,-72.1],[-49.75,-72.17],[-49.64,-72.17],[-49.53,-72.17],[-49.41,-72.17],[-49.3,-72.16],[-49.18,-72.16],[-48.55,-72.14],[-47.42,-72.25],[-46.51,-72.22],[-45.42,-72.19],[-44.3,-72.12],[-42.99,-71.97],[-41.83,-71.9],[-40.25,-71.77],[-38.33,-71.58],[-37.3,-71.51],[-35.07,-71.36],[-33.23,-71.19],[-31.91,-71.09],[-30.71,-70.93],[-29.45,-70.73],[-28.17,-70.56],[-26.55,-70.39],[-25.46,-70.26],[-24.65,-70.14],[-24,-70.03],[-23.33,-69.9],[-22.71,-69.74],[-21.92,-69.52],[-21.31,-69.37],[-20.78,-69.23],[-19.99,-69.05],[-19.44,-68.9],[-18.7,-68.7],[-18.18,-68.51],[-15.98,-68.14],[-13.85,-67.75],[-11.79,-67.33],[-9.8,-66.89],[-7.89,-66.42],[-6.04,-65.92],[-4.27,-65.41],[-2.57,-64.88],[-0.94,-64.33],[-0.94,-64.33],[0.8,-64.63],[2.58,-64.92],[4.39,-65.18],[5.16,-64.55],[5.9,-63.92],[6.6,-63.28],[8.13,-63.51],[9.68,-63.72],[10.05,-63.21],[10.41,-62.7],[12.1,-62.85],[13.8,-62.99],[15.52,-63.11],[15.9,-62.37],[16.26,-61.64],[17.42,-61.7],[18.59,-61.76],[18.65,-61.76],[18.65,-61.76],[18.3,-62.5],[17.94,-63.23],[17.55,-63.97],[17.55,-63.97],[17.59,-63.97],[19.27,-63.84],[20.95,-63.51],[22.96,-63.12],[24.27,-62.66],[25.91,-62.06],[27.01,-61.36],[27.02,-61.33],[27.02,-61.33],[28.95,-61.4],[30.88,-61.43],[32.82,-61.44],[34.75,-61.43],[36.69,-61.38],[36.85,-60.69],[38.32,-60.68],[39.78,-60.66],[41.25,-60.61],[41.4,-59.65],[43.27,-59.66],[45.14,-59.64],[47.01,-59.6],[48.87,-59.53],[48.84,-59.34],[50.51,-59.33],[52.18,-59.3],[53.84,-59.24],[55.5,-59.16],[57.15,-59.07],[58.78,-58.95],[59.26,-59.71],[61.18,-59.5],[63.08,-59.26],[64.94,-59],[65.52,-59.81],[66.12,-60.62],[67.8,-60.34],[69.45,-60.03],[71.07,-59.7],[72.66,-59.35],[74.21,-58.99],[75.73,-58.6],[77.22,-58.2],[78.67,-57.79],[78.67,-57.79],[79.47,-58.13],[80.29,-58.46],[81,-59.01],[81.7,-59.4],[82.27,-59.66],[82.73,-59.73],[82.73,-59.73],[82.8,-59.72],[82.8,-59.72],[83.19,-60.42],[83.6,-61.12],[84.02,-61.81],[84.02,-61.81],[85.84,-62.15],[87.71,-62.47],[88.84,-62.6],[89.97,-62.71],[91.49,-62.69],[93.01,-62.66],[94.13,-62.62],[95.24,-62.57],[96.95,-62.62],[98.67,-62.65],[100.39,-62.66],[102.03,-62.49],[103.65,-62.29],[105.03,-62.31],[106.41,-62.31],[107.66,-62.36],[108.92,-62.4],[110.59,-62.59],[111.89,-62.94],[113.22,-63.27],[114.62,-63.4],[116.04,-63.52],[118.07,-63.89],[119.1,-64.16],[120.14,-64.43],[121.64,-64.73],[123.17,-65.01],[124.55,-65.35],[125.97,-65.69],[126.86,-66.12],[127.77,-66.55],[128.57,-67.1],[129.4,-67.64],[130.59,-68.18],[132.23,-68.31],[133.88,-68.42],[135.29,-68.86],[135.79,-69.39],[136.31,-69.93],[137.44,-70.13],[137.31,-70.87],[137.57,-71.7],[138.29,-72.6],[137.92,-73.43],[137.52,-74.25],[139.76,-74.62],[142.1,-74.97],[142.1,-74.97],[144.77,-74.47],[147.27,-73.95],[149.61,-73.39],[151.8,-72.81],[152.45,-72.39],[152.45,-72.39],[153.32,-72.62],[154.49,-73.29],[155.77,-73.95],[157.72,-74.14],[159.71,-74.31],[162.68,-74.42],[165.45,-74.38],[168.68,-74.06],[171.79,-73.7],[174.28,-73.45],[176.69,-73.17],[179.02,-72.86],[180,-72.7],[180,-73.66]]]}},{"type":"Feature","properties":{"ma":125,"type":"gpml:TopologicalClosedPlateBoundary","name":"Farallon FAR_125_124","pid":902,"deforming":false},"geometry":{"type":"Polygon","coordinates":[[[-126.27,59.43],[-127.61,60.02],[-128.99,60.59],[-130.42,61.15],[-131.9,61.69],[-130.72,62.44],[-129.48,63.18],[-128.17,63.91],[-126.8,64.62],[-125.35,65.32],[-123.82,66.01],[-124.63,66.41],[-125.47,66.81],[-123.89,67.39],[-122.23,67.95],[-120.49,68.49],[-120.49,68.49],[-121.81,69.16],[-123.2,69.83],[-124.69,70.48],[-122.62,71],[-120.43,71.49],[-118.13,71.96],[-115.71,72.4],[-113.18,72.81],[-110.54,73.18],[-107.78,73.53],[-108.66,74.2],[-105.29,74.52],[-101.79,74.78],[-98.18,74.99],[-94.49,75.14],[-90.74,75.23],[-86.95,75.26],[-83.17,75.23],[-79.43,75.13],[-75.74,74.98],[-72.14,74.77],[-69.56,74.55],[-67.07,74.31],[-67.07,74.31],[-67.65,73.8],[-67.81,73.47],[-67.81,73.47],[-66.81,72.82],[-65.89,72.16],[-65.03,71.5],[-63.84,70.63],[-62.76,69.76],[-61.76,68.88],[-60.54,68.36],[-59.37,67.83],[-58.26,67.29],[-56.01,66.97],[-53.81,66.62],[-52.42,65.92],[-51.1,65.21],[-50.03,64.52],[-49.02,63.82],[-48.05,63.11],[-47.13,62.39],[-47.13,62.39],[-48.67,62.53],[-49.8,62.56],[-50.94,62.59],[-52.2,62.49],[-52.85,62.24],[-53.47,61.81],[-54.07,61.37],[-55.08,60.52],[-56.18,60.2],[-57.35,59.99],[-58.5,59.77],[-59.55,59.43],[-59.55,59.43],[-59.71,59.3],[-60.07,58.83],[-60.37,58.4],[-60.56,58.02],[-60.62,57.65],[-60.8,57.28],[-60.83,57.06],[-60.87,56.57],[-61.08,56.1],[-61.37,55.78],[-61.53,55.41],[-62.06,55.04],[-62.22,54.66],[-62.54,54.2],[-62.86,53.73],[-63.48,52.95],[-63.72,52.43],[-63.96,51.9],[-64.09,50.93],[-64.15,50.5],[-64.12,49.99],[-64.09,49.49],[-64.06,48.55],[-64.18,47.74],[-63.8,47.01],[-63.43,46.28],[-62.93,45.63],[-62.43,44.99],[-61.95,44.34],[-61.43,43.7],[-60.93,43.07],[-60.44,42.43],[-59.85,41.61],[-59.28,40.78],[-58.72,39.95],[-58.31,39.3],[-57.92,38.64],[-58.39,38.12],[-58.86,37.6],[-59.83,37.45],[-60.78,37.3],[-61.57,37.27],[-62.35,37.23],[-63.13,37.26],[-63.92,37.29],[-64.88,37.25],[-65.85,37.2],[-66.18,36.66],[-66.52,36.11],[-66.61,35.34],[-66.71,34.57],[-66.8,33.79],[-66.87,32.84],[-66.95,31.89],[-66.78,31.14],[-66.61,30.39],[-66.62,29.71],[-66.62,29.04],[-66.55,28.24],[-66.48,27.44],[-66.56,26.62],[-66.64,25.79],[-66.56,25.15],[-66.48,24.5],[-66.31,23.59],[-66.14,22.68],[-66.04,22.12],[-65.94,21.56],[-65.75,20.81],[-65.57,20.05],[-65.46,19.5],[-65.35,18.95],[-65.26,18.22],[-65.16,17.48],[-65.07,16.75],[-64.78,15.91],[-64.48,15.07],[-64.18,14.27],[-63.87,13.47],[-63.56,12.66],[-63.32,12.12],[-63.32,12.12],[-63.42,11.57],[-63.42,10.81],[-63.42,10.05],[-63.42,9.28],[-63.42,8.44],[-63.42,7.6],[-63.41,6.77],[-63.38,5.88],[-63.35,4.99],[-63.32,4.11],[-63.28,3.22],[-63.2,2.39],[-63.12,1.55],[-63.04,0.72],[-63.13,0.2],[-63.23,-0.32],[-63.23,-0.32],[-63.81,0.07],[-64.38,0.47],[-64.96,0.86],[-65.79,1.27],[-66.61,1.68],[-67.43,2.09],[-68.13,2.39],[-68.82,2.7],[-69.51,3],[-69.51,3],[-70.06,2.83],[-70.68,2.56],[-71.31,2.28],[-72,1.83],[-72.7,1.37],[-73.31,0.77],[-73.91,0.17],[-74.4,-0.34],[-74.88,-0.84],[-75.36,-1.34],[-75.92,-2.01],[-76.48,-2.69],[-76.63,-2.94],[-76.63,-2.94],[-76.63,-3.09],[-76.63,-3.9],[-76.63,-4.72],[-76.56,-5.52],[-76.48,-6.32],[-76,-7.14],[-75.52,-7.95],[-75.03,-8.77],[-74.54,-9.58],[-74.05,-10.4],[-73.75,-11.23],[-73.44,-12.06],[-73.13,-12.89],[-72.82,-13.72],[-72.51,-14.56],[-72.19,-15.39],[-71.87,-16.22],[-71.58,-17.17],[-71.28,-18.12],[-70.98,-19.07],[-70.67,-20.02],[-70.1,-20.83],[-69.52,-21.64],[-68.94,-22.45],[-68.34,-23.25],[-67.52,-23.74],[-66.69,-24.22],[-65.85,-24.69],[-65,-24.92],[-65,-24.92],[-65.98,-25.22],[-66.97,-25.51],[-67.96,-25.79],[-68.96,-26.07],[-69.96,-26.34],[-70.97,-26.61],[-71.98,-26.86],[-73,-27.12],[-74.02,-27.36],[-75.04,-27.59],[-76.07,-27.82],[-77.11,-28.04],[-78.14,-28.25],[-79.19,-28.46],[-79.57,-27.83],[-79.94,-27.19],[-80.96,-27.41],[-81.98,-27.62],[-83,-27.83],[-84.03,-28.03],[-85.06,-28.22],[-86.09,-28.4],[-87.13,-28.58],[-88.17,-28.74],[-89.21,-28.9],[-90.26,-29.05],[-91.31,-29.19],[-92.36,-29.33],[-93.42,-29.45],[-93.62,-28.62],[-93.81,-27.78],[-94,-26.95],[-94.19,-26.11],[-94.38,-25.27],[-95.43,-25.35],[-96.48,-25.42],[-97.53,-25.49],[-98.58,-25.55],[-99.64,-25.6],[-100.69,-25.64],[-101.75,-25.67],[-102.8,-25.7],[-103.86,-25.72],[-104.91,-25.73],[-105.97,-25.73],[-107.03,-25.73],[-108.08,-25.72],[-108.06,-24.9],[-108.03,-24.08],[-108,-23.26],[-107.98,-22.44],[-107.95,-21.62],[-108.93,-21.42],[-109.9,-21.21],[-110.87,-20.99],[-111.84,-20.77],[-112.81,-20.55],[-113.77,-20.31],[-113.77,-20.31],[-113.77,-20.31],[-113.77,-20.31],[-114.5,-19.66],[-115.23,-19.01],[-115.95,-18.35],[-116.67,-17.69],[-117.39,-17.03],[-118.09,-16.37],[-118.8,-15.7],[-119.49,-15.03],[-120.19,-14.36],[-120.88,-13.69],[-121.56,-13.01],[-122.25,-12.33],[-122.16,-12.24],[-122.6,-11.82],[-122.19,-11.42],[-122.62,-10.93],[-122.69,-11],[-123.06,-10.6],[-123.43,-10.2],[-124.05,-10.75],[-124.51,-10.4],[-124.97,-10.05],[-125.11,-10.21],[-125.64,-9.84],[-126.17,-9.48],[-126.1,-9.36],[-126.8,-8.77],[-127.22,-8.5],[-127.65,-8.22],[-128.08,-8.71],[-128.51,-9.2],[-129.12,-9.28],[-129.72,-9.36],[-130.22,-9.58],[-130.73,-9.8],[-131.22,-9],[-131.7,-8.2],[-132.19,-7.4],[-132.67,-6.6],[-132.36,-6.43],[-132.72,-5.76],[-133.08,-5.09],[-133.36,-5.24],[-133.76,-4.46],[-134.15,-3.68],[-134.55,-2.89],[-133.73,-2.51],[-132.91,-2.12],[-132.09,-1.74],[-131.26,-1.35],[-130.44,-0.97],[-130.7,-0.37],[-131.15,-0.54],[-131.42,-0.1],[-130.72,0.2],[-130.89,0.56],[-131.06,1.13],[-131.2,1.39],[-131.46,1.32],[-131.87,1.91],[-132.27,2.5],[-132.44,2.81],[-132.44,2.93],[-132.63,3.27],[-132.62,3.38],[-132.73,3.6],[-132.87,3.98],[-133.01,4.6],[-133.16,5.22],[-133.55,5.93],[-133.68,6.38],[-133.77,6.59],[-134.4,6.38],[-135.03,6.16],[-135.19,6.72],[-135.46,7.17],[-136.11,6.81],[-136.76,6.45],[-137.4,6.1],[-137.55,6.33],[-137.9,7.17],[-138.18,7.67],[-138.47,8.17],[-138.43,8.2],[-138.75,8.69],[-139.18,9.58],[-139.61,10.46],[-140.04,11.35],[-140.48,12.23],[-140.81,12.1],[-140.97,12.38],[-141.09,12.96],[-141.46,13.58],[-141.65,13.72],[-141.95,14.3],[-141.62,14.49],[-141.87,14.89],[-141.93,15.02],[-141.1,15.34],[-140.27,15.65],[-140.7,16.53],[-141.23,16.32],[-141.28,16.44],[-141.4,17.05],[-141.52,17.38],[-141.62,17.62],[-141.48,17.68],[-141.65,18.11],[-141.78,18.35],[-141.89,18.46],[-141.98,18.64],[-141.98,18.64],[-141.61,19.49],[-141.24,20.33],[-140.87,21.18],[-140.49,22.02],[-140.11,22.86],[-139.72,23.71],[-139.33,24.55],[-140.09,25.18],[-140.85,25.82],[-141.63,26.44],[-142.41,27.07],[-143.2,27.68],[-144,28.3],[-144.81,28.91],[-145.63,29.51],[-146.46,30.11],[-147.31,30.76],[-148.17,31.39],[-149.05,32.03],[-149.93,32.65],[-150.83,33.27],[-150.21,33.96],[-149.57,34.64],[-148.93,35.32],[-149.64,35.95],[-150.36,36.59],[-149.9,37.49],[-149.42,38.39],[-148.94,39.29],[-148.44,40.18],[-147.92,41.08],[-147.4,41.97],[-146.86,42.86],[-146.3,43.74],[-145.73,44.63],[-145.13,45.51],[-144.52,46.38],[-143.89,47.26],[-143.24,48.13],[-142.57,48.99],[-141.87,49.86],[-141.15,50.71],[-140.4,51.57],[-139.62,52.42],[-138.37,51.98],[-137.14,51.53],[-136.29,52.38],[-135.42,53.22],[-134.5,54.05],[-133.56,54.88],[-132.57,55.7],[-131.54,56.51],[-130.46,57.32],[-129.34,58.11],[-128.16,58.89],[-126.93,59.67],[-126.27,59.43]]]}},{"type":"Feature","properties":{"ma":125,"type":"gpml:TopologicalClosedPlateBoundary","name":"Izanagi IZA_125_122","pid":926,"deforming":false},"geometry":{"type":"MultiPolygon","coordinates":[[[[180,85.71],[180,84.71],[180,83.72],[180,82.72],[180,81.73],[180,80.73],[180,79.74],[180,78.74],[180,77.75],[180,76.75],[180,75.76],[180,74.76],[180,73.77],[180,72.77],[180,71.78],[180,70.78],[180,69.79],[180,68.79],[180,67.8],[180,66.81],[180,65.81],[180,64.82],[180,63.82],[180,62.83],[180,61.83],[180,60.84],[180,59.84],[180,58.85],[180,57.85],[180,56.86],[180,55.86],[180,54.87],[180,53.87],[180,52.88],[180,51.88],[180,50.89],[180,49.89],[180,48.9],[180,47.9],[180,46.91],[180,45.91],[180,44.92],[180,43.93],[180,42.93],[180,41.94],[180,40.94],[180,39.95],[180,38.95],[180,37.96],[180,36.96],[180,35.97],[180,34.97],[180,33.98],[180,32.98],[180,31.99],[180,30.99],[180,30],[180,29],[180,28.01],[180,27.01],[180,26.02],[180,25.02],[180,24.03],[180,23.04],[180,22.04],[180,21.05],[180,20.05],[180,19.06],[180,18.06],[180,17.07],[180,16.07],[180,15.08],[180,14.08],[180,13.09],[180,12.09],[180,11.1],[180,10.1],[180,9.11],[180,8.11],[180,7.12],[180,6.12],[180,5.13],[180,4.13],[179.08,3.98],[178.17,3.83],[177.25,3.68],[177.26,3.68],[176.33,3.52],[175.4,3.37],[174.48,3.21],[173.55,3.05],[172.62,2.9],[171.7,2.74],[170.77,2.58],[169.85,2.42],[168.92,2.25],[169,1.32],[169.08,0.39],[169.16,-0.54],[169.25,-1.47],[169.33,-2.4],[169.32,-2.41],[168.4,-2.49],[167.48,-2.56],[166.56,-2.64],[165.64,-2.72],[164.72,-2.79],[163.8,-2.86],[162.88,-2.94],[161.95,-3.01],[161.03,-3.08],[160.11,-3.15],[159.19,-3.22],[159.23,-4.06],[159.26,-4.9],[159.3,-5.74],[159.33,-6.58],[159.31,-7.57],[159.28,-8.57],[159.25,-9.56],[159.22,-10.55],[159.19,-11.54],[159.17,-12.47],[159.15,-13.4],[159.12,-14.34],[159.1,-15.27],[159.07,-16.2],[159.05,-17.14],[159.03,-17.41],[159.03,-17.41],[158.98,-17.41],[158.05,-17.36],[157.12,-17.3],[156.18,-17.24],[155.25,-17.18],[154.32,-17.11],[154.15,-17.86],[153.99,-18.6],[153.82,-19.35],[153.65,-20.09],[152.63,-20.08],[151.6,-20.06],[150.58,-20.04],[149.55,-20.01],[148.53,-19.97],[147.51,-19.93],[146.48,-19.89],[145.46,-19.83],[144.44,-19.77],[143.42,-19.71],[142.4,-19.64],[141.38,-19.56],[140.37,-19.48],[140.63,-18.84],[140.9,-18.2],[140,-18.17],[139.1,-18.14],[138.2,-18.1],[138.2,-18.1],[138.04,-17.81],[138.04,-17.81],[137.07,-17.57],[136.1,-17.32],[135.13,-17.07],[134.16,-16.81],[133.2,-16.55],[132.23,-16.28],[131.28,-16.01],[130.32,-15.74],[129.37,-15.46],[128.41,-15.18],[127.47,-14.89],[126.52,-14.6],[125.55,-14.46],[124.58,-14.32],[123.61,-14.18],[122.65,-14.03],[121.68,-13.88],[120.72,-13.72],[119.75,-13.56],[118.89,-13.46],[118.02,-13.36],[117.15,-13.26],[116.29,-13.15],[115.42,-13.04],[114.56,-12.92],[113.8,-12.81],[113.03,-12.69],[112.27,-12.57],[111.44,-12.33],[110.62,-12.1],[109.8,-11.86],[109.21,-11.24],[109.21,-11.24],[109.41,-10.32],[109.62,-9.4],[109.82,-8.48],[110.03,-7.56],[110.23,-6.64],[110.43,-5.72],[110.64,-4.8],[110.84,-3.88],[111.25,-3.02],[111.67,-2.15],[112.08,-1.29],[112.49,-0.42],[112.91,0.44],[113.22,1.32],[113.54,2.2],[113.86,3.08],[114.18,3.96],[114.5,4.83],[114.82,5.71],[115.14,6.59],[115.46,7.47],[115.46,7.47],[116.14,7.29],[116.86,6.82],[117.59,6.35],[118.31,5.88],[119.04,5.41],[119.76,4.94],[119.76,4.94],[120.2,5.25],[120.65,5.88],[121.1,6.5],[121.55,7.12],[122,7.75],[122.37,8.42],[122.74,9.08],[123.12,9.75],[123.49,10.42],[124.03,11.24],[124.56,12.06],[125.1,12.88],[125.49,13.78],[125.87,14.68],[125.87,14.68],[125.93,15.21],[125.75,15.7],[125.56,16.18],[125.56,16.18],[124.86,16.43],[124.16,16.68],[123.7,17.29],[123.25,17.9],[122.98,18.52],[122.7,19.14],[122.57,19.84],[121.9,20.56],[121.23,21.28],[120.57,21.95],[119.9,22.62],[119.42,23.13],[118.93,23.63],[118.44,24.13],[117.87,24.61],[117.3,25.08],[117.73,25.99],[118.17,26.9],[118.61,27.8],[118.99,28.67],[119.38,29.54],[119.77,30.41],[120.17,31.28],[120.58,32.15],[120.84,32.97],[121.11,33.8],[121.38,34.62],[121.66,35.45],[121.95,36.27],[122.24,37.06],[122.53,37.85],[122.84,38.63],[123.14,39.42],[123.39,40.15],[123.64,40.88],[123.89,41.61],[124.15,42.34],[124.49,43.2],[124.83,44.05],[125.19,44.9],[125.51,45.73],[125.85,46.55],[126.2,47.37],[126.55,48.13],[126.9,48.88],[127.27,49.63],[127.62,50.27],[127.97,50.92],[128.34,51.56],[128.64,52.22],[128.95,52.89],[129.26,53.55],[129.73,54.41],[130.23,55.27],[130.64,56.2],[131.07,57.13],[131.42,57.93],[131.79,58.73],[132.07,59.39],[132.37,60.04],[132.64,60.64],[132.92,61.23],[133.25,61.95],[133.59,62.67],[134,63.56],[134.44,64.44],[134.87,65.17],[135.33,65.9],[135.68,66.72],[136.06,67.55],[136.38,68.29],[136.72,69.04],[137.08,69.9],[137.46,70.75],[137.79,71.48],[138.14,72.2],[138.53,72.93],[138.64,73.69],[138.77,74.44],[138.9,75.2],[138.75,76.02],[138.58,76.83],[138.39,77.65],[138.13,78.43],[137.83,79.22],[137.48,80],[137.08,80.78],[136.35,81.76],[135.43,82.74],[133.83,83.51],[131.8,84.28],[129.15,85.03],[129.15,85.03],[134.58,85.31],[142.75,85.86],[153.14,86.31],[165.8,86.6],[180,86.7],[180,85.71]]],[[[-180,5.13],[-180,6.12],[-180,7.12],[-180,8.11],[-180,9.11],[-180,10.1],[-180,11.1],[-180,12.09],[-180,13.09],[-180,14.08],[-180,15.08],[-180,16.07],[-180,17.07],[-180,18.06],[-180,19.06],[-180,20.05],[-180,21.05],[-180,22.04],[-180,23.04],[-180,24.03],[-180,25.02],[-180,26.02],[-180,27.01],[-180,28.01],[-180,29],[-180,30],[-180,30.99],[-180,31.99],[-180,32.98],[-180,33.98],[-180,34.97],[-180,35.97],[-180,36.96],[-180,37.96],[-180,38.95],[-180,39.95],[-180,40.94],[-180,41.94],[-180,42.93],[-180,43.93],[-180,44.92],[-180,45.91],[-180,46.91],[-180,47.9],[-180,48.9],[-180,49.89],[-180,50.89],[-180,51.88],[-180,52.88],[-180,53.87],[-180,54.87],[-180,55.86],[-180,56.86],[-180,57.85],[-180,58.85],[-180,59.84],[-180,60.84],[-180,61.83],[-180,62.83],[-180,63.82],[-180,64.82],[-180,65.81],[-180,66.81],[-180,67.8],[-180,68.79],[-180,69.79],[-180,70.78],[-180,71.78],[-180,72.77],[-180,73.77],[-180,74.76],[-180,75.76],[-180,76.75],[-180,77.75],[-180,78.74],[-180,79.74],[-180,80.73],[-180,81.73],[-180,82.72],[-180,83.72],[-180,84.71],[-180,85.71],[-180,86.7],[-170.42,86.65],[-161.36,86.52],[-147.1,86.49],[-133.87,86.25],[-122.71,85.84],[-113.82,85.31],[-106.87,84.68],[-99.47,84.07],[-93.53,83.38],[-88.75,82.63],[-84.87,81.83],[-81.68,81.01],[-77.83,80.33],[-74.51,79.6],[-71.62,78.85],[-69.09,78.07],[-69.09,78.07],[-67.65,78.5],[-66.1,78.92],[-64.04,79.42],[-61.9,79.88],[-58.6,80.5],[-55.08,81.05],[-52.2,81.43],[-48.91,81.7],[-45.4,81.95],[-41.55,82.16],[-37.49,82.35],[-31.28,82.37],[-30.16,82.36],[-30.16,82.36],[-35.19,82.11],[-39.87,81.81],[-44.2,81.45],[-47.94,80.86],[-51.22,80.23],[-54.09,79.57],[-55.72,79.02],[-57.2,78.48],[-57.2,78.48],[-59.55,77.86],[-61.66,77.22],[-63.58,76.57],[-64.67,75.99],[-65.67,75.4],[-66.39,74.85],[-67.07,74.31],[-67.07,74.31],[-69.56,74.55],[-72.14,74.77],[-75.74,74.98],[-79.43,75.13],[-83.17,75.23],[-86.95,75.26],[-90.74,75.23],[-94.49,75.14],[-98.18,74.99],[-101.79,74.78],[-105.29,74.52],[-108.66,74.2],[-107.78,73.53],[-110.54,73.18],[-113.18,72.81],[-115.71,72.4],[-118.13,71.96],[-120.43,71.49],[-122.62,71],[-124.69,70.48],[-123.2,69.83],[-121.81,69.16],[-120.49,68.49],[-120.49,68.49],[-122.23,67.95],[-123.89,67.39],[-125.47,66.81],[-124.63,66.41],[-123.82,66.01],[-125.35,65.32],[-126.8,64.62],[-128.17,63.91],[-129.48,63.18],[-130.72,62.44],[-131.9,61.69],[-130.42,61.15],[-128.99,60.59],[-127.61,60.02],[-126.27,59.43],[-126.93,59.67],[-128.16,58.89],[-129.34,58.11],[-130.46,57.32],[-131.54,56.51],[-132.57,55.7],[-133.56,54.88],[-134.5,54.05],[-135.42,53.22],[-136.29,52.38],[-137.14,51.53],[-138.37,51.98],[-139.62,52.42],[-140.4,51.57],[-141.15,50.71],[-141.87,49.86],[-142.57,48.99],[-143.24,48.13],[-143.89,47.26],[-144.52,46.38],[-145.13,45.51],[-145.73,44.63],[-146.3,43.74],[-146.86,42.86],[-147.4,41.97],[-147.92,41.08],[-148.44,40.18],[-148.94,39.29],[-149.42,38.39],[-149.9,37.49],[-150.36,36.59],[-149.64,35.95],[-148.93,35.32],[-149.57,34.64],[-150.21,33.96],[-150.83,33.27],[-149.93,32.65],[-149.05,32.03],[-148.17,31.39],[-147.31,30.76],[-146.46,30.11],[-145.63,29.51],[-144.81,28.91],[-144,28.3],[-143.2,27.68],[-142.41,27.07],[-141.63,26.44],[-140.85,25.82],[-140.09,25.18],[-139.33,24.55],[-139.72,23.72],[-140.1,22.89],[-140.48,22.06],[-140.85,21.22],[-141.22,20.39],[-141.58,19.56],[-141.94,18.72],[-141.94,18.72],[-142.27,18.75],[-142.7,18.82],[-142.93,18.79],[-143.39,18.6],[-143.96,18.38],[-144.04,18.57],[-144.74,18.33],[-145.11,19.06],[-145.48,19.79],[-145.67,19.8],[-146.15,19.85],[-146.71,19.81],[-147.52,19.74],[-147.68,19.74],[-148.09,19.76],[-149.06,19.69],[-149.35,19.63],[-150.25,19.55],[-151.14,19.46],[-151.46,19.41],[-151.99,19.29],[-152.52,19.16],[-153.32,19],[-153.42,19.41],[-153.5,19.88],[-153.48,20.05],[-153.5,20.12],[-153.85,20.04],[-154.18,19.97],[-154.62,19.95],[-155.04,19.9],[-155.24,19.87],[-155.24,19.88],[-155.53,19.83],[-155.6,20.78],[-155.79,21.43],[-155.98,22.08],[-156.17,22.74],[-156.76,22.68],[-157.36,22.61],[-158.39,22.51],[-159.41,22.4],[-160.44,22.29],[-160.44,22.29],[-161.25,22.17],[-162.06,22.04],[-162.02,21.26],[-161.98,20.47],[-161.94,19.69],[-161.85,18.72],[-161.76,17.75],[-161.67,16.78],[-162.53,16.68],[-163.39,16.57],[-164.25,16.45],[-165.11,16.33],[-165.05,15.83],[-164.98,15.32],[-164.88,14.5],[-164.78,13.69],[-164.68,12.87],[-164.58,12.05],[-164.49,11.36],[-165.1,11.27],[-165.71,11.18],[-165.66,11.18],[-166.42,11.06],[-167.17,10.94],[-167.92,10.82],[-167.83,10.06],[-167.74,9.3],[-167.66,8.55],[-167.57,7.79],[-168.48,7.68],[-169.39,7.57],[-170.3,7.46],[-171.21,7.35],[-172.12,7.23],[-172.17,7.22],[-172.99,7.12],[-173.81,7.01],[-174.63,6.9],[-175.45,6.79],[-176.26,6.68],[-176.27,6.68],[-177.07,6.57],[-177.86,6.46],[-178.66,6.34],[-179.45,6.23],[-179.33,5.25],[-179.2,4.26],[-180,4.13],[-180,5.13]]]]}},{"type":"Feature","properties":{"ma":125,"type":"gpml:TopologicalClosedPlateBoundary","name":"NE Africa","pid":715,"deforming":false},"geometry":{"type":"Polygon","coordinates":[[[7.63,4.44],[8.05,5.14],[8.47,5.85],[8.89,6.56],[8.89,6.56],[8.19,6.8],[7.48,7.05],[6.77,7.29],[5.95,7.64],[5.14,7.99],[4.32,8.33],[3.5,8.68],[2.68,9.02],[1.85,9.36],[1.03,9.7],[0.2,10.04],[-0.26,10.32],[-0.72,10.6],[-0.72,10.6],[0.11,10.91],[0.95,11.22],[1.79,11.53],[2.63,11.83],[3.48,12.14],[4.32,12.44],[5.17,12.74],[6.02,13.03],[6.84,13.39],[7.67,13.74],[8.5,14.08],[9.34,14.43],[10.05,14.82],[10.76,15.21],[11.47,15.59],[12.19,15.98],[12.85,16.23],[13.51,16.49],[14.23,16.66],[14.95,16.82],[15.76,16.75],[15.76,16.75],[16.5,16.42],[17.24,16.09],[17.98,15.76],[17.98,15.76],[18.49,16.08],[18.99,16.41],[19.79,16.95],[20.58,17.49],[21.38,18.03],[22.19,18.57],[23,19.1],[23.84,19.7],[23.84,19.7],[23.88,19.7],[24.74,19.69],[25.38,19.68],[26.22,19.66],[26.82,19.73],[27.53,19.81],[28.1,19.88],[28.67,19.94],[29.33,20.19],[30.03,20.45],[30.94,20.8],[31.74,21.12],[32.53,21.43],[33.15,21.67],[33.75,21.9],[34.7,22.25],[35.53,22.56],[36.39,22.87],[37.31,23.2],[37.81,23.38],[38.45,23.6],[38.93,23.76],[39.7,23.83],[40.48,23.9],[41.26,23.96],[41.26,23.96],[41.31,24.11],[41.31,24.11],[41.31,24.11],[42.08,23.75],[42.59,23.52],[43.1,23.29],[44.01,23.03],[44.91,22.77],[45.67,22.55],[46.44,22.32],[47.23,22.25],[48.01,22.17],[48.84,22.07],[49.66,21.96],[50.38,21.81],[51.09,21.66],[51.8,21.51],[52.52,21.32],[53.24,21.12],[53.85,20.95],[54.46,20.78],[54.82,20.51],[55.35,20.03],[55.87,19.54],[56.38,19.06],[56.99,18.5],[57.59,17.94],[58.44,17.44],[59.29,16.94],[59.92,16.72],[60.55,16.5],[61.39,16.26],[62.22,16.01],[63.04,15.85],[63.85,15.69],[64.42,15.63],[64.99,15.57],[65.53,15.44],[66.06,15.3],[67.01,15.22],[67.96,15.14],[67.96,15.14],[67.64,14.26],[67.32,13.39],[67,12.51],[66.69,11.63],[66.38,10.76],[66.07,9.88],[65.67,8.97],[65.28,8.06],[64.89,7.15],[64.51,6.24],[64.12,5.33],[63.74,4.42],[63.35,3.51],[62.97,2.6],[62.59,1.69],[62.2,0.78],[61.75,-0.1],[61.29,-0.98],[60.83,-1.86],[60.37,-2.74],[59.92,-3.62],[59.46,-4.5],[59,-5.37],[58.53,-6.25],[58,-7],[57.47,-7.75],[56.94,-8.5],[56.4,-9.24],[55.86,-9.99],[55.32,-10.73],[54.78,-11.48],[54.23,-12.22],[53.68,-12.96],[53.13,-13.7],[52.5,-14.37],[52.5,-14.37],[52.42,-15.27],[52.34,-16.17],[52.26,-17.08],[52.17,-17.98],[52.09,-18.88],[52,-19.78],[51.91,-20.68],[51.82,-21.59],[51.74,-22.49],[50.75,-22.4],[49.76,-22.3],[48.78,-22.2],[48.74,-23.05],[48.71,-23.9],[48.71,-23.9],[47.85,-24.05],[46.87,-24.21],[45.89,-24.37],[44.91,-24.53],[43.93,-24.68],[42.87,-24.85],[41.81,-25.02],[40.74,-25.19],[39.67,-25.34],[38.94,-25.46],[38.2,-25.58],[37.46,-25.69],[36.56,-25.85],[35.65,-26],[34.75,-26.15],[33.82,-26.29],[32.89,-26.43],[31.95,-26.56],[30.85,-26.71],[29.75,-26.85],[28.64,-26.99],[27.78,-27.28],[26.91,-27.56],[26.03,-27.84],[25.15,-28.11],[24.66,-28.42],[24.17,-28.73],[23.5,-29.19],[22.82,-29.64],[22.55,-30.21],[22.28,-30.79],[21.42,-31.17],[20.55,-31.54],[19.92,-31.24],[19.14,-31.08],[18.37,-30.91],[17.96,-30.01],[18.09,-29.15],[18.5,-28.82],[18.62,-28.28],[18.74,-27.73],[18.73,-27],[18.71,-26.27],[18.59,-25.38],[18.48,-24.5],[18.13,-24.29],[17.74,-24.5],[17.35,-24.97],[16.96,-25.43],[16.74,-25.96],[16.52,-26.5],[16.82,-27.09],[17.13,-27.68],[17.31,-28.47],[16.79,-28.78],[16.1,-28.88],[15.74,-28.45],[15.39,-28.02],[15.14,-27.1],[15.07,-26.38],[15,-25.67],[14.93,-24.96],[14.66,-24.41],[14.39,-23.86],[13.96,-23.01],[13.67,-22.45],[12.68,-22.66],[11.95,-22.38],[11.42,-22.56],[10.89,-22.74],[9.96,-22.65],[9.03,-22.56],[8.43,-22.63],[7.83,-22.7],[6.99,-22.5],[6.14,-22.3],[5.16,-22.27],[4.17,-22.23],[3.59,-22.18],[3.02,-22.13],[2.71,-21.7],[2.41,-21.27],[2.05,-20.87],[1.69,-20.48],[1.16,-20.38],[0.82,-19.86],[0.71,-19.3],[0.85,-19.08],[0.79,-18.61],[0.11,-18.06],[0.04,-17.74],[-0.02,-17.23],[-0.02,-17.23],[0.72,-16.81],[1.25,-16.29],[1.36,-15.8],[1.46,-15.31],[1.41,-14.69],[1.36,-14.07],[1.3,-13.51],[1.24,-12.96],[1.2,-12.24],[1.17,-11.52],[1.61,-10.72],[1.44,-10.15],[1.52,-9.56],[1.6,-8.96],[1.58,-8.32],[1.56,-7.67],[2.23,-7.56],[2.91,-7.45],[3.49,-7.62],[4.08,-7.79],[4.85,-7.69],[5.61,-7.59],[6.61,-7.76],[7.54,-8.09],[8.47,-8.41],[9.24,-8.27],[10.02,-8.12],[10.8,-8.31],[11.47,-8.18],[12.14,-8.04],[12.43,-7.37],[12.72,-6.69],[13,-6.02],[12.7,-5.57],[12.4,-5.12],[12.26,-4.49],[12.13,-3.85],[12.4,-3.17],[12.66,-2.49],[12.93,-1.8],[13.4,-1.38],[13.86,-0.95],[13.86,-0.95],[13.02,-0.41],[12.19,0.13],[11.35,0.67],[10.51,1.21],[9.85,1.71],[9.19,2.22],[8.53,2.72],[7.87,3.23],[7.21,3.73],[7.63,4.44]]]}},{"type":"Feature","properties":{"ma":125,"type":"gpml:TopologicalClosedPlateBoundary","name":"Pacific Plate AT","pid":901,"deforming":false},"geometry":{"type":"MultiPolygon","coordinates":[[[[180,3.14],[180,2.15],[180,1.16],[180,0.17],[180,-0.83],[180,-1.82],[180,-2.81],[180,-3.8],[180,-4.8],[180,-5.79],[180,-6.78],[180,-7.77],[180,-8.76],[180,-9.76],[180,-10.75],[180,-11.74],[180,-12.73],[180,-13.73],[180,-14.72],[180,-15.71],[180,-16.7],[180,-17.69],[180,-18.69],[180,-19.68],[180,-20.67],[180,-21.66],[180,-22.66],[180,-23.65],[180,-24.64],[180,-25.63],[180,-26.63],[180,-27.62],[180,-28.61],[180,-29.6],[180,-30.59],[180,-31.59],[180,-32.58],[178.84,-32.44],[177.68,-32.3],[176.53,-32.14],[175.38,-31.97],[174.24,-31.79],[173.1,-31.61],[171.96,-31.41],[170.83,-31.2],[169.71,-30.98],[168.59,-30.75],[167.48,-30.52],[166.37,-30.27],[165.26,-30.01],[164.17,-29.75],[163.08,-29.47],[163.33,-28.79],[163.58,-28.1],[162.66,-27.86],[161.75,-27.61],[160.84,-27.35],[159.93,-27.09],[159.03,-26.82],[158.14,-26.55],[158.44,-25.6],[158.74,-24.65],[159.03,-23.69],[159.32,-22.74],[159.6,-21.78],[159.89,-20.83],[160.16,-19.87],[160.44,-18.92],[160.71,-17.96],[159.75,-17.79],[158.79,-17.62],[157.83,-17.44],[157.85,-17.35],[157.85,-17.35],[158.42,-17.38],[158.98,-17.41],[159.03,-17.41],[159.05,-17.14],[159.07,-16.2],[159.1,-15.27],[159.12,-14.34],[159.15,-13.4],[159.17,-12.47],[159.19,-11.54],[159.22,-10.55],[159.25,-9.56],[159.28,-8.57],[159.31,-7.57],[159.33,-6.58],[159.3,-5.74],[159.26,-4.9],[159.23,-4.06],[159.19,-3.22],[160.11,-3.15],[161.03,-3.08],[161.95,-3.01],[162.88,-2.94],[163.8,-2.86],[164.72,-2.79],[165.64,-2.72],[166.56,-2.64],[167.48,-2.56],[168.4,-2.49],[169.32,-2.41],[169.33,-2.4],[169.25,-1.47],[169.16,-0.54],[169.08,0.39],[169,1.32],[168.92,2.25],[169.85,2.42],[170.77,2.58],[171.7,2.74],[172.62,2.9],[173.55,3.05],[174.48,3.21],[175.4,3.37],[176.33,3.52],[177.26,3.68],[177.25,3.68],[178.17,3.83],[179.08,3.98],[180,4.13],[180,3.14]]],[[[-180,-31.59],[-180,-30.59],[-180,-29.6],[-180,-28.61],[-180,-27.62],[-180,-26.63],[-180,-25.63],[-180,-24.64],[-180,-23.65],[-180,-22.66],[-180,-21.66],[-180,-20.67],[-180,-19.68],[-180,-18.69],[-180,-17.69],[-180,-16.7],[-180,-15.71],[-180,-14.72],[-180,-13.73],[-180,-12.73],[-180,-11.74],[-180,-10.75],[-180,-9.76],[-180,-8.76],[-180,-7.77],[-180,-6.78],[-180,-5.79],[-180,-4.8],[-180,-3.8],[-180,-2.81],[-180,-1.82],[-180,-0.83],[-180,0.17],[-180,1.16],[-180,2.15],[-180,3.14],[-180,4.13],[-179.2,4.26],[-179.33,5.25],[-179.45,6.23],[-178.66,6.34],[-177.86,6.46],[-177.07,6.57],[-176.27,6.68],[-176.26,6.68],[-175.45,6.79],[-174.63,6.9],[-173.81,7.01],[-172.99,7.12],[-172.17,7.22],[-172.12,7.23],[-171.21,7.35],[-170.3,7.46],[-169.39,7.57],[-168.48,7.68],[-167.57,7.79],[-167.66,8.55],[-167.74,9.3],[-167.83,10.06],[-167.92,10.82],[-167.17,10.94],[-166.42,11.06],[-165.66,11.18],[-165.71,11.18],[-165.1,11.27],[-164.49,11.36],[-164.58,12.05],[-164.68,12.87],[-164.78,13.69],[-164.88,14.5],[-164.98,15.32],[-165.05,15.83],[-165.11,16.33],[-164.25,16.45],[-163.39,16.57],[-162.53,16.68],[-161.67,16.78],[-161.76,17.75],[-161.85,18.72],[-161.94,19.69],[-161.98,20.47],[-162.02,21.26],[-162.06,22.04],[-161.25,22.17],[-160.44,22.29],[-160.44,22.29],[-159.41,22.4],[-158.39,22.51],[-157.36,22.61],[-156.76,22.68],[-156.17,22.74],[-155.98,22.08],[-155.79,21.43],[-155.6,20.78],[-155.53,19.83],[-155.24,19.88],[-155.24,19.87],[-155.04,19.9],[-154.62,19.95],[-154.18,19.97],[-153.85,20.04],[-153.5,20.12],[-153.48,20.05],[-153.5,19.88],[-153.42,19.41],[-153.32,19],[-152.52,19.16],[-151.99,19.29],[-151.46,19.41],[-151.14,19.46],[-150.25,19.55],[-149.35,19.63],[-149.06,19.69],[-148.09,19.76],[-147.68,19.74],[-147.52,19.74],[-146.71,19.81],[-146.15,19.85],[-145.67,19.8],[-145.48,19.79],[-145.11,19.06],[-144.74,18.33],[-144.04,18.57],[-143.96,18.38],[-143.39,18.6],[-142.93,18.79],[-142.7,18.82],[-142.27,18.75],[-141.94,18.72],[-141.94,18.72],[-141.98,18.64],[-141.98,18.64],[-141.89,18.46],[-141.78,18.35],[-141.65,18.11],[-141.48,17.68],[-141.62,17.62],[-141.52,17.38],[-141.4,17.05],[-141.28,16.44],[-141.23,16.32],[-140.7,16.53],[-140.27,15.65],[-141.1,15.34],[-141.93,15.02],[-141.87,14.89],[-141.62,14.49],[-141.95,14.3],[-141.65,13.72],[-141.46,13.58],[-141.09,12.96],[-140.97,12.38],[-140.81,12.1],[-140.48,12.23],[-140.04,11.35],[-139.61,10.46],[-139.18,9.58],[-138.75,8.69],[-138.43,8.2],[-138.47,8.17],[-138.18,7.67],[-137.9,7.17],[-137.55,6.33],[-137.4,6.1],[-136.76,6.45],[-136.11,6.81],[-135.46,7.17],[-135.19,6.72],[-135.03,6.16],[-134.4,6.38],[-133.77,6.59],[-133.68,6.38],[-133.55,5.93],[-133.16,5.22],[-133.01,4.6],[-132.87,3.98],[-132.73,3.6],[-132.62,3.38],[-132.63,3.27],[-132.44,2.93],[-132.44,2.81],[-132.27,2.5],[-131.87,1.91],[-131.46,1.32],[-131.2,1.39],[-131.06,1.13],[-130.89,0.56],[-130.72,0.2],[-131.42,-0.1],[-131.15,-0.54],[-130.7,-0.37],[-130.44,-0.97],[-131.26,-1.35],[-132.09,-1.74],[-132.91,-2.12],[-133.73,-2.51],[-134.55,-2.89],[-134.15,-3.68],[-133.76,-4.46],[-133.36,-5.24],[-133.08,-5.09],[-132.72,-5.76],[-132.36,-6.43],[-132.67,-6.6],[-132.19,-7.4],[-131.7,-8.2],[-131.22,-9],[-130.73,-9.8],[-130.22,-9.58],[-129.72,-9.36],[-129.12,-9.28],[-128.51,-9.2],[-128.08,-8.71],[-127.65,-8.22],[-127.22,-8.5],[-126.8,-8.77],[-126.1,-9.36],[-126.17,-9.48],[-125.64,-9.84],[-125.11,-10.21],[-124.97,-10.05],[-124.51,-10.4],[-124.05,-10.75],[-123.43,-10.2],[-123.06,-10.6],[-122.69,-11],[-122.62,-10.93],[-122.19,-11.42],[-122.6,-11.82],[-122.16,-12.24],[-122.25,-12.33],[-121.56,-13.01],[-120.88,-13.69],[-120.19,-14.36],[-119.49,-15.03],[-118.8,-15.7],[-118.09,-16.37],[-117.39,-17.03],[-116.67,-17.69],[-115.95,-18.35],[-115.23,-19.01],[-114.5,-19.66],[-113.77,-20.31],[-113.77,-20.31],[-114.75,-20.57],[-115.74,-20.82],[-116.74,-21.07],[-117.73,-21.31],[-118.74,-21.55],[-119.74,-21.78],[-120.75,-22],[-121.75,-22.22],[-122.77,-22.43],[-123.78,-22.63],[-124.8,-22.83],[-125.82,-23.02],[-126.85,-23.21],[-127.88,-23.38],[-128.91,-23.56],[-129.94,-23.72],[-130.97,-23.88],[-132.01,-24.03],[-133.05,-24.17],[-132.79,-25.05],[-132.52,-25.92],[-133.45,-26.13],[-134.38,-26.34],[-135.31,-26.54],[-136.25,-26.73],[-136.02,-27.64],[-135.78,-28.54],[-135.53,-29.44],[-135.29,-30.35],[-136.32,-30.6],[-137.36,-30.85],[-138.4,-31.09],[-139.45,-31.33],[-140.5,-31.55],[-141.56,-31.77],[-142.62,-31.97],[-142.82,-31.11],[-143.02,-30.24],[-144.11,-30.43],[-145.21,-30.62],[-146.31,-30.8],[-147.41,-30.96],[-148.51,-31.12],[-149.62,-31.27],[-150.74,-31.41],[-151.85,-31.54],[-152.97,-31.66],[-154.09,-31.77],[-155.22,-31.87],[-156.35,-31.96],[-157.47,-32.04],[-158.61,-32.11],[-159.74,-32.17],[-160.87,-32.21],[-162.01,-32.25],[-163.14,-32.28],[-164.28,-32.3],[-165.42,-32.31],[-166.55,-32.31],[-167.69,-32.3],[-168.82,-32.28],[-169.96,-32.25],[-171.1,-32.2],[-171.04,-32.73],[-170.99,-33.26],[-172.12,-33.21],[-173.26,-33.15],[-174.39,-33.08],[-175.51,-33],[-176.64,-32.91],[-177.76,-32.81],[-178.88,-32.7],[-180,-32.58],[-180,-31.59]]]]}},{"type":"Feature","properties":{"ma":125,"type":"gpml:TopologicalClosedPlateBoundary","name":"Phoenix","pid":919,"deforming":false},"geometry":{"type":"MultiPolygon","coordinates":[[[[180,-33.58],[180,-34.57],[180,-35.57],[180,-36.57],[180,-37.57],[180,-38.56],[180,-39.56],[180,-40.56],[180,-41.56],[180,-42.55],[180,-43.55],[180,-44.55],[180,-45.55],[180,-46.54],[180,-47.54],[180,-48.54],[180,-49.54],[180,-50.53],[180,-51.53],[180,-52.53],[180,-53.53],[180,-54.52],[180,-55.52],[180,-56.52],[180,-57.52],[180,-58.51],[180,-59.51],[180,-60.51],[180,-61.51],[180,-62.51],[180,-63.5],[180,-64.5],[180,-65.5],[180,-66.5],[180,-67.49],[180,-68.49],[179.85,-68.47],[178.01,-68.22],[176.21,-67.96],[174.82,-67.69],[173.98,-67.58],[173.98,-67.58],[172.6,-67.25],[171.25,-66.9],[169.96,-66.72],[168.69,-66.53],[166.8,-66.09],[165.94,-65.7],[165.1,-65.31],[164.43,-64.89],[163.17,-64.44],[161.72,-64.19],[160.15,-63.98],[158,-63.74],[156.38,-63.68],[156.38,-63.68],[156.26,-64.01],[156.06,-63.91],[154.6,-63.6],[153.48,-63.41],[152.5,-63.14],[150.79,-62.59],[150.74,-61.87],[150.46,-61.47],[150.38,-60.87],[150.47,-60.08],[150.35,-59.67],[149.48,-59.08],[149.24,-58.37],[149.12,-58.09],[149.89,-57.73],[150.64,-57.36],[150.82,-56.93],[151.15,-56.11],[151.54,-55.4],[152.24,-54.57],[152.54,-53.95],[152.72,-53.67],[152.76,-53.45],[152.88,-53.17],[152.56,-52.65],[151.9,-52.16],[151.2,-51.43],[150.54,-50.73],[150.1,-49.99],[149.8,-49.51],[149.5,-49.04],[149.43,-48.47],[149.37,-47.9],[148.9,-47.09],[148.05,-46.52],[147.22,-45.95],[146.41,-45.37],[145.54,-44.89],[145.19,-44.49],[145.34,-43.71],[144.75,-43.11],[145.12,-42.63],[145.5,-42.15],[145.83,-41.7],[145.64,-40.83],[145.12,-40.15],[144.51,-39.66],[144.51,-39.66],[144.7,-39.44],[144.85,-38.6],[144.96,-37.63],[145.06,-36.67],[144.86,-35.99],[144.66,-35.31],[144.47,-34.63],[144.17,-33.86],[143.88,-33.08],[143.6,-32.3],[143.25,-31.63],[142.91,-30.96],[142.57,-30.29],[142.17,-29.58],[141.77,-28.86],[141.56,-28.61],[141.56,-28.61],[141.5,-28.45],[141.14,-27.53],[140.79,-26.6],[140.45,-25.67],[140.1,-24.74],[139.77,-23.81],[139.57,-22.9],[139.38,-21.98],[139.19,-21.06],[139,-20.14],[138.81,-19.22],[138.5,-18.66],[138.2,-18.1],[138.2,-18.1],[139.1,-18.14],[140,-18.17],[140.9,-18.2],[140.63,-18.84],[140.37,-19.48],[141.38,-19.56],[142.4,-19.64],[143.42,-19.71],[144.44,-19.77],[145.46,-19.83],[146.48,-19.89],[147.51,-19.93],[148.53,-19.97],[149.55,-20.01],[150.58,-20.04],[151.6,-20.06],[152.63,-20.08],[153.65,-20.09],[153.82,-19.35],[153.99,-18.6],[154.15,-17.86],[154.32,-17.11],[155.2,-17.17],[156.08,-17.24],[156.97,-17.29],[157.85,-17.35],[157.83,-17.44],[158.79,-17.62],[159.75,-17.79],[160.71,-17.96],[160.44,-18.92],[160.16,-19.87],[159.89,-20.83],[159.6,-21.78],[159.32,-22.74],[159.03,-23.69],[158.74,-24.65],[158.44,-25.6],[158.14,-26.55],[159.03,-26.82],[159.93,-27.09],[160.84,-27.35],[161.75,-27.61],[162.66,-27.86],[163.58,-28.1],[163.33,-28.79],[163.08,-29.47],[164.17,-29.75],[165.26,-30.01],[166.37,-30.27],[167.48,-30.52],[168.59,-30.75],[169.71,-30.98],[170.83,-31.2],[171.96,-31.41],[173.1,-31.61],[174.24,-31.79],[175.38,-31.97],[176.53,-32.14],[177.68,-32.3],[178.84,-32.44],[180,-32.58],[180,-33.58]]],[[[-180,-67.49],[-180,-66.5],[-180,-65.5],[-180,-64.5],[-180,-63.5],[-180,-62.51],[-180,-61.51],[-180,-60.51],[-180,-59.51],[-180,-58.51],[-180,-57.52],[-180,-56.52],[-180,-55.52],[-180,-54.52],[-180,-53.53],[-180,-52.53],[-180,-51.53],[-180,-50.53],[-180,-49.54],[-180,-48.54],[-180,-47.54],[-180,-46.54],[-180,-45.55],[-180,-44.55],[-180,-43.55],[-180,-42.55],[-180,-41.56],[-180,-40.56],[-180,-39.56],[-180,-38.56],[-180,-37.57],[-180,-36.57],[-180,-35.57],[-180,-34.57],[-180,-33.58],[-180,-32.58],[-178.88,-32.7],[-177.76,-32.81],[-176.64,-32.91],[-175.51,-33],[-174.39,-33.08],[-173.26,-33.15],[-172.12,-33.21],[-170.99,-33.26],[-171.04,-32.73],[-171.1,-32.2],[-169.96,-32.25],[-168.82,-32.28],[-167.69,-32.3],[-166.55,-32.31],[-165.42,-32.31],[-164.28,-32.3],[-163.14,-32.28],[-162.01,-32.25],[-160.87,-32.21],[-159.74,-32.17],[-158.61,-32.11],[-157.47,-32.04],[-156.35,-31.96],[-155.22,-31.87],[-154.09,-31.77],[-152.97,-31.66],[-151.85,-31.54],[-150.74,-31.41],[-149.62,-31.27],[-148.51,-31.12],[-147.41,-30.96],[-146.31,-30.8],[-145.21,-30.62],[-144.11,-30.43],[-143.02,-30.24],[-142.82,-31.11],[-142.62,-31.97],[-141.56,-31.77],[-140.5,-31.55],[-139.45,-31.33],[-138.4,-31.09],[-137.36,-30.85],[-136.32,-30.6],[-135.29,-30.35],[-135.53,-29.44],[-135.78,-28.54],[-136.02,-27.64],[-136.25,-26.73],[-135.31,-26.54],[-134.38,-26.34],[-133.45,-26.13],[-132.52,-25.92],[-132.79,-25.05],[-133.05,-24.17],[-132.01,-24.03],[-130.98,-23.88],[-129.94,-23.72],[-128.91,-23.56],[-127.88,-23.39],[-126.85,-23.21],[-125.83,-23.02],[-124.81,-22.83],[-123.79,-22.63],[-122.77,-22.43],[-121.76,-22.22],[-120.75,-22],[-119.74,-21.78],[-118.74,-21.55],[-117.74,-21.31],[-116.74,-21.07],[-115.75,-20.82],[-114.76,-20.57],[-113.77,-20.31],[-113.77,-20.31],[-112.81,-20.55],[-111.84,-20.77],[-110.87,-20.99],[-109.9,-21.21],[-108.93,-21.42],[-107.95,-21.62],[-107.98,-22.44],[-108,-23.26],[-108.03,-24.08],[-108.06,-24.9],[-108.08,-25.72],[-107.03,-25.73],[-105.97,-25.73],[-104.91,-25.73],[-103.86,-25.72],[-102.8,-25.7],[-101.75,-25.67],[-100.69,-25.64],[-99.64,-25.6],[-98.58,-25.55],[-97.53,-25.49],[-96.48,-25.42],[-95.43,-25.35],[-94.38,-25.27],[-94.19,-26.11],[-94,-26.95],[-93.81,-27.78],[-93.62,-28.62],[-93.42,-29.45],[-92.36,-29.33],[-91.31,-29.19],[-90.26,-29.05],[-89.21,-28.9],[-88.17,-28.74],[-87.13,-28.58],[-86.09,-28.4],[-85.06,-28.22],[-84.03,-28.03],[-83,-27.83],[-81.98,-27.62],[-80.96,-27.41],[-79.94,-27.19],[-79.57,-27.83],[-79.19,-28.46],[-78.14,-28.25],[-77.11,-28.04],[-76.07,-27.82],[-75.04,-27.59],[-74.02,-27.36],[-73,-27.12],[-71.98,-26.86],[-70.97,-26.61],[-69.96,-26.34],[-68.96,-26.07],[-67.96,-25.79],[-66.97,-25.51],[-65.98,-25.22],[-65,-24.92],[-65,-24.92],[-64.3,-25.1],[-63.61,-25.28],[-62.59,-25.4],[-61.56,-25.51],[-61.24,-25.59],[-61.24,-25.59],[-60.86,-26.14],[-60.49,-26.7],[-60.05,-27.27],[-59.61,-27.84],[-58.9,-28.6],[-58.17,-29.35],[-57.48,-30.09],[-56.78,-30.83],[-56.43,-31.21],[-55.83,-31.53],[-55.18,-31.87],[-54.53,-32.21],[-54.2,-32.34],[-54.2,-32.34],[-54.16,-32.47],[-53.89,-33.2],[-53.83,-33.74],[-53.68,-34.31],[-53.56,-35.04],[-53.67,-35.93],[-53.79,-36.83],[-53.77,-37.65],[-53.75,-38.47],[-53.73,-39.3],[-53.71,-40.12],[-53.68,-40.94],[-53.73,-41.73],[-53.77,-42.53],[-53.81,-43.32],[-53.86,-44.11],[-54.22,-45],[-54.59,-45.89],[-54.97,-46.78],[-55.37,-47.66],[-55.78,-48.55],[-56.29,-49.22],[-56.82,-49.89],[-57.08,-50.31],[-57.27,-50.77],[-57.27,-50.77],[-57.7,-51.32],[-58.02,-51.58],[-58.22,-51.93],[-58.38,-52.2],[-58.65,-52.65],[-58.84,-52.92],[-59.19,-53.41],[-59.45,-53.77],[-59.71,-54.15],[-59.98,-54.55],[-60.4,-55.17],[-60.57,-55.42],[-60.82,-55.76],[-61.03,-56.07],[-61.24,-56.36],[-61.45,-56.71],[-61.63,-57],[-61.77,-57.25],[-61.81,-57.32],[-61.9,-57.55],[-62.02,-57.82],[-62.14,-58.26],[-62.45,-58.56],[-62.83,-58.87],[-63.36,-59.22],[-63.94,-59.63],[-64.3,-59.89],[-64.61,-60.12],[-64.87,-60.31],[-65.27,-60.63],[-65.61,-61.05],[-65.75,-61.4],[-65.85,-61.72],[-65.95,-61.97],[-65.99,-62.27],[-66.05,-62.62],[-66.06,-63],[-66.04,-63.41],[-66.13,-63.72],[-66.23,-63.88],[-66.39,-64.2],[-66.59,-64.57],[-66.68,-64.75],[-66.68,-64.75],[-67.79,-65.01],[-68.93,-65.26],[-70.99,-65.61],[-73.01,-65.41],[-74.7,-65.19],[-75.81,-65.66],[-76.96,-66.12],[-78.52,-66.51],[-80.13,-66.88],[-81.8,-67.49],[-83.89,-67.84],[-85.63,-68.29],[-86.61,-68.86],[-87.63,-69.43],[-88.47,-69.85],[-89.34,-70.27],[-91.14,-70.9],[-92.47,-71.25],[-93.84,-71.59],[-94.84,-72.06],[-95.89,-72.53],[-98.02,-73.25],[-99.54,-73.72],[-102.88,-73.98],[-105.37,-74.16],[-108.5,-74.59],[-111.8,-74.88],[-114.35,-74.99],[-116.92,-75.08],[-118.4,-75.06],[-118.4,-75.06],[-121.38,-74.87],[-124.27,-74.64],[-127.83,-74.34],[-131.24,-73.99],[-134.5,-73.59],[-137.42,-73.18],[-140.19,-72.73],[-142.48,-72.38],[-144.67,-72],[-146.77,-71.59],[-148.78,-71.16],[-151.2,-70.85],[-153.54,-70.51],[-155.8,-70.13],[-155.8,-70.13],[-156.31,-70.11],[-158.66,-70.04],[-160.99,-69.93],[-163.3,-69.8],[-165.69,-69.64],[-168.05,-69.45],[-170.72,-69.31],[-173.36,-69.13],[-175.62,-68.95],[-177.83,-68.73],[-180,-68.49],[-180,-67.49]]]]}},{"type":"Feature","properties":{"ma":125,"type":"gpml:TopologicalClosedPlateBoundary","name":"SAM","pid":201,"deforming":false},"geometry":{"type":"Polygon","coordinates":[[[-67.38,-68.59],[-66.69,-68.28],[-65.8,-67.79],[-64.95,-67.29],[-64.95,-67.29],[-65.15,-67.17],[-65.41,-66.98],[-65.56,-66.85],[-65.98,-66.53],[-66.48,-66.05],[-66.76,-65.77],[-66.88,-65.37],[-66.87,-65.3],[-66.76,-64.93],[-66.59,-64.57],[-66.39,-64.2],[-66.23,-63.88],[-66.13,-63.72],[-66.04,-63.41],[-66.06,-63],[-66.05,-62.62],[-65.99,-62.27],[-65.95,-61.97],[-65.85,-61.72],[-65.75,-61.4],[-65.61,-61.05],[-65.27,-60.63],[-64.87,-60.31],[-64.61,-60.12],[-64.3,-59.89],[-63.94,-59.63],[-63.36,-59.22],[-62.83,-58.87],[-62.45,-58.56],[-62.14,-58.26],[-62.02,-57.82],[-61.9,-57.55],[-61.81,-57.32],[-61.77,-57.25],[-61.63,-57],[-61.45,-56.71],[-61.24,-56.36],[-61.03,-56.07],[-60.82,-55.76],[-60.57,-55.42],[-60.4,-55.17],[-59.98,-54.55],[-59.71,-54.15],[-59.45,-53.77],[-59.19,-53.41],[-58.84,-52.92],[-58.65,-52.65],[-58.38,-52.2],[-58.22,-51.93],[-58.02,-51.58],[-57.7,-51.32],[-57.27,-50.77],[-57.27,-50.77],[-57.08,-50.31],[-56.82,-49.89],[-56.29,-49.22],[-55.78,-48.55],[-55.37,-47.66],[-54.97,-46.78],[-54.59,-45.89],[-54.22,-45],[-53.86,-44.11],[-53.81,-43.32],[-53.77,-42.53],[-53.73,-41.73],[-53.68,-40.94],[-53.71,-40.12],[-53.73,-39.3],[-53.75,-38.47],[-53.77,-37.65],[-53.79,-36.83],[-53.67,-35.93],[-53.56,-35.04],[-53.68,-34.31],[-53.83,-33.74],[-53.89,-33.2],[-54.16,-32.47],[-54.2,-32.34],[-54.2,-32.34],[-54.53,-32.21],[-54.71,-32.12],[-54.71,-32.12],[-54.96,-31.55],[-55.39,-30.79],[-55.75,-30.2],[-56.11,-29.6],[-56.54,-28.98],[-56.96,-28.35],[-57.36,-27.7],[-57.75,-27.05],[-58.07,-26.5],[-58.38,-25.96],[-58.69,-25.24],[-59,-24.53],[-59.3,-23.81],[-59.3,-23.81],[-58.67,-23.69],[-58.67,-23.69],[-58.12,-22.97],[-57.83,-22.12],[-57.54,-21.27],[-57.35,-20.61],[-57.17,-19.95],[-56.99,-19.29],[-56.6,-18.7],[-56.22,-18.12],[-55.84,-17.53],[-55.73,-16.54],[-55.61,-15.56],[-55.5,-14.57],[-55.03,-13.85],[-54.58,-13.12],[-54.12,-12.4],[-54.12,-12.4],[-54.14,-12.31],[-54.33,-11.77],[-54.52,-11.23],[-54.69,-10.64],[-54.85,-10.05],[-55.22,-9.33],[-55.59,-8.62],[-55.96,-7.9],[-56.33,-7.19],[-56.7,-6.47],[-57.26,-5.84],[-57.82,-5.21],[-58.39,-4.58],[-58.95,-3.94],[-59.51,-3.31],[-59.71,-3.14],[-59.71,-3.14],[-59.15,-2.63],[-58.58,-2.11],[-58.02,-1.6],[-57.37,-2.25],[-56.72,-2.91],[-56.08,-2.36],[-55.44,-1.8],[-54.89,-2.34],[-54.35,-2.88],[-53.81,-3.42],[-53.17,-2.77],[-52.53,-2.12],[-51.88,-1.47],[-51.24,-0.82],[-50.6,-0.17],[-49.96,0.48],[-49.32,1.13],[-48.68,1.78],[-48.01,1.12],[-47.34,0.46],[-46.69,1],[-46.05,1.55],[-45.4,2.1],[-44.75,2.64],[-44.11,3.19],[-43.57,2.62],[-43.03,2.05],[-42.52,2.53],[-42.01,3.01],[-42.01,3.01],[-41.61,2.52],[-41.21,2.03],[-40.58,1.43],[-39.95,0.83],[-39.32,0.24],[-38.69,-0.36],[-38.06,-0.96],[-37.43,-1.55],[-36.76,-2.11],[-36.1,-2.67],[-35.43,-3.23],[-34.76,-3.79],[-34,-4.42],[-33.23,-5.06],[-32.46,-5.69],[-31.95,-6.18],[-31.43,-6.67],[-30.92,-7.15],[-30.08,-7.47],[-29.23,-7.77],[-28.39,-8.08],[-28.39,-8.08],[-28.15,-8.57],[-27.79,-9.1],[-27.44,-9.62],[-26.93,-10.23],[-26.26,-10.98],[-26.03,-11.49],[-25.79,-12],[-25.7,-12.56],[-25.61,-13.12],[-25.41,-13.63],[-25.21,-14.13],[-24.87,-14.53],[-24.53,-14.93],[-23.95,-15.17],[-23.36,-15.42],[-22.85,-15.67],[-22.33,-15.91],[-21.77,-16.15],[-21.21,-16.39],[-20.36,-16.76],[-19.46,-17.24],[-18.58,-17.7],[-17.63,-18.06],[-16.71,-18.2],[-15.8,-18.33],[-15.08,-18.33],[-14.37,-18.32],[-13.58,-18.44],[-12.98,-18.62],[-12.74,-18.72],[-12.74,-18.72],[-12.37,-18.88],[-11.79,-19.06],[-11.23,-19.18],[-10.96,-19.39],[-10.88,-19.77],[-11.26,-20.09],[-11.93,-20.28],[-12.31,-20.56],[-12.66,-21.08],[-13,-21.03],[-13.4,-21.39],[-14.05,-21.64],[-14.46,-22.05],[-14.87,-22.47],[-15,-22.75],[-14.78,-23.14],[-14.41,-23.41],[-14,-23.39],[-13.96,-22.97],[-13.61,-22.76],[-13.07,-23.06],[-12.17,-23.43],[-11.27,-23.35],[-11.46,-23.59],[-11.93,-23.89],[-12.16,-24.12],[-12.35,-24.39],[-12.42,-24.76],[-12.34,-25.2],[-12.29,-25.65],[-12.27,-26.18],[-12.28,-26.62],[-12.34,-27.11],[-12.61,-27.81],[-12.69,-28.16],[-12.73,-28.67],[-12.61,-29.27],[-12.75,-29.81],[-12.75,-30.45],[-12.82,-31.07],[-13.02,-31.57],[-13.17,-32.05],[-13.19,-32.47],[-13.4,-32.84],[-13.52,-33.41],[-13.79,-33.96],[-13.91,-34.4],[-14.01,-34.92],[-14.13,-35.54],[-14.6,-36.17],[-14.87,-36.64],[-15.12,-37.11],[-15.82,-37.71],[-16.58,-37.91],[-17.34,-38.1],[-18.22,-38.25],[-19.1,-38.4],[-20.05,-38.74],[-20.69,-38.97],[-21.33,-39.2],[-22.39,-39.76],[-22.84,-40.18],[-23.29,-40.61],[-23.42,-41.13],[-23.55,-41.66],[-23.55,-42.57],[-24,-43.5],[-24.59,-43.93],[-24.74,-44.1],[-25.22,-44.9],[-25.87,-45.67],[-26.55,-46.46],[-26.96,-47.05],[-27.59,-47.74],[-28.18,-48.55],[-28.66,-49.35],[-29.27,-50.12],[-29.94,-50.57],[-30.61,-51.02],[-31.45,-51.55],[-32.31,-52.08],[-32.73,-52.32],[-33.28,-52.83],[-33.86,-53.34],[-34.56,-53.98],[-35.35,-54.6],[-36.16,-55.22],[-36.99,-55.83],[-37.98,-56.66],[-38.56,-57.25],[-39.05,-57.92],[-39.46,-58.59],[-39.88,-59.26],[-40.05,-59.76],[-40.23,-60.25],[-40.36,-60.73],[-40.36,-61.15],[-40.36,-61.15],[-38.95,-61.4],[-37.52,-61.64],[-36.07,-61.87],[-34.12,-62.09],[-32.14,-62.29],[-30.24,-62.44],[-28.32,-62.57],[-26.45,-62.73],[-24.56,-62.87],[-22.89,-63.04],[-21.2,-63.18],[-19.5,-63.31],[-17.6,-63.39],[-15.68,-63.44],[-13.76,-63.47],[-12.3,-63.33],[-10.85,-63.18],[-9.41,-63.02],[-9.41,-63.02],[-9.71,-63.96],[-10.02,-64.91],[-10.36,-65.85],[-10.7,-66.51],[-11.07,-67.17],[-11.07,-67.17],[-13.35,-67.65],[-15.72,-68.1],[-18.18,-68.51],[-18.7,-68.7],[-19.44,-68.9],[-19.99,-69.05],[-20.78,-69.23],[-21.31,-69.37],[-21.92,-69.52],[-22.71,-69.74],[-23.33,-69.9],[-24,-70.03],[-24.65,-70.14],[-25.46,-70.26],[-26.55,-70.39],[-28.17,-70.56],[-29.45,-70.73],[-30.71,-70.93],[-31.91,-71.09],[-33.23,-71.19],[-35.07,-71.36],[-37.3,-71.51],[-38.33,-71.58],[-40.25,-71.77],[-41.83,-71.9],[-42.99,-71.97],[-44.3,-72.12],[-45.42,-72.19],[-46.51,-72.22],[-47.42,-72.25],[-48.55,-72.14],[-49.18,-72.16],[-49.3,-72.16],[-49.41,-72.17],[-49.53,-72.17],[-49.64,-72.17],[-49.75,-72.17],[-50.34,-72.1],[-51.21,-72.08],[-52.58,-72.03],[-53.67,-71.93],[-55.35,-71.68],[-57.46,-71.28],[-59.49,-70.86],[-60.31,-70.57],[-62.2,-70.1],[-64.01,-69.61],[-65.73,-69.11],[-67.38,-68.59]]]}},{"type":"Feature","properties":{"ma":125,"type":"gpml:TopologicalClosedPlateBoundary","name":"South Africa","pid":701,"deforming":false},"geometry":{"type":"Polygon","coordinates":[[[-6.5,-22.28],[-5.53,-22.21],[-4.57,-22.13],[-3.85,-22.35],[-3.13,-22.56],[-2.3,-22.68],[-1.47,-22.79],[-0.76,-22.65],[-0.06,-22.52],[0.83,-22.59],[1.72,-22.65],[2.44,-22.75],[3.16,-22.84],[4.2,-22.95],[5.25,-23.06],[6.3,-23.15],[7.15,-23.11],[8,-23.07],[8.85,-23.02],[9.72,-23.31],[10.6,-23.6],[11.15,-24.35],[11.72,-25.1],[12.29,-25.85],[12.87,-26.59],[13.02,-27.27],[13.47,-27.58],[13.93,-27.89],[13.86,-28.81],[14.53,-29.54],[15.22,-30.26],[15.92,-30.55],[16.62,-30.83],[17.33,-31.11],[18.23,-31.51],[19.13,-31.9],[20.04,-32.28],[20.97,-32.12],[21.89,-31.95],[22.69,-31.33],[23.47,-30.7],[24.24,-30.06],[25.02,-29.61],[25.78,-29.16],[26.41,-28.8],[27.03,-28.44],[27.95,-28.33],[28.86,-28.22],[29.77,-28.09],[30.78,-28],[31.79,-27.9],[32.8,-27.8],[33.81,-27.65],[34.81,-27.49],[35.81,-27.33],[36.74,-27.11],[37.67,-26.88],[38.59,-26.65],[38.59,-26.65],[39.12,-26.05],[39.59,-25.67],[40.06,-25.29],[40.06,-25.29],[41.03,-25.14],[42,-24.99],[42.96,-24.84],[43.93,-24.68],[44.91,-24.53],[45.89,-24.37],[46.87,-24.21],[47.85,-24.05],[48.71,-23.9],[48.71,-23.9],[48.67,-24.85],[48.2,-25.61],[47.73,-26.37],[47.24,-27.13],[46.76,-27.89],[46.26,-28.65],[45.76,-29.4],[44.7,-29.68],[43.64,-29.95],[42.57,-30.21],[42.7,-30.97],[42.83,-31.73],[42.96,-32.49],[43.1,-33.25],[42.09,-33.45],[41.07,-33.64],[40.16,-33.88],[40.26,-34.48],[39.22,-34.71],[39.35,-35.41],[38.19,-35.65],[38.22,-36.01],[37.3,-36.13],[36.37,-36.25],[36.33,-36.83],[36.28,-37.41],[36.28,-37.41],[35.61,-37.39],[35.55,-38.38],[35.48,-39.37],[35.41,-40.36],[34.62,-40.35],[33.65,-40.36],[32.68,-40.36],[31.71,-40.35],[31.6,-41.24],[31.49,-42.13],[31.38,-43.01],[31.26,-43.9],[30.31,-43.9],[29.35,-43.88],[28.4,-43.86],[28.36,-44.36],[27.24,-44.3],[26.13,-44.23],[25.02,-44.15],[23.91,-44.07],[23.71,-45.05],[23.51,-46.04],[23.29,-47.03],[23.07,-48.01],[22.84,-49],[22.6,-49.99],[22.35,-50.97],[22.09,-51.96],[21.82,-52.94],[21.54,-53.92],[21.24,-54.91],[20.93,-55.89],[20.6,-56.87],[20.25,-57.85],[19.89,-58.83],[19.5,-59.81],[19.09,-60.78],[18.65,-61.76],[18.65,-61.76],[18.59,-61.76],[17.42,-61.7],[16.26,-61.64],[15.9,-62.37],[15.52,-63.11],[13.8,-62.99],[12.1,-62.85],[10.41,-62.7],[10.05,-63.21],[9.68,-63.72],[8.13,-63.51],[6.6,-63.28],[5.9,-63.92],[5.16,-64.55],[4.39,-65.18],[2.58,-64.92],[0.8,-64.63],[-0.94,-64.33],[-0.94,-64.33],[-2.47,-64.85],[-4.07,-65.35],[-5.72,-65.83],[-7.44,-66.3],[-9.22,-66.75],[-11.07,-67.17],[-11.07,-67.17],[-10.7,-66.51],[-10.36,-65.85],[-10.02,-64.91],[-9.71,-63.96],[-9.41,-63.02],[-9.41,-63.02],[-10.85,-63.18],[-12.3,-63.33],[-13.76,-63.47],[-15.68,-63.44],[-17.6,-63.39],[-19.5,-63.31],[-21.2,-63.18],[-22.89,-63.04],[-24.56,-62.87],[-26.45,-62.73],[-28.32,-62.57],[-29.57,-62.49],[-29.57,-62.49],[-29.67,-61.68],[-29.6,-61.01],[-29.53,-60.34],[-29.54,-59.74],[-29.54,-59.14],[-29.07,-58.56],[-28.61,-57.98],[-27.71,-57.18],[-26.84,-56.37],[-26.35,-55.78],[-25.88,-55.19],[-25.63,-54.62],[-25.4,-54.05],[-25.17,-53.12],[-24.95,-52.23],[-24.58,-51.72],[-24.22,-51.22],[-23.83,-50.7],[-23.45,-50.18],[-23.05,-49.69],[-22.67,-49.2],[-22.08,-48.31],[-21.71,-47.69],[-21.35,-47.07],[-21.16,-46.15],[-20.81,-45.32],[-20.62,-44.83],[-20.44,-44.34],[-20.21,-43.72],[-19.98,-43.09],[-19.49,-42.22],[-18.96,-41.82],[-18.44,-41.43],[-17.8,-41],[-17.16,-40.57],[-16.6,-40.22],[-16.04,-39.86],[-14.94,-39.37],[-14.33,-39.19],[-13.72,-39],[-12.81,-38.51],[-12.38,-38.06],[-11.95,-37.62],[-11.57,-37.03],[-11.39,-36.17],[-11.3,-35.18],[-11.12,-34.35],[-10.78,-33.57],[-10.48,-32.75],[-10.45,-32.25],[-10.43,-31.75],[-10.5,-30.86],[-10.89,-30.21],[-10.96,-29.66],[-11.04,-29.11],[-10.83,-28.59],[-10.64,-28.06],[-10.2,-27.29],[-9.93,-26.32],[-9.81,-25.81],[-9.7,-25.31],[-9.13,-24.77],[-8.57,-24.22],[-8.02,-23.68],[-7.74,-23.11],[-7.47,-22.55],[-7.46,-22.35],[-6.5,-22.28]]]}},{"type":"Feature","properties":{"ma":125,"type":"gpml:TopologicalClosedPlateBoundary","name":"Indian Plate","pid":501,"deforming":false},"geometry":{"type":"Polygon","coordinates":[[[37.01,-36.17],[38.22,-36.01],[38.19,-35.65],[39.35,-35.41],[39.22,-34.71],[40.26,-34.48],[40.16,-33.88],[41.07,-33.64],[42.09,-33.45],[43.1,-33.25],[42.96,-32.49],[42.83,-31.73],[42.7,-30.97],[42.57,-30.21],[43.64,-29.95],[44.7,-29.68],[45.76,-29.4],[46.26,-28.65],[46.76,-27.89],[47.24,-27.13],[47.73,-26.37],[48.2,-25.61],[48.67,-24.85],[48.71,-23.97],[48.74,-23.08],[48.78,-22.2],[49.76,-22.3],[50.75,-22.4],[51.74,-22.49],[51.79,-21.98],[51.84,-21.47],[51.84,-21.47],[52.19,-21.9],[52.55,-22.33],[53.07,-22.04],[53.59,-21.75],[54.18,-22.39],[54.77,-23.03],[55.37,-23.66],[55.97,-24.3],[56.58,-24.93],[57.2,-25.56],[57.88,-25.09],[58.55,-24.62],[59.26,-25.36],[59.98,-26.09],[60.71,-26.82],[61.45,-27.54],[62.2,-28.26],[62.9,-27.82],[63.59,-27.38],[64.23,-27.99],[64.87,-28.6],[65.52,-29.21],[66.18,-29.82],[66.85,-30.42],[67.52,-31.02],[67.94,-30.7],[68.71,-31.34],[69.49,-31.97],[70.28,-32.6],[71.08,-33.22],[71.89,-33.84],[72.71,-34.45],[73.55,-35.06],[74.39,-35.66],[75.25,-36.25],[76.13,-36.84],[77.01,-37.42],[77.9,-36.73],[78.77,-36.02],[79.62,-35.31],[80.46,-34.6],[81.28,-33.88],[82.09,-33.15],[82.89,-32.42],[83.77,-33.01],[84.66,-33.59],[85.56,-34.17],[86.48,-34.74],[87.41,-35.31],[87.54,-35.46],[87.54,-35.46],[87.23,-35.49],[87.23,-35.49],[87.1,-35.68],[86.54,-36.49],[85.98,-37.29],[85.39,-38.1],[84.8,-38.9],[84.19,-39.69],[83.57,-40.49],[82.93,-41.28],[82.28,-42.06],[81.61,-42.85],[80.9,-43.35],[80.18,-43.84],[79.44,-44.34],[78.32,-44.93],[77.18,-45.52],[76.02,-46.09],[76.02,-46.09],[76.71,-46.72],[77.41,-47.35],[78.13,-47.97],[78.87,-48.59],[79.77,-49.27],[80.7,-49.93],[81.65,-50.59],[82.64,-51.3],[83.66,-52],[83.22,-52.38],[83.83,-52.79],[83.28,-53.12],[83.92,-53.56],[84.56,-53.99],[83.97,-54.27],[84.24,-54.52],[83.21,-55.04],[82.31,-55.5],[80.99,-56.08],[80.12,-56.47],[79.25,-56.85],[78.46,-57.15],[77.65,-57.44],[77.65,-57.44],[78.39,-57.66],[78.67,-57.79],[78.67,-57.79],[77.22,-58.2],[75.73,-58.6],[74.21,-58.99],[72.66,-59.35],[71.07,-59.7],[69.45,-60.03],[67.8,-60.34],[66.12,-60.62],[65.52,-59.81],[64.94,-59],[63.08,-59.26],[61.18,-59.5],[59.26,-59.71],[58.78,-58.95],[57.15,-59.07],[55.5,-59.16],[53.84,-59.24],[52.18,-59.3],[50.51,-59.33],[48.84,-59.34],[48.87,-59.53],[47.01,-59.6],[45.14,-59.64],[43.27,-59.66],[41.4,-59.65],[41.25,-60.61],[39.78,-60.66],[38.32,-60.68],[36.85,-60.69],[36.69,-61.38],[34.75,-61.43],[32.82,-61.44],[30.88,-61.43],[28.95,-61.4],[27.02,-61.33],[27.02,-61.33],[27.48,-60.62],[27.92,-59.92],[28.69,-59.19],[29.43,-58.46],[30.09,-57.91],[30.74,-57.36],[31.34,-56.74],[31.92,-56.12],[32.35,-55.51],[32.77,-54.89],[33.16,-54.29],[33.54,-53.69],[34.01,-52.94],[34.46,-52.2],[34.83,-51.56],[34.89,-51.03],[34.95,-50.49],[35,-49.94],[35.06,-49.38],[35.15,-48.48],[35.24,-47.57],[35.33,-46.65],[35.41,-45.73],[35.56,-45.07],[35.69,-44.42],[35.86,-43.55],[36.03,-42.68],[36.19,-41.81],[36.38,-40.83],[36.58,-39.85],[36.76,-38.87],[36.85,-37.97],[36.93,-37.07],[37.01,-36.17]]]}},{"type":"Feature","properties":{"ma":125,"type":"gpml:TopologicalClosedPlateBoundary","name":"Challenger Plate","pid":806,"deforming":false},"geometry":{"type":"MultiPolygon","coordinates":[[[[180,-69.33],[180,-70.17],[180,-71.02],[180,-71.86],[180,-72.7],[179.02,-72.86],[176.69,-73.17],[174.28,-73.45],[171.79,-73.7],[168.68,-74.06],[165.45,-74.38],[162.68,-74.42],[159.71,-74.31],[157.72,-74.14],[155.77,-73.95],[154.91,-73.51],[154.91,-73.51],[154.91,-73.51],[154.1,-73.07],[153.32,-72.62],[152.45,-72.39],[152.45,-72.39],[151.8,-72.81],[149.92,-73.31],[149.92,-73.31],[149.02,-73.12],[147.53,-72.93],[144.75,-73.28],[143.77,-72.8],[142.85,-72.32],[143.57,-71.78],[144.24,-71.24],[144.45,-71.12],[145.07,-70.8],[145.07,-70.8],[144.92,-70.61],[144.32,-70.26],[143.61,-69.93],[143.61,-69.93],[143.58,-69.93],[143.58,-69.93],[145.11,-69.49],[146.43,-69.09],[147.77,-68.65],[149.23,-68.14],[149.62,-67.95],[150.2,-67.45],[149.33,-67.14],[151.35,-66.62],[153.28,-66.07],[155.14,-65.5],[156.91,-64.91],[158.61,-64.65],[160.28,-64.37],[161.59,-64.39],[162.91,-64.4],[162.91,-64.4],[163.17,-64.44],[164.43,-64.89],[165.1,-65.31],[165.94,-65.7],[166.8,-66.09],[168.69,-66.53],[169.96,-66.72],[171.25,-66.9],[173,-67.35],[174.81,-67.77],[174.81,-67.77],[173.98,-67.58],[173.98,-67.58],[174.82,-67.69],[176.21,-67.96],[178.01,-68.22],[179.85,-68.47],[180,-68.49],[180,-69.33]]],[[[-180,-71.86],[-180,-71.02],[-180,-70.17],[-180,-69.33],[-180,-68.49],[-177.83,-68.73],[-175.62,-68.95],[-173.36,-69.13],[-170.72,-69.31],[-168.05,-69.45],[-165.69,-69.64],[-163.3,-69.8],[-160.99,-69.93],[-158.66,-70.04],[-156.31,-70.11],[-155.8,-70.13],[-155.8,-70.13],[-153.87,-70.45],[-151.89,-70.75],[-151.89,-70.75],[-151.89,-70.75],[-154.28,-70.88],[-156.69,-70.97],[-159.12,-71.03],[-161.56,-71.07],[-164.32,-71.25],[-167.13,-71.39],[-169.97,-71.49],[-172.71,-71.69],[-175.51,-71.86],[-177.7,-72.29],[-180,-72.7],[-180,-71.86]]]]}},{"type":"Feature","properties":{"ma":125,"type":"gpml:TopologicalClosedPlateBoundary","name":"Eurasia EUR_128_121","pid":301,"deforming":false},"geometry":{"type":"Polygon","coordinates":[[[69.63,19.57],[69.29,18.69],[68.95,17.8],[68.62,16.91],[68.28,16.02],[67.96,15.14],[67.01,15.22],[66.06,15.3],[65.53,15.44],[64.99,15.57],[64.42,15.63],[63.85,15.69],[63.04,15.85],[62.22,16.01],[61.39,16.26],[60.55,16.5],[59.92,16.72],[59.29,16.94],[58.44,17.44],[57.59,17.94],[56.99,18.5],[56.38,19.06],[55.87,19.54],[55.35,20.03],[54.82,20.51],[54.46,20.78],[53.85,20.95],[53.24,21.12],[52.52,21.32],[51.8,21.51],[51.09,21.66],[50.38,21.81],[49.66,21.96],[48.84,22.07],[48.01,22.17],[47.23,22.25],[46.44,22.32],[45.67,22.55],[44.91,22.77],[44.01,23.03],[43.1,23.29],[42.59,23.52],[42.08,23.75],[41.31,24.11],[41.31,24.11],[41.31,24.11],[41.26,23.96],[41.26,23.96],[40.48,23.9],[39.7,23.83],[38.93,23.76],[38.45,23.6],[37.81,23.38],[37.31,23.2],[36.39,22.87],[35.53,22.56],[34.7,22.25],[33.75,21.9],[33.15,21.67],[32.53,21.43],[31.74,21.12],[30.94,20.8],[30.03,20.45],[29.33,20.19],[28.67,19.94],[28.1,19.88],[27.53,19.81],[26.82,19.73],[26.22,19.66],[25.38,19.68],[24.74,19.69],[23.88,19.7],[23.84,19.7],[23.84,19.7],[23,19.1],[22.41,18.71],[22.41,18.71],[21.63,19.29],[20.85,19.86],[20.05,20.51],[19.24,21.16],[18.87,21.67],[18.49,22.17],[18.49,22.17],[17.63,22.12],[17.05,22.13],[16.48,22.14],[15.82,22.19],[15.16,22.25],[14.55,22.39],[14.55,22.39],[14.08,21.89],[14.08,21.89],[13.17,21.56],[13.23,21.25],[12.79,20.85],[12.34,20.45],[11.89,19.98],[11.43,19.51],[10.46,19.17],[9.5,18.84],[8.54,18.49],[7.58,18.14],[6.59,18.07],[5.6,17.99],[5.4,17.64],[4.9,17.82],[4.41,18],[4.41,18],[4.95,18.63],[4.95,18.63],[4.72,19.15],[4.46,19.46],[4.18,19.74],[3.95,20.1],[3.71,20.41],[3.22,20.78],[2.7,21.18],[2.17,21.35],[1.91,21.54],[1.42,21.79],[0.98,21.89],[0.64,21.97],[0.25,22.02],[-0.1,22.05],[-0.45,22.07],[-0.83,22.12],[-1.07,22.28],[-1.4,22.41],[-1.68,22.71],[-2.04,22.75],[-2.74,22.87],[-2.9,23.05],[-3.07,23.23],[-3.11,23.34],[-3.21,23.56],[-3.16,23.69],[-3.32,24.05],[-3.52,24.34],[-4.2,24.64],[-4.99,24.81],[-5.6,24.83],[-5.78,25.05],[-5.83,25.3],[-5.83,25.72],[-5.78,26.01],[-5.69,26.16],[-5.56,26.29],[-5.48,26.45],[-5.55,26.72],[-5.4,26.8],[-5.44,26.94],[-5.47,27],[-5.46,27.12],[-5.31,27.25],[-5.14,27.35],[-4.99,27.44],[-4.84,27.49],[-4.71,27.54],[-4.37,27.63],[-3.98,27.7],[-3.7,27.72],[-3.53,27.99],[-3.38,28.12],[-3.26,28.33],[-3.16,28.48],[-3.03,28.66],[-2.9,28.8],[-2.82,28.9],[-2.73,29.07],[-2.55,29.22],[-2.48,29.4],[-2.43,29.56],[-2.42,29.85],[-2.38,30.04],[-2.36,30.16],[-2.28,30.4],[-2.29,30.68],[-2.26,30.92],[-2.27,31.13],[-2.31,31.49],[-2.29,31.7],[-2.27,31.88],[-2.33,32.32],[-2.23,32.56],[-2.15,32.74],[-2.1,32.97],[-2.13,33.17],[-2.01,33.24],[-1.9,33.3],[-1.8,33.37],[-1.62,33.59],[-1.48,33.72],[-1.1,33.76],[-0.94,33.79],[-0.81,33.83],[-0.69,33.86],[-0.6,33.88],[-0.44,33.97],[-0.26,34.06],[-0.23,34.27],[0.03,34.71],[0.13,35.07],[0.43,35.35],[0.59,35.73],[0.67,35.72],[0.79,35.92],[0.94,36.11],[0.99,36.2],[1.03,36.29],[1.16,36.35],[1.23,36.4],[1.32,36.44],[1.45,36.49],[1.6,36.47],[1.77,36.44],[1.98,36.4],[2.85,36.48],[3.21,36.5],[3.48,36.6],[3.53,36.66],[3.53,36.66],[3.63,36.69],[3.75,36.88],[3.77,36.99],[3.78,37.15],[3.83,37.3],[3.89,37.52],[3.95,37.74],[4.16,38.02],[4.33,38.15],[4.5,38.37],[4.53,38.41],[4.63,38.5],[4.7,38.55],[4.77,38.7],[4.8,38.76],[4.66,38.93],[4.58,39.05],[4.54,39.32],[4.5,39.45],[4.45,39.61],[4.7,39.85],[4.83,40.04],[4.84,40.3],[4.74,40.54],[4.65,40.75],[4.53,41.05],[4.33,41.27],[4.2,41.45],[4.12,41.61],[4.17,41.76],[4.36,41.92],[4.45,42.08],[4.66,42.29],[4.77,42.51],[5.02,42.68],[5.23,42.86],[5.5,43],[5.66,43.32],[5.65,43.7],[5.64,43.9],[5.69,44.29],[5.75,44.57],[5.99,45.07],[6.09,45.33],[6.16,45.58],[6.42,45.88],[6.12,46.28],[6.12,46.28],[6.21,46.68],[6.21,46.68],[5.58,47.3],[5.62,47.9],[5.67,48.51],[5.67,48.51],[5.31,48.75],[4.41,49.49],[3.49,50.22],[2.53,50.95],[1.63,51.49],[0.7,52.02],[-0.49,52.38],[-1.99,52.71],[-3.34,53.07],[-4.27,52.98],[-4.6,52.96],[-4.6,52.96],[-4.57,53.07],[-4.3,53.47],[-3.89,54.41],[-3.46,55.35],[-3.01,56.29],[-2.53,57.23],[-2.03,58.17],[-1.5,59.1],[-1.18,59.73],[-0.85,60.36],[-0.43,61.1],[0,61.83],[0.5,62.73],[1.03,63.63],[1.5,64.37],[1.99,65.11],[2.52,65.85],[2.8,66.49],[3.1,67.13],[3.1,67.13],[4.03,67.99],[5.03,68.84],[6.11,69.69],[6.3,70.48],[6.5,71.27],[7.96,72.13],[9.57,72.97],[11.33,73.8],[13.27,74.61],[15.43,75.4],[18.05,75.86],[20.85,76.3],[20.85,76.3],[20.85,76.33],[20.85,76.33],[23.78,76.67],[26.86,76.97],[30.06,77.23],[33.39,77.45],[37.17,77.96],[41.26,78.41],[45.65,78.81],[49.29,79.37],[53.3,79.88],[57.71,80.34],[62.53,80.74],[65.4,81.61],[68.91,82.46],[72.38,83.1],[76.55,83.71],[81.56,84.28],[87.63,84.8],[98.28,84.72],[108.28,84.47],[117.17,84.06],[117.17,84.06],[122.63,84.58],[129.15,85.03],[129.15,85.03],[131.8,84.28],[133.83,83.51],[135.43,82.74],[136.35,81.76],[137.08,80.78],[137.48,80],[137.83,79.22],[138.13,78.43],[138.39,77.65],[138.58,76.83],[138.75,76.02],[138.9,75.2],[138.77,74.44],[138.64,73.69],[138.53,72.93],[138.14,72.2],[137.79,71.48],[137.46,70.75],[137.08,69.9],[136.72,69.04],[136.38,68.29],[136.06,67.55],[135.68,66.72],[135.33,65.9],[134.87,65.17],[134.44,64.44],[134,63.56],[133.59,62.67],[133.25,61.95],[132.92,61.23],[132.64,60.64],[132.37,60.04],[132.07,59.39],[131.79,58.73],[131.42,57.93],[131.07,57.13],[130.64,56.2],[130.23,55.27],[129.73,54.41],[129.26,53.55],[128.95,52.89],[128.64,52.22],[128.34,51.56],[127.97,50.92],[127.62,50.27],[127.27,49.63],[126.9,48.88],[126.55,48.13],[126.2,47.37],[125.85,46.55],[125.51,45.73],[125.19,44.9],[124.83,44.05],[124.49,43.2],[124.15,42.34],[123.89,41.61],[123.64,40.88],[123.39,40.15],[123.14,39.42],[122.84,38.63],[122.53,37.85],[122.24,37.06],[121.95,36.27],[121.66,35.45],[121.38,34.62],[121.11,33.8],[120.84,32.97],[120.58,32.15],[120.17,31.28],[119.77,30.41],[119.38,29.54],[118.99,28.67],[118.61,27.8],[118.17,26.9],[117.73,25.99],[117.3,25.08],[117.3,25.08],[117.87,24.61],[118.44,24.13],[118.93,23.63],[119.42,23.13],[119.9,22.62],[120.57,21.95],[121.23,21.28],[121.9,20.56],[122.57,19.84],[122.7,19.14],[122.98,18.52],[123.25,17.9],[123.7,17.29],[124.16,16.68],[124.86,16.43],[125.56,16.18],[125.56,16.18],[125.75,15.7],[125.93,15.21],[125.87,14.68],[125.87,14.68],[125.49,13.78],[125.1,12.88],[124.64,12.18],[124.18,11.48],[123.72,10.78],[123.72,10.78],[123.65,10.8],[122.75,11.02],[121.84,11.23],[120.94,11.44],[120.03,11.65],[119.12,11.86],[118.21,12.06],[117.3,12.27],[116.39,12.46],[115.47,12.66],[115.35,12.33],[114.44,12.61],[113.52,12.89],[112.6,13.17],[111.68,13.44],[110.76,13.71],[110.6,13.28],[109.79,13.53],[108.98,13.78],[108.17,14.03],[107.35,14.27],[107.35,14.27],[106.63,14.09],[105.91,13.9],[105.2,13.72],[105.01,14.46],[104.83,15.21],[104.15,15.03],[103.47,14.85],[103.35,15.36],[103.23,15.86],[102.63,15.72],[102.03,15.58],[101.8,16.37],[101.57,17.16],[100.56,16.95],[100.4,17.53],[100.24,18.1],[99.69,18],[99.14,17.89],[98.88,18.83],[98.23,18.91],[97.57,18.99],[96.79,19.15],[96.01,19.31],[95.23,19.47],[94.24,19.71],[93.26,19.95],[92.37,20.11],[92.37,20.11],[92.36,20.03],[92.36,20.03],[91.64,20.47],[90.93,20.91],[89.93,20.88],[88.94,20.85],[87.95,20.81],[86.96,20.77],[86.06,20.68],[85.16,20.59],[84.26,20.49],[83.36,20.39],[82.5,20.44],[81.64,20.49],[80.79,20.53],[79.93,20.57],[79.07,20.61],[78.24,20.78],[77.42,20.95],[76.59,21.12],[75.76,21.29],[74.89,21.24],[74.02,21.18],[73.15,21.12],[72.28,21.06],[71.41,20.99],[70.69,20.73],[69.97,20.46],[69.97,20.46],[69.63,19.57]]]}},{"type":"Feature","properties":{"ma":125,"type":"gpml:TopologicalClosedPlateBoundary","name":"NE Siberia","pid":409,"deforming":false},"geometry":{"type":"Polygon","coordinates":[[[-180,87.53],[-180,88.35],[-180,89.18],[-180,90],[180,90],[180,89.18],[180,88.35],[180,87.53],[180,86.7],[165.8,86.6],[153.14,86.31],[142.75,85.86],[134.58,85.31],[127.85,84.95],[122.08,84.53],[117.17,84.06],[108.28,84.47],[98.28,84.72],[87.63,84.8],[81.56,84.28],[76.55,83.71],[72.38,83.1],[68.91,82.46],[65.4,81.61],[62.53,80.74],[57.71,80.34],[53.3,79.88],[49.29,79.37],[45.65,78.81],[41.26,78.41],[37.17,77.96],[33.39,77.45],[30.06,77.23],[26.86,76.97],[23.78,76.67],[20.85,76.33],[20.85,76.33],[20.73,77.19],[20.6,78.04],[20.45,78.89],[20.06,79.56],[19.62,80.23],[19.12,80.9],[15.55,81.1],[11.84,81.26],[8.57,81.39],[5.21,81.49],[1.97,81.8],[-1.5,82.08],[-4.48,82.68],[-7.98,83.25],[-12.11,83.8],[-16.46,84.13],[-21.3,84.43],[-30.74,84.73],[-41.05,84.88],[-41.08,84.89],[-41.08,84.89],[-41.09,84.89],[-48.21,84.57],[-54.46,84.18],[-61.81,83.68],[-63.78,83.2],[-66.13,82.83],[-69.88,82.21],[-74.03,81.44],[-74,80.78],[-73.98,80.12],[-73.78,79.47],[-73.76,79.42],[-73.76,79.42],[-76.12,79.97],[-78.75,80.5],[-81.68,81.01],[-84.87,81.83],[-88.75,82.63],[-93.53,83.38],[-99.47,84.07],[-106.87,84.68],[-113.82,85.31],[-122.71,85.84],[-133.87,86.25],[-147.1,86.49],[-161.36,86.52],[-170.42,86.65],[-180,86.7],[-180,87.53]]]}},{"type":"Feature","properties":{"ma":125,"type":"gpml:TopologicalClosedPlateBoundary","name":"North Slope Microplate of AACM GS","pid":18150,"deforming":false},"geometry":{"type":"Polygon","coordinates":[[[-43.01,61.78],[-44.93,62.12],[-46.54,62.33],[-47.13,62.39],[-47.13,62.39],[-48.05,63.11],[-49.02,63.82],[-50.03,64.52],[-51.1,65.21],[-52.42,65.92],[-53.81,66.62],[-56.01,66.97],[-58.26,67.29],[-59.37,67.83],[-60.54,68.36],[-61.76,68.88],[-62.76,69.76],[-63.84,70.63],[-65.03,71.5],[-65.89,72.16],[-66.81,72.82],[-67.81,73.47],[-67.81,73.47],[-67.65,73.8],[-66.71,74.6],[-65.67,75.4],[-64.67,75.99],[-63.58,76.57],[-61.51,77.27],[-61.51,77.27],[-61.13,76.45],[-60.79,75.63],[-60.73,74.91],[-60.68,74.19],[-60.62,73.47],[-60.62,73.47],[-59.56,73.03],[-58.56,72.6],[-56.97,72.04],[-55.48,71.48],[-54.48,71.01],[-53.52,70.54],[-52.08,70.18],[-50.69,69.8],[-48.9,69.85],[-46.41,70.23],[-43.83,70.57],[-41.89,70.96],[-39.87,71.33],[-37.77,71.67],[-35.8,72.42],[-35.8,72.42],[-35.73,72.38],[-34.7,71.67],[-34.17,71.25],[-34.17,71.25],[-34.43,71.18],[-35.48,70.88],[-36.71,70.51],[-37.74,70.19],[-38.42,69.81],[-39.04,69.45],[-39.75,69.21],[-40.83,68.67],[-41.29,68.33],[-41.77,67.89],[-41.85,66.93],[-42.07,66.3],[-42.28,65.67],[-42.66,65.24],[-42.72,64.97],[-42.7,64.15],[-42.69,63.89],[-43.03,63.04],[-42.88,62.47],[-42.93,62.32],[-43.1,61.87],[-43.01,61.78]]]}},{"type":"Feature","properties":{"ma":125,"type":"gpml:TopologicalClosedPlateBoundary","name":"Iberia","pid":304,"deforming":false},"geometry":{"type":"Polygon","coordinates":[[[-3.78,12.41],[-4.55,12.64],[-5.33,12.88],[-6.1,13.11],[-6.88,13.33],[-6.88,13.34],[-6.88,13.34],[-6.7,13.55],[-6.6,13.66],[-6.4,13.88],[-6.24,14.07],[-6.04,14.3],[-5.89,14.47],[-5.68,14.71],[-5.47,14.94],[-5.29,15.3],[-5.24,15.71],[-5.2,16.04],[-5.11,16.29],[-4.78,16.75],[-4.41,17.08],[-4.24,17.32],[-4.03,17.72],[-3.9,17.93],[-3.8,18.27],[-3.68,18.59],[-3.54,18.89],[-3.44,19.17],[-3.38,19.43],[-3.32,19.64],[-3.28,19.78],[-3.18,19.92],[-3.1,20.08],[-3.1,20.08],[-3.01,19.92],[-2.72,19.72],[-2.34,19.64],[-2.05,19.66],[-1.69,19.55],[-1.51,19.49],[-1.33,19.43],[-0.91,19.42],[-0.71,19.41],[-0.44,19.34],[-0.25,19.3],[0.08,19.21],[0.35,19.15],[1.01,18.95],[1.67,18.79],[2.4,18.38],[3.11,17.7],[3.84,17.33],[3.84,17.33],[3.86,17.37],[4.41,18],[4.41,18],[4.9,17.82],[5.4,17.64],[5.44,17.72],[5.44,17.72],[5.44,17.71],[5.44,16.92],[5.45,16.13],[5.45,15.34],[5.67,14.58],[5.89,13.83],[6.1,13.07],[6.1,13.07],[6.02,13.03],[5.17,12.74],[4.32,12.44],[3.48,12.14],[2.63,11.83],[1.79,11.53],[0.95,11.22],[0.11,10.91],[-0.72,10.6],[-0.72,10.6],[-1.48,11.05],[-2.25,11.51],[-3.01,11.96],[-3.78,12.41]]]}},{"type":"Feature","properties":{"ma":125,"type":"gpml:TopologicalClosedPlateBoundary","name":"Woyla back-arc","pid":787,"deforming":false},"geometry":{"type":"Polygon","coordinates":[[[91.73,17.32],[91.94,18.25],[92.16,19.18],[92.37,20.11],[92.37,20.11],[93.26,19.95],[94.24,19.71],[95.23,19.47],[96.01,19.31],[96.79,19.15],[97.57,18.99],[98.23,18.91],[98.88,18.83],[99.14,17.89],[99.69,18],[100.24,18.1],[100.4,17.53],[100.56,16.95],[101.57,17.16],[101.8,16.37],[102.03,15.58],[102.63,15.72],[103.23,15.86],[103.35,15.36],[103.47,14.85],[104.15,15.03],[104.83,15.21],[105.01,14.46],[105.2,13.72],[105.91,13.9],[106.63,14.09],[107.35,14.27],[107.35,14.27],[108.17,14.03],[108.98,13.78],[109.79,13.53],[110.6,13.28],[110.76,13.71],[111.68,13.44],[112.6,13.17],[113.52,12.89],[114.44,12.61],[115.35,12.33],[115.47,12.66],[116.39,12.46],[117.3,12.27],[118.21,12.06],[119.12,11.86],[120.03,11.65],[120.94,11.44],[121.84,11.23],[122.75,11.02],[123.65,10.8],[123.72,10.78],[123.72,10.78],[123.49,10.42],[123.12,9.75],[122.74,9.08],[122.37,8.42],[122,7.75],[121.55,7.12],[121.1,6.5],[120.65,5.88],[120.2,5.25],[119.76,4.94],[119.76,4.94],[119.04,5.41],[118.31,5.88],[117.59,6.35],[116.86,6.82],[116.14,7.29],[115.21,7.53],[114.28,7.78],[113.35,8.02],[112.42,8.26],[111.49,8.5],[110.61,8.75],[109.72,9.01],[108.84,9.26],[107.95,9.52],[107.06,9.76],[106.17,10.01],[105.28,10.26],[104.4,10.73],[103.52,11.2],[102.64,11.67],[101.75,12.13],[100.86,12.6],[100.11,13.11],[99.36,13.62],[98.6,14.13],[97.85,14.63],[97.09,15.14],[96.31,15.49],[95.53,15.84],[94.58,16.22],[93.63,16.59],[92.68,16.95],[91.73,17.32]]]}},{"type":"Feature","properties":{"ma":125,"type":"gpml:TopologicalClosedPlateBoundary","name":"Australia","pid":801,"deforming":false},"geometry":{"type":"Polygon","coordinates":[[[162.91,-64.4],[161.59,-64.39],[160.28,-64.37],[158.61,-64.65],[156.91,-64.91],[155.14,-65.5],[153.28,-66.07],[151.35,-66.62],[149.33,-67.14],[148.54,-66.75],[147.78,-66.35],[147.68,-66.3],[145.47,-66.01],[144.76,-65.75],[144.27,-65.25],[143.8,-64.75],[143.42,-64.11],[143.05,-63.46],[143,-63.42],[142.75,-62.55],[143.08,-62.16],[143.44,-61.57],[143.79,-60.98],[143.74,-60.83],[143.16,-60.95],[141.9,-61.31],[140.41,-61.67],[139.42,-61.93],[138.15,-62.22],[137.1,-62.28],[135.35,-62.38],[133.9,-62.66],[132.62,-62.79],[131.49,-62.94],[130.35,-63.07],[128.2,-63.01],[128.2,-63.01],[127.97,-62.99],[127.52,-62.76],[126.42,-62.49],[125.17,-62.05],[124.07,-61.57],[123.19,-61.13],[122.02,-60.63],[120.7,-60.08],[119.88,-59.78],[119.07,-59.47],[118.03,-59.09],[117.01,-58.69],[116.27,-58.37],[115.54,-58.05],[113.95,-57.68],[112.4,-57.3],[111.65,-57.42],[110.01,-57.5],[108.8,-57.69],[107.59,-57.87],[106.33,-57.99],[105.07,-58.1],[103.91,-58.16],[102.74,-58.21],[101.63,-58.34],[100.5,-58.47],[98.96,-58.33],[97.16,-58.37],[95.54,-58.41],[94.41,-58.39],[93.27,-58.36],[91.62,-58.24],[90.27,-58.28],[88.54,-58.35],[86.75,-58.42],[85.72,-58.26],[85.72,-58.26],[85.29,-58.67],[84.28,-59.18],[83.25,-59.67],[82.73,-59.73],[82.73,-59.73],[82.27,-59.66],[81.7,-59.4],[81,-59.01],[80.29,-58.46],[79.33,-58.07],[78.39,-57.66],[77.65,-57.44],[77.65,-57.44],[78.46,-57.15],[79.25,-56.85],[80.12,-56.47],[80.99,-56.08],[82.31,-55.5],[83.21,-55.04],[84.24,-54.52],[83.97,-54.27],[84.56,-53.99],[83.92,-53.56],[83.28,-53.12],[83.83,-52.79],[83.22,-52.38],[83.66,-52],[82.64,-51.3],[81.65,-50.59],[80.7,-49.93],[79.77,-49.27],[78.87,-48.59],[78.13,-47.97],[77.41,-47.35],[76.71,-46.72],[76.02,-46.09],[76.02,-46.09],[77.18,-45.52],[78.32,-44.93],[79.44,-44.34],[80.18,-43.84],[80.9,-43.35],[81.61,-42.85],[82.28,-42.06],[82.93,-41.28],[83.57,-40.49],[84.19,-39.69],[84.8,-38.9],[85.39,-38.1],[85.98,-37.29],[86.54,-36.49],[87.1,-35.68],[87.23,-35.49],[87.23,-35.49],[87.95,-35.42],[89.02,-35.36],[90.09,-35.28],[91.15,-35.2],[92.22,-35.1],[93.28,-35],[93.28,-34.21],[93.28,-33.43],[93.28,-32.64],[93.29,-31.86],[94.03,-31.8],[94.77,-31.74],[94.82,-30.92],[94.86,-30.1],[95.77,-29.63],[96.66,-29.14],[97.55,-28.66],[98.43,-28.16],[99.3,-27.67],[100.16,-27.16],[101.01,-26.65],[101.86,-26.14],[102.7,-25.62],[103.53,-25.1],[104.35,-24.57],[104.03,-23.78],[103.72,-22.99],[103.41,-22.2],[103.1,-21.41],[102.8,-20.62],[102.49,-19.83],[103.25,-19.55],[103.99,-19.26],[104.74,-18.97],[105.48,-18.68],[106.32,-18.32],[107.14,-17.96],[107.97,-17.6],[108.79,-17.23],[109.61,-16.86],[110.34,-16.59],[110.34,-16.59],[110.34,-16.37],[110.34,-16.37],[111.33,-16.64],[112.32,-16.91],[113.26,-17.16],[114.2,-17.41],[115.15,-17.65],[114.98,-18.38],[114.8,-19.11],[115.75,-19.36],[116.7,-19.59],[117.65,-19.82],[118.6,-20.05],[119.56,-20.27],[119.79,-19.56],[120.02,-18.84],[120.79,-19.03],[121.55,-19.22],[121.7,-18.74],[122.57,-19],[123.45,-19.25],[124.34,-19.51],[125.22,-19.75],[125.35,-19.45],[126.23,-19.68],[127.12,-19.91],[127,-20.46],[127.86,-20.71],[128.72,-20.97],[129.59,-21.22],[130.46,-21.46],[130.41,-22],[130.37,-22.54],[131.13,-22.79],[131.9,-23.03],[132.68,-23.26],[132.63,-23.84],[132.58,-24.42],[133.64,-24.65],[134.69,-24.87],[135.75,-25.09],[136.82,-25.3],[137.89,-25.5],[138.96,-25.69],[139.75,-25.81],[140.54,-25.93],[140.54,-25.93],[140.86,-26.77],[141.18,-27.61],[141.5,-28.45],[141.56,-28.61],[141.56,-28.61],[141.77,-28.86],[142.17,-29.58],[142.57,-30.29],[142.91,-30.96],[143.25,-31.63],[143.6,-32.3],[143.88,-33.08],[144.17,-33.86],[144.47,-34.63],[144.66,-35.31],[144.86,-35.99],[145.06,-36.67],[144.96,-37.63],[144.85,-38.6],[144.7,-39.44],[144.51,-39.66],[144.51,-39.66],[145.12,-40.15],[145.64,-40.83],[145.83,-41.7],[145.5,-42.15],[145.12,-42.63],[144.75,-43.11],[145.34,-43.71],[145.19,-44.49],[145.54,-44.89],[146.41,-45.37],[147.22,-45.95],[148.05,-46.52],[148.9,-47.09],[149.37,-47.9],[149.43,-48.47],[149.5,-49.04],[149.8,-49.51],[150.1,-49.99],[150.54,-50.73],[151.2,-51.43],[151.9,-52.16],[152.56,-52.65],[152.88,-53.17],[152.76,-53.45],[152.72,-53.67],[152.54,-53.95],[152.24,-54.57],[151.54,-55.4],[151.15,-56.11],[150.82,-56.93],[150.64,-57.36],[149.89,-57.73],[149.12,-58.09],[149.24,-58.37],[149.48,-59.08],[150.35,-59.67],[150.47,-60.08],[150.38,-60.87],[150.46,-61.47],[150.74,-61.87],[150.79,-62.59],[152.5,-63.14],[153.48,-63.41],[154.6,-63.6],[156.06,-63.91],[156.26,-64.01],[156.38,-63.68],[158,-63.74],[160.15,-63.98],[161.72,-64.19],[162.91,-64.4]]]}},{"type":"Feature","properties":{"ma":125,"type":"gpml:TopologicalClosedPlateBoundary","name":"Kohistan-Ladakh back-arc","pid":528,"deforming":false},"geometry":{"type":"Polygon","coordinates":[[[92.16,19.19],[91.96,18.34],[91.77,17.5],[91.58,16.66],[91.39,15.81],[91.2,14.97],[91.01,14.12],[90.97,13.2],[90.93,12.29],[90.89,11.37],[90.86,10.45],[90.82,9.54],[90.73,8.84],[90.73,8.84],[89.83,8.72],[88.92,8.59],[88.04,8.58],[87.16,8.58],[86.28,8.57],[86.27,8.05],[86.26,7.54],[85.29,7.52],[84.32,7.49],[83.34,7.47],[82.37,7.44],[81.39,7.41],[81.31,6.9],[81.24,6.38],[81.24,6.38],[81.11,6.38],[80.15,6.32],[79.19,6.25],[78.23,6.19],[77.27,6.12],[76.31,6.05],[75.35,5.98],[75.29,6.64],[74.4,6.6],[73.51,6.56],[73.43,7.4],[72.61,7.34],[71.8,7.29],[71.73,7.88],[71.67,8.46],[70.69,8.46],[69.7,8.45],[68.72,8.44],[68.68,8.98],[68.64,9.51],[67.73,9.51],[66.81,9.5],[65.9,9.49],[65.9,9.49],[66.07,9.88],[66.38,10.77],[66.69,11.65],[67.01,12.53],[67.33,13.41],[67.65,14.3],[67.97,15.18],[68.3,16.06],[68.63,16.94],[68.96,17.82],[69.29,18.7],[69.63,19.58],[69.97,20.46],[69.97,20.46],[70.69,20.73],[71.41,20.99],[72.28,21.06],[73.15,21.12],[74.02,21.18],[74.89,21.24],[75.76,21.29],[76.59,21.12],[77.42,20.95],[78.24,20.78],[79.07,20.61],[79.93,20.57],[80.79,20.53],[81.64,20.49],[82.5,20.44],[83.36,20.39],[84.26,20.49],[85.16,20.59],[86.06,20.68],[86.96,20.77],[87.95,20.81],[88.94,20.85],[89.93,20.88],[90.93,20.91],[91.64,20.47],[92.36,20.03],[92.16,19.19]]]}},{"type":"Feature","properties":{"ma":125,"type":"gpml:TopologicalClosedPlateBoundary","name":"EarlySouthNFLDOceanicCrust","pid":101,"deforming":false},"geometry":{"type":"Polygon","coordinates":[[[-10.95,17.28],[-10.78,17.41],[-10.68,17.48],[-10.57,17.57],[-10.44,17.71],[-10.33,17.81],[-10.23,17.92],[-10.13,18.02],[-10.07,18.08],[-10,18.16],[-9.91,18.25],[-9.83,18.35],[-9.76,18.41],[-9.69,18.47],[-9.65,18.53],[-9.61,18.59],[-9.57,18.7],[-9.55,18.77],[-9.52,18.86],[-9.48,18.95],[-9.44,19.06],[-9.39,19.15],[-9.33,19.26],[-9.25,19.34],[-9.17,19.41],[-9.11,19.45],[-9.07,19.49],[-9.01,19.55],[-8.93,19.56],[-8.83,19.58],[-8.73,19.6],[-8.61,19.62],[-8.53,19.65],[-8.42,19.71],[-8.24,19.69],[-7.85,19.64],[-7.7,19.66],[-7.6,19.69],[-7.47,19.74],[-7.4,19.75],[-7.35,19.76],[-7.31,19.77],[-7.23,19.79],[-7.07,19.89],[-6.83,20.03],[-6.67,20.13],[-6.47,20.26],[-6.24,20.4],[-6.24,20.4],[-6.27,20.32],[-6.35,20.22],[-6.41,20.1],[-6.46,19.91],[-6.55,19.66],[-6.81,19.31],[-7.06,19.04],[-7.29,18.84],[-7.46,18.65],[-7.6,18.41],[-7.72,18.33],[-7.91,17.91],[-8.07,17.49],[-8.27,17.19],[-8.48,16.8],[-8.79,16.45],[-9.08,16.09],[-9.49,15.78],[-9.49,15.78],[-10.14,16.38],[-10.8,16.97],[-11.06,17.18],[-10.95,17.28]]]}},{"type":"Feature","properties":{"ma":125,"type":"gpml:TopologicalClosedPlateBoundary","name":"Chortis","pid":2035,"deforming":false},"geometry":{"type":"Polygon","coordinates":[[[-63.23,-0.32],[-63.13,0.2],[-63.04,0.72],[-63.12,1.55],[-63.2,2.39],[-63.28,3.22],[-63.32,4.11],[-63.35,4.99],[-63.38,5.88],[-63.41,6.77],[-63.42,7.49],[-63.42,8.21],[-63.42,8.21],[-63.29,8.06],[-62.82,7.36],[-62.36,6.66],[-61.89,5.96],[-61.2,5.49],[-60.51,5.02],[-59.81,4.55],[-59.12,4.08],[-58.43,3.61],[-57.56,3.24],[-56.7,2.86],[-55.83,2.49],[-55.54,2.37],[-55.54,2.37],[-55.16,1.57],[-54.54,0.88],[-53.92,0.2],[-53.29,-0.49],[-52.6,-0.99],[-51.9,-1.49],[-51.9,-1.49],[-52.54,-2.13],[-53.17,-2.77],[-53.81,-3.42],[-54.35,-2.88],[-54.89,-2.34],[-55.44,-1.8],[-56.08,-2.36],[-56.72,-2.91],[-57.37,-2.25],[-58.02,-1.6],[-58.58,-2.11],[-59.15,-2.63],[-59.71,-3.14],[-59.71,-3.14],[-60.39,-2.57],[-61.06,-2.01],[-61.74,-1.44],[-62.42,-0.87],[-63.23,-0.32]]]}},{"type":"Feature","properties":{"ma":125,"type":"gpml:TopologicalClosedPlateBoundary","name":"Kohistan-Ladakh back-arc","pid":529,"deforming":false},"geometry":{"type":"Polygon","coordinates":[[[61.4,-0.77],[61.8,0],[62.2,0.78],[62.57,1.65],[62.94,2.52],[63.3,3.39],[63.67,4.27],[64.04,5.14],[64.41,6.01],[64.78,6.88],[65.15,7.75],[65.52,8.62],[65.9,9.49],[65.9,9.49],[66.81,9.5],[67.73,9.51],[68.64,9.51],[68.68,8.98],[68.72,8.44],[69.7,8.45],[70.69,8.46],[71.67,8.46],[71.73,7.88],[71.8,7.29],[72.61,7.34],[73.43,7.4],[73.51,6.56],[74.4,6.6],[75.29,6.64],[75.35,5.98],[76.31,6.05],[77.27,6.12],[78.23,6.19],[79.19,6.25],[80.15,6.32],[81.11,6.38],[81.24,6.38],[81.24,6.38],[81.31,6.9],[81.39,7.41],[82.37,7.44],[83.34,7.47],[84.32,7.49],[85.29,7.52],[86.26,7.54],[86.27,8.05],[86.28,8.57],[87.16,8.58],[88.04,8.58],[88.92,8.59],[89.83,8.72],[90.73,8.84],[90.73,8.84],[90.61,7.89],[90.5,6.94],[90.38,5.99],[90.26,5.04],[90.15,4.09],[90.03,3.14],[89.92,2.19],[89.8,1.23],[89.7,0.73],[89.6,0.23],[89.6,0.23],[89.02,-0.1],[88.44,-0.44],[87.86,-0.77],[87.12,-1.09],[86.37,-1.41],[85.62,-1.73],[84.75,-1.95],[83.88,-2.17],[83,-2.39],[82.13,-2.61],[81.25,-2.83],[80.32,-2.96],[79.38,-3.08],[78.44,-3.21],[77.5,-3.33],[76.56,-3.45],[75.62,-3.57],[74.63,-3.5],[73.63,-3.42],[72.64,-3.35],[71.64,-3.27],[70.68,-3.13],[69.71,-2.99],[68.75,-2.85],[67.79,-2.71],[66.93,-2.51],[66.06,-2.31],[65.2,-2.11],[64.37,-1.83],[63.55,-1.55],[62.72,-1.27],[62.06,-1.02],[61.4,-0.77]]]}},{"type":"Feature","properties":{"ma":125,"type":"gpml:TopologicalClosedPlateBoundary","name":"NeoTethys","pid":53401,"deforming":false},"geometry":{"type":"Polygon","coordinates":[[[52.5,-14.37],[53.13,-13.7],[53.68,-12.96],[54.23,-12.22],[54.78,-11.48],[55.32,-10.73],[55.86,-9.99],[56.4,-9.24],[56.94,-8.5],[57.47,-7.75],[58,-7],[58.53,-6.25],[58.95,-5.47],[59.36,-4.69],[59.77,-3.91],[60.17,-3.12],[60.58,-2.34],[60.99,-1.56],[61.4,-0.77],[61.4,-0.77],[62.06,-1.02],[62.72,-1.27],[63.55,-1.55],[64.37,-1.83],[65.2,-2.11],[66.06,-2.31],[66.93,-2.51],[67.79,-2.71],[68.75,-2.85],[69.71,-2.99],[70.68,-3.13],[71.64,-3.27],[72.64,-3.35],[73.63,-3.42],[74.63,-3.5],[75.62,-3.57],[76.56,-3.45],[77.5,-3.33],[78.44,-3.21],[79.38,-3.08],[80.32,-2.96],[81.25,-2.83],[82.13,-2.61],[83,-2.39],[83.88,-2.17],[84.75,-1.95],[85.62,-1.73],[86.37,-1.41],[87.12,-1.09],[87.86,-0.77],[88.44,-0.44],[89.02,-0.1],[89.6,0.23],[89.6,0.23],[89.7,0.73],[89.8,1.23],[89.91,2.16],[90.02,3.08],[90.14,4],[90.25,4.92],[90.36,5.85],[90.48,6.77],[90.59,7.69],[90.7,8.61],[90.82,9.54],[90.86,10.45],[90.89,11.37],[90.93,12.29],[90.97,13.2],[91.01,14.12],[91.19,14.92],[91.36,15.72],[91.54,16.52],[91.73,17.32],[91.73,17.32],[92.68,16.95],[93.63,16.59],[94.58,16.22],[95.53,15.84],[96.31,15.49],[97.09,15.14],[97.85,14.63],[98.6,14.13],[99.36,13.62],[100.11,13.11],[100.86,12.6],[101.75,12.13],[102.64,11.67],[103.52,11.2],[104.4,10.73],[105.28,10.26],[106.17,10.01],[107.06,9.76],[107.95,9.52],[108.84,9.26],[109.72,9.01],[110.61,8.75],[111.49,8.5],[112.29,8.29],[113.08,8.09],[113.88,7.88],[114.67,7.68],[115.46,7.47],[115.46,7.47],[115.14,6.59],[114.82,5.71],[114.5,4.83],[114.18,3.96],[113.86,3.08],[113.54,2.2],[113.22,1.32],[112.91,0.44],[112.49,-0.42],[112.08,-1.29],[111.67,-2.15],[111.25,-3.02],[110.84,-3.88],[110.64,-4.8],[110.43,-5.72],[110.23,-6.64],[110.03,-7.56],[109.82,-8.48],[109.62,-9.4],[109.41,-10.32],[109.21,-11.24],[109.21,-11.24],[109.8,-11.86],[110.69,-12.12],[110.69,-12.12],[110.56,-12.82],[110.43,-13.52],[110.3,-14.23],[110.32,-15.02],[110.33,-15.8],[110.34,-16.59],[110.34,-16.59],[109.61,-16.86],[108.79,-17.23],[107.97,-17.6],[107.14,-17.96],[106.32,-18.32],[105.48,-18.68],[104.74,-18.97],[103.99,-19.26],[103.25,-19.55],[102.49,-19.83],[102.8,-20.62],[103.1,-21.41],[103.41,-22.2],[103.72,-22.99],[104.03,-23.78],[104.35,-24.57],[103.53,-25.1],[102.7,-25.62],[101.86,-26.14],[101.01,-26.65],[100.16,-27.16],[99.3,-27.67],[98.43,-28.16],[97.55,-28.66],[96.66,-29.14],[95.77,-29.63],[94.86,-30.1],[94.82,-30.92],[94.77,-31.74],[94.03,-31.8],[93.29,-31.86],[93.28,-32.64],[93.28,-33.43],[93.28,-34.21],[93.28,-35],[92.22,-35.1],[91.15,-35.2],[90.09,-35.28],[89.02,-35.36],[87.95,-35.42],[87.54,-35.46],[87.54,-35.46],[87.41,-35.31],[86.48,-34.74],[85.56,-34.17],[84.66,-33.59],[83.77,-33.01],[82.89,-32.42],[82.09,-33.15],[81.28,-33.88],[80.46,-34.6],[79.62,-35.31],[78.77,-36.02],[77.9,-36.73],[77.01,-37.42],[76.13,-36.84],[75.25,-36.25],[74.39,-35.66],[73.55,-35.06],[72.71,-34.45],[71.89,-33.84],[71.08,-33.22],[70.28,-32.6],[69.49,-31.97],[68.71,-31.34],[67.94,-30.7],[67.52,-31.02],[66.85,-30.42],[66.18,-29.82],[65.52,-29.21],[64.87,-28.6],[64.23,-27.99],[63.59,-27.38],[62.9,-27.82],[62.2,-28.26],[61.45,-27.54],[60.71,-26.82],[59.98,-26.09],[59.26,-25.36],[58.55,-24.62],[57.88,-25.09],[57.2,-25.56],[56.58,-24.93],[55.97,-24.3],[55.37,-23.66],[54.77,-23.03],[54.18,-22.39],[53.59,-21.75],[53.07,-22.04],[52.55,-22.33],[52.19,-21.9],[51.84,-21.47],[51.84,-21.47],[51.92,-20.59],[52.01,-19.7],[52.09,-18.81],[52.18,-17.92],[52.26,-17.03],[52.34,-16.15],[52.42,-15.26],[52.5,-14.37]]]}},{"type":"Feature","properties":{"ma":125,"type":"gpml:TopologicalClosedPlateBoundary","name":"QT back-arc western flank","pid":2060,"deforming":false},"geometry":{"type":"Polygon","coordinates":[[[-73.61,0.47],[-73.46,-0.45],[-72.55,-0.31],[-72.44,-1.02],[-72.33,-1.73],[-72.23,-2.43],[-71.46,-2.38],[-70.7,-2.32],[-69.94,-2.27],[-69.85,-2.79],[-69.77,-3.3],[-68.82,-3.22],[-67.88,-3.13],[-67.79,-3.87],[-67.7,-4.6],[-67.6,-5.34],[-66.7,-5.25],[-65.8,-5.15],[-65.69,-5.9],[-65.59,-6.64],[-65.48,-7.39],[-64.88,-7.35],[-64.28,-7.31],[-64.17,-8.3],[-64.07,-9.28],[-63.54,-9.26],[-63.01,-9.24],[-62.95,-10.23],[-62.88,-11.23],[-62.81,-12.23],[-62.75,-13.22],[-63.43,-13.25],[-64.12,-13.27],[-64.09,-14.19],[-64.06,-15.11],[-64.03,-16.03],[-64,-16.95],[-63.97,-17.87],[-63.03,-17.92],[-63,-18.8],[-62.96,-19.68],[-62.93,-20.56],[-62.9,-21.45],[-61.88,-21.43],[-61.8,-22.17],[-61.71,-22.9],[-61.62,-23.63],[-61,-23.6],[-60.38,-23.58],[-60.34,-23.95],[-60.34,-23.95],[-59.35,-23.82],[-59.3,-23.81],[-59.3,-23.81],[-59,-24.53],[-58.69,-25.24],[-58.38,-25.96],[-58.07,-26.5],[-57.75,-27.05],[-57.36,-27.7],[-56.96,-28.35],[-56.54,-28.98],[-56.11,-29.6],[-55.75,-30.2],[-55.39,-30.79],[-54.96,-31.55],[-54.71,-32.12],[-54.71,-32.12],[-55.27,-31.83],[-55.83,-31.53],[-56.43,-31.21],[-56.78,-30.83],[-57.48,-30.09],[-58.17,-29.35],[-58.9,-28.6],[-59.61,-27.84],[-60.05,-27.27],[-60.49,-26.7],[-60.86,-26.14],[-61.24,-25.59],[-61.24,-25.59],[-61.56,-25.51],[-62.59,-25.4],[-63.61,-25.28],[-64.36,-25.08],[-65.11,-24.89],[-65.85,-24.69],[-66.69,-24.22],[-67.52,-23.74],[-68.34,-23.25],[-68.94,-22.45],[-69.52,-21.64],[-70.1,-20.83],[-70.67,-20.02],[-70.98,-19.07],[-71.28,-18.12],[-71.58,-17.17],[-71.87,-16.22],[-72.19,-15.39],[-72.51,-14.56],[-72.82,-13.72],[-73.13,-12.89],[-73.44,-12.06],[-73.75,-11.23],[-74.05,-10.4],[-74.54,-9.58],[-75.03,-8.77],[-75.52,-7.95],[-76,-7.14],[-76.48,-6.32],[-76.56,-5.52],[-76.63,-4.72],[-76.63,-3.9],[-76.63,-3.09],[-76.63,-2.94],[-76.63,-2.94],[-76.48,-2.69],[-75.92,-2.01],[-75.36,-1.34],[-74.88,-0.84],[-74.4,-0.34],[-73.91,0.17],[-73.61,0.47]]]}},{"type":"Feature","properties":{"ma":125,"type":"gpml:TopologicalClosedPlateBoundary","name":"Madagascar","pid":702,"deforming":false},"geometry":{"type":"Polygon","coordinates":[[[36.33,-36.83],[36.37,-36.25],[37.01,-36.17],[37.01,-36.17],[36.93,-37.07],[36.85,-37.97],[36.76,-38.87],[36.58,-39.85],[36.38,-40.83],[36.19,-41.81],[36.03,-42.68],[35.86,-43.55],[35.69,-44.42],[35.56,-45.07],[35.41,-45.73],[35.33,-46.65],[35.24,-47.57],[35.15,-48.48],[35.06,-49.38],[35,-49.94],[34.95,-50.49],[34.89,-51.03],[34.83,-51.56],[34.46,-52.2],[34.01,-52.94],[33.54,-53.69],[33.16,-54.29],[32.77,-54.89],[32.35,-55.51],[31.92,-56.12],[31.34,-56.74],[30.74,-57.36],[30.09,-57.91],[29.43,-58.46],[28.69,-59.19],[27.92,-59.92],[27.47,-60.64],[27.01,-61.36],[25.91,-62.06],[24.27,-62.66],[22.96,-63.12],[20.95,-63.51],[19.27,-63.84],[17.59,-63.97],[17.55,-63.97],[17.55,-63.97],[18.04,-63.03],[18.5,-62.09],[18.93,-61.15],[19.33,-60.21],[19.72,-59.27],[20.08,-58.32],[20.42,-57.37],[20.75,-56.43],[21.06,-55.48],[21.36,-54.53],[21.64,-53.58],[21.91,-52.63],[22.17,-51.68],[22.42,-50.73],[22.65,-49.78],[22.88,-48.83],[23.1,-47.88],[23.32,-46.93],[23.52,-45.97],[23.72,-45.02],[23.91,-44.07],[25.02,-44.15],[26.13,-44.23],[27.24,-44.3],[28.36,-44.36],[28.4,-43.86],[29.35,-43.88],[30.31,-43.9],[31.26,-43.9],[31.38,-43.01],[31.49,-42.13],[31.6,-41.24],[31.71,-40.35],[32.68,-40.36],[33.65,-40.36],[34.62,-40.35],[35.41,-40.36],[35.48,-39.37],[35.55,-38.38],[35.61,-37.39],[36.28,-37.41],[36.33,-36.83]]]}},{"type":"Feature","properties":{"ma":125,"type":"gpml:TopologicalClosedPlateBoundary","name":"NAM_126_121","pid":101,"deforming":false},"geometry":{"type":"Polygon","coordinates":[[[-59.55,59.43],[-58.5,59.77],[-57.35,59.99],[-56.18,60.2],[-55.08,60.52],[-54.07,61.37],[-53.47,61.81],[-52.85,62.24],[-52.2,62.49],[-50.94,62.59],[-49.8,62.56],[-48.67,62.53],[-47.6,62.44],[-46.54,62.33],[-44.93,62.12],[-43.01,61.78],[-43.01,61.78],[-42.75,61.51],[-41.99,61.05],[-41.99,61.05],[-41.92,61.04],[-41.27,60.8],[-40.87,60.68],[-39.88,60.38],[-38.58,59.95],[-37.98,59.78],[-37.4,59.78],[-36.23,59.85],[-35.25,60.01],[-34.26,60.15],[-33.23,60.29],[-32.19,60.42],[-31.02,60.59],[-29.83,60.75],[-27.94,60.96],[-26.02,61.14],[-24.5,61.12],[-22.98,61.08],[-21.51,60.78],[-20.06,60.46],[-18.65,60.12],[-17.33,59.87],[-16.04,59.61],[-14.76,59.33],[-13.23,59.14],[-11.71,58.92],[-9.93,58.9],[-8.14,58.85],[-6.61,58.67],[-5.09,58.47],[-3.6,58.25],[-2.12,58.01],[-2.12,58.01],[-2.6,57.1],[-3.05,56.2],[-3.49,55.29],[-3.9,54.38],[-4.3,53.47],[-4.57,53.07],[-4.6,52.96],[-4.6,52.96],[-4.27,52.98],[-3.34,53.07],[-1.99,52.71],[-0.49,52.38],[0.7,52.02],[1.63,51.49],[2.53,50.95],[3.49,50.22],[4.41,49.49],[5.31,48.75],[5.67,48.51],[5.67,48.51],[5.62,47.9],[5.58,47.3],[6.21,46.68],[6.21,46.68],[6.11,46.25],[6.1,46.09],[6.1,46.09],[5.84,46.03],[5.58,45.85],[5.39,45.54],[4.99,45.15],[4.61,44.65],[4.53,44.56],[4.41,44.38],[4.29,44.25],[4.07,44.17],[4.04,43.78],[3.74,43.23],[3.57,43.1],[3,42.81],[2.46,42.55],[2.28,42.25],[2.16,42.14],[1.97,42.02],[1.75,41.92],[1.83,41.7],[1.78,41.52],[1.75,41.28],[1.67,41.16],[1.58,40.94],[1.7,40.77],[2,40.53],[2.2,40.43],[2.37,40.19],[2.28,40.06],[2.17,39.82],[1.96,39.17],[1.97,39.11],[2.22,38.73],[2.2,38.55],[1.77,38.1],[1.41,37.83],[0.79,37.28],[0.27,36.78],[-0.14,36.11],[-0.35,35.78],[-0.85,35.27],[-1.65,34.88],[-2.19,34.56],[-2.87,34.35],[-3.45,34.03],[-4.26,33.74],[-4.82,33.62],[-5.1,33.56],[-5.52,33.48],[-5.79,32.9],[-5.55,32.3],[-5.43,31.98],[-5.29,31.62],[-5.28,31.37],[-5.26,30.93],[-5.62,30.26],[-5.94,29.64],[-6.42,29.18],[-6.85,28.76],[-7.39,28.41],[-7.74,28.13],[-8.09,27.85],[-8.46,27.35],[-8.69,27.18],[-8.89,27.02],[-9.3,26.74],[-9.5,26.59],[-9.7,26.45],[-10.19,26.32],[-10.48,26.24],[-10.48,26.24],[-10.63,25.98],[-10.71,25.78],[-10.82,25.57],[-10.91,25.34],[-11.01,25.07],[-11.07,24.77],[-11.12,24.47],[-11.16,24.18],[-11.14,23.9],[-11.13,23.61],[-10.98,23.31],[-10.71,23.1],[-10.45,23.02],[-10.21,22.91],[-9.88,22.69],[-9.7,22.6],[-9.53,22.5],[-9.36,22.33],[-9.14,22.24],[-9.07,22.07],[-9.02,21.88],[-8.92,21.73],[-8.88,21.57],[-8.82,21.43],[-8.82,21.26],[-8.81,21.2],[-8.8,21.1],[-8.74,20.93],[-8.74,20.78],[-8.74,20.78],[-8.79,20.79],[-8.83,20.76],[-8.9,20.72],[-8.96,20.67],[-9.09,20.57],[-9.18,20.5],[-9.25,20.44],[-9.39,20.36],[-9.48,20.31],[-9.53,20.25],[-9.68,20.06],[-9.85,19.93],[-9.99,19.82],[-10.13,19.73],[-10.32,19.61],[-10.6,19.42],[-10.67,19.32],[-10.78,19.17],[-10.79,19.02],[-10.81,18.85],[-10.86,18.71],[-10.91,18.58],[-11.15,18.4],[-11.29,18.3],[-11.48,18.17],[-11.64,18.05],[-11.83,17.91],[-11.89,17.84],[-11.89,17.84],[-11.48,17.51],[-11.06,17.18],[-11.06,17.18],[-10.95,17.28],[-10.78,17.41],[-10.68,17.48],[-10.57,17.57],[-10.44,17.71],[-10.33,17.81],[-10.23,17.92],[-10.13,18.02],[-10.07,18.08],[-10,18.16],[-9.91,18.25],[-9.83,18.35],[-9.76,18.41],[-9.69,18.47],[-9.65,18.53],[-9.61,18.59],[-9.57,18.7],[-9.55,18.77],[-9.52,18.86],[-9.48,18.95],[-9.44,19.06],[-9.39,19.15],[-9.33,19.26],[-9.25,19.34],[-9.17,19.41],[-9.11,19.45],[-9.07,19.49],[-9.01,19.55],[-8.93,19.56],[-8.83,19.58],[-8.73,19.6],[-8.61,19.62],[-8.53,19.65],[-8.42,19.71],[-8.24,19.69],[-7.85,19.64],[-7.7,19.66],[-7.6,19.69],[-7.47,19.74],[-7.4,19.75],[-7.35,19.76],[-7.31,19.77],[-7.23,19.79],[-7.07,19.89],[-6.83,20.03],[-6.67,20.13],[-6.47,20.26],[-6.24,20.4],[-6.24,20.4],[-6.27,20.32],[-6.35,20.22],[-6.41,20.1],[-6.46,19.91],[-6.55,19.66],[-6.81,19.31],[-7.06,19.04],[-7.29,18.84],[-7.46,18.65],[-7.6,18.41],[-7.72,18.33],[-7.91,17.91],[-8.07,17.49],[-8.27,17.19],[-8.48,16.8],[-8.79,16.45],[-9.08,16.09],[-9.49,15.78],[-9.49,15.78],[-9.87,16.12],[-10.25,16.47],[-10.25,16.47],[-11.08,16.12],[-11.9,15.76],[-12.72,15.29],[-13.22,15.05],[-13.73,14.81],[-13.81,14.95],[-14.6,14.56],[-15.39,14.17],[-16.17,13.78],[-16.96,13.39],[-16.98,13.47],[-17.83,13.33],[-18.67,13.18],[-19.51,13.03],[-19.57,13.14],[-20.43,12.76],[-21.29,12.37],[-21.33,12.45],[-22.09,12.11],[-22.06,12.02],[-22.55,11.78],[-23.03,11.53],[-23.25,11.89],[-23.72,11.6],[-24.2,11.3],[-24.33,11.52],[-24.97,10.94],[-25.12,11.2],[-25.77,10.59],[-26.43,9.97],[-26.29,9.71],[-26.79,9.28],[-27.29,8.85],[-27.17,8.63],[-27.61,8.02],[-28.06,7.41],[-28.5,6.8],[-28.46,6.7],[-28.82,6.12],[-29.34,5.53],[-29.86,4.95],[-29.78,4.79],[-30.09,4.33],[-30.43,3.96],[-30.77,3.59],[-30.75,3.53],[-31.12,3.07],[-31.5,2.61],[-31.4,2.39],[-31.63,2.18],[-31.59,2.09],[-32.2,1.47],[-31.74,0.94],[-31.28,0.41],[-31.76,-0.02],[-32.23,-0.45],[-32.58,-0.87],[-32.93,-1.3],[-32.93,-1.3],[-32.93,-1.29],[-32.93,-1.29],[-32.96,-1.31],[-33.45,-1.77],[-33.94,-2.22],[-34.43,-2.68],[-34.81,-3.05],[-35.2,-3.42],[-35.2,-3.42],[-35.94,-2.8],[-36.68,-2.18],[-37.43,-1.55],[-38.06,-0.96],[-38.69,-0.36],[-39.32,0.24],[-39.95,0.83],[-40.58,1.43],[-41.21,2.03],[-41.61,2.52],[-42.01,3.01],[-42.01,3.01],[-42.52,2.53],[-43.03,2.05],[-43.57,2.62],[-44.11,3.19],[-44.75,2.64],[-45.4,2.1],[-46.05,1.55],[-46.69,1],[-47.34,0.46],[-48.01,1.12],[-48.68,1.78],[-49.33,1.12],[-49.97,0.47],[-50.61,-0.18],[-51.26,-0.83],[-51.9,-1.49],[-51.9,-1.49],[-52.6,-0.99],[-53.29,-0.49],[-53.92,0.2],[-54.54,0.88],[-55.16,1.57],[-55.54,2.37],[-55.54,2.37],[-55.83,2.49],[-56.7,2.86],[-57.56,3.24],[-58.43,3.61],[-59.12,4.08],[-59.81,4.55],[-60.51,5.02],[-61.2,5.49],[-61.89,5.96],[-62.36,6.66],[-62.82,7.36],[-63.29,8.06],[-63.42,8.21],[-63.42,8.21],[-63.42,8.74],[-63.42,9.28],[-63.42,10.05],[-63.42,10.81],[-63.42,11.57],[-63.32,12.12],[-63.32,12.12],[-63.56,12.66],[-63.87,13.47],[-64.18,14.27],[-64.48,15.07],[-64.78,15.91],[-65.07,16.75],[-65.16,17.48],[-65.26,18.22],[-65.35,18.95],[-65.46,19.5],[-65.57,20.05],[-65.75,20.81],[-65.94,21.56],[-66.04,22.12],[-66.14,22.68],[-66.31,23.59],[-66.48,24.5],[-66.56,25.15],[-66.64,25.79],[-66.56,26.62],[-66.48,27.44],[-66.55,28.24],[-66.62,29.04],[-66.62,29.71],[-66.61,30.39],[-66.78,31.14],[-66.95,31.89],[-66.87,32.84],[-66.8,33.79],[-66.71,34.57],[-66.61,35.34],[-66.52,36.11],[-66.18,36.66],[-65.85,37.2],[-64.88,37.25],[-63.92,37.29],[-63.13,37.26],[-62.35,37.23],[-61.57,37.27],[-60.78,37.3],[-59.83,37.45],[-58.86,37.6],[-58.39,38.12],[-57.92,38.64],[-58.31,39.3],[-58.72,39.95],[-59.28,40.78],[-59.85,41.61],[-60.44,42.43],[-60.93,43.07],[-61.43,43.7],[-61.95,44.34],[-62.43,44.99],[-62.93,45.63],[-63.43,46.28],[-63.8,47.01],[-64.18,47.74],[-64.06,48.55],[-64.09,49.49],[-64.12,49.99],[-64.15,50.5],[-64.09,50.93],[-63.96,51.9],[-63.72,52.43],[-63.48,52.95],[-62.86,53.73],[-62.54,54.2],[-62.22,54.66],[-62.06,55.04],[-61.53,55.41],[-61.37,55.78],[-61.08,56.1],[-60.87,56.57],[-60.83,57.06],[-60.8,57.28],[-60.62,57.65],[-60.56,58.02],[-60.37,58.4],[-60.07,58.83],[-59.71,59.3],[-59.55,59.43]]]}},{"type":"Feature","properties":{"ma":125,"type":"gpml:TopologicalClosedPlateBoundary","name":"NW Africa","pid":714,"deforming":false},"geometry":{"type":"Polygon","coordinates":[[[7.21,3.73],[7.35,3.62],[7.35,3.62],[7.17,2.67],[6.98,1.72],[6.79,0.93],[6.6,0.13],[5.96,-0.31],[5.32,-0.75],[4.73,-1.26],[4.15,-1.78],[3.79,-2.45],[3.43,-3.13],[3.05,-3.89],[2.67,-4.65],[2.19,-5.48],[1.71,-6.31],[1.17,-6.82],[0.64,-7.33],[0.23,-7.7],[-0.18,-8.06],[-0.69,-7.84],[-1.21,-7.61],[-1.66,-7.05],[-2.11,-6.49],[-2.8,-6.84],[-3.28,-7.02],[-3.77,-7.2],[-4.69,-7.05],[-5.61,-6.91],[-6.27,-7.05],[-6.94,-7.19],[-7.39,-7.68],[-7.84,-8.16],[-8.56,-8.15],[-9.1,-7.64],[-9.19,-6.67],[-9.11,-6.11],[-9.03,-5.55],[-9.84,-5.65],[-10.31,-6.17],[-10.45,-6.88],[-10.49,-7.38],[-10.52,-7.89],[-10.41,-8.39],[-9.94,-8.89],[-9.4,-9.41],[-9.44,-10.21],[-9.65,-11.12],[-9.73,-11.76],[-9.8,-12.39],[-9.72,-12.95],[-9.88,-13.6],[-10.12,-13.96],[-9.75,-14.52],[-9.39,-15.14],[-9.36,-15.89],[-9.34,-16.65],[-8.97,-17.21],[-8.6,-18.04],[-8.64,-18.73],[-8.6,-19.03],[-8.6,-19.03],[-8.99,-19.06],[-9.57,-19.13],[-9.57,-19.13],[-10.3,-18.75],[-11.02,-18.36],[-11.73,-17.97],[-12.68,-17.65],[-13.62,-17.33],[-14.16,-17.29],[-14.7,-17.24],[-15.53,-17.2],[-16.36,-17.16],[-17.16,-16.97],[-17.96,-16.77],[-18.47,-16.35],[-18.98,-15.92],[-19.85,-15.4],[-20.62,-15.07],[-21.38,-14.73],[-22.2,-14.45],[-23.01,-14.16],[-23.56,-13.66],[-23.94,-12.97],[-24.32,-12.29],[-24.57,-11.53],[-24.81,-10.77],[-25.04,-9.99],[-25.27,-9.21],[-25.84,-8.74],[-25.84,-8.74],[-26.38,-8.66],[-26.92,-8.58],[-27.56,-8.37],[-28.2,-8.15],[-29.11,-7.82],[-30.02,-7.49],[-30.92,-7.15],[-31.43,-6.67],[-31.95,-6.18],[-32.46,-5.69],[-33.23,-5.06],[-34,-4.42],[-34.76,-3.79],[-35.2,-3.42],[-35.2,-3.42],[-34.81,-3.05],[-34.43,-2.68],[-33.94,-2.22],[-33.45,-1.77],[-32.96,-1.31],[-32.93,-1.29],[-32.93,-1.29],[-32.93,-1.3],[-32.93,-1.3],[-32.58,-0.87],[-32.23,-0.45],[-31.76,-0.02],[-31.28,0.41],[-31.74,0.94],[-32.2,1.47],[-31.59,2.09],[-31.63,2.18],[-31.4,2.39],[-31.5,2.61],[-31.12,3.07],[-30.75,3.53],[-30.77,3.59],[-30.43,3.96],[-30.09,4.33],[-29.78,4.79],[-29.86,4.95],[-29.34,5.53],[-28.82,6.12],[-28.46,6.7],[-28.5,6.8],[-28.06,7.41],[-27.61,8.02],[-27.17,8.63],[-27.29,8.85],[-26.79,9.28],[-26.29,9.71],[-26.43,9.97],[-25.77,10.59],[-25.12,11.2],[-24.97,10.94],[-24.33,11.52],[-24.2,11.3],[-23.72,11.6],[-23.25,11.89],[-23.03,11.53],[-22.55,11.78],[-22.06,12.02],[-22.09,12.11],[-21.33,12.45],[-21.29,12.37],[-20.43,12.76],[-19.57,13.14],[-19.51,13.03],[-18.67,13.18],[-17.83,13.33],[-16.98,13.47],[-16.96,13.39],[-16.17,13.78],[-15.39,14.17],[-14.6,14.56],[-13.81,14.95],[-13.73,14.81],[-13.22,15.05],[-12.72,15.29],[-11.9,15.76],[-11.08,16.12],[-10.25,16.47],[-10.25,16.47],[-9.87,16.12],[-9.49,15.78],[-9.49,15.78],[-9.08,16.09],[-8.79,16.45],[-8.48,16.8],[-8.27,17.19],[-8.07,17.49],[-7.91,17.91],[-7.72,18.33],[-7.6,18.41],[-7.46,18.65],[-7.29,18.84],[-7.06,19.04],[-6.81,19.31],[-6.55,19.66],[-6.46,19.91],[-6.41,20.1],[-6.35,20.22],[-6.33,20.24],[-6.33,20.24],[-6.23,19.73],[-6.22,19.41],[-6.25,18.95],[-6.18,18.62],[-6.24,18.29],[-6.3,18.02],[-6.33,17.83],[-6.43,17.66],[-6.86,17.36],[-7.03,17.11],[-6.92,16.82],[-6.85,16.54],[-6.9,16.25],[-7.01,16.04],[-7.12,15.81],[-7.26,15.55],[-7.41,15.25],[-7.52,15.02],[-7.65,14.77],[-7.74,14.58],[-7.81,14.44],[-7.88,14.28],[-7.88,14.28],[-7.38,13.81],[-6.88,13.33],[-6.1,13.11],[-5.33,12.88],[-4.55,12.64],[-3.78,12.41],[-3.78,12.41],[-2.98,11.94],[-2.18,11.47],[-1.38,10.99],[-0.59,10.52],[0.2,10.04],[1.03,9.7],[1.85,9.36],[2.68,9.02],[3.5,8.68],[4.32,8.33],[5.14,7.99],[5.95,7.64],[6.77,7.29],[7.48,7.05],[8.19,6.8],[8.89,6.56],[8.89,6.56],[8.47,5.85],[8.05,5.14],[7.63,4.44],[7.21,3.73]]]}},{"type":"Feature","properties":{"ma":125,"type":"gpml:TopologicalClosedPlateBoundary","name":"QT back-arc eastern flank","pid":2061,"deforming":false},"geometry":{"type":"Polygon","coordinates":[[[-69.51,3],[-68.82,2.7],[-68.13,2.39],[-67.43,2.09],[-66.61,1.68],[-65.79,1.27],[-64.96,0.86],[-64.33,0.43],[-63.69,-0.01],[-63.05,-0.44],[-62.42,-0.87],[-61.69,-1.48],[-60.96,-2.09],[-60.24,-2.7],[-59.51,-3.31],[-58.95,-3.94],[-58.39,-4.58],[-57.82,-5.21],[-57.26,-5.84],[-56.7,-6.47],[-56.33,-7.19],[-55.96,-7.9],[-55.59,-8.62],[-55.22,-9.33],[-54.85,-10.05],[-54.69,-10.64],[-54.52,-11.23],[-54.33,-11.77],[-54.14,-12.31],[-54.12,-12.4],[-54.12,-12.4],[-54.58,-13.12],[-55.03,-13.85],[-55.5,-14.57],[-55.61,-15.56],[-55.61,-15.56],[-55.61,-15.56],[-55.61,-15.56],[-55.73,-16.55],[-55.84,-17.53],[-56.22,-18.12],[-56.6,-18.7],[-56.99,-19.29],[-57.17,-19.95],[-57.35,-20.61],[-57.54,-21.27],[-57.83,-22.12],[-58.12,-22.97],[-58.67,-23.69],[-58.67,-23.69],[-59.35,-23.82],[-60.34,-23.95],[-60.34,-23.95],[-60.38,-23.58],[-61,-23.6],[-61.62,-23.63],[-61.71,-22.9],[-61.8,-22.17],[-61.88,-21.43],[-62.9,-21.45],[-62.93,-20.56],[-62.96,-19.68],[-63,-18.8],[-63.03,-17.92],[-63.97,-17.87],[-64,-16.95],[-64.03,-16.03],[-64.06,-15.11],[-64.09,-14.19],[-64.12,-13.27],[-63.43,-13.25],[-62.75,-13.22],[-62.81,-12.23],[-62.88,-11.23],[-62.95,-10.23],[-63.01,-9.24],[-63.54,-9.26],[-64.07,-9.28],[-64.17,-8.3],[-64.28,-7.31],[-64.88,-7.35],[-65.48,-7.39],[-65.59,-6.64],[-65.69,-5.9],[-65.8,-5.15],[-66.7,-5.25],[-67.6,-5.34],[-67.7,-4.6],[-67.79,-3.87],[-67.88,-3.13],[-68.82,-3.22],[-69.77,-3.3],[-69.85,-2.79],[-69.94,-2.27],[-70.7,-2.32],[-71.46,-2.38],[-72.23,-2.43],[-72.33,-1.73],[-72.44,-1.02],[-72.55,-0.31],[-73.46,-0.45],[-73.61,0.47],[-73.61,0.47],[-73.16,0.92],[-72.7,1.37],[-72,1.83],[-71.31,2.28],[-70.68,2.56],[-70.06,2.83],[-69.51,3]]]}},{"type":"Feature","properties":{"ma":125,"type":"gpml:TopologicalClosedPlateBoundary","name":"Sepik","pid":780,"deforming":false},"geometry":{"type":"Polygon","coordinates":[[[110.34,-16.37],[110.33,-15.65],[110.31,-14.94],[110.3,-14.23],[110.43,-13.52],[110.56,-12.82],[110.69,-12.12],[110.69,-12.12],[111.48,-12.34],[112.27,-12.57],[113.03,-12.69],[113.8,-12.81],[114.56,-12.92],[115.42,-13.04],[116.29,-13.15],[117.15,-13.26],[118.02,-13.36],[118.89,-13.46],[119.75,-13.56],[120.72,-13.72],[121.68,-13.88],[122.65,-14.03],[123.61,-14.18],[124.58,-14.32],[125.55,-14.46],[126.52,-14.6],[127.47,-14.89],[128.41,-15.18],[129.37,-15.46],[130.32,-15.74],[131.28,-16.01],[132.23,-16.28],[133.2,-16.55],[134.16,-16.81],[135.13,-17.07],[136.1,-17.32],[137.07,-17.57],[138.04,-17.81],[138.04,-17.81],[138.43,-18.52],[138.81,-19.22],[139,-20.14],[139.19,-21.06],[139.38,-21.98],[139.57,-22.9],[139.77,-23.81],[140.02,-24.52],[140.28,-25.22],[140.54,-25.93],[140.54,-25.93],[139.75,-25.81],[138.96,-25.69],[137.89,-25.5],[136.82,-25.3],[135.75,-25.09],[134.69,-24.87],[133.64,-24.65],[132.58,-24.42],[132.63,-23.84],[132.68,-23.26],[131.9,-23.03],[131.13,-22.79],[130.37,-22.54],[130.41,-22],[130.46,-21.46],[129.59,-21.22],[128.72,-20.97],[127.86,-20.71],[127,-20.46],[127.12,-19.91],[126.23,-19.68],[125.35,-19.45],[125.22,-19.75],[124.34,-19.51],[123.45,-19.25],[122.57,-19],[121.7,-18.74],[121.55,-19.22],[120.79,-19.03],[120.02,-18.84],[119.79,-19.56],[119.56,-20.27],[118.6,-20.05],[117.65,-19.82],[116.7,-19.59],[115.75,-19.36],[114.8,-19.11],[114.98,-18.38],[115.15,-17.65],[114.2,-17.41],[113.26,-17.16],[112.32,-16.91],[111.33,-16.64],[110.34,-16.37]]]}},{"type":"Feature","properties":{"ma":125,"type":"gpml:TopologicalClosedPlateBoundary","name":"AlCaPa","pid":334,"deforming":false},"geometry":{"type":"Polygon","coordinates":[[[17.98,15.76],[17.09,16.16],[16.2,16.56],[15.3,16.95],[14.4,17.34],[13.49,17.73],[12.58,18.11],[11.94,18.79],[11.29,19.46],[11.29,19.46],[11.43,19.51],[11.89,19.98],[12.34,20.45],[12.79,20.85],[13.23,21.25],[13.17,21.56],[14.08,21.89],[14.08,21.89],[14.55,22.39],[14.55,22.39],[15.16,22.25],[15.82,22.19],[16.48,22.14],[17.05,22.13],[17.63,22.12],[18.49,22.17],[18.49,22.17],[18.87,21.67],[19.24,21.16],[20.05,20.51],[20.85,19.86],[21.63,19.29],[22.41,18.71],[22.41,18.71],[21.55,18.14],[20.69,17.56],[19.84,16.99],[18.99,16.41],[18.49,16.08],[17.98,15.76]]]}},{"type":"Feature","properties":{"ma":125,"type":"gpml:TopologicalClosedPlateBoundary","name":"Sardinia - Corsica - Brianconnais","pid":306,"deforming":false},"geometry":{"type":"Polygon","coordinates":[[[5.44,17.72],[5.6,17.99],[6.59,18.07],[7.58,18.14],[8.51,18.48],[9.43,18.81],[10.36,19.14],[11.29,19.46],[11.29,19.46],[11.94,18.79],[12.58,18.11],[13.38,17.78],[14.18,17.44],[14.97,17.1],[15.76,16.75],[15.76,16.75],[14.95,16.82],[14.23,16.66],[13.51,16.49],[12.85,16.23],[12.19,15.98],[11.47,15.59],[10.76,15.21],[10.05,14.82],[9.34,14.43],[8.52,14.09],[7.72,13.75],[6.91,13.41],[6.1,13.07],[6.1,13.07],[5.89,13.83],[5.67,14.58],[5.45,15.34],[5.45,16.13],[5.44,16.92],[5.44,17.71],[5.44,17.72]]]}},{"type":"Feature","properties":{"ma":125,"type":"gpml:TopologicalClosedPlateBoundary","name":"Africa Early Ocean Crust","pid":701,"deforming":false},"geometry":{"type":"Polygon","coordinates":[[[-9.33,-19.91],[-10.07,-19.48],[-10.48,-19.24],[-10.48,-19.24],[-10.48,-19.24],[-10.48,-19.24],[-10.07,-19.48],[-9.33,-19.91],[-8.6,-20.34],[-8.36,-20.94],[-8.29,-21.11],[-8.38,-21.97],[-8.34,-22.09],[-8.2,-22.8],[-8.21,-22.84],[-8.57,-23.66],[-8.64,-23.73],[-9.06,-24.19],[-9.85,-24.84],[-9.92,-24.91],[-10.03,-25.04],[-10.36,-25.43],[-10.44,-25.53],[-10.55,-25.66],[-11,-26.29],[-11.09,-26.45],[-11.33,-26.88],[-11.49,-27.16],[-11.65,-27.5],[-11.84,-27.86],[-12,-28.1],[-12.28,-28.77],[-12.29,-28.81],[-12.26,-29.6],[-12.26,-29.68],[-12.1,-30.38],[-12.07,-30.53],[-11.94,-31.1],[-11.94,-31.4],[-12,-31.89],[-12.04,-32.23],[-12.16,-32.66],[-12.26,-33.07],[-12.38,-33.39],[-12.59,-33.92],[-12.68,-34.16],[-12.85,-34.77],[-12.89,-34.96],[-13.05,-35.67],[-13.06,-35.76],[-13.29,-36.52],[-13.31,-36.59],[-13.56,-37.33],[-13.65,-37.48],[-14.39,-38.15],[-14.54,-38.29],[-15.13,-38.84],[-15.44,-39.06],[-15.91,-39.3],[-16.65,-39.72],[-17.18,-40.02],[-17.53,-40.23],[-17.85,-40.45],[-18.41,-40.82],[-18.47,-40.86],[-18.99,-41.27],[-19.35,-41.56],[-19.45,-41.63],[-19.77,-41.89],[-20.01,-42.04],[-20.28,-42.21],[-20.38,-42.29],[-20.6,-42.46],[-21.08,-42.95],[-21.17,-43.06],[-21.58,-43.6],[-21.77,-43.85],[-22.05,-44.31],[-22.34,-44.67],[-22.52,-45],[-22.82,-45.51],[-22.99,-45.72],[-23.45,-46.3],[-23.53,-46.39],[-24.13,-47.03],[-24.16,-47.06],[-24.6,-47.75],[-24.69,-47.89],[-25.05,-48.47],[-25.21,-48.72],[-25.56,-49.15],[-25.87,-49.51],[-26.14,-49.8],[-26.6,-50.29],[-26.74,-50.45],[-27.28,-51.08],[-27.32,-51.12],[-27.87,-51.81],[-27.93,-51.88],[-28.29,-52.36],[-28.65,-52.83],[-28.73,-52.94],[-29.08,-53.46],[-29.48,-54.03],[-29.61,-54.21],[-29.79,-54.58],[-30.06,-55.11],[-30.31,-55.6],[-30.6,-56.42],[-30.89,-57.17],[-30.98,-57.5],[-31.19,-58.22],[-31.29,-58.69],[-31.41,-59.26],[-31.52,-59.89],[-31.59,-60.29],[-31.77,-61.12],[-31.96,-61.87],[-31.93,-62.31],[-31.93,-62.31],[-32.14,-62.29],[-33.72,-62.14],[-35.28,-61.96],[-35.28,-61.96],[-35.21,-61.66],[-34.8,-60.78],[-34.46,-59.96],[-34.32,-59.57],[-34.03,-58.95],[-33.75,-58.39],[-33.52,-57.94],[-33.1,-57.25],[-32.87,-56.93],[-32.29,-56.23],[-31.47,-55.37],[-31.06,-54.91],[-30.62,-54.41],[-30.32,-54.07],[-30.16,-53.9],[-29.75,-53.33],[-29.27,-52.84],[-29.16,-52.74],[-28.69,-52.22],[-28.23,-51.7],[-28.17,-51.63],[-27.57,-50.97],[-27.54,-50.93],[-26.99,-50.3],[-26.85,-50.13],[-26.41,-49.64],[-26.17,-49.33],[-25.88,-48.96],[-25.56,-48.51],[-25.4,-48.26],[-25.02,-47.69],[-24.93,-47.55],[-24.39,-46.92],[-24.36,-46.88],[-23.73,-46.26],[-23.64,-46.18],[-23.12,-45.63],[-22.94,-45.43],[-22.57,-44.97],[-22.34,-44.67],[-22.05,-44.31],[-21.77,-43.85],[-21.58,-43.6],[-21.17,-43.06],[-21.08,-42.95],[-20.6,-42.46],[-20.38,-42.29],[-20.28,-42.21],[-20.01,-42.04],[-19.77,-41.89],[-19.45,-41.63],[-19.35,-41.56],[-18.99,-41.27],[-18.47,-40.86],[-18.41,-40.82],[-17.85,-40.45],[-17.53,-40.23],[-17.18,-40.02],[-16.65,-39.72],[-15.91,-39.3],[-15.44,-39.06],[-15.13,-38.84],[-14.54,-38.29],[-14.39,-38.15],[-13.65,-37.48],[-13.56,-37.33],[-13.31,-36.59],[-13.29,-36.52],[-13.06,-35.76],[-13.05,-35.67],[-12.89,-34.96],[-12.85,-34.77],[-12.68,-34.16],[-12.59,-33.92],[-12.38,-33.39],[-12.26,-33.07],[-12.16,-32.66],[-12.04,-32.23],[-12,-31.89],[-11.94,-31.4],[-11.94,-31.1],[-12.07,-30.53],[-12.1,-30.38],[-12.26,-29.68],[-12.26,-29.6],[-12.29,-28.81],[-12.28,-28.77],[-12,-28.1],[-11.84,-27.86],[-11.65,-27.5],[-11.49,-27.16],[-11.33,-26.88],[-11.09,-26.45],[-11,-26.29],[-10.55,-25.66],[-10.44,-25.53],[-10.36,-25.43],[-10.03,-25.04],[-9.92,-24.91],[-9.85,-24.84],[-9.06,-24.19],[-8.64,-23.73],[-8.57,-23.66],[-8.21,-22.84],[-8.2,-22.8],[-8.34,-22.09],[-8.38,-21.97],[-8.29,-21.11],[-8.36,-20.94],[-8.6,-20.34],[-9.33,-19.91]]]}},{"type":"Feature","properties":{"ma":125,"type":"gpml:TopologicalClosedPlateBoundary","name":"South America Early Ocean Crust","pid":201,"deforming":false},"geometry":{"type":"Polygon","coordinates":[[[-8.6,-20.34],[-8.36,-20.94],[-8.29,-21.11],[-8.38,-21.97],[-8.34,-22.09],[-8.2,-22.8],[-8.21,-22.84],[-8.57,-23.66],[-8.64,-23.73],[-9.06,-24.19],[-9.85,-24.84],[-9.92,-24.91],[-10.03,-25.04],[-10.36,-25.43],[-10.44,-25.53],[-10.55,-25.66],[-11,-26.29],[-11.09,-26.45],[-11.33,-26.88],[-11.49,-27.16],[-11.65,-27.5],[-11.84,-27.86],[-12,-28.1],[-12.28,-28.77],[-12.29,-28.81],[-12.26,-29.6],[-12.26,-29.68],[-12.1,-30.38],[-12.07,-30.53],[-11.94,-31.1],[-11.94,-31.4],[-12,-31.89],[-12.04,-32.23],[-12.16,-32.66],[-12.26,-33.07],[-12.38,-33.39],[-12.59,-33.92],[-12.68,-34.16],[-12.85,-34.77],[-12.89,-34.96],[-13.05,-35.67],[-13.06,-35.76],[-13.29,-36.52],[-13.31,-36.59],[-13.56,-37.33],[-13.65,-37.48],[-14.39,-38.15],[-14.54,-38.29],[-15.13,-38.84],[-15.44,-39.06],[-15.91,-39.3],[-16.65,-39.72],[-17.18,-40.02],[-17.53,-40.23],[-17.85,-40.45],[-18.41,-40.82],[-18.47,-40.86],[-18.99,-41.27],[-19.35,-41.56],[-19.45,-41.63],[-19.77,-41.89],[-20.01,-42.04],[-20.28,-42.21],[-20.38,-42.29],[-20.6,-42.46],[-21.08,-42.95],[-21.17,-43.06],[-21.58,-43.6],[-21.77,-43.85],[-22.05,-44.31],[-22.34,-44.67],[-22.57,-44.97],[-22.94,-45.43],[-23.12,-45.63],[-23.64,-46.18],[-23.73,-46.26],[-24.36,-46.88],[-24.39,-46.92],[-24.93,-47.55],[-25.02,-47.69],[-25.4,-48.26],[-25.56,-48.51],[-25.88,-48.96],[-26.17,-49.33],[-26.41,-49.64],[-26.85,-50.13],[-26.99,-50.3],[-27.54,-50.93],[-27.57,-50.97],[-28.17,-51.63],[-28.23,-51.7],[-28.69,-52.22],[-29.16,-52.74],[-29.27,-52.84],[-29.75,-53.33],[-30.16,-53.9],[-30.32,-54.07],[-30.62,-54.41],[-31.06,-54.91],[-31.47,-55.37],[-32.29,-56.23],[-32.87,-56.93],[-33.1,-57.25],[-33.52,-57.94],[-33.75,-58.39],[-34.03,-58.95],[-34.32,-59.57],[-34.46,-59.96],[-34.8,-60.78],[-35.21,-61.66],[-35.28,-61.96],[-35.28,-61.96],[-36.07,-61.87],[-37.24,-61.69],[-38.4,-61.5],[-38.4,-61.5],[-38.33,-61.35],[-37.93,-60.81],[-37.55,-60.26],[-37.09,-59.46],[-36.88,-59.07],[-36.42,-58.48],[-36,-57.95],[-35.63,-57.52],[-35.06,-56.86],[-34.68,-56.58],[-33.84,-55.94],[-33.18,-55.51],[-32.54,-55.07],[-31.98,-54.66],[-31.36,-54.2],[-30.97,-53.88],[-30.78,-53.72],[-30.36,-53.16],[-29.75,-52.7],[-29.61,-52.61],[-29.06,-52.06],[-28.53,-51.52],[-28.46,-51.45],[-27.82,-50.81],[-27.79,-50.77],[-27.23,-50.15],[-27.09,-49.98],[-26.68,-49.47],[-26.46,-49.15],[-26.19,-48.76],[-25.89,-48.3],[-25.72,-48.05],[-25.34,-47.48],[-25.25,-47.34],[-24.62,-46.77],[-24.59,-46.74],[-23.92,-46.14],[-23.83,-46.06],[-23.25,-45.55],[-23.04,-45.36],[-22.6,-44.95],[-22.33,-44.67],[-22.05,-44.31],[-21.77,-43.85],[-21.58,-43.6],[-21.17,-43.06],[-21.08,-42.95],[-20.6,-42.46],[-20.38,-42.29],[-20.28,-42.21],[-20,-42.04],[-19.78,-41.89],[-19.46,-41.63],[-19.35,-41.56],[-18.99,-41.26],[-18.47,-40.86],[-18.41,-40.82],[-17.85,-40.45],[-17.53,-40.23],[-17.18,-40.02],[-16.66,-39.72],[-15.91,-39.3],[-15.43,-39.06],[-15.13,-38.84],[-14.53,-38.29],[-14.38,-38.16],[-13.65,-37.48],[-13.56,-37.33],[-13.31,-36.59],[-13.3,-36.52],[-13.07,-35.76],[-13.05,-35.67],[-12.89,-34.96],[-12.85,-34.77],[-12.68,-34.16],[-12.6,-33.92],[-12.38,-33.39],[-12.26,-33.07],[-12.16,-32.66],[-12.04,-32.23],[-12,-31.89],[-11.94,-31.4],[-11.94,-31.1],[-12.07,-30.53],[-12.11,-30.38],[-12.25,-29.68],[-12.25,-29.59],[-12.28,-28.81],[-12.28,-28.77],[-12,-28.1],[-11.84,-27.86],[-11.64,-27.5],[-11.49,-27.16],[-11.33,-26.88],[-11.09,-26.45],[-11,-26.29],[-10.55,-25.67],[-10.44,-25.53],[-10.36,-25.43],[-10.04,-25.03],[-9.91,-24.91],[-9.86,-24.84],[-9.05,-24.18],[-8.64,-23.73],[-8.57,-23.66],[-8.2,-22.84],[-8.19,-22.81],[-8.34,-22.09],[-8.38,-21.98],[-8.29,-21.12],[-8.35,-20.94],[-8.6,-20.34],[-9.12,-20.04],[-9.63,-19.74],[-10.06,-19.48],[-10.47,-19.24],[-10.47,-19.24],[-10.48,-19.24],[-10.48,-19.24],[-10.07,-19.48],[-9.33,-19.91],[-8.6,-20.34]]]}},{"type":"Feature","properties":{"ma":125,"type":"gpml:TopologicalNetwork","name":"Greater_India_East_Mesh","pid":801,"deforming":true},"geometry":{"type":"Polygon","coordinates":[[[79.33,-27.38],[79.49,-26.72],[79.65,-26.06],[79.65,-26.06],[79.65,-26.05],[79.83,-25.38],[80,-24.7],[80.32,-24.08],[80.54,-23.63],[80.97,-23.05],[81.39,-22.47],[82.23,-22.06],[82.98,-21.42],[83.56,-21.24],[84.14,-21.05],[84.7,-20.9],[85.25,-20.74],[85.83,-20.64],[86.41,-20.52],[87.05,-20.5],[87.69,-20.48],[88.31,-20.41],[88.94,-20.33],[89.48,-20.32],[90.01,-20.31],[90.8,-20.18],[91.71,-19.95],[91.85,-19.43],[92,-18.92],[91.78,-18.21],[91.72,-17.23],[92.02,-16.65],[92.74,-16.32],[93.32,-16.27],[93.9,-16.22],[94.64,-16.15],[95.37,-16.07],[96.32,-15.95],[97.26,-15.83],[98.27,-15.82],[98.82,-15.82],[99.36,-15.82],[100.2,-15.82],[100.98,-15.73],[101.72,-15.41],[102.19,-15.12],[102.67,-14.84],[102.86,-14.73],[102.86,-14.73],[103.28,-15.58],[103.7,-16.43],[104.13,-17.28],[104.13,-17.28],[103.91,-17.38],[103.27,-17.75],[102.69,-17.96],[102.1,-18.16],[101.55,-18.29],[101,-18.41],[100.29,-18.49],[99.95,-18.53],[99.55,-18.58],[98.9,-18.7],[98.35,-18.8],[97.8,-18.9],[97.11,-19.48],[96.29,-19.85],[95.37,-20.18],[94.58,-20.41],[93.81,-20.76],[93.38,-21.16],[92.78,-21.4],[91.98,-21.53],[91.18,-21.65],[90.61,-21.71],[90.04,-21.76],[89.42,-21.86],[88.81,-21.96],[87.86,-21.99],[86.9,-22.02],[86.01,-21.65],[85.4,-21.73],[84.71,-22],[84.32,-22.47],[83.69,-23.03],[83.05,-23.38],[82.5,-23.89],[82.09,-24.27],[81.68,-24.64],[81.35,-25.05],[81,-25.47],[80.56,-26.38],[80.14,-26.8],[79.71,-27.21],[79.33,-27.38]]]}},{"type":"Feature","properties":{"ma":125,"type":"gpml:TopologicalNetwork","name":"Greater_India_West_Mesh","pid":739,"deforming":true},"geometry":{"type":"Polygon","coordinates":[[[56.75,-12.76],[56.75,-12.76],[57.52,-13.13],[58.29,-13.5],[59.11,-13.89],[59.94,-14.28],[60.65,-14.65],[61.36,-15.03],[62.08,-15.4],[62.9,-15.84],[63.72,-16.28],[64.54,-16.71],[65.37,-17.14],[65.75,-17.76],[66.46,-18.43],[67.17,-19.1],[67.74,-19.62],[68.3,-20.14],[68.87,-20.66],[69.55,-21.11],[70.23,-21.55],[70.92,-21.99],[71.67,-22.67],[72.12,-23.07],[72.57,-23.47],[73.23,-24.1],[73.95,-24.78],[74.59,-25.47],[75.24,-26.16],[75.71,-26.52],[76.19,-26.87],[76.94,-26.91],[77.6,-26.95],[77.72,-26.98],[77.72,-26.98],[77.78,-26.97],[78.47,-26.84],[78.91,-26.66],[79.25,-26.52],[79.65,-26.06],[79.65,-26.06],[79.49,-26.72],[79.33,-27.38],[79.33,-27.38],[78.64,-27.69],[78,-27.73],[77.36,-27.77],[77.36,-27.77],[77.19,-27.74],[76.7,-27.66],[76.13,-27.56],[75.6,-27.36],[75.24,-27.22],[74.76,-26.8],[74.29,-26.38],[73.82,-25.8],[73.47,-25.39],[73.39,-25.3],[73.04,-24.93],[72.77,-24.64],[72.33,-24.25],[71.75,-23.74],[71.49,-23.51],[71.29,-23.33],[70.64,-22.74],[70.09,-22.32],[69.54,-21.89],[69.35,-21.72],[68.66,-21.13],[68.13,-20.85],[67.56,-20.56],[67.18,-20.15],[66.8,-19.75],[66.21,-19.13],[65.83,-18.73],[65.41,-18.19],[64.98,-17.65],[64.84,-17.46],[64.22,-17.19],[63.87,-16.96],[63.74,-16.88],[63.25,-16.55],[62.51,-16.16],[62.12,-15.95],[61.43,-15.59],[60.52,-15.12],[59.69,-14.68],[59.34,-14.5],[58.74,-14.21],[58.15,-13.92],[57.53,-13.61],[57.05,-13.37],[56.57,-13.13],[56.75,-12.76]]]}},{"type":"Feature","properties":{"ma":125,"type":"gpml:TopologicalNetwork","name":"Greater_India_East_Mesh","pid":801,"deforming":true},"geometry":{"type":"Polygon","coordinates":[[[90.66,-46.66],[89.84,-46.75],[89,-46.87],[88.16,-46.97],[87.36,-47],[86.56,-47.02],[85.16,-46.86],[85.02,-46.86],[85.02,-46.86],[85.06,-46.85],[85.7,-46.26],[86.33,-45.67],[85.56,-45.19],[84.8,-44.71],[84.06,-44.23],[84.48,-43.59],[84.89,-42.95],[85.75,-42.62],[86.61,-42.28],[87.45,-41.94],[87.86,-41.18],[87.39,-40.39],[88.23,-39.77],[88.93,-39.96],[89.62,-40.13],[90.49,-40.64],[91.4,-40.77],[92.31,-40.9],[93.35,-41.09],[94.4,-41.28],[95.09,-41.17],[95.44,-40.21],[95.94,-39.49],[96.43,-38.77],[97.08,-37.95],[97.45,-37.48],[97.82,-37.01],[98.07,-36.7],[98.87,-36.38],[99.67,-36.06],[100.46,-35.74],[101.19,-35.33],[101.92,-34.91],[101.76,-34.53],[102.75,-34.1],[103.73,-33.65],[104.7,-33.2],[105.5,-32.86],[106.28,-32.52],[107.06,-32.17],[107.39,-32.65],[107.71,-33.14],[108.44,-32.7],[109.17,-32.26],[109.89,-31.82],[109.89,-31.82],[110.49,-32.39],[111.1,-32.95],[111.86,-33.55],[112.62,-34.14],[113.4,-34.73],[114.19,-35.31],[114.99,-35.88],[115.8,-36.45],[116.62,-37.02],[116.62,-37.02],[115.9,-37.23],[115.17,-37.45],[114.15,-38],[113.11,-38.54],[112.38,-38.91],[111.65,-39.27],[110.91,-39.63],[110.26,-40.39],[109.38,-40.7],[108.49,-41],[107.6,-41.3],[106.49,-41.67],[105.38,-42.04],[104.44,-42.32],[103.49,-42.6],[102.53,-42.87],[101.59,-43.44],[100.64,-44],[99.68,-44.49],[98.71,-44.98],[97.72,-45.45],[96.72,-45.64],[95.72,-45.81],[94.71,-45.97],[93.66,-46.17],[92.61,-46.35],[91.56,-46.52],[91.48,-46.56],[90.66,-46.66]]]}},{"type":"Feature","properties":{"ma":125,"type":"gpml:TopologicalNetwork","name":"aus_antarc_india_mesh","pid":801,"deforming":true},"geometry":{"type":"Polygon","coordinates":[[[77.94,-46.81],[78.89,-46.86],[79.84,-46.9],[81.08,-46.96],[82.32,-47],[83.74,-46.94],[85.16,-46.86],[86.56,-47.02],[87.36,-47],[88.16,-46.97],[88.6,-46.92],[88.6,-46.92],[88.58,-46.95],[88.27,-47.43],[87.94,-47.91],[87.91,-48.59],[87.88,-49.27],[87.73,-49.76],[87.55,-50.37],[87.36,-51.01],[87.16,-51.64],[87.14,-52.23],[87.12,-52.83],[87.2,-53.56],[87.3,-54.29],[87.34,-54.99],[87.38,-55.69],[87.08,-56.45],[86.77,-57.22],[86.26,-57.74],[85.72,-58.26],[85.72,-58.26],[84.84,-58.12],[83.19,-58.31],[82.9,-58.26],[82.9,-58.26],[83.62,-57.96],[83.51,-57.07],[83.41,-56.17],[83.71,-56.39],[83.9,-56.63],[84.72,-56.2],[84.98,-55.92],[85.11,-55.83],[85.18,-55.19],[85.29,-55.16],[85.59,-55.2],[85.8,-55.17],[85.86,-54.84],[85.79,-54.54],[85.23,-54.05],[85.24,-53.94],[84.87,-53.59],[85.1,-53.51],[84.28,-52.69],[83.52,-51.96],[83.2,-51.5],[82.89,-51.04],[82.18,-50.53],[81.46,-49.96],[80.75,-49.38],[80.15,-49.03],[79.6,-48.38],[79.19,-48.02],[79.19,-48.02],[79.22,-47.92],[78.57,-47.36],[77.94,-46.81]]]}},{"type":"Feature","properties":{"ma":125,"type":"gpml:TopologicalNetwork","name":"IA_PNG_Jurassic_Deforming_Network","pid":615,"deforming":true},"geometry":{"type":"Polygon","coordinates":[[[118.05,-27.95],[118.28,-28.56],[118.51,-29.11],[118.51,-29.11],[119.59,-29.24],[120.27,-29.31],[121.3,-29.54],[121.85,-29.62],[122.37,-29.77],[123.02,-29.94],[123.91,-30.14],[124.45,-30.29],[124.73,-30.32],[125.07,-30.49],[125.07,-30.49],[125.24,-30.14],[125.59,-29.83],[125.59,-29.83],[125.7,-29.84],[126.44,-29.86],[127.37,-30.13],[128.22,-30.47],[128.42,-30.59],[128.39,-30.91],[128.31,-31.03],[128.24,-31.28],[128.24,-31.28],[128.33,-31.32],[128.9,-31.63],[129.31,-31.91],[129.82,-32.56],[130.35,-33.03],[131.17,-33.43],[131.17,-33.43],[130.75,-34.06],[130.09,-34.77],[129.97,-34.95],[129.97,-34.95],[129.4,-34.59],[128.83,-34.22],[127.91,-33.72],[127.25,-33.44],[126.59,-33.16],[126.28,-33.01],[125.98,-32.85],[125.72,-32.69],[125.5,-32.48],[125.5,-32.25],[125.58,-32.04],[125.59,-31.98],[125.17,-31.85],[124.85,-31.79],[124.58,-31.67],[124.12,-31.53],[123.45,-31.35],[123.04,-31.18],[122.26,-31.08],[121.83,-31],[121.26,-30.94],[120.89,-30.9],[120.25,-30.84],[119.77,-30.78],[118.79,-30.51],[118.44,-30.47],[117.83,-30.38],[117.45,-30.29],[116.67,-30.05],[116.23,-29.94],[115.36,-29.41],[114.5,-28.88],[113.99,-28.16],[113.45,-27.41],[113.42,-26.86],[113.39,-26.31],[113.33,-26.03],[113.33,-26.03],[113.36,-26.03],[113.96,-26.12],[114.57,-26.21],[115.13,-26.45],[115.69,-26.69],[116.25,-27.05],[116.82,-27.4],[117.5,-27.69],[118.05,-27.95]]]}},{"type":"Feature","properties":{"ma":125,"type":"gpml:TopologicalNetwork","name":"Inactive_PNG_Jurassic_Deforming_Network","pid":615,"deforming":true},"geometry":{"type":"Polygon","coordinates":[[[118.43,-22.76],[118.43,-22.76],[118.47,-22.66],[119.11,-22.1],[119.89,-21.81],[120.66,-21.86],[121.43,-21.91],[122.41,-22.13],[123.4,-22.33],[124.42,-22.58],[125.44,-22.83],[126.44,-23.2],[127.45,-23.57],[128.46,-23.93],[129.15,-24.53],[129.86,-25.12],[129.69,-25.62],[129.68,-25.64],[129.68,-25.64],[129.3,-25.42],[128.94,-25.2],[128.55,-25.1],[128.12,-24.99],[127.33,-24.78],[126.41,-24.58],[125.67,-24.41],[124.94,-24.23],[124.36,-24.09],[123.79,-23.94],[122.85,-23.75],[121.98,-23.57],[121.25,-23.48],[120.54,-23.4],[119.51,-23.17],[118.75,-23.03],[118.72,-23.03],[118.43,-22.76]]]}},{"type":"Feature","properties":{"ma":125,"type":"gpml:TopologicalNetwork","name":"Inactive_aus_antarc_india_mesh","pid":802,"deforming":true},"geometry":{"type":"Polygon","coordinates":[[[81.47,-59.86],[80.13,-59.98],[78.77,-60.09],[77.74,-60.34],[76.69,-60.58],[75.52,-60.79],[74.33,-60.99],[73.31,-61.32],[72.27,-61.65],[71,-61.7],[69.73,-61.73],[68.61,-61.77],[67.49,-61.79],[66.05,-61.92],[64.6,-62.03],[63.16,-62.29],[61.7,-62.53],[60.4,-62.85],[59.95,-63.82],[58.94,-64.61],[57.99,-65.07],[56.94,-65.7],[55.85,-66.32],[55.21,-67.11],[54.52,-67.89],[53.91,-66.95],[53.38,-66.07],[53.44,-65.5],[53.49,-64.93],[53.97,-64.42],[54.42,-63.91],[55.12,-63.23],[53.66,-63.45],[51.55,-63.52],[50.09,-63.51],[48.64,-63.48],[47.04,-63.41],[45.46,-63.32],[43.88,-63.21],[42.77,-63],[41.68,-62.78],[40.45,-62.21],[38.78,-62.25],[37.22,-62.77],[35.33,-63.27],[33.38,-63.75],[31.71,-64.34],[29.96,-64.9],[28.55,-65.47],[27.08,-66.02],[24.95,-65.98],[22.83,-65.9],[21.07,-65.59],[19.35,-65.27],[18.28,-64.88],[17.24,-64.48],[17.24,-64.48],[17.93,-64.05],[18.6,-63.62],[19.14,-63.21],[19.79,-62.86],[20.57,-62.41],[20.95,-62.35],[21.41,-62.4],[21.83,-62.73],[21.95,-62.99],[21.9,-63.29],[21.86,-63.7],[21.89,-64.03],[22.03,-64.25],[22.49,-64.55],[23.21,-64.68],[24.63,-64.77],[26.06,-64.84],[26.55,-64.15],[27.26,-64.16],[27.94,-64.2],[28.12,-64.17],[28.82,-63.47],[29.11,-62.97],[29.72,-62.54],[31.13,-62.09],[32.49,-61.62],[33.31,-61.08],[34.1,-60.54],[35.43,-60.37],[35.43,-60.37],[37.31,-60.36],[38.48,-60.49],[39.78,-60.6],[41.74,-60.77],[41.97,-60.08],[42.08,-60.01],[43.1,-60.02],[44.12,-60.02],[45.57,-60.01],[47.29,-59.98],[48.82,-60.11],[49.42,-60.11],[50.32,-60.1],[51.72,-59.98],[52.45,-59.88],[53.25,-59.77],[53.81,-59.94],[54.69,-60.21],[56.16,-59.58],[56.54,-59.62],[57.13,-59.69],[58.19,-59.8],[58.41,-60.18],[58.57,-60.46],[59.1,-60.55],[60.31,-60.63],[61.44,-60.69],[62.96,-60.79],[63.8,-60.83],[65,-60.8],[66.2,-60.76],[66.77,-60.7],[67.1,-60.62],[68.31,-60.52],[69.52,-60.41],[70.65,-60.28],[72.11,-60.01],[73.55,-59.72],[74.46,-59.44],[75.35,-59.14],[75.18,-58.5],[75.07,-58],[76.81,-57.89],[78.6,-57.83],[80.38,-57.74],[81.21,-58.04],[81.92,-58.2],[82.57,-58.36],[82.57,-58.36],[82.49,-58.3],[82.49,-58.3],[82.58,-58.89],[82.67,-59.48],[82.8,-59.72],[81.47,-59.86]]]}},{"type":"Feature","properties":{"ma":125,"type":"gpml:TopologicalNetwork","name":"Inactive_Central_Atlantic_Mesh","pid":101,"deforming":true},"geometry":{"type":"Polygon","coordinates":[[[-12.88,18.16],[-13.14,18.39],[-13.63,18.73],[-14.06,18.81],[-14.6,19.29],[-15.02,19.46],[-15.76,19.27],[-16.54,19.26],[-17.32,19.26],[-18.02,18.81],[-18.5,18.44],[-18.81,18.19],[-19.23,17.99],[-19.7,17.9],[-20.26,18.17],[-20.96,18.65],[-21.64,18.84],[-22.22,18.91],[-22.38,18.92],[-22.62,18.8],[-22.95,18.65],[-23.08,18.6],[-23.17,18.55],[-23.26,18.49],[-23.35,18.44],[-23.6,18.3],[-23.9,18.11],[-24.02,18.02],[-24.21,17.9],[-24.35,17.83],[-24.46,17.75],[-24.64,17.64],[-24.83,17.54],[-24.97,17.42],[-25.28,17.4],[-25.55,17.56],[-25.79,17.7],[-26.17,17.9],[-26.41,17.85],[-26.62,17.83],[-26.89,17.86],[-27.18,17.87],[-27.46,17.91],[-27.66,17.94],[-27.89,17.98],[-28.11,18.08],[-28.4,18.18],[-28.57,18.26],[-28.87,18.15],[-29.02,18.12],[-29.39,18.18],[-30.08,18.16],[-30.66,17.97],[-31.21,17.56],[-31.59,16.96],[-32,16.51],[-32.19,16.25],[-32.28,15.84],[-32.33,15.43],[-32.49,14.89],[-32.99,14.47],[-33.47,14.06],[-33.95,13.7],[-34.33,13.39],[-34.96,12.98],[-35.36,12.58],[-36.12,12.5],[-36.94,12.41],[-37.77,12.3],[-38.18,12.03],[-38.52,11.74],[-38.28,11.35],[-38.28,11.14],[-38.56,10.75],[-38.53,10.23],[-38.56,9.3],[-38.55,8.99],[-38.61,8.56],[-38.63,8.49],[-38.63,8.49],[-39.04,8.62],[-39.68,8.91],[-40.25,9.35],[-40.57,9.98],[-40.94,10.45],[-41.41,10.9],[-41.8,11.39],[-41.84,11.93],[-42.43,12.42],[-42.85,12.92],[-43.26,13.42],[-43.26,13.42],[-42.69,13.48],[-42.39,13.46],[-42.07,13.73],[-41.63,14.08],[-41.21,14.37],[-40.81,14.63],[-40.68,14.82],[-40.32,14.88],[-39.99,14.94],[-39.45,15.04],[-38.79,15.12],[-38.13,15.2],[-37.53,15.57],[-37.01,15.98],[-36.72,16.71],[-36.48,17.31],[-35.8,17.56],[-34.95,18.02],[-34.56,18.29],[-34.01,18.7],[-33.46,19.12],[-33.13,19.53],[-32.9,19.95],[-32.45,20.06],[-32.3,20.15],[-32.05,20.1],[-31.75,19.99],[-31.45,19.95],[-30.95,20.04],[-30.69,20.04],[-30.5,20.02],[-30.15,20.25],[-29.77,20.47],[-29.27,20.54],[-28.86,20.82],[-28.57,21.35],[-28.3,21.41],[-27.92,21.23],[-27.34,21.42],[-26.85,21.38],[-26.04,21.34],[-25.19,21.38],[-24.63,21.46],[-23.8,21.49],[-23.22,21.71],[-22.44,22.01],[-21.79,22.19],[-21.19,22.24],[-20.51,22.28],[-20.16,22.25],[-19.67,22.09],[-18.99,21.93],[-18.38,21.9],[-17.87,21.85],[-17.34,21.79],[-16.8,21.7],[-16.14,21.56],[-15.41,21.29],[-14.74,21.01],[-13.95,20.78],[-13.63,20.62],[-13.49,20.39],[-13.27,20.26],[-13.16,20.1],[-13.06,19.99],[-12.9,19.78],[-12.67,19.56],[-12.75,19.46],[-12.93,19.37],[-13.25,19.43],[-13.25,19.24],[-13.17,18.99],[-12.81,19.12],[-12.76,19.12],[-12.63,19.07],[-12.69,18.86],[-12.77,18.45],[-12.51,18.33],[-12.51,18.33],[-12.88,18.16]]]}},{"type":"Feature","properties":{"ma":125,"type":"gpml:TopologicalNetwork","name":"Inactive_Southern_Central_Atlantic_Mesh","pid":714,"deforming":true},"geometry":{"type":"Polygon","coordinates":[[[-25.14,-2.43],[-25.31,-2.62],[-25.35,-2.87],[-25.7,-3.22],[-25.93,-3.61],[-26.04,-4.41],[-26.16,-5.31],[-26.09,-5.9],[-25.71,-6.49],[-25.34,-7.07],[-25.14,-7.98],[-25.16,-8.71],[-25.05,-9.58],[-25.12,-9.71],[-25.12,-9.71],[-25.27,-9.21],[-25.62,-8.92],[-25.62,-8.92],[-25.55,-8.24],[-25.6,-7.58],[-25.79,-7.05],[-25.94,-6.61],[-26.11,-6.38],[-26.38,-6.25],[-26.91,-6.1],[-27.24,-6.01],[-27.47,-5.88],[-28.18,-5.61],[-28.57,-5.01],[-28.86,-4.38],[-28.51,-3.85],[-28.19,-3.39],[-27.59,-3.11],[-27.59,-3.11],[-27.45,-2.89],[-27.26,-2.65],[-27.12,-2.43],[-26.96,-2.24],[-26.95,-1.99],[-26.74,-1.71],[-26.52,-1.45],[-26.52,-1.45],[-25.79,-1.9],[-25.06,-2.34],[-25.14,-2.43]]]}},{"type":"Feature","properties":{"ma":125,"type":"gpml:TopologicalNetwork","name":"Inactive_Mesozoic Southern South America Deformation","pid":201,"deforming":true},"geometry":{"type":"Polygon","coordinates":[[[-30.61,-51.02],[-31.45,-51.55],[-32.31,-52.08],[-32.73,-52.32],[-33.28,-52.83],[-33.86,-53.34],[-34.56,-53.98],[-35.35,-54.6],[-36.16,-55.22],[-36.99,-55.83],[-37.98,-56.66],[-38.56,-57.25],[-39.05,-57.92],[-39.46,-58.59],[-39.88,-59.26],[-40.05,-59.76],[-40.23,-60.25],[-40.36,-60.73],[-40.36,-61.15],[-40.36,-61.15],[-38.99,-61.39],[-37.6,-61.63],[-37.6,-61.63],[-37.76,-62.07],[-37.48,-62.21],[-37.17,-62.21],[-36.46,-62.43],[-35.34,-62.79],[-34.2,-63.14],[-33,-63.48],[-31.76,-63.81],[-30.98,-63.93],[-30.73,-64],[-29.29,-64.25],[-27.58,-64.39],[-25.75,-64.44],[-25.2,-64.52],[-23.35,-64.56],[-21.49,-64.59],[-21.19,-64.63],[-19.7,-64.61],[-18.14,-64.56],[-16.79,-64.52],[-15.45,-64.47],[-15.12,-64.44],[-13.93,-64.42],[-11.82,-64.33],[-11.57,-64.31],[-11.5,-64.32],[-10.53,-64.66],[-10.53,-64.66],[-10.74,-65.12],[-11.35,-65.71],[-12,-66.3],[-13.03,-66.66],[-14.09,-67],[-14.09,-67],[-14.68,-67.19],[-16.5,-67.5],[-18.36,-67.78],[-20.58,-67.89],[-22.82,-67.96],[-24.45,-68.05],[-26.09,-68.13],[-26.38,-68.14],[-26.38,-68.14],[-28.12,-68.62],[-29.43,-68.84],[-30.76,-69.05],[-32.94,-69.1],[-35.13,-69.13],[-36.85,-69.19],[-38.59,-69.24],[-40.43,-69.09],[-42.25,-68.92],[-44.45,-68.77],[-46.62,-68.58],[-49.23,-68.54],[-51.83,-68.46],[-53.41,-68.35],[-54.97,-68.23],[-56.38,-68.08],[-57.78,-67.92],[-59.55,-67.54],[-61.26,-67.14],[-62.76,-66.52],[-64.19,-65.88],[-65.55,-65.24],[-66.25,-64.89],[-66.25,-64.89],[-66.22,-64.71],[-66.24,-64.29],[-66.08,-63.97],[-65.99,-63.81],[-65.79,-63.58],[-65.63,-63.18],[-65.5,-62.8],[-65.44,-62.54],[-65.33,-62.22],[-65.22,-61.96],[-65.19,-61.8],[-65.18,-61.57],[-64.87,-61.08],[-64.54,-60.62],[-64.34,-60.34],[-63.95,-60.06],[-63.53,-59.72],[-63.03,-59.45],[-62.41,-59.1],[-62.1,-58.75],[-61.98,-58.38],[-61.78,-58.14],[-61.63,-57.77],[-61.46,-57.46],[-61.42,-57.37],[-61.36,-57.22],[-61.16,-56.85],[-60.96,-56.51],[-60.75,-56.3],[-60.49,-56],[-60.22,-55.67],[-59.87,-55.1],[-59.53,-54.65],[-59.24,-54.15],[-58.99,-53.76],[-58.91,-53.61],[-58.91,-53.61],[-58.86,-53.52],[-58.55,-53.02],[-58.38,-52.73],[-58.21,-52.21],[-58.14,-51.98],[-57.89,-51.61],[-57.61,-51.23],[-57.27,-50.77],[-57.08,-50.31],[-56.82,-49.89],[-56.29,-49.22],[-55.78,-48.55],[-55.38,-47.68],[-54.99,-46.82],[-54.62,-45.96],[-54.25,-45.09],[-53.9,-44.23],[-53.9,-44.23],[-52.93,-44.54],[-51.94,-44.85],[-50.95,-45.14],[-49.74,-45.57],[-48.52,-45.98],[-47.57,-46.32],[-46.6,-46.64],[-45.57,-46.97],[-44.52,-47.28],[-43.13,-47.52],[-41.74,-47.75],[-40.61,-48.15],[-39.47,-48.54],[-38.58,-48.7],[-37.69,-48.85],[-36.55,-48.95],[-35.4,-49.03],[-34.61,-49],[-33.82,-48.96],[-32.86,-49.32],[-32.63,-49.83],[-31.96,-50.52],[-31.09,-50.84],[-30.44,-50.91],[-30.61,-51.02]]]}},{"type":"Feature","properties":{"ma":125,"type":"gpml:TopologicalNetwork","name":"Inactive_mesh_yucatan","pid":2004,"deforming":true},"geometry":{"type":"Polygon","coordinates":[[[-44.85,7.2],[-44.88,6.93],[-44.98,6.42],[-45.08,5.92],[-45.63,5.21],[-46.13,4.88],[-46.63,4.54],[-47.06,4.14],[-47.66,3.75],[-48.35,3.32],[-48.92,2.75],[-49.53,2.1],[-49.83,1.64],[-50.46,1.25],[-51.09,0.86],[-51.63,0.61],[-52.18,0.36],[-52.59,0.52],[-52.88,0.82],[-53.27,1.37],[-53.96,1.63],[-54.41,2.16],[-55.02,2.6],[-55.46,3.11],[-56,3.8],[-56.31,4.4],[-56.41,4.98],[-56.24,5.37],[-56.29,5.7],[-56.04,6.03],[-55.82,6.56],[-55.41,7.46],[-54.9,7.81],[-54.43,7.77],[-54.43,7.77],[-54.25,7.91],[-53.73,8.32],[-53.4,8.54],[-53.03,8.7],[-52.77,9.07],[-52.15,9.25],[-51.73,9.64],[-51.38,9.79],[-50.97,9.9],[-50.49,10.09],[-50.11,10.1],[-49.52,10.04],[-48.96,9.92],[-48.19,9.7],[-47.82,9.69],[-47.52,9.83],[-47.04,9.82],[-46.5,9.5],[-46.19,9.07],[-45.89,8.64],[-45.51,8.2],[-45.27,7.62],[-44.85,7.2]]]}},{"type":"Feature","properties":{"ma":125,"type":"gpml:TopologicalNetwork","name":"Inactive_Proto_Caribbean_Mesh","pid":101,"deforming":true},"geometry":{"type":"Polygon","coordinates":[[[-62.91,13.77],[-62.33,14.23],[-61.67,14.73],[-61.06,15.37],[-60.45,16.09],[-60.02,16.84],[-59.28,17.51],[-58.53,18.18],[-57.78,18.84],[-57.06,19.25],[-56.34,19.65],[-55.61,20.05],[-55.06,20.02],[-54.51,19.98],[-53.45,19.98],[-52.91,19.82],[-52.37,19.65],[-51.62,19.45],[-50.87,19.25],[-50.03,18.66],[-49.55,18.38],[-49.07,18.1],[-48.57,17.85],[-48.07,17.59],[-47.57,17.29],[-47.06,16.99],[-46.38,16.59],[-45.74,16.03],[-44.95,15.51],[-44.95,15.51],[-44.46,14.76],[-43.99,14.25],[-43.52,13.74],[-42.98,13.08],[-42.43,12.42],[-41.84,11.93],[-41.8,11.39],[-41.41,10.9],[-40.94,10.45],[-40.57,9.98],[-40.25,9.35],[-39.68,8.91],[-39.04,8.62],[-38.63,8.49],[-38.63,8.49],[-38.74,8.09],[-38.81,7.8],[-38.81,7.8],[-38.74,7.78],[-38.61,7.57],[-37.97,7.49],[-37.81,7],[-37.66,6.5],[-37.41,6.47],[-37.05,6.39],[-37.05,6.39],[-37.04,6.23],[-36.82,5.91],[-36.47,5.44],[-36.11,4.68],[-35.8,3.99],[-35.62,3.46],[-35.2,2.9],[-34.79,2.56],[-34.43,2.26],[-34.08,1.77],[-33.55,1.21],[-33.51,0.74],[-34.13,0.59],[-34.75,0.27],[-35.73,0.33],[-36.39,0.65],[-36.84,1.08],[-37.22,1.46],[-37.6,1.84],[-38.28,2.5],[-38.79,3.06],[-39.12,3.44],[-39.46,3.82],[-39.99,4.24],[-40.53,4.67],[-40.94,4.98],[-41.36,5.28],[-41.69,5.48],[-41.69,5.48],[-42.01,5.82],[-42.53,6.42],[-43.14,7.03],[-43.69,7.8],[-44.11,8.29],[-44.25,8.52],[-44.25,8.52],[-44.22,8.61],[-44.06,8.93],[-44.23,9.51],[-44.26,10.05],[-44.37,10.39],[-44.71,10.62],[-45.23,10.9],[-45.76,11.22],[-46.3,11.55],[-46.88,11.86],[-47.45,12.18],[-47.77,12.23],[-48.33,12.45],[-48.88,12.67],[-49.46,12.76],[-49.98,12.89],[-50.5,13.02],[-51.25,13.09],[-52.06,13.05],[-52.49,12.97],[-53.08,12.58],[-53.66,12.2],[-54.1,11.96],[-54.42,11.69],[-54.93,11.39],[-55.45,11.08],[-55.66,10.87],[-55.84,10.49],[-56,9.77],[-56.1,9.33],[-56.1,9.33],[-56.11,9.2],[-56.21,8.7],[-56.32,8.19],[-56.29,7.45],[-56.31,6.96],[-56.41,6.2],[-56.52,5.45],[-56.55,5.26],[-56.55,5.26],[-57,5.31],[-57.6,5.65],[-58.03,5.95],[-58.46,6.25],[-58.98,6.56],[-59.5,6.88],[-60.14,7.28],[-60.79,7.68],[-61.57,8.12],[-62.09,8.57],[-62.12,8.6],[-62.12,8.6],[-62.12,9.08],[-62.14,9.71],[-62.18,10.19],[-62.4,10.51],[-62.59,10.87],[-62.77,11.23],[-62.99,11.66],[-63.18,12.06],[-63.28,12.48],[-63.44,12.84],[-63.49,13.31],[-62.91,13.77]]]}},{"type":"Feature","properties":{"ma":125,"type":"gpml:TopologicalNetwork","name":"Inactive_aus_antarc_india_mesh","pid":501,"deforming":true},"geometry":{"type":"Polygon","coordinates":[[[37.9,-59.73],[38.46,-59.6],[39.4,-59.08],[40.32,-58.55],[41.35,-58.1],[42.36,-57.64],[43.69,-57.59],[45.01,-57.53],[46.21,-57.68],[47.42,-57.83],[48.85,-57.75],[50.27,-57.66],[51.36,-57.49],[52.45,-57.31],[53.62,-57.07],[54.79,-56.82],[56.12,-56.43],[57.43,-56.04],[58.59,-55.92],[59.74,-55.8],[60.7,-55.97],[61.68,-56.14],[62.94,-56.09],[64.19,-56.02],[65.12,-55.59],[66.02,-55.15],[66.91,-54.7],[68.03,-54.18],[69.12,-53.66],[70.24,-53.18],[71.34,-52.69],[72.71,-52.17],[74.04,-51.63],[75.16,-51.07],[76.26,-50.49],[76.1,-49.83],[75.94,-49.17],[76.26,-48.26],[76.39,-47.73],[76.51,-47.2],[76.51,-47.2],[77.15,-47.86],[77.78,-48.42],[78.25,-48.9],[78.8,-49.39],[79.37,-49.88],[79.74,-50.21],[80.61,-50.9],[81.15,-51.35],[81.7,-51.8],[81.57,-52.2],[81.23,-53.07],[80.87,-53.95],[79.96,-54.58],[79.03,-55.2],[78.08,-55.55],[77.12,-55.89],[76.94,-56.17],[76.14,-56.79],[75.31,-57.39],[73.83,-57.66],[72.93,-58.48],[71.18,-58.45],[69.44,-58.4],[68.51,-58.16],[67.6,-57.91],[67.09,-57.76],[65.81,-57.71],[64.53,-57.65],[63.26,-57.57],[62.19,-57.48],[61.92,-57.49],[61.49,-57.5],[61.2,-57.52],[60.95,-57.53],[60.51,-57.57],[60.17,-57.6],[59.89,-57.6],[59.48,-57.65],[59.19,-57.69],[58.78,-57.7],[58.48,-57.7],[58.19,-57.69],[57.94,-57.69],[57.38,-57.65],[56.98,-57.65],[56.64,-57.62],[56.17,-57.53],[55.78,-57.51],[55.2,-57.53],[54.96,-57.55],[54.53,-57.61],[54.05,-57.72],[53.09,-57.9],[52.61,-57.98],[52.14,-58.02],[51.64,-58.07],[51.06,-58.15],[49.92,-58.31],[49.79,-58.34],[48.98,-58.43],[47.9,-58.41],[47.65,-58.42],[46.34,-58.51],[45.65,-58.53],[44.64,-58.44],[43.69,-58.43],[42.55,-58.54],[41.95,-58.68],[41.13,-59.21],[40.66,-59.54],[40.06,-60.12],[38.13,-60.3],[38.13,-60.3],[37.9,-59.73]]]}},{"type":"Feature","properties":{"ma":125,"type":"gpml:TopologicalNetwork","name":"Inactive_Mesh","pid":702,"deforming":true},"geometry":{"type":"Polygon","coordinates":[[[21.06,-61.12],[21.19,-61.03],[20.76,-60.92],[20.6,-60.67],[20.35,-60.44],[20.23,-60.14],[20.31,-59.96],[20.03,-59.68],[20.22,-59.46],[20.21,-59.27],[20.41,-59.08],[20.56,-58.58],[20.37,-58.24],[20.24,-57.81],[20.25,-57.41],[20.51,-57.28],[20.49,-57.07],[20.82,-56.96],[20.93,-56.75],[21.47,-56.6],[22.53,-56.04],[22.98,-55.71],[22.94,-55.49],[22.88,-55.34],[23.22,-54.99],[23.1,-54.5],[22.97,-54],[22.62,-53.49],[22.4,-52.76],[22.63,-52.27],[23.36,-51.92],[24.08,-51.56],[25.35,-51.39],[26.28,-51.67],[26.78,-51.62],[27.58,-51.37],[28.19,-51.32],[29.17,-50.86],[30.14,-50.38],[30.28,-49.96],[30.75,-49.62],[31.37,-49.2],[31.8,-48.53],[32.09,-48.51],[32.31,-48.43],[32.74,-48.45],[32.88,-48.47],[32.88,-48.47],[33.04,-48.67],[33.43,-49.01],[33.97,-49.26],[33.68,-49.97],[33.39,-50.69],[33.1,-51.4],[33.1,-51.4],[32.68,-51.54],[31.6,-51.89],[30.5,-52.24],[29.39,-52.57],[27.97,-53.07],[26.51,-53.55],[25.98,-54.31],[25.42,-55.07],[24.91,-55.9],[24.38,-56.73],[24.17,-57.62],[23.96,-58.5],[23.82,-59.24],[23.67,-59.98],[23.84,-60.71],[24.02,-61.44],[23.39,-61.77],[23.39,-61.77],[22.71,-61.85],[21.36,-61.48],[21.06,-61.12]]]}},{"type":"Feature","properties":{"ma":125,"type":"gpml:TopologicalNetwork","name":"West_Antarctica_Inactive_Mesh","pid":802,"deforming":true},"geometry":{"type":"Polygon","coordinates":[[[17.18,-64.46],[18.25,-64.87],[19.35,-65.27],[21.07,-65.59],[22.83,-65.9],[23.02,-65.91],[23.02,-65.91],[22.83,-66.17],[21.17,-66.76],[19.43,-67.34],[17.99,-67.91],[16.47,-68.47],[14.88,-68.67],[13.27,-68.84],[11.08,-68.86],[8.89,-68.85],[7.13,-69],[5.35,-69.14],[3.71,-69.44],[2.03,-69.72],[0.3,-69.92],[-1.47,-70.1],[-3.33,-70.46],[-5.26,-70.8],[-8.09,-71.05],[-10.99,-71.25],[-13.32,-71.68],[-15.76,-72.08],[-15.76,-72.08],[-16.16,-71.58],[-16.55,-71.09],[-16.55,-71.09],[-16.53,-71.09],[-15.38,-70.8],[-13.21,-70.53],[-11.1,-70.24],[-10.65,-70.2],[-10.19,-69.67],[-9.75,-69.15],[-8.67,-68.57],[-6.64,-68.19],[-4.67,-67.8],[-3.17,-67.77],[-1.67,-67.73],[-0.31,-67.87],[1.07,-67.99],[2.73,-68.06],[4.77,-68.08],[6.81,-68.08],[8.82,-68.12],[10.84,-68.14],[12.87,-68.14],[14.25,-67.84],[14.92,-67.16],[15.55,-66.47],[16.15,-65.78],[16.53,-65.26],[16.9,-64.73],[17.18,-64.46]]]}},{"type":"Feature","properties":{"ma":125,"type":"gpml:TopologicalNetwork","name":"Inactive_East_West_Gondwana_Mesh","pid":701,"deforming":true},"geometry":{"type":"Polygon","coordinates":[[[41.99,-26],[41.44,-26.51],[40.89,-27.02],[40.33,-27.54],[39.88,-28.09],[39.43,-28.65],[38.97,-29.21],[38.64,-29.66],[38.32,-30.12],[37.64,-30.72],[36.96,-31.32],[36.26,-31.91],[35.64,-32.4],[35,-32.89],[34.36,-33.37],[33.61,-33.86],[32.84,-34.34],[32.12,-34.86],[31.4,-35.37],[30.66,-35.87],[29.76,-36.27],[28.85,-36.67],[27.93,-37.05],[27.17,-37.52],[26.4,-37.99],[25.62,-38.45],[24.78,-39.13],[23.93,-39.8],[23.29,-40.42],[22.63,-41.04],[21.85,-41.8],[21.05,-42.55],[21.02,-42.94],[21.22,-43.8],[20.95,-44.58],[21.15,-45.22],[20.51,-45.89],[20.56,-46.58],[20.61,-47.28],[21.24,-47.72],[21.12,-48.28],[21,-48.83],[20.7,-49.56],[20.54,-50.2],[20.39,-50.84],[20.33,-51.34],[20.28,-51.84],[20.15,-52.36],[20.02,-52.88],[19.77,-53.25],[18.55,-53.73],[17.25,-54.07],[15.76,-54.17],[14.53,-54.31],[13.29,-54.43],[12.84,-54.86],[12.2,-55.1],[11.14,-55.38],[10.21,-55.78],[9.55,-56.13],[8.89,-56.48],[8.48,-56.95],[8.06,-57.43],[7.68,-58.39],[7.13,-58.85],[6.57,-59.32],[5.68,-59.8],[4.46,-60.08],[2.89,-59.79],[1.55,-59.63],[0.49,-60.17],[-0.18,-60.64],[-0.87,-61.11],[-1.59,-61.57],[-1.85,-61.8],[-2.5,-62.03],[-3.09,-62.24],[-3.09,-62.24],[-3.15,-62.23],[-4.6,-62.46],[-5.3,-62.02],[-5.99,-61.59],[-5.99,-61.59],[-4.36,-61.07],[-3.7,-60.49],[-3.05,-59.9],[-2.43,-59.31],[-1.35,-58.76],[-0.3,-58.19],[1.04,-57.6],[2.34,-57],[3.89,-56.61],[5.41,-56.2],[6.08,-55.66],[6.73,-55.12],[7.5,-54.56],[8.24,-54.01],[9.65,-53.7],[10.31,-53.13],[11.69,-52.66],[12.66,-52.49],[13.63,-52.32],[15.02,-52.01],[16.39,-51.69],[17.28,-51.17],[18.16,-50.65],[18.62,-49.71],[18.72,-48.86],[18.82,-48.01],[18.67,-47.24],[18.52,-46.48],[18.55,-45.73],[18.58,-44.99],[18.57,-44.19],[18.56,-43.39],[18.92,-42.69],[19.26,-42],[19.6,-41.52],[19.92,-41.05],[20.52,-40.53],[21.12,-40.01],[21.85,-39.48],[22.57,-38.94],[22.93,-38.24],[23.28,-37.55],[23.63,-36.85],[24.18,-36.21],[24.72,-35.56],[25.26,-34.91],[25.45,-34.1],[25.63,-33.28],[25.86,-32.42],[26.08,-31.57],[26.64,-31.08],[27.2,-30.6],[28.02,-30.09],[28.83,-29.59],[29.72,-29.36],[30.61,-29.13],[31.39,-28.95],[32.17,-28.76],[33.02,-28.48],[33.86,-28.2],[34.33,-27.85],[34.79,-27.5],[34.79,-27.5],[35.81,-27.33],[36.75,-27.11],[37.67,-26.88],[38.6,-26.65],[39.45,-26.49],[40.3,-26.33],[41.14,-26.17],[41.98,-26],[41.99,-26]]]}},{"type":"Feature","properties":{"ma":125,"type":"gpml:TopologicalNetwork","name":"Inactive_Greater_India_Network","pid":501,"deforming":true},"geometry":{"type":"Polygon","coordinates":[[[41.46,-39.92],[41.54,-39.76],[41.89,-39.07],[42.23,-38.39],[42.58,-37.66],[42.92,-36.92],[43.25,-36.19],[43.99,-35.62],[44.72,-35.04],[45.36,-34.65],[45.99,-34.26],[46.83,-33.58],[47.49,-32.94],[48.19,-32.41],[48.19,-32.41],[49.32,-32.57],[50.44,-32.72],[51.21,-33.05],[51.97,-33.38],[53.05,-33.82],[54.13,-34.26],[54.83,-34.52],[55.54,-34.77],[56.37,-35.06],[57.2,-35.35],[58.22,-35.89],[59.15,-36.36],[60.09,-36.83],[60.64,-37.24],[61.19,-37.65],[61.99,-38.22],[62.79,-38.78],[63.64,-39.28],[64.49,-39.77],[64.65,-39.86],[65.35,-40.25],[66.06,-40.63],[66.65,-40.95],[67.24,-41.26],[67.78,-41.59],[68.32,-41.92],[69.13,-42.4],[69.86,-42.83],[70.88,-43.4],[71.84,-44.02],[72.82,-44.63],[73.75,-44.73],[74.5,-44.8],[75.57,-44.89],[76.28,-44.82],[76.99,-44.74],[77.54,-44.67],[77.54,-44.67],[77.51,-45.15],[77.13,-45.67],[76.79,-46.23],[76.54,-47.04],[76.41,-47.65],[76.26,-48.26],[75.94,-49.17],[76.1,-49.83],[76.26,-50.49],[75.16,-51.07],[74.04,-51.63],[73.96,-51.66],[73.96,-51.66],[73.48,-51.61],[72.52,-51.8],[71.52,-52.13],[70.53,-52.43],[70.05,-52.37],[68.7,-52.27],[67.95,-52.19],[67.2,-52.11],[65.87,-51.97],[65.05,-51.93],[64.45,-51.63],[63.07,-51.51],[62.3,-51.33],[61.65,-51.06],[60.93,-51.27],[60.51,-51.1],[60.42,-50.7],[59.64,-50.42],[58.48,-49.96],[57.95,-49.65],[57.42,-49.34],[56.72,-48.81],[56.02,-48.27],[55.2,-47.71],[55.09,-47.25],[54.66,-46.88],[54.38,-46.65],[53.93,-46.42],[53.46,-45.95],[53.35,-45.58],[52.98,-45.18],[52.85,-44.74],[52.64,-44.26],[52.12,-43.82],[51.94,-43.25],[51.51,-42.48],[51.87,-41.99],[51.81,-41.14],[51.3,-40.55],[51.01,-39.8],[50.89,-39.11],[50.76,-38.43],[49.73,-38.68],[48.94,-38.88],[48.14,-39.08],[47.3,-39.23],[46.77,-39.51],[46.22,-39.8],[45.18,-39.93],[44.27,-39.97],[43.36,-40],[42.46,-39.96],[41.56,-39.92],[41.46,-39.92]]]}},{"type":"Feature","properties":{"ma":125,"type":"gpml:TopologicalNetwork","name":"Inactive_Central_Atlantic_Mesh","pid":714,"deforming":true},"geometry":{"type":"Polygon","coordinates":[[[-3.32,9.46],[-3.76,9.26],[-4.44,8.94],[-5.04,8.67],[-5.53,8.44],[-5.99,8.23],[-6.52,7.97],[-7.13,7.69],[-7.68,7.82],[-8.28,7.87],[-8.63,8.02],[-8.97,8.15],[-9.49,8.29],[-9.96,8.52],[-10.58,8.63],[-11.02,8.53],[-11.66,8.2],[-12.47,8.01],[-13.17,7.8],[-13.69,7.47],[-14.56,7.09],[-14.96,6.73],[-15.7,6.26],[-16.4,5.88],[-16.96,5.92],[-17.12,6],[-17.64,5.96],[-18.59,5.91],[-19.49,5.97],[-19.61,5.87],[-20.06,5.61],[-20.51,5.35],[-20.81,4.88],[-21.11,4.41],[-21.32,3.94],[-21.53,3.48],[-21.7,2.84],[-21.98,2.27],[-22.31,1.68],[-22.49,1.47],[-22.73,1.2],[-22.81,0.76],[-22.84,0.31],[-22.82,-0.47],[-23,-0.92],[-23.18,-1.3],[-23.46,-1.55],[-23.62,-1.84],[-23.74,-2.11],[-23.91,-2.48],[-24.36,-2.5],[-24.73,-2.54],[-24.73,-2.54],[-24.86,-2.46],[-25.69,-1.96],[-26.52,-1.45],[-26.52,-1.45],[-26.46,-1.39],[-26.11,-1.06],[-25.9,-0.57],[-25.61,-0.38],[-25.06,0.04],[-24.4,0.66],[-23.94,1.23],[-23.67,1.71],[-23.4,2.2],[-23.08,2.74],[-22.73,3.44],[-22.45,3.8],[-22.18,4.21],[-21.94,4.7],[-21.7,5.2],[-21.38,5.81],[-20.82,6.3],[-20.45,6.42],[-19.97,6.58],[-19.97,6.58],[-19.38,6.9],[-19.09,7.15],[-18.74,7.24],[-18.18,7.4],[-17.87,7.44],[-17.21,7.69],[-16.89,7.73],[-16.37,7.87],[-16.05,7.98],[-15.75,8.14],[-15.46,8.39],[-14.94,8.81],[-14.44,9.17],[-13.94,9.23],[-13.56,9.27],[-13.14,9.3],[-12.8,9.24],[-12.45,9.33],[-12.2,9.25],[-11.95,9.2],[-11.86,9.27],[-11.58,9.43],[-11.19,9.78],[-10.83,10.03],[-10.63,10.22],[-10.24,10.59],[-9.99,10.72],[-9.56,11],[-9.03,11.38],[-8.67,11.68],[-8.27,11.98],[-7.87,12.09],[-7.65,12.17],[-7.65,12.17],[-7.57,12.13],[-7.08,11.85],[-6.59,11.57],[-6.03,11.09],[-5.19,10.63],[-4.56,10.24],[-3.94,9.85],[-3.32,9.46]]]}},{"type":"Feature","properties":{"ma":125,"type":"gpml:TopologicalNetwork","name":"North_Atlantic_Phase1_Deformation_Mesh","pid":301,"deforming":true},"geometry":{"type":"Polygon","coordinates":[[[6.12,46.28],[6.42,45.88],[6.16,45.58],[6.09,45.33],[5.99,45.07],[5.75,44.57],[5.69,44.29],[5.64,43.9],[5.65,43.7],[5.66,43.32],[5.5,43],[5.23,42.86],[5.02,42.68],[4.77,42.51],[4.66,42.29],[4.45,42.08],[4.36,41.92],[4.17,41.76],[4.12,41.61],[4.2,41.45],[4.33,41.27],[4.53,41.05],[4.65,40.75],[4.74,40.54],[4.84,40.3],[4.83,40.04],[4.7,39.85],[4.45,39.61],[4.5,39.45],[4.54,39.32],[4.58,39.05],[4.66,38.93],[4.8,38.76],[4.77,38.7],[4.7,38.55],[4.63,38.5],[4.53,38.41],[4.5,38.37],[4.33,38.15],[4.16,38.02],[3.95,37.74],[3.89,37.52],[3.83,37.3],[3.78,37.15],[3.77,36.99],[3.75,36.88],[3.63,36.69],[3.53,36.66],[3.53,36.66],[3.48,36.6],[3.21,36.5],[2.85,36.48],[1.98,36.4],[1.77,36.44],[1.6,36.47],[1.45,36.49],[1.32,36.44],[1.23,36.4],[1.16,36.35],[1.03,36.29],[0.99,36.2],[0.94,36.11],[0.79,35.92],[0.67,35.72],[0.59,35.73],[0.43,35.35],[0.13,35.07],[0.03,34.71],[-0.23,34.27],[-0.26,34.06],[-0.44,33.97],[-0.6,33.88],[-0.69,33.86],[-0.81,33.83],[-0.94,33.79],[-1.1,33.76],[-1.48,33.72],[-1.62,33.59],[-1.8,33.37],[-1.9,33.3],[-2.01,33.24],[-2.13,33.17],[-2.1,32.97],[-2.15,32.74],[-2.23,32.56],[-2.33,32.32],[-2.27,31.88],[-2.29,31.7],[-2.31,31.49],[-2.27,31.13],[-2.26,30.92],[-2.29,30.68],[-2.28,30.4],[-2.36,30.16],[-2.38,30.04],[-2.42,29.85],[-2.43,29.56],[-2.48,29.4],[-2.55,29.22],[-2.73,29.07],[-2.82,28.9],[-2.9,28.8],[-3.03,28.66],[-3.16,28.48],[-3.26,28.33],[-3.38,28.12],[-3.53,27.99],[-3.7,27.72],[-3.98,27.7],[-4.37,27.63],[-4.71,27.54],[-4.84,27.49],[-4.99,27.44],[-5.14,27.35],[-5.31,27.25],[-5.46,27.12],[-5.47,27],[-5.44,26.94],[-5.4,26.8],[-5.55,26.72],[-5.48,26.45],[-5.56,26.29],[-5.69,26.16],[-5.78,26.01],[-5.83,25.72],[-5.83,25.3],[-5.78,25.05],[-5.6,24.83],[-4.99,24.81],[-4.2,24.64],[-3.52,24.34],[-3.32,24.05],[-3.16,23.69],[-3.21,23.56],[-3.11,23.34],[-3.07,23.23],[-2.9,23.05],[-2.74,22.87],[-2.04,22.75],[-1.68,22.71],[-1.4,22.41],[-1.07,22.28],[-0.83,22.12],[-0.45,22.07],[-0.1,22.05],[0.25,22.02],[0.64,21.97],[0.98,21.89],[1.42,21.79],[1.91,21.54],[2.17,21.35],[2.7,21.18],[3.22,20.78],[3.71,20.41],[3.95,20.1],[4.18,19.74],[4.46,19.46],[4.72,19.15],[4.95,18.63],[4.95,18.63],[4.41,18],[3.86,17.37],[3.84,17.33],[3.84,17.33],[3.11,17.7],[2.4,18.38],[1.67,18.79],[1.01,18.95],[0.35,19.15],[0.08,19.21],[-0.25,19.3],[-0.44,19.34],[-0.71,19.41],[-0.91,19.42],[-1.33,19.43],[-1.51,19.49],[-1.69,19.55],[-2.05,19.66],[-2.34,19.64],[-2.72,19.72],[-3.01,19.92],[-3.1,20.08],[-3.1,20.08],[-3.18,19.92],[-3.28,19.78],[-3.32,19.64],[-3.38,19.43],[-3.44,19.17],[-3.54,18.89],[-3.68,18.59],[-3.8,18.27],[-3.9,17.93],[-4.03,17.72],[-4.24,17.32],[-4.41,17.08],[-4.78,16.75],[-5.11,16.29],[-5.2,16.04],[-5.24,15.71],[-5.29,15.3],[-5.47,14.94],[-5.68,14.71],[-5.89,14.47],[-6.04,14.3],[-6.24,14.07],[-6.4,13.88],[-6.6,13.66],[-6.7,13.55],[-6.88,13.34],[-6.88,13.34],[-7.38,13.81],[-7.88,14.28],[-7.88,14.28],[-7.81,14.44],[-7.74,14.58],[-7.65,14.77],[-7.52,15.02],[-7.41,15.25],[-7.26,15.55],[-7.12,15.81],[-7.01,16.04],[-6.9,16.25],[-6.85,16.54],[-6.92,16.82],[-7.03,17.11],[-6.86,17.36],[-6.43,17.66],[-6.33,17.83],[-6.3,18.02],[-6.24,18.29],[-6.18,18.62],[-6.25,18.95],[-6.22,19.41],[-6.23,19.73],[-6.34,20.29],[-6.32,20.35],[-6.32,20.35],[-6.47,20.26],[-6.67,20.13],[-6.83,20.03],[-7.07,19.89],[-7.23,19.79],[-7.31,19.77],[-7.35,19.76],[-7.4,19.75],[-7.47,19.74],[-7.6,19.69],[-7.7,19.66],[-7.85,19.64],[-8.24,19.69],[-8.42,19.71],[-8.53,19.65],[-8.61,19.62],[-8.73,19.6],[-8.83,19.58],[-8.93,19.56],[-9.01,19.55],[-9.07,19.49],[-9.11,19.45],[-9.17,19.41],[-9.25,19.34],[-9.33,19.26],[-9.39,19.15],[-9.44,19.06],[-9.48,18.95],[-9.52,18.86],[-9.55,18.77],[-9.57,18.7],[-9.61,18.59],[-9.65,18.53],[-9.69,18.47],[-9.76,18.41],[-9.83,18.35],[-9.91,18.25],[-10,18.16],[-10.07,18.08],[-10.13,18.02],[-10.23,17.92],[-10.33,17.81],[-10.44,17.71],[-10.57,17.57],[-10.68,17.48],[-10.78,17.41],[-10.95,17.28],[-11.06,17.18],[-11.06,17.18],[-11.48,17.51],[-11.89,17.84],[-11.89,17.84],[-11.83,17.91],[-11.64,18.05],[-11.48,18.17],[-11.29,18.3],[-11.15,18.4],[-10.91,18.58],[-10.86,18.71],[-10.81,18.85],[-10.79,19.02],[-10.78,19.17],[-10.67,19.32],[-10.6,19.42],[-10.32,19.61],[-10.13,19.73],[-9.99,19.82],[-9.85,19.93],[-9.68,20.06],[-9.53,20.25],[-9.48,20.31],[-9.39,20.36],[-9.25,20.44],[-9.18,20.5],[-9.09,20.57],[-8.96,20.67],[-8.9,20.72],[-8.83,20.76],[-8.79,20.79],[-8.74,20.78],[-8.74,20.78],[-8.74,20.93],[-8.8,21.1],[-8.81,21.2],[-8.82,21.26],[-8.82,21.43],[-8.88,21.57],[-8.92,21.73],[-9.02,21.88],[-9.07,22.07],[-9.14,22.24],[-9.36,22.33],[-9.53,22.5],[-9.7,22.6],[-9.88,22.69],[-10.21,22.91],[-10.45,23.02],[-10.71,23.1],[-10.98,23.31],[-11.13,23.61],[-11.14,23.9],[-11.16,24.18],[-11.12,24.47],[-11.07,24.77],[-11.01,25.07],[-10.91,25.34],[-10.82,25.57],[-10.71,25.78],[-10.63,25.98],[-10.48,26.24],[-10.48,26.24],[-10.19,26.32],[-9.7,26.45],[-9.5,26.59],[-9.3,26.74],[-8.89,27.02],[-8.69,27.18],[-8.46,27.35],[-8.09,27.85],[-7.74,28.13],[-7.39,28.41],[-6.85,28.76],[-6.42,29.18],[-5.94,29.64],[-5.62,30.26],[-5.26,30.93],[-5.28,31.37],[-5.29,31.62],[-5.43,31.98],[-5.55,32.3],[-5.79,32.9],[-5.52,33.48],[-5.1,33.56],[-4.82,33.62],[-4.26,33.74],[-3.45,34.03],[-2.87,34.35],[-2.19,34.56],[-1.65,34.88],[-0.85,35.27],[-0.35,35.78],[-0.14,36.11],[0.27,36.78],[0.79,37.28],[1.41,37.83],[1.77,38.1],[2.2,38.55],[2.22,38.73],[1.97,39.11],[1.96,39.17],[2.17,39.82],[2.28,40.06],[2.37,40.19],[2.2,40.43],[2,40.53],[1.7,40.77],[1.58,40.94],[1.67,41.16],[1.75,41.28],[1.78,41.52],[1.83,41.7],[1.75,41.92],[1.97,42.02],[2.16,42.14],[2.28,42.25],[2.46,42.55],[3,42.81],[3.57,43.1],[3.74,43.23],[4.04,43.78],[4.07,44.17],[4.29,44.25],[4.41,44.38],[4.53,44.56],[4.61,44.65],[4.99,45.15],[5.39,45.54],[5.58,45.85],[5.84,46.03],[6.1,46.09],[6.1,46.09],[6.11,46.25],[6.12,46.28]]]}},{"type":"Feature","properties":{"ma":125,"type":"gpml:TopologicalNetwork","name":"WEC","pid":601,"deforming":true},"geometry":{"type":"Polygon","coordinates":[[[128.02,51],[126.67,51.25],[125.3,51.48],[123.92,51.69],[122.53,51.89],[121.13,52.07],[119.71,52.24],[118.29,52.38],[117.3,51.97],[116.33,51.56],[115.29,51.34],[114.25,51.12],[113.22,50.89],[113.16,50.39],[113.09,49.89],[112.04,49.88],[111,49.85],[109.95,49.82],[108.72,49.95],[107.49,50.06],[106.25,50.15],[104.89,50.09],[103.54,50.02],[102.09,49.69],[100.65,49.34],[99.34,48.94],[98.05,48.53],[97.34,48.39],[97.34,48.39],[96.97,48.97],[96.32,49.36],[95.67,49.75],[94.56,50.26],[93.84,50.7],[93.1,51.14],[92.31,51.83],[91.92,52.67],[91.79,53.39],[91.68,54.23],[91.59,55.13],[91.51,55.81],[91.49,56.79],[91.81,57.36],[92.14,57.94],[92.41,58.72],[92.7,59.49],[92.96,60.16],[93.24,60.82],[93.52,61.49],[93.86,62.16],[94.21,62.84],[94.58,63.51],[94.81,64.31],[95.05,65.11],[95.16,65.84],[95.28,66.56],[95.37,67.15],[95.47,67.73],[95.65,68.1],[95.65,68.1],[96.86,68.4],[98.55,68.79],[100.29,69.16],[102.72,69.63],[105.26,70.07],[106.79,70.3],[108.34,70.52],[110.6,70.81],[112.91,71.08],[114.68,71.25],[116.47,71.41],[118.44,71.56],[120.44,71.7],[122.82,71.83],[125.23,71.92],[127.52,71.99],[129.81,72.03],[132.13,72.04],[134.88,72.02],[137.63,71.95],[138.01,71.94],[138.01,71.94],[137.73,71.35],[137.46,70.75],[137.08,69.9],[136.72,69.04],[136.38,68.29],[136.06,67.55],[135.68,66.72],[135.33,65.9],[134.87,65.17],[134.44,64.44],[134,63.56],[133.59,62.67],[133.25,61.95],[132.92,61.23],[132.64,60.64],[132.37,60.04],[132.07,59.39],[131.79,58.73],[131.42,57.93],[131.07,57.13],[130.64,56.2],[130.23,55.27],[129.73,54.41],[129.26,53.55],[128.95,52.89],[128.64,52.22],[128.34,51.56],[128.02,51]]]}},{"type":"Feature","properties":{"ma":125,"type":"gpml:TopologicalNetwork","name":"Deforming Network","pid":701,"deforming":true},"geometry":{"type":"Polygon","coordinates":[[[-9.12,-20.04],[-9.63,-19.74],[-10.06,-19.48],[-10.47,-19.24],[-10.47,-19.24],[-9.73,-19.15],[-9.21,-19.09],[-9.21,-19.09],[-8.95,-19.27],[-8.3,-19.78],[-8.01,-20.2],[-7.72,-20.62],[-7.57,-21.19],[-7.43,-21.75],[-7.47,-22.55],[-7.74,-23.11],[-8.02,-23.68],[-8.57,-24.22],[-9.13,-24.77],[-9.7,-25.31],[-9.81,-25.81],[-9.93,-26.32],[-10.2,-27.29],[-10.64,-28.06],[-10.83,-28.59],[-11.04,-29.11],[-10.96,-29.66],[-10.89,-30.21],[-10.5,-30.86],[-10.43,-31.75],[-10.45,-32.25],[-10.48,-32.75],[-10.78,-33.57],[-11.12,-34.35],[-11.3,-35.18],[-11.39,-36.17],[-11.57,-37.03],[-11.95,-37.62],[-12.38,-38.06],[-12.81,-38.51],[-13.72,-39],[-14.33,-39.19],[-14.94,-39.37],[-16.04,-39.86],[-16.6,-40.22],[-17.16,-40.57],[-17.8,-41],[-18.44,-41.43],[-18.96,-41.82],[-19.49,-42.22],[-19.98,-43.09],[-20.21,-43.72],[-20.44,-44.34],[-20.62,-44.83],[-20.81,-45.32],[-21.16,-46.15],[-21.35,-47.07],[-21.71,-47.69],[-22.08,-48.31],[-22.67,-49.2],[-23.05,-49.69],[-23.45,-50.18],[-23.83,-50.7],[-24.22,-51.22],[-24.58,-51.72],[-24.95,-52.23],[-25.17,-53.12],[-25.4,-54.05],[-25.63,-54.62],[-25.88,-55.19],[-26.35,-55.78],[-26.84,-56.37],[-27.71,-57.18],[-28.61,-57.98],[-29.07,-58.56],[-29.54,-59.14],[-29.54,-59.74],[-29.53,-60.34],[-29.6,-61.01],[-29.67,-61.68],[-29.57,-62.49],[-29.57,-62.49],[-30.75,-62.41],[-31.93,-62.31],[-31.93,-62.31],[-31.96,-61.87],[-31.77,-61.12],[-31.59,-60.29],[-31.52,-59.89],[-31.41,-59.26],[-31.29,-58.69],[-31.19,-58.22],[-30.98,-57.5],[-30.89,-57.17],[-30.6,-56.42],[-30.31,-55.6],[-30.06,-55.11],[-29.79,-54.58],[-29.61,-54.21],[-29.48,-54.03],[-29.08,-53.46],[-28.73,-52.94],[-28.65,-52.83],[-28.29,-52.36],[-27.93,-51.88],[-27.87,-51.81],[-27.32,-51.12],[-27.28,-51.08],[-26.74,-50.45],[-26.6,-50.29],[-26.14,-49.8],[-25.87,-49.51],[-25.56,-49.15],[-25.21,-48.72],[-25.05,-48.47],[-24.69,-47.89],[-24.6,-47.75],[-24.16,-47.06],[-24.13,-47.03],[-23.53,-46.39],[-23.45,-46.3],[-22.99,-45.72],[-22.82,-45.51],[-22.52,-45],[-22.34,-44.67],[-22.05,-44.31],[-21.77,-43.85],[-21.58,-43.6],[-21.17,-43.06],[-21.08,-42.95],[-20.6,-42.46],[-20.38,-42.29],[-20.28,-42.21],[-20.01,-42.04],[-19.77,-41.89],[-19.45,-41.63],[-19.35,-41.56],[-18.99,-41.27],[-18.47,-40.86],[-18.41,-40.82],[-17.85,-40.45],[-17.53,-40.23],[-17.18,-40.02],[-16.65,-39.72],[-15.91,-39.3],[-15.44,-39.06],[-15.13,-38.84],[-14.54,-38.29],[-14.39,-38.15],[-13.65,-37.48],[-13.56,-37.33],[-13.31,-36.59],[-13.29,-36.52],[-13.06,-35.76],[-13.05,-35.67],[-12.89,-34.96],[-12.85,-34.77],[-12.68,-34.16],[-12.59,-33.92],[-12.38,-33.39],[-12.26,-33.07],[-12.16,-32.66],[-12.04,-32.23],[-12,-31.89],[-11.94,-31.4],[-11.94,-31.1],[-12.07,-30.53],[-12.1,-30.38],[-12.26,-29.68],[-12.26,-29.6],[-12.29,-28.81],[-12.28,-28.77],[-12,-28.1],[-11.84,-27.86],[-11.65,-27.5],[-11.49,-27.16],[-11.33,-26.88],[-11.09,-26.45],[-11,-26.29],[-10.55,-25.66],[-10.44,-25.53],[-10.36,-25.43],[-10.03,-25.04],[-9.92,-24.91],[-9.85,-24.84],[-9.06,-24.19],[-8.64,-23.73],[-8.57,-23.66],[-8.21,-22.84],[-8.2,-22.8],[-8.34,-22.09],[-8.38,-21.97],[-8.29,-21.11],[-8.36,-20.94],[-8.6,-20.34],[-9.12,-20.04]]]}},{"type":"Feature","properties":{"ma":125,"type":"gpml:TopologicalNetwork","name":"Deforming Network","pid":201,"deforming":true},"geometry":{"type":"Polygon","coordinates":[[[-8.6,-20.34],[-8.35,-20.94],[-8.29,-21.12],[-8.38,-21.98],[-8.34,-22.09],[-8.19,-22.81],[-8.2,-22.84],[-8.57,-23.66],[-8.64,-23.73],[-9.05,-24.18],[-9.86,-24.84],[-9.91,-24.91],[-10.04,-25.03],[-10.36,-25.43],[-10.44,-25.53],[-10.55,-25.67],[-11,-26.29],[-11.09,-26.45],[-11.33,-26.88],[-11.49,-27.16],[-11.64,-27.5],[-11.84,-27.86],[-12,-28.1],[-12.28,-28.77],[-12.28,-28.81],[-12.25,-29.59],[-12.25,-29.68],[-12.11,-30.38],[-12.07,-30.53],[-11.94,-31.1],[-11.94,-31.4],[-12,-31.89],[-12.04,-32.23],[-12.16,-32.66],[-12.26,-33.07],[-12.38,-33.39],[-12.6,-33.92],[-12.68,-34.16],[-12.85,-34.77],[-12.89,-34.96],[-13.05,-35.67],[-13.07,-35.76],[-13.3,-36.52],[-13.31,-36.59],[-13.56,-37.33],[-13.65,-37.48],[-14.38,-38.16],[-14.53,-38.29],[-15.13,-38.84],[-15.43,-39.06],[-15.91,-39.3],[-16.66,-39.72],[-17.18,-40.02],[-17.53,-40.23],[-17.85,-40.45],[-18.41,-40.82],[-18.47,-40.86],[-18.99,-41.26],[-19.35,-41.56],[-19.46,-41.63],[-19.78,-41.89],[-20,-42.04],[-20.28,-42.21],[-20.38,-42.29],[-20.6,-42.46],[-21.08,-42.95],[-21.17,-43.06],[-21.58,-43.6],[-21.77,-43.85],[-22.05,-44.31],[-22.33,-44.67],[-22.6,-44.95],[-23.04,-45.36],[-23.25,-45.55],[-23.83,-46.06],[-23.92,-46.14],[-24.59,-46.74],[-24.62,-46.77],[-25.25,-47.34],[-25.34,-47.48],[-25.72,-48.05],[-25.89,-48.3],[-26.19,-48.76],[-26.46,-49.15],[-26.68,-49.47],[-27.09,-49.98],[-27.23,-50.15],[-27.79,-50.77],[-27.82,-50.81],[-28.46,-51.45],[-28.53,-51.52],[-29.06,-52.06],[-29.61,-52.61],[-29.75,-52.7],[-30.36,-53.16],[-30.78,-53.72],[-30.97,-53.88],[-31.36,-54.2],[-31.98,-54.66],[-32.54,-55.07],[-33.18,-55.51],[-33.84,-55.94],[-34.68,-56.58],[-35.06,-56.86],[-35.63,-57.52],[-36,-57.95],[-36.42,-58.48],[-36.88,-59.07],[-37.09,-59.46],[-37.55,-60.26],[-37.93,-60.81],[-38.33,-61.35],[-38.4,-61.5],[-38.4,-61.5],[-39.39,-61.32],[-40.36,-61.15],[-40.36,-61.15],[-40.36,-60.73],[-40.23,-60.25],[-40.05,-59.76],[-39.88,-59.26],[-39.46,-58.59],[-39.05,-57.92],[-38.56,-57.25],[-37.98,-56.66],[-36.99,-55.83],[-36.16,-55.22],[-35.35,-54.6],[-34.56,-53.98],[-33.86,-53.34],[-33.28,-52.83],[-32.73,-52.32],[-32.31,-52.08],[-31.45,-51.55],[-30.61,-51.02],[-29.94,-50.57],[-29.27,-50.12],[-28.66,-49.35],[-28.18,-48.55],[-27.59,-47.74],[-26.96,-47.05],[-26.55,-46.46],[-25.87,-45.67],[-25.22,-44.9],[-24.74,-44.1],[-24.59,-43.93],[-24,-43.5],[-23.55,-42.57],[-23.55,-41.66],[-23.42,-41.13],[-23.29,-40.61],[-22.84,-40.18],[-22.39,-39.76],[-21.33,-39.2],[-20.69,-38.97],[-20.05,-38.74],[-19.1,-38.4],[-18.22,-38.25],[-17.34,-38.1],[-16.58,-37.91],[-15.82,-37.71],[-15.12,-37.11],[-14.87,-36.64],[-14.6,-36.17],[-14.13,-35.54],[-14.01,-34.92],[-13.91,-34.4],[-13.79,-33.96],[-13.52,-33.41],[-13.4,-32.84],[-13.19,-32.47],[-13.17,-32.05],[-13.02,-31.57],[-12.82,-31.07],[-12.75,-30.45],[-12.75,-29.81],[-12.61,-29.27],[-12.73,-28.67],[-12.69,-28.16],[-12.61,-27.81],[-12.34,-27.11],[-12.28,-26.62],[-12.27,-26.18],[-12.29,-25.65],[-12.34,-25.2],[-12.42,-24.76],[-12.35,-24.39],[-12.16,-24.12],[-11.93,-23.89],[-11.46,-23.59],[-11.27,-23.35],[-12.17,-23.43],[-13.07,-23.06],[-13.61,-22.76],[-13.96,-22.97],[-14,-23.39],[-14.41,-23.41],[-14.78,-23.14],[-15,-22.75],[-14.87,-22.47],[-14.46,-22.05],[-14.05,-21.64],[-13.4,-21.39],[-13,-21.03],[-12.66,-21.08],[-12.31,-20.56],[-11.93,-20.28],[-11.26,-20.09],[-10.88,-19.77],[-10.96,-19.39],[-11.06,-19.31],[-11.06,-19.31],[-10.47,-19.24],[-10.47,-19.24],[-10.06,-19.48],[-9.63,-19.74],[-9.12,-20.04],[-8.6,-20.34]]]}},{"type":"Feature","properties":{"ma":125,"type":"gpml:TopologicalNetwork","name":"Deforming Network","pid":714,"deforming":true},"geometry":{"type":"Polygon","coordinates":[[[-25.91,-9.98],[-26.51,-9.27],[-27.11,-8.56],[-27.13,-8.51],[-27.13,-8.51],[-26.92,-8.58],[-26.38,-8.66],[-25.84,-8.74],[-25.84,-8.74],[-25.27,-9.21],[-25.04,-9.99],[-24.81,-10.77],[-24.57,-11.53],[-24.32,-12.29],[-23.94,-12.97],[-23.56,-13.66],[-23.01,-14.16],[-22.2,-14.45],[-21.38,-14.73],[-20.62,-15.07],[-19.85,-15.4],[-18.98,-15.92],[-18.47,-16.35],[-17.96,-16.77],[-17.16,-16.97],[-16.36,-17.16],[-15.53,-17.2],[-14.7,-17.24],[-14.16,-17.29],[-13.62,-17.33],[-12.68,-17.65],[-11.73,-17.97],[-11.02,-18.36],[-10.3,-18.75],[-9.57,-19.13],[-9.57,-19.13],[-9.73,-19.15],[-10.48,-19.24],[-10.48,-19.24],[-10.84,-19.03],[-11.62,-18.54],[-12.14,-18.3],[-12.88,-18.02],[-13.64,-17.85],[-14.13,-17.74],[-15.13,-17.58],[-15.37,-17.53],[-16.23,-17.42],[-16.44,-17.36],[-17.19,-17.25],[-17.76,-17.08],[-18.43,-16.74],[-18.76,-16.5],[-19.17,-16.16],[-19.59,-15.82],[-19.84,-15.71],[-20.67,-15.35],[-21.58,-15.02],[-21.72,-14.97],[-22.28,-14.72],[-22.84,-14.47],[-22.98,-14.4],[-23.75,-13.82],[-24.1,-13.39],[-24.24,-13.12],[-24.6,-12.34],[-24.72,-12.03],[-24.89,-11.63],[-25.23,-10.83],[-25.3,-10.69],[-25.91,-9.98]]]}},{"type":"Feature","properties":{"ma":125,"type":"gpml:TopologicalNetwork","name":"Deforming Network","pid":201,"deforming":true},"geometry":{"type":"Polygon","coordinates":[[[-25.31,-10.69],[-25.23,-10.83],[-24.88,-11.63],[-24.72,-12.02],[-24.6,-12.34],[-24.24,-13.11],[-24.09,-13.39],[-23.75,-13.82],[-22.99,-14.4],[-22.84,-14.47],[-22.28,-14.72],[-21.72,-14.97],[-21.58,-15.02],[-20.67,-15.35],[-19.84,-15.71],[-19.59,-15.82],[-19.17,-16.16],[-18.76,-16.5],[-18.43,-16.74],[-17.76,-17.09],[-17.19,-17.25],[-16.44,-17.36],[-16.23,-17.42],[-15.37,-17.54],[-15.14,-17.58],[-14.13,-17.74],[-13.64,-17.85],[-12.88,-18.03],[-12.14,-18.3],[-11.62,-18.54],[-10.84,-19.03],[-10.47,-19.24],[-10.47,-19.24],[-11.06,-19.31],[-11.06,-19.31],[-11.23,-19.18],[-11.79,-19.06],[-12.37,-18.88],[-12.74,-18.72],[-12.74,-18.72],[-12.98,-18.62],[-13.58,-18.44],[-14.37,-18.32],[-15.08,-18.33],[-15.8,-18.33],[-16.71,-18.2],[-17.63,-18.06],[-18.58,-17.7],[-19.46,-17.24],[-20.36,-16.76],[-21.21,-16.39],[-21.77,-16.15],[-22.33,-15.91],[-22.85,-15.67],[-23.36,-15.42],[-23.95,-15.17],[-24.53,-14.93],[-24.87,-14.53],[-25.21,-14.13],[-25.41,-13.63],[-25.61,-13.12],[-25.7,-12.56],[-25.79,-12],[-26.03,-11.49],[-26.26,-10.98],[-26.93,-10.23],[-27.44,-9.62],[-27.79,-9.1],[-28.15,-8.57],[-28.39,-8.08],[-28.39,-8.08],[-28.2,-8.15],[-27.67,-8.33],[-27.13,-8.51],[-27.13,-8.51],[-27.11,-8.56],[-26.51,-9.27],[-25.91,-9.98],[-25.31,-10.69]]]}},{"type":"Feature","properties":{"ma":125,"type":"gpml:TopologicalNetwork","name":"Mesozoic Africa Basins","pid":701,"deforming":true},"geometry":{"type":"Polygon","coordinates":[[[8.15,3.02],[8.93,2.41],[9.72,1.81],[10.51,1.21],[11.35,0.67],[12.19,0.13],[13.02,-0.41],[13.86,-0.95],[13.86,-0.95],[13.4,-1.38],[12.93,-1.8],[12.66,-2.49],[12.4,-3.17],[12.13,-3.85],[12.26,-4.49],[12.4,-5.12],[12.7,-5.57],[13,-6.02],[12.72,-6.69],[12.43,-7.37],[12.14,-8.04],[11.47,-8.18],[10.8,-8.31],[10.02,-8.12],[9.24,-8.27],[8.47,-8.41],[7.54,-8.09],[6.61,-7.76],[5.61,-7.59],[4.85,-7.69],[4.08,-7.79],[3.49,-7.62],[2.91,-7.45],[2.23,-7.56],[1.56,-7.67],[1.58,-8.32],[1.6,-8.96],[1.52,-9.56],[1.44,-10.15],[1.61,-10.72],[1.17,-11.52],[1.2,-12.24],[1.24,-12.96],[1.3,-13.51],[1.36,-14.07],[1.41,-14.69],[1.46,-15.31],[1.36,-15.8],[1.25,-16.29],[0.72,-16.81],[-0.02,-17.23],[-0.02,-17.23],[0.04,-17.74],[0.11,-18.06],[0.79,-18.61],[0.85,-19.08],[0.71,-19.3],[0.82,-19.86],[1.16,-20.38],[1.69,-20.48],[2.05,-20.87],[2.41,-21.27],[2.71,-21.7],[3.02,-22.13],[3.59,-22.18],[4.17,-22.23],[5.16,-22.27],[6.14,-22.3],[6.99,-22.5],[7.83,-22.7],[8.43,-22.63],[9.03,-22.56],[9.96,-22.65],[10.89,-22.74],[11.42,-22.56],[11.95,-22.38],[12.68,-22.66],[13.67,-22.45],[13.96,-23.01],[14.39,-23.86],[14.66,-24.41],[14.93,-24.96],[15,-25.67],[15.07,-26.38],[15.14,-27.1],[15.39,-28.02],[15.74,-28.45],[16.1,-28.88],[16.79,-28.78],[17.31,-28.47],[17.13,-27.68],[16.82,-27.09],[16.52,-26.5],[16.74,-25.96],[16.96,-25.43],[17.35,-24.97],[17.74,-24.5],[18.13,-24.29],[18.48,-24.5],[18.59,-25.38],[18.71,-26.27],[18.73,-27],[18.74,-27.73],[18.62,-28.28],[18.5,-28.82],[18.09,-29.15],[17.96,-30.01],[18.37,-30.91],[19.14,-31.08],[19.92,-31.24],[20.55,-31.54],[21.42,-31.17],[22.28,-30.79],[22.55,-30.21],[22.82,-29.64],[23.5,-29.19],[24.17,-28.73],[24.66,-28.42],[25.15,-28.11],[26.03,-27.84],[26.91,-27.56],[27.78,-27.28],[28.64,-26.99],[29.75,-26.85],[30.85,-26.71],[31.95,-26.56],[32.89,-26.43],[33.82,-26.29],[34.75,-26.15],[35.65,-26],[36.56,-25.85],[37.46,-25.69],[38.2,-25.58],[38.94,-25.46],[39.67,-25.34],[40.06,-25.29],[40.06,-25.29],[39.59,-25.67],[39.12,-26.05],[38.59,-26.65],[38.59,-26.65],[37.67,-26.88],[36.74,-27.11],[35.81,-27.33],[34.81,-27.49],[33.81,-27.65],[32.8,-27.8],[31.79,-27.9],[30.78,-28],[29.77,-28.09],[28.86,-28.22],[27.95,-28.33],[27.03,-28.44],[26.41,-28.8],[25.78,-29.16],[25.02,-29.61],[24.24,-30.06],[23.47,-30.7],[22.69,-31.33],[21.89,-31.95],[20.97,-32.12],[20.04,-32.28],[19.13,-31.9],[18.23,-31.51],[17.33,-31.11],[16.62,-30.83],[15.92,-30.55],[15.22,-30.26],[14.53,-29.54],[13.86,-28.81],[13.93,-27.89],[13.47,-27.58],[13.02,-27.27],[12.87,-26.59],[12.29,-25.85],[11.72,-25.1],[11.15,-24.35],[10.6,-23.6],[9.72,-23.31],[8.85,-23.02],[8,-23.07],[7.15,-23.11],[6.3,-23.15],[5.25,-23.06],[4.2,-22.95],[3.16,-22.84],[2.44,-22.75],[1.72,-22.65],[0.83,-22.59],[-0.06,-22.52],[-0.76,-22.65],[-1.47,-22.79],[-2.3,-22.68],[-3.13,-22.56],[-3.85,-22.35],[-4.57,-22.13],[-5.53,-22.21],[-6.5,-22.28],[-7.46,-22.35],[-7.46,-22.35],[-7.43,-21.75],[-7.57,-21.19],[-7.72,-20.62],[-8.01,-20.2],[-8.3,-19.78],[-8.95,-19.27],[-9.21,-19.09],[-9.21,-19.09],[-8.99,-19.06],[-8.6,-19.03],[-8.6,-19.03],[-8.64,-18.73],[-8.6,-18.04],[-8.97,-17.21],[-9.34,-16.65],[-9.36,-15.89],[-9.39,-15.14],[-9.75,-14.52],[-10.12,-13.96],[-9.88,-13.6],[-9.72,-12.95],[-9.8,-12.39],[-9.73,-11.76],[-9.65,-11.12],[-9.44,-10.21],[-9.4,-9.41],[-9.94,-8.89],[-10.41,-8.39],[-10.52,-7.89],[-10.49,-7.38],[-10.45,-6.88],[-10.31,-6.17],[-9.84,-5.65],[-9.03,-5.55],[-9.11,-6.11],[-9.19,-6.67],[-9.1,-7.64],[-8.56,-8.15],[-7.84,-8.16],[-7.39,-7.68],[-6.94,-7.19],[-6.27,-7.05],[-5.61,-6.91],[-4.69,-7.05],[-3.77,-7.2],[-3.28,-7.02],[-2.8,-6.84],[-2.11,-6.49],[-1.66,-7.05],[-1.21,-7.61],[-0.69,-7.84],[-0.18,-8.06],[0.23,-7.7],[0.64,-7.33],[1.17,-6.82],[1.71,-6.31],[2.19,-5.48],[2.67,-4.65],[3.05,-3.89],[3.43,-3.13],[3.79,-2.45],[4.15,-1.78],[4.73,-1.26],[5.32,-0.75],[5.96,-0.31],[6.6,0.13],[6.79,0.93],[6.98,1.72],[7.17,2.67],[7.35,3.62],[8.15,3.02]]]}}]}