{"type":"FeatureCollection","features":[{"type":"Feature","properties":{"ma":150,"type":"gpml:TopologicalNetwork","name":"Amer_anyui_mesh","pid":101,"deforming":true},"geometry":{"type":"Polygon","coordinates":[[[-5.13,54.65],[-6.54,54.81],[-7.97,54.95],[-9.4,55.07],[-11.01,55.05],[-12.62,55],[-14.01,55.16],[-15.4,55.31],[-16.57,55.54],[-17.75,55.77],[-18.95,55.98],[-20.24,56.27],[-21.55,56.55],[-22.88,56.82],[-24.23,56.83],[-25.57,56.81],[-27.24,56.6],[-28.9,56.36],[-29.93,56.18],[-30.96,55.99],[-31.87,55.85],[-32.78,55.71],[-33.65,55.55],[-34.51,55.39],[-35.54,55.31],[-36.06,55.3],[-36.53,55.45],[-36.53,55.45],[-36.23,55.61],[-36.03,55.72],[-35.5,56.21],[-34.33,56.78],[-34.04,56.99],[-33.09,57.63],[-32.72,57.81],[-31.98,58.04],[-31.07,58.46],[-30.14,58.88],[-28.83,59.57],[-27.98,59.77],[-27.29,59.9],[-25.98,60.03],[-25.28,60.03],[-24.48,60.15],[-23.61,60.27],[-22.65,60.27],[-21.55,60.25],[-20.64,60.24],[-19.44,60.21],[-18.43,60.17],[-17.21,60.12],[-16.07,60.05],[-14.52,59.95],[-12.98,59.83],[-11.25,59.53],[-9.54,59.21],[-7.87,58.87],[-6.46,58.49],[-5.07,58.09],[-5.07,58.09],[-5.03,57.34],[-4.99,56.58],[-4.95,55.83],[-4.92,55.07],[-5.13,54.65]]]}},{"type":"Feature","properties":{"ma":150,"type":"gpml:TopologicalNetwork","name":"AUSANT_Deforming_Network","pid":801,"deforming":true},"geometry":{"type":"Polygon","coordinates":[[[116.71,-68.22],[119.26,-68.49],[120.71,-68.47],[122.17,-68.44],[123.8,-68.43],[125.72,-68.28],[127.94,-68.33],[129.27,-68.36],[130.99,-68.17],[132.33,-67.99],[134.35,-67.75],[136.07,-67.48],[136.84,-67.4],[136.85,-67.55],[136.19,-68.11],[135.5,-68.67],[134.92,-69.03],[134.85,-69.91],[135.03,-70.59],[135.23,-71.28],[135.59,-71.81],[135.97,-72.33],[136.78,-72.64],[139.59,-73.07],[139.71,-73.13],[140.54,-73.57],[141.42,-74],[141.41,-74.55],[140.76,-74.72],[138.2,-75.18],[135.48,-75.61],[132.61,-76.01],[131.58,-76.09],[132.22,-76.48],[132.75,-76.86],[132.81,-77.05],[131.13,-77.41],[129.1,-77.88],[129.84,-78.41],[130.65,-78.93],[132.14,-79.1],[134.31,-79.4],[134.39,-79.44],[134.39,-79.44],[130.41,-79.76],[126.19,-80.02],[121.78,-80.22],[121.78,-80.22],[119.2,-79.68],[116.89,-79.11],[118.92,-78.38],[120.7,-77.63],[120.99,-76.71],[121.68,-75.89],[122.67,-75.2],[121.45,-74.89],[121.32,-74.33],[121.21,-73.77],[119.86,-73.21],[117.95,-72.94],[116.09,-72.66],[115.13,-72.02],[114.6,-71.41],[114.1,-70.8],[113.36,-70.29],[112.66,-69.78],[111.27,-69.31],[109.94,-68.83],[108.41,-68.4],[106.94,-67.95],[105.96,-67.57],[105.01,-67.19],[103.02,-66.62],[101.56,-66.34],[100.13,-66.05],[98.92,-65.58],[97.75,-65.09],[96.1,-64.72],[94.81,-64.53],[93.53,-64.34],[92.1,-64.17],[90.69,-64],[88.92,-63.99],[87.15,-63.97],[85.43,-63.75],[83.73,-63.52],[82.06,-63.27],[80.94,-63.18],[79.82,-63.09],[78.31,-62.94],[76.83,-62.78],[75.79,-62.53],[74.78,-62.28],[73.16,-61.75],[71.6,-61.2],[71.6,-61.2],[71.55,-60.48],[71.5,-59.76],[71.45,-59.04],[71.45,-59.04],[71.89,-59.04],[72.88,-58.75],[73.85,-58.45],[73.85,-58.45],[74.85,-58.76],[76.64,-58.92],[78.38,-59.07],[79.74,-59.21],[81.33,-59.54],[82.46,-59.72],[83.6,-59.88],[85.26,-60.05],[87.12,-60.24],[88.64,-60.57],[89.87,-60.59],[91.09,-60.6],[92.33,-60.7],[93.58,-60.79],[94.97,-60.84],[96.36,-60.88],[97.74,-60.85],[99.12,-60.81],[100.92,-60.93],[101.78,-60.91],[103.3,-61.46],[104.87,-62],[105.52,-62.4],[106.19,-62.8],[107.13,-63.3],[108.11,-63.79],[108.86,-64.18],[109.63,-64.57],[110.85,-65.24],[111.92,-65.86],[112.7,-66.39],[113.7,-66.97],[114.91,-67.53],[116.05,-67.91],[116.45,-68.18],[116.71,-68.22]]]}},{"type":"Feature","properties":{"ma":150,"type":"gpml:TopologicalNetwork","name":"aus_antarc_india_mesh","pid":501,"deforming":true},"geometry":{"type":"Polygon","coordinates":[[[74.67,-47.04],[76.06,-47.15],[77.46,-47.26],[78.8,-47.6],[79.6,-47.68],[80.4,-47.76],[80.83,-47.76],[80.83,-47.76],[80.51,-48.07],[80.29,-48.74],[80.07,-49.41],[79.79,-49.87],[79.44,-50.45],[79.06,-51.05],[78.67,-51.64],[78.47,-52.23],[78.26,-52.81],[78.1,-53.53],[77.94,-54.26],[77.73,-54.95],[77.52,-55.64],[76.94,-56.35],[76.33,-57.06],[75.33,-57.69],[74.3,-58.31],[73.11,-58.68],[71.89,-59.04],[70.41,-59.02],[68.94,-58.98],[67.47,-58.93],[66.39,-59.05],[65.3,-59.16],[64.11,-59.24],[62.92,-59.3],[61.83,-59.51],[60.72,-59.71],[59.54,-59.62],[58.37,-59.52],[57.34,-59.43],[56.32,-59.33],[54.96,-59.3],[53.62,-59.26],[52.22,-59.36],[50.82,-59.45],[49.54,-59.63],[48.71,-60.53],[47.47,-61.2],[46.42,-61.56],[45.22,-62.08],[43.98,-62.58],[43.04,-63.28],[42.05,-63.98],[42.03,-63.01],[42.01,-62.11],[42.33,-61.56],[42.63,-61],[43.26,-60.55],[43.87,-60.1],[44.76,-59.49],[43.4,-59.58],[41.56,-59.45],[40.31,-59.31],[39.08,-59.16],[37.74,-58.95],[36.42,-58.73],[35.12,-58.5],[34.25,-58.2],[33.39,-57.9],[32.53,-57.24],[31.1,-57.16],[29.62,-57.55],[27.9,-57.92],[26.13,-58.27],[24.58,-58.74],[22.99,-59.19],[21.68,-59.67],[20.34,-60.14],[18.7,-59.99],[17.07,-59.81],[17.07,-59.81],[17.62,-59.18],[18.15,-58.54],[18.66,-57.9],[18.8,-57.35],[18.93,-56.8],[18.93,-56.8],[18.97,-56.79],[19.79,-56.38],[21.05,-56.43],[22.33,-56.47],[22.39,-56.38],[23.38,-56.39],[24.36,-56.4],[25.45,-56.38],[26.54,-56.35],[27.72,-56.19],[28.89,-56.02],[30.13,-55.91],[31.36,-55.8],[32.43,-55.43],[33.48,-55.05],[34.6,-54.75],[35.7,-54.45],[36.91,-54.59],[38.12,-54.72],[39.12,-55.05],[40.13,-55.36],[41.46,-55.5],[42.8,-55.62],[43.88,-55.62],[44.96,-55.61],[46.17,-55.56],[47.37,-55.49],[48.8,-55.33],[50.22,-55.15],[51.36,-55.22],[52.51,-55.28],[53.34,-55.6],[54.19,-55.91],[55.42,-56.06],[56.66,-56.19],[57.77,-55.92],[58.87,-55.64],[59.94,-55.35],[61.29,-55.03],[62.61,-54.7],[63.94,-54.41],[65.26,-54.12],[66.85,-53.83],[68.43,-53.52],[69.8,-53.15],[71.15,-52.77],[71.25,-52.1],[71.34,-51.43],[72.02,-50.6],[72.39,-50.03],[72.75,-49.45],[73.27,-48.71],[73.81,-48.21],[74.38,-47.76],[74.67,-47.04]]]}},{"type":"Feature","properties":{"ma":150,"type":"gpml:TopologicalNetwork","name":"East_West_Gondwana_Mesh","pid":802,"deforming":true},"geometry":{"type":"Polygon","coordinates":[[[42.52,-25.11],[42.07,-25.67],[41.62,-26.22],[41.16,-26.77],[40.58,-27.37],[39.99,-27.97],[39.71,-28.45],[39.44,-29.11],[39.15,-29.76],[38.52,-30.28],[37.88,-30.8],[37.24,-31.32],[36.73,-31.85],[36.23,-32.39],[35.71,-32.92],[35.35,-33.36],[34.98,-33.8],[34.24,-34.36],[33.48,-34.93],[32.72,-35.48],[32.03,-35.94],[31.33,-36.39],[30.62,-36.84],[29.79,-37.29],[28.96,-37.73],[28.16,-38.2],[27.36,-38.66],[26.55,-39.12],[25.57,-39.47],[24.59,-39.81],[23.59,-40.14],[22.75,-40.56],[21.9,-40.98],[21.04,-41.39],[20.1,-42.01],[19.14,-42.63],[18.39,-43.2],[17.63,-43.77],[16.73,-44.48],[15.8,-45.18],[15.72,-45.57],[15.81,-46.43],[15.42,-47.19],[15.54,-47.84],[14.78,-48.46],[14.73,-49.16],[14.67,-49.86],[15.26,-50.34],[15.05,-50.88],[14.83,-51.43],[14.39,-52.13],[14.11,-52.76],[13.83,-53.38],[13.68,-53.88],[13.53,-54.37],[13.3,-54.87],[13.06,-55.38],[12.71,-55.73],[11.32,-56.12],[9.89,-56.36],[8.3,-56.36],[6.98,-56.41],[5.65,-56.44],[5.08,-56.83],[4.36,-57.02],[3.19,-57.22],[2.12,-57.54],[1.35,-57.84],[0.57,-58.13],[0.02,-58.57],[-0.54,-59.01],[-1.21,-59.93],[-1.92,-60.35],[-2.64,-60.77],[-3.71,-61.17],[-5.05,-61.36],[-6.57,-60.94],[-7.89,-60.68],[-9.15,-61.13],[-9.98,-61.54],[-10.84,-61.95],[-11.61,-62.29],[-11.61,-62.29],[-11.65,-62.54],[-11.83,-63.05],[-12.02,-63.55],[-12.16,-63.72],[-12.16,-63.72],[-10.43,-63.41],[-9.45,-63.1],[-8.49,-62.78],[-7.08,-62.93],[-5.65,-63.06],[-4.29,-62.8],[-2.96,-62.54],[-1.67,-62.27],[-0.4,-61.98],[1.18,-61.53],[2.45,-61.2],[4.3,-61.38],[6.16,-61.53],[8.05,-61.66],[9.77,-61.27],[11.45,-60.86],[11.86,-60.18],[12.25,-59.49],[12.33,-58.85],[12.4,-58.21],[12.97,-57.43],[13.52,-56.64],[14.23,-56.22],[14.94,-55.8],[15.85,-55.23],[15.86,-54.89],[15.88,-54.39],[15.92,-53.54],[16.17,-52.8],[16.37,-52.21],[16.54,-51.68],[17.4,-51.33],[18.24,-50.97],[18.77,-50.19],[19.29,-49.4],[19.21,-48.72],[19.14,-48.04],[19.06,-47.36],[19.84,-46.87],[20.61,-46.37],[21.58,-46.52],[22.65,-46.49],[23.71,-46.46],[24.84,-46.2],[25.96,-45.94],[26.66,-45.27],[27.34,-44.6],[28.17,-44.1],[28.99,-43.6],[28.9,-43.06],[28.81,-42.52],[29.86,-42.03],[30.55,-42.52],[31.21,-42.66],[32.17,-42.41],[32.89,-42.1],[33.61,-41.78],[34,-40.93],[34.38,-40.07],[34.72,-39.43],[35.06,-38.79],[35.83,-38.56],[36.6,-37.79],[37.36,-37.01],[37.79,-36.57],[38.22,-36.12],[38.96,-35.45],[39.68,-34.77],[40.26,-34.25],[40.82,-33.72],[41.39,-33.19],[41.87,-32.64],[42.36,-32.08],[42.99,-31.68],[43.62,-31.27],[44.24,-30.87],[45.08,-30.41],[45.91,-29.95],[46.73,-30.05],[47.55,-30.15],[48.07,-30.15],[48.42,-30.15],[49.25,-30.15],[49.25,-30.15],[48.87,-30.62],[48.61,-30.75],[48.07,-31.02],[47.07,-31.49],[46.4,-31.99],[45.72,-32.48],[44.89,-32.93],[44.05,-33.37],[43.48,-34.02],[42.9,-34.67],[42.2,-35.42],[41.49,-36.17],[40.76,-36.91],[40.25,-37.52],[39.74,-38.13],[39.22,-38.74],[38.69,-39.29],[38.15,-39.85],[37.6,-40.4],[37.3,-41.22],[37,-42.03],[36.32,-42.69],[35.62,-43.35],[35.03,-43.87],[34.43,-44.4],[33.68,-44.68],[32.92,-44.96],[31.99,-45.38],[31.05,-45.79],[30.12,-46.07],[29.18,-46.34],[28.23,-46.6],[27.21,-46.88],[26.17,-47.14],[25.12,-47.4],[23.77,-47.8],[22.4,-48.18],[21.81,-48.9],[21.2,-49.63],[20.61,-50.42],[20,-51.22],[19.67,-52.09],[19.33,-52.95],[19.07,-53.68],[18.8,-54.4],[18.93,-55.28],[19.08,-56.16],[18.87,-57.03],[18.66,-57.9],[18.08,-58.62],[17.48,-59.34],[16.85,-60.06],[15.38,-60.56],[13.86,-61.05],[12.59,-61.56],[11.27,-62.06],[10,-62.2],[8.71,-62.32],[7.02,-62.26],[5.33,-62.19],[3.95,-62.3],[2.56,-62.39],[1.27,-62.66],[-0.04,-62.91],[-1.37,-63.09],[-2.72,-63.24],[-4.15,-63.59],[-5.61,-63.92],[-7.72,-64.16],[-9.87,-64.37],[-11.8,-64.86],[-13.8,-65.34],[-13.8,-65.34],[-13.98,-65.08],[-13.98,-65.08],[-13.14,-64.76],[-12.56,-64.16],[-12.02,-63.55],[-11.66,-62.58],[-11.66,-62.58],[-13.53,-62.75],[-15.41,-62.89],[-15.41,-62.89],[-15.95,-61.96],[-15.95,-61.96],[-14.35,-61.63],[-13.48,-61.11],[-12.64,-60.58],[-11.83,-60.05],[-10.56,-59.59],[-9.33,-59.11],[-7.79,-58.64],[-6.3,-58.14],[-4.61,-57.88],[-2.94,-57.59],[-2.11,-57.11],[-1.31,-56.62],[-0.39,-56.13],[0.51,-55.64],[2.04,-55.44],[2.85,-54.92],[4.38,-54.56],[5.43,-54.47],[6.47,-54.37],[7.98,-54.16],[9.48,-53.95],[10.51,-53.49],[11.52,-53.03],[12.18,-52.14],[12.44,-51.3],[12.68,-50.46],[12.65,-49.68],[12.61,-48.91],[12.75,-48.17],[12.89,-47.43],[13,-46.64],[13.1,-45.84],[13.57,-45.17],[14.02,-44.5],[14.42,-44.06],[14.82,-43.6],[15.51,-43.13],[16.19,-42.65],[17.01,-42.17],[17.82,-41.68],[18.27,-41.01],[18.71,-40.34],[19.15,-39.67],[19.79,-39.06],[20.41,-38.45],[21.03,-37.84],[21.31,-37.04],[21.57,-36.24],[21.88,-35.4],[22.19,-34.56],[22.81,-34.11],[23.43,-33.66],[24.32,-33.21],[25.19,-32.75],[26.13,-32.58],[27.07,-32.4],[27.89,-32.26],[28.71,-32.12],[29.61,-31.89],[30.5,-31.65],[31.16,-31.23],[31.81,-30.8],[32.12,-30.35],[32.43,-29.91],[32.77,-29.5],[33.1,-29.08],[33.67,-28.85],[34.23,-28.61],[35.08,-28.26],[35.92,-27.9],[36.71,-27.47],[37.49,-27.03],[38.27,-26.59],[38.86,-26.07],[39.45,-25.54],[40.04,-25.02],[40.62,-24.56],[41.2,-24.1],[41.2,-24.1],[41.86,-24.61],[42.52,-25.11]]]}},{"type":"Feature","properties":{"ma":150,"type":"gpml:TopologicalClosedPlateBoundary","name":"Early Oceanic Crust","pid":501,"deforming":false},"geometry":{"type":"Polygon","coordinates":[[[48.42,-30.15],[48.07,-30.15],[47.55,-30.15],[46.73,-30.05],[45.91,-29.95],[45.08,-30.41],[44.24,-30.87],[43.62,-31.27],[42.99,-31.68],[42.36,-32.08],[41.87,-32.64],[41.39,-33.19],[40.82,-33.72],[40.26,-34.25],[39.68,-34.77],[38.96,-35.45],[38.22,-36.12],[37.79,-36.57],[37.36,-37.01],[36.6,-37.79],[35.83,-38.56],[35.06,-38.79],[34.72,-39.43],[34.38,-40.07],[34,-40.93],[33.61,-41.78],[32.73,-42.17],[32.73,-42.17],[32.17,-42.41],[31.21,-42.66],[30.55,-42.52],[29.86,-42.03],[28.81,-42.52],[28.9,-43.06],[28.99,-43.6],[28.17,-44.1],[27.34,-44.6],[26.66,-45.27],[25.96,-45.94],[24.85,-46.2],[24.85,-46.2],[23.71,-46.46],[22.65,-46.49],[21.58,-46.52],[20.61,-46.37],[19.84,-46.87],[19.06,-47.36],[19.14,-48.04],[19.21,-48.72],[19.29,-49.4],[18.77,-50.19],[18.24,-50.97],[17,-51.49],[17,-51.49],[17.39,-50.61],[17.77,-49.73],[18.14,-48.84],[18.49,-47.95],[18.83,-47.07],[19.15,-46.18],[19.47,-45.29],[19.78,-44.4],[20.77,-44.58],[21.76,-44.75],[22.77,-44.92],[23.13,-44.09],[23.49,-43.27],[24.57,-43.33],[25.65,-43.38],[26.73,-43.41],[26.97,-42.62],[27.21,-41.83],[27.44,-41.04],[28.52,-41.12],[29.6,-41.19],[30.69,-41.25],[31.77,-41.3],[32.86,-41.34],[32.96,-41.34],[32.96,-41.34],[33.05,-40.46],[33.13,-39.58],[33.21,-38.69],[33.28,-37.81],[33.36,-36.93],[33.43,-36.04],[34.28,-36.06],[35.13,-36.07],[35.16,-35.4],[35.19,-34.74],[35.91,-34.74],[35.9,-34.22],[35.88,-33.7],[36.8,-33.72],[36.79,-33.15],[37.92,-33.05],[39.04,-32.93],[40.17,-32.81],[40.09,-32.21],[40.02,-31.62],[40.97,-31.58],[40.9,-30.8],[40.83,-30.03],[40.76,-29.26],[40.68,-28.48],[41.44,-27.86],[42.19,-27.24],[42.94,-26.61],[43.67,-25.98],[43.67,-25.98],[44.39,-26.51],[45.12,-27.04],[45.86,-27.57],[46.6,-28.09],[47.35,-28.61],[48.11,-29.12],[48.62,-28.66],[49.12,-28.2],[49.68,-28.53],[50.24,-28.87],[50.24,-28.87],[49.75,-29.51],[49.25,-30.15],[48.42,-30.15]]]}},{"type":"Feature","properties":{"ma":150,"type":"gpml:TopologicalClosedPlateBoundary","name":"Early Oceanic Crust","pid":501,"deforming":false},"geometry":{"type":"Polygon","coordinates":[[[13.95,-56.39],[14.36,-55.62],[14.75,-54.85],[15.13,-54.08],[15.5,-53.31],[15.85,-52.53],[15.85,-52.53],[16.48,-52.62],[16.9,-51.71],[17.31,-50.8],[17.7,-49.89],[18.08,-48.98],[18.44,-48.06],[18.8,-47.15],[19.13,-46.23],[19.46,-45.32],[19.78,-44.4],[20.77,-44.58],[21.76,-44.75],[22.77,-44.92],[23.13,-44.09],[23.49,-43.27],[24.57,-43.33],[25.65,-43.38],[26.73,-43.41],[26.97,-42.62],[27.21,-41.83],[27.44,-41.04],[28.52,-41.12],[29.6,-41.19],[30.69,-41.25],[31.77,-41.3],[32.86,-41.34],[33.8,-41.37],[33.8,-41.37],[33.61,-41.78],[32.89,-42.1],[32.17,-42.41],[31.21,-42.66],[30.55,-42.52],[29.86,-42.03],[28.81,-42.52],[28.9,-43.06],[28.99,-43.6],[28.17,-44.1],[27.34,-44.6],[26.66,-45.27],[25.96,-45.94],[24.84,-46.2],[23.71,-46.46],[22.65,-46.49],[21.58,-46.52],[20.61,-46.37],[19.84,-46.87],[19.06,-47.36],[19.14,-48.04],[19.21,-48.72],[19.29,-49.4],[18.77,-50.19],[18.24,-50.97],[17.4,-51.33],[16.54,-51.68],[16.37,-52.21],[16.17,-52.8],[15.92,-53.54],[15.88,-54.39],[15.86,-54.89],[15.85,-55.23],[14.94,-55.8],[13.95,-56.39]]]}},{"type":"Feature","properties":{"ma":150,"type":"gpml:TopologicalClosedPlateBoundary","name":"Early Oceanic Crust","pid":802,"deforming":false},"geometry":{"type":"Polygon","coordinates":[[[12.79,-58.68],[12.68,-59.54],[12.53,-59.79],[12.53,-59.79],[12.2,-60.35],[11.86,-60.9],[10.17,-61.3],[8.43,-61.68],[6.55,-61.55],[4.69,-61.39],[2.84,-61.21],[1.57,-61.53],[-0.02,-61.97],[-1.84,-62.37],[-3.7,-62.74],[-3.7,-62.74],[-5.29,-63.03],[-6.71,-62.89],[-8.12,-62.74],[-9.08,-63.05],[-10.07,-63.36],[-11.11,-63.55],[-12.16,-63.72],[-12.16,-63.72],[-12.02,-63.55],[-11.83,-63.05],[-11.65,-62.54],[-11.61,-62.28],[-11.61,-62.28],[-10.41,-61.76],[-9.25,-61.23],[-8.13,-60.69],[-6.75,-61.01],[-5.33,-61.33],[-3.89,-61.63],[-2.42,-61.91],[-1.6,-61.25],[-0.82,-60.58],[-0.07,-59.91],[1.88,-60.11],[3.86,-60.28],[3.88,-59.74],[3.91,-59.2],[5.77,-59.34],[7.64,-59.46],[7.72,-58.87],[9.21,-59.02],[10.73,-59.16],[12.25,-59.27],[12.64,-58.64],[13.03,-58.02],[13.03,-58.02],[12.85,-58.25],[12.79,-58.68]]]}},{"type":"Feature","properties":{"ma":150,"type":"gpml:TopologicalClosedPlateBoundary","name":"Early Oceanic Crust","pid":701,"deforming":false},"geometry":{"type":"Polygon","coordinates":[[[32.96,-41.34],[32.86,-41.34],[31.77,-41.3],[30.69,-41.25],[29.6,-41.19],[28.52,-41.12],[27.44,-41.04],[27.21,-41.83],[26.97,-42.62],[26.73,-43.41],[25.65,-43.38],[24.57,-43.33],[23.49,-43.27],[23.13,-44.09],[22.77,-44.92],[21.76,-44.75],[20.77,-44.58],[19.78,-44.4],[19.46,-45.32],[19.13,-46.23],[18.8,-47.15],[18.44,-48.06],[18.08,-48.98],[17.7,-49.89],[17.31,-50.8],[16.9,-51.71],[16.48,-52.62],[15.85,-52.53],[15.85,-52.53],[15.46,-53.38],[15.06,-54.23],[14.64,-55.07],[14.21,-55.92],[13.75,-56.76],[13.27,-57.6],[12.77,-58.43],[12.25,-59.27],[10.73,-59.16],[9.21,-59.02],[7.72,-58.87],[7.64,-59.46],[5.77,-59.34],[3.91,-59.2],[3.88,-59.74],[3.86,-60.28],[1.88,-60.11],[-0.07,-59.91],[-0.82,-60.58],[-1.6,-61.25],[-2.42,-61.91],[-4.33,-61.54],[-6.18,-61.14],[-8,-60.72],[-8,-60.72],[-7.89,-60.68],[-6.57,-60.94],[-5.05,-61.36],[-3.71,-61.17],[-2.64,-60.77],[-1.92,-60.35],[-1.21,-59.93],[-0.54,-59.01],[0.02,-58.57],[0.57,-58.13],[1.35,-57.84],[2.12,-57.54],[3.19,-57.22],[4.36,-57.02],[5.08,-56.83],[5.65,-56.44],[6.98,-56.41],[8.3,-56.36],[9.89,-56.36],[11.32,-56.12],[12.71,-55.73],[13.06,-55.38],[13.3,-54.87],[13.53,-54.37],[13.68,-53.88],[13.83,-53.38],[14.11,-52.76],[14.39,-52.13],[14.83,-51.43],[15.05,-50.88],[15.26,-50.34],[14.67,-49.86],[14.73,-49.16],[14.78,-48.46],[15.54,-47.84],[15.42,-47.19],[15.81,-46.43],[15.72,-45.57],[15.8,-45.18],[16.73,-44.48],[17.63,-43.77],[18.39,-43.2],[19.14,-42.63],[20.1,-42.01],[21.04,-41.39],[21.9,-40.98],[22.75,-40.56],[23.59,-40.14],[24.59,-39.81],[25.57,-39.47],[26.55,-39.12],[27.36,-38.66],[28.16,-38.2],[28.96,-37.73],[29.79,-37.29],[30.62,-36.84],[31.33,-36.39],[32.03,-35.94],[32.72,-35.48],[33.48,-34.93],[34.24,-34.36],[34.98,-33.8],[35.35,-33.36],[35.71,-32.92],[36.23,-32.39],[36.73,-31.85],[37.24,-31.32],[37.88,-30.8],[38.52,-30.28],[39.15,-29.76],[39.44,-29.11],[39.71,-28.45],[39.99,-27.97],[40.58,-27.37],[41.16,-26.77],[41.62,-26.22],[42.07,-25.67],[42.52,-25.11],[42.52,-25.11],[43.09,-25.55],[43.67,-25.98],[43.67,-25.98],[42.94,-26.61],[42.19,-27.24],[41.44,-27.86],[40.68,-28.48],[40.76,-29.26],[40.83,-30.03],[40.9,-30.8],[40.97,-31.58],[40.02,-31.62],[40.09,-32.21],[40.17,-32.81],[39.04,-32.93],[37.92,-33.05],[36.79,-33.15],[36.8,-33.72],[35.88,-33.7],[35.9,-34.22],[35.91,-34.74],[35.19,-34.74],[35.16,-35.4],[35.13,-36.07],[34.28,-36.06],[33.43,-36.04],[33.36,-36.93],[33.28,-37.81],[33.21,-38.69],[33.13,-39.58],[33.05,-40.46],[32.96,-41.34]]]}},{"type":"Feature","properties":{"ma":150,"type":"gpml:TopologicalClosedPlateBoundary","name":"Antarctica","pid":802,"deforming":false},"geometry":{"type":"Polygon","coordinates":[[[180,-81.32],[180,-82.28],[180,-83.25],[180,-84.21],[180,-85.18],[180,-86.14],[180,-87.11],[180,-88.07],[180,-89.04],[180,-90],[-180,-90],[-180,-89.04],[-180,-88.07],[-180,-87.11],[-180,-86.14],[-180,-85.18],[-180,-84.21],[-180,-83.25],[-180,-82.28],[-180,-81.32],[-180,-80.35],[-177.36,-80.11],[-174.84,-79.86],[-170.56,-79.28],[-166.73,-78.65],[-162.54,-78.34],[-158.59,-77.97],[-154.5,-77.68],[-150.6,-77.34],[-146.93,-76.94],[-143.61,-76.7],[-140.42,-76.42],[-137.36,-76.1],[-134.45,-75.74],[-132.06,-75.37],[-129.79,-74.98],[-129.79,-74.98],[-128.01,-74.95],[-124.91,-74.86],[-121.86,-74.73],[-118.87,-74.56],[-115.94,-74.35],[-113.24,-74.14],[-110.62,-73.89],[-108.08,-73.62],[-105.62,-73.31],[-102.84,-73.13],[-100.13,-72.91],[-97.49,-72.66],[-94.93,-72.37],[-92.04,-72.05],[-89.25,-71.69],[-86.57,-71.29],[-84,-70.85],[-81.55,-70.37],[-79.69,-69.7],[-77.95,-69.01],[-76.32,-68.31],[-74.79,-67.59],[-73.34,-66.86],[-71.99,-66.11],[-70.33,-65.56],[-68.74,-64.99],[-67.22,-64.41],[-65.76,-63.81],[-65.76,-63.81],[-65.75,-63.91],[-65.69,-64.23],[-65.66,-64.48],[-65.54,-64.78],[-65.42,-65.12],[-65.21,-65.49],[-64.94,-65.89],[-64.85,-66.2],[-64.86,-66.36],[-64.82,-66.69],[-64.8,-67.07],[-64.75,-67.44],[-64.61,-67.81],[-64.57,-67.87],[-64.15,-68.25],[-64.03,-68.31],[-64.03,-68.31],[-61.52,-68.6],[-58.95,-68.85],[-56.32,-69.06],[-53.64,-69.23],[-50.93,-69.36],[-48.81,-69.37],[-46.68,-69.35],[-44.74,-69.28],[-42.81,-69.19],[-41.12,-69.21],[-39.98,-69.16],[-38.77,-69.19],[-37.21,-69.15],[-36.49,-69.08],[-35.93,-69.01],[-34.57,-68.87],[-33.05,-68.69],[-31.56,-68.49],[-30.59,-68.33],[-29.82,-68.2],[-28.38,-68.02],[-26.95,-67.72],[-25.75,-67.5],[-24.67,-67.26],[-23.62,-67.03],[-22.38,-66.71],[-21.67,-66.53],[-21.42,-66.47],[-21.42,-66.47],[-19.01,-66.31],[-17.28,-66],[-15.6,-65.67],[-15.05,-65.48],[-15.05,-65.48],[-13.98,-65.08],[-13.98,-65.08],[-13.8,-65.34],[-13.8,-65.34],[-11.8,-64.86],[-9.87,-64.37],[-7.72,-64.16],[-5.61,-63.92],[-4.15,-63.59],[-2.72,-63.24],[-1.37,-63.09],[-0.04,-62.91],[1.27,-62.66],[2.56,-62.39],[3.95,-62.3],[5.33,-62.19],[7.02,-62.26],[8.71,-62.32],[10,-62.2],[11.27,-62.06],[12.59,-61.56],[13.86,-61.05],[15.38,-60.56],[16.85,-60.06],[17.07,-59.81],[17.07,-59.81],[18.7,-59.99],[20.34,-60.14],[21.68,-59.67],[22.99,-59.19],[24.58,-58.74],[26.13,-58.27],[27.9,-57.92],[29.62,-57.55],[31.1,-57.16],[32.53,-57.24],[33.39,-57.9],[34.25,-58.2],[35.12,-58.5],[36.42,-58.73],[37.74,-58.95],[39.08,-59.16],[40.31,-59.31],[41.56,-59.45],[43.4,-59.58],[44.76,-59.49],[43.87,-60.1],[43.26,-60.55],[42.63,-61],[42.33,-61.56],[42.01,-62.11],[42.03,-63.01],[42.05,-63.98],[43.04,-63.28],[43.98,-62.58],[45.22,-62.08],[46.42,-61.56],[47.47,-61.2],[48.71,-60.53],[49.54,-59.63],[50.82,-59.45],[52.22,-59.36],[53.62,-59.26],[54.96,-59.3],[56.32,-59.33],[57.34,-59.43],[58.37,-59.52],[59.54,-59.62],[60.72,-59.71],[61.83,-59.51],[62.92,-59.3],[64.11,-59.24],[65.3,-59.16],[66.39,-59.05],[67.47,-58.93],[68.79,-58.98],[70.12,-59.01],[71.45,-59.04],[71.45,-59.04],[71.5,-59.76],[71.55,-60.48],[71.6,-61.2],[71.6,-61.2],[73.16,-61.75],[74.78,-62.28],[75.79,-62.53],[76.83,-62.78],[78.31,-62.94],[79.82,-63.09],[80.94,-63.18],[82.06,-63.27],[83.73,-63.52],[85.43,-63.75],[87.15,-63.97],[88.92,-63.99],[90.69,-64],[92.1,-64.17],[93.53,-64.34],[94.81,-64.53],[96.1,-64.72],[97.75,-65.09],[98.92,-65.58],[100.13,-66.05],[101.56,-66.34],[103.02,-66.62],[105.01,-67.19],[105.96,-67.57],[106.94,-67.95],[108.41,-68.4],[109.94,-68.83],[111.27,-69.31],[112.66,-69.78],[113.36,-70.29],[114.1,-70.8],[114.6,-71.41],[115.13,-72.02],[116.09,-72.66],[117.95,-72.94],[119.86,-73.21],[121.21,-73.77],[121.32,-74.33],[121.45,-74.89],[122.67,-75.2],[121.68,-75.89],[120.99,-76.71],[120.7,-77.63],[118.92,-78.38],[116.89,-79.11],[119.2,-79.68],[121.78,-80.22],[121.78,-80.22],[126.19,-80.02],[130.41,-79.76],[134.39,-79.44],[134.39,-79.44],[134.31,-79.4],[132.14,-79.1],[130.65,-78.93],[129.84,-78.41],[129.1,-77.88],[131.13,-77.41],[132.81,-77.05],[132.75,-76.86],[132.22,-76.48],[131.58,-76.09],[132.61,-76.01],[132.88,-75.97],[134.86,-76.82],[137.1,-77.65],[139.66,-78.46],[142.59,-79.24],[143.75,-79.96],[145.08,-80.68],[148.17,-80.96],[151.45,-81.22],[156.6,-81.43],[161.62,-81.46],[167.54,-81.19],[173.07,-80.83],[176.62,-80.61],[180,-80.35],[180,-81.32]]]}},{"type":"Feature","properties":{"ma":150,"type":"gpml:TopologicalClosedPlateBoundary","name":"East Gondwana","pid":801,"deforming":false},"geometry":{"type":"MultiPolygon","coordinates":[[[[180,-72.88],[180,-73.81],[180,-74.75],[180,-75.68],[180,-76.62],[180,-77.55],[180,-78.48],[180,-79.42],[180,-80.35],[176.62,-80.61],[173.07,-80.83],[167.54,-81.19],[161.62,-81.46],[156.6,-81.43],[151.45,-81.22],[148.17,-80.96],[145.08,-80.68],[143.75,-79.96],[142.59,-79.24],[139.66,-78.46],[137.1,-77.65],[134.86,-76.82],[132.88,-75.97],[132.88,-75.97],[135.65,-75.58],[138.28,-75.16],[140.76,-74.72],[141.41,-74.55],[141.42,-74],[140.54,-73.57],[139.71,-73.13],[139.59,-73.07],[136.78,-72.64],[135.97,-72.33],[135.59,-71.81],[135.23,-71.28],[135.03,-70.59],[134.85,-69.91],[134.92,-69.03],[135.5,-68.67],[136.19,-68.11],[136.85,-67.55],[136.84,-67.4],[136.07,-67.48],[134.35,-67.75],[132.33,-67.99],[130.99,-68.17],[129.27,-68.36],[127.94,-68.33],[125.72,-68.28],[123.8,-68.43],[122.17,-68.44],[120.71,-68.47],[119.26,-68.49],[116.71,-68.22],[116.71,-68.22],[116.45,-68.18],[116.05,-67.91],[114.91,-67.53],[113.7,-66.97],[112.7,-66.39],[111.92,-65.86],[110.85,-65.24],[109.63,-64.57],[108.86,-64.18],[108.11,-63.79],[107.13,-63.3],[106.19,-62.8],[105.52,-62.4],[104.87,-62],[103.3,-61.46],[101.78,-60.91],[100.92,-60.93],[99.12,-60.81],[97.74,-60.85],[96.36,-60.88],[94.97,-60.84],[93.58,-60.79],[92.33,-60.7],[91.09,-60.6],[89.87,-60.59],[88.64,-60.57],[87.12,-60.24],[85.26,-60.05],[83.6,-59.88],[82.46,-59.72],[81.33,-59.54],[79.74,-59.21],[78.38,-59.07],[76.64,-58.92],[74.85,-58.76],[73.85,-58.45],[73.85,-58.45],[74.3,-58.31],[75.33,-57.69],[76.33,-57.06],[76.94,-56.35],[77.52,-55.64],[77.73,-54.95],[77.94,-54.26],[78.1,-53.53],[78.26,-52.81],[78.47,-52.23],[78.67,-51.64],[79.06,-51.05],[79.44,-50.45],[79.79,-49.87],[80.07,-49.41],[80.29,-48.74],[80.51,-48.07],[80.83,-47.76],[80.83,-47.76],[80.4,-47.76],[79.6,-47.68],[78.8,-47.6],[77.46,-47.26],[76.06,-47.15],[74.67,-47.04],[74.67,-47.04],[74.38,-47.76],[73.81,-48.21],[73.27,-48.71],[72.75,-49.45],[72.39,-50.03],[72.02,-50.6],[71.34,-51.43],[71.25,-52.1],[71.15,-52.77],[69.8,-53.15],[68.43,-53.52],[66.85,-53.83],[65.26,-54.12],[63.94,-54.41],[62.61,-54.7],[61.29,-55.03],[59.94,-55.35],[58.87,-55.64],[57.77,-55.92],[56.66,-56.19],[55.42,-56.06],[54.19,-55.91],[53.34,-55.6],[52.51,-55.28],[51.36,-55.22],[50.22,-55.15],[48.8,-55.33],[47.37,-55.49],[46.17,-55.56],[44.96,-55.61],[43.88,-55.62],[42.8,-55.62],[41.46,-55.5],[40.13,-55.36],[39.12,-55.05],[38.12,-54.72],[36.91,-54.59],[35.7,-54.45],[34.6,-54.75],[33.48,-55.05],[32.43,-55.43],[31.36,-55.8],[30.13,-55.91],[28.89,-56.02],[27.72,-56.19],[26.54,-56.35],[25.45,-56.38],[24.36,-56.4],[23.38,-56.39],[22.39,-56.38],[22.33,-56.47],[21.05,-56.43],[19.79,-56.38],[18.97,-56.79],[18.93,-56.8],[18.93,-56.8],[19.08,-56.16],[18.93,-55.28],[18.8,-54.4],[19.07,-53.68],[19.33,-52.95],[19.67,-52.09],[20,-51.22],[20.61,-50.42],[21.2,-49.63],[21.81,-48.9],[22.4,-48.18],[23.77,-47.8],[25.12,-47.4],[26.17,-47.14],[27.21,-46.88],[28.23,-46.6],[29.18,-46.34],[30.12,-46.07],[31.05,-45.79],[31.99,-45.38],[32.92,-44.96],[33.68,-44.68],[34.43,-44.4],[35.03,-43.87],[35.62,-43.35],[36.32,-42.69],[37,-42.03],[37.3,-41.22],[37.6,-40.4],[38.15,-39.85],[38.69,-39.29],[39.22,-38.74],[39.74,-38.13],[40.25,-37.52],[40.76,-36.91],[41.49,-36.17],[42.2,-35.42],[42.9,-34.67],[43.48,-34.02],[44.05,-33.37],[44.89,-32.93],[45.72,-32.48],[46.4,-31.99],[47.07,-31.49],[48.07,-31.02],[48.61,-30.75],[48.87,-30.62],[49.33,-30.04],[49.79,-29.46],[50.24,-28.87],[50.24,-28.87],[50.89,-29.26],[51.56,-29.65],[52.22,-30.03],[52.91,-29.41],[53.78,-30],[54.65,-30.59],[55.54,-31.17],[56.43,-31.75],[57.34,-32.32],[58.26,-32.89],[59.19,-33.44],[60.13,-33.99],[59.99,-34.56],[59.84,-35.12],[60.63,-35.57],[61.42,-36.02],[62.23,-36.46],[62.04,-37.3],[61.85,-38.15],[62.66,-38.53],[63.47,-38.9],[64.3,-39.27],[64.19,-39.9],[64.07,-40.53],[65.16,-40.97],[66.26,-41.4],[67.38,-41.82],[67.23,-42.42],[67.09,-43.02],[68.37,-43.3],[69.67,-43.57],[69.71,-44.32],[70.86,-44.61],[72.02,-44.9],[73.18,-45.17],[74.36,-45.43],[75.55,-45.68],[75.55,-45.68],[75.81,-44.87],[76.07,-44.05],[76.32,-43.24],[76.56,-42.42],[76.8,-41.6],[77.88,-41.73],[78.14,-40.8],[79.03,-40.85],[79.91,-40.9],[80.09,-40.25],[80.27,-39.6],[81.52,-39.65],[82.76,-39.7],[84.01,-39.73],[84.07,-40.25],[84.12,-40.76],[85.3,-40.77],[85.39,-41.01],[86.57,-40.94],[87.74,-40.85],[88.92,-40.76],[88.8,-40.15],[88.68,-39.54],[89.65,-39.39],[90.62,-39.23],[91.59,-39.06],[91.48,-38.24],[92.57,-38.04],[93.65,-37.82],[94.72,-37.59],[95.78,-37.35],[96.84,-37.1],[96.55,-36.43],[97.66,-36.11],[98.76,-35.77],[99.86,-35.42],[100.94,-35.06],[102.01,-34.7],[103.07,-34.32],[104.13,-33.94],[105.17,-33.54],[105.17,-33.54],[105.14,-33.03],[104.76,-32.13],[104.39,-31.23],[104.02,-30.33],[103.66,-29.43],[103.31,-28.53],[102.96,-27.62],[102.62,-26.72],[102.28,-25.81],[101.95,-24.91],[101.62,-24],[102.51,-23.98],[103.4,-23.95],[103.54,-24.58],[103.67,-25.2],[104.56,-25.21],[105.45,-25.22],[105.64,-25.74],[105.83,-26.27],[106.81,-26.26],[107.8,-26.25],[108.78,-26.23],[108.78,-26.23],[108.87,-26.26],[108.87,-26.26],[108.83,-26.78],[108.84,-27.75],[108.85,-28.72],[109.48,-28.85],[110.11,-28.98],[111.08,-29.33],[112.05,-29.67],[113.04,-30],[112.61,-30.8],[113.61,-31.12],[114.62,-31.44],[115.63,-31.75],[116.65,-32.05],[117.67,-32.34],[117.3,-33.04],[118.34,-33.37],[119.38,-33.69],[120.43,-34],[121.49,-34.3],[122.56,-34.6],[123.64,-34.88],[124.72,-35.16],[125.81,-35.42],[126.78,-35.78],[127.76,-36.14],[128.74,-36.49],[129.74,-36.82],[130.74,-37.16],[131.76,-37.48],[132.78,-37.79],[133.99,-37.94],[135.21,-38.08],[136.43,-38.21],[137.66,-38.32],[138.89,-38.42],[139.88,-38.54],[140.87,-38.66],[141.87,-38.76],[141.87,-38.76],[142.5,-39.45],[143.13,-40.15],[143.78,-40.83],[144.45,-41.52],[144.45,-41.52],[144.56,-42.32],[144.67,-43.13],[144.82,-43.93],[144.98,-44.73],[145.15,-45.53],[145.31,-46.34],[145.49,-47.14],[145.57,-48.01],[145.67,-48.89],[145.76,-49.76],[145.86,-50.64],[145.96,-51.51],[146.49,-52.43],[147.04,-53.34],[147.61,-54.25],[148.21,-55.16],[148.84,-56.06],[149.31,-56.85],[149.8,-57.63],[150.32,-58.41],[150.86,-59.19],[150.9,-59.78],[150.94,-60.36],[150.62,-60.92],[150.29,-61.47],[149.42,-62.38],[148.51,-63.28],[147.48,-64.17],[146.39,-65.05],[146.04,-65.56],[147.09,-66.41],[147.4,-67.24],[147.74,-68.07],[148.1,-68.9],[148.1,-68.9],[150.2,-69.23],[152.36,-69.53],[154.58,-69.81],[156.86,-70.05],[159.19,-70.27],[161.91,-70.65],[164.74,-70.98],[167.65,-71.27],[170.65,-71.51],[173.72,-71.71],[176.84,-71.85],[180,-71.95],[180,-72.88]]],[[[-180,-79.42],[-180,-78.48],[-180,-77.55],[-180,-76.62],[-180,-75.68],[-180,-74.75],[-180,-73.81],[-180,-72.88],[-180,-71.95],[-177.36,-71.99],[-174.71,-71.99],[-172.06,-71.96],[-169.21,-72.4],[-166.23,-72.8],[-163.11,-73.16],[-159.88,-73.46],[-156.53,-73.72],[-153.52,-74.04],[-150.39,-74.33],[-147.16,-74.56],[-143.84,-74.75],[-140.45,-74.89],[-136.92,-74.98],[-133.35,-75.01],[-129.79,-74.98],[-129.79,-74.98],[-132.06,-75.37],[-134.45,-75.74],[-137.36,-76.1],[-140.42,-76.42],[-143.61,-76.7],[-146.93,-76.94],[-150.6,-77.34],[-154.5,-77.68],[-158.59,-77.97],[-162.54,-78.34],[-166.73,-78.65],[-170.56,-79.28],[-174.84,-79.86],[-177.36,-80.11],[-180,-80.35],[-180,-79.42]]]]}},{"type":"Feature","properties":{"ma":150,"type":"gpml:TopologicalClosedPlateBoundary","name":"Eurasia","pid":301,"deforming":false},"geometry":{"type":"Polygon","coordinates":[[[-180,90],[180,90],[180,89.04],[148.63,88.8],[131.14,88.33],[118.98,87.61],[112.61,86.83],[108.79,86.03],[108.36,85.35],[108.05,84.66],[107.8,83.98],[107.36,83.22],[107.01,82.47],[107.07,81.75],[107.12,81.03],[107.12,81.03],[105.33,80.39],[103.76,79.75],[100.21,79.09],[97.07,78.4],[94.29,77.68],[91.81,76.93],[89.61,76.16],[87.63,75.38],[85.85,74.58],[84.24,73.77],[82.79,72.94],[82.74,72.14],[82.7,71.33],[82.67,70.52],[82.64,69.71],[80.82,69.23],[79.08,68.72],[77.42,68.2],[76.83,67.54],[76.28,66.88],[75.75,66.22],[75.62,65.35],[75.5,64.48],[75.39,63.61],[75.28,62.74],[74.35,62.08],[73.46,61.41],[72.6,60.74],[71.78,60.07],[71.78,60.07],[70.99,59.37],[70.23,58.67],[69.51,57.96],[68.81,57.25],[69.72,56.67],[70.6,56.07],[71.46,55.48],[72.29,54.87],[73.34,54.39],[74.37,53.91],[75.37,53.41],[76.35,52.91],[76.36,52.32],[76.37,51.74],[75.56,51.12],[74.78,50.49],[73.82,49.97],[72.88,49.45],[71.96,48.91],[71.06,48.37],[69.99,47.73],[68.95,47.07],[67.93,46.4],[67.33,45.85],[66.75,45.3],[66.18,44.74],[65.56,43.9],[64.95,43.06],[64.36,42.22],[63.79,41.37],[63.23,40.52],[63.55,39.68],[63.86,38.84],[64.28,38.14],[64.69,37.43],[64.77,36.7],[64.85,35.98],[64.93,35.25],[64.69,34.45],[64.46,33.65],[64.23,32.86],[64,32.06],[63.78,31.26],[63.04,30.63],[62.3,29.99],[61.58,29.34],[61.58,29.34],[61.85,28.4],[62.12,27.45],[62.38,26.51],[62.64,25.56],[62.89,24.62],[63.14,23.67],[63.12,22.82],[63.1,21.97],[63.1,21.97],[63.97,21.82],[64.85,21.67],[65.71,21.51],[66.64,21.41],[67.57,21.31],[68.49,21.2],[69.01,22.05],[69.01,22.05],[69.39,22.06],[69.39,22.06],[69.31,21.1],[69.23,20.14],[69.16,19.18],[69.08,18.23],[69.01,17.27],[69.01,17.27],[68.04,17.19],[67.08,17.11],[66.11,17.03],[65.15,16.94],[64.18,16.85],[63.48,16.98],[62.78,17.1],[62.08,17.23],[61.3,17.46],[60.51,17.69],[59.74,17.89],[58.97,18.08],[58.35,18.29],[57.74,18.5],[57.14,18.93],[56.55,19.35],[55.95,19.77],[55.32,20.25],[54.7,20.72],[53.72,20.95],[52.74,21.18],[51.7,21.35],[50.66,21.51],[49.62,21.66],[48.84,21.68],[48.06,21.69],[47.28,21.7],[46.41,21.79],[45.54,21.88],[44.69,22.12],[43.84,22.36],[43.21,22.52],[42.58,22.68],[42.05,22.91],[41.51,23.13],[41.23,23.24],[41.23,23.24],[41.22,23.18],[41.09,22.62],[41.09,22.62],[40.19,22.45],[39.3,22.27],[38.32,21.92],[37.34,21.57],[36.37,21.22],[35.4,20.86],[34.44,20.5],[33.49,20.05],[32.55,19.59],[31.61,19.13],[30.68,18.67],[29.75,18.2],[28.91,18.08],[28.07,17.95],[27.23,17.82],[26.4,17.69],[25.35,17.61],[24.31,17.53],[23.27,17.45],[22.58,17.5],[21.89,17.55],[21.89,17.55],[22.55,18.11],[23.21,18.68],[23.87,19.24],[24.54,19.81],[25.12,20.41],[25.69,21.01],[26.27,21.61],[26.86,22.21],[27.42,22.81],[27.98,23.4],[28.55,24],[29.12,24.59],[29.5,25.12],[29.5,25.12],[28.47,25.21],[27.44,25.3],[26.4,25.38],[25.36,25.46],[24.32,25.52],[23.28,25.58],[22.24,25.64],[21.2,25.68],[21.2,25.68],[20.34,25.33],[19.49,24.97],[18.65,24.61],[18.21,24.11],[17.78,23.62],[17.85,23.46],[17.25,22.77],[16.65,22.08],[16.73,21.89],[16.39,21.43],[16.04,20.97],[16.04,20.97],[16.55,20.43],[17.05,19.89],[17.54,19.35],[17.54,19.35],[16.88,19.71],[16.21,20.06],[15.54,20.42],[15,19.69],[14.46,18.96],[13.93,18.23],[13.4,17.5],[12.88,16.77],[12.36,16.03],[11.84,15.3],[11.84,15.3],[11.94,15.25],[11.94,15.25],[11.24,14.66],[10.54,14.06],[9.85,13.46],[9.85,13.46],[10.12,13.29],[10.28,13.2],[10.28,13.2],[9.56,12.66],[8.84,12.13],[8.13,11.6],[8.13,11.6],[7.7,12.24],[7.7,12.24],[6.83,11.95],[5.96,11.66],[5.09,11.37],[4.22,11.08],[4.06,10.43],[3.09,10.19],[2.12,9.95],[1.15,9.72],[0.19,9.47],[-0.78,9.29],[-1.75,9.1],[-2.72,8.91],[-2.72,8.91],[-3.59,9.37],[-4.45,9.83],[-5.33,10.29],[-6.2,10.75],[-7.08,11.2],[-7.08,11.2],[-7.14,11.25],[-7.66,11.55],[-8.22,12.07],[-8.22,12.07],[-8.15,12.14],[-7.91,12.33],[-7.72,12.49],[-7.49,12.68],[-7.31,12.82],[-7.06,13.03],[-6.81,13.22],[-6.58,13.55],[-6.46,13.94],[-6.36,14.26],[-6.23,14.49],[-5.83,14.89],[-5.41,15.15],[-5.2,15.36],[-4.92,15.72],[-4.76,15.91],[-4.6,16.23],[-4.43,16.53],[-4.23,16.8],[-4.09,17.05],[-3.98,17.3],[-3.88,17.5],[-3.82,17.63],[-3.7,17.75],[-3.59,17.91],[-3.49,18.12],[-3.35,18.26],[-3.31,18.31],[-3.31,18.31],[-3.03,18.37],[-2.5,18.41],[-1.82,18.46],[-1.24,18.54],[-0.65,18.87],[-0.37,19.02],[-0.37,19.02],[-0.17,19.31],[0.27,19.52],[0.89,19.76],[1.23,20.04],[1.6,20.21],[2.17,20.56],[2.66,20.91],[2.95,21.18],[3.2,21.38],[3.38,21.59],[3.56,21.8],[3.83,21.98],[4.18,22.05],[4.58,22.17],[5.02,22.19],[5.49,22.13],[5.94,21.99],[6.31,21.85],[6.61,21.65],[7.19,21.48],[7.72,21.34],[8.25,21.3],[8.54,21.28],[8.85,21.31],[9.22,21.43],[9.51,21.84],[9.76,22.14],[10.01,22.43],[10.29,22.78],[10.62,23.18],[10.79,23.5],[10.79,23.5],[10.51,23.62],[10.41,23.67],[10.12,23.86],[9.64,24.09],[9.1,24.4],[8.57,24.65],[8.05,24.94],[7.61,25.17],[7.44,25.36],[7.31,25.47],[7.14,25.71],[7.01,26.1],[6.87,26.42],[6.87,26.8],[6.87,27.35],[6.78,27.77],[6.59,28.29],[6.04,28.77],[5.83,29.05],[5.43,29.21],[5.04,29.18],[4.57,29.37],[4.37,29.52],[4.16,29.79],[4.17,29.99],[4.15,30.22],[4.1,30.47],[4,30.78],[4,31.02],[3.93,31.49],[3.81,32.07],[3.71,32.52],[3.58,33.01],[3.56,33.47],[3.53,33.59],[3.53,33.59],[3.56,33.66],[3.58,33.78],[3.58,33.94],[3.61,34.09],[3.65,34.31],[3.7,34.53],[3.88,34.82],[4.03,34.96],[4.19,35.19],[4.21,35.23],[4.3,35.32],[4.36,35.38],[4.41,35.53],[4.44,35.59],[4.3,35.75],[4.21,35.87],[4.15,36.14],[4.1,36.26],[4.05,36.42],[4.26,36.67],[4.37,36.87],[4.36,37.13],[4.25,37.36],[4.14,37.57],[4.01,37.86],[3.8,38.07],[3.67,38.25],[3.58,38.4],[3.61,38.55],[3.78,38.73],[3.86,38.89],[4.04,39.11],[4.12,39.33],[4.35,39.51],[4.54,39.7],[4.78,39.86],[4.91,40.18],[4.86,40.56],[4.84,40.76],[4.85,41.15],[4.88,41.43],[5.07,41.94],[5.14,42.2],[5.18,42.46],[5.4,42.77],[5.2,43.02],[5.2,43.02],[5.2,43.16],[5.24,43.59],[5.15,43.9],[4.89,44.01],[4.75,44.74],[4.61,45.46],[4.64,46.15],[4.67,46.85],[4.31,47.71],[3.94,48.58],[3.12,48.99],[2.3,49.39],[1.01,49.3],[-0.27,49.2],[-1.42,49.54],[-2.59,49.87],[-3.77,50.19],[-4.73,50.56],[-5.69,50.91],[-6.68,51.26],[-6.27,52.21],[-5.84,53.17],[-5.39,54.12],[-4.92,55.07],[-4.96,56.05],[-5.01,57.02],[-5.07,58],[-5.12,58.97],[-5.18,59.95],[-4.35,60.46],[-4.44,61.2],[-4.53,61.93],[-4.63,62.67],[-4.59,63.52],[-4.55,64.37],[-4.5,65.22],[-4.45,66.08],[-4.39,66.93],[-4.28,67.78],[-4.16,68.64],[-4.02,69.5],[-3.88,70.35],[-3.72,71.21],[-3.55,72.07],[-3.66,72.12],[-3.66,72.12],[-3.35,72.93],[-3.01,73.75],[-2.63,74.56],[-2.21,75.37],[-2.07,76.23],[-1.91,77.08],[-1.73,77.94],[-1.73,77.94],[-3.35,77.94],[-7.91,77.92],[-7.91,77.92],[-5.48,78.77],[-2.66,79.59],[0.41,80.02],[3.75,80.42],[6.3,80.86],[9.11,81.28],[10.1,81.76],[11.21,82.24],[7.75,82.84],[3.68,83.42],[-3.04,83.87],[-10.7,84.23],[-15.77,84.7],[-21.76,85.12],[-28.78,85.48],[-37.97,85.99],[-49.41,86.36],[-62.82,86.57],[-75.79,86.6],[-88.34,86.45],[-100.98,86.26],[-100.98,86.26],[-105.19,87.17],[-113.31,88.06],[-134.11,88.76],[-180,89.04],[-180,90]]]}},{"type":"Feature","properties":{"ma":150,"type":"gpml:TopologicalClosedPlateBoundary","name":"NAM","pid":101,"deforming":false},"geometry":{"type":"Polygon","coordinates":[[[-35.92,55.82],[-36.03,55.72],[-36.23,55.61],[-36.53,55.45],[-36.53,55.45],[-36.06,55.3],[-35.54,55.31],[-34.51,55.39],[-33.65,55.55],[-32.78,55.71],[-31.87,55.85],[-30.96,55.99],[-29.93,56.18],[-28.9,56.36],[-27.24,56.6],[-25.57,56.81],[-24.23,56.83],[-22.88,56.82],[-21.55,56.55],[-20.24,56.27],[-18.95,55.98],[-17.75,55.77],[-16.57,55.54],[-15.4,55.31],[-14.01,55.16],[-12.62,55],[-11.01,55.05],[-9.4,55.07],[-7.97,54.95],[-6.54,54.81],[-5.13,54.65],[-5.13,54.65],[-5.54,53.8],[-5.93,52.96],[-6.31,52.11],[-6.68,51.26],[-5.69,50.91],[-4.73,50.56],[-3.77,50.19],[-2.59,49.87],[-1.42,49.54],[-0.27,49.2],[1.01,49.3],[2.3,49.39],[3.12,48.99],[3.94,48.58],[4.31,47.71],[4.67,46.85],[4.64,46.15],[4.61,45.46],[4.75,44.74],[4.89,44.01],[5.15,43.9],[5.15,43.9],[5.24,43.59],[5.2,43.16],[5.2,42.97],[5.2,42.97],[5.11,42.94],[4.86,42.76],[4.57,42.59],[4.22,42.1],[3.96,41.68],[3.81,41.56],[3.69,41.37],[3.67,41.18],[3.65,40.99],[3.56,40.65],[3.44,40.41],[3.22,40.15],[3.05,40],[2.53,39.7],[2.23,39.31],[2.01,39.11],[1.86,38.96],[1.76,38.81],[1.77,38.63],[1.78,38.41],[1.73,38.22],[1.67,38.07],[1.6,37.9],[1.59,37.66],[1.67,37.49],[1.98,37.27],[2.17,37.17],[2.36,36.95],[2.28,36.81],[2.2,36.57],[2.06,35.91],[2.06,35.85],[2.33,35.49],[2.33,35.3],[1.96,34.83],[1.63,34.54],[1.09,33.97],[0.63,33.43],[0.28,32.75],[0.11,32.4],[-0.33,31.87],[-1.08,31.45],[-1.57,31.1],[-2.21,30.85],[-2.74,30.51],[-3.51,30.17],[-4.3,29.96],[-4.7,29.86],[-4.94,29.08],[-4.65,28.55],[-4.36,28.02],[-4.29,27.33],[-4.58,26.67],[-4.87,26.01],[-5.29,25.55],[-5.7,25.09],[-6.21,24.72],[-6.85,24.13],[-7.18,23.61],[-7.58,23.27],[-8.05,22.59],[-8.33,21.91],[-8.48,21.39],[-8.48,21.39],[-8.47,21.26],[-8.43,20.96],[-8.46,20.59],[-8.52,20.22],[-8.59,19.96],[-8.66,19.68],[-8.66,19.46],[-8.63,19.33],[-8.61,19.13],[-8.58,19],[-8.58,19],[-8.43,18.87],[-8.34,18.77],[-8.27,18.7],[-8.17,18.57],[-8.09,18.47],[-8.01,18.32],[-7.94,18.16],[-7.89,18.01],[-7.84,17.82],[-7.92,17.6],[-8.08,17.4],[-8.18,17.25],[-8.3,17.1],[-8.44,16.93],[-8.58,16.77],[-8.68,16.65],[-8.81,16.55],[-8.96,16.43],[-9.1,16.34],[-9.19,16.27],[-9.34,16.22],[-9.49,16.16],[-9.88,15.98],[-9.88,15.98],[-9.79,15.93],[-9.56,15.8],[-9.27,15.73],[-9.02,15.79],[-8.93,15.82],[-8.84,15.84],[-8.71,15.93],[-8.62,16.02],[-8.52,16.09],[-8.39,16.15],[-8.25,16.23],[-8.16,16.3],[-8.06,16.43],[-7.98,16.55],[-7.89,16.65],[-7.75,16.75],[-7.62,16.84],[-7.48,16.95],[-7.4,17.01],[-7.32,17.07],[-7.26,17.14],[-7.2,17.21],[-7.16,17.25],[-7.16,17.25],[-7.13,17.18],[-7.13,17.08],[-7.13,17.08],[-7.14,17.08],[-7.2,17.08],[-7.24,17.05],[-7.31,17],[-7.37,16.96],[-7.49,16.85],[-7.57,16.77],[-7.63,16.71],[-7.77,16.63],[-7.85,16.58],[-7.9,16.51],[-8.05,16.31],[-8.2,16.18],[-8.33,16.06],[-8.47,15.97],[-8.65,15.83],[-8.92,15.63],[-8.98,15.53],[-9.08,15.38],[-9.08,15.23],[-9.09,15.06],[-9.14,14.92],[-9.18,14.78],[-9.41,14.6],[-9.54,14.49],[-9.72,14.35],[-9.87,14.23],[-10.06,14.08],[-10.41,13.66],[-10.41,13.66],[-10.67,13.82],[-10.67,13.82],[-11.45,13.4],[-12.02,13.03],[-12.59,12.65],[-12.97,13.1],[-13.5,12.76],[-13.58,12.84],[-14.25,12.37],[-14.91,11.9],[-15.57,11.43],[-15.71,11.56],[-16.52,11],[-16.62,11.09],[-17.41,11],[-18.2,10.92],[-18.98,10.83],[-19.19,11.04],[-19.77,10.69],[-20.35,10.34],[-20.93,9.99],[-21.16,10.23],[-21.88,9.9],[-22.6,9.58],[-22.66,9.65],[-23.24,9.31],[-23.81,8.98],[-24.08,9.26],[-24.73,8.81],[-24.69,8.74],[-25.3,8.1],[-25.9,7.45],[-26.38,7.01],[-26.86,6.57],[-26.63,6.32],[-27.04,5.83],[-27.45,5.34],[-27.92,4.72],[-28.4,4.1],[-28.29,3.96],[-28.81,3.55],[-29.33,3.13],[-29.18,2.97],[-29.68,2.56],[-29.41,2.27],[-30.09,1.7],[-30.76,1.13],[-31.43,0.55],[-30.88,0],[-31.24,-0.37],[-31.6,-0.74],[-32.16,-1.19],[-31.78,-1.79],[-31.41,-2.39],[-31.04,-2.76],[-30.67,-3.12],[-31.31,-3.81],[-31.96,-4.49],[-31.96,-4.49],[-32.62,-3.94],[-32.62,-3.94],[-33.13,-4.69],[-33.64,-5.44],[-34.14,-6.18],[-34.17,-6.21],[-34.17,-6.21],[-34.65,-5.7],[-35.39,-5.04],[-36.12,-4.37],[-36.86,-3.69],[-37.5,-3.11],[-38.14,-2.52],[-38.78,-1.93],[-39.42,-1.34],[-40.1,-0.63],[-40.79,0.08],[-41.47,0.79],[-42.16,1.5],[-42.16,1.5],[-41.56,1.88],[-41.11,2.16],[-41.11,2.16],[-41.55,2.93],[-41.99,3.71],[-42.43,4.49],[-42.9,4.32],[-43.18,4.86],[-42.9,4.99],[-43.21,5.7],[-43.53,6.4],[-43.84,7.11],[-44.13,7.01],[-44.47,7.62],[-44.76,7.48],[-45.04,8.09],[-45.23,7.99],[-45.52,8.48],[-46.02,8.24],[-46.34,8.63],[-46.96,8.29],[-47.28,8.91],[-47.83,8.61],[-48.37,8.32],[-48.72,8.76],[-49.07,9.19],[-49.66,8.75],[-50.25,8.31],[-50.43,8.55],[-50.92,8.11],[-51.41,7.66],[-51.91,8.2],[-52.5,7.77],[-53.08,7.33],[-53.08,7.33],[-53.22,6.57],[-53.26,5.95],[-53.31,5.34],[-53.47,4.48],[-53.65,3.69],[-53.72,2.79],[-53.75,2.47],[-53.76,2.31],[-53.79,2.04],[-53.91,1.14],[-53.95,0.71],[-53.95,0.71],[-54.61,0.79],[-55.37,1.28],[-56.14,1.77],[-56.9,2.26],[-57.67,2.79],[-58.45,3.32],[-59.23,3.85],[-59.85,4.47],[-60.47,5.09],[-61.1,5.72],[-61.72,6.34],[-61.72,6.34],[-62.02,7.12],[-62.32,7.9],[-62.63,8.68],[-62.93,9.46],[-63.24,10.24],[-63.35,11.2],[-63.46,12.15],[-63.58,13.1],[-63.69,14.05],[-63.81,15],[-63.92,15.96],[-63.89,16.25],[-63.89,16.25],[-64.01,16.53],[-64.13,17.51],[-64.26,18.49],[-64.38,19.47],[-64.51,20.44],[-64.63,21.42],[-64.76,22.4],[-64.92,23.34],[-65.08,24.29],[-65.25,25.23],[-65.42,26.17],[-65.59,27.12],[-65.76,28.06],[-65.94,29],[-66.01,29.77],[-66.09,30.54],[-66.17,31.31],[-66.24,32.08],[-65.84,32.88],[-65.43,33.67],[-65,34.45],[-64.58,35.24],[-64.14,36.03],[-63.45,36.78],[-62.74,37.52],[-62.02,38.26],[-61.28,39],[-60.81,39.45],[-60.81,39.45],[-60.52,38.69],[-60.23,37.93],[-60.23,37.93],[-59.44,38.42],[-58.86,38.86],[-58.28,39.3],[-57.78,39.79],[-57.28,40.28],[-57.1,41.04],[-56.91,41.8],[-56.72,42.57],[-56.53,43.33],[-56.42,44.28],[-56.31,45.23],[-56.19,46.19],[-55.9,47.05],[-55.61,47.92],[-55.3,48.79],[-54.98,49.65],[-54.64,50.41],[-54.29,51.17],[-53.93,51.92],[-53.56,52.68],[-53.22,53.42],[-52.87,54.17],[-52.86,55.06],[-52.86,55.95],[-53.69,56.7],[-54.55,57.45],[-55.75,57.94],[-56.99,58.42],[-58.26,58.89],[-59.57,59.35],[-59.57,59.35],[-59.82,60.12],[-59.49,60.76],[-59.14,61.39],[-59.14,61.39],[-57.46,61.4],[-55.77,61.39],[-54.09,61.36],[-52.42,61.31],[-50.44,61.07],[-48.5,60.8],[-46.59,60.51],[-45.17,59.95],[-43.8,59.38],[-42.47,58.79],[-41.19,58.19],[-39.95,57.57],[-38.56,57],[-37.22,56.42],[-35.92,55.82]]]}},{"type":"Feature","properties":{"ma":150,"type":"gpml:TopologicalClosedPlateBoundary","name":"Pacific Plate","pid":901,"deforming":false},"geometry":{"type":"MultiPolygon","coordinates":[[[[180,-6.55],[180,-7.45],[180,-8.35],[180,-9.25],[180,-10.15],[180,-11.05],[180,-11.95],[180,-12.85],[179.08,-12.71],[178.15,-12.57],[177.23,-12.42],[176.31,-12.28],[175.39,-12.13],[174.47,-11.97],[173.54,-11.7],[172.62,-11.42],[171.7,-11.13],[170.78,-10.85],[170.41,-10.74],[170.41,-10.74],[170.41,-10.74],[170.41,-10.74],[170.41,-10.74],[170.41,-10.74],[171.2,-10.27],[171.98,-9.8],[172.77,-9.33],[173.55,-8.86],[174.36,-8.46],[175.17,-8.07],[175.98,-7.67],[176.79,-7.27],[177.59,-6.86],[178.4,-6.46],[179.2,-6.05],[180,-5.65],[180,-6.55]]],[[[-180,-11.95],[-180,-11.05],[-180,-10.15],[-180,-9.25],[-180,-8.35],[-180,-7.45],[-180,-6.55],[-180,-5.65],[-179.12,-5.2],[-178.24,-4.75],[-177.36,-4.3],[-176.48,-3.85],[-175.6,-3.39],[-174.73,-2.94],[-173.85,-2.48],[-172.98,-2.03],[-172.1,-1.57],[-171.23,-1.12],[-170.35,-0.66],[-169.89,-1.45],[-169.43,-2.24],[-168.96,-3.03],[-168.5,-3.82],[-167.66,-3.31],[-166.82,-2.81],[-165.98,-2.3],[-165.14,-1.79],[-164.3,-1.28],[-163.46,-0.78],[-162.63,-0.27],[-161.79,0.24],[-160.95,0.75],[-160.12,1.26],[-159.28,1.77],[-158.74,2.08],[-158.21,2.4],[-157.66,2.74],[-157.11,3.08],[-156.42,3.52],[-155.73,3.95],[-155.03,4.38],[-154.33,4.81],[-153.64,5.24],[-154.01,5.88],[-154.39,6.53],[-154.77,7.18],[-155.04,7.74],[-155.3,8.3],[-155.58,8.75],[-155.86,9.21],[-155.14,9.66],[-154.41,10.11],[-154.28,10.19],[-153.89,10.46],[-153.74,10.54],[-153.29,10.81],[-153.54,11.39],[-153.78,11.97],[-153.03,12.35],[-153.37,12.99],[-153.55,13.43],[-153.24,13.59],[-153.12,13.63],[-153,13.68],[-152.41,13.98],[-151.81,14.28],[-151.83,14.31],[-151.53,14.46],[-151.57,14.59],[-151.23,14.76],[-150.6,15.09],[-150.62,15.15],[-150.44,15.23],[-150.33,15.25],[-150.13,15.37],[-149.66,15.75],[-149.19,16.13],[-148.71,15.57],[-148.22,15.01],[-147.74,14.44],[-147.12,13.68],[-146.51,12.91],[-146.06,13.21],[-145.63,12.54],[-145.52,12.4],[-145.02,11.65],[-144.91,11.54],[-144.72,11.3],[-144.26,10.59],[-144.01,10.89],[-143.72,11.04],[-143.33,10.52],[-143.33,10.46],[-143.21,10.36],[-142.76,9.73],[-142.31,9.11],[-141.86,8.48],[-141.59,8.03],[-141.32,7.58],[-140.95,7.01],[-140.58,6.43],[-140.21,5.86],[-140.08,5.97],[-139.64,5.33],[-139.2,4.69],[-138.76,4.04],[-138.32,3.4],[-137.71,3.82],[-137.11,4.25],[-136.65,3.58],[-136.19,2.92],[-135.74,3.27],[-135.29,3.62],[-134.9,3.07],[-134.5,2.53],[-134.3,2.16],[-133.92,1.73],[-133.79,1.48],[-133.63,1.23],[-133.58,1.08],[-133.13,0.39],[-132.69,-0.3],[-132.25,-0.99],[-131.81,-1.68],[-131.36,-2.37],[-132.12,-2.89],[-132.87,-3.41],[-132.43,-4.21],[-131.98,-5.01],[-131.53,-5.81],[-131.09,-6.61],[-130.64,-7.4],[-130.16,-8.05],[-129.69,-8.71],[-129.22,-9.36],[-128.74,-10.01],[-128.74,-10.01],[-129.75,-10.07],[-130.76,-10.14],[-131.77,-10.2],[-132.76,-10.31],[-133.76,-10.41],[-134.75,-10.51],[-134.65,-11.41],[-134.54,-12.31],[-135.33,-12.37],[-135.22,-13.35],[-135.1,-14.32],[-134.99,-15.3],[-135.78,-15.44],[-136.58,-15.59],[-137.38,-15.73],[-138.18,-15.87],[-138.24,-15.27],[-138.3,-14.68],[-139.25,-14.82],[-140.2,-14.96],[-141.14,-15.09],[-142.09,-15.23],[-142.11,-14.99],[-142.97,-15.11],[-143.83,-15.22],[-144.7,-15.33],[-145.56,-15.44],[-146.43,-15.54],[-147.45,-15.53],[-148.47,-15.52],[-149.49,-15.5],[-150.51,-15.48],[-151.53,-15.45],[-152.55,-15.42],[-153.57,-15.38],[-154.59,-15.34],[-155.61,-15.29],[-156.62,-15.24],[-157.64,-15.18],[-158.66,-15.12],[-159.68,-15.05],[-160.69,-14.98],[-161.71,-14.91],[-162.72,-14.83],[-163.74,-14.75],[-164.75,-14.66],[-165.76,-14.57],[-166.77,-14.47],[-167.78,-14.37],[-168.79,-14.27],[-169.76,-14.16],[-170.72,-14.05],[-171.68,-13.94],[-172.65,-13.83],[-173.61,-13.71],[-174.57,-13.59],[-175.48,-13.47],[-176.38,-13.35],[-177.29,-13.23],[-178.19,-13.11],[-179.1,-12.98],[-180,-12.85],[-180,-11.95]]]]}},{"type":"Feature","properties":{"ma":150,"type":"gpml:TopologicalClosedPlateBoundary","name":"Weddell Sea plate","pid":28900,"deforming":false},"geometry":{"type":"Polygon","coordinates":[[[-26.25,-66.77],[-24.71,-66.67],[-23.19,-66.55],[-21.42,-66.47],[-21.42,-66.47],[-21.67,-66.53],[-22.38,-66.71],[-23.62,-67.03],[-24.67,-67.26],[-25.75,-67.5],[-26.95,-67.72],[-28.38,-68.02],[-29.82,-68.2],[-30.59,-68.33],[-31.56,-68.49],[-33.05,-68.69],[-34.57,-68.87],[-35.93,-69.01],[-36.49,-69.08],[-37.21,-69.15],[-38.77,-69.19],[-39.98,-69.16],[-41.12,-69.21],[-42.81,-69.19],[-44.74,-69.28],[-46.68,-69.35],[-48.81,-69.37],[-50.93,-69.36],[-53.64,-69.23],[-56.32,-69.06],[-58.95,-68.85],[-61.52,-68.6],[-64.03,-68.31],[-64.03,-68.31],[-64.15,-68.25],[-64.57,-67.87],[-64.61,-67.81],[-64.75,-67.44],[-64.8,-67.07],[-64.81,-66.98],[-64.81,-66.98],[-63.52,-67.3],[-62.21,-67.6],[-60.25,-68.04],[-58.23,-68.45],[-56.13,-68.83],[-54.02,-68.98],[-51.88,-69.11],[-50.36,-69.07],[-48.84,-69.02],[-47.21,-68.93],[-45.6,-68.82],[-43.07,-68.56],[-40.61,-68.25],[-38.45,-68.15],[-36.31,-68.01],[-34.53,-67.94],[-32.76,-67.85],[-31.28,-67.59],[-29.84,-67.32],[-28.2,-67.06],[-26.6,-66.79],[-26.25,-66.77]]]}},{"type":"Feature","properties":{"ma":150,"type":"gpml:TopologicalClosedPlateBoundary","name":"Kohistan-Ladakh back-arc basin 155-126 Ma","pid":529,"deforming":false},"geometry":{"type":"Polygon","coordinates":[[[68.76,16.57],[69,17.16],[69.04,17.67],[69.08,18.18],[69.08,18.18],[69.95,18.18],[70.83,18.18],[71.7,18.17],[72.58,18.21],[73.47,18.25],[74.35,18.29],[75.23,18.32],[75.29,17.79],[75.35,17.26],[76.37,17.3],[77.39,17.34],[78.41,17.37],[78.49,16.78],[78.56,16.2],[79.4,16.27],[80.25,16.34],[80.35,15.51],[81.27,15.57],[82.19,15.62],[82.25,14.97],[83.21,15.05],[84.17,15.12],[85.12,15.19],[86.08,15.26],[87.04,15.33],[88,15.39],[88.38,15.4],[88.38,15.4],[88.45,15.92],[88.51,16.44],[89.51,16.46],[90.51,16.49],[91.52,16.5],[92.52,16.51],[93.52,16.52],[93.54,17.04],[93.55,17.55],[94.54,17.54],[95.53,17.53],[96.52,17.51],[97.13,17.53],[97.13,17.53],[96.87,16.73],[96.61,15.93],[96.61,15.93],[95.94,15.63],[95.14,15.37],[94.34,15.11],[93.55,14.85],[92.63,14.69],[91.72,14.53],[90.8,14.36],[89.89,14.19],[88.98,14.01],[88.01,13.93],[87.04,13.85],[86.07,13.76],[85.11,13.66],[84.14,13.57],[83.17,13.47],[82.15,13.56],[81.13,13.65],[80.11,13.73],[79.08,13.81],[78.09,13.94],[77.1,14.07],[76.11,14.2],[75.11,14.32],[74.22,14.5],[73.32,14.68],[72.42,14.85],[71.56,15.1],[70.69,15.34],[69.82,15.58],[69.18,15.78],[68.53,15.98],[68.76,16.57]]]}},{"type":"Feature","properties":{"ma":150,"type":"gpml:TopologicalClosedPlateBoundary","name":"AACM","pid":18100,"deforming":false},"geometry":{"type":"Polygon","coordinates":[[[-3.97,69.81],[-4.12,68.85],[-4.27,67.89],[-4.39,66.93],[-4.45,66.08],[-4.5,65.22],[-4.55,64.37],[-4.59,63.52],[-4.63,62.67],[-4.53,61.93],[-4.44,61.2],[-4.35,60.46],[-5.18,59.95],[-5.13,59.02],[-5.07,58.09],[-5.07,58.09],[-6.46,58.49],[-7.87,58.87],[-9.54,59.21],[-11.25,59.53],[-12.98,59.83],[-14.52,59.95],[-16.07,60.05],[-17.21,60.12],[-18.43,60.17],[-19.44,60.21],[-20.64,60.24],[-21.55,60.25],[-22.65,60.27],[-23.61,60.27],[-24.48,60.15],[-25.28,60.03],[-25.98,60.03],[-27.29,59.9],[-27.98,59.77],[-28.83,59.57],[-30.14,58.88],[-31.07,58.46],[-31.98,58.04],[-32.72,57.81],[-33.09,57.63],[-34.04,56.99],[-34.33,56.78],[-35.5,56.21],[-35.92,55.82],[-35.92,55.82],[-37.22,56.42],[-38.56,57],[-39.95,57.57],[-40.86,58.03],[-41.8,58.48],[-42.76,58.92],[-42.76,58.92],[-42.61,59.71],[-42.45,60.5],[-42.28,61.28],[-42.1,62.07],[-41.66,62.85],[-41.19,63.62],[-40.7,64.39],[-40.19,65.16],[-39.64,65.93],[-38.28,66.65],[-36.84,67.37],[-35.32,68.08],[-33.7,68.76],[-31.98,69.44],[-30.78,69.83],[-29.54,70.22],[-29.54,70.22],[-28.63,69.55],[-27.78,68.88],[-27.78,68.88],[-26,69.33],[-24.16,69.76],[-22.23,70.17],[-19.83,70.28],[-17.4,70.36],[-14.96,70.4],[-12.96,70.37],[-10.96,70.31],[-8.99,70.23],[-6.57,70.05],[-4.19,69.84],[-3.97,69.81]]]}},{"type":"Feature","properties":{"ma":150,"type":"gpml:TopologicalClosedPlateBoundary","name":"South Anuyi Ocean GS","pid":41200,"deforming":false},"geometry":{"type":"Polygon","coordinates":[[[-1.91,77.08],[-2.07,76.23],[-2.21,75.37],[-2.63,74.56],[-3.01,73.75],[-3.35,72.93],[-3.66,72.12],[-3.66,72.12],[-3.55,72.07],[-3.7,71.31],[-3.84,70.56],[-3.97,69.81],[-3.97,69.81],[-4.19,69.84],[-6.57,70.05],[-8.99,70.23],[-10.96,70.31],[-12.96,70.37],[-14.96,70.4],[-17.4,70.36],[-19.83,70.28],[-22.23,70.17],[-24.16,69.76],[-26,69.33],[-27.78,68.88],[-27.78,68.88],[-28.63,69.55],[-29.54,70.22],[-29.54,70.22],[-30.78,69.83],[-31.98,69.44],[-33.7,68.76],[-35.32,68.08],[-36.84,67.37],[-38.28,66.65],[-39.64,65.93],[-40.19,65.16],[-40.7,64.39],[-41.19,63.62],[-41.66,62.85],[-42.1,62.07],[-42.28,61.28],[-42.45,60.5],[-42.61,59.71],[-42.76,58.92],[-42.76,58.92],[-44,59.46],[-45.27,59.99],[-46.59,60.51],[-48.5,60.8],[-50.44,61.07],[-52.42,61.31],[-54.09,61.36],[-55.77,61.39],[-57.46,61.4],[-59.14,61.39],[-59.14,61.39],[-58.7,62.15],[-58.05,63.02],[-57.36,63.9],[-56.63,64.76],[-55.85,65.63],[-55.73,65.72],[-55.73,65.72],[-57.07,66.35],[-58.73,67.08],[-60.49,67.8],[-62,68.33],[-63.58,68.85],[-65.24,69.36],[-66.77,70.11],[-68.42,70.84],[-68.94,71.74],[-69.5,72.63],[-70.13,73.52],[-69.14,74.29],[-68.05,75.05],[-68.05,75.05],[-67.71,74.97],[-67.71,74.97],[-65.75,75.45],[-63.66,75.91],[-60.21,76.31],[-56.57,76.65],[-54.35,77.06],[-51.99,77.45],[-48.67,77.76],[-45.18,78.03],[-41.55,78.26],[-37.38,78.27],[-33.22,78.22],[-29.38,78.16],[-25.6,78.06],[-21.89,77.9],[-18.14,77.85],[-14.44,77.75],[-10.79,77.86],[-7.08,77.93],[-3.35,77.94],[-1.73,77.94],[-1.91,77.08]]]}},{"type":"Feature","properties":{"ma":150,"type":"gpml:TopologicalClosedPlateBoundary","name":"Izanagi Plate","pid":926,"deforming":false},"geometry":{"type":"MultiPolygon","coordinates":[[[[180,88.04],[180,87.05],[180,86.05],[180,85.05],[180,84.06],[180,83.06],[180,82.06],[180,81.07],[180,80.07],[180,79.07],[180,78.08],[180,77.08],[180,76.08],[180,75.09],[180,74.09],[180,73.09],[180,72.1],[180,71.1],[180,70.1],[180,69.11],[180,68.11],[180,67.11],[180,66.11],[180,65.12],[180,64.12],[180,63.12],[180,62.13],[180,61.13],[180,60.13],[180,59.14],[180,58.14],[180,57.14],[180,56.15],[180,55.15],[180,54.15],[180,53.16],[180,52.16],[180,51.16],[180,50.17],[180,49.17],[180,48.17],[180,47.18],[180,46.18],[180,45.18],[180,44.19],[180,43.19],[180,42.19],[180,41.2],[180,40.2],[180,39.2],[180,38.21],[180,37.21],[180,36.21],[180,35.22],[180,34.22],[180,33.22],[180,32.23],[180,31.23],[180,30.23],[180,29.24],[180,28.24],[180,27.24],[180,26.25],[180,25.25],[180,24.25],[180,23.26],[180,22.26],[180,21.26],[180,20.27],[180,19.27],[180,18.27],[180,17.28],[180,16.28],[180,15.28],[180,14.29],[180,13.29],[180,12.29],[180,11.3],[180,10.3],[180,9.3],[180,8.31],[180,7.31],[180,6.31],[180,5.32],[180,4.32],[180,3.32],[180,2.33],[180,1.33],[180,0.33],[180,-0.66],[180,-1.66],[180,-2.66],[180,-3.65],[180,-4.65],[180,-5.65],[179.2,-6.05],[178.4,-6.46],[177.59,-6.86],[176.79,-7.27],[175.98,-7.67],[175.17,-8.07],[174.36,-8.46],[173.55,-8.86],[172.77,-9.33],[171.98,-9.8],[171.2,-10.27],[170.41,-10.74],[170.41,-10.74],[170.78,-10.85],[170.97,-10.91],[170.97,-10.91],[170.1,-11.1],[169.24,-11.28],[168.37,-11.47],[168.14,-10.75],[167.91,-10.03],[167.68,-9.32],[167.45,-8.6],[166.5,-8.91],[165.55,-9.22],[164.61,-9.53],[163.65,-9.84],[162.7,-10.14],[161.75,-10.44],[160.79,-10.74],[159.83,-11.03],[158.87,-11.32],[157.91,-11.61],[156.95,-11.89],[155.98,-12.17],[155.01,-12.45],[154.04,-12.73],[153.07,-13],[153.07,-13],[152.87,-12.33],[152.67,-11.66],[152.48,-11],[151.52,-11.28],[150.57,-11.56],[149.61,-11.84],[148.65,-12.11],[147.69,-12.38],[146.72,-12.65],[145.76,-12.91],[144.79,-13.17],[143.82,-13.43],[142.85,-13.68],[141.87,-13.93],[140.9,-14.18],[139.92,-14.42],[138.94,-14.65],[137.96,-14.89],[136.97,-15.12],[136.75,-14.3],[136.54,-13.49],[135.61,-13.73],[134.68,-13.97],[133.75,-14.21],[132.81,-14.44],[131.87,-14.67],[130.94,-14.9],[130,-15.12],[129.82,-14.55],[129.65,-13.98],[128.89,-14.16],[128.12,-14.34],[127.36,-14.51],[126.59,-14.68],[126.59,-14.68],[126.59,-15.65],[126.6,-16.63],[126.61,-17.6],[126.62,-18.57],[126.62,-19.55],[126.63,-20.52],[126.64,-21.49],[126.64,-22.47],[126.65,-23.44],[126.66,-24.42],[126.67,-25.39],[125.62,-25.36],[124.58,-25.32],[123.54,-25.28],[122.49,-25.22],[121.45,-25.16],[120.41,-25.1],[119.37,-25.02],[118.33,-24.94],[117.3,-24.85],[117.16,-25.62],[117.02,-26.39],[116.88,-27.15],[116.74,-27.92],[116.74,-27.92],[115.81,-27.71],[114.89,-27.5],[113.96,-27.33],[113.02,-27.15],[112.09,-26.96],[111.17,-26.77],[110.24,-26.57],[109.32,-26.37],[108.87,-26.26],[108.87,-26.26],[108.94,-25.37],[109.01,-24.48],[109.08,-23.6],[109.15,-22.71],[109.21,-21.82],[109.28,-20.93],[109.35,-20.05],[109.41,-19.16],[109.47,-18.27],[109.77,-17.36],[110.07,-16.44],[110.36,-15.52],[110.65,-14.61],[110.93,-13.69],[111.13,-12.72],[111.32,-11.76],[111.51,-10.79],[111.7,-9.82],[111.89,-8.86],[112.08,-7.89],[112.27,-6.92],[112.46,-5.96],[112.64,-4.99],[112.83,-4.02],[113.01,-3.06],[113.2,-2.09],[113.51,-1.14],[113.83,-0.2],[114.14,0.75],[114.45,1.7],[114.77,2.65],[115.08,3.6],[115.4,4.54],[115.73,5.39],[116.06,6.24],[116.4,7.09],[116.73,7.94],[117.07,8.79],[117.41,9.64],[117.75,10.49],[118.1,11.33],[118.44,12.18],[118.79,13.03],[119.14,13.88],[119.14,13.88],[119.28,13.84],[120.02,13.38],[120.76,12.91],[121.49,12.45],[122.23,11.98],[122.96,11.51],[123.68,11.04],[124.67,10.82],[125.65,10.6],[126.62,10.37],[126.62,10.37],[126.65,10.43],[127.15,11.27],[127.65,12.11],[128.15,12.95],[128.44,13.71],[128.73,14.47],[129.01,15.24],[129.31,16],[129.31,16],[128.55,16.24],[127.79,16.47],[127.03,16.71],[126.55,17.3],[126.07,17.88],[125.77,18.49],[125.47,19.1],[125.31,19.8],[124.6,20.49],[123.89,21.17],[123.2,21.82],[122.5,22.46],[122,22.94],[121.48,23.43],[120.97,23.91],[120.24,24.46],[119.51,25.02],[119.51,25.02],[119.81,25.72],[120.12,26.43],[120.43,27.14],[120.76,28.02],[121.11,28.9],[121.46,29.79],[121.81,30.67],[122.18,31.55],[122.4,32.38],[122.62,33.22],[122.85,34.05],[123.09,34.89],[123.33,35.72],[123.57,36.52],[123.82,37.31],[124.08,38.11],[124.34,38.91],[124.54,39.65],[124.74,40.38],[124.94,41.12],[125.16,41.86],[125.43,42.73],[125.72,43.59],[126.01,44.46],[126.28,45.29],[126.55,46.12],[126.83,46.96],[127.12,47.72],[127.41,48.49],[127.7,49.25],[128,49.91],[128.29,50.56],[128.6,51.22],[128.83,51.89],[129.07,52.56],[129.32,53.24],[129.7,54.11],[130.09,54.99],[130.4,55.93],[130.72,56.87],[130.96,57.68],[131.22,58.5],[131.41,59.16],[131.61,59.82],[131.79,60.43],[131.98,61.03],[132.19,61.76],[132.41,62.49],[132.66,63.39],[132.93,64.28],[133.21,65.03],[133.51,65.77],[133.68,66.6],[133.85,67.44],[133.98,68.19],[134.11,68.95],[134.21,69.81],[134.32,70.68],[134.39,71.41],[134.47,72.14],[134.55,72.88],[134.33,73.63],[134.09,74.39],[133.82,75.14],[133.2,75.95],[132.49,76.75],[131.7,77.54],[130.79,78.3],[129.76,79.06],[128.57,79.82],[127.19,80.57],[125.03,81.49],[122.34,82.4],[118.6,83.18],[113.94,83.92],[108.03,84.62],[108.03,84.62],[108.35,85.32],[108.79,86.03],[112.61,86.83],[118.98,87.61],[131.14,88.33],[148.63,88.8],[180,89.04],[180,88.04]]],[[[-180,-4.65],[-180,-3.65],[-180,-2.66],[-180,-1.66],[-180,-0.66],[-180,0.33],[-180,1.33],[-180,2.33],[-180,3.32],[-180,4.32],[-180,5.32],[-180,6.31],[-180,7.31],[-180,8.31],[-180,9.3],[-180,10.3],[-180,11.3],[-180,12.29],[-180,13.29],[-180,14.29],[-180,15.28],[-180,16.28],[-180,17.28],[-180,18.27],[-180,19.27],[-180,20.27],[-180,21.26],[-180,22.26],[-180,23.26],[-180,24.25],[-180,25.25],[-180,26.25],[-180,27.24],[-180,28.24],[-180,29.24],[-180,30.23],[-180,31.23],[-180,32.23],[-180,33.22],[-180,34.22],[-180,35.22],[-180,36.21],[-180,37.21],[-180,38.21],[-180,39.2],[-180,40.2],[-180,41.2],[-180,42.19],[-180,43.19],[-180,44.19],[-180,45.18],[-180,46.18],[-180,47.18],[-180,48.17],[-180,49.17],[-180,50.17],[-180,51.16],[-180,52.16],[-180,53.16],[-180,54.15],[-180,55.15],[-180,56.15],[-180,57.14],[-180,58.14],[-180,59.14],[-180,60.13],[-180,61.13],[-180,62.13],[-180,63.12],[-180,64.12],[-180,65.12],[-180,66.11],[-180,67.11],[-180,68.11],[-180,69.11],[-180,70.1],[-180,71.1],[-180,72.1],[-180,73.09],[-180,74.09],[-180,75.09],[-180,76.08],[-180,77.08],[-180,78.08],[-180,79.07],[-180,80.07],[-180,81.07],[-180,82.06],[-180,83.06],[-180,84.06],[-180,85.05],[-180,86.05],[-180,87.05],[-180,88.04],[-180,89.04],[-134.11,88.76],[-113.31,88.06],[-106.28,87.34],[-102.27,86.6],[-99.7,85.84],[-97.92,85.09],[-95.77,84.17],[-94.21,83.26],[-93.01,82.33],[-92.96,81.65],[-92.92,80.96],[-92.92,80.96],[-90.56,80.41],[-88.46,79.84],[-86.59,79.26],[-83.1,78.56],[-80.01,77.82],[-77.27,77.05],[-74.2,76.47],[-78.06,76.32],[-81.83,76.1],[-85.47,75.84],[-88.97,75.52],[-92.3,75.15],[-95.47,74.73],[-93.82,73.92],[-92.8,73.31],[-91.84,72.7],[-90.95,72.08],[-93.77,71.74],[-96.49,71.36],[-99.11,70.94],[-101.61,70.48],[-103.99,70],[-106.27,69.48],[-108.43,68.94],[-110.49,68.37],[-109.09,67.52],[-107.78,66.67],[-106.56,65.8],[-105.43,64.93],[-104.36,64.04],[-105.98,63.49],[-107.53,62.92],[-109.02,62.33],[-110.46,61.73],[-111.84,61.11],[-113.17,60.48],[-114.44,59.84],[-115.67,59.18],[-116.85,58.52],[-117.64,58.93],[-118.46,59.34],[-119.8,58.65],[-121.08,57.95],[-122.32,57.23],[-123.51,56.5],[-124.65,55.77],[-125.75,55.02],[-126.81,54.26],[-127.83,53.49],[-128.81,52.71],[-129.76,51.93],[-128.45,51.36],[-127.17,50.77],[-127.99,49.93],[-128.79,49.09],[-129.56,48.24],[-130.3,47.38],[-131.02,46.52],[-131.72,45.66],[-132.4,44.79],[-133.06,43.92],[-133.7,43.04],[-132.63,42.63],[-131.58,42.21],[-130.54,41.78],[-131.14,40.91],[-131.72,40.04],[-132.28,39.16],[-132.83,38.28],[-133.37,37.4],[-133.9,36.52],[-134.41,35.63],[-134.91,34.74],[-135.4,33.85],[-135.88,32.96],[-136.35,32.07],[-136.82,31.17],[-137.81,31.58],[-138.82,31.98],[-139.83,32.38],[-140.86,32.76],[-141.34,31.91],[-141.82,31.05],[-142.29,30.19],[-142.75,29.32],[-143.2,28.46],[-143.64,27.59],[-144.08,26.73],[-144.51,25.86],[-144.94,24.99],[-145.35,24.12],[-145.77,23.25],[-146.17,22.37],[-146.58,21.5],[-146.98,20.63],[-147.37,19.75],[-147.76,18.87],[-148.14,18],[-148.52,17.12],[-148.9,16.24],[-149,15.91],[-149,15.91],[-149.19,16.13],[-149.19,16.13],[-149.66,15.75],[-150.13,15.37],[-150.33,15.25],[-150.44,15.23],[-150.62,15.15],[-150.6,15.09],[-151.23,14.76],[-151.57,14.59],[-151.53,14.46],[-151.83,14.31],[-151.81,14.28],[-152.41,13.98],[-153,13.68],[-153.12,13.63],[-153.24,13.59],[-153.55,13.43],[-153.37,12.99],[-153.03,12.35],[-153.78,11.97],[-153.54,11.39],[-153.29,10.81],[-153.74,10.54],[-153.89,10.46],[-154.28,10.19],[-154.41,10.11],[-155.14,9.66],[-155.86,9.21],[-155.58,8.75],[-155.3,8.3],[-155.04,7.74],[-154.77,7.18],[-154.39,6.53],[-154.01,5.88],[-153.64,5.24],[-154.33,4.81],[-155.03,4.38],[-155.73,3.95],[-156.42,3.52],[-157.11,3.08],[-157.66,2.74],[-158.21,2.4],[-158.74,2.08],[-159.28,1.77],[-160.12,1.26],[-160.95,0.75],[-161.79,0.24],[-162.63,-0.27],[-163.46,-0.78],[-164.3,-1.28],[-165.14,-1.79],[-165.98,-2.3],[-166.82,-2.81],[-167.66,-3.31],[-168.5,-3.82],[-168.96,-3.03],[-169.43,-2.24],[-169.89,-1.45],[-170.35,-0.66],[-171.23,-1.12],[-172.1,-1.57],[-172.98,-2.03],[-173.85,-2.48],[-174.73,-2.94],[-175.6,-3.39],[-176.48,-3.85],[-177.36,-4.3],[-178.24,-4.75],[-179.12,-5.2],[-180,-5.65],[-180,-4.65]]]]}},{"type":"Feature","properties":{"ma":150,"type":"gpml:TopologicalClosedPlateBoundary","name":"Farallon Plate 150-147","pid":902,"deforming":false},"geometry":{"type":"Polygon","coordinates":[[[-71.93,75.97],[-69.81,75.46],[-68.05,75.05],[-68.05,75.05],[-69.14,74.29],[-70.13,73.52],[-69.5,72.63],[-68.94,71.74],[-68.42,70.84],[-66.77,70.11],[-65.24,69.36],[-63.58,68.85],[-62,68.33],[-60.49,67.8],[-58.73,67.08],[-57.07,66.35],[-55.73,65.72],[-55.73,65.72],[-55.85,65.63],[-56.63,64.76],[-57.36,63.9],[-58.05,63.02],[-58.7,62.15],[-59.09,61.47],[-59.46,60.8],[-59.82,60.12],[-59.57,59.38],[-59.34,58.63],[-59.11,57.88],[-58.9,57.12],[-58.4,56.42],[-57.92,55.72],[-57.46,55.01],[-57.51,54.26],[-57.55,53.52],[-57.6,52.77],[-58.09,52.02],[-58.56,51.27],[-59.03,50.52],[-59.65,49.65],[-60.25,48.77],[-60.54,48],[-60.83,47.23],[-61.1,46.46],[-61.37,45.68],[-61.57,44.81],[-61.76,43.94],[-61.95,43.07],[-61.73,42.27],[-61.51,41.47],[-61.3,40.67],[-61.05,40.06],[-60.81,39.45],[-60.81,39.45],[-61.28,39],[-62.02,38.26],[-62.74,37.52],[-63.45,36.78],[-64.14,36.03],[-64.58,35.24],[-65,34.45],[-65.43,33.67],[-65.84,32.88],[-66.24,32.08],[-66.17,31.31],[-66.09,30.54],[-66.01,29.77],[-65.94,29],[-65.76,28.06],[-65.59,27.12],[-65.42,26.17],[-65.25,25.23],[-65.08,24.29],[-64.92,23.34],[-64.76,22.4],[-64.63,21.42],[-64.51,20.44],[-64.38,19.47],[-64.26,18.49],[-64.13,17.51],[-64.01,16.53],[-63.89,16.25],[-63.89,16.25],[-63.92,15.96],[-63.81,15],[-63.69,14.05],[-63.58,13.1],[-63.46,12.15],[-63.35,11.2],[-63.24,10.24],[-63.1,9.89],[-63.1,9.89],[-63.14,9.85],[-63.34,9.11],[-63.54,8.37],[-63.73,7.62],[-63.85,6.81],[-63.96,6],[-64.08,5.19],[-64.15,4.42],[-64.22,3.65],[-64.29,2.89],[-64.3,2.14],[-64.32,1.39],[-63.86,0.8],[-63.4,0.21],[-63.12,-0.45],[-62.85,-1.11],[-62.57,-1.77],[-62.23,-2.37],[-61.9,-2.98],[-61.48,-3.58],[-61.07,-4.18],[-60.65,-4.78],[-60.19,-5.5],[-59.72,-6.22],[-59.36,-6.9],[-59,-7.58],[-59,-8.29],[-59,-9],[-59.15,-9.89],[-59.33,-10.47],[-59.52,-11.05],[-59.99,-11.76],[-59.81,-12.35],[-59.63,-12.95],[-59.63,-12.95],[-59.65,-12.99],[-59.73,-13.24],[-59.82,-13.51],[-60.1,-14.33],[-60.39,-15.14],[-60.69,-15.96],[-60.98,-16.77],[-61.28,-17.59],[-61.16,-18.45],[-61.05,-19.31],[-60.93,-20.17],[-60.78,-21.02],[-60.64,-21.87],[-60.49,-22.72],[-60.33,-23.57],[-60.18,-24.42],[-60.03,-25.27],[-59.76,-26.07],[-59.48,-26.87],[-59.2,-27.67],[-58.98,-28.32],[-58.76,-28.97],[-58.53,-29.62],[-58.53,-29.62],[-59.56,-29.97],[-60.6,-30.32],[-61.64,-30.66],[-62.69,-31],[-63.75,-31.32],[-64.81,-31.64],[-65.88,-31.94],[-66.96,-32.24],[-68.05,-32.53],[-69.14,-32.81],[-70.24,-33.08],[-71.35,-33.34],[-72.46,-33.59],[-73.58,-33.83],[-74.7,-34.06],[-75.83,-34.27],[-76.11,-33.52],[-76.37,-32.77],[-76.64,-32.01],[-76.89,-31.26],[-78.02,-31.52],[-79.14,-31.77],[-80.28,-32.01],[-81.42,-32.24],[-82.56,-32.46],[-83.71,-32.67],[-84.87,-32.87],[-86.03,-33.06],[-87.19,-33.24],[-88.37,-33.41],[-89.54,-33.56],[-90.72,-33.71],[-90.88,-32.74],[-91.04,-31.76],[-91.19,-30.79],[-91.34,-29.81],[-91.49,-28.84],[-92.61,-28.86],[-93.74,-28.87],[-94.86,-28.87],[-95.99,-28.87],[-97.11,-28.85],[-98.24,-28.83],[-99.36,-28.79],[-100.49,-28.75],[-101.61,-28.69],[-102.73,-28.63],[-103.85,-28.56],[-104.97,-28.48],[-104.82,-27.51],[-104.67,-26.54],[-104.52,-25.56],[-104.38,-24.59],[-104.23,-23.62],[-105.29,-23.4],[-106.34,-23.17],[-107.39,-22.93],[-108.43,-22.69],[-109.47,-22.44],[-110.5,-22.18],[-111.54,-21.91],[-112.56,-21.64],[-113.59,-21.37],[-114.61,-21.08],[-115.62,-20.79],[-116.64,-20.5],[-116.37,-19.69],[-116.1,-18.88],[-115.84,-18.07],[-115.58,-17.25],[-115.32,-16.44],[-116.25,-16.04],[-117.18,-15.63],[-118.11,-15.22],[-119.03,-14.8],[-119.95,-14.38],[-120.87,-13.96],[-121.78,-13.54],[-122.69,-13.11],[-123.59,-12.67],[-124.5,-12.24],[-125.39,-11.8],[-126.29,-11.36],[-127.18,-10.92],[-128.08,-10.47],[-128.96,-10.02],[-128.96,-10.02],[-128.74,-10.01],[-128.74,-10.01],[-129.22,-9.36],[-129.69,-8.71],[-130.16,-8.05],[-130.64,-7.4],[-131.09,-6.61],[-131.53,-5.81],[-131.98,-5.01],[-132.43,-4.21],[-132.87,-3.41],[-132.12,-2.89],[-131.36,-2.37],[-131.81,-1.68],[-132.25,-0.99],[-132.69,-0.3],[-133.13,0.39],[-133.58,1.08],[-133.63,1.23],[-133.79,1.48],[-133.92,1.73],[-134.3,2.16],[-134.5,2.53],[-134.9,3.07],[-135.29,3.62],[-135.74,3.27],[-136.19,2.92],[-136.65,3.58],[-137.11,4.25],[-137.71,3.82],[-138.32,3.4],[-138.76,4.04],[-139.2,4.69],[-139.64,5.33],[-140.08,5.97],[-140.21,5.86],[-140.58,6.43],[-140.95,7.01],[-141.32,7.58],[-141.59,8.03],[-141.86,8.48],[-142.31,9.11],[-142.76,9.73],[-143.21,10.36],[-143.33,10.46],[-143.33,10.52],[-143.72,11.04],[-144.01,10.89],[-144.26,10.59],[-144.72,11.3],[-144.91,11.54],[-145.02,11.65],[-145.52,12.4],[-145.63,12.54],[-146.06,13.21],[-146.51,12.91],[-147.12,13.68],[-147.74,14.44],[-148.37,15.18],[-149,15.91],[-149,15.91],[-148.9,16.24],[-148.52,17.12],[-148.14,18],[-147.76,18.87],[-147.37,19.75],[-146.98,20.63],[-146.58,21.5],[-146.17,22.37],[-145.77,23.25],[-145.35,24.12],[-144.94,24.99],[-144.51,25.86],[-144.08,26.73],[-143.64,27.59],[-143.2,28.46],[-142.75,29.32],[-142.29,30.19],[-141.82,31.05],[-141.34,31.91],[-140.86,32.76],[-139.83,32.38],[-138.82,31.98],[-137.81,31.58],[-136.82,31.17],[-136.35,32.07],[-135.88,32.96],[-135.4,33.85],[-134.91,34.74],[-134.41,35.63],[-133.9,36.52],[-133.37,37.4],[-132.83,38.28],[-132.28,39.16],[-131.72,40.04],[-131.14,40.91],[-130.54,41.78],[-131.58,42.21],[-132.63,42.63],[-133.7,43.04],[-133.06,43.92],[-132.4,44.79],[-131.72,45.66],[-131.02,46.52],[-130.3,47.38],[-129.56,48.24],[-128.79,49.09],[-127.99,49.93],[-127.17,50.77],[-128.45,51.36],[-129.76,51.93],[-128.81,52.71],[-127.83,53.49],[-126.81,54.26],[-125.75,55.02],[-124.65,55.77],[-123.51,56.5],[-122.32,57.23],[-121.08,57.95],[-119.8,58.65],[-118.46,59.34],[-117.64,58.93],[-116.85,58.52],[-115.67,59.18],[-114.44,59.84],[-113.17,60.48],[-111.84,61.11],[-110.46,61.73],[-109.02,62.33],[-107.53,62.92],[-105.98,63.49],[-104.36,64.04],[-105.43,64.93],[-106.56,65.8],[-107.78,66.67],[-109.09,67.52],[-110.49,68.37],[-108.43,68.94],[-106.27,69.48],[-103.99,70],[-101.61,70.48],[-99.11,70.94],[-96.49,71.36],[-93.77,71.74],[-90.95,72.08],[-91.84,72.7],[-92.8,73.31],[-93.82,73.92],[-95.47,74.73],[-92.3,75.15],[-88.97,75.52],[-85.47,75.84],[-81.83,76.1],[-78.06,76.32],[-74.2,76.47],[-71.93,75.97]]]}},{"type":"Feature","properties":{"ma":150,"type":"gpml:TopologicalClosedPlateBoundary","name":"Meso Tethys","pid":530,"deforming":false},"geometry":{"type":"Polygon","coordinates":[[[39.48,15.52],[39.69,16.47],[39.9,17.43],[40.11,18.39],[40.33,19.35],[40.55,20.31],[40.77,21.26],[40.99,22.22],[41.22,23.18],[41.23,23.24],[41.23,23.24],[41.51,23.13],[42.05,22.91],[42.58,22.68],[43.21,22.52],[43.84,22.36],[44.69,22.12],[45.54,21.88],[46.41,21.79],[47.28,21.7],[48.06,21.69],[48.84,21.68],[49.62,21.66],[50.66,21.51],[51.7,21.35],[52.74,21.18],[53.72,20.95],[54.7,20.72],[55.32,20.25],[55.95,19.77],[56.55,19.35],[57.14,18.93],[57.74,18.5],[58.35,18.29],[58.97,18.08],[59.74,17.89],[60.51,17.69],[61.3,17.46],[62.08,17.23],[62.78,17.1],[63.48,16.98],[64.18,16.85],[65.15,16.94],[66.11,17.03],[67.08,17.11],[68.04,17.19],[69.01,17.27],[69.01,17.27],[69,17.16],[68.63,16.23],[68.27,15.3],[67.91,14.37],[67.56,13.44],[67.2,12.51],[66.85,11.58],[66.5,10.65],[66.16,9.71],[65.81,8.78],[65.47,7.85],[65.13,6.91],[64.79,5.98],[64.79,5.98],[63.95,6.34],[63.1,6.7],[62.25,7.07],[61.4,7.42],[60.55,7.78],[59.66,8.19],[58.77,8.59],[57.88,8.99],[56.99,9.39],[56.1,9.79],[55.2,10.18],[54.3,10.57],[53.4,10.96],[52.5,11.35],[51.59,11.73],[50.69,12.11],[49.77,12.49],[48.86,12.87],[47.95,13.24],[47.03,13.61],[46.11,13.97],[45.8,13.36],[45.5,12.75],[45.2,12.13],[44.36,12.49],[43.51,12.84],[42.67,13.19],[41.82,13.54],[40.97,13.88],[40.12,14.22],[39.27,14.56],[39.48,15.52]]]}},{"type":"Feature","properties":{"ma":150,"type":"gpml:TopologicalClosedPlateBoundary","name":"Moroccan-Plate","pid":706,"deforming":false},"geometry":{"type":"Polygon","coordinates":[[[4.22,4.97],[3.5,4.97],[2.66,5.01],[1.92,4.99],[1.16,5.06],[0.26,5.09],[-0.12,5.04],[-0.51,4.87],[-0.79,4.89],[-1.22,4.94],[-1.69,5.01],[-1.69,5.01],[-2.08,5.11],[-2.97,5.13],[-3.73,5.19],[-4.37,5.13],[-5.02,5.06],[-5.72,5.02],[-5.72,5.02],[-6.48,5.31],[-7.37,5.65],[-7.71,5.79],[-8.49,6.07],[-8.95,6.2],[-9.36,6.31],[-9.88,6.46],[-10.2,6.56],[-10.92,6.88],[-11.51,7.17],[-11.93,7.36],[-12.27,7.51],[-12.54,7.61],[-12.72,7.68],[-13.08,7.82],[-13.66,8.2],[-14.24,8.59],[-14.82,8.97],[-15.54,9.62],[-16.26,10.27],[-16.72,10.65],[-17.19,11.03],[-17.19,11.03],[-16.62,11.09],[-16.52,11],[-15.71,11.56],[-15.57,11.43],[-14.91,11.9],[-14.25,12.37],[-13.58,12.84],[-13.5,12.76],[-12.97,13.1],[-12.59,12.65],[-12.02,13.03],[-11.45,13.4],[-10.67,13.82],[-10.67,13.82],[-10.17,13.52],[-9.68,13.22],[-9.21,12.86],[-8.75,12.49],[-8.29,12.13],[-7.66,11.55],[-7.14,11.25],[-6.67,10.85],[-6.2,10.44],[-5.98,10.27],[-5.52,9.9],[-5.14,9.59],[-4.75,9.27],[-4.48,9.11],[-4.02,8.83],[-3.24,8.35],[-2.43,7.85],[-1.74,7.6],[-1.21,7.42],[-0.68,7.23],[-0.2,7.06],[0.28,6.89],[0.76,6.71],[1.25,6.52],[2.02,6.12],[2.8,5.72],[3.57,5.32],[4.22,4.97]]]}},{"type":"Feature","properties":{"ma":150,"type":"gpml:TopologicalClosedPlateBoundary","name":"Chortis","pid":2035,"deforming":false},"geometry":{"type":"Polygon","coordinates":[[[-63.1,9.89],[-62.75,9.01],[-62.41,8.12],[-62.06,7.23],[-61.72,6.34],[-61.72,6.34],[-61.1,5.72],[-60.47,5.09],[-59.85,4.47],[-59.23,3.85],[-58.45,3.32],[-57.67,2.79],[-56.9,2.26],[-56.14,1.77],[-55.37,1.28],[-54.61,0.79],[-53.95,0.71],[-53.95,0.71],[-53.99,0.07],[-53.68,-0.64],[-53.36,-1.35],[-53.05,-2.05],[-52.73,-2.76],[-52.73,-2.76],[-53.37,-3.07],[-54,-3.38],[-54.75,-3.68],[-55.35,-4],[-55.95,-4.32],[-56.83,-4.61],[-57.7,-4.89],[-58.53,-5.1],[-59.36,-5.3],[-60.18,-5.51],[-60.18,-5.51],[-60.65,-4.78],[-61.07,-4.18],[-61.48,-3.58],[-61.9,-2.98],[-62.23,-2.37],[-62.57,-1.77],[-62.85,-1.11],[-63.12,-0.45],[-63.4,0.21],[-63.86,0.8],[-64.32,1.39],[-64.3,2.14],[-64.29,2.89],[-64.22,3.65],[-64.15,4.42],[-64.08,5.19],[-63.96,6],[-63.85,6.81],[-63.73,7.62],[-63.54,8.37],[-63.34,9.11],[-63.14,9.85],[-63.1,9.89]]]}},{"type":"Feature","properties":{"ma":150,"type":"gpml:TopologicalClosedPlateBoundary","name":"Yucatan","pid":205,"deforming":false},"geometry":{"type":"Polygon","coordinates":[[[-53.08,7.33],[-52.5,7.77],[-51.91,8.2],[-51.41,7.66],[-50.92,8.11],[-50.43,8.55],[-50.25,8.31],[-49.66,8.75],[-49.07,9.19],[-48.72,8.76],[-48.37,8.32],[-47.83,8.61],[-47.28,8.91],[-46.96,8.29],[-46.34,8.63],[-46.02,8.24],[-45.52,8.48],[-45.23,7.99],[-45.04,8.09],[-44.76,7.48],[-44.47,7.62],[-44.13,7.01],[-43.84,7.11],[-43.53,6.4],[-43.21,5.7],[-42.9,4.99],[-43.18,4.86],[-42.9,4.32],[-42.43,4.49],[-41.99,3.71],[-41.55,2.93],[-41.11,2.16],[-41.11,2.16],[-41.56,1.88],[-42.16,1.5],[-42.77,1.13],[-43.61,0.72],[-44.46,0.31],[-45.14,0.05],[-45.82,-0.21],[-46.54,-0.5],[-47.25,-0.78],[-47.96,-1.01],[-48.67,-1.33],[-49.51,-1.58],[-50.15,-1.83],[-50.82,-2.01],[-51.65,-2.22],[-52.19,-2.49],[-52.73,-2.76],[-52.73,-2.76],[-53.05,-2.05],[-53.36,-1.35],[-53.68,-0.64],[-53.99,0.07],[-53.95,0.6],[-53.91,1.14],[-53.79,2.04],[-53.76,2.31],[-53.75,2.47],[-53.72,2.79],[-53.65,3.69],[-53.47,4.48],[-53.31,5.34],[-53.26,5.95],[-53.22,6.57],[-53.08,7.33]]]}},{"type":"Feature","properties":{"ma":150,"type":"gpml:TopologicalClosedPlateBoundary","name":"KOST Terrane","pid":43200,"deforming":false},"geometry":{"type":"Polygon","coordinates":[[[-92.92,80.96],[-92.96,81.65],[-93.01,82.33],[-94.21,83.26],[-95.77,84.17],[-97.92,85.09],[-99.25,85.67],[-100.98,86.26],[-100.98,86.26],[-88.34,86.45],[-75.79,86.6],[-62.82,86.57],[-49.41,86.36],[-37.97,85.99],[-28.78,85.48],[-21.76,85.12],[-15.77,84.7],[-10.7,84.23],[-3.04,83.87],[3.68,83.42],[7.75,82.84],[11.21,82.24],[10.1,81.76],[9.11,81.28],[6.3,80.86],[3.75,80.42],[0.41,80.02],[-2.66,79.59],[-5.48,78.77],[-7.91,77.92],[-7.91,77.92],[-11.2,77.85],[-14.44,77.75],[-18.14,77.85],[-21.89,77.9],[-25.6,78.06],[-29.38,78.16],[-33.22,78.22],[-37.38,78.27],[-41.55,78.26],[-45.18,78.03],[-48.67,77.76],[-51.99,77.45],[-54.35,77.06],[-56.57,76.65],[-60.21,76.31],[-63.66,75.91],[-65.75,75.45],[-67.71,74.97],[-67.71,74.97],[-69.81,75.46],[-72.11,76.02],[-74.59,76.55],[-77.27,77.05],[-80.01,77.82],[-83.1,78.56],[-86.59,79.26],[-88.46,79.84],[-90.56,80.41],[-92.92,80.96]]]}},{"type":"Feature","properties":{"ma":150,"type":"gpml:TopologicalClosedPlateBoundary","name":"Phoenix Plate","pid":919,"deforming":false},"geometry":{"type":"MultiPolygon","coordinates":[[[[180,-13.83],[180,-14.82],[180,-15.8],[180,-16.79],[180,-17.77],[180,-18.76],[180,-19.74],[180,-20.73],[180,-21.71],[180,-22.7],[180,-23.68],[180,-24.67],[180,-25.65],[180,-26.64],[180,-27.62],[180,-28.61],[180,-29.59],[180,-30.58],[180,-31.56],[180,-32.55],[180,-33.53],[180,-34.52],[180,-35.5],[180,-36.49],[180,-37.47],[180,-38.46],[180,-39.44],[180,-40.43],[180,-41.41],[180,-42.4],[180,-43.38],[180,-44.37],[180,-45.35],[180,-46.34],[180,-47.32],[180,-48.31],[180,-49.29],[180,-50.28],[180,-51.26],[180,-52.25],[180,-53.23],[180,-54.22],[180,-55.2],[180,-56.19],[180,-57.17],[180,-58.16],[180,-59.14],[180,-60.13],[180,-61.11],[180,-62.1],[180,-63.08],[180,-64.07],[180,-65.05],[180,-66.04],[180,-67.02],[180,-68.01],[180,-68.99],[180,-69.98],[180,-70.96],[180,-71.95],[176.84,-71.85],[173.72,-71.71],[170.65,-71.51],[167.65,-71.27],[164.74,-70.98],[161.91,-70.65],[159.19,-70.27],[156.86,-70.05],[154.58,-69.81],[152.36,-69.53],[150.2,-69.23],[148.1,-68.9],[148.1,-68.9],[147.74,-68.07],[147.4,-67.24],[147.09,-66.41],[146.04,-65.56],[146.39,-65.05],[147.48,-64.17],[148.51,-63.28],[149.42,-62.38],[150.29,-61.47],[150.62,-60.92],[150.94,-60.36],[150.9,-59.78],[150.86,-59.19],[150.32,-58.41],[149.8,-57.63],[149.31,-56.85],[148.84,-56.06],[148.21,-55.16],[147.61,-54.25],[147.04,-53.34],[146.49,-52.43],[145.96,-51.51],[145.86,-50.64],[145.76,-49.76],[145.67,-48.89],[145.57,-48.01],[145.49,-47.14],[145.31,-46.34],[145.15,-45.53],[144.98,-44.73],[144.82,-43.93],[144.67,-43.13],[144.56,-42.32],[144.45,-41.52],[144.45,-41.52],[143.71,-40.76],[142.99,-39.99],[142.29,-39.23],[141.6,-38.46],[140.93,-37.68],[140.27,-36.9],[139.63,-36.12],[139,-35.33],[138.38,-34.54],[137.55,-34.05],[136.74,-33.55],[135.93,-33.05],[135.14,-32.54],[134.03,-32.29],[132.92,-32.04],[131.83,-31.78],[130.73,-31.5],[129.65,-31.22],[128.57,-30.93],[127.5,-30.63],[126.43,-30.32],[125.38,-30.01],[124.32,-29.68],[123.28,-29.35],[122.24,-29.01],[121.13,-28.81],[120.03,-28.6],[118.92,-28.38],[117.83,-28.16],[116.74,-27.92],[116.74,-27.92],[116.88,-27.15],[117.02,-26.39],[117.16,-25.62],[117.3,-24.85],[118.33,-24.94],[119.37,-25.02],[120.41,-25.1],[121.45,-25.16],[122.49,-25.22],[123.54,-25.28],[124.58,-25.32],[125.62,-25.36],[126.67,-25.39],[126.66,-24.42],[126.65,-23.44],[126.64,-22.47],[126.64,-21.49],[126.63,-20.52],[126.62,-19.55],[126.62,-18.57],[126.61,-17.6],[126.6,-16.63],[126.59,-15.65],[126.59,-14.68],[126.59,-14.68],[127.36,-14.51],[128.12,-14.34],[128.89,-14.16],[129.65,-13.98],[129.82,-14.55],[130,-15.12],[130.94,-14.9],[131.87,-14.67],[132.81,-14.44],[133.75,-14.21],[134.68,-13.97],[135.61,-13.73],[136.54,-13.49],[136.75,-14.3],[136.97,-15.12],[137.96,-14.89],[138.94,-14.65],[139.92,-14.42],[140.9,-14.18],[141.87,-13.93],[142.85,-13.68],[143.82,-13.43],[144.79,-13.17],[145.76,-12.91],[146.72,-12.65],[147.69,-12.38],[148.65,-12.11],[149.61,-11.84],[150.57,-11.56],[151.52,-11.28],[152.48,-11],[152.67,-11.66],[152.87,-12.33],[153.07,-13],[153.07,-13],[154.04,-12.73],[155.01,-12.45],[155.98,-12.17],[156.95,-11.89],[157.91,-11.61],[158.87,-11.32],[159.83,-11.03],[160.79,-10.74],[161.75,-10.44],[162.7,-10.14],[163.65,-9.84],[164.61,-9.53],[165.55,-9.22],[166.5,-8.91],[167.45,-8.6],[167.68,-9.32],[167.91,-10.03],[168.14,-10.75],[168.37,-11.47],[169.24,-11.28],[170.1,-11.1],[170.97,-10.91],[170.97,-10.91],[171.84,-11.18],[172.71,-11.45],[173.59,-11.71],[174.47,-11.97],[175.39,-12.13],[176.31,-12.28],[177.23,-12.42],[178.15,-12.57],[179.08,-12.71],[180,-12.85],[180,-13.83]]],[[[-180,-70.96],[-180,-69.98],[-180,-68.99],[-180,-68.01],[-180,-67.02],[-180,-66.04],[-180,-65.05],[-180,-64.07],[-180,-63.08],[-180,-62.1],[-180,-61.11],[-180,-60.13],[-180,-59.14],[-180,-58.16],[-180,-57.17],[-180,-56.19],[-180,-55.2],[-180,-54.22],[-180,-53.23],[-180,-52.25],[-180,-51.26],[-180,-50.28],[-180,-49.29],[-180,-48.31],[-180,-47.32],[-180,-46.34],[-180,-45.35],[-180,-44.37],[-180,-43.38],[-180,-42.4],[-180,-41.41],[-180,-40.43],[-180,-39.44],[-180,-38.46],[-180,-37.47],[-180,-36.49],[-180,-35.5],[-180,-34.52],[-180,-33.53],[-180,-32.55],[-180,-31.56],[-180,-30.58],[-180,-29.59],[-180,-28.61],[-180,-27.62],[-180,-26.64],[-180,-25.65],[-180,-24.67],[-180,-23.68],[-180,-22.7],[-180,-21.71],[-180,-20.73],[-180,-19.74],[-180,-18.76],[-180,-17.77],[-180,-16.79],[-180,-15.8],[-180,-14.82],[-180,-13.83],[-180,-12.85],[-179.1,-12.98],[-178.19,-13.11],[-177.29,-13.23],[-176.38,-13.35],[-175.48,-13.47],[-174.57,-13.59],[-173.61,-13.71],[-172.65,-13.83],[-171.68,-13.94],[-170.72,-14.05],[-169.76,-14.16],[-168.79,-14.27],[-167.78,-14.37],[-166.77,-14.47],[-165.76,-14.57],[-164.75,-14.66],[-163.74,-14.75],[-162.72,-14.83],[-161.71,-14.91],[-160.69,-14.98],[-159.68,-15.05],[-158.66,-15.12],[-157.64,-15.18],[-156.62,-15.24],[-155.61,-15.29],[-154.59,-15.34],[-153.57,-15.38],[-152.55,-15.42],[-151.53,-15.45],[-150.51,-15.48],[-149.49,-15.5],[-148.47,-15.52],[-147.45,-15.53],[-146.43,-15.54],[-145.56,-15.44],[-144.7,-15.33],[-143.83,-15.22],[-142.97,-15.11],[-142.11,-14.99],[-142.09,-15.23],[-141.14,-15.09],[-140.2,-14.96],[-139.25,-14.82],[-138.3,-14.68],[-138.24,-15.27],[-138.18,-15.87],[-137.38,-15.73],[-136.58,-15.59],[-135.78,-15.44],[-134.99,-15.3],[-135.1,-14.32],[-135.22,-13.35],[-135.33,-12.37],[-134.54,-12.31],[-134.65,-11.41],[-134.75,-10.51],[-133.76,-10.41],[-132.76,-10.31],[-131.77,-10.2],[-130.83,-10.14],[-129.9,-10.08],[-128.96,-10.02],[-128.08,-10.47],[-127.18,-10.92],[-126.29,-11.36],[-125.39,-11.8],[-124.5,-12.24],[-123.59,-12.67],[-122.69,-13.11],[-121.78,-13.54],[-120.87,-13.96],[-119.95,-14.38],[-119.03,-14.8],[-118.11,-15.22],[-117.18,-15.63],[-116.25,-16.04],[-115.32,-16.44],[-115.58,-17.25],[-115.84,-18.07],[-116.1,-18.88],[-116.37,-19.69],[-116.64,-20.5],[-115.62,-20.79],[-114.61,-21.08],[-113.59,-21.37],[-112.56,-21.64],[-111.54,-21.91],[-110.5,-22.18],[-109.47,-22.44],[-108.43,-22.69],[-107.39,-22.93],[-106.34,-23.17],[-105.29,-23.4],[-104.23,-23.62],[-104.38,-24.59],[-104.52,-25.56],[-104.67,-26.54],[-104.82,-27.51],[-104.97,-28.48],[-103.85,-28.56],[-102.73,-28.63],[-101.61,-28.69],[-100.49,-28.75],[-99.36,-28.79],[-98.24,-28.83],[-97.11,-28.85],[-95.99,-28.87],[-94.86,-28.87],[-93.74,-28.87],[-92.61,-28.86],[-91.49,-28.84],[-91.34,-29.81],[-91.19,-30.79],[-91.04,-31.76],[-90.88,-32.74],[-90.72,-33.71],[-89.54,-33.56],[-88.37,-33.41],[-87.19,-33.24],[-86.03,-33.06],[-84.87,-32.87],[-83.71,-32.67],[-82.56,-32.46],[-81.42,-32.24],[-80.28,-32.01],[-79.14,-31.77],[-78.02,-31.52],[-76.89,-31.26],[-76.64,-32.01],[-76.37,-32.77],[-76.11,-33.52],[-75.83,-34.27],[-74.7,-34.06],[-73.58,-33.83],[-72.46,-33.59],[-71.35,-33.34],[-70.24,-33.08],[-69.14,-32.81],[-68.05,-32.53],[-66.96,-32.24],[-65.88,-31.94],[-64.81,-31.64],[-63.75,-31.32],[-62.69,-31],[-61.64,-30.66],[-60.6,-30.32],[-59.56,-29.97],[-58.53,-29.62],[-58.53,-29.62],[-58.51,-29.7],[-57.86,-30.44],[-57.74,-30.96],[-57.61,-31.48],[-57.39,-32.21],[-57.36,-32.76],[-57.25,-33.34],[-57.18,-34.07],[-57.35,-34.96],[-57.52,-35.85],[-57.55,-36.67],[-57.59,-37.49],[-57.63,-38.31],[-57.66,-39.13],[-57.7,-39.95],[-57.8,-40.74],[-57.9,-41.53],[-58.01,-42.33],[-58.11,-43.12],[-58.49,-43.89],[-58.88,-44.67],[-59.28,-45.44],[-59.69,-46.21],[-60.11,-46.98],[-60.11,-46.98],[-60.11,-47.78],[-60.11,-48.59],[-60.11,-49.39],[-60.11,-50.2],[-60.46,-50.92],[-60.81,-51.64],[-60.96,-52.08],[-61.02,-52.56],[-61.02,-52.56],[-61.31,-53.14],[-61.55,-53.43],[-61.65,-53.8],[-61.73,-54.09],[-61.87,-54.55],[-61.98,-54.84],[-62.18,-55.37],[-62.33,-55.74],[-62.47,-56.15],[-62.62,-56.57],[-62.83,-57.23],[-62.92,-57.49],[-63.05,-57.85],[-63.16,-58.18],[-63.26,-58.48],[-63.35,-58.85],[-63.41,-59.16],[-63.47,-59.41],[-63.48,-59.49],[-63.48,-59.72],[-63.49,-60.01],[-63.44,-60.44],[-63.63,-60.78],[-63.89,-61.12],[-64.29,-61.52],[-64.71,-61.98],[-64.97,-62.28],[-65.18,-62.53],[-65.37,-62.75],[-65.63,-63.1],[-65.78,-63.55],[-65.76,-63.81],[-65.76,-63.81],[-67.22,-64.41],[-68.74,-64.99],[-70.33,-65.56],[-71.99,-66.11],[-73.34,-66.86],[-74.79,-67.59],[-76.32,-68.31],[-77.95,-69.01],[-79.69,-69.7],[-81.55,-70.37],[-84,-70.85],[-86.57,-71.29],[-89.25,-71.69],[-92.04,-72.05],[-94.93,-72.37],[-97.49,-72.66],[-100.13,-72.91],[-102.84,-73.13],[-105.62,-73.31],[-108.08,-73.62],[-110.62,-73.89],[-113.24,-74.14],[-115.94,-74.35],[-118.87,-74.56],[-121.86,-74.73],[-124.91,-74.86],[-128.01,-74.95],[-131.12,-75],[-134.24,-75],[-137.36,-74.97],[-140.45,-74.89],[-143.84,-74.75],[-147.16,-74.56],[-150.39,-74.33],[-153.52,-74.04],[-156.53,-73.72],[-159.88,-73.46],[-163.11,-73.16],[-166.23,-72.8],[-169.21,-72.4],[-172.06,-71.96],[-174.71,-71.99],[-177.36,-71.99],[-180,-71.95],[-180,-70.96]]]]}},{"type":"Feature","properties":{"ma":150,"type":"gpml:TopologicalClosedPlateBoundary","name":"Gravina Basin","pid":16111,"deforming":false},"geometry":{"type":"Polygon","coordinates":[[[-60.23,37.93],[-60.58,38.84],[-60.94,39.76],[-61.3,40.67],[-61.51,41.47],[-61.73,42.27],[-61.95,43.07],[-61.76,43.94],[-61.57,44.81],[-61.37,45.68],[-61.1,46.46],[-60.83,47.23],[-60.54,48],[-60.25,48.77],[-59.65,49.65],[-59.03,50.52],[-58.56,51.27],[-58.09,52.02],[-57.6,52.77],[-57.55,53.52],[-57.51,54.26],[-57.46,55.01],[-57.92,55.72],[-58.4,56.42],[-58.9,57.12],[-59.11,57.87],[-59.33,58.61],[-59.57,59.35],[-59.57,59.35],[-58.26,58.89],[-56.99,58.42],[-55.75,57.94],[-54.55,57.45],[-53.69,56.7],[-52.86,55.95],[-52.86,55.06],[-52.87,54.17],[-53.22,53.42],[-53.56,52.68],[-53.93,51.92],[-54.29,51.17],[-54.64,50.41],[-54.98,49.65],[-55.3,48.79],[-55.61,47.92],[-55.9,47.05],[-56.19,46.19],[-56.31,45.23],[-56.42,44.28],[-56.53,43.33],[-56.72,42.57],[-56.91,41.8],[-57.1,41.04],[-57.28,40.28],[-57.78,39.79],[-58.28,39.3],[-58.86,38.86],[-59.44,38.42],[-60.23,37.93]]]}},{"type":"Feature","properties":{"ma":150,"type":"gpml:TopologicalClosedPlateBoundary","name":"Kohistan-Ladakh back-arc basin 155-126 Ma","pid":528,"deforming":false},"geometry":{"type":"Polygon","coordinates":[[[96.52,17.51],[95.53,17.53],[94.54,17.54],[93.55,17.55],[93.54,17.04],[93.52,16.52],[92.52,16.51],[91.52,16.5],[90.51,16.49],[89.51,16.46],[88.51,16.44],[88.45,15.92],[88.38,15.4],[88.38,15.4],[88,15.39],[87.04,15.33],[86.08,15.26],[85.12,15.19],[84.17,15.12],[83.21,15.05],[82.25,14.97],[82.19,15.62],[81.27,15.57],[80.35,15.51],[80.25,16.34],[79.4,16.27],[78.56,16.2],[78.49,16.78],[78.41,17.37],[77.39,17.34],[76.37,17.3],[75.35,17.26],[75.29,17.79],[75.23,18.32],[74.35,18.29],[73.47,18.25],[72.58,18.21],[71.7,18.17],[70.83,18.18],[69.95,18.18],[69.08,18.18],[69.08,18.18],[69.15,19.15],[69.23,20.12],[69.31,21.09],[69.39,22.06],[69.39,22.06],[70.16,22.08],[71.22,21.98],[72.28,21.87],[73.34,21.76],[74.4,21.64],[75.46,21.52],[76.52,21.39],[77.56,21.27],[78.6,21.14],[79.64,21],[80.67,20.86],[81.71,20.71],[82.74,20.56],[83.77,20.4],[84.8,20.24],[85.01,20.71],[85.23,21.19],[85.96,21.11],[86.69,21.03],[87.42,20.95],[88.11,20.91],[88.8,20.86],[89.14,21.56],[89.49,22.26],[90.56,22.2],[91.63,22.13],[92.69,22.06],[93.76,21.99],[94.82,21.9],[95.89,21.81],[96.95,21.71],[97.66,21.49],[98.38,21.27],[98.38,21.27],[98.06,20.34],[97.74,19.4],[97.43,18.47],[97.13,17.53],[96.52,17.51]]]}},{"type":"Feature","properties":{"ma":150,"type":"gpml:TopologicalClosedPlateBoundary","name":"Sepik","pid":780,"deforming":false},"geometry":{"type":"Polygon","coordinates":[[[141.87,-38.76],[140.87,-38.66],[139.88,-38.54],[138.89,-38.42],[137.66,-38.32],[136.43,-38.21],[135.21,-38.08],[133.99,-37.94],[132.78,-37.79],[131.76,-37.48],[130.74,-37.16],[129.74,-36.82],[128.74,-36.49],[127.76,-36.14],[126.78,-35.78],[125.81,-35.42],[124.72,-35.16],[123.64,-34.88],[122.56,-34.6],[121.49,-34.3],[120.43,-34],[119.38,-33.69],[118.34,-33.37],[117.3,-33.04],[117.67,-32.34],[116.65,-32.05],[115.63,-31.75],[114.62,-31.44],[113.61,-31.12],[112.61,-30.8],[113.04,-30],[112.05,-29.67],[111.08,-29.33],[110.11,-28.98],[109.48,-28.85],[108.85,-28.72],[108.85,-28.72],[108.84,-27.75],[108.83,-26.78],[108.87,-26.26],[108.87,-26.26],[109.32,-26.37],[110.24,-26.57],[111.17,-26.77],[112.09,-26.96],[113.02,-27.15],[113.96,-27.33],[114.89,-27.5],[115.93,-27.74],[116.97,-27.97],[118.02,-28.19],[119.07,-28.41],[120.12,-28.62],[121.18,-28.82],[122.24,-29.01],[123.28,-29.35],[124.32,-29.68],[125.38,-30.01],[126.43,-30.32],[127.5,-30.63],[128.57,-30.93],[129.65,-31.22],[130.73,-31.5],[131.83,-31.78],[132.92,-32.04],[134.03,-32.29],[135.14,-32.54],[135.93,-33.05],[136.74,-33.55],[137.55,-34.05],[138.38,-34.54],[138.94,-35.25],[139.5,-35.96],[140.08,-36.66],[140.67,-37.37],[141.26,-38.06],[141.87,-38.76]]]}},{"type":"Feature","properties":{"ma":150,"type":"gpml:TopologicalClosedPlateBoundary","name":"Neo Tethys","pid":534,"deforming":false},"geometry":{"type":"Polygon","coordinates":[[[43.63,-25.95],[43.84,-25.69],[44.42,-25.02],[45,-24.34],[45.57,-23.66],[46.13,-22.98],[46.69,-22.3],[47.25,-21.61],[47.89,-21.02],[48.53,-20.41],[49.16,-19.81],[49.79,-19.21],[50.42,-18.6],[51.04,-17.99],[51.63,-17.26],[52.21,-16.54],[52.79,-15.81],[53.36,-15.08],[53.94,-14.35],[54.5,-13.62],[55.07,-12.89],[55.63,-12.15],[56.18,-11.42],[56.74,-10.68],[57.23,-9.81],[57.71,-8.95],[58.19,-8.08],[58.67,-7.21],[59.15,-6.34],[59.63,-5.47],[60.1,-4.6],[60.57,-3.72],[60.97,-2.82],[61.37,-1.91],[61.77,-1.01],[62.16,-0.11],[62.56,0.8],[62.96,1.7],[63.36,2.61],[63.75,3.51],[64.15,4.42],[64.55,5.32],[64.88,6.21],[65.2,7.1],[65.52,7.99],[65.85,8.88],[66.18,9.77],[66.51,10.66],[66.84,11.54],[67.17,12.43],[67.51,13.32],[67.85,14.2],[68.19,15.09],[68.53,15.98],[68.53,15.98],[69.18,15.78],[69.82,15.58],[70.69,15.34],[71.56,15.1],[72.42,14.85],[73.32,14.68],[74.22,14.5],[75.11,14.32],[76.11,14.2],[77.1,14.07],[78.09,13.94],[79.08,13.81],[80.11,13.73],[81.13,13.65],[82.15,13.56],[83.17,13.47],[84.14,13.57],[85.11,13.66],[86.07,13.76],[87.04,13.85],[88.01,13.93],[88.98,14.01],[89.89,14.19],[90.8,14.36],[91.72,14.53],[92.63,14.69],[93.55,14.85],[94.34,15.11],[95.14,15.37],[95.94,15.63],[96.61,15.93],[96.61,15.93],[96.91,16.88],[97.22,17.82],[97.53,18.77],[97.85,19.71],[98.17,20.65],[98.49,21.6],[98.49,21.6],[99.48,21.22],[100.29,20.75],[101.09,20.27],[101.89,19.79],[102.69,19.31],[103.48,18.83],[104.42,18.4],[105.35,17.96],[106.27,17.52],[107.19,17.08],[108.11,16.63],[109.03,16.41],[109.95,16.18],[110.87,15.95],[111.78,15.72],[112.7,15.48],[113.61,15.24],[114.52,15],[115.44,14.78],[116.37,14.56],[117.29,14.34],[118.22,14.11],[119.14,13.88],[119.14,13.88],[118.79,13.03],[118.44,12.18],[118.1,11.33],[117.75,10.49],[117.41,9.64],[117.07,8.79],[116.73,7.94],[116.4,7.09],[116.06,6.24],[115.73,5.39],[115.4,4.54],[115.08,3.6],[114.77,2.65],[114.45,1.7],[114.14,0.75],[113.83,-0.2],[113.51,-1.14],[113.2,-2.09],[113.01,-3.06],[112.83,-4.02],[112.64,-4.99],[112.46,-5.96],[112.27,-6.92],[112.08,-7.89],[111.89,-8.86],[111.7,-9.82],[111.51,-10.79],[111.32,-11.76],[111.13,-12.72],[110.93,-13.69],[110.65,-14.61],[110.36,-15.52],[110.07,-16.44],[109.77,-17.36],[109.47,-18.27],[109.41,-19.16],[109.35,-20.05],[109.28,-20.93],[109.21,-21.82],[109.15,-22.71],[109.08,-23.6],[109.01,-24.48],[108.94,-25.37],[108.87,-26.26],[108.87,-26.26],[108.78,-26.23],[108.78,-26.23],[107.8,-26.25],[106.81,-26.26],[105.83,-26.27],[105.64,-25.74],[105.45,-25.22],[104.56,-25.21],[103.67,-25.2],[103.54,-24.58],[103.4,-23.95],[102.51,-23.98],[101.62,-24],[101.95,-24.91],[102.28,-25.81],[102.62,-26.72],[102.96,-27.62],[103.31,-28.53],[103.66,-29.43],[104.02,-30.33],[104.39,-31.23],[104.76,-32.13],[105.14,-33.03],[105.17,-33.54],[105.17,-33.54],[104.13,-33.94],[103.07,-34.32],[102.01,-34.7],[100.94,-35.06],[99.86,-35.42],[98.76,-35.77],[97.66,-36.11],[96.55,-36.43],[96.84,-37.1],[95.78,-37.35],[94.72,-37.59],[93.65,-37.82],[92.57,-38.04],[91.48,-38.24],[91.59,-39.06],[90.62,-39.23],[89.65,-39.39],[88.68,-39.54],[88.8,-40.15],[88.92,-40.76],[87.74,-40.85],[86.57,-40.94],[85.39,-41.01],[85.3,-40.77],[84.12,-40.76],[84.07,-40.25],[84.01,-39.73],[82.76,-39.7],[81.52,-39.65],[80.27,-39.6],[80.09,-40.25],[79.91,-40.9],[79.03,-40.85],[78.14,-40.8],[77.88,-41.73],[76.8,-41.6],[76.56,-42.42],[76.32,-43.24],[76.07,-44.05],[75.81,-44.87],[75.55,-45.68],[75.55,-45.68],[74.36,-45.43],[73.18,-45.17],[72.02,-44.9],[70.86,-44.61],[69.71,-44.32],[69.67,-43.57],[68.37,-43.3],[67.09,-43.02],[67.23,-42.42],[67.38,-41.82],[66.26,-41.4],[65.16,-40.97],[64.07,-40.53],[64.19,-39.9],[64.3,-39.27],[63.47,-38.9],[62.66,-38.53],[61.85,-38.15],[62.04,-37.3],[62.23,-36.46],[61.42,-36.02],[60.63,-35.57],[59.84,-35.12],[59.99,-34.56],[60.13,-33.99],[59.19,-33.44],[58.26,-32.89],[57.34,-32.32],[56.43,-31.75],[55.54,-31.17],[54.65,-30.59],[53.78,-30],[52.91,-29.41],[52.22,-30.03],[51.44,-29.58],[50.66,-29.12],[49.88,-28.66],[49.12,-28.2],[48.62,-28.66],[48.11,-29.12],[47.34,-28.6],[46.59,-28.08],[45.84,-27.55],[45.09,-27.02],[44.36,-26.49],[43.63,-25.95]]]}},{"type":"Feature","properties":{"ma":150,"type":"gpml:TopologicalClosedPlateBoundary","name":"West Gondwana","pid":701,"deforming":false},"geometry":{"type":"Polygon","coordinates":[[[64.79,5.98],[64.55,5.32],[64.15,4.42],[63.75,3.51],[63.36,2.61],[62.96,1.7],[62.56,0.8],[62.16,-0.11],[61.77,-1.01],[61.37,-1.91],[60.97,-2.82],[60.57,-3.72],[60.1,-4.6],[59.63,-5.47],[59.15,-6.34],[58.67,-7.21],[58.19,-8.08],[57.71,-8.95],[57.23,-9.81],[56.74,-10.68],[56.18,-11.42],[55.63,-12.15],[55.07,-12.89],[54.5,-13.62],[53.94,-14.35],[53.36,-15.08],[52.79,-15.81],[52.21,-16.54],[51.63,-17.26],[51.04,-17.99],[50.42,-18.6],[49.79,-19.21],[49.16,-19.81],[48.53,-20.41],[47.89,-21.02],[47.25,-21.61],[46.69,-22.3],[46.13,-22.98],[45.57,-23.66],[45,-24.34],[44.42,-25.02],[43.84,-25.69],[43.63,-25.95],[43.63,-25.95],[42.81,-25.34],[42,-24.72],[41.2,-24.1],[41.2,-24.1],[40.62,-24.56],[40.04,-25.02],[39.45,-25.54],[38.86,-26.07],[38.27,-26.59],[37.49,-27.03],[36.71,-27.47],[35.92,-27.9],[35.08,-28.26],[34.23,-28.61],[33.67,-28.85],[33.1,-29.08],[32.77,-29.5],[32.43,-29.91],[32.12,-30.35],[31.81,-30.8],[31.16,-31.23],[30.5,-31.65],[29.61,-31.89],[28.71,-32.12],[27.89,-32.26],[27.07,-32.4],[26.13,-32.58],[25.19,-32.75],[24.32,-33.21],[23.43,-33.66],[22.81,-34.11],[22.19,-34.56],[21.88,-35.4],[21.57,-36.24],[21.31,-37.04],[21.03,-37.84],[20.41,-38.45],[19.79,-39.06],[19.15,-39.67],[18.71,-40.34],[18.27,-41.01],[17.82,-41.68],[17.01,-42.17],[16.19,-42.65],[15.51,-43.13],[14.82,-43.6],[14.42,-44.06],[14.02,-44.5],[13.57,-45.17],[13.1,-45.84],[13,-46.64],[12.89,-47.43],[12.75,-48.17],[12.61,-48.91],[12.65,-49.68],[12.68,-50.46],[12.44,-51.3],[12.18,-52.14],[11.52,-53.03],[10.51,-53.49],[9.48,-53.95],[7.98,-54.16],[6.47,-54.37],[5.43,-54.47],[4.38,-54.56],[2.85,-54.92],[2.04,-55.44],[0.51,-55.64],[-0.39,-56.13],[-1.31,-56.62],[-2.11,-57.11],[-2.94,-57.59],[-4.61,-57.88],[-6.3,-58.14],[-7.79,-58.64],[-9.33,-59.11],[-10.56,-59.59],[-11.83,-60.05],[-12.64,-60.58],[-13.48,-61.11],[-14.35,-61.63],[-15.95,-61.96],[-15.95,-61.96],[-15.41,-62.89],[-15.41,-62.89],[-16.73,-62.97],[-18.06,-63.05],[-20.22,-63.14],[-22.38,-63.21],[-24.56,-63.24],[-26.41,-63.06],[-28.25,-62.85],[-30.05,-62.63],[-31.64,-62.37],[-33.2,-62.09],[-34.73,-61.8],[-36.48,-61.52],[-38.19,-61.22],[-39.3,-61.06],[-40.4,-60.88],[-40.4,-60.88],[-40.62,-60.41],[-40.71,-59.92],[-40.75,-59.42],[-40.79,-58.92],[-40.66,-58.22],[-40.52,-57.51],[-40.3,-56.8],[-39.95,-56.16],[-39.29,-55.24],[-38.89,-54.33],[-38.5,-53.42],[-37.9,-52.74],[-37.41,-52.2],[-36.93,-51.66],[-36.55,-51.41],[-35.81,-51.05],[-35.62,-50.94],[-35.62,-50.94],[-36.26,-50.85],[-37.09,-50.49],[-37.68,-49.77],[-37.86,-49.24],[-38.77,-48.84],[-39.56,-48.85],[-40.35,-48.85],[-41.48,-48.71],[-42.61,-48.56],[-43.47,-48.36],[-44.33,-48.16],[-45.43,-47.72],[-46.5,-47.27],[-47.86,-46.99],[-49.2,-46.68],[-50.21,-46.32],[-51.2,-45.96],[-52.12,-45.59],[-53.02,-45.21],[-54.19,-44.74],[-55.34,-44.27],[-56.29,-43.93],[-57.24,-43.58],[-58.17,-43.23],[-58.17,-43.23],[-58.11,-43.12],[-58.01,-42.33],[-57.9,-41.53],[-57.8,-40.74],[-57.7,-39.95],[-57.66,-39.13],[-57.63,-38.31],[-57.59,-37.49],[-57.55,-36.67],[-57.52,-35.85],[-57.35,-34.96],[-57.18,-34.07],[-57.25,-33.34],[-57.36,-32.76],[-57.39,-32.21],[-57.61,-31.48],[-57.74,-30.96],[-57.86,-30.44],[-58.51,-29.7],[-58.74,-29.02],[-58.97,-28.35],[-59.2,-27.67],[-59.48,-26.87],[-59.76,-26.07],[-60.03,-25.27],[-60.18,-24.42],[-60.33,-23.57],[-60.49,-22.72],[-60.64,-21.87],[-60.78,-21.02],[-60.93,-20.17],[-61.05,-19.31],[-61.16,-18.45],[-61.28,-17.59],[-60.98,-16.77],[-60.69,-15.96],[-60.39,-15.14],[-60.1,-14.33],[-59.82,-13.51],[-59.73,-13.24],[-59.65,-12.99],[-59.63,-12.95],[-59.63,-12.95],[-59.81,-12.35],[-59.99,-11.76],[-59.52,-11.05],[-59.33,-10.47],[-59.15,-9.89],[-59,-9],[-59,-8.29],[-59,-7.58],[-59.36,-6.9],[-59.72,-6.22],[-60.18,-5.51],[-60.18,-5.51],[-59.36,-5.3],[-58.53,-5.1],[-57.7,-4.89],[-56.83,-4.61],[-55.95,-4.32],[-55.35,-4],[-54.75,-3.68],[-54,-3.38],[-53.21,-3],[-52.43,-2.61],[-51.65,-2.22],[-50.82,-2.01],[-50.15,-1.83],[-49.51,-1.58],[-48.67,-1.33],[-47.96,-1.01],[-47.25,-0.78],[-46.54,-0.5],[-45.82,-0.21],[-45.14,0.05],[-44.46,0.31],[-43.61,0.72],[-42.77,1.13],[-42.16,1.5],[-42.16,1.5],[-41.47,0.79],[-40.79,0.08],[-40.1,-0.63],[-39.42,-1.34],[-38.78,-1.93],[-38.14,-2.52],[-37.5,-3.11],[-36.86,-3.69],[-36.12,-4.37],[-35.39,-5.04],[-34.65,-5.7],[-34.17,-6.21],[-34.17,-6.21],[-34.14,-6.18],[-33.64,-5.44],[-33.13,-4.69],[-32.62,-3.94],[-32.62,-3.94],[-31.96,-4.49],[-31.96,-4.49],[-31.31,-3.81],[-30.67,-3.12],[-31.04,-2.76],[-31.41,-2.39],[-31.78,-1.79],[-32.16,-1.19],[-31.6,-0.74],[-31.24,-0.37],[-30.88,0],[-31.43,0.55],[-30.76,1.13],[-30.09,1.7],[-29.41,2.27],[-29.68,2.56],[-29.18,2.97],[-29.33,3.13],[-28.81,3.55],[-28.29,3.96],[-28.4,4.1],[-27.92,4.72],[-27.45,5.34],[-27.04,5.83],[-26.63,6.32],[-26.86,6.57],[-26.38,7.01],[-25.9,7.45],[-25.3,8.1],[-24.69,8.74],[-24.73,8.81],[-24.08,9.26],[-23.81,8.98],[-23.24,9.31],[-22.66,9.65],[-22.6,9.58],[-21.88,9.9],[-21.16,10.23],[-20.93,9.99],[-20.35,10.34],[-19.77,10.69],[-19.19,11.04],[-18.98,10.83],[-18.08,10.93],[-17.19,11.03],[-17.19,11.03],[-16.72,10.65],[-16.26,10.27],[-15.54,9.62],[-14.82,8.97],[-14.24,8.59],[-13.66,8.2],[-13.08,7.82],[-12.72,7.68],[-12.54,7.61],[-12.27,7.51],[-11.93,7.36],[-11.51,7.17],[-10.92,6.88],[-10.2,6.56],[-9.88,6.46],[-9.36,6.31],[-8.95,6.2],[-8.49,6.07],[-7.71,5.79],[-7.37,5.65],[-6.48,5.31],[-5.72,5.02],[-5.72,5.02],[-5.02,5.06],[-4.37,5.13],[-3.73,5.19],[-2.97,5.13],[-2.08,5.11],[-1.69,5.01],[-1.69,5.01],[-1.22,4.94],[-0.79,4.89],[-0.51,4.87],[-0.12,5.04],[0.26,5.09],[1.16,5.06],[1.92,4.99],[2.66,5.01],[3.5,4.97],[4.22,4.97],[4.22,4.97],[3.57,5.32],[2.86,5.69],[2.16,6.05],[1.45,6.42],[1.45,6.42],[2.36,6.71],[3.26,7.01],[4.16,7.3],[5.07,7.59],[5.97,7.88],[6.82,8.34],[7.68,8.79],[8.53,9.24],[9.39,9.69],[9.39,9.69],[8.97,10.33],[8.55,10.96],[8.13,11.6],[8.13,11.6],[8.84,12.13],[9.56,12.66],[10.28,13.2],[10.28,13.2],[10.12,13.29],[9.85,13.46],[9.85,13.46],[10.54,14.06],[11.24,14.66],[11.94,15.25],[11.94,15.25],[12.85,14.84],[13.67,14.6],[14.49,14.35],[15.31,14.1],[16.12,13.84],[16.94,13.59],[16.94,13.59],[16.68,13.39],[16.68,13.39],[16.89,12.82],[17.62,12.35],[18.34,11.88],[18.89,11.46],[19.44,11.04],[19.99,10.62],[20.81,10.18],[21.64,9.75],[22.47,9.31],[23.4,8.98],[24.34,8.65],[25.27,8.31],[26.04,8.06],[26.81,7.8],[27.58,7.55],[28.34,7.29],[29.11,7.03],[30.06,6.82],[31.01,6.62],[31.95,6.41],[32.9,6.2],[33.84,5.99],[34.79,5.78],[34.79,5.78],[35.49,6.47],[35.97,7.25],[36.44,8.03],[36.92,8.81],[37.41,9.59],[37.77,10.38],[38.14,11.17],[38.51,11.96],[38.88,12.75],[39.07,13.65],[39.27,14.56],[39.27,14.56],[40.12,14.22],[40.97,13.88],[41.82,13.54],[42.67,13.19],[43.51,12.84],[44.36,12.49],[45.2,12.13],[45.5,12.75],[45.8,13.36],[46.11,13.97],[47.03,13.61],[47.95,13.24],[48.86,12.87],[49.77,12.49],[50.69,12.11],[51.59,11.73],[52.5,11.35],[53.4,10.96],[54.3,10.57],[55.2,10.18],[56.1,9.79],[56.99,9.39],[57.88,8.99],[58.77,8.59],[59.66,8.19],[60.55,7.78],[61.4,7.42],[62.25,7.07],[63.1,6.7],[63.95,6.34],[64.79,5.98]]]}},{"type":"Feature","properties":{"ma":150,"type":"gpml:TopologicalClosedPlateBoundary","name":"East Vardar","pid":307,"deforming":false},"geometry":{"type":"Polygon","coordinates":[[[39.27,14.56],[38.44,14.88],[37.53,15.22],[36.6,15.55],[35.68,15.88],[34.75,16.21],[34.35,15.5],[33.96,14.8],[33,15.17],[32.04,15.54],[31.08,15.9],[30.12,16.25],[29.8,15.66],[29.48,15.06],[29.16,14.47],[28.32,14.74],[27.48,15.01],[26.63,15.28],[25.78,15.55],[24.93,15.81],[24.6,15.21],[23.67,15.6],[22.73,15.98],[21.79,16.35],[20.85,16.72],[20.85,16.72],[21.36,17.13],[21.88,17.54],[21.89,17.55],[21.89,17.55],[22.58,17.5],[23.27,17.45],[24.31,17.53],[25.35,17.61],[26.4,17.69],[27.23,17.82],[28.07,17.95],[28.91,18.08],[29.75,18.2],[30.68,18.67],[31.61,19.13],[32.55,19.59],[33.49,20.05],[34.44,20.5],[35.4,20.86],[36.37,21.22],[37.34,21.57],[38.32,21.92],[39.3,22.27],[40.19,22.45],[41.09,22.62],[41.09,22.62],[40.88,21.73],[40.67,20.83],[40.46,19.94],[40.26,19.04],[40.06,18.14],[39.86,17.25],[39.66,16.35],[39.46,15.45],[39.27,14.56]]]}},{"type":"Feature","properties":{"ma":150,"type":"gpml:TopologicalClosedPlateBoundary","name":"West Vardar","pid":307,"deforming":false},"geometry":{"type":"Polygon","coordinates":[[[39.27,14.56],[39.07,13.65],[38.88,12.75],[38.51,11.96],[38.14,11.17],[37.77,10.38],[37.41,9.59],[36.92,8.81],[36.44,8.03],[35.97,7.25],[35.49,6.47],[34.79,5.78],[34.79,5.78],[33.84,5.99],[32.9,6.2],[31.95,6.41],[31.01,6.62],[30.06,6.82],[29.11,7.03],[28.34,7.29],[27.58,7.55],[26.81,7.8],[26.04,8.06],[25.27,8.31],[24.34,8.65],[23.4,8.98],[22.47,9.31],[21.64,9.75],[20.81,10.18],[19.99,10.62],[19.44,11.04],[18.89,11.46],[18.34,11.88],[17.62,12.35],[16.89,12.82],[16.68,13.39],[16.68,13.39],[17.42,13.96],[18.16,14.52],[18.83,15.08],[19.5,15.63],[20.17,16.18],[20.85,16.72],[20.85,16.72],[21.79,16.35],[22.73,15.98],[23.67,15.6],[24.6,15.21],[24.93,15.81],[25.78,15.55],[26.63,15.28],[27.48,15.01],[28.32,14.74],[29.16,14.47],[29.48,15.06],[29.8,15.66],[30.12,16.25],[31.08,15.9],[32.04,15.54],[33,15.17],[33.96,14.8],[34.35,15.5],[34.75,16.21],[35.68,15.88],[36.6,15.55],[37.53,15.22],[38.44,14.88],[39.27,14.56]]]}},{"type":"Feature","properties":{"ma":150,"type":"gpml:TopologicalClosedPlateBoundary","name":"Tisza - Dacia - Moesia","pid":319,"deforming":false},"geometry":{"type":"Polygon","coordinates":[[[29.5,25.12],[29.12,24.59],[28.55,24],[27.98,23.4],[27.42,22.81],[26.86,22.21],[26.27,21.61],[25.69,21.01],[25.12,20.41],[24.54,19.81],[23.87,19.24],[23.2,18.68],[22.54,18.11],[21.88,17.54],[21.43,17.19],[20.99,16.83],[20.99,16.83],[20.24,17.26],[19.47,17.69],[18.8,18.21],[18.12,18.72],[17.43,19.47],[16.74,20.22],[16.04,20.97],[16.04,20.97],[16.39,21.43],[16.73,21.89],[16.65,22.08],[17.25,22.77],[17.85,23.46],[17.78,23.62],[18.21,24.11],[18.65,24.61],[19.49,24.97],[20.34,25.33],[21.2,25.68],[21.2,25.68],[22.24,25.64],[23.28,25.58],[24.32,25.52],[25.36,25.46],[26.4,25.38],[27.44,25.3],[28.47,25.21],[29.5,25.12]]]}},{"type":"Feature","properties":{"ma":150,"type":"gpml:TopologicalClosedPlateBoundary","name":"AlCaPa","pid":334,"deforming":false},"geometry":{"type":"Polygon","coordinates":[[[20.99,16.83],[20.28,16.26],[19.57,15.68],[18.86,15.11],[18.16,14.52],[17.55,14.06],[16.94,13.59],[16.94,13.59],[16.12,13.84],[15.31,14.1],[14.49,14.35],[13.67,14.6],[12.85,14.84],[12.35,15.07],[11.84,15.3],[11.84,15.3],[12.36,16.03],[12.88,16.77],[13.4,17.5],[13.93,18.23],[14.46,18.96],[15,19.69],[15.54,20.42],[16.21,20.06],[16.88,19.71],[17.54,19.35],[17.54,19.35],[18.12,18.72],[18.8,18.21],[19.47,17.69],[20.24,17.26],[20.99,16.83]]]}},{"type":"Feature","properties":{"ma":150,"type":"gpml:TopologicalClosedPlateBoundary","name":"AlKaPeCa","pid":329,"deforming":false},"geometry":{"type":"Polygon","coordinates":[[[-2.72,8.91],[-1.75,9.1],[-0.78,9.29],[0.19,9.47],[1.15,9.72],[2.12,9.95],[3.09,10.19],[4.06,10.43],[4.22,11.08],[5.09,11.37],[5.96,11.66],[6.83,11.95],[7.7,12.24],[7.7,12.24],[8.13,11.6],[8.55,10.97],[8.97,10.33],[9.39,9.69],[9.39,9.69],[8.53,9.24],[7.68,8.79],[6.82,8.34],[5.97,7.88],[5.07,7.59],[4.16,7.3],[3.26,7.01],[2.36,6.71],[1.45,6.42],[1.45,6.42],[1.25,6.52],[0.76,6.71],[0.28,6.89],[-0.2,7.06],[-0.68,7.23],[-1.21,7.42],[-1.74,7.6],[-2.43,7.85],[-3.24,8.35],[-4.02,8.83],[-4.48,9.11],[-4.75,9.27],[-5.14,9.59],[-5.52,9.9],[-5.98,10.27],[-6.2,10.44],[-6.64,10.82],[-7.08,11.2],[-7.08,11.2],[-6.2,10.75],[-5.33,10.29],[-4.45,9.83],[-3.59,9.37],[-2.72,8.91]]]}},{"type":"Feature","properties":{"ma":150,"type":"gpml:TopologicalClosedPlateBoundary","name":"Mongol-Okhotsk Ocean","pid":380,"deforming":false},"geometry":{"type":"Polygon","coordinates":[[[113.94,83.92],[118.6,83.18],[122.34,82.4],[125.03,81.49],[127.19,80.57],[128.57,79.82],[129.76,79.06],[130.79,78.3],[131.7,77.54],[132.49,76.75],[133.2,75.95],[133.82,75.14],[134.09,74.39],[134.33,73.63],[134.55,72.88],[134.47,72.14],[134.39,71.41],[134.32,70.68],[134.21,69.81],[134.11,68.95],[133.98,68.19],[133.85,67.44],[133.68,66.6],[133.51,65.77],[133.21,65.03],[132.93,64.28],[132.66,63.39],[132.41,62.49],[132.19,61.76],[131.98,61.03],[131.79,60.43],[131.61,59.82],[131.41,59.16],[131.22,58.5],[130.96,57.68],[130.72,56.87],[130.4,55.93],[130.09,54.99],[129.7,54.11],[129.32,53.24],[129.07,52.56],[128.83,51.89],[128.6,51.22],[128.29,50.56],[128,49.91],[127.7,49.25],[127.41,48.49],[127.12,47.72],[126.83,46.96],[126.55,46.12],[126.28,45.29],[126.01,44.46],[125.72,43.59],[125.43,42.73],[125.16,41.86],[124.94,41.12],[124.74,40.38],[124.54,39.65],[124.34,38.91],[124.08,38.11],[123.82,37.31],[123.57,36.52],[123.33,35.72],[123.09,34.89],[122.85,34.05],[122.62,33.22],[122.4,32.38],[122.18,31.55],[121.81,30.67],[121.46,29.79],[121.11,28.9],[120.76,28.02],[120.43,27.14],[120.12,26.43],[119.81,25.72],[119.51,25.02],[119.51,25.02],[120.24,24.46],[120.97,23.91],[121.48,23.43],[122,22.94],[122.5,22.46],[123.2,21.82],[123.89,21.17],[124.6,20.49],[125.31,19.8],[125.47,19.1],[125.77,18.49],[126.07,17.88],[126.55,17.3],[127.03,16.71],[127.79,16.47],[128.55,16.24],[129.31,16],[129.31,16],[129.01,15.24],[128.73,14.47],[128.44,13.71],[128.15,12.95],[127.65,12.11],[127.15,11.27],[126.65,10.43],[126.62,10.37],[126.62,10.37],[125.65,10.6],[124.67,10.82],[123.68,11.04],[122.96,11.51],[122.23,11.98],[121.49,12.45],[120.76,12.91],[120.02,13.38],[119.28,13.84],[118.33,14.08],[117.38,14.31],[116.43,14.55],[115.47,14.77],[114.52,15],[113.61,15.24],[112.7,15.48],[111.78,15.72],[110.87,15.95],[109.95,16.18],[109.03,16.41],[108.11,16.63],[107.19,17.08],[106.27,17.52],[105.35,17.96],[104.42,18.4],[103.48,18.83],[102.69,19.31],[101.89,19.79],[101.09,20.27],[100.29,20.75],[99.48,21.22],[98.49,21.6],[98.49,21.6],[98.38,21.27],[98.38,21.27],[98.38,21.27],[98.38,21.27],[98.38,21.27],[98.38,21.27],[97.66,21.49],[96.95,21.71],[95.89,21.81],[94.82,21.9],[93.76,21.99],[92.69,22.06],[91.63,22.13],[90.56,22.2],[89.49,22.26],[89.14,21.56],[88.8,20.86],[88.11,20.91],[87.42,20.95],[86.69,21.03],[85.96,21.11],[85.23,21.19],[85.01,20.71],[84.8,20.24],[83.77,20.4],[82.74,20.56],[81.71,20.71],[80.67,20.86],[79.64,21],[78.6,21.14],[77.56,21.27],[76.52,21.39],[75.46,21.52],[74.4,21.64],[73.34,21.76],[72.28,21.87],[71.22,21.98],[70.16,22.08],[69.39,22.06],[69.39,22.06],[69.39,22.06],[69.39,22.06],[69.01,22.05],[69.01,22.05],[68.49,21.2],[67.57,21.31],[66.64,21.41],[65.71,21.51],[64.85,21.67],[63.97,21.82],[63.1,21.97],[63.1,21.97],[63.12,22.82],[63.14,23.67],[62.89,24.62],[62.64,25.56],[62.38,26.51],[62.12,27.45],[61.85,28.4],[61.58,29.34],[61.58,29.34],[62.3,29.99],[63.04,30.63],[63.78,31.26],[64,32.06],[64.23,32.86],[64.46,33.65],[64.69,34.45],[64.93,35.25],[64.85,35.98],[64.77,36.7],[64.69,37.43],[64.28,38.14],[63.86,38.84],[63.55,39.68],[63.23,40.52],[63.79,41.37],[64.36,42.22],[64.95,43.06],[65.56,43.9],[66.18,44.74],[66.75,45.3],[67.33,45.85],[67.93,46.4],[68.95,47.07],[69.99,47.73],[71.06,48.37],[71.96,48.91],[72.88,49.45],[73.82,49.97],[74.78,50.49],[75.56,51.12],[76.37,51.74],[76.36,52.32],[76.35,52.91],[75.37,53.41],[74.37,53.91],[73.34,54.39],[72.29,54.87],[71.46,55.48],[70.6,56.07],[69.72,56.67],[68.81,57.25],[69.51,57.96],[70.23,58.67],[70.99,59.37],[71.78,60.07],[71.78,60.07],[72.6,60.74],[73.46,61.41],[74.35,62.08],[75.28,62.74],[75.39,63.61],[75.5,64.48],[75.62,65.35],[75.75,66.22],[76.28,66.88],[76.83,67.54],[77.42,68.2],[79.08,68.72],[80.82,69.23],[82.64,69.71],[82.67,70.52],[82.7,71.33],[82.74,72.14],[82.79,72.94],[84.24,73.77],[85.85,74.58],[87.63,75.38],[89.61,76.16],[91.81,76.93],[94.29,77.68],[97.07,78.4],[100.21,79.09],[103.76,79.75],[105.33,80.39],[107.12,81.03],[107.12,81.03],[107.07,81.75],[107.01,82.47],[107.36,83.22],[107.8,83.98],[108.03,84.62],[113.94,83.92]]]}},{"type":"Feature","properties":{"ma":150,"type":"gpml:TopologicalNetwork","name":"Greater_India_East_Mesh","pid":801,"deforming":true},"geometry":{"type":"Polygon","coordinates":[[[75.78,-43.94],[75.99,-43.27],[76.19,-42.61],[76.19,-42.61],[76.2,-42.6],[76.42,-41.94],[76.65,-41.26],[77.04,-40.64],[77.31,-40.19],[77.83,-39.62],[78.33,-39.04],[79.33,-38.63],[80.21,-37.99],[80.9,-37.8],[81.58,-37.6],[82.23,-37.44],[82.87,-37.28],[83.55,-37.16],[84.23,-37.03],[84.98,-36.99],[85.72,-36.95],[86.45,-36.85],[87.18,-36.75],[87.81,-36.72],[88.43,-36.68],[89.34,-36.51],[90.38,-36.23],[90.51,-35.71],[90.64,-35.19],[90.34,-34.5],[90.2,-33.52],[90.5,-32.92],[91.3,-32.54],[91.95,-32.46],[92.6,-32.37],[93.43,-32.25],[94.26,-32.12],[95.31,-31.92],[96.36,-31.72],[97.5,-31.62],[98.11,-31.57],[98.73,-31.52],[99.67,-31.44],[100.53,-31.27],[101.31,-30.87],[101.8,-30.53],[102.29,-30.2],[102.49,-30.07],[102.49,-30.07],[103.07,-30.86],[103.67,-31.66],[104.28,-32.45],[104.28,-32.45],[104.04,-32.58],[103.39,-33.02],[102.76,-33.29],[102.12,-33.56],[101.52,-33.74],[100.91,-33.93],[100.12,-34.09],[99.73,-34.16],[99.28,-34.24],[98.55,-34.43],[97.93,-34.59],[97.32,-34.74],[96.59,-35.37],[95.69,-35.81],[94.66,-36.22],[93.76,-36.5],[92.9,-36.91],[92.44,-37.34],[91.76,-37.62],[90.83,-37.79],[89.89,-37.96],[89.22,-38.05],[88.56,-38.13],[87.84,-38.26],[87.12,-38.38],[86,-38.45],[84.87,-38.51],[83.8,-38.16],[83.08,-38.26],[82.27,-38.54],[81.81,-39.02],[81.08,-39.59],[80.31,-39.94],[79.67,-40.46],[79.17,-40.84],[78.68,-41.21],[78.28,-41.62],[77.85,-42.04],[77.3,-42.94],[76.78,-43.36],[76.25,-43.77],[75.78,-43.94]]]}},{"type":"Feature","properties":{"ma":150,"type":"gpml:TopologicalNetwork","name":"Greater_India_West_Mesh","pid":739,"deforming":true},"geometry":{"type":"Polygon","coordinates":[[[51.03,-27.63],[51.03,-27.63],[51.82,-28.1],[52.61,-28.57],[53.46,-29.05],[54.31,-29.54],[55.05,-29.99],[55.79,-30.44],[56.54,-30.89],[57.4,-31.42],[58.26,-31.93],[59.14,-32.45],[60.02,-32.95],[60.39,-33.6],[61.12,-34.33],[61.87,-35.06],[62.46,-35.63],[63.06,-36.19],[63.67,-36.75],[64.42,-37.24],[65.18,-37.73],[65.94,-38.21],[66.77,-38.94],[67.27,-39.37],[67.78,-39.79],[68.52,-40.45],[69.34,-41.16],[70.06,-41.88],[70.81,-42.61],[71.37,-42.98],[71.93,-43.34],[72.86,-43.41],[73.66,-43.47],[73.81,-43.5],[73.81,-43.5],[73.88,-43.49],[74.74,-43.37],[75.28,-43.2],[75.69,-43.07],[76.19,-42.61],[76.19,-42.61],[75.99,-43.27],[75.78,-43.94],[75.78,-43.94],[74.91,-44.23],[74.12,-44.26],[73.33,-44.28],[73.33,-44.28],[73.12,-44.25],[72.52,-44.15],[71.82,-44.03],[71.18,-43.81],[70.74,-43.66],[70.19,-43.22],[69.65,-42.78],[69.11,-42.18],[68.72,-41.75],[68.62,-41.65],[68.23,-41.27],[67.93,-40.97],[67.43,-40.56],[66.79,-40.02],[66.49,-39.77],[66.27,-39.57],[65.55,-38.95],[64.94,-38.49],[64.34,-38.02],[64.13,-37.85],[63.38,-37.2],[62.79,-36.89],[62.16,-36.55],[61.76,-36.11],[61.36,-35.67],[60.75,-35],[60.37,-34.58],[59.95,-34],[59.53,-33.42],[59.38,-33.22],[58.71,-32.89],[58.35,-32.63],[58.22,-32.54],[57.7,-32.16],[56.92,-31.69],[56.51,-31.44],[55.79,-31.01],[54.84,-30.44],[53.98,-29.91],[53.62,-29.68],[53,-29.33],[52.39,-28.96],[51.76,-28.58],[51.27,-28.28],[50.78,-27.97],[51.03,-27.63]]]}},{"type":"Feature","properties":{"ma":150,"type":"gpml:TopologicalNetwork","name":"Greater_India_East_Mesh","pid":801,"deforming":true},"geometry":{"type":"Polygon","coordinates":[[[83,-47.77],[82.15,-47.76],[81.28,-47.76],[80.4,-47.76],[79.6,-47.68],[78.8,-47.6],[77.46,-47.26],[77.32,-47.25],[77.32,-47.25],[77.36,-47.24],[78.16,-46.74],[78.94,-46.24],[78.3,-45.67],[77.68,-45.1],[77.07,-44.53],[77.64,-43.96],[78.21,-43.39],[79.14,-43.17],[80.07,-42.95],[80.99,-42.71],[81.58,-42.03],[81.3,-41.18],[82.27,-40.68],[82.92,-40.95],[83.58,-41.22],[84.33,-41.83],[85.22,-42.07],[86.11,-42.32],[87.11,-42.64],[88.13,-42.96],[88.85,-42.93],[89.43,-42.04],[90.09,-41.4],[90.75,-40.75],[91.58,-40.01],[92.05,-39.6],[92.53,-39.18],[92.84,-38.9],[93.72,-38.69],[94.6,-38.47],[95.47,-38.25],[96.3,-37.93],[97.12,-37.61],[97.02,-37.22],[98.12,-36.91],[99.21,-36.59],[100.29,-36.26],[101.16,-36.02],[102.03,-35.77],[102.89,-35.52],[103.14,-36.03],[103.39,-36.55],[104.22,-36.21],[105.05,-35.86],[105.86,-35.5],[105.86,-35.5],[106.39,-36.13],[106.93,-36.76],[107.62,-37.44],[108.31,-38.11],[109.03,-38.78],[109.75,-39.44],[110.49,-40.1],[111.24,-40.75],[112,-41.4],[112,-41.4],[111.2,-41.53],[110.4,-41.67],[109.22,-42.1],[108.02,-42.52],[107.19,-42.8],[106.35,-43.07],[105.5,-43.34],[104.66,-44.03],[103.67,-44.23],[102.68,-44.42],[101.68,-44.61],[100.45,-44.85],[99.2,-45.07],[98.16,-45.24],[97.11,-45.4],[96.06,-45.55],[94.96,-46],[93.84,-46.43],[92.73,-46.79],[91.61,-47.15],[90.47,-47.49],[89.4,-47.54],[88.33,-47.59],[87.26,-47.62],[86.15,-47.68],[85.04,-47.72],[83.93,-47.76],[83.84,-47.78],[83,-47.77]]]}},{"type":"Feature","properties":{"ma":150,"type":"gpml:TopologicalNetwork","name":"IA_PNG_Jurassic_Deforming_Network","pid":615,"deforming":true},"geometry":{"type":"Polygon","coordinates":[[[114.92,-32.55],[115.09,-33.18],[115.24,-33.75],[115.24,-33.75],[116.35,-34],[117.05,-34.13],[118.1,-34.47],[118.66,-34.6],[119.2,-34.79],[119.85,-35.03],[120.77,-35.31],[121.31,-35.52],[121.6,-35.57],[121.94,-35.77],[121.94,-35.77],[122.17,-35.44],[122.57,-35.17],[122.57,-35.17],[122.68,-35.18],[123.46,-35.27],[124.42,-35.62],[125.28,-36.04],[125.48,-36.18],[125.4,-36.5],[125.3,-36.6],[125.19,-36.85],[125.19,-36.85],[125.28,-36.89],[125.85,-37.25],[126.25,-37.57],[126.71,-38.26],[127.22,-38.77],[128.04,-39.24],[128.04,-39.24],[127.51,-39.83],[126.7,-40.48],[126.55,-40.65],[126.55,-40.65],[125.99,-40.24],[125.43,-39.83],[124.52,-39.24],[123.85,-38.91],[123.19,-38.57],[122.88,-38.39],[122.58,-38.2],[122.32,-38.02],[122.12,-37.79],[122.16,-37.56],[122.27,-37.36],[122.29,-37.3],[121.86,-37.13],[121.52,-37.05],[121.26,-36.9],[120.79,-36.72],[120.11,-36.47],[119.7,-36.26],[118.89,-36.09],[118.45,-35.96],[117.86,-35.85],[117.47,-35.77],[116.81,-35.65],[116.32,-35.54],[115.34,-35.17],[114.98,-35.09],[114.35,-34.95],[113.97,-34.82],[113.19,-34.49],[112.75,-34.34],[111.92,-33.72],[111.11,-33.1],[110.69,-32.32],[110.23,-31.53],[110.28,-30.98],[110.33,-30.43],[110.31,-30.14],[110.31,-30.14],[110.34,-30.15],[110.95,-30.3],[111.56,-30.46],[112.1,-30.76],[112.65,-31.05],[113.19,-31.47],[113.73,-31.88],[114.39,-32.24],[114.92,-32.55]]]}},{"type":"Feature","properties":{"ma":150,"type":"gpml:TopologicalNetwork","name":"Inactive_PNG_Jurassic_Deforming_Network","pid":615,"deforming":true},"geometry":{"type":"Polygon","coordinates":[[[114.86,-30.27],[114.86,-30.27],[114.92,-30.17],[115.68,-29.69],[116.55,-29.49],[117.35,-29.63],[118.16,-29.76],[119.18,-30.08],[120.2,-30.39],[121.26,-30.74],[122.32,-31.08],[123.35,-31.55],[124.38,-32.01],[125.43,-32.47],[126.11,-33.13],[126.8,-33.78],[126.56,-34.26],[126.55,-34.28],[126.55,-34.28],[126.16,-34.02],[125.8,-33.78],[125.39,-33.64],[124.94,-33.49],[124.11,-33.21],[123.14,-32.92],[122.37,-32.68],[121.61,-32.43],[121,-32.23],[120.4,-32.03],[119.43,-31.74],[118.53,-31.47],[117.76,-31.3],[117.01,-31.14],[115.95,-30.79],[115.16,-30.58],[115.13,-30.57],[114.86,-30.27]]]}},{"type":"Feature","properties":{"ma":150,"type":"gpml:TopologicalNetwork","name":"Inactive_Central_Atlantic_Mesh","pid":101,"deforming":true},"geometry":{"type":"Polygon","coordinates":[[[-11.06,14.25],[-11.32,14.47],[-11.81,14.79],[-12.24,14.85],[-12.79,15.31],[-13.21,15.47],[-13.93,15.25],[-14.68,15.22],[-15.44,15.19],[-16.12,14.72],[-16.57,14.34],[-16.87,14.07],[-17.27,13.87],[-17.73,13.76],[-18.28,14.02],[-18.99,14.47],[-19.66,14.65],[-20.22,14.7],[-20.38,14.71],[-20.61,14.57],[-20.93,14.42],[-21.06,14.36],[-21.15,14.31],[-21.23,14.26],[-21.31,14.2],[-21.55,14.05],[-21.84,13.86],[-21.96,13.76],[-22.14,13.63],[-22.27,13.56],[-22.38,13.48],[-22.56,13.37],[-22.74,13.26],[-22.87,13.14],[-23.18,13.12],[-23.44,13.26],[-23.69,13.4],[-24.06,13.59],[-24.29,13.53],[-24.5,13.51],[-24.76,13.54],[-25.05,13.55],[-25.33,13.58],[-25.52,13.6],[-25.75,13.64],[-25.97,13.73],[-26.25,13.83],[-26.42,13.9],[-26.71,13.79],[-26.86,13.76],[-27.22,13.81],[-27.89,13.78],[-28.45,13.57],[-28.99,13.16],[-29.35,12.56],[-29.75,12.1],[-29.93,11.84],[-30.01,11.42],[-30.06,11.02],[-30.2,10.47],[-30.69,10.05],[-31.15,9.63],[-31.62,9.26],[-31.99,8.95],[-32.61,8.53],[-33,8.13],[-33.75,8.04],[-34.55,7.94],[-35.37,7.83],[-35.78,7.56],[-36.11,7.27],[-35.87,6.88],[-35.87,6.67],[-36.14,6.27],[-36.11,5.75],[-36.14,4.83],[-36.13,4.51],[-36.18,4.08],[-36.2,4.01],[-36.2,4.01],[-36.61,4.14],[-37.24,4.42],[-37.81,4.87],[-38.13,5.5],[-38.49,5.97],[-38.96,6.41],[-39.34,6.9],[-39.39,7.44],[-39.97,7.94],[-40.38,8.44],[-40.79,8.93],[-40.79,8.93],[-40.22,8.99],[-39.93,8.97],[-39.61,9.24],[-39.18,9.6],[-38.78,9.88],[-38.38,10.14],[-38.25,10.33],[-37.9,10.4],[-37.58,10.46],[-37.04,10.56],[-36.4,10.65],[-35.75,10.73],[-35.16,11.1],[-34.65,11.51],[-34.38,12.25],[-34.15,12.85],[-33.49,13.11],[-32.66,13.57],[-32.28,13.84],[-31.75,14.26],[-31.21,14.69],[-30.89,15.1],[-30.68,15.52],[-30.24,15.64],[-30.1,15.73],[-29.85,15.69],[-29.55,15.58],[-29.26,15.55],[-28.78,15.64],[-28.52,15.65],[-28.34,15.63],[-28,15.86],[-27.64,16.1],[-27.14,16.17],[-26.75,16.45],[-26.48,17],[-26.22,17.06],[-25.85,16.88],[-25.29,17.09],[-24.8,17.06],[-24.02,17.04],[-23.19,17.1],[-22.65,17.18],[-21.84,17.23],[-21.29,17.47],[-20.54,17.79],[-19.9,17.98],[-19.32,18.06],[-18.66,18.11],[-18.31,18.1],[-17.83,17.94],[-17.17,17.8],[-16.57,17.79],[-16.07,17.77],[-15.56,17.72],[-15.03,17.64],[-14.38,17.53],[-13.66,17.29],[-12.99,17.03],[-12.22,16.83],[-11.89,16.68],[-11.74,16.46],[-11.53,16.34],[-11.41,16.18],[-11.31,16.07],[-11.15,15.87],[-10.91,15.65],[-10.99,15.55],[-11.15,15.46],[-11.47,15.51],[-11.47,15.31],[-11.37,15.07],[-11.03,15.21],[-10.98,15.22],[-10.86,15.17],[-10.9,14.95],[-10.96,14.54],[-10.7,14.43],[-10.7,14.43],[-11.06,14.25]]]}},{"type":"Feature","properties":{"ma":150,"type":"gpml:TopologicalNetwork","name":"Inactive_Central_Atlantic_Mesh","pid":714,"deforming":true},"geometry":{"type":"Polygon","coordinates":[[[-3.91,8.76],[-4.03,8.68],[-4.44,8.51],[-5.05,8.26],[-5.64,8.01],[-6.33,7.73],[-6.94,7.47],[-7.43,7.26],[-7.89,7.07],[-8.44,6.84],[-9.05,6.58],[-9.6,6.73],[-10.2,6.8],[-10.54,6.96],[-10.87,7.11],[-11.38,7.27],[-11.84,7.52],[-12.46,7.65],[-12.9,7.57],[-13.55,7.27],[-14.36,7.11],[-15.08,6.92],[-15.6,6.62],[-16.48,6.28],[-16.9,5.93],[-17.66,5.49],[-18.37,5.14],[-18.93,5.2],[-19.09,5.29],[-19.6,5.28],[-20.55,5.26],[-21.45,5.36],[-21.58,5.26],[-22.04,5.02],[-22.5,4.78],[-22.82,4.32],[-23.14,3.87],[-23.37,3.41],[-23.6,2.96],[-23.79,2.33],[-24.09,1.77],[-24.45,1.2],[-24.64,0.99],[-24.89,0.73],[-24.99,0.3],[-25.03,-0.15],[-25.05,-0.93],[-25.25,-1.37],[-25.45,-1.75],[-25.74,-1.98],[-25.92,-2.27],[-26.04,-2.53],[-26.23,-2.89],[-26.67,-2.9],[-27.09,-2.92],[-27.69,-3.23],[-28.05,-3.56],[-28.3,-3.94],[-28.44,-4.73],[-28.6,-5.63],[-28.56,-6.22],[-28.2,-6.82],[-27.85,-7.42],[-27.7,-8.34],[-27.75,-9.07],[-27.68,-9.94],[-28.02,-10.48],[-28.02,-10.48],[-28.05,-10.47],[-28.35,-10.18],[-28.35,-10.18],[-28.33,-9.96],[-28.22,-9.27],[-28.12,-8.58],[-28.14,-7.92],[-28.31,-7.38],[-28.43,-6.93],[-28.59,-6.7],[-28.66,-6.36],[-28.7,-6.03],[-28.7,-5.76],[-28.75,-5.44],[-28.81,-5.12],[-28.85,-4.9],[-28.91,-4.36],[-29.2,-3.96],[-29.88,-3.69],[-29.94,-3.38],[-29.94,-3.38],[-29.94,-3.38],[-29.62,-2.95],[-29.3,-2.52],[-29,-2.05],[-28.7,-1.59],[-28.24,-1.12],[-27.77,-0.65],[-27.11,-0.22],[-26.6,0.17],[-26.36,0.51],[-26.08,0.86],[-25.94,1.08],[-25.81,1.31],[-25.65,1.49],[-25.52,1.72],[-25.34,2.05],[-25.11,2.38],[-24.94,2.66],[-24.77,3.04],[-24.46,3.4],[-24.19,3.76],[-23.96,4.12],[-23.71,4.73],[-23.31,5.29],[-22.85,5.72],[-22.38,5.82],[-21.97,5.96],[-21.74,6.06],[-21.67,6.11],[-21.67,6.11],[-21.31,6.29],[-21,6.52],[-20.65,6.6],[-20.09,6.73],[-19.77,6.76],[-19.11,6.99],[-18.78,7.01],[-18.26,7.13],[-17.93,7.22],[-17.63,7.37],[-17.33,7.61],[-16.79,8.01],[-16.28,8.35],[-15.78,8.38],[-15.4,8.41],[-14.98,8.42],[-14.64,8.35],[-14.29,8.42],[-14.04,8.34],[-13.8,8.28],[-13.71,8.35],[-13.42,8.49],[-13.01,8.83],[-12.65,9.06],[-12.44,9.24],[-12.03,9.6],[-11.78,9.72],[-11.34,9.98],[-10.8,10.34],[-10.43,10.62],[-10.02,10.9],[-9.62,11],[-9.25,11.12],[-8.8,11.09],[-8.21,11.19],[-7.66,11.2],[-7.12,11.2],[-7.08,11.2],[-7.08,11.2],[-6.64,10.82],[-6.2,10.44],[-5.98,10.27],[-5.52,9.9],[-5.14,9.59],[-4.75,9.27],[-4.48,9.11],[-4.02,8.83],[-3.91,8.76]]]}},{"type":"Feature","properties":{"ma":150,"type":"gpml:TopologicalNetwork","name":"Inactive_Proto_Caribbean_Mesh","pid":101,"deforming":true},"geometry":{"type":"Polygon","coordinates":[[[-31.26,-8.44],[-31.78,-8.4],[-32.3,-8.35],[-32.31,-8.35],[-32.31,-8.35],[-32.8,-8.56],[-33.28,-8.76],[-33.86,-8.79],[-34.43,-8.81],[-34.95,-8.8],[-35.47,-8.79],[-36.38,-8.56],[-37.17,-8.53],[-37.95,-8.5],[-38.63,-8.44],[-39.31,-8.38],[-39.99,-8.31],[-40.73,-8.51],[-41.47,-8.7],[-42.05,-9.23],[-42.63,-9.75],[-43.23,-9.89],[-43.83,-10.02],[-44.34,-10.18],[-44.84,-10.33],[-45.41,-10.46],[-45.97,-10.58],[-46.58,-10.85],[-47.19,-11.12],[-47.81,-11.52],[-48.44,-11.91],[-49.15,-12.33],[-49.86,-12.75],[-50.67,-12.98],[-51.49,-13.2],[-52.38,-13.03],[-53.26,-12.86],[-53.96,-12.55],[-54.66,-12.24],[-55.19,-12.07],[-55.72,-11.89],[-56.32,-11.82],[-56.92,-11.75],[-57.47,-11.88],[-58.03,-12.01],[-58.66,-12.01],[-59.29,-12.01],[-59.29,-12.01],[-59.26,-11.93],[-59.07,-11.57],[-58.91,-11.25],[-58.73,-11],[-58.45,-10.6],[-58.25,-10.27],[-58.04,-9.99],[-57.78,-9.62],[-57.49,-9.33],[-57.22,-9.04],[-57.03,-8.86],[-56.72,-8.57],[-56.37,-8.25],[-56.04,-7.98],[-55.78,-7.82],[-55.51,-7.55],[-55.31,-7.42],[-55.22,-7.14],[-54.86,-6.76],[-54.51,-6.37],[-54.65,-5.61],[-54.79,-4.85],[-54.69,-4.32],[-54.59,-3.79],[-54.59,-3.79],[-53.82,-3.4],[-53.05,-3],[-52.28,-2.6],[-51.56,-2.34],[-50.84,-2.09],[-50.13,-1.83],[-49.41,-1.57],[-48.46,-1.32],[-47.52,-1.07],[-46.58,-0.82],[-45.94,-0.54],[-45.3,-0.26],[-44.33,-0.3],[-43.35,-0.35],[-42.38,-0.39],[-41.64,-0.72],[-40.9,-1.04],[-40.17,-1.36],[-39.43,-1.69],[-38.69,-2.01],[-38.69,-2.01],[-38.08,-2.57],[-37.47,-3.13],[-36.86,-3.69],[-36.12,-4.37],[-35.39,-5.04],[-34.65,-5.7],[-34.16,-6.21],[-33.67,-6.73],[-33.18,-7.23],[-33.16,-7.24],[-33.16,-7.24],[-33.04,-7.24],[-32.83,-7.23],[-32.2,-7.29],[-31.56,-7.34],[-31.29,-7],[-31.14,-6.5],[-31.11,-6.01],[-31.08,-5.95],[-31.08,-5.95],[-30.99,-6.05],[-30.77,-6.46],[-30.8,-7.14],[-30.78,-8.08],[-30.5,-8.73],[-31.26,-8.44]]]}},{"type":"Feature","properties":{"ma":150,"type":"gpml:TopologicalNetwork","name":"Inactive_Proto_Caribbean_Mesh","pid":101,"deforming":true},"geometry":{"type":"Polygon","coordinates":[[[-60.13,9.56],[-59.54,10],[-58.88,10.49],[-58.27,11.11],[-57.65,11.81],[-57.21,12.55],[-56.47,13.2],[-55.72,13.86],[-54.97,14.51],[-54.26,14.9],[-53.54,15.29],[-52.83,15.68],[-52.29,15.63],[-51.75,15.58],[-50.72,15.57],[-50.2,15.4],[-49.68,15.22],[-48.94,15.02],[-48.21,14.81],[-47.4,14.21],[-46.93,13.93],[-46.47,13.64],[-45.98,13.38],[-45.5,13.13],[-45,12.82],[-44.51,12.51],[-43.84,12.11],[-43.22,11.55],[-42.45,11.02],[-42.45,11.02],[-41.97,10.27],[-41.51,9.76],[-41.05,9.25],[-40.51,8.59],[-39.97,7.94],[-39.39,7.44],[-39.34,6.9],[-38.96,6.41],[-38.49,5.97],[-38.13,5.5],[-37.81,4.87],[-37.24,4.42],[-36.61,4.14],[-36.2,4.01],[-36.2,4.01],[-36.31,3.61],[-36.38,3.32],[-36.38,3.32],[-36.31,3.3],[-36.18,3.09],[-35.54,3.02],[-35.38,2.52],[-35.22,2.03],[-34.98,2],[-34.62,1.92],[-34.62,1.92],[-34.6,1.76],[-34.39,1.45],[-34.03,0.97],[-33.67,0.22],[-33.36,-0.47],[-33.17,-1],[-32.74,-1.55],[-32.33,-1.89],[-31.97,-2.18],[-31.61,-2.66],[-31.08,-3.22],[-31.03,-3.69],[-31.65,-3.85],[-32.27,-4.18],[-33.25,-4.12],[-33.92,-3.81],[-34.36,-3.39],[-34.75,-3.01],[-35.14,-2.63],[-35.82,-1.98],[-36.33,-1.41],[-36.67,-1.04],[-37,-0.66],[-37.54,-0.24],[-38.07,0.19],[-38.49,0.49],[-38.9,0.8],[-39.34,1.05],[-39.69,1.44],[-40.03,1.84],[-40.19,1.85],[-40.19,1.85],[-40.35,2.13],[-40.59,2.43],[-41.03,3.09],[-41.49,3.63],[-41.86,4.24],[-42.13,4.95],[-42.33,5.53],[-42.85,6.37],[-43.25,6.88],[-43.81,7.38],[-44.38,7.9],[-44.66,8.11],[-45.26,8.62],[-45.73,8.72],[-46.18,8.87],[-46.64,8.84],[-47.28,9.14],[-47.8,9.18],[-48.42,9.34],[-49.04,9.49],[-49.51,9.27],[-50.07,9.18],[-50.62,9.09],[-51.46,8.76],[-52.41,8.48],[-53.35,8.19],[-53.49,7.67],[-53.62,7.15],[-53.54,6.61],[-53.46,6.07],[-53.49,5.45],[-53.52,4.83],[-53.63,4.33],[-53.75,3.83],[-53.73,3.09],[-53.76,2.6],[-53.88,1.84],[-53.99,1.09],[-54.03,0.9],[-54.03,0.9],[-54.47,0.97],[-55.07,1.31],[-55.49,1.62],[-55.91,1.93],[-56.42,2.26],[-56.93,2.58],[-57.56,3],[-58.19,3.41],[-58.95,3.88],[-59.46,4.34],[-59.49,4.37],[-59.49,4.37],[-59.48,4.85],[-59.48,5.48],[-59.5,5.96],[-59.72,6.28],[-59.89,6.65],[-60.06,7.01],[-60.27,7.45],[-60.44,7.85],[-60.53,8.28],[-60.68,8.64],[-60.72,9.11],[-60.13,9.56]]]}},{"type":"Feature","properties":{"ma":150,"type":"gpml:TopologicalNetwork","name":"Inactive_mesh_yucatan","pid":2004,"deforming":true},"geometry":{"type":"Polygon","coordinates":[[[-41.87,2.48],[-42.12,2.04],[-42.37,1.59],[-43.12,1.09],[-43.7,0.93],[-44.28,0.77],[-44.8,0.52],[-45.5,0.34],[-46.29,0.14],[-47.01,-0.22],[-47.79,-0.63],[-48.22,-0.98],[-48.94,-1.14],[-49.66,-1.31],[-50.25,-1.38],[-50.86,-1.44],[-51.2,-1.16],[-51.38,-0.79],[-51.58,-0.14],[-52.14,0.33],[-52.4,0.97],[-52.83,1.58],[-53.08,2.21],[-53.38,3.04],[-53.48,3.7],[-53.39,4.28],[-53.1,4.61],[-53.04,4.93],[-52.7,5.17],[-52.31,5.59],[-51.64,6.31],[-51.04,6.48],[-50.61,6.29],[-50.61,6.29],[-50.4,6.37],[-49.77,6.59],[-49.4,6.7],[-48.99,6.73],[-48.62,7],[-47.98,6.97],[-47.46,7.21],[-47.08,7.24],[-46.67,7.21],[-46.15,7.24],[-45.79,7.13],[-45.25,6.89],[-44.77,6.6],[-44.12,6.15],[-43.77,6.02],[-43.54,5.68],[-43.26,5.25],[-43.21,4.58],[-42.67,3.94],[-42.4,3.5],[-42.03,3.27],[-41.76,2.74],[-41.87,2.48]]]}},{"type":"Feature","properties":{"ma":150,"type":"gpml:TopologicalNetwork","name":"Inactive_Greater_India_Network","pid":501,"deforming":true},"geometry":{"type":"Polygon","coordinates":[[[48.76,-30.68],[49.81,-31.01],[50.87,-31.34],[51.54,-31.78],[52.21,-32.22],[53.16,-32.83],[54.11,-33.42],[54.73,-33.79],[55.36,-34.15],[56.1,-34.57],[56.85,-34.98],[57.72,-35.67],[58.52,-36.28],[59.32,-36.89],[59.76,-37.37],[60.2,-37.86],[60.84,-38.55],[61.48,-39.23],[62.18,-39.85],[62.89,-40.46],[63.03,-40.57],[63.61,-41.06],[64.21,-41.56],[64.71,-41.95],[65.21,-42.35],[65.65,-42.76],[66.09,-43.17],[66.76,-43.77],[67.36,-44.3],[68.21,-45.02],[68.98,-45.78],[69.78,-46.53],[70.68,-46.77],[71.42,-46.95],[72.47,-47.21],[73.23,-47.25],[73.98,-47.28],[74.56,-47.3],[74.56,-47.3],[74.38,-47.76],[73.81,-48.21],[73.27,-48.71],[72.75,-49.45],[72.39,-50.03],[72.02,-50.6],[71.34,-51.43],[71.25,-52.1],[71.15,-52.77],[69.8,-53.15],[68.43,-53.52],[68.33,-53.54],[68.33,-53.54],[67.87,-53.41],[66.83,-53.44],[65.68,-53.6],[64.56,-53.73],[64.11,-53.6],[62.82,-53.29],[62.11,-53.1],[61.4,-52.9],[60.15,-52.56],[59.37,-52.39],[58.91,-52.01],[57.62,-51.67],[56.95,-51.37],[56.43,-51.01],[55.64,-51.1],[55.31,-50.87],[55.38,-50.46],[54.74,-50.07],[53.79,-49.44],[53.4,-49.06],[53.01,-48.68],[52.52,-48.05],[52.05,-47.42],[51.46,-46.75],[51.51,-46.28],[51.21,-45.86],[51.02,-45.59],[50.66,-45.29],[50.36,-44.76],[50.37,-44.38],[50.14,-43.94],[50.16,-43.49],[50.1,-42.99],[49.73,-42.48],[49.72,-41.89],[49.52,-41.07],[50,-40.65],[50.18,-39.81],[49.84,-39.16],[49.76,-38.37],[49.82,-37.68],[49.87,-36.99],[48.82,-37.08],[48.01,-37.16],[47.19,-37.23],[46.36,-37.24],[45.77,-37.44],[45.19,-37.64],[44.16,-37.61],[43.29,-37.51],[42.42,-37.41],[41.58,-37.24],[40.74,-37.06],[40.64,-37.05],[40.64,-37.05],[40.76,-36.91],[41.49,-36.17],[42.2,-35.42],[42.9,-34.67],[43.48,-34.02],[44.05,-33.37],[44.89,-32.93],[45.72,-32.48],[46.4,-31.99],[47.07,-31.49],[48.07,-31.02],[48.61,-30.75],[48.76,-30.68]]]}},{"type":"Feature","properties":{"ma":150,"type":"gpml:TopologicalNetwork","name":"North_Atlantic_Phase1_Deformation_Mesh","pid":301,"deforming":true},"geometry":{"type":"Polygon","coordinates":[[[3.53,33.59],[3.56,33.47],[3.58,33.01],[3.71,32.52],[3.81,32.07],[3.93,31.49],[4,31.02],[4,30.78],[4.1,30.47],[4.15,30.22],[4.17,29.99],[4.16,29.79],[4.37,29.52],[4.57,29.37],[5.04,29.18],[5.43,29.21],[5.83,29.05],[6.04,28.77],[6.59,28.29],[6.78,27.77],[6.87,27.35],[6.87,26.8],[6.87,26.42],[7.01,26.1],[7.14,25.71],[7.31,25.47],[7.44,25.36],[7.61,25.17],[8.05,24.94],[8.57,24.65],[9.1,24.4],[9.64,24.09],[10.12,23.86],[10.41,23.67],[10.51,23.62],[10.79,23.5],[10.79,23.5],[10.62,23.18],[10.29,22.78],[10.01,22.43],[9.76,22.14],[9.51,21.84],[9.22,21.43],[8.85,21.31],[8.54,21.28],[8.25,21.3],[7.72,21.34],[7.19,21.48],[6.61,21.65],[6.31,21.85],[5.94,21.99],[5.49,22.13],[5.02,22.19],[4.58,22.17],[4.18,22.05],[3.83,21.98],[3.56,21.8],[3.38,21.59],[3.2,21.38],[2.95,21.18],[2.66,20.91],[2.17,20.56],[1.6,20.21],[1.23,20.04],[0.89,19.76],[0.27,19.52],[-0.17,19.31],[-0.37,19.02],[-0.37,19.02],[-0.65,18.87],[-1.24,18.54],[-1.82,18.46],[-2.5,18.41],[-3.03,18.37],[-3.31,18.31],[-3.31,18.31],[-3.35,18.26],[-3.49,18.12],[-3.59,17.91],[-3.7,17.75],[-3.82,17.63],[-3.88,17.5],[-3.98,17.3],[-4.09,17.05],[-4.23,16.8],[-4.43,16.53],[-4.6,16.23],[-4.76,15.91],[-4.92,15.72],[-5.2,15.36],[-5.41,15.15],[-5.83,14.89],[-6.23,14.49],[-6.36,14.26],[-6.46,13.94],[-6.58,13.55],[-6.81,13.22],[-7.06,13.03],[-7.31,12.82],[-7.49,12.68],[-7.72,12.49],[-7.91,12.33],[-8.15,12.14],[-8.22,12.07],[-8.22,12.07],[-8.29,12.13],[-8.75,12.49],[-9.21,12.86],[-9.68,13.22],[-10.41,13.66],[-10.41,13.66],[-10.06,14.08],[-9.87,14.23],[-9.72,14.35],[-9.54,14.49],[-9.41,14.6],[-9.18,14.78],[-9.14,14.92],[-9.09,15.06],[-9.08,15.23],[-9.08,15.38],[-8.98,15.53],[-8.92,15.63],[-8.65,15.83],[-8.47,15.97],[-8.33,16.06],[-8.2,16.18],[-8.05,16.31],[-7.9,16.51],[-7.85,16.58],[-7.77,16.63],[-7.63,16.71],[-7.57,16.77],[-7.49,16.85],[-7.37,16.96],[-7.31,17],[-7.24,17.05],[-7.2,17.08],[-7.14,17.08],[-7.13,17.08],[-7.13,17.08],[-7.13,17.18],[-7.16,17.25],[-7.16,17.25],[-7.2,17.21],[-7.26,17.14],[-7.32,17.07],[-7.4,17.01],[-7.48,16.95],[-7.62,16.84],[-7.75,16.75],[-7.89,16.65],[-7.98,16.55],[-8.06,16.43],[-8.16,16.3],[-8.25,16.23],[-8.39,16.15],[-8.52,16.09],[-8.62,16.02],[-8.71,15.93],[-8.84,15.84],[-8.93,15.82],[-9.02,15.79],[-9.27,15.73],[-9.56,15.8],[-9.79,15.93],[-9.88,15.98],[-9.88,15.98],[-9.49,16.16],[-9.34,16.22],[-9.19,16.27],[-9.1,16.34],[-8.96,16.43],[-8.81,16.55],[-8.68,16.65],[-8.58,16.77],[-8.44,16.93],[-8.3,17.1],[-8.18,17.25],[-8.08,17.4],[-7.92,17.6],[-7.84,17.82],[-7.89,18.01],[-7.94,18.16],[-8.01,18.32],[-8.09,18.47],[-8.17,18.57],[-8.27,18.7],[-8.34,18.77],[-8.43,18.87],[-8.58,19],[-8.58,19],[-8.61,19.13],[-8.63,19.33],[-8.66,19.46],[-8.66,19.68],[-8.59,19.96],[-8.52,20.22],[-8.46,20.59],[-8.43,20.96],[-8.47,21.26],[-8.48,21.39],[-8.48,21.39],[-8.33,21.91],[-8.05,22.59],[-7.58,23.27],[-7.18,23.61],[-6.85,24.13],[-6.21,24.72],[-5.7,25.09],[-5.29,25.55],[-4.87,26.01],[-4.58,26.67],[-4.29,27.33],[-4.36,28.02],[-4.65,28.55],[-4.94,29.08],[-4.7,29.86],[-4.3,29.96],[-3.51,30.17],[-2.74,30.51],[-2.21,30.85],[-1.57,31.1],[-1.08,31.45],[-0.33,31.87],[0.11,32.4],[0.28,32.75],[0.63,33.43],[1.09,33.97],[1.63,34.54],[1.96,34.83],[2.33,35.3],[2.33,35.49],[2.06,35.85],[2.06,35.91],[2.2,36.57],[2.28,36.81],[2.36,36.95],[2.17,37.17],[1.98,37.27],[1.67,37.49],[1.59,37.66],[1.6,37.9],[1.67,38.07],[1.73,38.22],[1.78,38.41],[1.77,38.63],[1.76,38.81],[1.86,38.96],[2.01,39.11],[2.23,39.31],[2.53,39.7],[3.05,40],[3.22,40.15],[3.44,40.41],[3.56,40.65],[3.65,40.99],[3.67,41.18],[3.69,41.37],[3.81,41.56],[3.96,41.68],[4.22,42.1],[4.57,42.59],[4.86,42.76],[5.11,42.94],[5.2,42.97],[5.2,42.97],[5.2,43.02],[5.2,43.02],[5.4,42.77],[5.18,42.46],[5.14,42.2],[5.07,41.94],[4.88,41.43],[4.85,41.15],[4.84,40.76],[4.86,40.56],[4.91,40.18],[4.78,39.86],[4.54,39.7],[4.35,39.51],[4.12,39.33],[4.04,39.11],[3.86,38.89],[3.78,38.73],[3.61,38.55],[3.58,38.4],[3.67,38.25],[3.8,38.07],[4.01,37.86],[4.14,37.57],[4.25,37.36],[4.36,37.13],[4.37,36.87],[4.26,36.67],[4.05,36.42],[4.1,36.26],[4.15,36.14],[4.21,35.87],[4.3,35.75],[4.44,35.59],[4.41,35.53],[4.36,35.38],[4.3,35.32],[4.21,35.23],[4.19,35.19],[4.03,34.96],[3.88,34.82],[3.7,34.53],[3.65,34.31],[3.61,34.09],[3.58,33.94],[3.58,33.78],[3.56,33.66],[3.53,33.59]]]}},{"type":"Feature","properties":{"ma":150,"type":"gpml:TopologicalNetwork","name":"WEC","pid":601,"deforming":true},"geometry":{"type":"Polygon","coordinates":[[[98.58,47.29],[98.15,47.88],[97.49,48.24],[96.81,48.6],[95.69,49.07],[94.95,49.49],[94.19,49.89],[93.36,50.56],[92.9,51.38],[92.7,52.09],[92.51,52.93],[92.33,53.83],[92.18,54.5],[92.05,55.48],[92.29,56.06],[92.54,56.65],[92.7,57.43],[92.87,58.22],[93.04,58.89],[93.21,59.57],[93.38,60.24],[93.6,60.92],[93.82,61.61],[94.06,62.29],[94.13,63.1],[94.21,63.9],[94.17,64.63],[94.13,65.36],[94.08,65.94],[94.03,66.53],[94.11,66.9],[94.11,66.9],[95.19,67.25],[96.68,67.7],[98.22,68.13],[100.4,68.69],[102.68,69.23],[104.06,69.52],[105.47,69.8],[107.53,70.18],[109.67,70.54],[111.3,70.79],[112.98,71.02],[114.83,71.25],[116.73,71.47],[119.01,71.7],[121.35,71.9],[123.58,72.06],[125.86,72.2],[128.17,72.31],[130.96,72.41],[133.78,72.46],[134.51,72.47],[134.51,72.47],[134.41,71.57],[134.32,70.68],[134.21,69.81],[134.11,68.95],[133.98,68.19],[133.85,67.44],[133.68,66.6],[133.51,65.77],[133.21,65.03],[132.93,64.28],[132.66,63.39],[132.41,62.49],[132.19,61.76],[131.98,61.03],[131.79,60.43],[131.61,59.82],[131.41,59.16],[131.22,58.5],[130.96,57.68],[130.72,56.87],[130.4,55.93],[130.09,54.99],[129.7,54.11],[129.32,53.24],[129.07,52.56],[128.83,51.89],[128.6,51.22],[128.57,51.15],[128.57,51.15],[127.2,51.33],[125.82,51.5],[124.43,51.66],[123.03,51.8],[121.62,51.92],[120.2,52.02],[118.78,52.11],[117.85,51.66],[116.93,51.2],[115.92,50.95],[114.92,50.68],[113.93,50.41],[113.91,49.91],[113.9,49.4],[112.86,49.35],[111.83,49.28],[110.8,49.21],[109.58,49.28],[108.36,49.34],[107.13,49.39],[105.8,49.28],[104.48,49.15],[103.09,48.76],[101.72,48.36],[100.47,47.91],[99.24,47.45],[98.58,47.29]]]}},{"type":"Feature","properties":{"ma":150,"type":"gpml:TopologicalNetwork","name":"Mesozoic Southern South America Deformation","pid":201,"deforming":true},"geometry":{"type":"Polygon","coordinates":[[[-35.81,-51.05],[-36.55,-51.41],[-36.93,-51.66],[-37.41,-52.2],[-37.9,-52.74],[-38.5,-53.42],[-38.89,-54.33],[-39.29,-55.24],[-39.95,-56.16],[-40.3,-56.8],[-40.52,-57.51],[-40.66,-58.22],[-40.79,-58.92],[-40.75,-59.42],[-40.71,-59.92],[-40.62,-60.41],[-40.4,-60.88],[-40.4,-60.88],[-39.3,-61.06],[-38.19,-61.22],[-36.48,-61.52],[-34.73,-61.8],[-33.2,-62.09],[-31.64,-62.37],[-30.05,-62.63],[-28.25,-62.85],[-26.41,-63.06],[-24.56,-63.24],[-22.38,-63.21],[-20.22,-63.14],[-18.06,-63.05],[-15.91,-62.92],[-13.77,-62.77],[-11.66,-62.58],[-11.66,-62.58],[-12.02,-63.55],[-12.56,-64.16],[-13.14,-64.76],[-14.08,-65.12],[-15.05,-65.48],[-15.05,-65.48],[-15.6,-65.67],[-17.28,-66],[-19.01,-66.31],[-21.09,-66.45],[-23.19,-66.55],[-24.71,-66.67],[-26.25,-66.77],[-26.6,-66.79],[-26.6,-66.79],[-28.2,-67.06],[-29.84,-67.32],[-31.28,-67.59],[-32.76,-67.85],[-34.53,-67.94],[-36.31,-68.01],[-38.45,-68.15],[-40.61,-68.25],[-43.07,-68.56],[-45.6,-68.82],[-47.21,-68.93],[-48.84,-69.02],[-50.36,-69.07],[-51.88,-69.11],[-54.02,-68.98],[-56.13,-68.83],[-58.23,-68.45],[-60.25,-68.04],[-62.21,-67.6],[-63.52,-67.3],[-64.81,-66.98],[-64.81,-66.98],[-64.82,-66.69],[-64.86,-66.36],[-64.85,-66.2],[-64.94,-65.89],[-65.21,-65.49],[-65.42,-65.12],[-65.54,-64.78],[-65.66,-64.48],[-65.69,-64.23],[-65.75,-63.91],[-65.78,-63.55],[-65.63,-63.1],[-65.37,-62.75],[-65.18,-62.53],[-64.97,-62.28],[-64.71,-61.98],[-64.29,-61.52],[-63.89,-61.12],[-63.63,-60.78],[-63.44,-60.44],[-63.49,-60.01],[-63.48,-59.72],[-63.48,-59.49],[-63.47,-59.41],[-63.41,-59.16],[-63.35,-58.85],[-63.26,-58.48],[-63.16,-58.18],[-63.05,-57.85],[-62.92,-57.49],[-62.83,-57.23],[-62.62,-56.57],[-62.47,-56.15],[-62.33,-55.74],[-62.18,-55.37],[-61.98,-54.84],[-61.87,-54.55],[-61.73,-54.09],[-61.65,-53.8],[-61.55,-53.43],[-61.31,-53.14],[-61.02,-52.56],[-61.02,-52.56],[-60.96,-52.08],[-60.81,-51.64],[-60.46,-50.92],[-60.11,-50.2],[-60.11,-49.39],[-60.11,-48.59],[-60.11,-47.78],[-60.11,-46.98],[-60.11,-46.98],[-59.6,-46.05],[-59.11,-45.11],[-58.63,-44.17],[-58.17,-43.23],[-58.17,-43.23],[-57.24,-43.58],[-56.29,-43.93],[-55.34,-44.27],[-54.19,-44.74],[-53.02,-45.21],[-52.12,-45.59],[-51.2,-45.96],[-50.21,-46.32],[-49.2,-46.68],[-47.86,-46.99],[-46.5,-47.27],[-45.43,-47.72],[-44.33,-48.16],[-43.47,-48.36],[-42.61,-48.56],[-41.48,-48.71],[-40.35,-48.85],[-39.56,-48.85],[-38.77,-48.84],[-37.86,-49.24],[-37.68,-49.77],[-37.09,-50.49],[-36.26,-50.85],[-35.62,-50.94],[-35.81,-51.05]]]}},{"type":"Feature","properties":{"ma":150,"type":"gpml:TopologicalNetwork","name":"","pid":802,"deforming":true},"geometry":{"type":"Polygon","coordinates":[[[2.74,-61.23],[2.84,-61.21],[4.48,-61.37],[6.13,-61.52],[7.79,-61.64],[7.79,-61.64],[6.09,-61.53],[4.41,-61.39],[2.74,-61.23]]]}}]}