{"type":"FeatureCollection","features":[{"type":"Feature","properties":{"ma":135,"type":"gpml:OceanicCrust","name":"Oceanic_Crust","pid":101,"deforming":false},"geometry":{"type":"Polygon","coordinates":[[[-21.32,61.42],[-22.07,61.47],[-23.12,61.45],[-24.16,61.41],[-25.25,61.36],[-26.33,61.31],[-27.88,61.2],[-28.9,61.12],[-29.92,61.04],[-31.05,60.93],[-32.17,60.81],[-33.11,60.37],[-34.24,59.85],[-34.24,59.85],[-34.17,60.38],[-33.67,60.87],[-33.28,61.25],[-33.03,61.47],[-32.59,61.85],[-32.14,62.23],[-30.83,62.58],[-29.41,62.61],[-28.39,62.92],[-26.76,62.95],[-25.75,63.22],[-24.48,63.28],[-23.2,63.32],[-22.69,63.39],[-22.69,63.39],[-22.32,63.15],[-21.74,62.55],[-21.19,61.96],[-21.32,61.42]]]}},{"type":"Feature","properties":{"ma":135,"type":"gpml:TopologicalNetwork","name":"AUSANT_Deforming_Network","pid":802,"deforming":true},"geometry":{"type":"Polygon","coordinates":[[[143.69,-73.87],[143.43,-73.98],[142.56,-74.52],[141.63,-75.05],[142.64,-75.54],[143.71,-76.03],[147.07,-75.71],[147.95,-75.81],[147.95,-75.81],[145.23,-76.3],[142.32,-76.76],[139.21,-77.19],[139.21,-77.19],[136.6,-76.8],[134.15,-76.38],[134.88,-75.56],[135.54,-74.75],[134.96,-73.84],[134.86,-73],[135.18,-72.27],[133.97,-72.04],[133.5,-71.5],[133.05,-70.95],[131.59,-70.48],[129.8,-70.33],[128.04,-70.15],[126.84,-69.59],[126.04,-69.02],[125.29,-68.45],[124.38,-68],[123.51,-67.55],[122.05,-67.17],[120.63,-66.78],[119.04,-66.46],[117.5,-66.12],[116.44,-65.82],[115.41,-65.51],[113.32,-65.08],[111.85,-64.91],[110.4,-64.73],[109.07,-64.35],[107.77,-63.95],[106.07,-63.71],[104.76,-63.62],[103.46,-63.52],[102.03,-63.47],[100.6,-63.4],[98.89,-63.53],[97.17,-63.64],[95.4,-63.56],[93.65,-63.46],[91.91,-63.34],[90.76,-63.34],[89.61,-63.34],[88.06,-63.31],[86.51,-63.26],[85.38,-63.1],[84.27,-62.93],[82.44,-62.53],[80.67,-62.11],[80.67,-62.11],[80.38,-61.4],[80.1,-60.69],[79.83,-59.98],[79.83,-59.98],[80.28,-59.95],[80.42,-59.9],[80.42,-59.9],[80.62,-59.95],[81.42,-60.16],[83.05,-60.52],[83.46,-60.96],[84.99,-61.11],[86.54,-61.26],[87.82,-61.29],[89.1,-61.31],[90.71,-61.55],[92.35,-61.77],[93.89,-61.81],[95.43,-61.84],[97.35,-61.75],[99.26,-61.64],[100.8,-61.66],[102.35,-61.67],[103.56,-61.83],[104.79,-61.98],[105.93,-62.2],[107.09,-62.42],[108.85,-62.69],[110.65,-62.95],[111.86,-63.25],[113.1,-63.55],[114.67,-63.83],[116.26,-64.1],[117.62,-64.38],[119.01,-64.66],[120.49,-65.11],[122.02,-65.55],[123.59,-66.01],[125.21,-66.47],[126.74,-66.94],[128.34,-67.4],[129.6,-68.06],[130.94,-68.7],[132.36,-69.33],[133.86,-69.95],[134.43,-70.23],[135.25,-70.46],[136.26,-70.7],[137.24,-70.93],[138.66,-71.23],[139.63,-71.55],[140.52,-71.88],[141.45,-72.2],[142.82,-72.64],[143.64,-73.01],[144.3,-73.37],[144.45,-73.55],[144.3,-73.61],[143.69,-73.87]]]}},{"type":"Feature","properties":{"ma":135,"type":"gpml:TopologicalNetwork","name":"Deforming Network","pid":801,"deforming":true},"geometry":{"type":"Polygon","coordinates":[[[126.36,-65.26],[128.69,-65.38],[129.95,-65.27],[131.19,-65.16],[132.6,-65.06],[134.21,-64.81],[136.13,-64.74],[137.27,-64.7],[138.69,-64.44],[139.78,-64.19],[141.44,-63.86],[142.84,-63.52],[143.47,-63.41],[143.52,-63.56],[143.1,-64.15],[142.66,-64.73],[142.27,-65.12],[142.47,-65.99],[142.53,-66.03],[142.87,-66.68],[143.23,-67.33],[143.71,-67.83],[144.21,-68.34],[144.98,-68.61],[147.42,-68.93],[147.53,-68.98],[148.35,-69.39],[149.2,-69.79],[150.61,-70.25],[149.92,-70.74],[149.47,-70.93],[147.77,-71.43],[146.2,-71.86],[144.64,-72.25],[142.83,-72.67],[142.83,-72.67],[142.87,-72.66],[142.87,-72.66],[142.82,-72.64],[141.45,-72.2],[140.52,-71.88],[139.63,-71.55],[138.66,-71.23],[137.24,-70.93],[136.26,-70.7],[135.25,-70.46],[134.43,-70.23],[133.86,-69.95],[132.36,-69.33],[130.94,-68.7],[129.6,-68.06],[128.34,-67.4],[126.74,-66.94],[125.21,-66.47],[123.59,-66.01],[122.02,-65.55],[120.49,-65.11],[119.01,-64.66],[117.62,-64.38],[116.26,-64.1],[114.67,-63.83],[113.1,-63.55],[111.86,-63.25],[110.65,-62.95],[108.85,-62.69],[107.09,-62.42],[105.93,-62.2],[104.79,-61.98],[103.56,-61.83],[102.35,-61.67],[100.8,-61.66],[99.26,-61.64],[97.35,-61.75],[95.43,-61.84],[93.89,-61.81],[92.35,-61.77],[90.71,-61.55],[89.1,-61.31],[87.82,-61.29],[86.54,-61.26],[84.99,-61.11],[83.46,-60.96],[83.05,-60.52],[81.42,-60.16],[80.62,-59.95],[80.54,-59.93],[80.54,-59.93],[81.36,-59.61],[82.16,-59.28],[83.05,-58.59],[83.91,-57.89],[84.34,-57.15],[84.76,-56.4],[84.82,-55.7],[84.87,-55],[84.88,-54.27],[84.88,-53.54],[84.98,-52.94],[85.07,-52.35],[85.35,-51.73],[85.62,-51.1],[85.87,-50.51],[86.07,-50.02],[86.18,-49.34],[86.28,-48.66],[86.66,-48.2],[87.03,-47.73],[87.08,-47.65],[87.08,-47.65],[86.48,-48.41],[86.38,-49.09],[86.28,-49.78],[86.08,-50.26],[85.84,-50.86],[85.58,-51.48],[85.31,-52.1],[85.22,-52.7],[85.13,-53.29],[85.13,-54.02],[85.13,-54.76],[85.09,-55.46],[85.04,-56.15],[84.64,-56.9],[84.21,-57.65],[83.47,-58.28],[82.7,-58.89],[82.7,-58.89],[83.69,-59.09],[85.52,-59.1],[87.29,-59.11],[88.68,-59.14],[90.35,-59.33],[91.51,-59.41],[92.67,-59.48],[94.34,-59.51],[96.21,-59.55],[97.78,-59.75],[98.96,-59.67],[100.14,-59.58],[101.35,-59.59],[102.57,-59.57],[103.9,-59.51],[105.23,-59.44],[106.52,-59.31],[107.81,-59.16],[109.54,-59.14],[110.34,-59.06],[111.92,-59.5],[113.54,-59.91],[114.26,-60.26],[115,-60.61],[116.03,-61.04],[117.09,-61.46],[117.9,-61.79],[118.73,-62.12],[120.06,-62.7],[121.24,-63.24],[122.13,-63.71],[123.23,-64.22],[124.52,-64.7],[125.67,-65],[126.13,-65.24],[126.36,-65.26]]]}},{"type":"Feature","properties":{"ma":135,"type":"gpml:TopologicalNetwork","name":"aus_antarc_india_mesh","pid":501,"deforming":true},"geometry":{"type":"Polygon","coordinates":[[[79.29,-47.38],[80.7,-47.5],[82.14,-47.5],[83.57,-47.49],[84.98,-47.72],[85.79,-47.73],[86.6,-47.74],[87.04,-47.71],[87.04,-47.71],[87.21,-47.48],[87.59,-46.86],[87.96,-46.23],[87.96,-46.23],[87.59,-46.86],[87.21,-47.48],[86.85,-47.95],[86.48,-48.41],[86.38,-49.09],[86.28,-49.78],[86.08,-50.26],[85.84,-50.86],[85.58,-51.48],[85.31,-52.1],[85.22,-52.7],[85.13,-53.29],[85.13,-54.02],[85.13,-54.76],[85.09,-55.46],[85.04,-56.15],[84.64,-56.9],[84.21,-57.65],[83.37,-58.35],[82.5,-59.04],[81.4,-59.5],[80.28,-59.95],[78.77,-60.05],[77.25,-60.12],[75.73,-60.18],[74.65,-60.38],[73.56,-60.58],[72.36,-60.74],[71.14,-60.89],[70.07,-61.17],[68.98,-61.45],[67.71,-61.45],[66.45,-61.43],[65.34,-61.42],[64.24,-61.39],[62.8,-61.46],[61.36,-61.51],[59.9,-61.71],[58.43,-61.9],[57.11,-62.15],[56.48,-63.1],[55.34,-63.85],[54.31,-64.27],[53.17,-64.86],[51.97,-65.44],[51.16,-66.19],[50.31,-66.94],[49.96,-65.99],[49.65,-65.09],[49.84,-64.52],[50.01,-63.95],[50.57,-63.47],[51.11,-62.98],[51.92,-62.33],[50.46,-62.49],[48.42,-62.48],[47.02,-62.41],[45.63,-62.33],[44.12,-62.2],[42.61,-62.05],[41.13,-61.89],[40.1,-61.64],[39.1,-61.39],[38.02,-60.77],[36.42,-60.76],[34.86,-61.22],[33,-61.67],[31.09,-62.09],[29.43,-62.62],[27.7,-63.13],[26.3,-63.66],[24.85,-64.17],[22.88,-64.07],[20.92,-63.94],[19.33,-63.59],[17.77,-63.23],[16.68,-62.75],[15.63,-62.27],[15.63,-62.27],[16.13,-61.38],[16.6,-60.49],[16.6,-60.49],[17.69,-60.62],[18.78,-60.74],[19.51,-60.6],[20.1,-60.5],[20.23,-60.78],[20.44,-61.21],[20.42,-62.1],[21.28,-61.7],[21.89,-61.4],[22.86,-60.91],[23.71,-60.46],[25.13,-60.44],[26.56,-60.41],[26.61,-60.32],[27.71,-60.28],[28.81,-60.23],[30.01,-60.15],[31.2,-60.06],[32.47,-59.82],[33.71,-59.58],[35.05,-59.4],[36.37,-59.2],[37.45,-58.76],[38.51,-58.31],[39.65,-57.95],[40.77,-57.57],[42.1,-57.63],[43.43,-57.67],[44.57,-57.92],[45.74,-58.16],[47.19,-58.2],[48.64,-58.22],[49.79,-58.13],[50.93,-58.04],[52.19,-57.9],[53.43,-57.74],[54.89,-57.46],[56.33,-57.17],[57.54,-57.15],[58.75,-57.11],[59.7,-57.36],[60.66,-57.6],[61.97,-57.64],[63.29,-57.67],[64.35,-57.31],[65.4,-56.94],[66.42,-56.56],[67.7,-56.13],[68.95,-55.69],[70.23,-55.3],[71.48,-54.89],[73.02,-54.47],[74.52,-54.02],[75.81,-53.54],[77.06,-53.05],[77,-52.38],[76.95,-51.71],[77.44,-50.83],[77.68,-50.23],[77.92,-49.63],[78.29,-48.84],[78.73,-48.3],[79.21,-47.81],[79.29,-47.38]]]}},{"type":"Feature","properties":{"ma":135,"type":"gpml:TopologicalClosedPlateBoundary","name":"Antarctica","pid":802,"deforming":false},"geometry":{"type":"Polygon","coordinates":[[[180,-76.65],[180,-77.6],[180,-78.56],[180,-79.51],[180,-80.46],[180,-81.42],[180,-82.37],[180,-83.32],[180,-84.28],[180,-85.23],[180,-86.19],[180,-87.14],[180,-88.09],[180,-89.05],[180,-90],[-180,-90],[-180,-89.05],[-180,-88.09],[-180,-87.14],[-180,-86.19],[-180,-85.23],[-180,-84.28],[-180,-83.32],[-180,-82.37],[-180,-81.42],[-180,-80.46],[-180,-79.51],[-180,-78.56],[-180,-77.6],[-180,-76.65],[-180,-75.7],[-176.96,-75.31],[-173.81,-74.78],[-170.88,-74.21],[-167.73,-73.99],[-164.68,-73.72],[-161.51,-73.55],[-158.4,-73.34],[-155.38,-73.08],[-152.75,-72.98],[-150.14,-72.84],[-147.59,-72.68],[-145.08,-72.48],[-145.08,-72.48],[-141.89,-72.75],[-139.55,-73.11],[-137.13,-73.44],[-134.61,-73.74],[-132.01,-74.01],[-128.83,-74.34],[-125.53,-74.64],[-121.88,-74.9],[-118.13,-75.11],[-114.28,-75.25],[-111.17,-75.36],[-108.02,-75.42],[-108.02,-75.42],[-106.52,-75.38],[-104,-75.18],[-101.54,-74.96],[-98.46,-74.53],[-95.63,-73.98],[-93.31,-73.7],[-90.22,-73.3],[-88.98,-72.77],[-87.26,-71.97],[-86.45,-71.46],[-85.69,-70.95],[-84.5,-70.56],[-83.35,-70.16],[-81.85,-69.47],[-81.15,-69.02],[-80.48,-68.56],[-79.67,-67.96],[-78.9,-67.35],[-77.35,-66.84],[-75.45,-66.41],[-74.01,-65.74],[-72.56,-65.32],[-71.16,-64.87],[-70.16,-64.37],[-69.19,-63.87],[-67.94,-63.99],[-67.94,-63.99],[-67.93,-64.02],[-67.87,-64.43],[-67.94,-64.74],[-68.03,-64.9],[-68.16,-65.23],[-68.33,-65.6],[-68.48,-65.96],[-68.55,-66.33],[-68.55,-66.4],[-68.38,-66.8],[-68.06,-67.08],[-67.49,-67.54],[-67.01,-67.86],[-66.84,-67.98],[-66.54,-68.17],[-66.2,-68.35],[-65.87,-68.54],[-65.5,-68.74],[-65.12,-68.94],[-64.85,-69.08],[-64.53,-69.24],[-64.32,-69.35],[-64.13,-69.47],[-63.61,-69.7],[-63.01,-69.88],[-62.21,-70.13],[-61.62,-70.29],[-61.08,-70.46],[-60.71,-70.57],[-60.33,-70.67],[-59.96,-70.75],[-59.6,-70.86],[-59.18,-70.99],[-59.06,-71.03],[-59.06,-71.03],[-56.96,-71.02],[-54.22,-71.06],[-51.49,-71.05],[-48.98,-71.11],[-46.46,-71.13],[-45.06,-71.15],[-45.06,-71.15],[-44.83,-71.17],[-43.57,-71.15],[-41.86,-71.06],[-40.04,-70.98],[-38.23,-70.88],[-37.2,-70.78],[-34.3,-70.55],[-31.46,-70.27],[-28.71,-69.95],[-26.33,-69.59],[-25.72,-69.55],[-24.93,-69.44],[-23.43,-69.13],[-22.62,-68.96],[-21.92,-68.76],[-21.25,-68.62],[-20.58,-68.48],[-18.13,-68.11],[-15.76,-67.7],[-13.47,-67.26],[-11.27,-66.79],[-9.15,-66.29],[-7.12,-65.76],[-5.17,-65.21],[-3.31,-64.63],[-1.52,-64.03],[-1.52,-64.03],[0.1,-64.38],[1.77,-64.71],[2.47,-64.18],[3.14,-63.65],[4.03,-62.85],[4.88,-62.05],[6.35,-62.37],[7.85,-62.67],[8.35,-62.12],[8.83,-61.57],[10.13,-61.76],[11.45,-61.95],[11.88,-61.38],[12.3,-60.81],[14.25,-61.03],[16.22,-61.22],[16.22,-61.22],[15.93,-61.74],[15.63,-62.27],[16.68,-62.75],[17.77,-63.23],[19.33,-63.59],[20.92,-63.94],[22.88,-64.07],[24.85,-64.17],[26.3,-63.66],[27.7,-63.13],[29.43,-62.62],[31.09,-62.09],[33,-61.67],[34.86,-61.22],[36.42,-60.76],[38.02,-60.77],[39.1,-61.39],[40.1,-61.64],[41.13,-61.89],[42.61,-62.05],[44.12,-62.2],[45.63,-62.33],[47.02,-62.41],[48.42,-62.48],[50.46,-62.49],[51.92,-62.33],[51.11,-62.98],[50.57,-63.47],[50.01,-63.95],[49.84,-64.52],[49.65,-65.09],[49.96,-65.99],[50.31,-66.94],[51.16,-66.19],[51.97,-65.44],[53.17,-64.86],[54.31,-64.27],[55.34,-63.85],[56.48,-63.1],[57.11,-62.15],[58.43,-61.9],[59.9,-61.71],[61.36,-61.51],[62.8,-61.46],[64.24,-61.39],[65.34,-61.42],[66.45,-61.43],[67.71,-61.45],[68.98,-61.45],[70.07,-61.17],[71.14,-60.89],[72.36,-60.74],[73.56,-60.58],[74.65,-60.38],[75.73,-60.18],[77.1,-60.13],[78.47,-60.06],[79.83,-59.98],[79.83,-59.98],[80.1,-60.69],[80.38,-61.4],[80.67,-62.11],[80.67,-62.11],[82.44,-62.53],[84.27,-62.93],[85.38,-63.1],[86.51,-63.26],[88.06,-63.31],[89.61,-63.34],[90.76,-63.34],[91.91,-63.34],[93.65,-63.46],[95.4,-63.56],[97.17,-63.64],[98.89,-63.53],[100.6,-63.4],[102.03,-63.47],[103.46,-63.52],[104.76,-63.62],[106.07,-63.71],[107.77,-63.95],[109.07,-64.35],[110.4,-64.73],[111.85,-64.91],[113.32,-65.08],[115.41,-65.51],[116.44,-65.82],[117.5,-66.12],[119.04,-66.46],[120.63,-66.78],[122.05,-67.17],[123.51,-67.55],[124.38,-68],[125.29,-68.45],[126.04,-69.02],[126.84,-69.59],[128.04,-70.15],[129.8,-70.33],[131.59,-70.48],[133.05,-70.95],[133.5,-71.5],[133.97,-72.04],[135.18,-72.27],[134.86,-73],[134.96,-73.84],[135.54,-74.75],[134.88,-75.56],[134.15,-76.38],[136.6,-76.8],[139.21,-77.19],[139.21,-77.19],[142.47,-76.74],[145.51,-76.26],[148.34,-75.73],[150.97,-75.18],[151.67,-74.82],[151.67,-74.82],[153.02,-75.16],[154.33,-75.83],[155.76,-76.5],[158.06,-76.7],[160.43,-76.88],[163.96,-76.99],[167.26,-76.95],[171.08,-76.62],[174.72,-76.24],[177.41,-75.98],[180,-75.7],[180,-76.65]]]}},{"type":"Feature","properties":{"ma":135,"type":"gpml:TopologicalClosedPlateBoundary","name":"East Gondwana","pid":801,"deforming":false},"geometry":{"type":"MultiPolygon","coordinates":[[[[180,-71.36],[180,-72.23],[180,-73.1],[180,-73.96],[180,-74.83],[180,-75.7],[177.41,-75.98],[174.72,-76.24],[171.08,-76.62],[167.26,-76.95],[163.96,-76.99],[160.43,-76.88],[158.06,-76.7],[155.76,-76.5],[154.33,-75.83],[153.02,-75.16],[151.67,-74.82],[151.67,-74.82],[150.97,-75.18],[147.95,-75.81],[147.95,-75.81],[147.07,-75.71],[143.71,-76.03],[142.64,-75.54],[141.63,-75.05],[142.56,-74.52],[143.43,-73.98],[143.69,-73.87],[144.3,-73.61],[144.3,-73.61],[144.45,-73.55],[144.3,-73.37],[143.64,-73.01],[142.88,-72.66],[142.88,-72.66],[142.8,-72.68],[142.8,-72.68],[144.64,-72.25],[146.2,-71.86],[147.77,-71.43],[149.47,-70.93],[149.92,-70.74],[150.61,-70.25],[149.2,-69.79],[148.35,-69.39],[147.53,-68.98],[147.42,-68.93],[144.97,-68.6],[144.21,-68.34],[143.71,-67.83],[143.23,-67.33],[142.87,-66.68],[142.53,-66.03],[142.47,-65.99],[142.27,-65.12],[142.66,-64.73],[143.1,-64.15],[143.52,-63.56],[143.48,-63.41],[142.84,-63.52],[141.44,-63.86],[139.78,-64.19],[138.69,-64.44],[137.27,-64.7],[136.13,-64.74],[134.21,-64.81],[132.6,-65.06],[131.19,-65.16],[129.95,-65.27],[128.69,-65.38],[126.36,-65.26],[126.36,-65.26],[126.13,-65.24],[125.67,-65],[124.52,-64.7],[123.23,-64.22],[122.13,-63.71],[121.24,-63.24],[120.06,-62.7],[118.73,-62.12],[117.9,-61.79],[117.09,-61.46],[116.03,-61.04],[115,-60.61],[114.26,-60.26],[113.54,-59.91],[111.92,-59.5],[110.34,-59.06],[109.54,-59.14],[107.81,-59.16],[106.52,-59.31],[105.23,-59.44],[103.9,-59.51],[102.57,-59.57],[101.35,-59.59],[100.14,-59.58],[98.96,-59.67],[97.78,-59.75],[96.21,-59.55],[94.34,-59.51],[92.67,-59.48],[91.51,-59.41],[90.35,-59.33],[88.68,-59.14],[87.29,-59.11],[85.52,-59.1],[83.69,-59.09],[82.7,-58.89],[82.7,-58.89],[83.47,-58.28],[84.21,-57.65],[84.64,-56.9],[85.04,-56.15],[85.09,-55.46],[85.13,-54.76],[85.13,-54.02],[85.13,-53.29],[85.22,-52.7],[85.31,-52.1],[85.58,-51.48],[85.84,-50.86],[86.08,-50.26],[86.28,-49.78],[86.38,-49.09],[86.48,-48.41],[87.04,-47.71],[87.04,-47.71],[86.6,-47.74],[85.79,-47.73],[84.98,-47.72],[83.57,-47.49],[82.14,-47.5],[80.7,-47.5],[79.29,-47.38],[79.29,-47.38],[79.21,-47.81],[78.73,-48.3],[78.29,-48.84],[77.92,-49.63],[77.68,-50.23],[77.44,-50.83],[76.95,-51.71],[77,-52.38],[77.06,-53.05],[75.81,-53.54],[74.52,-54.02],[73.02,-54.47],[71.48,-54.89],[70.23,-55.3],[68.95,-55.69],[67.7,-56.13],[66.42,-56.56],[65.4,-56.94],[64.35,-57.31],[63.29,-57.67],[61.97,-57.64],[60.66,-57.6],[59.7,-57.36],[58.75,-57.11],[57.54,-57.15],[56.33,-57.17],[54.89,-57.46],[53.43,-57.74],[52.19,-57.9],[50.93,-58.04],[49.79,-58.13],[48.64,-58.22],[47.19,-58.2],[45.74,-58.16],[44.57,-57.92],[43.43,-57.67],[42.1,-57.63],[40.77,-57.57],[39.65,-57.95],[38.51,-58.31],[37.45,-58.76],[36.37,-59.2],[35.05,-59.4],[33.71,-59.58],[32.47,-59.82],[31.2,-60.06],[30.01,-60.15],[28.81,-60.23],[27.71,-60.28],[26.61,-60.32],[26.56,-60.41],[25.13,-60.44],[23.71,-60.46],[22.86,-60.91],[21.89,-61.4],[21.28,-61.7],[20.42,-62.1],[20.44,-61.21],[20.23,-60.78],[20.1,-60.5],[19.51,-60.6],[18.78,-60.74],[17.69,-60.62],[16.6,-60.49],[16.6,-60.49],[17.03,-59.65],[17.43,-58.8],[17.82,-57.95],[18.18,-57.1],[18.53,-56.24],[18.87,-55.39],[19.31,-54.62],[19.74,-53.85],[20.16,-53.08],[20.5,-52.19],[20.83,-51.3],[21.15,-50.4],[21.45,-49.51],[21.75,-48.61],[22.03,-47.72],[22.31,-46.82],[22.57,-45.92],[23.64,-46.07],[24.72,-46.21],[25.8,-46.34],[26.03,-45.49],[26.26,-44.65],[27.54,-44.73],[28.81,-44.8],[30.09,-44.85],[30.18,-43.96],[30.26,-43.06],[30.35,-42.17],[31.61,-42.23],[32.88,-42.27],[34.14,-42.3],[35.41,-42.31],[35.41,-42.31],[35.54,-41.5],[35.66,-40.69],[35.78,-39.88],[35.89,-39.08],[36,-38.15],[36.11,-37.22],[37.05,-37.12],[38,-37.02],[37.98,-36.67],[39.16,-36.45],[39.06,-35.75],[40.12,-35.55],[40.04,-34.94],[40.97,-34.73],[42.01,-34.57],[43.04,-34.39],[42.93,-33.63],[42.82,-32.87],[42.71,-32.1],[42.61,-31.34],[43.7,-31.1],[44.78,-30.86],[45.86,-30.6],[46.39,-29.86],[46.91,-29.12],[47.43,-28.37],[47.94,-27.62],[48.44,-26.87],[48.94,-26.12],[49,-25.24],[49.06,-24.35],[49.12,-23.47],[50.11,-23.6],[51.1,-23.71],[52.09,-23.83],[52.16,-23.27],[52.16,-23.27],[53.11,-23.57],[54.05,-23.87],[55,-24.16],[54.67,-24.9],[54.33,-25.64],[53.99,-26.38],[54.94,-26.81],[55.89,-27.24],[56.84,-27.67],[57.81,-28.08],[58.78,-28.49],[59.76,-28.9],[60.75,-29.29],[61.74,-29.68],[62.74,-30.06],[63.75,-30.43],[64.77,-30.8],[65.8,-31.16],[66.83,-31.51],[66.65,-32.34],[66.47,-33.17],[66.28,-34],[66.09,-34.83],[67.21,-35.11],[68.35,-35.38],[69.49,-35.65],[70.63,-35.9],[71.79,-36.14],[71.74,-37],[71.68,-37.87],[71.63,-38.74],[72.73,-38.87],[73.84,-38.98],[74.95,-39.09],[75.03,-39.61],[75.12,-40.12],[76.32,-40.12],[77.51,-40.1],[78.71,-40.07],[79.9,-40.03],[81.09,-39.97],[82.28,-39.9],[82.2,-38.97],[82.12,-38.03],[82.04,-37.1],[83.2,-36.96],[84.36,-36.8],[85.51,-36.64],[85.34,-36.14],[86.22,-36.02],[87.09,-35.9],[87.27,-36.48],[88.33,-36.25],[89.39,-36.02],[90.44,-35.78],[91.48,-35.53],[92.51,-35.28],[92.65,-35.55],[93.58,-35.29],[93.58,-35.29],[93.51,-34.78],[94.58,-34.33],[95.64,-33.87],[96.69,-33.4],[97.73,-32.92],[98.75,-32.43],[99.77,-31.93],[100.72,-31.51],[101.66,-31.09],[102.59,-30.66],[103.51,-30.22],[104.43,-29.78],[105.33,-29.33],[106.23,-28.87],[105.78,-28.05],[105.34,-27.23],[104.9,-26.41],[104.48,-25.58],[104.05,-24.76],[103.63,-23.93],[103.22,-23.11],[104.1,-22.7],[104.97,-22.3],[105.83,-21.88],[106.69,-21.47],[107.55,-21.04],[108.4,-20.62],[109.24,-20.19],[110.08,-19.76],[110.92,-19.32],[110.92,-19.32],[110.91,-19.91],[110.89,-20.51],[110.89,-20.51],[111.55,-20.71],[112.21,-20.9],[113.16,-21.18],[114.12,-21.45],[115.08,-21.72],[114.88,-22.45],[114.69,-23.17],[115.65,-23.44],[116.62,-23.7],[117.59,-23.95],[118.57,-24.2],[119.55,-24.44],[119.8,-23.73],[120.05,-23.02],[120.84,-23.22],[121.62,-23.42],[121.78,-22.95],[122.68,-23.22],[123.58,-23.49],[124.48,-23.76],[125.39,-24.01],[125.52,-23.71],[126.43,-23.96],[127.34,-24.2],[127.21,-24.74],[128.1,-25],[128.99,-25.27],[129.88,-25.52],[130.78,-25.77],[130.72,-26.31],[130.67,-26.85],[131.47,-27.1],[132.26,-27.34],[133.06,-27.58],[133.01,-28.16],[132.96,-28.74],[134.06,-28.97],[135.15,-29.19],[136.26,-29.41],[137.36,-29.62],[138.47,-29.81],[139.59,-30],[140.4,-30.11],[140.4,-30.11],[140.78,-30.99],[141.16,-31.86],[141.55,-32.73],[141.94,-33.6],[142.35,-34.47],[142.8,-35.37],[143.25,-36.26],[143.72,-37.16],[143.76,-37.82],[143.8,-38.48],[143.8,-38.48],[144.11,-39.02],[144.12,-39.06],[144.41,-39.6],[144.69,-40.15],[144.76,-40.69],[144.82,-41.24],[144.78,-42.04],[144.78,-42.04],[144.79,-42.04],[145.08,-42.23],[145.74,-42.75],[146.27,-43.44],[146.45,-44.32],[146.08,-44.76],[145.68,-45.24],[145.28,-45.72],[145.88,-46.32],[145.71,-47.1],[146.06,-47.5],[146.96,-47.99],[147.8,-48.58],[148.66,-49.16],[149.54,-49.74],[150.01,-50.56],[150.07,-51.12],[150.13,-51.69],[150.43,-52.17],[150.75,-52.65],[151.19,-53.39],[151.88,-54.09],[152.61,-54.83],[153.3,-55.33],[153.63,-55.85],[153.49,-56.13],[153.46,-56.35],[153.26,-56.62],[152.92,-57.25],[152.14,-58.07],[151.71,-58.78],[151.33,-59.6],[151.12,-60.02],[150.3,-60.39],[149.46,-60.74],[149.57,-61.02],[149.8,-61.73],[150.73,-62.33],[150.84,-62.75],[150.72,-63.53],[150.78,-64.13],[151.07,-64.53],[151.26,-65.22],[153.13,-65.79],[154.2,-66.06],[155.43,-66.25],[157.04,-66.57],[157.26,-66.67],[157.22,-66.38],[159.02,-66.44],[161.4,-66.68],[163.13,-66.9],[164.75,-67.14],[166.15,-67.58],[166.92,-68],[167.86,-68.39],[168.84,-68.77],[170.98,-69.2],[172.42,-69.38],[173.88,-69.55],[175.4,-69.88],[175.4,-69.88],[177.21,-70.09],[178.78,-70.34],[180,-70.49],[180,-71.36]]],[[[-180,-74.83],[-180,-73.96],[-180,-73.1],[-180,-72.23],[-180,-71.36],[-180,-70.49],[-178.57,-70.66],[-177.12,-70.82],[-174.61,-71.04],[-172.06,-71.22],[-169.46,-71.37],[-166.5,-71.5],[-163.5,-71.59],[-160.85,-71.72],[-158.17,-71.82],[-155.59,-71.89],[-153.01,-71.93],[-150.41,-71.94],[-149.85,-71.95],[-147.5,-72.23],[-145.08,-72.48],[-145.08,-72.48],[-147.59,-72.68],[-150.14,-72.84],[-152.75,-72.98],[-155.38,-73.08],[-158.4,-73.34],[-161.51,-73.55],[-164.68,-73.72],[-167.73,-73.99],[-170.88,-74.21],[-173.81,-74.78],[-176.96,-75.31],[-180,-75.7],[-180,-74.83]]]]}},{"type":"Feature","properties":{"ma":135,"type":"gpml:TopologicalClosedPlateBoundary","name":"Farallon EUR_135_134","pid":902,"deforming":false},"geometry":{"type":"Polygon","coordinates":[[[-134.13,45.39],[-134.84,46.11],[-135.58,46.82],[-136.33,47.53],[-135.55,48.3],[-134.74,49.06],[-133.91,49.82],[-133.05,50.58],[-132.16,51.33],[-131.24,52.07],[-131.22,52.91],[-131.19,53.75],[-131.16,54.59],[-131.13,55.43],[-130.35,56.32],[-129.54,57.21],[-128.69,58.08],[-127.79,58.96],[-126.85,59.82],[-125.86,60.68],[-124.81,61.53],[-123.71,62.37],[-122.54,63.21],[-121.3,64.03],[-119.99,64.84],[-119.6,65.1],[-119.6,65.1],[-118.12,64.73],[-116.68,64.35],[-115.19,65],[-113.63,65.64],[-111.99,66.26],[-110.27,66.86],[-108.47,67.44],[-106.57,68],[-104.59,68.54],[-102.51,69.05],[-100.33,69.54],[-101.28,70.28],[-102.3,71.02],[-103.41,71.75],[-100.67,72.24],[-97.79,72.69],[-94.77,73.09],[-91.61,73.45],[-88.32,73.77],[-84.92,74.02],[-81.54,74.19],[-78.09,74.31],[-74.61,74.37],[-71.12,74.37],[-67.63,74.32],[-64.18,74.22],[-60.78,74.06],[-57.46,73.85],[-54.23,73.59],[-51.83,73.24],[-49.53,72.86],[-47.33,72.46],[-45.23,72.04],[-45.23,72.04],[-45.5,71.98],[-47.55,71.41],[-49.47,70.83],[-50.54,70.44],[-51.57,70.03],[-51.57,70.03],[-51.49,69.23],[-51.42,68.42],[-51.36,67.61],[-50.63,66.89],[-49.93,66.16],[-49.28,65.43],[-47.51,64.88],[-45.81,64.32],[-44.92,63.63],[-44.07,62.93],[-43.39,62.19],[-42.76,61.44],[-42.15,60.7],[-41.57,59.95],[-41.57,59.95],[-42.66,60.13],[-43.64,60.25],[-44.62,60.37],[-45.68,60.43],[-46.74,60.48],[-47.92,60.41],[-48.56,60.18],[-49.18,59.76],[-49.79,59.34],[-50.83,58.51],[-51.89,58.23],[-53.02,58.05],[-54.13,57.86],[-55.16,57.55],[-55.16,57.55],[-55.32,57.43],[-55.71,56.97],[-56.04,56.54],[-56.25,56.17],[-56.35,55.81],[-56.56,55.44],[-56.61,55.22],[-56.7,54.73],[-56.94,54.27],[-57.24,53.96],[-57.43,53.59],[-57.97,53.24],[-58.15,52.87],[-58.5,52.41],[-58.84,51.96],[-59.5,51.2],[-59.78,50.68],[-60.05,50.17],[-60.25,49.2],[-60.34,48.77],[-60.35,48.27],[-60.36,47.76],[-60.39,46.82],[-60.57,46.02],[-60.25,45.28],[-59.94,44.53],[-59.49,43.87],[-59.05,43.21],[-58.62,42.55],[-58.16,41.9],[-57.71,41.25],[-57.26,40.59],[-56.74,39.75],[-56.22,38.91],[-55.72,38.07],[-55.35,37.4],[-55,36.74],[-55.48,36.23],[-55.97,35.72],[-56.91,35.6],[-57.86,35.48],[-58.62,35.47],[-59.39,35.46],[-60.15,35.52],[-60.92,35.57],[-61.86,35.56],[-62.81,35.54],[-63.16,35.01],[-63.52,34.48],[-63.65,33.71],[-63.78,32.94],[-63.91,32.17],[-64.03,31.22],[-64.14,30.27],[-64.01,29.52],[-63.88,28.76],[-63.91,28.08],[-63.95,27.41],[-63.91,26.61],[-63.88,25.81],[-63.99,24.99],[-64.1,24.17],[-64.04,23.52],[-63.99,22.87],[-63.86,21.96],[-63.73,21.04],[-63.65,20.48],[-63.57,19.92],[-63.42,19.16],[-63.27,18.4],[-63.18,17.84],[-63.09,17.29],[-63.02,16.55],[-62.96,15.81],[-62.89,15.07],[-62.63,14.23],[-62.37,13.38],[-62.11,12.63],[-61.86,11.88],[-61.86,11.88],[-61.93,11.18],[-62,10.47],[-62.08,9.77],[-62.16,8.93],[-62.25,8.1],[-62.33,7.26],[-62.39,6.38],[-62.45,5.49],[-62.51,4.61],[-62.56,3.72],[-62.57,2.88],[-62.57,2.05],[-62.57,1.21],[-62.83,0.32],[-63.08,-0.57],[-63.1,-0.67],[-63.1,-0.67],[-63.87,-0.11],[-64.64,0.45],[-65.4,1.01],[-66.12,1.4],[-66.83,1.79],[-67.55,2.17],[-67.55,2.17],[-68.1,1.67],[-68.77,1.21],[-69.45,0.75],[-70.12,0.29],[-70.48,0.18],[-70.48,0.18],[-70.51,-0.45],[-70.54,-1.08],[-70.58,-1.9],[-70.63,-2.71],[-70.59,-3.51],[-70.56,-4.32],[-70.12,-5.16],[-69.68,-6],[-69.24,-6.84],[-68.8,-7.68],[-68.36,-8.51],[-68.1,-9.36],[-67.84,-10.21],[-67.58,-11.06],[-67.31,-11.9],[-67.05,-12.75],[-66.78,-13.59],[-66.52,-14.44],[-66.28,-15.41],[-66.04,-16.37],[-65.8,-17.34],[-65.55,-18.3],[-65.15,-19.02],[-64.74,-19.74],[-64.32,-20.45],[-63.91,-21.17],[-63.48,-21.88],[-62.71,-22.44],[-61.92,-23],[-61.13,-23.55],[-60.45,-23.98],[-60.45,-23.98],[-60.18,-24.69],[-59.92,-25.4],[-59.64,-26.05],[-59.35,-26.69],[-58.85,-27.57],[-58.34,-28.44],[-58.09,-28.89],[-58.09,-28.89],[-59.02,-29.4],[-59.96,-29.89],[-60.91,-30.38],[-61.86,-30.87],[-62.83,-31.34],[-63.81,-31.81],[-64.8,-32.28],[-65.79,-32.73],[-66.8,-33.18],[-67.4,-32.48],[-67.98,-31.77],[-68.56,-31.07],[-69.13,-30.36],[-69.69,-29.65],[-70.71,-29.99],[-71.73,-30.33],[-72.77,-30.65],[-73.81,-30.97],[-74.85,-31.27],[-75.91,-31.57],[-76.97,-31.86],[-78.03,-32.15],[-79.11,-32.42],[-80.18,-32.68],[-81.27,-32.94],[-82.36,-33.18],[-82.74,-32.4],[-83.11,-31.62],[-83.47,-30.83],[-83.83,-30.05],[-84.19,-29.26],[-85.29,-29.52],[-86.4,-29.78],[-87.52,-30.02],[-88.64,-30.26],[-89.77,-30.49],[-90.9,-30.7],[-92.04,-30.91],[-93.18,-31.1],[-94.33,-31.29],[-95.48,-31.47],[-96.63,-31.63],[-97.79,-31.79],[-97.89,-30.89],[-97.99,-30],[-98.08,-29.11],[-98.18,-28.21],[-98.27,-27.32],[-99.38,-27.33],[-100.5,-27.32],[-101.61,-27.31],[-102.72,-27.28],[-103.84,-27.25],[-104.95,-27.21],[-106.06,-27.16],[-107.17,-27.11],[-108.28,-27.04],[-109.39,-26.96],[-110.5,-26.88],[-111.6,-26.79],[-111.52,-25.82],[-111.43,-24.85],[-111.35,-23.88],[-111.27,-22.91],[-111.19,-21.93],[-112.19,-21.81],[-113.2,-21.68],[-114.21,-21.54],[-115.21,-21.39],[-116.21,-21.24],[-117.21,-21.08],[-118.2,-20.92],[-119.2,-20.75],[-120.19,-20.58],[-121.18,-20.4],[-122.17,-20.21],[-123.15,-20.02],[-124.14,-19.83],[-125.12,-19.62],[-126.09,-19.42],[-126.09,-19.42],[-126.59,-18.75],[-127.09,-18.09],[-127.58,-17.42],[-128.07,-16.75],[-128.63,-15.98],[-129.19,-15.2],[-129.75,-14.42],[-130.31,-13.64],[-130.86,-12.86],[-131.4,-12.07],[-131.95,-11.29],[-132.49,-10.5],[-133.03,-9.72],[-133.56,-8.93],[-134.09,-8.14],[-134.63,-7.35],[-133.91,-6.77],[-133.19,-6.18],[-132.47,-5.6],[-131.76,-5.01],[-131.04,-4.43],[-131.19,-4.13],[-131.46,-3.79],[-131.77,-3.48],[-132.35,-2.71],[-132.57,-2.49],[-132.93,-2.01],[-133.3,-1.53],[-133.33,-1.45],[-133.45,-1.25],[-133.5,-1.16],[-133.93,-0.54],[-133.97,-0.48],[-134.3,-0.06],[-134.63,0.36],[-134.96,0.83],[-135.29,1.31],[-135.43,1.57],[-136.11,1.17],[-136.33,0.98],[-136.68,1.47],[-137.02,1.96],[-137.78,1.41],[-138.54,0.85],[-138.94,1.32],[-139.33,1.79],[-139.43,1.95],[-139.98,2.53],[-140.17,2.76],[-140.41,3.03],[-140.99,3.81],[-141.36,4.28],[-141.72,4.75],[-141.91,5.02],[-141.37,5.39],[-140.82,5.77],[-141.43,6.46],[-141.51,6.52],[-142.04,7.11],[-142.24,7.31],[-142.43,7.59],[-142.53,7.76],[-142.65,7.97],[-142.93,8.49],[-143.21,9.01],[-143.43,9.19],[-143.62,9.48],[-143.66,9.51],[-143.01,9.94],[-142.35,10.37],[-142.65,10.97],[-142.96,11.58],[-142.04,11.93],[-142.48,12.71],[-143.12,12.5],[-144.09,12.82],[-144.09,12.82],[-144.08,13.07],[-143.25,13.29],[-142.43,13.52],[-142.43,13.52],[-142.7,13.9],[-143.44,14.46],[-144.18,15.01],[-144.93,15.57],[-145.68,16.12],[-146.44,16.67],[-147.2,17.22],[-147.96,17.76],[-148.73,18.3],[-148.37,19.22],[-148,20.14],[-147.63,21.07],[-148.37,21.53],[-149.11,21.99],[-149.85,22.45],[-150.6,22.91],[-151.35,23.36],[-150.98,24.24],[-150.6,25.13],[-150.21,26.01],[-149.82,26.9],[-149.42,27.78],[-149.01,28.66],[-148.6,29.54],[-148.18,30.42],[-147.76,31.29],[-147.32,32.17],[-146.88,33.04],[-146.43,33.92],[-145.97,34.79],[-145.5,35.66],[-145.01,36.52],[-144.52,37.39],[-144.02,38.25],[-143.14,37.55],[-142.27,36.84],[-141.55,37.58],[-140.81,38.31],[-140.06,39.04],[-139.29,39.76],[-138.51,40.48],[-137.71,41.19],[-136.89,41.9],[-136.06,42.6],[-135.2,43.3],[-134.33,43.99],[-133.43,44.67],[-134.13,45.39]]]}},{"type":"Feature","properties":{"ma":135,"type":"gpml:TopologicalClosedPlateBoundary","name":"Izanagi Plate","pid":926,"deforming":false},"geometry":{"type":"MultiPolygon","coordinates":[[[[180,88.14],[180,87.15],[180,86.16],[180,85.17],[180,84.18],[180,83.19],[180,82.19],[180,81.2],[180,80.21],[180,79.22],[180,78.23],[180,77.24],[180,76.25],[180,75.26],[180,74.27],[180,73.28],[180,72.28],[180,71.29],[180,70.3],[180,69.31],[180,68.32],[180,67.33],[180,66.34],[180,65.35],[180,64.36],[180,63.37],[180,62.38],[180,61.38],[180,60.39],[180,59.4],[180,58.41],[180,57.42],[180,56.43],[180,55.44],[180,54.45],[180,53.46],[180,52.47],[180,51.48],[180,50.48],[180,49.49],[180,48.5],[180,47.51],[180,46.52],[180,45.53],[180,44.54],[180,43.55],[180,42.56],[180,41.57],[180,40.57],[180,39.58],[180,38.59],[180,37.6],[180,36.61],[180,35.62],[180,34.63],[180,33.64],[180,32.65],[180,31.66],[180,30.67],[180,29.67],[180,28.68],[180,27.69],[180,26.7],[180,25.71],[180,24.72],[180,23.73],[180,22.74],[180,21.75],[180,20.76],[180,19.76],[180,18.77],[180,17.78],[180,16.79],[180,15.8],[180,14.81],[180,13.82],[180,12.83],[180,11.84],[180,10.85],[180,9.86],[180,8.86],[180,7.87],[180,6.88],[180,5.89],[180,4.9],[180,3.91],[180,2.92],[180,1.93],[180,0.94],[180,-0.05],[180,-1.05],[180,-2.04],[180,-3.03],[179.06,-3.07],[178.12,-3.12],[177.18,-3.16],[176.24,-3.21],[175.29,-3.25],[174.35,-3.29],[173.41,-3.33],[172.47,-3.37],[171.53,-3.41],[171.54,-4.3],[171.56,-5.19],[171.57,-6.08],[171.59,-6.97],[171.6,-7.86],[170.63,-7.89],[169.65,-7.92],[168.67,-7.95],[167.7,-7.97],[166.72,-7.99],[165.74,-8.01],[164.76,-8.03],[163.79,-8.04],[162.81,-8.05],[161.83,-8.06],[160.85,-8.07],[160.8,-8.93],[160.75,-9.79],[160.69,-10.66],[160.64,-11.52],[160.59,-12.39],[160.53,-13.26],[160.53,-13.26],[159.62,-13.27],[158.7,-13.29],[157.78,-13.3],[156.86,-13.31],[155.94,-13.31],[155.79,-14.11],[155.63,-14.91],[155.48,-15.71],[155.32,-16.51],[154.3,-16.58],[153.27,-16.65],[152.25,-16.71],[151.22,-16.76],[150.19,-16.82],[149.16,-16.86],[148.13,-16.9],[147.11,-16.94],[146.08,-16.97],[145.05,-17],[144.02,-17.02],[142.98,-17.03],[141.95,-17.04],[142.3,-16.15],[142.65,-15.26],[141.64,-15.28],[140.63,-15.3],[139.63,-15.32],[138.62,-15.33],[137.61,-15.33],[136.6,-15.33],[135.59,-15.33],[134.58,-15.32],[133.58,-15.31],[132.57,-15.29],[131.56,-15.27],[130.55,-15.25],[129.55,-15.22],[128.54,-15.18],[128.01,-15.97],[127.47,-16.77],[126.52,-16.57],[125.57,-16.36],[124.62,-16.16],[123.67,-15.94],[122.72,-15.73],[121.78,-15.51],[121.33,-16.07],[120.87,-16.64],[120.05,-16.58],[119.23,-16.52],[118.41,-16.45],[117.6,-16.38],[117.6,-16.38],[117.51,-17.19],[117.42,-18],[117.33,-18.81],[117.24,-19.62],[117.24,-19.62],[116.4,-19.51],[115.57,-19.4],[114.74,-19.28],[113.91,-19.16],[113.12,-19.03],[112.34,-18.89],[111.55,-18.75],[110.84,-18.54],[110.13,-18.33],[110.13,-18.33],[110.32,-17.47],[110.51,-16.61],[110.69,-15.75],[110.87,-14.89],[111.06,-14.03],[111.24,-13.17],[111.41,-12.31],[111.59,-11.45],[112,-10.57],[112.41,-9.7],[112.81,-8.83],[113.21,-7.96],[113.61,-7.08],[113.93,-6.15],[114.24,-5.22],[114.56,-4.29],[114.87,-3.35],[115.19,-2.42],[115.5,-1.49],[115.82,-0.55],[116.13,0.38],[116.44,1.31],[116.76,2.25],[117.07,3.18],[117.38,4.11],[117.81,4.98],[118.24,5.85],[118.67,6.72],[119.1,7.59],[119.54,8.46],[119.97,9.33],[119.97,9.33],[120.71,8.9],[121.44,8.48],[122.17,8.05],[123.13,7.89],[123.13,7.89],[123.52,8.46],[123.86,9.14],[124.21,9.83],[124.56,10.51],[124.91,11.19],[125.42,12.03],[125.93,12.86],[126.44,13.7],[126.79,14.61],[127.14,15.53],[127.14,15.53],[127.18,16.06],[126.98,16.54],[126.77,17.02],[126.77,17.02],[126.06,17.24],[125.34,17.47],[124.86,18.06],[124.38,18.65],[124.09,19.26],[123.79,19.87],[123.63,20.57],[122.93,21.26],[122.22,21.95],[121.53,22.6],[120.83,23.25],[120.33,23.74],[119.82,24.22],[119.3,24.71],[118.59,25.26],[117.87,25.8],[118.21,26.61],[118.55,27.42],[118.89,28.22],[119.23,29.11],[119.56,30],[119.91,30.88],[120.26,31.77],[120.62,32.65],[120.83,33.49],[121.05,34.32],[121.27,35.16],[121.5,35.99],[121.74,36.83],[121.97,37.63],[122.22,38.43],[122.47,39.22],[122.73,40.02],[122.92,40.76],[123.11,41.5],[123.31,42.24],[123.52,42.98],[123.79,43.85],[124.07,44.72],[124.36,45.58],[124.62,46.42],[124.89,47.25],[125.17,48.09],[125.44,48.86],[125.73,49.62],[126.03,50.39],[126.31,51.05],[126.61,51.7],[126.92,52.36],[127.14,53.03],[127.38,53.71],[127.62,54.38],[128,55.26],[128.39,56.14],[128.69,57.08],[129,58.02],[129.24,58.84],[129.5,59.65],[129.68,60.32],[129.88,60.98],[130.05,61.59],[130.24,62.19],[130.44,62.92],[130.66,63.66],[130.9,64.55],[131.15,65.45],[131.43,66.19],[131.73,66.93],[131.88,67.77],[132.05,68.6],[132.16,69.36],[132.27,70.12],[132.35,70.98],[132.44,71.84],[132.49,72.58],[132.54,73.31],[132.6,74.05],[132.33,74.8],[132.03,75.56],[131.69,76.31],[130.96,77.11],[130.12,77.91],[129.17,78.7],[128.07,79.46],[126.8,80.21],[125.32,80.96],[123.58,81.7],[120.79,82.61],[117.24,83.49],[112.06,84.26],[105.36,84.97],[96.62,85.59],[96.62,85.59],[101.28,86.33],[108.18,87.03],[115.75,87.91],[133.35,88.71],[180,89.13],[180,88.14]]],[[[-180,-2.04],[-180,-1.05],[-180,-0.05],[-180,0.94],[-180,1.93],[-180,2.92],[-180,3.91],[-180,4.9],[-180,5.89],[-180,6.88],[-180,7.87],[-180,8.86],[-180,9.86],[-180,10.85],[-180,11.84],[-180,12.83],[-180,13.82],[-180,14.81],[-180,15.8],[-180,16.79],[-180,17.78],[-180,18.77],[-180,19.76],[-180,20.76],[-180,21.75],[-180,22.74],[-180,23.73],[-180,24.72],[-180,25.71],[-180,26.7],[-180,27.69],[-180,28.68],[-180,29.67],[-180,30.67],[-180,31.66],[-180,32.65],[-180,33.64],[-180,34.63],[-180,35.62],[-180,36.61],[-180,37.6],[-180,38.59],[-180,39.58],[-180,40.57],[-180,41.57],[-180,42.56],[-180,43.55],[-180,44.54],[-180,45.53],[-180,46.52],[-180,47.51],[-180,48.5],[-180,49.49],[-180,50.48],[-180,51.48],[-180,52.47],[-180,53.46],[-180,54.45],[-180,55.44],[-180,56.43],[-180,57.42],[-180,58.41],[-180,59.4],[-180,60.39],[-180,61.38],[-180,62.38],[-180,63.37],[-180,64.36],[-180,65.35],[-180,66.34],[-180,67.33],[-180,68.32],[-180,69.31],[-180,70.3],[-180,71.29],[-180,72.28],[-180,73.28],[-180,74.27],[-180,75.26],[-180,76.25],[-180,77.24],[-180,78.23],[-180,79.22],[-180,80.21],[-180,81.2],[-180,82.19],[-180,83.19],[-180,84.18],[-180,85.17],[-180,86.16],[-180,87.15],[-180,88.14],[-180,89.13],[-136.37,88.82],[-117.2,88.17],[-100.95,87.54],[-91.75,86.8],[-86.11,86.01],[-82.36,85.19],[-79.71,84.35],[-75.83,83.49],[-72.87,82.62],[-70.53,81.72],[-68.65,80.82],[-67.11,79.9],[-64.71,79.13],[-62.62,78.34],[-62.62,78.34],[-58.67,78.93],[-54.31,79.46],[-49.4,79.69],[-44.31,79.84],[-40.93,80.12],[-37.37,80.37],[-32.73,80.47],[-28.02,80.51],[-23.3,80.48],[-18.51,80.21],[-14.01,79.87],[-9.98,79.55],[-6.22,79.18],[-2.71,78.77],[0.95,78.45],[4.4,78.09],[6.91,77.99],[6.91,77.99],[6.1,77.14],[5.39,76.28],[4.33,75.35],[3.4,74.4],[2.57,73.46],[2.57,73.46],[1.95,73.53],[-0.19,73.89],[-2.42,74.23],[-4.74,74.54],[-6.94,74.81],[-9.21,75.05],[-12.79,75.1],[-16.38,75.1],[-19.96,75.03],[-23.12,74.83],[-26.19,74.59],[-29.16,74.31],[-29.95,74.21],[-29.95,74.21],[-32.64,73.97],[-35.25,73.7],[-37.77,73.4],[-40.2,73.06],[-42.79,72.57],[-45.23,72.04],[-45.23,72.04],[-47.33,72.46],[-49.53,72.86],[-51.83,73.24],[-54.23,73.59],[-57.46,73.85],[-60.78,74.06],[-64.18,74.22],[-67.63,74.32],[-71.12,74.37],[-74.61,74.37],[-78.09,74.31],[-81.54,74.19],[-84.92,74.02],[-88.32,73.77],[-91.61,73.45],[-94.77,73.09],[-97.79,72.69],[-100.67,72.24],[-103.41,71.75],[-102.3,71.02],[-101.28,70.28],[-100.33,69.54],[-102.51,69.05],[-104.59,68.54],[-106.57,68],[-108.47,67.44],[-110.27,66.86],[-111.99,66.26],[-113.63,65.64],[-115.19,65],[-116.68,64.35],[-118.12,64.73],[-119.6,65.1],[-119.6,65.1],[-119.99,64.84],[-121.3,64.03],[-122.54,63.21],[-123.71,62.37],[-124.81,61.53],[-125.86,60.68],[-126.85,59.82],[-127.79,58.96],[-128.69,58.08],[-129.54,57.21],[-130.35,56.32],[-131.13,55.43],[-131.16,54.59],[-131.19,53.75],[-131.22,52.91],[-131.24,52.07],[-132.16,51.33],[-133.05,50.58],[-133.91,49.82],[-134.74,49.06],[-135.55,48.3],[-136.33,47.53],[-135.58,46.82],[-134.84,46.11],[-134.13,45.39],[-133.43,44.67],[-133.43,44.67],[-134.33,43.99],[-135.2,43.3],[-136.06,42.6],[-136.89,41.9],[-137.71,41.19],[-138.51,40.48],[-139.29,39.76],[-140.06,39.04],[-140.81,38.31],[-141.55,37.58],[-142.27,36.84],[-143.14,37.55],[-144.02,38.25],[-144.52,37.39],[-145.01,36.52],[-145.5,35.66],[-145.97,34.79],[-146.43,33.92],[-146.88,33.04],[-147.32,32.17],[-147.76,31.29],[-148.18,30.42],[-148.6,29.54],[-149.01,28.66],[-149.42,27.78],[-149.82,26.9],[-150.21,26.01],[-150.6,25.13],[-150.98,24.24],[-151.35,23.36],[-150.6,22.91],[-149.85,22.45],[-149.11,21.99],[-148.37,21.53],[-147.63,21.07],[-148,20.14],[-148.37,19.22],[-148.73,18.3],[-147.96,17.76],[-147.2,17.22],[-146.44,16.67],[-145.68,16.12],[-144.93,15.57],[-144.18,15.01],[-143.44,14.46],[-142.7,13.9],[-142.43,13.52],[-142.43,13.52],[-143.25,13.29],[-144.08,13.07],[-144.1,12.35],[-144.68,12.15],[-145.63,11.89],[-146.58,11.63],[-146.84,12.46],[-147.57,12.27],[-148.31,12.08],[-148.45,12.29],[-148.96,12],[-149.12,12.29],[-149.12,12.29],[-149.48,12.15],[-149.62,12.47],[-150.13,12.26],[-150.35,12.74],[-150.57,13.23],[-150.68,13.73],[-150.79,14.25],[-150.91,14.77],[-151.71,14.74],[-152.27,14.72],[-152.83,14.7],[-153.45,14.67],[-153.86,14.61],[-154.34,14.64],[-154.66,14.73],[-155.62,14.71],[-156.45,14.69],[-157.28,14.68],[-158.1,14.66],[-158.11,14.66],[-158.08,14],[-158.04,13.34],[-158.02,12.59],[-158,11.85],[-157.99,11.15],[-157.99,10.62],[-157.99,10.09],[-158.74,9.99],[-159.5,9.88],[-159.53,10.31],[-160.35,10.22],[-161.18,10.14],[-161.18,10.14],[-161.18,10.14],[-161.04,9.43],[-160.91,8.72],[-160.72,7.9],[-160.52,7.08],[-160.33,6.26],[-160.18,5.62],[-160.03,4.98],[-160.71,4.82],[-161.39,4.66],[-162.12,4.53],[-162.85,4.41],[-163.07,4.37],[-163.06,4.36],[-163.85,4.24],[-164.63,4.11],[-164.6,3.31],[-164.57,2.5],[-164.54,1.7],[-164.5,0.89],[-164.47,0.09],[-165.4,0],[-166.32,-0.1],[-167.24,-0.19],[-168.17,-0.28],[-169.09,-0.38],[-170.01,-0.47],[-170.94,-0.56],[-171.86,-0.65],[-172.79,-0.75],[-173.71,-0.84],[-174.63,-0.93],[-175.56,-1.02],[-176.48,-1.11],[-176.45,-1.98],[-176.42,-2.84],[-177.31,-2.89],[-178.21,-2.94],[-179.1,-2.98],[-180,-3.03],[-180,-2.04]]]]}},{"type":"Feature","properties":{"ma":135,"type":"gpml:TopologicalClosedPlateBoundary","name":"NAM_135","pid":101,"deforming":false},"geometry":{"type":"Polygon","coordinates":[[[-55.16,57.55],[-54.13,57.86],[-53.02,58.05],[-51.89,58.23],[-50.83,58.51],[-49.79,59.34],[-49.18,59.76],[-48.56,60.18],[-47.92,60.41],[-46.74,60.48],[-45.68,60.43],[-44.62,60.37],[-43.64,60.25],[-42.66,60.13],[-41.17,59.88],[-39.87,59.6],[-38.58,59.31],[-37.95,59.09],[-37.95,59.09],[-37.99,59.03],[-37.78,58.65],[-37.45,58.35],[-37.45,58.35],[-36.6,58.05],[-35.41,57.6],[-34.86,57.42],[-34.31,57.41],[-33.22,57.47],[-32.3,57.61],[-31.37,57.74],[-30.4,57.87],[-29.43,57.98],[-28.33,58.14],[-27.22,58.29],[-25.45,58.48],[-23.67,58.65],[-22.26,58.61],[-20.85,58.57],[-19.49,58.26],[-18.15,57.93],[-16.84,57.6],[-15.62,57.34],[-14.41,57.08],[-13.23,56.81],[-11.79,56.61],[-10.38,56.4],[-8.71,56.39],[-7.05,56.35],[-5.61,56.17],[-4.19,55.98],[-2.78,55.78],[-1.39,55.55],[-1.39,55.55],[-1.81,54.64],[-2.21,53.73],[-2.6,52.82],[-2.96,51.91],[-3.32,50.99],[-3.56,50.6],[-3.59,50.49],[-3.59,50.49],[-3.28,50.5],[-2.4,50.6],[-1.11,50.26],[0.32,49.95],[1.46,49.6],[2.36,49.08],[3.23,48.55],[4.17,47.84],[5.07,47.12],[5.96,46.39],[6.27,46.18],[6.27,46.18],[6.24,45.56],[6.22,44.94],[6.83,44.34],[6.83,44.34],[6.83,44.32],[6.76,43.89],[6.75,43.73],[6.75,43.73],[6.55,43.68],[6.31,43.49],[6.13,43.18],[5.77,42.79],[5.41,42.28],[5.34,42.19],[5.23,42.01],[5.12,41.88],[4.9,41.79],[4.88,41.4],[4.61,40.85],[4.45,40.72],[3.91,40.42],[3.4,40.15],[3.24,39.85],[3.12,39.73],[2.94,39.61],[2.73,39.51],[2.81,39.29],[2.76,39.11],[2.74,38.88],[2.67,38.75],[2.58,38.53],[2.71,38.36],[3,38.13],[3.2,38.02],[3.37,37.79],[3.28,37.66],[3.18,37.42],[3,36.77],[3,36.71],[3.25,36.33],[3.24,36.15],[2.84,35.7],[2.49,35.42],[1.9,34.87],[1.4,34.35],[1.01,33.68],[0.82,33.34],[0.35,32.83],[-0.43,32.44],[-0.95,32.11],[-1.6,31.88],[-2.17,31.56],[-2.96,31.26],[-3.5,31.14],[-3.77,31.08],[-4.17,31],[-4.43,30.41],[-4.19,29.82],[-4.07,29.5],[-3.93,29.14],[-3.91,28.89],[-3.89,28.45],[-4.23,27.78],[-4.55,27.15],[-5.01,26.69],[-5.43,26.27],[-5.95,25.92],[-6.29,25.63],[-6.63,25.35],[-6.99,24.85],[-7.21,24.67],[-7.4,24.52],[-7.8,24.23],[-8.01,24.08],[-8.2,23.94],[-8.68,23.81],[-8.96,23.73],[-8.96,23.73],[-9.1,23.47],[-9.18,23.27],[-9.29,23.06],[-9.38,22.82],[-9.47,22.55],[-9.53,22.25],[-9.58,21.95],[-9.61,21.66],[-9.6,21.38],[-9.58,21.1],[-9.43,20.79],[-9.17,20.58],[-8.91,20.5],[-8.67,20.4],[-8.35,20.18],[-8.17,20.09],[-8,19.99],[-7.84,19.82],[-7.62,19.73],[-7.55,19.56],[-7.51,19.37],[-7.4,19.22],[-7.36,19.06],[-7.3,18.93],[-7.3,18.76],[-7.29,18.69],[-7.28,18.59],[-7.22,18.42],[-7.22,18.28],[-7.22,18.28],[-7.27,18.28],[-7.31,18.25],[-7.38,18.21],[-7.43,18.17],[-7.56,18.06],[-7.64,17.99],[-7.71,17.93],[-7.85,17.85],[-7.94,17.81],[-7.99,17.74],[-8.14,17.55],[-8.3,17.42],[-8.44,17.31],[-8.58,17.22],[-8.77,17.09],[-9.05,16.9],[-9.11,16.8],[-9.22,16.65],[-9.23,16.51],[-9.25,16.34],[-9.3,16.2],[-9.35,16.06],[-9.59,15.88],[-9.72,15.78],[-9.9,15.65],[-10.06,15.53],[-10.15,15.46],[-10.15,15.46],[-9.81,15.07],[-9.47,14.68],[-9.47,14.68],[-9.37,14.76],[-9.21,14.89],[-9.12,14.97],[-9,15.06],[-8.87,15.19],[-8.77,15.3],[-8.67,15.41],[-8.58,15.5],[-8.52,15.57],[-8.45,15.65],[-8.36,15.74],[-8.28,15.83],[-8.21,15.9],[-8.14,15.96],[-8.1,16.02],[-8.07,16.08],[-8.03,16.19],[-8,16.26],[-7.98,16.35],[-7.94,16.44],[-7.89,16.55],[-7.85,16.64],[-7.79,16.75],[-7.71,16.83],[-7.64,16.9],[-7.58,16.94],[-7.54,16.98],[-7.47,17.04],[-7.4,17.06],[-7.3,17.07],[-7.21,17.09],[-7.09,17.12],[-7,17.14],[-6.89,17.2],[-6.72,17.19],[-6.33,17.14],[-6.19,17.16],[-6.09,17.19],[-5.96,17.24],[-5.96,17.25],[-5.96,17.25],[-6.11,17.07],[-6.35,16.88],[-6.53,16.7],[-6.75,16.63],[-6.99,16.51],[-7.32,16.2],[-7.37,15.77],[-7.46,15.4],[-7.77,14.99],[-8.01,14.62],[-8.26,14.22],[-8.75,13.87],[-8.75,13.87],[-8.71,13.82],[-8.71,13.82],[-9.33,13.49],[-10.02,14.12],[-10.63,13.75],[-11.22,13.42],[-11.8,13.09],[-12.02,13.23],[-12.54,12.97],[-12.78,13.11],[-13.67,12.66],[-13.78,12.73],[-14.23,12.2],[-14.86,11.85],[-14.95,11.9],[-15.41,11.65],[-15.86,11.4],[-15.95,11.48],[-16.85,11.49],[-17.75,11.5],[-18.65,11.51],[-19.4,10.97],[-19.49,11.04],[-19.92,10.73],[-20.35,10.42],[-20.59,10.59],[-21.03,10.17],[-21.46,9.75],[-22.1,10.18],[-22.59,9.83],[-23.07,9.49],[-23.26,9.63],[-23.93,9.28],[-24.05,9.37],[-24.64,8.74],[-25.22,8.11],[-25.15,8.04],[-25.66,7.56],[-26.17,7.07],[-26.03,6.94],[-26.63,6.18],[-27.22,5.41],[-27.82,4.65],[-28.44,4.05],[-28.27,3.88],[-28.66,3.36],[-29.06,2.83],[-29.01,2.78],[-29.55,2.19],[-30.1,1.6],[-30.64,1],[-30.32,0.75],[-30.82,0.25],[-31.32,-0.25],[-30.78,-0.69],[-30.24,-1.14],[-30.71,-1.58],[-31.17,-2.01],[-31.53,-2.43],[-31.89,-2.85],[-31.89,-2.85],[-32.03,-2.94],[-32.67,-3.68],[-33.3,-4.41],[-33.94,-5.14],[-33.95,-5.15],[-33.95,-5.15],[-34.35,-4.79],[-34.75,-4.43],[-35.39,-3.84],[-36.03,-3.25],[-36.68,-2.67],[-37.32,-2.08],[-37.92,-1.46],[-38.53,-0.84],[-39.13,-0.22],[-39.74,0.41],[-40.35,1.03],[-40.95,1.65],[-41.22,2.01],[-41.22,2.01],[-40.66,2.61],[-40.1,3.21],[-40.1,3.21],[-40.44,3.59],[-41.07,4.29],[-41.7,5],[-42.33,5.7],[-42.97,6.39],[-43.39,6.13],[-43.78,6.6],[-43.53,6.79],[-43.99,7.41],[-44.46,8.03],[-44.92,8.65],[-45.18,8.49],[-45.65,9.02],[-45.91,8.82],[-46.31,9.35],[-46.48,9.21],[-46.86,9.63],[-47.3,9.28],[-47.71,9.6],[-48.23,9.13],[-48.69,9.67],[-49.16,9.26],[-49.62,8.85],[-50.06,9.2],[-50.5,9.55],[-50.98,9],[-51.45,8.44],[-51.68,8.63],[-52.06,8.09],[-52.44,7.55],[-53.05,7.97],[-53.67,7.25],[-54.28,6.54],[-54.28,6.54],[-54.38,6.12],[-54.46,5.21],[-54.49,4.9],[-54.51,4.74],[-54.53,4.46],[-54.67,3.56],[-54.72,3.03],[-54.76,2.49],[-54.48,1.86],[-54.48,1.86],[-55.22,2.24],[-56.04,2.7],[-56.87,3.16],[-57.69,3.62],[-58.33,4.16],[-58.97,4.7],[-59.61,5.23],[-60.26,5.77],[-60.9,6.31],[-61.29,7.05],[-61.68,7.79],[-62.07,8.54],[-62.19,8.7],[-62.19,8.7],[-62.13,9.23],[-62.08,9.77],[-62,10.47],[-61.93,11.18],[-61.86,11.88],[-61.86,11.88],[-62.11,12.63],[-62.37,13.38],[-62.63,14.23],[-62.89,15.07],[-62.96,15.81],[-63.02,16.55],[-63.09,17.29],[-63.18,17.84],[-63.27,18.4],[-63.42,19.16],[-63.57,19.92],[-63.65,20.48],[-63.73,21.04],[-63.86,21.96],[-63.99,22.87],[-64.04,23.52],[-64.1,24.17],[-63.99,24.99],[-63.88,25.81],[-63.91,26.61],[-63.95,27.41],[-63.91,28.08],[-63.88,28.76],[-64.01,29.52],[-64.14,30.27],[-64.03,31.22],[-63.91,32.17],[-63.78,32.94],[-63.65,33.71],[-63.52,34.48],[-63.16,35.01],[-62.81,35.54],[-61.86,35.56],[-60.92,35.57],[-60.15,35.52],[-59.39,35.46],[-58.62,35.47],[-57.86,35.48],[-56.91,35.6],[-55.97,35.72],[-55.48,36.23],[-55,36.74],[-55.35,37.4],[-55.72,38.07],[-56.22,38.91],[-56.74,39.75],[-57.26,40.59],[-57.71,41.25],[-58.16,41.9],[-58.62,42.55],[-59.05,43.21],[-59.49,43.87],[-59.94,44.53],[-60.25,45.28],[-60.57,46.02],[-60.39,46.82],[-60.36,47.76],[-60.35,48.27],[-60.34,48.77],[-60.25,49.2],[-60.05,50.17],[-59.78,50.68],[-59.5,51.2],[-58.84,51.96],[-58.5,52.41],[-58.15,52.87],[-57.97,53.24],[-57.43,53.59],[-57.24,53.96],[-56.94,54.27],[-56.7,54.73],[-56.61,55.22],[-56.56,55.44],[-56.35,55.81],[-56.25,56.17],[-56.04,56.54],[-55.71,56.97],[-55.32,57.43],[-55.16,57.55]]]}},{"type":"Feature","properties":{"ma":135,"type":"gpml:TopologicalClosedPlateBoundary","name":"Phoenix","pid":919,"deforming":false},"geometry":{"type":"MultiPolygon","coordinates":[[[[180,-27.98],[180,-28.97],[180,-29.96],[180,-30.94],[180,-31.93],[180,-32.92],[180,-33.91],[180,-34.9],[180,-35.89],[180,-36.88],[180,-37.87],[180,-38.85],[180,-39.84],[180,-40.83],[180,-41.82],[180,-42.81],[180,-43.8],[180,-44.79],[180,-45.78],[180,-46.76],[180,-47.75],[180,-48.74],[180,-49.73],[180,-50.72],[180,-51.71],[180,-52.7],[180,-53.69],[180,-54.67],[180,-55.66],[180,-56.65],[180,-57.64],[180,-58.63],[180,-59.62],[180,-60.61],[180,-61.6],[180,-62.58],[180,-63.57],[180,-64.56],[180,-65.55],[180,-66.54],[180,-67.53],[180,-68.52],[180,-69.51],[180,-70.49],[178.78,-70.34],[177.21,-70.09],[175.4,-69.88],[175.4,-69.88],[173.88,-69.55],[172.42,-69.38],[170.98,-69.2],[168.84,-68.77],[167.86,-68.39],[166.92,-68],[166.15,-67.58],[164.75,-67.14],[163.13,-66.9],[161.4,-66.68],[159.02,-66.44],[157.22,-66.38],[157.22,-66.38],[157.26,-66.67],[157.04,-66.57],[155.43,-66.25],[154.2,-66.06],[153.13,-65.79],[151.26,-65.22],[151.07,-64.53],[150.78,-64.13],[150.72,-63.53],[150.84,-62.75],[150.73,-62.33],[149.8,-61.73],[149.57,-61.02],[149.46,-60.74],[150.3,-60.39],[151.12,-60.02],[151.33,-59.6],[151.71,-58.78],[152.14,-58.07],[152.92,-57.25],[153.26,-56.62],[153.46,-56.35],[153.49,-56.13],[153.63,-55.85],[153.3,-55.33],[152.61,-54.83],[151.88,-54.09],[151.19,-53.39],[150.75,-52.65],[150.43,-52.17],[150.13,-51.69],[150.07,-51.12],[150.01,-50.56],[149.54,-49.74],[148.66,-49.16],[147.8,-48.58],[146.96,-47.99],[146.06,-47.5],[145.71,-47.1],[145.88,-46.32],[145.28,-45.72],[145.68,-45.24],[146.08,-44.76],[146.45,-44.32],[146.27,-43.44],[145.74,-42.75],[145.08,-42.23],[144.79,-42.04],[144.78,-42.04],[144.78,-42.04],[144.82,-41.24],[144.76,-40.69],[144.69,-40.15],[144.41,-39.6],[144.12,-39.06],[144.11,-39.02],[143.8,-38.48],[143.8,-38.48],[143.76,-37.82],[143.72,-37.16],[143.25,-36.26],[142.8,-35.37],[142.35,-34.47],[141.92,-33.56],[141.51,-32.64],[141.1,-31.73],[140.7,-30.81],[140.31,-29.89],[140.07,-28.98],[139.83,-28.07],[139.59,-27.16],[139.36,-26.25],[139.14,-25.33],[138.71,-24.64],[138.29,-23.94],[138.29,-23.94],[137.27,-23.73],[136.25,-23.5],[135.23,-23.27],[134.22,-23.04],[133.21,-22.79],[132.21,-22.54],[131.21,-22.29],[130.21,-22.03],[129.22,-21.76],[128.23,-21.48],[127.24,-21.2],[126.26,-20.92],[125.25,-20.79],[124.25,-20.65],[123.25,-20.5],[122.25,-20.35],[121.25,-20.2],[120.25,-20.04],[119.26,-19.87],[118.25,-19.75],[117.24,-19.62],[117.24,-19.62],[117.33,-18.81],[117.42,-18],[117.51,-17.19],[117.6,-16.38],[117.6,-16.38],[118.41,-16.45],[119.23,-16.52],[120.05,-16.58],[120.87,-16.64],[121.33,-16.07],[121.78,-15.51],[122.72,-15.73],[123.67,-15.94],[124.62,-16.16],[125.57,-16.36],[126.52,-16.57],[127.47,-16.77],[128.01,-15.97],[128.54,-15.18],[129.55,-15.22],[130.55,-15.25],[131.56,-15.27],[132.57,-15.29],[133.58,-15.31],[134.58,-15.32],[135.59,-15.33],[136.6,-15.33],[137.61,-15.33],[138.62,-15.33],[139.63,-15.32],[140.63,-15.3],[141.64,-15.28],[142.65,-15.26],[142.3,-16.15],[141.95,-17.04],[142.98,-17.03],[144.02,-17.02],[145.05,-17],[146.08,-16.97],[147.11,-16.94],[148.13,-16.9],[149.16,-16.86],[150.19,-16.82],[151.22,-16.76],[152.25,-16.71],[153.27,-16.65],[154.3,-16.58],[155.32,-16.51],[155.48,-15.71],[155.63,-14.91],[155.79,-14.11],[155.94,-13.31],[156.86,-13.31],[157.78,-13.3],[158.7,-13.29],[159.62,-13.27],[160.53,-13.26],[160.53,-13.26],[160.49,-14],[160.44,-14.75],[161.15,-14.84],[161.86,-14.93],[162.57,-15.03],[162.47,-15.92],[162.36,-16.82],[162.26,-17.71],[162.15,-18.61],[162.04,-19.5],[161.93,-20.4],[162.47,-20.51],[163.02,-20.63],[162.93,-21.43],[162.85,-22.23],[162.76,-23.03],[162.68,-23.84],[163.73,-24.09],[164.79,-24.34],[165.85,-24.58],[166.92,-24.81],[167.99,-25.04],[169.06,-25.26],[170.14,-25.47],[171.22,-25.67],[172.31,-25.86],[173.4,-26.05],[174.49,-26.23],[175.59,-26.4],[176.69,-26.56],[177.79,-26.71],[178.89,-26.85],[180,-26.99],[180,-27.98]]],[[[-180,-69.51],[-180,-68.52],[-180,-67.53],[-180,-66.54],[-180,-65.55],[-180,-64.56],[-180,-63.57],[-180,-62.58],[-180,-61.6],[-180,-60.61],[-180,-59.62],[-180,-58.63],[-180,-57.64],[-180,-56.65],[-180,-55.66],[-180,-54.67],[-180,-53.69],[-180,-52.7],[-180,-51.71],[-180,-50.72],[-180,-49.73],[-180,-48.74],[-180,-47.75],[-180,-46.76],[-180,-45.78],[-180,-44.79],[-180,-43.8],[-180,-42.81],[-180,-41.82],[-180,-40.83],[-180,-39.84],[-180,-38.85],[-180,-37.87],[-180,-36.88],[-180,-35.89],[-180,-34.9],[-180,-33.91],[-180,-32.92],[-180,-31.93],[-180,-30.94],[-180,-29.96],[-180,-28.97],[-180,-27.98],[-180,-26.99],[-178.93,-27.11],[-177.87,-27.22],[-176.8,-27.33],[-175.72,-27.43],[-174.65,-27.52],[-173.57,-27.6],[-172.5,-27.67],[-171.42,-27.74],[-170.34,-27.79],[-169.21,-27.84],[-168.08,-27.88],[-166.95,-27.92],[-165.82,-27.94],[-164.69,-27.95],[-163.56,-27.96],[-162.43,-27.95],[-161.73,-27.95],[-161.03,-27.93],[-160.02,-27.98],[-159.01,-28.02],[-157.99,-28.06],[-156.98,-28.09],[-155.97,-28.11],[-154.95,-28.12],[-153.94,-28.12],[-152.88,-28.17],[-151.82,-28.2],[-150.77,-28.22],[-149.71,-28.24],[-148.79,-28.14],[-147.93,-28.03],[-147.79,-28.05],[-147.19,-28.03],[-146.59,-28],[-145.67,-27.98],[-144.81,-27.86],[-144.15,-27.81],[-143.49,-27.75],[-143.42,-28.54],[-143.34,-29.33],[-143.27,-30.12],[-143.19,-30.91],[-142.51,-30.83],[-142.6,-29.93],[-142.69,-29.04],[-141.99,-28.97],[-141.29,-28.89],[-140.49,-28.79],[-139.7,-28.68],[-138.91,-28.57],[-138.27,-28.51],[-137.62,-28.44],[-136.97,-28.29],[-135.9,-28.1],[-136.03,-27.2],[-136.17,-26.3],[-136.3,-25.4],[-136.43,-24.5],[-136.56,-23.6],[-135.68,-23.46],[-134.79,-23.31],[-133.91,-23.16],[-133.03,-23],[-133.13,-22.34],[-133.23,-21.68],[-133.32,-21.02],[-132.39,-20.82],[-131.46,-20.61],[-130.53,-20.4],[-129.6,-20.19],[-128.68,-19.96],[-127.83,-19.77],[-126.97,-19.58],[-126.12,-19.38],[-126.12,-19.38],[-126.09,-19.42],[-126.09,-19.42],[-125.12,-19.62],[-124.14,-19.83],[-123.15,-20.02],[-122.17,-20.21],[-121.18,-20.4],[-120.19,-20.58],[-119.2,-20.75],[-118.2,-20.92],[-117.21,-21.08],[-116.21,-21.24],[-115.21,-21.39],[-114.21,-21.54],[-113.2,-21.68],[-112.19,-21.81],[-111.19,-21.93],[-111.27,-22.91],[-111.35,-23.88],[-111.43,-24.85],[-111.52,-25.82],[-111.6,-26.79],[-110.5,-26.88],[-109.39,-26.96],[-108.28,-27.04],[-107.17,-27.11],[-106.06,-27.16],[-104.95,-27.21],[-103.84,-27.25],[-102.72,-27.28],[-101.61,-27.31],[-100.5,-27.32],[-99.38,-27.33],[-98.27,-27.32],[-98.18,-28.21],[-98.08,-29.11],[-97.99,-30],[-97.89,-30.89],[-97.79,-31.79],[-96.63,-31.63],[-95.48,-31.47],[-94.33,-31.29],[-93.18,-31.1],[-92.04,-30.91],[-90.9,-30.7],[-89.77,-30.49],[-88.64,-30.26],[-87.52,-30.02],[-86.4,-29.78],[-85.29,-29.52],[-84.19,-29.26],[-83.83,-30.05],[-83.47,-30.83],[-83.11,-31.62],[-82.74,-32.4],[-82.36,-33.18],[-81.27,-32.94],[-80.18,-32.68],[-79.11,-32.42],[-78.03,-32.15],[-76.97,-31.86],[-75.91,-31.57],[-74.85,-31.27],[-73.81,-30.97],[-72.77,-30.65],[-71.73,-30.33],[-70.71,-29.99],[-69.69,-29.65],[-69.13,-30.36],[-68.56,-31.07],[-67.98,-31.77],[-67.4,-32.48],[-66.8,-33.18],[-65.79,-32.73],[-64.8,-32.28],[-63.81,-31.81],[-62.83,-31.34],[-61.86,-30.87],[-60.91,-30.38],[-59.96,-29.89],[-59.02,-29.4],[-58.09,-28.89],[-58.09,-28.89],[-57.73,-29.52],[-57.38,-30.15],[-57.14,-30.6],[-56.64,-31.02],[-56.12,-31.47],[-55.59,-31.92],[-55.59,-31.92],[-55.51,-32.26],[-55.29,-33],[-55.26,-33.55],[-55.14,-34.12],[-55.07,-34.85],[-55.24,-35.74],[-55.42,-36.63],[-55.45,-37.45],[-55.49,-38.27],[-55.52,-39.1],[-55.56,-39.92],[-55.6,-40.74],[-55.7,-41.53],[-55.8,-42.32],[-55.91,-43.11],[-56.01,-43.9],[-56.48,-44.84],[-56.96,-45.77],[-57.45,-46.7],[-57.96,-47.63],[-57.96,-47.63],[-58.14,-48.5],[-58.33,-49.38],[-58.82,-50.06],[-59.32,-50.75],[-59.57,-51.16],[-59.73,-51.64],[-59.73,-51.64],[-60.15,-52.19],[-60.45,-52.46],[-60.64,-52.81],[-60.79,-53.09],[-61.04,-53.54],[-61.22,-53.81],[-61.55,-54.31],[-61.79,-54.67],[-62.04,-55.06],[-62.29,-55.47],[-62.69,-56.09],[-62.85,-56.35],[-63.07,-56.69],[-63.28,-57.01],[-63.47,-57.3],[-63.67,-57.65],[-63.83,-57.95],[-63.96,-58.19],[-64,-58.27],[-64.07,-58.5],[-64.17,-58.78],[-64.27,-59.21],[-64.56,-59.52],[-64.94,-59.83],[-65.45,-60.2],[-66.02,-60.62],[-66.37,-60.88],[-66.67,-61.12],[-66.93,-61.31],[-67.31,-61.64],[-67.63,-62.06],[-67.75,-62.42],[-67.83,-62.74],[-67.91,-62.99],[-67.92,-63.3],[-67.96,-63.64],[-67.94,-63.99],[-67.94,-63.99],[-69.19,-63.87],[-70.16,-64.37],[-71.16,-64.87],[-72.56,-65.32],[-74.01,-65.74],[-75.45,-66.41],[-77.35,-66.84],[-78.9,-67.35],[-79.67,-67.96],[-80.48,-68.56],[-81.15,-69.02],[-81.85,-69.47],[-83.35,-70.16],[-84.5,-70.56],[-85.69,-70.95],[-86.45,-71.46],[-87.26,-71.97],[-88.98,-72.77],[-90.22,-73.3],[-93.31,-73.7],[-95.63,-73.98],[-98.46,-74.53],[-101.54,-74.96],[-104,-75.18],[-106.52,-75.38],[-108.02,-75.42],[-108.02,-75.42],[-111.17,-75.36],[-114.28,-75.25],[-118.13,-75.11],[-121.88,-74.9],[-125.53,-74.64],[-128.83,-74.34],[-132.01,-74.01],[-134.61,-73.74],[-137.13,-73.44],[-139.55,-73.11],[-141.89,-72.75],[-144.62,-72.52],[-147.27,-72.25],[-149.85,-71.95],[-149.85,-71.95],[-150.41,-71.94],[-153.01,-71.93],[-155.59,-71.89],[-158.17,-71.82],[-160.85,-71.72],[-163.5,-71.59],[-166.5,-71.5],[-169.46,-71.37],[-172.06,-71.22],[-174.61,-71.04],[-177.12,-70.82],[-178.57,-70.66],[-180,-70.49],[-180,-69.51]]]]}},{"type":"Feature","properties":{"ma":135,"type":"gpml:TopologicalClosedPlateBoundary","name":"South America AT","pid":201,"deforming":false},"geometry":{"type":"Polygon","coordinates":[[[-41.22,2.01],[-40.95,1.65],[-40.35,1.03],[-39.74,0.41],[-39.13,-0.22],[-38.53,-0.84],[-37.92,-1.46],[-37.32,-2.08],[-36.68,-2.67],[-36.03,-3.25],[-35.39,-3.84],[-34.75,-4.43],[-34.01,-5.09],[-33.26,-5.76],[-32.52,-6.42],[-32.03,-6.93],[-31.54,-7.44],[-31.04,-7.94],[-30.21,-8.29],[-29.38,-8.63],[-28.54,-8.97],[-28.54,-8.97],[-28.32,-9.47],[-27.99,-10.01],[-27.65,-10.55],[-27.17,-11.18],[-26.53,-11.95],[-26.31,-12.47],[-26.1,-12.99],[-26.03,-13.55],[-25.96,-14.11],[-25.78,-14.63],[-25.6,-15.14],[-25.28,-15.55],[-24.95,-15.96],[-24.38,-16.23],[-23.8,-16.5],[-23.29,-16.77],[-22.78,-17.03],[-22.23,-17.29],[-21.68,-17.55],[-20.84,-17.95],[-19.95,-18.46],[-19.09,-18.96],[-18.14,-19.35],[-17.23,-19.52],[-16.31,-19.69],[-15.59,-19.71],[-14.87,-19.72],[-14.08,-19.88],[-13.48,-20.08],[-13.24,-20.18],[-13.24,-20.18],[-12.87,-20.35],[-12.3,-20.55],[-11.74,-20.7],[-11.47,-20.92],[-11.41,-21.29],[-11.8,-21.6],[-12.48,-21.77],[-12.89,-22.04],[-13.26,-22.55],[-13.6,-22.48],[-14.01,-22.83],[-14.68,-23.05],[-15.11,-23.45],[-15.54,-23.85],[-15.68,-24.13],[-15.48,-24.53],[-15.12,-24.81],[-14.7,-24.81],[-14.64,-24.38],[-14.28,-24.19],[-13.75,-24.51],[-12.86,-24.9],[-11.94,-24.86],[-12.14,-25.1],[-12.63,-25.38],[-12.87,-25.6],[-13.07,-25.86],[-13.16,-26.23],[-13.1,-26.67],[-13.07,-27.13],[-13.07,-27.66],[-13.09,-28.1],[-13.19,-28.58],[-13.49,-29.27],[-13.58,-29.62],[-13.64,-30.12],[-13.55,-30.73],[-13.71,-31.26],[-13.75,-31.91],[-13.84,-32.52],[-14.08,-33.02],[-14.25,-33.48],[-14.29,-33.9],[-14.52,-34.27],[-14.67,-34.83],[-14.97,-35.37],[-15.12,-35.81],[-15.25,-36.33],[-15.41,-36.94],[-15.92,-37.55],[-16.22,-38.01],[-16.5,-38.48],[-17.25,-39.05],[-18.03,-39.22],[-18.82,-39.38],[-19.72,-39.5],[-20.62,-39.62],[-21.61,-39.93],[-22.28,-40.13],[-22.94,-40.34],[-24.05,-40.85],[-24.53,-41.26],[-25.02,-41.66],[-25.19,-42.19],[-25.36,-42.71],[-25.43,-43.62],[-25.95,-44.53],[-26.58,-44.94],[-26.74,-45.09],[-27.3,-45.88],[-28.02,-46.62],[-28.77,-47.39],[-29.24,-47.95],[-29.94,-48.62],[-30.61,-49.41],[-31.18,-50.18],[-31.88,-50.92],[-32.51,-51.3],[-33.14,-51.67],[-33.14,-51.67],[-33.79,-51.57],[-34.64,-51.22],[-35.25,-50.5],[-35.44,-49.98],[-36.37,-49.58],[-37.17,-49.59],[-37.97,-49.59],[-39.12,-49.46],[-40.27,-49.31],[-41.15,-49.12],[-42.02,-48.92],[-43.13,-48.49],[-44.23,-48.04],[-45.61,-47.76],[-46.97,-47.46],[-47.99,-47.1],[-49,-46.74],[-49.93,-46.37],[-50.85,-45.99],[-52.04,-45.53],[-53.2,-45.05],[-54.17,-44.71],[-55.13,-44.37],[-56.07,-44.01],[-56.07,-44.01],[-56.01,-43.9],[-55.91,-43.11],[-55.8,-42.32],[-55.7,-41.53],[-55.6,-40.74],[-55.56,-39.92],[-55.52,-39.1],[-55.49,-38.27],[-55.45,-37.45],[-55.42,-36.63],[-55.24,-35.74],[-55.07,-34.85],[-55.14,-34.12],[-55.26,-33.55],[-55.29,-33],[-55.51,-32.26],[-55.64,-31.75],[-55.76,-31.23],[-56.41,-30.49],[-56.65,-29.81],[-56.88,-29.13],[-57.11,-28.46],[-57.39,-27.66],[-57.67,-26.86],[-57.94,-26.06],[-58.11,-25.13],[-58.28,-24.2],[-58.45,-23.26],[-58.61,-22.33],[-58.77,-21.4],[-58.77,-21.4],[-58.75,-21.35],[-58.54,-20.7],[-58.34,-20.04],[-58.13,-19.39],[-57.72,-18.82],[-57.32,-18.24],[-56.92,-17.67],[-56.77,-16.69],[-56.62,-15.71],[-56.47,-14.72],[-55.98,-14.02],[-55.5,-13.31],[-55.01,-12.6],[-55.01,-12.6],[-55.03,-12.51],[-55.2,-11.96],[-55.38,-11.42],[-55.52,-10.82],[-55.66,-10.23],[-56.01,-9.5],[-56.36,-8.77],[-56.7,-8.04],[-57.04,-7.32],[-57.39,-6.59],[-57.98,-5.88],[-58.57,-5.17],[-59.16,-4.47],[-59.16,-4.47],[-58.62,-3.76],[-58.09,-3.06],[-57.55,-2.35],[-56.77,-2.96],[-55.99,-3.57],[-55.6,-3.08],[-55.21,-2.59],[-54.43,-3.15],[-53.65,-3.7],[-52.87,-4.25],[-52.33,-3.55],[-51.8,-2.84],[-51.26,-2.14],[-50.81,-2.52],[-50.35,-2.91],[-49.82,-2.35],[-49.3,-1.79],[-48.78,-1.23],[-48.25,-0.67],[-47.88,-1.02],[-47.5,-1.36],[-46.95,-0.81],[-46.41,-0.26],[-45.87,0.29],[-45.32,0.84],[-44.93,0.45],[-44.45,0.95],[-43.97,1.46],[-43.49,1.96],[-42.92,1.37],[-42.35,0.78],[-41.78,1.39],[-41.22,2.01]]]}},{"type":"Feature","properties":{"ma":135,"type":"gpml:TopologicalClosedPlateBoundary","name":"South Africa","pid":701,"deforming":false},"geometry":{"type":"Polygon","coordinates":[[[48.41,-26.92],[47.91,-27.66],[47.41,-28.4],[46.9,-29.14],[46.38,-29.87],[45.86,-30.6],[44.78,-30.86],[43.7,-31.1],[42.61,-31.34],[42.71,-32.1],[42.82,-32.87],[42.93,-33.63],[43.04,-34.39],[42.01,-34.57],[40.97,-34.73],[40.04,-34.94],[40.12,-35.55],[39.06,-35.75],[39.16,-36.45],[37.98,-36.67],[38,-37.02],[37.05,-37.12],[36.11,-37.22],[36,-38.15],[35.89,-39.08],[35.78,-39.88],[35.66,-40.69],[35.54,-41.5],[35.41,-42.31],[35.41,-42.31],[34.14,-42.3],[32.88,-42.27],[31.61,-42.23],[30.35,-42.17],[30.26,-43.06],[30.18,-43.96],[30.09,-44.85],[28.81,-44.8],[27.54,-44.73],[26.26,-44.65],[26.03,-45.49],[25.8,-46.34],[24.72,-46.21],[23.64,-46.07],[22.57,-45.92],[22.31,-46.82],[22.03,-47.72],[21.75,-48.61],[21.45,-49.51],[21.15,-50.4],[20.83,-51.3],[20.5,-52.19],[20.16,-53.08],[19.74,-53.85],[19.31,-54.62],[18.87,-55.39],[18.48,-56.37],[18.08,-57.34],[17.65,-58.31],[17.2,-59.28],[16.73,-60.25],[16.22,-61.22],[16.22,-61.22],[14.25,-61.03],[12.3,-60.81],[12.3,-60.81],[11.88,-61.38],[11.45,-61.95],[10.13,-61.76],[8.83,-61.57],[8.35,-62.12],[7.85,-62.67],[6.35,-62.37],[4.88,-62.05],[4.03,-62.85],[3.14,-63.65],[2.47,-64.18],[1.77,-64.71],[0.1,-64.38],[-1.52,-64.03],[-1.52,-64.03],[-3.17,-64.59],[-4.89,-65.12],[-6.68,-65.64],[-8.54,-66.14],[-10.47,-66.61],[-12.48,-67.06],[-12.48,-67.06],[-12.91,-66.31],[-12.91,-66.31],[-12.13,-65.63],[-11.87,-65.13],[-11.62,-64.62],[-11.41,-63.88],[-11.41,-63.88],[-12.99,-64.01],[-15.2,-64.17],[-17.44,-64.29],[-19.69,-64.37],[-21.65,-64.24],[-23.58,-64.09],[-25.49,-63.9],[-27.18,-63.68],[-28.84,-63.44],[-30.47,-63.18],[-32.33,-62.94],[-34.15,-62.68],[-35.37,-62.53],[-35.37,-62.53],[-35.26,-61.72],[-35.03,-61.05],[-34.81,-60.39],[-34.68,-59.8],[-34.56,-59.21],[-33.97,-58.66],[-33.39,-58.1],[-32.33,-57.36],[-31.32,-56.6],[-30.72,-56.04],[-30.14,-55.48],[-29.8,-54.93],[-29.47,-54.37],[-29.1,-53.45],[-28.73,-52.58],[-28.28,-52.1],[-27.85,-51.62],[-27.39,-51.12],[-26.93,-50.63],[-26.47,-50.16],[-26.01,-49.69],[-25.31,-48.84],[-24.86,-48.24],[-24.42,-47.64],[-24.12,-46.73],[-23.67,-45.92],[-23.43,-45.45],[-23.2,-44.97],[-22.89,-44.36],[-22.6,-43.75],[-22.01,-42.9],[-21.44,-42.54],[-20.88,-42.18],[-20.18,-41.78],[-19.5,-41.39],[-18.9,-41.07],[-18.3,-40.74],[-17.14,-40.31],[-16.51,-40.16],[-15.88,-40.01],[-14.91,-39.56],[-14.44,-39.15],[-13.96,-38.73],[-13.53,-38.15],[-13.28,-37.3],[-13.1,-36.32],[-12.86,-35.51],[-12.45,-34.75],[-12.08,-33.94],[-12.02,-33.44],[-11.96,-32.95],[-11.97,-32.06],[-12.31,-31.39],[-12.35,-30.84],[-12.39,-30.28],[-12.15,-29.77],[-11.91,-29.26],[-11.42,-28.51],[-11.08,-27.55],[-10.93,-27.05],[-10.78,-26.55],[-10.18,-26.04],[-9.58,-25.53],[-8.98,-25.01],[-8.67,-24.46],[-8.37,-23.91],[-8.34,-23.71],[-8.34,-23.71],[-7.37,-23.69],[-6.39,-23.67],[-5.41,-23.64],[-4.7,-23.89],[-3.98,-24.14],[-3.15,-24.3],[-2.32,-24.45],[-1.6,-24.35],[-0.87,-24.25],[0.02,-24.36],[0.92,-24.46],[1.64,-24.59],[2.37,-24.72],[3.42,-24.88],[4.47,-25.03],[5.53,-25.17],[6.4,-25.17],[7.26,-25.16],[8.13,-25.15],[9,-25.48],[9.87,-25.8],[10.41,-26.57],[10.94,-27.34],[11.49,-28.11],[12.04,-28.88],[12.16,-29.57],[12.6,-29.89],[13.05,-30.22],[12.94,-31.13],[13.59,-31.88],[14.26,-32.63],[14.96,-32.95],[15.67,-33.26],[16.38,-33.56],[17.28,-33.99],[18.19,-34.41],[19.1,-34.83],[20.06,-34.7],[21.02,-34.56],[21.87,-33.96],[22.7,-33.36],[23.53,-32.75],[24.34,-32.32],[25.15,-31.89],[25.81,-31.55],[26.46,-31.21],[27.4,-31.13],[28.35,-31.03],[29.29,-30.94],[30.33,-30.87],[31.37,-30.8],[32.41,-30.71],[33.45,-30.59],[34.49,-30.45],[35.52,-30.31],[36.49,-30.11],[37.45,-29.9],[38.4,-29.69],[38.4,-29.69],[38.95,-29.09],[39.57,-28.63],[40.18,-28.15],[40.18,-28.15],[41.1,-28.03],[42.02,-27.9],[42.93,-27.76],[43.84,-27.62],[44.85,-27.48],[45.85,-27.33],[46.86,-27.17],[47.86,-27.01],[48.41,-26.92]]]}},{"type":"Feature","properties":{"ma":135,"type":"gpml:TopologicalClosedPlateBoundary","name":"Eurasia EUR_140_134","pid":301,"deforming":false},"geometry":{"type":"Polygon","coordinates":[[[99.16,76.16],[96.74,75.49],[94.54,74.8],[92.53,74.08],[90.68,73.35],[88.99,72.6],[87.44,71.84],[86.01,71.07],[85.81,70.27],[85.63,69.46],[85.47,68.66],[85.31,67.85],[83.57,67.4],[81.89,66.94],[80.27,66.45],[79.63,65.81],[79.02,65.16],[78.44,64.51],[78.2,63.64],[77.98,62.78],[77.77,61.91],[77.57,61.04],[76.62,60.41],[75.71,59.77],[74.83,59.12],[73.98,58.46],[73.98,58.46],[73.16,57.79],[72.37,57.11],[71.61,56.42],[70.87,55.73],[71.7,55.12],[72.5,54.51],[73.27,53.89],[74.02,53.26],[75,52.76],[75.95,52.24],[76.88,51.73],[77.79,51.2],[77.77,50.61],[77.74,50.03],[76.93,49.43],[76.13,48.82],[75.17,48.33],[74.23,47.83],[73.31,47.32],[72.41,46.8],[71.34,46.18],[70.29,45.55],[69.26,44.91],[68.65,44.38],[68.05,43.84],[67.46,43.31],[66.81,42.49],[66.17,41.66],[65.55,40.84],[64.95,40.01],[64.36,39.18],[64.63,38.33],[64.89,37.48],[65.27,36.76],[65.63,36.05],[65.68,35.32],[65.73,34.58],[65.78,33.85],[65.51,33.06],[65.24,32.28],[64.98,31.49],[64.73,30.7],[64.47,29.91],[63.72,29.29],[62.97,28.67],[62.23,28.05],[62.23,28.05],[62.46,27.1],[62.68,26.15],[62.91,25.2],[63.13,24.24],[63.35,23.29],[63.56,22.34],[63.51,21.49],[63.46,20.64],[63.46,20.64],[64.32,20.46],[65.17,20.28],[66.03,20.1],[66.94,19.98],[67.86,19.85],[68.77,19.71],[69.11,20.24],[69.45,20.76],[69.45,20.76],[70.06,20.69],[70.67,20.62],[70.67,20.62],[70.62,19.63],[70.56,18.65],[70.29,17.94],[70.03,17.22],[69.76,16.5],[69.5,15.78],[69.5,15.78],[68.47,15.73],[67.44,15.68],[66.41,15.62],[65.39,15.55],[64.36,15.48],[63.67,15.64],[62.97,15.79],[62.28,15.93],[61.51,16.19],[60.74,16.45],[59.98,16.66],[59.22,16.88],[58.62,17.11],[58.01,17.34],[57.44,17.79],[56.87,18.23],[56.29,18.67],[55.68,19.16],[55.08,19.66],[54.12,19.92],[53.15,20.18],[52.13,20.39],[51.1,20.58],[50.08,20.77],[49.3,20.82],[48.53,20.86],[47.75,20.89],[46.89,21.02],[46.03,21.14],[45.19,21.41],[44.36,21.67],[43.74,21.86],[43.12,22.04],[42.6,22.29],[42.08,22.53],[41.8,22.65],[41.8,22.65],[41.79,22.59],[41.63,22.04],[41.63,22.04],[40.73,21.9],[39.83,21.75],[38.84,21.44],[37.85,21.13],[36.87,20.82],[35.89,20.49],[34.92,20.17],[33.95,19.75],[32.99,19.33],[32.04,18.91],[31.09,18.48],[30.15,18.05],[29.3,17.96],[28.46,17.86],[27.61,17.77],[26.77,17.66],[25.89,17.64],[25,17.6],[24.12,17.57],[24.12,17.57],[24.85,18.15],[25.59,18.73],[26.33,19.3],[26.93,19.88],[27.53,20.46],[28.13,21.04],[28.74,21.62],[29.32,22.19],[29.91,22.77],[30.5,23.35],[31.09,23.92],[31.42,24.33],[31.75,24.75],[31.75,24.75],[30.71,24.9],[29.66,25.04],[28.6,25.18],[27.55,25.3],[26.49,25.42],[25.43,25.54],[24.37,25.64],[24.37,25.64],[23.56,25.36],[22.75,25.07],[21.95,24.78],[21.15,24.48],[20.69,24.01],[20.23,23.54],[20.29,23.38],[19.65,22.72],[19.01,22.06],[19.08,21.87],[18.69,21.4],[18.31,20.93],[18.31,20.93],[18.87,20.21],[19.43,19.48],[19.98,18.76],[20.08,18.67],[20.08,18.67],[19.19,19.2],[18.29,19.73],[17.38,20.25],[16.81,19.55],[16.24,18.84],[15.68,18.13],[15.12,17.42],[14.56,16.71],[14.01,15.99],[13.47,15.28],[13.47,15.28],[12.71,15.65],[12.12,16.19],[11.52,16.73],[11.52,16.73],[11.52,16.73],[10.57,16.45],[9.61,16.17],[8.66,15.88],[7.78,15.73],[6.9,15.57],[6.03,15.41],[5.5,15.58],[5.5,15.58],[6.06,16.25],[6.06,16.25],[5.82,16.77],[5.57,17.07],[5.28,17.35],[5.05,17.71],[4.82,18.01],[4.33,18.38],[3.81,18.77],[3.29,18.94],[3.03,19.13],[2.54,19.37],[2.11,19.47],[1.77,19.55],[1.39,19.59],[1.05,19.62],[0.7,19.64],[0.32,19.68],[0.09,19.84],[-0.24,19.97],[-0.52,20.26],[-0.87,20.3],[-1.56,20.42],[-1.72,20.6],[-1.89,20.78],[-1.93,20.89],[-2.03,21.11],[-1.98,21.23],[-2.14,21.6],[-2.33,21.88],[-3.01,22.18],[-3.78,22.35],[-4.38,22.36],[-4.55,22.58],[-4.61,22.83],[-4.61,23.25],[-4.56,23.54],[-4.48,23.7],[-4.35,23.82],[-4.27,23.98],[-4.34,24.25],[-4.2,24.33],[-4.24,24.48],[-4.26,24.54],[-4.25,24.66],[-4.11,24.79],[-3.94,24.89],[-3.8,24.97],[-3.65,25.03],[-3.53,25.08],[-3.19,25.17],[-2.81,25.24],[-2.53,25.26],[-2.37,25.53],[-2.23,25.67],[-2.11,25.87],[-2.01,26.03],[-1.89,26.21],[-1.77,26.35],[-1.68,26.45],[-1.6,26.62],[-1.42,26.77],[-1.36,26.95],[-1.31,27.11],[-1.3,27.4],[-1.27,27.59],[-1.25,27.71],[-1.17,27.95],[-1.18,28.24],[-1.16,28.47],[-1.17,28.68],[-1.2,29.04],[-1.19,29.26],[-1.18,29.44],[-1.23,29.87],[-1.14,30.11],[-1.07,30.29],[-1.02,30.53],[-1.04,30.72],[-0.93,30.8],[-0.83,30.86],[-0.73,30.93],[-0.55,31.14],[-0.42,31.27],[-0.05,31.32],[0.1,31.36],[0.23,31.39],[0.35,31.42],[0.43,31.44],[0.59,31.53],[0.76,31.62],[0.79,31.83],[1.04,32.28],[1.13,32.64],[1.42,32.92],[1.57,33.3],[1.64,33.29],[1.76,33.49],[1.91,33.69],[1.95,33.77],[1.99,33.87],[2.11,33.93],[2.18,33.98],[2.27,34.02],[2.39,34.07],[2.54,34.06],[2.71,34.02],[2.91,33.98],[3.75,34.08],[4.1,34.09],[4.37,34.21],[4.41,34.26],[4.41,34.26],[4.5,34.29],[4.62,34.48],[4.64,34.6],[4.64,34.76],[4.69,34.91],[4.74,35.13],[4.8,35.35],[5,35.63],[5.16,35.76],[5.32,35.99],[5.35,36.02],[5.45,36.11],[5.51,36.17],[5.57,36.31],[5.6,36.37],[5.47,36.54],[5.38,36.67],[5.34,36.94],[5.3,37.06],[5.25,37.22],[5.48,37.46],[5.61,37.66],[5.61,37.91],[5.51,38.15],[5.42,38.37],[5.3,38.66],[5.1,38.88],[4.97,39.06],[4.9,39.21],[4.94,39.37],[5.12,39.53],[5.2,39.69],[5.4,39.91],[5.5,40.12],[5.74,40.3],[5.94,40.48],[6.19,40.63],[6.34,40.95],[6.32,41.33],[6.31,41.53],[6.35,41.92],[6.4,42.2],[6.62,42.7],[6.71,42.96],[6.77,43.21],[7.02,43.52],[6.75,43.86],[6.75,43.86],[6.76,43.89],[6.83,44.32],[6.83,44.34],[6.83,44.34],[6.22,44.94],[6.24,45.56],[6.27,46.18],[6.27,46.18],[5.96,46.39],[5.07,47.12],[4.17,47.84],[3.23,48.55],[2.36,49.08],[1.46,49.6],[0.32,49.95],[-1.11,50.26],[-2.4,50.6],[-3.28,50.5],[-3.59,50.49],[-3.59,50.49],[-3.56,50.6],[-3.32,50.99],[-2.95,51.94],[-2.57,52.88],[-2.17,53.83],[-1.75,54.77],[-1.31,55.71],[-0.85,56.65],[-0.58,57.28],[-0.29,57.92],[0.06,58.66],[0.43,59.4],[0.85,60.31],[1.29,61.21],[1.68,61.96],[2.09,62.7],[2.51,63.45],[2.81,64.34],[3.13,65.22],[3.47,66.11],[3.83,66.99],[4.32,67.85],[4.85,68.71],[5.42,69.56],[6.04,70.41],[5.14,71.18],[5.14,71.18],[6.98,71.75],[8.93,72.3],[11,72.84],[13.19,73.35],[15.51,73.83],[18.34,74.33],[21.35,74.79],[24.53,75.21],[27.88,75.58],[30.88,76.19],[34.14,76.77],[37.69,77.29],[40.39,77.96],[43.41,78.6],[46.77,79.21],[50.51,79.77],[51.75,80.73],[53.27,81.68],[54.83,82.42],[56.73,83.16],[59.08,83.89],[62.06,84.6],[71.98,84.98],[83.11,85.19],[94.76,85.2],[94.76,85.2],[92.09,84.49],[93.77,83.63],[95.05,82.77],[96.06,81.91],[96.88,81.05],[98.2,80.21],[99.32,79.36],[100.27,78.51],[101.09,77.66],[101.81,76.81],[99.16,76.16]]]}},{"type":"Feature","properties":{"ma":135,"type":"gpml:TopologicalClosedPlateBoundary","name":"East Africa","pid":715,"deforming":false},"geometry":{"type":"Polygon","coordinates":[[[14.03,-3.2],[13.33,-2.74],[12.64,-2.27],[11.95,-1.8],[11.25,-1.34],[10.56,-0.87],[9.81,-0.27],[9.05,0.33],[8.3,0.93],[7.54,1.54],[6.79,2.14],[6.77,2.15],[6.77,2.15],[7.23,2.79],[7.69,3.42],[8.15,4.05],[8.45,4.74],[8.45,4.74],[7.7,5.01],[6.95,5.29],[6.15,5.66],[5.34,6.02],[4.54,6.39],[3.73,6.75],[2.92,7.11],[2.11,7.47],[1.3,7.83],[0.49,8.19],[-0.17,8.61],[-0.83,9.04],[-1.49,9.46],[-2.15,9.88],[-2.15,9.88],[-1.67,9.67],[-0.89,9.46],[-0.11,9.24],[-0.11,9.24],[0.74,9.41],[1.59,9.58],[2.55,9.83],[3.52,10.08],[4.48,10.32],[5.45,10.57],[5.61,11.22],[6.52,11.54],[7.43,11.85],[8.34,12.16],[9.26,12.47],[9.26,12.47],[9.32,12.38],[9.32,12.38],[9.87,12.83],[10.42,13.28],[10.97,13.72],[10.97,13.72],[10.84,13.79],[10.78,13.87],[10.78,13.87],[11.42,14.47],[12.06,15.07],[12.7,15.66],[12.7,15.66],[12.71,15.65],[13.58,15.22],[14.46,14.79],[15.27,14.51],[16.08,14.23],[16.88,13.95],[17.69,13.66],[18.49,13.37],[18.49,13.37],[17.83,12.9],[17.83,12.9],[18.43,12.21],[19.02,11.52],[19.75,11.03],[20.47,10.54],[21.29,10.1],[22.11,9.66],[22.92,9.22],[23.65,8.87],[24.37,8.52],[25.09,8.16],[25.81,7.81],[26.72,7.44],[27.62,7.06],[28.52,6.69],[29.43,6.31],[30.33,5.93],[31.13,5.77],[31.93,5.61],[32.73,5.45],[33.53,5.29],[34.32,5.12],[34.32,5.12],[34.86,5.62],[35.4,6.11],[35.91,6.87],[36.42,7.63],[36.92,8.39],[37.43,9.15],[37.83,9.93],[38.23,10.71],[38.63,11.48],[39.03,12.26],[39.25,13.13],[39.47,14],[39.7,14.88],[39.93,15.75],[40.15,16.62],[40.39,17.49],[40.39,17.49],[41.36,17.21],[42.33,16.92],[43.3,16.63],[44.27,16.34],[45.23,16.04],[46.19,15.73],[47.15,15.42],[47.4,16.06],[47.65,16.69],[47.9,17.33],[48.87,17.04],[49.83,16.75],[50.79,16.45],[51.75,16.15],[52.7,15.84],[53.65,15.53],[54.6,15.21],[55.54,14.9],[56.49,14.57],[57.43,14.25],[58.36,13.92],[59.3,13.58],[60.23,13.25],[61.16,12.91],[62.08,12.56],[63.01,12.22],[63.94,11.9],[64.88,11.57],[65.81,11.25],[66.73,10.92],[67.66,10.58],[67.66,10.58],[67.39,9.81],[67.13,9.04],[66.87,8.27],[66.6,7.5],[66.34,6.73],[65.96,5.81],[65.58,4.9],[65.2,3.99],[64.82,3.07],[64.44,2.16],[64.06,1.25],[63.69,0.33],[63.31,-0.58],[62.93,-1.49],[62.56,-2.4],[62.1,-3.29],[61.65,-4.17],[61.19,-5.05],[60.74,-5.93],[60.28,-6.81],[59.82,-7.69],[59.36,-8.57],[58.9,-9.45],[58.36,-10.2],[57.83,-10.95],[57.29,-11.7],[56.74,-12.44],[56.2,-13.19],[55.65,-13.93],[55.1,-14.68],[54.54,-15.42],[53.98,-16.16],[53.42,-16.9],[52.86,-17.48],[52.86,-17.48],[52.75,-18.39],[52.65,-19.3],[52.54,-20.2],[52.43,-21.11],[52.32,-22.01],[52.21,-22.92],[52.09,-23.83],[51.1,-23.71],[50.11,-23.6],[49.12,-23.47],[49.06,-24.35],[49,-25.24],[48.94,-26.12],[48.41,-26.92],[48.41,-26.92],[47.86,-27.01],[46.86,-27.17],[45.85,-27.33],[44.85,-27.48],[43.84,-27.62],[42.75,-27.79],[41.66,-27.95],[40.57,-28.1],[39.47,-28.25],[38.71,-28.36],[37.95,-28.47],[37.19,-28.57],[36.26,-28.72],[35.33,-28.86],[34.4,-28.99],[33.44,-29.12],[32.48,-29.24],[31.53,-29.36],[30.39,-29.49],[29.26,-29.61],[28.12,-29.72],[27.22,-29.99],[26.32,-30.26],[25.41,-30.52],[24.5,-30.77],[23.99,-31.07],[23.47,-31.37],[22.77,-31.81],[22.06,-32.24],[21.77,-32.81],[21.47,-33.38],[20.57,-33.73],[19.66,-34.09],[19.02,-33.77],[18.23,-33.58],[17.44,-33.39],[17.06,-32.48],[17.23,-31.63],[17.66,-31.31],[17.8,-30.77],[17.95,-30.23],[17.96,-29.5],[17.97,-28.76],[17.88,-27.87],[17.79,-26.99],[17.44,-26.77],[17.04,-26.97],[16.62,-27.42],[16.2,-27.87],[15.96,-28.4],[15.72,-28.93],[16.01,-29.53],[16.3,-30.13],[16.45,-30.92],[15.9,-31.22],[15.2,-31.3],[14.85,-30.86],[14.5,-30.41],[14.28,-29.48],[14.24,-28.77],[14.2,-28.05],[14.15,-27.34],[13.9,-26.78],[13.64,-26.23],[13.24,-25.37],[12.97,-24.79],[11.95,-24.97],[11.22,-24.67],[10.68,-24.83],[10.13,-24.99],[9.19,-24.87],[8.24,-24.75],[7.63,-24.8],[7.02,-24.84],[6.17,-24.62],[5.32,-24.39],[4.32,-24.32],[3.33,-24.24],[2.74,-24.17],[2.16,-24.1],[1.87,-23.65],[1.58,-23.21],[1.24,-22.8],[0.9,-22.39],[0.37,-22.27],[0.04,-21.74],[-0.04,-21.17],[0.11,-20.96],[0.07,-20.49],[-0.6,-19.91],[-0.65,-19.59],[-0.69,-19.08],[-0.69,-19.08],[0.08,-18.68],[0.64,-18.19],[0.77,-17.7],[0.89,-17.22],[0.87,-16.59],[0.85,-15.97],[0.81,-15.42],[0.77,-14.86],[0.76,-14.14],[0.76,-13.42],[1.23,-12.64],[1.09,-12.06],[1.19,-11.47],[1.29,-10.88],[1.3,-10.24],[1.31,-9.59],[1.99,-9.51],[2.67,-9.42],[3.25,-9.61],[3.83,-9.81],[4.61,-9.74],[5.39,-9.66],[6.38,-9.87],[7.3,-10.23],[8.23,-10.59],[9.01,-10.47],[9.79,-10.35],[10.58,-10.57],[11.25,-10.46],[11.93,-10.35],[12.24,-9.68],[12.55,-9.02],[12.86,-8.35],[12.58,-7.89],[12.29,-7.43],[12.17,-6.79],[12.06,-6.16],[12.35,-5.48],[12.64,-4.81],[12.93,-4.13],[13.46,-3.68],[13.99,-3.23],[14.03,-3.2]]]}},{"type":"Feature","properties":{"ma":135,"type":"gpml:TopologicalClosedPlateBoundary","name":"NE Siberia","pid":409,"deforming":false},"geometry":{"type":"Polygon","coordinates":[[[-180,90],[180,90],[180,89.13],[133.35,88.71],[115.75,87.91],[108.18,87.03],[102.19,86.44],[97.93,85.83],[94.76,85.2],[83.11,85.19],[71.98,84.98],[62.06,84.6],[59.08,83.89],[56.73,83.16],[54.83,82.42],[53.27,81.68],[51.75,80.73],[50.51,79.77],[46.77,79.21],[43.41,78.6],[40.39,77.96],[37.69,77.29],[34.14,76.77],[30.88,76.19],[27.88,75.58],[24.53,75.21],[21.35,74.79],[18.34,74.33],[15.51,73.83],[13.19,73.35],[11,72.84],[8.93,72.3],[6.98,71.75],[5.14,71.18],[5.14,71.18],[4.4,71.77],[3.62,72.35],[1.91,72.63],[1.91,72.63],[2.01,72.75],[2.05,72.81],[2.76,73.69],[3.54,74.55],[4.41,75.42],[5.39,76.28],[6.1,77.14],[6.91,77.99],[6.91,77.99],[4.4,78.09],[0.95,78.45],[-2.71,78.77],[-6.22,79.18],[-9.98,79.55],[-14.01,79.87],[-18.51,80.21],[-23.3,80.48],[-28.02,80.51],[-32.73,80.47],[-37.37,80.37],[-40.93,80.12],[-44.31,79.84],[-49.4,79.69],[-54.31,79.46],[-58.67,78.93],[-62.62,78.34],[-62.62,78.34],[-62.62,78.34],[-62.62,78.34],[-62.62,78.34],[-62.62,78.34],[-64.71,79.13],[-67.11,79.9],[-68.65,80.82],[-70.53,81.72],[-72.87,82.62],[-75.83,83.49],[-79.71,84.35],[-82.36,85.19],[-86.11,86.01],[-91.75,86.8],[-100.95,87.54],[-117.2,88.17],[-136.37,88.82],[-180,89.13],[-180,90]]]}},{"type":"Feature","properties":{"ma":135,"type":"gpml:TopologicalClosedPlateBoundary","name":"East Siberia Microplate of AACM GS","pid":42150,"deforming":false},"geometry":{"type":"Polygon","coordinates":[[[-28.1,74.42],[-25.46,74.66],[-22.74,74.86],[-19.96,75.03],[-16.38,75.1],[-12.79,75.1],[-9.21,75.05],[-6.94,74.81],[-4.74,74.54],[-2.42,74.23],[-0.19,73.89],[1.95,73.53],[2.57,73.46],[2.57,73.46],[2.05,72.81],[2.01,72.75],[1.91,72.63],[1.91,72.63],[3.62,72.35],[4.48,71.71],[5.29,71.06],[6.04,70.41],[5.42,69.56],[4.85,68.71],[4.32,67.85],[3.83,66.99],[3.47,66.11],[3.13,65.22],[2.81,64.34],[2.51,63.45],[2,62.56],[2,62.56],[1.48,62.72],[0.19,63.02],[-1.24,63.34],[-2.81,63.66],[-3.92,63.87],[-5.37,64.3],[-6.69,64.66],[-8.39,64.85],[-9.57,64.98],[-10.85,65.1],[-12,65.2],[-14.23,65.36],[-15.45,65.42],[-15.45,65.42],[-15.02,65.7],[-14.69,66.09],[-14.58,66.54],[-15.09,66.81],[-16.37,67.23],[-18.08,67.46],[-20.12,67.69],[-21.02,67.79],[-21.9,67.87],[-22,67.87],[-22,67.87],[-22.46,68.67],[-22.95,69.46],[-23.5,70.2],[-24.09,70.93],[-24.72,71.66],[-25.4,72.39],[-26.23,73.07],[-27.12,73.74],[-28.1,74.42]]]}},{"type":"Feature","properties":{"ma":135,"type":"gpml:TopologicalClosedPlateBoundary","name":"North Slope Microplate of AACM GS","pid":18150,"deforming":false},"geometry":{"type":"Polygon","coordinates":[[[-38.38,73.32],[-36.76,72.72],[-35.24,72.11],[-33.83,71.49],[-32.27,70.76],[-30.82,70.02],[-29.7,69.37],[-28.65,68.71],[-27.74,68.02],[-27.21,67.56],[-27.21,67.56],[-27.91,67.4],[-29.12,67.12],[-30.14,66.87],[-30.91,66.54],[-31.6,66.22],[-32.32,66.04],[-33.5,65.57],[-34.04,65.28],[-34.65,64.88],[-35.12,63.94],[-35.57,63.33],[-36,62.72],[-36.48,62.33],[-36.64,62.07],[-36.91,61.26],[-36.98,61],[-37.57,60.19],[-37.61,59.61],[-37.7,59.46],[-37.95,59.09],[-37.95,59.09],[-38.58,59.31],[-39.87,59.6],[-41.17,59.88],[-41.57,59.95],[-41.57,59.95],[-42.15,60.7],[-42.76,61.44],[-43.39,62.19],[-44.07,62.93],[-44.92,63.63],[-45.81,64.32],[-47.51,64.88],[-49.28,65.43],[-49.93,66.16],[-50.63,66.89],[-51.36,67.61],[-51.42,68.42],[-51.49,69.23],[-51.57,70.03],[-51.57,70.03],[-50.54,70.44],[-49.47,70.83],[-47.55,71.41],[-45.5,71.98],[-42.93,72.54],[-40.2,73.06],[-38.38,73.32]]]}},{"type":"Feature","properties":{"ma":135,"type":"gpml:TopologicalClosedPlateBoundary","name":"Pacific Plate AT","pid":901,"deforming":false},"geometry":{"type":"MultiPolygon","coordinates":[[[[180,-4.03],[180,-5.02],[180,-6.02],[180,-7.02],[180,-8.02],[180,-9.02],[180,-10.02],[180,-11.01],[180,-12.01],[180,-13.01],[180,-14.01],[180,-15.01],[180,-16.01],[180,-17],[180,-18],[180,-19],[180,-20],[180,-21],[180,-22],[180,-23],[180,-23.99],[180,-24.99],[180,-25.99],[180,-26.99],[178.89,-26.85],[177.79,-26.71],[176.69,-26.56],[175.59,-26.4],[174.49,-26.23],[173.4,-26.05],[172.31,-25.86],[171.22,-25.67],[170.14,-25.47],[169.06,-25.26],[167.99,-25.04],[166.92,-24.81],[165.85,-24.58],[164.79,-24.34],[163.73,-24.09],[162.68,-23.84],[162.76,-23.03],[162.85,-22.23],[162.93,-21.43],[163.02,-20.63],[162.47,-20.51],[161.93,-20.4],[162.04,-19.5],[162.15,-18.61],[162.26,-17.71],[162.36,-16.82],[162.47,-15.92],[162.57,-15.03],[161.86,-14.93],[161.15,-14.84],[160.44,-14.75],[160.44,-14.75],[160.49,-13.94],[160.54,-13.13],[160.59,-12.33],[160.64,-11.52],[160.69,-10.66],[160.75,-9.79],[160.8,-8.93],[160.85,-8.07],[161.83,-8.06],[162.81,-8.05],[163.79,-8.04],[164.76,-8.03],[165.74,-8.01],[166.72,-7.99],[167.7,-7.97],[168.67,-7.95],[169.65,-7.92],[170.63,-7.89],[171.6,-7.86],[171.59,-6.97],[171.57,-6.08],[171.56,-5.19],[171.54,-4.3],[171.53,-3.41],[172.47,-3.37],[173.41,-3.33],[174.35,-3.29],[175.29,-3.25],[176.24,-3.21],[177.18,-3.16],[178.12,-3.12],[179.06,-3.07],[180,-3.03],[180,-4.03]]],[[[-180,-25.99],[-180,-24.99],[-180,-23.99],[-180,-23],[-180,-22],[-180,-21],[-180,-20],[-180,-19],[-180,-18],[-180,-17],[-180,-16.01],[-180,-15.01],[-180,-14.01],[-180,-13.01],[-180,-12.01],[-180,-11.01],[-180,-10.02],[-180,-9.02],[-180,-8.02],[-180,-7.02],[-180,-6.02],[-180,-5.02],[-180,-4.03],[-180,-3.03],[-179.1,-2.98],[-178.21,-2.94],[-177.31,-2.89],[-176.42,-2.84],[-176.45,-1.98],[-176.48,-1.11],[-175.56,-1.02],[-174.63,-0.93],[-173.71,-0.84],[-172.79,-0.75],[-171.86,-0.65],[-170.94,-0.56],[-170.01,-0.47],[-169.09,-0.38],[-168.17,-0.28],[-167.24,-0.19],[-166.32,-0.1],[-165.4,0],[-164.47,0.09],[-164.5,0.89],[-164.54,1.7],[-164.57,2.5],[-164.6,3.31],[-164.63,4.11],[-163.85,4.24],[-163.06,4.36],[-163.07,4.37],[-162.85,4.41],[-162.12,4.53],[-161.39,4.66],[-160.71,4.82],[-160.03,4.98],[-160.18,5.62],[-160.33,6.26],[-160.52,7.08],[-160.72,7.9],[-160.91,8.72],[-161.04,9.43],[-161.18,10.14],[-161.18,10.14],[-161.18,10.14],[-160.35,10.22],[-159.53,10.31],[-159.5,9.88],[-158.74,9.99],[-157.99,10.09],[-157.99,10.62],[-157.99,11.15],[-158,11.85],[-158.02,12.59],[-158.04,13.34],[-158.08,14],[-158.11,14.66],[-158.1,14.66],[-157.28,14.68],[-156.45,14.69],[-155.62,14.71],[-154.66,14.73],[-154.34,14.64],[-153.86,14.61],[-153.45,14.67],[-152.83,14.7],[-152.27,14.72],[-151.71,14.74],[-150.91,14.77],[-150.79,14.25],[-150.68,13.73],[-150.57,13.23],[-150.35,12.74],[-150.13,12.26],[-149.62,12.47],[-149.48,12.15],[-149.12,12.29],[-148.96,12],[-148.45,12.29],[-148.31,12.08],[-147.57,12.27],[-146.84,12.46],[-146.58,11.63],[-145.63,11.89],[-144.68,12.15],[-144.1,12.35],[-144.09,12.82],[-144.09,12.82],[-143.12,12.5],[-142.48,12.71],[-142.04,11.93],[-142.96,11.58],[-142.65,10.97],[-142.35,10.37],[-143.01,9.94],[-143.66,9.51],[-143.62,9.48],[-143.43,9.19],[-143.21,9.01],[-142.93,8.49],[-142.65,7.97],[-142.53,7.76],[-142.43,7.59],[-142.24,7.31],[-142.04,7.11],[-141.51,6.52],[-141.43,6.46],[-140.82,5.77],[-141.37,5.39],[-141.91,5.02],[-141.72,4.75],[-141.36,4.28],[-140.99,3.81],[-140.41,3.03],[-140.17,2.76],[-139.98,2.53],[-139.43,1.95],[-139.33,1.79],[-138.94,1.32],[-138.54,0.85],[-137.78,1.41],[-137.02,1.96],[-136.68,1.47],[-136.33,0.98],[-136.11,1.17],[-135.43,1.57],[-135.29,1.31],[-134.96,0.83],[-134.63,0.36],[-134.3,-0.06],[-133.97,-0.48],[-133.93,-0.54],[-133.5,-1.16],[-133.45,-1.25],[-133.33,-1.45],[-133.3,-1.53],[-132.93,-2.01],[-132.57,-2.49],[-132.35,-2.71],[-131.77,-3.48],[-131.46,-3.79],[-131.19,-4.13],[-131.04,-4.43],[-131.76,-5.01],[-132.47,-5.6],[-133.19,-6.18],[-133.91,-6.77],[-134.63,-7.35],[-134.09,-8.14],[-133.56,-8.93],[-133.03,-9.72],[-132.49,-10.5],[-131.95,-11.29],[-131.4,-12.07],[-130.86,-12.86],[-130.31,-13.64],[-129.75,-14.42],[-129.19,-15.2],[-128.63,-15.98],[-128.07,-16.75],[-127.59,-17.41],[-127.1,-18.07],[-126.61,-18.73],[-126.12,-19.38],[-126.12,-19.38],[-126.97,-19.58],[-127.83,-19.77],[-128.68,-19.96],[-129.6,-20.19],[-130.53,-20.4],[-131.46,-20.61],[-132.39,-20.82],[-133.32,-21.02],[-133.23,-21.68],[-133.13,-22.34],[-133.03,-23],[-133.91,-23.16],[-134.79,-23.31],[-135.68,-23.46],[-136.56,-23.6],[-136.43,-24.5],[-136.3,-25.4],[-136.17,-26.3],[-136.03,-27.2],[-135.9,-28.1],[-136.97,-28.29],[-137.62,-28.44],[-138.27,-28.51],[-138.91,-28.57],[-139.7,-28.68],[-140.49,-28.79],[-141.29,-28.89],[-141.99,-28.97],[-142.69,-29.04],[-142.6,-29.93],[-142.51,-30.83],[-143.19,-30.91],[-143.27,-30.12],[-143.34,-29.33],[-143.42,-28.54],[-143.49,-27.75],[-144.15,-27.81],[-144.81,-27.86],[-145.67,-27.98],[-146.59,-28],[-147.19,-28.03],[-147.79,-28.05],[-147.93,-28.03],[-148.79,-28.14],[-149.71,-28.24],[-150.77,-28.22],[-151.82,-28.2],[-152.88,-28.17],[-153.94,-28.12],[-154.95,-28.12],[-155.97,-28.11],[-156.98,-28.09],[-157.99,-28.06],[-159.01,-28.02],[-160.02,-27.98],[-161.03,-27.93],[-161.73,-27.95],[-162.43,-27.95],[-163.56,-27.96],[-164.69,-27.95],[-165.82,-27.94],[-166.95,-27.92],[-168.08,-27.88],[-169.21,-27.84],[-170.34,-27.79],[-171.42,-27.74],[-172.5,-27.67],[-173.57,-27.6],[-174.65,-27.52],[-175.72,-27.43],[-176.8,-27.33],[-177.87,-27.22],[-178.93,-27.11],[-180,-26.99],[-180,-25.99]]]]}},{"type":"Feature","properties":{"ma":135,"type":"gpml:TopologicalClosedPlateBoundary","name":"Woyla back-arc","pid":787,"deforming":false},"geometry":{"type":"Polygon","coordinates":[[[94.12,18.59],[94.28,19.49],[94.46,20.39],[94.63,21.3],[94.8,22.2],[94.99,22.82],[94.99,22.82],[95.91,22.43],[96.65,22.11],[97.39,21.78],[98.13,21.46],[98.87,21.13],[98.55,20.55],[99.35,20.08],[100.14,19.6],[100.94,19.12],[101.72,18.64],[101.57,18.29],[102.31,17.97],[103.03,17.65],[103.76,17.33],[104.49,17.01],[104.41,16.75],[104.41,16.75],[105.29,16.55],[106.16,16.35],[107.03,16.14],[107.9,15.93],[108.89,15.69],[109.88,15.44],[110.87,15.19],[111.85,14.94],[111.98,15.38],[112.93,15.15],[113.87,14.92],[114.8,14.69],[115.74,14.45],[116.68,14.21],[116.78,14.55],[117.71,14.39],[118.64,14.24],[119.57,14.08],[120.49,13.91],[121.42,13.74],[122.34,13.57],[123.26,13.4],[124.18,13.22],[125.1,13.04],[125.92,12.85],[125.92,12.85],[125.41,12.02],[124.91,11.19],[124.56,10.51],[124.21,9.83],[123.86,9.14],[123.52,8.46],[123.13,7.89],[123.13,7.89],[122.17,8.05],[121.43,8.48],[120.68,8.92],[119.93,9.35],[119.19,9.78],[118.43,10.21],[117.68,10.63],[116.73,10.83],[115.78,11.02],[114.83,11.21],[113.88,11.4],[112.93,11.59],[112.02,11.79],[111.12,12],[110.21,12.2],[109.3,12.4],[108.39,12.59],[107.48,12.78],[106.56,12.97],[105.65,13.39],[104.73,13.8],[103.8,14.21],[102.87,14.62],[101.94,15.02],[101.15,15.49],[100.36,15.95],[99.56,16.4],[98.76,16.86],[97.96,17.31],[97.15,17.6],[96.33,17.9],[95.6,18.13],[94.86,18.36],[94.12,18.59]]]}},{"type":"Feature","properties":{"ma":135,"type":"gpml:TopologicalClosedPlateBoundary","name":"Kohistan back-arc basin 155-126 Ma","pid":528,"deforming":false},"geometry":{"type":"Polygon","coordinates":[[[92.74,11.9],[92.09,11.85],[91.13,11.83],[90.17,11.81],[89.21,11.79],[89.21,11.27],[89.21,10.76],[88.24,10.72],[87.26,10.68],[86.28,10.63],[85.3,10.59],[84.33,10.54],[84.28,10.02],[84.23,9.5],[84.23,9.5],[83.85,9.47],[82.92,9.39],[81.98,9.31],[81.05,9.23],[80.11,9.14],[79.18,9.05],[78.25,8.95],[78.17,9.61],[77.27,9.55],[76.38,9.48],[76.27,10.31],[75.45,10.23],[74.63,10.16],[74.55,10.74],[74.47,11.32],[73.48,11.29],[72.49,11.25],[71.49,11.21],[71.44,11.74],[71.38,12.27],[70.58,12.24],[69.79,12.21],[69,12.18],[68.2,12.14],[68.2,12.14],[68.53,13.07],[68.86,14],[69.2,14.93],[69.53,15.86],[69.87,16.79],[70.21,17.72],[70.56,18.65],[70.62,19.63],[70.67,20.62],[70.67,20.62],[71.72,20.48],[72.76,20.35],[73.81,20.21],[74.85,20.06],[75.88,19.92],[76.91,19.78],[77.94,19.62],[78.96,19.47],[79.99,19.3],[81.01,19.14],[82.03,18.96],[83.04,18.78],[83.26,19.25],[83.48,19.73],[84.2,19.64],[84.92,19.56],[85.64,19.47],[86.33,19.42],[87.01,19.36],[87.36,20.05],[87.72,20.75],[88.68,20.69],[89.64,20.62],[90.6,20.55],[91.55,20.47],[92.51,20.39],[93.46,20.3],[94.42,20.2],[94.42,20.2],[94.24,19.27],[94.07,18.34],[93.9,17.41],[93.73,16.48],[93.56,15.54],[93.39,14.61],[93.39,13.72],[93.39,12.83],[93.39,11.94],[92.74,11.9]]]}},{"type":"Feature","properties":{"ma":135,"type":"gpml:TopologicalClosedPlateBoundary","name":"Neo Tethys AT","pid":534,"deforming":false},"geometry":{"type":"Polygon","coordinates":[[[110.92,-19.32],[110.08,-19.76],[109.24,-20.19],[108.4,-20.62],[107.55,-21.04],[106.69,-21.47],[105.83,-21.88],[104.97,-22.3],[104.1,-22.7],[103.22,-23.11],[103.63,-23.93],[104.05,-24.76],[104.48,-25.58],[104.9,-26.41],[105.34,-27.23],[105.78,-28.05],[106.23,-28.87],[105.33,-29.33],[104.43,-29.78],[103.51,-30.22],[102.59,-30.66],[101.66,-31.09],[100.72,-31.51],[99.77,-31.93],[98.75,-32.43],[97.73,-32.92],[96.69,-33.4],[95.64,-33.87],[94.58,-34.33],[93.51,-34.78],[93.58,-35.29],[93.58,-35.29],[92.65,-35.55],[92.51,-35.28],[91.48,-35.53],[90.44,-35.78],[89.39,-36.02],[88.33,-36.25],[87.27,-36.48],[87.09,-35.9],[86.22,-36.02],[85.34,-36.14],[85.51,-36.64],[84.36,-36.8],[83.2,-36.96],[82.04,-37.1],[82.12,-38.03],[82.2,-38.97],[82.28,-39.9],[81.09,-39.97],[79.9,-40.03],[78.71,-40.07],[77.51,-40.1],[76.32,-40.12],[75.12,-40.12],[75.03,-39.61],[74.95,-39.09],[73.84,-38.98],[72.73,-38.87],[71.63,-38.74],[71.68,-37.87],[71.74,-37],[71.79,-36.14],[70.63,-35.9],[69.49,-35.65],[68.35,-35.38],[67.21,-35.11],[66.09,-34.83],[66.28,-34],[66.47,-33.17],[66.65,-32.34],[66.83,-31.51],[65.8,-31.16],[64.77,-30.8],[63.75,-30.43],[62.74,-30.06],[61.74,-29.68],[60.75,-29.29],[59.76,-28.9],[58.78,-28.49],[57.81,-28.08],[56.84,-27.67],[55.89,-27.24],[54.94,-26.81],[53.99,-26.38],[54.33,-25.64],[54.67,-24.9],[55,-24.16],[54.05,-23.87],[53.11,-23.57],[52.16,-23.27],[52.16,-23.27],[52.28,-22.3],[52.4,-21.34],[52.52,-20.38],[52.63,-19.41],[52.74,-18.45],[52.86,-17.48],[52.86,-17.48],[53.42,-16.9],[53.98,-16.16],[54.54,-15.42],[55.1,-14.68],[55.65,-13.93],[56.2,-13.19],[56.74,-12.44],[57.29,-11.7],[57.83,-10.95],[58.36,-10.2],[58.9,-9.45],[59.36,-8.57],[59.82,-7.69],[60.28,-6.81],[60.74,-5.93],[61.19,-5.05],[61.65,-4.17],[62.1,-3.29],[62.56,-2.4],[62.92,-1.53],[63.28,-0.65],[63.64,0.23],[64.01,1.1],[64.37,1.98],[64.73,2.86],[65.09,3.74],[65.46,4.61],[65.46,4.61],[65.92,4.46],[66.76,4.21],[67.6,3.96],[68.43,3.71],[69.3,3.54],[70.17,3.37],[71.04,3.19],[72.01,3.08],[72.97,2.96],[73.94,2.85],[74.91,2.73],[75.9,2.67],[76.9,2.62],[77.9,2.56],[78.89,2.5],[79.83,2.63],[80.77,2.77],[81.7,2.9],[82.64,3.03],[83.58,3.16],[84.51,3.29],[85.39,3.51],[86.26,3.73],[87.14,3.95],[88.01,4.17],[88.89,4.39],[89.64,4.71],[90.39,5.02],[91.14,5.34],[91.79,5.7],[92.44,6.07],[93.09,6.43],[93.09,6.43],[93.17,7.33],[93.24,8.23],[93.32,9.12],[93.39,10.02],[93.39,10.94],[93.39,11.86],[93.39,12.77],[93.39,13.69],[93.39,14.61],[93.53,15.41],[93.68,16.2],[93.82,17],[93.97,17.79],[94.12,18.59],[94.12,18.59],[94.86,18.36],[95.6,18.13],[96.33,17.9],[97.15,17.6],[97.96,17.31],[98.76,16.86],[99.56,16.4],[100.36,15.95],[101.15,15.49],[101.94,15.02],[102.87,14.62],[103.8,14.21],[104.73,13.8],[105.65,13.39],[106.56,12.97],[107.48,12.78],[108.39,12.59],[109.3,12.4],[110.21,12.2],[111.12,12],[112.02,11.79],[112.93,11.59],[113.88,11.4],[114.83,11.21],[115.78,11.02],[116.73,10.83],[117.68,10.63],[118.45,10.2],[119.21,9.76],[119.97,9.33],[119.97,9.33],[119.54,8.46],[119.1,7.59],[118.67,6.72],[118.24,5.85],[117.81,4.98],[117.38,4.11],[117.07,3.18],[116.76,2.25],[116.44,1.31],[116.13,0.38],[115.82,-0.55],[115.5,-1.49],[115.19,-2.42],[114.87,-3.35],[114.56,-4.29],[114.24,-5.22],[113.93,-6.15],[113.61,-7.08],[113.21,-7.96],[112.81,-8.83],[112.41,-9.7],[112,-10.57],[111.59,-11.45],[111.41,-12.31],[111.24,-13.17],[111.06,-14.03],[110.87,-14.89],[110.69,-15.75],[110.51,-16.61],[110.32,-17.47],[110.13,-18.33],[110.13,-18.33],[110.94,-18.57],[110.94,-18.57],[110.92,-19.32]]]}},{"type":"Feature","properties":{"ma":135,"type":"gpml:TopologicalClosedPlateBoundary","name":"NW Africa","pid":714,"deforming":false},"geometry":{"type":"Polygon","coordinates":[[[7.46,1.61],[7.25,0.66],[7.04,-0.29],[6.83,-1.08],[6.63,-1.86],[5.98,-2.29],[5.32,-2.72],[4.73,-3.22],[4.13,-3.72],[3.75,-4.38],[3.37,-5.05],[2.97,-5.8],[2.57,-6.55],[2.07,-7.37],[1.57,-8.18],[1.02,-8.68],[0.47,-9.18],[0.05,-9.54],[-0.37,-9.89],[-0.88,-9.65],[-1.39,-9.41],[-1.83,-8.84],[-2.27,-8.27],[-2.97,-8.6],[-3.46,-8.76],[-3.95,-8.93],[-4.87,-8.76],[-5.79,-8.59],[-6.46,-8.71],[-7.13,-8.83],[-7.6,-9.3],[-8.07,-9.77],[-8.79,-9.74],[-9.31,-9.21],[-9.37,-8.24],[-9.28,-7.68],[-9.18,-7.12],[-10,-7.2],[-10.48,-7.7],[-10.65,-8.42],[-10.7,-8.92],[-10.75,-9.42],[-10.66,-9.92],[-10.2,-10.44],[-9.68,-10.97],[-9.74,-11.78],[-9.98,-12.68],[-10.08,-13.31],[-10.18,-13.94],[-10.11,-14.5],[-10.3,-15.15],[-10.55,-15.5],[-10.19,-16.07],[-9.85,-16.7],[-9.85,-17.46],[-9.86,-18.22],[-9.5,-18.78],[-9.15,-19.63],[-9.21,-20.31],[-9.21,-20.34],[-9.21,-20.34],[-9.69,-20.35],[-10.44,-20.41],[-10.64,-20.42],[-10.64,-20.42],[-11.48,-19.94],[-12.31,-19.45],[-13.25,-19.11],[-14.19,-18.76],[-14.74,-18.69],[-15.28,-18.63],[-16.11,-18.56],[-16.95,-18.49],[-17.74,-18.27],[-18.54,-18.05],[-19.04,-17.61],[-19.54,-17.16],[-20.39,-16.61],[-21.15,-16.25],[-21.9,-15.89],[-22.71,-15.58],[-23.52,-15.26],[-24.05,-14.74],[-24.4,-14.04],[-24.76,-13.34],[-24.97,-12.57],[-25.19,-11.8],[-25.39,-11.01],[-25.59,-10.23],[-26.19,-9.7],[-26.19,-9.7],[-27.09,-9.53],[-27.73,-9.29],[-28.36,-9.05],[-29.26,-8.68],[-30.15,-8.31],[-31.04,-7.94],[-31.54,-7.44],[-32.03,-6.93],[-32.52,-6.42],[-33.23,-5.78],[-33.95,-5.15],[-33.95,-5.15],[-33.94,-5.14],[-33.3,-4.41],[-32.67,-3.68],[-32.03,-2.94],[-31.89,-2.85],[-31.89,-2.85],[-31.53,-2.43],[-31.17,-2.01],[-30.71,-1.58],[-30.24,-1.14],[-30.78,-0.69],[-31.32,-0.25],[-30.82,0.25],[-30.32,0.75],[-30.64,1],[-30.1,1.6],[-29.55,2.19],[-29.01,2.78],[-29.06,2.83],[-28.66,3.36],[-28.27,3.88],[-28.44,4.05],[-27.82,4.65],[-27.22,5.41],[-26.63,6.18],[-26.03,6.94],[-26.17,7.07],[-25.66,7.56],[-25.15,8.04],[-25.22,8.11],[-24.64,8.74],[-24.05,9.37],[-23.93,9.28],[-23.26,9.63],[-23.07,9.49],[-22.59,9.83],[-22.1,10.18],[-21.46,9.75],[-21.03,10.17],[-20.59,10.59],[-20.35,10.42],[-19.92,10.73],[-19.49,11.04],[-19.4,10.97],[-18.65,11.51],[-17.75,11.5],[-16.85,11.49],[-15.95,11.48],[-15.86,11.4],[-15.41,11.65],[-14.95,11.9],[-14.86,11.85],[-14.23,12.2],[-13.78,12.73],[-13.67,12.66],[-12.78,13.11],[-12.54,12.97],[-12.02,13.23],[-11.8,13.09],[-11.22,13.42],[-10.63,13.75],[-10.02,14.12],[-9.33,13.49],[-8.71,13.82],[-8.71,13.82],[-8.75,13.87],[-8.75,13.87],[-8.26,14.22],[-8.01,14.62],[-7.77,14.99],[-7.46,15.4],[-7.37,15.77],[-7.32,16.2],[-6.99,16.51],[-6.75,16.63],[-6.53,16.7],[-6.35,16.88],[-6.11,17.07],[-5.96,17.25],[-5.96,17.25],[-5.9,17.25],[-5.84,17.26],[-5.84,17.26],[-5.84,17.26],[-5.83,17.11],[-5.92,16.79],[-6,16.53],[-6.06,16.34],[-6.17,16.18],[-6.64,15.92],[-6.82,15.7],[-6.75,15.39],[-6.71,15.11],[-6.79,14.83],[-6.92,14.62],[-7.06,14.41],[-7.21,14.17],[-7.39,13.88],[-7.53,13.66],[-7.68,13.42],[-7.79,13.25],[-7.88,13.12],[-7.96,12.96],[-7.96,12.96],[-7.52,12.44],[-7.07,11.92],[-6.25,11.59],[-5.42,11.25],[-4.6,10.91],[-3.78,10.57],[-2.96,10.22],[-2.15,9.88],[-2.15,9.88],[-1.49,9.46],[-0.83,9.04],[-0.17,8.61],[0.49,8.19],[1.3,7.83],[2.11,7.47],[2.92,7.11],[3.73,6.75],[4.54,6.39],[5.34,6.02],[6.15,5.66],[6.95,5.29],[7.7,5.01],[8.45,4.74],[8.45,4.74],[8.15,4.05],[7.69,3.42],[7.23,2.79],[6.77,2.15],[6.77,2.15],[6.79,2.14],[7.46,1.61]]]}},{"type":"Feature","properties":{"ma":135,"type":"gpml:TopologicalClosedPlateBoundary","name":"Iberia","pid":304,"deforming":false},"geometry":{"type":"Polygon","coordinates":[[[-6.87,12.12],[-6.77,12.22],[-6.55,12.42],[-6.37,12.59],[-6.14,12.8],[-5.97,12.96],[-5.74,13.18],[-5.51,13.39],[-5.3,13.73],[-5.21,14.12],[-5.14,14.45],[-5.02,14.69],[-4.65,15.11],[-4.25,15.41],[-4.05,15.63],[-3.8,16.01],[-3.66,16.2],[-3.52,16.53],[-3.37,16.84],[-3.19,17.12],[-3.07,17.39],[-2.98,17.65],[-2.9,17.85],[-2.84,17.99],[-2.73,18.11],[-2.64,18.27],[-2.64,18.27],[-2.57,18.1],[-2.3,17.88],[-1.93,17.75],[-1.64,17.75],[-1.3,17.6],[-1.13,17.53],[-0.96,17.45],[-0.55,17.4],[-0.36,17.37],[-0.09,17.28],[0.09,17.22],[0.4,17.1],[0.66,17.01],[1.29,16.75],[1.92,16.54],[2.59,16.06],[3.22,15.32],[3.92,14.87],[4.58,14.35],[4.59,14.35],[4.59,14.35],[5,14.97],[5.5,15.58],[5.5,15.58],[6.03,15.41],[6.9,15.57],[7.78,15.73],[8.66,15.88],[9.61,16.17],[10.57,16.45],[11.52,16.73],[11.52,16.73],[11.52,16.73],[12.11,16.2],[12.7,15.66],[12.7,15.66],[12.06,15.07],[11.42,14.47],[10.78,13.87],[10.78,13.87],[10.84,13.79],[10.97,13.72],[10.97,13.72],[10.42,13.28],[9.87,12.83],[9.32,12.38],[9.32,12.38],[9.26,12.47],[9.26,12.47],[8.34,12.16],[7.43,11.85],[6.52,11.54],[5.61,11.22],[5.45,10.57],[4.48,10.32],[3.52,10.08],[2.55,9.83],[1.59,9.58],[0.74,9.41],[-0.11,9.24],[-0.11,9.24],[-0.89,9.46],[-1.67,9.67],[-2.56,10.05],[-3.46,10.43],[-4.36,10.81],[-5.26,11.18],[-6.17,11.55],[-7.07,11.92],[-7.07,11.92],[-6.87,12.12]]]}},{"type":"Feature","properties":{"ma":135,"type":"gpml:TopologicalClosedPlateBoundary","name":"Meso Tethys","pid":530,"deforming":false},"geometry":{"type":"Polygon","coordinates":[[[40.61,18.34],[40.84,19.19],[41.08,20.04],[41.31,20.89],[41.55,21.74],[41.79,22.59],[41.8,22.65],[41.8,22.65],[42.08,22.53],[42.6,22.29],[43.12,22.04],[43.74,21.86],[44.36,21.67],[45.19,21.41],[46.03,21.14],[46.89,21.02],[47.75,20.89],[48.53,20.86],[49.3,20.82],[50.08,20.77],[51.1,20.58],[52.13,20.39],[53.15,20.18],[54.12,19.92],[55.08,19.66],[55.68,19.16],[56.29,18.67],[56.87,18.23],[57.44,17.79],[58.01,17.34],[58.62,17.11],[59.22,16.88],[59.98,16.66],[60.74,16.45],[61.51,16.19],[62.28,15.93],[62.97,15.79],[63.67,15.64],[64.36,15.48],[65.39,15.55],[66.41,15.62],[67.44,15.68],[68.47,15.73],[69.5,15.78],[69.5,15.78],[69.19,14.92],[68.88,14.05],[68.57,13.19],[68.27,12.32],[67.96,11.45],[67.66,10.58],[67.66,10.58],[66.73,10.92],[65.81,11.25],[64.88,11.57],[63.94,11.9],[63.01,12.22],[62.08,12.56],[61.16,12.91],[60.23,13.25],[59.3,13.58],[58.36,13.92],[57.43,14.25],[56.49,14.57],[55.54,14.9],[54.6,15.21],[53.65,15.53],[52.7,15.84],[51.75,16.15],[50.79,16.45],[49.83,16.75],[48.87,17.04],[47.9,17.33],[47.65,16.69],[47.4,16.06],[47.15,15.42],[46.19,15.73],[45.23,16.04],[44.27,16.34],[43.3,16.63],[42.33,16.92],[41.36,17.21],[40.39,17.49],[40.61,18.34]]]}},{"type":"Feature","properties":{"ma":135,"type":"gpml:TopologicalClosedPlateBoundary","name":"Yucatan","pid":205,"deforming":false},"geometry":{"type":"Polygon","coordinates":[[[-51.69,-2.51],[-52.3,-1.8],[-52.9,-1.1],[-53.51,-0.4],[-53.82,0.33],[-54.13,1.05],[-54.45,1.77],[-54.76,2.49],[-54.72,3.03],[-54.67,3.56],[-54.53,4.46],[-54.51,4.74],[-54.49,4.9],[-54.46,5.21],[-54.38,6.12],[-54.28,6.54],[-54.28,6.54],[-53.67,7.25],[-53.05,7.97],[-52.44,7.55],[-52.06,8.09],[-51.68,8.63],[-51.45,8.44],[-50.98,9],[-50.5,9.55],[-50.06,9.2],[-49.62,8.85],[-49.16,9.26],[-48.69,9.67],[-48.23,9.13],[-47.71,9.6],[-47.3,9.28],[-46.86,9.63],[-46.48,9.21],[-46.31,9.35],[-45.91,8.82],[-45.65,9.02],[-45.18,8.49],[-44.92,8.65],[-44.46,8.03],[-43.99,7.41],[-43.53,6.79],[-43.78,6.6],[-43.39,6.13],[-42.97,6.39],[-42.33,5.7],[-41.7,5],[-41.07,4.29],[-40.44,3.59],[-40.1,3.21],[-40.1,3.21],[-40.66,2.6],[-41.23,2],[-41.79,1.39],[-42.35,0.78],[-42.92,1.37],[-43.49,1.96],[-43.97,1.46],[-44.45,0.95],[-44.93,0.45],[-45.32,0.84],[-45.87,0.29],[-46.41,-0.26],[-46.95,-0.81],[-47.5,-1.36],[-47.88,-1.02],[-48.25,-0.67],[-48.78,-1.23],[-49.3,-1.79],[-49.82,-2.35],[-50.35,-2.91],[-50.81,-2.52],[-51.26,-2.14],[-51.6,-2.58],[-51.69,-2.51]]]}},{"type":"Feature","properties":{"ma":135,"type":"gpml:TopologicalClosedPlateBoundary","name":"Chortis","pid":2035,"deforming":false},"geometry":{"type":"Polygon","coordinates":[[[-63.1,-0.67],[-63.08,-0.57],[-62.83,0.32],[-62.57,1.21],[-62.57,2.05],[-62.57,2.88],[-62.56,3.72],[-62.51,4.61],[-62.45,5.49],[-62.39,6.38],[-62.33,7.26],[-62.26,7.98],[-62.19,8.7],[-62.19,8.7],[-62.07,8.54],[-61.68,7.79],[-61.29,7.05],[-60.9,6.31],[-60.26,5.77],[-59.61,5.23],[-58.97,4.7],[-58.33,4.16],[-57.69,3.62],[-56.87,3.16],[-56.04,2.7],[-55.22,2.24],[-54.48,1.86],[-54.48,1.86],[-54.16,1.11],[-53.83,0.35],[-53.51,-0.4],[-52.9,-1.1],[-52.3,-1.8],[-51.69,-2.51],[-51.6,-2.58],[-51.6,-2.58],[-52.02,-3.14],[-52.44,-3.7],[-52.87,-4.25],[-53.65,-3.7],[-54.43,-3.15],[-55.21,-2.59],[-55.6,-3.08],[-55.99,-3.57],[-56.77,-2.96],[-57.55,-2.35],[-58.09,-3.06],[-58.62,-3.76],[-59.16,-4.47],[-59.16,-4.47],[-59.62,-3.9],[-60.09,-3.34],[-60.8,-2.7],[-61.5,-2.07],[-62.21,-1.44],[-62.92,-0.8],[-63.1,-0.67]]]}},{"type":"Feature","properties":{"ma":135,"type":"gpml:TopologicalClosedPlateBoundary","name":"Kohistan back-arc basin 155-126 Ma","pid":529,"deforming":false},"geometry":{"type":"Polygon","coordinates":[[[65.75,5.32],[66.04,6.02],[66.34,6.73],[66.65,7.63],[66.95,8.53],[67.26,9.43],[67.58,10.34],[67.89,11.24],[68.2,12.14],[68.2,12.14],[69,12.18],[69.79,12.21],[70.58,12.24],[71.38,12.27],[71.44,11.74],[71.49,11.21],[72.49,11.25],[73.48,11.29],[74.47,11.32],[74.55,10.74],[74.63,10.16],[75.45,10.23],[76.27,10.31],[76.38,9.48],[77.27,9.55],[78.17,9.61],[78.25,8.95],[79.18,9.05],[80.11,9.14],[81.05,9.23],[81.98,9.31],[82.92,9.39],[83.85,9.47],[84.23,9.5],[84.23,9.5],[84.28,10.02],[84.33,10.54],[85.3,10.59],[86.28,10.63],[87.26,10.68],[88.24,10.72],[89.21,10.76],[89.21,11.27],[89.21,11.79],[90.17,11.81],[91.13,11.83],[92.09,11.85],[92.74,11.9],[93.39,11.94],[93.39,11.94],[93.39,10.98],[93.39,10.02],[93.32,9.12],[93.24,8.23],[93.17,7.33],[93.09,6.43],[93.09,6.43],[92.44,6.07],[91.79,5.7],[91.14,5.34],[90.39,5.02],[89.64,4.71],[88.89,4.39],[88.01,4.17],[87.14,3.95],[86.26,3.73],[85.39,3.51],[84.51,3.29],[83.58,3.16],[82.64,3.03],[81.7,2.9],[80.77,2.77],[79.83,2.63],[78.89,2.5],[77.9,2.56],[76.9,2.62],[75.9,2.67],[74.91,2.73],[73.94,2.85],[72.97,2.96],[72.01,3.08],[71.04,3.19],[70.17,3.37],[69.3,3.54],[68.43,3.71],[67.6,3.96],[66.76,4.21],[65.92,4.46],[65.46,4.61],[65.75,5.32]]]}},{"type":"Feature","properties":{"ma":135,"type":"gpml:TopologicalClosedPlateBoundary","name":"QT back-arc eastern flank","pid":2061,"deforming":false},"geometry":{"type":"Polygon","coordinates":[[[-67.55,2.17],[-66.83,1.79],[-66.12,1.4],[-65.4,1.01],[-64.78,0.56],[-64.16,0.1],[-63.54,-0.35],[-62.92,-0.8],[-62.21,-1.44],[-61.5,-2.07],[-60.8,-2.7],[-60.09,-3.34],[-59.55,-3.99],[-59.01,-4.64],[-58.47,-5.29],[-57.93,-5.94],[-57.39,-6.59],[-57.04,-7.32],[-56.7,-8.04],[-56.36,-8.77],[-56.01,-9.5],[-55.66,-10.23],[-55.52,-10.82],[-55.38,-11.42],[-55.2,-11.96],[-55.03,-12.51],[-55.01,-12.6],[-55.01,-12.6],[-55.5,-13.31],[-55.98,-14.02],[-56.47,-14.72],[-56.62,-15.71],[-56.77,-16.69],[-56.92,-17.67],[-57.32,-18.24],[-57.72,-18.82],[-58.13,-19.39],[-58.34,-20.04],[-58.54,-20.7],[-58.75,-21.35],[-58.77,-21.4],[-58.77,-21.4],[-58.77,-21.43],[-58.77,-21.43],[-59.41,-21.5],[-60.05,-21.57],[-60.95,-21.62],[-60.95,-21.62],[-61.04,-20.72],[-61.13,-19.81],[-61.22,-18.91],[-61.3,-18.01],[-61.39,-17.1],[-60.63,-17.06],[-60.71,-16.07],[-60.78,-15.09],[-60.85,-14.1],[-60.92,-13.11],[-61,-12.12],[-60.4,-12.14],[-60.48,-11.2],[-60.56,-10.26],[-60.64,-9.31],[-60.72,-8.37],[-61.66,-8.42],[-61.71,-7.7],[-61.77,-6.97],[-61.82,-6.24],[-62.4,-6.23],[-62.99,-6.22],[-63.04,-5.38],[-63.09,-4.54],[-63.87,-4.56],[-64.65,-4.59],[-64.73,-3.76],[-64.8,-2.94],[-64.87,-2.12],[-65.69,-2.17],[-66.51,-2.22],[-67.33,-2.26],[-67.42,-1.61],[-67.5,-0.96],[-68.31,-1.02],[-69.12,-1.07],[-69.26,-0.17],[-69.4,0.72],[-69.41,0.78],[-69.41,0.78],[-68.75,1.22],[-68.1,1.67],[-67.55,2.17]]]}},{"type":"Feature","properties":{"ma":135,"type":"gpml:TopologicalClosedPlateBoundary","name":"Weddell Sea plate","pid":28900,"deforming":false},"geometry":{"type":"Polygon","coordinates":[[[-27.98,-68.46],[-26.3,-68.4],[-24.64,-68.33],[-22.36,-68.29],[-20.1,-68.21],[-18.18,-67.94],[-16.3,-67.65],[-15.68,-67.48],[-15.68,-67.48],[-14.57,-67.14],[-13.5,-66.8],[-12.91,-66.31],[-12.91,-66.31],[-12.48,-67.06],[-12.48,-67.06],[-14.41,-67.45],[-16.41,-67.82],[-18.46,-68.16],[-20.58,-68.48],[-21.25,-68.62],[-21.92,-68.76],[-22.62,-68.96],[-23.43,-69.13],[-24.93,-69.44],[-25.72,-69.55],[-26.33,-69.59],[-28.71,-69.95],[-31.46,-70.27],[-34.3,-70.55],[-37.2,-70.78],[-38.23,-70.88],[-40.04,-70.98],[-41.86,-71.06],[-43.57,-71.15],[-44.83,-71.17],[-45.06,-71.15],[-45.06,-71.15],[-46.46,-71.13],[-48.98,-71.11],[-51.49,-71.05],[-54.22,-71.06],[-56.96,-71.02],[-59.06,-71.03],[-59.06,-71.03],[-59.18,-70.99],[-59.6,-70.86],[-59.96,-70.75],[-60.33,-70.67],[-60.71,-70.57],[-61.08,-70.46],[-61.62,-70.29],[-62.21,-70.13],[-63.01,-69.88],[-63.61,-69.7],[-64.13,-69.47],[-64.32,-69.35],[-64.53,-69.24],[-64.85,-69.08],[-65.12,-68.94],[-65.5,-68.74],[-65.87,-68.54],[-66.2,-68.35],[-66.54,-68.17],[-66.84,-67.98],[-67.01,-67.86],[-67.49,-67.54],[-68.06,-67.08],[-68.38,-66.8],[-68.55,-66.4],[-68.55,-66.33],[-68.48,-65.96],[-68.33,-65.6],[-68.33,-65.6],[-66.8,-66.25],[-65.29,-66.86],[-63.7,-67.45],[-62.03,-68.03],[-60.17,-68.38],[-58.26,-68.72],[-56.79,-68.83],[-55.3,-68.94],[-53.67,-69.01],[-52.02,-69.08],[-49.35,-69.07],[-46.68,-69.03],[-44.43,-69.15],[-42.17,-69.24],[-40.29,-69.35],[-38.4,-69.44],[-36.67,-69.34],[-34.96,-69.22],[-32.78,-69.12],[-30.63,-69],[-29.35,-68.75],[-28.11,-68.49],[-28.01,-68.46],[-27.98,-68.46]]]}},{"type":"Feature","properties":{"ma":135,"type":"gpml:TopologicalClosedPlateBoundary","name":"South America AT","pid":201,"deforming":false},"geometry":{"type":"Polygon","coordinates":[[[-58.61,-22.35],[-58.44,-23.28],[-58.28,-24.21],[-58.11,-25.13],[-57.94,-26.06],[-57.67,-26.86],[-57.39,-27.66],[-57.11,-28.46],[-56.89,-29.12],[-56.89,-29.12],[-57.2,-28.48],[-57.5,-27.84],[-57.79,-27.15],[-58.08,-26.46],[-58.31,-25.88],[-58.54,-25.3],[-58.75,-24.55],[-58.95,-23.79],[-59.15,-23.04],[-59.25,-22.27],[-59.34,-21.49],[-59.34,-21.49],[-58.77,-21.43],[-58.61,-22.35]]]}},{"type":"Feature","properties":{"ma":135,"type":"gpml:TopologicalClosedPlateBoundary","name":"Sepik","pid":780,"deforming":false},"geometry":{"type":"Polygon","coordinates":[[[110.89,-20.51],[110.92,-19.54],[110.94,-18.57],[110.94,-18.57],[111.55,-18.75],[112.34,-18.89],[113.12,-19.03],[113.91,-19.16],[114.79,-19.29],[115.69,-19.41],[116.58,-19.53],[117.47,-19.65],[118.36,-19.76],[119.26,-19.87],[120.25,-20.04],[121.25,-20.2],[122.25,-20.35],[123.25,-20.5],[124.25,-20.65],[125.25,-20.79],[126.26,-20.92],[127.24,-21.2],[128.23,-21.48],[129.22,-21.76],[130.21,-22.03],[131.21,-22.29],[132.21,-22.54],[133.21,-22.79],[134.22,-23.04],[135.23,-23.27],[136.25,-23.5],[137.27,-23.73],[138.29,-23.94],[138.29,-23.94],[138.71,-24.64],[139.14,-25.33],[139.36,-26.25],[139.59,-27.16],[139.83,-28.07],[140.07,-28.98],[140.31,-29.89],[140.4,-30.11],[140.4,-30.11],[139.59,-30],[138.47,-29.81],[137.36,-29.62],[136.26,-29.41],[135.15,-29.19],[134.06,-28.97],[132.96,-28.74],[133.01,-28.16],[133.06,-27.58],[132.26,-27.34],[131.47,-27.1],[130.67,-26.85],[130.72,-26.31],[130.78,-25.77],[129.88,-25.52],[128.99,-25.27],[128.1,-25],[127.21,-24.74],[127.34,-24.2],[126.43,-23.96],[125.52,-23.71],[125.39,-24.01],[124.48,-23.76],[123.58,-23.49],[122.68,-23.22],[121.78,-22.95],[121.62,-23.42],[120.84,-23.22],[120.05,-23.02],[119.8,-23.73],[119.55,-24.44],[118.57,-24.2],[117.59,-23.95],[116.62,-23.7],[115.65,-23.44],[114.69,-23.17],[114.88,-22.45],[115.08,-21.72],[114.12,-21.45],[113.16,-21.18],[112.21,-20.9],[111.55,-20.71],[110.89,-20.51]]]}},{"type":"Feature","properties":{"ma":135,"type":"gpml:TopologicalClosedPlateBoundary","name":"East Vardar","pid":307,"deforming":false},"geometry":{"type":"Polygon","coordinates":[[[40.39,17.49],[40.07,17.58],[39.11,17.83],[38.15,18.08],[37.18,18.33],[36.22,18.57],[35.88,17.83],[35.55,17.09],[34.56,17.37],[33.56,17.65],[32.55,17.92],[31.55,18.18],[31.29,17.56],[31.03,16.94],[30.77,16.31],[29.9,16.51],[29.02,16.7],[28.14,16.88],[27.26,17.06],[26.38,17.24],[26.12,16.62],[25.34,16.85],[24.56,17.08],[23.79,17.3],[23.79,17.3],[24.12,17.57],[24.12,17.57],[25,17.6],[25.89,17.64],[26.77,17.66],[27.61,17.77],[28.46,17.86],[29.3,17.96],[30.15,18.05],[31.09,18.48],[32.04,18.91],[32.99,19.33],[33.95,19.75],[34.92,20.17],[35.89,20.49],[36.87,20.82],[37.85,21.13],[38.84,21.44],[39.83,21.75],[40.73,21.9],[41.63,22.04],[41.63,22.04],[41.38,21.13],[41.13,20.22],[40.88,19.31],[40.63,18.4],[40.39,17.49]]]}},{"type":"Feature","properties":{"ma":135,"type":"gpml:TopologicalClosedPlateBoundary","name":"Tisza - Dacia - Moesia","pid":319,"deforming":false},"geometry":{"type":"Polygon","coordinates":[[[31.75,24.75],[31.42,24.33],[31.09,23.92],[30.5,23.35],[29.91,22.77],[29.32,22.19],[28.74,21.62],[28.13,21.04],[27.53,20.46],[26.93,19.88],[26.33,19.3],[25.64,18.76],[24.95,18.22],[24.26,17.68],[23.58,17.13],[22.79,16.56],[22.79,16.56],[22.02,17.09],[21.24,17.62],[20.61,18.19],[19.98,18.76],[19.43,19.48],[18.87,20.21],[18.31,20.93],[18.31,20.93],[18.69,21.4],[19.08,21.87],[19.01,22.06],[19.65,22.72],[20.29,23.38],[20.23,23.54],[20.69,24.01],[21.15,24.48],[21.95,24.78],[22.75,25.07],[23.56,25.36],[24.37,25.64],[24.37,25.64],[25.43,25.54],[26.49,25.42],[27.55,25.3],[28.6,25.18],[29.66,25.04],[30.71,24.9],[31.75,24.75]]]}},{"type":"Feature","properties":{"ma":135,"type":"gpml:TopologicalClosedPlateBoundary","name":"AlCaPa","pid":334,"deforming":false},"geometry":{"type":"Polygon","coordinates":[[[22.79,16.56],[22.02,15.99],[21.26,15.42],[20.5,14.84],[19.75,14.27],[19.12,13.82],[18.49,13.37],[18.49,13.37],[17.69,13.66],[16.88,13.95],[16.08,14.23],[15.27,14.51],[14.46,14.79],[13.96,15.03],[13.47,15.28],[13.47,15.28],[14.01,15.99],[14.56,16.71],[15.12,17.42],[15.68,18.13],[16.24,18.84],[16.81,19.55],[17.38,20.25],[18.29,19.73],[19.19,19.2],[20.08,18.67],[20.08,18.67],[20.66,18.14],[21.24,17.62],[22.02,17.09],[22.79,16.56]]]}},{"type":"Feature","properties":{"ma":135,"type":"gpml:TopologicalClosedPlateBoundary","name":"West Vardar","pid":307,"deforming":false},"geometry":{"type":"Polygon","coordinates":[[[40.39,17.49],[40.15,16.62],[39.93,15.75],[39.7,14.88],[39.47,14],[39.25,13.13],[39.03,12.26],[38.63,11.48],[38.23,10.71],[37.83,9.93],[37.43,9.15],[36.92,8.39],[36.42,7.63],[35.91,6.87],[35.4,6.11],[34.86,5.62],[34.32,5.12],[34.32,5.12],[33.53,5.29],[32.73,5.45],[31.93,5.61],[31.13,5.77],[30.33,5.93],[29.43,6.31],[28.52,6.69],[27.62,7.06],[26.72,7.44],[25.81,7.81],[25.09,8.16],[24.37,8.52],[23.65,8.87],[22.92,9.22],[22.11,9.66],[21.29,10.1],[20.47,10.54],[19.75,11.03],[19.02,11.52],[18.43,12.21],[17.83,12.9],[17.83,12.9],[18.47,13.36],[19.11,13.81],[19.75,14.27],[20.5,14.84],[21.27,15.42],[22.03,15.99],[22.8,16.57],[23.58,17.13],[23.79,17.3],[23.79,17.3],[24.56,17.08],[25.34,16.85],[26.12,16.62],[26.38,17.24],[27.26,17.06],[28.14,16.88],[29.02,16.7],[29.9,16.51],[30.77,16.31],[31.03,16.94],[31.29,17.56],[31.55,18.18],[32.55,17.92],[33.56,17.65],[34.56,17.37],[35.55,17.09],[35.88,17.83],[36.22,18.57],[37.18,18.33],[38.15,18.08],[39.11,17.83],[40.07,17.58],[40.39,17.49]]]}},{"type":"Feature","properties":{"ma":135,"type":"gpml:TopologicalClosedPlateBoundary","name":"Africa Early Ocean Crust","pid":701,"deforming":false},"geometry":{"type":"Polygon","coordinates":[[[-10.16,-21.23],[-10.95,-20.8],[-11.48,-20.48],[-11.48,-20.48],[-11.48,-20.48],[-11.48,-20.48],[-10.95,-20.8],[-10.16,-21.23],[-9.37,-21.65],[-9.16,-22.26],[-9.11,-22.44],[-9.2,-23.34],[-9.17,-23.46],[-9.1,-24.14],[-9.11,-24.18],[-9.45,-25.04],[-9.53,-25.11],[-10,-25.52],[-10.85,-26.13],[-10.92,-26.2],[-11.06,-26.3],[-11.42,-26.68],[-11.51,-26.78],[-11.62,-26.9],[-12.08,-27.54],[-12.18,-27.69],[-12.43,-28.13],[-12.58,-28.42],[-12.76,-28.76],[-12.94,-29.14],[-13.08,-29.4],[-13.31,-30.14],[-13.31,-30.18],[-13.28,-31],[-13.28,-31.08],[-13.22,-31.75],[-13.2,-31.9],[-13.15,-32.44],[-13.15,-32.74],[-13.22,-33.25],[-13.31,-33.56],[-13.47,-33.98],[-13.6,-34.38],[-13.75,-34.69],[-13.97,-35.22],[-14.07,-35.47],[-14.28,-36.07],[-14.34,-36.25],[-14.54,-36.96],[-14.57,-37.04],[-14.87,-37.79],[-14.89,-37.85],[-15.26,-38.55],[-15.36,-38.69],[-16.13,-39.34],[-16.3,-39.47],[-17.09,-39.9],[-17.46,-40.07],[-17.98,-40.28],[-18.8,-40.64],[-19.35,-40.91],[-19.73,-41.1],[-20.09,-41.3],[-20.7,-41.64],[-20.76,-41.67],[-21.35,-42.03],[-21.75,-42.29],[-21.86,-42.36],[-22.21,-42.6],[-22.45,-42.75],[-22.69,-42.93],[-22.8,-43.01],[-23.01,-43.19],[-23.48,-43.7],[-23.56,-43.81],[-23.96,-44.39],[-24.14,-44.65],[-24.44,-45.11],[-24.74,-45.48],[-24.99,-45.77],[-25.4,-46.22],[-25.6,-46.42],[-26.17,-46.95],[-26.27,-47.03],[-26.96,-47.63],[-26.99,-47.66],[-27.62,-48.25],[-27.72,-48.38],[-28.17,-48.93],[-28.37,-49.17],[-28.75,-49.6],[-29.07,-49.96],[-29.35,-50.26],[-29.83,-50.75],[-29.98,-50.91],[-30.59,-51.52],[-30.63,-51.56],[-31.32,-52.19],[-31.39,-52.26],[-32.26,-53.04],[-32.38,-53.14],[-32.91,-53.61],[-33.37,-54.16],[-33.55,-54.33],[-33.88,-54.66],[-34.3,-55.17],[-34.64,-55.64],[-35.07,-56.44],[-35.5,-57.16],[-35.66,-57.49],[-36.01,-58.19],[-36.2,-58.65],[-36.44,-59.22],[-36.68,-59.84],[-36.84,-60.23],[-37.22,-61.05],[-37.59,-61.78],[-37.67,-62.22],[-37.67,-62.22],[-37.87,-62.19],[-38.71,-62.06],[-38.71,-62.06],[-38.59,-61.67],[-38.26,-60.87],[-37.87,-60.06],[-37.7,-59.67],[-37.36,-59.06],[-37.05,-58.51],[-36.78,-58.06],[-36.34,-57.37],[-36.08,-57.07],[-35.46,-56.37],[-34.84,-55.59],[-34.39,-55.15],[-33.88,-54.66],[-33.55,-54.33],[-33.37,-54.16],[-32.91,-53.61],[-32.38,-53.14],[-32.26,-53.04],[-31.39,-52.26],[-31.32,-52.19],[-30.63,-51.56],[-30.59,-51.52],[-29.98,-50.91],[-29.83,-50.75],[-29.35,-50.26],[-29.07,-49.96],[-28.75,-49.6],[-28.37,-49.17],[-28.17,-48.93],[-27.72,-48.38],[-27.62,-48.25],[-26.99,-47.66],[-26.96,-47.63],[-26.27,-47.03],[-26.17,-46.95],[-25.6,-46.42],[-25.4,-46.22],[-24.99,-45.77],[-24.74,-45.48],[-24.44,-45.11],[-24.14,-44.65],[-23.96,-44.39],[-23.56,-43.81],[-23.48,-43.7],[-23.01,-43.19],[-22.8,-43.01],[-22.69,-42.93],[-22.45,-42.75],[-22.21,-42.6],[-21.86,-42.36],[-21.75,-42.29],[-21.35,-42.03],[-20.76,-41.67],[-20.7,-41.64],[-20.09,-41.3],[-19.73,-41.1],[-19.35,-40.91],[-18.8,-40.64],[-17.98,-40.28],[-17.46,-40.07],[-17.09,-39.9],[-16.3,-39.47],[-16.13,-39.34],[-15.36,-38.69],[-15.26,-38.55],[-14.89,-37.85],[-14.87,-37.79],[-14.57,-37.04],[-14.54,-36.96],[-14.34,-36.25],[-14.28,-36.07],[-14.07,-35.47],[-13.97,-35.22],[-13.75,-34.69],[-13.6,-34.38],[-13.47,-33.98],[-13.31,-33.56],[-13.22,-33.25],[-13.15,-32.74],[-13.15,-32.44],[-13.2,-31.9],[-13.22,-31.75],[-13.28,-31.08],[-13.28,-31],[-13.31,-30.18],[-13.31,-30.14],[-13.08,-29.4],[-12.94,-29.14],[-12.76,-28.76],[-12.58,-28.42],[-12.43,-28.13],[-12.18,-27.69],[-12.08,-27.54],[-11.62,-26.9],[-11.51,-26.78],[-11.42,-26.68],[-11.06,-26.3],[-10.92,-26.2],[-10.85,-26.13],[-10,-25.52],[-9.53,-25.11],[-9.45,-25.04],[-9.11,-24.18],[-9.1,-24.14],[-9.17,-23.46],[-9.2,-23.34],[-9.11,-22.44],[-9.16,-22.26],[-9.37,-21.65],[-10.16,-21.23]]]}},{"type":"Feature","properties":{"ma":135,"type":"gpml:TopologicalClosedPlateBoundary","name":"South America Early Ocean Crust","pid":201,"deforming":false},"geometry":{"type":"Polygon","coordinates":[[[-10.16,-21.23],[-10.95,-20.8],[-11.48,-20.48],[-11.48,-20.48],[-11.48,-20.48],[-11.48,-20.48],[-10.94,-20.8],[-10.52,-21.07],[-9.95,-21.36],[-9.38,-21.65],[-9.16,-22.26],[-9.11,-22.44],[-9.2,-23.34],[-9.17,-23.46],[-9.1,-24.14],[-9.1,-24.18],[-9.46,-25.04],[-9.53,-25.11],[-10,-25.52],[-10.85,-26.13],[-10.92,-26.19],[-11.07,-26.3],[-11.42,-26.68],[-11.51,-26.77],[-11.62,-26.91],[-12.08,-27.54],[-12.18,-27.69],[-12.43,-28.13],[-12.58,-28.42],[-12.75,-28.76],[-12.94,-29.14],[-13.08,-29.4],[-13.31,-30.14],[-13.31,-30.18],[-13.28,-31],[-13.28,-31.08],[-13.22,-31.75],[-13.2,-31.9],[-13.14,-32.44],[-13.16,-32.74],[-13.23,-33.24],[-13.31,-33.56],[-13.48,-33.98],[-13.6,-34.38],[-13.75,-34.69],[-13.98,-35.22],[-14.07,-35.47],[-14.29,-36.07],[-14.33,-36.25],[-14.54,-36.96],[-14.57,-37.04],[-14.87,-37.78],[-14.9,-37.85],[-15.25,-38.54],[-15.36,-38.69],[-16.12,-39.34],[-16.3,-39.47],[-17.09,-39.91],[-17.46,-40.07],[-17.98,-40.28],[-18.8,-40.64],[-19.36,-40.91],[-19.73,-41.1],[-20.09,-41.3],[-20.7,-41.64],[-20.76,-41.67],[-21.35,-42.03],[-21.75,-42.29],[-21.87,-42.36],[-22.22,-42.6],[-22.44,-42.75],[-22.69,-42.93],[-22.8,-43.01],[-23.01,-43.19],[-23.48,-43.7],[-23.57,-43.82],[-23.96,-44.39],[-24.14,-44.65],[-24.44,-45.11],[-24.73,-45.48],[-24.99,-45.77],[-25.41,-46.22],[-25.6,-46.42],[-26.17,-46.95],[-26.26,-47.03],[-26.95,-47.63],[-27,-47.65],[-27.61,-48.25],[-27.73,-48.38],[-28.17,-48.93],[-28.37,-49.17],[-28.75,-49.6],[-29.07,-49.96],[-29.35,-50.26],[-29.83,-50.75],[-29.97,-50.91],[-30.59,-51.53],[-30.63,-51.56],[-31.32,-52.19],[-31.39,-52.26],[-32.26,-53.04],[-32.37,-53.14],[-32.91,-53.61],[-33.36,-54.16],[-33.55,-54.33],[-33.89,-54.66],[-34.4,-55.1],[-34.96,-55.51],[-35.73,-56.29],[-36.53,-56.95],[-36.89,-57.23],[-37.42,-57.91],[-37.77,-58.34],[-38.15,-58.88],[-38.57,-59.48],[-38.75,-59.87],[-39.15,-60.68],[-39.61,-61.57],[-39.73,-61.89],[-39.73,-61.89],[-38.71,-62.06],[-38.71,-62.06],[-38.59,-61.67],[-38.26,-60.87],[-37.87,-60.06],[-37.7,-59.67],[-37.36,-59.06],[-37.05,-58.51],[-36.78,-58.06],[-36.34,-57.37],[-36.08,-57.07],[-35.46,-56.37],[-34.84,-55.59],[-34.39,-55.15],[-33.88,-54.66],[-33.55,-54.33],[-33.37,-54.16],[-32.91,-53.61],[-32.38,-53.14],[-32.26,-53.04],[-31.39,-52.26],[-31.32,-52.19],[-30.63,-51.56],[-30.59,-51.52],[-29.98,-50.91],[-29.83,-50.75],[-29.35,-50.26],[-29.07,-49.96],[-28.75,-49.6],[-28.37,-49.17],[-28.17,-48.93],[-27.72,-48.38],[-27.62,-48.25],[-26.99,-47.66],[-26.96,-47.63],[-26.27,-47.03],[-26.17,-46.95],[-25.6,-46.42],[-25.4,-46.22],[-24.99,-45.77],[-24.74,-45.48],[-24.44,-45.11],[-24.14,-44.65],[-23.96,-44.39],[-23.56,-43.81],[-23.48,-43.7],[-23.01,-43.19],[-22.8,-43.01],[-22.69,-42.93],[-22.45,-42.75],[-22.21,-42.6],[-21.86,-42.36],[-21.75,-42.29],[-21.35,-42.03],[-20.76,-41.67],[-20.7,-41.64],[-20.09,-41.3],[-19.73,-41.1],[-19.35,-40.91],[-18.8,-40.64],[-17.98,-40.28],[-17.46,-40.07],[-17.09,-39.9],[-16.3,-39.47],[-16.13,-39.34],[-15.36,-38.69],[-15.26,-38.55],[-14.89,-37.85],[-14.87,-37.79],[-14.57,-37.04],[-14.54,-36.96],[-14.34,-36.25],[-14.28,-36.07],[-14.07,-35.47],[-13.97,-35.22],[-13.75,-34.69],[-13.6,-34.38],[-13.47,-33.98],[-13.31,-33.56],[-13.22,-33.25],[-13.15,-32.74],[-13.15,-32.44],[-13.2,-31.9],[-13.22,-31.75],[-13.28,-31.08],[-13.28,-31],[-13.31,-30.18],[-13.31,-30.14],[-13.08,-29.4],[-12.94,-29.14],[-12.76,-28.76],[-12.58,-28.42],[-12.43,-28.13],[-12.18,-27.69],[-12.08,-27.54],[-11.62,-26.9],[-11.51,-26.78],[-11.42,-26.68],[-11.06,-26.3],[-10.92,-26.2],[-10.85,-26.13],[-10,-25.52],[-9.53,-25.11],[-9.45,-25.04],[-9.11,-24.18],[-9.1,-24.14],[-9.17,-23.46],[-9.2,-23.34],[-9.11,-22.44],[-9.16,-22.26],[-9.37,-21.65],[-10.16,-21.23]]]}},{"type":"Feature","properties":{"ma":135,"type":"gpml:TopologicalClosedPlateBoundary","name":"QT back-arc western flank","pid":2060,"deforming":false},"geometry":{"type":"Polygon","coordinates":[[[-55.59,-31.92],[-56.12,-31.47],[-56.64,-31.02],[-57.14,-30.6],[-57.38,-30.15],[-57.86,-29.3],[-58.34,-28.44],[-58.85,-27.57],[-59.35,-26.69],[-59.64,-26.05],[-59.92,-25.4],[-60.18,-24.69],[-60.45,-23.98],[-60.45,-23.98],[-61.13,-23.55],[-61.92,-23],[-62.71,-22.44],[-63.48,-21.88],[-63.91,-21.17],[-64.32,-20.45],[-64.74,-19.74],[-65.15,-19.02],[-65.55,-18.3],[-65.8,-17.34],[-66.04,-16.37],[-66.28,-15.41],[-66.52,-14.44],[-66.78,-13.59],[-67.05,-12.75],[-67.31,-11.9],[-67.58,-11.06],[-67.84,-10.21],[-68.1,-9.36],[-68.36,-8.51],[-68.8,-7.68],[-69.24,-6.84],[-69.68,-6],[-70.12,-5.16],[-70.56,-4.32],[-70.59,-3.51],[-70.63,-2.71],[-70.58,-1.9],[-70.54,-1.08],[-70.51,-0.45],[-70.48,0.18],[-70.48,0.18],[-70.12,0.29],[-69.41,0.78],[-69.41,0.78],[-69.4,0.72],[-69.26,-0.17],[-69.12,-1.07],[-68.31,-1.02],[-67.5,-0.96],[-67.42,-1.61],[-67.33,-2.26],[-66.51,-2.22],[-65.69,-2.17],[-64.87,-2.12],[-64.8,-2.94],[-64.73,-3.76],[-64.65,-4.59],[-63.87,-4.56],[-63.09,-4.54],[-63.04,-5.38],[-62.99,-6.22],[-62.4,-6.23],[-61.82,-6.24],[-61.77,-6.97],[-61.71,-7.7],[-61.66,-8.42],[-60.72,-8.37],[-60.64,-9.31],[-60.56,-10.26],[-60.48,-11.2],[-60.4,-12.14],[-61,-12.12],[-60.92,-13.11],[-60.85,-14.1],[-60.78,-15.09],[-60.71,-16.07],[-60.63,-17.06],[-61.39,-17.1],[-61.3,-18.01],[-61.22,-18.91],[-61.13,-19.81],[-61.04,-20.72],[-60.95,-21.62],[-60.95,-21.62],[-60.05,-21.57],[-59.34,-21.49],[-59.34,-21.49],[-59.25,-22.27],[-59.15,-23.04],[-58.95,-23.79],[-58.75,-24.55],[-58.54,-25.3],[-58.31,-25.88],[-58.08,-26.46],[-57.79,-27.15],[-57.5,-27.84],[-57.2,-28.48],[-56.89,-29.12],[-56.89,-29.12],[-56.65,-29.8],[-56.41,-30.49],[-55.76,-31.23],[-55.59,-31.92]]]}},{"type":"Feature","properties":{"ma":135,"type":"gpml:TopologicalClosedPlateBoundary","name":"Mongol-Okhotsk Ocean","pid":380,"deforming":false},"geometry":{"type":"Polygon","coordinates":[[[101.09,77.66],[100.27,78.51],[99.32,79.36],[98.2,80.21],[96.88,81.05],[96.06,81.91],[95.05,82.77],[93.77,83.63],[92.09,84.49],[94.1,85.04],[96.62,85.59],[96.62,85.59],[105.36,84.97],[112.06,84.26],[117.24,83.49],[120.79,82.61],[123.58,81.7],[125.32,80.96],[126.8,80.21],[128.07,79.46],[129.17,78.7],[130.12,77.91],[130.96,77.11],[131.69,76.31],[132.03,75.56],[132.33,74.8],[132.6,74.05],[132.54,73.31],[132.49,72.58],[132.44,71.84],[132.35,70.98],[132.27,70.12],[132.16,69.36],[132.05,68.6],[131.88,67.77],[131.73,66.93],[131.43,66.19],[131.15,65.45],[130.9,64.55],[130.66,63.66],[130.44,62.92],[130.24,62.19],[130.05,61.59],[129.88,60.98],[129.68,60.32],[129.5,59.65],[129.24,58.84],[129,58.02],[128.69,57.08],[128.39,56.14],[128,55.26],[127.62,54.38],[127.38,53.71],[127.14,53.03],[126.92,52.36],[126.61,51.7],[126.31,51.05],[126.03,50.39],[125.73,49.62],[125.44,48.86],[125.17,48.09],[124.89,47.25],[124.62,46.42],[124.36,45.58],[124.07,44.72],[123.79,43.85],[123.52,42.98],[123.31,42.24],[123.11,41.5],[122.92,40.76],[122.73,40.02],[122.47,39.22],[122.22,38.43],[121.97,37.63],[121.74,36.83],[121.5,35.99],[121.27,35.16],[121.05,34.32],[120.83,33.49],[120.62,32.65],[120.26,31.77],[119.91,30.88],[119.56,30],[119.23,29.11],[118.89,28.22],[118.55,27.42],[118.21,26.61],[117.87,25.8],[117.87,25.8],[118.59,25.26],[119.3,24.71],[119.82,24.22],[120.33,23.74],[120.83,23.25],[121.53,22.6],[122.22,21.95],[122.93,21.26],[123.63,20.57],[123.79,19.87],[124.09,19.26],[124.38,18.65],[124.86,18.06],[125.34,17.47],[126.1,17.23],[126.86,16.99],[127.62,16.74],[127.62,16.74],[127.32,15.98],[127.02,15.22],[126.73,14.46],[126.44,13.7],[125.92,12.85],[125.92,12.85],[125.1,13.04],[124.18,13.22],[123.26,13.4],[122.34,13.57],[121.42,13.74],[120.49,13.91],[119.57,14.08],[118.64,14.24],[117.71,14.39],[116.78,14.55],[116.68,14.21],[115.74,14.45],[114.8,14.69],[113.87,14.92],[112.93,15.15],[111.98,15.38],[111.85,14.94],[110.87,15.19],[109.88,15.44],[108.89,15.69],[107.9,15.93],[107.03,16.14],[106.16,16.35],[105.29,16.55],[104.41,16.75],[104.41,16.75],[104.49,17.01],[103.76,17.33],[103.03,17.65],[102.31,17.97],[101.57,18.29],[101.72,18.64],[100.94,19.12],[100.14,19.6],[99.35,20.08],[98.55,20.55],[98.87,21.13],[98.13,21.46],[97.39,21.78],[96.65,22.11],[95.91,22.43],[94.99,22.82],[94.99,22.82],[94.8,22.2],[94.67,21.53],[94.55,20.87],[94.42,20.2],[94.42,20.2],[93.46,20.3],[92.51,20.39],[91.55,20.47],[90.6,20.55],[89.64,20.62],[88.68,20.69],[87.72,20.75],[87.36,20.05],[87.01,19.36],[86.33,19.42],[85.64,19.47],[84.92,19.56],[84.2,19.64],[83.48,19.73],[83.26,19.25],[83.04,18.78],[82.03,18.96],[81.01,19.14],[79.99,19.3],[78.96,19.47],[77.94,19.62],[76.91,19.78],[75.88,19.92],[74.85,20.06],[73.81,20.21],[72.76,20.35],[71.72,20.48],[70.67,20.62],[70.67,20.62],[70.67,20.62],[70.67,20.62],[70.06,20.69],[69.45,20.76],[69.45,20.76],[69.11,20.24],[68.77,19.71],[67.86,19.85],[66.94,19.98],[66.03,20.1],[65.17,20.28],[64.32,20.46],[63.46,20.64],[63.46,20.64],[63.51,21.49],[63.56,22.34],[63.35,23.29],[63.13,24.24],[62.91,25.2],[62.68,26.15],[62.46,27.1],[62.23,28.05],[62.23,28.05],[62.97,28.67],[63.72,29.29],[64.47,29.91],[64.73,30.7],[64.98,31.49],[65.24,32.28],[65.51,33.06],[65.78,33.85],[65.73,34.58],[65.68,35.32],[65.63,36.05],[65.27,36.76],[64.89,37.48],[64.63,38.33],[64.36,39.18],[64.95,40.01],[65.55,40.84],[66.17,41.66],[66.81,42.49],[67.46,43.31],[68.05,43.84],[68.65,44.38],[69.26,44.91],[70.29,45.55],[71.34,46.18],[72.41,46.8],[73.31,47.32],[74.23,47.83],[75.17,48.33],[76.13,48.82],[76.93,49.43],[77.74,50.03],[77.77,50.61],[77.79,51.2],[76.88,51.73],[75.95,52.24],[75,52.76],[74.02,53.26],[73.27,53.89],[72.5,54.51],[71.7,55.12],[70.87,55.73],[71.61,56.42],[72.37,57.11],[73.16,57.79],[73.98,58.46],[73.98,58.46],[74.83,59.12],[75.71,59.77],[76.62,60.41],[77.57,61.04],[77.77,61.91],[77.98,62.78],[78.2,63.64],[78.44,64.51],[79.02,65.16],[79.63,65.81],[80.27,66.45],[81.89,66.94],[83.57,67.4],[85.31,67.85],[85.47,68.66],[85.63,69.46],[85.81,70.27],[86.01,71.07],[87.44,71.84],[88.99,72.6],[90.68,73.35],[92.53,74.08],[94.54,74.8],[96.74,75.49],[99.16,76.16],[101.81,76.81],[101.09,77.66]]]}},{"type":"Feature","properties":{"ma":135,"type":"gpml:TopologicalNetwork","name":"Greater_India_East_Mesh","pid":801,"deforming":true},"geometry":{"type":"Polygon","coordinates":[[[77.98,-34.24],[78.21,-33.59],[78.43,-32.93],[78.43,-32.93],[78.43,-32.92],[78.67,-32.27],[78.91,-31.6],[79.29,-31],[79.56,-30.56],[80.06,-30.01],[80.54,-29.45],[81.46,-29.09],[82.29,-28.49],[82.92,-28.33],[83.55,-28.17],[84.14,-28.05],[84.73,-27.92],[85.35,-27.84],[85.97,-27.75],[86.65,-27.76],[87.32,-27.76],[87.99,-27.71],[88.66,-27.66],[89.22,-27.67],[89.79,-27.68],[90.63,-27.57],[91.6,-27.37],[91.77,-26.86],[91.94,-26.35],[91.74,-25.64],[91.71,-24.66],[92.04,-24.09],[92.81,-23.77],[93.42,-23.74],[94.02,-23.71],[94.8,-23.65],[95.58,-23.59],[96.57,-23.49],[97.56,-23.38],[98.62,-23.39],[99.19,-23.4],[99.76,-23.41],[100.64,-23.41],[101.46,-23.33],[102.23,-23.01],[102.73,-22.73],[103.23,-22.45],[103.43,-22.34],[103.43,-22.34],[103.87,-23.2],[104.31,-24.05],[104.76,-24.9],[104.76,-24.9],[104.53,-25],[103.86,-25.37],[103.24,-25.57],[102.62,-25.77],[102.04,-25.89],[101.46,-26.01],[100.71,-26.09],[100.35,-26.12],[99.93,-26.16],[99.23,-26.28],[98.65,-26.37],[98.07,-26.47],[97.33,-27.03],[96.45,-27.39],[95.47,-27.7],[94.63,-27.91],[93.8,-28.24],[93.33,-28.63],[92.69,-28.86],[91.83,-28.96],[90.97,-29.06],[90.36,-29.1],[89.76,-29.13],[89.1,-29.21],[88.45,-29.28],[87.43,-29.28],[86.42,-29.27],[85.49,-28.86],[84.84,-28.92],[84.09,-29.15],[83.65,-29.6],[82.95,-30.13],[82.24,-30.45],[81.63,-30.93],[81.17,-31.29],[80.7,-31.64],[80.32,-32.02],[79.92,-32.43],[79.38,-33.31],[78.89,-33.7],[78.4,-34.09],[77.98,-34.24]]]}},{"type":"Feature","properties":{"ma":135,"type":"gpml:TopologicalNetwork","name":"Greater_India_West_Mesh","pid":739,"deforming":true},"geometry":{"type":"Polygon","coordinates":[[[55.83,-17.84],[55.83,-17.84],[56.57,-18.28],[57.32,-18.73],[58.12,-19.19],[58.93,-19.66],[59.62,-20.1],[60.31,-20.54],[61.01,-20.97],[61.8,-21.49],[62.6,-22],[63.41,-22.5],[64.22,-23],[64.56,-23.65],[65.23,-24.38],[65.91,-25.11],[66.44,-25.67],[66.98,-26.24],[67.52,-26.8],[68.19,-27.3],[68.86,-27.79],[69.54,-28.28],[70.26,-29.01],[70.7,-29.45],[71.14,-29.89],[71.78,-30.56],[72.47,-31.29],[73.09,-32.02],[73.72,-32.76],[74.19,-33.14],[74.67,-33.52],[75.47,-33.62],[76.17,-33.7],[76.29,-33.74],[76.29,-33.74],[76.36,-33.73],[77.11,-33.64],[77.59,-33.49],[77.97,-33.37],[78.43,-32.93],[78.43,-32.93],[78.21,-33.59],[77.98,-34.24],[77.98,-34.24],[77.21,-34.51],[76.53,-34.51],[75.84,-34.5],[75.84,-34.5],[75.66,-34.46],[75.15,-34.35],[74.54,-34.21],[73.99,-33.97],[73.62,-33.81],[73.15,-33.36],[72.69,-32.91],[72.24,-32.3],[71.91,-31.86],[71.83,-31.76],[71.5,-31.37],[71.24,-31.06],[70.81,-30.64],[70.25,-30.09],[70,-29.84],[69.8,-29.65],[69.18,-29.01],[68.64,-28.54],[68.1,-28.07],[67.92,-27.9],[67.25,-27.25],[66.73,-26.93],[66.16,-26.59],[65.8,-26.16],[65.45,-25.72],[64.9,-25.05],[64.55,-24.62],[64.16,-24.05],[63.78,-23.47],[63.64,-23.27],[63.03,-22.95],[62.7,-22.69],[62.57,-22.6],[62.09,-22.23],[61.37,-21.77],[60.99,-21.53],[60.32,-21.11],[59.44,-20.55],[58.63,-20.04],[58.29,-19.82],[57.71,-19.48],[57.14,-19.13],[56.53,-18.76],[56.07,-18.47],[55.61,-18.19],[55.83,-17.84]]]}},{"type":"Feature","properties":{"ma":135,"type":"gpml:TopologicalNetwork","name":"Greater_India_East_Mesh","pid":801,"deforming":true},"geometry":{"type":"Polygon","coordinates":[[[89.17,-47.54],[88.32,-47.6],[87.46,-47.67],[86.6,-47.74],[85.79,-47.73],[84.98,-47.72],[83.57,-47.49],[83.44,-47.49],[83.44,-47.49],[83.48,-47.47],[84.18,-46.92],[84.87,-46.36],[84.14,-45.85],[83.42,-45.33],[82.72,-44.81],[83.2,-44.2],[83.67,-43.58],[84.57,-43.29],[85.46,-42.99],[86.34,-42.68],[86.81,-41.95],[86.41,-41.13],[87.3,-40.56],[87.99,-40.77],[88.68,-40.98],[89.51,-41.52],[90.42,-41.7],[91.34,-41.86],[92.38,-42.11],[93.43,-42.34],[94.13,-42.25],[94.57,-41.32],[95.13,-40.62],[95.68,-39.92],[96.39,-39.13],[96.8,-38.68],[97.21,-38.23],[97.49,-37.92],[98.32,-37.64],[99.15,-37.35],[99.98,-37.06],[100.75,-36.68],[101.51,-36.3],[101.37,-35.91],[102.4,-35.52],[103.43,-35.11],[104.44,-34.7],[105.27,-34.39],[106.09,-34.08],[106.9,-33.76],[107.2,-34.26],[107.51,-34.75],[108.27,-34.35],[109.04,-33.94],[109.79,-33.52],[109.79,-33.52],[110.38,-34.11],[110.97,-34.7],[111.71,-35.32],[112.46,-35.94],[113.22,-36.55],[114,-37.16],[114.79,-37.76],[115.59,-38.36],[116.4,-38.95],[116.4,-38.95],[115.65,-39.14],[114.89,-39.33],[113.81,-39.84],[112.71,-40.35],[111.95,-40.69],[111.17,-41.03],[110.39,-41.36],[109.67,-42.1],[108.75,-42.37],[107.82,-42.64],[106.89,-42.9],[105.73,-43.23],[104.56,-43.55],[103.57,-43.8],[102.58,-44.04],[101.58,-44.27],[100.58,-44.8],[99.56,-45.32],[98.54,-45.77],[97.51,-46.22],[96.46,-46.65],[95.42,-46.79],[94.38,-46.92],[93.34,-47.04],[92.26,-47.18],[91.18,-47.32],[90.09,-47.45],[90,-47.48],[89.17,-47.54]]]}},{"type":"Feature","properties":{"ma":135,"type":"gpml:TopologicalNetwork","name":"IA_PNG_Jurassic_Deforming_Network","pid":615,"deforming":true},"geometry":{"type":"Polygon","coordinates":[[[118.29,-29.93],[118.5,-30.55],[118.71,-31.11],[118.71,-31.11],[119.8,-31.28],[120.5,-31.37],[121.54,-31.63],[122.09,-31.73],[122.63,-31.89],[123.28,-32.08],[124.19,-32.3],[124.73,-32.47],[125.01,-32.51],[125.35,-32.69],[125.35,-32.69],[125.55,-32.34],[125.91,-32.04],[125.91,-32.04],[126.02,-32.05],[126.78,-32.09],[127.72,-32.39],[128.58,-32.75],[128.79,-32.88],[128.74,-33.2],[128.65,-33.31],[128.57,-33.56],[128.57,-33.56],[128.66,-33.6],[129.23,-33.92],[129.64,-34.22],[130.15,-34.88],[130.68,-35.37],[131.5,-35.78],[131.5,-35.78],[131.05,-36.41],[130.35,-37.1],[130.22,-37.27],[130.22,-37.27],[129.64,-36.9],[129.07,-36.52],[128.15,-35.99],[127.48,-35.7],[126.81,-35.4],[126.5,-35.24],[126.19,-35.07],[125.93,-34.91],[125.71,-34.69],[125.73,-34.46],[125.82,-34.25],[125.83,-34.19],[125.4,-34.05],[125.07,-33.98],[124.81,-33.85],[124.34,-33.7],[123.66,-33.5],[123.25,-33.31],[122.45,-33.2],[122.02,-33.1],[121.44,-33.03],[121.06,-32.98],[120.41,-32.9],[119.92,-32.82],[118.94,-32.51],[118.58,-32.46],[117.96,-32.36],[117.58,-32.26],[116.79,-31.99],[116.35,-31.87],[115.49,-31.31],[114.64,-30.75],[114.15,-30.01],[113.63,-29.25],[113.63,-28.7],[113.62,-28.14],[113.57,-27.85],[113.57,-27.85],[113.6,-27.86],[114.21,-27.97],[114.82,-28.08],[115.38,-28.34],[115.94,-28.6],[116.5,-28.98],[117.06,-29.35],[117.74,-29.66],[118.29,-29.93]]]}},{"type":"Feature","properties":{"ma":135,"type":"gpml:TopologicalNetwork","name":"Inactive_PNG_Jurassic_Deforming_Network","pid":615,"deforming":true},"geometry":{"type":"Polygon","coordinates":[[[118.88,-24.76],[118.88,-24.76],[118.93,-24.67],[119.6,-24.12],[120.4,-23.86],[121.18,-23.94],[121.96,-24.01],[122.95,-24.25],[123.94,-24.49],[124.97,-24.76],[126,-25.04],[127.01,-25.44],[128.02,-25.83],[129.04,-26.22],[129.73,-26.84],[130.43,-27.45],[130.24,-27.94],[130.23,-27.96],[130.23,-27.96],[129.85,-27.73],[129.49,-27.5],[129.1,-27.39],[128.67,-27.27],[127.87,-27.04],[126.93,-26.81],[126.19,-26.62],[125.45,-26.43],[124.87,-26.27],[124.28,-26.11],[123.34,-25.89],[122.46,-25.68],[121.72,-25.57],[121,-25.47],[119.97,-25.2],[119.2,-25.05],[119.16,-25.04],[118.88,-24.76]]]}},{"type":"Feature","properties":{"ma":135,"type":"gpml:TopologicalNetwork","name":"Inactive_Central_Atlantic_Mesh","pid":101,"deforming":true},"geometry":{"type":"Polygon","coordinates":[[[-11.29,15.64],[-11.54,15.87],[-12.02,16.2],[-12.45,16.28],[-12.99,16.76],[-13.4,16.93],[-14.13,16.74],[-14.9,16.74],[-15.66,16.73],[-16.36,16.28],[-16.83,15.92],[-17.14,15.66],[-17.56,15.47],[-18.02,15.38],[-18.56,15.65],[-19.26,16.13],[-19.93,16.33],[-20.5,16.4],[-20.66,16.41],[-20.89,16.29],[-21.22,16.14],[-21.35,16.09],[-21.44,16.04],[-21.53,15.99],[-21.61,15.93],[-21.86,15.79],[-22.16,15.61],[-22.28,15.51],[-22.47,15.39],[-22.6,15.33],[-22.71,15.25],[-22.89,15.14],[-23.08,15.04],[-23.22,14.93],[-23.53,14.91],[-23.79,15.06],[-24.03,15.21],[-24.4,15.41],[-24.64,15.36],[-24.85,15.34],[-25.11,15.38],[-25.4,15.39],[-25.68,15.43],[-25.88,15.46],[-26.1,15.51],[-26.32,15.6],[-26.6,15.71],[-26.76,15.79],[-27.07,15.68],[-27.22,15.66],[-27.58,15.72],[-28.25,15.7],[-28.83,15.52],[-29.39,15.12],[-29.76,14.53],[-30.18,14.08],[-30.36,13.82],[-30.46,13.41],[-30.52,13],[-30.68,12.47],[-31.18,12.05],[-31.66,11.65],[-32.14,11.29],[-32.52,10.99],[-33.15,10.59],[-33.56,10.19],[-34.31,10.13],[-35.12,10.04],[-35.95,9.95],[-36.36,9.69],[-36.7,9.4],[-36.47,9.01],[-36.47,8.8],[-36.76,8.41],[-36.74,7.89],[-36.79,6.97],[-36.78,6.65],[-36.85,6.22],[-36.87,6.15],[-36.87,6.15],[-37.27,6.29],[-37.9,6.59],[-38.46,7.04],[-38.77,7.68],[-39.13,8.16],[-39.59,8.61],[-39.96,9.11],[-39.99,9.65],[-40.57,10.15],[-40.97,10.66],[-41.37,11.17],[-41.37,11.17],[-40.8,11.21],[-40.51,11.19],[-40.18,11.45],[-39.74,11.8],[-39.33,12.08],[-38.92,12.33],[-38.79,12.51],[-38.43,12.57],[-38.11,12.63],[-37.57,12.72],[-36.91,12.79],[-36.26,12.86],[-35.65,13.22],[-35.14,13.61],[-34.84,14.34],[-34.59,14.94],[-33.92,15.18],[-33.07,15.63],[-32.68,15.89],[-32.13,16.29],[-31.58,16.7],[-31.25,17.11],[-31.02,17.53],[-30.58,17.63],[-30.43,17.72],[-30.18,17.67],[-29.88,17.56],[-29.59,17.51],[-29.1,17.59],[-28.84,17.6],[-28.66,17.57],[-28.3,17.79],[-27.93,18.02],[-27.43,18.08],[-27.02,18.35],[-26.74,18.88],[-26.47,18.94],[-26.1,18.75],[-25.53,18.94],[-25.04,18.9],[-24.25,18.85],[-23.41,18.89],[-22.86,18.96],[-22.04,18.98],[-21.47,19.21],[-20.7,19.5],[-20.06,19.67],[-19.47,19.72],[-18.8,19.76],[-18.45,19.73],[-17.97,19.56],[-17.31,19.4],[-16.71,19.37],[-16.2,19.33],[-15.69,19.26],[-15.15,19.17],[-14.51,19.03],[-13.79,18.76],[-13.13,18.49],[-12.35,18.26],[-12.03,18.1],[-11.89,17.87],[-11.68,17.74],[-11.57,17.58],[-11.46,17.47],[-11.31,17.26],[-11.08,17.03],[-11.17,16.93],[-11.34,16.85],[-11.65,16.91],[-11.66,16.71],[-11.57,16.47],[-11.22,16.6],[-11.17,16.6],[-11.05,16.55],[-11.1,16.33],[-11.18,15.93],[-10.92,15.8],[-10.92,15.8],[-11.29,15.64]]]}},{"type":"Feature","properties":{"ma":135,"type":"gpml:TopologicalNetwork","name":"Inactive_Southern_Central_Atlantic_Mesh","pid":714,"deforming":true},"geometry":{"type":"Polygon","coordinates":[[[-25.2,-3.46],[-25.38,-3.64],[-25.44,-3.89],[-25.8,-4.23],[-26.04,-4.61],[-26.18,-5.4],[-26.33,-6.3],[-26.29,-6.89],[-25.93,-7.49],[-25.58,-8.09],[-25.42,-9],[-25.46,-9.74],[-25.38,-10.61],[-25.46,-10.73],[-25.46,-10.73],[-25.59,-10.23],[-25.93,-9.93],[-25.93,-9.93],[-25.83,-9.25],[-25.86,-8.59],[-26.03,-8.05],[-26.16,-7.6],[-26.32,-7.37],[-26.59,-7.23],[-27.11,-7.06],[-27.44,-6.96],[-27.67,-6.81],[-28.36,-6.52],[-28.73,-5.9],[-29,-5.27],[-28.63,-4.75],[-28.29,-4.3],[-27.68,-4.05],[-27.68,-4.05],[-27.53,-3.83],[-27.33,-3.59],[-27.19,-3.39],[-27.01,-3.2],[-27,-2.95],[-26.77,-2.67],[-26.55,-2.43],[-26.55,-2.43],[-25.84,-2.9],[-25.13,-3.37],[-25.2,-3.46]]]}},{"type":"Feature","properties":{"ma":135,"type":"gpml:TopologicalNetwork","name":"Inactive_mesh_yucatan","pid":2004,"deforming":true},"geometry":{"type":"Polygon","coordinates":[[[-42.96,4.74],[-43.11,4.25],[-43.25,3.76],[-43.87,3.1],[-44.39,2.81],[-44.92,2.52],[-45.37,2.16],[-46.01,1.82],[-46.73,1.45],[-47.35,0.93],[-48.01,0.35],[-48.36,-0.08],[-49.02,-0.41],[-49.68,-0.75],[-50.24,-0.95],[-50.82,-1.15],[-51.21,-0.95],[-51.47,-0.63],[-51.81,-0.05],[-52.47,0.28],[-52.87,0.85],[-53.43,1.34],[-53.82,1.9],[-54.3,2.63],[-54.55,3.25],[-54.6,3.84],[-54.39,4.22],[-54.41,4.55],[-54.13,4.86],[-53.86,5.36],[-53.37,6.22],[-52.83,6.52],[-52.37,6.43],[-52.37,6.43],[-52.18,6.56],[-51.62,6.92],[-51.28,7.11],[-50.89,7.23],[-50.6,7.58],[-49.96,7.71],[-49.52,8.06],[-49.15,8.17],[-48.74,8.24],[-48.25,8.39],[-47.87,8.37],[-47.29,8.26],[-46.75,8.08],[-46,7.79],[-45.63,7.75],[-45.33,7.47],[-44.96,7.11],[-44.76,6.47],[-44.08,5.98],[-43.71,5.61],[-43.3,5.47],[-42.92,5.01],[-42.96,4.74]]]}},{"type":"Feature","properties":{"ma":135,"type":"gpml:TopologicalNetwork","name":"Inactive_Proto_Caribbean_Mesh","pid":101,"deforming":true},"geometry":{"type":"Polygon","coordinates":[[[-60.85,12.03],[-60.26,12.47],[-59.59,12.95],[-58.96,13.57],[-58.33,14.27],[-57.88,15.01],[-57.13,15.65],[-56.37,16.3],[-55.6,16.94],[-54.88,17.33],[-54.15,17.71],[-53.42,18.09],[-52.88,18.04],[-52.33,17.99],[-51.29,17.96],[-50.76,17.78],[-50.24,17.6],[-49.5,17.38],[-48.76,17.16],[-47.95,16.56],[-47.48,16.27],[-47.01,15.97],[-46.53,15.71],[-46.04,15.44],[-45.55,15.13],[-45.06,14.81],[-44.39,14.4],[-43.77,13.82],[-43.01,13.29],[-43.01,13.29],[-42.54,12.53],[-42.08,12.01],[-41.63,11.49],[-41.1,10.82],[-40.57,10.15],[-39.99,9.65],[-39.96,9.11],[-39.59,8.61],[-39.13,8.16],[-38.77,7.68],[-38.46,7.04],[-37.9,6.59],[-37.27,6.29],[-36.87,6.15],[-36.87,6.15],[-36.99,5.76],[-37.06,5.46],[-37.06,5.46],[-36.99,5.45],[-36.86,5.23],[-36.23,5.14],[-36.08,4.65],[-35.93,4.15],[-35.69,4.12],[-35.33,4.03],[-35.33,4.03],[-35.32,3.87],[-35.11,3.55],[-34.76,3.06],[-34.42,2.3],[-34.12,1.61],[-33.95,1.07],[-33.54,0.51],[-33.13,0.16],[-32.77,-0.14],[-32.43,-0.63],[-31.91,-1.2],[-31.87,-1.67],[-32.5,-1.81],[-33.12,-2.13],[-34.1,-2.05],[-34.76,-1.72],[-35.2,-1.29],[-35.58,-0.9],[-35.95,-0.51],[-36.62,0.16],[-37.12,0.73],[-37.45,1.11],[-37.77,1.49],[-38.3,1.93],[-38.82,2.37],[-39.23,2.68],[-39.64,2.99],[-39.97,3.19],[-39.97,3.19],[-40.28,3.54],[-40.79,4.16],[-41.39,4.78],[-41.91,5.56],[-42.33,6.05],[-42.46,6.29],[-42.46,6.29],[-42.43,6.38],[-42.26,6.7],[-42.41,7.28],[-42.44,7.82],[-42.54,8.16],[-42.87,8.39],[-43.38,8.69],[-43.9,9.02],[-44.43,9.36],[-45,9.69],[-45.56,10.01],[-45.87,10.07],[-46.42,10.3],[-46.96,10.54],[-47.53,10.64],[-48.05,10.78],[-48.56,10.93],[-49.3,11.02],[-50.11,10.99],[-50.54,10.93],[-51.13,10.56],[-51.72,10.19],[-52.16,9.96],[-52.49,9.7],[-53.01,9.41],[-53.53,9.12],[-53.74,8.92],[-53.93,8.54],[-54.11,7.83],[-54.23,7.39],[-54.23,7.39],[-54.24,7.26],[-54.36,6.76],[-54.48,6.26],[-54.47,5.51],[-54.5,5.02],[-54.63,4.27],[-54.75,3.52],[-54.79,3.33],[-54.79,3.33],[-55.23,3.4],[-55.83,3.75],[-56.25,4.06],[-56.66,4.38],[-57.17,4.71],[-57.68,5.04],[-58.31,5.46],[-58.94,5.88],[-59.7,6.34],[-60.21,6.81],[-60.24,6.84],[-60.24,6.84],[-60.22,7.32],[-60.22,7.95],[-60.24,8.43],[-60.46,8.75],[-60.63,9.12],[-60.8,9.49],[-61,9.92],[-61.18,10.33],[-61.27,10.76],[-61.41,11.12],[-61.45,11.59],[-60.85,12.03]]]}},{"type":"Feature","properties":{"ma":135,"type":"gpml:TopologicalNetwork","name":"Inactive_Mesh","pid":702,"deforming":true},"geometry":{"type":"Polygon","coordinates":[[[19.74,-59.57],[19.88,-59.49],[19.47,-59.37],[19.35,-59.11],[19.13,-58.88],[19.05,-58.58],[19.15,-58.4],[18.91,-58.11],[19.11,-57.89],[19.12,-57.71],[19.33,-57.52],[19.52,-57.02],[19.37,-56.68],[19.28,-56.25],[19.32,-55.85],[19.58,-55.72],[19.59,-55.52],[19.91,-55.41],[20.03,-55.2],[20.56,-55.08],[21.63,-54.54],[22.09,-54.23],[22.07,-54.01],[22.02,-53.86],[22.38,-53.52],[22.3,-53.02],[22.22,-52.52],[21.92,-52],[21.75,-51.26],[22.02,-50.78],[22.75,-50.45],[23.47,-50.11],[24.71,-49.97],[25.59,-50.28],[26.08,-50.25],[26.87,-50.02],[27.47,-49.99],[28.46,-49.55],[29.43,-49.11],[29.61,-48.69],[30.08,-48.36],[30.71,-47.96],[31.19,-47.31],[31.47,-47.3],[31.69,-47.22],[32.11,-47.26],[32.25,-47.28],[32.25,-47.28],[32.39,-47.49],[32.75,-47.84],[33.25,-48.11],[32.92,-48.81],[32.58,-49.51],[32.24,-50.22],[32.24,-50.22],[31.82,-50.34],[30.74,-50.66],[29.65,-50.97],[28.54,-51.27],[27.12,-51.73],[25.67,-52.16],[25.1,-52.91],[24.5,-53.65],[23.93,-54.47],[23.35,-55.28],[23.07,-56.16],[22.78,-57.04],[22.57,-57.77],[22.35,-58.51],[22.44,-59.24],[22.52,-59.97],[21.89,-60.28],[21.89,-60.28],[21.23,-60.35],[19.99,-59.94],[19.74,-59.57]]]}},{"type":"Feature","properties":{"ma":135,"type":"gpml:TopologicalNetwork","name":"West_Antarctica_Inactive_Mesh","pid":802,"deforming":true},"geometry":{"type":"Polygon","coordinates":[[[15.85,-62.37],[16.8,-62.8],[17.77,-63.23],[19.33,-63.59],[20.92,-63.94],[21.1,-63.96],[21.1,-63.96],[20.88,-64.21],[19.26,-64.76],[17.57,-65.3],[16.17,-65.84],[14.7,-66.37],[13.23,-66.53],[11.73,-66.67],[9.74,-66.65],[7.75,-66.61],[6.14,-66.73],[4.51,-66.84],[3,-67.12],[1.46,-67.39],[-0.11,-67.56],[-1.71,-67.73],[-3.41,-68.07],[-5.15,-68.4],[-7.69,-68.63],[-10.27,-68.82],[-12.36,-69.24],[-14.52,-69.64],[-14.52,-69.64],[-14.88,-69.15],[-15.22,-68.65],[-15.22,-68.65],[-15.21,-68.65],[-14.18,-68.36],[-12.24,-68.09],[-10.35,-67.8],[-9.95,-67.76],[-9.52,-67.24],[-9.11,-66.72],[-8.12,-66.14],[-6.27,-65.78],[-4.47,-65.4],[-3.11,-65.38],[-1.74,-65.35],[-0.52,-65.5],[0.73,-65.64],[2.23,-65.73],[4.08,-65.78],[5.94,-65.8],[7.77,-65.87],[9.61,-65.93],[11.45,-65.96],[12.75,-65.69],[13.45,-65.02],[14.11,-64.35],[14.75,-63.67],[15.16,-63.16],[15.56,-62.64],[15.85,-62.37]]]}},{"type":"Feature","properties":{"ma":135,"type":"gpml:TopologicalNetwork","name":"Inactive_East_West_Gondwana_Mesh","pid":701,"deforming":true},"geometry":{"type":"Polygon","coordinates":[[[41.91,-29.09],[41.33,-29.59],[40.75,-30.1],[40.17,-30.6],[39.69,-31.15],[39.21,-31.7],[38.73,-32.25],[38.38,-32.7],[38.04,-33.15],[37.32,-33.74],[36.6,-34.32],[35.86,-34.9],[35.2,-35.38],[34.53,-35.85],[33.85,-36.32],[33.05,-36.79],[32.24,-37.26],[31.48,-37.76],[30.7,-38.25],[29.92,-38.73],[28.97,-39.11],[28,-39.48],[27.03,-39.84],[26.22,-40.29],[25.4,-40.73],[24.57,-41.17],[23.66,-41.82],[22.74,-42.46],[22.03,-43.07],[21.31,-43.66],[20.45,-44.39],[19.57,-45.12],[19.52,-45.51],[19.66,-46.37],[19.32,-47.15],[19.49,-47.79],[18.77,-48.43],[18.77,-49.13],[18.77,-49.83],[19.4,-50.29],[19.23,-50.84],[19.06,-51.39],[18.67,-52.11],[18.45,-52.74],[18.23,-53.38],[18.13,-53.88],[18.02,-54.37],[17.84,-54.89],[17.64,-55.4],[17.34,-55.76],[15.98,-56.19],[14.57,-56.48],[12.98,-56.53],[11.66,-56.62],[10.34,-56.69],[9.8,-57.1],[9.1,-57.31],[7.94,-57.55],[6.9,-57.91],[6.16,-58.23],[5.4,-58.55],[4.9,-59.01],[4.38,-59.46],[3.82,-60.4],[3.16,-60.84],[2.48,-61.28],[1.44,-61.71],[0.11,-61.94],[-1.5,-61.57],[-2.87,-61.35],[-4.1,-61.84],[-4.9,-62.27],[-5.72,-62.71],[-6.58,-63.13],[-6.91,-63.34],[-7.65,-63.53],[-8.32,-63.72],[-8.32,-63.72],[-8.37,-63.7],[-9.94,-63.86],[-10.57,-63.39],[-11.17,-62.92],[-11.17,-62.92],[-9.36,-62.49],[-8.54,-61.94],[-7.74,-61.39],[-6.97,-60.84],[-5.73,-60.34],[-4.53,-59.83],[-3.02,-59.31],[-1.56,-58.77],[0.13,-58.45],[1.79,-58.12],[2.57,-57.61],[3.34,-57.1],[4.22,-56.58],[5.07,-56.06],[6.6,-55.81],[7.36,-55.27],[8.87,-54.86],[9.91,-54.73],[10.94,-54.6],[12.44,-54.35],[13.93,-54.08],[14.92,-53.6],[15.89,-53.11],[16.47,-52.19],[16.65,-51.34],[16.83,-50.5],[16.74,-49.73],[16.64,-48.95],[16.73,-48.21],[16.81,-47.47],[16.87,-46.67],[16.92,-45.87],[17.34,-45.19],[17.74,-44.51],[18.12,-44.05],[18.49,-43.58],[19.15,-43.09],[19.8,-42.59],[20.59,-42.08],[21.37,-41.56],[21.78,-40.88],[22.18,-40.2],[22.58,-39.51],[23.18,-38.88],[23.78,-38.25],[24.36,-37.62],[24.6,-36.82],[24.82,-36],[25.09,-35.15],[25.36,-34.31],[25.96,-33.84],[26.55,-33.37],[27.41,-32.89],[28.26,-32.41],[29.19,-32.2],[30.11,-31.99],[30.93,-31.83],[31.74,-31.66],[32.62,-31.4],[33.49,-31.14],[33.98,-30.8],[34.47,-30.46],[34.47,-30.46],[35.52,-30.31],[36.49,-30.11],[37.45,-29.9],[38.41,-29.69],[39.29,-29.54],[40.16,-29.4],[41.03,-29.25],[41.9,-29.09],[41.91,-29.09]]]}},{"type":"Feature","properties":{"ma":135,"type":"gpml:TopologicalNetwork","name":"Inactive_Greater_India_Network","pid":501,"deforming":true},"geometry":{"type":"Polygon","coordinates":[[[43.23,-39.91],[43.33,-39.77],[43.77,-39.11],[44.2,-38.45],[44.63,-37.75],[45.06,-37.05],[45.48,-36.35],[46.29,-35.83],[47.09,-35.32],[47.77,-34.98],[48.45,-34.64],[49.37,-34.03],[50.1,-33.45],[50.86,-32.97],[50.86,-32.97],[51.97,-33.22],[53.09,-33.46],[53.82,-33.85],[54.55,-34.23],[55.58,-34.76],[56.62,-35.27],[57.3,-35.59],[57.98,-35.89],[58.78,-36.25],[59.6,-36.6],[60.57,-37.21],[61.45,-37.76],[62.35,-38.29],[62.86,-38.74],[63.37,-39.19],[64.11,-39.82],[64.86,-40.44],[65.66,-41],[66.46,-41.54],[66.62,-41.65],[67.28,-42.09],[67.96,-42.52],[68.52,-42.88],[69.09,-43.23],[69.6,-43.6],[70.11,-43.96],[70.88,-44.5],[71.57,-44.98],[72.55,-45.62],[73.46,-46.31],[74.39,-46.98],[75.34,-47.14],[76.11,-47.27],[77.21,-47.43],[77.97,-47.4],[78.72,-47.37],[79.3,-47.34],[79.3,-47.34],[79.21,-47.81],[78.73,-48.3],[78.29,-48.84],[77.92,-49.63],[77.68,-50.23],[77.44,-50.83],[76.95,-51.71],[77,-52.38],[77.06,-53.05],[75.81,-53.54],[74.52,-54.02],[74.43,-54.05],[74.43,-54.05],[73.93,-53.96],[72.9,-54.09],[71.78,-54.35],[70.69,-54.57],[70.19,-54.48],[68.81,-54.28],[68.04,-54.15],[67.28,-54.02],[65.93,-53.78],[65.1,-53.68],[64.54,-53.34],[63.14,-53.12],[62.38,-52.87],[61.77,-52.57],[60.99,-52.72],[60.6,-52.52],[60.57,-52.1],[59.83,-51.77],[58.74,-51.22],[58.25,-50.88],[57.78,-50.53],[57.16,-49.95],[56.55,-49.36],[55.82,-48.74],[55.79,-48.27],[55.41,-47.88],[55.17,-47.62],[54.75,-47.36],[54.35,-46.85],[54.3,-46.48],[53.99,-46.06],[53.94,-45.6],[53.79,-45.11],[53.34,-44.64],[53.24,-44.05],[52.92,-43.25],[53.35,-42.79],[53.42,-41.95],[52.98,-41.32],[52.8,-40.54],[52.76,-39.85],[52.73,-39.16],[51.66,-39.34],[50.84,-39.47],[50.01,-39.61],[49.15,-39.69],[48.57,-39.93],[47.99,-40.17],[46.93,-40.22],[46.02,-40.18],[45.11,-40.15],[44.21,-40.04],[43.33,-39.92],[43.23,-39.91]]]}},{"type":"Feature","properties":{"ma":135,"type":"gpml:TopologicalNetwork","name":"Inactive_Central_Atlantic_Mesh","pid":714,"deforming":true},"geometry":{"type":"Polygon","coordinates":[[[-3.04,7.71],[-3.48,7.52],[-4.17,7.22],[-4.77,6.96],[-5.26,6.75],[-5.72,6.55],[-6.27,6.31],[-6.87,6.05],[-7.43,6.2],[-8.02,6.26],[-8.37,6.42],[-8.7,6.56],[-9.21,6.72],[-9.67,6.96],[-10.29,7.1],[-10.73,7],[-11.37,6.7],[-12.18,6.54],[-12.9,6.34],[-13.42,6.03],[-14.3,5.69],[-14.71,5.33],[-15.47,4.89],[-16.17,4.54],[-16.73,4.59],[-16.9,4.68],[-17.41,4.66],[-18.36,4.64],[-19.25,4.74],[-19.38,4.63],[-19.84,4.39],[-20.3,4.14],[-20.61,3.69],[-20.93,3.23],[-21.15,2.77],[-21.38,2.32],[-21.57,1.69],[-21.87,1.13],[-22.22,0.55],[-22.42,0.34],[-22.66,0.08],[-22.75,-0.35],[-22.8,-0.8],[-22.81,-1.59],[-23.01,-2.03],[-23.2,-2.4],[-23.49,-2.64],[-23.67,-2.92],[-23.79,-3.19],[-23.98,-3.55],[-24.42,-3.56],[-24.8,-3.58],[-24.8,-3.58],[-24.93,-3.5],[-25.74,-2.97],[-26.55,-2.43],[-26.55,-2.43],[-26.49,-2.37],[-26.12,-2.05],[-25.9,-1.57],[-25.6,-1.39],[-25.03,-0.99],[-24.35,-0.39],[-23.87,0.15],[-23.58,0.63],[-23.3,1.1],[-22.96,1.63],[-22.58,2.32],[-22.29,2.67],[-22,3.07],[-21.74,3.55],[-21.48,4.04],[-21.15,4.64],[-20.57,5.11],[-20.2,5.22],[-19.71,5.36],[-19.71,5.36],[-19.11,5.66],[-18.81,5.9],[-18.47,5.98],[-17.9,6.12],[-17.59,6.15],[-16.93,6.38],[-16.6,6.4],[-16.08,6.52],[-15.76,6.62],[-15.45,6.77],[-15.16,7.01],[-14.62,7.42],[-14.11,7.76],[-13.61,7.8],[-13.23,7.83],[-12.81,7.84],[-12.48,7.77],[-12.12,7.85],[-11.88,7.77],[-11.64,7.71],[-11.54,7.78],[-11.25,7.92],[-10.85,8.27],[-10.49,8.5],[-10.28,8.68],[-9.88,9.04],[-9.63,9.16],[-9.2,9.43],[-8.66,9.79],[-8.29,10.08],[-7.88,10.37],[-7.48,10.47],[-7.26,10.54],[-7.26,10.54],[-7.18,10.5],[-6.7,10.21],[-6.22,9.91],[-5.68,9.41],[-4.86,8.93],[-4.25,8.52],[-3.64,8.12],[-3.04,7.71]]]}},{"type":"Feature","properties":{"ma":135,"type":"gpml:TopologicalNetwork","name":"North_Atlantic_Phase1_Deformation_Mesh","pid":301,"deforming":true},"geometry":{"type":"Polygon","coordinates":[[[6.75,43.86],[7.02,43.52],[6.77,43.21],[6.71,42.96],[6.62,42.7],[6.4,42.2],[6.35,41.92],[6.31,41.53],[6.32,41.33],[6.34,40.95],[6.19,40.63],[5.94,40.48],[5.74,40.3],[5.5,40.12],[5.4,39.91],[5.2,39.69],[5.12,39.53],[4.94,39.37],[4.9,39.21],[4.97,39.06],[5.1,38.88],[5.3,38.66],[5.42,38.37],[5.51,38.15],[5.61,37.91],[5.61,37.66],[5.48,37.46],[5.25,37.22],[5.3,37.06],[5.34,36.94],[5.38,36.67],[5.47,36.54],[5.6,36.37],[5.57,36.31],[5.51,36.17],[5.45,36.11],[5.35,36.02],[5.32,35.99],[5.16,35.76],[5,35.63],[4.8,35.35],[4.74,35.13],[4.69,34.91],[4.64,34.76],[4.64,34.6],[4.62,34.48],[4.5,34.29],[4.41,34.26],[4.41,34.26],[4.37,34.21],[4.1,34.09],[3.75,34.08],[2.91,33.98],[2.71,34.02],[2.54,34.06],[2.39,34.07],[2.27,34.02],[2.18,33.98],[2.11,33.93],[1.99,33.87],[1.95,33.77],[1.91,33.69],[1.76,33.49],[1.64,33.29],[1.57,33.3],[1.42,32.92],[1.13,32.64],[1.04,32.28],[0.79,31.83],[0.76,31.62],[0.59,31.53],[0.43,31.44],[0.35,31.42],[0.23,31.39],[0.1,31.36],[-0.05,31.32],[-0.42,31.27],[-0.55,31.14],[-0.73,30.93],[-0.83,30.86],[-0.93,30.8],[-1.04,30.72],[-1.02,30.53],[-1.07,30.29],[-1.14,30.11],[-1.23,29.87],[-1.18,29.44],[-1.19,29.26],[-1.2,29.04],[-1.17,28.68],[-1.16,28.47],[-1.18,28.24],[-1.17,27.95],[-1.25,27.71],[-1.27,27.59],[-1.3,27.4],[-1.31,27.11],[-1.36,26.95],[-1.42,26.77],[-1.6,26.62],[-1.68,26.45],[-1.77,26.35],[-1.89,26.21],[-2.01,26.03],[-2.11,25.87],[-2.23,25.67],[-2.37,25.53],[-2.53,25.26],[-2.81,25.24],[-3.19,25.17],[-3.53,25.08],[-3.65,25.03],[-3.8,24.97],[-3.94,24.89],[-4.11,24.79],[-4.25,24.66],[-4.26,24.54],[-4.24,24.48],[-4.2,24.33],[-4.34,24.25],[-4.27,23.98],[-4.35,23.82],[-4.48,23.7],[-4.56,23.54],[-4.61,23.25],[-4.61,22.83],[-4.55,22.58],[-4.38,22.36],[-3.78,22.35],[-3.01,22.18],[-2.33,21.88],[-2.14,21.6],[-1.98,21.23],[-2.03,21.11],[-1.93,20.89],[-1.89,20.78],[-1.72,20.6],[-1.56,20.42],[-0.87,20.3],[-0.52,20.26],[-0.24,19.97],[0.09,19.84],[0.32,19.68],[0.7,19.64],[1.05,19.62],[1.39,19.59],[1.77,19.55],[2.11,19.47],[2.54,19.37],[3.03,19.13],[3.29,18.94],[3.81,18.77],[4.33,18.38],[4.82,18.01],[5.05,17.71],[5.28,17.35],[5.57,17.07],[5.82,16.77],[6.06,16.25],[6.06,16.25],[5.53,15.61],[5,14.97],[4.59,14.35],[4.59,14.35],[4.58,14.35],[3.92,14.87],[3.22,15.32],[2.59,16.06],[1.92,16.54],[1.29,16.75],[0.66,17.01],[0.4,17.1],[0.09,17.22],[-0.09,17.28],[-0.36,17.37],[-0.55,17.4],[-0.96,17.45],[-1.13,17.53],[-1.3,17.6],[-1.64,17.75],[-1.93,17.75],[-2.3,17.88],[-2.57,18.1],[-2.64,18.27],[-2.64,18.27],[-2.73,18.11],[-2.84,17.99],[-2.9,17.85],[-2.98,17.65],[-3.07,17.39],[-3.19,17.12],[-3.37,16.84],[-3.52,16.53],[-3.66,16.2],[-3.8,16.01],[-4.05,15.63],[-4.25,15.41],[-4.65,15.11],[-5.02,14.69],[-5.14,14.45],[-5.21,14.12],[-5.3,13.73],[-5.51,13.39],[-5.74,13.18],[-5.97,12.96],[-6.14,12.8],[-6.37,12.59],[-6.55,12.42],[-6.77,12.22],[-6.87,12.12],[-7.07,11.92],[-7.07,11.92],[-7.52,12.44],[-7.96,12.96],[-7.96,12.96],[-7.88,13.12],[-7.79,13.25],[-7.68,13.42],[-7.53,13.66],[-7.39,13.88],[-7.21,14.17],[-7.06,14.41],[-6.92,14.62],[-6.79,14.83],[-6.71,15.11],[-6.75,15.39],[-6.82,15.7],[-6.64,15.92],[-6.17,16.18],[-6.06,16.34],[-6,16.53],[-5.92,16.79],[-5.83,17.11],[-5.84,17.26],[-5.84,17.26],[-5.84,17.26],[-5.9,17.25],[-5.96,17.24],[-6.09,17.19],[-6.19,17.16],[-6.33,17.14],[-6.72,17.19],[-6.89,17.2],[-7,17.14],[-7.09,17.12],[-7.21,17.09],[-7.3,17.07],[-7.4,17.06],[-7.47,17.04],[-7.54,16.98],[-7.58,16.94],[-7.64,16.9],[-7.71,16.83],[-7.79,16.75],[-7.85,16.64],[-7.89,16.55],[-7.94,16.44],[-7.98,16.35],[-8,16.26],[-8.03,16.19],[-8.07,16.08],[-8.1,16.02],[-8.14,15.96],[-8.21,15.9],[-8.28,15.83],[-8.36,15.74],[-8.45,15.65],[-8.52,15.57],[-8.58,15.5],[-8.67,15.41],[-8.77,15.3],[-8.87,15.19],[-9,15.06],[-9.12,14.97],[-9.21,14.89],[-9.37,14.76],[-9.47,14.68],[-9.47,14.68],[-9.81,15.07],[-10.15,15.46],[-10.15,15.46],[-10.06,15.53],[-9.9,15.65],[-9.72,15.78],[-9.59,15.88],[-9.35,16.06],[-9.3,16.2],[-9.25,16.34],[-9.23,16.51],[-9.22,16.65],[-9.11,16.8],[-9.05,16.9],[-8.77,17.09],[-8.58,17.22],[-8.44,17.31],[-8.3,17.42],[-8.14,17.55],[-7.99,17.74],[-7.94,17.81],[-7.85,17.85],[-7.71,17.93],[-7.64,17.99],[-7.56,18.06],[-7.43,18.17],[-7.38,18.21],[-7.31,18.25],[-7.27,18.28],[-7.22,18.28],[-7.22,18.28],[-7.22,18.42],[-7.28,18.59],[-7.29,18.69],[-7.3,18.76],[-7.3,18.93],[-7.36,19.06],[-7.4,19.22],[-7.51,19.37],[-7.55,19.56],[-7.62,19.73],[-7.84,19.82],[-8,19.99],[-8.17,20.09],[-8.35,20.18],[-8.67,20.4],[-8.91,20.5],[-9.17,20.58],[-9.43,20.79],[-9.58,21.1],[-9.6,21.38],[-9.61,21.66],[-9.58,21.95],[-9.53,22.25],[-9.47,22.55],[-9.38,22.82],[-9.29,23.06],[-9.18,23.27],[-9.1,23.47],[-8.96,23.73],[-8.96,23.73],[-8.68,23.81],[-8.2,23.94],[-8.01,24.08],[-7.8,24.23],[-7.4,24.52],[-7.21,24.67],[-6.99,24.85],[-6.63,25.35],[-6.29,25.63],[-5.95,25.92],[-5.43,26.27],[-5.01,26.69],[-4.55,27.15],[-4.23,27.78],[-3.89,28.45],[-3.91,28.89],[-3.93,29.14],[-4.07,29.5],[-4.19,29.82],[-4.43,30.41],[-4.17,31],[-3.77,31.08],[-3.5,31.14],[-2.96,31.26],[-2.17,31.56],[-1.6,31.88],[-0.95,32.11],[-0.43,32.44],[0.35,32.83],[0.82,33.34],[1.01,33.68],[1.4,34.35],[1.9,34.87],[2.49,35.42],[2.84,35.7],[3.24,36.15],[3.25,36.33],[3,36.71],[3,36.77],[3.18,37.42],[3.28,37.66],[3.37,37.79],[3.2,38.02],[3,38.13],[2.71,38.36],[2.58,38.53],[2.67,38.75],[2.74,38.88],[2.76,39.11],[2.81,39.29],[2.73,39.51],[2.94,39.61],[3.12,39.73],[3.24,39.85],[3.4,40.15],[3.91,40.42],[4.45,40.72],[4.61,40.85],[4.88,41.4],[4.9,41.79],[5.12,41.88],[5.23,42.01],[5.34,42.19],[5.41,42.28],[5.77,42.79],[6.13,43.18],[6.31,43.49],[6.55,43.68],[6.75,43.73],[6.75,43.73],[6.75,43.86]]]}},{"type":"Feature","properties":{"ma":135,"type":"gpml:TopologicalNetwork","name":"WEC","pid":601,"deforming":true},"geometry":{"type":"Polygon","coordinates":[[[96.75,48.15],[96.33,48.73],[95.65,49.09],[94.96,49.45],[93.82,49.92],[93.06,50.34],[92.29,50.74],[91.44,51.41],[90.98,52.23],[90.77,52.94],[90.57,53.78],[90.38,54.68],[90.24,55.35],[90.1,56.32],[90.34,56.91],[90.59,57.5],[90.76,58.28],[90.93,59.07],[91.09,59.74],[91.27,60.41],[91.44,61.09],[91.66,61.77],[91.89,62.46],[92.14,63.14],[92.21,63.95],[92.28,64.75],[92.24,65.48],[92.19,66.21],[92.14,66.79],[92.09,67.38],[92.17,67.75],[92.17,67.75],[93.29,68.1],[94.83,68.55],[96.44,68.98],[98.7,69.54],[101.08,70.07],[102.52,70.36],[104,70.64],[106.15,71.02],[108.39,71.36],[110.1,71.61],[111.86,71.83],[113.81,72.06],[115.8,72.26],[118.19,72.48],[120.64,72.67],[122.98,72.81],[125.36,72.93],[127.78,73.03],[130.15,73.09],[132.53,73.12],[132.53,73.12],[132.48,72.48],[132.44,71.84],[132.35,70.98],[132.27,70.12],[132.16,69.36],[132.05,68.6],[131.88,67.77],[131.73,66.93],[131.43,66.19],[131.15,65.45],[130.9,64.55],[130.66,63.66],[130.44,62.92],[130.24,62.19],[130.05,61.59],[129.88,60.98],[129.68,60.32],[129.5,59.65],[129.24,58.84],[129,58.02],[128.69,57.08],[128.39,56.14],[128,55.26],[127.62,54.38],[127.38,53.71],[127.14,53.03],[126.92,52.36],[126.74,51.98],[126.74,51.98],[125.2,52.19],[123.66,52.37],[122.1,52.54],[120.53,52.69],[118.94,52.82],[117.35,52.92],[116.4,52.48],[115.46,52.02],[114.43,51.77],[113.4,51.51],[112.39,51.24],[112.37,50.74],[112.35,50.24],[111.3,50.19],[110.25,50.13],[109.2,50.05],[107.96,50.13],[106.71,50.2],[105.47,50.25],[104.12,50.14],[102.77,50.01],[101.35,49.63],[99.95,49.23],[98.68,48.78],[97.43,48.32],[96.75,48.15]]]}},{"type":"Feature","properties":{"ma":135,"type":"gpml:TopologicalNetwork","name":"Deforming Network","pid":701,"deforming":true},"geometry":{"type":"Polygon","coordinates":[[[-9.94,-21.36],[-10.52,-21.07],[-10.94,-20.8],[-11.48,-20.48],[-11.48,-20.48],[-10.44,-20.41],[-9.91,-20.37],[-9.91,-20.37],[-9.66,-20.57],[-9.04,-21.11],[-8.77,-21.54],[-8.5,-21.98],[-8.39,-22.55],[-8.28,-23.12],[-8.37,-23.91],[-8.67,-24.46],[-8.98,-25.01],[-9.58,-25.53],[-10.18,-26.04],[-10.78,-26.55],[-10.93,-27.05],[-11.08,-27.55],[-11.42,-28.51],[-11.91,-29.26],[-12.15,-29.77],[-12.39,-30.28],[-12.35,-30.84],[-12.31,-31.39],[-11.97,-32.06],[-11.96,-32.95],[-12.02,-33.44],[-12.08,-33.94],[-12.45,-34.75],[-12.86,-35.51],[-13.1,-36.32],[-13.28,-37.3],[-13.53,-38.15],[-13.96,-38.73],[-14.44,-39.15],[-14.91,-39.56],[-15.88,-40.01],[-16.51,-40.16],[-17.14,-40.31],[-18.3,-40.74],[-18.9,-41.07],[-19.5,-41.39],[-20.18,-41.78],[-20.88,-42.18],[-21.44,-42.54],[-22.01,-42.9],[-22.6,-43.75],[-22.89,-44.36],[-23.2,-44.97],[-23.43,-45.45],[-23.67,-45.92],[-24.12,-46.73],[-24.42,-47.64],[-24.86,-48.24],[-25.31,-48.84],[-26.01,-49.69],[-26.47,-50.16],[-26.93,-50.63],[-27.39,-51.12],[-27.85,-51.62],[-28.28,-52.1],[-28.73,-52.58],[-29.1,-53.45],[-29.47,-54.37],[-29.8,-54.93],[-30.14,-55.48],[-30.72,-56.04],[-31.32,-56.6],[-32.33,-57.36],[-33.39,-58.1],[-33.97,-58.66],[-34.56,-59.21],[-34.68,-59.8],[-34.81,-60.39],[-35.03,-61.05],[-35.26,-61.72],[-35.37,-62.53],[-35.37,-62.53],[-36.53,-62.38],[-37.67,-62.22],[-37.67,-62.22],[-37.59,-61.78],[-37.22,-61.05],[-36.84,-60.23],[-36.68,-59.84],[-36.44,-59.22],[-36.2,-58.65],[-36.01,-58.19],[-35.66,-57.49],[-35.5,-57.16],[-35.07,-56.44],[-34.64,-55.64],[-34.3,-55.17],[-33.88,-54.66],[-33.55,-54.33],[-33.37,-54.16],[-32.91,-53.61],[-32.38,-53.14],[-32.26,-53.04],[-31.39,-52.26],[-31.32,-52.19],[-30.63,-51.56],[-30.59,-51.52],[-29.98,-50.91],[-29.83,-50.75],[-29.35,-50.26],[-29.07,-49.96],[-28.75,-49.6],[-28.37,-49.17],[-28.17,-48.93],[-27.72,-48.38],[-27.62,-48.25],[-26.99,-47.66],[-26.96,-47.63],[-26.27,-47.03],[-26.17,-46.95],[-25.6,-46.42],[-25.4,-46.22],[-24.99,-45.77],[-24.74,-45.48],[-24.44,-45.11],[-24.14,-44.65],[-23.96,-44.39],[-23.57,-43.82],[-23.48,-43.7],[-23.01,-43.19],[-22.8,-43.01],[-22.69,-42.93],[-22.45,-42.75],[-22.21,-42.6],[-21.86,-42.36],[-21.75,-42.29],[-21.35,-42.03],[-20.76,-41.67],[-20.7,-41.64],[-20.09,-41.3],[-19.73,-41.1],[-19.35,-40.91],[-18.8,-40.64],[-17.98,-40.28],[-17.46,-40.07],[-17.09,-39.9],[-16.3,-39.47],[-16.13,-39.34],[-15.36,-38.69],[-15.26,-38.55],[-14.89,-37.85],[-14.87,-37.79],[-14.57,-37.04],[-14.54,-36.96],[-14.34,-36.25],[-14.28,-36.07],[-14.07,-35.47],[-13.97,-35.22],[-13.75,-34.69],[-13.6,-34.38],[-13.47,-33.98],[-13.31,-33.56],[-13.22,-33.25],[-13.15,-32.74],[-13.15,-32.44],[-13.2,-31.9],[-13.22,-31.75],[-13.28,-31.08],[-13.28,-31],[-13.31,-30.18],[-13.31,-30.14],[-13.08,-29.4],[-12.94,-29.14],[-12.76,-28.76],[-12.58,-28.42],[-12.43,-28.13],[-12.18,-27.69],[-12.08,-27.54],[-11.62,-26.9],[-11.51,-26.78],[-11.42,-26.68],[-11.06,-26.3],[-10.92,-26.2],[-10.85,-26.13],[-10,-25.52],[-9.53,-25.11],[-9.45,-25.04],[-9.11,-24.18],[-9.1,-24.14],[-9.17,-23.46],[-9.2,-23.34],[-9.11,-22.44],[-9.16,-22.26],[-9.37,-21.65],[-9.94,-21.36]]]}},{"type":"Feature","properties":{"ma":135,"type":"gpml:TopologicalNetwork","name":"Deforming Network","pid":201,"deforming":true},"geometry":{"type":"Polygon","coordinates":[[[-9.38,-21.65],[-9.16,-22.26],[-9.11,-22.44],[-9.2,-23.34],[-9.17,-23.46],[-9.1,-24.14],[-9.1,-24.18],[-9.46,-25.04],[-9.53,-25.11],[-10,-25.52],[-10.85,-26.13],[-10.92,-26.19],[-11.07,-26.3],[-11.42,-26.68],[-11.51,-26.77],[-11.62,-26.91],[-12.08,-27.54],[-12.18,-27.69],[-12.43,-28.13],[-12.58,-28.42],[-12.75,-28.76],[-12.94,-29.14],[-13.08,-29.4],[-13.31,-30.14],[-13.31,-30.18],[-13.28,-31],[-13.28,-31.08],[-13.22,-31.75],[-13.2,-31.9],[-13.14,-32.44],[-13.16,-32.74],[-13.23,-33.24],[-13.31,-33.56],[-13.48,-33.98],[-13.6,-34.38],[-13.75,-34.69],[-13.98,-35.22],[-14.07,-35.47],[-14.29,-36.07],[-14.33,-36.25],[-14.54,-36.96],[-14.57,-37.04],[-14.87,-37.78],[-14.9,-37.85],[-15.25,-38.54],[-15.36,-38.69],[-16.12,-39.34],[-16.3,-39.47],[-17.09,-39.91],[-17.46,-40.07],[-17.98,-40.28],[-18.8,-40.64],[-19.36,-40.91],[-19.73,-41.1],[-20.09,-41.3],[-20.7,-41.64],[-20.76,-41.67],[-21.35,-42.03],[-21.75,-42.29],[-21.87,-42.36],[-22.22,-42.6],[-22.44,-42.75],[-22.69,-42.93],[-22.8,-43.01],[-23.01,-43.19],[-23.48,-43.7],[-23.57,-43.82],[-23.96,-44.39],[-24.14,-44.65],[-24.44,-45.11],[-24.73,-45.48],[-24.99,-45.77],[-25.41,-46.22],[-25.6,-46.42],[-26.17,-46.95],[-26.26,-47.03],[-26.95,-47.63],[-27,-47.65],[-27.61,-48.25],[-27.73,-48.38],[-28.17,-48.93],[-28.37,-49.17],[-28.75,-49.6],[-29.07,-49.96],[-29.35,-50.26],[-29.83,-50.75],[-29.97,-50.91],[-30.59,-51.53],[-30.63,-51.56],[-31.32,-52.19],[-31.39,-52.26],[-32.26,-53.04],[-32.37,-53.14],[-32.91,-53.61],[-33.36,-54.16],[-33.55,-54.33],[-33.89,-54.66],[-34.4,-55.1],[-34.96,-55.51],[-35.73,-56.29],[-36.53,-56.95],[-36.89,-57.23],[-37.42,-57.91],[-37.77,-58.34],[-38.15,-58.88],[-38.57,-59.48],[-38.75,-59.87],[-39.15,-60.68],[-39.61,-61.57],[-39.73,-61.89],[-39.73,-61.89],[-41.64,-61.55],[-41.94,-61.49],[-41.94,-61.49],[-41.96,-61.21],[-41.86,-60.73],[-41.73,-60.23],[-41.59,-59.73],[-41.22,-59.05],[-40.85,-58.37],[-40.4,-57.69],[-39.86,-57.09],[-38.92,-56.24],[-38.26,-55.64],[-37.62,-55.03],[-37,-54.42],[-36.28,-53.78],[-35.7,-53.27],[-35.13,-52.76],[-34.71,-52.52],[-34.01,-52.15],[-33.33,-51.77],[-32.6,-51.35],[-31.88,-50.92],[-31.18,-50.18],[-30.61,-49.41],[-29.94,-48.62],[-29.24,-47.95],[-28.77,-47.39],[-28.02,-46.62],[-27.3,-45.88],[-26.74,-45.09],[-26.58,-44.94],[-25.95,-44.53],[-25.43,-43.62],[-25.36,-42.71],[-25.19,-42.19],[-25.02,-41.66],[-24.53,-41.26],[-24.05,-40.85],[-22.94,-40.34],[-22.28,-40.13],[-21.61,-39.93],[-20.62,-39.62],[-19.72,-39.5],[-18.82,-39.38],[-18.03,-39.22],[-17.25,-39.05],[-16.5,-38.48],[-16.22,-38.01],[-15.92,-37.55],[-15.41,-36.94],[-15.25,-36.33],[-15.12,-35.81],[-14.97,-35.37],[-14.67,-34.83],[-14.52,-34.27],[-14.29,-33.9],[-14.25,-33.48],[-14.08,-33.02],[-13.84,-32.52],[-13.75,-31.91],[-13.71,-31.26],[-13.55,-30.73],[-13.64,-30.12],[-13.58,-29.62],[-13.49,-29.27],[-13.19,-28.58],[-13.09,-28.1],[-13.07,-27.66],[-13.07,-27.13],[-13.1,-26.67],[-13.16,-26.23],[-13.07,-25.86],[-12.87,-25.6],[-12.63,-25.38],[-12.14,-25.1],[-11.94,-24.86],[-12.86,-24.9],[-13.75,-24.51],[-14.28,-24.19],[-14.64,-24.38],[-14.7,-24.81],[-15.12,-24.81],[-15.48,-24.53],[-15.68,-24.13],[-15.54,-23.85],[-15.11,-23.45],[-14.68,-23.05],[-14.01,-22.83],[-13.6,-22.48],[-13.26,-22.55],[-12.89,-22.04],[-12.48,-21.77],[-11.8,-21.6],[-11.41,-21.29],[-11.47,-20.92],[-11.74,-20.7],[-12.3,-20.55],[-12.36,-20.53],[-12.36,-20.53],[-11.48,-20.48],[-11.48,-20.48],[-10.94,-20.8],[-10.52,-21.07],[-9.95,-21.36],[-9.38,-21.65]]]}},{"type":"Feature","properties":{"ma":135,"type":"gpml:TopologicalNetwork","name":"Deforming Network","pid":714,"deforming":true},"geometry":{"type":"Polygon","coordinates":[[[-26.2,-10.97],[-26.78,-10.23],[-27.36,-9.5],[-27.39,-9.42],[-27.39,-9.42],[-27.09,-9.53],[-26.19,-9.7],[-26.19,-9.7],[-25.59,-10.23],[-25.39,-11.01],[-25.19,-11.8],[-24.97,-12.57],[-24.76,-13.34],[-24.4,-14.04],[-24.05,-14.74],[-23.52,-15.26],[-22.71,-15.58],[-21.9,-15.89],[-21.15,-16.25],[-20.39,-16.61],[-19.54,-17.16],[-19.04,-17.61],[-18.54,-18.05],[-17.74,-18.27],[-16.95,-18.49],[-16.11,-18.56],[-15.28,-18.63],[-14.74,-18.69],[-14.19,-18.76],[-13.25,-19.11],[-12.31,-19.45],[-11.48,-19.94],[-10.64,-20.42],[-10.64,-20.42],[-11.48,-20.48],[-11.48,-20.48],[-11.72,-20.33],[-12.17,-20.03],[-12.68,-19.78],[-13.41,-19.48],[-14.17,-19.28],[-14.66,-19.15],[-15.67,-18.95],[-15.9,-18.9],[-16.77,-18.76],[-16.98,-18.69],[-17.73,-18.55],[-18.29,-18.37],[-18.96,-18.01],[-19.28,-17.75],[-19.68,-17.39],[-20.08,-17.04],[-20.33,-16.92],[-21.15,-16.53],[-22.06,-16.17],[-22.19,-16.12],[-22.74,-15.84],[-23.3,-15.57],[-23.44,-15.5],[-24.19,-14.89],[-24.52,-14.44],[-24.65,-14.17],[-24.98,-13.38],[-25.09,-13.06],[-25.24,-12.66],[-25.56,-11.85],[-25.62,-11.7],[-26.2,-10.97]]]}},{"type":"Feature","properties":{"ma":135,"type":"gpml:TopologicalNetwork","name":"Deforming Network","pid":201,"deforming":true},"geometry":{"type":"Polygon","coordinates":[[[-25.62,-11.7],[-25.56,-11.84],[-25.24,-12.66],[-25.09,-13.06],[-24.98,-13.38],[-24.65,-14.17],[-24.51,-14.44],[-24.19,-14.89],[-23.45,-15.5],[-23.29,-15.57],[-22.74,-15.85],[-22.19,-16.12],[-22.06,-16.16],[-21.15,-16.53],[-20.33,-16.92],[-20.08,-17.04],[-19.68,-17.39],[-19.28,-17.75],[-18.96,-18],[-18.29,-18.37],[-17.73,-18.56],[-16.98,-18.7],[-16.77,-18.76],[-15.91,-18.9],[-15.67,-18.95],[-14.66,-19.15],[-14.18,-19.28],[-13.41,-19.48],[-12.68,-19.78],[-12.17,-20.03],[-11.72,-20.33],[-11.48,-20.48],[-11.48,-20.48],[-12.36,-20.53],[-12.36,-20.53],[-12.87,-20.35],[-13.24,-20.18],[-13.24,-20.18],[-13.48,-20.08],[-14.08,-19.88],[-14.87,-19.72],[-15.59,-19.71],[-16.31,-19.69],[-17.23,-19.52],[-18.14,-19.35],[-19.09,-18.96],[-19.95,-18.46],[-20.84,-17.95],[-21.68,-17.55],[-22.23,-17.29],[-22.78,-17.03],[-23.29,-16.77],[-23.8,-16.5],[-24.38,-16.23],[-24.95,-15.96],[-25.28,-15.55],[-25.6,-15.14],[-25.78,-14.63],[-25.96,-14.11],[-26.03,-13.55],[-26.1,-12.99],[-26.31,-12.47],[-26.53,-11.95],[-27.17,-11.18],[-27.65,-10.55],[-27.99,-10.01],[-28.32,-9.47],[-28.54,-8.97],[-28.54,-8.97],[-28.36,-9.05],[-27.88,-9.23],[-27.39,-9.42],[-27.39,-9.42],[-27.36,-9.5],[-26.78,-10.23],[-26.2,-10.97],[-25.62,-11.7]]]}},{"type":"Feature","properties":{"ma":135,"type":"gpml:TopologicalNetwork","name":"Mesozoic Southern South America Deformation","pid":201,"deforming":true},"geometry":{"type":"Polygon","coordinates":[[[-33.33,-51.77],[-34.01,-52.15],[-34.71,-52.52],[-35.13,-52.76],[-35.7,-53.27],[-36.28,-53.78],[-37,-54.42],[-37.62,-55.03],[-38.26,-55.64],[-38.92,-56.24],[-39.86,-57.09],[-40.4,-57.69],[-40.85,-58.37],[-41.22,-59.05],[-41.59,-59.73],[-41.73,-60.23],[-41.86,-60.73],[-41.96,-61.21],[-41.94,-61.49],[-41.94,-61.49],[-41.64,-61.55],[-39.77,-61.88],[-37.87,-62.19],[-36.02,-62.45],[-34.15,-62.68],[-32.33,-62.94],[-30.47,-63.18],[-28.84,-63.44],[-27.18,-63.68],[-25.49,-63.9],[-23.58,-64.09],[-21.65,-64.24],[-19.69,-64.37],[-17.44,-64.29],[-15.2,-64.17],[-12.99,-64.01],[-11.41,-63.88],[-11.41,-63.88],[-11.62,-64.62],[-11.87,-65.13],[-12.13,-65.63],[-12.8,-66.22],[-13.5,-66.8],[-14.57,-67.14],[-15.68,-67.48],[-15.68,-67.48],[-16.3,-67.65],[-18.18,-67.94],[-20.1,-68.21],[-22.36,-68.29],[-24.64,-68.33],[-26.3,-68.4],[-27.98,-68.46],[-28.01,-68.46],[-28.01,-68.46],[-28.11,-68.49],[-29.35,-68.75],[-30.63,-69],[-32.78,-69.12],[-34.96,-69.22],[-36.67,-69.34],[-38.4,-69.44],[-40.29,-69.35],[-42.17,-69.24],[-44.43,-69.15],[-46.68,-69.03],[-49.35,-69.07],[-52.02,-69.08],[-53.67,-69.01],[-55.3,-68.94],[-56.79,-68.83],[-58.26,-68.72],[-60.17,-68.38],[-62.03,-68.03],[-63.7,-67.45],[-65.29,-66.86],[-66.8,-66.25],[-68.33,-65.6],[-68.33,-65.6],[-68.33,-65.6],[-68.16,-65.23],[-68.03,-64.9],[-67.94,-64.74],[-67.87,-64.43],[-67.93,-64.02],[-67.96,-63.64],[-67.92,-63.3],[-67.91,-62.99],[-67.83,-62.74],[-67.75,-62.42],[-67.63,-62.06],[-67.31,-61.64],[-66.93,-61.31],[-66.67,-61.12],[-66.37,-60.88],[-66.02,-60.62],[-65.45,-60.2],[-64.94,-59.83],[-64.56,-59.52],[-64.27,-59.21],[-64.17,-58.78],[-64.07,-58.5],[-64,-58.27],[-63.96,-58.19],[-63.83,-57.95],[-63.67,-57.65],[-63.47,-57.3],[-63.28,-57.01],[-63.07,-56.69],[-62.85,-56.35],[-62.69,-56.09],[-62.29,-55.47],[-62.04,-55.06],[-61.79,-54.67],[-61.55,-54.31],[-61.22,-53.81],[-61.04,-53.54],[-60.79,-53.09],[-60.64,-52.81],[-60.45,-52.46],[-60.15,-52.19],[-59.73,-51.64],[-59.73,-51.64],[-59.57,-51.16],[-59.32,-50.75],[-58.82,-50.06],[-58.33,-49.38],[-58.14,-48.5],[-57.96,-47.63],[-57.96,-47.63],[-57.47,-46.73],[-56.99,-45.82],[-56.52,-44.92],[-56.07,-44.01],[-56.07,-44.01],[-55.13,-44.37],[-54.17,-44.71],[-53.2,-45.05],[-52.04,-45.53],[-50.85,-45.99],[-49.93,-46.37],[-49,-46.74],[-47.99,-47.1],[-46.97,-47.46],[-45.61,-47.76],[-44.23,-48.04],[-43.13,-48.49],[-42.02,-48.92],[-41.15,-49.12],[-40.27,-49.31],[-39.12,-49.46],[-37.97,-49.59],[-37.17,-49.59],[-36.37,-49.58],[-35.44,-49.98],[-35.25,-50.5],[-34.64,-51.22],[-33.79,-51.57],[-33.14,-51.67],[-33.33,-51.77]]]}},{"type":"Feature","properties":{"ma":135,"type":"gpml:TopologicalNetwork","name":"Mesozoic Africa Basins","pid":701,"deforming":true},"geometry":{"type":"Polygon","coordinates":[[[8.23,0.99],[9.01,0.37],[9.78,-0.25],[10.56,-0.87],[11.25,-1.34],[11.95,-1.8],[12.64,-2.27],[13.33,-2.74],[14.03,-3.2],[14.03,-3.2],[13.99,-3.23],[13.46,-3.68],[12.93,-4.13],[12.64,-4.81],[12.35,-5.48],[12.06,-6.16],[12.17,-6.79],[12.29,-7.43],[12.58,-7.89],[12.86,-8.35],[12.55,-9.02],[12.24,-9.68],[11.93,-10.35],[11.25,-10.46],[10.58,-10.57],[9.79,-10.35],[9.01,-10.47],[8.23,-10.59],[7.3,-10.23],[6.38,-9.87],[5.39,-9.66],[4.61,-9.74],[3.83,-9.81],[3.25,-9.61],[2.67,-9.42],[1.99,-9.51],[1.31,-9.59],[1.3,-10.24],[1.29,-10.88],[1.19,-11.47],[1.09,-12.06],[1.23,-12.64],[0.76,-13.42],[0.76,-14.14],[0.77,-14.86],[0.81,-15.42],[0.85,-15.97],[0.87,-16.59],[0.89,-17.22],[0.77,-17.7],[0.64,-18.19],[0.08,-18.68],[-0.69,-19.08],[-0.69,-19.08],[-0.65,-19.59],[-0.6,-19.91],[0.07,-20.49],[0.11,-20.96],[-0.04,-21.17],[0.04,-21.74],[0.37,-22.27],[0.9,-22.39],[1.24,-22.8],[1.58,-23.21],[1.87,-23.65],[2.16,-24.1],[2.74,-24.17],[3.33,-24.24],[4.32,-24.32],[5.32,-24.39],[6.17,-24.62],[7.02,-24.84],[7.63,-24.8],[8.24,-24.75],[9.19,-24.87],[10.13,-24.99],[10.68,-24.83],[11.22,-24.67],[11.95,-24.97],[12.97,-24.79],[13.24,-25.37],[13.64,-26.23],[13.9,-26.78],[14.15,-27.34],[14.2,-28.05],[14.24,-28.77],[14.28,-29.48],[14.5,-30.41],[14.85,-30.86],[15.2,-31.3],[15.9,-31.22],[16.45,-30.92],[16.3,-30.13],[16.01,-29.53],[15.72,-28.93],[15.96,-28.4],[16.2,-27.87],[16.62,-27.42],[17.04,-26.97],[17.44,-26.77],[17.79,-26.99],[17.88,-27.87],[17.97,-28.76],[17.96,-29.5],[17.95,-30.23],[17.8,-30.77],[17.66,-31.31],[17.23,-31.63],[17.06,-32.48],[17.44,-33.39],[18.23,-33.58],[19.02,-33.77],[19.66,-34.09],[20.57,-33.73],[21.47,-33.38],[21.77,-32.81],[22.06,-32.24],[22.77,-31.81],[23.47,-31.37],[23.99,-31.07],[24.5,-30.77],[25.41,-30.52],[26.32,-30.26],[27.22,-29.99],[28.12,-29.72],[29.26,-29.61],[30.39,-29.49],[31.53,-29.36],[32.48,-29.24],[33.44,-29.12],[34.4,-28.99],[35.33,-28.86],[36.26,-28.72],[37.19,-28.57],[37.95,-28.47],[38.71,-28.36],[39.47,-28.25],[40.18,-28.15],[40.18,-28.15],[39.57,-28.63],[38.95,-29.09],[38.4,-29.69],[38.4,-29.69],[37.45,-29.9],[36.49,-30.11],[35.52,-30.31],[34.49,-30.45],[33.45,-30.59],[32.41,-30.71],[31.37,-30.8],[30.33,-30.87],[29.29,-30.94],[28.35,-31.03],[27.4,-31.13],[26.46,-31.21],[25.81,-31.55],[25.15,-31.89],[24.34,-32.32],[23.53,-32.75],[22.7,-33.36],[21.87,-33.96],[21.02,-34.56],[20.06,-34.7],[19.1,-34.83],[18.19,-34.41],[17.28,-33.99],[16.38,-33.56],[15.67,-33.26],[14.96,-32.95],[14.26,-32.63],[13.59,-31.88],[12.94,-31.13],[13.05,-30.22],[12.6,-29.89],[12.16,-29.57],[12.04,-28.88],[11.49,-28.11],[10.94,-27.34],[10.41,-26.57],[9.87,-25.8],[9,-25.48],[8.13,-25.15],[7.26,-25.16],[6.4,-25.17],[5.53,-25.17],[4.47,-25.03],[3.42,-24.88],[2.37,-24.72],[1.64,-24.59],[0.92,-24.46],[0.02,-24.36],[-0.87,-24.25],[-1.6,-24.35],[-2.32,-24.45],[-3.15,-24.3],[-3.98,-24.14],[-4.7,-23.89],[-5.41,-23.64],[-6.39,-23.67],[-7.37,-23.69],[-8.34,-23.71],[-8.34,-23.71],[-8.28,-23.12],[-8.39,-22.55],[-8.5,-21.98],[-8.77,-21.54],[-9.04,-21.11],[-9.66,-20.57],[-9.91,-20.37],[-9.91,-20.37],[-9.69,-20.35],[-9.21,-20.34],[-9.21,-20.34],[-9.21,-20.31],[-9.15,-19.63],[-9.5,-18.78],[-9.86,-18.22],[-9.85,-17.46],[-9.85,-16.7],[-10.19,-16.07],[-10.55,-15.5],[-10.3,-15.15],[-10.11,-14.5],[-10.18,-13.94],[-10.08,-13.31],[-9.98,-12.68],[-9.74,-11.78],[-9.68,-10.97],[-10.2,-10.44],[-10.66,-9.92],[-10.75,-9.42],[-10.7,-8.92],[-10.65,-8.42],[-10.48,-7.7],[-10,-7.2],[-9.18,-7.12],[-9.28,-7.68],[-9.37,-8.24],[-9.31,-9.21],[-8.79,-9.74],[-8.07,-9.77],[-7.6,-9.3],[-7.13,-8.83],[-6.46,-8.71],[-5.79,-8.59],[-4.87,-8.76],[-3.95,-8.93],[-3.46,-8.76],[-2.97,-8.6],[-2.27,-8.27],[-1.83,-8.84],[-1.39,-9.41],[-0.88,-9.65],[-0.37,-9.89],[0.05,-9.54],[0.47,-9.18],[1.02,-8.68],[1.57,-8.18],[2.07,-7.37],[2.57,-6.55],[2.97,-5.8],[3.37,-5.05],[3.75,-4.38],[4.13,-3.72],[4.73,-3.22],[5.32,-2.72],[5.98,-2.29],[6.63,-1.86],[6.83,-1.08],[7.04,-0.29],[7.25,0.66],[7.46,1.61],[8.23,0.99]]]}},{"type":"Feature","properties":{"ma":135,"type":"gpml:TopologicalNetwork","name":"Amer_anyui_mesh","pid":101,"deforming":true},"geometry":{"type":"Polygon","coordinates":[[[-1.39,55.55],[-2.78,55.78],[-4.19,55.98],[-5.61,56.17],[-7.05,56.35],[-8.71,56.39],[-10.38,56.4],[-11.79,56.61],[-13.23,56.81],[-14.41,57.08],[-15.62,57.34],[-16.84,57.6],[-18.15,57.93],[-19.49,58.26],[-20.85,58.57],[-22.26,58.61],[-23.67,58.65],[-25.3,58.49],[-26.91,58.32],[-26.91,58.32],[-27.04,59.3],[-27.19,60.27],[-27.34,61.24],[-27.34,61.24],[-27.88,61.2],[-28.9,61.12],[-29.92,61.04],[-31.05,60.93],[-32.17,60.81],[-33.11,60.37],[-34.24,59.85],[-34.24,59.85],[-34.17,60.38],[-33.67,60.87],[-33.28,61.25],[-33.03,61.47],[-32.59,61.85],[-32.14,62.23],[-30.83,62.58],[-29.41,62.61],[-28.39,62.92],[-26.76,62.95],[-25.75,63.22],[-24.48,63.28],[-23.2,63.32],[-22.69,63.39],[-22.69,63.39],[-22.32,63.15],[-21.74,62.55],[-21.19,61.96],[-21.32,61.42],[-21.32,61.42],[-22.07,61.47],[-23.12,61.45],[-24.16,61.41],[-25.25,61.36],[-26.33,61.31],[-27.34,61.24],[-27.34,61.24],[-27.19,60.27],[-27.04,59.3],[-26.91,58.32],[-26.91,58.32],[-27.22,58.29],[-28.33,58.14],[-29.43,57.98],[-30.4,57.87],[-31.37,57.74],[-32.3,57.61],[-33.22,57.47],[-34.31,57.41],[-34.86,57.42],[-35.41,57.6],[-36.6,58.05],[-37.45,58.35],[-37.45,58.35],[-37.78,58.65],[-37.99,59.03],[-37.7,59.46],[-37.61,59.61],[-37.57,60.19],[-36.98,61],[-36.91,61.26],[-36.64,62.07],[-36.48,62.33],[-36,62.72],[-35.57,63.33],[-35.12,63.94],[-34.65,64.88],[-34.04,65.28],[-33.5,65.57],[-32.32,66.04],[-31.6,66.22],[-30.91,66.54],[-30.14,66.87],[-29.12,67.12],[-27.91,67.4],[-27.21,67.56],[-27.21,67.56],[-27.74,68.02],[-28.65,68.71],[-29.7,69.37],[-30.82,70.02],[-32.27,70.76],[-33.83,71.49],[-35.24,72.11],[-36.76,72.72],[-38.38,73.32],[-38.38,73.32],[-35.67,73.65],[-32.86,73.95],[-29.95,74.21],[-29.95,74.21],[-29.16,74.31],[-28.1,74.42],[-28.1,74.42],[-27.12,73.74],[-26.23,73.07],[-25.4,72.39],[-24.72,71.66],[-24.09,70.93],[-23.5,70.2],[-22.95,69.46],[-22.46,68.67],[-22,67.87],[-22,67.87],[-21.9,67.87],[-21.02,67.79],[-20.12,67.69],[-18.08,67.46],[-16.37,67.23],[-15.09,66.81],[-14.58,66.54],[-14.69,66.09],[-15.02,65.7],[-15.45,65.42],[-15.45,65.42],[-14.23,65.36],[-12,65.2],[-10.85,65.1],[-9.57,64.98],[-8.39,64.85],[-6.69,64.66],[-5.37,64.3],[-3.92,63.87],[-2.81,63.66],[-1.24,63.34],[0.19,63.02],[1.48,62.72],[2,62.56],[2,62.56],[1.64,61.88],[1.29,61.21],[0.85,60.31],[0.43,59.4],[0.06,58.66],[-0.29,57.92],[-0.58,57.28],[-0.85,56.65],[-1.13,56.1],[-1.39,55.55]]]}}]}