{"type":"FeatureCollection","features":[{"type":"Feature","properties":{"ma":60,"type":"gpml:TopologicalNetwork","name":"Alpine_Deforming_Mesh_ELB","pid":301,"deforming":true},"geometry":{"type":"Polygon","coordinates":[[[0.21,37.53],[-0.32,37.13],[-0.85,36.72],[-1.48,36.54],[-2.11,36.35],[-3.23,36.21],[-3.23,36.21],[-3.08,35.75],[-3.08,35.75],[-3.84,35.82],[-4.6,35.89],[-5.48,35.98],[-6.36,36.06],[-6.92,36.29],[-7.48,36.51],[-7.89,36.76],[-7.89,36.76],[-8.08,37.35],[-8.08,37.35],[-7.32,37.59],[-6.21,37.54],[-5.1,37.48],[-4.37,37.55],[-3.64,37.62],[-2.8,37.75],[-1.96,37.88],[-1.29,37.99],[-0.96,38.04],[-0.96,38.04],[-0.28,37.7],[-0.28,37.7],[-0.21,37.89],[0.03,38.16],[0.47,38.55],[1.17,38.98],[1.84,39.34],[2.39,39.65],[3,39.88],[3.58,40.08],[4.16,40.26],[4.63,40.37],[5.21,40.5],[6.14,40.67],[6.84,40.78],[7.67,40.87],[8.61,40.86],[9.18,40.82],[9.5,40.79],[9.81,40.77],[10.11,40.72],[10.42,40.7],[10.82,40.6],[11.2,40.4],[11.39,40.24],[11.4,40.27],[11.4,39.84],[11.68,39.14],[12.06,38.55],[12.37,37.94],[12.74,37.33],[12.9,36.81],[13.05,36.29],[13.05,36.29],[13.46,35.6],[14.2,35.21],[14.92,34.89],[15.71,34.62],[16.52,34.43],[17.37,34.37],[18.24,34.26],[19.22,34.19],[20.14,34.25],[21.05,34.33],[22.09,34.39],[23.02,34.47],[23.96,34.6],[24.79,34.67],[25.63,34.76],[26.48,34.82],[27.45,34.88],[28.33,34.91],[29.14,34.95],[30.17,34.97],[30.98,34.93],[31.8,34.91],[32.7,34.73],[33.19,34.62],[33.19,34.62],[32.94,34],[32.69,33.37],[32.52,32.46],[32.64,31.49],[32.75,30.52],[32.82,30.33],[32.82,30.33],[32.22,30.13],[31.63,29.93],[31.05,29.74],[30.48,29.56],[29.53,29.23],[28.51,28.84],[27.64,28.5],[26.98,28.22],[26.13,27.91],[25.5,27.72],[24.88,27.52],[24.88,27.52],[24.17,27.28],[23.47,27.05],[22.6,26.92],[21.73,26.78],[21.13,26.72],[20.54,26.66],[19.64,26.59],[19.08,26.64],[18.52,26.69],[17.85,26.78],[17.19,26.87],[16.42,27.11],[15.65,27.35],[14.75,27.79],[13.96,28.32],[13.14,28.89],[12.53,29.6],[11.84,30.38],[11.84,30.38],[11.64,30.83],[11.56,31.21],[11.12,31.67],[10.96,31.85],[10.46,32.15],[9.86,32.27],[9.18,32.64],[8.5,33.01],[8.18,33.43],[7.88,34.28],[7.96,35.17],[7.91,35.37],[7.49,35.87],[7.07,36.36],[6.58,36.14],[6.3,36.14],[5.92,36.13],[5.28,36.01],[5,35.87],[4.54,35.86],[4.08,35.97],[3.71,36.05],[3.52,36.15],[3.52,36.15],[3.07,36.59],[2.62,37.03],[1.94,37.2],[1.57,37.29],[1.08,37.39],[0.53,37.49],[0.21,37.53]]]}},{"type":"Feature","properties":{"ma":60,"type":"gpml:TopologicalNetwork","name":"Alpine Mesh - East","pid":301,"deforming":true},"geometry":{"type":"Polygon","coordinates":[[[24.3,39.23],[25,39.21],[25.7,39.18],[26.43,39.15],[27.16,39.12],[27.82,39.08],[28.47,39.04],[29.64,38.65],[30.67,38.3],[31.69,37.94],[32.54,37.87],[33.39,37.81],[34.29,37.75],[35.18,37.69],[35.18,37.69],[34.78,37.03],[34.38,36.37],[33.86,35.5],[33.22,34.68],[33.19,34.62],[33.19,34.62],[32.7,34.73],[31.8,34.91],[30.98,34.93],[30.17,34.97],[29.14,34.95],[28.33,34.91],[27.45,34.88],[26.48,34.82],[25.63,34.76],[24.79,34.67],[23.96,34.6],[23.02,34.47],[22.09,34.39],[21.05,34.33],[20.14,34.25],[19.22,34.19],[18.24,34.26],[17.37,34.37],[16.52,34.43],[15.71,34.62],[14.92,34.89],[14.2,35.21],[13.46,35.6],[13.05,36.29],[13.05,36.29],[12.9,36.81],[12.74,37.33],[12.37,37.94],[12.06,38.55],[11.68,39.14],[11.4,39.84],[11.4,40.27],[10.97,40.26],[11.91,40.31],[12.35,40.33],[12.83,40.35],[13.23,40.37],[13.75,40.38],[14.28,40.4],[13.9,40],[13.85,39.58],[14.14,39.38],[14.61,39.18],[15.19,39],[16,38.93],[17.05,38.96],[17.84,38.96],[18.63,38.95],[19.55,38.97],[20.7,39.07],[21.85,39.16],[23.01,39.24],[23.02,39.25],[24.3,39.23]]]}},{"type":"Feature","properties":{"ma":60,"type":"gpml:TopologicalNetwork","name":"Eurasia Mesh","pid":101,"deforming":true},"geometry":{"type":"Polygon","coordinates":[[[24.82,83.13],[25.06,83.13],[25.82,83.17],[26.54,83.2],[27.13,83.22],[28.17,83.26],[32.42,83.64],[37.18,83.97],[45.7,84.22],[54.76,84.33],[63.93,84.29],[72.76,84.11],[79.62,83.51],[85.27,82.84],[89.91,82.1],[93.74,81.33],[95.88,80.4],[97.64,79.45],[100.89,78.75],[100.89,78.75],[96.58,78.81],[93.79,78.93],[90.95,79.01],[88.44,79.55],[85.67,80.06],[82.61,80.55],[78.77,80.9],[74.65,81.21],[70.25,81.47],[64.48,81.78],[58.34,82],[51.94,82.12],[45.42,82.14],[45.42,82.14],[40.05,81.79],[35.16,81.36],[35.16,81.36],[32.08,81.96],[28.52,82.53],[24.39,83.07],[24.39,83.07],[24.82,83.13]]]}},{"type":"Feature","properties":{"ma":60,"type":"gpml:TopologicalClosedPlateBoundary","name":"Australia Ocean Crust during early AUS-ANT opening","pid":802,"deforming":false},"geometry":{"type":"Polygon","coordinates":[[[101.36,-63.26],[99.93,-63.31],[98.11,-62.99],[97.22,-62.81],[96.68,-62.68],[96.68,-62.68],[96.59,-62.31],[96.49,-61.67],[96.49,-61.67],[97.89,-61.8],[99.31,-61.91],[100.73,-62.01],[102.72,-62.05],[104.24,-61.96],[105.97,-61.91],[107.02,-61.92],[108.61,-61.8],[110.13,-61.75],[111.65,-61.68],[113.59,-61.65],[115.53,-61.6],[117.24,-61.37],[118.81,-61.2],[120.46,-61.03],[121.69,-60.94],[122.18,-60.9],[122.96,-60.89],[124.03,-60.99],[124.86,-61.11],[126.23,-61.07],[126.87,-61.04],[127.68,-61],[128.74,-61.02],[129.03,-61.04],[130.64,-61.21],[132.42,-61.49],[133.03,-61.7],[133.82,-61.95],[134.6,-62.18],[135.29,-62.39],[136.11,-62.61],[136.92,-62.84],[137.7,-63.04],[138.62,-63.23],[139.55,-63.45],[140.36,-63.77],[140.79,-63.87],[141.7,-64.13],[142.72,-64.61],[143.79,-65.08],[143.78,-65.08],[142.71,-64.61],[141.68,-64.13],[140.86,-63.9],[140.39,-63.78],[139.55,-63.45],[138.62,-63.23],[137.7,-63.04],[137.07,-62.89],[136.35,-62.69],[135.62,-62.51],[135.19,-62.4],[134.55,-62.22],[133.88,-62.02],[133.51,-61.9],[131.57,-61.62],[129.66,-61.3],[129.41,-61.31],[128.57,-61.39],[127.84,-61.46],[127.34,-61.53],[126.29,-61.68],[126.05,-61.72],[125.32,-61.85],[124.74,-61.95],[124.23,-62.06],[123.2,-62.29],[123.01,-62.34],[121.79,-62.64],[121.68,-62.66],[120.38,-62.91],[120.14,-62.95],[118.57,-63.03],[118.39,-63.02],[116.99,-62.97],[116.15,-62.91],[115.41,-62.85],[114.24,-62.88],[113.83,-62.89],[112.52,-62.94],[112.25,-62.95],[110.87,-63.02],[110.68,-63.03],[109.1,-63.09],[109.01,-63.09],[107.52,-63.04],[107.07,-63.04],[105.93,-63.01],[105.23,-63.06],[104.35,-63.1],[103.7,-63.14],[102.78,-63.2],[101.36,-63.26]]]}},{"type":"Feature","properties":{"ma":60,"type":"gpml:TopologicalClosedPlateBoundary","name":"Australia Ocean Crust during early AUS-ANT opening","pid":801,"deforming":false},"geometry":{"type":"Polygon","coordinates":[[[98.94,-60.82],[99.96,-60.91],[100.65,-60.94],[101.56,-60.98],[102.21,-60.94],[103.17,-60.86],[103.55,-60.84],[104.78,-60.74],[104.85,-60.73],[106.2,-60.59],[106.37,-60.57],[107.71,-60.55],[107.96,-60.54],[109.19,-60.49],[109.55,-60.48],[110.59,-60.42],[111.15,-60.39],[111.72,-60.32],[112.7,-60.17],[112.82,-60.15],[114,-59.93],[114.22,-59.88],[115.66,-59.81],[115.79,-59.8],[117.37,-59.78],[117.63,-59.78],[118.95,-59.78],[119.71,-59.84],[120.53,-59.89],[122.04,-60.21],[123.32,-60.49],[125.15,-60.59],[125.84,-60.61],[126.74,-60.62],[128.02,-60.74],[128.34,-60.77],[129.84,-60.92],[131.35,-61.06],[132.21,-61.38],[133.09,-61.67],[134,-61.96],[134.93,-62.26],[135.84,-62.51],[136.77,-62.78],[137.7,-63.04],[138.62,-63.23],[139.55,-63.45],[140.39,-63.78],[140.93,-63.92],[141.69,-64.13],[142.72,-64.61],[143.79,-65.08],[143.79,-65.08],[142.72,-64.61],[141.7,-64.13],[140.79,-63.87],[140.36,-63.77],[139.55,-63.45],[138.62,-63.23],[137.7,-63.04],[136.92,-62.84],[136.11,-62.61],[135.29,-62.39],[134.6,-62.18],[133.82,-61.95],[133.03,-61.7],[132.42,-61.49],[130.64,-61.21],[129.03,-61.04],[128.74,-61.02],[127.68,-61],[126.87,-61.04],[126.23,-61.07],[124.86,-61.11],[124.03,-60.99],[122.96,-60.89],[122.18,-60.9],[121.69,-60.94],[120.46,-61.03],[118.81,-61.2],[117.24,-61.37],[115.53,-61.6],[113.59,-61.65],[111.65,-61.68],[110.13,-61.75],[108.61,-61.8],[107.02,-61.92],[105.97,-61.91],[104.24,-61.96],[102.72,-62.05],[100.73,-62.01],[99.31,-61.91],[97.89,-61.8],[96.49,-61.67],[96.49,-61.67],[96.51,-61.79],[96.51,-61.79],[95.91,-61.66],[95.91,-61.66],[95.22,-61.14],[94.56,-60.62],[94.32,-60.18],[94.32,-60.18],[95.87,-60.46],[97.4,-60.65],[98.94,-60.82]]]}},{"type":"Feature","properties":{"ma":60,"type":"gpml:TopologicalNetwork","name":"AUSANT_Deforming_Network","pid":802,"deforming":true},"geometry":{"type":"Polygon","coordinates":[[[103.7,-63.14],[104.35,-63.1],[105.23,-63.06],[105.93,-63.01],[107.07,-63.04],[107.52,-63.04],[109.01,-63.09],[109.1,-63.09],[110.68,-63.03],[110.87,-63.02],[112.25,-62.95],[112.52,-62.94],[113.83,-62.89],[114.24,-62.88],[115.41,-62.85],[116.15,-62.91],[116.99,-62.97],[118.39,-63.02],[118.57,-63.03],[120.14,-62.95],[120.38,-62.91],[121.68,-62.66],[121.79,-62.64],[123.01,-62.34],[123.2,-62.29],[124.23,-62.06],[124.74,-61.95],[125.32,-61.85],[126.05,-61.72],[126.29,-61.68],[127.34,-61.53],[127.84,-61.46],[128.57,-61.39],[129.41,-61.31],[129.66,-61.3],[131.57,-61.62],[133.51,-61.9],[133.88,-62.02],[134.55,-62.22],[135.19,-62.4],[135.62,-62.51],[136.35,-62.69],[137.07,-62.89],[137.7,-63.04],[138.62,-63.23],[139.55,-63.45],[140.39,-63.78],[140.86,-63.9],[141.68,-64.13],[142.71,-64.61],[143.78,-65.08],[145.46,-65.39],[146.34,-65.62],[147.42,-65.86],[148.5,-66.11],[149.38,-66.33],[150.96,-66.98],[151.7,-67.16],[152.59,-67.28],[153.64,-67.37],[154.64,-67.45],[156.05,-67.55],[157.13,-67.72],[158.16,-67.92],[159.19,-68.1],[160.68,-68.33],[161.69,-68.58],[162.56,-68.83],[162.88,-68.98],[162.61,-69.49],[161.28,-69.72],[160.49,-69.7],[160.49,-69.7],[159.88,-69.68],[159.88,-69.68],[160.44,-69.85],[161.55,-70.22],[161.99,-70.54],[162.36,-70.8],[163.1,-71.16],[163.96,-71.28],[164.91,-71.36],[164.92,-71.55],[166.45,-72.04],[168.07,-72.52],[169.32,-72.25],[170.46,-72.28],[170.46,-72.28],[172.07,-72.49],[172.93,-72.96],[173.82,-73.42],[174.52,-73.93],[174.52,-73.93],[172.62,-74.63],[170.55,-75.32],[170.55,-75.32],[168.97,-74.89],[167.48,-74.44],[165.82,-73.91],[164.27,-73.36],[162.38,-72.66],[161.49,-71.86],[161.12,-71.13],[159.83,-71.01],[158.95,-70.53],[158.11,-70.05],[156.39,-69.72],[154.61,-69.72],[152.82,-69.71],[151.27,-69.27],[150.11,-68.79],[149,-68.31],[147.84,-67.95],[146.71,-67.58],[145.05,-67.35],[143.42,-67.1],[141.67,-66.92],[139.94,-66.73],[138.71,-66.53],[137.51,-66.32],[135.25,-66.1],[133.62,-66.06],[132.01,-66.01],[130.44,-65.75],[128.9,-65.48],[127.01,-65.39],[125.6,-65.42],[124.18,-65.44],[122.68,-65.51],[121.17,-65.56],[119.37,-65.83],[117.53,-66.09],[115.6,-66.15],[113.67,-66.19],[111.73,-66.21],[110.47,-66.31],[109.2,-66.39],[107.46,-66.48],[105.7,-66.55],[104.4,-66.47],[103.11,-66.38],[101,-66.13],[98.94,-65.85],[98.73,-65.83],[98.73,-65.83],[98.09,-65.06],[97.48,-64.29],[96.91,-63.52],[96.68,-62.68],[96.68,-62.68],[97.22,-62.81],[98.11,-62.99],[99.93,-63.31],[101.36,-63.26],[102.78,-63.2],[103.7,-63.14]]]}},{"type":"Feature","properties":{"ma":60,"type":"gpml:TopologicalNetwork","name":"Deforming Network","pid":801,"deforming":true},"geometry":{"type":"Polygon","coordinates":[[[137.04,-60.89],[139.05,-60.89],[140.1,-60.73],[141.13,-60.56],[142.31,-60.4],[143.63,-60.09],[145.25,-59.95],[146.21,-59.87],[147.37,-59.56],[148.26,-59.28],[149.63,-58.9],[150.78,-58.52],[151.97,-58.16],[151.99,-58.33],[152.08,-59.22],[152.1,-59.48],[151.87,-60.09],[151.64,-60.69],[152.07,-61.34],[152.52,-61.98],[153.08,-62.44],[153.67,-62.89],[154.56,-63.05],[156.03,-63.57],[156.14,-63.62],[157.01,-63.96],[157.91,-64.29],[157.91,-64.29],[157.65,-64.77],[157.32,-64.97],[156.05,-65.52],[154.93,-65.97],[154.17,-66.27],[153.34,-66.57],[151.68,-67.16],[151.68,-67.16],[150.96,-66.98],[149.38,-66.33],[148.5,-66.11],[147.42,-65.86],[146.34,-65.62],[145.46,-65.39],[143.79,-65.08],[142.72,-64.61],[141.69,-64.13],[140.93,-63.92],[140.39,-63.78],[139.55,-63.45],[138.62,-63.23],[137.7,-63.04],[136.77,-62.78],[135.84,-62.51],[134.93,-62.26],[134,-61.96],[133.09,-61.67],[132.21,-61.38],[131.35,-61.06],[129.84,-60.92],[128.34,-60.77],[128.02,-60.74],[126.74,-60.62],[125.84,-60.61],[125.15,-60.59],[123.32,-60.49],[122.04,-60.21],[120.53,-59.89],[119.71,-59.84],[118.95,-59.78],[117.63,-59.78],[117.37,-59.78],[115.79,-59.8],[115.66,-59.81],[114.22,-59.88],[114,-59.93],[112.82,-60.15],[112.7,-60.17],[111.72,-60.32],[111.15,-60.39],[110.59,-60.42],[109.55,-60.48],[109.19,-60.49],[107.96,-60.54],[107.71,-60.55],[106.37,-60.57],[106.2,-60.59],[104.85,-60.73],[104.78,-60.74],[103.55,-60.84],[103.17,-60.86],[102.21,-60.94],[101.56,-60.98],[100.65,-60.94],[99.96,-60.91],[98.94,-60.82],[97.4,-60.65],[95.87,-60.46],[94.32,-60.18],[94.32,-60.18],[93.91,-59.4],[93.52,-58.62],[93.15,-57.83],[93.15,-57.83],[93.31,-57.86],[94.9,-57.59],[95.86,-57.7],[96.83,-57.8],[98.56,-57.65],[100.24,-57.51],[101.55,-57.42],[103.18,-57.47],[104.29,-57.45],[105.39,-57.42],[106.95,-57.31],[108.69,-57.2],[110.2,-57.28],[111.26,-57.11],[112.32,-56.93],[113.43,-56.84],[114.54,-56.73],[115.74,-56.57],[116.93,-56.4],[118.07,-56.18],[119.2,-55.95],[120.77,-55.81],[121.47,-55.67],[122.99,-56],[124.55,-56.3],[125.28,-56.61],[126.02,-56.9],[127.03,-57.26],[128.07,-57.61],[128.86,-57.9],[129.67,-58.17],[130.98,-58.68],[132.13,-59.14],[133.02,-59.56],[134.1,-60.01],[135.33,-60.42],[136.38,-60.66],[136.83,-60.87],[137.04,-60.89]]]}},{"type":"Feature","properties":{"ma":60,"type":"gpml:TopologicalClosedPlateBoundary","name":"LHR Plate Ocean Crust during early AUS-LHR opening","pid":833,"deforming":false},"geometry":{"type":"Polygon","coordinates":[[[167.73,-58.28],[168.9,-59],[170.12,-59.7],[169.88,-59.91],[169.88,-59.91],[170.62,-60.09],[171.32,-60.3],[171.59,-60.43],[171.53,-60.95],[173.27,-61.44],[175.05,-61.9],[176.14,-61.86],[177.26,-61.93],[179.01,-62.08],[179.72,-62.18],[179.72,-62.18],[179.5,-63.08],[179.28,-63.94],[178.49,-64.68],[177.66,-65.4],[176.74,-66.16],[175.77,-66.9],[175.38,-67.21],[175.38,-67.21],[174.7,-67.14],[173.39,-67.12],[172.7,-67.08],[172.22,-67.05],[172.08,-67.55],[170.93,-67.22],[169.82,-66.88],[169.8,-66.74],[168.15,-66.22],[168.47,-66.05],[166.74,-65.5],[165.08,-64.94],[163.5,-64.35],[163.66,-64.27],[163.08,-64.04],[163.92,-63.61],[164.74,-63.17],[164.42,-63.02],[165.24,-62.5],[164.1,-62.11],[162.99,-61.72],[164,-61.12],[162.57,-60.61],[161.19,-60.08],[161.04,-60.19],[159.88,-59.65],[158.75,-59.11],[157.66,-58.55],[156.61,-57.98],[157.36,-57.5],[156.45,-56.9],[155.57,-56.3],[154.72,-55.69],[153.9,-55.08],[154.24,-54.89],[153.86,-54.57],[154.32,-54.34],[154.02,-53.89],[154.38,-53.66],[153.74,-53.09],[154.17,-52.74],[153.87,-52.34],[154.41,-51.95],[154.01,-51.49],[154.07,-51.45],[153.66,-50.91],[153.88,-50.71],[153.22,-49.99],[153.47,-49.73],[153.11,-49.04],[153.34,-48.87],[153.01,-48.58],[153.28,-48.35],[153.09,-48.06],[153.24,-47.89],[152.48,-47.33],[151.74,-46.76],[150.97,-46.15],[150.23,-45.54],[150.23,-45.52],[150.37,-44.98],[150.52,-44.45],[150.54,-43.85],[150.44,-43.08],[150.01,-42.16],[149.65,-41.62],[149.39,-41.15],[149.13,-40.68],[148.93,-40.03],[148.8,-39.51],[148.75,-38.6],[148.56,-38.13],[148.56,-38.13],[149.15,-37.74],[149.15,-37.74],[149.31,-38.14],[149,-38.69],[148.69,-39.25],[148.84,-39.87],[149.08,-40.44],[149.48,-40.55],[149.71,-41.04],[149.95,-41.53],[150.25,-42.14],[150.43,-42.65],[150.6,-43.16],[150.83,-43.79],[151.21,-44.18],[151.74,-44.69],[152.41,-45.19],[153.09,-45.68],[153.36,-46.03],[154.05,-46.91],[154.06,-47.24],[154.08,-47.75],[154.1,-48.25],[154.23,-48.53],[154.48,-49.06],[154.74,-49.58],[154.87,-49.81],[155.19,-50.31],[155.51,-50.82],[155.51,-50.85],[155.38,-51.57],[155.24,-52.28],[155.74,-52.96],[156.25,-53.65],[156.44,-53.81],[156.89,-54.28],[157.34,-54.74],[157.47,-54.88],[158.4,-54.88],[159.32,-54.88],[159.64,-55.03],[160.9,-55.58],[160.96,-55.6],[161.62,-56.15],[162.3,-56.7],[163.3,-56.87],[164.3,-57.02],[165.17,-57.06],[166.09,-57.67],[166.2,-57.71],[167.73,-58.28]]]}},{"type":"Feature","properties":{"ma":60,"type":"gpml:TopologicalClosedPlateBoundary","name":"Australian Plate Ocean Crust during early AUS-LHR opening","pid":801,"deforming":false},"geometry":{"type":"Polygon","coordinates":[[[161.28,-69.72],[162.61,-69.49],[162.88,-68.98],[162.56,-68.83],[161.69,-68.58],[160.68,-68.33],[159.19,-68.1],[158.16,-67.92],[157.13,-67.72],[156.05,-67.55],[154.64,-67.45],[153.64,-67.37],[152.59,-67.28],[151.7,-67.16],[151.68,-67.16],[151.68,-67.16],[153.34,-66.57],[154.17,-66.27],[154.93,-65.97],[156.05,-65.52],[157.32,-64.97],[157.65,-64.77],[157.91,-64.29],[157.91,-64.29],[157.01,-63.96],[156.14,-63.62],[156.03,-63.57],[154.56,-63.05],[153.67,-62.89],[153.09,-62.44],[152.52,-61.98],[152.08,-61.36],[151.66,-60.73],[151.64,-60.69],[151.87,-60.09],[152.1,-59.48],[152.08,-59.22],[151.99,-58.33],[151.97,-58.16],[151.83,-57.59],[151.69,-57.03],[151.64,-56.81],[151.91,-55.86],[152.16,-54.92],[152.34,-54.29],[152.51,-53.66],[152.51,-53.63],[152.57,-53],[152.63,-52.36],[152.55,-52.13],[152.36,-51.6],[152.18,-51.07],[152.22,-50.74],[152.33,-49.77],[152.25,-49.5],[152.1,-48.98],[151.96,-48.47],[151.6,-48.16],[151.38,-47.18],[151.17,-46.19],[150.97,-45.21],[149.86,-45.82],[150.36,-45.03],[150.86,-44.23],[150.42,-43.95],[150.42,-43.1],[149.9,-42.25],[149.56,-41.69],[149,-40.79],[148.68,-40.28],[148.48,-39.84],[148.2,-39.08],[147.95,-38.46],[147.95,-38.46],[148.27,-38.32],[148.56,-38.13],[148.56,-38.13],[148.75,-38.6],[148.8,-39.51],[148.93,-40.03],[149.13,-40.68],[149.39,-41.15],[149.65,-41.62],[150.01,-42.16],[150.44,-43.08],[150.54,-43.85],[150.52,-44.45],[150.37,-44.98],[150.23,-45.52],[150.23,-45.54],[150.97,-46.15],[151.74,-46.76],[152.48,-47.33],[153.24,-47.89],[153.09,-48.06],[153.28,-48.35],[153.01,-48.58],[153.34,-48.87],[153.11,-49.04],[153.47,-49.73],[153.22,-49.99],[153.88,-50.71],[153.66,-50.91],[154.07,-51.45],[154.01,-51.49],[154.41,-51.95],[153.87,-52.34],[154.17,-52.74],[153.74,-53.09],[154.38,-53.66],[154.02,-53.89],[154.32,-54.34],[153.86,-54.57],[154.24,-54.89],[153.9,-55.08],[154.72,-55.69],[155.57,-56.3],[156.45,-56.9],[157.36,-57.5],[156.61,-57.98],[157.66,-58.55],[158.75,-59.11],[159.88,-59.65],[161.04,-60.19],[161.19,-60.08],[162.57,-60.61],[164,-61.12],[162.99,-61.72],[164.1,-62.11],[165.24,-62.5],[164.42,-63.02],[164.74,-63.17],[163.92,-63.61],[163.08,-64.04],[163.66,-64.27],[163.5,-64.35],[165.08,-64.94],[166.74,-65.5],[168.47,-66.05],[168.15,-66.22],[169.8,-66.74],[169.82,-66.88],[170.93,-67.22],[172.08,-67.55],[172.22,-67.05],[172.7,-67.08],[173.39,-67.12],[174.7,-67.14],[176.04,-67.27],[178.11,-67.52],[178.69,-67.61],[178.69,-67.61],[178.66,-68.17],[178.63,-68.74],[178.49,-69.53],[178.34,-70.31],[178.24,-70.9],[178.14,-71.48],[177.79,-72.08],[177.41,-72.69],[176.02,-73.31],[174.52,-73.93],[174.52,-73.93],[173.82,-73.42],[172.93,-72.96],[172.07,-72.49],[170.46,-72.28],[170.46,-72.28],[169.32,-72.25],[168.07,-72.52],[166.45,-72.04],[164.92,-71.55],[164.91,-71.36],[163.96,-71.28],[163.1,-71.16],[162.36,-70.8],[161.99,-70.54],[161.55,-70.22],[160.44,-69.85],[159.88,-69.68],[159.88,-69.68],[160.49,-69.7],[161.28,-69.72]]]}},{"type":"Feature","properties":{"ma":60,"type":"gpml:TopologicalNetwork","name":"LHR_Topo","pid":833,"deforming":true},"geometry":{"type":"MultiPolygon","coordinates":[[[[180,-51.64],[180,-52.56],[180,-53.49],[180,-54.41],[180,-55.34],[180,-56.27],[180,-57.19],[180,-58.12],[180,-59.04],[180,-59.97],[180,-60.9],[180,-61.82],[179.74,-62.11],[179.72,-62.18],[179.72,-62.18],[179.01,-62.08],[178.55,-62.04],[178.55,-62.04],[178.25,-62],[177.29,-61.93],[176.15,-61.86],[175.15,-61.91],[174.04,-62.63],[172.98,-62.37],[171.93,-62.11],[171.74,-61.53],[171.55,-60.95],[171.55,-60.82],[171.59,-60.43],[171.59,-60.43],[171.32,-60.3],[170.62,-60.09],[169.88,-59.91],[169.88,-59.91],[170.12,-59.7],[168.9,-59],[167.73,-58.28],[166.2,-57.71],[166.09,-57.67],[165.17,-57.06],[164.3,-57.02],[163.3,-56.87],[162.3,-56.7],[161.62,-56.15],[160.96,-55.6],[160.9,-55.58],[159.64,-55.03],[159.32,-54.88],[158.4,-54.88],[157.47,-54.88],[157.34,-54.74],[156.89,-54.28],[156.44,-53.81],[156.25,-53.65],[155.74,-52.96],[155.24,-52.28],[155.38,-51.57],[155.51,-50.85],[155.51,-50.82],[155.19,-50.31],[154.87,-49.81],[154.74,-49.58],[154.48,-49.06],[154.23,-48.53],[154.1,-48.25],[154.08,-47.75],[154.06,-47.24],[154.05,-46.91],[153.36,-46.03],[153.09,-45.68],[152.41,-45.19],[151.74,-44.69],[151.21,-44.18],[150.83,-43.79],[150.6,-43.16],[150.43,-42.65],[150.25,-42.14],[149.95,-41.53],[149.71,-41.04],[149.48,-40.55],[149.08,-40.44],[148.84,-39.87],[148.69,-39.25],[149,-38.69],[149.31,-38.14],[149.03,-37.45],[149.35,-37.22],[149.88,-36.59],[150.4,-35.96],[150.4,-35.96],[150.68,-36.16],[151,-36.32],[151.28,-36.49],[151.93,-36.98],[152.47,-37.65],[152.7,-38.51],[152.41,-38.97],[152.09,-39.47],[151.76,-39.96],[152.36,-40.53],[152.28,-41.32],[152.63,-41.71],[153.49,-42.16],[154.28,-41.54],[155.06,-40.92],[155.83,-40.3],[156.58,-39.67],[157.31,-39.04],[158.04,-38.4],[158.97,-38.88],[159.45,-39.31],[159.93,-39.74],[160.5,-40],[161.08,-40.27],[161.96,-40.69],[162.95,-41],[163.99,-41.32],[164.82,-41.47],[165.44,-41.76],[165.6,-42.04],[165.76,-42.22],[165.87,-42.5],[166.21,-43.11],[166.5,-44],[166.89,-44.69],[167.44,-45.44],[167.74,-45.82],[168.1,-46.54],[168.27,-46.79],[168.66,-47.46],[169.49,-47.95],[169.71,-48.34],[169.89,-49.12],[170.14,-49.7],[170.48,-50.06],[170.85,-50.34],[172.23,-50.73],[173,-50.91],[173.83,-51],[174.93,-51.19],[175.1,-51.27],[175.52,-50.98],[176.63,-50.79],[178.17,-50.7],[179.3,-50.68],[180,-50.71],[180,-51.64]]],[[[-180,-60.9],[-180,-59.97],[-180,-59.04],[-180,-58.12],[-180,-57.19],[-180,-56.27],[-180,-55.34],[-180,-54.41],[-180,-53.49],[-180,-52.56],[-180,-51.64],[-180,-50.71],[-179.64,-50.72],[-178.61,-50.98],[-177.98,-51.3],[-177.26,-51.57],[-176.53,-51.83],[-175.14,-52.04],[-174.27,-52.08],[-173.39,-52.12],[-172.48,-52.3],[-171.57,-52.47],[-171.57,-52.47],[-171.45,-53.31],[-171.32,-54.15],[-171.19,-55],[-171.05,-55.84],[-171.75,-56.46],[-172.7,-57.01],[-173.69,-57.55],[-174.7,-58.08],[-175.98,-58.78],[-177.32,-59.46],[-178.15,-60.09],[-179.02,-60.71],[-179.67,-61.45],[-180,-61.82],[-180,-60.9]]]]}},{"type":"Feature","properties":{"ma":60,"type":"gpml:TopologicalNetwork","name":"Coral_Sea_Mesh_2","pid":836,"deforming":true},"geometry":{"type":"Polygon","coordinates":[[[146.37,-35.03],[147.28,-35.42],[147.92,-35.68],[148.57,-35.94],[149.09,-36.15],[149.34,-36.33],[149.63,-36.49],[149.63,-36.49],[149.16,-36.84],[148.68,-37.2],[147.8,-37.63],[146.9,-38.05],[146.9,-38.05],[146.82,-37.78],[146.48,-37.3],[146,-36.91],[145.53,-36.52],[145.26,-36.2],[145.26,-36.2],[144.81,-36],[143.63,-35.83],[142.45,-35.64],[141.51,-35.58],[140.58,-35.51],[140.34,-35.37],[140.34,-35.37],[140,-35.54],[139.52,-35.72],[138.5,-35.79],[138.49,-35.79],[138.49,-35.79],[138.62,-35.87],[138.91,-35.98],[139.28,-36.19],[139.96,-36.37],[140.81,-36.54],[141.6,-36.63],[142.39,-36.71],[143.55,-36.85],[144.38,-36.93],[145.2,-37],[145.8,-37.59],[146.53,-38.11],[146.83,-38.92],[146.83,-38.92],[145.83,-39.33],[145.83,-39.33],[145.59,-38.85],[145.36,-38.36],[144.73,-37.97],[144.12,-37.57],[143.29,-37.51],[142.46,-37.44],[141.54,-37.32],[140.63,-37.19],[139.72,-37.06],[138.67,-36.83],[137.63,-36.59],[136.76,-36.65],[135.89,-36.71],[135.02,-36.76],[134.52,-36.34],[133.86,-35.78],[133.86,-35.78],[134.04,-35.48],[134.47,-35.07],[134.9,-34.66],[135.71,-34.79],[136.52,-34.93],[136.52,-34.93],[136.92,-34.79],[137.37,-34.61],[138.04,-34.29],[138.74,-33.98],[139.57,-34.07],[140.41,-34.15],[141.15,-34.15],[141.77,-34.2],[142.39,-34.24],[143.47,-34.48],[144.56,-34.7],[145.46,-34.64],[146.37,-35.03]]]}},{"type":"Feature","properties":{"ma":60,"type":"gpml:TopologicalNetwork","name":"EllesmereIsland_Deformation_Network","pid":120,"deforming":true},"geometry":{"type":"Polygon","coordinates":[[[-50.79,72.5],[-51.51,72.6],[-53.23,72.94],[-55.01,73.27],[-57.49,73.7],[-59.56,74.17],[-61.75,74.61],[-63.3,74.92],[-64.91,75.21],[-67.46,75.81],[-68.52,76.34],[-69.66,76.85],[-70.47,77.37],[-71.34,77.89],[-72.94,78.74],[-73.78,79.68],[-74.02,80.5],[-69.96,81.2],[-64.46,81.75],[-60.27,81.74],[-56.11,81.69],[-52.26,81.52],[-48.57,81.32],[-44.57,81.09],[-40.79,80.81],[-36.78,80.43],[-33.09,80.01],[-30.13,79.7],[-27.34,79.36],[-23.94,79.15],[-20.68,78.9],[-17.84,78.8],[-15.05,78.67],[-11.18,78.48],[-8.37,78.68],[-5.47,78.85],[-3.05,79.36],[-0.39,79.84],[2.37,80.31],[5.39,80.75],[9.54,81.3],[14.22,81.81],[16.16,82.03],[19.98,82.57],[24.37,83.06],[24.39,83.07],[24.39,83.07],[28.52,82.53],[32.08,81.96],[35.16,81.36],[35.16,81.36],[32.2,81.06],[29.44,80.73],[24.97,80.21],[20.97,79.64],[17.9,79.12],[15.12,78.58],[12.19,78.12],[9.49,77.63],[6.92,77.07],[4.56,76.49],[2.68,76.02],[0.93,75.53],[-0.92,75.08],[-2.66,74.62],[-4.42,73.9],[-3.28,73.14],[-1.92,72.65],[-0.63,72.16],[0.39,71.56],[1.34,70.95],[2.24,70.34],[2.92,69.71],[3.55,69.08],[4.24,68.53],[4.91,67.98],[5.05,67.45],[5.19,66.91],[4.21,66.03],[3.33,65.27],[3.28,65.22],[3.28,65.22],[3.16,65.06],[3.16,65.06],[3.15,65.07],[2.72,65.26],[2.08,65.48],[1.31,65.75],[0.25,66.09],[-0.93,66.49],[-2.11,66.73],[-2.11,66.73],[-1.64,67.14],[-1.01,67.64],[-0.91,68.2],[-2.04,68.89],[-3.25,69.57],[-4.57,70.04],[-5.94,70.49],[-7.62,70.94],[-9.38,71.37],[-10.77,71.63],[-12.21,71.88],[-14.71,72.11],[-14.71,72.11],[-14.76,72.11],[-16.43,72.04],[-17.83,71.92],[-19.53,71.77],[-20.7,71.64],[-22.55,71.37],[-24.27,71.02],[-25.94,70.66],[-27.15,70.46],[-27.68,70.48],[-28.51,70.61],[-29.16,70.71],[-30.5,70.71],[-31.57,70.71],[-32.29,70.49],[-32.86,70.3],[-33.93,70.26],[-34.72,70.23],[-35.04,70.02],[-35.4,69.78],[-35.79,69.51],[-36.3,69.54],[-36.73,69.56],[-37.18,69.59],[-37.84,69.62],[-38.33,69.64],[-38.9,69.66],[-39.25,69.67],[-39.35,69.66],[-39.35,69.66],[-40.54,69.9],[-42.68,70.35],[-44.77,70.88],[-46.98,71.39],[-48.45,71.79],[-50.52,72.37],[-50.79,72.5]]]}},{"type":"Feature","properties":{"ma":60,"type":"gpml:TopologicalClosedPlateBoundary","name":"Africa AFR_060_059","pid":701,"deforming":false},"geometry":{"type":"Polygon","coordinates":[[[-25.23,31.1],[-24.16,30.81],[-23.12,30.63],[-22.09,30.44],[-21.06,30.25],[-20.03,30.04],[-19.01,29.83],[-18,29.61],[-16.98,29.38],[-15.98,29.14],[-14.97,28.9],[-14.79,28.95],[-14.79,28.95],[-14.47,28.85],[-13.38,28.95],[-12.29,29.05],[-11.2,29.14],[-10.1,29.22],[-9,29.29],[-7.9,29.36],[-7,29.51],[-6.1,29.66],[-5.2,29.8],[-5.2,29.8],[-4.32,30.37],[-3.68,30.96],[-3.04,31.55],[-2.38,32.13],[-1.72,32.71],[-1.05,33.28],[-0.31,34.04],[0.45,34.8],[0.45,34.8],[1.42,34.45],[2.38,34.08],[3.34,33.72],[4.29,33.34],[5.33,33.02],[6.37,32.69],[7.4,32.35],[8.42,32.01],[9.43,31.65],[10.44,31.29],[11.44,30.92],[11.64,30.83],[11.64,30.83],[11.64,30.83],[11.84,30.38],[11.84,30.38],[12.53,29.6],[13.14,28.89],[13.96,28.32],[14.75,27.79],[15.65,27.35],[16.42,27.11],[17.19,26.87],[17.85,26.78],[18.52,26.69],[19.08,26.64],[19.64,26.59],[20.54,26.66],[21.13,26.72],[21.73,26.78],[22.6,26.92],[23.47,27.05],[24.17,27.28],[24.88,27.52],[24.88,27.52],[25.5,27.72],[26.13,27.91],[26.98,28.22],[27.64,28.5],[28.51,28.84],[29.53,29.23],[30.48,29.56],[31.05,29.74],[31.63,29.93],[32.22,30.13],[32.82,30.33],[32.82,30.33],[32.75,30.52],[32.64,31.49],[32.52,32.46],[32.69,33.37],[33.04,34.24],[33.04,34.24],[33.93,34.48],[34.88,33.88],[35.29,33.42],[35.71,32.95],[36.32,32.46],[36.92,31.96],[37.51,31.47],[38.24,31.04],[38.96,30.6],[39.67,30.16],[40.62,29.69],[41.55,29.22],[42.26,28.78],[42.95,28.35],[43.59,27.99],[44.23,27.62],[44.7,27.33],[45.17,27.03],[45.92,26.69],[46.66,26.35],[47.4,26.01],[48.16,25.78],[48.93,25.54],[49.69,25.3],[50.69,25.13],[51.68,24.96],[52.68,24.78],[53.67,24.59],[53.67,24.59],[54.41,24.7],[55.16,24.81],[56.05,24.93],[56.96,25.05],[57.86,25.16],[57.86,25.16],[57.61,24.48],[57.37,23.79],[57.03,22.86],[56.7,21.94],[56.37,21.01],[56.04,20.08],[55.65,19.15],[55.26,18.22],[54.88,17.29],[54.54,16.44],[54.2,15.58],[53.86,14.73],[53.48,13.88],[53.1,13.03],[52.72,12.18],[52.35,11.33],[51.97,10.47],[51.6,9.62],[51.25,8.8],[50.9,7.98],[50.55,7.16],[50.2,6.33],[49.86,5.51],[49.51,4.69],[49.13,3.88],[48.75,3.08],[48.37,2.27],[47.99,1.47],[47.62,0.66],[47.24,-0.14],[46.82,-0.91],[46.4,-1.69],[45.98,-2.46],[45.57,-3.23],[45.15,-4],[44.73,-4.77],[44.29,-5.6],[43.86,-6.43],[43.42,-7.26],[42.98,-8.09],[42.54,-8.92],[42.11,-9.58],[42.11,-9.58],[42.75,-10.24],[43.4,-10.9],[44.05,-11.57],[44.7,-12.23],[45.36,-12.88],[46.02,-13.54],[46.68,-14.2],[47.34,-14.85],[48.02,-15.5],[48.69,-16.15],[48.46,-16.84],[48.92,-17.33],[49.38,-17.83],[49.07,-18.46],[49.38,-18.86],[49.02,-19.42],[49.81,-19.92],[49.43,-20.61],[49.05,-21.3],[48.66,-21.99],[49.42,-22.41],[50.18,-22.82],[49.75,-23.51],[49.32,-24.2],[48.89,-24.88],[49.56,-25.37],[50.24,-25.86],[49.66,-26.65],[49.08,-27.45],[48.48,-28.24],[47.88,-29.02],[47.26,-29.81],[46.64,-30.59],[46,-31.37],[45.36,-32.15],[45.94,-32.62],[46.54,-33.09],[47.13,-33.55],[47.13,-33.55],[46.49,-34.32],[45.84,-35.08],[45.18,-35.83],[44.5,-36.59],[43.81,-37.34],[44.68,-38],[44.68,-38],[44.19,-38.46],[44.19,-38.46],[44.19,-38.46],[44.19,-38.46],[43.46,-39.14],[42.71,-39.8],[41.95,-40.47],[41.17,-41.12],[40.38,-41.78],[39.57,-42.42],[38.74,-43.06],[38.77,-43.78],[38.75,-44.61],[38.73,-45.45],[38.71,-46.28],[37.52,-46.52],[37.63,-47.07],[36.76,-47.24],[35.89,-47.4],[35.49,-47.45],[34.54,-47.55],[33.59,-47.64],[33.7,-48.01],[32.72,-48.15],[32.85,-48.63],[31.57,-48.8],[30.28,-48.95],[28.98,-49.1],[29.16,-49.8],[28.19,-49.9],[28.27,-50.57],[27.21,-50.73],[26.15,-50.89],[26.17,-51.22],[25.27,-51.3],[24.94,-52.23],[24.33,-52.58],[23.7,-52.92],[23.37,-53.54],[23.03,-54.16],[22.17,-54.41],[22.12,-54.98],[21.21,-55.27],[21.01,-55.97],[19.82,-56.49],[19.26,-57.35],[18.23,-57.99],[17.17,-58.62],[15.89,-58.74],[14.51,-58.67],[14.39,-59.09],[13.1,-59.11],[13,-59.5],[11.48,-59.45],[11.58,-59.02],[9.79,-58.86],[9.7,-59.11],[8.64,-58.99],[7.6,-58.86],[7.66,-58.76],[6.68,-58.53],[5.69,-58.13],[4.72,-57.73],[3.33,-57.68],[1.94,-57.62],[0.94,-57.54],[-0.06,-57.46],[-0.81,-57.42],[-0.81,-57.42],[-1.56,-58.05],[-2.33,-58.68],[-2.54,-58.65],[-3.2,-59.12],[-3.48,-59.09],[-4.41,-59.74],[-4.41,-59.74],[-5.77,-59.51],[-6.92,-60.01],[-8.11,-60.49],[-8.11,-60.49],[-8.73,-59.75],[-9.33,-59],[-9.9,-58.25],[-10.49,-57.43],[-11.05,-56.61],[-11.85,-55.8],[-12.63,-54.99],[-13.63,-54.45],[-14.61,-53.9],[-15.56,-53.35],[-16.49,-52.78],[-16.49,-52.78],[-16.09,-53.03],[-16.09,-53.03],[-17.4,-53.15],[-18.71,-53.27],[-18.76,-52.74],[-18.81,-52.22],[-19.22,-52.21],[-19.29,-51.63],[-19.35,-51.05],[-20.18,-51.08],[-20.03,-50.47],[-19.89,-49.85],[-20.67,-49.88],[-20.51,-49.1],[-20.36,-48.31],[-21.18,-48.32],[-21.21,-47.57],[-21.23,-46.82],[-20.75,-46.81],[-20.81,-45.83],[-19.92,-45.78],[-20.02,-45.14],[-20.12,-44.5],[-20.75,-44.54],[-20.82,-43.72],[-20.89,-42.9],[-20.95,-42.08],[-21.02,-41.26],[-19.86,-41.17],[-19.72,-40.63],[-19.58,-40.09],[-18.79,-40.02],[-18.65,-39.52],[-18.52,-39.02],[-17.6,-38.93],[-17.48,-38.31],[-16.56,-38.21],[-16.46,-37.77],[-15.67,-37.74],[-14.89,-37.7],[-14.9,-36.82],[-14.9,-35.94],[-14.91,-35.07],[-14.92,-34.19],[-14.37,-34.15],[-14.49,-33.32],[-14.61,-32.49],[-15.21,-32.55],[-15.82,-32.61],[-15.85,-32.04],[-16.64,-32.11],[-17.42,-32.17],[-17.41,-31.76],[-16.28,-31.66],[-16.27,-31],[-15.48,-30.88],[-15.5,-29.95],[-14.96,-29.93],[-14.99,-29.36],[-15.01,-28.8],[-14.08,-28.72],[-14.12,-28.29],[-13.79,-28.29],[-13.81,-27.41],[-12.76,-27.29],[-12.88,-26.36],[-13.45,-26.43],[-14.01,-26.5],[-14.09,-25.6],[-14.16,-24.7],[-14.24,-23.8],[-14.57,-23.79],[-14.78,-22.99],[-14.99,-22.18],[-14.97,-21.5],[-14.95,-20.81],[-15.22,-20.84],[-15.3,-20.24],[-15.84,-20.29],[-16.39,-20.35],[-16.4,-19.48],[-16.42,-18.62],[-16.43,-17.76],[-15.56,-17.67],[-14.69,-17.57],[-14.73,-16.68],[-14.78,-15.79],[-14.83,-14.9],[-14.87,-14.01],[-14.92,-13.12],[-14.12,-13.01],[-13.31,-12.89],[-12.51,-12.77],[-12.78,-11.91],[-13.04,-11.05],[-13.31,-10.19],[-13.57,-9.32],[-12.93,-9.11],[-12.29,-8.9],[-12.29,-8.9],[-12.58,-8.09],[-12.86,-7.28],[-13.14,-6.47],[-13.91,-6.61],[-14.68,-6.74],[-15.45,-6.87],[-15.61,-6.46],[-15.85,-6.5],[-16.05,-5.88],[-16.23,-5.92],[-16.41,-5.2],[-17.33,-5.31],[-18.24,-5.42],[-19.15,-5.52],[-20.06,-5.63],[-20.97,-5.73],[-21.88,-5.84],[-22.79,-5.94],[-23.71,-6.04],[-24.62,-6.14],[-24.79,-5.19],[-24.97,-4.25],[-25.59,-4.26],[-26.22,-4.28],[-26.34,-3.64],[-27.21,-3.66],[-28.09,-3.67],[-28.96,-3.68],[-29.83,-3.7],[-29.9,-2.89],[-30.58,-2.88],[-30.59,-2.07],[-30.61,-1.25],[-30.62,-0.43],[-31.57,-0.4],[-32.51,-0.37],[-32.51,0.47],[-32.5,1.31],[-33.12,1.34],[-33.07,2.33],[-33.93,2.38],[-34.78,2.44],[-34.79,2.79],[-35.45,2.86],[-35.46,3.27],[-36.21,3.37],[-36.19,3.59],[-36.86,3.66],[-37.52,3.73],[-37.5,4.16],[-38.44,4.29],[-39.38,4.42],[-39.32,4.99],[-39.84,5.08],[-39.79,5.65],[-39.99,5.68],[-39.96,6.26],[-40.17,6.29],[-40.12,7],[-41.04,7.17],[-41.96,7.34],[-42.88,7.51],[-42.82,8.05],[-42.75,8.6],[-43.12,8.68],[-43.06,9.13],[-44,9.35],[-44.94,9.57],[-44.9,10.27],[-44.86,10.97],[-44.82,11.67],[-44.82,11.67],[-45.37,11.72],[-45.37,11.72],[-45.3,12.14],[-45.2,12.43],[-45.7,12.59],[-45.32,13.43],[-44.93,14.28],[-44.55,15.12],[-44.15,15.97],[-43.76,16.81],[-43.93,16.89],[-43.62,17.57],[-43.43,17.52],[-43.06,18.25],[-42.69,18.98],[-42.5,18.95],[-42.24,19.45],[-41.99,19.95],[-42.63,20.23],[-43.27,20.51],[-42.78,21.38],[-42.18,21.13],[-41.66,21.81],[-41.14,22.49],[-40.62,23.17],[-40.09,23.85],[-39.55,24.53],[-39.01,25.2],[-38.88,25.17],[-38.61,25.51],[-38.23,25.39],[-37.98,25.69],[-37.8,25.66],[-37.25,26.29],[-37.08,26.24],[-36.52,26.85],[-35.96,27.45],[-35.35,27.26],[-34.92,27.75],[-34.49,28.25],[-33.69,27.97],[-33.07,28.53],[-32.46,28.34],[-31.82,29],[-31.17,29.66],[-30.86,29.56],[-30.17,30.17],[-29.94,30.11],[-29.48,30.54],[-29.02,30.97],[-28.76,30.92],[-28.35,31.28],[-27.93,31.64],[-27.14,31.44],[-26.36,31.24],[-26.3,31.37],[-25.23,31.1]]]}},{"type":"Feature","properties":{"ma":60,"type":"gpml:TopologicalClosedPlateBoundary","name":"Antarctica","pid":802,"deforming":false},"geometry":{"type":"Polygon","coordinates":[[[180,-85.17],[180,-86.14],[180,-87.11],[180,-88.07],[180,-89.03],[180,-90],[-180,-90],[-180,-89.03],[-180,-88.07],[-180,-87.11],[-180,-86.14],[-180,-85.17],[-180,-84.21],[-177.37,-84.34],[-169.47,-84.54],[-161.14,-84.63],[-150.64,-84.59],[-140.63,-84.38],[-140.63,-84.38],[-140.13,-84.31],[-138.44,-83.93],[-137.43,-83.7],[-137.43,-83.7],[-129.5,-83.49],[-125.04,-83.25],[-120.9,-82.98],[-117.83,-82.66],[-115.02,-82.31],[-112.16,-81.74],[-109.66,-81.16],[-106.8,-80.42],[-105.29,-79.87],[-103.94,-79.31],[-102.61,-78.72],[-101.41,-78.12],[-99.89,-77.53],[-98.5,-76.93],[-97.15,-75.98],[-96.5,-75.49],[-95.89,-74.99],[-95.35,-74.01],[-95.11,-73.24],[-95.11,-73.12],[-95.11,-73.12],[-95.73,-72.58],[-97.94,-72.18],[-100.05,-71.76],[-102.06,-71.31],[-103.99,-70.84],[-100.99,-70.72],[-98.53,-70.47],[-97.11,-70.31],[-95.71,-70.14],[-94.44,-69.91],[-92.15,-69.74],[-90.35,-69.63],[-89.01,-69.19],[-87.63,-68.64],[-86.32,-68.08],[-85.04,-67.65],[-83.81,-67.22],[-81.97,-66.55],[-80.74,-65.96],[-79.25,-65.24],[-77.83,-64.47],[-76.35,-64.06],[-75.01,-63.82],[-73.69,-63.58],[-72.59,-63.26],[-71.37,-62.9],[-69.95,-62.57],[-68.65,-62.08],[-67.98,-61.87],[-67.98,-61.87],[-67.81,-61.8],[-66.39,-61.44],[-65.01,-61.06],[-64.73,-60.99],[-64.73,-60.99],[-64.46,-61.1],[-63.96,-61.23],[-63.3,-61.42],[-62.81,-61.54],[-62.37,-61.66],[-62.07,-61.75],[-61.76,-61.82],[-61.48,-61.88],[-61.18,-61.96],[-60.84,-62.06],[-60.14,-62.3],[-59.2,-62.57],[-57.69,-62.9],[-56.19,-63],[-55.87,-63.07],[-55.87,-63.07],[-57.35,-63.68],[-58.75,-64.22],[-60.21,-64.76],[-60.21,-64.76],[-58.52,-65.16],[-56.78,-65.54],[-54.99,-65.9],[-53.14,-66.23],[-51.26,-66.55],[-49.12,-66.58],[-46.98,-66.59],[-45.64,-66.53],[-44.31,-66.45],[-42.69,-66.28],[-40.5,-66.08],[-38.34,-65.86],[-36.23,-65.6],[-34.15,-65.31],[-32.13,-64.99],[-30.25,-64.6],[-28.43,-64.18],[-26.66,-63.74],[-24.95,-63.27],[-23.92,-63.62],[-22.87,-63.96],[-21.48,-63.5],[-20.12,-63.03],[-18.41,-63.63],[-17.22,-63.26],[-16.07,-62.88],[-14.5,-62.34],[-13.55,-61.95],[-12.63,-61.55],[-11.23,-61],[-9.87,-60.43],[-8.71,-60.73],[-8.11,-60.49],[-8.11,-60.49],[-8.11,-60.49],[-8.11,-60.49],[-6.92,-60.01],[-5.77,-59.51],[-4.41,-59.74],[-4.41,-59.74],[-3.48,-59.09],[-3.2,-59.12],[-2.54,-58.65],[-2.33,-58.68],[-1.56,-58.05],[-0.81,-57.42],[-0.81,-57.42],[-0.06,-57.46],[0.94,-57.54],[1.94,-57.62],[3.33,-57.68],[4.72,-57.73],[5.69,-58.13],[6.68,-58.53],[7.66,-58.76],[7.6,-58.86],[8.64,-58.99],[9.7,-59.11],[9.79,-58.86],[11.58,-59.02],[11.48,-59.45],[13,-59.5],[13.1,-59.11],[14.39,-59.09],[14.51,-58.67],[15.89,-58.74],[17.17,-58.62],[18.23,-57.99],[19.26,-57.35],[19.82,-56.49],[21.01,-55.97],[21.21,-55.27],[22.12,-54.98],[22.17,-54.41],[23.03,-54.16],[23.37,-53.54],[23.7,-52.92],[24.33,-52.58],[24.94,-52.23],[25.27,-51.3],[26.17,-51.22],[26.15,-50.89],[27.21,-50.73],[28.27,-50.57],[28.19,-49.9],[29.16,-49.8],[28.98,-49.1],[30.28,-48.95],[31.57,-48.8],[32.85,-48.63],[32.72,-48.15],[33.7,-48.01],[33.59,-47.64],[34.54,-47.55],[35.49,-47.45],[35.89,-47.4],[36.76,-47.24],[37.63,-47.07],[37.52,-46.52],[38.71,-46.28],[38.73,-45.45],[38.75,-44.61],[38.77,-43.78],[38.74,-43.06],[39.57,-42.42],[40.38,-41.78],[41.17,-41.12],[41.95,-40.47],[42.71,-39.8],[43.46,-39.14],[44.19,-38.46],[44.19,-38.46],[45.05,-38.55],[45.64,-38.94],[46.24,-39.34],[45.4,-39.9],[46.3,-40.39],[47.21,-40.88],[48.13,-41.36],[49.07,-41.83],[48.6,-42.61],[49.36,-43.04],[50.13,-43.46],[49.69,-44.03],[49.25,-44.59],[50.17,-45.05],[51.12,-45.51],[50.61,-46.18],[50.29,-46.69],[51.27,-47.18],[52.27,-47.67],[53.28,-48.14],[54.32,-48.61],[54.93,-47.86],[55.53,-47.11],[56.12,-46.36],[56.12,-46.36],[57.13,-46.81],[58.16,-47.24],[59.21,-47.67],[60.28,-48.09],[61.19,-48.49],[62.13,-48.87],[63.19,-49.41],[64.29,-49.93],[65.4,-50.44],[66.54,-50.94],[67.65,-51.44],[68.79,-51.93],[69.96,-52.4],[71.14,-52.86],[72.36,-53.31],[73.6,-53.75],[74.74,-54.39],[75.91,-55.02],[77.12,-55.64],[78.37,-56.24],[79.66,-56.83],[80.71,-57.22],[81.78,-57.6],[82.93,-57.97],[84.1,-58.33],[85.29,-58.67],[86.82,-58.97],[88.38,-59.26],[89.65,-59.48],[90.94,-59.69],[92.49,-60.04],[93.83,-60.62],[94.54,-61.08],[95.27,-61.53],[96.51,-61.79],[96.51,-61.79],[96.59,-62.31],[96.75,-62.91],[96.91,-63.52],[97.48,-64.29],[98.08,-65.05],[98.72,-65.82],[98.72,-65.82],[100.87,-66.11],[103.07,-66.38],[104.38,-66.47],[105.71,-66.54],[107.45,-66.47],[109.18,-66.38],[110.45,-66.3],[111.71,-66.21],[113.66,-66.19],[115.61,-66.15],[117.55,-66.08],[119.35,-65.83],[121.12,-65.56],[122.66,-65.5],[124.2,-65.43],[125.6,-65.42],[127.01,-65.39],[128.9,-65.48],[130.43,-65.75],[132,-66.01],[133.58,-66.06],[135.16,-66.09],[137.51,-66.32],[138.71,-66.53],[139.94,-66.73],[141.67,-66.92],[143.42,-67.1],[145.05,-67.35],[146.71,-67.58],[147.84,-67.95],[149,-68.31],[150.11,-68.79],[151.27,-69.27],[152.82,-69.71],[154.61,-69.72],[156.39,-69.72],[158.11,-70.05],[158.95,-70.53],[159.83,-71.01],[161.12,-71.13],[161.31,-71.52],[161.31,-71.52],[160,-72.09],[158.6,-72.65],[157.56,-73.23],[156.44,-73.8],[155.45,-74.45],[154.39,-75.1],[154.72,-75.8],[155.09,-76.5],[155.11,-76.35],[155.23,-76.48],[155.17,-76.72],[155.24,-77.08],[155.05,-77.5],[154.43,-77.74],[153.93,-78.08],[153.83,-78.2],[153.73,-78.31],[153.63,-78.43],[153.51,-78.44],[153.51,-78.44],[153.33,-79.1],[153.14,-79.76],[154.52,-80.52],[156.15,-81.29],[158.78,-81.91],[161.85,-82.52],[164.29,-82.91],[167.02,-83.29],[168.25,-83.37],[168.25,-83.37],[173.73,-83.82],[180,-84.21],[180,-85.17]]]}},{"type":"Feature","properties":{"ma":60,"type":"gpml:TopologicalClosedPlateBoundary","name":"Australia AUS_061_057","pid":801,"deforming":false},"geometry":{"type":"Polygon","coordinates":[[[136.52,-34.86],[136.56,-34.95],[136.98,-35.51],[137.4,-36.06],[137.86,-36.27],[137.91,-36.18],[138.48,-36.45],[138.57,-36.34],[139.1,-36.57],[139.22,-36.41],[139.32,-36.39],[140.03,-36.68],[140.15,-36.52],[140.99,-36.95],[141.03,-36.98],[141.11,-36.85],[141.77,-37.12],[141.91,-36.94],[142.55,-37.23],[142.77,-36.94],[143.42,-37.25],[144.08,-37.56],[144.19,-37.37],[144.71,-37.66],[144.43,-38.03],[144.83,-38.24],[144.89,-38.18],[145.45,-38.45],[146.01,-38.71],[146.04,-38.64],[146.44,-38.79],[146.51,-38.85],[146.47,-38.99],[146.57,-39.03],[146.57,-39.03],[145.64,-39.4],[145.64,-39.4],[146.14,-39.99],[146.7,-40.72],[147.19,-41.37],[147.98,-41.97],[148.79,-42.52],[149.13,-42.96],[149.28,-43.82],[149.38,-44.47],[148.87,-45.2],[149.18,-45.91],[149.68,-46.83],[149.76,-47.76],[150.21,-48.31],[150.37,-48.97],[150.78,-49.47],[150.78,-50.04],[150.56,-50.58],[150.32,-51.13],[150.4,-51.79],[150.67,-52.61],[150.34,-53.45],[150.03,-54.11],[149.79,-55.05],[149.75,-55.34],[149.64,-55.76],[149.14,-56.53],[149.23,-57.18],[149.31,-57.8],[149.68,-58.4],[150,-58.77],[150,-58.77],[149.63,-58.9],[148.26,-59.28],[147.37,-59.56],[146.21,-59.87],[145.25,-59.95],[143.63,-60.09],[142.31,-60.4],[141.13,-60.56],[140.1,-60.73],[139.05,-60.89],[137.04,-60.89],[137.04,-60.89],[136.83,-60.87],[136.38,-60.66],[135.33,-60.42],[134.1,-60.01],[133.02,-59.56],[132.13,-59.14],[130.98,-58.68],[129.67,-58.17],[128.86,-57.9],[128.07,-57.61],[127.03,-57.26],[126.02,-56.9],[125.28,-56.61],[124.55,-56.3],[122.99,-56],[121.47,-55.67],[120.77,-55.81],[119.2,-55.95],[118.07,-56.18],[116.93,-56.4],[115.74,-56.57],[114.54,-56.73],[113.43,-56.84],[112.32,-56.93],[111.26,-57.11],[110.2,-57.28],[108.69,-57.2],[106.95,-57.31],[105.39,-57.42],[104.29,-57.45],[103.18,-57.47],[101.55,-57.42],[100.24,-57.51],[98.56,-57.65],[96.83,-57.8],[95.86,-57.7],[94.9,-57.59],[93.31,-57.86],[93.15,-57.83],[93.15,-57.83],[93.59,-58.76],[94.06,-59.69],[94.56,-60.62],[95.22,-61.14],[95.91,-61.66],[95.91,-61.66],[95.27,-61.53],[94.54,-61.08],[93.83,-60.62],[92.49,-60.04],[90.94,-59.69],[89.65,-59.48],[88.38,-59.26],[86.82,-58.97],[85.29,-58.67],[84.1,-58.33],[82.93,-57.97],[81.78,-57.6],[80.71,-57.22],[79.66,-56.83],[78.37,-56.24],[77.12,-55.64],[75.91,-55.02],[74.74,-54.39],[73.6,-53.75],[72.36,-53.31],[71.14,-52.86],[69.96,-52.4],[68.79,-51.93],[67.65,-51.44],[66.54,-50.94],[65.4,-50.44],[64.29,-49.93],[63.19,-49.41],[62.13,-48.87],[61.19,-48.49],[60.28,-48.09],[59.21,-47.67],[58.16,-47.24],[57.13,-46.81],[56.12,-46.36],[56.12,-46.36],[56.63,-45.68],[57.13,-44.99],[57.62,-44.3],[58.1,-43.61],[59.17,-44.02],[60.25,-44.41],[61.34,-44.8],[62.45,-45.18],[63.58,-45.54],[64.72,-45.89],[64.72,-45.89],[64.73,-45.88],[65.03,-45.19],[65.33,-44.51],[65.62,-43.82],[66.04,-42.94],[66.45,-42.07],[66.85,-41.19],[67.23,-40.31],[67.61,-39.42],[67.98,-38.54],[68.34,-37.66],[69.02,-37.85],[69.7,-38.05],[70.1,-37.17],[70.5,-36.3],[70.89,-35.42],[71.27,-34.55],[71.64,-33.67],[72.29,-33.79],[72.94,-33.91],[73.29,-33.01],[73.63,-32.11],[74.75,-32.27],[75.88,-32.42],[77.02,-32.56],[77.29,-31.66],[77.55,-30.76],[77.82,-29.86],[78.64,-29.95],[79.46,-30.04],[79.42,-30.2],[80.12,-30.28],[80.38,-29.43],[80.63,-28.59],[80.91,-27.65],[81.18,-26.71],[81.42,-25.96],[81.66,-25.21],[82.65,-25.29],[82.92,-24.52],[83.18,-23.75],[83.44,-22.98],[84.38,-23.13],[85.33,-23.26],[86.29,-23.39],[87.24,-23.52],[87.46,-22.54],[87.67,-21.57],[87.89,-20.59],[88.1,-19.61],[88.3,-18.63],[88.51,-17.66],[89.22,-17.72],[89.94,-17.78],[90.65,-17.84],[90.65,-17.84],[90.81,-17.03],[90.97,-16.21],[91.12,-15.4],[91.32,-14.43],[91.52,-13.46],[91.71,-12.49],[91.91,-11.52],[92.1,-10.55],[92.64,-10.62],[93.19,-10.69],[93.38,-9.99],[93.57,-9.29],[93.76,-8.59],[94.57,-8.61],[95.39,-8.63],[96.03,-8.39],[96.66,-8.16],[97.3,-7.93],[97.3,-7.93],[97.22,-8.88],[97.13,-9.83],[97.13,-9.83],[97.93,-9.8],[98.73,-9.78],[99.53,-9.75],[100.31,-10.05],[101.09,-10.35],[101.87,-10.64],[102.52,-10.88],[103.17,-11.12],[103.82,-11.35],[104.38,-10.65],[104.93,-9.95],[105.48,-9.24],[106.03,-8.54],[106.52,-8.85],[107.11,-8.33],[107.69,-7.81],[108.28,-7.29],[109.24,-7.14],[110.19,-6.98],[111.14,-6.83],[112.1,-6.67],[113.05,-6.52],[114,-6.36],[114.95,-6.2],[115.9,-6.03],[116.85,-5.87],[117.8,-5.7],[117.8,-5.7],[117.54,-6.62],[117.28,-7.53],[117.02,-8.44],[116.75,-9.36],[116.49,-10.27],[116.22,-11.18],[115.95,-12.1],[115.68,-12.9],[115.41,-13.71],[115.13,-14.51],[114.86,-15.32],[114.58,-16.12],[114.3,-16.93],[114.3,-16.93],[114.82,-17.51],[115.35,-18.1],[115.89,-18.68],[116.59,-19.19],[117.31,-19.71],[118.02,-20.22],[118.74,-20.72],[119.42,-21.13],[120.1,-21.54],[120.79,-21.95],[121.69,-22.15],[122.58,-22.34],[123.49,-22.53],[124.39,-22.71],[125.29,-22.89],[126.22,-23.05],[127.14,-23.2],[128.22,-23.32],[129.29,-23.43],[130.22,-23.68],[131.14,-23.93],[132.02,-24.11],[132.91,-24.29],[133.79,-24.46],[134.68,-24.62],[135.31,-24.93],[135.94,-25.23],[136.75,-25.84],[137.21,-26.29],[138.04,-26.73],[138.88,-27.17],[139.47,-27.02],[140.07,-26.87],[140.49,-26.71],[140.49,-26.71],[140.16,-27.34],[139.82,-27.97],[139.48,-28.6],[139.14,-29.31],[138.79,-30.02],[138.44,-30.73],[138.13,-31.42],[137.83,-32.1],[137.69,-32.69],[137.54,-33.28],[137.19,-33.85],[136.83,-34.43],[136.52,-34.86]]]}},{"type":"Feature","properties":{"ma":60,"type":"gpml:TopologicalClosedPlateBoundary","name":"India","pid":501,"deforming":false},"geometry":{"type":"Polygon","coordinates":[[[64.72,-45.89],[63.58,-45.54],[62.45,-45.18],[61.34,-44.8],[60.25,-44.41],[59.17,-44.02],[58.1,-43.61],[57.51,-44.45],[56.91,-45.29],[56.29,-46.12],[55.66,-46.96],[55,-47.78],[54.32,-48.61],[53.28,-48.14],[52.27,-47.67],[51.27,-47.18],[50.29,-46.69],[50.61,-46.18],[51.12,-45.51],[50.17,-45.05],[49.25,-44.59],[49.69,-44.03],[50.13,-43.46],[49.36,-43.04],[48.6,-42.61],[49.07,-41.83],[48.13,-41.36],[47.21,-40.88],[46.3,-40.39],[45.4,-39.9],[46.24,-39.34],[45.64,-38.94],[45.05,-38.55],[44.19,-38.46],[44.19,-38.46],[44.68,-38],[44.68,-38],[43.81,-37.34],[44.5,-36.59],[45.18,-35.83],[45.84,-35.08],[46.49,-34.32],[47.13,-33.55],[47.13,-33.55],[46.54,-33.09],[45.94,-32.62],[45.36,-32.15],[46,-31.37],[46.64,-30.59],[47.26,-29.81],[47.88,-29.02],[48.48,-28.24],[49.08,-27.45],[49.66,-26.65],[50.24,-25.86],[49.56,-25.37],[48.89,-24.88],[49.32,-24.2],[49.75,-23.51],[50.18,-22.82],[49.42,-22.41],[48.66,-21.99],[49.05,-21.3],[49.43,-20.61],[49.81,-19.92],[49.02,-19.42],[49.38,-18.86],[49.07,-18.46],[49.38,-17.83],[48.92,-17.33],[48.46,-16.84],[48.69,-16.15],[48.02,-15.5],[47.34,-14.85],[46.68,-14.2],[46.02,-13.54],[45.36,-12.88],[44.7,-12.23],[44.05,-11.57],[43.4,-10.9],[42.75,-10.24],[42.11,-9.58],[42.11,-9.58],[42.54,-8.92],[42.98,-8.09],[43.42,-7.26],[43.86,-6.43],[44.29,-5.6],[44.73,-4.77],[45.15,-4],[45.57,-3.23],[45.98,-2.46],[46.4,-1.69],[46.82,-0.91],[47.24,-0.14],[47.62,0.66],[47.99,1.47],[48.37,2.27],[48.75,3.08],[49.13,3.88],[49.51,4.69],[49.86,5.51],[50.2,6.33],[50.55,7.16],[50.9,7.98],[51.25,8.8],[51.6,9.62],[51.88,10.27],[52.16,10.91],[52.45,11.56],[52.45,11.56],[52.99,11.16],[53.84,10.79],[54.69,10.42],[55.53,10.05],[56.35,9.72],[57.17,9.39],[57.98,9.05],[58.84,8.79],[59.7,8.53],[60.55,8.27],[61.51,8.05],[62.46,7.83],[63.42,7.61],[64.37,7.39],[65.36,7.22],[66.35,7.05],[67.34,6.88],[68.33,6.7],[69.28,6.73],[70.23,6.75],[71.18,6.77],[72.14,6.78],[73.09,6.8],[74.04,6.81],[74.94,6.92],[75.84,7.04],[76.74,7.14],[77.64,7.25],[78.54,7.36],[79.33,7.57],[80.12,7.79],[80.91,8],[81.57,8.26],[82.23,8.53],[82.89,8.79],[82.89,8.79],[83.09,9.62],[83.29,10.45],[83.49,11.28],[83.7,12.11],[83.9,12.94],[84.05,13.86],[84.05,13.86],[84.34,13.24],[84.79,12.63],[85.23,12.02],[85.67,11.41],[86.34,10.85],[87,10.29],[87.66,9.72],[88.32,9.15],[89.13,8.69],[89.94,8.22],[90.74,7.75],[91.49,7.4],[92.24,7.05],[92.98,6.7],[93.74,6.21],[94.5,5.71],[95.26,5.21],[96.02,4.71],[96.73,4.32],[97.44,3.94],[98.15,3.55],[98.15,3.55],[98.08,2.57],[98.01,1.59],[97.94,0.62],[97.87,-0.36],[97.8,-1.34],[97.73,-2.32],[97.66,-3.29],[97.59,-4.27],[97.52,-5.25],[97.45,-6.23],[97.37,-7.08],[97.3,-7.93],[97.3,-7.93],[96.66,-8.16],[96.03,-8.39],[95.39,-8.63],[94.57,-8.61],[93.76,-8.59],[93.57,-9.29],[93.38,-9.99],[93.19,-10.69],[92.64,-10.62],[92.1,-10.55],[91.91,-11.52],[91.71,-12.49],[91.52,-13.46],[91.32,-14.43],[91.12,-15.4],[90.97,-16.21],[90.81,-17.03],[90.65,-17.84],[90.65,-17.84],[89.94,-17.78],[89.22,-17.72],[88.51,-17.66],[88.3,-18.63],[88.1,-19.61],[87.89,-20.59],[87.67,-21.57],[87.46,-22.54],[87.24,-23.52],[86.29,-23.39],[85.33,-23.26],[84.38,-23.13],[83.44,-22.98],[83.18,-23.75],[82.92,-24.52],[82.65,-25.29],[81.66,-25.21],[81.42,-25.96],[81.18,-26.71],[80.91,-27.65],[80.63,-28.59],[80.38,-29.43],[80.12,-30.28],[79.42,-30.2],[79.46,-30.04],[78.64,-29.95],[77.82,-29.86],[77.55,-30.76],[77.29,-31.66],[77.02,-32.56],[75.88,-32.42],[74.75,-32.27],[73.63,-32.11],[73.29,-33.01],[72.94,-33.91],[72.29,-33.79],[71.64,-33.67],[71.27,-34.55],[70.89,-35.42],[70.5,-36.3],[70.1,-37.17],[69.7,-38.05],[69.02,-37.85],[68.34,-37.66],[67.98,-38.54],[67.61,-39.42],[67.23,-40.31],[66.85,-41.19],[66.45,-42.07],[66.04,-42.94],[65.62,-43.82],[65.33,-44.51],[65.03,-45.19],[64.73,-45.88],[64.72,-45.89]]]}},{"type":"Feature","properties":{"ma":60,"type":"gpml:TopologicalClosedPlateBoundary","name":"NE Siberia","pid":409,"deforming":false},"geometry":{"type":"MultiPolygon","coordinates":[[[[180,77.36],[180,76.44],[180,75.51],[180,74.59],[180,73.67],[180,72.74],[180,71.82],[180,70.9],[180,69.97],[180,69.05],[180,68.13],[180,67.2],[180,66.28],[179.4,66.33],[177.36,66.78],[175.25,67.19],[173.59,67.43],[171.89,67.65],[170.17,67.86],[168.61,67.49],[167.1,67.12],[165.64,66.72],[163.83,66.04],[163.83,66.04],[163.06,66.3],[162.06,66.64],[161.63,67.44],[161.17,68.25],[161.28,68.56],[161.28,68.56],[159.98,69.03],[158.63,69.49],[156.18,69.8],[153.66,70.07],[151.08,70.3],[148.44,70.5],[146.98,71.05],[145.44,71.6],[143.81,72.12],[143.7,72.81],[143.6,73.49],[143.48,74.18],[145.29,74.77],[147.25,75.36],[149.37,75.92],[151.65,76.46],[152.01,77.16],[152.42,77.85],[152.87,78.55],[152.87,78.55],[149.67,78.26],[145.02,78.35],[140.33,78.36],[135.66,78.3],[131.06,78.17],[126.59,77.96],[122.3,77.68],[120.91,77.34],[118.89,77.85],[116.7,78.35],[114.32,78.83],[110.31,79.48],[110.31,79.48],[111.98,79.56],[117.32,79.59],[122.65,79.53],[127.87,79.39],[132.92,79.16],[137.23,79.16],[141.51,79.1],[145.73,78.99],[149.84,78.81],[154.39,78.91],[158.99,78.94],[163.59,78.89],[168.12,78.78],[172.19,78.67],[176.16,78.5],[180,78.28],[180,77.36]]],[[[-180,67.2],[-180,68.13],[-180,69.05],[-180,69.97],[-180,70.9],[-180,71.82],[-180,72.74],[-180,73.67],[-180,74.59],[-180,75.51],[-180,76.44],[-180,77.36],[-180,78.28],[-175.8,77.97],[-173.02,77.65],[-170.38,77.3],[-167.89,76.93],[-165.03,76.4],[-162.38,75.84],[-159.93,75.25],[-157.67,74.64],[-157.23,73.72],[-156.84,72.79],[-156.49,71.87],[-156.17,70.94],[-155.88,70.01],[-156.44,69.13],[-156.96,68.25],[-157.44,67.36],[-157.89,66.48],[-158.18,65.81],[-158.45,65.13],[-158.45,65.13],[-160.31,65.04],[-162.16,64.92],[-163.99,64.78],[-165.82,64.91],[-167.66,65.02],[-169.51,65.11],[-171.38,65.17],[-173.46,65.49],[-175.6,65.79],[-177.78,66.05],[-180,66.28],[-180,67.2]]]]}},{"type":"Feature","properties":{"ma":60,"type":"gpml:TopologicalClosedPlateBoundary","name":"Pacific","pid":901,"deforming":false},"geometry":{"type":"MultiPolygon","coordinates":[[[[180,-62.76],[180,-63.7],[180,-64.64],[180,-65.58],[180,-66.52],[180,-67.45],[180,-68.39],[180,-69.33],[180,-70.27],[180,-71.21],[178.2,-71.15],[178.2,-71.15],[178.34,-70.31],[178.49,-69.53],[178.63,-68.74],[178.66,-68.17],[178.69,-67.61],[178.69,-67.61],[178.11,-67.52],[176.04,-67.27],[175.38,-67.21],[175.38,-67.21],[175.77,-66.9],[176.74,-66.16],[177.66,-65.4],[178.49,-64.68],[179.28,-63.94],[179.5,-63.08],[179.74,-62.11],[180,-61.82],[180,-62.76]]],[[[180,65.28],[180,64.28],[180,63.29],[180,62.29],[180,61.3],[180,60.3],[180,59.3],[180,58.31],[180,57.31],[180,56.31],[180,55.32],[180,54.32],[180,53.32],[180,52.33],[180,51.33],[180,50.33],[180,49.34],[180,48.34],[180,47.34],[180,46.35],[180,45.35],[180,44.35],[180,43.36],[180,42.36],[180,41.36],[180,40.37],[180,39.37],[180,38.37],[180,37.38],[180,36.38],[180,35.38],[180,34.39],[180,33.39],[180,32.39],[180,31.4],[180,30.4],[180,29.4],[180,28.41],[180,27.41],[180,26.41],[180,25.42],[180,24.42],[180,23.42],[180,22.43],[180,21.43],[180,20.43],[180,19.44],[180,18.44],[180,17.45],[180,16.45],[180,15.45],[180,14.46],[180,13.46],[180,12.46],[180,11.47],[180,10.47],[180,9.47],[180,8.48],[180,7.48],[180,6.48],[180,5.49],[180,4.49],[180,3.49],[180,2.5],[180,1.5],[180,0.5],[180,-0.49],[180,-1.49],[180,-2.49],[180,-3.48],[180,-4.48],[180,-5.48],[180,-6.47],[180,-7.47],[180,-8.47],[180,-9.46],[180,-10.46],[180,-11.46],[180,-12.45],[180,-13.45],[180,-14.45],[180,-15.44],[180,-16.44],[180,-17.44],[180,-18.43],[180,-19.43],[180,-20.43],[180,-21.42],[180,-22.42],[180,-23.42],[180,-24.41],[180,-25.41],[180,-26.41],[180,-27.4],[180,-28.4],[180,-29.39],[180,-30.39],[180,-31.39],[180,-32.38],[180,-33.38],[180,-34.38],[180,-35.37],[180,-36.37],[180,-37.37],[180,-38.36],[180,-39.36],[180,-40.36],[180,-41.35],[180,-42.35],[180,-43.35],[180,-44.34],[180,-45.34],[180,-46.34],[180,-47.33],[179.39,-47.24],[178.08,-47.1],[178.04,-47.1],[178.04,-47.1],[178,-47.09],[176.97,-46.91],[175.84,-46.8],[174.57,-46.54],[174.06,-46.38],[173.91,-46.27],[173.28,-45.49],[173.11,-45.22],[172.84,-44.75],[172.68,-44.45],[172.49,-44.24],[172.3,-44.02],[172.09,-43.8],[171.88,-43.59],[171.63,-43.35],[171.47,-43.23],[171.28,-42.96],[171.16,-42.77],[171.01,-42.59],[170.64,-42.32],[170.45,-42.17],[170.43,-42.15],[170.43,-42.15],[170.44,-42.1],[170.34,-41.55],[170.18,-41.03],[170.03,-40.52],[169.78,-39.57],[169.86,-39.04],[170,-38.56],[170.02,-38.04],[169.64,-37.21],[169.08,-36.66],[168.66,-36.1],[168.2,-35.64],[167.49,-34.93],[166.72,-34.31],[166.15,-33.83],[165.56,-33.46],[164.88,-33.11],[164.26,-32.66],[163.84,-32.44],[163.41,-32.15],[162.85,-31.78],[162.28,-31.5],[161.49,-31.04],[161.09,-30.7],[160.52,-30.16],[160.09,-29.7],[159.69,-29.05],[159.35,-28.6],[159.22,-28.31],[159.09,-27.99],[159.09,-27.99],[159.09,-27.99],[158.63,-27.8],[158.27,-27.37],[157.73,-27.09],[157.19,-26.76],[156.57,-26.49],[156.14,-26.22],[156.13,-26.22],[156.13,-26.22],[155.82,-25.9],[155.13,-25.62],[154.54,-25.52],[153.94,-25.41],[153.4,-24.98],[152.77,-24.83],[152.14,-24.68],[151.38,-24.33],[150.62,-23.97],[149.82,-23.92],[149.01,-23.85],[148.44,-23.65],[147.86,-23.44],[147.44,-23.02],[147.03,-22.59],[146.6,-22.08],[146.18,-21.56],[145.58,-21.13],[144.99,-20.69],[144.4,-20.25],[143.94,-19.92],[143.48,-19.57],[143.48,-19.57],[143.73,-18.65],[143.98,-17.73],[144.23,-16.81],[144.47,-15.89],[144.71,-14.97],[144.88,-14.06],[145.04,-13.16],[145.2,-12.25],[145.36,-11.34],[145.52,-10.44],[145.68,-9.53],[145.68,-9.53],[145.6,-8.71],[145.52,-7.9],[145.44,-7.08],[145.36,-6.26],[145.28,-5.45],[145.21,-4.61],[145.14,-3.78],[145.07,-2.94],[144.99,-2.11],[144.8,-1.17],[144.62,-0.24],[144.43,0.69],[144.24,1.62],[144.04,2.34],[143.85,3.05],[143.66,3.77],[143.66,3.77],[143.19,4.45],[142.73,5.14],[142.31,5.93],[141.88,6.72],[141.46,7.51],[141.03,8.29],[140.6,9.08],[140.17,9.87],[139.74,10.66],[139.14,11.39],[138.53,12.12],[137.92,12.85],[137.31,13.58],[136.69,14.3],[136.15,15.03],[135.61,15.75],[135.07,16.48],[135.07,16.48],[134.43,17.03],[133.79,17.58],[133.15,18.14],[132.4,18.83],[131.65,19.52],[130.88,20.2],[130.11,20.88],[129.33,21.56],[128.55,22.24],[127.76,22.91],[126.96,23.57],[126.15,24.24],[126.15,24.24],[125.53,24.81],[126.22,25.5],[126.91,26.19],[127.61,26.87],[128.32,27.54],[129.04,28.22],[129.77,28.89],[130.51,29.55],[131.25,30.22],[132.01,30.87],[132.78,31.53],[133.56,32.17],[132.82,32.79],[132.07,33.4],[131.31,34.01],[130.53,34.62],[129.75,35.21],[130.49,35.9],[131.24,36.58],[132,37.25],[132.78,37.92],[133.57,38.59],[134.38,39.25],[135.2,39.9],[136.04,40.55],[136.9,41.19],[137.77,41.83],[138.66,42.45],[138.21,42.14],[139.07,42.74],[139.93,43.32],[140.82,43.9],[140.19,44.44],[139.56,44.98],[140.55,45.6],[141.56,46.21],[142.59,46.81],[143.64,47.41],[144.72,47.99],[145.83,48.56],[146.96,49.12],[148.11,49.67],[149.29,50.21],[150.5,50.73],[151.73,51.25],[152.99,51.75],[154.28,52.23],[153.53,52.94],[152.75,53.63],[151.95,54.32],[151.13,55.01],[150.27,55.69],[149.38,56.36],[150.72,56.88],[152.09,57.39],[153.51,57.88],[154.96,58.35],[154.07,59.09],[153.13,59.82],[152.16,60.55],[151.15,61.27],[150.08,61.99],[151.63,62.34],[153.21,62.67],[154.83,62.99],[156.49,63.29],[158.21,63.84],[159.99,64.36],[161.31,64.97],[162.69,65.57],[164.13,66.15],[165.64,66.72],[167.1,67.12],[168.61,67.49],[170.17,67.86],[171.89,67.65],[173.59,67.43],[175.25,67.19],[177.36,66.78],[179.4,66.33],[180,66.28],[180,65.28]]],[[[-180,-46.34],[-180,-45.34],[-180,-44.34],[-180,-43.35],[-180,-42.35],[-180,-41.35],[-180,-40.36],[-180,-39.36],[-180,-38.36],[-180,-37.37],[-180,-36.37],[-180,-35.37],[-180,-34.38],[-180,-33.38],[-180,-32.38],[-180,-31.39],[-180,-30.39],[-180,-29.39],[-180,-28.4],[-180,-27.4],[-180,-26.41],[-180,-25.41],[-180,-24.41],[-180,-23.42],[-180,-22.42],[-180,-21.42],[-180,-20.43],[-180,-19.43],[-180,-18.43],[-180,-17.44],[-180,-16.44],[-180,-15.44],[-180,-14.45],[-180,-13.45],[-180,-12.45],[-180,-11.46],[-180,-10.46],[-180,-9.46],[-180,-8.47],[-180,-7.47],[-180,-6.47],[-180,-5.48],[-180,-4.48],[-180,-3.48],[-180,-2.49],[-180,-1.49],[-180,-0.49],[-180,0.5],[-180,1.5],[-180,2.5],[-180,3.49],[-180,4.49],[-180,5.49],[-180,6.48],[-180,7.48],[-180,8.48],[-180,9.47],[-180,10.47],[-180,11.47],[-180,12.46],[-180,13.46],[-180,14.46],[-180,15.45],[-180,16.45],[-180,17.45],[-180,18.44],[-180,19.44],[-180,20.43],[-180,21.43],[-180,22.43],[-180,23.42],[-180,24.42],[-180,25.42],[-180,26.41],[-180,27.41],[-180,28.41],[-180,29.4],[-180,30.4],[-180,31.4],[-180,32.39],[-180,33.39],[-180,34.39],[-180,35.38],[-180,36.38],[-180,37.38],[-180,38.37],[-180,39.37],[-180,40.37],[-180,41.36],[-180,42.36],[-180,43.36],[-180,44.35],[-180,45.35],[-180,46.35],[-180,47.34],[-180,48.34],[-180,49.34],[-180,50.33],[-180,51.33],[-180,52.33],[-180,53.32],[-180,54.32],[-180,55.32],[-180,56.31],[-180,57.31],[-180,58.31],[-180,59.3],[-180,60.3],[-180,61.3],[-180,62.29],[-180,63.29],[-180,64.28],[-180,65.28],[-180,66.28],[-177.78,66.05],[-175.6,65.79],[-173.46,65.49],[-171.38,65.17],[-169.15,65.09],[-166.94,64.98],[-164.75,64.83],[-164.75,64.83],[-164.61,64.26],[-164.47,63.68],[-164.08,62.72],[-163.71,61.76],[-163.36,60.79],[-163.03,59.83],[-162.73,58.87],[-162.44,57.9],[-162.16,56.94],[-161.9,55.97],[-161.65,55],[-161.22,54.16],[-160.82,53.32],[-160.42,52.48],[-160.05,51.64],[-159.68,50.79],[-159.33,50.01],[-158.99,49.22],[-158.67,48.44],[-158.35,47.65],[-158.04,46.86],[-157.54,45.94],[-157.05,45],[-156.58,44.07],[-156.13,43.14],[-155.69,42.2],[-155.26,41.26],[-154.95,40.45],[-154.64,39.63],[-154.34,38.81],[-154.05,38],[-153.77,37.18],[-153.48,36.52],[-153.19,35.87],[-152.91,35.21],[-152.91,35.21],[-152.27,35.21],[-151.63,35.21],[-151.65,36.12],[-150.5,36.11],[-149.34,36.1],[-148.19,36.07],[-147.12,36.05],[-146.05,36.02],[-144.98,35.98],[-143.91,35.94],[-143.85,36.66],[-143.79,37.38],[-143.73,38.1],[-142.61,38.09],[-141.48,38.08],[-140.35,38.05],[-139.22,38.01],[-138.1,37.96],[-136.97,37.9],[-135.85,37.83],[-134.73,37.74],[-133.77,37.59],[-132.82,37.43],[-132.82,37.43],[-132.48,36.62],[-132.08,35.73],[-131.7,34.85],[-131.36,34.01],[-131.03,33.18],[-130.71,32.34],[-130.4,31.51],[-130.09,30.67],[-129.78,29.83],[-130.64,29.56],[-131.5,29.28],[-132.35,29],[-132.01,28.05],[-131.68,27.1],[-131.36,26.15],[-130.52,26.36],[-130.33,25.81],[-129.38,26.07],[-128.43,26.32],[-127.48,26.57],[-126.52,26.81],[-125.51,26.97],[-124.49,27.13],[-123.48,27.28],[-122.46,27.42],[-121.44,27.55],[-121.44,27.55],[-121.24,26.91],[-121.04,26.27],[-120.54,26.38],[-120.36,25.73],[-120.18,25.08],[-119.33,25.31],[-118.47,25.53],[-118.2,24.61],[-117.93,23.7],[-117.66,22.79],[-117.39,21.88],[-117.61,21.82],[-117.35,21],[-117.09,20.17],[-116.84,19.35],[-117.79,19.08],[-118.73,18.8],[-119.68,18.52],[-120.62,18.24],[-121.56,17.95],[-122.49,17.66],[-123.42,17.36],[-123.17,16.47],[-122.91,15.58],[-122.66,14.68],[-122.41,13.78],[-122.16,12.89],[-121.92,11.99],[-121.67,11.1],[-121.43,10.2],[-120.46,10.47],[-119.49,10.74],[-118.52,11.01],[-117.54,11.27],[-116.57,11.53],[-115.59,11.79],[-114.61,12.04],[-114.33,11.12],[-114.05,10.2],[-114.39,10.08],[-114.12,9.2],[-113.85,8.31],[-113.57,7.42],[-113.3,6.53],[-113.03,5.64],[-112.76,4.75],[-112.5,3.86],[-112.5,3.86],[-112.5,3.86],[-113.4,3.6],[-114.3,3.34],[-115.2,3.09],[-116.09,2.83],[-116.99,2.57],[-117.89,2.31],[-117.63,1.39],[-117.36,0.47],[-117.1,-0.45],[-117.72,-0.61],[-117.46,-1.51],[-117.21,-2.42],[-116.95,-3.32],[-116.7,-4.22],[-116.44,-5.12],[-116.18,-6.02],[-115.93,-6.92],[-115.67,-7.82],[-116.46,-8.07],[-117.26,-8.32],[-118.05,-8.56],[-118.85,-8.8],[-119.65,-9.04],[-119.39,-9.97],[-119.12,-10.91],[-118.85,-11.84],[-118.58,-12.78],[-118.31,-13.71],[-118.03,-14.64],[-117.76,-15.57],[-117.48,-16.5],[-117.19,-17.44],[-117.19,-17.44],[-116.53,-17.23],[-115.87,-17.02],[-115.2,-16.81],[-114.89,-17.65],[-114.58,-18.49],[-114.26,-19.33],[-113.95,-20.17],[-113.62,-21.01],[-113.3,-21.85],[-112.97,-22.68],[-112.63,-23.52],[-112.29,-24.36],[-113.22,-24.67],[-114.15,-24.97],[-115.08,-25.26],[-116.02,-25.55],[-116.97,-25.84],[-117.91,-26.11],[-118.87,-26.38],[-118.5,-27.29],[-118.13,-28.19],[-117.76,-29.1],[-117.37,-30],[-116.98,-30.9],[-116.59,-31.8],[-116.18,-32.7],[-115.77,-33.6],[-115.35,-34.49],[-114.92,-35.39],[-115.8,-35.66],[-116.69,-35.93],[-117.59,-36.19],[-117.12,-37.08],[-116.65,-37.97],[-116.16,-38.86],[-115.67,-39.75],[-115.15,-40.64],[-114.63,-41.52],[-114.09,-42.4],[-113.53,-43.28],[-112.96,-44.16],[-112.37,-45.03],[-111.77,-45.9],[-111.14,-46.77],[-111.74,-47.2],[-112.36,-47.64],[-111.41,-48.35],[-110.43,-49.05],[-109.43,-49.74],[-108.4,-50.43],[-107.33,-51.11],[-106.24,-51.77],[-105.11,-52.43],[-103.95,-53.07],[-102.79,-53.77],[-101.59,-54.45],[-100.34,-55.12],[-99.06,-55.78],[-98.01,-56.15],[-96.94,-56.51],[-96.94,-56.51],[-97.38,-56.9],[-97.79,-57.66],[-98.21,-58.42],[-98.64,-59.17],[-99.1,-59.92],[-99.11,-59.93],[-99.11,-59.93],[-100.87,-59.54],[-101.72,-60.23],[-102.62,-60.91],[-103.55,-61.58],[-104.53,-62.24],[-105.55,-62.9],[-107.39,-62.52],[-109.18,-62.11],[-110.92,-61.68],[-112.62,-61.23],[-114.26,-60.76],[-115.61,-60.49],[-116.94,-60.21],[-116.94,-60.21],[-117.82,-60.84],[-118.73,-61.46],[-120.49,-60.94],[-122.2,-60.39],[-123.84,-59.83],[-125.43,-59.24],[-126.33,-60.03],[-127.26,-60.8],[-128.25,-61.57],[-129.28,-62.33],[-127.62,-62.87],[-128.54,-63.34],[-129.49,-63.81],[-130.98,-63.31],[-132.41,-62.79],[-132.94,-62.99],[-134.28,-62.57],[-135.59,-62.14],[-136.97,-62.78],[-138.42,-63.4],[-139.93,-64.01],[-141.51,-64.6],[-143.15,-65.18],[-144.87,-65.73],[-146.66,-66.27],[-145.66,-66.8],[-145.66,-66.8],[-145.95,-66.87],[-148.03,-67.4],[-150.21,-67.89],[-152.47,-68.36],[-154.83,-68.79],[-157.28,-69.19],[-159.81,-69.55],[-160.19,-69.24],[-162.04,-69.44],[-163.93,-69.62],[-163.65,-70],[-165.15,-70.1],[-166.66,-70.18],[-166.5,-70.53],[-168.04,-70.61],[-169.6,-70.68],[-169.77,-70.41],[-171.82,-70.49],[-173.89,-70.55],[-173.85,-71.29],[-176.93,-71.27],[-180,-71.21],[-180,-70.27],[-180,-69.33],[-180,-68.39],[-180,-67.45],[-180,-66.52],[-180,-65.58],[-180,-64.64],[-180,-63.7],[-180,-62.76],[-180,-61.82],[-179.67,-61.45],[-179.02,-60.71],[-178.15,-60.09],[-177.32,-59.46],[-175.98,-58.78],[-174.7,-58.08],[-173.69,-57.55],[-172.7,-57.01],[-171.75,-56.46],[-171.05,-55.84],[-171.21,-54.87],[-171.36,-53.9],[-171.5,-52.93],[-171.64,-51.96],[-172.15,-51.27],[-172.64,-50.59],[-172.64,-50.59],[-172.71,-50.57],[-173.49,-50.15],[-174.32,-49.77],[-175.07,-49.46],[-175.84,-49.12],[-176.7,-48.63],[-177.71,-48.06],[-178.5,-47.71],[-179.15,-47.52],[-179.82,-47.36],[-180,-47.33],[-180,-46.34]]]]}},{"type":"Feature","properties":{"ma":60,"type":"gpml:TopologicalClosedPlateBoundary","name":"SAM","pid":201,"deforming":false},"geometry":{"type":"Polygon","coordinates":[[[-44.82,11.67],[-44.86,10.97],[-44.9,10.27],[-44.94,9.57],[-44,9.35],[-43.06,9.13],[-43.12,8.68],[-42.75,8.6],[-42.82,8.05],[-42.88,7.51],[-41.96,7.34],[-41.04,7.17],[-40.12,7],[-40.17,6.29],[-39.96,6.26],[-39.99,5.68],[-39.79,5.65],[-39.84,5.08],[-39.32,4.99],[-39.38,4.42],[-38.44,4.29],[-37.5,4.16],[-37.52,3.73],[-36.86,3.66],[-36.19,3.59],[-36.21,3.37],[-35.46,3.27],[-35.45,2.86],[-34.79,2.79],[-34.78,2.44],[-33.93,2.38],[-33.07,2.33],[-33.12,1.34],[-32.5,1.31],[-32.51,0.47],[-32.51,-0.37],[-31.57,-0.4],[-30.62,-0.43],[-30.61,-1.25],[-30.59,-2.07],[-30.58,-2.88],[-29.9,-2.89],[-29.83,-3.7],[-28.96,-3.68],[-28.09,-3.67],[-27.21,-3.66],[-26.34,-3.64],[-26.22,-4.28],[-25.59,-4.26],[-24.97,-4.25],[-24.79,-5.19],[-24.62,-6.14],[-23.71,-6.04],[-22.79,-5.94],[-21.88,-5.84],[-20.97,-5.73],[-20.06,-5.63],[-19.15,-5.52],[-18.24,-5.42],[-17.33,-5.31],[-16.41,-5.2],[-16.23,-5.92],[-16.05,-5.88],[-15.85,-6.5],[-15.61,-6.46],[-15.45,-6.87],[-14.68,-6.74],[-13.91,-6.61],[-13.14,-6.47],[-12.86,-7.28],[-12.58,-8.09],[-12.29,-8.9],[-12.29,-8.9],[-12.93,-9.11],[-13.57,-9.32],[-13.31,-10.19],[-13.04,-11.05],[-12.78,-11.91],[-12.51,-12.77],[-13.31,-12.89],[-14.12,-13.01],[-14.92,-13.12],[-14.87,-14.01],[-14.83,-14.9],[-14.78,-15.79],[-14.73,-16.68],[-14.69,-17.57],[-15.56,-17.67],[-16.43,-17.76],[-16.42,-18.62],[-16.4,-19.48],[-16.39,-20.35],[-15.84,-20.29],[-15.3,-20.24],[-15.22,-20.84],[-14.95,-20.81],[-14.97,-21.5],[-14.99,-22.18],[-14.78,-22.99],[-14.57,-23.79],[-14.24,-23.8],[-14.16,-24.7],[-14.09,-25.6],[-14.01,-26.5],[-13.45,-26.43],[-12.88,-26.36],[-12.76,-27.29],[-13.81,-27.41],[-13.79,-28.29],[-14.12,-28.29],[-14.08,-28.72],[-15.01,-28.8],[-14.99,-29.36],[-14.96,-29.93],[-15.5,-29.95],[-15.48,-30.88],[-16.27,-31],[-16.28,-31.66],[-17.41,-31.76],[-17.42,-32.17],[-16.64,-32.11],[-15.85,-32.04],[-15.82,-32.61],[-15.21,-32.55],[-14.61,-32.49],[-14.49,-33.32],[-14.37,-34.15],[-14.92,-34.19],[-14.91,-35.07],[-14.9,-35.94],[-14.9,-36.82],[-14.89,-37.7],[-15.67,-37.74],[-16.46,-37.77],[-16.56,-38.21],[-17.48,-38.31],[-17.6,-38.93],[-18.52,-39.02],[-18.65,-39.52],[-18.79,-40.02],[-19.58,-40.09],[-19.72,-40.63],[-19.86,-41.17],[-21.02,-41.26],[-20.95,-42.08],[-20.89,-42.9],[-20.82,-43.72],[-20.75,-44.54],[-20.12,-44.5],[-20.02,-45.14],[-19.92,-45.78],[-20.81,-45.83],[-20.75,-46.81],[-21.23,-46.82],[-21.21,-47.57],[-21.18,-48.32],[-20.36,-48.31],[-20.51,-49.1],[-20.67,-49.88],[-19.89,-49.85],[-20.03,-50.47],[-20.18,-51.08],[-19.35,-51.05],[-19.29,-51.63],[-19.22,-52.21],[-18.81,-52.22],[-18.76,-52.74],[-18.71,-53.27],[-17.4,-53.15],[-16.09,-53.03],[-16.09,-53.03],[-14.97,-53.69],[-13.82,-54.35],[-12.63,-54.99],[-11.85,-55.8],[-11.05,-56.61],[-10.49,-57.43],[-9.9,-58.25],[-9.33,-59],[-8.73,-59.75],[-8.11,-60.49],[-8.11,-60.49],[-8.71,-60.73],[-9.87,-60.43],[-11.23,-61],[-12.63,-61.55],[-13.55,-61.95],[-14.5,-62.34],[-16.07,-62.88],[-17.22,-63.26],[-18.41,-63.63],[-20.12,-63.03],[-21.48,-63.5],[-22.87,-63.96],[-23.92,-63.62],[-24.95,-63.27],[-26.66,-63.74],[-28.43,-64.18],[-30.25,-64.6],[-32.13,-64.99],[-34.15,-65.31],[-36.23,-65.6],[-38.34,-65.86],[-40.5,-66.08],[-42.69,-66.28],[-44.31,-66.45],[-45.64,-66.53],[-46.98,-66.59],[-49.12,-66.58],[-51.26,-66.55],[-53.14,-66.23],[-54.99,-65.9],[-56.78,-65.54],[-58.52,-65.16],[-60.21,-64.76],[-60.21,-64.76],[-58.75,-64.22],[-57.35,-63.68],[-55.87,-63.07],[-55.87,-63.07],[-56.19,-63],[-57.69,-62.9],[-59.2,-62.57],[-60.14,-62.3],[-60.84,-62.06],[-61.18,-61.96],[-61.48,-61.88],[-61.76,-61.82],[-62.07,-61.75],[-62.37,-61.66],[-62.81,-61.54],[-63.3,-61.42],[-63.96,-61.23],[-64.46,-61.1],[-64.93,-60.91],[-65.12,-60.81],[-65.31,-60.72],[-65.61,-60.59],[-65.86,-60.47],[-66.22,-60.31],[-66.57,-60.13],[-66.89,-59.98],[-67.22,-59.83],[-67.51,-59.68],[-67.69,-59.57],[-68.17,-59.3],[-68.79,-58.89],[-69.14,-58.65],[-69.43,-58.27],[-69.46,-58.21],[-69.56,-57.84],[-69.59,-57.47],[-69.61,-57.09],[-69.63,-56.76],[-69.63,-56.6],[-69.69,-56.28],[-69.88,-55.89],[-70.04,-55.52],[-70.13,-55.18],[-70.22,-54.88],[-70.24,-54.63],[-70.29,-54.3],[-70.31,-53.94],[-70.2,-53.5],[-70,-53.15],[-69.85,-52.93],[-69.69,-52.68],[-69.49,-52.38],[-69.16,-51.92],[-68.85,-51.52],[-68.63,-51.18],[-68.48,-50.85],[-68.51,-50.41],[-68.51,-50.13],[-68.5,-49.89],[-68.49,-49.82],[-68.45,-49.56],[-68.39,-49.25],[-68.31,-48.89],[-68.23,-48.59],[-68.13,-48.26],[-68.02,-47.9],[-67.95,-47.64],[-67.76,-46.98],[-67.64,-46.56],[-67.52,-46.15],[-67.39,-45.78],[-67.21,-45.26],[-67.11,-44.97],[-66.99,-44.5],[-66.92,-44.22],[-66.83,-43.85],[-66.62,-43.56],[-66.37,-42.98],[-66.31,-42.5],[-66.17,-42.07],[-65.86,-41.35],[-65.55,-40.63],[-65.36,-39.72],[-65.18,-38.8],[-65.01,-37.89],[-64.83,-36.97],[-64.67,-36.06],[-64.76,-35.27],[-64.85,-34.48],[-64.93,-33.68],[-65.02,-32.89],[-65.16,-32.08],[-65.3,-31.27],[-65.44,-30.45],[-65.58,-29.64],[-65.72,-28.83],[-65.73,-27.93],[-65.75,-27.03],[-65.96,-26.32],[-66.17,-25.77],[-66.3,-25.23],[-66.64,-24.54],[-66.85,-24.05],[-67.06,-23.55],[-67.8,-22.92],[-68.14,-22.28],[-68.48,-21.65],[-68.82,-21.02],[-69.22,-20.27],[-69.62,-19.53],[-70.02,-18.78],[-70.31,-17.96],[-70.61,-17.15],[-70.9,-16.33],[-71.19,-15.52],[-71.47,-14.7],[-71.76,-13.89],[-72.02,-13.05],[-72.27,-12.22],[-72.53,-11.39],[-72.39,-10.62],[-72.26,-9.86],[-72.12,-9.09],[-71.99,-8.32],[-71.99,-8.32],[-71.89,-7.73],[-71.79,-7.14],[-71.74,-6.86],[-71.71,-6.6],[-71.65,-6.32],[-71.58,-5.95],[-71.54,-5.74],[-71.5,-5.5],[-71.37,-5.11],[-71.26,-4.77],[-71.13,-4.49],[-70.92,-4.05],[-70.78,-3.7],[-70.61,-3.39],[-70.42,-2.99],[-70.18,-2.65],[-69.97,-2.33],[-69.81,-2.12],[-69.55,-1.79],[-69.25,-1.42],[-68.98,-1.11],[-68.74,-0.91],[-68.51,-0.6],[-68.34,-0.44],[-68.29,-0.15],[-68,0.28],[-67.71,0.71],[-67.96,1.44],[-68.21,2.17],[-68.19,2.8],[-68.17,3.43],[-67.64,4.09],[-67.11,4.74],[-66.58,5.41],[-66.05,6.08],[-65.52,6.75],[-64.59,6.97],[-63.66,7.19],[-63.66,7.19],[-63.39,8.05],[-63.28,8.59],[-63.16,9.14],[-63.18,9.8],[-63.2,10.45],[-63.61,11.15],[-63.87,12.05],[-64.13,12.46],[-64.13,12.46],[-64.13,12.62],[-64.2,13.59],[-64.27,14.56],[-64.33,14.66],[-64.33,14.66],[-63.63,15.15],[-62.93,15.63],[-62.23,16.11],[-61.53,16.59],[-61.53,16.59],[-60.82,15.89],[-60.13,15.2],[-59.43,14.5],[-58.89,13.87],[-58.35,13.24],[-57.82,12.6],[-57.25,11.96],[-56.69,11.31],[-56.12,10.66],[-55.67,10.16],[-55.67,10.16],[-55.25,10.65],[-54.83,11.13],[-54.38,11.63],[-53.92,12.13],[-53.47,12.63],[-52.78,13.25],[-52.24,13.72],[-52.01,13.91],[-52.01,13.91],[-51.5,13.56],[-50.99,13.2],[-50.32,12.81],[-49.65,12.41],[-48.98,12.01],[-48.15,11.95],[-47.31,11.88],[-46.48,11.81],[-45.65,11.74],[-44.82,11.67]]]}},{"type":"Feature","properties":{"ma":60,"type":"gpml:TopologicalClosedPlateBoundary","name":"Proto South China Sea","pid":727,"deforming":false},"geometry":{"type":"Polygon","coordinates":[[[112.24,20.72],[113.01,21.3],[113.78,21.88],[114.55,22.45],[114.48,23.14],[114.4,23.82],[115.17,24.35],[115.95,24.87],[116.73,25.39],[117.53,25.9],[118.32,26.41],[119.13,26.92],[119.94,27.42],[120.52,27.85],[121.11,28.28],[121.11,28.28],[121.29,27.33],[121.46,26.38],[121.64,25.42],[121.81,24.46],[121.98,23.51],[122.14,22.55],[122.1,21.63],[122.07,20.7],[122.03,19.77],[121.99,18.84],[121.99,18.84],[121.18,18.25],[120.37,17.66],[119.57,17.06],[118.71,16.82],[117.85,16.58],[116.99,16.34],[116.13,16.09],[115.51,15.87],[114.89,15.64],[114.23,14.95],[113.57,14.25],[112.86,13.57],[112.16,12.89],[111.47,12.21],[110.89,11.59],[110.32,10.96],[109.74,10.33],[108.89,9.8],[108.89,9.8],[108.55,10.42],[108.21,11.04],[107.59,11.72],[106.97,12.4],[106.57,12.84],[106.18,13.28],[105.85,13.7],[105.52,14.12],[105.13,14.78],[105.13,14.78],[105.94,15.29],[106.75,15.8],[107.56,16.31],[108.38,16.82],[109.21,17.32],[109.25,17.76],[110.11,18.34],[110.97,18.92],[111.84,19.49],[112.71,20.05],[112.24,20.72]]]}},{"type":"Feature","properties":{"ma":60,"type":"gpml:TopologicalClosedPlateBoundary","name":"Kohistan-Ladakh back-arc","pid":529,"deforming":false},"geometry":{"type":"Polygon","coordinates":[[[52.45,11.56],[52.8,12.35],[53.15,13.14],[53.5,13.94],[53.86,14.73],[54.2,15.58],[54.54,16.44],[54.88,17.29],[55.26,18.22],[55.65,19.15],[56.04,20.08],[56.37,21.01],[56.7,21.94],[57.03,22.86],[57.37,23.79],[57.66,24.61],[57.95,25.43],[57.95,25.43],[58.67,25.2],[59.38,24.97],[60.28,24.6],[61.18,24.23],[62.07,23.84],[62.91,23.52],[63.75,23.18],[64.58,22.85],[65.41,22.51],[66.23,22.16],[66.79,21.67],[67.35,21.18],[67.9,20.69],[68.81,20.35],[69.71,20.01],[70.61,19.66],[71.5,19.31],[72.39,18.95],[73.42,18.83],[74.44,18.7],[75.47,18.56],[76.49,18.42],[77.41,18.55],[78.33,18.68],[79.25,18.8],[80.11,19.01],[80.97,19.22],[81.83,19.42],[82.59,19.33],[83.22,19],[84.09,18.68],[84.96,18.36],[84.96,18.36],[84.64,17.48],[84.49,16.57],[84.34,15.66],[84.19,14.76],[84.05,13.85],[83.9,12.94],[83.7,12.11],[83.49,11.28],[83.29,10.45],[83.09,9.62],[82.89,8.79],[82.89,8.79],[82.23,8.53],[81.57,8.26],[80.91,8],[80.12,7.79],[79.33,7.57],[78.54,7.36],[77.64,7.25],[76.74,7.14],[75.84,7.04],[74.94,6.92],[74.04,6.81],[73.09,6.8],[72.14,6.78],[71.18,6.77],[70.23,6.75],[69.28,6.73],[68.33,6.7],[67.34,6.88],[66.35,7.05],[65.36,7.22],[64.37,7.39],[63.42,7.61],[62.46,7.83],[61.51,8.05],[60.55,8.27],[59.7,8.53],[58.84,8.79],[57.98,9.05],[57.17,9.39],[56.35,9.72],[55.53,10.05],[54.69,10.42],[53.84,10.79],[52.99,11.16],[52.45,11.56]]]}},{"type":"Feature","properties":{"ma":60,"type":"gpml:TopologicalClosedPlateBoundary","name":"Porcupine Plate","pid":317,"deforming":false},"geometry":{"type":"Polygon","coordinates":[[[-13.74,40.22],[-13.87,40.03],[-13.88,39.96],[-13.88,39.96],[-13.85,39.96],[-13.02,39.67],[-12.36,39.44],[-12.16,39.23],[-12.09,39],[-12.05,38.83],[-12.09,38.67],[-12.11,38.5],[-12.21,38.36],[-12.25,38.3],[-12.25,38.3],[-12.69,38.37],[-13.8,38.54],[-14.92,38.71],[-14.92,38.71],[-15.45,38.69],[-16.31,38.66],[-17.15,38.8],[-17.94,38.77],[-18.63,38.8],[-19.61,38.7],[-20.59,38.59],[-21.26,38.59],[-21.92,38.59],[-21.92,38.59],[-22.1,39.04],[-22.47,39.85],[-22.85,40.65],[-23.06,41.51],[-23.29,42.36],[-23.62,42.85],[-23.98,43.35],[-24.35,43.85],[-24.61,44.46],[-25.15,44.95],[-25.71,45.44],[-25.87,45.55],[-25.87,45.55],[-24.65,45.77],[-24.13,45.91],[-23.35,46.04],[-22.77,46.07],[-22.01,45.62],[-21.55,45.19],[-21.1,44.67],[-20.71,44.18],[-20.26,43.59],[-19.86,43.06],[-19.31,42.54],[-18.77,42.02],[-17.71,41.72],[-16.67,41.41],[-15.63,41.09],[-14.67,40.69],[-13.72,40.27],[-13.74,40.22]]]}},{"type":"Feature","properties":{"ma":60,"type":"gpml:TopologicalClosedPlateBoundary","name":"Greenland","pid":102,"deforming":false},"geometry":{"type":"Polygon","coordinates":[[[-2.24,66.76],[-2.24,66.76],[-2.38,66.63],[-2.61,66.32],[-3.11,65.91],[-3.67,65.47],[-4.07,65.07],[-4.47,64.73],[-4.78,64.33],[-5.12,63.95],[-5.27,63.69],[-5.84,63.41],[-6.44,63.32],[-6.77,63.07],[-7.35,62.86],[-7.81,62.59],[-8.37,62.37],[-8.7,62.06],[-8.83,61.74],[-9.1,61.4],[-9.35,61.08],[-9.62,60.68],[-9.98,60.38],[-10.14,60.09],[-10.53,59.85],[-10.42,59.63],[-10.35,59.32],[-10.19,59.06],[-10.21,58.85],[-10.33,58.46],[-10.7,58.22],[-11.28,58],[-11.88,57.71],[-12.37,57.54],[-12.92,57.4],[-13.55,57.32],[-14.2,57.15],[-14.89,57.04],[-15.19,56.88],[-15.77,56.7],[-16.34,56.6],[-16.84,56.47],[-17.46,56.35],[-17.98,56],[-18.49,55.78],[-19.03,55.58],[-19.41,55.5],[-19.9,55.36],[-20.28,55.12],[-20.81,54.95],[-21.18,54.74],[-21.55,54.5],[-21.91,54.44],[-22.33,54.29],[-22.79,54.02],[-23.24,53.62],[-23.79,53.31],[-24.43,52.94],[-25.01,52.62],[-25.44,52.37],[-25.56,51.94],[-25.83,51.63],[-26.14,51.23],[-26.54,50.81],[-26.71,50.47],[-27.07,50.2],[-27.53,49.73],[-27.98,49.26],[-27.98,49.26],[-27.7,48.96],[-27.42,48.88],[-27.26,48.72],[-27.16,48.6],[-27.15,48.48],[-27.15,48.48],[-27.41,48.46],[-28.24,48.48],[-28.84,48.38],[-29.56,48.35],[-30.57,48.26],[-30.57,48.26],[-30.61,48.3],[-31.1,49.03],[-31.8,49.28],[-32.51,49.53],[-33.58,50.11],[-34.2,50.97],[-34.45,51.6],[-34.71,52.22],[-35.54,52.8],[-36.39,53.38],[-37.33,53.97],[-38.29,54.55],[-38.47,55.18],[-38.66,55.81],[-38.16,56.49],[-37.64,57.16],[-37.02,57.74],[-36.38,58.31],[-35.86,58.82],[-35.32,59.33],[-34.69,59.85],[-34.03,60.36],[-33.78,60.93],[-33.53,61.51],[-33.63,62.22],[-33.73,62.93],[-33.85,63.64],[-34.01,64.54],[-34.19,65.45],[-34.57,66.19],[-34.96,66.93],[-35.62,67.4],[-36.3,67.88],[-36.8,68.6],[-37.33,69.33],[-37.07,69.58],[-37.07,69.58],[-36.73,69.56],[-36.3,69.54],[-35.79,69.51],[-35.4,69.78],[-35.04,70.02],[-34.72,70.23],[-33.93,70.26],[-32.86,70.3],[-32.29,70.49],[-31.57,70.71],[-30.5,70.71],[-29.16,70.71],[-28.51,70.61],[-27.68,70.48],[-27.15,70.46],[-25.94,70.66],[-24.27,71.02],[-22.55,71.37],[-20.7,71.64],[-19.53,71.77],[-17.83,71.92],[-16.43,72.04],[-14.76,72.11],[-14.71,72.11],[-14.71,72.11],[-12.21,71.88],[-10.77,71.63],[-9.38,71.37],[-7.62,70.94],[-5.94,70.49],[-4.57,70.04],[-3.25,69.57],[-2.04,68.89],[-0.91,68.2],[-1.01,67.64],[-1.64,67.14],[-2.11,66.73],[-2.24,66.76]]]}},{"type":"Feature","properties":{"ma":60,"type":"gpml:TopologicalClosedPlateBoundary","name":"Western half of South Loyalty Basin","pid":833,"deforming":false},"geometry":{"type":"MultiPolygon","coordinates":[[[[180,-50.02],[180,-50.71],[179.3,-50.68],[178.17,-50.7],[176.63,-50.79],[175.52,-50.98],[175.1,-51.27],[174.93,-51.19],[173.83,-51],[173,-50.91],[172.23,-50.73],[170.85,-50.34],[170.48,-50.06],[170.14,-49.7],[169.89,-49.12],[169.71,-48.34],[169.49,-47.95],[168.66,-47.46],[168.27,-46.79],[168.1,-46.54],[167.74,-45.82],[167.44,-45.44],[166.89,-44.69],[166.5,-44],[166.21,-43.11],[165.87,-42.5],[165.76,-42.22],[165.6,-42.04],[165.44,-41.76],[164.82,-41.47],[163.99,-41.32],[162.95,-41],[161.96,-40.69],[161.08,-40.27],[160.5,-40],[159.93,-39.74],[159.45,-39.31],[158.97,-38.88],[158.04,-38.4],[157.31,-39.04],[156.58,-39.67],[155.83,-40.3],[155.06,-40.92],[154.28,-41.54],[153.49,-42.16],[152.63,-41.71],[152.28,-41.32],[152.36,-40.53],[151.76,-39.96],[152.09,-39.47],[152.41,-38.97],[152.7,-38.51],[152.47,-37.65],[151.93,-36.98],[151.28,-36.49],[151,-36.32],[150.68,-36.16],[150.3,-35.89],[150.13,-35.77],[150.4,-35.6],[150.42,-35.32],[151.28,-34.68],[151.12,-34.13],[150.88,-33.67],[151.43,-33.02],[151.98,-32.36],[151.98,-32.36],[152.55,-32.72],[153.13,-33.09],[152.88,-33.35],[153.75,-33.87],[154.64,-34.38],[154.25,-34.79],[154.99,-35.24],[155.74,-35.67],[156.5,-36.11],[157.27,-36.54],[156.96,-36.86],[157.72,-37.24],[158.49,-37.61],[158.96,-37.11],[159.42,-36.61],[159.42,-36.61],[160.16,-37.07],[160.92,-37.52],[161.68,-37.97],[161.83,-37.8],[162.68,-38.38],[163.55,-38.95],[163.72,-38.77],[164.5,-39.07],[165.28,-39.37],[166.06,-39.66],[166.22,-39.5],[166.68,-39.8],[166.68,-39.8],[167.03,-40.47],[167.38,-41.14],[167.46,-41.12],[167.74,-41.84],[168.03,-42.57],[167.93,-42.61],[168.37,-43.35],[168.83,-44.08],[168.94,-44.2],[169.36,-44.82],[169.99,-45.63],[170.07,-45.57],[170.65,-46.17],[170.72,-46.12],[171.03,-46.5],[170.97,-46.57],[171.34,-47.18],[171.71,-47.79],[172.05,-48.13],[172.13,-48.45],[173.43,-48.83],[173.5,-48.72],[174.28,-48.88],[175.06,-49.03],[175.59,-49.1],[175.59,-49.1],[175.68,-48.88],[176.48,-49],[177.29,-49.13],[178.42,-49.27],[179.56,-49.4],[179.66,-49.26],[180,-49.33],[180,-50.02]]],[[[-180,-50.02],[-180,-49.33],[-179,-49.55],[-179.03,-49.69],[-178.52,-49.81],[-178.59,-49.93],[-177.76,-50.3],[-176.91,-50.66],[-176.84,-50.57],[-175.82,-50.85],[-174.78,-51.12],[-173.63,-51.41],[-172.71,-51.6],[-171.78,-51.78],[-171.78,-51.78],[-171.64,-51.96],[-171.57,-52.47],[-171.57,-52.47],[-172.48,-52.3],[-173.39,-52.12],[-174.27,-52.08],[-175.14,-52.04],[-176.53,-51.83],[-177.26,-51.57],[-177.98,-51.3],[-178.61,-50.98],[-179.64,-50.72],[-180,-50.71],[-180,-50.02]]]]}},{"type":"Feature","properties":{"ma":60,"type":"gpml:TopologicalClosedPlateBoundary","name":"Izanagi IZA_060_056","pid":926,"deforming":false},"geometry":{"type":"Polygon","coordinates":[[[121.14,28.09],[121.04,28.65],[120.93,29.21],[120.69,30.03],[120.44,30.84],[120.44,30.84],[120.99,31.54],[121.37,32.23],[121.75,32.91],[122.14,33.59],[122.4,34.14],[122.67,34.68],[122.67,34.68],[122.97,34.96],[123.54,35.6],[124.11,36.23],[124.7,36.86],[125.21,37.43],[125.74,38],[126.23,38.61],[126.74,39.21],[127.25,39.81],[127.92,40.62],[128.62,41.32],[128.97,41.78],[129.32,42.25],[129.85,42.91],[130.39,43.58],[130.89,44.28],[131.4,44.97],[131.87,45.67],[132.35,46.36],[132.99,47.2],[133.66,48.05],[134.04,48.59],[134.44,49.13],[134.89,49.85],[135.35,50.57],[135.88,51.39],[136.42,52.2],[136.94,52.99],[137.48,53.78],[137.89,54.5],[138.32,55.21],[138.67,56.03],[139.03,56.86],[139.41,57.68],[139.81,58.5],[139.87,58.65],[139.87,58.65],[141.02,59.03],[142.2,59.41],[143.65,59.95],[145.14,60.48],[146.68,60.99],[148.28,61.48],[149.92,61.95],[150.08,61.99],[150.08,61.99],[151.15,61.27],[152.16,60.55],[153.13,59.82],[154.07,59.09],[154.96,58.35],[153.51,57.88],[152.09,57.39],[150.72,56.88],[149.38,56.36],[150.27,55.69],[151.13,55.01],[151.95,54.32],[152.75,53.63],[153.53,52.94],[154.28,52.23],[152.99,51.75],[151.73,51.25],[150.5,50.73],[149.29,50.21],[148.11,49.67],[146.96,49.12],[145.83,48.56],[144.72,47.99],[143.64,47.41],[142.59,46.81],[141.56,46.21],[140.55,45.6],[139.56,44.98],[140.19,44.44],[140.82,43.9],[139.93,43.32],[139.07,42.74],[138.21,42.14],[138.66,42.45],[137.77,41.83],[136.9,41.19],[136.04,40.55],[135.2,39.9],[134.38,39.25],[133.57,38.59],[132.78,37.92],[132,37.25],[131.24,36.58],[130.49,35.9],[129.75,35.21],[130.53,34.62],[131.31,34.01],[132.07,33.4],[132.82,32.79],[133.56,32.17],[132.78,31.53],[132.01,30.87],[131.25,30.22],[130.51,29.55],[129.77,28.89],[129.04,28.22],[128.32,27.54],[127.61,26.87],[126.91,26.19],[126.22,25.5],[125.53,24.81],[126.15,24.24],[126.15,24.24],[125.99,24.37],[125.4,24.82],[124.8,25.28],[124.2,25.73],[123.57,26.26],[122.92,26.78],[122.28,27.3],[121.62,27.82],[121.14,28.09]]]}},{"type":"Feature","properties":{"ma":60,"type":"gpml:TopologicalClosedPlateBoundary","name":"Eurasia EUR_061_060","pid":301,"deforming":false},"geometry":{"type":"Polygon","coordinates":[[[-8.08,37.35],[-8.3,37.98],[-8.55,38.32],[-8.84,38.63],[-9.06,39.02],[-9.28,39.35],[-9.81,39.78],[-10.37,40.24],[-10.99,40.47],[-11.28,40.69],[-11.83,40.99],[-12.36,41.14],[-12.76,41.25],[-13.23,41.34],[-13.28,41.34],[-13.28,41.34],[-13.34,41.19],[-13.48,40.82],[-13.63,40.52],[-13.72,40.27],[-13.72,40.27],[-14.67,40.69],[-15.63,41.09],[-16.67,41.41],[-17.71,41.72],[-18.77,42.02],[-19.31,42.54],[-19.86,43.06],[-20.26,43.59],[-20.71,44.18],[-21.1,44.67],[-21.55,45.19],[-22.01,45.62],[-22.77,46.07],[-23.35,46.04],[-24.13,45.91],[-24.65,45.77],[-25.63,45.6],[-26.62,45.41],[-27.53,45.4],[-28.43,45.38],[-29.1,45.45],[-29.1,45.45],[-29.24,45.68],[-29.51,46.23],[-29.75,46.84],[-30.09,47.43],[-30.17,47.83],[-30.57,48.26],[-30.57,48.26],[-29.56,48.35],[-28.84,48.38],[-28.24,48.48],[-27.41,48.46],[-27.15,48.48],[-27.15,48.48],[-27.14,48.42],[-27.13,48.23],[-27.09,48.05],[-26.98,47.84],[-26.75,47.58],[-26.45,47.43],[-26.35,47.24],[-26.17,46.89],[-26.05,46.66],[-25.92,46.4],[-25.76,46.29],[-25.65,46.22],[-25.65,46.22],[-25.04,46.79],[-24.42,47.35],[-24.03,47.66],[-23.9,48.02],[-23.68,48.47],[-23.5,48.83],[-23.32,49.16],[-23.18,49.49],[-22.95,49.67],[-22.63,49.88],[-22.11,50],[-21.92,50.18],[-21.63,50.47],[-21.48,50.74],[-21.42,51.13],[-21.32,51.4],[-21.02,51.75],[-20.62,51.99],[-20.61,52.26],[-20.55,52.44],[-20.14,52.82],[-19.68,53.05],[-19.27,53.16],[-18.55,53.31],[-17.79,53.38],[-17.08,53.44],[-16.31,53.55],[-15.73,53.7],[-15.39,53.89],[-14.75,54.03],[-14.21,54.18],[-13.68,54.23],[-13.39,54.39],[-12.94,54.54],[-12.52,54.56],[-12.23,54.69],[-11.79,54.96],[-11.36,55.32],[-10.92,55.52],[-10.25,55.76],[-9.49,55.92],[-8.64,56.01],[-8.08,56.19],[-7.55,56.55],[-7.11,56.8],[-6.92,57.11],[-6.36,57.47],[-5.91,57.81],[-5.5,58.07],[-5.22,58.62],[-5.03,58.87],[-5.16,59.32],[-5.33,59.59],[-5.2,59.95],[-4.93,60.22],[-4.08,60.51],[-3.48,60.77],[-2.75,61.01],[-2.04,61.41],[-1.73,61.77],[-1.43,62.11],[-1.31,62.37],[-1.1,62.66],[-0.37,62.99],[0.41,63.35],[1.3,63.81],[1.89,64.07],[2.52,64.36],[2.8,64.57],[3.28,65.22],[3.28,65.22],[3.33,65.27],[4.21,66.03],[5.19,66.91],[5.05,67.45],[4.91,67.98],[4.24,68.53],[3.55,69.08],[2.92,69.71],[2.24,70.34],[1.34,70.95],[0.39,71.56],[-0.63,72.16],[-1.92,72.65],[-3.28,73.14],[-4.42,73.9],[-2.66,74.62],[-0.92,75.08],[0.93,75.53],[2.68,76.02],[4.56,76.49],[6.92,77.07],[9.49,77.63],[12.19,78.12],[15.12,78.58],[17.9,79.12],[20.97,79.64],[24.97,80.21],[29.44,80.73],[34.18,81.27],[39.51,81.74],[45.42,82.14],[45.42,82.14],[51.94,82.12],[58.34,82],[64.48,81.78],[70.25,81.47],[74.65,81.21],[78.77,80.9],[82.61,80.55],[85.67,80.06],[88.44,79.55],[90.95,79.01],[93.79,78.93],[96.58,78.81],[100.89,78.75],[100.89,78.75],[97.64,79.45],[95.88,80.4],[93.74,81.33],[93.73,81.33],[93.73,81.33],[97.34,80.98],[100.67,80.6],[105.74,80.07],[110.28,79.48],[114.32,78.83],[116.7,78.35],[118.89,77.85],[120.91,77.34],[120.91,77.34],[119.68,77.01],[119.68,77.01],[115.67,76.7],[111.85,76.34],[108.25,75.92],[107.41,75.05],[106.66,74.18],[105.98,73.31],[107.02,72.52],[107.98,71.72],[109.16,71.08],[110.26,70.43],[111.98,70.1],[113.65,69.76],[115.74,69.48],[117.77,69.17],[119.96,68.82],[122.08,68.44],[124.22,68.56],[126.85,68.33],[129.43,68.05],[130.74,67.44],[131.99,66.81],[134.14,66.43],[136.22,66.03],[137.46,65.73],[138.67,65.43],[138.67,65.43],[137.98,64.87],[137.27,64.26],[137.27,64.26],[137.16,64.15],[138.4,64.16],[139.63,64.16],[139.63,64.16],[141.74,64.08],[143.84,63.98],[145.41,64.05],[146.99,64.09],[148.57,64.12],[150.13,64.39],[151.72,64.65],[153.08,64.81],[154.45,64.96],[156.31,65.23],[156.31,65.23],[158.38,64.91],[160.41,64.56],[160.41,64.56],[159.99,64.36],[158.21,63.84],[156.49,63.29],[154.79,62.98],[153.13,62.66],[151.5,62.31],[149.92,61.95],[148.28,61.48],[146.68,60.99],[145.14,60.48],[143.65,59.95],[142.2,59.41],[141.02,59.03],[139.87,58.65],[139.87,58.65],[139.81,58.5],[139.41,57.68],[139.03,56.86],[138.67,56.03],[138.32,55.21],[137.89,54.5],[137.48,53.78],[136.94,52.99],[136.42,52.2],[135.88,51.39],[135.35,50.57],[134.89,49.85],[134.44,49.13],[134.04,48.59],[133.66,48.05],[132.99,47.2],[132.35,46.36],[131.87,45.67],[131.4,44.97],[130.89,44.28],[130.39,43.58],[129.85,42.91],[129.32,42.25],[128.97,41.78],[128.62,41.32],[127.92,40.62],[127.25,39.81],[126.74,39.21],[126.23,38.61],[125.74,38],[125.21,37.43],[124.7,36.86],[124.11,36.23],[123.54,35.6],[122.97,34.96],[122.67,34.68],[122.67,34.68],[122.4,34.14],[122.14,33.59],[121.75,32.91],[121.37,32.23],[120.99,31.54],[120.44,30.84],[120.44,30.84],[120.69,30.03],[120.93,29.21],[121.11,28.28],[121.11,28.28],[120.52,27.85],[119.94,27.42],[119.13,26.92],[118.32,26.41],[117.53,25.9],[116.73,25.39],[115.95,24.87],[115.17,24.35],[114.4,23.82],[114.48,23.14],[114.55,22.45],[113.78,21.88],[113.01,21.3],[112.24,20.72],[112.24,20.72],[112.71,20.05],[111.84,19.49],[110.97,18.92],[110.11,18.34],[109.25,17.76],[109.21,17.32],[108.38,16.82],[107.56,16.31],[106.75,15.8],[105.94,15.29],[105.13,14.78],[105.13,14.78],[105.52,14.12],[105.85,13.7],[106.18,13.28],[106.57,12.84],[106.97,12.4],[107.59,11.72],[108.21,11.04],[108.55,10.42],[108.89,9.8],[108.89,9.8],[108.09,9.3],[108.09,9.3],[108.12,9.15],[108.23,8.41],[108.35,7.66],[108.55,7.09],[108.76,6.53],[109.1,6],[109.43,5.48],[109.58,4.83],[109.73,4.17],[110.06,3.5],[110.39,2.83],[111.15,2.36],[111.91,1.9],[112.66,1.43],[113.53,1.28],[114.39,1.14],[115.26,1],[115.73,0.19],[116.2,-0.63],[116.31,-1.37],[116.41,-2.11],[116.41,-2.11],[115.67,-2.51],[114.93,-2.91],[114.2,-3.32],[113.45,-3.72],[112.68,-4.05],[111.9,-4.39],[111.13,-4.73],[110.35,-5.06],[109.58,-5.19],[108.8,-5.33],[108.8,-5.33],[108.63,-5.26],[107.91,-4.76],[107.19,-4.27],[106.48,-3.78],[106.01,-3.2],[105.53,-2.61],[105.04,-2.21],[104.54,-1.8],[104.18,-1.25],[103.82,-0.69],[103.36,-0.19],[102.9,0.3],[102.44,0.8],[101.95,1.17],[101.47,1.54],[100.71,2.01],[99.95,2.49],[99.2,2.97],[98.4,3.41],[97.61,3.84],[96.81,4.28],[96.02,4.71],[95.26,5.21],[94.5,5.71],[93.74,6.21],[92.98,6.7],[92.24,7.05],[91.49,7.4],[90.74,7.75],[89.94,8.22],[89.13,8.69],[88.32,9.15],[87.66,9.72],[87,10.29],[86.34,10.85],[85.67,11.41],[85.23,12.02],[84.79,12.63],[84.34,13.24],[84.05,13.86],[84.05,13.86],[84.2,14.76],[84.34,15.67],[84.49,16.57],[84.64,17.48],[84.96,18.36],[84.96,18.36],[84.09,18.68],[83.22,19],[82.59,19.33],[81.83,19.42],[80.97,19.22],[80.11,19.01],[79.25,18.8],[78.33,18.68],[77.41,18.55],[76.49,18.42],[75.47,18.56],[74.44,18.7],[73.42,18.83],[72.39,18.95],[71.5,19.31],[70.61,19.66],[69.71,20.01],[68.81,20.35],[67.9,20.69],[67.35,21.18],[66.79,21.67],[66.23,22.16],[65.41,22.51],[64.58,22.85],[63.75,23.18],[62.91,23.52],[62.07,23.84],[61.18,24.23],[60.28,24.6],[59.38,24.97],[58.67,25.2],[57.95,25.43],[57.95,25.43],[57.86,25.16],[57.86,25.16],[56.96,25.05],[56.05,24.93],[55.16,24.81],[54.41,24.7],[53.67,24.59],[53.67,24.59],[52.68,24.78],[51.68,24.96],[50.69,25.13],[49.69,25.3],[48.93,25.54],[48.16,25.78],[47.4,26.01],[46.66,26.35],[45.92,26.69],[45.17,27.03],[44.7,27.33],[44.23,27.62],[43.59,27.99],[42.95,28.35],[42.26,28.78],[41.55,29.22],[40.62,29.69],[39.67,30.16],[38.96,30.6],[38.24,31.04],[37.51,31.47],[36.92,31.96],[36.32,32.46],[35.71,32.95],[35.29,33.42],[34.88,33.88],[33.93,34.48],[33.04,34.24],[33.04,34.24],[33.22,34.68],[33.86,35.5],[34.38,36.37],[34.78,37.03],[35.18,37.69],[35.18,37.69],[34.29,37.75],[33.39,37.81],[32.54,37.87],[31.69,37.94],[30.67,38.3],[29.64,38.65],[28.47,39.04],[27.82,39.08],[27.16,39.12],[26.43,39.15],[25.7,39.18],[25,39.21],[24.3,39.23],[23.02,39.25],[23.02,39.25],[23.01,39.24],[21.85,39.16],[20.7,39.07],[19.55,38.97],[18.63,38.95],[17.84,38.96],[17.05,38.96],[16,38.93],[15.19,39],[14.61,39.18],[14.14,39.38],[13.85,39.58],[13.9,40],[14.28,40.4],[13.75,40.38],[13.23,40.37],[12.83,40.35],[12.35,40.33],[11.91,40.31],[11.34,40.28],[11.34,40.28],[11.2,40.4],[10.82,40.6],[10.42,40.7],[10.11,40.72],[9.81,40.77],[9.5,40.79],[9.18,40.82],[8.61,40.86],[7.67,40.87],[6.84,40.78],[6.14,40.67],[5.21,40.5],[4.63,40.37],[4.16,40.26],[3.58,40.08],[3,39.88],[2.39,39.65],[1.84,39.34],[1.17,38.98],[0.47,38.55],[0.03,38.16],[-0.21,37.89],[-0.28,37.7],[-0.28,37.7],[-0.96,38.04],[-0.96,38.04],[-1.29,37.99],[-1.96,37.88],[-2.8,37.75],[-3.64,37.62],[-4.37,37.55],[-5.1,37.48],[-6.21,37.54],[-7.32,37.59],[-8.08,37.35]]]}},{"type":"Feature","properties":{"ma":60,"type":"gpml:TopologicalClosedPlateBoundary","name":"Iberia","pid":304,"deforming":false},"geometry":{"type":"Polygon","coordinates":[[[-5.2,29.8],[-6.1,29.66],[-7,29.51],[-7.9,29.36],[-9,29.29],[-10.1,29.22],[-11.2,29.14],[-12.29,29.05],[-13.38,28.95],[-14.47,28.85],[-14.79,28.95],[-14.79,28.95],[-14.97,28.9],[-15.98,29.14],[-16.98,29.38],[-18,29.61],[-19.01,29.83],[-20.03,30.04],[-21.06,30.25],[-22.09,30.44],[-23.12,30.63],[-24.16,30.81],[-25.01,31.04],[-25.87,31.26],[-25.87,31.26],[-25.65,31.85],[-25.42,32.43],[-25.17,32.83],[-24.91,33.23],[-24.75,33.65],[-24.6,33.99],[-24.52,34.42],[-24.4,34.86],[-24.28,34.97],[-24.17,35.23],[-24.02,35.45],[-23.8,35.68],[-23.58,35.99],[-23.24,36.32],[-23.09,36.58],[-23.03,36.64],[-22.96,36.85],[-22.91,36.98],[-22.83,37.1],[-22.68,37.33],[-22.55,37.6],[-22.45,37.71],[-22.4,37.8],[-22.27,37.93],[-22.13,37.97],[-22.03,38.12],[-21.94,38.22],[-21.85,38.4],[-21.85,38.4],[-21.92,38.59],[-21.92,38.59],[-21.26,38.59],[-20.59,38.59],[-19.61,38.7],[-18.63,38.8],[-17.94,38.77],[-17.15,38.8],[-16.31,38.66],[-15.45,38.69],[-14.92,38.71],[-14.92,38.71],[-13.8,38.54],[-12.69,38.37],[-12.25,38.3],[-12.25,38.3],[-12.32,38.18],[-12.41,38.06],[-12.53,37.95],[-12.53,37.95],[-12.2,38.05],[-11.62,38.1],[-11.61,38.1],[-11.61,38.1],[-11.47,38.02],[-11.32,37.84],[-11.08,37.5],[-10.78,36.77],[-10.78,36.77],[-10.52,36.8],[-10.29,36.83],[-9.9,36.87],[-9.56,36.91],[-8.75,36.96],[-7.98,37.05],[-7.98,37.05],[-7.89,36.76],[-7.89,36.76],[-7.48,36.51],[-6.92,36.29],[-6.36,36.06],[-5.48,35.98],[-4.6,35.89],[-3.84,35.82],[-3.08,35.75],[-3.08,35.75],[-3.23,36.21],[-3.23,36.21],[-2.11,36.35],[-1.48,36.54],[-0.85,36.72],[-0.32,37.13],[0.21,37.53],[0.21,37.53],[0.53,37.49],[1.08,37.39],[1.57,37.29],[1.94,37.2],[2.51,37.05],[2.51,37.05],[1.93,36.27],[1.5,35.84],[1.07,35.42],[0.35,34.71],[-0.35,34],[-1.05,33.28],[-1.72,32.71],[-2.38,32.13],[-3.04,31.55],[-3.68,30.96],[-4.32,30.37],[-5.2,29.8]]]}},{"type":"Feature","properties":{"ma":60,"type":"gpml:TopologicalClosedPlateBoundary","name":"Caribbean","pid":224,"deforming":false},"geometry":{"type":"Polygon","coordinates":[[[-77.29,14.86],[-76.92,15.69],[-76.41,16.4],[-75.9,17.1],[-75.52,17.59],[-75.14,18.07],[-74.67,18.62],[-74.19,19.16],[-74.19,19.17],[-74.19,19.17],[-73.47,19.26],[-72.76,19.35],[-71.75,19.3],[-70.74,19.24],[-69.72,19.18],[-69,18.73],[-68.29,18.27],[-67.57,17.81],[-66.89,17.28],[-66.22,16.75],[-65.55,16.22],[-64.89,15.69],[-64.58,15.13],[-64.27,14.56],[-64.2,13.59],[-64.13,12.62],[-64.13,12.46],[-64.13,12.46],[-63.87,12.05],[-63.61,11.15],[-63.2,10.45],[-63.18,9.8],[-63.16,9.14],[-63.28,8.59],[-63.39,8.05],[-63.66,7.19],[-63.66,7.19],[-64.59,6.97],[-65.52,6.75],[-66.05,6.08],[-66.58,5.41],[-67.11,4.74],[-67.64,4.09],[-68.17,3.43],[-68.19,2.8],[-68.21,2.17],[-67.96,1.44],[-67.71,0.71],[-67.95,0.35],[-67.95,0.35],[-68.04,0.27],[-68.75,-0.06],[-69.46,-0.38],[-70.17,-0.71],[-70.88,-1.04],[-71.85,-1.19],[-72.82,-1.34],[-73.79,-1.49],[-74.76,-1.64],[-75.74,-1.84],[-76.72,-2.04],[-76.72,-2.04],[-77.38,-1.56],[-77.75,-1.04],[-78.16,-0.33],[-78.57,0.39],[-79.4,0.91],[-80.29,1.07],[-80.91,1.19],[-80.91,1.19],[-81.34,1.17],[-82.06,1.27],[-82.77,1.37],[-83.49,1.47],[-84.27,1.84],[-85.05,2.2],[-85.84,2.71],[-86.63,3.22],[-87.43,3.73],[-88.22,4.23],[-88.95,4.83],[-89.69,5.43],[-90.42,6.03],[-90.8,6.42],[-91.19,6.8],[-91.19,6.8],[-90.39,6.98],[-89.6,7.16],[-88.8,7.34],[-87.99,7.84],[-87.18,8.34],[-86.37,8.83],[-85.56,9.32],[-85.12,9.9],[-84.68,10.47],[-84.23,11.05],[-83.59,11.46],[-82.94,11.86],[-82.04,11.97],[-81.13,12.09],[-80.34,12.71],[-79.54,13.33],[-78.73,13.95],[-78.19,14],[-77.66,14.04],[-77.29,14.86]]]}},{"type":"Feature","properties":{"ma":60,"type":"gpml:TopologicalClosedPlateBoundary","name":"Aluk","pid":904,"deforming":false},"geometry":{"type":"Polygon","coordinates":[[[-91.13,-68.69],[-93.16,-68.16],[-95.1,-67.6],[-96.94,-67.03],[-98.7,-66.43],[-100.38,-65.82],[-101.97,-65.19],[-103.49,-64.54],[-104.94,-63.87],[-106.33,-63.2],[-106.87,-62.63],[-106.87,-62.63],[-105.55,-62.9],[-104.53,-62.24],[-103.55,-61.58],[-102.62,-60.91],[-101.72,-60.23],[-100.87,-59.54],[-99.11,-59.93],[-99.11,-59.93],[-99.1,-59.92],[-98.64,-59.17],[-98.21,-58.42],[-97.79,-57.66],[-97.38,-56.9],[-96.94,-56.51],[-96.94,-56.51],[-96.45,-56.66],[-96.45,-56.66],[-94.99,-56.31],[-93.55,-55.95],[-92.15,-55.56],[-90.77,-55.16],[-89.44,-54.69],[-88.15,-54.21],[-86.81,-54.48],[-85.46,-54.74],[-84.09,-54.99],[-82.7,-55.22],[-81.71,-54.47],[-80.75,-53.72],[-79.83,-52.96],[-78.94,-52.19],[-78.08,-51.42],[-77.25,-50.64],[-76.45,-49.85],[-74.92,-49.9],[-73.39,-49.94],[-71.85,-49.95],[-70.32,-49.94],[-69.9,-49.07],[-69.49,-48.19],[-69.1,-47.31],[-68.72,-46.42],[-68.35,-45.54],[-67.99,-44.66],[-67.64,-43.77],[-66.67,-43.63],[-66.67,-43.63],[-66.83,-43.85],[-66.92,-44.22],[-66.99,-44.5],[-67.11,-44.97],[-67.21,-45.26],[-67.39,-45.78],[-67.52,-46.15],[-67.64,-46.56],[-67.76,-46.98],[-67.95,-47.64],[-68.02,-47.9],[-68.13,-48.26],[-68.23,-48.59],[-68.31,-48.89],[-68.39,-49.25],[-68.45,-49.56],[-68.49,-49.82],[-68.5,-49.89],[-68.51,-50.13],[-68.51,-50.41],[-68.48,-50.85],[-68.63,-51.18],[-68.85,-51.52],[-69.16,-51.92],[-69.49,-52.38],[-69.69,-52.68],[-69.85,-52.93],[-70,-53.15],[-70.2,-53.5],[-70.31,-53.94],[-70.29,-54.3],[-70.24,-54.63],[-70.22,-54.88],[-70.13,-55.18],[-70.04,-55.52],[-69.88,-55.89],[-69.69,-56.28],[-69.63,-56.6],[-69.63,-56.76],[-69.61,-57.09],[-69.59,-57.47],[-69.56,-57.84],[-69.46,-58.21],[-69.43,-58.27],[-69.14,-58.65],[-68.79,-58.89],[-68.17,-59.3],[-67.69,-59.57],[-67.51,-59.68],[-67.22,-59.83],[-66.89,-59.98],[-66.57,-60.13],[-66.22,-60.31],[-65.86,-60.47],[-65.61,-60.59],[-65.31,-60.72],[-65.12,-60.81],[-64.93,-60.91],[-64.73,-60.99],[-64.73,-60.99],[-65.01,-61.06],[-66.39,-61.44],[-67.81,-61.8],[-67.98,-61.87],[-67.98,-61.87],[-68.65,-62.08],[-69.95,-62.57],[-71.37,-62.9],[-72.59,-63.26],[-73.69,-63.58],[-75.01,-63.82],[-76.35,-64.06],[-77.83,-64.47],[-79.25,-65.24],[-80.74,-65.96],[-81.97,-66.55],[-83.81,-67.22],[-85.04,-67.65],[-86.32,-68.08],[-87.63,-68.64],[-89,-69.19],[-91.13,-68.69]]]}},{"type":"Feature","properties":{"ma":60,"type":"gpml:TopologicalClosedPlateBoundary","name":"West Antarctica","pid":804,"deforming":false},"geometry":{"type":"MultiPolygon","coordinates":[[[[180,-72.17],[180,-73.13],[180,-74.09],[180,-75.05],[177.53,-74.86],[175.13,-74.64],[173.07,-74.47],[173.07,-74.47],[174.62,-73.89],[176.06,-73.29],[177.41,-72.69],[177.79,-72.08],[178.14,-71.48],[178.2,-71.15],[178.2,-71.15],[180,-71.21],[180,-72.17]]],[[[-180,-74.09],[-180,-73.13],[-180,-72.17],[-180,-71.21],[-176.93,-71.27],[-173.85,-71.29],[-173.89,-70.55],[-171.82,-70.49],[-169.77,-70.41],[-169.6,-70.68],[-168.04,-70.61],[-166.5,-70.53],[-166.66,-70.18],[-165.15,-70.1],[-163.65,-70],[-163.93,-69.62],[-162.04,-69.44],[-160.19,-69.24],[-159.81,-69.55],[-157.28,-69.19],[-154.83,-68.79],[-152.47,-68.36],[-150.21,-67.89],[-148.03,-67.4],[-145.95,-66.87],[-145.66,-66.8],[-145.66,-66.8],[-146.66,-66.27],[-144.87,-65.73],[-143.15,-65.18],[-141.51,-64.6],[-139.93,-64.01],[-138.42,-63.4],[-136.97,-62.78],[-135.59,-62.14],[-134.28,-62.57],[-132.94,-62.99],[-132.41,-62.79],[-130.98,-63.31],[-129.49,-63.81],[-128.54,-63.34],[-127.62,-62.87],[-129.28,-62.33],[-128.25,-61.57],[-127.26,-60.8],[-126.33,-60.03],[-125.43,-59.24],[-123.84,-59.83],[-122.2,-60.39],[-120.49,-60.94],[-118.73,-61.46],[-117.82,-60.84],[-116.94,-60.21],[-116.94,-60.21],[-115.61,-60.49],[-114.26,-60.76],[-112.5,-61.26],[-110.68,-61.74],[-108.8,-62.2],[-106.87,-62.63],[-106.87,-62.63],[-106.33,-63.2],[-104.94,-63.87],[-103.49,-64.54],[-101.97,-65.19],[-100.38,-65.82],[-98.7,-66.43],[-96.94,-67.03],[-95.1,-67.6],[-93.16,-68.16],[-91.13,-68.69],[-89,-69.19],[-89,-69.19],[-89.01,-69.19],[-90.35,-69.63],[-92.15,-69.74],[-94.44,-69.91],[-95.71,-70.14],[-97.11,-70.31],[-98.53,-70.47],[-100.99,-70.72],[-103.99,-70.84],[-105.43,-70.46],[-105.43,-70.46],[-106.65,-70.51],[-109.49,-70.41],[-111.02,-70.38],[-113.4,-70.36],[-115.55,-70.59],[-117.75,-70.8],[-118.95,-70.82],[-121.57,-70.71],[-122.96,-70.65],[-125.24,-70.71],[-127.38,-70.85],[-129.08,-71.03],[-130.89,-71.12],[-132.72,-71.18],[-133.68,-71.12],[-134.42,-71.25],[-136.76,-71.51],[-138.28,-71.63],[-140,-71.61],[-142.24,-71.4],[-143.93,-71.72],[-145.67,-72.02],[-147.38,-72.09],[-149.11,-72.15],[-151.53,-72.51],[-154.04,-72.83],[-156.34,-73.19],[-158.73,-73.51],[-160.23,-74],[-162.73,-74.33],[-165.34,-74.63],[-167.3,-74.98],[-169.35,-75.32],[-171.33,-75.5],[-174.27,-75.39],[-177.17,-75.24],[-180,-75.05],[-180,-74.09]]]]}},{"type":"Feature","properties":{"ma":60,"type":"gpml:TopologicalClosedPlateBoundary","name":"Proto-Loyalty arc plate","pid":841,"deforming":false},"geometry":{"type":"MultiPolygon","coordinates":[[[[180,-48.33],[180,-49.33],[179.66,-49.26],[179.56,-49.4],[178.42,-49.27],[177.29,-49.13],[176.48,-49],[175.68,-48.88],[175.59,-49.1],[175.59,-49.1],[175.06,-49.03],[174.28,-48.88],[173.5,-48.72],[173.43,-48.83],[172.13,-48.45],[172.05,-48.13],[171.71,-47.79],[171.34,-47.18],[170.97,-46.57],[171.03,-46.5],[170.72,-46.12],[170.65,-46.17],[170.07,-45.57],[169.99,-45.63],[169.36,-44.82],[168.94,-44.2],[168.83,-44.08],[168.37,-43.35],[167.93,-42.61],[168.03,-42.57],[167.74,-41.84],[167.46,-41.12],[167.38,-41.14],[167.03,-40.47],[166.68,-39.8],[166.68,-39.8],[166.22,-39.5],[166.06,-39.66],[165.28,-39.37],[164.5,-39.07],[163.72,-38.77],[163.55,-38.95],[162.68,-38.38],[161.83,-37.8],[161.68,-37.97],[160.92,-37.52],[160.16,-37.07],[159.42,-36.61],[159.42,-36.61],[158.96,-37.11],[158.49,-37.61],[157.72,-37.24],[156.96,-36.86],[157.27,-36.54],[156.5,-36.11],[155.74,-35.67],[154.99,-35.24],[154.25,-34.79],[154.64,-34.38],[153.75,-33.87],[152.88,-33.35],[153.13,-33.09],[152.55,-32.72],[151.98,-32.36],[152.26,-32.02],[152.67,-31.46],[153.07,-30.91],[153.46,-30.5],[153.84,-30.09],[154.3,-29.36],[154.76,-28.64],[155.31,-27.88],[155.85,-27.13],[156.38,-26.37],[156.38,-26.37],[156.57,-26.49],[157.19,-26.76],[157.73,-27.09],[158.27,-27.37],[158.63,-27.8],[159.09,-27.99],[159.09,-27.99],[159.09,-27.99],[159.22,-28.31],[159.35,-28.6],[159.69,-29.05],[160.09,-29.7],[160.52,-30.16],[161.09,-30.7],[161.49,-31.04],[162.28,-31.5],[162.85,-31.78],[163.41,-32.15],[163.84,-32.44],[164.26,-32.66],[164.88,-33.11],[165.56,-33.46],[166.15,-33.83],[166.72,-34.31],[167.49,-34.93],[168.2,-35.64],[168.66,-36.1],[169.08,-36.66],[169.64,-37.21],[170.02,-38.04],[170,-38.56],[169.86,-39.04],[169.78,-39.57],[170.03,-40.52],[170.18,-41.03],[170.34,-41.55],[170.44,-42.1],[170.43,-42.15],[170.43,-42.15],[170.45,-42.17],[170.64,-42.32],[171.01,-42.59],[171.16,-42.77],[171.28,-42.96],[171.47,-43.23],[171.63,-43.35],[171.88,-43.59],[172.09,-43.8],[172.3,-44.02],[172.49,-44.24],[172.68,-44.45],[172.84,-44.75],[173.11,-45.22],[173.28,-45.49],[173.91,-46.27],[174.06,-46.38],[174.57,-46.54],[175.84,-46.8],[176.97,-46.91],[178,-47.09],[178.04,-47.1],[178.04,-47.1],[178.08,-47.1],[179.39,-47.24],[180,-47.33],[180,-48.33]]],[[[-180,-48.33],[-180,-47.33],[-179.82,-47.36],[-179.15,-47.52],[-178.5,-47.71],[-177.71,-48.06],[-176.7,-48.63],[-175.84,-49.12],[-175.07,-49.46],[-174.32,-49.77],[-173.49,-50.15],[-172.71,-50.57],[-172.64,-50.59],[-172.64,-50.59],[-172.21,-51.18],[-171.78,-51.78],[-171.78,-51.78],[-172.71,-51.6],[-173.63,-51.41],[-174.78,-51.12],[-175.82,-50.85],[-176.84,-50.57],[-176.91,-50.66],[-177.76,-50.3],[-178.59,-49.93],[-178.52,-49.81],[-179.03,-49.69],[-179,-49.55],[-180,-49.33],[-180,-48.33]]]]}},{"type":"Feature","properties":{"ma":60,"type":"gpml:TopologicalClosedPlateBoundary","name":"Coral Sea Plate","pid":836,"deforming":false},"geometry":{"type":"Polygon","coordinates":[[[136.52,-34.86],[136.83,-34.43],[137.19,-33.85],[137.54,-33.28],[137.69,-32.69],[137.83,-32.1],[138.13,-31.42],[138.44,-30.73],[138.87,-29.86],[139.3,-28.98],[139.3,-28.98],[139.53,-29.46],[139.94,-29.98],[140.35,-30.5],[140.96,-30.94],[141.57,-31.38],[142.24,-31.86],[142.92,-32.33],[143.48,-32.6],[144.03,-32.86],[144.79,-33.08],[145.54,-33.3],[146.17,-33.13],[146.79,-32.95],[147.92,-32.76],[148.45,-32.52],[148.97,-32.28],[149.57,-32.19],[150.17,-32.1],[151.24,-32.13],[151.92,-32.43],[151.92,-32.43],[151.4,-33.05],[150.88,-33.67],[151.12,-34.13],[151.28,-34.68],[150.42,-35.32],[150.4,-35.6],[150.09,-35.8],[149.78,-36.27],[148.92,-36.94],[148.99,-37.14],[148.48,-37.45],[148.61,-37.75],[148.11,-38.1],[147.62,-38.46],[147.36,-38.71],[147.36,-38.71],[146.57,-39.03],[146.57,-39.03],[146.47,-38.99],[146.51,-38.85],[146.44,-38.79],[146.04,-38.64],[146.01,-38.71],[145.45,-38.45],[144.89,-38.18],[144.83,-38.24],[144.43,-38.03],[144.71,-37.66],[144.19,-37.37],[144.08,-37.56],[143.42,-37.25],[142.77,-36.94],[142.55,-37.23],[141.91,-36.94],[141.77,-37.12],[141.11,-36.85],[141.03,-36.98],[140.99,-36.95],[140.15,-36.52],[140.03,-36.68],[139.32,-36.39],[139.22,-36.41],[139.1,-36.57],[138.57,-36.34],[138.48,-36.45],[137.91,-36.18],[137.86,-36.27],[137.4,-36.06],[136.98,-35.51],[136.56,-34.95],[136.52,-34.86]]]}},{"type":"Feature","properties":{"ma":60,"type":"gpml:TopologicalClosedPlateBoundary","name":"Emo Basin","pid":880,"deforming":false},"geometry":{"type":"Polygon","coordinates":[[[139.48,-28.6],[139.83,-27.95],[140.18,-27.3],[140.52,-26.65],[140.77,-25.76],[141.02,-24.87],[141.4,-24.21],[141.77,-23.55],[141.9,-23.05],[142.02,-22.54],[142.02,-22.54],[142.9,-23.1],[143.77,-23.69],[144.65,-24.27],[145.54,-24.85],[146.24,-25.25],[146.94,-25.65],[147.65,-26.05],[148.48,-26.47],[149.33,-26.9],[150.22,-27.42],[151.02,-27.91],[151.83,-28.39],[152.78,-28.85],[153.75,-29.3],[154.18,-29.56],[154.18,-29.56],[153.84,-30.09],[153.46,-30.5],[153.07,-30.91],[152.67,-31.46],[152.26,-32.02],[151.92,-32.43],[151.92,-32.43],[151.24,-32.13],[150.17,-32.1],[149.57,-32.19],[148.97,-32.28],[148.45,-32.52],[147.92,-32.76],[146.79,-32.95],[146.17,-33.13],[145.54,-33.3],[144.79,-33.08],[144.03,-32.86],[143.48,-32.6],[142.92,-32.33],[142.24,-31.86],[141.57,-31.38],[140.96,-30.94],[140.35,-30.5],[139.94,-29.98],[139.53,-29.46],[139.3,-28.98],[139.48,-28.6]]]}},{"type":"Feature","properties":{"ma":60,"type":"gpml:TopologicalClosedPlateBoundary","name":"","pid":922,"deforming":false},"geometry":{"type":"Polygon","coordinates":[[[154.18,-29.56],[153.75,-29.3],[152.78,-28.85],[151.83,-28.39],[151.02,-27.91],[150.22,-27.42],[149.33,-26.9],[148.48,-26.47],[147.65,-26.05],[146.94,-25.65],[146.24,-25.25],[145.54,-24.85],[144.65,-24.27],[143.77,-23.69],[142.9,-23.1],[142.02,-22.54],[142.02,-22.54],[142.18,-21.93],[142.33,-21.32],[142.67,-20.68],[143,-20.03],[143.18,-19.35],[143.18,-19.35],[143.79,-19.81],[144.4,-20.25],[144.99,-20.69],[145.58,-21.13],[146.18,-21.56],[146.6,-22.08],[147.03,-22.59],[147.44,-23.02],[147.86,-23.44],[148.44,-23.65],[149.01,-23.85],[149.82,-23.92],[150.62,-23.97],[151.38,-24.33],[152.14,-24.68],[152.77,-24.83],[153.4,-24.98],[153.94,-25.41],[154.54,-25.52],[155.13,-25.62],[155.82,-25.9],[156.13,-26.22],[156.13,-26.22],[156.14,-26.22],[156.38,-26.37],[156.38,-26.37],[155.85,-27.13],[155.31,-27.88],[154.76,-28.64],[154.47,-29.1],[154.18,-29.56]]]}},{"type":"Feature","properties":{"ma":60,"type":"gpml:TopologicalClosedPlateBoundary","name":"Farallon","pid":902,"deforming":false},"geometry":{"type":"Polygon","coordinates":[[[-133.34,37.52],[-133.34,37.52],[-132.74,38.01],[-132.12,38.51],[-131.43,39.3],[-130.72,40.1],[-129.99,40.88],[-129.25,41.67],[-128.49,42.45],[-127.71,43.22],[-126.91,43.99],[-126.09,44.75],[-125.24,45.51],[-124.38,46.26],[-123.49,47],[-122.57,47.74],[-121.63,48.47],[-120.67,49.19],[-119.62,48.71],[-118.59,48.22],[-117.68,48.97],[-116.75,49.72],[-115.78,50.45],[-114.79,51.18],[-113.76,51.9],[-112.7,52.61],[-111.6,53.31],[-110.47,54],[-109.31,54.68],[-108.1,55.35],[-106.85,56],[-106.85,56],[-105.85,55.61],[-104.87,55.22],[-103.91,54.82],[-102.75,54.36],[-101.61,53.89],[-100.79,53.42],[-99.99,52.94],[-99.2,52.46],[-98.48,52.2],[-97.77,51.94],[-97.48,51.4],[-97.43,51.03],[-97.43,51.03],[-97.76,50.28],[-98.64,49.95],[-99.51,49.61],[-100.72,49.28],[-101.91,48.93],[-103.19,48.65],[-104.45,48.36],[-105.09,48],[-105.71,47.64],[-105.68,46.98],[-105.68,46.98],[-105.48,46.6],[-105.48,46.11],[-105.13,45.33],[-104.92,44.84],[-104.71,44.36],[-104.51,43.87],[-104.31,43.39],[-103.99,42.72],[-103.76,42.18],[-103.06,41.5],[-102.61,40.76],[-102.27,39.85],[-101.99,39.3],[-101.72,38.8],[-101.44,38.31],[-101.27,37.58],[-101.01,37.05],[-100.75,36.53],[-100.38,35.66],[-99.78,34.96],[-99.66,34.78],[-99.66,34.78],[-99.23,34.02],[-98.8,33.25],[-98.23,32.54],[-97.67,31.83],[-97.38,31.12],[-97.1,30.42],[-96.53,29.69],[-95.97,28.95],[-95.41,28.22],[-94.87,27.47],[-94.33,26.73],[-93.8,25.97],[-93.25,25.4],[-92.71,24.82],[-92.17,24.25],[-91.63,23.68],[-91.1,23.12],[-91.1,23.12],[-90.88,22.43],[-90.67,21.74],[-90.42,20.93],[-90.18,20.12],[-89.94,19.31],[-89.66,18.47],[-89.38,17.62],[-89.1,16.77],[-88.83,15.93],[-88.52,15.14],[-88.22,14.36],[-87.91,13.58],[-87.84,12.65],[-87.76,11.73],[-87.58,10.95],[-87.41,10.17],[-87.24,9.39],[-86.99,8.45],[-86.99,8.45],[-87.6,8.08],[-88.2,7.71],[-88.8,7.34],[-89.6,7.16],[-90.39,6.98],[-91.19,6.8],[-91.19,6.8],[-90.8,6.42],[-90.42,6.03],[-89.69,5.43],[-88.95,4.83],[-88.22,4.23],[-87.43,3.73],[-86.63,3.22],[-85.84,2.71],[-85.05,2.2],[-84.27,1.84],[-83.49,1.47],[-82.77,1.37],[-82.06,1.27],[-81.34,1.17],[-80.91,1.19],[-80.91,1.19],[-80.29,1.07],[-79.4,0.91],[-78.57,0.39],[-78.16,-0.33],[-77.75,-1.04],[-77.38,-1.56],[-76.72,-2.04],[-76.72,-2.04],[-75.74,-1.84],[-74.76,-1.64],[-73.79,-1.49],[-72.82,-1.34],[-71.85,-1.19],[-70.88,-1.04],[-70.17,-0.71],[-69.46,-0.38],[-68.75,-0.06],[-68.04,0.27],[-67.95,0.35],[-67.95,0.35],[-68.29,-0.15],[-68.34,-0.44],[-68.51,-0.6],[-68.74,-0.91],[-68.98,-1.11],[-69.25,-1.42],[-69.55,-1.79],[-69.81,-2.12],[-69.97,-2.33],[-70.18,-2.65],[-70.42,-2.99],[-70.61,-3.39],[-70.78,-3.7],[-70.92,-4.05],[-71.13,-4.49],[-71.26,-4.77],[-71.37,-5.11],[-71.5,-5.5],[-71.54,-5.74],[-71.58,-5.95],[-71.65,-6.32],[-71.71,-6.6],[-71.74,-6.86],[-71.79,-7.14],[-71.89,-7.73],[-71.99,-8.32],[-71.99,-8.32],[-72.12,-9.09],[-72.26,-9.86],[-72.39,-10.62],[-72.53,-11.39],[-72.27,-12.22],[-72.02,-13.05],[-71.76,-13.89],[-71.47,-14.7],[-71.19,-15.52],[-70.9,-16.33],[-70.61,-17.15],[-70.31,-17.96],[-70.02,-18.78],[-69.62,-19.53],[-69.22,-20.27],[-68.82,-21.02],[-68.48,-21.65],[-68.14,-22.28],[-67.8,-22.92],[-67.06,-23.55],[-66.85,-24.05],[-66.64,-24.54],[-66.3,-25.23],[-66.17,-25.77],[-65.96,-26.32],[-65.75,-27.03],[-65.73,-27.93],[-65.72,-28.83],[-65.58,-29.64],[-65.44,-30.45],[-65.3,-31.27],[-65.16,-32.08],[-65.02,-32.89],[-64.93,-33.68],[-64.85,-34.48],[-64.76,-35.27],[-64.67,-36.06],[-64.83,-36.97],[-65.01,-37.89],[-65.18,-38.8],[-65.36,-39.72],[-65.55,-40.63],[-65.86,-41.35],[-66.17,-42.07],[-66.31,-42.5],[-66.37,-42.98],[-66.62,-43.56],[-66.67,-43.63],[-66.67,-43.63],[-67.64,-43.77],[-67.99,-44.66],[-68.35,-45.54],[-68.72,-46.42],[-69.1,-47.31],[-69.49,-48.19],[-69.9,-49.07],[-70.32,-49.94],[-71.85,-49.95],[-73.39,-49.94],[-74.92,-49.9],[-76.45,-49.85],[-77.25,-50.64],[-78.08,-51.42],[-78.94,-52.19],[-79.83,-52.96],[-80.75,-53.72],[-81.71,-54.47],[-82.7,-55.22],[-84.09,-54.99],[-85.46,-54.74],[-86.81,-54.48],[-88.15,-54.21],[-89.44,-54.69],[-90.77,-55.16],[-92.15,-55.56],[-93.55,-55.95],[-94.99,-56.31],[-96.45,-56.66],[-96.45,-56.66],[-97.77,-56.23],[-99.06,-55.78],[-100.34,-55.12],[-101.59,-54.45],[-102.79,-53.77],[-103.95,-53.07],[-105.11,-52.43],[-106.24,-51.77],[-107.33,-51.11],[-108.4,-50.43],[-109.43,-49.74],[-110.43,-49.05],[-111.41,-48.35],[-112.36,-47.64],[-111.74,-47.2],[-111.14,-46.77],[-111.77,-45.9],[-112.37,-45.03],[-112.96,-44.16],[-113.53,-43.28],[-114.09,-42.4],[-114.63,-41.52],[-115.15,-40.64],[-115.67,-39.75],[-116.16,-38.86],[-116.65,-37.97],[-117.12,-37.08],[-117.59,-36.19],[-116.69,-35.93],[-115.8,-35.66],[-114.92,-35.39],[-115.35,-34.49],[-115.77,-33.6],[-116.18,-32.7],[-116.59,-31.8],[-116.98,-30.9],[-117.37,-30],[-117.76,-29.1],[-118.13,-28.19],[-118.5,-27.29],[-118.87,-26.38],[-117.91,-26.11],[-116.97,-25.84],[-116.02,-25.55],[-115.08,-25.26],[-114.15,-24.97],[-113.22,-24.67],[-112.29,-24.36],[-112.63,-23.52],[-112.97,-22.68],[-113.3,-21.85],[-113.62,-21.01],[-113.95,-20.17],[-114.26,-19.33],[-114.58,-18.49],[-114.89,-17.65],[-115.2,-16.81],[-115.87,-17.02],[-116.53,-17.23],[-117.19,-17.44],[-117.19,-17.44],[-117.48,-16.5],[-117.76,-15.57],[-118.03,-14.64],[-118.31,-13.71],[-118.58,-12.78],[-118.85,-11.84],[-119.12,-10.91],[-119.39,-9.97],[-119.65,-9.04],[-118.85,-8.8],[-118.05,-8.56],[-117.26,-8.32],[-116.46,-8.07],[-115.67,-7.82],[-115.93,-6.92],[-116.18,-6.02],[-116.44,-5.12],[-116.7,-4.22],[-116.95,-3.32],[-117.21,-2.42],[-117.46,-1.51],[-117.72,-0.61],[-117.1,-0.45],[-117.36,0.47],[-117.63,1.39],[-117.89,2.31],[-116.99,2.57],[-116.09,2.83],[-115.2,3.09],[-114.3,3.34],[-113.4,3.6],[-112.5,3.86],[-112.5,3.86],[-112.5,3.86],[-112.76,4.75],[-113.03,5.64],[-113.3,6.53],[-113.57,7.42],[-113.85,8.31],[-114.12,9.2],[-114.39,10.08],[-114.05,10.2],[-114.33,11.12],[-114.61,12.04],[-115.59,11.79],[-116.57,11.53],[-117.54,11.27],[-118.52,11.01],[-119.49,10.74],[-120.46,10.47],[-121.43,10.2],[-121.67,11.1],[-121.92,11.99],[-122.16,12.89],[-122.41,13.78],[-122.66,14.68],[-122.91,15.58],[-123.17,16.47],[-123.42,17.36],[-122.49,17.66],[-121.56,17.95],[-120.62,18.24],[-119.68,18.52],[-118.73,18.8],[-117.79,19.08],[-116.84,19.35],[-117.09,20.17],[-117.35,21],[-117.61,21.82],[-117.39,21.88],[-117.66,22.79],[-117.93,23.7],[-118.2,24.61],[-118.47,25.53],[-119.33,25.31],[-120.18,25.08],[-120.36,25.73],[-120.54,26.38],[-121.04,26.27],[-121.24,26.91],[-121.44,27.55],[-121.44,27.55],[-122.46,27.42],[-123.48,27.28],[-124.49,27.13],[-125.51,26.97],[-126.52,26.81],[-127.48,26.57],[-128.43,26.32],[-129.38,26.07],[-130.33,25.81],[-130.52,26.36],[-131.36,26.15],[-131.68,27.1],[-132.01,28.05],[-132.35,29],[-131.5,29.28],[-130.64,29.56],[-129.78,29.83],[-130.09,30.67],[-130.4,31.51],[-130.71,32.34],[-131.03,33.18],[-131.36,34.01],[-131.7,34.85],[-132.08,35.73],[-132.48,36.62],[-132.82,37.43],[-133.34,37.52]]]}},{"type":"Feature","properties":{"ma":60,"type":"gpml:TopologicalClosedPlateBoundary","name":"Kula","pid":918,"deforming":false},"geometry":{"type":"Polygon","coordinates":[[[-153.19,35.87],[-153.48,36.52],[-153.77,37.18],[-154.05,38],[-154.34,38.81],[-154.64,39.63],[-154.95,40.45],[-155.26,41.26],[-155.69,42.2],[-156.13,43.14],[-156.58,44.07],[-157.05,45],[-157.54,45.94],[-158.04,46.86],[-158.35,47.65],[-158.67,48.44],[-158.99,49.22],[-159.33,50.01],[-159.68,50.79],[-160.05,51.64],[-160.42,52.48],[-160.82,53.32],[-161.22,54.16],[-161.65,55],[-161.9,55.97],[-162.16,56.94],[-162.44,57.9],[-162.73,58.87],[-163.03,59.83],[-163.36,60.79],[-163.71,61.76],[-164.08,62.72],[-164.47,63.68],[-164.61,64.26],[-164.75,64.83],[-164.75,64.83],[-163.99,64.78],[-161.78,64.94],[-159.54,65.08],[-157.28,65.18],[-155.01,65.25],[-152.73,65.28],[-151.15,65.42],[-149.54,65.54],[-147.93,65.65],[-146.01,65.88],[-144.05,66.09],[-142.07,66.27],[-141.64,66.29],[-141.64,66.29],[-139.83,66.72],[-137.95,67.13],[-136.01,67.52],[-134,67.88],[-131.94,68.22],[-129.87,68.86],[-127.69,69.48],[-125.37,70.07],[-123.38,70.22],[-121.36,70.36],[-121.36,70.36],[-121.06,69.89],[-120.84,69.5],[-120.64,68.98],[-120.2,68.5],[-119.78,68.06],[-119.37,67.71],[-118.84,67.4],[-118.45,67.04],[-118.15,66.86],[-117.46,66.45],[-117.01,66],[-116.87,65.65],[-116.53,65.29],[-116.63,64.82],[-116.31,64.45],[-116.07,63.96],[-115.84,63.47],[-115.59,62.61],[-115.26,62.09],[-114.94,61.57],[-114.04,60.69],[-113.31,60.07],[-112.6,59.44],[-111.68,58.64],[-111.1,57.88],[-110.03,57.35],[-109,56.82],[-107.92,56.41],[-106.85,56],[-106.85,56],[-106.85,56],[-108.1,55.35],[-109.31,54.68],[-110.47,54],[-111.6,53.31],[-112.7,52.61],[-113.76,51.9],[-114.79,51.18],[-115.78,50.45],[-116.75,49.72],[-117.68,48.97],[-118.59,48.22],[-119.62,48.71],[-120.67,49.19],[-121.63,48.47],[-122.57,47.74],[-123.49,47],[-124.38,46.26],[-125.24,45.51],[-126.09,44.75],[-126.91,43.99],[-127.71,43.22],[-128.49,42.45],[-129.25,41.67],[-129.99,40.88],[-130.72,40.1],[-131.43,39.3],[-132.12,38.51],[-132.74,38.01],[-133.34,37.52],[-133.34,37.52],[-134.04,37.63],[-134.73,37.74],[-135.85,37.83],[-136.97,37.9],[-138.1,37.96],[-139.22,38.01],[-140.35,38.05],[-141.48,38.08],[-142.61,38.09],[-143.73,38.1],[-143.79,37.38],[-143.85,36.66],[-143.91,35.94],[-144.98,35.98],[-146.05,36.02],[-147.12,36.05],[-148.19,36.07],[-149.34,36.1],[-150.5,36.11],[-151.65,36.12],[-151.63,35.21],[-152.27,35.21],[-152.91,35.21],[-153.19,35.87]]]}},{"type":"Feature","properties":{"ma":60,"type":"gpml:TopologicalClosedPlateBoundary","name":"NAM","pid":101,"deforming":false},"geometry":{"type":"Polygon","coordinates":[[[-180,79.26],[-180,80.24],[-180,81.21],[-180,82.19],[-180,83.17],[-180,84.14],[-180,85.12],[-180,86.09],[-180,87.07],[-180,88.05],[-180,89.02],[-180,90],[180,90],[180,89.02],[180,88.05],[180,87.07],[180,86.09],[180,85.12],[180,84.14],[180,83.17],[180,82.19],[180,81.21],[180,80.24],[180,79.26],[180,78.28],[176.16,78.5],[172.19,78.67],[168.12,78.78],[163.59,78.89],[158.99,78.94],[154.39,78.91],[149.84,78.81],[145.73,78.99],[141.51,79.1],[137.23,79.16],[132.92,79.16],[127.87,79.39],[122.65,79.53],[117.32,79.59],[111.98,79.56],[110.31,79.48],[110.31,79.48],[107.33,79.88],[104.12,80.25],[100.67,80.6],[97.34,80.98],[93.73,81.33],[93.73,81.33],[89.89,82.11],[85.26,82.84],[79.62,83.51],[72.76,84.11],[63.93,84.29],[54.76,84.33],[45.7,84.22],[37.18,83.97],[32.42,83.64],[28.17,83.26],[27.13,83.22],[26.54,83.2],[25.82,83.17],[25.06,83.13],[24.82,83.13],[24.82,83.13],[24.37,83.06],[19.98,82.57],[16.16,82.03],[14.22,81.81],[9.54,81.3],[5.39,80.75],[2.37,80.31],[-0.39,79.84],[-3.05,79.36],[-5.47,78.85],[-8.37,78.68],[-11.18,78.48],[-15.05,78.67],[-17.84,78.8],[-20.68,78.9],[-23.94,79.15],[-27.34,79.36],[-30.13,79.7],[-33.09,80.01],[-36.78,80.43],[-40.79,80.81],[-44.57,81.09],[-48.57,81.32],[-52.26,81.52],[-56.11,81.69],[-60.27,81.74],[-64.46,81.75],[-69.96,81.2],[-74.02,80.5],[-73.78,79.68],[-72.94,78.74],[-71.34,77.89],[-70.47,77.37],[-69.66,76.85],[-68.52,76.34],[-67.46,75.81],[-64.91,75.21],[-63.3,74.92],[-61.75,74.61],[-59.56,74.17],[-57.49,73.7],[-55.01,73.27],[-53.23,72.94],[-51.51,72.6],[-50.79,72.5],[-50.79,72.5],[-50.52,72.37],[-48.45,71.79],[-46.98,71.39],[-44.77,70.88],[-42.68,70.35],[-40.54,69.9],[-39.35,69.66],[-39.35,69.66],[-39.25,69.67],[-38.9,69.66],[-38.33,69.64],[-37.84,69.62],[-37.18,69.59],[-37.07,69.58],[-37.07,69.58],[-37.33,69.33],[-36.8,68.6],[-36.3,67.88],[-35.62,67.4],[-34.96,66.93],[-34.57,66.19],[-34.19,65.45],[-34.01,64.54],[-33.85,63.64],[-33.73,62.93],[-33.63,62.22],[-33.53,61.51],[-33.78,60.93],[-34.03,60.36],[-34.69,59.85],[-35.32,59.33],[-35.86,58.82],[-36.38,58.31],[-37.02,57.74],[-37.64,57.16],[-38.16,56.49],[-38.66,55.81],[-38.47,55.18],[-38.29,54.55],[-37.33,53.97],[-36.39,53.38],[-35.54,52.8],[-34.71,52.22],[-34.45,51.6],[-34.2,50.97],[-33.58,50.11],[-32.51,49.53],[-31.8,49.28],[-31.1,49.03],[-30.61,48.3],[-30.17,47.83],[-30.09,47.43],[-29.75,46.84],[-29.51,46.23],[-29.24,45.68],[-29.1,45.45],[-29.1,45.45],[-28.43,45.38],[-27.53,45.4],[-26.62,45.41],[-25.87,45.55],[-25.87,45.55],[-25.71,45.44],[-25.15,44.95],[-24.61,44.46],[-24.35,43.85],[-23.98,43.35],[-23.62,42.85],[-23.29,42.36],[-23.06,41.51],[-22.85,40.65],[-22.47,39.85],[-22.1,39.04],[-21.85,38.4],[-21.85,38.4],[-21.94,38.22],[-22.03,38.12],[-22.13,37.97],[-22.27,37.93],[-22.4,37.8],[-22.45,37.71],[-22.55,37.6],[-22.68,37.33],[-22.83,37.1],[-22.91,36.98],[-22.96,36.85],[-23.03,36.64],[-23.09,36.58],[-23.24,36.32],[-23.58,35.99],[-23.8,35.68],[-24.02,35.45],[-24.17,35.23],[-24.28,34.97],[-24.4,34.86],[-24.52,34.42],[-24.6,33.99],[-24.75,33.65],[-24.91,33.23],[-25.17,32.83],[-25.42,32.43],[-25.65,31.85],[-25.87,31.26],[-25.87,31.26],[-26.3,31.37],[-26.3,31.37],[-26.36,31.24],[-27.14,31.44],[-27.93,31.64],[-28.35,31.28],[-28.76,30.92],[-29.02,30.97],[-29.48,30.54],[-29.94,30.11],[-30.17,30.17],[-30.86,29.56],[-31.17,29.66],[-31.82,29],[-32.46,28.34],[-33.07,28.53],[-33.69,27.97],[-34.49,28.25],[-34.92,27.75],[-35.35,27.26],[-35.96,27.45],[-36.52,26.85],[-37.08,26.24],[-37.25,26.29],[-37.8,25.66],[-37.98,25.69],[-38.23,25.39],[-38.61,25.51],[-38.88,25.17],[-39.01,25.2],[-39.55,24.53],[-40.09,23.85],[-40.62,23.17],[-41.14,22.49],[-41.66,21.81],[-42.18,21.13],[-42.78,21.38],[-43.27,20.51],[-42.63,20.23],[-41.99,19.95],[-42.24,19.45],[-42.5,18.95],[-42.69,18.98],[-43.06,18.25],[-43.43,17.52],[-43.62,17.57],[-43.93,16.89],[-43.76,16.81],[-44.15,15.97],[-44.55,15.12],[-44.93,14.28],[-45.32,13.43],[-45.7,12.59],[-45.2,12.43],[-45.3,12.14],[-45.37,11.72],[-46.27,11.8],[-47.17,11.87],[-48.08,11.94],[-48.98,12.01],[-49.65,12.41],[-50.32,12.81],[-50.99,13.2],[-51.5,13.56],[-52.01,13.91],[-52.01,13.91],[-52.24,13.72],[-52.78,13.25],[-53.47,12.63],[-53.92,12.13],[-54.38,11.63],[-54.83,11.13],[-55.25,10.65],[-55.67,10.16],[-55.67,10.16],[-56.12,10.66],[-56.69,11.31],[-57.25,11.96],[-57.82,12.6],[-58.35,13.24],[-58.89,13.87],[-59.43,14.5],[-60.13,15.2],[-60.82,15.89],[-61.53,16.59],[-61.53,16.59],[-62.23,16.11],[-62.93,15.63],[-63.63,15.15],[-64.33,14.66],[-64.33,14.66],[-64.61,15.18],[-64.89,15.69],[-65.55,16.22],[-66.22,16.75],[-66.89,17.28],[-67.57,17.81],[-68.29,18.27],[-69,18.73],[-69.72,19.18],[-70.74,19.24],[-71.75,19.3],[-72.76,19.35],[-73.47,19.26],[-74.19,19.17],[-74.19,19.17],[-74.19,19.16],[-74.67,18.62],[-75.14,18.07],[-75.52,17.59],[-75.9,17.1],[-76.41,16.4],[-76.92,15.69],[-77.29,14.86],[-77.66,14.04],[-77.66,14.04],[-78.19,14],[-78.73,13.95],[-79.54,13.33],[-80.34,12.71],[-81.13,12.09],[-82.04,11.97],[-82.94,11.86],[-83.59,11.46],[-84.23,11.05],[-84.68,10.47],[-85.12,9.9],[-85.56,9.32],[-86.28,8.89],[-86.99,8.45],[-86.99,8.45],[-87.24,9.39],[-87.41,10.17],[-87.58,10.95],[-87.76,11.73],[-87.84,12.65],[-87.91,13.58],[-88.22,14.36],[-88.52,15.14],[-88.83,15.93],[-89.1,16.77],[-89.38,17.62],[-89.66,18.47],[-89.94,19.31],[-90.18,20.12],[-90.42,20.93],[-90.67,21.74],[-90.88,22.43],[-91.1,23.12],[-91.1,23.12],[-91.63,23.68],[-92.17,24.25],[-92.71,24.82],[-93.25,25.4],[-93.8,25.97],[-94.33,26.73],[-94.87,27.47],[-95.41,28.22],[-95.97,28.95],[-96.53,29.69],[-97.1,30.42],[-97.38,31.12],[-97.67,31.83],[-98.23,32.54],[-98.8,33.25],[-99.23,34.02],[-99.66,34.78],[-99.66,34.78],[-99.78,34.96],[-100.38,35.66],[-100.75,36.53],[-101.01,37.05],[-101.27,37.58],[-101.44,38.31],[-101.72,38.8],[-101.99,39.3],[-102.27,39.85],[-102.61,40.76],[-103.06,41.5],[-103.76,42.18],[-103.99,42.72],[-104.31,43.39],[-104.51,43.87],[-104.71,44.36],[-104.92,44.84],[-105.13,45.33],[-105.48,46.11],[-105.48,46.6],[-105.68,46.98],[-105.68,46.98],[-105.71,47.64],[-105.09,48],[-104.45,48.36],[-103.19,48.65],[-101.91,48.93],[-100.72,49.28],[-99.51,49.61],[-98.64,49.95],[-97.76,50.28],[-97.43,51.03],[-97.43,51.03],[-97.48,51.4],[-97.77,51.94],[-98.48,52.2],[-99.2,52.46],[-99.99,52.94],[-100.79,53.42],[-101.61,53.89],[-102.75,54.36],[-103.91,54.82],[-104.87,55.22],[-105.85,55.62],[-106.85,56],[-107.92,56.41],[-109,56.82],[-110.03,57.35],[-111.1,57.88],[-111.68,58.64],[-112.6,59.44],[-113.31,60.07],[-114.04,60.69],[-114.94,61.57],[-115.26,62.09],[-115.59,62.61],[-115.84,63.47],[-116.07,63.96],[-116.31,64.45],[-116.63,64.82],[-116.53,65.29],[-116.87,65.65],[-117.01,66],[-117.46,66.45],[-118.15,66.86],[-118.45,67.04],[-118.84,67.4],[-119.37,67.71],[-119.78,68.06],[-120.2,68.5],[-120.64,68.98],[-120.84,69.5],[-121.06,69.89],[-121.36,70.36],[-121.36,70.36],[-123.38,70.22],[-125.37,70.07],[-127.69,69.48],[-129.87,68.86],[-131.94,68.22],[-134,67.88],[-136.01,67.52],[-137.95,67.13],[-139.83,66.72],[-141.64,66.29],[-141.64,66.29],[-142.07,66.27],[-144.05,66.09],[-146.01,65.88],[-147.93,65.65],[-149.54,65.54],[-151.15,65.42],[-152.73,65.28],[-154.65,65.26],[-156.55,65.21],[-158.45,65.13],[-158.45,65.13],[-158.18,65.81],[-157.89,66.48],[-157.44,67.36],[-156.96,68.25],[-156.44,69.13],[-155.88,70.01],[-156.17,70.94],[-156.49,71.87],[-156.84,72.79],[-157.23,73.72],[-157.67,74.64],[-159.93,75.25],[-162.38,75.84],[-165.03,76.4],[-167.89,76.93],[-170.38,77.3],[-173.02,77.65],[-175.8,77.97],[-180,78.28],[-180,79.26]]]}},{"type":"Feature","properties":{"ma":60,"type":"gpml:TopologicalClosedPlateBoundary","name":"NeoTethys","pid":53401,"deforming":false},"geometry":{"type":"Polygon","coordinates":[[[98.15,3.55],[98.67,3.26],[99.2,2.97],[99.95,2.49],[100.71,2.01],[101.47,1.54],[101.95,1.17],[102.44,0.8],[102.9,0.3],[103.36,-0.19],[103.82,-0.69],[104.18,-1.25],[104.54,-1.8],[105.04,-2.21],[105.53,-2.61],[106.01,-3.2],[106.48,-3.78],[107.19,-4.27],[107.91,-4.76],[108.63,-5.26],[108.8,-5.33],[108.8,-5.33],[109.58,-5.19],[110.35,-5.06],[111.13,-4.73],[111.9,-4.39],[112.68,-4.05],[113.45,-3.72],[114.2,-3.32],[114.93,-2.91],[115.67,-2.51],[116.41,-2.11],[116.41,-2.11],[116.32,-1.46],[116.32,-1.46],[116.78,-1.47],[117.31,-1.37],[117.85,-1.28],[118.81,-1.27],[118.99,-1.35],[118.99,-1.35],[118.87,-1.84],[118.76,-2.33],[118.52,-3.17],[118.28,-4.02],[118.04,-4.86],[117.8,-5.7],[117.8,-5.7],[116.85,-5.87],[115.9,-6.03],[114.95,-6.2],[114,-6.36],[113.05,-6.52],[112.1,-6.67],[111.14,-6.83],[110.19,-6.98],[109.24,-7.14],[108.28,-7.29],[107.69,-7.81],[107.11,-8.33],[106.52,-8.85],[106.03,-8.54],[105.48,-9.24],[104.93,-9.95],[104.38,-10.65],[103.82,-11.35],[103.17,-11.12],[102.52,-10.88],[101.87,-10.64],[101.09,-10.35],[100.31,-10.05],[99.53,-9.75],[98.73,-9.78],[97.93,-9.8],[97.13,-9.83],[97.13,-9.83],[97.21,-8.93],[97.29,-8.03],[97.37,-7.13],[97.45,-6.23],[97.52,-5.25],[97.59,-4.27],[97.66,-3.29],[97.73,-2.32],[97.8,-1.34],[97.87,-0.36],[97.94,0.62],[98.01,1.59],[98.08,2.57],[98.15,3.55]]]}},{"type":"Feature","properties":{"ma":60,"type":"gpml:TopologicalClosedPlateBoundary","name":"Proto Molucca Plate North","pid":780,"deforming":false},"geometry":{"type":"Polygon","coordinates":[[[145.5,-10.58],[145.35,-11.44],[145.35,-11.44],[144.37,-11.15],[143.4,-10.86],[142.43,-10.56],[141.47,-10.26],[140.78,-9.94],[140.09,-9.62],[139.4,-9.3],[139.51,-8.77],[139.61,-8.24],[138.83,-7.91],[138.04,-7.57],[137.26,-7.24],[136.48,-6.9],[136.64,-6.37],[135.83,-6.07],[135.01,-5.76],[134.87,-6.05],[134.06,-5.73],[133.25,-5.41],[132.43,-5.08],[131.62,-4.76],[131.45,-5.23],[130.74,-4.99],[130.03,-4.75],[129.76,-5.45],[129.49,-6.15],[128.61,-5.87],[127.72,-5.59],[126.84,-5.31],[125.95,-5.03],[125.07,-4.75],[125.27,-4.02],[125.46,-3.3],[124.67,-3.05],[124.67,-3.05],[124.99,-3.08],[125.9,-3.18],[126.81,-3.29],[127.72,-3.39],[128.71,-3.35],[129.69,-3.31],[130.68,-3.27],[131.37,-3.42],[132.07,-3.56],[132.77,-3.71],[133.58,-4.01],[134.38,-4.31],[135.19,-4.61],[136,-4.91],[136.83,-5.4],[137.67,-5.89],[138.51,-6.38],[139.35,-6.86],[140.05,-7.3],[140.75,-7.74],[141.45,-8.17],[142.01,-8.6],[142.57,-9.03],[143.14,-9.46],[144.11,-9.66],[145.09,-9.85],[145.65,-9.72],[145.5,-10.58]]]}},{"type":"Feature","properties":{"ma":60,"type":"gpml:TopologicalClosedPlateBoundary","name":"South PSP","pid":608,"deforming":false},"geometry":{"type":"Polygon","coordinates":[[[122.29,-2.48],[122.29,-2.48],[121.5,-2.33],[120.68,-2.28],[119.9,-1.9],[119.47,-1.57],[118.81,-1.27],[117.85,-1.28],[117.31,-1.37],[116.78,-1.47],[116.32,-1.46],[116.32,-1.46],[116.2,-0.63],[115.73,0.19],[115.26,1],[114.39,1.14],[113.53,1.28],[112.66,1.43],[111.91,1.9],[111.15,2.36],[110.39,2.83],[110.06,3.5],[109.73,4.17],[109.58,4.83],[109.43,5.48],[109.1,6],[108.76,6.53],[108.55,7.09],[108.35,7.66],[108.23,8.41],[108.12,9.15],[108.09,9.3],[108.09,9.3],[108.92,9.82],[109.74,10.33],[110.32,10.96],[110.89,11.59],[111.47,12.21],[111.99,12.73],[112.52,13.24],[112.52,13.24],[113.41,12.83],[114.29,12.42],[115.17,12.01],[116.05,11.59],[116.86,11.24],[117.66,10.89],[118.46,10.54],[119.27,10.18],[120.06,9.82],[120.83,9.51],[121.6,9.2],[122.37,8.89],[123.13,8.57],[123.38,9.48],[124.21,9.05],[125.04,8.61],[125.87,8.17],[126.69,7.74],[127.52,7.3],[128.34,6.86],[129.16,6.41],[129.97,5.97],[130.15,6.41],[130.93,5.85],[131.72,5.28],[132.5,4.72],[133.27,4.15],[134.05,3.59],[134.83,3.02],[135.6,2.45],[136.38,1.89],[137.16,1.32],[137.93,0.75],[138.7,0.18],[139.41,-0.32],[140.05,-0.75],[140.7,-1.19],[141.35,-1.62],[142.11,-2.09],[142.87,-2.55],[143.63,-3.01],[144.39,-3.48],[145.15,-3.94],[145.15,-3.94],[145.22,-4.69],[145.28,-5.45],[145.36,-6.26],[145.44,-7.08],[145.52,-7.9],[145.6,-8.71],[145.68,-9.53],[145.65,-9.72],[145.65,-9.72],[145.09,-9.85],[144.11,-9.66],[143.14,-9.46],[142.57,-9.03],[142.01,-8.6],[141.45,-8.17],[140.75,-7.74],[140.05,-7.3],[139.35,-6.86],[138.51,-6.38],[137.67,-5.89],[136.83,-5.4],[136,-4.91],[135.19,-4.61],[134.38,-4.31],[133.58,-4.01],[132.77,-3.71],[132.07,-3.56],[131.37,-3.42],[130.68,-3.27],[129.69,-3.31],[128.71,-3.35],[127.72,-3.39],[126.81,-3.29],[125.9,-3.18],[124.99,-3.08],[124.07,-2.99],[123.16,-2.9],[122.57,-2.96],[121.98,-3.02],[122.29,-2.48]]]}},{"type":"Feature","properties":{"ma":60,"type":"gpml:TopologicalClosedPlateBoundary","name":"Sepik","pid":781,"deforming":false},"geometry":{"type":"Polygon","coordinates":[[[114.58,-16.12],[114.86,-15.32],[115.13,-14.51],[115.41,-13.71],[115.68,-12.9],[115.95,-12.1],[116.21,-11.21],[116.47,-10.32],[116.73,-9.43],[116.99,-8.55],[117.24,-7.66],[117.5,-6.77],[117.75,-5.88],[118,-5],[118.25,-4.11],[118.5,-3.22],[118.76,-2.33],[118.87,-1.84],[118.99,-1.35],[118.99,-1.35],[119.47,-1.57],[119.9,-1.9],[120.68,-2.28],[121.5,-2.33],[122.29,-2.48],[122.29,-2.48],[121.98,-3.02],[121.98,-3.02],[122.57,-2.96],[123.16,-2.9],[123.91,-2.98],[124.67,-3.05],[124.67,-3.05],[125.46,-3.3],[125.27,-4.02],[125.07,-4.75],[125.95,-5.03],[126.84,-5.31],[127.72,-5.59],[128.61,-5.87],[129.49,-6.15],[129.76,-5.45],[130.03,-4.75],[130.74,-4.99],[131.45,-5.23],[131.62,-4.76],[132.43,-5.08],[133.25,-5.41],[134.06,-5.73],[134.87,-6.05],[135.01,-5.76],[135.83,-6.07],[136.64,-6.37],[136.48,-6.9],[137.26,-7.24],[138.04,-7.57],[138.83,-7.91],[139.61,-8.24],[139.51,-8.77],[139.4,-9.3],[140.09,-9.62],[140.78,-9.94],[141.47,-10.26],[142.43,-10.56],[143.4,-10.86],[144.37,-11.15],[145.35,-11.44],[145.35,-11.44],[145.19,-12.32],[145.03,-13.2],[144.87,-14.09],[144.71,-14.97],[144.47,-15.89],[144.23,-16.81],[143.98,-17.73],[143.73,-18.65],[143.48,-19.57],[143.48,-19.57],[143.18,-19.35],[143.18,-19.35],[143,-20.03],[142.67,-20.68],[142.33,-21.32],[142.15,-22.07],[141.96,-22.81],[141.77,-23.55],[141.4,-24.21],[141.02,-24.87],[140.77,-25.76],[140.52,-26.65],[140.49,-26.71],[140.49,-26.71],[140.07,-26.87],[139.47,-27.02],[138.88,-27.17],[138.04,-26.73],[137.21,-26.29],[136.75,-25.84],[135.94,-25.23],[135.31,-24.93],[134.68,-24.62],[133.79,-24.46],[132.91,-24.29],[132.02,-24.11],[131.14,-23.93],[130.22,-23.68],[129.29,-23.43],[128.22,-23.32],[127.14,-23.2],[126.22,-23.05],[125.29,-22.89],[124.39,-22.71],[123.49,-22.53],[122.58,-22.34],[121.69,-22.15],[120.79,-21.95],[120.1,-21.54],[119.42,-21.13],[118.74,-20.72],[118.02,-20.22],[117.31,-19.71],[116.59,-19.19],[115.89,-18.68],[115.35,-18.1],[114.82,-17.51],[114.3,-16.93],[114.58,-16.12]]]}},{"type":"Feature","properties":{"ma":60,"type":"gpml:TopologicalClosedPlateBoundary","name":"North PSP","pid":609,"deforming":false},"geometry":{"type":"Polygon","coordinates":[[[143.85,3.05],[144.04,2.34],[144.24,1.62],[144.43,0.69],[144.62,-0.24],[144.8,-1.17],[144.99,-2.11],[145.07,-3.02],[145.15,-3.94],[145.15,-3.94],[144.39,-3.48],[143.63,-3.01],[142.87,-2.55],[142.11,-2.09],[141.35,-1.62],[140.7,-1.19],[140.05,-0.75],[139.41,-0.32],[138.7,0.18],[137.93,0.75],[137.16,1.32],[136.38,1.89],[135.6,2.45],[134.83,3.02],[134.05,3.59],[133.27,4.15],[132.5,4.72],[131.72,5.28],[130.93,5.85],[130.15,6.41],[129.97,5.97],[129.16,6.41],[128.34,6.86],[127.52,7.3],[126.69,7.74],[125.87,8.17],[125.04,8.61],[124.21,9.05],[123.38,9.48],[123.13,8.57],[122.37,8.89],[121.6,9.2],[120.83,9.51],[120.06,9.82],[119.27,10.18],[118.46,10.54],[117.66,10.89],[116.86,11.24],[116.05,11.59],[115.17,12.01],[114.29,12.42],[113.41,12.83],[112.52,13.24],[112.52,13.24],[113.04,13.75],[113.57,14.25],[114.23,14.95],[114.89,15.64],[115.51,15.87],[116.13,16.09],[116.99,16.34],[117.85,16.58],[118.71,16.82],[119.57,17.06],[120.37,17.66],[121.18,18.25],[121.99,18.84],[121.99,18.84],[122.03,19.77],[122.07,20.7],[122.1,21.63],[122.14,22.55],[121.98,23.48],[121.82,24.4],[121.66,25.32],[121.49,26.25],[121.32,27.17],[121.14,28.09],[121.14,28.09],[121.62,27.82],[122.28,27.3],[122.92,26.78],[123.57,26.26],[124.2,25.73],[124.8,25.28],[125.4,24.82],[125.99,24.37],[126.73,23.76],[127.47,23.15],[128.2,22.53],[128.93,21.91],[129.65,21.29],[130.36,20.66],[131.07,20.04],[131.77,19.41],[132.46,18.77],[133.15,18.14],[133.79,17.58],[134.43,17.03],[135.07,16.48],[135.07,16.48],[135.61,15.75],[136.15,15.03],[136.69,14.3],[137.31,13.58],[137.92,12.85],[138.53,12.12],[139.14,11.39],[139.74,10.66],[140.17,9.87],[140.6,9.08],[141.03,8.29],[141.46,7.51],[141.88,6.72],[142.31,5.93],[142.73,5.14],[143.19,4.45],[143.66,3.77],[143.85,3.05]]]}},{"type":"Feature","properties":{"ma":60,"type":"gpml:TopologicalClosedPlateBoundary","name":"Adria","pid":307,"deforming":false},"geometry":{"type":"Polygon","coordinates":[[[11.64,30.83],[11.44,30.92],[10.44,31.29],[9.43,31.65],[8.42,32.01],[7.4,32.35],[6.37,32.69],[5.33,33.02],[4.29,33.34],[3.34,33.72],[2.38,34.08],[1.42,34.45],[0.45,34.8],[0.45,34.8],[1.07,35.42],[1.5,35.84],[1.93,36.27],[2.51,37.05],[2.51,37.05],[2.62,37.03],[3.07,36.59],[3.52,36.15],[3.52,36.15],[3.71,36.05],[4.08,35.97],[4.54,35.86],[5,35.87],[5.28,36.01],[5.92,36.13],[6.3,36.14],[6.58,36.14],[7.07,36.36],[7.49,35.87],[7.91,35.37],[7.96,35.17],[7.88,34.28],[8.18,33.43],[8.5,33.01],[9.18,32.64],[9.86,32.27],[10.46,32.15],[10.96,31.85],[11.12,31.67],[11.56,31.21],[11.64,30.83]]]}},{"type":"Feature","properties":{"ma":60,"type":"gpml:TopologicalClosedPlateBoundary","name":"Alpine Mesh between Eurasia and East. Med. Subduction Zone","pid":0,"deforming":false},"geometry":{"type":"Polygon","coordinates":[[[24.3,39.23],[25,39.21],[25.7,39.18],[26.43,39.15],[27.16,39.12],[27.82,39.08],[28.47,39.04],[29.64,38.65],[30.67,38.3],[31.69,37.94],[32.54,37.87],[33.39,37.81],[34.29,37.75],[35.18,37.69],[35.18,37.69],[34.78,37.03],[34.38,36.37],[33.86,35.5],[33.22,34.68],[33.19,34.62],[33.19,34.62],[32.7,34.73],[31.8,34.91],[30.98,34.93],[30.17,34.97],[29.14,34.95],[28.33,34.91],[27.45,34.88],[26.48,34.82],[25.63,34.76],[24.79,34.67],[23.96,34.6],[23.02,34.47],[22.09,34.39],[21.05,34.33],[20.14,34.25],[19.22,34.19],[18.24,34.26],[17.37,34.37],[16.52,34.43],[15.71,34.62],[14.92,34.89],[14.2,35.21],[13.46,35.6],[13.05,36.29],[13.05,36.29],[12.9,36.81],[12.74,37.33],[12.37,37.94],[12.06,38.55],[11.68,39.14],[11.4,39.84],[11.4,40.27],[11.39,40.24],[11.34,40.28],[11.34,40.28],[11.91,40.31],[12.35,40.33],[12.83,40.35],[13.23,40.37],[13.75,40.38],[14.28,40.4],[13.9,40],[13.85,39.58],[14.14,39.38],[14.61,39.18],[15.19,39],[16,38.93],[17.05,38.96],[17.84,38.96],[18.63,38.95],[19.55,38.97],[20.7,39.07],[21.85,39.16],[23.01,39.24],[23.02,39.25],[24.3,39.23]]]}},{"type":"Feature","properties":{"ma":60,"type":"gpml:TopologicalNetwork","name":"Greater_India_East_Mesh","pid":801,"deforming":true},"geometry":{"type":"Polygon","coordinates":[[[98.35,-46.21],[97.27,-46.34],[96.19,-46.45],[95.11,-46.55],[94.06,-46.64],[93.01,-46.72],[93.01,-46.72],[93.76,-46.34],[94.34,-45.72],[94.91,-45.1],[94.1,-44.66],[93.31,-44.22],[92.54,-43.77],[92.9,-43.11],[93.25,-42.46],[94.08,-42.09],[94.9,-41.71],[95.7,-41.33],[96.05,-40.56],[95.53,-39.78],[96.32,-39.14],[97.01,-39.29],[97.71,-39.43],[98.61,-39.9],[99.51,-39.99],[100.42,-40.08],[101.46,-40.23],[102.51,-40.38],[103.18,-40.23],[103.46,-39.27],[103.9,-38.53],[104.34,-37.78],[104.92,-36.94],[105.25,-36.45],[105.59,-35.97],[105.81,-35.64],[106.59,-35.3],[107.35,-34.94],[108.11,-34.59],[108.81,-34.15],[109.5,-33.7],[109.31,-33.33],[110.27,-32.86],[111.21,-32.38],[112.14,-31.89],[112.9,-31.52],[113.66,-31.14],[114.41,-30.76],[114.75,-31.23],[115.1,-31.71],[115.79,-31.24],[116.48,-30.78],[117.17,-30.31],[117.17,-30.31],[117.79,-30.86],[118.42,-31.4],[119.19,-31.97],[119.97,-32.53],[120.76,-33.09],[121.57,-33.64],[122.38,-34.19],[123.2,-34.73],[124.04,-35.27],[124.04,-35.27],[123.34,-35.51],[122.64,-35.74],[121.67,-36.33],[120.68,-36.91],[119.99,-37.3],[119.3,-37.69],[118.6,-38.07],[118.01,-38.86],[117.17,-39.2],[116.32,-39.53],[115.47,-39.86],[114.41,-40.28],[113.34,-40.68],[112.44,-41.01],[111.53,-41.32],[110.61,-41.63],[109.74,-42.24],[108.85,-42.83],[107.95,-43.36],[107.03,-43.89],[106.1,-44.4],[105.14,-44.63],[104.17,-44.84],[103.19,-45.05],[102.18,-45.28],[101.16,-45.51],[100.14,-45.73],[99.42,-46.08],[98.35,-46.21]]]}},{"type":"Feature","properties":{"ma":60,"type":"gpml:TopologicalNetwork","name":"aus_antarc_india_mesh","pid":801,"deforming":true},"geometry":{"type":"Polygon","coordinates":[[[86.82,-46.71],[86.97,-46.68],[87.88,-46.32],[88.77,-45.95],[89.65,-45.57],[90.03,-45.97],[89.93,-46.75],[89.82,-47.52],[90.5,-47.89],[91.18,-48.25],[91.88,-47.87],[92.38,-47.35],[92.87,-46.81],[93.96,-46.72],[95.04,-46.62],[96.12,-46.5],[97.2,-46.38],[97.2,-46.38],[96.71,-47.27],[96.74,-47.95],[96.78,-48.63],[96.69,-49.13],[96.57,-49.74],[96.45,-50.38],[96.33,-51.02],[96.37,-51.62],[96.42,-52.21],[96.6,-52.94],[96.78,-53.66],[96.91,-54.36],[97.04,-55.05],[96.86,-55.83],[96.66,-56.6],[96.24,-57.15],[95.79,-57.69],[95.79,-57.69],[94.9,-57.59],[93.31,-57.86],[93.02,-57.81],[93.02,-57.81],[93.68,-57.48],[93.44,-56.6],[93.21,-55.71],[93.53,-55.91],[93.76,-56.14],[94.5,-55.68],[94.71,-55.39],[94.83,-55.29],[94.81,-54.65],[94.92,-54.62],[95.22,-54.65],[95.42,-54.61],[95.44,-54.28],[95.33,-53.98],[94.71,-53.51],[94.71,-53.4],[94.31,-53.07],[94.52,-52.98],[93.61,-52.2],[92.77,-51.51],[92.41,-51.06],[92.05,-50.62],[91.29,-50.14],[90.51,-49.6],[89.75,-49.06],[89.12,-48.73],[88.51,-48.11],[88.06,-47.77],[88.06,-47.77],[88.08,-47.66],[87.45,-47.19],[86.82,-46.71]]]}},{"type":"Feature","properties":{"ma":60,"type":"gpml:TopologicalNetwork","name":"IA_PNG_Jurassic_Deforming_Network","pid":615,"deforming":true},"geometry":{"type":"Polygon","coordinates":[[[125.01,-26.16],[125.27,-26.76],[125.52,-27.3],[125.52,-27.3],[126.58,-27.4],[127.25,-27.45],[128.27,-27.65],[128.82,-27.71],[129.34,-27.84],[129.98,-27.99],[130.86,-28.16],[131.4,-28.3],[131.67,-28.32],[132.01,-28.48],[132.01,-28.48],[132.17,-28.12],[132.49,-27.81],[132.49,-27.81],[132.6,-27.81],[133.32,-27.81],[134.25,-28.05],[135.1,-28.37],[135.3,-28.49],[135.28,-28.81],[135.2,-28.93],[135.14,-29.18],[135.14,-29.18],[135.23,-29.22],[135.8,-29.51],[136.21,-29.79],[136.74,-30.42],[137.27,-30.88],[137.87,-31.16],[137.87,-31.16],[137.94,-31.03],[137.94,-31.03],[137.35,-31.31],[136.76,-31.59],[136.35,-32.25],[136.25,-32.37],[136.25,-32.37],[135.83,-32.11],[134.91,-31.63],[134.26,-31.37],[133.6,-31.11],[133.29,-30.97],[132.99,-30.81],[132.73,-30.66],[132.5,-30.46],[132.5,-30.23],[132.57,-30.01],[132.58,-29.96],[132.16,-29.84],[131.84,-29.79],[131.58,-29.68],[131.12,-29.55],[130.45,-29.39],[130.05,-29.23],[129.28,-29.16],[128.85,-29.08],[128.29,-29.04],[127.93,-29.02],[127.3,-28.98],[126.83,-28.93],[125.85,-28.69],[125.51,-28.66],[124.91,-28.6],[124.53,-28.52],[123.75,-28.3],[123.32,-28.21],[122.44,-27.71],[121.57,-27.21],[121.03,-26.5],[120.47,-25.78],[120.42,-25.23],[120.36,-24.68],[120.29,-24.4],[120.29,-24.4],[120.32,-24.4],[120.92,-24.47],[121.51,-24.54],[122.08,-24.76],[122.64,-24.98],[123.21,-25.32],[123.79,-25.65],[124.47,-25.92],[125.01,-26.16]]]}},{"type":"Feature","properties":{"ma":60,"type":"gpml:TopologicalNetwork","name":"Inactive_PNG_Jurassic_Deforming_Network","pid":615,"deforming":true},"geometry":{"type":"Polygon","coordinates":[[[124.86,-22.55],[124.86,-22.55],[124.9,-22.45],[125.52,-21.87],[126.29,-21.56],[127.06,-21.59],[127.82,-21.62],[128.81,-21.81],[129.8,-21.99],[130.83,-22.21],[131.85,-22.42],[132.86,-22.77],[133.88,-23.11],[134.9,-23.44],[135.61,-24.02],[136.33,-24.6],[136.18,-25.1],[136.17,-25.12],[136.17,-25.12],[135.78,-24.91],[135.42,-24.7],[135.03,-24.61],[134.6,-24.51],[133.8,-24.32],[132.87,-24.15],[132.14,-23.99],[131.4,-23.84],[130.82,-23.71],[130.24,-23.58],[129.3,-23.42],[128.43,-23.26],[127.7,-23.2],[126.98,-23.13],[125.96,-22.93],[125.19,-22.82],[125.15,-22.82],[124.86,-22.55]]]}},{"type":"Feature","properties":{"ma":60,"type":"gpml:TopologicalNetwork","name":"Inactive_aus_antarc_india_mesh","pid":802,"deforming":true},"geometry":{"type":"Polygon","coordinates":[[[95.58,-63.93],[94.06,-64.08],[92.52,-64.21],[91.35,-64.48],[90.16,-64.73],[88.83,-64.96],[87.47,-65.17],[86.3,-65.52],[85.11,-65.85],[83.64,-65.91],[82.17,-65.95],[80.87,-65.99],[79.56,-66.01],[77.89,-66.14],[76.2,-66.25],[74.52,-66.5],[72.81,-66.74],[71.27,-67.03],[70.68,-68],[69.44,-68.78],[68.26,-69.23],[66.96,-69.85],[65.58,-70.45],[64.7,-71.22],[63.74,-71.99],[63.16,-71.04],[62.66,-70.15],[62.81,-69.58],[62.96,-69.01],[63.58,-68.51],[64.18,-68.02],[65.07,-67.35],[63.34,-67.54],[60.86,-67.57],[59.17,-67.52],[57.48,-67.45],[55.64,-67.34],[53.82,-67.2],[52.02,-67.04],[50.78,-66.79],[49.57,-66.54],[48.28,-65.92],[46.38,-65.89],[44.49,-66.35],[42.23,-66.77],[39.89,-67.16],[37.83,-67.66],[35.68,-68.13],[33.9,-68.62],[32.04,-69.1],[29.66,-68.94],[27.32,-68.74],[25.48,-68.33],[23.71,-67.91],[22.68,-67.46],[21.69,-67],[21.69,-67],[22.6,-66.62],[23.48,-66.23],[24.21,-65.85],[25.03,-65.55],[26.01,-65.15],[26.45,-65.11],[26.93,-65.19],[27.3,-65.54],[27.35,-65.8],[27.2,-66.1],[27.02,-66.5],[26.94,-66.83],[27.03,-67.06],[27.44,-67.38],[28.19,-67.56],[29.74,-67.72],[31.31,-67.87],[32.09,-67.21],[32.87,-67.26],[33.63,-67.34],[33.84,-67.32],[34.82,-66.66],[35.29,-66.18],[36.09,-65.78],[37.78,-65.4],[39.42,-64.99],[40.46,-64.5],[41.46,-64],[42.98,-63.89],[42.98,-63.89],[45.09,-63.96],[46.38,-64.13],[47.83,-64.29],[50.01,-64.53],[50.38,-63.85],[50.51,-63.79],[51.67,-63.83],[52.83,-63.87],[54.47,-63.9],[56.42,-63.92],[58.14,-64.09],[58.83,-64.11],[59.86,-64.12],[61.47,-64.03],[62.31,-63.95],[63.24,-63.85],[63.86,-64.04],[64.85,-64.32],[66.58,-63.71],[67,-63.76],[67.68,-63.84],[68.89,-63.96],[69.11,-64.35],[69.28,-64.64],[69.89,-64.73],[71.28,-64.82],[72.57,-64.89],[74.33,-65],[75.3,-65.04],[76.69,-65.02],[78.07,-64.98],[78.73,-64.92],[79.11,-64.84],[80.51,-64.74],[81.9,-64.62],[83.19,-64.5],[84.87,-64.21],[86.51,-63.91],[87.54,-63.62],[88.54,-63.31],[88.32,-62.67],[88.17,-62.18],[90.13,-62.04],[92.15,-61.95],[94.16,-61.83],[95.12,-62.11],[95.94,-62.26],[96.68,-62.4],[96.68,-62.4],[96.6,-62.35],[96.6,-62.35],[96.75,-62.93],[96.91,-63.52],[97.09,-63.76],[95.58,-63.93]]]}},{"type":"Feature","properties":{"ma":60,"type":"gpml:TopologicalNetwork","name":"Inactive_Central_Atlantic_Mesh","pid":101,"deforming":true},"geometry":{"type":"Polygon","coordinates":[[[-36.64,37.65],[-36.95,37.88],[-37.52,38.23],[-38.04,38.31],[-38.69,38.8],[-39.2,38.97],[-40.1,38.78],[-41.04,38.78],[-41.98,38.77],[-42.83,38.31],[-43.39,37.93],[-43.76,37.68],[-44.26,37.47],[-44.82,37.37],[-45.49,37.63],[-46.36,38.08],[-47.19,38.25],[-47.89,38.29],[-48.08,38.29],[-48.36,38.16],[-48.75,37.99],[-48.9,37.93],[-49.01,37.88],[-49.11,37.82],[-49.21,37.76],[-49.5,37.61],[-49.85,37.4],[-49.98,37.3],[-50.2,37.17],[-50.36,37.1],[-50.49,37.01],[-50.7,36.89],[-50.91,36.78],[-51.07,36.66],[-51.44,36.62],[-51.77,36.75],[-52.07,36.88],[-52.54,37.05],[-52.81,36.98],[-53.07,36.94],[-53.39,36.96],[-53.73,36.95],[-54.08,36.96],[-54.31,36.97],[-54.59,37],[-54.87,37.07],[-55.22,37.15],[-55.42,37.22],[-55.77,37.08],[-55.95,37.04],[-56.39,37.06],[-57.2,36.98],[-57.86,36.73],[-58.46,36.27],[-58.82,35.63],[-59.24,35.14],[-59.42,34.86],[-59.47,34.44],[-59.48,34.03],[-59.58,33.48],[-60.1,33.01],[-60.59,32.54],[-61.08,32.13],[-61.47,31.78],[-62.13,31.29],[-62.52,30.84],[-63.36,30.67],[-64.26,30.46],[-65.17,30.24],[-65.59,29.92],[-65.92,29.58],[-65.59,29.23],[-65.55,29.02],[-65.8,28.59],[-65.68,28.08],[-65.56,27.17],[-65.5,26.85],[-65.49,26.42],[-65.5,26.35],[-65.5,26.35],[-65.97,26.42],[-66.72,26.61],[-67.42,26.96],[-67.88,27.54],[-68.37,27.94],[-68.97,28.3],[-69.49,28.73],[-69.64,29.25],[-70.39,29.64],[-70.95,30.06],[-71.51,30.48],[-71.51,30.48],[-70.88,30.64],[-70.55,30.67],[-70.25,30.99],[-69.82,31.41],[-69.42,31.76],[-69.02,32.08],[-68.9,32.29],[-68.51,32.41],[-68.15,32.52],[-67.56,32.7],[-66.83,32.88],[-66.09,33.06],[-65.47,33.51],[-64.95,33.98],[-64.74,34.75],[-64.57,35.38],[-63.83,35.72],[-62.92,36.29],[-62.51,36.6],[-61.92,37.08],[-61.34,37.56],[-61.02,38.01],[-60.81,38.45],[-60.29,38.61],[-60.13,38.72],[-59.82,38.7],[-59.44,38.62],[-59.08,38.62],[-58.5,38.76],[-58.19,38.79],[-57.96,38.79],[-57.56,39.05],[-57.14,39.31],[-56.54,39.43],[-56.08,39.74],[-55.8,40.3],[-55.49,40.37],[-54.99,40.23],[-54.32,40.47],[-53.71,40.47],[-52.72,40.49],[-51.69,40.59],[-51.01,40.7],[-49.99,40.78],[-49.3,41.04],[-48.36,41.37],[-47.56,41.58],[-46.83,41.66],[-45.98,41.72],[-45.54,41.71],[-44.93,41.55],[-44.09,41.41],[-43.33,41.39],[-42.7,41.36],[-42.05,41.3],[-41.38,41.21],[-40.57,41.08],[-39.67,40.81],[-38.84,40.53],[-37.88,40.29],[-37.48,40.13],[-37.32,39.89],[-37.06,39.76],[-36.92,39.6],[-36.8,39.48],[-36.62,39.27],[-36.34,39.04],[-36.45,38.94],[-36.66,38.86],[-37.05,38.93],[-37.06,38.73],[-36.96,38.49],[-36.53,38.61],[-36.46,38.61],[-36.32,38.55],[-36.39,38.34],[-36.5,37.94],[-36.19,37.81],[-36.19,37.81],[-36.64,37.65]]]}},{"type":"Feature","properties":{"ma":60,"type":"gpml:TopologicalNetwork","name":"Inactive Deforming Network","pid":701,"deforming":true},"geometry":{"type":"Polygon","coordinates":[[[-2.75,-3.98],[-3.54,-3.57],[-4.33,-3.16],[-4.33,-3.16],[-3.59,-2.71],[-3.16,-2.46],[-3.16,-2.46],[-2.87,-2.53],[-2.1,-2.76],[-1.69,-3.04],[-1.27,-3.32],[-0.93,-3.79],[-0.58,-4.26],[-0.31,-5.01],[-0.32,-5.63],[-0.33,-6.24],[-0.59,-6.94],[-0.84,-7.65],[-1.1,-8.35],[-0.99,-8.85],[-0.88,-9.36],[-0.71,-10.34],[-0.75,-11.21],[-0.69,-11.76],[-0.63,-12.31],[-0.34,-12.78],[-0.05,-13.26],[0.54,-13.71],[0.97,-14.5],[1.16,-14.96],[1.36,-15.42],[1.48,-16.28],[1.55,-17.1],[1.78,-17.91],[2.15,-18.84],[2.4,-19.68],[2.38,-20.34],[2.26,-20.89],[2.14,-21.44],[1.69,-22.2],[1.33,-22.57],[0.96,-22.95],[0.39,-23.78],[0.15,-24.29],[-0.08,-24.8],[-0.33,-25.41],[-0.57,-26.02],[-0.74,-26.55],[-0.91,-27.08],[-0.79,-28.02],[-0.6,-28.65],[-0.41,-29.27],[-0.25,-29.76],[-0.1,-30.25],[0.15,-31.09],[0.58,-31.94],[0.71,-32.6],[0.85,-33.26],[1.02,-34.21],[1.09,-34.76],[1.15,-35.32],[1.26,-35.88],[1.36,-36.45],[1.48,-36.99],[1.6,-37.54],[2.1,-38.35],[2.66,-39.19],[2.94,-39.73],[3.23,-40.27],[3.41,-40.91],[3.59,-41.54],[3.75,-42.47],[3.92,-43.4],[4.17,-44],[4.43,-44.6],[4.98,-45.06],[5.54,-45.5],[6.14,-46.03],[6.75,-46.55],[7.6,-47.12],[7.6,-47.12],[6.89,-47.45],[6.17,-47.77],[6.17,-47.77],[5.63,-47.32],[5.1,-46.87],[5.11,-46.82],[4.4,-46.15],[4.06,-45.83],[3.52,-45.32],[3.05,-44.84],[2.68,-44.45],[2.15,-43.83],[1.91,-43.54],[1.43,-42.86],[0.9,-42.12],[0.65,-41.65],[0.37,-41.13],[0.18,-40.78],[0.12,-40.59],[-0.08,-39.99],[-0.26,-39.45],[-0.3,-39.34],[-0.43,-38.82],[-0.55,-38.31],[-0.57,-38.22],[-0.72,-37.46],[-0.73,-37.42],[-0.82,-36.71],[-0.84,-36.52],[-0.88,-35.95],[-0.9,-35.62],[-0.94,-35.2],[-1,-34.72],[-1.05,-34.45],[-1.19,-33.83],[-1.22,-33.68],[-1.36,-32.94],[-1.36,-32.9],[-1.35,-32.14],[-1.35,-32.03],[-1.38,-31.37],[-1.39,-31.13],[-1.49,-30.59],[-1.56,-30.24],[-1.6,-29.83],[-1.65,-29.34],[-1.66,-29.05],[-1.68,-28.43],[-1.68,-28.31],[-1.67,-27.73],[-1.67,-27.52],[-1.66,-27.42],[-1.63,-27.21],[-1.61,-27.02],[-1.58,-26.71],[-1.57,-26.62],[-1.49,-26.25],[-1.38,-25.73],[-1.36,-25.68],[-1.18,-25.17],[-1.07,-24.87],[-0.87,-24.54],[-0.59,-24.08],[-0.4,-23.52],[-0.3,-23.21],[-0.27,-22.95],[-0.18,-22.31],[-0.17,-22.16],[-0.1,-21.41],[-0.13,-21.26],[-0.3,-20.52],[-0.32,-20.46],[-0.62,-19.76],[-0.66,-19.68],[-0.89,-19],[-0.95,-18.83],[-1,-18.18],[-1.02,-17.92],[-1.06,-17.36],[-1.08,-17.02],[-1.1,-16.58],[-1.13,-16.11],[-1.15,-15.74],[-1.19,-15.21],[-1.35,-14.95],[-1.65,-14.47],[-1.77,-14.36],[-2.34,-13.86],[-2.38,-13.79],[-2.8,-13.12],[-2.82,-13.09],[-2.98,-12.45],[-3.03,-12.22],[-2.93,-11.77],[-2.83,-11.34],[-2.75,-11],[-2.63,-10.46],[-2.63,-10.29],[-2.61,-9.69],[-2.61,-9.55],[-2.55,-9.4],[-2.34,-8.88],[-2.28,-8.72],[-1.64,-8.08],[-1.25,-7.3],[-0.93,-6.57],[-0.88,-6.47],[-0.91,-5.62],[-0.91,-5.58],[-1.39,-4.99],[-1.47,-4.89],[-2.03,-4.45],[-2.19,-4.32],[-2.74,-3.95],[-2.75,-3.98]]]}},{"type":"Feature","properties":{"ma":60,"type":"gpml:TopologicalNetwork","name":"Inactive Deforming Network","pid":201,"deforming":true},"geometry":{"type":"Polygon","coordinates":[[[-24.21,-10.28],[-24.01,-10.86],[-23.95,-11.04],[-23.8,-11.69],[-23.77,-11.82],[-23.63,-12.56],[-23.63,-12.59],[-23.52,-13.32],[-23.51,-13.38],[-23.67,-13.87],[-23.9,-14.4],[-24.05,-14.67],[-24.11,-14.79],[-24.77,-15.25],[-25.13,-15.41],[-25.52,-15.59],[-26.06,-16.18],[-26.19,-16.34],[-26.56,-16.81],[-26.77,-17.1],[-27.03,-17.46],[-27.34,-17.85],[-27.53,-18.1],[-27.88,-18.77],[-27.9,-18.81],[-27.76,-19.58],[-27.74,-19.66],[-27.52,-20.34],[-27.43,-20.48],[-27.08,-21.02],[-27.05,-21.31],[-26.99,-21.8],[-27.07,-22.15],[-27.18,-22.58],[-27.33,-23],[-27.46,-23.33],[-27.6,-23.86],[-27.67,-24.11],[-27.76,-24.71],[-27.79,-24.9],[-27.87,-25.61],[-27.88,-25.69],[-28.08,-26.46],[-28.08,-26.53],[-28.11,-27.26],[-28.13,-27.41],[-28.21,-28.06],[-28.28,-28.19],[-28.56,-28.75],[-28.84,-28.99],[-29.16,-29.24],[-29.33,-29.67],[-29.46,-29.98],[-29.74,-30.21],[-30.05,-30.46],[-30.76,-30.88],[-30.82,-30.91],[-31.43,-31.35],[-32,-31.67],[-32.15,-31.75],[-32.94,-32.02],[-33.76,-32.18],[-34.59,-32.33],[-34.84,-32.41],[-35.39,-32.57],[-36.04,-33.05],[-36.11,-33.15],[-36.49,-33.7],[-36.63,-33.96],[-36.87,-34.42],[-37.14,-34.78],[-37.37,-35.06],[-37.73,-35.49],[-37.91,-35.68],[-38.38,-36.19],[-38.46,-36.28],[-39.01,-36.9],[-39.03,-36.93],[-39.54,-37.52],[-39.61,-37.66],[-39.92,-38.23],[-40.04,-38.49],[-40.28,-38.96],[-40.48,-39.35],[-40.65,-39.68],[-40.96,-40.21],[-41.07,-40.38],[-41.5,-41.01],[-41.53,-41.05],[-42.01,-41.71],[-42.06,-41.78],[-42.49,-42.36],[-42.92,-42.94],[-43.02,-43.04],[-43.49,-43.51],[-43.79,-44.09],[-43.94,-44.26],[-44.23,-44.59],[-44.7,-45.07],[-45.11,-45.5],[-45.6,-45.96],[-46.09,-46.42],[-46.69,-47.1],[-46.96,-47.39],[-47.34,-48.08],[-47.59,-48.52],[-47.84,-49.07],[-48.13,-49.68],[-48.24,-50.07],[-48.48,-50.9],[-48.69,-51.46],[-48.91,-52.02],[-49,-52.45],[-49,-52.45],[-50.47,-52.22],[-50.47,-52.22],[-50.59,-51.51],[-50.58,-51.02],[-50.52,-50.52],[-50.47,-50.02],[-50.24,-49.33],[-50.02,-48.64],[-49.73,-47.94],[-49.34,-47.33],[-48.65,-46.45],[-48.05,-45.8],[-47.46,-45.15],[-46.88,-44.5],[-46.36,-43.83],[-45.94,-43.3],[-45.52,-42.76],[-45.2,-42.51],[-44.51,-41.94],[-43.84,-41.36],[-43.31,-40.89],[-42.79,-40.41],[-42.33,-39.62],[-41.97,-38.81],[-41.52,-37.98],[-41.03,-37.27],[-40.7,-36.67],[-40.16,-35.86],[-39.64,-35.08],[-39.25,-34.26],[-39.13,-34.09],[-38.63,-33.65],[-38.28,-32.71],[-38.31,-31.8],[-38.21,-31.26],[-38.11,-30.73],[-37.72,-30.3],[-37.34,-29.87],[-36.42,-29.29],[-35.85,-29.06],[-35.29,-28.82],[-34.45,-28.46],[-33.66,-28.31],[-32.88,-28.15],[-32.21,-27.95],[-31.53,-27.76],[-30.9,-27.15],[-30.68,-26.68],[-30.43,-26.21],[-30.01,-25.59],[-29.9,-24.97],[-29.8,-24.45],[-29.69,-24],[-29.44,-23.46],[-29.33,-22.89],[-29.13,-22.51],[-29.12,-22.09],[-28.97,-21.62],[-28.78,-21.12],[-28.72,-20.5],[-28.71,-19.86],[-28.58,-19.32],[-28.68,-18.72],[-28.64,-18.21],[-28.57,-17.87],[-28.31,-17.16],[-28.24,-16.68],[-28.23,-16.24],[-28.24,-15.71],[-28.28,-15.25],[-28.36,-14.81],[-28.29,-14.45],[-28.11,-14.18],[-27.89,-13.95],[-27.44,-13.66],[-27.26,-13.42],[-28.11,-13.48],[-28.96,-13.11],[-29.46,-12.81],[-29.8,-13.01],[-29.84,-13.44],[-30.22,-13.45],[-30.58,-13.19],[-30.78,-12.79],[-30.65,-12.51],[-30.26,-12.1],[-29.87,-11.68],[-29.26,-11.44],[-28.88,-11.08],[-28.56,-11.14],[-28.22,-10.62],[-27.85,-10.34],[-27.21,-10.15],[-26.84,-9.84],[-26.91,-9.46],[-27.13,-9.28],[-27.13,-9.28],[-26.46,-9.17],[-25.79,-9.06],[-25.79,-9.06],[-25.52,-9.19],[-25.08,-9.4],[-24.64,-9.84],[-24.21,-10.28]]]}},{"type":"Feature","properties":{"ma":60,"type":"gpml:TopologicalNetwork","name":"Inactive Deforming Network","pid":201,"deforming":true},"geometry":{"type":"Polygon","coordinates":[[[-39.09,-0.9],[-38.96,-1.04],[-38.31,-1.79],[-37.89,-2.17],[-37.56,-2.46],[-36.92,-3.22],[-36.61,-3.49],[-36.18,-3.88],[-35.33,-4.41],[-35.21,-4.47],[-34.5,-4.84],[-34.44,-4.87],[-34.1,-5.19],[-33.72,-5.55],[-33.63,-5.67],[-33.1,-6.34],[-32.79,-6.58],[-32.33,-6.92],[-31.33,-6.99],[-30.82,-7.01],[-30.32,-7.02],[-30.06,-7.06],[-29.33,-7.15],[-29.21,-7.21],[-28.71,-7.43],[-28.42,-7.56],[-28.06,-7.8],[-27.58,-8.12],[-27.24,-8.39],[-26.77,-8.6],[-26.3,-8.81],[-25.79,-9.06],[-25.79,-9.06],[-26.46,-9.17],[-27.13,-9.28],[-27.13,-9.28],[-27.17,-9.25],[-27.71,-9.12],[-28.26,-8.93],[-28.61,-8.77],[-28.61,-8.77],[-28.84,-8.67],[-29.42,-8.49],[-30.17,-8.36],[-30.85,-8.37],[-31.54,-8.38],[-32.42,-8.25],[-33.3,-8.11],[-34.22,-7.76],[-35.07,-7.31],[-35.94,-6.84],[-36.77,-6.48],[-37.32,-6.25],[-37.86,-6.03],[-38.37,-5.79],[-38.87,-5.56],[-39.44,-5.33],[-40.01,-5.1],[-40.35,-4.71],[-40.7,-4.32],[-40.91,-3.82],[-41.12,-3.32],[-41.22,-2.76],[-41.33,-2.2],[-41.58,-1.7],[-41.83,-1.2],[-42.51,-0.47],[-43.03,0.12],[-43.4,0.63],[-43.77,1.14],[-44.13,1.8],[-44.23,2.74],[-44.26,3.42],[-44.51,3.81],[-44.63,3.93],[-44.63,3.93],[-44.62,4.15],[-44.45,4.42],[-43.87,4.36],[-43.35,3.77],[-42.64,3.49],[-42.33,3.39],[-42.33,3.39],[-42.28,2.85],[-42.21,2.29],[-42.15,1.74],[-41.8,1.04],[-41.12,0.55],[-40.45,0.07],[-39.77,-0.42],[-39.09,-0.9]]]}},{"type":"Feature","properties":{"ma":60,"type":"gpml:TopologicalNetwork","name":"Deforming Network","pid":714,"deforming":true},"geometry":{"type":"Polygon","coordinates":[[[-22.39,-0.38],[-23.04,0.07],[-23.69,0.53],[-24.26,1.06],[-24.52,1.56],[-24.77,2.06],[-25.1,2.75],[-25.1,2.75],[-24.5,2.83],[-23.9,2.92],[-23.9,2.92],[-23.68,2.26],[-23.46,1.6],[-22.84,1.03],[-22.26,0.89],[-21.68,0.74],[-21.15,0.13],[-20.61,-0.48],[-20.07,-1.07],[-19.53,-1.65],[-18.91,-2.12],[-18.28,-2.58],[-17.59,-2.82],[-16.75,-2.75],[-15.92,-2.68],[-15.1,-2.68],[-14.29,-2.68],[-13.31,-2.82],[-12.69,-3],[-12.07,-3.19],[-11.29,-3.07],[-10.51,-2.94],[-9.77,-2.67],[-9.02,-2.39],[-8.53,-2.23],[-8.03,-2.08],[-7.08,-2.03],[-6.12,-1.98],[-5.33,-2.09],[-4.53,-2.2],[-3.74,-2.31],[-3.17,-2.46],[-3.17,-2.46],[-3.59,-2.71],[-4.33,-3.16],[-4.33,-3.16],[-4.7,-2.96],[-5.34,-2.85],[-5.97,-2.75],[-6.61,-2.76],[-7.39,-2.78],[-8.25,-2.96],[-8.79,-3.07],[-9.48,-3.29],[-10.16,-3.51],[-10.49,-3.61],[-11.01,-3.77],[-11.53,-3.93],[-11.64,-3.9],[-11.93,-3.83],[-12.26,-3.76],[-12.85,-3.62],[-13.21,-3.5],[-13.71,-3.34],[-14.2,-3.17],[-14.53,-3.2],[-15.07,-3.24],[-15.61,-3.28],[-16.22,-3.36],[-16.83,-3.45],[-17.03,-3.47],[-17.74,-3.48],[-18.45,-3.48],[-18.53,-3.45],[-19.22,-3.13],[-19.74,-2.89],[-19.94,-2.68],[-20.51,-2.09],[-20.74,-1.86],[-21.04,-1.55],[-21.64,-0.94],[-21.75,-0.84],[-22.39,-0.38]]]}},{"type":"Feature","properties":{"ma":60,"type":"gpml:TopologicalNetwork","name":"Inactive_Southern_Central_Atlantic_Mesh","pid":714,"deforming":true},"geometry":{"type":"Polygon","coordinates":[[[-24.46,6.93],[-24.54,6.68],[-24.47,6.43],[-24.64,5.97],[-24.67,5.52],[-24.43,4.75],[-24.15,3.89],[-23.83,3.38],[-23.24,3.01],[-22.66,2.65],[-22.09,1.9],[-21.8,1.23],[-21.33,0.49],[-21.34,0.35],[-21.34,0.35],[-21.68,0.74],[-22.26,0.89],[-22.84,1.03],[-23.46,1.6],[-23.69,2.27],[-23.91,2.94],[-23.91,2.94],[-23.94,2.94],[-24.48,2.86],[-24.81,2.79],[-25.09,2.81],[-25.83,2.75],[-26.45,3.13],[-26.98,3.56],[-26.91,4.2],[-26.81,4.74],[-26.39,5.26],[-26.39,5.26],[-26.36,5.52],[-26.29,5.82],[-26.26,6.07],[-26.2,6.31],[-26.3,6.54],[-26.23,6.89],[-26.14,7.22],[-26.14,7.22],[-25.29,7.13],[-24.44,7.04],[-24.46,6.93]]]}},{"type":"Feature","properties":{"ma":60,"type":"gpml:TopologicalNetwork","name":"Inactive_Rockall_DFM","pid":102,"deforming":true},"geometry":{"type":"Polygon","coordinates":[[[-27.33,70.15],[-27.36,69.77],[-27.39,69.39],[-27.67,69.08],[-28.04,68.6],[-28.03,68.14],[-27.48,67.76],[-27.25,67.17],[-26.87,66.51],[-26.68,65.74],[-26.66,65.12],[-26.77,64.47],[-27.3,63.85],[-27.75,63.24],[-27.84,62.64],[-27.67,61.92],[-27.96,61.48],[-28.09,61.07],[-28.15,60.41],[-28.18,59.6],[-28.55,59.15],[-28.71,58.49],[-28.94,57.93],[-29.24,57.29],[-29.8,56.92],[-30.08,56.47],[-30.38,55.76],[-30.67,55.22],[-30.69,54.53],[-30.65,54.02],[-30.27,53.2],[-29.75,52.68],[-29.26,52.03],[-28.65,51.56],[-28.35,51.09],[-28.33,50.74],[-28.08,50.44],[-27.94,49.94],[-27.71,49.55],[-27.71,49.55],[-27.94,49.3],[-27.94,49.3],[-27.98,49.31],[-28.62,49.49],[-29.18,49.83],[-29.51,49.73],[-29.9,49.73],[-30.45,49.79],[-31.29,49.96],[-31.9,50.17],[-32.24,50.54],[-32.68,50.94],[-33.09,51.39],[-33.5,51.81],[-33.98,52.28],[-34.43,52.75],[-35.09,53.28],[-35.62,53.8],[-36.15,54.28],[-36.58,54.41],[-38.09,54.85],[-38.09,54.85],[-38.1,54.86],[-38.15,55],[-38.18,55.1],[-38.22,55.23],[-38.22,55.38],[-38.22,55.5],[-38.21,55.79],[-37.97,55.96],[-37.76,56.1],[-37.63,56.43],[-37.2,56.82],[-37,57.13],[-36.56,57.55],[-36.38,57.79],[-35.88,57.86],[-35.47,58.1],[-35.26,58.47],[-34.94,58.84],[-34.32,59.34],[-33.94,59.77],[-33.58,60.08],[-33.21,60.39],[-33.17,60.68],[-33.25,61.15],[-33.27,61.66],[-33.29,61.85],[-33.29,61.85],[-33.3,61.97],[-33.26,62.23],[-33.3,62.57],[-33.31,63.02],[-33.51,63.46],[-33.61,63.75],[-33.65,64.1],[-33.69,64.48],[-33.82,65.07],[-33.9,65.52],[-33.92,65.86],[-34.08,66.31],[-34.36,66.86],[-35.13,67.32],[-35.82,67.53],[-36.3,67.9],[-36.52,68.19],[-36.71,68.35],[-36.93,68.52],[-37.12,68.69],[-36.93,68.92],[-37.07,69.22],[-36.75,69.54],[-36.75,69.56],[-36.75,69.56],[-36.73,69.56],[-36.3,69.54],[-35.79,69.51],[-35.4,69.78],[-35.04,70.02],[-34.72,70.23],[-33.93,70.26],[-32.86,70.3],[-32.29,70.49],[-31.57,70.71],[-30.5,70.71],[-29.16,70.71],[-28.51,70.61],[-27.68,70.48],[-27.58,70.47],[-27.33,70.15]]]}},{"type":"Feature","properties":{"ma":60,"type":"gpml:TopologicalNetwork","name":"Inactive_Rockall_DFM","pid":101,"deforming":true},"geometry":{"type":"Polygon","coordinates":[[[-41.41,69.34],[-40.57,69.47],[-39.83,69.58],[-39.46,69.63],[-39.1,69.62],[-38.54,69.6],[-38.1,69.58],[-38.1,69.58],[-37.99,69.07],[-37.55,68.53],[-36.73,68.03],[-36.01,67.51],[-35.21,66.75],[-35.06,66.54],[-35.06,66.54],[-35.07,66.5],[-34.82,66.18],[-34.52,65.81],[-34.23,65.2],[-34.13,64.83],[-34,64.22],[-33.95,63.57],[-33.77,62.68],[-33.69,62.17],[-33.9,61.4],[-34.15,60.97],[-34.14,61.07],[-34.39,60.75],[-35.23,60.17],[-35.8,59.65],[-36.42,59.24],[-37.05,58.69],[-37.52,58.13],[-37.61,57.62],[-37.71,57.56],[-37.71,57.56],[-38.1,57.32],[-38.6,56.83],[-38.74,56.24],[-38.88,55.62],[-38.81,55.34],[-38.76,55.1],[-38.72,54.9],[-38.6,54.67],[-38.49,54.44],[-38.49,54.43],[-38.33,54.31],[-38.18,54.16],[-37.93,53.92],[-37.68,53.66],[-37.46,53.39],[-37.14,53.05],[-36.92,52.66],[-36.7,52.24],[-36.44,51.99],[-36.25,51.76],[-36.09,51.53],[-35.86,51.2],[-35.5,50.84],[-35.34,50.66],[-35.17,50.51],[-34.74,50.28],[-34.59,50.13],[-34.49,49.91],[-34.36,49.68],[-34.14,49.39],[-34.04,49.26],[-33.89,49.01],[-33.34,48.63],[-32.8,48.26],[-32.8,48.26],[-32.91,47.87],[-32.77,47.42],[-32.65,46.95],[-32.62,46.66],[-32.4,46.43],[-32.24,46.17],[-32.13,45.86],[-32.08,45.72],[-31.98,45.6],[-31.98,45.6],[-32.67,45.62],[-33.77,45.65],[-33.77,45.65],[-34.07,45.93],[-34.79,46.5],[-35.53,46.91],[-36.47,47.36],[-36.93,47.75],[-37.33,48.15],[-37.75,48.47],[-38.15,48.84],[-38.55,49.15],[-38.97,49.54],[-39.21,49.85],[-39.58,50.16],[-40.11,50.86],[-40.43,51.63],[-40.67,52.22],[-40.81,52.55],[-40.98,52.94],[-41.27,53.43],[-41.56,54.05],[-41.72,54.53],[-41.99,54.74],[-42.32,55],[-42.55,55.36],[-42.83,55.98],[-42.83,56.62],[-42.78,57.12],[-42.36,57.61],[-42.23,58.06],[-41.82,58.74],[-41.48,59.24],[-41.27,59.65],[-40.75,60],[-40.36,60.28],[-39.84,60.82],[-39.58,61.33],[-39.21,61.72],[-38.82,62.1],[-38.86,62.69],[-38.94,63.07],[-39.29,63.34],[-39.53,63.62],[-39.61,63.97],[-39.44,64.31],[-39.36,64.72],[-39.3,65.19],[-39.49,65.61],[-39.71,66.09],[-40.04,66.5],[-40.32,66.92],[-41.13,67.38],[-41.65,67.78],[-42.12,68.37],[-42.57,68.66],[-42.64,69.02],[-41.41,69.34]]]}},{"type":"Feature","properties":{"ma":60,"type":"gpml:TopologicalNetwork","name":"Inactive_Mesozoic Southern South America Deformation","pid":201,"deforming":true},"geometry":{"type":"Polygon","coordinates":[[[-49.36,-52.08],[-48.18,-52.25],[-48.18,-52.25],[-48.22,-52.69],[-47.98,-52.82],[-47.75,-52.8],[-47.16,-52.99],[-46.25,-53.29],[-45.33,-53.59],[-44.36,-53.88],[-43.38,-54.16],[-42.78,-54.26],[-42.58,-54.32],[-41.47,-54.52],[-40.19,-54.6],[-38.82,-54.61],[-38.4,-54.67],[-37.02,-54.68],[-35.64,-54.68],[-35.41,-54.71],[-34.32,-54.68],[-33.16,-54.62],[-32.16,-54.57],[-31.16,-54.52],[-30.92,-54.49],[-30.03,-54.46],[-28.46,-54.39],[-28.28,-54.37],[-28.22,-54.38],[-27.57,-54.7],[-27.57,-54.7],[-28.07,-55.23],[-28.9,-55.74],[-29.75,-56.23],[-30.7,-56.96],[-30.7,-56.96],[-30.84,-57.05],[-31,-57.1],[-31.96,-57.25],[-32.57,-57.52],[-33.02,-57.61],[-33.31,-57.83],[-34.87,-57.96],[-36.45,-58.06],[-37.6,-58.18],[-38.75,-58.3],[-38.96,-58.32],[-38.96,-58.32],[-40.24,-58.88],[-41.13,-59.13],[-42.03,-59.38],[-43.55,-59.51],[-45.07,-59.61],[-46.26,-59.74],[-47.47,-59.87],[-48.8,-59.81],[-50.13,-59.73],[-51.73,-59.7],[-53.33,-59.65],[-55.21,-59.78],[-57.1,-59.88],[-58.27,-59.89],[-59.45,-59.89],[-60.54,-59.86],[-61.62,-59.82],[-63.09,-59.6],[-64.55,-59.36],[-65.95,-58.9],[-67.32,-58.43],[-68.65,-57.94],[-69.35,-57.67],[-69.35,-57.67],[-69.41,-57.49],[-69.61,-57.09],[-69.63,-56.76],[-69.63,-56.6],[-69.57,-56.36],[-69.61,-55.95],[-69.66,-55.57],[-69.72,-55.3],[-69.76,-54.99],[-69.78,-54.71],[-69.81,-54.56],[-69.89,-54.33],[-69.82,-53.83],[-69.73,-53.33],[-69.67,-53.04],[-69.45,-52.73],[-69.23,-52.35],[-68.92,-52.03],[-68.53,-51.63],[-68.39,-51.25],[-68.4,-50.88],[-68.31,-50.63],[-68.3,-50.24],[-68.25,-49.93],[-68.24,-49.84],[-68.24,-49.68],[-68.18,-49.3],[-68.11,-48.94],[-68,-48.71],[-67.87,-48.39],[-67.73,-48.04],[-67.59,-47.45],[-67.42,-46.97],[-67.3,-46.45],[-67.18,-46.04],[-67.09,-45.6],[-67.07,-45.24],[-67.01,-44.89],[-66.99,-44.5],[-66.92,-44.22],[-66.83,-43.85],[-66.62,-43.56],[-66.37,-42.98],[-66.37,-42.98],[-66.31,-42.5],[-66.17,-42.07],[-65.86,-41.35],[-65.55,-40.63],[-65.37,-39.74],[-65.19,-38.85],[-65.02,-37.96],[-64.85,-37.07],[-64.69,-36.18],[-64.69,-36.18],[-63.78,-36.39],[-62.87,-36.61],[-61.95,-36.81],[-60.83,-37.13],[-59.7,-37.44],[-58.83,-37.69],[-57.95,-37.94],[-57,-38.18],[-56.06,-38.41],[-54.84,-38.55],[-53.61,-38.68],[-52.59,-39.01],[-51.57,-39.32],[-50.8,-39.43],[-50.02,-39.53],[-49.04,-39.56],[-48.05,-39.59],[-47.39,-39.52],[-46.73,-39.44],[-45.88,-39.75],[-45.64,-40.26],[-45.01,-40.92],[-44.25,-41.2],[-43.71,-41.24],[-43.71,-41.24],[-43.84,-41.36],[-44.51,-41.94],[-45.2,-42.51],[-45.52,-42.76],[-45.94,-43.3],[-46.36,-43.83],[-46.88,-44.5],[-47.46,-45.15],[-48.05,-45.8],[-48.65,-46.45],[-49.34,-47.33],[-49.73,-47.94],[-50.02,-48.64],[-50.24,-49.33],[-50.47,-50.02],[-50.52,-50.52],[-50.58,-51.02],[-50.59,-51.51],[-50.53,-51.9],[-49.36,-52.08]]]}},{"type":"Feature","properties":{"ma":60,"type":"gpml:TopologicalNetwork","name":"Inactive_mesh","pid":702,"deforming":true},"geometry":{"type":"Polygon","coordinates":[[[40.35,-26.97],[40.32,-27],[40.31,-27.19],[40.04,-27.93],[39.72,-28.07],[39.71,-28.16],[39.76,-28.31],[39.7,-28.46],[39.49,-28.91],[39.49,-29.14],[39.34,-29.55],[39.05,-30.12],[39.01,-30.33],[38.98,-30.76],[38.64,-31.23],[38.54,-31.42],[38.57,-31.71],[38.56,-31.88],[38.46,-32.05],[38.46,-32.2],[38.35,-32.63],[38.33,-32.97],[38.33,-32.97],[38.27,-33.01],[38.05,-33.32],[37.97,-33.63],[37.96,-34.08],[37.75,-34.38],[37.7,-34.71],[37.59,-35.01],[37.59,-35.17],[37.68,-35.36],[37.57,-35.56],[37.31,-36.19],[36.93,-36.37],[36.3,-36.35],[36.3,-36.35],[36.68,-35.59],[37.05,-34.84],[37.41,-34.09],[37.56,-33.43],[37.71,-32.77],[37.85,-32.11],[38.1,-31.37],[38.34,-30.63],[38.59,-29.89],[38.74,-29.22],[38.89,-28.55],[39.05,-27.87],[39.24,-27.21],[39.43,-26.55],[39.62,-25.88],[39.76,-24.96],[39.89,-24.04],[39.89,-24.04],[39.95,-24.06],[39.94,-24.44],[40.08,-24.64],[40.1,-24.86],[40.18,-25.07],[40.09,-25.86],[40.52,-26.15],[40.42,-26.43],[40.35,-26.97]]]}},{"type":"Feature","properties":{"ma":60,"type":"gpml:TopologicalNetwork","name":"Inactive_mesh","pid":501,"deforming":true},"geometry":{"type":"Polygon","coordinates":[[[53.5,-25.36],[52.91,-24.99],[52.18,-25.21],[51.64,-25.05],[51.61,-24.5],[51.57,-23.95],[51.98,-23.44],[52.07,-22.95],[52.07,-22.95],[52.14,-22.39],[52.44,-22.17],[52.8,-21.58],[52.69,-21.07],[52.57,-20.53],[52.45,-19.98],[52.31,-19.15],[52.21,-18.26],[52.35,-17.83],[52.34,-16.96],[52.38,-16.5],[52.32,-15.62],[52.22,-14.95],[52.13,-14.66],[52.07,-14.39],[51.95,-13.97],[51.59,-13.47],[51.23,-12.85],[51.1,-12.35],[50.97,-11.86],[50.92,-11.16],[50.85,-10.43],[50.68,-9.69],[50.36,-9.17],[50.01,-8.28],[49.83,-7.77],[49.65,-7.25],[49.5,-6.65],[49.23,-6.33],[49.12,-5.73],[49.12,-5.73],[49.98,-5.6],[50.36,-5.54],[50.36,-5.54],[50.44,-6.17],[50.67,-6.83],[50.91,-7.49],[51.08,-8.15],[51.25,-8.81],[51.42,-9.47],[51.65,-10.15],[51.88,-10.84],[52.11,-11.52],[52.3,-12.28],[52.5,-13.04],[52.7,-13.79],[52.85,-14.7],[53.01,-15.6],[53.16,-16.5],[53.24,-17.19],[53.31,-17.87],[53.39,-18.55],[53.5,-19.36],[53.62,-20.17],[53.73,-20.98],[53.85,-21.78],[54,-22.68],[54.16,-23.57],[54.31,-24.46],[54.47,-25.06],[54.47,-25.06],[53.77,-25.39],[53.5,-25.36]]]}},{"type":"Feature","properties":{"ma":60,"type":"gpml:TopologicalNetwork","name":"Inactive_Mesozoic Africa Basins","pid":701,"deforming":true},"geometry":{"type":"Polygon","coordinates":[[[5.64,24.34],[6.62,24],[7.58,23.65],[8.55,23.3],[9.51,22.95],[10.46,22.58],[11.41,22.21],[12.35,21.84],[12.35,21.84],[12,21.31],[11.93,20.58],[11.85,19.85],[11.78,19.12],[12.1,18.55],[12.42,17.98],[12.85,17.62],[13.28,17.27],[13.18,16.54],[13.09,15.82],[12.99,15.09],[12.37,14.78],[11.75,14.47],[10.92,14.43],[10.21,14.07],[9.5,13.71],[8.49,13.75],[7.49,13.78],[6.47,13.64],[5.76,13.3],[5.05,12.96],[4.43,12.94],[3.81,12.91],[3.2,12.59],[2.6,12.26],[2.84,11.66],[3.07,11.05],[3.2,10.47],[3.33,9.88],[3.68,9.4],[3.54,8.5],[3.81,7.83],[4.08,7.17],[4.32,6.67],[4.57,6.16],[4.82,5.59],[5.07,5.02],[5.14,4.53],[5.21,4.03],[4.89,3.37],[4.37,2.73],[4.37,2.73],[4.6,2.28],[4.76,2],[5.56,1.69],[5.77,1.27],[5.72,1.03],[6,0.52],[6.48,0.14],[6.98,0.21],[7.42,-0.05],[7.87,-0.32],[8.27,-0.64],[8.68,-0.95],[9.2,-0.83],[9.72,-0.71],[10.6,-0.47],[11.48,-0.22],[12.29,-0.18],[13.09,-0.14],[13.6,0.08],[14.11,0.31],[14.96,0.46],[15.81,0.61],[16.23,0.91],[16.66,1.21],[17.38,1.12],[18.21,1.56],[18.61,1.08],[19.2,0.35],[19.57,-0.12],[19.95,-0.59],[20.18,-1.27],[20.41,-1.94],[20.65,-2.62],[21.08,-3.46],[21.49,-3.81],[21.9,-4.15],[22.46,-3.92],[22.84,-3.51],[22.51,-2.77],[22.11,-2.26],[21.71,-1.75],[21.77,-1.18],[21.84,-0.62],[22.08,-0.09],[22.33,0.44],[22.62,0.73],[22.98,0.6],[23.27,-0.25],[23.57,-1.09],[23.74,-1.8],[23.91,-2.51],[23.92,-3.07],[23.94,-3.62],[23.66,-4.02],[23.74,-4.88],[24.28,-5.68],[24.97,-5.7],[25.66,-5.72],[26.25,-5.91],[26.91,-5.39],[27.56,-4.88],[27.68,-4.27],[27.81,-3.66],[28.3,-3.11],[28.8,-2.56],[29.17,-2.18],[29.54,-1.8],[30.27,-1.41],[30.99,-1.01],[31.71,-0.61],[32.43,-0.21],[33.39,0.05],[34.35,0.32],[35.31,0.58],[36.12,0.81],[36.94,1.03],[37.75,1.25],[38.55,1.47],[39.35,1.69],[40.15,1.91],[40.81,2.06],[41.47,2.22],[42.13,2.38],[42.89,2.54],[43.65,2.7],[44.41,2.85],[44.41,2.85],[44.22,2.15],[44.13,2.05],[44.13,2.05],[44.13,2.05],[43.38,1.84],[42.63,1.64],[41.89,1.43],[41.14,1.22],[40.33,0.93],[39.53,0.63],[38.72,0.34],[37.85,0.09],[36.98,-0.16],[36.12,-0.41],[35.24,-0.63],[34.37,-0.84],[33.5,-1.06],[32.72,-1.3],[31.95,-1.53],[31.17,-1.77],[30.69,-2.22],[30.21,-2.67],[29.63,-3.23],[29.05,-3.8],[28.52,-4.54],[27.98,-5.29],[27.44,-6.04],[26.7,-6.37],[25.97,-6.69],[25.13,-6.49],[24.28,-6.29],[23.44,-6.08],[22.78,-5.95],[22.12,-5.83],[21.46,-5.7],[20.7,-5.15],[19.94,-4.6],[19.76,-3.7],[19.29,-3.51],[18.82,-3.32],[18.51,-2.7],[17.8,-2.12],[17.1,-1.54],[16.4,-0.96],[15.7,-0.39],[14.85,-0.34],[14,-0.3],[13.27,-0.57],[12.53,-0.85],[11.8,-1.13],[10.85,-1.34],[9.91,-1.55],[8.96,-1.76],[8.31,-1.89],[7.65,-2.02],[6.85,-2.24],[6.06,-2.46],[5.5,-2.82],[4.93,-3.17],[4.18,-3.34],[3.42,-3.51],[2.72,-3.56],[2.02,-3.6],[1.22,-4.01],[0.42,-4.42],[-0.38,-4.82],[-0.38,-4.82],[-0.58,-4.26],[-0.93,-3.79],[-1.27,-3.32],[-1.69,-3.04],[-2.1,-2.76],[-2.87,-2.53],[-3.16,-2.46],[-3.16,-2.46],[-2.99,-2.35],[-2.78,-2.25],[-2.78,-2.25],[-3.11,-1.6],[-3.33,-0.95],[-3.96,-0.3],[-4.49,0.09],[-4.79,0.79],[-5.09,1.49],[-5.64,1.94],[-6.18,2.32],[-6.1,2.74],[-6.19,3.4],[-6.48,3.89],[-6.64,4.51],[-6.8,5.12],[-6.95,6.04],[-7.21,6.81],[-7.9,7.09],[-8.53,7.39],[-8.82,7.81],[-8.98,8.29],[-9.14,8.77],[-9.27,9.48],[-9.03,10.14],[-8.31,10.53],[-8.17,9.98],[-8.03,9.43],[-7.59,8.57],[-6.89,8.28],[-6.23,8.53],[-5.98,9.15],[-5.73,9.76],[-5.16,10.13],[-4.58,10.5],[-3.66,10.68],[-2.74,10.86],[-2.34,11.2],[-1.94,11.53],[-1.4,12.08],[-0.78,11.71],[-0.16,11.33],[0.41,11.28],[0.97,11.23],[1.24,11.71],[1.51,12.19],[1.86,12.84],[2.21,13.5],[2.41,14.44],[2.61,15.38],[2.74,16.22],[2.86,17.06],[3,17.81],[3.14,18.56],[3.56,19.23],[3.99,19.9],[4.5,20.51],[5.01,21.13],[4.95,21.94],[4.89,22.75],[4.78,23.71],[4.66,24.67],[5.64,24.34]]]}},{"type":"Feature","properties":{"ma":60,"type":"gpml:TopologicalNetwork","name":"Inactive_ant_Zealandia_deformation_network","pid":813,"deforming":true},"geometry":{"type":"MultiPolygon","coordinates":[[[[180,-62.73],[180,-63.64],[180,-64.55],[180,-65.46],[180,-66.37],[178.23,-66.28],[177.27,-65.92],[177.18,-65.8],[177.18,-65.8],[177.66,-65.4],[178.49,-64.68],[179.28,-63.94],[179.5,-63.08],[179.74,-62.11],[180,-61.82],[180,-62.73]]],[[[-180,-65.46],[-180,-64.55],[-180,-63.64],[-180,-62.73],[-180,-61.82],[-179.67,-61.45],[-179.02,-60.71],[-178.15,-60.09],[-177.32,-59.46],[-175.98,-58.78],[-174.7,-58.08],[-173.69,-57.55],[-172.7,-57.01],[-171.75,-56.46],[-171.05,-55.84],[-171.14,-55.29],[-170.16,-55.16],[-168.7,-54.95],[-167.34,-54.73],[-166.42,-54.6],[-165.51,-54.47],[-165.11,-54.4],[-164.52,-54.31],[-163.87,-54.2],[-163.07,-54.06],[-161.9,-53.99],[-160.74,-53.91],[-160.06,-53.56],[-159.4,-53.19],[-158.42,-53.2],[-157.43,-53.2],[-156.26,-53.45],[-155.07,-53.69],[-153.62,-53.95],[-152.15,-54.2],[-150.8,-54.4],[-149.43,-54.59],[-148.06,-54.77],[-146.67,-54.92],[-145.49,-55.12],[-144.3,-55.31],[-143.1,-55.48],[-142.95,-55.79],[-142.95,-55.79],[-144.32,-56.09],[-145.7,-56.36],[-147.11,-56.62],[-148.53,-56.87],[-149.94,-57.28],[-151.38,-57.67],[-152.66,-57.76],[-153.95,-57.84],[-155.56,-57.92],[-157.18,-57.97],[-158.81,-58.01],[-159.71,-58.2],[-160.63,-58.38],[-160.01,-58.77],[-159.39,-59.16],[-158.58,-59.36],[-157.69,-59.98],[-157.56,-60.72],[-158.43,-61.31],[-159.32,-61.89],[-160.87,-62.17],[-162.45,-62.44],[-164.05,-62.69],[-165.13,-63.04],[-166.24,-63.39],[-167,-63.78],[-167.79,-64.17],[-168.84,-64.71],[-169.92,-65.25],[-169.92,-65.25],[-171.91,-65.58],[-173.94,-65.89],[-176.02,-66.17],[-177.93,-66.29],[-179.85,-66.38],[-180,-66.37],[-180,-65.46]]]]}},{"type":"Feature","properties":{"ma":60,"type":"gpml:TopologicalNetwork","name":"Inactive_mesh_yucatan","pid":2004,"deforming":true},"geometry":{"type":"Polygon","coordinates":[[[-72,24.08],[-71.97,23.81],[-71.98,23.3],[-71.99,22.78],[-72.44,21.98],[-72.91,21.57],[-73.37,21.15],[-73.73,20.68],[-74.28,20.18],[-74.92,19.62],[-75.4,18.95],[-75.89,18.21],[-76.11,17.7],[-76.67,17.19],[-77.24,16.68],[-77.73,16.33],[-78.25,15.97],[-78.7,16.04],[-79.06,16.27],[-79.58,16.72],[-80.34,16.83],[-80.92,17.25],[-81.64,17.55],[-82.21,17.95],[-82.93,18.5],[-83.39,19.01],[-83.63,19.55],[-83.56,19.98],[-83.69,20.28],[-83.51,20.66],[-83.41,21.23],[-83.21,22.2],[-82.76,22.65],[-82.26,22.72],[-82.26,22.72],[-82.11,22.89],[-81.66,23.41],[-81.37,23.7],[-81.01,23.94],[-80.83,24.36],[-80.21,24.67],[-79.87,25.14],[-79.52,25.36],[-79.12,25.54],[-78.65,25.84],[-78.24,25.92],[-77.6,25.99],[-76.98,25.98],[-76.1,25.92],[-75.69,25.98],[-75.41,26.18],[-74.89,26.25],[-74.24,26.05],[-73.81,25.68],[-73.4,25.31],[-72.9,24.95],[-72.53,24.42],[-72,24.08]]]}},{"type":"Feature","properties":{"ma":60,"type":"gpml:TopologicalNetwork","name":"Inactive_Proto_Caribbean_Mesh","pid":101,"deforming":true},"geometry":{"type":"Polygon","coordinates":[[[-92.78,26.45],[-92.31,27.04],[-91.78,27.7],[-91.33,28.48],[-90.9,29.33],[-90.68,30.16],[-90.09,31],[-89.5,31.83],[-88.9,32.66],[-88.24,33.23],[-87.58,33.8],[-86.91,34.37],[-86.29,34.46],[-85.67,34.56],[-84.5,34.81],[-83.85,34.78],[-83.21,34.74],[-82.31,34.71],[-81.42,34.68],[-80.32,34.3],[-79.7,34.13],[-79.09,33.95],[-78.47,33.81],[-77.85,33.67],[-77.2,33.47],[-76.56,33.28],[-75.7,33.02],[-74.85,32.59],[-73.85,32.23],[-73.85,32.23],[-73.14,31.58],[-72.5,31.17],[-71.87,30.75],[-71.13,30.2],[-70.39,29.64],[-69.64,29.25],[-69.49,28.73],[-68.97,28.3],[-68.37,27.94],[-67.88,27.54],[-67.42,26.96],[-66.72,26.61],[-65.97,26.42],[-65.5,26.35],[-65.5,26.35],[-65.56,25.94],[-65.59,25.64],[-65.59,25.64],[-65.51,25.63],[-65.33,25.44],[-64.62,25.45],[-64.38,24.98],[-64.14,24.51],[-63.87,24.52],[-63.47,24.48],[-63.47,24.48],[-63.43,24.33],[-63.15,24.04],[-62.7,23.62],[-62.21,22.91],[-61.79,22.27],[-61.53,21.76],[-61,21.26],[-60.52,20.96],[-60.1,20.71],[-59.67,20.27],[-59.05,19.76],[-58.95,19.3],[-59.58,19.08],[-60.2,18.69],[-61.23,18.65],[-61.97,18.88],[-62.49,19.25],[-62.95,19.58],[-63.4,19.91],[-64.22,20.47],[-64.83,20.96],[-65.24,21.28],[-65.66,21.61],[-66.29,21.95],[-66.93,22.29],[-67.42,22.53],[-67.92,22.77],[-68.31,22.91],[-68.31,22.91],[-68.7,23.19],[-69.37,23.71],[-70.14,24.21],[-70.87,24.88],[-71.42,25.28],[-71.61,25.49],[-71.61,25.49],[-71.6,25.58],[-71.48,25.93],[-71.78,26.47],[-71.93,26.99],[-72.11,27.3],[-72.53,27.47],[-73.15,27.66],[-73.8,27.87],[-74.46,28.09],[-75.16,28.29],[-75.85,28.49],[-76.21,28.48],[-76.87,28.58],[-77.52,28.68],[-78.17,28.66],[-78.77,28.68],[-79.36,28.69],[-80.2,28.61],[-81.06,28.39],[-81.51,28.22],[-82.04,27.71],[-82.56,27.2],[-82.97,26.87],[-83.24,26.54],[-83.71,26.12],[-84.17,25.71],[-84.34,25.46],[-84.43,25.05],[-84.41,24.31],[-84.41,23.86],[-84.41,23.86],[-84.38,23.73],[-84.36,23.21],[-84.34,22.7],[-84.12,21.98],[-84.02,21.5],[-83.94,20.74],[-83.86,19.99],[-83.84,19.79],[-83.84,19.79],[-84.32,19.74],[-85.02,19.93],[-85.54,20.12],[-86.06,20.31],[-86.67,20.49],[-87.29,20.66],[-88.06,20.9],[-88.83,21.12],[-89.75,21.35],[-90.42,21.65],[-90.46,21.67],[-90.46,21.67],[-90.59,22.14],[-90.79,22.74],[-90.96,23.19],[-91.29,23.44],[-91.59,23.74],[-91.88,24.04],[-92.23,24.4],[-92.54,24.73],[-92.78,25.11],[-93.05,25.41],[-93.25,25.85],[-92.78,26.45]]]}},{"type":"Feature","properties":{"ma":60,"type":"gpml:TopologicalNetwork","name":"Inactive_aus_antarc_india_mesh","pid":501,"deforming":true},"geometry":{"type":"Polygon","coordinates":[[[58.03,-20.22],[58.23,-19.98],[58.45,-19.3],[58.66,-18.62],[58.98,-17.98],[59.3,-17.34],[59.96,-17.02],[60.62,-16.69],[61.3,-16.6],[61.99,-16.51],[62.71,-16.18],[63.43,-15.85],[63.95,-15.51],[64.48,-15.17],[65.04,-14.76],[65.6,-14.35],[66.24,-13.79],[66.87,-13.24],[67.49,-12.98],[68.11,-12.73],[68.69,-12.79],[69.27,-12.86],[69.98,-12.69],[70.68,-12.52],[71.14,-12.02],[71.6,-11.52],[72.07,-11.01],[72.67,-10.43],[73.27,-9.85],[73.91,-9.32],[74.55,-8.8],[75.37,-8.23],[76.18,-7.67],[76.88,-7.1],[77.58,-6.52],[77.47,-5.86],[77.37,-5.2],[77.59,-4.29],[77.68,-3.76],[77.76,-3.23],[77.76,-3.23],[78.19,-3.9],[78.6,-4.46],[78.9,-4.95],[79.25,-5.45],[79.59,-5.95],[79.82,-6.3],[80.34,-7.01],[80.65,-7.49],[80.97,-7.96],[80.86,-8.35],[80.59,-9.21],[80.32,-10.06],[79.74,-10.66],[79.17,-11.26],[78.61,-11.59],[78.04,-11.92],[77.94,-12.21],[77.48,-12.81],[77.02,-13.42],[76.2,-13.7],[75.74,-14.54],[74.8,-14.55],[73.85,-14.56],[73.33,-14.36],[72.81,-14.17],[72.51,-14.04],[71.81,-14.08],[71.1,-14.11],[70.39,-14.13],[69.8,-14.13],[69.65,-14.17],[69.41,-14.21],[69.26,-14.27],[69.13,-14.3],[68.9,-14.38],[68.72,-14.45],[68.57,-14.48],[68.35,-14.57],[68.2,-14.64],[67.99,-14.7],[67.83,-14.73],[67.67,-14.75],[67.53,-14.78],[67.22,-14.81],[67,-14.86],[66.81,-14.88],[66.54,-14.85],[66.32,-14.88],[66.02,-14.98],[65.89,-15.03],[65.68,-15.14],[65.45,-15.32],[64.99,-15.64],[64.76,-15.78],[64.53,-15.89],[64.28,-16.02],[64,-16.19],[63.46,-16.53],[63.4,-16.58],[63.01,-16.8],[62.45,-16.97],[62.32,-17.03],[61.68,-17.35],[61.34,-17.49],[60.79,-17.61],[60.3,-17.79],[59.77,-18.13],[59.53,-18.38],[59.35,-19.04],[59.27,-19.44],[59.25,-20.09],[58.42,-20.68],[58.42,-20.68],[58.03,-20.22]]]}},{"type":"Feature","properties":{"ma":60,"type":"gpml:TopologicalNetwork","name":"Inactive_Mesh","pid":702,"deforming":true},"geometry":{"type":"Polygon","coordinates":[[[34.19,-36.6],[34.24,-36.5],[33.95,-36.45],[33.77,-36.23],[33.55,-36.05],[33.38,-35.78],[33.37,-35.59],[33.11,-35.35],[33.14,-35.12],[33.08,-34.94],[33.14,-34.73],[33.07,-34.22],[32.84,-33.92],[32.62,-33.53],[32.51,-33.14],[32.62,-32.98],[32.55,-32.78],[32.72,-32.62],[32.72,-32.4],[33.02,-32.19],[33.53,-31.5],[33.73,-31.12],[33.64,-30.91],[33.56,-30.78],[33.69,-30.39],[33.47,-29.93],[33.26,-29.46],[32.89,-29.01],[32.55,-28.33],[32.57,-27.82],[32.98,-27.38],[33.38,-26.93],[34.2,-26.59],[34.9,-26.75],[35.23,-26.64],[35.72,-26.3],[36.13,-26.18],[36.71,-25.61],[37.29,-25.04],[37.31,-24.61],[37.58,-24.22],[37.94,-23.74],[38.14,-23.04],[38.34,-22.99],[38.48,-22.89],[38.79,-22.87],[38.9,-22.87],[38.9,-22.87],[39.04,-23.06],[39.37,-23.36],[39.78,-23.56],[39.69,-24.29],[39.6,-25.02],[39.5,-25.76],[39.5,-25.76],[39.24,-25.93],[38.56,-26.39],[37.88,-26.83],[37.19,-27.28],[36.34,-27.92],[35.48,-28.56],[35.31,-29.37],[35.13,-30.19],[35.01,-31.06],[34.89,-31.94],[35,-32.82],[35.12,-33.71],[35.24,-34.44],[35.36,-35.18],[35.68,-35.87],[36,-36.55],[35.75,-36.94],[35.75,-36.94],[35.38,-37.11],[34.48,-36.92],[34.19,-36.6]]]}},{"type":"Feature","properties":{"ma":60,"type":"gpml:TopologicalNetwork","name":"West_Antarctica_Inactive_Mesh","pid":802,"deforming":true},"geometry":{"type":"Polygon","coordinates":[[[21.63,-66.97],[22.65,-67.44],[23.71,-67.91],[25.48,-68.33],[27.32,-68.74],[27.53,-68.76],[27.53,-68.76],[27.21,-69.01],[25.11,-69.5],[22.92,-69.96],[21.04,-70.44],[19.08,-70.89],[17.23,-70.98],[15.36,-71.05],[12.97,-70.92],[10.61,-70.77],[8.64,-70.79],[6.66,-70.8],[4.74,-70.98],[2.79,-71.14],[0.86,-71.21],[-1.09,-71.26],[-3.26,-71.47],[-5.47,-71.66],[-8.52,-71.7],[-11.56,-71.68],[-14.19,-71.93],[-16.89,-72.13],[-16.89,-72.13],[-16.91,-71.63],[-16.92,-71.12],[-16.92,-71.12],[-16.91,-71.11],[-15.58,-70.92],[-13.27,-70.82],[-10.98,-70.68],[-10.5,-70.68],[-9.7,-70.2],[-8.94,-69.72],[-7.51,-69.23],[-5.25,-69.01],[-3.03,-68.77],[-1.47,-68.85],[0.1,-68.92],[1.44,-69.15],[2.8,-69.37],[4.51,-69.56],[6.65,-69.72],[8.82,-69.86],[10.95,-70.04],[13.11,-70.2],[15.31,-70.33],[16.97,-70.13],[18.03,-69.5],[19.04,-68.86],[19.99,-68.22],[20.62,-67.72],[21.22,-67.23],[21.63,-66.97]]]}},{"type":"Feature","properties":{"ma":60,"type":"gpml:TopologicalNetwork","name":"Inactive_East_West_Gondwana_Mesh","pid":701,"deforming":true},"geometry":{"type":"Polygon","coordinates":[[[44.13,2.05],[43.67,1.51],[43.2,0.98],[42.73,0.44],[42.37,-0.14],[42.01,-0.73],[41.64,-1.31],[41.39,-1.78],[41.15,-2.26],[40.61,-2.9],[40.08,-3.55],[39.54,-4.19],[39.05,-4.73],[38.57,-5.26],[38.08,-5.8],[37.51,-6.36],[36.93,-6.91],[36.4,-7.49],[35.87,-8.07],[35.34,-8.65],[34.67,-9.15],[34,-9.65],[33.32,-10.15],[32.79,-10.71],[32.26,-11.27],[31.73,-11.83],[31.2,-12.62],[30.67,-13.4],[30.29,-14.11],[29.92,-14.81],[29.49,-15.68],[29.05,-16.54],[29.13,-16.93],[29.47,-17.73],[29.45,-18.54],[29.75,-19.13],[29.44,-19.88],[29.65,-20.55],[29.85,-21.22],[30.4,-21.56],[30.45,-22.11],[30.51,-22.67],[30.48,-23.43],[30.53,-24.07],[30.59,-24.72],[30.69,-25.21],[30.78,-25.71],[30.84,-26.23],[30.89,-26.75],[30.83,-27.15],[30.17,-27.79],[29.44,-28.32],[28.52,-28.67],[27.77,-29],[27.02,-29.33],[26.89,-29.82],[26.57,-30.16],[26.02,-30.63],[25.59,-31.17],[25.32,-31.63],[25.05,-32.08],[25,-32.61],[24.95,-33.13],[25.14,-34.1],[25.03,-34.64],[24.91,-35.18],[24.62,-35.79],[24.07,-36.29],[23.03,-36.34],[22.18,-36.48],[21.87,-37.2],[21.75,-37.76],[21.64,-38.33],[21.51,-38.9],[21.5,-39.16],[21.29,-39.5],[21.1,-39.82],[21.1,-39.82],[21.06,-39.82],[20.44,-40.35],[19.79,-40.13],[19.14,-39.91],[19.14,-39.91],[19.69,-39.08],[19.71,-38.41],[19.72,-37.74],[19.74,-37.08],[20.05,-36.33],[20.36,-35.58],[20.84,-34.75],[21.32,-33.91],[22.07,-33.22],[22.81,-32.52],[22.99,-31.88],[23.16,-31.24],[23.41,-30.56],[23.66,-29.89],[24.44,-29.32],[24.65,-28.65],[25.37,-27.94],[25.95,-27.6],[26.52,-27.26],[27.34,-26.72],[28.15,-26.18],[28.6,-25.53],[29.03,-24.88],[29.09,-23.9],[28.93,-23.06],[28.78,-22.21],[28.47,-21.5],[28.16,-20.78],[27.99,-20.05],[27.82,-19.32],[27.61,-18.55],[27.4,-17.77],[27.49,-17.04],[27.58,-16.3],[27.72,-15.78],[27.86,-15.26],[28.2,-14.66],[28.53,-14.05],[28.98,-13.41],[29.43,-12.77],[29.57,-12.03],[29.71,-11.29],[29.85,-10.56],[30.16,-9.84],[30.48,-9.12],[30.79,-8.4],[30.8,-7.58],[30.8,-6.74],[30.84,-5.87],[30.88,-4.99],[31.28,-4.43],[31.67,-3.87],[32.29,-3.27],[32.9,-2.66],[33.64,-2.32],[34.37,-1.98],[35.03,-1.71],[35.68,-1.43],[36.39,-1.07],[37.09,-0.71],[37.46,-0.31],[37.83,0.08],[37.83,0.08],[38.72,0.34],[39.53,0.63],[40.33,0.93],[41.14,1.22],[41.89,1.43],[42.63,1.64],[43.38,1.84],[44.13,2.05],[44.13,2.05]]]}},{"type":"Feature","properties":{"ma":60,"type":"gpml:TopologicalNetwork","name":"Inactive_Greater_India_Network","pid":501,"deforming":true},"geometry":{"type":"Polygon","coordinates":[[[51.64,-1.29],[51.63,-1.13],[51.61,-0.39],[51.59,0.35],[51.56,1.13],[51.54,1.91],[51.51,2.69],[51.85,3.45],[52.2,4.2],[52.55,4.75],[52.9,5.3],[53.32,6.18],[53.63,6.96],[54.02,7.66],[54.02,7.66],[54.97,7.81],[55.93,7.96],[56.65,7.83],[57.37,7.7],[57.89,7.73],[58.41,7.76],[59.14,7.56],[59.87,7.35],[60.61,7.14],[61.37,6.96],[62.13,6.78],[63.01,6.55],[63.85,6.24],[64.69,5.93],[65.32,5.77],[65.96,5.61],[66.89,5.28],[67.81,4.94],[68.65,4.52],[69.46,4.23],[69.93,4.01],[70.4,3.78],[70.94,3.39],[71.48,3],[72.27,2.54],[72.85,2.27],[73.3,1.84],[73.76,1.41],[74.53,0.82],[75.04,0.19],[75.54,-0.45],[76.17,-1.08],[76.54,-1.86],[76.99,-2.37],[77.36,-2.71],[77.77,-3.15],[77.77,-3.15],[77.68,-3.72],[77.59,-4.29],[77.37,-5.2],[77.47,-5.86],[77.58,-6.52],[76.88,-7.1],[76.18,-7.67],[76.13,-7.7],[76.13,-7.7],[75.83,-7.66],[75.24,-7.87],[74.63,-8.23],[74.04,-8.56],[73.74,-8.52],[72.9,-8.49],[72.43,-8.46],[71.96,-8.42],[71.12,-8.38],[70.61,-8.4],[70.2,-8.16],[69.32,-8.16],[68.81,-8.06],[68.37,-7.87],[67.95,-8.15],[67.66,-8.03],[67.52,-7.64],[66.98,-7.47],[66.15,-7.17],[65.75,-6.94],[65.35,-6.71],[64.77,-6.3],[64.2,-5.88],[63.53,-5.47],[63.34,-5.04],[62.96,-4.76],[62.71,-4.58],[62.35,-4.44],[61.91,-4.07],[61.74,-3.73],[61.38,-3.43],[61.18,-3.02],[60.9,-2.6],[60.42,-2.29],[60.13,-1.77],[59.61,-1.13],[59.73,-0.58],[59.45,0.22],[58.9,0.68],[58.48,1.34],[58.18,1.96],[57.89,2.59],[57.2,2.1],[56.67,1.72],[56.15,1.34],[55.58,0.99],[55.29,0.57],[54.99,0.16],[54.28,-0.24],[53.65,-0.52],[53.01,-0.81],[52.36,-1.04],[51.71,-1.26],[51.64,-1.29]]]}},{"type":"Feature","properties":{"ma":60,"type":"gpml:TopologicalNetwork","name":"Inactive_Central_Atlantic_Mesh","pid":714,"deforming":true},"geometry":{"type":"Polygon","coordinates":[[[-8.61,26.58],[-8.97,26.23],[-9.53,25.68],[-10.02,25.2],[-10.42,24.81],[-10.79,24.44],[-11.22,24],[-11.7,23.51],[-12.31,23.41],[-12.93,23.23],[-13.34,23.23],[-13.73,23.21],[-14.3,23.14],[-14.86,23.17],[-15.52,23.02],[-15.91,22.75],[-16.39,22.2],[-17.09,21.7],[-17.69,21.21],[-18.04,20.7],[-18.71,20.01],[-18.94,19.51],[-19.44,18.78],[-19.94,18.15],[-20.49,17.94],[-20.68,17.95],[-21.15,17.71],[-22.02,17.25],[-22.9,16.94],[-22.97,16.79],[-23.28,16.36],[-23.59,15.93],[-23.66,15.38],[-23.73,14.83],[-23.72,14.32],[-23.71,13.81],[-23.59,13.16],[-23.6,12.53],[-23.65,11.86],[-23.73,11.58],[-23.82,11.24],[-23.71,10.81],[-23.54,10.39],[-23.19,9.69],[-23.16,9.2],[-23.16,8.78],[-23.32,8.44],[-23.34,8.11],[-23.33,7.81],[-23.32,7.4],[-23.72,7.19],[-24.04,7.01],[-24.04,7.01],[-24.2,7.02],[-25.17,7.12],[-26.14,7.22],[-26.14,7.22],[-26.12,7.3],[-25.94,7.75],[-25.97,8.28],[-25.79,8.57],[-25.46,9.2],[-25.13,10.04],[-24.95,10.75],[-24.92,11.3],[-24.89,11.85],[-24.83,12.48],[-24.81,13.26],[-24.71,13.7],[-24.64,14.2],[-24.63,14.74],[-24.63,15.29],[-24.61,15.98],[-24.3,16.66],[-24.01,16.93],[-23.63,17.28],[-23.63,17.28],[-23.22,17.82],[-23.05,18.17],[-22.77,18.4],[-22.31,18.78],[-22.03,18.95],[-21.52,19.45],[-21.23,19.62],[-20.8,19.96],[-20.54,20.19],[-20.32,20.46],[-20.16,20.81],[-19.84,21.42],[-19.52,21.94],[-19.07,22.2],[-18.71,22.4],[-18.32,22.59],[-17.96,22.68],[-17.66,22.9],[-17.38,22.94],[-17.12,22.99],[-17.06,23.09],[-16.85,23.35],[-16.63,23.83],[-16.39,24.2],[-16.28,24.45],[-16.05,24.95],[-15.86,25.17],[-15.57,25.59],[-15.21,26.15],[-14.99,26.57],[-14.72,27],[-14.37,27.26],[-14.19,27.42],[-14.19,27.42],[-14.09,27.42],[-13.46,27.35],[-12.84,27.29],[-12.06,27.06],[-11.01,26.96],[-10.2,26.84],[-9.4,26.71],[-8.61,26.58]]]}},{"type":"Feature","properties":{"ma":60,"type":"gpml:TopologicalNetwork","name":"Inactive_Arctic_Network","pid":101,"deforming":true},"geometry":{"type":"Polygon","coordinates":[[[-180,84.12],[-180,85.1],[-180,86.08],[-180,87.06],[-180,88.04],[-180,89.02],[-180,90],[180,90],[180,89.02],[180,88.04],[180,87.06],[180,86.08],[180,85.1],[180,84.12],[180,83.14],[172.55,83.24],[165.01,83.22],[158.48,83.73],[152.55,83.79],[146.58,83.78],[138.3,83.58],[130.67,83.25],[123.67,82.74],[117.66,82.14],[112.52,81.63],[107.99,81.06],[103.59,80.86],[99.38,80.62],[99.36,80.62],[99.36,80.62],[98.56,81.01],[95.14,81.81],[90.99,82.58],[85.94,83.3],[79.73,83.95],[73.35,84.24],[64.28,84.42],[54.85,84.46],[45.54,84.35],[36.81,84.1],[32,83.76],[27.72,83.37],[27.59,83.37],[27.59,83.37],[26.89,83.28],[25.59,83.19],[24.41,83.07],[20,82.57],[16.16,82.03],[14.22,81.81],[9.54,81.3],[5.39,80.75],[2.37,80.31],[-0.39,79.84],[-3.05,79.36],[-5.47,78.85],[-8.37,78.68],[-11.18,78.48],[-15.47,78.71],[-17.63,78.79],[-17.63,78.79],[-20.68,78.9],[-23.94,79.15],[-27.34,79.36],[-30.13,79.7],[-33.09,80.01],[-36.78,80.43],[-40.79,80.81],[-44.57,81.09],[-48.57,81.32],[-52.26,81.52],[-56.11,81.69],[-60.27,81.74],[-64.46,81.75],[-69.96,81.2],[-74.02,80.5],[-73.78,79.68],[-73.43,79.3],[-76.74,78.85],[-76.74,78.85],[-79.41,79.69],[-82.53,80.5],[-86.23,81.29],[-86.23,81.29],[-87.47,81.11],[-89.73,80.76],[-91.82,80.39],[-93.97,79.97],[-95.94,79.54],[-96.34,78.9],[-96.77,78.35],[-97.16,77.8],[-97.17,77.78],[-97.17,77.78],[-99.41,78.03],[-100.44,77.78],[-100.44,77.78],[-102.31,78.18],[-104.31,78.57],[-105.52,79.06],[-106.54,79.44],[-107.16,79.67],[-108.26,80.05],[-109.48,80.43],[-109.4,81.14],[-107.24,81.71],[-107.43,82.27],[-104.66,82.92],[-104.57,83.45],[-102.26,83.97],[-99.52,84.47],[-98.87,84.66],[-98.87,84.66],[-94.09,84.61],[-86.1,84.43],[-78.74,84.16],[-73.84,83.77],[-69.53,83.34],[-68.32,82.81],[-68.32,82.81],[-71.11,82.72],[-74.53,82.49],[-77.74,82.22],[-80.85,81.93],[-83.73,81.61],[-86.23,81.29],[-86.23,81.29],[-82.53,80.5],[-79.41,79.69],[-76.74,78.85],[-76.74,78.85],[-77.43,78.75],[-79.73,78.35],[-81.89,77.94],[-83.77,77.6],[-85.56,77.24],[-87.17,76.87],[-88.7,76.49],[-90.67,76.13],[-91.72,75.98],[-93.14,75.97],[-96.35,75.97],[-98.71,75.95],[-99.66,75.93],[-101.27,75.93],[-101.4,75.92],[-101.4,75.92],[-103.78,76.05],[-105.26,76.23],[-106.25,76.62],[-106.61,76.75],[-108.54,77.13],[-110.77,77.84],[-111.69,78.01],[-114.73,78.55],[-115.68,78.75],[-116.91,79.14],[-119.39,79.58],[-122.08,80.01],[-126.92,80.52],[-128.86,80.87],[-130.36,81.16],[-132.79,81.73],[-133.81,82.04],[-135.9,82.35],[-138.3,82.67],[-140.32,83.07],[-142.96,83.52],[-145.45,83.89],[-146.08,83.97],[-146.08,83.97],[-150.08,83.8],[-156.14,83.43],[-161.23,82.97],[-165.67,82.46],[-165.71,82.46],[-165.71,82.46],[-169.02,82.62],[-173.89,82.9],[-179.12,83.12],[-180,83.14],[-180,84.12]]]}},{"type":"Feature","properties":{"ma":60,"type":"gpml:TopologicalSlabBoundary","name":"Laramide flat slab","pid":101,"deforming":false},"geometry":{"type":"Polygon","coordinates":[[[-99,33.69],[-99.21,34.08],[-99.49,34.52],[-99.78,34.96],[-100.38,35.66],[-100.75,36.53],[-101.01,37.05],[-101.27,37.58],[-101.44,38.31],[-101.72,38.8],[-101.99,39.3],[-102.27,39.85],[-102.61,40.76],[-103.06,41.5],[-103.76,42.18],[-103.99,42.72],[-104.31,43.39],[-104.51,43.87],[-104.71,44.36],[-104.92,44.84],[-105.13,45.33],[-105.48,46.11],[-105.48,46.6],[-105.56,46.75],[-105.56,46.75],[-105.11,46.82],[-104.1,47.03],[-103.08,47.24],[-101.87,47.49],[-100.56,47.66],[-99.6,47.78],[-98.64,47.9],[-97.24,47.96],[-95.9,48.21],[-95.02,48.34],[-94.14,48.46],[-93.21,48.58],[-92.28,48.68],[-91.34,48.81],[-90.5,48.92],[-89.65,49.02],[-89.61,49.02],[-89.61,49.02],[-89.44,48.34],[-89.28,47.65],[-89.12,46.97],[-88.69,46.14],[-88.46,45.41],[-88.23,44.67],[-88.09,44.03],[-87.95,43.39],[-87.78,42.86],[-87.62,42.33],[-87.34,41.83],[-87.07,41.32],[-86.87,40.59],[-86.62,39.7],[-86.36,38.8],[-86.07,38.25],[-85.78,37.7],[-85.69,36.98],[-85.64,36.63],[-85.64,36.63],[-86.57,36.5],[-87.5,36.36],[-88.65,36.18],[-89.79,35.98],[-90.93,35.78],[-92.06,35.56],[-93.2,35.31],[-94.33,35.05],[-95.45,34.79],[-96.32,34.52],[-97.19,34.25],[-98.09,33.97],[-99,33.69]]]}},{"type":"Feature","properties":{"ma":60,"type":"gpml:TopologicalNetwork","name":"BoB_Deform","pid":305,"deforming":true},"geometry":{"type":"Polygon","coordinates":[[[-13.88,39.96],[-13.87,40.03],[-13.74,40.22],[-13.63,40.52],[-13.48,40.82],[-13.34,41.19],[-13.28,41.34],[-13.28,41.34],[-13.23,41.34],[-12.76,41.25],[-12.36,41.14],[-11.83,40.99],[-11.28,40.69],[-10.99,40.47],[-10.37,40.24],[-9.81,39.78],[-9.28,39.35],[-9.06,39.02],[-8.84,38.63],[-8.55,38.32],[-8.3,37.98],[-7.98,37.05],[-7.98,37.05],[-8.75,36.96],[-9.56,36.91],[-9.9,36.87],[-10.29,36.83],[-10.52,36.8],[-10.78,36.77],[-10.78,36.77],[-11.08,37.5],[-11.32,37.84],[-11.47,38.02],[-11.61,38.1],[-11.61,38.1],[-11.62,38.1],[-12.2,38.05],[-12.53,37.95],[-12.53,37.95],[-12.41,38.06],[-12.32,38.18],[-12.21,38.36],[-12.11,38.5],[-12.09,38.67],[-12.05,38.83],[-12.09,39],[-12.16,39.23],[-12.36,39.44],[-13.02,39.67],[-13.85,39.96],[-13.88,39.96]]]}},{"type":"Feature","properties":{"ma":60,"type":"gpml:TopologicalNetwork","name":"Rockall_DFM","pid":102,"deforming":true},"geometry":{"type":"Polygon","coordinates":[[[-27.98,49.26],[-27.53,49.73],[-27.07,50.2],[-26.71,50.47],[-26.54,50.81],[-26.14,51.23],[-25.83,51.63],[-25.56,51.94],[-25.44,52.37],[-25.01,52.62],[-24.43,52.94],[-23.79,53.31],[-23.24,53.62],[-22.79,54.02],[-22.33,54.29],[-21.91,54.44],[-21.55,54.5],[-21.18,54.74],[-20.81,54.95],[-20.28,55.12],[-19.9,55.36],[-19.41,55.5],[-19.03,55.58],[-18.49,55.78],[-17.98,56],[-17.46,56.35],[-16.84,56.47],[-16.34,56.6],[-15.77,56.7],[-15.19,56.88],[-14.89,57.04],[-14.2,57.15],[-13.55,57.32],[-12.92,57.4],[-12.37,57.54],[-11.88,57.71],[-11.28,58],[-10.7,58.22],[-10.33,58.46],[-10.21,58.85],[-10.19,59.06],[-10.35,59.32],[-10.42,59.63],[-10.53,59.85],[-10.14,60.09],[-9.98,60.38],[-9.62,60.68],[-9.35,61.08],[-9.1,61.4],[-8.83,61.74],[-8.7,62.06],[-8.37,62.37],[-7.81,62.59],[-7.35,62.86],[-6.77,63.07],[-6.44,63.32],[-5.84,63.41],[-5.27,63.69],[-5.12,63.95],[-4.78,64.33],[-4.47,64.73],[-4.07,65.07],[-3.67,65.47],[-3.11,65.91],[-2.61,66.32],[-2.38,66.63],[-2.24,66.76],[-2.24,66.76],[-0.93,66.49],[0.25,66.09],[1.31,65.75],[2.08,65.48],[2.72,65.26],[3.15,65.07],[3.16,65.06],[3.16,65.06],[2.8,64.57],[2.52,64.36],[1.89,64.07],[1.3,63.81],[0.41,63.35],[-0.37,62.99],[-1.1,62.66],[-1.31,62.37],[-1.43,62.11],[-1.73,61.77],[-2.04,61.41],[-2.75,61.01],[-3.48,60.77],[-4.08,60.51],[-4.93,60.22],[-5.2,59.95],[-5.33,59.59],[-5.16,59.32],[-5.03,58.87],[-5.22,58.62],[-5.5,58.07],[-5.91,57.81],[-6.36,57.47],[-6.92,57.11],[-7.11,56.8],[-7.55,56.55],[-8.08,56.19],[-8.64,56.01],[-9.49,55.92],[-10.25,55.76],[-10.92,55.52],[-11.36,55.32],[-11.79,54.96],[-12.23,54.69],[-12.52,54.56],[-12.94,54.54],[-13.39,54.39],[-13.68,54.23],[-14.21,54.18],[-14.75,54.03],[-15.39,53.89],[-15.73,53.7],[-16.31,53.55],[-17.08,53.44],[-17.79,53.38],[-18.55,53.31],[-19.27,53.16],[-19.68,53.05],[-20.14,52.82],[-20.55,52.44],[-20.61,52.26],[-20.62,51.99],[-21.02,51.75],[-21.32,51.4],[-21.42,51.13],[-21.48,50.74],[-21.63,50.47],[-21.92,50.18],[-22.11,50],[-22.63,49.88],[-22.95,49.67],[-23.18,49.49],[-23.32,49.16],[-23.5,48.83],[-23.68,48.47],[-23.9,48.02],[-24.03,47.66],[-24.42,47.35],[-25.04,46.79],[-25.65,46.22],[-25.65,46.22],[-25.76,46.29],[-25.92,46.4],[-26.05,46.66],[-26.17,46.89],[-26.35,47.24],[-26.45,47.43],[-26.75,47.58],[-26.98,47.84],[-27.09,48.05],[-27.13,48.23],[-27.14,48.42],[-27.16,48.6],[-27.26,48.72],[-27.42,48.88],[-27.7,48.96],[-27.98,49.26]]]}},{"type":"Feature","properties":{"ma":60,"type":"gpml:TopologicalNetwork","name":"WEC","pid":601,"deforming":true},"geometry":{"type":"Polygon","coordinates":[[[121.82,33.93],[120.85,34.42],[119.87,34.9],[118.88,35.38],[117.87,35.85],[116.86,36.31],[115.83,36.76],[114.79,37.2],[113.91,37.01],[113.03,36.81],[112.17,36.82],[111.32,36.83],[110.46,36.83],[110.2,36.38],[109.94,35.92],[109.15,36.14],[108.35,36.35],[107.55,36.56],[106.69,36.96],[105.81,37.36],[104.93,37.74],[103.88,38.02],[102.82,38.28],[101.56,38.34],[100.29,38.39],[99.08,38.37],[97.88,38.34],[97.21,38.4],[97.21,38.4],[97.24,38.97],[96.95,39.5],[96.66,40.03],[96.11,40.8],[95.81,41.4],[95.51,41.99],[95.34,42.83],[95.58,43.69],[95.94,44.36],[96.41,45.14],[96.96,45.96],[97.38,46.57],[98.06,47.43],[98.71,47.84],[99.37,48.25],[100.14,48.86],[100.94,49.45],[101.64,49.96],[102.36,50.45],[103.09,50.95],[103.88,51.44],[104.68,51.92],[105.49,52.4],[106.35,53.02],[107.22,53.63],[107.98,54.21],[108.75,54.79],[109.38,55.24],[110.03,55.7],[110.51,55.96],[110.51,55.96],[111.48,55.94],[112.77,55.91],[114.06,55.86],[115.8,55.78],[117.52,55.66],[118.52,55.59],[119.51,55.51],[120.9,55.38],[122.28,55.23],[123.31,55.11],[124.32,54.98],[125.41,54.83],[126.49,54.68],[127.75,54.48],[129,54.27],[130.16,54.06],[131.31,53.84],[132.45,53.61],[133.8,53.32],[135.12,53.01],[135.91,52.82],[136.7,52.63],[136.7,52.63],[136.42,52.2],[135.88,51.39],[135.35,50.57],[134.89,49.85],[134.44,49.13],[134.04,48.59],[133.66,48.05],[132.99,47.2],[132.35,46.36],[131.87,45.67],[131.4,44.97],[130.89,44.28],[130.39,43.58],[129.85,42.91],[129.32,42.25],[128.97,41.78],[128.62,41.32],[127.92,40.62],[127.25,39.81],[126.74,39.21],[126.23,38.61],[125.74,38],[125.21,37.43],[124.7,36.86],[124.11,36.23],[123.54,35.6],[122.97,34.96],[122.3,34.34],[121.82,33.93]]]}},{"type":"Feature","properties":{"ma":60,"type":"gpml:TopologicalNetwork","name":"Siberian_Eurasia_Mesh","pid":401,"deforming":true},"geometry":{"type":"Polygon","coordinates":[[[122.3,77.68],[126.59,77.96],[131.06,78.17],[135.66,78.3],[140.33,78.36],[145.02,78.35],[149.67,78.26],[152.87,78.55],[152.87,78.55],[152.42,77.85],[152.01,77.16],[151.65,76.46],[149.37,75.92],[147.25,75.36],[145.29,74.77],[143.48,74.18],[143.6,73.49],[143.7,72.81],[143.81,72.12],[145.44,71.6],[146.98,71.05],[148.44,70.5],[151.08,70.3],[153.66,70.07],[156.18,69.8],[158.63,69.49],[159.98,69.03],[161.28,68.56],[161.28,68.56],[161.17,68.25],[161.63,67.44],[162.06,66.64],[163.06,66.3],[163.83,66.04],[163.83,66.04],[165.64,66.72],[165.64,66.72],[164.25,66.2],[162.92,65.66],[161.64,65.12],[160.41,64.56],[160.41,64.56],[158.38,64.91],[156.31,65.23],[156.31,65.23],[154.45,64.96],[153.08,64.81],[151.72,64.65],[150.13,64.39],[148.57,64.12],[146.99,64.09],[145.41,64.05],[143.84,63.98],[141.74,64.08],[139.63,64.16],[139.63,64.16],[138.4,64.16],[137.16,64.15],[137.27,64.26],[137.27,64.26],[137.98,64.87],[138.67,65.43],[138.67,65.43],[137.46,65.73],[136.22,66.03],[134.14,66.43],[131.99,66.81],[130.74,67.44],[129.43,68.05],[126.85,68.33],[124.22,68.56],[122.08,68.44],[119.96,68.82],[117.77,69.17],[115.74,69.48],[113.65,69.76],[111.98,70.1],[110.26,70.43],[109.16,71.08],[107.98,71.72],[107.02,72.52],[105.98,73.31],[106.66,74.18],[107.41,75.05],[108.25,75.92],[111.85,76.34],[115.67,76.7],[119.68,77.01],[122.3,77.68]]]}},{"type":"Feature","properties":{"ma":60,"type":"gpml:TopologicalNetwork","name":"WAR_Mesh","pid":804,"deforming":true},"geometry":{"type":"MultiPolygon","coordinates":[[[[180,-75.97],[180,-76.88],[180,-77.8],[180,-78.71],[180,-79.63],[180,-80.55],[180,-81.46],[180,-82.38],[180,-83.29],[180,-84.21],[173.73,-83.82],[168.25,-83.37],[168.25,-83.37],[167.02,-83.29],[164.29,-82.91],[161.85,-82.52],[158.78,-81.91],[156.15,-81.29],[154.52,-80.52],[153.14,-79.76],[153.33,-79.1],[153.51,-78.44],[153.51,-78.44],[153.63,-78.43],[153.73,-78.31],[153.83,-78.2],[153.93,-78.08],[154.43,-77.74],[155.05,-77.5],[155.24,-77.08],[155.17,-76.72],[155.23,-76.48],[155.11,-76.35],[155.09,-76.5],[154.72,-75.8],[154.39,-75.1],[155.45,-74.45],[156.44,-73.8],[157.56,-73.23],[158.6,-72.65],[160,-72.09],[161.31,-71.52],[161.49,-71.86],[162.38,-72.66],[164.27,-73.36],[165.82,-73.91],[167.48,-74.44],[168.97,-74.89],[170.55,-75.32],[170.55,-75.32],[171.84,-74.9],[173.07,-74.47],[173.07,-74.47],[175.13,-74.64],[177.53,-74.86],[180,-75.05],[180,-75.97]]],[[[-180,-83.29],[-180,-82.38],[-180,-81.46],[-180,-80.55],[-180,-79.63],[-180,-78.71],[-180,-77.8],[-180,-76.88],[-180,-75.97],[-180,-75.05],[-177.17,-75.24],[-174.27,-75.39],[-171.33,-75.5],[-169.35,-75.32],[-167.3,-74.98],[-165.34,-74.63],[-162.73,-74.33],[-160.23,-74],[-158.73,-73.51],[-156.34,-73.19],[-154.04,-72.83],[-151.53,-72.51],[-149.11,-72.15],[-147.38,-72.09],[-145.67,-72.02],[-143.93,-71.72],[-142.24,-71.4],[-140,-71.61],[-138.28,-71.63],[-136.76,-71.51],[-134.42,-71.25],[-133.68,-71.12],[-132.72,-71.18],[-130.89,-71.12],[-129.08,-71.03],[-127.38,-70.85],[-125.24,-70.71],[-122.96,-70.65],[-121.57,-70.71],[-118.95,-70.82],[-117.75,-70.8],[-115.55,-70.59],[-113.4,-70.36],[-111.02,-70.38],[-109.49,-70.41],[-106.65,-70.51],[-105.43,-70.46],[-105.43,-70.46],[-103.21,-71.04],[-100.85,-71.58],[-98.36,-72.1],[-95.73,-72.58],[-95.11,-73.12],[-95.11,-73.12],[-95.11,-73.24],[-95.35,-74.01],[-95.89,-74.99],[-96.5,-75.49],[-97.15,-75.98],[-98.5,-76.93],[-99.89,-77.53],[-101.41,-78.12],[-102.61,-78.72],[-103.94,-79.31],[-105.29,-79.87],[-106.8,-80.42],[-109.66,-81.16],[-112.16,-81.74],[-115.02,-82.31],[-117.83,-82.66],[-120.9,-82.98],[-125.04,-83.25],[-129.5,-83.49],[-137.43,-83.7],[-137.43,-83.7],[-138.44,-83.93],[-140.13,-84.31],[-140.63,-84.38],[-140.63,-84.38],[-150.64,-84.59],[-161.14,-84.63],[-169.47,-84.54],[-177.37,-84.34],[-180,-84.21],[-180,-83.29]]]]}},{"type":"Feature","properties":{"ma":60,"type":"gpml:TopologicalNetwork","name":"","pid":836,"deforming":true},"geometry":{"type":"Polygon","coordinates":[[[150.13,-35.77],[150.3,-35.89],[150.4,-35.96],[150.4,-35.96],[149.88,-36.59],[149.35,-37.22],[148.44,-37.87],[148.44,-37.87],[148.61,-37.75],[148.48,-37.45],[148.99,-37.14],[148.92,-36.94],[149.78,-36.27],[150.09,-35.8],[150.13,-35.77]]]}},{"type":"Feature","properties":{"ma":60,"type":"gpml:TopologicalNetwork","name":"","pid":836,"deforming":true},"geometry":{"type":"Polygon","coordinates":[[[148.92,-37.18],[149.15,-37.74],[149.15,-37.74],[148.27,-38.32],[147.36,-38.71],[147.36,-38.71],[147.62,-38.46],[148.11,-38.1],[148.61,-37.75],[148.48,-37.45],[148.92,-37.18]]]}},{"type":"Feature","properties":{"ma":60,"type":"gpml:TopologicalNetwork","name":"Aus_Mesh","pid":801,"deforming":true},"geometry":{"type":"Polygon","coordinates":[[[148.48,-39.84],[148.68,-40.28],[149,-40.79],[149.56,-41.69],[149.9,-42.25],[150.42,-43.1],[150.42,-43.95],[150.86,-44.23],[150.97,-45.21],[151.17,-46.19],[151.38,-47.18],[151.6,-48.16],[151.96,-48.47],[152.1,-48.98],[152.25,-49.5],[152.33,-49.77],[152.22,-50.74],[152.18,-51.07],[152.36,-51.6],[152.55,-52.13],[152.63,-52.36],[152.57,-53],[152.51,-53.63],[152.51,-53.66],[152.34,-54.29],[152.16,-54.92],[151.91,-55.86],[151.64,-56.81],[151.69,-57.03],[151.83,-57.59],[151.97,-58.16],[150.78,-58.52],[150,-58.77],[150,-58.77],[149.68,-58.4],[149.31,-57.8],[149.23,-57.18],[149.14,-56.53],[149.64,-55.76],[149.75,-55.34],[149.79,-55.05],[150.03,-54.11],[150.34,-53.45],[150.67,-52.61],[150.4,-51.79],[150.32,-51.13],[150.56,-50.58],[150.78,-50.04],[150.78,-49.47],[150.37,-48.97],[150.21,-48.31],[149.76,-47.76],[149.68,-46.83],[149.18,-45.91],[148.87,-45.2],[149.38,-44.47],[149.28,-43.82],[149.13,-42.96],[148.79,-42.52],[147.98,-41.97],[147.19,-41.37],[146.7,-40.72],[146.14,-39.99],[145.64,-39.4],[145.64,-39.4],[146.42,-39.09],[147.19,-38.78],[147.95,-38.46],[147.95,-38.46],[148.2,-39.08],[148.48,-39.84]]]}}]}