{"type":"FeatureCollection","features":[{"type":"Feature","properties":{"ma":50,"type":"gpml:TopologicalNetwork","name":"Alpine_Deforming_Mesh_ELB","pid":301,"deforming":true},"geometry":{"type":"Polygon","coordinates":[[[0.61,39.23],[0.05,38.83],[-0.5,38.43],[-1.15,38.25],[-1.79,38.07],[-2.94,37.94],[-2.94,37.94],[-2.85,37.67],[-2.85,37.67],[-3.69,37.74],[-4.54,37.81],[-5.44,37.88],[-6.35,37.95],[-6.93,38.17],[-7.51,38.38],[-7.58,38.42],[-7.58,38.42],[-7.78,39.05],[-7.78,39.05],[-6.99,39.27],[-5.85,39.2],[-4.71,39.12],[-3.97,39.18],[-3.22,39.24],[-2.35,39.35],[-1.49,39.46],[-0.8,39.56],[-0.32,39.62],[-0.32,39.62],[0.28,39.32],[0.28,39.32],[0.29,39.34],[0.36,39.59],[0.75,40],[1.5,40.51],[2.07,40.93],[2.58,41.26],[3.22,41.53],[3.88,41.77],[4.47,41.96],[5.11,42.11],[5.77,42.24],[6.91,42.4],[7.59,42.46],[8.37,42.5],[9.6,42.44],[10.07,42.38],[10.48,42.32],[10.83,42.27],[11.19,42.18],[11.56,42.16],[11.85,41.99],[12.09,41.66],[12.21,41.5],[12.23,41.54],[12.22,41.11],[12.47,40.4],[12.83,39.81],[13.12,39.19],[13.46,38.57],[13.64,38.07],[13.81,37.58],[13.81,37.58],[14.37,37.07],[15.05,36.67],[15.73,36.3],[16.48,36],[17.24,35.74],[18.05,35.68],[18.98,35.57],[19.94,35.49],[20.86,35.53],[21.75,35.6],[22.78,35.63],[23.76,35.71],[24.72,35.83],[25.55,35.91],[26.44,36],[27.29,36.04],[28.28,36.07],[29.18,36.06],[30,36.06],[31,36.05],[31.87,35.98],[32.73,35.89],[33.65,35.71],[33.81,35.66],[33.81,35.66],[33.58,35.1],[33.42,34.18],[33.54,33.21],[33.65,32.25],[33.94,31.54],[33.94,31.54],[33.27,31.39],[32.61,31.24],[31.96,31.08],[31.31,30.91],[30.31,30.62],[29.26,30.26],[28.33,29.88],[27.58,29.59],[26.6,29.22],[25.98,29.02],[25.36,28.8],[25.36,28.8],[24.75,28.63],[24.13,28.46],[23.3,28.32],[22.46,28.17],[21.9,28.09],[21.34,28.01],[20.36,27.95],[19.77,28.01],[19.19,28.07],[18.53,28.16],[17.87,28.26],[17.05,28.56],[16.22,28.87],[15.34,29.43],[14.55,29.99],[14.06,30.32],[13.57,30.65],[13.07,31.44],[12.58,32.26],[12.58,32.26],[12.37,32.7],[12.29,33.08],[11.84,33.54],[11.68,33.72],[11.17,34.02],[10.55,34.14],[9.86,34.51],[9.16,34.88],[8.84,35.29],[8.52,36.15],[8.6,37.04],[8.56,37.24],[8.12,37.74],[7.69,38.22],[7.19,38.01],[6.9,38.01],[6.51,37.99],[5.85,37.87],[5.57,37.73],[5.09,37.72],[4.62,37.82],[4.24,37.91],[3.98,38.03],[3.58,38.19],[3.58,38.19],[3.06,38.7],[2.37,38.88],[1.99,38.98],[1.49,39.08],[0.93,39.19],[0.61,39.23]]]}},{"type":"Feature","properties":{"ma":50,"type":"gpml:TopologicalNetwork","name":"Alpine Mesh - East","pid":301,"deforming":true},"geometry":{"type":"Polygon","coordinates":[[[25.29,40.13],[25.99,40.09],[26.7,40.04],[27.44,39.99],[28.18,39.93],[28.83,39.88],[29.49,39.82],[30.65,39.39],[31.68,39.01],[32.69,38.61],[33.54,38.52],[34.39,38.43],[35.44,38.33],[35.44,38.33],[35.3,38.1],[34.78,37.23],[34.12,36.41],[33.81,35.66],[33.81,35.66],[33.65,35.71],[32.73,35.89],[31.87,35.98],[31,36.05],[30,36.06],[29.18,36.06],[28.28,36.07],[27.29,36.04],[26.44,36],[25.55,35.91],[24.72,35.83],[23.76,35.71],[22.78,35.63],[21.75,35.6],[20.86,35.53],[19.94,35.49],[18.98,35.57],[18.05,35.68],[17.24,35.74],[16.48,36],[15.73,36.3],[15.05,36.67],[14.37,37.07],[13.81,37.58],[13.81,37.58],[13.64,38.07],[13.46,38.57],[13.12,39.19],[12.83,39.81],[12.47,40.4],[12.22,41.11],[12.23,41.54],[11.79,41.55],[12.76,41.57],[13.2,41.58],[13.7,41.58],[14.1,41.59],[14.63,41.59],[15.18,41.59],[14.76,41.2],[14.7,40.78],[14.98,40.57],[15.45,40.37],[16.03,40.17],[16.85,40.08],[17.92,40.08],[18.72,40.05],[19.52,40.02],[20.46,40.02],[21.63,40.09],[22.8,40.14],[23.98,40.18],[23.99,40.2],[25.29,40.13]]]}},{"type":"Feature","properties":{"ma":50,"type":"gpml:TopologicalNetwork","name":"Eurasia Mesh","pid":101,"deforming":true},"geometry":{"type":"Polygon","coordinates":[[[25.36,85.59],[27.51,85.65],[28.84,85.65],[30.07,85.67],[31.25,85.69],[32.21,85.71],[33.91,85.73],[41.43,86.03],[49.96,86.24],[63.78,86.21],[76.66,85.96],[87.61,85.55],[96.42,85],[100.9,84.15],[104.23,83.27],[106.79,82.37],[108.81,81.46],[109.21,80.47],[109.53,79.48],[110.92,79],[112.18,78.51],[116.03,78.19],[119.67,77.83],[120.23,76.85],[119.74,76.34],[119.74,76.34],[117.16,76.67],[113.79,77.03],[109.57,77.3],[107.35,77.17],[104.91,77.29],[102.43,77.38],[100.03,77.55],[97.56,77.7],[95.67,78.3],[93.59,78.87],[91.28,79.44],[88.21,79.89],[84.87,80.31],[81.25,80.69],[76.44,81.17],[71.12,81.57],[65.33,81.9],[59.12,82.14],[52.19,81.94],[45.68,81.63],[45.68,81.63],[45.3,82.14],[44.86,82.64],[44.86,82.64],[46.81,82.72],[49.78,82.83],[53.72,82.94],[57.71,83.02],[62.87,82.97],[69.29,82.73],[72.81,82.5],[76.1,82.24],[82.44,81.88],[86.25,81.75],[90.11,81.66],[93.87,81.53],[93.87,81.53],[93.85,81.61],[92.04,82.11],[89.99,82.6],[84.74,83.09],[78.75,83.51],[72.37,83.81],[65.43,84.04],[57.86,84.34],[52.62,84.71],[49.64,84.65],[45.75,84.52],[42.2,84.43],[40.62,84.32],[37.79,84.13],[37.33,84.09],[37.33,84.09],[32.06,84.87],[25.03,85.58],[25.36,85.59]]]}},{"type":"Feature","properties":{"ma":50,"type":"gpml:TopologicalNetwork","name":"AUS-ANT_Deforming_Network","pid":801,"deforming":true},"geometry":{"type":"Polygon","coordinates":[[[136.93,-60.4],[138.92,-60.41],[139.95,-60.25],[140.97,-60.08],[142.13,-59.93],[143.43,-59.62],[145.03,-59.48],[145.98,-59.4],[147.13,-59.09],[148.01,-58.82],[149.36,-58.44],[150.5,-58.07],[151.69,-57.71],[151.7,-57.88],[151.78,-58.77],[151.8,-59.03],[151.56,-59.64],[151.32,-60.24],[151.35,-60.29],[151.75,-60.91],[152.17,-61.54],[152.72,-61.99],[153.29,-62.45],[154.16,-62.61],[155.59,-63.14],[155.71,-63.19],[156.56,-63.53],[157.43,-63.87],[157.43,-63.86],[157.16,-64.35],[156.84,-64.54],[155.57,-65.09],[154.46,-65.53],[153.7,-65.83],[152.88,-66.13],[151.01,-66.79],[151.01,-66.79],[151,-66.78],[150.16,-66.38],[149.27,-66.17],[148.17,-65.93],[147.08,-65.69],[146.18,-65.47],[144.49,-65.18],[143.05,-64.52],[141.68,-63.85],[140.93,-63.58],[140.37,-63.43],[139.43,-63.14],[138.5,-62.86],[137.57,-62.58],[136.66,-62.3],[135.74,-62.02],[134.85,-61.77],[133.93,-61.46],[133.04,-61.18],[132.17,-60.89],[131.32,-60.57],[129.84,-60.43],[128.37,-60.27],[128.05,-60.24],[126.79,-60.13],[125.9,-60.11],[125.22,-60.1],[123.42,-59.99],[122.16,-59.71],[120.67,-59.39],[119.87,-59.34],[119.12,-59.29],[117.81,-59.29],[117.56,-59.29],[116,-59.31],[115.87,-59.32],[114.45,-59.4],[114.24,-59.44],[113.07,-59.67],[112.96,-59.69],[111.99,-59.83],[111.43,-59.91],[110.88,-59.94],[109.86,-60],[109.5,-60.02],[108.29,-60.07],[108.04,-60.07],[106.72,-60.1],[106.56,-60.12],[105.23,-60.27],[105.15,-60.28],[103.95,-60.38],[103.57,-60.41],[102.63,-60.48],[101.99,-60.53],[101.08,-60.49],[100.41,-60.46],[99.4,-60.38],[97.88,-60.21],[96.37,-60.03],[94.83,-59.76],[94.83,-59.76],[94.41,-58.98],[94.02,-58.2],[93.63,-57.41],[93.63,-57.41],[93.8,-57.44],[95.36,-57.16],[96.31,-57.27],[97.27,-57.37],[98.98,-57.21],[100.64,-57.06],[101.93,-56.96],[103.54,-57.01],[104.63,-56.98],[105.72,-56.95],[107.26,-56.84],[108.98,-56.73],[110.47,-56.8],[111.52,-56.63],[112.56,-56.44],[113.66,-56.35],[114.75,-56.25],[115.93,-56.09],[117.11,-55.91],[118.23,-55.69],[119.35,-55.45],[120.89,-55.31],[121.58,-55.17],[123.09,-55.5],[124.63,-55.81],[125.35,-56.11],[126.08,-56.4],[127.08,-56.76],[128.1,-57.12],[128.88,-57.4],[129.68,-57.68],[130.97,-58.18],[132.11,-58.65],[132.98,-59.07],[134.04,-59.52],[135.25,-59.92],[136.28,-60.17],[136.73,-60.38],[136.93,-60.4]]]}},{"type":"Feature","properties":{"ma":50,"type":"gpml:TopologicalNetwork","name":"AUSANT_Deforming_Network","pid":802,"deforming":true},"geometry":{"type":"Polygon","coordinates":[[[158.69,-68.91],[160.65,-69.37],[160.72,-69.27],[160.75,-69.31],[160.79,-69.42],[161.01,-69.78],[161.77,-70],[162.9,-70.37],[163.34,-70.69],[163.72,-70.95],[164.47,-71.31],[165.34,-71.43],[166.3,-71.51],[166.31,-71.69],[167.86,-72.19],[169.5,-72.66],[170.76,-72.38],[171.91,-72.42],[171.91,-72.42],[173.54,-72.63],[174.41,-73.09],[175.32,-73.55],[176.04,-74.06],[176.04,-74.06],[174.14,-74.76],[172.08,-75.45],[172.08,-75.45],[170.47,-75.02],[168.95,-74.58],[167.27,-74.05],[165.7,-73.51],[163.77,-72.8],[162.86,-72.01],[162.48,-71.29],[161.17,-71.17],[160.28,-70.69],[159.43,-70.2],[157.7,-69.88],[155.89,-69.89],[154.09,-69.88],[152.53,-69.44],[151.36,-68.96],[150.24,-68.48],[149.06,-68.12],[147.92,-67.75],[146.25,-67.52],[144.61,-67.27],[142.84,-67.1],[141.1,-66.9],[139.86,-66.71],[138.65,-66.5],[136.37,-66.27],[134.74,-66.24],[133.11,-66.18],[131.53,-65.93],[129.98,-65.66],[128.08,-65.56],[126.65,-65.6],[125.23,-65.62],[123.72,-65.68],[122.2,-65.74],[120.38,-66.01],[118.53,-66.26],[116.59,-66.32],[114.64,-66.36],[112.69,-66.38],[111.42,-66.47],[110.15,-66.56],[108.39,-66.64],[106.63,-66.71],[105.31,-66.63],[104.01,-66.54],[101.9,-66.28],[99.83,-66],[99.61,-65.97],[99.61,-65.97],[98.98,-65.21],[98.37,-64.44],[97.81,-63.66],[97.58,-62.83],[97.58,-62.83],[98.13,-62.95],[99.02,-63.14],[100.85,-63.46],[102.28,-63.41],[103.71,-63.35],[104.64,-63.3],[105.29,-63.26],[106.18,-63.21],[106.88,-63.17],[108.02,-63.2],[108.47,-63.2],[109.97,-63.25],[110.07,-63.25],[111.65,-63.2],[111.84,-63.19],[113.24,-63.12],[113.5,-63.11],[114.82,-63.05],[115.24,-63.05],[116.41,-63.02],[117.16,-63.08],[118,-63.14],[119.41,-63.19],[119.59,-63.2],[121.17,-63.12],[121.41,-63.08],[122.72,-62.84],[122.83,-62.81],[124.06,-62.51],[124.25,-62.46],[125.29,-62.24],[125.8,-62.13],[126.39,-62.03],[127.12,-61.9],[127.36,-61.86],[128.41,-61.71],[128.92,-61.63],[129.66,-61.57],[130.5,-61.48],[130.75,-61.48],[132.67,-61.79],[134.62,-62.08],[134.99,-62.2],[135.67,-62.4],[136.32,-62.57],[136.75,-62.68],[137.48,-62.87],[138.21,-63.07],[138.68,-63.19],[139.25,-63.34],[139.99,-63.52],[140.8,-63.71],[141.31,-63.82],[142.21,-64.07],[143.33,-64.63],[144.49,-65.18],[145.43,-65.68],[146.45,-66.2],[147.32,-66.65],[147.53,-66.76],[148.05,-67],[148.74,-67.26],[149.11,-67.37],[149.46,-67.49],[150.42,-67.67],[150.77,-67.77],[151.16,-67.86],[151.59,-68.03],[151.99,-68.2],[152.73,-68.3],[153.33,-68.39],[153.67,-68.42],[154.66,-68.51],[155.43,-68.61],[155.63,-68.63],[157.73,-68.84],[158.65,-68.92],[158.69,-68.91]]]}},{"type":"Feature","properties":{"ma":50,"type":"gpml:TopologicalNetwork","name":"Deforming Network","pid":851,"deforming":true},"geometry":{"type":"Polygon","coordinates":[[[146.18,-65.47],[147.08,-65.69],[148.17,-65.93],[149.27,-66.17],[150.16,-66.38],[151,-66.78],[151.75,-66.95],[152.64,-67.05],[153.69,-67.13],[154.69,-67.19],[156.09,-67.28],[157.16,-67.43],[158.2,-67.62],[159.24,-67.78],[160.73,-68],[161.74,-68.23],[162.63,-68.47],[162.96,-68.62],[162.74,-69.14],[161.46,-69.38],[160.68,-69.37],[160.66,-69.37],[158.69,-68.91],[158.64,-68.92],[157.72,-68.84],[157.04,-68.77],[156.69,-68.75],[155.64,-68.64],[155.42,-68.61],[154.67,-68.51],[153.67,-68.42],[153.32,-68.38],[152.73,-68.3],[151.98,-68.2],[151.59,-68.03],[151.17,-67.86],[150.77,-67.77],[150.42,-67.66],[149.46,-67.49],[149.12,-67.37],[148.73,-67.26],[148.05,-67],[147.53,-66.76],[147.31,-66.65],[146.45,-66.2],[145.5,-65.72],[145.44,-65.69],[144.49,-65.18],[146.18,-65.47]]]}},{"type":"Feature","properties":{"ma":50,"type":"gpml:TopologicalClosedPlateBoundary","name":"Australia Ocean Crust during early AUS-ANT opening","pid":802,"deforming":false},"geometry":{"type":"Polygon","coordinates":[[[102.28,-63.41],[100.85,-63.46],[99.02,-63.14],[98.13,-62.95],[97.58,-62.83],[97.58,-62.83],[97.49,-62.46],[97.37,-61.61],[97.41,-61.53],[97.41,-61.53],[97.69,-61.57],[97.69,-61.57],[99.54,-61.73],[101.42,-61.86],[103.4,-61.89],[104.91,-61.8],[106.64,-61.75],[107.68,-61.77],[109.26,-61.64],[110.78,-61.59],[112.29,-61.52],[114.22,-61.5],[116.15,-61.44],[117.85,-61.21],[119.41,-61.04],[121.05,-60.86],[122.28,-60.78],[122.76,-60.74],[123.54,-60.72],[124.6,-60.83],[125.43,-60.94],[126.8,-60.91],[127.43,-60.88],[128.23,-60.84],[129.29,-60.86],[129.58,-60.88],[131.18,-61.05],[132.94,-61.33],[133.56,-61.54],[134.34,-61.79],[135.11,-62.02],[135.79,-62.23],[136.61,-62.45],[137.42,-62.68],[138.12,-62.89],[138.87,-63.1],[139.71,-63.34],[140.58,-63.57],[141.11,-63.7],[141.99,-63.93],[143.21,-64.56],[144.49,-65.18],[145.44,-65.69],[145.5,-65.72],[146.45,-66.2],[147.31,-66.65],[147.53,-66.76],[148.05,-67],[148.73,-67.26],[149.12,-67.37],[149.46,-67.49],[150.42,-67.66],[150.77,-67.77],[151.17,-67.86],[151.59,-68.03],[151.98,-68.2],[152.73,-68.3],[153.32,-68.38],[153.67,-68.42],[154.67,-68.51],[155.42,-68.61],[155.64,-68.64],[156.69,-68.75],[157.04,-68.77],[157.72,-68.84],[158.64,-68.92],[158.69,-68.91],[160.66,-69.37],[160.65,-69.37],[158.69,-68.91],[158.65,-68.92],[157.73,-68.84],[157.04,-68.77],[156.68,-68.74],[155.63,-68.63],[155.43,-68.61],[154.66,-68.51],[153.67,-68.42],[153.33,-68.39],[152.73,-68.3],[151.99,-68.2],[151.59,-68.03],[151.16,-67.86],[150.77,-67.77],[150.42,-67.67],[149.46,-67.49],[149.11,-67.37],[148.74,-67.26],[148.05,-67],[147.53,-66.76],[147.32,-66.65],[146.45,-66.2],[145.5,-65.72],[145.43,-65.68],[144.49,-65.18],[143.33,-64.63],[142.21,-64.07],[141.31,-63.82],[140.8,-63.71],[139.99,-63.52],[139.25,-63.34],[138.68,-63.19],[138.21,-63.07],[137.48,-62.87],[136.75,-62.68],[136.32,-62.57],[135.67,-62.4],[134.99,-62.2],[134.62,-62.08],[132.67,-61.79],[130.75,-61.48],[130.5,-61.48],[129.66,-61.57],[128.92,-61.63],[128.41,-61.71],[127.36,-61.86],[127.12,-61.9],[126.39,-62.03],[125.8,-62.13],[125.29,-62.24],[124.25,-62.46],[124.06,-62.51],[122.83,-62.81],[122.72,-62.84],[121.41,-63.08],[121.17,-63.12],[119.59,-63.2],[119.41,-63.19],[118,-63.14],[117.16,-63.08],[116.41,-63.02],[115.24,-63.05],[114.82,-63.05],[113.5,-63.11],[113.24,-63.12],[111.84,-63.19],[111.65,-63.2],[110.07,-63.25],[109.97,-63.25],[108.47,-63.2],[108.02,-63.2],[106.88,-63.17],[106.18,-63.21],[105.29,-63.26],[104.64,-63.3],[103.71,-63.35],[102.28,-63.41]]]}},{"type":"Feature","properties":{"ma":50,"type":"gpml:TopologicalNetwork","name":"EllesmereIsland_Deformation_Mesh_Gion","pid":120,"deforming":true},"geometry":{"type":"Polygon","coordinates":[[[-61.95,73.28],[-63.89,73.55],[-65.89,73.79],[-68.65,74.11],[-71.02,74.48],[-73.5,74.83],[-75.24,75.06],[-77.03,75.27],[-79.97,75.76],[-81.39,76.22],[-82.92,76.68],[-84.14,77.15],[-85.45,77.62],[-87.85,78.39],[-89.75,79.26],[-91.1,80.05],[-88.47,80.9],[-84.38,81.66],[-80.37,81.84],[-76.2,81.97],[-72,81.98],[-67.81,81.95],[-63.16,81.9],[-58.6,81.8],[-53.54,81.6],[-48.76,81.34],[-44.96,81.15],[-41.32,80.93],[-37.14,80.85],[-33.05,80.71],[-29.58,80.7],[-26.13,80.66],[-21.31,80.59],[-18.06,80.86],[-14.61,81.1],[-11.97,81.65],[-8.95,82.19],[-5.72,82.7],[-2.03,83.18],[3.29,83.79],[9.68,84.32],[12.42,84.56],[18.07,85.1],[25.03,85.58],[25.12,85.58],[25.12,85.58],[25.03,85.58],[25.03,85.58],[31.52,84.93],[36.49,84.23],[36.49,84.23],[35.26,84.18],[34.66,84.14],[32.73,84],[33.93,83.75],[30.19,83.18],[26.6,82.6],[22.47,82.3],[16.27,82.53],[12.3,82.65],[7.79,82.6],[4.79,81.74],[1.77,80.94],[-1.3,80.26],[-4.11,79.85],[-6.7,79.41],[-7.57,79.25],[-7.57,79.25],[-5.22,78.98],[-1.32,78.85],[2.47,78.68],[4.66,79.12],[7.03,79.54],[10.17,80.16],[12.36,80.63],[14.36,81.02],[17.13,81.73],[21.67,81.72],[26.71,81.82],[29.71,82.16],[36.79,82.26],[37.73,82.31],[39.19,82.39],[40.91,82.47],[42.93,82.55],[44.86,82.64],[44.86,82.64],[44.86,82.64],[45.3,82.14],[45.68,81.63],[45.68,81.63],[40.82,81.31],[35.45,80.95],[30.52,80.52],[26.69,80.11],[23.18,79.65],[19.62,79.28],[16.3,78.88],[13.11,78.39],[10.19,77.88],[7.88,77.45],[5.72,77],[3.5,76.6],[1.4,76.18],[-0.77,75.5],[0.27,74.72],[1.63,74.2],[2.9,73.68],[3.86,73.06],[4.74,72.44],[5.57,71.81],[6.06,71.28],[6.51,70.74],[6.51,70.74],[3.96,70.41],[1.49,70.05],[1.49,70.05],[1.24,70.24],[0.77,70.61],[-0.26,71.28],[-1.43,72],[-2.69,72.7],[-4.13,73.2],[-5.67,73.68],[-7.74,74.16],[-9.93,74.61],[-12.24,75.04],[-14.28,75.24],[-16.37,75.42],[-16.37,75.42],[-18.05,75.37],[-19.77,75.27],[-21.85,75.12],[-23.28,75],[-25.53,74.72],[-27.61,74.38],[-29.6,74.01],[-31.05,73.8],[-31.68,73.82],[-32.69,73.94],[-33.48,74.03],[-35.08,74.03],[-36.37,74.02],[-37.21,73.78],[-37.86,73.59],[-39.12,73.54],[-40.06,73.49],[-40.41,73.28],[-40.8,73.03],[-41.22,72.76],[-41.82,72.78],[-42.33,72.8],[-42.87,72.81],[-43.65,72.83],[-44.24,72.84],[-44.9,72.85],[-45.32,72.86],[-45.76,72.8],[-46.6,72.67],[-47.56,72.53],[-49.14,72.13],[-50.07,72],[-50.86,71.89],[-52.07,71.72],[-52.84,71.59],[-52.84,71.59],[-54.86,71.93],[-56.95,72.25],[-58.69,72.58],[-61.13,73.05],[-61.86,73.27],[-61.95,73.28]]]}},{"type":"Feature","properties":{"ma":50,"type":"gpml:TopologicalClosedPlateBoundary","name":"Africa","pid":701,"deforming":false},"geometry":{"type":"Polygon","coordinates":[[[-25.35,32.6],[-24.24,32.34],[-23.18,32.18],[-22.12,32.01],[-21.07,31.84],[-20.02,31.65],[-18.98,31.46],[-17.94,31.26],[-16.9,31.05],[-15.87,30.83],[-14.85,30.61],[-14.66,30.66],[-14.66,30.66],[-14.46,30.6],[-13.35,30.73],[-12.24,30.84],[-11.13,30.95],[-10.02,31.05],[-8.9,31.14],[-7.78,31.22],[-6.85,31.39],[-5.92,31.55],[-4.99,31.71],[-4.41,31.83],[-4.41,31.83],[-3.9,32.16],[-3.26,32.76],[-2.61,33.35],[-1.95,33.94],[-1.28,34.53],[-0.6,35.11],[0.15,35.87],[0.92,36.64],[0.92,36.64],[1.92,36.29],[2.9,35.93],[3.88,35.57],[4.86,35.2],[5.93,34.88],[6.99,34.55],[8.04,34.22],[9.08,33.88],[10.12,33.53],[11.15,33.16],[12.17,32.8],[12.37,32.71],[12.37,32.71],[12.37,32.7],[12.58,32.26],[12.58,32.26],[13.07,31.44],[13.57,30.65],[14.06,30.32],[14.55,29.99],[15.34,29.43],[16.22,28.87],[17.05,28.56],[17.87,28.26],[18.53,28.16],[19.19,28.07],[19.77,28.01],[20.36,27.95],[21.34,28.01],[21.9,28.09],[22.46,28.17],[23.3,28.32],[24.13,28.46],[24.75,28.63],[25.36,28.8],[25.36,28.8],[25.98,29.02],[26.6,29.22],[27.58,29.59],[28.33,29.88],[29.26,30.26],[30.31,30.62],[31.31,30.91],[31.96,31.08],[32.61,31.24],[33.27,31.39],[33.94,31.54],[33.94,31.54],[33.65,32.25],[33.54,33.21],[33.42,34.18],[33.53,34.8],[33.53,34.8],[34.15,34.94],[34.76,35.08],[35.69,34.46],[36.09,33.98],[36.48,33.49],[37.07,32.99],[37.65,32.47],[38.23,31.96],[38.94,31.5],[39.64,31.04],[40.34,30.58],[41.26,30.08],[42.18,29.57],[42.87,29.12],[43.55,28.66],[44.17,28.27],[44.79,27.89],[45.25,27.58],[45.71,27.26],[46.44,26.9],[47.17,26.54],[47.9,26.17],[48.65,25.91],[49.41,25.65],[50.16,25.38],[51.15,25.18],[52.14,24.97],[53.12,24.76],[54.11,24.54],[54.11,24.54],[54.11,24.54],[54.11,24.54],[54.11,24.54],[54.11,24.54],[54.85,24.62],[55.6,24.71],[56.63,24.81],[57.65,24.91],[58.68,25],[58.68,25],[58.32,24.1],[57.97,23.21],[57.62,22.32],[57.28,21.42],[56.86,20.5],[56.45,19.58],[56.04,18.65],[55.67,17.81],[55.3,16.96],[54.94,16.12],[54.54,15.28],[54.14,14.43],[53.74,13.59],[53.34,12.75],[52.95,11.9],[52.56,11.06],[52.19,10.24],[51.82,9.43],[51.45,8.62],[51.09,7.8],[50.72,6.99],[50.36,6.17],[49.96,5.37],[49.57,4.58],[49.17,3.78],[48.78,2.98],[48.38,2.18],[47.99,1.38],[47.56,0.62],[47.12,-0.14],[46.69,-0.91],[46.26,-1.67],[45.83,-2.43],[45.39,-3.2],[44.96,-3.99],[44.96,-3.99],[45.84,-4.37],[46.72,-4.74],[47.61,-5.11],[48.49,-5.48],[48.57,-5.3],[49.35,-5.59],[50.12,-5.88],[50.89,-6.17],[50.6,-6.83],[50.31,-7.5],[50.96,-7.78],[51.62,-8.05],[51.33,-8.58],[51.05,-9.11],[51.68,-9.51],[52.31,-9.9],[51.88,-10.8],[51.44,-11.7],[52.1,-12.12],[52.77,-12.54],[52.43,-13.25],[52.08,-13.95],[52.72,-14.42],[52.51,-14.92],[52.3,-15.42],[52.85,-15.79],[53.41,-16.15],[52.98,-16.92],[52.54,-17.68],[53.14,-18.26],[53.73,-18.83],[53.29,-19.55],[52.85,-20.27],[52.4,-20.99],[51.95,-21.71],[51.49,-22.43],[51.03,-23.15],[51.83,-23.68],[52.65,-24.21],[52.65,-24.21],[52.19,-25.03],[51.83,-25.65],[51.26,-26.48],[50.68,-27.3],[50.09,-28.13],[49.5,-28.95],[48.89,-29.77],[48.27,-30.59],[47.65,-31.4],[48.28,-31.87],[48.92,-32.33],[48.52,-32.84],[48.13,-33.35],[48.91,-33.79],[49.7,-34.22],[50.49,-34.65],[51.3,-35.08],[51.94,-35.69],[51.94,-35.69],[51.2,-36.37],[50.45,-37.06],[49.68,-37.74],[48.9,-38.41],[48.17,-39.03],[47.29,-39.52],[46.39,-40.01],[45.48,-40.49],[45.57,-41.18],[44.9,-41.39],[44.23,-41.6],[44.29,-42.33],[43.55,-42.43],[42.36,-42.63],[41.17,-42.81],[39.97,-42.98],[39.39,-43.05],[39.31,-43.41],[38.19,-43.66],[38.05,-44.42],[37.91,-45.19],[36.87,-45.38],[36.8,-46.07],[35.86,-46.12],[34.93,-46.16],[34.59,-46.92],[34.24,-47.68],[33.89,-48.44],[32.82,-48.51],[31.74,-48.57],[30.67,-48.62],[29.32,-48.81],[29.33,-49.47],[28.27,-49.68],[27.2,-49.89],[26.13,-50.08],[26.25,-50.43],[25.38,-50.58],[24.52,-50.72],[24.67,-51.3],[24.84,-51.88],[24.04,-52.01],[23.25,-52.13],[23.37,-52.98],[21.97,-53.29],[22.07,-53.7],[21.44,-53.9],[21.03,-54.6],[20.62,-55.29],[20.18,-55.98],[18.93,-56.07],[18.93,-56.62],[18.89,-57.2],[18.07,-57.24],[18.06,-57.4],[17.05,-57.43],[16.04,-57.46],[16,-57.78],[14.53,-57.76],[14.44,-58.24],[13.16,-58.25],[11.88,-58.25],[11.92,-58.17],[11.38,-58.13],[11.43,-57.98],[10.19,-57.94],[9.85,-57.89],[8.73,-57.64],[7.92,-57.38],[7.45,-57.22],[6.6,-57],[5.76,-56.78],[5.67,-56.9],[4.09,-56.92],[2.51,-56.91],[0.92,-56.89],[0.53,-57.18],[-0.41,-56.95],[-1.11,-57.59],[-1.83,-58.22],[-2.72,-58.01],[-3.37,-58.53],[-4.04,-59.04],[-5.43,-58.64],[-6.78,-58.23],[-8.11,-57.8],[-9.4,-57.36],[-9.4,-57.36],[-10.84,-57.44],[-10.98,-56.76],[-11.23,-55.87],[-11.47,-54.98],[-12.25,-54.18],[-13.01,-53.38],[-14.09,-52.78],[-15.15,-52.18],[-16.18,-51.57],[-17.38,-51.6],[-18.58,-51.62],[-18.66,-51.11],[-18.74,-50.6],[-19.09,-50.63],[-19.21,-50.03],[-19.34,-49.42],[-20.18,-49.48],[-21.03,-49.54],[-21.01,-48.88],[-21,-48.23],[-20.46,-48.21],[-20.43,-47.42],[-20.39,-46.62],[-21.23,-46.62],[-21.21,-45.92],[-21.2,-45.21],[-21.19,-44.51],[-20.81,-44.46],[-20.88,-43.68],[-20.95,-42.89],[-20.55,-42.86],[-20.64,-42.06],[-20.72,-41.27],[-20.8,-40.48],[-20.88,-39.69],[-19.77,-39.61],[-19.55,-38.72],[-18.39,-38.66],[-18.32,-37.66],[-17.48,-37.59],[-17.41,-36.94],[-16.8,-36.91],[-16.66,-36.17],[-15.92,-36.1],[-15.19,-36.02],[-15.22,-35.38],[-15.24,-34.75],[-15.54,-34.74],[-15.57,-33.98],[-15.6,-33.22],[-14.57,-33.23],[-14.58,-32.49],[-14.75,-32.52],[-14.93,-31.73],[-15.11,-30.94],[-15.76,-30.92],[-16.41,-30.9],[-16.74,-30.09],[-17.06,-29.27],[-16.12,-29.12],[-16.11,-28.89],[-15.85,-28.88],[-15.79,-28.23],[-15.43,-28.17],[-15.43,-27.65],[-15.42,-27.12],[-14.56,-27.02],[-14.57,-26.66],[-13.91,-26.54],[-13.96,-25.65],[-14,-24.76],[-14.24,-24.76],[-14.49,-23.85],[-14.73,-22.94],[-14.98,-22.04],[-15.29,-22.04],[-15.54,-21.29],[-15.78,-20.53],[-15.48,-20.4],[-15.53,-19.76],[-15.59,-19.12],[-15.82,-19.15],[-15.93,-18.64],[-16.56,-18.68],[-17.19,-18.71],[-17.18,-17.84],[-17.18,-16.98],[-17.17,-16.11],[-16.46,-16.07],[-15.75,-16.02],[-15.04,-15.98],[-15.08,-15.07],[-15.13,-14.16],[-15.17,-13.25],[-15.21,-12.34],[-15.26,-11.42],[-14.38,-11.34],[-13.51,-11.26],[-12.63,-11.17],[-12.89,-10.28],[-13.14,-9.39],[-13.39,-8.49],[-13.64,-7.6],[-13.32,-7.56],[-13.28,-7.56],[-13.28,-7.56],[-13.57,-6.74],[-13.87,-5.92],[-14.16,-5.1],[-14.95,-5.19],[-15.73,-5.28],[-16.52,-5.37],[-16.62,-4.99],[-16.92,-5.03],[-17.08,-4.48],[-17.29,-4.48],[-17.44,-3.91],[-18.36,-4],[-19.27,-4.08],[-20.19,-4.16],[-21.1,-4.24],[-22.02,-4.32],[-22.94,-4.4],[-23.85,-4.48],[-24.77,-4.55],[-25.68,-4.63],[-25.85,-3.76],[-26.02,-2.88],[-26.65,-2.92],[-27.27,-2.96],[-27.42,-2.25],[-28.29,-2.29],[-29.16,-2.34],[-30.02,-2.38],[-30.89,-2.42],[-30.97,-1.56],[-31.65,-1.6],[-31.68,-0.77],[-31.72,0.06],[-31.75,0.89],[-32.69,0.87],[-33.62,0.84],[-33.63,1.71],[-33.63,2.58],[-34.2,2.58],[-34.19,3.1],[-34.17,3.62],[-35.05,3.6],[-35.94,3.58],[-35.93,4.05],[-36.59,4.05],[-36.59,4.54],[-37.37,4.53],[-37.38,4.87],[-38.03,4.86],[-38.68,4.85],[-38.65,5.46],[-39.6,5.45],[-40.55,5.43],[-40.49,6.17],[-41.01,6.19],[-40.97,6.79],[-41.18,6.78],[-41.15,7.38],[-41.36,7.39],[-41.31,8.38],[-42.25,8.39],[-43.18,8.41],[-44.12,8.42],[-44.06,9.07],[-44.01,9.71],[-44.37,9.73],[-44.34,10.26],[-44.98,10.25],[-45.62,10.23],[-45.57,11.04],[-45.53,11.85],[-45.49,12.66],[-45.49,12.66],[-46.17,12.7],[-46.85,12.74],[-46.85,12.74],[-46.83,12.82],[-46.52,13.74],[-46.22,14.67],[-45.91,15.59],[-45.6,16.52],[-45.46,16.51],[-45.16,17.29],[-44.85,18.07],[-45.1,18.09],[-44.79,18.87],[-44.47,19.64],[-44.15,20.41],[-43.83,21.19],[-44.75,21.22],[-44.51,21.75],[-44.28,22.29],[-43.53,22.26],[-43.07,23.16],[-42.61,24.06],[-42.14,24.96],[-41.6,25.6],[-41.07,26.24],[-40.52,26.87],[-39.75,26.84],[-38.97,26.8],[-38.62,27.42],[-38.26,28.04],[-37.9,28.66],[-37.65,28.64],[-37.15,29.45],[-36.29,29.4],[-35.44,29.35],[-35.15,29.78],[-34.18,29.72],[-33.8,30.42],[-33.41,31.11],[-32.4,31.06],[-31.97,31.81],[-31.52,32.55],[-30.56,32.47],[-30.15,33.11],[-29.24,33.02],[-28.32,32.93],[-27.45,32.84],[-26.47,32.86],[-25.35,32.6]]]}},{"type":"Feature","properties":{"ma":50,"type":"gpml:TopologicalClosedPlateBoundary","name":"East Antarctica","pid":802,"deforming":false},"geometry":{"type":"Polygon","coordinates":[[[180,-85.16],[180,-86.13],[180,-87.1],[180,-88.07],[180,-89.03],[180,-90],[-180,-90],[-180,-89.03],[-180,-88.07],[-180,-87.1],[-180,-86.13],[-180,-85.16],[-180,-84.2],[-174.85,-84.45],[-166.76,-84.63],[-158.29,-84.7],[-147.72,-84.63],[-137.75,-84.38],[-137.75,-84.38],[-137.27,-84.31],[-135.69,-83.92],[-134.74,-83.69],[-134.74,-83.69],[-126.89,-83.46],[-122.51,-83.21],[-118.46,-82.92],[-115.47,-82.59],[-112.75,-82.24],[-109.99,-81.66],[-107.59,-81.07],[-104.84,-80.33],[-103.39,-79.77],[-102.09,-79.2],[-100.81,-78.61],[-99.66,-78.02],[-98.18,-77.42],[-96.84,-76.81],[-95.54,-75.86],[-94.91,-75.37],[-94.32,-74.87],[-93.82,-73.88],[-93.6,-73.11],[-93.61,-73],[-93.61,-73],[-94.23,-72.46],[-96.43,-72.06],[-98.54,-71.65],[-100.56,-71.2],[-102.48,-70.74],[-102.48,-70.74],[-99.5,-70.61],[-97.06,-70.36],[-95.65,-70.2],[-94.26,-70.02],[-93,-69.78],[-90.74,-69.61],[-88.95,-69.5],[-87.62,-69.06],[-86.26,-68.5],[-84.96,-67.93],[-83.7,-67.51],[-82.48,-67.08],[-80.66,-66.4],[-79.44,-65.81],[-77.97,-65.09],[-76.56,-64.32],[-75.09,-63.9],[-73.76,-63.67],[-72.45,-63.42],[-71.36,-63.1],[-70.15,-62.74],[-69.74,-62.64],[-69.74,-62.64],[-68.54,-63.05],[-67.34,-63.37],[-66.12,-63.68],[-64.86,-64.01],[-64.29,-64.15],[-63.38,-64.37],[-62.11,-64.66],[-61.28,-64.84],[-60.67,-64.92],[-59.62,-65.04],[-59.62,-65.04],[-59.26,-64.93],[-59.26,-64.93],[-57.02,-65.24],[-54.72,-65.51],[-52.38,-65.75],[-50,-65.96],[-47.73,-65.89],[-45.47,-65.8],[-43.24,-65.67],[-41.2,-65.45],[-39.19,-65.21],[-37.23,-64.94],[-35.31,-64.64],[-33.8,-64.35],[-32.33,-64.04],[-30.89,-63.72],[-29.35,-63.31],[-27.86,-62.88],[-26.42,-62.43],[-25,-62.93],[-23.7,-62.51],[-22.45,-62.07],[-21.37,-62.45],[-20.26,-62.82],[-18.83,-62.22],[-17.46,-61.6],[-16.14,-60.97],[-15.33,-60.58],[-14.54,-60.18],[-13.6,-60.41],[-12.65,-60.63],[-11.74,-60.21],[-10.86,-59.78],[-9.76,-60.03],[-9.02,-59.69],[-8.29,-59.35],[-7.21,-59.69],[-6.53,-59.3],[-5.86,-58.91],[-5.48,-58.63],[-4.04,-59.04],[-3.37,-58.53],[-2.72,-58.01],[-1.83,-58.22],[-1.11,-57.59],[-0.41,-56.95],[0.53,-57.18],[0.92,-56.89],[2.51,-56.91],[4.09,-56.92],[5.67,-56.9],[5.76,-56.78],[6.6,-57],[7.45,-57.22],[7.92,-57.38],[8.73,-57.64],[9.85,-57.89],[10.19,-57.94],[11.43,-57.98],[11.38,-58.13],[11.92,-58.17],[11.88,-58.25],[13.16,-58.25],[14.44,-58.24],[14.53,-57.76],[16,-57.78],[16.04,-57.46],[17.05,-57.43],[18.06,-57.4],[18.07,-57.24],[18.89,-57.2],[18.93,-56.62],[18.93,-56.07],[20.18,-55.98],[20.62,-55.29],[21.03,-54.6],[21.44,-53.9],[22.07,-53.7],[21.97,-53.29],[23.37,-52.98],[23.25,-52.13],[24.04,-52.01],[24.84,-51.88],[24.67,-51.3],[24.52,-50.72],[25.38,-50.58],[26.25,-50.43],[26.13,-50.08],[27.2,-49.89],[28.27,-49.68],[29.33,-49.47],[29.32,-48.81],[30.67,-48.62],[31.74,-48.57],[32.82,-48.51],[33.89,-48.44],[34.24,-47.68],[34.59,-46.92],[34.93,-46.16],[35.86,-46.12],[36.8,-46.07],[36.87,-45.38],[37.91,-45.19],[38.05,-44.42],[38.19,-43.66],[39.31,-43.41],[39.39,-43.05],[39.97,-42.98],[41.17,-42.81],[42.36,-42.63],[43.55,-42.43],[44.29,-42.33],[44.23,-41.6],[44.9,-41.39],[45.57,-41.18],[45.48,-40.49],[46.39,-40.01],[47.29,-39.52],[48.17,-39.03],[48.9,-38.41],[49.68,-37.74],[50.45,-37.06],[51.2,-36.37],[51.94,-35.69],[51.94,-35.69],[52.09,-35.83],[52.05,-36.11],[52.05,-36.11],[53,-36.59],[53.96,-37.06],[54.94,-37.53],[54.43,-38.36],[53.92,-39.19],[54.91,-39.59],[55.9,-39.99],[56.91,-40.37],[57.93,-40.75],[58.97,-41.12],[60.01,-41.47],[59.6,-42.31],[59.18,-43.14],[60.32,-43.42],[61.47,-43.69],[62.63,-43.95],[62.63,-43.95],[62.62,-43.95],[62.14,-44.71],[61.65,-45.46],[61.14,-46.2],[60.62,-46.95],[60.09,-47.69],[60.09,-47.69],[61.06,-48.07],[61.98,-48.46],[62.91,-48.84],[63.98,-49.37],[65.08,-49.89],[66.2,-50.4],[67.34,-50.9],[68.46,-51.4],[69.6,-51.88],[70.76,-52.35],[71.95,-52.81],[73.17,-53.25],[74.41,-53.69],[75.55,-54.33],[76.73,-54.95],[77.95,-55.56],[79.2,-56.16],[80.49,-56.75],[81.54,-57.14],[82.61,-57.51],[83.76,-57.88],[84.93,-58.23],[86.13,-58.58],[87.65,-58.87],[89.21,-59.15],[90.48,-59.37],[91.77,-59.58],[93.31,-59.93],[94.65,-60.51],[95.37,-60.96],[96.1,-61.41],[97.38,-61.68],[97.38,-61.68],[97.49,-62.46],[97.65,-63.06],[97.81,-63.66],[98.37,-64.43],[98.97,-65.2],[99.61,-65.96],[99.61,-65.96],[101.77,-66.26],[103.97,-66.53],[105.3,-66.62],[106.63,-66.7],[108.38,-66.63],[110.13,-66.55],[111.4,-66.47],[112.67,-66.37],[114.64,-66.36],[116.6,-66.32],[118.55,-66.25],[120.37,-66],[122.15,-65.73],[123.7,-65.68],[125.25,-65.61],[126.66,-65.59],[128.08,-65.56],[129.98,-65.66],[131.52,-65.93],[133.1,-66.18],[134.69,-66.23],[136.29,-66.27],[138.65,-66.5],[139.86,-66.71],[141.1,-66.9],[142.84,-67.1],[144.61,-67.27],[146.25,-67.52],[147.92,-67.75],[149.06,-68.12],[150.24,-68.48],[151.36,-68.96],[152.53,-69.43],[154.09,-69.87],[155.89,-69.88],[157.7,-69.88],[159.43,-70.2],[160.28,-70.69],[161.17,-71.17],[162.48,-71.29],[162.68,-71.67],[162.68,-71.67],[161.36,-72.24],[159.96,-72.81],[158.92,-73.39],[157.8,-73.96],[156.82,-74.61],[155.75,-75.26],[156.1,-75.96],[156.49,-76.66],[156.5,-76.52],[156.63,-76.64],[156.58,-76.88],[156.65,-77.24],[156.47,-77.66],[155.85,-77.9],[155.36,-78.24],[155.26,-78.36],[155.16,-78.47],[155.06,-78.59],[154.94,-78.6],[154.94,-78.6],[154.78,-79.26],[154.61,-79.92],[156.05,-80.69],[157.74,-81.45],[160.47,-82.07],[163.65,-82.67],[166.19,-83.06],[169.02,-83.43],[170.28,-83.51],[170.28,-83.51],[174.87,-83.88],[180,-84.2],[180,-85.16]]]}},{"type":"Feature","properties":{"ma":50,"type":"gpml:TopologicalClosedPlateBoundary","name":"Greenland","pid":102,"deforming":false},"geometry":{"type":"Polygon","coordinates":[[[-30.8,51.2],[-30.8,51.2],[-31.53,51.34],[-32.6,51.42],[-33.6,51.51],[-34.61,51.59],[-35.66,52.26],[-36.31,52.39],[-37.62,52.49],[-38.28,53.07],[-38.95,53.8],[-39.5,54.41],[-40.34,55.16],[-40.86,55.66],[-41.91,56.21],[-42.57,56.58],[-43.68,57.12],[-43.85,57.33],[-43.85,57.33],[-43.77,57.36],[-43.46,58.23],[-42.78,58.95],[-42.43,59.69],[-41.66,60.19],[-41.62,60.22],[-41.62,60.22],[-42.36,60.45],[-41.71,60.97],[-41.03,61.48],[-39.7,62.23],[-39.24,63.12],[-39.29,63.73],[-38.86,64.48],[-39.28,65.08],[-39.68,65.74],[-39.7,66.41],[-40.17,67.19],[-39.67,68.16],[-40.97,68.71],[-41.49,69.49],[-42.57,70.08],[-43.98,70.85],[-44.25,71.36],[-44.53,71.86],[-44.85,72.7],[-44.75,72.85],[-44.75,72.85],[-44.24,72.84],[-43.65,72.83],[-42.87,72.81],[-42.33,72.8],[-41.82,72.78],[-41.22,72.76],[-40.8,73.03],[-40.41,73.28],[-40.06,73.49],[-39.12,73.54],[-37.86,73.59],[-37.21,73.78],[-36.37,74.02],[-35.08,74.03],[-33.48,74.03],[-32.69,73.94],[-31.68,73.82],[-31.05,73.8],[-29.6,74.01],[-27.61,74.38],[-25.53,74.72],[-23.28,75],[-21.85,75.12],[-19.77,75.27],[-18.05,75.37],[-16.37,75.42],[-16.37,75.42],[-14.28,75.24],[-12.24,75.04],[-9.93,74.61],[-7.74,74.16],[-5.67,73.68],[-4.13,73.2],[-2.69,72.7],[-1.43,72],[-0.26,71.28],[0.77,70.61],[1.24,70.24],[1.49,70.05],[1.49,70.05],[3.02,70.28],[4.58,70.5],[4.58,70.5],[5.21,69.85],[5.79,69.2],[5.84,68.51],[5.88,67.82],[5.92,67.12],[5.92,67.12],[4.26,66.76],[3.55,66.56],[2.83,66.4],[1.96,66.2],[1.35,66.03],[0.67,65.9],[0.09,65.77],[-0.62,65.7],[-1.15,65.61],[-1.9,65.45],[-2.46,65.29],[-2.86,65.11],[-3.41,64.98],[-4.05,64.81],[-4.52,64.73],[-5.15,64.6],[-6.26,64.15],[-7.33,63.69],[-7.33,63.69],[-7.34,63.68],[-7.61,63.47],[-7.73,63.29],[-8.03,62.9],[-8.14,62.64],[-8.09,62.42],[-7.5,61.93],[-6.31,61.17],[-6.31,61.17],[-7.29,61.01],[-8.26,60.84],[-8.11,60.59],[-8.34,60.55],[-8.58,60.48],[-8.88,60.37],[-9.17,60.31],[-9.49,60.24],[-9.75,60.13],[-10.04,60.06],[-10.26,59.97],[-11.38,59.66],[-12.74,59.45],[-14.02,59.49],[-15.84,59.54],[-15.84,59.54],[-16.86,58.98],[-17.85,58.41],[-18.81,57.83],[-19.41,57.48],[-20.57,56.8],[-21.35,56.38],[-22.04,56.01],[-22.71,55.65],[-23.76,55.24],[-24.34,54.85],[-25.52,54.25],[-26.15,53.76],[-26.98,53.02],[-27.5,52.53],[-27.93,52.37],[-28.43,52.14],[-28.92,51.85],[-29.44,51.7],[-30.2,51.56],[-30.79,51.4],[-30.8,51.2]]]}},{"type":"Feature","properties":{"ma":50,"type":"gpml:TopologicalClosedPlateBoundary","name":"India","pid":501,"deforming":false},"geometry":{"type":"Polygon","coordinates":[[[44.96,-3.99],[45.39,-3.2],[45.83,-2.43],[46.26,-1.67],[46.69,-0.91],[47.12,-0.14],[47.56,0.62],[47.99,1.38],[48.38,2.18],[48.78,2.98],[49.17,3.78],[49.57,4.58],[49.96,5.37],[50.36,6.17],[50.72,6.99],[51.09,7.8],[51.45,8.62],[51.82,9.43],[52.19,10.24],[52.56,11.06],[52.95,11.9],[53.34,12.75],[53.74,13.59],[54.14,14.43],[54.54,15.28],[54.94,16.12],[55.3,16.96],[55.67,17.81],[56.04,18.65],[56.45,19.58],[56.86,20.5],[57.28,21.42],[57.63,22.34],[57.99,23.26],[58.35,24.18],[58.72,25.09],[58.95,25.67],[58.95,25.67],[59.68,25.47],[60.41,25.26],[61.33,24.92],[62.25,24.58],[63.16,24.22],[64.02,23.93],[64.87,23.62],[65.72,23.31],[66.56,23],[67.4,22.68],[67.98,22.21],[68.56,21.74],[69.13,21.27],[70.05,20.96],[70.97,20.65],[71.89,20.33],[72.8,20.01],[73.7,19.68],[74.74,19.59],[75.77,19.49],[76.8,19.39],[77.83,19.28],[78.75,19.44],[79.67,19.59],[80.6,19.74],[81.45,19.98],[82.31,20.21],[83.17,20.43],[83.93,20.37],[84.58,20.06],[85.37,19.8],[85.37,19.8],[85.33,19.64],[85.18,18.86],[85.04,18.08],[84.89,17.31],[84.75,16.53],[84.84,15.69],[84.93,14.86],[85.02,14.02],[85.43,13.31],[85.84,12.6],[86.1,11.7],[86.36,10.8],[86.62,9.9],[86.88,9],[86.88,9],[87.65,8.38],[88.43,7.76],[89.25,7.32],[90.08,6.88],[90.89,6.43],[91.65,6.12],[92.41,5.8],[93.17,5.47],[93.94,5.01],[94.72,4.54],[95.49,4.07],[96.27,3.6],[97.08,3.19],[97.89,2.79],[98.7,2.39],[99.51,1.98],[100.19,1.59],[100.86,1.2],[100.86,1.2],[100.7,0.36],[100.53,-0.47],[100.39,-1.1],[100.25,-1.72],[100.25,-1.72],[99.43,-1.99],[98.61,-2.26],[97.79,-2.53],[96.97,-2.8],[96.17,-2.75],[95.36,-2.7],[95.15,-3.4],[94.94,-4.1],[94.73,-4.79],[94.19,-4.71],[93.66,-4.62],[93.44,-5.58],[93.22,-6.55],[93,-7.51],[92.78,-8.47],[92.56,-9.44],[92.36,-10.39],[92.16,-11.33],[91.95,-12.28],[91.75,-13.23],[91.75,-13.23],[90.94,-13.08],[90.14,-12.93],[89.34,-12.78],[89.14,-13.71],[88.93,-14.64],[88.73,-15.57],[88.52,-16.49],[88.34,-17.36],[88.15,-18.23],[87.96,-19.1],[87.78,-19.97],[86.88,-19.83],[85.98,-19.68],[85.08,-19.53],[84.19,-19.38],[83.3,-19.22],[82.98,-20.13],[82.66,-21.04],[82.34,-21.96],[82.01,-22.87],[81.68,-23.78],[81.35,-24.68],[80.65,-24.5],[79.95,-24.31],[79.73,-24.91],[79.5,-25.5],[79.08,-25.37],[78.95,-25.69],[78.09,-25.54],[77.23,-25.38],[76.36,-25.21],[76.02,-26.1],[75.68,-27],[75.67,-27.02],[75.41,-27.91],[74.65,-27.74],[73.9,-27.58],[73.61,-28.42],[73.32,-29.27],[73.02,-30.12],[72.72,-30.96],[72.41,-31.81],[72.09,-32.65],[71.77,-33.5],[71.07,-33.4],[70.37,-33.3],[70.02,-34.25],[69.65,-35.2],[69.28,-36.14],[68.9,-37.09],[68.55,-38.02],[68.19,-38.95],[67.81,-39.88],[67.43,-40.81],[66.61,-40.62],[65.79,-40.43],[64.83,-40.19],[64.41,-40.94],[63.98,-41.7],[63.54,-42.45],[63.09,-43.2],[62.63,-43.95],[62.63,-43.95],[61.47,-43.69],[60.32,-43.42],[59.18,-43.14],[59.6,-42.31],[60.01,-41.47],[58.97,-41.12],[57.93,-40.75],[56.91,-40.37],[55.9,-39.99],[54.91,-39.59],[53.92,-39.19],[54.43,-38.36],[54.94,-37.53],[53.96,-37.06],[53,-36.59],[52.05,-36.11],[52.05,-36.11],[52.09,-35.83],[51.3,-35.08],[50.49,-34.65],[49.7,-34.22],[48.91,-33.79],[48.13,-33.35],[48.52,-32.84],[48.92,-32.33],[48.28,-31.87],[47.65,-31.4],[48.27,-30.59],[48.89,-29.77],[49.5,-28.95],[50.09,-28.13],[50.68,-27.3],[51.26,-26.48],[51.83,-25.65],[52.19,-25.03],[52.65,-24.21],[52.65,-24.21],[51.83,-23.68],[51.03,-23.15],[51.49,-22.43],[51.95,-21.71],[52.4,-20.99],[52.85,-20.27],[53.29,-19.55],[53.73,-18.83],[53.14,-18.26],[52.54,-17.68],[52.98,-16.92],[53.41,-16.15],[52.85,-15.79],[52.3,-15.42],[52.51,-14.92],[52.72,-14.42],[52.08,-13.95],[52.43,-13.25],[52.77,-12.54],[52.1,-12.12],[51.44,-11.7],[51.88,-10.8],[52.31,-9.9],[51.68,-9.51],[51.05,-9.11],[51.33,-8.58],[51.62,-8.05],[50.96,-7.78],[50.31,-7.5],[50.6,-6.83],[50.89,-6.17],[50.12,-5.88],[49.35,-5.59],[48.57,-5.3],[48.49,-5.48],[47.61,-5.11],[46.72,-4.74],[45.84,-4.37],[44.96,-3.99]]]}},{"type":"Feature","properties":{"ma":50,"type":"gpml:TopologicalClosedPlateBoundary","name":"Kamchatka","pid":406,"deforming":false},"geometry":{"type":"Polygon","coordinates":[[[140.33,63.67],[140.33,63.67],[140.24,63.44],[139.37,62.7],[138.84,62.06],[138.33,61.42],[138.33,61.42],[138.26,61.31],[139.37,61.37],[140.49,61.43],[140.49,61.43],[142.42,61.46],[144.36,61.46],[145.78,61.61],[147.21,61.73],[148.65,61.85],[150.01,62.2],[151.4,62.55],[152.61,62.78],[153.83,63.01],[155.46,63.39],[155.46,63.39],[157.03,63.24],[158.58,63.07],[160.12,62.89],[161,62.9],[161,62.9],[159.09,62.7],[157.2,62.47],[155.34,62.21],[153.51,61.94],[151.72,61.63],[150.28,61.39],[148.87,61.13],[147.25,60.92],[145.66,60.7],[144.08,60.46],[143.08,60.3],[142.08,60.13],[141.09,60.02],[140.1,59.9],[138.66,59.84],[137.22,59.77],[137.22,59.77],[136.75,59.98],[136.31,60.48],[135.86,60.98],[135.86,60.98],[136.4,61.38],[137.53,62.2],[138.52,62.95],[139.57,63.69],[139.81,63.83],[140.33,63.67]]]}},{"type":"Feature","properties":{"ma":50,"type":"gpml:TopologicalClosedPlateBoundary","name":"NE Siberia","pid":409,"deforming":false},"geometry":{"type":"MultiPolygon","coordinates":[[[[180,75.01],[180,74.08],[180,73.15],[180,72.22],[180,71.29],[180,70.36],[180,69.44],[180,68.51],[180,67.58],[180,66.65],[180,65.72],[180,64.79],[180,63.86],[179.2,63.96],[177.37,64.42],[175.48,64.87],[173.99,65.13],[172.46,65.38],[170.91,65.62],[169.45,65.28],[168.02,64.93],[166.63,64.57],[165.7,64.23],[164.79,63.88],[164.79,63.88],[164.33,64.04],[162.78,64.48],[161.38,64.86],[160.33,65.12],[159.62,65.89],[158.87,66.66],[158.78,67.58],[158.78,67.58],[156.58,67.9],[154.31,68.19],[151.99,68.45],[149.62,68.68],[148.34,69.25],[147,69.82],[145.58,70.37],[145.6,71.05],[145.61,71.74],[145.63,72.42],[147.37,72.99],[149.23,73.55],[151.22,74.08],[153.34,74.6],[153.97,75.55],[154.68,76.5],[154.68,76.5],[150.79,76.72],[146.79,76.88],[142.72,76.97],[138.61,77],[134.49,76.96],[130.43,76.86],[128.23,76.46],[126.17,76.04],[125.64,75.77],[124.94,75.8],[123.22,75.84],[119.74,76.34],[119.74,76.34],[120.23,76.85],[119.67,77.83],[116.03,78.19],[112.18,78.51],[110.66,79.09],[110.66,79.09],[112.8,78.96],[117.75,79.08],[122.76,79.12],[127.74,78.93],[132.52,78.66],[137.05,78.32],[141.3,77.91],[145.07,77.76],[148.74,77.56],[152.28,77.31],[155.68,77.01],[159.61,76.98],[163.5,76.89],[167.33,76.75],[171.06,76.54],[174.12,76.38],[177.11,76.17],[180,75.94],[180,75.01]]],[[[-180,64.79],[-180,65.72],[-180,66.65],[-180,67.58],[-180,68.51],[-180,69.44],[-180,70.36],[-180,71.29],[-180,72.22],[-180,73.15],[-180,74.08],[-180,75.01],[-180,75.94],[-177.87,75.73],[-175.81,75.51],[-173.54,75.17],[-171.38,74.8],[-169.32,74.41],[-166.93,73.87],[-164.7,73.31],[-162.61,72.72],[-160.65,72.12],[-160.25,71.19],[-159.88,70.27],[-159.54,69.34],[-159.23,68.42],[-158.95,67.49],[-159.43,66.61],[-159.88,65.72],[-160.29,64.84],[-160.68,63.95],[-160.94,63.29],[-161.18,62.63],[-161.18,62.63],[-162.68,62.53],[-164.17,62.42],[-165.66,62.29],[-167.33,62.43],[-169.01,62.55],[-170.71,62.64],[-172.42,62.71],[-174.26,63.04],[-176.13,63.34],[-178.05,63.61],[-180,63.86],[-180,64.79]]]]}},{"type":"Feature","properties":{"ma":50,"type":"gpml:TopologicalClosedPlateBoundary","name":"Pacific","pid":901,"deforming":false},"geometry":{"type":"MultiPolygon","coordinates":[[[[180,-59.79],[180,-60.74],[180,-61.68],[180,-62.62],[180,-63.57],[180,-64.51],[180,-65.46],[180,-66.4],[180,-67.35],[180,-68.29],[180,-69.24],[179.78,-68.84],[177.36,-68.99],[174.9,-69.09],[172.43,-69.17],[169.94,-69.21],[167.45,-69.21],[164.96,-69.17],[164.96,-69.17],[166.33,-68.67],[167.64,-68.16],[168.9,-67.63],[169.49,-67.48],[170.45,-67.17],[171.21,-66.85],[173.13,-66.35],[174.96,-65.83],[175.72,-65.11],[176.44,-64.38],[177.11,-63.65],[177.85,-62.88],[178.56,-62.1],[179.19,-61.35],[179.8,-60.6],[179.9,-59.73],[180,-58.85],[180,-59.79]]],[[[180,62.87],[180,61.88],[180,60.89],[180,59.9],[180,58.9],[180,57.91],[180,56.92],[180,55.93],[180,54.94],[180,53.94],[180,52.95],[180,51.96],[180,50.97],[180,49.98],[180,48.98],[180,47.99],[180,47],[180,46.01],[180,45.02],[180,44.02],[180,43.03],[180,42.04],[180,41.05],[180,40.05],[180,39.06],[180,38.07],[180,37.08],[180,36.09],[180,35.09],[180,34.1],[180,33.11],[180,32.12],[180,31.13],[180,30.13],[180,29.14],[180,28.15],[180,27.16],[180,26.17],[180,25.17],[180,24.18],[180,23.19],[180,22.2],[180,21.21],[180,20.21],[180,19.22],[180,18.23],[180,17.24],[180,16.25],[180,15.25],[180,14.26],[180,13.27],[180,12.28],[180,11.29],[180,10.29],[180,9.3],[180,8.31],[180,7.32],[180,6.33],[180,5.33],[180,4.34],[180,3.35],[180,2.36],[180,1.37],[180,0.37],[180,-0.62],[180,-1.61],[180,-2.6],[180,-3.59],[180,-4.59],[180,-5.58],[180,-6.57],[180,-7.56],[180,-8.55],[180,-9.55],[180,-10.54],[180,-11.53],[180,-12.52],[180,-13.51],[180,-14.51],[180,-15.5],[180,-16.49],[180,-17.48],[180,-18.47],[180,-19.47],[180,-20.46],[180,-21.45],[180,-22.44],[180,-23.43],[180,-24.43],[180,-25.42],[180,-26.41],[180,-27.4],[180,-28.39],[180,-29.39],[180,-30.38],[180,-31.37],[180,-32.36],[180,-33.35],[180,-34.35],[180,-35.34],[180,-36.33],[180,-37.32],[180,-38.31],[180,-39.31],[180,-40.3],[180,-41.29],[180,-42.28],[180,-43.27],[180,-44.27],[180,-45.26],[180,-46.25],[179.02,-46.06],[178.04,-45.87],[176.72,-45.89],[175.91,-45.78],[175.11,-45.67],[174.02,-45.65],[173.2,-45.49],[172.42,-45.25],[171.57,-44.66],[171.08,-44.04],[170.6,-43.42],[170.22,-42.95],[169.85,-42.47],[169.51,-41.79],[169.17,-41.11],[169.03,-40.66],[169.03,-40.66],[168.69,-40.29],[168.64,-40.22],[168.56,-40.1],[168.26,-39.73],[167.69,-39.19],[167.14,-38.65],[166.59,-38.1],[165.81,-37.72],[165.04,-37.33],[164.13,-36.99],[163.24,-36.64],[162.27,-36.16],[161.31,-35.67],[160.44,-35.17],[159.57,-34.66],[159.26,-34.13],[159.07,-33.72],[158.92,-33.19],[158.78,-32.66],[158.78,-32.66],[158.93,-32.56],[159.81,-32.29],[160.33,-31.89],[160.97,-31.56],[161.49,-31.3],[161.94,-31.17],[162.71,-30.92],[163.3,-30.59],[163.45,-30.51],[163.45,-30.51],[163.2,-29.86],[162.95,-29.22],[162.65,-28.6],[162.34,-27.98],[162.04,-27.36],[161.6,-26.84],[161.16,-26.32],[160.67,-25.74],[160.18,-25.17],[159.97,-24.7],[159.75,-24.23],[159.3,-23.84],[158.85,-23.46],[158.28,-22.85],[157.71,-22.24],[157.04,-21.95],[156.46,-21.85],[155.89,-21.74],[155.36,-21.3],[154.75,-21.15],[154.14,-20.99],[153.4,-20.64],[152.67,-20.28],[151.88,-20.22],[151.1,-20.16],[150.54,-19.95],[149.98,-19.74],[149.57,-19.32],[149.17,-18.89],[148.75,-18.38],[148.34,-17.86],[147.75,-17.43],[147.17,-16.99],[146.6,-16.56],[145.99,-16.11],[145.38,-15.65],[144.78,-15.2],[144.56,-15.1],[144.64,-14.2],[144.71,-13.29],[144.78,-12.39],[144.86,-11.48],[144.93,-10.58],[144.85,-9.74],[144.78,-8.9],[144.7,-8.07],[144.63,-7.23],[144.63,-7.23],[144.72,-7.07],[145.13,-6.43],[145.54,-5.79],[145.95,-5.15],[146.35,-4.51],[146.67,-3.78],[146.99,-3.04],[147.3,-2.31],[147.62,-1.48],[147.93,-0.64],[148.25,0.2],[148.57,1.03],[148.6,1.53],[148.63,2.03],[148.63,2.03],[148.2,2.44],[147.69,2.58],[147.19,2.72],[146.43,3],[145.95,3.43],[145.47,3.85],[145.14,4.37],[144.81,4.89],[144.49,5.28],[144.16,5.67],[143.65,6.02],[143.14,6.37],[142.61,6.67],[142.09,6.97],[141.68,7.36],[141.26,7.75],[140.81,8.2],[140.36,8.64],[139.91,9.2],[139.45,9.75],[139.15,10.17],[138.84,10.59],[138.49,11.02],[138.14,11.45],[137.65,12.01],[137.16,12.57],[136.65,13.07],[136.15,13.57],[135.55,14.08],[134.95,14.57],[134.48,14.92],[134,15.26],[133.27,15.94],[132.53,16.63],[131.81,17.24],[131.09,17.86],[130.36,18.47],[129.71,18.93],[129.06,19.39],[128.4,19.85],[127.75,20.3],[127.02,20.72],[126.29,21.13],[125.55,21.53],[124.81,21.94],[124.01,22.24],[123.2,22.54],[122.39,22.84],[121.58,23.13],[120.91,23.62],[120.24,24.1],[120.24,24.1],[119.91,24.94],[119.57,25.77],[119.23,26.61],[119.06,27.44],[118.88,28.26],[118.88,28.26],[119.49,28.59],[120.1,28.91],[120.53,29.32],[120.96,29.72],[121.34,30.4],[121.73,31.08],[122.12,31.76],[122.32,32.17],[122.32,32.17],[122.52,32.33],[123.17,32.95],[123.71,33.6],[124.26,34.24],[124.81,34.88],[125.33,35.47],[125.85,36.05],[126.36,36.65],[126.88,37.24],[127.4,37.83],[128.13,38.63],[128.89,39.31],[129.26,39.73],[129.63,40.15],[130.24,40.81],[130.85,41.47],[131.39,42.15],[131.95,42.83],[132.45,43.5],[132.96,44.17],[133.63,45.05],[134.32,45.93],[134.69,46.46],[135.07,47],[135.5,47.72],[135.95,48.44],[136.47,49.27],[137.01,50.1],[137.49,50.9],[137.99,51.7],[138.37,52.42],[138.76,53.14],[139.08,53.98],[139.41,54.83],[139.76,55.67],[140.13,56.52],[140.48,57.38],[140.86,58.23],[141.26,59.08],[141.67,59.94],[141.73,60.09],[141.73,60.09],[142.08,60.13],[143.08,60.3],[144.08,60.46],[145.66,60.7],[147.25,60.92],[148.87,61.13],[150.28,61.39],[151.72,61.63],[153.48,61.93],[155.28,62.21],[157.11,62.46],[158.97,62.68],[160.85,62.89],[162.76,63.06],[162.76,63.06],[164.01,63.58],[165.3,64.08],[166.63,64.57],[168.02,64.93],[169.45,65.28],[170.91,65.62],[172.46,65.38],[173.99,65.13],[175.48,64.87],[177.37,64.42],[179.2,63.96],[180,63.86],[180,62.87]]],[[[-180,-45.26],[-180,-44.27],[-180,-43.27],[-180,-42.28],[-180,-41.29],[-180,-40.3],[-180,-39.31],[-180,-38.31],[-180,-37.32],[-180,-36.33],[-180,-35.34],[-180,-34.35],[-180,-33.35],[-180,-32.36],[-180,-31.37],[-180,-30.38],[-180,-29.39],[-180,-28.39],[-180,-27.4],[-180,-26.41],[-180,-25.42],[-180,-24.43],[-180,-23.43],[-180,-22.44],[-180,-21.45],[-180,-20.46],[-180,-19.47],[-180,-18.47],[-180,-17.48],[-180,-16.49],[-180,-15.5],[-180,-14.51],[-180,-13.51],[-180,-12.52],[-180,-11.53],[-180,-10.54],[-180,-9.55],[-180,-8.55],[-180,-7.56],[-180,-6.57],[-180,-5.58],[-180,-4.59],[-180,-3.59],[-180,-2.6],[-180,-1.61],[-180,-0.62],[-180,0.37],[-180,1.37],[-180,2.36],[-180,3.35],[-180,4.34],[-180,5.33],[-180,6.33],[-180,7.32],[-180,8.31],[-180,9.3],[-180,10.29],[-180,11.29],[-180,12.28],[-180,13.27],[-180,14.26],[-180,15.25],[-180,16.25],[-180,17.24],[-180,18.23],[-180,19.22],[-180,20.21],[-180,21.21],[-180,22.2],[-180,23.19],[-180,24.18],[-180,25.17],[-180,26.17],[-180,27.16],[-180,28.15],[-180,29.14],[-180,30.13],[-180,31.13],[-180,32.12],[-180,33.11],[-180,34.1],[-180,35.09],[-180,36.09],[-180,37.08],[-180,38.07],[-180,39.06],[-180,40.05],[-180,41.05],[-180,42.04],[-180,43.03],[-180,44.02],[-180,45.02],[-180,46.01],[-180,47],[-180,47.99],[-180,48.98],[-180,49.98],[-180,50.97],[-180,51.96],[-180,52.95],[-180,53.94],[-180,54.94],[-180,55.93],[-180,56.92],[-180,57.91],[-180,58.9],[-180,59.9],[-180,60.89],[-180,61.88],[-180,62.87],[-180,63.86],[-177.88,63.59],[-175.81,63.29],[-175.81,63.29],[-174.92,62.52],[-174.07,61.75],[-173.27,60.97],[-172.51,60.19],[-171.78,59.4],[-170.81,58.55],[-169.89,57.69],[-169.01,56.82],[-168.17,55.94],[-167.37,55.06],[-166.61,54.17],[-165.87,53.28],[-165.17,52.39],[-164.38,51.57],[-163.61,50.75],[-162.87,49.93],[-162.16,49.1],[-161.47,48.26],[-160.81,47.43],[-160.16,46.59],[-159.53,45.74],[-158.93,44.89],[-158.37,44.04],[-157.83,43.18],[-157.24,42.43],[-156.66,41.67],[-156.32,41.19],[-155.99,40.72],[-155.99,40.72],[-155.19,40.77],[-155.2,40.96],[-154.24,41.02],[-154.32,41.74],[-153.25,41.84],[-152.19,41.92],[-152.2,42.11],[-150.87,42.21],[-149.53,42.28],[-149.58,42.66],[-148.44,42.76],[-147.29,42.85],[-146.15,42.92],[-146.22,43.6],[-146.29,44.28],[-146.37,44.96],[-145.14,45.05],[-143.9,45.12],[-142.66,45.18],[-141.42,45.23],[-140.18,45.26],[-138.93,45.28],[-137.78,45.29],[-136.62,45.29],[-135.47,45.28],[-134.31,45.26],[-133.16,45.23],[-132.18,45.21],[-132.18,45.21],[-131.73,44.32],[-131.29,43.43],[-130.86,42.54],[-130.44,41.64],[-130.03,40.74],[-129.63,39.83],[-129.24,38.92],[-128.87,38.01],[-128.5,37.1],[-128.14,36.19],[-127.81,35.38],[-127.49,34.57],[-127.18,33.76],[-128.27,33.46],[-129.35,33.16],[-130.42,32.85],[-130.03,31.91],[-129.66,30.97],[-129.28,30.03],[-128.48,30.2],[-128.13,29.63],[-127.07,29.74],[-126,29.85],[-124.94,29.95],[-123.87,30.03],[-122.8,30.11],[-121.85,30.18],[-120.91,30.23],[-119.97,30.28],[-119.02,30.32],[-118.08,30.36],[-117.76,30.37],[-117.76,30.37],[-117.52,29.55],[-117.28,28.73],[-116.42,28.88],[-115.56,29.02],[-115.4,28.2],[-115.24,27.37],[-115.09,26.55],[-114.94,25.72],[-115.16,25.66],[-114.96,24.72],[-114.76,23.78],[-114.57,22.83],[-115.52,22.61],[-116.47,22.37],[-117.42,22.13],[-118.36,21.89],[-119.3,21.64],[-120.24,21.39],[-121.17,21.13],[-120.96,20.34],[-120.75,19.56],[-120.54,18.77],[-120.33,17.98],[-120.13,17.2],[-120.44,17.13],[-120.21,16.34],[-119.98,15.56],[-119.76,14.77],[-119.53,13.98],[-118.56,14.19],[-117.58,14.39],[-116.6,14.59],[-115.62,14.79],[-114.64,14.98],[-113.66,15.17],[-112.67,15.35],[-112.44,14.42],[-112.22,13.5],[-112.48,13.44],[-112.24,12.56],[-112.01,11.67],[-111.77,10.79],[-111.54,9.9],[-111.31,9.02],[-111.08,8.13],[-110.85,7.24],[-111.81,7],[-112.78,6.75],[-113.74,6.51],[-114.7,6.26],[-115.66,6.01],[-116.61,5.75],[-116.37,4.86],[-116.13,3.96],[-115.89,3.06],[-116.47,2.9],[-116.25,2.01],[-116.02,1.11],[-115.79,0.22],[-115.56,-0.68],[-115.33,-1.57],[-115.1,-2.47],[-114.88,-3.36],[-114.65,-4.26],[-115.53,-4.51],[-116.42,-4.77],[-117.3,-5.02],[-118.19,-5.28],[-119.08,-5.53],[-118.84,-6.45],[-118.6,-7.37],[-118.36,-8.29],[-118.11,-9.21],[-117.87,-10.13],[-117.62,-11.04],[-117.38,-11.96],[-117.13,-12.88],[-116.88,-13.8],[-116.88,-13.8],[-116.87,-13.8],[-115.98,-13.53],[-115.09,-13.27],[-114.84,-14.15],[-114.59,-15.03],[-114.34,-15.9],[-114.08,-16.78],[-113.83,-17.66],[-113.57,-18.54],[-113.31,-19.41],[-113.04,-20.29],[-112.77,-21.16],[-113.66,-21.44],[-114.56,-21.72],[-115.46,-21.98],[-116.36,-22.25],[-117.27,-22.51],[-117.07,-23.34],[-116.88,-24.17],[-116.68,-25.01],[-117.54,-25.21],[-118.4,-25.41],[-118.06,-26.33],[-117.71,-27.25],[-117.35,-28.17],[-116.99,-29.09],[-116.62,-30.01],[-116.25,-30.92],[-115.86,-31.84],[-116.76,-32.13],[-117.66,-32.41],[-118.57,-32.68],[-118.2,-33.62],[-117.81,-34.57],[-117.42,-35.51],[-117.02,-36.45],[-116.61,-37.39],[-116.18,-38.33],[-115.75,-39.26],[-115.31,-40.2],[-114.85,-41.13],[-114.38,-42.06],[-113.9,-42.99],[-113.4,-43.92],[-112.88,-44.84],[-112.35,-45.76],[-111.8,-46.68],[-111.23,-47.6],[-110.64,-48.52],[-110.03,-49.43],[-109.4,-50.33],[-108.27,-50.06],[-107.16,-49.78],[-106.67,-50.48],[-106.17,-51.18],[-105.65,-51.87],[-105.12,-52.57],[-105.12,-52.57],[-104.08,-53.16],[-103.01,-53.74],[-101.91,-54.31],[-100.84,-54.86],[-99.74,-55.39],[-98.61,-55.92],[-97.46,-56.44],[-96.27,-56.95],[-94.84,-57.33],[-93.38,-57.7],[-91.89,-58.05],[-91.89,-58.05],[-92.2,-58.43],[-92.61,-59.1],[-93.04,-59.77],[-93.49,-60.43],[-93.49,-60.43],[-95.07,-60.15],[-96.62,-59.85],[-98.36,-59.53],[-100.07,-59.19],[-101.74,-58.82],[-103.37,-58.43],[-104.97,-58.03],[-106.53,-57.6],[-108.06,-57.15],[-108.89,-58.01],[-109.76,-58.85],[-110.67,-59.69],[-111.64,-60.52],[-113.13,-60.17],[-114.59,-59.8],[-116.02,-59.42],[-117.42,-59.02],[-118.22,-59.72],[-119.05,-60.42],[-120.51,-60.01],[-121.93,-59.59],[-123.32,-59.14],[-124.67,-58.69],[-125.99,-58.22],[-126.91,-58.9],[-127.86,-59.58],[-128.85,-60.26],[-129.88,-60.92],[-130.96,-61.58],[-132.08,-62.23],[-133.58,-61.7],[-135.03,-61.15],[-136.42,-60.58],[-137.62,-61.25],[-138.87,-61.91],[-140.17,-62.55],[-141.53,-63.18],[-142.98,-63.83],[-144.5,-64.46],[-145.3,-64.05],[-146.35,-64.45],[-147.43,-64.84],[-146.47,-65.4],[-147.83,-65.83],[-149.24,-66.24],[-150.69,-66.63],[-152.48,-67.06],[-154.33,-67.46],[-154.33,-67.46],[-155.06,-67.07],[-155.89,-66.6],[-157.4,-66.92],[-158.96,-67.23],[-160.56,-67.52],[-160.99,-67.15],[-162.86,-67.52],[-164.8,-67.86],[-166.78,-68.18],[-166.4,-68.55],[-167.82,-68.72],[-169.26,-68.89],[-169.62,-68.39],[-171.31,-68.57],[-173.02,-68.74],[-172.6,-69.29],[-175.35,-69.49],[-178.14,-69.65],[-178.17,-69.52],[-179.84,-69.52],[-180,-69.24],[-180,-68.29],[-180,-67.35],[-180,-66.4],[-180,-65.46],[-180,-64.51],[-180,-63.57],[-180,-62.62],[-180,-61.68],[-180,-60.74],[-180,-59.79],[-180,-58.85],[-179.99,-58.76],[-179.52,-58.09],[-179.01,-57.33],[-178.28,-56.69],[-177.57,-56.04],[-176.42,-55.33],[-175.3,-54.61],[-174.41,-54.05],[-173.54,-53.49],[-172.7,-52.93],[-172.09,-52.29],[-172.28,-51.33],[-172.47,-50.36],[-172.65,-49.39],[-172.82,-48.42],[-172.91,-48.3],[-172.91,-48.3],[-174.17,-47.98],[-175.41,-47.65],[-176.53,-47.37],[-177.65,-47.09],[-178.76,-46.69],[-179.85,-46.28],[-180,-46.25],[-180,-45.26]]]]}},{"type":"Feature","properties":{"ma":50,"type":"gpml:TopologicalClosedPlateBoundary","name":"Porcupine Plate","pid":317,"deforming":false},"geometry":{"type":"Polygon","coordinates":[[[-12.01,40.06],[-12.47,40.14],[-13.55,40.32],[-14.64,40.49],[-14.64,40.49],[-15.52,40.46],[-16.4,40.43],[-17.26,40.56],[-18.07,40.53],[-18.78,40.56],[-19.79,40.45],[-20.79,40.34],[-21.96,40.33],[-21.96,40.33],[-22.44,39.74],[-22.96,38.94],[-23.54,38.48],[-23.83,37.92],[-23.83,37.92],[-23.91,37.93],[-24.38,38.04],[-24.91,38.17],[-25.59,38.48],[-25.59,38.48],[-25.25,39.27],[-24.91,40.05],[-24.55,40.83],[-24.19,41.61],[-24.31,42.36],[-24.44,43.11],[-24.57,43.86],[-25.15,44.51],[-25.75,45.15],[-25.83,45.12],[-26.55,45.74],[-26.39,45.87],[-26.81,46.3],[-27.24,46.73],[-27.53,47.02],[-27.53,47.02],[-26.62,47.04],[-25.61,47.24],[-24.6,47.43],[-24.07,47.57],[-23.27,47.71],[-22.68,47.74],[-21.88,47.31],[-21.4,46.88],[-20.92,46.37],[-20.51,45.87],[-20.03,45.29],[-19.6,44.76],[-19.03,44.25],[-18.47,43.73],[-17.38,43.45],[-16.3,43.15],[-15.22,42.84],[-14.34,42.48],[-13.46,42.11],[-13.46,42.11],[-13.5,42.01],[-13.64,41.81],[-13.65,41.75],[-13.65,41.75],[-13.62,41.75],[-12.77,41.45],[-12.1,41.2],[-11.9,40.99],[-11.84,40.77],[-11.8,40.6],[-11.84,40.44],[-11.87,40.26],[-11.98,40.12],[-12.01,40.06]]]}},{"type":"Feature","properties":{"ma":50,"type":"gpml:TopologicalClosedPlateBoundary","name":"SAM","pid":201,"deforming":false},"geometry":{"type":"Polygon","coordinates":[[[-13.28,-7.56],[-13.32,-7.56],[-13.64,-7.6],[-13.39,-8.49],[-13.14,-9.39],[-12.89,-10.28],[-12.63,-11.17],[-13.51,-11.26],[-14.38,-11.34],[-15.26,-11.42],[-15.21,-12.34],[-15.17,-13.25],[-15.13,-14.16],[-15.08,-15.07],[-15.04,-15.98],[-15.75,-16.02],[-16.46,-16.07],[-17.17,-16.11],[-17.18,-16.98],[-17.18,-17.84],[-17.19,-18.71],[-16.56,-18.68],[-15.93,-18.64],[-15.82,-19.15],[-15.59,-19.12],[-15.53,-19.76],[-15.48,-20.4],[-15.78,-20.53],[-15.54,-21.29],[-15.29,-22.04],[-14.98,-22.04],[-14.73,-22.94],[-14.49,-23.85],[-14.24,-24.76],[-14,-24.76],[-13.96,-25.65],[-13.91,-26.54],[-14.57,-26.66],[-14.56,-27.02],[-15.42,-27.12],[-15.43,-27.65],[-15.43,-28.17],[-15.79,-28.23],[-15.85,-28.88],[-16.11,-28.89],[-16.12,-29.12],[-17.06,-29.27],[-16.74,-30.09],[-16.41,-30.9],[-15.76,-30.92],[-15.11,-30.94],[-14.93,-31.73],[-14.75,-32.52],[-14.58,-32.49],[-14.57,-33.23],[-15.6,-33.22],[-15.57,-33.98],[-15.54,-34.74],[-15.24,-34.75],[-15.22,-35.38],[-15.19,-36.02],[-15.92,-36.1],[-16.66,-36.17],[-16.8,-36.91],[-17.41,-36.94],[-17.48,-37.59],[-18.32,-37.66],[-18.39,-38.66],[-19.55,-38.72],[-19.77,-39.61],[-20.88,-39.69],[-20.8,-40.48],[-20.72,-41.27],[-20.64,-42.06],[-20.55,-42.86],[-20.95,-42.89],[-20.88,-43.68],[-20.81,-44.46],[-21.19,-44.51],[-21.2,-45.21],[-21.21,-45.92],[-21.23,-46.62],[-20.39,-46.62],[-20.43,-47.42],[-20.46,-48.21],[-21,-48.23],[-21.01,-48.88],[-21.03,-49.54],[-20.18,-49.48],[-19.34,-49.42],[-19.21,-50.03],[-19.09,-50.63],[-18.74,-50.6],[-18.66,-51.11],[-18.58,-51.62],[-17.38,-51.6],[-16.18,-51.57],[-15.15,-52.18],[-14.09,-52.78],[-13.01,-53.38],[-12.25,-54.18],[-11.47,-54.98],[-11.23,-55.87],[-10.98,-56.76],[-10.84,-57.44],[-9.4,-57.36],[-9.4,-57.36],[-8.12,-57.79],[-6.81,-58.22],[-5.48,-58.63],[-5.48,-58.63],[-5.86,-58.91],[-6.53,-59.3],[-7.21,-59.69],[-8.29,-59.35],[-9.02,-59.69],[-9.76,-60.03],[-10.86,-59.78],[-11.74,-60.21],[-12.65,-60.63],[-13.6,-60.41],[-14.54,-60.18],[-15.33,-60.58],[-16.14,-60.97],[-17.46,-61.6],[-18.83,-62.22],[-20.26,-62.82],[-21.37,-62.45],[-22.45,-62.07],[-23.7,-62.51],[-25,-62.93],[-26.42,-62.43],[-27.86,-62.88],[-29.35,-63.31],[-30.89,-63.72],[-32.33,-64.04],[-33.8,-64.35],[-35.31,-64.64],[-37.23,-64.94],[-39.19,-65.21],[-41.2,-65.45],[-43.24,-65.67],[-45.47,-65.8],[-47.73,-65.89],[-50,-65.96],[-52.38,-65.75],[-54.72,-65.51],[-57.02,-65.24],[-59.26,-64.93],[-59.26,-64.93],[-58.17,-64.57],[-56.52,-64.12],[-55.22,-63.73],[-53.95,-63.34],[-52.71,-62.93],[-51.78,-62.66],[-50.86,-62.39],[-49.37,-61.82],[-47.94,-61.23],[-47.94,-61.23],[-48.01,-61.16],[-48.3,-61.04],[-48.3,-61.04],[-48.49,-61],[-48.55,-60.99],[-48.68,-60.96],[-48.85,-60.92],[-49.01,-60.88],[-49.12,-60.85],[-49.29,-60.81],[-49.33,-60.67],[-49.29,-60.52],[-49.07,-60.39],[-48.76,-60.26],[-48.58,-60.16],[-48.58,-60.16],[-48.66,-59.98],[-49.62,-60.04],[-49.97,-60.12],[-50.35,-60.04],[-50.97,-59.99],[-52.16,-60.16],[-52.16,-60.16],[-53.78,-59.84],[-55.09,-59.6],[-56.23,-59.38],[-57.12,-59.27],[-57.12,-59.27],[-56.81,-59.13],[-56.23,-59.24],[-55.68,-59.35],[-55.14,-59.44],[-54.78,-59.5],[-54.34,-59.57],[-53.63,-59.54],[-52.69,-59.49],[-52.18,-59.56],[-51.52,-59.65],[-50.53,-59.68],[-49.42,-59.45],[-48.27,-59.21],[-48.33,-58.9],[-48.86,-58.74],[-49.17,-58.64],[-49.68,-58.6],[-50.47,-58.52],[-50.7,-58.5],[-51.04,-58.45],[-51.26,-58.43],[-51.43,-58.4],[-51.43,-58.4],[-51.38,-58.41],[-51.22,-58.41],[-51.03,-58.38],[-50.86,-58.36],[-50.76,-58.35],[-50.47,-58.27],[-50.13,-58.36],[-49.69,-58.47],[-49.4,-58.44],[-48.99,-58.39],[-48.57,-58.34],[-48.26,-58.31],[-48.07,-57.97],[-47.48,-57.9],[-47.09,-57.86],[-46.69,-57.81],[-46.59,-57.62],[-46.52,-57.51],[-46.52,-57.51],[-46.26,-57.52],[-46.13,-57.53],[-46.01,-57.53],[-45.7,-57.37],[-45.77,-56.96],[-45.77,-56.96],[-44.77,-56.99],[-44.3,-57],[-44.3,-57],[-43.68,-57.17],[-42.92,-57.37],[-42.52,-57.51],[-42.43,-57.55],[-42.43,-57.55],[-42.49,-57.69],[-42.57,-57.87],[-41.93,-58.31],[-41.07,-58.57],[-40.2,-58.82],[-39.34,-59.28],[-38.83,-59.34],[-37.98,-59.44],[-37.46,-59.24],[-36.58,-58.78],[-35.69,-58.09],[-34.84,-57.41],[-34.57,-57.06],[-34.6,-56.77],[-34.57,-56.4],[-34.57,-56.34],[-34.57,-56.34],[-35.47,-56.27],[-36.36,-56.19],[-37.9,-56.05],[-39.46,-56.15],[-41.02,-56.22],[-42.23,-56.26],[-43.44,-56.3],[-44.63,-56.45],[-45.84,-56.59],[-47.57,-56.89],[-49.34,-57.17],[-50.41,-57.17],[-51.47,-57.16],[-52.56,-57.24],[-53.49,-57.38],[-54.66,-57.7],[-55.71,-57.99],[-56.62,-58.11],[-57.55,-58.22],[-59.22,-58.25],[-60.88,-58.26],[-62.55,-58.25],[-64.1,-57.81],[-65.6,-57.35],[-67.07,-56.87],[-68.11,-56.44],[-69.13,-56.01],[-70.12,-55.57],[-70.12,-55.57],[-70.25,-55.33],[-70.44,-54.97],[-70.55,-54.63],[-70.67,-54.34],[-70.71,-54.08],[-70.77,-53.76],[-70.83,-53.4],[-70.74,-52.95],[-70.57,-52.59],[-70.44,-52.38],[-70.3,-52.12],[-70.12,-51.82],[-69.83,-51.35],[-69.55,-50.94],[-69.36,-50.59],[-69.23,-50.26],[-69.29,-49.82],[-69.3,-49.54],[-69.31,-49.31],[-69.3,-49.23],[-69.27,-48.97],[-69.24,-48.66],[-69.18,-48.3],[-69.11,-47.99],[-69.04,-47.66],[-68.95,-47.3],[-68.89,-47.04],[-68.74,-46.38],[-68.65,-45.95],[-68.54,-45.55],[-68.44,-45.17],[-68.29,-44.64],[-68.2,-44.35],[-68.1,-43.88],[-68.05,-43.59],[-67.98,-43.23],[-67.78,-42.93],[-67.56,-42.34],[-67.53,-41.86],[-67.41,-41.42],[-67.13,-40.7],[-66.85,-39.98],[-66.71,-39.06],[-66.57,-38.14],[-66.43,-37.22],[-66.3,-36.3],[-66.17,-35.38],[-66.28,-34.6],[-66.4,-33.81],[-66.51,-33.02],[-66.63,-32.23],[-66.8,-31.42],[-66.97,-30.61],[-67.13,-29.8],[-67.3,-28.99],[-67.46,-28.18],[-67.5,-27.28],[-67.55,-26.38],[-67.77,-25.68],[-68.01,-25.14],[-68.15,-24.6],[-68.51,-23.92],[-68.74,-23.43],[-68.96,-22.94],[-69.71,-22.33],[-70.07,-21.7],[-70.43,-21.08],[-70.78,-20.46],[-71.2,-19.72],[-71.62,-18.98],[-72.04,-18.25],[-72.36,-17.44],[-72.67,-16.63],[-72.99,-15.83],[-73.3,-15.02],[-73.61,-14.21],[-73.91,-13.4],[-74.19,-12.58],[-74.47,-11.75],[-74.75,-10.93],[-74.64,-10.16],[-74.52,-9.39],[-74.41,-8.62],[-74.3,-7.84],[-74.31,-7.8],[-74.31,-7.8],[-74.22,-7.23],[-74.12,-6.66],[-74.09,-6.38],[-74.06,-6.12],[-74.01,-5.84],[-73.95,-5.46],[-73.91,-5.25],[-73.88,-5.01],[-73.76,-4.62],[-73.66,-4.27],[-73.54,-3.99],[-73.34,-3.55],[-73.21,-3.2],[-73.05,-2.88],[-72.87,-2.47],[-72.64,-2.13],[-72.43,-1.8],[-72.28,-1.59],[-72.03,-1.25],[-71.74,-0.87],[-71.47,-0.55],[-71.24,-0.35],[-71.02,-0.03],[-70.86,0.13],[-70.81,0.42],[-70.53,0.86],[-70.26,1.3],[-70.52,2.02],[-70.79,2.75],[-70.78,3.38],[-70.78,4.01],[-70.27,4.67],[-69.75,5.34],[-69.24,6.03],[-68.73,6.71],[-68.21,7.39],[-67.8,7.81],[-67.38,8.24],[-67.38,8.24],[-66.69,8.14],[-65.99,8.05],[-65.3,7.96],[-64.31,7.82],[-63.31,7.68],[-62.32,7.54],[-61.4,7.49],[-60.48,7.43],[-60.48,7.43],[-60.28,8.16],[-60.09,8.89],[-60.2,9.82],[-60.31,10.76],[-60.62,11.25],[-60.92,11.73],[-61.26,12.67],[-61.6,13.6],[-62.21,14.31],[-62.83,15.01],[-63.45,15.7],[-64.08,16.4],[-64.71,17.1],[-64.71,17.1],[-64.63,17.16],[-64.63,17.16],[-63.9,16.49],[-63.17,15.82],[-62.45,15.15],[-61.88,14.53],[-61.32,13.92],[-60.77,13.3],[-60.17,12.67],[-59.59,12.04],[-59,11.41],[-58.52,10.93],[-58.52,10.93],[-58.12,11.43],[-57.72,11.93],[-57.28,12.44],[-56.84,12.96],[-56.4,13.47],[-55.74,14.11],[-55.21,14.6],[-55.09,14.71],[-55.09,14.71],[-54.58,14.39],[-54.07,14.06],[-53.38,13.7],[-52.69,13.33],[-52,12.96],[-51.07,12.92],[-50.14,12.89],[-49.21,12.85],[-48.28,12.81],[-47.35,12.76],[-46.42,12.71],[-45.49,12.66],[-45.49,12.66],[-45.53,11.85],[-45.57,11.04],[-45.62,10.23],[-44.98,10.25],[-44.34,10.26],[-44.37,9.73],[-44.01,9.71],[-44.06,9.07],[-44.12,8.42],[-43.18,8.41],[-42.25,8.39],[-41.31,8.38],[-41.36,7.39],[-41.15,7.38],[-41.18,6.78],[-40.97,6.79],[-41.01,6.19],[-40.49,6.17],[-40.55,5.43],[-39.6,5.45],[-38.65,5.46],[-38.68,4.85],[-38.03,4.86],[-37.38,4.87],[-37.37,4.53],[-36.59,4.54],[-36.59,4.05],[-35.93,4.05],[-35.94,3.58],[-35.05,3.6],[-34.17,3.62],[-34.19,3.1],[-34.2,2.58],[-33.63,2.58],[-33.63,1.71],[-33.62,0.84],[-32.69,0.87],[-31.75,0.89],[-31.72,0.06],[-31.68,-0.77],[-31.65,-1.6],[-30.97,-1.56],[-30.89,-2.42],[-30.02,-2.38],[-29.16,-2.34],[-28.29,-2.29],[-27.42,-2.25],[-27.27,-2.96],[-26.65,-2.92],[-26.02,-2.88],[-25.85,-3.76],[-25.68,-4.63],[-24.77,-4.55],[-23.85,-4.48],[-22.94,-4.4],[-22.02,-4.32],[-21.1,-4.24],[-20.19,-4.16],[-19.27,-4.08],[-18.36,-4],[-17.44,-3.91],[-17.29,-4.48],[-17.08,-4.48],[-16.92,-5.03],[-16.62,-4.99],[-16.52,-5.37],[-15.73,-5.28],[-14.95,-5.19],[-14.16,-5.1],[-13.87,-5.92],[-13.57,-6.74],[-13.28,-7.56]]]}},{"type":"Feature","properties":{"ma":50,"type":"gpml:TopologicalClosedPlateBoundary","name":"West Antarctica","pid":804,"deforming":false},"geometry":{"type":"MultiPolygon","coordinates":[[[[180,-70.18],[180,-71.13],[180,-72.08],[180,-73.03],[180,-73.98],[180,-74.93],[177.62,-74.71],[174.89,-74.49],[174.89,-74.49],[176.04,-74.06],[176.04,-74.06],[175.32,-73.55],[174.41,-73.09],[173.54,-72.63],[171.91,-72.42],[171.91,-72.42],[170.76,-72.38],[169.5,-72.66],[167.86,-72.19],[166.31,-71.69],[166.3,-71.51],[165.34,-71.43],[164.47,-71.31],[163.72,-70.95],[163.34,-70.69],[162.9,-70.37],[161.77,-70],[161.01,-69.78],[160.79,-69.42],[160.77,-69.37],[160.77,-69.37],[161.46,-69.38],[162.08,-69.26],[162.08,-69.26],[162.86,-69.39],[164.81,-69.88],[164.81,-69.88],[165.98,-69.19],[168.76,-69.21],[171.55,-69.19],[174.32,-69.12],[177.07,-69],[179.78,-68.84],[180,-69.24],[180,-70.18]]],[[[-180,-73.98],[-180,-73.03],[-180,-72.08],[-180,-71.13],[-180,-70.18],[-180,-69.24],[-179.84,-69.52],[-178.17,-69.52],[-178.14,-69.65],[-175.35,-69.49],[-172.6,-69.29],[-173.02,-68.74],[-171.31,-68.57],[-169.62,-68.39],[-169.26,-68.89],[-167.82,-68.72],[-166.4,-68.55],[-166.78,-68.18],[-164.8,-67.86],[-162.86,-67.52],[-160.99,-67.15],[-160.56,-67.52],[-158.96,-67.23],[-157.4,-66.92],[-155.89,-66.6],[-155.06,-67.07],[-154.33,-67.46],[-154.33,-67.46],[-152.48,-67.06],[-150.69,-66.63],[-149.24,-66.24],[-147.83,-65.83],[-146.47,-65.4],[-147.43,-64.84],[-146.35,-64.45],[-145.3,-64.05],[-144.5,-64.46],[-142.98,-63.83],[-141.53,-63.18],[-140.17,-62.55],[-138.87,-61.91],[-137.62,-61.25],[-136.42,-60.58],[-135.03,-61.15],[-133.58,-61.7],[-132.08,-62.23],[-130.96,-61.58],[-129.88,-60.92],[-128.85,-60.26],[-127.86,-59.58],[-126.91,-58.9],[-125.99,-58.22],[-124.67,-58.69],[-123.32,-59.14],[-121.93,-59.59],[-120.51,-60.01],[-119.05,-60.42],[-118.22,-59.72],[-117.42,-59.02],[-116.02,-59.42],[-114.59,-59.8],[-113.13,-60.17],[-111.64,-60.52],[-110.67,-59.69],[-109.76,-58.85],[-108.89,-58.01],[-108.06,-57.15],[-106.53,-57.6],[-104.97,-58.03],[-103.37,-58.43],[-101.74,-58.82],[-100.07,-59.19],[-98.36,-59.53],[-96.62,-59.85],[-94.87,-60.19],[-93.09,-60.5],[-91.27,-60.79],[-91.07,-60.82],[-91.07,-60.82],[-91.28,-60.98],[-92.3,-61.71],[-93.38,-62.44],[-94.51,-63.16],[-95.7,-63.87],[-93.99,-64.37],[-92.21,-64.85],[-93.46,-65.49],[-94.76,-66.13],[-96.14,-66.75],[-97.58,-67.36],[-99.1,-67.96],[-97.85,-68.69],[-96.51,-69.41],[-95.08,-70.13],[-95.08,-70.13],[-97.06,-70.36],[-99.5,-70.61],[-102.48,-70.74],[-102.48,-70.74],[-103.52,-70.47],[-103.52,-70.47],[-104.04,-70.49],[-106.88,-70.4],[-108.41,-70.36],[-110.79,-70.35],[-112.94,-70.59],[-115.14,-70.8],[-116.33,-70.82],[-118.95,-70.71],[-120.35,-70.66],[-122.62,-70.72],[-124.77,-70.87],[-126.46,-71.05],[-128.28,-71.13],[-130.1,-71.21],[-131.07,-71.14],[-131.8,-71.27],[-134.15,-71.53],[-135.67,-71.66],[-137.39,-71.64],[-139.64,-71.44],[-141.33,-71.75],[-143.07,-72.06],[-144.78,-72.13],[-146.51,-72.2],[-148.93,-72.55],[-151.45,-72.88],[-153.75,-73.24],[-156.14,-73.57],[-157.64,-74.06],[-160.15,-74.39],[-162.75,-74.69],[-164.72,-75.05],[-166.77,-75.38],[-168.76,-75.57],[-172.61,-75.41],[-176.36,-75.2],[-180,-74.93],[-180,-73.98]]]]}},{"type":"Feature","properties":{"ma":50,"type":"gpml:TopologicalClosedPlateBoundary","name":"Australia","pid":801,"deforming":false},"geometry":{"type":"MultiPolygon","coordinates":[[[[180,-47.22],[180,-48.19],[180,-49.16],[180,-50.13],[180,-51.09],[180,-52.06],[180,-53.03],[180,-54],[180,-54.97],[180,-55.94],[180,-56.91],[180,-57.88],[180,-58.85],[179.9,-59.73],[179.8,-60.6],[179.19,-61.35],[178.56,-62.1],[177.85,-62.88],[177.11,-63.65],[176.44,-64.38],[175.72,-65.11],[174.96,-65.83],[173.13,-66.35],[171.21,-66.85],[170.45,-67.17],[169.49,-67.48],[168.9,-67.63],[167.64,-68.16],[166.33,-68.67],[164.96,-69.17],[164.96,-69.17],[165.98,-69.19],[165.98,-69.19],[164.81,-69.88],[164.81,-69.88],[162.86,-69.39],[162.08,-69.26],[162.08,-69.26],[162.74,-69.14],[162.96,-68.62],[162.63,-68.47],[161.74,-68.23],[160.73,-68],[159.24,-67.78],[158.2,-67.62],[157.16,-67.43],[156.09,-67.28],[154.69,-67.19],[153.69,-67.13],[152.64,-67.05],[151.75,-66.95],[151.01,-66.79],[151.01,-66.79],[152.88,-66.13],[153.7,-65.83],[154.46,-65.53],[155.57,-65.09],[156.84,-64.54],[157.16,-64.35],[157.43,-63.87],[157.43,-63.87],[157.43,-63.87],[156.56,-63.53],[155.71,-63.19],[155.59,-63.14],[154.17,-62.61],[153.29,-62.45],[152.72,-61.99],[152.17,-61.54],[151.73,-60.89],[151.32,-60.24],[151.56,-59.64],[151.8,-59.03],[151.78,-58.77],[151.7,-57.88],[151.69,-57.71],[150.5,-58.07],[149.36,-58.44],[148.01,-58.82],[147.13,-59.09],[145.98,-59.4],[145.03,-59.48],[143.43,-59.62],[142.13,-59.93],[140.97,-60.08],[139.95,-60.25],[138.92,-60.41],[136.93,-60.4],[136.93,-60.4],[136.73,-60.38],[136.28,-60.17],[135.25,-59.92],[134.04,-59.52],[132.98,-59.07],[132.11,-58.65],[130.97,-58.18],[129.68,-57.68],[128.88,-57.4],[128.1,-57.12],[127.08,-56.76],[126.08,-56.4],[125.35,-56.11],[124.63,-55.81],[123.09,-55.5],[121.58,-55.17],[120.89,-55.31],[119.35,-55.45],[118.23,-55.69],[117.11,-55.91],[115.93,-56.09],[114.75,-56.25],[113.66,-56.35],[112.56,-56.44],[111.52,-56.63],[110.47,-56.8],[108.98,-56.73],[107.26,-56.84],[105.72,-56.95],[104.63,-56.98],[103.54,-57.01],[101.93,-56.96],[100.64,-57.06],[98.98,-57.21],[97.27,-57.37],[96.31,-57.27],[95.36,-57.16],[93.8,-57.44],[93.63,-57.41],[93.63,-57.41],[94.09,-58.34],[94.57,-59.27],[95.07,-60.2],[95.96,-60.89],[96.89,-61.58],[96.89,-61.58],[96.1,-61.41],[95.37,-60.96],[94.65,-60.51],[93.31,-59.93],[91.77,-59.58],[90.48,-59.37],[89.21,-59.15],[87.65,-58.87],[86.13,-58.58],[84.93,-58.23],[83.76,-57.88],[82.61,-57.51],[81.54,-57.14],[80.49,-56.75],[79.2,-56.16],[77.95,-55.56],[76.73,-54.95],[75.55,-54.33],[74.41,-53.69],[73.17,-53.25],[71.95,-52.81],[70.76,-52.35],[69.6,-51.88],[68.46,-51.4],[67.34,-50.9],[66.2,-50.4],[65.08,-49.89],[63.98,-49.37],[62.91,-48.84],[61.98,-48.46],[61.06,-48.07],[60.09,-47.69],[60.09,-47.69],[60.62,-46.95],[61.14,-46.2],[61.65,-45.46],[62.14,-44.71],[62.62,-43.95],[63.09,-43.2],[63.54,-42.45],[63.98,-41.7],[64.41,-40.94],[64.83,-40.19],[65.79,-40.43],[66.61,-40.62],[67.43,-40.81],[67.81,-39.88],[68.19,-38.95],[68.55,-38.02],[68.9,-37.09],[69.28,-36.14],[69.65,-35.2],[70.02,-34.25],[70.37,-33.3],[71.07,-33.4],[71.77,-33.5],[72.09,-32.65],[72.41,-31.81],[72.72,-30.96],[73.02,-30.12],[73.32,-29.27],[73.61,-28.42],[73.9,-27.58],[74.65,-27.74],[75.41,-27.91],[75.67,-27.02],[75.68,-27],[76.02,-26.1],[76.36,-25.21],[77.23,-25.38],[78.09,-25.54],[78.95,-25.69],[79.08,-25.37],[79.5,-25.5],[79.73,-24.91],[79.95,-24.31],[80.65,-24.5],[81.35,-24.68],[81.68,-23.78],[82.01,-22.87],[82.34,-21.96],[82.66,-21.04],[82.98,-20.13],[83.3,-19.22],[84.19,-19.38],[85.08,-19.53],[85.98,-19.68],[86.88,-19.83],[87.78,-19.97],[87.96,-19.1],[88.15,-18.23],[88.34,-17.36],[88.52,-16.49],[88.73,-15.57],[88.93,-14.64],[89.14,-13.71],[89.34,-12.78],[90.14,-12.93],[90.94,-13.08],[91.75,-13.23],[91.75,-13.23],[91.95,-12.28],[92.16,-11.33],[92.36,-10.39],[92.56,-9.44],[92.78,-8.47],[93,-7.51],[93.22,-6.55],[93.44,-5.58],[93.66,-4.62],[94.19,-4.71],[94.73,-4.79],[94.94,-4.1],[95.15,-3.4],[95.36,-2.7],[96.17,-2.75],[96.97,-2.8],[97.79,-2.53],[98.61,-2.26],[99.43,-1.99],[100.25,-1.72],[100.25,-1.72],[100.06,-2.54],[99.88,-3.35],[99.69,-4.17],[99.69,-4.17],[100.61,-4.2],[101.53,-4.23],[102.28,-4.58],[103.02,-4.93],[103.77,-5.28],[104.39,-5.56],[105.02,-5.85],[105.64,-6.13],[106.13,-5.59],[106.62,-5.05],[107.11,-4.51],[107.11,-4.51],[107.83,-4.96],[108.55,-5.41],[109.27,-5.86],[109.44,-5.93],[109.44,-5.93],[110.21,-5.76],[110.98,-5.6],[111.75,-5.23],[112.51,-4.86],[113.27,-4.49],[114.03,-4.12],[114.76,-3.68],[115.5,-3.24],[115.5,-3.24],[115.53,-2.51],[115.56,-1.78],[115.56,-1.78],[115.68,-1.78],[116.53,-1.8],[117.37,-1.82],[117.9,-1.73],[118.44,-1.64],[118.86,-1.64],[118.86,-1.64],[118.82,-1.84],[118.57,-2.73],[118.32,-3.61],[118.07,-4.5],[117.82,-5.39],[117.57,-6.28],[117.31,-7.17],[117.06,-8.06],[116.8,-8.94],[116.55,-9.83],[116.29,-10.72],[116.03,-11.61],[115.73,-12.5],[115.43,-13.39],[115.13,-14.28],[114.83,-15.18],[114.52,-16.07],[114.21,-16.96],[113.9,-17.85],[113.9,-17.85],[114.45,-18.47],[115.01,-19.1],[115.58,-19.72],[116.28,-20.24],[117,-20.76],[117.71,-21.27],[118.44,-21.78],[119.12,-22.2],[119.8,-22.61],[120.49,-23.02],[121.39,-23.22],[122.3,-23.42],[123.2,-23.62],[124.11,-23.8],[125.02,-23.99],[125.95,-24.15],[126.89,-24.3],[127.97,-24.42],[129.05,-24.54],[129.99,-24.79],[130.92,-25.05],[131.81,-25.23],[132.7,-25.41],[133.59,-25.58],[134.49,-25.74],[135.12,-26.05],[135.76,-26.36],[136.58,-26.97],[137.04,-27.41],[137.88,-27.85],[138.72,-28.29],[139.49,-28.1],[139.49,-28.1],[139.84,-27.46],[140.18,-26.81],[140.52,-26.17],[140.78,-25.28],[141.03,-24.39],[141.4,-23.73],[141.77,-23.07],[141.96,-22.33],[142.15,-21.59],[142.34,-20.85],[142.7,-20.15],[142.7,-20.15],[143.36,-20.59],[144.03,-21.02],[144.89,-21.61],[145.76,-22.19],[146.64,-22.76],[147.32,-23.17],[148.01,-23.57],[148.7,-23.97],[149.52,-24.4],[150.35,-24.82],[151.23,-25.35],[152.01,-25.83],[152.8,-26.32],[153.74,-26.78],[154.68,-27.24],[155.28,-27.62],[155.88,-27.99],[155.88,-27.99],[156.81,-27.59],[157.72,-27.18],[158.63,-26.77],[159.54,-26.35],[160.1,-26.05],[160.67,-25.74],[160.67,-25.74],[161.16,-26.32],[161.6,-26.84],[162.04,-27.36],[162.34,-27.98],[162.65,-28.6],[162.95,-29.22],[163.2,-29.86],[163.45,-30.51],[163.45,-30.51],[163.3,-30.59],[162.71,-30.92],[161.94,-31.17],[161.49,-31.3],[160.97,-31.56],[160.33,-31.89],[159.81,-32.29],[158.93,-32.56],[158.78,-32.66],[158.78,-32.66],[158.92,-33.19],[159.07,-33.72],[159.26,-34.13],[159.57,-34.66],[160.44,-35.17],[161.31,-35.67],[162.27,-36.16],[163.24,-36.64],[164.13,-36.99],[165.04,-37.33],[165.81,-37.72],[166.59,-38.1],[167.14,-38.65],[167.69,-39.19],[168.26,-39.73],[168.56,-40.1],[168.64,-40.22],[168.69,-40.29],[169.03,-40.66],[169.03,-40.66],[169.17,-41.11],[169.51,-41.79],[169.85,-42.47],[170.22,-42.95],[170.6,-43.42],[171.08,-44.04],[171.57,-44.66],[172.42,-45.25],[173.2,-45.49],[174.02,-45.65],[175.11,-45.67],[175.91,-45.78],[176.72,-45.89],[178.04,-45.87],[179.02,-46.06],[180,-46.25],[180,-47.22]]],[[[-180,-57.88],[-180,-56.91],[-180,-55.94],[-180,-54.97],[-180,-54],[-180,-53.03],[-180,-52.06],[-180,-51.09],[-180,-50.13],[-180,-49.16],[-180,-48.19],[-180,-47.22],[-180,-46.25],[-179.85,-46.28],[-178.76,-46.69],[-177.65,-47.09],[-176.53,-47.37],[-175.41,-47.65],[-174.17,-47.98],[-172.91,-48.3],[-172.82,-48.42],[-172.65,-49.39],[-172.47,-50.36],[-172.28,-51.33],[-172.09,-52.29],[-172.7,-52.93],[-173.54,-53.49],[-174.41,-54.05],[-175.3,-54.61],[-176.42,-55.33],[-177.57,-56.04],[-178.28,-56.69],[-179.01,-57.33],[-179.52,-58.09],[-179.99,-58.76],[-180,-58.85],[-180,-57.88]]]]}},{"type":"Feature","properties":{"ma":50,"type":"gpml:TopologicalClosedPlateBoundary","name":"Sundaland","pid":604,"deforming":false},"geometry":{"type":"Polygon","coordinates":[[[86.88,9],[86.62,9.9],[86.36,10.8],[86.1,11.7],[85.84,12.6],[85.43,13.31],[85.02,14.02],[84.93,14.86],[84.84,15.69],[84.75,16.53],[84.89,17.31],[85.04,18.08],[85.18,18.86],[85.33,19.64],[85.5,20.33],[85.68,21.02],[85.86,21.71],[86.07,22.51],[86.28,23.31],[86.37,24.15],[86.46,24.98],[86.56,25.82],[86.65,26.66],[86.75,27.49],[86.38,28.29],[86,29.09],[85.62,29.89],[85.35,30.38],[85.07,30.87],[85.07,30.87],[85.84,31.06],[86.61,31.24],[87.38,31.41],[88.06,31.57],[88.73,31.72],[89.52,31.6],[90.3,31.48],[90.96,30.9],[91.61,30.32],[92.25,29.74],[92.81,29.14],[93.35,28.54],[93.89,27.93],[94.55,27.36],[95.2,26.78],[96.07,26.29],[96.93,25.79],[97.56,25.41],[98.19,25.03],[98.81,24.64],[99.46,24.11],[100.11,23.57],[100.76,23.03],[101.4,22.49],[101.78,22.19],[101.78,22.19],[102.06,21.46],[102.32,20.74],[102.59,20.01],[102.72,19.42],[102.85,18.83],[102.98,18.24],[103.14,17.55],[103.26,16.98],[103.4,16.32],[103.53,15.72],[103.89,15.1],[104.38,14.25],[104.87,13.41],[105.35,12.56],[105.67,12.13],[105.98,11.7],[106.37,11.26],[106.75,10.81],[107.35,10.12],[107.96,9.43],[108.41,8.56],[108.86,7.69],[108.86,7.69],[108.86,7.69],[108.86,7.69],[108.98,7.45],[108.95,6.55],[108.95,6.55],[109.27,6.08],[109.59,5.61],[109.62,4.9],[109.8,4.25],[109.98,3.6],[110.34,2.95],[110.7,2.29],[111.43,1.91],[112.17,1.54],[112.91,1.16],[113.67,1.21],[114.44,1.26],[115.2,1.31],[115.2,1.31],[115.33,0.49],[115.46,-0.34],[115.58,-1.16],[115.55,-1.86],[115.53,-2.55],[115.5,-3.24],[115.5,-3.24],[114.76,-3.68],[114.03,-4.12],[113.27,-4.49],[112.51,-4.86],[111.75,-5.23],[110.98,-5.6],[110.21,-5.76],[109.44,-5.93],[109.44,-5.93],[109.27,-5.86],[108.53,-5.4],[107.79,-4.94],[107.06,-4.47],[106.56,-3.91],[106.06,-3.35],[105.55,-2.96],[105.04,-2.57],[104.65,-2.04],[104.27,-1.5],[103.79,-1.02],[103.31,-0.54],[102.83,-0.06],[102.33,0.29],[101.83,0.63],[101.06,1.08],[100.28,1.53],[99.51,1.98],[98.7,2.39],[97.89,2.79],[97.08,3.19],[96.27,3.6],[95.49,4.07],[94.72,4.54],[93.94,5.01],[93.17,5.47],[92.41,5.8],[91.65,6.12],[90.89,6.43],[90.08,6.88],[89.25,7.32],[88.43,7.76],[87.65,8.38],[86.88,9]]]}},{"type":"Feature","properties":{"ma":50,"type":"gpml:TopologicalClosedPlateBoundary","name":"Proto South China Sea","pid":738,"deforming":false},"geometry":{"type":"Polygon","coordinates":[[[121.93,19.68],[122.12,19.17],[122.39,18.28],[122.66,17.39],[122.93,16.49],[123.19,15.6],[123.45,14.71],[123.71,13.82],[123.97,12.92],[123.99,12.09],[124,11.25],[124.01,10.41],[124.02,9.58],[124.04,8.74],[123.9,8.18],[123.76,7.61],[123.76,7.61],[123.23,6.98],[122.71,6.34],[122.19,5.7],[121.56,5.24],[120.94,4.77],[120.31,4.3],[119.97,4.2],[119.97,4.2],[119.25,4.1],[118.53,4.01],[117.8,3.92],[116.86,4.23],[115.92,4.54],[114.98,4.85],[114.09,5],[113.21,5.14],[112.33,5.28],[111.66,5.7],[110.98,6.11],[110.3,6.52],[109.9,7.31],[109.9,7.31],[109.46,7.49],[108.86,7.69],[108.86,7.69],[108.41,8.56],[107.96,9.43],[107.35,10.12],[106.75,10.81],[106.37,11.26],[105.98,11.7],[105.67,12.13],[105.35,12.56],[105.02,13.14],[104.68,13.73],[104.68,13.73],[105.69,13.7],[106.7,13.67],[107.71,13.63],[108.72,13.59],[109.73,13.55],[110.74,13.5],[111.74,13.45],[112.04,13.78],[113.07,13.78],[114.1,13.77],[115.13,13.75],[116.15,13.73],[116.19,14.64],[116.22,15.55],[116.26,16.46],[116.26,16.46],[116.72,16.68],[116.79,17.37],[116.87,18.06],[117.67,18.42],[118.48,18.78],[119.29,19.14],[120.1,19.49],[120.92,19.84],[121.74,20.18],[121.93,19.68]]]}},{"type":"Feature","properties":{"ma":50,"type":"gpml:TopologicalClosedPlateBoundary","name":"Eurasia_51_49","pid":301,"deforming":false},"geometry":{"type":"Polygon","coordinates":[[[85.61,20.75],[85.37,19.8],[84.58,20.06],[83.93,20.37],[83.17,20.43],[82.31,20.21],[81.45,19.98],[80.6,19.74],[79.67,19.59],[78.75,19.44],[77.83,19.28],[76.8,19.39],[75.77,19.49],[74.74,19.59],[73.7,19.68],[72.8,20.01],[71.89,20.33],[70.97,20.65],[70.05,20.96],[69.13,21.27],[68.56,21.74],[67.98,22.21],[67.4,22.68],[66.56,23],[65.72,23.31],[64.87,23.62],[64.02,23.93],[63.16,24.22],[62.25,24.58],[61.33,24.92],[60.41,25.26],[59.68,25.47],[58.95,25.67],[58.95,25.67],[58.72,25.09],[58.68,25],[58.68,25],[57.65,24.91],[56.63,24.81],[55.6,24.71],[54.85,24.62],[54.11,24.54],[54.11,24.54],[53.12,24.76],[52.14,24.97],[51.15,25.18],[50.16,25.38],[49.41,25.65],[48.65,25.91],[47.9,26.17],[47.17,26.54],[46.44,26.9],[45.71,27.26],[45.25,27.58],[44.79,27.89],[44.17,28.27],[43.55,28.66],[42.87,29.12],[42.18,29.57],[41.26,30.08],[40.34,30.58],[39.64,31.04],[38.94,31.5],[38.23,31.96],[37.65,32.47],[37.07,32.99],[36.48,33.49],[36.09,33.98],[35.69,34.46],[34.76,35.08],[34.15,34.94],[33.53,34.8],[33.53,34.8],[33.58,35.1],[33.85,35.75],[34.12,36.41],[34.78,37.23],[35.3,38.1],[35.44,38.33],[35.44,38.33],[34.39,38.43],[33.54,38.52],[32.69,38.61],[31.68,39.01],[30.65,39.39],[29.49,39.82],[28.83,39.88],[28.18,39.93],[27.44,39.99],[26.7,40.04],[25.99,40.09],[25.29,40.13],[23.99,40.2],[23.99,40.2],[23.98,40.18],[22.8,40.14],[21.63,40.09],[20.46,40.02],[19.52,40.02],[18.72,40.05],[17.92,40.08],[16.85,40.08],[16.03,40.17],[15.45,40.37],[14.98,40.57],[14.7,40.78],[14.76,41.2],[15.18,41.59],[14.63,41.59],[14.1,41.59],[13.7,41.58],[13.2,41.58],[12.76,41.57],[12.17,41.56],[12.17,41.56],[12.09,41.66],[11.85,41.99],[11.56,42.16],[11.19,42.18],[10.83,42.27],[10.48,42.32],[10.07,42.38],[9.6,42.44],[8.37,42.5],[7.59,42.46],[6.91,42.4],[5.77,42.24],[5.11,42.11],[4.47,41.96],[3.88,41.77],[3.22,41.53],[2.58,41.26],[2.07,40.93],[1.5,40.51],[0.75,40],[0.36,39.59],[0.29,39.34],[0.28,39.32],[0.28,39.32],[-0.32,39.62],[-0.32,39.62],[-0.8,39.56],[-1.49,39.46],[-2.35,39.35],[-3.22,39.24],[-3.97,39.18],[-4.71,39.12],[-5.85,39.2],[-6.99,39.27],[-7.78,39.05],[-7.78,39.05],[-7.98,39.68],[-8.23,40.02],[-8.51,40.34],[-8.72,40.73],[-8.95,41.07],[-9.48,41.51],[-10.04,41.97],[-10.67,42.21],[-10.96,42.44],[-11.52,42.74],[-12.05,42.9],[-12.46,43.02],[-12.95,43.11],[-12.99,43.12],[-12.99,43.12],[-13.06,42.97],[-13.21,42.6],[-13.38,42.3],[-13.46,42.11],[-13.46,42.11],[-14.34,42.48],[-15.22,42.84],[-16.3,43.15],[-17.38,43.45],[-18.47,43.73],[-19.03,44.25],[-19.6,44.76],[-20.03,45.29],[-20.51,45.87],[-20.92,46.37],[-21.4,46.88],[-21.88,47.31],[-22.68,47.74],[-23.27,47.71],[-24.07,47.57],[-24.6,47.43],[-25.61,47.24],[-26.62,47.04],[-27.56,47.02],[-28.49,46.98],[-29.37,47.05],[-30.24,47.12],[-31.28,47.14],[-31.28,47.14],[-31.32,47.75],[-31.35,48.35],[-31.46,49.12],[-31.45,49.68],[-31.45,50.24],[-31.18,50.25],[-30.84,50.77],[-30.79,51.4],[-30.79,51.4],[-30.2,51.56],[-29.44,51.7],[-28.92,51.85],[-28.43,52.14],[-27.93,52.37],[-27.5,52.53],[-26.98,53.02],[-26.15,53.76],[-25.52,54.25],[-24.34,54.85],[-23.76,55.24],[-22.71,55.65],[-22.04,56.01],[-21.35,56.38],[-20.57,56.8],[-19.41,57.48],[-18.81,57.83],[-17.85,58.41],[-16.86,58.98],[-15.84,59.54],[-15.84,59.54],[-14.02,59.49],[-12.74,59.45],[-11.38,59.66],[-10.26,59.97],[-10.04,60.06],[-9.75,60.13],[-9.49,60.24],[-9.17,60.31],[-8.88,60.37],[-8.58,60.48],[-8.34,60.55],[-8.11,60.59],[-8.26,60.84],[-7.29,61.01],[-6.31,61.17],[-6.31,61.17],[-7.5,61.93],[-8.09,62.42],[-8.14,62.64],[-8.03,62.9],[-7.73,63.29],[-7.61,63.47],[-7.34,63.68],[-7.33,63.69],[-7.33,63.69],[-6.26,64.15],[-5.15,64.6],[-4.52,64.73],[-4.05,64.81],[-3.41,64.98],[-2.86,65.11],[-2.46,65.29],[-1.9,65.45],[-1.15,65.61],[-0.62,65.7],[0.09,65.77],[0.67,65.9],[1.35,66.03],[1.96,66.2],[2.83,66.4],[3.55,66.56],[4.26,66.76],[5.92,67.12],[5.92,67.12],[5.88,67.82],[5.84,68.51],[5.79,69.2],[5.21,69.85],[4.58,70.5],[4.58,70.5],[6.51,70.74],[6.51,70.74],[6.06,71.28],[5.57,71.81],[4.74,72.44],[3.86,73.06],[2.9,73.68],[1.63,74.2],[0.27,74.72],[-0.77,75.5],[1.4,76.18],[3.5,76.6],[5.72,77],[7.88,77.45],[10.19,77.88],[13.11,78.39],[16.3,78.88],[19.62,79.28],[23.18,79.65],[26.69,80.11],[30.52,80.52],[35.45,80.95],[40.82,81.31],[46.51,81.68],[52.65,81.96],[59.16,82.14],[59.16,82.14],[65.36,81.9],[71.14,81.57],[76.44,81.17],[81.25,80.69],[84.87,80.31],[88.21,79.89],[91.28,79.44],[93.59,78.87],[95.67,78.3],[97.56,77.7],[100.69,77.51],[100.69,77.51],[100.69,77.51],[100.69,77.51],[102.43,77.38],[104.91,77.29],[107.35,77.17],[109.57,77.3],[113.79,77.03],[117.16,76.67],[120.28,76.27],[123.22,75.84],[124.94,75.8],[125.72,75.77],[125.72,75.77],[122.68,75.62],[119.71,75.44],[116.81,75.22],[114.01,74.97],[112.84,74.13],[111.78,73.29],[110.82,72.45],[111.55,71.63],[112.21,70.8],[113.15,70.13],[114.03,69.45],[115.58,69.07],[117.09,68.69],[119.01,68.35],[120.87,67.98],[122.87,67.57],[124.79,67.14],[126.84,67.21],[129.27,66.91],[131.65,66.58],[132.79,65.93],[133.88,65.28],[135.85,64.86],[137.76,64.41],[138.8,64.12],[139.81,63.83],[139.81,63.83],[139.57,63.69],[138.52,62.95],[137.53,62.2],[136.4,61.38],[135.86,60.98],[135.86,60.98],[136.31,60.48],[136.75,59.98],[137.22,59.77],[137.22,59.77],[138.66,59.84],[140.1,59.9],[141.73,60.09],[141.73,60.09],[141.67,59.94],[141.26,59.08],[140.86,58.23],[140.48,57.38],[140.13,56.52],[139.76,55.67],[139.41,54.83],[139.08,53.98],[138.76,53.14],[138.37,52.42],[137.99,51.7],[137.49,50.9],[137.01,50.1],[136.47,49.27],[135.95,48.44],[135.5,47.72],[135.07,47],[134.69,46.46],[134.32,45.93],[133.63,45.05],[132.96,44.17],[132.45,43.5],[131.95,42.83],[131.39,42.15],[130.85,41.47],[130.24,40.81],[129.63,40.15],[129.26,39.73],[128.89,39.31],[128.13,38.63],[127.4,37.83],[126.88,37.24],[126.36,36.65],[125.85,36.05],[125.33,35.47],[124.81,34.88],[124.26,34.24],[123.71,33.6],[123.17,32.95],[122.52,32.33],[122.32,32.17],[122.32,32.17],[122.12,31.76],[121.73,31.08],[121.34,30.4],[120.96,29.72],[120.53,29.32],[120.1,28.91],[119.49,28.59],[118.88,28.26],[118.88,28.26],[119.06,27.44],[119.23,26.61],[119.57,25.78],[119.9,24.95],[120.23,24.12],[120.56,23.29],[120.86,22.52],[121.16,21.74],[121.45,20.96],[121.74,20.18],[121.74,20.18],[120.92,19.84],[120.1,19.49],[119.29,19.14],[118.48,18.78],[117.67,18.42],[116.87,18.06],[116.79,17.37],[116.72,16.68],[116.26,16.46],[116.26,16.46],[116.22,15.55],[116.19,14.64],[116.15,13.73],[115.13,13.75],[114.1,13.77],[113.07,13.78],[112.04,13.78],[111.74,13.45],[110.74,13.5],[109.73,13.55],[108.72,13.59],[107.71,13.63],[106.7,13.67],[105.69,13.7],[104.68,13.73],[104.68,13.73],[104.29,14.41],[103.89,15.1],[103.53,15.72],[103.4,16.32],[103.26,16.98],[103.14,17.55],[102.98,18.24],[102.85,18.83],[102.72,19.42],[102.59,20.01],[102.32,20.74],[102.06,21.46],[101.78,22.19],[101.78,22.19],[101.4,22.49],[100.76,23.03],[100.11,23.57],[99.46,24.11],[98.81,24.64],[98.19,25.03],[97.56,25.41],[96.93,25.79],[96.07,26.29],[95.2,26.78],[94.55,27.36],[93.89,27.93],[93.35,28.54],[92.81,29.14],[92.25,29.74],[91.61,30.32],[90.96,30.9],[90.3,31.48],[89.52,31.6],[88.73,31.72],[88.06,31.57],[87.38,31.41],[86.61,31.24],[85.84,31.06],[85.07,30.87],[85.07,30.87],[85.35,30.38],[85.62,29.89],[86,29.09],[86.38,28.29],[86.75,27.49],[86.65,26.66],[86.56,25.82],[86.46,24.98],[86.37,24.15],[86.28,23.31],[86.07,22.51],[85.86,21.71],[85.61,20.75]]]}},{"type":"Feature","properties":{"ma":50,"type":"gpml:TopologicalClosedPlateBoundary","name":"Iberia","pid":304,"deforming":false},"geometry":{"type":"Polygon","coordinates":[[[-4.41,31.83],[-4.99,31.71],[-5.92,31.55],[-6.85,31.39],[-7.78,31.22],[-8.9,31.14],[-10.02,31.05],[-11.13,30.95],[-12.24,30.84],[-13.35,30.73],[-14.46,30.6],[-14.66,30.66],[-14.66,30.66],[-14.85,30.61],[-15.87,30.83],[-16.9,31.05],[-17.94,31.26],[-18.98,31.46],[-20.02,31.65],[-21.07,31.84],[-22.12,32.01],[-23.18,32.18],[-24.24,32.34],[-25.35,32.6],[-26.47,32.86],[-26.47,32.86],[-27.45,32.84],[-27.85,32.88],[-27.85,32.88],[-27.49,33.39],[-27.12,33.89],[-26.86,34.54],[-26.58,35.14],[-26.24,35.97],[-26,36.58],[-25.85,37.54],[-25.77,38.09],[-25.75,38.11],[-25.64,38.37],[-25.59,38.48],[-25.59,38.48],[-24.91,38.17],[-24.38,38.04],[-23.91,37.93],[-23.83,37.92],[-23.83,37.92],[-23.54,38.48],[-22.96,38.94],[-22.44,39.74],[-21.96,40.33],[-21.96,40.33],[-20.79,40.34],[-19.79,40.45],[-18.78,40.56],[-18.07,40.53],[-17.26,40.56],[-16.4,40.43],[-15.52,40.46],[-14.64,40.49],[-14.64,40.49],[-13.55,40.32],[-12.47,40.14],[-12.01,40.06],[-12.01,40.06],[-12.09,39.94],[-12.15,39.87],[-12.15,39.87],[-11.79,39.9],[-11.78,39.91],[-11.78,39.91],[-11.64,39.83],[-11.48,39.65],[-11.22,39.31],[-10.9,38.58],[-10.9,38.58],[-10.63,38.62],[-10.4,38.65],[-10,38.7],[-9.66,38.75],[-8.82,38.81],[-8.02,38.92],[-7.73,38.89],[-7.73,38.89],[-7.58,38.42],[-7.58,38.42],[-7.51,38.38],[-6.93,38.17],[-6.35,37.95],[-5.44,37.88],[-4.54,37.81],[-3.69,37.74],[-2.85,37.67],[-2.85,37.67],[-2.94,37.94],[-2.94,37.94],[-1.79,38.07],[-1.15,38.25],[-0.5,38.43],[0.05,38.83],[0.61,39.23],[0.61,39.23],[0.93,39.19],[1.49,39.08],[1.99,38.98],[2.37,38.88],[2.89,38.75],[2.89,38.75],[2.42,38.11],[1.98,37.68],[1.55,37.25],[0.82,36.54],[0.11,35.83],[-0.6,35.11],[-1.28,34.53],[-1.95,33.94],[-2.61,33.35],[-3.26,32.76],[-3.9,32.16],[-4.41,31.83]]]}},{"type":"Feature","properties":{"ma":50,"type":"gpml:TopologicalClosedPlateBoundary","name":"Aluk","pid":904,"deforming":false},"geometry":{"type":"Polygon","coordinates":[[[-91.29,-58.18],[-91.11,-58.15],[-89.44,-57.8],[-87.8,-57.43],[-86.2,-57.04],[-84.63,-56.63],[-83.09,-56.21],[-81.59,-55.76],[-80.12,-55.3],[-78.69,-54.81],[-77.3,-54.32],[-75.93,-53.8],[-74.6,-53.27],[-73.31,-52.73],[-72.04,-52.17],[-70.81,-51.6],[-69.61,-51.02],[-69.61,-51.02],[-69.83,-51.35],[-70.12,-51.82],[-70.3,-52.12],[-70.44,-52.38],[-70.57,-52.59],[-70.74,-52.95],[-70.83,-53.4],[-70.77,-53.76],[-70.71,-54.08],[-70.67,-54.34],[-70.55,-54.63],[-70.44,-54.97],[-70.25,-55.33],[-70.03,-55.72],[-69.94,-56.03],[-69.94,-56.2],[-69.88,-56.53],[-69.84,-56.91],[-69.77,-57.27],[-69.64,-57.64],[-69.61,-57.7],[-69.29,-58.07],[-68.92,-58.31],[-68.28,-58.69],[-67.78,-58.95],[-67.59,-59.05],[-67.29,-59.2],[-66.95,-59.34],[-66.63,-59.49],[-66.26,-59.65],[-65.9,-59.81],[-65.64,-59.92],[-65.33,-60.05],[-65.14,-60.13],[-64.94,-60.22],[-64.47,-60.4],[-63.97,-60.52],[-63.3,-60.69],[-63.18,-60.72],[-63.18,-60.72],[-63.83,-60.9],[-65.21,-61.27],[-66.62,-61.63],[-66.78,-61.7],[-66.78,-61.7],[-67.44,-61.91],[-68.73,-62.4],[-70.15,-62.74],[-71.36,-63.1],[-72.45,-63.42],[-73.76,-63.67],[-75.09,-63.9],[-76.56,-64.32],[-77.97,-65.09],[-79.44,-65.81],[-80.66,-66.4],[-82.48,-67.08],[-83.7,-67.51],[-84.96,-67.93],[-86.26,-68.5],[-87.62,-69.06],[-88.95,-69.5],[-90.74,-69.61],[-93,-69.78],[-94.26,-70.02],[-95.08,-70.13],[-95.08,-70.13],[-96.51,-69.41],[-97.85,-68.69],[-99.1,-67.96],[-97.58,-67.36],[-96.14,-66.75],[-94.76,-66.13],[-93.46,-65.49],[-92.21,-64.85],[-93.99,-64.37],[-95.7,-63.87],[-94.51,-63.16],[-93.38,-62.44],[-92.3,-61.71],[-91.28,-60.98],[-91.07,-60.82],[-91.07,-60.82],[-91.27,-60.79],[-92.39,-60.61],[-93.49,-60.43],[-93.49,-60.43],[-93.04,-59.77],[-92.61,-59.1],[-92.2,-58.43],[-91.89,-58.05],[-91.89,-58.05],[-91.29,-58.18]]]}},{"type":"Feature","properties":{"ma":50,"type":"gpml:TopologicalClosedPlateBoundary","name":"Chortis","pid":2035,"deforming":false},"geometry":{"type":"Polygon","coordinates":[[[-92.04,15.26],[-91.07,15.25],[-90.11,15.24],[-89.14,15.23],[-88.18,15.21],[-87.21,15.19],[-86.39,15.23],[-85.57,15.26],[-84.76,15.43],[-83.95,15.59],[-83.01,15.88],[-82.06,16.15],[-81.17,16.33],[-80.27,16.5],[-79.75,16.52],[-79.75,16.52],[-79.87,15.97],[-79.99,15.42],[-80.09,14.83],[-80.19,14.25],[-80.2,13.96],[-80.2,13.96],[-80.77,13.36],[-81.34,12.76],[-82.14,12.56],[-82.93,12.35],[-83.73,12.15],[-84.37,11.38],[-85.01,10.61],[-85.65,9.85],[-86.34,9.3],[-87.02,8.75],[-87.7,8.2],[-88.39,7.64],[-89.03,7.43],[-89.68,7.22],[-89.68,7.22],[-89.9,7.95],[-90.12,8.68],[-90.33,9.45],[-90.54,10.22],[-90.74,10.99],[-90.86,11.92],[-90.98,12.84],[-91.32,13.61],[-91.66,14.38],[-92,15.15],[-92.04,15.26]]]}},{"type":"Feature","properties":{"ma":50,"type":"gpml:TopologicalClosedPlateBoundary","name":"Farallon","pid":902,"deforming":false},"geometry":{"type":"Polygon","coordinates":[[[-114.3,27.45],[-113.44,27.49],[-112.58,27.52],[-111.72,27.55],[-110.86,27.6],[-110,27.64],[-109.14,27.68],[-108.34,27.79],[-107.54,27.89],[-106.74,27.98],[-105.75,28.08],[-104.76,28.16],[-103.76,28.24],[-102.98,28.31],[-102.19,28.38],[-101.41,28.44],[-100.82,28.48],[-100.24,28.51],[-100.24,28.51],[-99.7,27.87],[-99.12,27.15],[-98.54,26.43],[-97.97,25.71],[-97.41,24.98],[-96.84,24.43],[-96.27,23.87],[-95.71,23.32],[-95.14,22.78],[-94.59,22.24],[-94.59,22.24],[-94.34,21.55],[-94.1,20.87],[-93.81,20.07],[-93.54,19.28],[-93.26,18.48],[-92.94,17.65],[-92.62,16.81],[-92.31,15.98],[-92,15.15],[-91.66,14.38],[-91.32,13.61],[-90.98,12.84],[-90.86,11.92],[-90.74,10.99],[-90.54,10.22],[-90.33,9.45],[-90.12,8.68],[-89.85,7.77],[-89.57,6.86],[-89.3,5.95],[-89.03,5.04],[-88.83,4.55],[-88.76,4.38],[-88.76,4.38],[-88.47,4.18],[-87.64,3.74],[-86.8,3.3],[-85.97,2.86],[-85.14,2.42],[-84.33,2.13],[-83.52,1.83],[-82.8,1.79],[-82.08,1.75],[-81.36,1.7],[-81.1,1.74],[-81.1,1.74],[-81.02,1.73],[-80.38,1.64],[-79.48,1.54],[-78.62,1.08],[-78.16,0.4],[-77.7,-0.29],[-77.3,-0.78],[-76.61,-1.21],[-76.61,-1.21],[-75.65,-0.95],[-74.69,-0.69],[-73.73,-0.47],[-72.77,-0.26],[-71.81,-0.04],[-70.85,0.17],[-70.85,0.17],[-70.85,0.17],[-70.86,0.13],[-71.02,-0.03],[-71.24,-0.35],[-71.47,-0.55],[-71.74,-0.87],[-72.03,-1.25],[-72.28,-1.59],[-72.43,-1.8],[-72.64,-2.13],[-72.87,-2.47],[-73.05,-2.88],[-73.21,-3.2],[-73.34,-3.55],[-73.54,-3.99],[-73.66,-4.27],[-73.76,-4.62],[-73.88,-5.01],[-73.91,-5.25],[-73.95,-5.46],[-74.01,-5.84],[-74.06,-6.12],[-74.09,-6.38],[-74.12,-6.66],[-74.22,-7.23],[-74.31,-7.8],[-74.31,-7.8],[-74.3,-7.84],[-74.41,-8.62],[-74.52,-9.39],[-74.64,-10.16],[-74.75,-10.93],[-74.47,-11.75],[-74.19,-12.58],[-73.91,-13.4],[-73.61,-14.21],[-73.3,-15.02],[-72.99,-15.83],[-72.67,-16.63],[-72.36,-17.44],[-72.04,-18.25],[-71.62,-18.98],[-71.2,-19.72],[-70.78,-20.46],[-70.43,-21.08],[-70.07,-21.7],[-69.71,-22.33],[-68.96,-22.94],[-68.74,-23.43],[-68.51,-23.92],[-68.15,-24.6],[-68.01,-25.14],[-67.77,-25.68],[-67.55,-26.38],[-67.5,-27.28],[-67.46,-28.18],[-67.3,-28.99],[-67.13,-29.8],[-66.97,-30.61],[-66.8,-31.42],[-66.63,-32.23],[-66.51,-33.02],[-66.4,-33.81],[-66.28,-34.6],[-66.17,-35.38],[-66.3,-36.3],[-66.43,-37.22],[-66.57,-38.14],[-66.71,-39.06],[-66.85,-39.98],[-67.13,-40.7],[-67.41,-41.42],[-67.53,-41.86],[-67.56,-42.34],[-67.78,-42.93],[-67.98,-43.23],[-68.05,-43.59],[-68.1,-43.88],[-68.2,-44.35],[-68.29,-44.64],[-68.44,-45.17],[-68.54,-45.55],[-68.65,-45.95],[-68.74,-46.38],[-68.89,-47.04],[-68.95,-47.3],[-69.04,-47.66],[-69.11,-47.99],[-69.18,-48.3],[-69.24,-48.66],[-69.27,-48.97],[-69.3,-49.23],[-69.31,-49.31],[-69.3,-49.54],[-69.29,-49.82],[-69.23,-50.26],[-69.36,-50.59],[-69.55,-50.94],[-69.61,-51.02],[-69.61,-51.02],[-70.81,-51.6],[-72.04,-52.17],[-73.31,-52.73],[-74.6,-53.27],[-75.93,-53.8],[-77.3,-54.32],[-78.69,-54.81],[-80.12,-55.3],[-81.59,-55.76],[-83.09,-56.21],[-84.63,-56.63],[-86.2,-57.04],[-87.8,-57.43],[-89.44,-57.8],[-91.11,-58.15],[-91.29,-58.18],[-91.29,-58.18],[-92.99,-57.79],[-94.65,-57.38],[-96.27,-56.95],[-97.46,-56.44],[-98.61,-55.92],[-99.74,-55.39],[-100.84,-54.86],[-101.91,-54.31],[-103.01,-53.74],[-104.08,-53.16],[-105.12,-52.57],[-105.12,-52.57],[-105.65,-51.87],[-106.17,-51.18],[-106.67,-50.48],[-107.16,-49.78],[-108.27,-50.06],[-109.4,-50.33],[-110.03,-49.43],[-110.64,-48.52],[-111.23,-47.6],[-111.8,-46.68],[-112.35,-45.76],[-112.88,-44.84],[-113.4,-43.92],[-113.9,-42.99],[-114.38,-42.06],[-114.85,-41.13],[-115.31,-40.2],[-115.75,-39.26],[-116.18,-38.33],[-116.61,-37.39],[-117.02,-36.45],[-117.42,-35.51],[-117.81,-34.57],[-118.2,-33.62],[-118.57,-32.68],[-117.66,-32.41],[-116.76,-32.13],[-115.86,-31.84],[-116.25,-30.92],[-116.62,-30.01],[-116.99,-29.09],[-117.35,-28.17],[-117.71,-27.25],[-118.06,-26.33],[-118.4,-25.41],[-117.54,-25.21],[-116.68,-25.01],[-116.88,-24.17],[-117.07,-23.34],[-117.27,-22.51],[-116.36,-22.25],[-115.46,-21.98],[-114.56,-21.72],[-113.66,-21.44],[-112.77,-21.16],[-113.04,-20.29],[-113.31,-19.41],[-113.57,-18.54],[-113.83,-17.66],[-114.08,-16.78],[-114.34,-15.9],[-114.59,-15.03],[-114.84,-14.15],[-115.09,-13.27],[-115.98,-13.53],[-116.87,-13.8],[-116.88,-13.8],[-116.88,-13.8],[-117.13,-12.88],[-117.38,-11.96],[-117.62,-11.04],[-117.87,-10.13],[-118.11,-9.21],[-118.36,-8.29],[-118.6,-7.37],[-118.84,-6.45],[-119.08,-5.53],[-118.19,-5.28],[-117.3,-5.02],[-116.42,-4.77],[-115.53,-4.51],[-114.65,-4.26],[-114.88,-3.36],[-115.1,-2.47],[-115.33,-1.57],[-115.56,-0.68],[-115.79,0.22],[-116.02,1.11],[-116.25,2.01],[-116.47,2.9],[-115.89,3.06],[-116.13,3.96],[-116.37,4.86],[-116.61,5.75],[-115.66,6.01],[-114.7,6.26],[-113.74,6.51],[-112.78,6.75],[-111.81,7],[-110.85,7.24],[-111.08,8.13],[-111.31,9.02],[-111.54,9.9],[-111.77,10.79],[-112.01,11.67],[-112.24,12.56],[-112.48,13.44],[-112.22,13.5],[-112.44,14.42],[-112.67,15.35],[-113.66,15.17],[-114.64,14.98],[-115.62,14.79],[-116.6,14.59],[-117.58,14.39],[-118.56,14.19],[-119.53,13.98],[-119.76,14.77],[-119.98,15.56],[-120.21,16.34],[-120.44,17.13],[-120.13,17.2],[-120.33,17.98],[-120.54,18.77],[-120.75,19.56],[-120.96,20.34],[-121.17,21.13],[-120.24,21.39],[-119.3,21.64],[-118.36,21.89],[-117.42,22.13],[-116.47,22.37],[-115.52,22.61],[-114.57,22.83],[-114.76,23.78],[-114.96,24.72],[-115.16,25.66],[-114.94,25.72],[-115.1,26.57],[-115.25,27.43],[-114.3,27.45]]]}},{"type":"Feature","properties":{"ma":50,"type":"gpml:TopologicalClosedPlateBoundary","name":"Vancouver","pid":903,"deforming":false},"geometry":{"type":"Polygon","coordinates":[[[-118.08,30.36],[-119.02,30.32],[-119.97,30.28],[-120.91,30.23],[-121.85,30.18],[-122.8,30.11],[-123.87,30.03],[-124.94,29.95],[-126,29.85],[-127.07,29.74],[-128.13,29.63],[-128.48,30.2],[-129.28,30.03],[-129.66,30.97],[-130.03,31.91],[-130.42,32.85],[-129.35,33.16],[-128.27,33.46],[-127.18,33.76],[-127.49,34.57],[-127.81,35.38],[-128.14,36.19],[-128.5,37.1],[-128.87,38.01],[-129.24,38.92],[-129.63,39.83],[-130.03,40.74],[-130.44,41.64],[-130.86,42.54],[-131.29,43.43],[-131.73,44.32],[-132.18,45.21],[-132.18,45.21],[-131.22,45.18],[-131.22,45.18],[-130.7,45.77],[-130.06,46.61],[-129.39,47.45],[-128.71,48.28],[-128,49.11],[-127.27,49.93],[-126.52,50.75],[-125.73,51.57],[-124.92,52.37],[-124.08,53.18],[-123.21,53.97],[-122.3,54.76],[-121.36,55.55],[-120.38,56.32],[-119.36,57.09],[-118.29,57.85],[-118.29,57.85],[-118.13,57.72],[-117.17,56.94],[-116.52,56.21],[-115.45,55.72],[-114.41,55.21],[-113.32,54.85],[-112.26,54.47],[-111.26,54.12],[-110.27,53.76],[-109.3,53.4],[-108.13,52.98],[-106.98,52.55],[-106.14,52.11],[-105.31,51.66],[-104.51,51.21],[-103.78,50.98],[-103.06,50.75],[-102.73,50.23],[-102.64,49.85],[-102.64,49.85],[-102.9,49.09],[-103.73,48.73],[-104.54,48.36],[-105.69,47.98],[-106.81,47.59],[-108.03,47.26],[-109.24,46.92],[-109.83,46.54],[-110.41,46.16],[-110.33,45.5],[-110.33,45.5],[-110.11,45.13],[-110.07,44.65],[-109.67,43.88],[-109.43,43.4],[-109.2,42.92],[-108.97,42.45],[-108.74,41.97],[-108.39,41.31],[-108.13,40.78],[-107.4,40.13],[-106.91,39.41],[-106.52,38.51],[-106.21,37.97],[-105.91,37.49],[-105.61,37],[-105.4,36.28],[-105.11,35.76],[-104.83,35.25],[-104.41,34.4],[-103.78,33.72],[-103.66,33.55],[-103.66,33.55],[-103.19,32.8],[-102.73,32.05],[-102.13,31.36],[-101.54,30.67],[-101.22,29.98],[-100.9,29.29],[-100.24,28.51],[-100.24,28.51],[-100.82,28.48],[-101.41,28.44],[-102.19,28.38],[-102.98,28.31],[-103.76,28.24],[-104.76,28.16],[-105.75,28.08],[-106.74,27.98],[-107.54,27.89],[-108.34,27.79],[-109.14,27.68],[-110,27.64],[-110.86,27.6],[-111.72,27.55],[-112.58,27.52],[-113.44,27.49],[-114.3,27.45],[-115.25,27.43],[-115.25,27.43],[-115.4,28.22],[-115.56,29.02],[-116.42,28.88],[-117.28,28.73],[-117.52,29.55],[-117.76,30.37],[-118.08,30.36]]]}},{"type":"Feature","properties":{"ma":50,"type":"gpml:TopologicalClosedPlateBoundary","name":"Kula","pid":918,"deforming":false},"geometry":{"type":"Polygon","coordinates":[[[-127.96,68.36],[-127.33,67.52],[-127.04,67],[-126.56,66.53],[-126.09,66.11],[-125.64,65.77],[-125.11,65.47],[-124.68,65.13],[-124.37,64.95],[-123.66,64.56],[-123.18,64.13],[-122.99,63.78],[-122.62,63.43],[-122.64,62.96],[-122.28,62.61],[-121.99,62.12],[-121.7,61.64],[-121.36,60.79],[-120.97,60.28],[-120.6,59.77],[-119.64,58.92],[-119.25,58.55],[-118.3,57.84],[-118.3,57.84],[-119.36,57.09],[-120.38,56.32],[-121.36,55.54],[-122.31,54.76],[-123.21,53.97],[-124.08,53.17],[-124.93,52.37],[-125.74,51.56],[-126.52,50.75],[-127.27,49.93],[-128,49.11],[-128.71,48.28],[-129.39,47.45],[-130.06,46.61],[-130.7,45.77],[-131.22,45.18],[-131.22,45.18],[-132.19,45.21],[-133.16,45.23],[-134.31,45.26],[-135.47,45.28],[-136.62,45.29],[-137.78,45.29],[-138.93,45.28],[-140.18,45.26],[-141.42,45.23],[-142.66,45.18],[-143.9,45.12],[-145.14,45.05],[-146.37,44.96],[-146.29,44.28],[-146.22,43.6],[-146.15,42.92],[-147.29,42.85],[-148.44,42.76],[-149.58,42.66],[-149.53,42.28],[-150.87,42.21],[-152.2,42.11],[-152.19,41.92],[-153.25,41.84],[-154.32,41.74],[-154.24,41.02],[-155.2,40.96],[-155.19,40.77],[-155.99,40.72],[-155.99,40.72],[-156.32,41.19],[-156.66,41.67],[-157.24,42.43],[-157.83,43.18],[-158.37,44.04],[-158.93,44.89],[-159.53,45.74],[-160.16,46.59],[-160.81,47.43],[-161.47,48.26],[-162.16,49.1],[-162.87,49.93],[-163.61,50.75],[-164.38,51.57],[-165.17,52.39],[-165.87,53.28],[-166.61,54.17],[-167.37,55.06],[-168.17,55.94],[-169.01,56.82],[-169.89,57.69],[-170.81,58.55],[-171.78,59.4],[-172.51,60.19],[-173.27,60.97],[-174.07,61.75],[-174.92,62.52],[-175.81,63.29],[-175.81,63.29],[-174.1,63.01],[-172.42,62.71],[-170.71,62.64],[-169.01,62.55],[-167.33,62.43],[-165.66,62.29],[-163.63,62.46],[-161.58,62.6],[-159.52,62.71],[-157.44,62.79],[-155.35,62.84],[-153.91,62.99],[-152.44,63.12],[-150.97,63.24],[-149.25,63.5],[-147.51,63.73],[-145.74,63.94],[-145.74,63.94],[-144.14,64.38],[-142.49,64.81],[-140.79,65.22],[-139.04,65.61],[-137.24,65.98],[-135.44,66.66],[-133.55,67.33],[-131.56,67.97],[-129.78,68.17],[-127.96,68.36]]]}},{"type":"Feature","properties":{"ma":50,"type":"gpml:TopologicalClosedPlateBoundary","name":"Caribbean","pid":224,"deforming":false},"geometry":{"type":"Polygon","coordinates":[[[-74.99,21.98],[-74.26,22.03],[-73.23,21.92],[-72.21,21.8],[-71.18,21.68],[-70.48,21.18],[-69.79,20.68],[-69.1,20.18],[-68.45,19.61],[-67.81,19.05],[-67.16,18.47],[-66.53,17.9],[-66.48,17.8],[-66.48,17.8],[-65.61,17.47],[-64.75,17.13],[-64.11,16.43],[-63.47,15.73],[-62.84,15.02],[-62.22,14.31],[-61.6,13.6],[-61.26,12.67],[-60.92,11.73],[-60.62,11.25],[-60.31,10.76],[-60.2,9.82],[-60.09,8.89],[-60.28,8.16],[-60.48,7.43],[-60.48,7.43],[-61.4,7.49],[-62.32,7.54],[-63.31,7.68],[-64.31,7.82],[-65.3,7.96],[-65.99,8.05],[-66.69,8.14],[-67.38,8.24],[-67.38,8.24],[-67.8,7.81],[-68.21,7.39],[-68.73,6.71],[-69.24,6.03],[-69.75,5.34],[-70.27,4.67],[-70.78,4.01],[-70.78,3.38],[-70.79,2.75],[-70.52,2.02],[-70.26,1.3],[-70.53,0.86],[-70.81,0.42],[-70.85,0.17],[-70.85,0.17],[-70.85,0.17],[-71.81,-0.04],[-72.77,-0.26],[-73.73,-0.47],[-74.69,-0.69],[-75.65,-0.95],[-76.61,-1.21],[-76.61,-1.21],[-77.3,-0.78],[-77.7,-0.29],[-78.16,0.4],[-78.62,1.08],[-79.48,1.54],[-80.38,1.64],[-81.02,1.73],[-81.1,1.74],[-81.1,1.74],[-81.36,1.7],[-82.08,1.75],[-82.8,1.79],[-83.52,1.83],[-84.33,2.13],[-85.14,2.42],[-85.97,2.86],[-86.8,3.3],[-87.64,3.74],[-88.47,4.18],[-88.76,4.38],[-88.76,4.38],[-88.83,4.55],[-89.03,5.04],[-89.24,5.77],[-89.46,6.49],[-89.68,7.22],[-89.68,7.22],[-89.03,7.43],[-88.39,7.64],[-87.7,8.2],[-87.02,8.75],[-86.34,9.3],[-85.65,9.85],[-85.01,10.61],[-84.37,11.38],[-83.73,12.15],[-82.93,12.35],[-82.14,12.56],[-81.34,12.76],[-80.77,13.36],[-80.2,13.96],[-80.2,13.96],[-80.19,14.25],[-80.09,14.83],[-79.99,15.42],[-79.85,16.06],[-79.71,16.7],[-79.38,17.33],[-79.04,17.97],[-78.71,18.6],[-78.15,19.28],[-77.59,19.96],[-77.17,20.42],[-76.76,20.88],[-76.24,21.4],[-75.72,21.92],[-75.72,21.93],[-74.99,21.98]]]}},{"type":"Feature","properties":{"ma":50,"type":"gpml:TopologicalClosedPlateBoundary","name":"NeoTethys","pid":53401,"deforming":false},"geometry":{"type":"Polygon","coordinates":[[[107.11,-4.51],[106.62,-5.05],[106.13,-5.59],[105.64,-6.13],[105.02,-5.85],[104.39,-5.56],[103.77,-5.28],[103.02,-4.93],[102.28,-4.58],[101.53,-4.23],[100.61,-4.2],[99.69,-4.17],[99.69,-4.17],[99.9,-3.25],[100.11,-2.32],[100.32,-1.4],[100.53,-0.47],[100.7,0.36],[100.86,1.2],[100.86,1.2],[101.35,0.92],[101.83,0.63],[102.33,0.29],[102.83,-0.06],[103.31,-0.54],[103.79,-1.02],[104.27,-1.5],[104.65,-2.04],[105.04,-2.57],[105.55,-2.96],[106.06,-3.35],[106.56,-3.91],[107.06,-4.47],[107.11,-4.51]]]}},{"type":"Feature","properties":{"ma":50,"type":"gpml:TopologicalClosedPlateBoundary","name":"NAM_Ocean_Basin","pid":101,"deforming":false},"geometry":{"type":"Polygon","coordinates":[[[85.06,82.34],[83.5,82.52],[79.42,82.71],[72.86,83.07],[68.68,83.34],[64.17,83.58],[61.85,83.68],[57.92,83.75],[56,83.78],[52.13,83.68],[46.85,83.51],[42.39,83.33],[37.71,83],[33.69,82.73],[31.1,82.6],[29.2,82.51],[25.52,82.35],[23.32,82.32],[21.33,82.29],[18.9,82.19],[16.8,82.12],[14.65,82.15],[14.01,82.02],[13.47,81.68],[12.25,81.37],[10.97,81.14],[10.44,80.98],[9.84,80.82],[9.27,80.67],[8.8,80.51],[8.11,80.32],[7.28,80.15],[6.35,79.95],[5.83,79.84],[5.08,79.66],[4.28,79.51],[3.7,79.38],[2.93,79.2],[1.93,79.03],[1.21,78.91],[0.4,78.88],[0.21,78.79],[0.21,78.79],[-2.48,78.9],[-5.22,78.98],[-7.57,79.25],[-7.57,79.25],[-6.7,79.41],[-4.11,79.85],[-1.3,80.26],[1.77,80.94],[4.79,81.74],[7.79,82.6],[12.3,82.65],[16.27,82.53],[22.47,82.3],[26.6,82.6],[27.32,82.72],[27.32,82.72],[27.51,82.72],[30.35,83.2],[33.62,83.66],[35.46,83.91],[37.79,84.13],[40.62,84.32],[42.2,84.43],[45.75,84.52],[49.64,84.65],[52.62,84.71],[57.86,84.34],[65.43,84.04],[72.37,83.81],[78.75,83.51],[84.74,83.09],[89.99,82.6],[92.04,82.11],[93.85,81.61],[93.87,81.53],[93.87,81.53],[91.16,81.63],[88.24,81.99],[85.06,82.34]]]}},{"type":"Feature","properties":{"ma":50,"type":"gpml:TopologicalClosedPlateBoundary","name":"Eurasia_Ocean_Basin","pid":301,"deforming":false},"geometry":{"type":"Polygon","coordinates":[[[35.76,82.26],[29.71,82.16],[26.71,81.82],[21.67,81.72],[17.13,81.73],[14.36,81.02],[12.36,80.63],[10.17,80.16],[7.03,79.54],[4.66,79.12],[2.47,78.68],[0.21,78.79],[0.21,78.79],[0.4,78.88],[1.21,78.91],[1.93,79.03],[2.93,79.2],[3.7,79.38],[4.28,79.51],[5.08,79.66],[5.83,79.84],[6.35,79.95],[7.28,80.15],[8.11,80.32],[8.8,80.51],[9.27,80.67],[9.84,80.82],[10.44,80.98],[10.97,81.14],[12.25,81.37],[13.47,81.68],[14.01,82.02],[14.65,82.15],[16.8,82.12],[18.9,82.19],[21.33,82.29],[23.32,82.32],[25.52,82.35],[29.2,82.51],[31.1,82.6],[33.69,82.73],[37.71,83],[42.39,83.33],[46.85,83.51],[52.13,83.68],[56,83.78],[57.92,83.75],[61.85,83.68],[64.17,83.58],[68.68,83.34],[72.86,83.07],[79.42,82.71],[83.5,82.52],[85.06,82.34],[88.24,81.99],[91.16,81.63],[91.16,81.63],[86.25,81.75],[82.44,81.88],[76.1,82.24],[72.81,82.5],[69.29,82.73],[62.87,82.97],[57.71,83.02],[53.72,82.94],[49.78,82.83],[46.81,82.72],[42.92,82.55],[36.68,82.26],[35.76,82.26]]]}},{"type":"Feature","properties":{"ma":50,"type":"gpml:TopologicalClosedPlateBoundary","name":"South PSP","pid":608,"deforming":false},"geometry":{"type":"Polygon","coordinates":[[[108.98,7.45],[108.86,7.69],[108.86,7.69],[109.46,7.49],[109.9,7.31],[109.9,7.31],[110.3,6.52],[110.98,6.11],[111.66,5.7],[112.33,5.28],[113.21,5.14],[114.09,5],[114.98,4.85],[115.92,4.54],[116.86,4.23],[117.8,3.92],[118.53,4.01],[119.25,4.1],[119.97,4.2],[119.97,4.2],[120.31,4.3],[120.94,4.77],[121.56,5.24],[122.19,5.7],[122.71,6.34],[123.23,6.98],[123.76,7.61],[123.76,7.61],[123.89,8.13],[124.02,8.65],[124.02,8.65],[124.69,8.32],[125.36,7.98],[126.03,7.65],[126.35,8.53],[127.14,8.04],[127.93,7.55],[128.72,7.06],[129.51,6.56],[130.3,6.06],[131.09,5.57],[131.87,5.07],[132.65,4.57],[132.86,4.99],[133.6,4.38],[134.34,3.76],[135.08,3.15],[135.81,2.53],[136.55,1.91],[137.29,1.29],[138.02,0.68],[138.76,0.06],[139.49,-0.56],[140.23,-1.18],[140.96,-1.8],[141.63,-2.34],[142.25,-2.81],[142.87,-3.29],[143.49,-3.77],[144.26,-4.31],[145.03,-4.84],[145.8,-5.38],[145.8,-5.38],[145.44,-5.95],[145.08,-6.51],[144.72,-7.07],[144.63,-7.23],[144.63,-7.23],[144.7,-8.07],[144.78,-8.9],[144.85,-9.74],[144.93,-10.58],[144.87,-11.39],[144.8,-12.2],[144.73,-13.01],[144.67,-13.82],[144.6,-14.63],[144.6,-14.63],[143.89,-14.58],[143.19,-14.53],[142.48,-14.48],[141.56,-14.37],[140.63,-14.25],[139.71,-14.13],[139.14,-13.53],[138.58,-12.94],[138.13,-12.15],[137.69,-11.36],[137.31,-10.99],[136.92,-10.62],[136.39,-10.31],[135.86,-9.99],[135.27,-9.67],[134.69,-9.35],[133.75,-9.07],[132.82,-8.79],[132.13,-8.56],[131.44,-8.33],[130.75,-8.09],[129.89,-7.73],[129.04,-7.37],[128.18,-7],[127.49,-6.69],[126.8,-6.39],[126.11,-6.08],[125.46,-5.83],[124.81,-5.57],[124.15,-5.31],[123.74,-5.14],[123.74,-5.14],[123.67,-4.45],[123.6,-3.75],[123.54,-3.05],[123.54,-3.05],[122.81,-2.9],[122.08,-2.74],[121.26,-2.69],[120.49,-2.3],[120.05,-1.95],[119.41,-1.65],[118.44,-1.64],[117.9,-1.73],[117.37,-1.82],[116.53,-1.8],[115.68,-1.78],[115.56,-1.78],[115.56,-1.78],[115.58,-1.16],[115.46,-0.34],[115.33,0.49],[115.2,1.31],[115.2,1.31],[114.44,1.26],[113.67,1.21],[112.91,1.16],[112.17,1.54],[111.43,1.91],[110.7,2.29],[110.34,2.95],[109.98,3.6],[109.8,4.25],[109.62,4.9],[109.59,5.61],[109.27,6.08],[108.95,6.55],[108.98,7.45]]]}},{"type":"Feature","properties":{"ma":50,"type":"gpml:TopologicalClosedPlateBoundary","name":"Melanesia","pid":922,"deforming":false},"geometry":{"type":"Polygon","coordinates":[[[155.88,-27.99],[155.28,-27.62],[154.68,-27.24],[153.74,-26.78],[152.8,-26.32],[152.01,-25.83],[151.23,-25.35],[150.35,-24.82],[149.52,-24.4],[148.7,-23.97],[148.01,-23.57],[147.32,-23.17],[146.64,-22.76],[145.76,-22.19],[144.89,-21.61],[144.03,-21.02],[143.36,-20.59],[142.7,-20.15],[142.7,-20.15],[143.01,-19.56],[143.2,-18.86],[143.38,-18.17],[143.56,-17.47],[143.64,-16.51],[143.72,-15.54],[143.79,-14.58],[143.79,-14.58],[144.6,-14.63],[144.6,-14.63],[144.56,-15.1],[144.56,-15.1],[144.78,-15.2],[145.38,-15.65],[145.99,-16.11],[146.6,-16.56],[147.17,-16.99],[147.75,-17.43],[148.34,-17.86],[148.75,-18.38],[149.17,-18.89],[149.57,-19.32],[149.98,-19.74],[150.54,-19.95],[151.1,-20.16],[151.88,-20.22],[152.67,-20.28],[153.4,-20.64],[154.14,-20.99],[154.75,-21.15],[155.36,-21.3],[155.89,-21.74],[156.46,-21.85],[157.04,-21.95],[157.71,-22.24],[158.28,-22.85],[158.85,-23.46],[159.3,-23.84],[159.75,-24.23],[159.97,-24.7],[160.18,-25.17],[160.67,-25.74],[160.67,-25.74],[160.1,-26.05],[159.54,-26.35],[158.63,-26.77],[157.72,-27.18],[156.81,-27.59],[155.88,-27.99]]]}},{"type":"Feature","properties":{"ma":50,"type":"gpml:TopologicalClosedPlateBoundary","name":"Adria","pid":307,"deforming":false},"geometry":{"type":"Polygon","coordinates":[[[12.37,32.71],[12.17,32.8],[11.15,33.16],[10.12,33.53],[9.08,33.88],[8.04,34.22],[6.99,34.55],[5.93,34.88],[4.86,35.2],[3.88,35.57],[2.9,35.93],[1.92,36.29],[0.92,36.64],[0.92,36.64],[1.55,37.25],[1.98,37.68],[2.42,38.11],[2.89,38.75],[2.89,38.75],[3.06,38.7],[3.58,38.19],[3.58,38.19],[3.98,38.03],[4.24,37.91],[4.62,37.82],[5.09,37.72],[5.57,37.73],[5.85,37.87],[6.51,37.99],[6.9,38.01],[7.19,38.01],[7.69,38.22],[8.12,37.74],[8.56,37.24],[8.6,37.04],[8.52,36.15],[8.84,35.29],[9.16,34.88],[9.86,34.51],[10.55,34.14],[11.17,34.02],[11.68,33.72],[11.84,33.54],[12.29,33.08],[12.37,32.71]]]}},{"type":"Feature","properties":{"ma":50,"type":"gpml:TopologicalClosedPlateBoundary","name":"Sepik/Proto Molucca Plate South","pid":781,"deforming":false},"geometry":{"type":"Polygon","coordinates":[[[114.21,-16.96],[114.52,-16.07],[114.83,-15.18],[115.13,-14.28],[115.43,-13.39],[115.73,-12.5],[116.03,-11.61],[116.29,-10.72],[116.55,-9.83],[116.8,-8.94],[117.06,-8.06],[117.31,-7.17],[117.57,-6.28],[117.82,-5.39],[118.07,-4.5],[118.32,-3.61],[118.57,-2.73],[118.82,-1.84],[118.86,-1.64],[118.86,-1.64],[119.41,-1.65],[120.05,-1.95],[120.49,-2.3],[121.26,-2.69],[122.08,-2.74],[122.81,-2.9],[123.54,-3.05],[123.54,-3.05],[123.6,-3.75],[123.67,-4.45],[123.74,-5.14],[123.74,-5.14],[124.15,-5.31],[124.81,-5.57],[125.46,-5.83],[126.11,-6.08],[126.8,-6.39],[127.49,-6.69],[128.18,-7],[129.04,-7.37],[129.89,-7.73],[130.75,-8.09],[131.44,-8.33],[132.13,-8.56],[132.82,-8.79],[133.75,-9.07],[134.69,-9.35],[135.27,-9.67],[135.86,-9.99],[136.39,-10.31],[136.92,-10.62],[137.31,-10.99],[137.69,-11.36],[138.13,-12.15],[138.58,-12.94],[139.14,-13.53],[139.71,-14.13],[140.63,-14.25],[141.56,-14.37],[142.48,-14.48],[143.14,-14.53],[143.79,-14.58],[143.79,-14.58],[143.72,-15.54],[143.64,-16.51],[143.56,-17.47],[143.38,-18.17],[143.2,-18.86],[143.01,-19.56],[142.68,-20.2],[142.34,-20.85],[142.15,-21.59],[141.96,-22.33],[141.77,-23.07],[141.4,-23.73],[141.03,-24.39],[140.78,-25.28],[140.52,-26.17],[140.23,-26.72],[140.23,-26.72],[139.32,-26.45],[138.42,-26.16],[137.39,-25.89],[136.36,-25.6],[135.35,-25.31],[135.39,-24.78],[134.51,-24.58],[133.63,-24.38],[132.75,-24.17],[131.87,-23.95],[131.94,-23.55],[130.88,-23.33],[129.83,-23.11],[128.78,-22.88],[127.74,-22.64],[127.46,-23.11],[126.49,-22.89],[125.52,-22.67],[124.64,-22.47],[123.76,-22.27],[122.82,-22.07],[121.89,-21.86],[120.95,-21.65],[120.14,-21.38],[119.34,-21.1],[118.53,-20.82],[117.73,-20.53],[116.96,-20.36],[116.2,-20.18],[116.2,-20.18],[115.58,-19.72],[115.01,-19.1],[114.45,-18.47],[113.9,-17.85],[114.21,-16.96]]]}},{"type":"Feature","properties":{"ma":50,"type":"gpml:TopologicalClosedPlateBoundary","name":"North PSP","pid":609,"deforming":false},"geometry":{"type":"Polygon","coordinates":[[[145.8,-5.38],[145.03,-4.84],[144.26,-4.31],[143.49,-3.77],[142.87,-3.29],[142.25,-2.81],[141.63,-2.34],[140.96,-1.8],[140.23,-1.18],[139.49,-0.56],[138.76,0.06],[138.02,0.68],[137.29,1.29],[136.55,1.91],[135.81,2.53],[135.08,3.15],[134.34,3.76],[133.6,4.38],[132.86,4.99],[132.65,4.57],[131.87,5.07],[131.09,5.57],[130.3,6.06],[129.51,6.56],[128.72,7.06],[127.93,7.55],[127.14,8.04],[126.35,8.53],[126.03,7.65],[125.36,7.98],[124.69,8.32],[124.02,8.65],[124.02,8.65],[124.04,8.74],[124.02,9.58],[124.01,10.41],[124,11.25],[123.99,12.09],[123.97,12.92],[123.71,13.82],[123.45,14.71],[123.19,15.6],[122.93,16.49],[122.66,17.39],[122.39,18.28],[122.12,19.17],[121.81,19.99],[121.5,20.82],[121.19,21.64],[120.88,22.47],[120.56,23.29],[120.24,24.1],[120.24,24.1],[120.91,23.62],[121.58,23.13],[122.39,22.84],[123.2,22.54],[124.01,22.24],[124.81,21.94],[125.55,21.53],[126.29,21.13],[127.02,20.72],[127.75,20.3],[128.4,19.85],[129.06,19.39],[129.71,18.93],[130.36,18.47],[131.09,17.86],[131.81,17.24],[132.53,16.63],[133.27,15.94],[134,15.26],[134.48,14.92],[134.95,14.57],[135.55,14.08],[136.15,13.57],[136.65,13.07],[137.16,12.57],[137.65,12.01],[138.14,11.45],[138.49,11.02],[138.84,10.59],[139.15,10.17],[139.45,9.75],[139.91,9.2],[140.36,8.64],[140.81,8.2],[141.26,7.75],[141.68,7.36],[142.09,6.97],[142.61,6.67],[143.14,6.37],[143.65,6.02],[144.16,5.67],[144.49,5.28],[144.81,4.89],[145.14,4.37],[145.47,3.85],[145.95,3.43],[146.43,3],[147.19,2.72],[147.69,2.58],[148.2,2.44],[148.63,2.03],[148.63,2.03],[148.6,1.53],[148.57,1.03],[148.25,0.2],[147.93,-0.64],[147.62,-1.48],[147.3,-2.31],[146.99,-3.04],[146.67,-3.78],[146.35,-4.51],[146.08,-4.95],[145.8,-5.38]]]}},{"type":"Feature","properties":{"ma":50,"type":"gpml:TopologicalClosedPlateBoundary","name":"South Philippine Sea Plate","pid":608,"deforming":false},"geometry":{"type":"Polygon","coordinates":[[[123.54,-3.05],[122.81,-2.9],[122.08,-2.74],[121.26,-2.69],[120.49,-2.3],[120.05,-1.95],[119.41,-1.65],[118.44,-1.64],[117.9,-1.73],[117.37,-1.82],[116.53,-1.8],[115.68,-1.78],[115.56,-1.78],[115.56,-1.78],[115.58,-1.16],[115.46,-0.34],[115.33,0.49],[115.2,1.31],[115.2,1.31],[114.44,1.26],[113.67,1.21],[112.91,1.16],[112.17,1.54],[111.43,1.91],[110.7,2.29],[110.34,2.95],[109.98,3.6],[109.8,4.25],[109.62,4.9],[109.59,5.61],[109.27,6.08],[108.95,6.55],[108.95,6.55],[108.98,7.45],[108.86,7.69],[108.86,7.69],[109.46,7.49],[109.9,7.31],[109.9,7.31],[110.3,6.52],[110.98,6.11],[111.66,5.7],[112.33,5.28],[113.21,5.14],[114.09,5],[114.98,4.85],[115.92,4.54],[116.86,4.23],[117.8,3.92],[118.53,4.01],[119.25,4.1],[119.97,4.2],[119.97,4.2],[120.31,4.3],[120.94,4.77],[121.56,5.24],[122.19,5.7],[122.71,6.34],[123.23,6.98],[123.76,7.61],[123.76,7.61],[123.89,8.13],[124.02,8.65],[124.02,8.65],[124.69,8.32],[125.36,7.98],[126.03,7.65],[126.35,8.53],[127.14,8.04],[127.93,7.55],[128.72,7.06],[129.51,6.56],[130.3,6.06],[131.09,5.57],[131.87,5.07],[132.65,4.57],[132.86,4.99],[133.6,4.38],[134.34,3.76],[135.08,3.15],[135.81,2.53],[136.55,1.91],[137.29,1.29],[138.02,0.68],[138.76,0.06],[139.49,-0.56],[140.23,-1.18],[140.96,-1.8],[141.63,-2.34],[142.25,-2.81],[142.87,-3.29],[143.49,-3.77],[144.26,-4.31],[145.03,-4.84],[145.8,-5.38],[145.8,-5.38],[145.44,-5.95],[145.08,-6.51],[144.72,-7.07],[144.63,-7.23],[144.63,-7.23],[144.7,-8.07],[144.78,-8.9],[144.85,-9.74],[144.93,-10.58],[144.87,-11.39],[144.8,-12.2],[144.73,-13.01],[144.67,-13.82],[144.6,-14.63],[144.6,-14.63],[143.89,-14.58],[143.19,-14.53],[142.48,-14.48],[141.56,-14.37],[140.63,-14.25],[139.71,-14.13],[139.14,-13.53],[138.58,-12.94],[138.13,-12.15],[137.69,-11.36],[137.31,-10.99],[136.92,-10.62],[136.39,-10.31],[135.86,-9.99],[135.27,-9.67],[134.69,-9.35],[133.75,-9.07],[132.82,-8.79],[132.13,-8.56],[131.44,-8.33],[130.75,-8.09],[129.89,-7.73],[129.04,-7.37],[128.18,-7],[127.49,-6.69],[126.8,-6.39],[126.11,-6.08],[125.46,-5.83],[124.81,-5.57],[124.15,-5.31],[123.74,-5.14],[123.74,-5.14],[123.67,-4.45],[123.6,-3.75],[123.54,-3.05]]]}},{"type":"Feature","properties":{"ma":50,"type":"gpml:TopologicalClosedPlateBoundary","name":"Sepik back arc","pid":698,"deforming":false},"geometry":{"type":"Polygon","coordinates":[[[139.49,-28.1],[138.72,-28.29],[137.88,-27.85],[137.04,-27.41],[136.58,-26.97],[135.76,-26.36],[135.12,-26.05],[134.49,-25.74],[133.59,-25.58],[132.7,-25.41],[131.81,-25.23],[130.92,-25.05],[129.99,-24.79],[129.05,-24.54],[127.97,-24.42],[126.89,-24.3],[125.95,-24.15],[125.02,-23.99],[124.11,-23.8],[123.2,-23.62],[122.3,-23.42],[121.39,-23.22],[120.49,-23.02],[119.8,-22.61],[119.12,-22.2],[118.44,-21.78],[117.69,-21.25],[116.94,-20.72],[116.2,-20.18],[116.2,-20.18],[116.96,-20.36],[117.73,-20.53],[118.53,-20.82],[119.34,-21.1],[120.14,-21.38],[120.95,-21.65],[121.89,-21.86],[122.82,-22.07],[123.76,-22.27],[124.64,-22.47],[125.52,-22.67],[126.49,-22.89],[127.46,-23.11],[127.74,-22.64],[128.78,-22.88],[129.83,-23.11],[130.88,-23.33],[131.94,-23.55],[131.87,-23.95],[132.75,-24.17],[133.63,-24.38],[134.51,-24.58],[135.39,-24.78],[135.35,-25.31],[136.36,-25.6],[137.39,-25.89],[138.42,-26.16],[139.32,-26.45],[140.23,-26.72],[140.23,-26.72],[139.86,-27.41],[139.49,-28.1]]]}},{"type":"Feature","properties":{"ma":50,"type":"gpml:TopologicalClosedPlateBoundary","name":"Alpine Mesh between Eurasia and East. Med. Subduction Zone","pid":0,"deforming":false},"geometry":{"type":"Polygon","coordinates":[[[25.29,40.13],[25.99,40.09],[26.7,40.04],[27.44,39.99],[28.18,39.93],[28.83,39.88],[29.49,39.82],[30.65,39.39],[31.68,39.01],[32.69,38.61],[33.54,38.52],[34.39,38.43],[35.44,38.33],[35.44,38.33],[35.3,38.1],[34.78,37.23],[34.12,36.41],[33.81,35.66],[33.81,35.66],[33.65,35.71],[32.73,35.89],[31.87,35.98],[31,36.05],[30,36.06],[29.18,36.06],[28.28,36.07],[27.29,36.04],[26.44,36],[25.55,35.91],[24.72,35.83],[23.76,35.71],[22.78,35.63],[21.75,35.6],[20.86,35.53],[19.94,35.49],[18.98,35.57],[18.05,35.68],[17.24,35.74],[16.48,36],[15.73,36.3],[15.05,36.67],[14.37,37.07],[13.81,37.58],[13.81,37.58],[13.64,38.07],[13.46,38.57],[13.12,39.19],[12.83,39.81],[12.47,40.4],[12.22,41.11],[12.23,41.54],[12.21,41.5],[12.17,41.56],[12.17,41.56],[12.76,41.57],[13.2,41.58],[13.7,41.58],[14.1,41.59],[14.63,41.59],[15.18,41.59],[14.76,41.2],[14.7,40.78],[14.98,40.57],[15.45,40.37],[16.03,40.17],[16.85,40.08],[17.92,40.08],[18.72,40.05],[19.52,40.02],[20.46,40.02],[21.63,40.09],[22.8,40.14],[23.98,40.18],[23.99,40.2],[25.29,40.13]]]}},{"type":"Feature","properties":{"ma":50,"type":"gpml:TopologicalClosedPlateBoundary","name":"NAM_55-45Ma","pid":101,"deforming":false},"geometry":{"type":"Polygon","coordinates":[[[-180,76.87],[-180,77.81],[-180,78.75],[-180,79.69],[-180,80.62],[-180,81.56],[-180,82.5],[-180,83.44],[-180,84.37],[-180,85.31],[-180,86.25],[-180,87.19],[-180,88.12],[-180,89.06],[-180,90],[180,90],[180,89.06],[180,88.12],[180,87.19],[180,86.25],[180,85.31],[180,84.37],[180,83.44],[180,82.5],[180,81.56],[180,80.62],[180,79.69],[180,78.75],[180,77.81],[180,76.87],[180,75.94],[177.11,76.17],[174.12,76.38],[171.06,76.54],[167.33,76.75],[163.5,76.89],[159.61,76.98],[155.68,77.01],[152.28,77.31],[148.74,77.56],[145.07,77.76],[141.3,77.91],[137.05,78.32],[132.52,78.66],[127.74,78.93],[122.76,79.12],[117.75,79.08],[112.8,78.96],[110.66,79.09],[110.66,79.09],[109.53,79.48],[109.21,80.47],[108.81,81.46],[106.79,82.37],[104.23,83.27],[100.9,84.15],[96.42,85],[87.61,85.55],[76.66,85.96],[63.78,86.21],[49.96,86.24],[41.43,86.03],[33.91,85.73],[32.21,85.71],[31.25,85.69],[30.07,85.67],[28.84,85.65],[27.51,85.65],[25.36,85.59],[25.03,85.58],[25.03,85.58],[25.05,85.58],[25.05,85.58],[25.03,85.58],[18.07,85.1],[12.42,84.56],[9.68,84.32],[3.29,83.79],[-2.03,83.18],[-5.72,82.7],[-8.95,82.19],[-11.97,81.65],[-14.61,81.1],[-18.06,80.86],[-21.31,80.59],[-26.13,80.66],[-29.58,80.7],[-33.05,80.71],[-37.14,80.85],[-41.32,80.93],[-44.96,81.15],[-48.76,81.34],[-53.54,81.6],[-58.6,81.8],[-63.16,81.9],[-67.81,81.95],[-72,81.98],[-76.2,81.97],[-80.37,81.84],[-84.38,81.66],[-88.47,80.9],[-91.1,80.05],[-89.75,79.26],[-87.85,78.39],[-85.45,77.62],[-84.14,77.15],[-82.92,76.68],[-81.39,76.22],[-79.97,75.76],[-77.03,75.27],[-75.24,75.06],[-73.5,74.83],[-71.02,74.48],[-68.65,74.11],[-65.89,73.79],[-63.89,73.55],[-61.95,73.28],[-61.86,73.27],[-61.86,73.27],[-61.13,73.05],[-58.69,72.58],[-56.95,72.25],[-54.86,71.93],[-52.84,71.59],[-52.84,71.59],[-52.07,71.72],[-50.86,71.89],[-50.07,72],[-49.14,72.13],[-47.56,72.53],[-46.6,72.67],[-45.76,72.8],[-45.32,72.86],[-44.9,72.85],[-44.75,72.85],[-44.75,72.85],[-44.85,72.7],[-44.53,71.86],[-44.25,71.36],[-43.98,70.85],[-42.57,70.08],[-41.49,69.49],[-40.97,68.71],[-39.67,68.16],[-40.17,67.19],[-39.7,66.41],[-39.68,65.74],[-39.28,65.08],[-38.86,64.48],[-39.29,63.73],[-39.24,63.12],[-39.7,62.23],[-41.03,61.48],[-41.71,60.97],[-42.36,60.45],[-41.62,60.22],[-41.62,60.22],[-41.66,60.19],[-42.43,59.69],[-42.78,58.95],[-43.46,58.23],[-43.77,57.36],[-43.85,57.33],[-43.85,57.33],[-43.68,57.12],[-42.57,56.58],[-41.91,56.21],[-40.86,55.66],[-40.34,55.16],[-39.5,54.41],[-38.95,53.8],[-38.28,53.07],[-37.62,52.49],[-36.31,52.39],[-35.66,52.26],[-34.61,51.59],[-33.6,51.51],[-32.6,51.42],[-31.53,51.34],[-30.8,51.2],[-30.8,51.2],[-30.84,50.77],[-31.18,50.25],[-31.45,50.24],[-31.45,49.68],[-31.46,49.12],[-31.35,48.35],[-31.32,47.75],[-31.28,47.14],[-31.28,47.14],[-30.24,47.12],[-29.37,47.05],[-28.49,46.98],[-27.53,47.02],[-27.53,47.02],[-27.24,46.73],[-26.81,46.3],[-26.39,45.87],[-26.55,45.74],[-25.83,45.12],[-25.75,45.15],[-25.15,44.51],[-24.57,43.86],[-24.44,43.11],[-24.31,42.36],[-24.19,41.61],[-24.55,40.83],[-24.91,40.05],[-25.25,39.27],[-25.59,38.48],[-25.59,38.48],[-25.59,38.48],[-25.64,38.37],[-25.75,38.11],[-25.77,38.09],[-25.85,37.54],[-26,36.58],[-26.24,35.97],[-26.58,35.14],[-26.86,34.54],[-27.12,33.89],[-27.49,33.39],[-27.85,32.88],[-27.85,32.88],[-28.32,32.93],[-29.24,33.02],[-30.15,33.11],[-30.56,32.47],[-31.52,32.55],[-31.97,31.81],[-32.4,31.06],[-33.41,31.11],[-33.8,30.42],[-34.18,29.72],[-35.15,29.78],[-35.44,29.35],[-36.29,29.4],[-37.15,29.45],[-37.65,28.64],[-37.9,28.66],[-38.26,28.04],[-38.62,27.42],[-38.97,26.8],[-39.75,26.84],[-40.52,26.87],[-41.07,26.24],[-41.6,25.6],[-42.14,24.96],[-42.61,24.06],[-43.07,23.16],[-43.53,22.26],[-44.28,22.29],[-44.51,21.75],[-44.75,21.22],[-43.83,21.19],[-44.15,20.41],[-44.47,19.64],[-44.79,18.87],[-45.1,18.09],[-44.85,18.07],[-45.16,17.29],[-45.46,16.51],[-45.6,16.52],[-45.91,15.59],[-46.22,14.67],[-46.52,13.74],[-46.83,12.82],[-46.85,12.74],[-46.85,12.74],[-47.71,12.78],[-48.57,12.82],[-49.42,12.86],[-50.28,12.89],[-51.14,12.93],[-52,12.96],[-52.69,13.33],[-53.38,13.7],[-54.07,14.06],[-54.58,14.39],[-55.09,14.71],[-55.09,14.71],[-55.21,14.6],[-55.74,14.11],[-56.4,13.47],[-56.84,12.96],[-57.28,12.44],[-57.72,11.93],[-58.12,11.43],[-58.52,10.93],[-58.52,10.93],[-59,11.41],[-59.59,12.04],[-60.17,12.67],[-60.77,13.3],[-61.32,13.92],[-61.88,14.53],[-62.45,15.15],[-63.17,15.82],[-63.9,16.49],[-64.63,17.16],[-64.63,17.16],[-64.71,17.1],[-64.71,17.1],[-64.75,17.13],[-65.61,17.47],[-66.48,17.8],[-66.48,17.8],[-66.53,17.9],[-67.16,18.47],[-67.81,19.05],[-68.45,19.61],[-69.1,20.18],[-69.79,20.68],[-70.48,21.18],[-71.18,21.68],[-72.21,21.8],[-73.23,21.92],[-74.26,22.03],[-74.99,21.98],[-75.72,21.93],[-75.72,21.93],[-75.72,21.92],[-76.24,21.4],[-76.76,20.88],[-77.17,20.42],[-77.59,19.96],[-78.15,19.28],[-78.71,18.6],[-79.04,17.97],[-79.38,17.33],[-79.71,16.7],[-79.75,16.52],[-79.75,16.52],[-80.27,16.5],[-81.17,16.33],[-82.06,16.15],[-83.01,15.88],[-83.95,15.59],[-84.76,15.43],[-85.57,15.26],[-86.39,15.23],[-87.21,15.19],[-88.18,15.21],[-89.14,15.23],[-90.11,15.24],[-91.07,15.25],[-92.04,15.26],[-92.04,15.26],[-92.34,16.06],[-92.64,16.87],[-92.95,17.68],[-93.26,18.48],[-93.54,19.28],[-93.81,20.07],[-94.1,20.87],[-94.34,21.55],[-94.59,22.24],[-94.59,22.24],[-95.14,22.78],[-95.71,23.32],[-96.27,23.87],[-96.84,24.43],[-97.41,24.98],[-97.97,25.71],[-98.54,26.43],[-99.12,27.15],[-99.7,27.87],[-100.3,28.58],[-100.9,29.29],[-101.22,29.98],[-101.54,30.67],[-102.13,31.36],[-102.73,32.05],[-103.19,32.8],[-103.66,33.55],[-103.66,33.55],[-103.78,33.72],[-104.41,34.4],[-104.83,35.25],[-105.11,35.76],[-105.4,36.28],[-105.61,37],[-105.91,37.49],[-106.21,37.97],[-106.52,38.51],[-106.91,39.41],[-107.4,40.13],[-108.13,40.78],[-108.39,41.31],[-108.74,41.97],[-108.97,42.45],[-109.2,42.92],[-109.43,43.4],[-109.67,43.88],[-110.07,44.65],[-110.11,45.13],[-110.33,45.5],[-110.33,45.5],[-110.41,46.16],[-109.83,46.54],[-109.24,46.92],[-108.03,47.26],[-106.81,47.59],[-105.69,47.98],[-104.54,48.36],[-103.73,48.73],[-102.9,49.09],[-102.64,49.85],[-102.64,49.85],[-102.73,50.23],[-103.06,50.75],[-103.78,50.98],[-104.51,51.21],[-105.31,51.66],[-106.14,52.11],[-106.98,52.55],[-108.13,52.98],[-109.3,53.4],[-110.27,53.76],[-111.26,54.12],[-112.26,54.47],[-113.32,54.85],[-114.41,55.21],[-115.45,55.72],[-116.52,56.21],[-117.17,56.94],[-118.13,57.72],[-118.88,58.32],[-119.64,58.92],[-120.6,59.77],[-120.97,60.28],[-121.36,60.79],[-121.7,61.64],[-121.99,62.12],[-122.28,62.61],[-122.64,62.96],[-122.62,63.43],[-122.99,63.78],[-123.17,64.13],[-123.66,64.56],[-124.37,64.95],[-124.68,65.13],[-125.11,65.47],[-125.64,65.77],[-126.09,66.11],[-126.55,66.53],[-127.04,67],[-127.33,67.52],[-127.61,67.9],[-127.98,68.36],[-127.98,68.36],[-129.78,68.17],[-131.56,67.97],[-133.55,67.33],[-135.44,66.66],[-137.24,65.98],[-139.04,65.61],[-140.79,65.22],[-142.49,64.81],[-144.14,64.38],[-145.74,63.94],[-145.74,63.94],[-147.51,63.73],[-149.25,63.5],[-150.97,63.24],[-152.44,63.12],[-153.91,62.99],[-155.35,62.84],[-157.3,62.8],[-159.24,62.72],[-161.18,62.63],[-161.18,62.63],[-160.94,63.29],[-160.68,63.95],[-160.29,64.84],[-159.88,65.72],[-159.43,66.61],[-158.95,67.49],[-159.23,68.42],[-159.54,69.34],[-159.88,70.27],[-160.25,71.19],[-160.65,72.12],[-162.61,72.72],[-164.7,73.31],[-166.93,73.87],[-169.32,74.41],[-171.38,74.8],[-173.54,75.17],[-175.81,75.51],[-177.87,75.73],[-180,75.94],[-180,76.87]]]}},{"type":"Feature","properties":{"ma":50,"type":"gpml:TopologicalNetwork","name":"Greater_India_East_Mesh","pid":801,"deforming":true},"geometry":{"type":"Polygon","coordinates":[[[98.65,-45.77],[97.58,-45.9],[96.51,-46.02],[95.44,-46.13],[94.4,-46.22],[93.35,-46.31],[93.35,-46.31],[94.1,-45.92],[94.67,-45.3],[95.22,-44.68],[94.42,-44.24],[93.63,-43.8],[92.86,-43.35],[93.21,-42.7],[93.56,-42.04],[94.38,-41.66],[95.19,-41.28],[95.98,-40.9],[96.32,-40.13],[95.8,-39.35],[96.58,-38.7],[97.27,-38.85],[97.97,-39],[98.86,-39.46],[99.76,-39.55],[100.66,-39.63],[101.7,-39.78],[102.74,-39.92],[103.4,-39.77],[103.68,-38.81],[104.11,-38.06],[104.54,-37.32],[105.11,-36.47],[105.45,-35.99],[105.78,-35.5],[106,-35.17],[106.76,-34.83],[107.52,-34.47],[108.27,-34.11],[108.97,-33.67],[109.65,-33.23],[109.47,-32.86],[110.42,-32.38],[111.35,-31.89],[112.28,-31.4],[113.03,-31.03],[113.78,-30.66],[114.53,-30.27],[114.87,-30.75],[115.21,-31.22],[115.91,-30.76],[116.59,-30.29],[117.27,-29.82],[117.27,-29.82],[117.89,-30.36],[118.52,-30.91],[119.29,-31.47],[120.07,-32.03],[120.85,-32.59],[121.65,-33.14],[122.46,-33.69],[123.28,-34.23],[124.11,-34.77],[124.11,-34.77],[123.42,-35.01],[122.72,-35.25],[121.76,-35.83],[120.78,-36.41],[120.1,-36.8],[119.41,-37.19],[118.71,-37.58],[118.12,-38.37],[117.29,-38.71],[116.45,-39.04],[115.6,-39.37],[114.55,-39.79],[113.49,-40.2],[112.6,-40.52],[111.7,-40.84],[110.79,-41.15],[109.92,-41.76],[109.04,-42.36],[108.15,-42.89],[107.25,-43.42],[106.33,-43.93],[105.37,-44.16],[104.41,-44.38],[103.44,-44.59],[102.44,-44.83],[101.44,-45.06],[100.42,-45.28],[99.71,-45.64],[98.65,-45.77]]]}},{"type":"Feature","properties":{"ma":50,"type":"gpml:TopologicalNetwork","name":"aus_antarc_india_mesh","pid":801,"deforming":true},"geometry":{"type":"Polygon","coordinates":[[[87.21,-46.32],[87.36,-46.3],[88.26,-45.93],[89.14,-45.55],[90.01,-45.17],[90.39,-45.57],[90.3,-46.34],[90.2,-47.12],[90.87,-47.48],[91.56,-47.84],[92.25,-47.46],[92.73,-46.93],[93.21,-46.4],[94.29,-46.3],[95.37,-46.19],[96.44,-46.07],[97.51,-45.94],[97.51,-45.94],[97.03,-46.83],[97.07,-47.51],[97.11,-48.2],[97.03,-48.69],[96.92,-49.31],[96.81,-49.95],[96.69,-50.59],[96.74,-51.19],[96.8,-51.78],[96.98,-52.5],[97.16,-53.23],[97.3,-53.92],[97.45,-54.62],[97.27,-55.39],[97.09,-56.17],[96.67,-56.72],[96.25,-57.26],[96.25,-57.26],[95.36,-57.16],[93.8,-57.44],[93.51,-57.39],[93.51,-57.39],[94.15,-57.06],[93.9,-56.18],[93.66,-55.29],[93.98,-55.49],[94.21,-55.72],[94.93,-55.25],[95.14,-54.96],[95.26,-54.87],[95.23,-54.23],[95.34,-54.19],[95.64,-54.22],[95.84,-54.18],[95.84,-53.85],[95.73,-53.55],[95.12,-53.08],[95.12,-52.98],[94.71,-52.64],[94.92,-52.55],[94.01,-51.78],[93.17,-51.09],[92.81,-50.65],[92.45,-50.2],[91.69,-49.73],[90.91,-49.2],[90.15,-48.65],[89.51,-48.33],[88.91,-47.71],[88.45,-47.38],[88.45,-47.38],[88.48,-47.27],[87.84,-46.8],[87.21,-46.32]]]}},{"type":"Feature","properties":{"ma":50,"type":"gpml:TopologicalNetwork","name":"IA_PNG_Jurassic_Deforming_Network","pid":615,"deforming":true},"geometry":{"type":"Polygon","coordinates":[[[125.08,-25.66],[125.34,-26.26],[125.58,-26.8],[125.58,-26.8],[126.64,-26.9],[127.31,-26.95],[128.33,-27.15],[128.87,-27.21],[129.39,-27.34],[130.02,-27.49],[130.9,-27.67],[131.43,-27.81],[131.7,-27.83],[132.04,-27.99],[132.04,-27.99],[132.2,-27.63],[132.53,-27.31],[132.53,-27.31],[132.63,-27.32],[133.35,-27.32],[134.27,-27.56],[135.12,-27.88],[135.32,-28],[135.3,-28.32],[135.22,-28.44],[135.16,-28.69],[135.16,-28.69],[135.25,-28.73],[135.81,-29.02],[136.22,-29.3],[136.74,-29.93],[137.28,-30.39],[137.75,-30.62],[137.75,-30.62],[137.74,-30.64],[137.74,-30.64],[136.76,-31.1],[136.36,-31.76],[136.25,-31.88],[136.25,-31.88],[135.84,-31.62],[134.93,-31.14],[134.28,-30.88],[133.63,-30.61],[133.32,-30.48],[133.02,-30.32],[132.76,-30.17],[132.53,-29.97],[132.53,-29.74],[132.6,-29.52],[132.61,-29.46],[132.19,-29.34],[131.87,-29.3],[131.61,-29.18],[131.16,-29.05],[130.49,-28.89],[130.09,-28.73],[129.32,-28.66],[128.9,-28.59],[128.34,-28.55],[127.98,-28.52],[127.35,-28.48],[126.88,-28.43],[125.92,-28.19],[125.57,-28.16],[124.98,-28.1],[124.6,-28.02],[123.83,-27.8],[123.39,-27.71],[122.52,-27.22],[121.65,-26.72],[121.12,-26],[120.55,-25.28],[120.5,-24.73],[120.45,-24.19],[120.37,-23.9],[120.37,-23.9],[120.4,-23.9],[121,-23.97],[121.59,-24.04],[122.15,-24.26],[122.72,-24.48],[123.29,-24.82],[123.86,-25.16],[124.54,-25.42],[125.08,-25.66]]]}},{"type":"Feature","properties":{"ma":50,"type":"gpml:TopologicalNetwork","name":"Inactive_PNG_Jurassic_Deforming_Network","pid":615,"deforming":true},"geometry":{"type":"Polygon","coordinates":[[[124.58,-23.65],[124.58,-23.65],[124.63,-23.55],[125.26,-22.97],[126.03,-22.66],[126.81,-22.7],[127.58,-22.73],[128.57,-22.92],[129.57,-23.1],[130.6,-23.32],[131.64,-23.54],[132.66,-23.89],[133.68,-24.23],[134.71,-24.57],[135.42,-25.15],[136.15,-25.72],[136,-26.22],[135.99,-26.24],[135.99,-26.24],[135.6,-26.03],[135.23,-25.83],[134.84,-25.74],[134.4,-25.64],[133.6,-25.45],[132.66,-25.27],[131.92,-25.11],[131.18,-24.96],[130.6,-24.83],[130.01,-24.7],[129.06,-24.53],[128.19,-24.37],[127.45,-24.3],[126.73,-24.24],[125.69,-24.03],[124.92,-23.91],[124.88,-23.91],[124.58,-23.65]]]}},{"type":"Feature","properties":{"ma":50,"type":"gpml:TopologicalNetwork","name":"Inactive_aus_antarc_india_mesh","pid":802,"deforming":true},"geometry":{"type":"Polygon","coordinates":[[[96.47,-64.07],[94.93,-64.22],[93.39,-64.35],[92.21,-64.61],[91.01,-64.87],[89.67,-65.09],[88.3,-65.3],[87.13,-65.64],[85.92,-65.97],[84.45,-66.03],[82.96,-66.07],[81.66,-66.1],[80.35,-66.12],[78.67,-66.24],[76.97,-66.35],[75.28,-66.6],[73.55,-66.83],[72.01,-67.12],[71.4,-68.09],[70.13,-68.86],[68.94,-69.31],[67.62,-69.92],[66.22,-70.52],[65.32,-71.29],[64.34,-72.05],[63.78,-71.11],[63.3,-70.22],[63.46,-69.65],[63.63,-69.08],[64.26,-68.58],[64.87,-68.09],[65.78,-67.42],[64.04,-67.61],[61.56,-67.63],[59.86,-67.57],[58.17,-67.5],[56.32,-67.38],[54.5,-67.24],[52.7,-67.07],[51.47,-66.82],[50.26,-66.56],[48.99,-65.94],[47.08,-65.91],[45.18,-66.36],[42.91,-66.77],[40.57,-67.16],[38.49,-67.65],[36.33,-68.12],[34.55,-68.6],[32.68,-69.07],[30.31,-68.9],[27.97,-68.7],[26.15,-68.29],[24.39,-67.86],[23.37,-67.4],[22.39,-66.94],[22.39,-66.94],[23.3,-66.56],[24.19,-66.18],[24.93,-65.8],[25.75,-65.5],[26.74,-65.11],[27.18,-65.06],[27.66,-65.15],[28.02,-65.5],[28.07,-65.76],[27.91,-66.06],[27.73,-66.46],[27.64,-66.79],[27.72,-67.02],[28.12,-67.34],[28.87,-67.52],[30.41,-67.69],[31.98,-67.84],[32.77,-67.18],[33.55,-67.23],[34.3,-67.32],[34.51,-67.3],[35.51,-66.64],[35.99,-66.16],[36.8,-65.76],[38.49,-65.39],[40.14,-64.99],[41.18,-64.5],[42.19,-64],[43.71,-63.89],[43.71,-63.89],[45.82,-63.97],[47.12,-64.15],[48.56,-64.31],[50.73,-64.56],[51.12,-63.88],[51.25,-63.82],[52.41,-63.87],[53.57,-63.91],[55.21,-63.94],[57.17,-63.97],[58.89,-64.14],[59.58,-64.16],[60.61,-64.17],[62.23,-64.09],[63.07,-64.02],[64,-63.92],[64.62,-64.11],[65.61,-64.4],[67.35,-63.79],[67.77,-63.84],[68.45,-63.92],[69.66,-64.05],[69.88,-64.43],[70.05,-64.72],[70.65,-64.81],[72.05,-64.91],[73.35,-64.98],[75.11,-65.09],[76.08,-65.14],[77.47,-65.12],[78.87,-65.08],[79.53,-65.03],[79.9,-64.95],[81.32,-64.85],[82.71,-64.74],[84.01,-64.61],[85.7,-64.33],[87.35,-64.04],[88.39,-63.74],[89.4,-63.44],[89.18,-62.8],[89.04,-62.31],[91,-62.18],[93.04,-62.09],[95.06,-61.97],[96.02,-62.25],[96.84,-62.41],[97.59,-62.55],[97.59,-62.55],[97.5,-62.49],[97.5,-62.49],[97.65,-63.08],[97.81,-63.66],[97.98,-63.91],[96.47,-64.07]]]}},{"type":"Feature","properties":{"ma":50,"type":"gpml:TopologicalNetwork","name":"Inactive_Western_Deforming_Network","pid":801,"deforming":true},"geometry":{"type":"Polygon","coordinates":[[[148.39,-39.38],[148.58,-39.82],[148.89,-40.34],[149.45,-41.23],[149.78,-41.8],[150.29,-42.64],[150.28,-43.5],[150.72,-43.78],[150.82,-44.76],[151.01,-45.74],[151.22,-46.73],[151.43,-47.71],[151.78,-48.02],[151.91,-48.54],[152.05,-49.05],[152.13,-49.33],[152.02,-50.29],[151.98,-50.63],[152.15,-51.15],[152.33,-51.68],[152.41,-51.92],[152.34,-52.55],[152.27,-53.19],[152.27,-53.21],[152.09,-53.84],[151.91,-54.47],[151.65,-55.42],[151.38,-56.36],[151.43,-56.58],[151.55,-57.14],[151.69,-57.71],[150.5,-58.07],[149.74,-58.32],[149.74,-58.32],[149.42,-57.94],[149.07,-57.35],[149,-56.72],[148.91,-56.07],[149.41,-55.31],[149.53,-54.89],[149.57,-54.59],[149.82,-53.65],[150.13,-53],[150.46,-52.16],[150.2,-51.34],[150.13,-50.67],[150.37,-50.13],[150.6,-49.59],[150.61,-49.01],[150.2,-48.52],[150.04,-47.85],[149.6,-47.31],[149.53,-46.37],[149.04,-45.46],[148.74,-44.75],[149.25,-44.02],[149.15,-43.36],[149.01,-42.51],[148.68,-42.06],[147.88,-41.51],[147.09,-40.9],[146.61,-40.26],[146.06,-39.52],[145.56,-38.93],[145.56,-38.93],[146.34,-38.63],[147.11,-38.31],[147.87,-38],[147.87,-38],[148.11,-38.62],[148.39,-39.38]]]}},{"type":"Feature","properties":{"ma":50,"type":"gpml:TopologicalNetwork","name":"Inactive_Coral_Deforming_Network","pid":836,"deforming":true},"geometry":{"type":"Polygon","coordinates":[[[147.26,-31.73],[148.19,-32.01],[148.85,-32.2],[149.51,-32.38],[150.04,-32.53],[150.31,-32.68],[150.6,-32.8],[150.6,-32.8],[150.22,-33.21],[149.83,-33.61],[149.06,-34.14],[148.29,-34.66],[148.29,-34.66],[148.16,-34.4],[147.75,-33.96],[147.23,-33.63],[146.72,-33.3],[146.41,-33.01],[146.41,-33.01],[145.94,-32.87],[144.78,-32.84],[143.63,-32.79],[142.72,-32.85],[141.82,-32.89],[141.71,-32.84],[141.71,-32.84],[141.15,-33.23],[140.72,-33.46],[139.75,-33.64],[138.99,-33.68],[138.99,-33.68],[138.88,-33.73],[138.6,-33.75],[138.28,-33.83],[137.85,-34.03],[137.8,-34.32],[138.09,-34.82],[138.31,-35.05],[138.21,-35.15],[138.21,-35.15],[138.6,-35.38],[138.89,-35.49],[139.26,-35.71],[139.93,-35.89],[140.78,-36.06],[141.56,-36.15],[142.35,-36.23],[143.51,-36.37],[144.32,-36.45],[145.14,-36.53],[145.73,-37.12],[146.45,-37.65],[146.75,-38.46],[146.75,-38.46],[145.76,-38.86],[145.76,-38.86],[145.52,-38.38],[145.29,-37.9],[144.67,-37.5],[144.06,-37.1],[143.24,-37.03],[142.41,-36.97],[141.5,-36.84],[140.6,-36.71],[139.69,-36.58],[138.65,-36.34],[137.62,-36.1],[136.75,-36.16],[135.89,-36.22],[135.03,-36.27],[134.53,-35.85],[134.28,-35.64],[134.28,-35.64],[134.36,-35.44],[134.51,-35.04],[134.64,-34.64],[134.76,-34.23],[135,-33.4],[135.3,-32.92],[135.6,-32.44],[136.52,-32.43],[137.43,-32.41],[137.95,-32.73],[137.95,-32.73],[138.17,-32.62],[138.57,-32.39],[139.16,-31.99],[139.78,-31.6],[140.59,-31.58],[141.41,-31.57],[142.13,-31.47],[142.73,-31.45],[143.33,-31.41],[144.41,-31.52],[145.49,-31.61],[146.34,-31.45],[147.26,-31.73]]]}},{"type":"Feature","properties":{"ma":50,"type":"gpml:TopologicalNetwork","name":"Inactive_Central_Atlantic_Mesh","pid":101,"deforming":true},"geometry":{"type":"Polygon","coordinates":[[[-40.8,39.05],[-41.13,39.27],[-41.74,39.6],[-42.27,39.66],[-42.97,40.13],[-43.49,40.28],[-44.4,40.06],[-45.35,40.02],[-46.31,39.97],[-47.14,39.48],[-47.68,39.08],[-48.05,38.81],[-48.54,38.58],[-49.1,38.46],[-49.8,38.69],[-50.71,39.1],[-51.56,39.24],[-52.27,39.25],[-52.47,39.25],[-52.74,39.1],[-53.12,38.92],[-53.27,38.85],[-53.38,38.8],[-53.48,38.73],[-53.57,38.67],[-53.85,38.51],[-54.19,38.29],[-54.32,38.18],[-54.53,38.04],[-54.69,37.96],[-54.81,37.86],[-55.01,37.74],[-55.23,37.61],[-55.37,37.49],[-55.74,37.43],[-56.08,37.55],[-56.4,37.67],[-56.88,37.82],[-57.16,37.74],[-57.41,37.69],[-57.73,37.69],[-58.08,37.67],[-58.43,37.67],[-58.67,37.66],[-58.95,37.68],[-59.23,37.74],[-59.59,37.81],[-59.8,37.86],[-60.15,37.71],[-60.32,37.66],[-60.77,37.67],[-61.57,37.55],[-62.22,37.27],[-62.8,36.79],[-63.12,36.14],[-63.51,35.63],[-63.67,35.34],[-63.69,34.92],[-63.67,34.51],[-63.74,33.95],[-64.23,33.46],[-64.69,32.97],[-65.16,32.54],[-65.53,32.17],[-66.16,31.65],[-66.52,31.19],[-67.36,30.98],[-68.25,30.74],[-69.15,30.47],[-69.55,30.13],[-69.86,29.78],[-69.5,29.45],[-69.46,29.24],[-69.68,28.8],[-69.53,28.29],[-69.36,27.38],[-69.28,27.07],[-69.25,26.64],[-69.26,26.57],[-69.26,26.57],[-69.73,26.62],[-70.48,26.78],[-71.21,27.1],[-71.7,27.65],[-72.21,28.04],[-72.83,28.37],[-73.38,28.77],[-73.56,29.29],[-74.33,29.64],[-74.91,30.04],[-75.5,30.43],[-75.5,30.43],[-74.88,30.62],[-74.55,30.66],[-74.27,31],[-73.87,31.44],[-73.49,31.8],[-73.11,32.14],[-73,32.35],[-72.62,32.49],[-72.27,32.62],[-71.69,32.83],[-70.96,33.04],[-70.24,33.25],[-69.64,33.73],[-69.15,34.22],[-69,35],[-68.87,35.63],[-68.15,36],[-67.27,36.61],[-66.88,36.94],[-66.33,37.45],[-65.78,37.95],[-65.48,38.41],[-65.31,38.86],[-64.8,39.05],[-64.64,39.16],[-64.33,39.16],[-63.95,39.09],[-63.58,39.1],[-63.01,39.27],[-62.69,39.31],[-62.47,39.32],[-62.08,39.6],[-61.68,39.88],[-61.08,40.02],[-60.64,40.35],[-60.41,40.92],[-60.09,41.01],[-59.59,40.89],[-58.92,41.16],[-58.3,41.19],[-57.31,41.25],[-56.27,41.39],[-55.6,41.53],[-54.57,41.65],[-53.89,41.94],[-52.97,42.31],[-52.17,42.55],[-51.43,42.66],[-50.58,42.76],[-50.13,42.76],[-49.5,42.63],[-48.63,42.52],[-47.86,42.53],[-47.22,42.53],[-46.55,42.49],[-45.86,42.43],[-45.03,42.33],[-44.09,42.09],[-43.23,41.85],[-42.24,41.64],[-41.82,41.5],[-41.64,41.26],[-41.36,41.15],[-41.21,40.99],[-41.08,40.88],[-40.89,40.67],[-40.59,40.45],[-40.69,40.35],[-40.9,40.27],[-41.3,40.32],[-41.3,40.12],[-41.19,39.88],[-40.75,40.01],[-40.68,40.02],[-40.53,39.97],[-40.59,39.75],[-40.68,39.34],[-40.36,39.23],[-40.36,39.23],[-40.8,39.05]]]}},{"type":"Feature","properties":{"ma":50,"type":"gpml:TopologicalNetwork","name":"Inactive Deforming Network","pid":701,"deforming":true},"geometry":{"type":"Polygon","coordinates":[[[-1.98,-2.17],[-2.78,-1.76],[-3.57,-1.36],[-3.57,-1.36],[-2.84,-0.91],[-2.41,-0.65],[-2.41,-0.65],[-2.12,-0.72],[-1.35,-0.95],[-0.93,-1.22],[-0.51,-1.5],[-0.17,-1.97],[0.18,-2.43],[0.45,-3.18],[0.45,-3.79],[0.44,-4.41],[0.19,-5.12],[-0.06,-5.82],[-0.31,-6.52],[-0.19,-7.03],[-0.08,-7.53],[0.1,-8.51],[0.07,-9.38],[0.13,-9.93],[0.19,-10.48],[0.48,-10.95],[0.77,-11.42],[1.36,-11.87],[1.79,-12.66],[1.99,-13.12],[2.19,-13.58],[2.31,-14.43],[2.39,-15.26],[2.62,-16.07],[2.99,-16.99],[3.24,-17.83],[3.23,-18.5],[3.12,-19.04],[3,-19.59],[2.56,-20.35],[2.2,-20.73],[1.84,-21.11],[1.28,-21.94],[1.05,-22.45],[0.82,-22.97],[0.59,-23.58],[0.35,-24.19],[0.19,-24.72],[0.03,-25.25],[0.16,-26.19],[0.35,-26.82],[0.55,-27.44],[0.7,-27.93],[0.86,-28.41],[1.1,-29.25],[1.54,-30.11],[1.67,-30.76],[1.81,-31.42],[1.99,-32.37],[2.06,-32.92],[2.13,-33.47],[2.23,-34.04],[2.34,-34.61],[2.46,-35.15],[2.58,-35.69],[3.08,-36.5],[3.63,-37.34],[3.91,-37.88],[4.2,-38.42],[4.38,-39.05],[4.56,-39.69],[4.72,-40.62],[4.89,-41.55],[5.14,-42.15],[5.4,-42.75],[5.93,-43.2],[6.47,-43.64],[7.06,-44.17],[7.65,-44.69],[8.48,-45.26],[8.48,-45.26],[7.79,-45.58],[7.1,-45.9],[7.1,-45.9],[6.58,-45.46],[6.06,-45.01],[6.07,-44.96],[5.38,-44.29],[5.04,-43.97],[4.51,-43.46],[4.06,-42.99],[3.69,-42.6],[3.17,-41.98],[2.94,-41.7],[2.47,-41.02],[1.95,-40.28],[1.7,-39.81],[1.42,-39.3],[1.23,-38.94],[1.17,-38.75],[0.97,-38.16],[0.79,-37.62],[0.75,-37.5],[0.62,-36.99],[0.49,-36.48],[0.47,-36.39],[0.32,-35.63],[0.31,-35.59],[0.21,-34.88],[0.19,-34.69],[0.15,-34.13],[0.13,-33.79],[0.08,-33.38],[0.02,-32.89],[-0.04,-32.62],[-0.18,-32],[-0.21,-31.86],[-0.36,-31.12],[-0.36,-31.08],[-0.35,-30.32],[-0.35,-30.21],[-0.39,-29.55],[-0.41,-29.31],[-0.51,-28.77],[-0.58,-28.41],[-0.62,-28.01],[-0.68,-27.51],[-0.69,-27.23],[-0.71,-26.61],[-0.71,-26.48],[-0.71,-25.91],[-0.71,-25.7],[-0.7,-25.6],[-0.68,-25.39],[-0.66,-25.2],[-0.63,-24.89],[-0.62,-24.79],[-0.55,-24.42],[-0.44,-23.91],[-0.43,-23.86],[-0.25,-23.34],[-0.15,-23.04],[0.05,-22.71],[0.32,-22.25],[0.5,-21.69],[0.6,-21.38],[0.63,-21.12],[0.71,-20.48],[0.72,-20.32],[0.78,-19.57],[0.75,-19.43],[0.58,-18.69],[0.56,-18.63],[0.25,-17.93],[0.22,-17.85],[-0.02,-17.18],[-0.08,-17],[-0.13,-16.36],[-0.15,-16.1],[-0.2,-15.54],[-0.22,-15.19],[-0.25,-14.75],[-0.28,-14.28],[-0.31,-13.92],[-0.35,-13.38],[-0.5,-13.13],[-0.81,-12.64],[-0.93,-12.54],[-1.49,-12.04],[-1.54,-11.97],[-1.96,-11.31],[-1.98,-11.28],[-2.14,-10.64],[-2.2,-10.41],[-2.1,-9.96],[-2,-9.53],[-1.93,-9.18],[-1.81,-8.65],[-1.81,-8.48],[-1.8,-7.88],[-1.8,-7.74],[-1.74,-7.58],[-1.54,-7.06],[-1.48,-6.91],[-0.84,-6.26],[-0.47,-5.47],[-0.15,-4.74],[-0.11,-4.64],[-0.14,-3.79],[-0.14,-3.75],[-0.62,-3.17],[-0.71,-3.07],[-1.26,-2.63],[-1.42,-2.51],[-1.97,-2.14],[-1.98,-2.17]]]}},{"type":"Feature","properties":{"ma":50,"type":"gpml:TopologicalNetwork","name":"Inactive Deforming Network","pid":201,"deforming":true},"geometry":{"type":"Polygon","coordinates":[[[-26.61,-8.85],[-26.41,-9.43],[-26.35,-9.61],[-26.19,-10.26],[-26.16,-10.39],[-26.02,-11.13],[-26.01,-11.15],[-25.89,-11.88],[-25.88,-11.94],[-26.04,-12.44],[-26.27,-12.97],[-26.41,-13.24],[-26.47,-13.36],[-27.12,-13.83],[-27.47,-13.99],[-27.85,-14.17],[-28.38,-14.77],[-28.51,-14.94],[-28.87,-15.41],[-29.08,-15.7],[-29.33,-16.07],[-29.63,-16.46],[-29.82,-16.71],[-30.16,-17.39],[-30.18,-17.42],[-30.03,-18.19],[-30,-18.27],[-29.77,-18.95],[-29.68,-19.09],[-29.33,-19.63],[-29.3,-19.92],[-29.23,-20.41],[-29.31,-20.75],[-29.4,-21.19],[-29.55,-21.61],[-29.67,-21.94],[-29.81,-22.47],[-29.87,-22.72],[-29.95,-23.33],[-29.98,-23.51],[-30.04,-24.22],[-30.05,-24.31],[-30.23,-25.08],[-30.24,-25.14],[-30.26,-25.88],[-30.27,-26.03],[-30.34,-26.68],[-30.41,-26.81],[-30.67,-27.38],[-30.95,-27.61],[-31.26,-27.87],[-31.42,-28.3],[-31.54,-28.62],[-31.82,-28.85],[-32.12,-29.1],[-32.81,-29.53],[-32.86,-29.57],[-33.46,-30.02],[-34.01,-30.34],[-34.16,-30.43],[-34.93,-30.71],[-35.74,-30.88],[-36.55,-31.04],[-36.8,-31.12],[-37.34,-31.29],[-37.97,-31.78],[-38.04,-31.89],[-38.4,-32.44],[-38.53,-32.7],[-38.76,-33.16],[-39.02,-33.53],[-39.23,-33.82],[-39.58,-34.25],[-39.74,-34.44],[-40.2,-34.96],[-40.28,-35.05],[-40.8,-35.68],[-40.82,-35.71],[-41.31,-36.31],[-41.38,-36.45],[-41.66,-37.03],[-41.77,-37.29],[-41.99,-37.76],[-42.18,-38.16],[-42.34,-38.49],[-42.63,-39.02],[-42.73,-39.19],[-43.13,-39.83],[-43.16,-39.87],[-43.61,-40.54],[-43.66,-40.62],[-44.06,-41.2],[-44.46,-41.79],[-44.56,-41.89],[-45,-42.37],[-45.28,-42.95],[-45.42,-43.12],[-45.69,-43.46],[-46.13,-43.95],[-46.52,-44.39],[-46.98,-44.86],[-47.44,-45.33],[-48.01,-46.02],[-48.26,-46.32],[-48.6,-47.01],[-48.82,-47.45],[-49.05,-48.01],[-49.3,-48.62],[-49.39,-49.02],[-49.58,-49.85],[-49.76,-50.41],[-49.95,-50.98],[-50.02,-51.41],[-50.02,-51.41],[-51.46,-51.22],[-51.46,-51.22],[-51.62,-50.5],[-51.63,-50.02],[-51.6,-49.51],[-51.57,-49.01],[-51.39,-48.32],[-51.2,-47.62],[-50.94,-46.92],[-50.6,-46.3],[-49.96,-45.41],[-49.39,-44.75],[-48.83,-44.09],[-48.29,-43.43],[-47.81,-42.75],[-47.41,-42.2],[-47.03,-41.66],[-46.71,-41.4],[-46.06,-40.82],[-45.42,-40.23],[-44.92,-39.74],[-44.42,-39.26],[-43.99,-38.46],[-43.66,-37.64],[-43.24,-36.81],[-42.78,-36.08],[-42.47,-35.48],[-41.96,-34.66],[-41.46,-33.87],[-41.11,-33.04],[-40.99,-32.87],[-40.51,-32.42],[-40.18,-31.48],[-40.24,-30.56],[-40.15,-30.03],[-40.06,-29.5],[-39.69,-29.06],[-39.33,-28.62],[-38.43,-28.03],[-37.87,-27.79],[-37.32,-27.54],[-36.49,-27.17],[-35.72,-27],[-34.96,-26.83],[-34.29,-26.63],[-33.63,-26.42],[-33.01,-25.81],[-32.8,-25.33],[-32.57,-24.86],[-32.16,-24.23],[-32.06,-23.61],[-31.98,-23.09],[-31.87,-22.64],[-31.63,-22.09],[-31.53,-21.52],[-31.34,-21.15],[-31.33,-20.73],[-31.2,-20.25],[-31.01,-19.75],[-30.96,-19.13],[-30.96,-18.49],[-30.84,-17.94],[-30.95,-17.35],[-30.92,-16.84],[-30.85,-16.49],[-30.61,-15.79],[-30.54,-15.3],[-30.54,-14.86],[-30.56,-14.33],[-30.61,-13.87],[-30.69,-13.43],[-30.62,-13.07],[-30.45,-12.79],[-30.24,-12.57],[-29.79,-12.27],[-29.62,-12.03],[-30.46,-12.1],[-31.31,-11.74],[-31.81,-11.45],[-32.14,-11.65],[-32.18,-12.08],[-32.56,-12.1],[-32.91,-11.84],[-33.12,-11.45],[-33,-11.16],[-32.62,-10.75],[-32.24,-10.33],[-31.63,-10.08],[-31.26,-9.71],[-30.93,-9.76],[-30.61,-9.24],[-30.24,-8.95],[-29.6,-8.76],[-29.25,-8.44],[-29.32,-8.07],[-29.54,-7.89],[-29.54,-7.89],[-28.87,-7.77],[-28.2,-7.65],[-28.2,-7.65],[-27.93,-7.77],[-27.5,-7.98],[-27.06,-8.42],[-26.61,-8.85]]]}},{"type":"Feature","properties":{"ma":50,"type":"gpml:TopologicalNetwork","name":"Inactive Deforming Network","pid":201,"deforming":true},"geometry":{"type":"Polygon","coordinates":[[[-41.6,0.31],[-41.47,0.18],[-40.81,-0.57],[-40.38,-0.93],[-40.05,-1.22],[-39.39,-1.97],[-39.08,-2.24],[-38.64,-2.62],[-37.79,-3.13],[-37.67,-3.19],[-36.95,-3.56],[-36.89,-3.58],[-36.55,-3.9],[-36.16,-4.25],[-36.07,-4.37],[-35.53,-5.03],[-35.21,-5.26],[-34.75,-5.6],[-33.75,-5.66],[-33.25,-5.66],[-32.75,-5.67],[-32.49,-5.7],[-31.76,-5.79],[-31.64,-5.84],[-31.14,-6.06],[-30.85,-6.19],[-30.48,-6.42],[-30,-6.73],[-29.66,-6.99],[-29.19,-7.2],[-28.72,-7.41],[-28.2,-7.65],[-28.2,-7.65],[-28.87,-7.77],[-29.54,-7.89],[-29.54,-7.89],[-29.58,-7.86],[-30.11,-7.73],[-30.67,-7.55],[-31.02,-7.39],[-31.02,-7.39],[-31.25,-7.3],[-31.83,-7.13],[-32.58,-7.01],[-33.26,-7.03],[-33.95,-7.04],[-34.83,-6.93],[-35.71,-6.81],[-36.63,-6.47],[-37.48,-6.03],[-38.36,-5.57],[-39.19,-5.23],[-39.74,-5.01],[-40.29,-4.79],[-40.8,-4.57],[-41.31,-4.34],[-41.88,-4.12],[-42.45,-3.9],[-42.8,-3.52],[-43.15,-3.14],[-43.37,-2.64],[-43.59,-2.14],[-43.7,-1.59],[-43.82,-1.03],[-44.08,-0.54],[-44.34,-0.04],[-45.03,0.68],[-45.56,1.26],[-45.94,1.76],[-46.32,2.26],[-46.69,2.92],[-46.81,3.85],[-46.86,4.54],[-47.11,4.93],[-47.24,5.04],[-47.24,5.04],[-47.23,5.25],[-47.06,5.53],[-46.48,5.49],[-45.95,4.9],[-45.24,4.63],[-44.92,4.54],[-44.92,4.54],[-44.86,4],[-44.79,3.45],[-44.71,2.9],[-44.35,2.2],[-43.66,1.73],[-42.98,1.26],[-42.29,0.78],[-41.6,0.31]]]}},{"type":"Feature","properties":{"ma":50,"type":"gpml:TopologicalNetwork","name":"Deforming Network","pid":714,"deforming":true},"geometry":{"type":"Polygon","coordinates":[[[-21.66,1.17],[-22.32,1.61],[-22.98,2.05],[-23.55,2.58],[-23.82,3.07],[-24.09,3.56],[-24.43,4.24],[-24.43,4.24],[-23.83,4.34],[-23.24,4.44],[-23.24,4.44],[-23,3.79],[-22.77,3.13],[-22.13,2.57],[-21.55,2.44],[-20.97,2.3],[-20.43,1.7],[-19.88,1.1],[-19.33,0.52],[-18.78,-0.05],[-18.15,-0.51],[-17.51,-0.96],[-16.81,-1.19],[-15.98,-1.1],[-15.15,-1.02],[-14.34,-1.01],[-13.53,-1],[-12.55,-1.12],[-11.92,-1.3],[-11.3,-1.48],[-10.52,-1.35],[-9.75,-1.21],[-9.01,-0.93],[-8.27,-0.64],[-7.77,-0.48],[-7.28,-0.31],[-6.33,-0.25],[-5.37,-0.19],[-4.58,-0.3],[-3.78,-0.4],[-2.99,-0.5],[-2.42,-0.65],[-2.42,-0.65],[-2.84,-0.91],[-3.57,-1.36],[-3.57,-1.36],[-3.95,-1.17],[-4.58,-1.06],[-5.21,-0.96],[-5.85,-0.99],[-6.63,-1.01],[-7.49,-1.2],[-8.03,-1.32],[-8.71,-1.55],[-9.39,-1.77],[-9.72,-1.88],[-10.23,-2.04],[-10.75,-2.21],[-10.86,-2.18],[-11.15,-2.12],[-11.48,-2.05],[-12.07,-1.91],[-12.44,-1.8],[-12.93,-1.65],[-13.43,-1.49],[-13.76,-1.52],[-14.3,-1.57],[-14.84,-1.61],[-15.44,-1.71],[-16.05,-1.8],[-16.25,-1.83],[-16.96,-1.85],[-17.67,-1.87],[-17.75,-1.83],[-18.44,-1.52],[-18.97,-1.29],[-19.17,-1.09],[-19.75,-0.51],[-19.98,-0.28],[-20.29,0.02],[-20.9,0.62],[-21.01,0.72],[-21.66,1.17]]]}},{"type":"Feature","properties":{"ma":50,"type":"gpml:TopologicalNetwork","name":"Inactive_Southern_Central_Atlantic_Mesh","pid":714,"deforming":true},"geometry":{"type":"Polygon","coordinates":[[[-23.88,8.44],[-23.94,8.19],[-23.87,7.94],[-24.03,7.48],[-24.06,7.02],[-23.8,6.26],[-23.5,5.4],[-23.17,4.9],[-22.58,4.55],[-21.98,4.19],[-21.4,3.46],[-21.1,2.79],[-20.61,2.06],[-20.62,1.92],[-20.62,1.92],[-20.97,2.3],[-21.55,2.44],[-22.13,2.57],[-22.77,3.13],[-23.01,3.8],[-23.24,4.46],[-23.24,4.46],[-23.28,4.46],[-23.81,4.37],[-24.14,4.29],[-24.42,4.31],[-25.17,4.23],[-25.79,4.6],[-26.33,5.02],[-26.27,5.66],[-26.19,6.21],[-25.78,6.73],[-25.78,6.73],[-25.75,6.99],[-25.69,7.29],[-25.66,7.54],[-25.6,7.79],[-25.71,8.02],[-25.65,8.37],[-25.56,8.69],[-25.56,8.69],[-24.71,8.62],[-23.85,8.55],[-23.88,8.44]]]}},{"type":"Feature","properties":{"ma":50,"type":"gpml:TopologicalNetwork","name":"Inactive_Rockall_DFM","pid":102,"deforming":true},"geometry":{"type":"Polygon","coordinates":[[[-31.23,73.49],[-31.25,73.11],[-31.27,72.73],[-31.58,72.42],[-31.99,71.94],[-31.95,71.48],[-31.29,71.1],[-30.98,70.51],[-30.52,69.86],[-30.27,69.08],[-30.23,68.46],[-30.33,67.81],[-30.92,67.19],[-31.41,66.58],[-31.49,65.98],[-31.27,65.26],[-31.59,64.81],[-31.72,64.4],[-31.77,63.75],[-31.78,62.94],[-32.18,62.48],[-32.33,61.82],[-32.57,61.27],[-32.88,60.62],[-33.48,60.25],[-33.78,59.79],[-34.09,59.08],[-34.39,58.53],[-34.39,57.85],[-34.33,57.34],[-33.9,56.53],[-33.32,56],[-32.77,55.36],[-32.1,54.9],[-31.77,54.43],[-31.74,54.07],[-31.47,53.78],[-31.3,53.28],[-31.05,52.89],[-31.05,52.89],[-31.3,52.64],[-31.3,52.64],[-31.34,52.64],[-32.03,52.82],[-32.64,53.16],[-32.99,53.06],[-33.42,53.06],[-34.01,53.11],[-34.91,53.27],[-35.58,53.47],[-35.95,53.85],[-36.43,54.23],[-36.89,54.68],[-37.35,55.09],[-37.89,55.56],[-38.39,56.02],[-39.12,56.55],[-39.72,57.06],[-40.32,57.53],[-40.8,57.65],[-42.46,58.07],[-42.46,58.07],[-42.48,58.08],[-42.54,58.22],[-42.58,58.32],[-42.63,58.45],[-42.64,58.59],[-42.64,58.71],[-42.65,59.01],[-42.4,59.18],[-42.18,59.33],[-42.05,59.66],[-41.61,60.06],[-41.4,60.37],[-40.95,60.79],[-40.77,61.03],[-40.22,61.12],[-39.78,61.36],[-39.57,61.73],[-39.24,62.1],[-38.58,62.62],[-38.19,63.05],[-37.8,63.37],[-37.41,63.68],[-37.38,63.97],[-37.49,64.44],[-37.55,64.95],[-37.59,65.14],[-37.59,65.14],[-37.61,65.26],[-37.57,65.52],[-37.64,65.85],[-37.68,66.3],[-37.93,66.74],[-38.08,67.04],[-38.14,67.38],[-38.22,67.76],[-38.42,68.35],[-38.55,68.8],[-38.6,69.14],[-38.83,69.58],[-39.21,70.13],[-40.16,70.58],[-40.98,70.78],[-41.58,71.14],[-41.88,71.43],[-42.12,71.58],[-42.41,71.75],[-42.65,71.92],[-42.46,72.14],[-42.68,72.45],[-42.36,72.78],[-42.35,72.8],[-42.35,72.8],[-42.33,72.8],[-41.82,72.78],[-41.22,72.76],[-40.8,73.03],[-40.41,73.28],[-40.06,73.49],[-39.12,73.54],[-37.86,73.59],[-37.21,73.78],[-36.37,74.02],[-35.08,74.03],[-33.48,74.03],[-32.69,73.94],[-31.68,73.82],[-31.56,73.81],[-31.23,73.49]]]}},{"type":"Feature","properties":{"ma":50,"type":"gpml:TopologicalNetwork","name":"Inactive_Rockall_DFM","pid":101,"deforming":true},"geometry":{"type":"Polygon","coordinates":[[[-50.09,70.48],[-49.25,70.64],[-48.52,70.78],[-48.14,70.84],[-47.76,70.85],[-47.16,70.85],[-46.69,70.84],[-46.69,70.84],[-46.41,70.34],[-45.77,69.83],[-44.75,69.36],[-43.84,68.87],[-42.8,68.15],[-42.58,67.94],[-42.58,67.94],[-42.58,67.9],[-42.24,67.6],[-41.83,67.23],[-41.39,66.64],[-41.21,66.27],[-40.94,65.67],[-40.75,65.03],[-40.4,64.14],[-40.22,63.64],[-40.3,62.86],[-40.49,62.43],[-40.5,62.53],[-40.71,62.19],[-41.49,61.59],[-42,61.05],[-42.59,60.62],[-43.16,60.04],[-43.57,59.47],[-43.59,58.96],[-43.69,58.89],[-43.69,58.89],[-44.06,58.63],[-44.51,58.13],[-44.58,57.53],[-44.64,56.91],[-44.54,56.63],[-44.46,56.4],[-44.39,56.2],[-44.24,55.98],[-44.1,55.75],[-44.09,55.74],[-43.92,55.63],[-43.74,55.48],[-43.45,55.25],[-43.17,55],[-42.92,54.74],[-42.55,54.41],[-42.28,54.03],[-42,53.62],[-41.71,53.38],[-41.49,53.16],[-41.31,52.94],[-41.04,52.62],[-40.63,52.27],[-40.45,52.1],[-40.26,51.95],[-39.8,51.74],[-39.62,51.59],[-39.51,51.37],[-39.35,51.15],[-39.1,50.87],[-38.98,50.74],[-38.8,50.5],[-38.21,50.15],[-37.63,49.79],[-37.63,49.79],[-37.71,49.4],[-37.52,48.95],[-37.36,48.48],[-37.31,48.2],[-37.06,47.98],[-36.88,47.73],[-36.74,47.42],[-36.68,47.28],[-36.57,47.16],[-36.57,47.16],[-37.28,47.16],[-38.41,47.15],[-38.41,47.15],[-38.74,47.42],[-39.52,47.96],[-40.31,48.35],[-41.31,48.76],[-41.83,49.13],[-42.26,49.52],[-42.73,49.82],[-43.17,50.17],[-43.61,50.47],[-44.08,50.84],[-44.35,51.14],[-44.76,51.44],[-45.38,52.11],[-45.78,52.87],[-46.09,53.45],[-46.27,53.77],[-46.49,54.16],[-46.84,54.63],[-47.21,55.24],[-47.43,55.71],[-47.73,55.91],[-48.1,56.16],[-48.38,56.51],[-48.76,57.12],[-48.84,57.75],[-48.86,58.25],[-48.5,58.76],[-48.43,59.22],[-48.1,59.91],[-47.84,60.42],[-47.68,60.83],[-47.2,61.21],[-46.85,61.5],[-46.4,62.06],[-46.21,62.58],[-45.9,62.98],[-45.57,63.37],[-45.72,63.96],[-45.88,64.33],[-46.3,64.59],[-46.6,64.86],[-46.76,65.2],[-46.66,65.55],[-46.67,65.97],[-46.71,66.43],[-47.01,66.85],[-47.35,67.31],[-47.81,67.71],[-48.21,68.11],[-49.19,68.54],[-49.85,68.91],[-50.52,69.49],[-51.09,69.76],[-51.27,70.11],[-50.09,70.48]]]}},{"type":"Feature","properties":{"ma":50,"type":"gpml:TopologicalNetwork","name":"Inactive_Rockall_DFM","pid":102,"deforming":true},"geometry":{"type":"Polygon","coordinates":[[[-31.05,52.89],[-30.38,53.54],[-29.99,53.82],[-29.81,54.16],[-29.39,54.57],[-29.06,54.98],[-28.76,55.29],[-28.64,55.72],[-28.18,55.97],[-27.54,56.29],[-26.85,56.67],[-26.26,56.98],[-25.77,57.37],[-25.26,57.65],[-24.81,57.8],[-24.42,57.86],[-24.01,58.1],[-23.61,58.3],[-23.02,58.48],[-22.6,58.71],[-22.07,58.85],[-21.66,58.93],[-21.05,59.12],[-20.5,59.35],[-19.92,59.69],[-19.24,59.81],[-18.68,59.94],[-18.06,60.03],[-17.41,60.2],[-17.07,60.36],[-16.31,60.47],[-15.59,60.63],[-14.89,60.7],[-14.29,60.84],[-13.73,61.01],[-13.06,61.29],[-12.41,61.5],[-11.99,61.74],[-11.83,62.12],[-11.81,62.33],[-11.96,62.59],[-12.02,62.9],[-12.13,63.12],[-11.69,63.36],[-11.49,63.65],[-11.07,63.95],[-10.73,64.34],[-10.43,64.65],[-10.11,64.99],[-9.93,65.31],[-9.54,65.61],[-8.89,65.83],[-8.35,66.08],[-7.68,66.29],[-7.29,66.53],[-6.6,66.61],[-5.93,66.88],[-5.73,67.14],[-5.3,67.5],[-4.9,67.9],[-4.4,68.24],[-3.9,68.62],[-3.19,69.05],[-2.55,69.45],[-2.24,69.75],[-2.06,69.88],[-2.06,69.88],[-0.6,69.57],[0.66,69.15],[1.81,68.78],[2.62,68.49],[2.65,68.48],[2.65,68.48],[3.31,67.8],[3.31,67.8],[3.38,67.28],[2.78,67.11],[1.21,66.9],[-0.33,66.67],[-0.76,66.54],[-1.56,66.36],[-2.52,66.19],[-3.49,65.85],[-4.35,65.6],[-4.66,65.52],[-5.19,65.43],[-5.83,65.36],[-6.28,65.36],[-6.92,65.34],[-7.59,65.21],[-8.77,64.77],[-9.1,64.5],[-9.21,64.37],[-9.37,63.98],[-9.06,63.63],[-9.12,63.45],[-9.31,63.13],[-9.5,62.79],[-9.58,62.64],[-10.06,62.27],[-10.44,61.85],[-10.78,61.62],[-11.23,61.39],[-12.09,60.99],[-12.42,60.86],[-12.97,60.68],[-13.64,60.47],[-13.96,60.37],[-14.26,60.31],[-14.83,60.18],[-15.58,60.04],[-16.58,59.91],[-17.25,59.76],[-17.64,59.72],[-18.05,59.6],[-18.91,59.13],[-19.98,58.73],[-21.39,58.27],[-22.26,57.81],[-22.77,57.43],[-23.26,57.16],[-23.84,56.93],[-24.65,56.6],[-26.06,56.15],[-26.98,55.31],[-27.86,54.47],[-28.39,53.85],[-28.96,53.27],[-29.84,52.75],[-30.18,52.57],[-30.77,52.54],[-30.77,52.54],[-30.95,52.73],[-31.05,52.89]]]}},{"type":"Feature","properties":{"ma":50,"type":"gpml:TopologicalNetwork","name":"Inactive_Rockall_DFM","pid":301,"deforming":true},"geometry":{"type":"Polygon","coordinates":[[[5.17,66.04],[5.17,66.03],[4.85,65.82],[4.15,65.55],[3.49,65.31],[2.49,64.86],[1.64,64.52],[0.82,64.21],[0.58,63.93],[0.42,63.66],[0.07,63.34],[-0.29,62.98],[-1.08,62.6],[-1.86,62.37],[-2.52,62.13],[-3.44,61.85],[-3.74,61.58],[-3.9,61.23],[-3.75,60.96],[-3.65,60.51],[-3.87,60.26],[-4.2,59.71],[-4.65,59.47],[-5.14,59.13],[-5.75,58.78],[-5.97,58.47],[-6.44,58.23],[-7.02,57.88],[-7.62,57.71],[-8.52,57.64],[-9.32,57.49],[-10.03,57.26],[-10.5,57.07],[-10.97,56.71],[-11.44,56.45],[-11.75,56.33],[-12.19,56.31],[-12.67,56.17],[-12.98,56.01],[-13.53,55.96],[-14.11,55.83],[-14.78,55.69],[-15.14,55.51],[-15.75,55.36],[-16.56,55.26],[-17.31,55.21],[-18.11,55.16],[-18.86,55.01],[-19.29,54.9],[-19.78,54.68],[-20.23,54.3],[-20.29,54.12],[-20.31,53.86],[-20.73,53.63],[-21.06,53.27],[-21.17,53.01],[-21.24,52.62],[-21.4,52.35],[-21.71,52.06],[-21.91,51.88],[-22.45,51.77],[-22.8,51.56],[-23.04,51.38],[-23.19,51.05],[-23.39,50.72],[-23.58,50.37],[-23.81,49.92],[-23.96,49.56],[-24.37,49.25],[-25.03,48.69],[-25.67,48.13],[-25.67,48.13],[-25.78,48.2],[-25.95,48.31],[-26.08,48.57],[-26.2,48.81],[-26.38,49.15],[-26.48,49.35],[-26.78,49.5],[-27.02,49.76],[-27.14,49.97],[-27.17,50.15],[-27.18,50.34],[-27.19,50.52],[-27.28,50.63],[-27.28,50.63],[-26.87,50.97],[-26.6,51.18],[-26.26,51.44],[-25.81,51.95],[-25.33,52.26],[-25.08,52.55],[-24.73,52.76],[-24.18,53.24],[-23.51,54.02],[-23.2,54.31],[-23.04,54.45],[-22.51,54.72],[-22.02,54.99],[-21.43,55.02],[-20.94,55.06],[-20.42,55.12],[-19.71,55.5],[-18.9,55.63],[-18.29,56.13],[-17.92,56.39],[-16.88,56.76],[-15.81,57.11],[-15.13,57.43],[-14.49,57.68],[-13.78,57.87],[-12.84,57.96],[-11.44,58.1],[-10.62,58.22],[-9.89,58.42],[-8.96,58.65],[-8.02,58.88],[-6.23,59.23],[-6.12,59.42],[-6.4,59.77],[-6.6,60.01],[-5.76,60.44],[-5.1,60.72],[-5.07,60.91],[-5.44,61.05],[-5.91,61.35],[-6.35,61.61],[-6.6,61.84],[-6.52,62.08],[-6.46,62.6],[-5.99,62.86],[-4.97,63.1],[-4.71,63.18],[-4.36,63.28],[-2.53,63.72],[-0.9,64.36],[-0.04,64.39],[0.6,64.59],[1.73,65.08],[2.72,65.34],[3.21,65.58],[3.79,65.7],[4.24,65.87],[5.17,66.04]]]}},{"type":"Feature","properties":{"ma":50,"type":"gpml:TopologicalNetwork","name":"Inactive_mesh","pid":702,"deforming":true},"geometry":{"type":"Polygon","coordinates":[[[40.65,-25.32],[40.62,-25.35],[40.61,-25.54],[40.33,-26.28],[40.01,-26.41],[40,-26.5],[40.05,-26.65],[39.98,-26.8],[39.77,-27.25],[39.77,-27.47],[39.6,-27.88],[39.31,-28.45],[39.27,-28.66],[39.23,-29.09],[38.88,-29.55],[38.78,-29.74],[38.81,-30.03],[38.8,-30.21],[38.7,-30.37],[38.69,-30.53],[38.57,-30.95],[38.55,-31.29],[38.55,-31.29],[38.49,-31.32],[38.26,-31.64],[38.18,-31.95],[38.16,-32.39],[37.95,-32.69],[37.9,-33.02],[37.78,-33.32],[37.77,-33.48],[37.86,-33.67],[37.75,-33.87],[37.49,-34.49],[37.11,-34.67],[36.49,-34.64],[36.49,-34.64],[36.88,-33.89],[37.26,-33.14],[37.63,-32.39],[37.78,-31.74],[37.94,-31.08],[38.09,-30.43],[38.35,-29.69],[38.61,-28.95],[38.86,-28.22],[39.02,-27.55],[39.19,-26.87],[39.35,-26.2],[39.55,-25.54],[39.76,-24.88],[39.96,-24.22],[40.11,-23.3],[40.26,-22.38],[40.26,-22.38],[40.31,-22.4],[40.29,-22.78],[40.43,-22.98],[40.44,-23.21],[40.52,-23.42],[40.42,-24.21],[40.84,-24.5],[40.73,-24.78],[40.65,-25.32]]]}},{"type":"Feature","properties":{"ma":50,"type":"gpml:TopologicalNetwork","name":"Inactive_mesh","pid":501,"deforming":true},"geometry":{"type":"Polygon","coordinates":[[[58.42,-14.05],[57.84,-13.73],[57.18,-14],[56.67,-13.88],[56.59,-13.33],[56.51,-12.78],[56.86,-12.25],[56.9,-11.75],[56.9,-11.75],[56.92,-11.19],[57.18,-10.95],[57.47,-10.33],[57.34,-9.83],[57.18,-9.3],[57.02,-8.77],[56.82,-7.94],[56.66,-7.06],[56.76,-6.62],[56.68,-5.76],[56.69,-5.29],[56.56,-4.42],[56.41,-3.76],[56.31,-3.49],[56.22,-3.22],[56.07,-2.81],[55.69,-2.34],[55.29,-1.75],[55.12,-1.26],[54.96,-0.78],[54.85,-0.08],[54.72,0.64],[54.5,1.36],[54.14,1.85],[53.73,2.71],[53.5,3.21],[53.28,3.7],[53.08,4.29],[52.78,4.58],[52.62,5.18],[52.62,5.18],[53.47,5.38],[53.84,5.47],[53.84,5.47],[53.97,4.85],[54.26,4.21],[54.54,3.57],[54.77,2.93],[54.99,2.28],[55.21,1.64],[55.49,0.98],[55.77,0.31],[56.05,-0.36],[56.29,-1.1],[56.54,-1.83],[56.79,-2.57],[57.01,-3.46],[57.22,-4.35],[57.44,-5.24],[57.56,-5.92],[57.68,-6.6],[57.81,-7.27],[57.97,-8.07],[58.14,-8.87],[58.31,-9.67],[58.48,-10.46],[58.69,-11.34],[58.9,-12.22],[59.11,-13.1],[59.3,-13.7],[59.3,-13.7],[58.68,-14.07],[58.42,-14.05]]]}},{"type":"Feature","properties":{"ma":50,"type":"gpml:TopologicalNetwork","name":"Inactive_Mesozoic Southern South America Deformation","pid":201,"deforming":true},"geometry":{"type":"Polygon","coordinates":[[[-50.35,-51.37],[-49.23,-51.51],[-49.23,-51.51],[-49.24,-51.64],[-49,-51.76],[-48.77,-51.74],[-48.19,-51.92],[-47.29,-52.2],[-46.37,-52.48],[-45.41,-52.75],[-44.45,-53.02],[-43.85,-53.1],[-43.66,-53.16],[-42.57,-53.33],[-41.32,-53.4],[-39.99,-53.38],[-39.58,-53.43],[-38.24,-53.42],[-36.9,-53.4],[-36.68,-53.43],[-35.62,-53.38],[-34.5,-53.3],[-33.54,-53.24],[-32.57,-53.17],[-32.34,-53.14],[-31.48,-53.1],[-29.96,-53.01],[-29.78,-52.98],[-29.73,-52.99],[-29.09,-53.31],[-29.09,-53.31],[-29.56,-53.85],[-30.34,-54.36],[-31.13,-54.87],[-32.02,-55.61],[-32.02,-55.61],[-32.16,-55.69],[-32.31,-55.75],[-33.23,-55.92],[-33.8,-56.19],[-34.23,-56.29],[-34.31,-56.36],[-34.31,-56.36],[-35.34,-56.28],[-36.36,-56.19],[-37.9,-56.05],[-39.46,-56.15],[-41.02,-56.22],[-42.23,-56.26],[-43.44,-56.3],[-44.63,-56.45],[-45.84,-56.59],[-47.57,-56.89],[-49.34,-57.17],[-50.41,-57.17],[-51.47,-57.16],[-52.56,-57.24],[-53.49,-57.38],[-54.66,-57.7],[-55.71,-57.99],[-56.62,-58.11],[-57.55,-58.22],[-59.22,-58.25],[-60.88,-58.26],[-62.55,-58.25],[-64.1,-57.81],[-65.6,-57.35],[-67.07,-56.87],[-68.05,-56.47],[-69,-56.07],[-69.94,-55.65],[-69.94,-55.65],[-69.99,-55.38],[-70.06,-55.01],[-70.14,-54.74],[-70.2,-54.43],[-70.24,-54.15],[-70.28,-54],[-70.39,-53.78],[-70.35,-53.27],[-70.29,-52.77],[-70.26,-52.48],[-70.06,-52.17],[-69.87,-51.78],[-69.58,-51.45],[-69.22,-51.04],[-69.11,-50.66],[-69.15,-50.29],[-69.08,-50.04],[-69.09,-49.65],[-69.06,-49.33],[-69.06,-49.24],[-69.06,-49.08],[-69.03,-48.71],[-68.98,-48.35],[-68.88,-48.11],[-68.77,-47.79],[-68.65,-47.44],[-68.54,-46.84],[-68.4,-46.36],[-68.31,-45.83],[-68.22,-45.42],[-68.15,-44.98],[-68.15,-44.62],[-68.11,-44.27],[-68.1,-43.88],[-68.05,-43.59],[-67.98,-43.23],[-67.78,-42.93],[-67.56,-42.34],[-67.56,-42.34],[-67.53,-41.86],[-67.41,-41.42],[-67.13,-40.7],[-66.85,-39.98],[-66.71,-39.08],[-66.58,-38.19],[-66.44,-37.29],[-66.31,-36.4],[-66.18,-35.5],[-66.18,-35.5],[-65.27,-35.7],[-64.36,-35.89],[-63.45,-36.07],[-62.33,-36.36],[-61.2,-36.64],[-60.32,-36.87],[-59.44,-37.1],[-58.5,-37.32],[-57.56,-37.53],[-56.35,-37.65],[-55.13,-37.75],[-54.12,-38.05],[-53.1,-38.34],[-52.33,-38.43],[-51.57,-38.52],[-50.6,-38.53],[-49.62,-38.54],[-48.97,-38.45],[-48.32,-38.36],[-47.48,-38.66],[-47.22,-39.16],[-46.59,-39.81],[-45.83,-40.07],[-45.3,-40.11],[-45.3,-40.11],[-45.42,-40.23],[-46.06,-40.82],[-46.71,-41.4],[-47.03,-41.66],[-47.41,-42.2],[-47.81,-42.75],[-48.29,-43.43],[-48.83,-44.09],[-49.39,-44.75],[-49.96,-45.41],[-50.6,-46.3],[-50.94,-46.92],[-51.2,-47.62],[-51.39,-48.32],[-51.57,-49.01],[-51.6,-49.51],[-51.63,-50.02],[-51.62,-50.5],[-51.46,-51.22],[-50.35,-51.37]]]}},{"type":"Feature","properties":{"ma":50,"type":"gpml:TopologicalNetwork","name":"Inactive_Mesozoic Africa Basins","pid":701,"deforming":true},"geometry":{"type":"Polygon","coordinates":[[[6.28,26.2],[7.27,25.87],[8.26,25.52],[9.24,25.17],[10.21,24.82],[11.18,24.46],[12.14,24.09],[13.1,23.71],[13.1,23.71],[12.74,23.18],[12.67,22.45],[12.59,21.72],[12.52,20.99],[12.84,20.42],[13.17,19.85],[13.6,19.5],[14.04,19.14],[13.94,18.42],[13.84,17.69],[13.74,16.96],[13.11,16.65],[12.49,16.34],[11.65,16.31],[10.94,15.95],[10.22,15.59],[9.2,15.62],[8.19,15.65],[7.16,15.5],[6.45,15.16],[5.73,14.82],[5.11,14.8],[4.48,14.77],[3.87,14.44],[3.27,14.11],[3.51,13.51],[3.75,12.9],[3.88,12.32],[4.01,11.73],[4.37,11.25],[4.23,10.35],[4.51,9.69],[4.78,9.02],[5.03,8.52],[5.28,8.02],[5.53,7.45],[5.78,6.88],[5.85,6.39],[5.93,5.89],[5.61,5.23],[5.09,4.59],[5.09,4.59],[5.32,4.14],[5.49,3.86],[6.29,3.56],[6.5,3.14],[6.45,2.89],[6.73,2.39],[7.21,2.01],[7.71,2.08],[8.16,1.81],[8.6,1.55],[9.01,1.23],[9.42,0.92],[9.94,1.04],[10.46,1.16],[11.34,1.4],[12.22,1.65],[13.03,1.69],[13.83,1.73],[14.34,1.96],[14.85,2.18],[15.7,2.33],[16.55,2.48],[16.98,2.78],[17.4,3.08],[18.12,2.99],[18.96,3.42],[19.36,2.94],[19.95,2.21],[20.32,1.74],[20.69,1.26],[20.92,0.59],[21.15,-0.09],[21.38,-0.77],[21.81,-1.61],[22.21,-1.96],[22.62,-2.31],[23.18,-2.08],[23.56,-1.67],[23.23,-0.93],[22.84,-0.42],[22.44,0.1],[22.51,0.66],[22.58,1.23],[22.83,1.76],[23.08,2.29],[23.37,2.57],[23.73,2.44],[24.02,1.59],[24.31,0.75],[24.47,0.03],[24.64,-0.68],[24.65,-1.23],[24.66,-1.79],[24.38,-2.19],[24.45,-3.05],[24.98,-3.85],[25.67,-3.88],[26.36,-3.91],[26.95,-4.1],[27.61,-3.59],[28.26,-3.07],[28.39,-2.47],[28.52,-1.86],[29.02,-1.31],[29.52,-0.77],[29.9,-0.39],[30.27,-0.02],[31,0.37],[31.73,0.76],[32.45,1.15],[33.18,1.54],[34.14,1.79],[35.1,2.05],[36.07,2.3],[36.89,2.51],[37.7,2.73],[38.52,2.94],[39.33,3.14],[40.13,3.35],[40.93,3.56],[41.59,3.7],[42.26,3.85],[42.92,3.99],[43.68,4.14],[44.45,4.29],[45.21,4.43],[45.21,4.43],[45.01,3.73],[44.92,3.63],[44.92,3.63],[44.92,3.63],[44.16,3.44],[43.41,3.25],[42.66,3.05],[41.91,2.85],[41.1,2.57],[40.29,2.29],[39.48,2.01],[38.6,1.77],[37.73,1.53],[36.86,1.29],[35.99,1.09],[35.11,0.89],[34.23,0.68],[33.46,0.45],[32.68,0.22],[31.9,-0.01],[31.42,-0.45],[30.93,-0.89],[30.35,-1.45],[29.77,-2.01],[29.22,-2.75],[28.68,-3.49],[28.13,-4.24],[27.4,-4.56],[26.66,-4.88],[25.82,-4.67],[24.99,-4.46],[24.15,-4.25],[23.49,-4.12],[22.83,-3.98],[22.18,-3.85],[21.42,-3.3],[20.66,-2.75],[20.48,-1.85],[20.01,-1.65],[19.54,-1.46],[19.24,-0.84],[18.54,-0.26],[17.84,0.32],[17.14,0.9],[16.44,1.48],[15.59,1.53],[14.74,1.57],[14.01,1.3],[13.27,1.02],[12.54,0.74],[11.59,0.53],[10.65,0.32],[9.7,0.11],[9.05,-0.02],[8.39,-0.15],[7.6,-0.37],[6.8,-0.6],[6.24,-0.95],[5.68,-1.31],[4.93,-1.49],[4.17,-1.66],[3.47,-1.71],[2.77,-1.75],[1.98,-2.17],[1.18,-2.58],[0.39,-2.99],[0.39,-2.99],[0.18,-2.43],[-0.17,-1.97],[-0.51,-1.5],[-0.93,-1.22],[-1.35,-0.95],[-2.12,-0.72],[-2.41,-0.65],[-2.41,-0.65],[-2.24,-0.54],[-2.03,-0.44],[-2.03,-0.44],[-2.37,0.21],[-2.59,0.86],[-3.23,1.5],[-3.76,1.89],[-4.07,2.58],[-4.37,3.28],[-4.93,3.72],[-5.48,4.1],[-5.4,4.52],[-5.5,5.18],[-5.79,5.67],[-5.96,6.29],[-6.13,6.9],[-6.28,7.82],[-6.56,8.58],[-7.25,8.86],[-7.88,9.14],[-8.18,9.56],[-8.35,10.04],[-8.51,10.51],[-8.66,11.23],[-8.42,11.89],[-7.7,12.29],[-7.56,11.74],[-7.41,11.2],[-6.95,10.33],[-6.25,10.06],[-5.58,10.31],[-5.34,10.93],[-5.1,11.55],[-4.53,11.92],[-3.95,12.29],[-3.03,12.49],[-2.1,12.68],[-1.7,13.01],[-1.3,13.35],[-0.76,13.91],[-0.13,13.54],[0.5,13.17],[1.06,13.12],[1.63,13.07],[1.9,13.55],[2.17,14.03],[2.52,14.69],[2.87,15.35],[3.06,16.29],[3.26,17.22],[3.38,18.07],[3.51,18.91],[3.64,19.66],[3.78,20.41],[4.2,21.08],[4.63,21.76],[5.14,22.37],[5.66,22.99],[5.59,23.8],[5.53,24.61],[5.41,25.57],[5.29,26.53],[6.28,26.2]]]}},{"type":"Feature","properties":{"ma":50,"type":"gpml:TopologicalNetwork","name":"Inactive_ant_Zealandia_deformation_network","pid":813,"deforming":true},"geometry":{"type":"MultiPolygon","coordinates":[[[[180,-59.72],[180,-60.58],[180,-61.45],[180,-62.32],[180,-63.19],[178.79,-63.15],[177.91,-62.82],[177.91,-62.82],[178.56,-62.1],[179.19,-61.35],[179.8,-60.6],[179.9,-59.73],[180,-58.85],[180,-59.72]]],[[[-180,-62.32],[-180,-61.45],[-180,-60.58],[-180,-59.72],[-180,-58.85],[-179.99,-58.76],[-179.52,-58.09],[-179.01,-57.33],[-178.28,-56.69],[-177.57,-56.04],[-176.42,-55.33],[-175.3,-54.61],[-174.41,-54.05],[-173.54,-53.49],[-172.7,-52.93],[-172.09,-52.29],[-172.16,-51.94],[-171.44,-51.83],[-170.1,-51.6],[-168.85,-51.37],[-168.01,-51.23],[-167.17,-51.09],[-166.79,-51.02],[-166.25,-50.93],[-165.65,-50.81],[-164.91,-50.67],[-163.83,-50.6],[-162.76,-50.51],[-162.14,-50.15],[-161.53,-49.79],[-160.61,-49.79],[-159.7,-49.79],[-158.61,-50.04],[-157.5,-50.29],[-156.16,-50.55],[-154.81,-50.8],[-153.56,-51.01],[-152.3,-51.21],[-151.03,-51.4],[-149.75,-51.57],[-148.67,-51.78],[-147.57,-51.98],[-146.47,-52.17],[-146.35,-52.48],[-146.35,-52.48],[-147.62,-52.76],[-148.9,-53.02],[-150.2,-53.26],[-151.52,-53.49],[-152.82,-53.89],[-154.15,-54.28],[-155.33,-54.36],[-156.51,-54.44],[-157.98,-54.51],[-159.46,-54.56],[-160.95,-54.6],[-161.78,-54.79],[-162.61,-54.98],[-162.05,-55.37],[-161.47,-55.75],[-160.74,-55.96],[-159.92,-56.57],[-159.81,-57.31],[-160.59,-57.9],[-161.39,-58.48],[-162.79,-58.77],[-164.2,-59.05],[-165.63,-59.3],[-166.6,-59.66],[-167.58,-60.02],[-168.25,-60.42],[-168.93,-60.81],[-169.84,-61.37],[-170.78,-61.92],[-170.78,-61.92],[-172.52,-62.28],[-174.3,-62.61],[-176.12,-62.93],[-177.8,-63.07],[-179.5,-63.2],[-180,-63.19],[-180,-62.32]]]]}},{"type":"Feature","properties":{"ma":50,"type":"gpml:TopologicalNetwork","name":"Inactive_mesh_yucatan","pid":2004,"deforming":true},"geometry":{"type":"Polygon","coordinates":[[[-75.63,24.02],[-75.58,23.75],[-75.57,23.24],[-75.55,22.72],[-75.96,21.9],[-76.4,21.47],[-76.84,21.03],[-77.18,20.54],[-77.71,20.03],[-78.31,19.44],[-78.76,18.75],[-79.21,17.98],[-79.4,17.46],[-79.94,16.93],[-80.48,16.4],[-80.96,16.02],[-81.46,15.64],[-81.91,15.69],[-82.28,15.9],[-82.82,16.34],[-83.58,16.41],[-84.18,16.8],[-84.91,17.07],[-85.5,17.45],[-86.24,17.97],[-86.72,18.46],[-86.99,18.98],[-86.94,19.41],[-87.08,19.71],[-86.93,20.1],[-86.85,20.67],[-86.7,21.65],[-86.28,22.12],[-85.78,22.21],[-85.78,22.21],[-85.64,22.39],[-85.22,22.93],[-84.95,23.23],[-84.6,23.48],[-84.44,23.91],[-83.85,24.25],[-83.53,24.73],[-83.2,24.96],[-82.81,25.17],[-82.35,25.48],[-81.95,25.59],[-81.32,25.68],[-80.69,25.69],[-79.82,25.67],[-79.42,25.75],[-79.14,25.96],[-78.63,26.06],[-77.97,25.89],[-77.53,25.54],[-77.09,25.19],[-76.57,24.85],[-76.18,24.34],[-75.63,24.02]]]}},{"type":"Feature","properties":{"ma":50,"type":"gpml:TopologicalNetwork","name":"Inactive_Proto_Caribbean_Mesh","pid":101,"deforming":true},"geometry":{"type":"Polygon","coordinates":[[[-96.42,25.49],[-95.98,26.11],[-95.49,26.79],[-95.09,27.58],[-94.71,28.45],[-94.53,29.28],[-94,30.14],[-93.46,31],[-92.91,31.86],[-92.3,32.46],[-91.68,33.05],[-91.05,33.65],[-90.44,33.77],[-89.83,33.89],[-88.69,34.19],[-88.04,34.18],[-87.4,34.17],[-86.51,34.19],[-85.62,34.2],[-84.51,33.86],[-83.88,33.71],[-83.26,33.57],[-82.63,33.45],[-82.01,33.33],[-81.35,33.17],[-80.7,33],[-79.83,32.79],[-78.96,32.39],[-77.94,32.07],[-77.94,32.07],[-77.19,31.46],[-76.53,31.07],[-75.87,30.68],[-75.1,30.17],[-74.33,29.64],[-73.56,29.29],[-73.38,28.77],[-72.83,28.37],[-72.21,28.04],[-71.7,27.65],[-71.21,27.1],[-70.48,26.78],[-69.73,26.62],[-69.26,26.57],[-69.26,26.57],[-69.29,26.16],[-69.31,25.85],[-69.31,25.85],[-69.23,25.85],[-69.04,25.67],[-68.33,25.72],[-68.06,25.26],[-67.79,24.8],[-67.52,24.82],[-67.12,24.8],[-67.12,24.8],[-67.07,24.64],[-66.78,24.37],[-66.3,23.96],[-65.77,23.28],[-65.32,22.65],[-65.03,22.16],[-64.48,21.68],[-63.99,21.41],[-63.55,21.18],[-63.1,20.75],[-62.45,20.27],[-62.33,19.82],[-62.95,19.57],[-63.55,19.16],[-64.58,19.06],[-65.33,19.26],[-65.88,19.61],[-66.35,19.92],[-66.82,20.23],[-67.66,20.75],[-68.3,21.21],[-68.73,21.52],[-69.16,21.83],[-69.81,22.14],[-70.47,22.46],[-70.97,22.68],[-71.48,22.89],[-71.88,23.01],[-71.88,23.01],[-72.29,23.28],[-72.98,23.76],[-73.77,24.23],[-74.54,24.87],[-75.11,25.24],[-75.31,25.44],[-75.31,25.44],[-75.31,25.53],[-75.21,25.89],[-75.54,26.41],[-75.71,26.93],[-75.91,27.23],[-76.34,27.38],[-76.97,27.54],[-77.63,27.73],[-78.3,27.92],[-79.01,28.09],[-79.71,28.25],[-80.07,28.22],[-80.73,28.3],[-81.39,28.37],[-82.03,28.32],[-82.62,28.31],[-83.22,28.3],[-84.04,28.18],[-84.89,27.92],[-85.32,27.73],[-85.82,27.2],[-86.32,26.67],[-86.7,26.32],[-86.96,25.98],[-87.4,25.55],[-87.84,25.11],[-87.99,24.86],[-88.06,24.44],[-88.01,23.71],[-87.98,23.25],[-87.98,23.25],[-87.94,23.13],[-87.9,22.61],[-87.85,22.1],[-87.6,21.39],[-87.47,20.92],[-87.36,20.17],[-87.24,19.41],[-87.22,19.22],[-87.22,19.22],[-87.69,19.15],[-88.4,19.3],[-88.92,19.47],[-89.45,19.64],[-90.07,19.79],[-90.69,19.94],[-91.46,20.14],[-92.24,20.34],[-93.17,20.53],[-93.84,20.8],[-93.88,20.82],[-93.88,20.82],[-94.04,21.28],[-94.26,21.87],[-94.46,22.32],[-94.79,22.55],[-95.1,22.84],[-95.41,23.12],[-95.78,23.47],[-96.1,23.79],[-96.35,24.16],[-96.64,24.45],[-96.86,24.88],[-96.42,25.49]]]}},{"type":"Feature","properties":{"ma":50,"type":"gpml:TopologicalNetwork","name":"Inactive_aus_antarc_india_mesh","pid":501,"deforming":true},"geometry":{"type":"Polygon","coordinates":[[[62.33,-8.66],[62.51,-8.4],[62.67,-7.71],[62.84,-7.02],[63.11,-6.37],[63.37,-5.71],[63.99,-5.35],[64.61,-5],[65.27,-4.88],[65.92,-4.76],[66.6,-4.4],[67.28,-4.05],[67.77,-3.69],[68.27,-3.32],[68.8,-2.9],[69.33,-2.47],[69.93,-1.9],[70.53,-1.33],[71.13,-1.06],[71.73,-0.79],[72.3,-0.85],[72.86,-0.9],[73.55,-0.72],[74.23,-0.54],[74.68,-0.04],[75.13,0.47],[75.58,0.98],[76.17,1.56],[76.76,2.14],[77.39,2.67],[78.02,3.2],[78.83,3.76],[79.65,4.31],[80.35,4.88],[81.05,5.45],[80.95,6.11],[80.86,6.77],[81.09,7.68],[81.18,8.21],[81.28,8.73],[81.28,8.73],[81.7,8.06],[82.1,7.49],[82.4,6.99],[82.73,6.49],[83.07,5.98],[83.29,5.63],[83.79,4.9],[84.09,4.42],[84.39,3.94],[84.27,3.56],[83.98,2.71],[83.7,1.85],[83.12,1.27],[82.54,0.68],[81.98,0.36],[81.43,0.04],[81.32,-0.24],[80.87,-0.84],[80.41,-1.45],[79.61,-1.72],[79.16,-2.55],[78.24,-2.56],[77.33,-2.57],[76.82,-2.37],[76.31,-2.17],[76.03,-2.05],[75.34,-2.09],[74.66,-2.12],[73.97,-2.16],[73.39,-2.17],[73.25,-2.21],[73.02,-2.25],[72.88,-2.31],[72.75,-2.34],[72.53,-2.43],[72.35,-2.5],[72.2,-2.53],[72,-2.63],[71.86,-2.71],[71.65,-2.76],[71.49,-2.8],[71.34,-2.82],[71.21,-2.86],[70.91,-2.89],[70.7,-2.95],[70.52,-2.97],[70.25,-2.95],[70.04,-2.99],[69.75,-3.09],[69.63,-3.14],[69.42,-3.27],[69.21,-3.45],[68.78,-3.78],[68.56,-3.93],[68.34,-4.05],[68.1,-4.19],[67.84,-4.36],[67.33,-4.72],[67.28,-4.77],[66.91,-5.01],[66.38,-5.2],[66.26,-5.26],[65.66,-5.61],[65.34,-5.77],[64.82,-5.91],[64.36,-6.12],[63.87,-6.47],[63.65,-6.74],[63.52,-7.4],[63.46,-7.81],[63.47,-8.46],[62.72,-9.09],[62.72,-9.09],[62.33,-8.66]]]}},{"type":"Feature","properties":{"ma":50,"type":"gpml:TopologicalNetwork","name":"Inactive_Mesh","pid":702,"deforming":true},"geometry":{"type":"Polygon","coordinates":[[[34.42,-34.87],[34.47,-34.77],[34.19,-34.72],[34.02,-34.49],[33.8,-34.3],[33.64,-34.03],[33.63,-33.84],[33.38,-33.61],[33.42,-33.37],[33.37,-33.19],[33.42,-32.98],[33.36,-32.48],[33.15,-32.17],[32.94,-31.78],[32.83,-31.39],[32.95,-31.22],[32.88,-31.02],[33.05,-30.87],[33.06,-30.65],[33.35,-30.44],[33.86,-29.75],[34.06,-29.38],[33.98,-29.17],[33.9,-29.04],[34.03,-28.65],[33.83,-28.18],[33.63,-27.71],[33.27,-27.26],[32.94,-26.58],[32.98,-26.07],[33.38,-25.63],[33.78,-25.19],[34.6,-24.86],[35.28,-25.03],[35.61,-24.92],[36.1,-24.59],[36.5,-24.47],[37.09,-23.91],[37.67,-23.35],[37.7,-22.91],[37.97,-22.53],[38.33,-22.06],[38.54,-21.36],[38.74,-21.31],[38.88,-21.21],[39.19,-21.2],[39.29,-21.2],[39.29,-21.2],[39.43,-21.39],[39.75,-21.7],[40.15,-21.9],[40.05,-22.63],[39.95,-23.36],[39.84,-24.09],[39.84,-24.09],[39.58,-24.27],[38.9,-24.71],[38.22,-25.15],[37.54,-25.58],[36.69,-26.22],[35.83,-26.84],[35.64,-27.65],[35.46,-28.46],[35.32,-29.34],[35.19,-30.21],[35.28,-31.1],[35.38,-31.99],[35.49,-32.72],[35.6,-33.46],[35.89,-34.15],[36.2,-34.84],[35.94,-35.23],[35.94,-35.23],[35.57,-35.39],[34.7,-35.19],[34.42,-34.87]]]}},{"type":"Feature","properties":{"ma":50,"type":"gpml:TopologicalNetwork","name":"West_Antarctica_Inactive_Mesh","pid":802,"deforming":true},"geometry":{"type":"Polygon","coordinates":[[[22.34,-66.91],[23.34,-67.39],[24.39,-67.86],[26.15,-68.29],[27.97,-68.7],[28.18,-68.72],[28.18,-68.72],[27.86,-68.97],[25.75,-69.45],[23.56,-69.9],[21.67,-70.38],[19.7,-70.83],[17.86,-70.91],[16,-70.98],[13.62,-70.84],[11.27,-70.68],[9.3,-70.7],[7.33,-70.7],[5.42,-70.88],[3.48,-71.03],[1.56,-71.1],[-0.38,-71.14],[-2.54,-71.35],[-4.74,-71.54],[-7.77,-71.56],[-10.79,-71.54],[-13.4,-71.78],[-16.08,-71.98],[-16.08,-71.98],[-16.09,-71.48],[-16.1,-70.97],[-16.1,-70.97],[-16.09,-70.97],[-14.77,-70.78],[-12.47,-70.67],[-10.19,-70.55],[-9.71,-70.54],[-8.91,-70.06],[-8.15,-69.59],[-6.73,-69.1],[-4.47,-68.89],[-2.26,-68.64],[-0.71,-68.73],[0.85,-68.8],[2.18,-69.04],[3.53,-69.26],[5.22,-69.46],[7.35,-69.63],[9.5,-69.77],[11.62,-69.95],[13.77,-70.12],[15.96,-70.25],[17.62,-70.06],[18.7,-69.43],[19.71,-68.8],[20.67,-68.16],[21.31,-67.66],[21.92,-67.17],[22.34,-66.91]]]}},{"type":"Feature","properties":{"ma":50,"type":"gpml:TopologicalNetwork","name":"Inactive_East_West_Gondwana_Mesh","pid":701,"deforming":true},"geometry":{"type":"Polygon","coordinates":[[[44.92,3.63],[44.44,3.1],[43.97,2.57],[43.49,2.04],[43.12,1.47],[42.74,0.89],[42.37,0.32],[42.12,-0.15],[41.86,-0.62],[41.32,-1.26],[40.77,-1.9],[40.23,-2.53],[39.73,-3.06],[39.24,-3.59],[38.75,-4.12],[38.17,-4.67],[37.59,-5.21],[37.05,-5.79],[36.52,-6.36],[35.98,-6.93],[35.3,-7.43],[34.62,-7.92],[33.95,-8.41],[33.41,-8.96],[32.88,-9.52],[32.34,-10.07],[31.81,-10.85],[31.27,-11.63],[30.89,-12.33],[30.51,-13.03],[30.08,-13.89],[29.64,-14.75],[29.7,-15.14],[30.03,-15.95],[30.01,-16.75],[30.3,-17.35],[29.99,-18.09],[30.18,-18.77],[30.38,-19.44],[30.92,-19.78],[30.96,-20.34],[31.01,-20.9],[30.97,-21.65],[31.02,-22.3],[31.07,-22.95],[31.15,-23.44],[31.24,-23.93],[31.29,-24.46],[31.34,-24.98],[31.27,-25.37],[30.61,-26.02],[29.88,-26.53],[28.97,-26.87],[28.24,-27.2],[27.5,-27.52],[27.36,-28.01],[27.05,-28.35],[26.49,-28.81],[26.07,-29.35],[25.8,-29.8],[25.54,-30.25],[25.48,-30.78],[25.42,-31.31],[25.6,-32.27],[25.48,-32.81],[25.36,-33.35],[25.08,-33.97],[24.53,-34.46],[23.51,-34.5],[22.68,-34.63],[22.37,-35.35],[22.25,-35.92],[22.13,-36.48],[22,-37.05],[22,-37.31],[21.78,-37.65],[21.6,-37.97],[21.6,-37.97],[21.56,-37.97],[20.95,-38.49],[20.31,-38.27],[19.69,-38.05],[19.69,-38.05],[20.23,-37.22],[20.25,-36.55],[20.27,-35.89],[20.29,-35.22],[20.6,-34.48],[20.91,-33.73],[21.39,-32.9],[21.86,-32.06],[22.6,-31.37],[23.33,-30.68],[23.51,-30.04],[23.68,-29.4],[23.93,-28.73],[24.18,-28.06],[24.96,-27.49],[25.17,-26.83],[25.89,-26.12],[26.46,-25.78],[27.03,-25.45],[27.84,-24.91],[28.65,-24.38],[29.09,-23.73],[29.53,-23.09],[29.6,-22.11],[29.45,-21.27],[29.3,-20.42],[29.01,-19.7],[28.71,-18.98],[28.55,-18.25],[28.38,-17.52],[28.18,-16.75],[27.99,-15.97],[28.08,-15.23],[28.18,-14.5],[28.32,-13.98],[28.46,-13.46],[28.81,-12.86],[29.15,-12.26],[29.6,-11.62],[30.05,-10.98],[30.2,-10.25],[30.34,-9.51],[30.49,-8.78],[30.81,-8.06],[31.13,-7.34],[31.45,-6.63],[31.47,-5.81],[31.48,-4.97],[31.53,-4.1],[31.58,-3.22],[31.98,-2.67],[32.38,-2.11],[33,-1.51],[33.62,-0.91],[34.36,-0.58],[35.1,-0.25],[35.76,0.01],[36.42,0.28],[37.12,0.63],[37.83,0.98],[38.21,1.37],[38.58,1.76],[38.58,1.76],[39.48,2.01],[40.29,2.29],[41.1,2.57],[41.91,2.85],[42.66,3.05],[43.41,3.25],[44.16,3.44],[44.92,3.63],[44.92,3.63]]]}},{"type":"Feature","properties":{"ma":50,"type":"gpml:TopologicalNetwork","name":"Inactive_Greater_India_Network","pid":501,"deforming":true},"geometry":{"type":"Polygon","coordinates":[[[54.77,9.81],[54.76,9.97],[54.68,10.71],[54.59,11.44],[54.5,12.22],[54.41,12.99],[54.31,13.77],[54.61,14.55],[54.9,15.33],[55.21,15.9],[55.53,16.48],[55.9,17.39],[56.16,18.19],[56.51,18.92],[56.51,18.92],[57.5,19.14],[58.49,19.35],[59.25,19.27],[60.01,19.19],[60.55,19.25],[61.1,19.31],[61.88,19.14],[62.66,18.98],[63.44,18.81],[64.24,18.66],[65.04,18.51],[65.98,18.33],[66.87,18.05],[67.76,17.77],[68.42,17.63],[69.09,17.49],[70.07,17.18],[71.04,16.86],[71.93,16.47],[72.77,16.19],[73.26,15.97],[73.76,15.76],[74.32,15.37],[74.87,14.99],[75.7,14.53],[76.3,14.27],[76.77,13.84],[77.24,13.41],[78.03,12.82],[78.54,12.18],[79.05,11.54],[79.69,10.9],[80.06,10.12],[80.51,9.61],[80.88,9.26],[81.29,8.81],[81.29,8.81],[81.19,8.25],[81.09,7.68],[80.86,6.77],[80.95,6.11],[81.05,5.45],[80.35,4.88],[79.65,4.31],[79.6,4.28],[79.6,4.28],[79.29,4.33],[78.71,4.12],[78.1,3.76],[77.51,3.43],[77.21,3.47],[76.38,3.5],[75.92,3.53],[75.45,3.57],[74.62,3.6],[74.11,3.58],[73.7,3.81],[72.83,3.79],[72.33,3.89],[71.88,4.07],[71.47,3.78],[71.18,3.89],[71.04,4.28],[70.5,4.44],[69.66,4.72],[69.26,4.94],[68.85,5.15],[68.26,5.55],[67.67,5.95],[66.99,6.33],[66.79,6.75],[66.39,7.02],[66.14,7.19],[65.77,7.31],[65.31,7.67],[65.13,7.99],[64.75,8.29],[64.53,8.68],[64.23,9.09],[63.73,9.38],[63.41,9.88],[62.84,10.5],[62.93,11.05],[62.61,11.84],[62.03,12.26],[61.55,12.9],[61.22,13.51],[60.88,14.11],[60.2,13.59],[59.68,13.17],[59.17,12.76],[58.61,12.37],[58.34,11.94],[58.07,11.51],[57.38,11.06],[56.75,10.73],[56.13,10.39],[55.48,10.12],[54.84,9.84],[54.77,9.81]]]}},{"type":"Feature","properties":{"ma":50,"type":"gpml:TopologicalNetwork","name":"Inactive_Network","pid":833,"deforming":true},"geometry":{"type":"MultiPolygon","coordinates":[[[[180,-48.44],[180,-49.39],[180,-50.34],[180,-51.29],[180,-52.25],[180,-53.2],[180,-54.15],[180,-55.1],[180,-56.05],[180,-57],[180,-57.96],[180,-58.91],[179.98,-58.93],[179.98,-58.93],[179.56,-58.87],[178.69,-58.76],[177.81,-58.71],[176.78,-58.67],[175.87,-58.75],[174.95,-59.49],[173.96,-59.27],[172.98,-59.04],[172.73,-58.47],[172.49,-57.9],[172.47,-57.76],[172.46,-57.37],[172.46,-57.37],[172.2,-57.25],[171.53,-57.06],[170.84,-56.91],[170.84,-56.91],[171.04,-56.69],[169.84,-56.03],[168.67,-55.36],[167.19,-54.83],[167.08,-54.8],[166.17,-54.23],[165.35,-54.22],[164.4,-54.1],[163.45,-53.98],[162.75,-53.46],[162.07,-52.94],[162.01,-52.91],[160.77,-52.41],[160.45,-52.28],[159.58,-52.32],[158.71,-52.35],[158.57,-52.23],[158.09,-51.78],[157.62,-51.33],[157.41,-51.18],[156.85,-50.52],[156.31,-49.86],[156.35,-49.14],[156.4,-48.43],[156.4,-48.39],[156.04,-47.9],[155.69,-47.41],[155.54,-47.19],[155.24,-46.68],[154.95,-46.17],[154.8,-45.89],[154.73,-45.39],[154.66,-44.89],[154.62,-44.56],[153.88,-43.72],[153.58,-43.38],[152.82,-42.93],[152.06,-42.47],[151.51,-41.99],[151.1,-41.61],[150.82,-41],[150.61,-40.5],[150.39,-39.99],[150.05,-39.41],[149.77,-38.93],[149.5,-38.45],[149.11,-38.36],[148.82,-37.81],[148.63,-37.19],[148.88,-36.62],[149.14,-36.05],[148.81,-35.38],[148.81,-35.38],[149.1,-35.13],[149.56,-34.48],[150.02,-33.82],[150.02,-33.82],[150.3,-34],[150.63,-34.15],[150.92,-34.31],[151.59,-34.77],[152.16,-35.4],[152.46,-36.25],[152.21,-36.73],[151.94,-37.24],[151.66,-37.75],[152.29,-38.28],[152.28,-39.08],[152.65,-39.44],[153.51,-39.85],[154.26,-39.2],[154.98,-38.55],[155.7,-37.89],[156.4,-37.22],[157.09,-36.56],[157.77,-35.89],[158.7,-36.32],[159.19,-36.73],[159.69,-37.14],[160.26,-37.38],[160.83,-37.62],[161.7,-38.01],[162.68,-38.28],[163.7,-38.56],[164.5,-38.68],[165.12,-38.95],[165.28,-39.21],[165.45,-39.39],[165.57,-39.67],[165.94,-40.26],[166.27,-41.14],[166.69,-41.82],[167.27,-42.54],[167.58,-42.92],[167.97,-43.62],[168.15,-43.87],[168.57,-44.52],[169.39,-44.99],[169.62,-45.37],[169.85,-46.14],[170.13,-46.71],[170.47,-47.06],[170.85,-47.33],[172.17,-47.67],[172.91,-47.83],[173.69,-47.89],[174.74,-48.04],[174.87,-48.11],[174.87,-48.11],[175.39,-47.79],[175.39,-47.79],[176.3,-47.6],[177.73,-47.47],[178.79,-47.42],[179.79,-47.44],[180,-47.49],[180,-48.44]]],[[[-180,-57.96],[-180,-57],[-180,-56.05],[-180,-55.1],[-180,-54.15],[-180,-53.2],[-180,-52.25],[-180,-51.29],[-180,-50.34],[-180,-49.39],[-180,-48.44],[-180,-47.49],[-179.24,-47.67],[-178.63,-47.97],[-177.94,-48.23],[-177.25,-48.48],[-175.95,-48.66],[-175.13,-48.68],[-174.32,-48.7],[-173.01,-48.95],[-173.01,-48.95],[-172.98,-49.41],[-173.04,-50.09],[-173.2,-50.69],[-173.37,-51.29],[-173.67,-52.22],[-173.8,-52.96],[-174.31,-53.88],[-174.95,-54.25],[-175.59,-54.62],[-176.26,-55.05],[-177.17,-55.54],[-177.44,-55.83],[-177.7,-56.09],[-177.95,-56.37],[-178.14,-56.58],[-178.2,-56.65],[-178.26,-56.71],[-178.37,-56.82],[-178.49,-56.95],[-178.59,-57.06],[-178.66,-57.15],[-178.78,-57.29],[-178.88,-57.42],[-179.05,-57.62],[-179.2,-57.82],[-179.31,-58],[-179.35,-58.05],[-179.44,-58.17],[-179.54,-58.32],[-179.61,-58.41],[-179.65,-58.47],[-179.7,-58.53],[-179.76,-58.61],[-179.85,-58.72],[-179.89,-58.77],[-179.91,-58.8],[-179.97,-58.87],[-180,-58.91],[-180,-57.96]]]]}},{"type":"Feature","properties":{"ma":50,"type":"gpml:TopologicalNetwork","name":"Inactive_Central_Atlantic_Mesh","pid":714,"deforming":true},"geometry":{"type":"Polygon","coordinates":[[[-8.21,28.33],[-8.58,27.97],[-9.14,27.42],[-9.63,26.94],[-10.02,26.54],[-10.39,26.17],[-10.82,25.72],[-11.3,25.23],[-11.92,25.12],[-12.54,24.92],[-12.96,24.92],[-13.35,24.9],[-13.93,24.82],[-14.5,24.84],[-15.17,24.68],[-15.56,24.4],[-16.03,23.85],[-16.73,23.34],[-17.32,22.84],[-17.67,22.33],[-18.34,21.62],[-18.56,21.11],[-19.05,20.37],[-19.54,19.74],[-20.09,19.53],[-20.29,19.52],[-20.76,19.27],[-21.63,18.81],[-22.51,18.47],[-22.57,18.32],[-22.87,17.89],[-23.17,17.46],[-23.23,16.9],[-23.29,16.35],[-23.28,15.84],[-23.26,15.33],[-23.12,14.69],[-23.12,14.05],[-23.15,13.38],[-23.23,13.1],[-23.32,12.76],[-23.19,12.33],[-23.02,11.92],[-22.65,11.22],[-22.61,10.74],[-22.6,10.31],[-22.75,9.97],[-22.77,9.64],[-22.75,9.34],[-22.74,8.93],[-23.13,8.72],[-23.46,8.52],[-23.46,8.52],[-23.61,8.53],[-24.59,8.61],[-25.56,8.69],[-25.56,8.69],[-25.54,8.78],[-25.38,9.23],[-25.41,9.76],[-25.23,10.05],[-24.92,10.68],[-24.61,11.53],[-24.44,12.25],[-24.42,12.8],[-24.4,13.35],[-24.35,13.98],[-24.35,14.76],[-24.26,15.2],[-24.2,15.7],[-24.2,16.25],[-24.21,16.79],[-24.21,17.49],[-23.91,18.17],[-23.62,18.45],[-23.24,18.81],[-23.24,18.81],[-22.85,19.35],[-22.68,19.7],[-22.4,19.94],[-21.95,20.32],[-21.67,20.5],[-21.16,21.01],[-20.87,21.19],[-20.44,21.54],[-20.18,21.77],[-19.97,22.05],[-19.81,22.39],[-19.51,23.01],[-19.2,23.54],[-18.74,23.8],[-18.39,24.01],[-17.99,24.21],[-17.63,24.3],[-17.33,24.53],[-17.05,24.57],[-16.79,24.63],[-16.73,24.73],[-16.52,24.99],[-16.3,25.48],[-16.07,25.85],[-15.96,26.1],[-15.74,26.6],[-15.55,26.82],[-15.26,27.25],[-14.91,27.82],[-14.69,28.24],[-14.43,28.67],[-14.08,28.94],[-13.9,29.1],[-13.9,29.1],[-13.79,29.1],[-13.16,29.04],[-12.52,28.99],[-11.73,28.77],[-10.65,28.69],[-9.84,28.57],[-9.02,28.45],[-8.21,28.33]]]}},{"type":"Feature","properties":{"ma":50,"type":"gpml:TopologicalNetwork","name":"Inactive_Arctic_Network","pid":101,"deforming":true},"geometry":{"type":"Polygon","coordinates":[[[-180,81.73],[-180,82.65],[-180,83.57],[-180,84.49],[-180,85.4],[-180,86.32],[-180,87.24],[-180,88.16],[-180,89.08],[-180,90],[180,90],[180,89.08],[180,88.16],[180,87.24],[180,86.32],[180,85.4],[180,84.49],[180,83.57],[180,82.65],[180,81.73],[180,80.81],[175.78,80.93],[171.47,81],[167.23,81.64],[162.94,81.84],[158.46,81.98],[151.76,82.03],[145.07,81.96],[138.27,81.73],[131.92,81.38],[126.38,81.1],[121.23,80.74],[116.75,80.75],[112.31,80.7],[112.29,80.7],[112.29,80.7],[112.2,81.11],[110.48,82.03],[108.31,82.93],[105.52,83.83],[101.81,84.7],[96.43,85.24],[87.09,85.79],[75.37,86.2],[61.54,86.42],[46.86,86.42],[38.14,86.18],[30.61,85.86],[30.4,85.85],[30.4,85.85],[29.18,85.77],[27.03,85.69],[25.09,85.58],[18.1,85.1],[12.42,84.56],[9.68,84.32],[3.29,83.79],[-2.03,83.18],[-5.72,82.7],[-8.95,82.19],[-11.97,81.65],[-14.61,81.1],[-18.06,80.86],[-21.31,80.59],[-26.67,80.69],[-29.33,80.7],[-29.33,80.7],[-33.05,80.71],[-37.14,80.85],[-41.32,80.93],[-44.96,81.15],[-48.76,81.34],[-53.54,81.6],[-58.6,81.8],[-63.16,81.9],[-67.81,81.95],[-72,81.98],[-76.2,81.97],[-80.37,81.84],[-84.38,81.66],[-88.47,80.9],[-91.1,80.05],[-89.75,79.26],[-88.95,78.91],[-91.54,78.33],[-91.54,78.33],[-94.97,79.04],[-98.84,79.7],[-103.22,80.32],[-103.22,80.32],[-104.05,80.1],[-105.53,79.67],[-106.9,79.24],[-108.3,78.75],[-109.58,78.25],[-109.35,77.61],[-109.27,77.05],[-109.2,76.5],[-109.19,76.48],[-109.19,76.48],[-111.37,76.64],[-112.11,76.37],[-112.11,76.37],[-114.04,76.7],[-116.07,77.01],[-117.49,77.46],[-118.66,77.8],[-119.37,78.01],[-120.63,78.35],[-121.99,78.69],[-122.6,79.38],[-121.45,80.01],[-122.32,80.55],[-121.07,81.27],[-121.89,81.78],[-121.14,82.35],[-120.27,82.91],[-120.27,83.11],[-120.27,83.11],[-116.61,83.21],[-110,83.32],[-103.26,83.33],[-97.95,83.17],[-92.93,82.94],[-90.41,82.5],[-90.41,82.5],[-92.68,82.3],[-95.17,81.93],[-97.44,81.55],[-99.59,81.15],[-101.56,80.73],[-103.22,80.32],[-103.22,80.32],[-98.84,79.7],[-94.97,79.04],[-91.54,78.33],[-91.54,78.33],[-92.07,78.2],[-93.82,77.72],[-95.44,77.23],[-96.89,76.82],[-98.25,76.39],[-99.47,75.96],[-100.62,75.53],[-102.2,75.1],[-103.06,74.91],[-104.36,74.84],[-107.29,74.73],[-109.42,74.61],[-110.27,74.56],[-111.72,74.51],[-111.83,74.49],[-111.83,74.49],[-114.04,74.55],[-115.45,74.67],[-116.54,75.02],[-116.93,75.14],[-118.84,75.45],[-121.2,76.09],[-122.1,76.24],[-125.03,76.69],[-125.96,76.85],[-127.24,77.2],[-129.6,77.58],[-132.09,77.94],[-136.36,78.34],[-138.14,78.66],[-139.51,78.91],[-141.77,79.43],[-142.76,79.73],[-144.56,80],[-146.57,80.29],[-148.32,80.66],[-150.52,81.08],[-152.51,81.42],[-153,81.5],[-153,81.5],[-155.77,81.3],[-160.03,80.9],[-163.71,80.44],[-167.05,79.94],[-167.07,79.93],[-167.07,79.93],[-169.53,80.11],[-173.08,80.41],[-176.85,80.68],[-180,80.81],[-180,81.73]]]}},{"type":"Feature","properties":{"ma":50,"type":"gpml:TopologicalSlabBoundary","name":"Laramide flat slab","pid":101,"deforming":false},"geometry":{"type":"Polygon","coordinates":[[[-102.94,32.48],[-103.17,32.86],[-103.48,33.29],[-103.78,33.72],[-104.41,34.4],[-104.83,35.25],[-105.11,35.76],[-105.4,36.28],[-105.61,37],[-105.91,37.49],[-106.21,37.97],[-106.52,38.51],[-106.91,39.41],[-107.4,40.13],[-108.13,40.78],[-108.39,41.31],[-108.74,41.97],[-108.97,42.45],[-109.2,42.92],[-109.43,43.4],[-109.67,43.88],[-110.07,44.65],[-110.11,45.13],[-110.19,45.28],[-110.19,45.28],[-109.76,45.36],[-108.79,45.62],[-107.82,45.86],[-106.66,46.16],[-105.4,46.38],[-104.47,46.53],[-103.54,46.68],[-102.18,46.8],[-100.89,47.1],[-100.05,47.27],[-99.2,47.42],[-98.3,47.57],[-97.4,47.71],[-96.48,47.88],[-95.67,48.02],[-94.85,48.16],[-94.81,48.16],[-94.81,48.16],[-94.58,47.49],[-94.36,46.81],[-94.14,46.14],[-93.65,45.32],[-93.36,44.6],[-93.07,43.88],[-92.88,43.25],[-92.7,42.61],[-92.49,42.09],[-92.29,41.57],[-91.98,41.08],[-91.67,40.58],[-91.42,39.86],[-91.1,38.98],[-90.79,38.1],[-90.47,37.56],[-90.14,37.02],[-90,36.31],[-89.93,35.96],[-89.93,35.96],[-90.85,35.79],[-91.76,35.62],[-92.88,35.38],[-94,35.14],[-95.11,34.89],[-96.21,34.62],[-97.32,34.33],[-98.42,34.03],[-99.52,33.71],[-100.36,33.41],[-101.19,33.11],[-102.07,32.8],[-102.94,32.48]]]}},{"type":"Feature","properties":{"ma":50,"type":"gpml:TopologicalNetwork","name":"BoB_Deform","pid":305,"deforming":true},"geometry":{"type":"Polygon","coordinates":[[[-13.65,41.75],[-13.64,41.81],[-13.5,42.01],[-13.38,42.3],[-13.21,42.6],[-13.06,42.97],[-12.99,43.12],[-12.99,43.12],[-12.95,43.11],[-12.46,43.02],[-12.05,42.9],[-11.52,42.74],[-10.96,42.44],[-10.67,42.21],[-10.04,41.97],[-9.48,41.51],[-8.95,41.07],[-8.72,40.73],[-8.51,40.34],[-8.23,40.02],[-7.98,39.68],[-7.73,38.89],[-7.73,38.89],[-8.02,38.92],[-8.82,38.81],[-9.66,38.75],[-10,38.7],[-10.4,38.65],[-10.63,38.62],[-10.9,38.58],[-10.9,38.58],[-11.22,39.31],[-11.48,39.65],[-11.64,39.83],[-11.78,39.91],[-11.78,39.91],[-11.79,39.9],[-12.15,39.87],[-12.15,39.87],[-12.09,39.94],[-11.98,40.12],[-11.87,40.26],[-11.84,40.44],[-11.8,40.6],[-11.84,40.77],[-11.9,40.99],[-12.1,41.2],[-12.77,41.45],[-13.62,41.75],[-13.65,41.75]]]}},{"type":"Feature","properties":{"ma":50,"type":"gpml:TopologicalNetwork","name":"WEC","pid":601,"deforming":true},"geometry":{"type":"Polygon","coordinates":[[[122.06,31.96],[121.09,32.48],[120.1,33],[119.11,33.51],[118.1,34.01],[117.08,34.51],[116.05,34.99],[115,35.47],[114.13,35.29],[113.27,35.1],[112.43,35.13],[111.59,35.15],[110.75,35.17],[110.48,34.72],[110.22,34.27],[109.45,34.5],[108.68,34.73],[107.9,34.95],[107.06,35.37],[106.22,35.78],[105.36,36.19],[104.35,36.48],[103.32,36.77],[102.08,36.86],[100.84,36.94],[99.66,36.94],[98.47,36.94],[97.82,37.02],[97.82,37.02],[97.86,37.58],[97.6,38.11],[97.34,38.65],[96.83,39.43],[96.57,40.03],[96.3,40.64],[96.16,41.48],[96.44,42.33],[96.82,43],[97.32,43.76],[97.9,44.57],[98.33,45.17],[99.04,46.01],[99.7,46.41],[100.36,46.8],[101.14,47.39],[101.95,47.97],[102.65,48.45],[103.37,48.93],[104.11,49.41],[104.89,49.89],[105.69,50.35],[106.51,50.82],[107.36,51.42],[108.24,52.01],[108.99,52.58],[109.77,53.14],[110.4,53.58],[111.04,54.02],[111.52,54.28],[111.52,54.28],[112.44,54.24],[113.68,54.19],[114.92,54.12],[116.57,54],[118.22,53.87],[119.17,53.78],[120.11,53.68],[121.44,53.53],[122.75,53.37],[123.72,53.24],[124.69,53.1],[125.73,52.94],[126.76,52.78],[127.96,52.57],[129.15,52.35],[130.25,52.13],[131.34,51.9],[132.43,51.66],[133.71,51.37],[134.98,51.05],[136.11,50.76],[137.22,50.45],[137.22,50.45],[137.01,50.1],[136.47,49.27],[135.95,48.44],[135.5,47.72],[135.07,47],[134.69,46.46],[134.32,45.93],[133.63,45.05],[132.96,44.17],[132.45,43.5],[131.95,42.83],[131.39,42.15],[130.85,41.47],[130.24,40.81],[129.63,40.15],[129.26,39.73],[128.89,39.31],[128.13,38.63],[127.4,37.83],[126.88,37.24],[126.36,36.65],[125.85,36.05],[125.33,35.47],[124.81,34.88],[124.26,34.24],[123.71,33.6],[123.17,32.95],[122.52,32.33],[122.06,31.96]]]}},{"type":"Feature","properties":{"ma":50,"type":"gpml:TopologicalNetwork","name":"Scotia_Sea_Deforming_Network","pid":819,"deforming":true},"geometry":{"type":"Polygon","coordinates":[[[-68.73,-62.4],[-67.44,-61.91],[-66.78,-61.7],[-66.78,-61.7],[-66.62,-61.63],[-65.21,-61.27],[-63.83,-60.9],[-63.18,-60.72],[-63.18,-60.72],[-63.3,-60.69],[-63.97,-60.52],[-64.47,-60.4],[-64.94,-60.22],[-65.14,-60.13],[-65.33,-60.05],[-65.64,-59.92],[-65.9,-59.81],[-66.26,-59.65],[-66.63,-59.49],[-66.95,-59.34],[-67.29,-59.2],[-67.59,-59.05],[-67.78,-58.95],[-68.28,-58.69],[-68.92,-58.31],[-69.29,-58.07],[-69.61,-57.7],[-69.64,-57.64],[-69.77,-57.27],[-69.84,-56.91],[-69.88,-56.53],[-69.94,-56.2],[-69.94,-56.03],[-70.03,-55.72],[-70.12,-55.57],[-70.12,-55.57],[-69.13,-56.01],[-68.11,-56.44],[-67.07,-56.87],[-65.6,-57.35],[-64.1,-57.81],[-62.55,-58.25],[-60.88,-58.26],[-59.22,-58.25],[-57.55,-58.22],[-56.62,-58.11],[-55.71,-57.99],[-54.66,-57.7],[-53.49,-57.38],[-52.56,-57.24],[-51.47,-57.16],[-50.41,-57.17],[-49.34,-57.17],[-47.57,-56.89],[-45.84,-56.59],[-44.63,-56.45],[-43.44,-56.3],[-42.23,-56.26],[-41.02,-56.22],[-39.46,-56.15],[-37.9,-56.05],[-36.36,-56.19],[-35.47,-56.27],[-34.57,-56.34],[-34.57,-56.34],[-34.57,-56.4],[-34.6,-56.77],[-34.57,-57.06],[-34.84,-57.41],[-35.69,-58.09],[-36.58,-58.78],[-37.46,-59.24],[-37.98,-59.44],[-38.83,-59.34],[-39.34,-59.28],[-40.2,-58.82],[-41.07,-58.57],[-41.93,-58.31],[-42.57,-57.87],[-42.49,-57.69],[-42.43,-57.55],[-42.43,-57.55],[-42.52,-57.51],[-42.92,-57.37],[-43.68,-57.17],[-44.3,-57],[-44.3,-57],[-44.77,-56.99],[-45.77,-56.96],[-45.77,-56.96],[-45.7,-57.37],[-46.01,-57.53],[-46.13,-57.53],[-46.26,-57.52],[-46.52,-57.51],[-46.52,-57.51],[-46.59,-57.62],[-46.69,-57.81],[-47.09,-57.86],[-47.48,-57.9],[-48.07,-57.97],[-48.26,-58.31],[-48.57,-58.34],[-48.99,-58.39],[-49.4,-58.44],[-49.69,-58.47],[-50.13,-58.36],[-50.47,-58.27],[-50.76,-58.35],[-50.86,-58.36],[-51.03,-58.38],[-51.22,-58.41],[-51.38,-58.41],[-51.43,-58.4],[-51.43,-58.4],[-51.26,-58.43],[-51.04,-58.45],[-50.7,-58.5],[-50.47,-58.52],[-49.68,-58.6],[-49.17,-58.64],[-48.86,-58.74],[-48.33,-58.9],[-48.27,-59.21],[-49.42,-59.45],[-50.53,-59.68],[-51.52,-59.65],[-52.18,-59.56],[-52.69,-59.49],[-53.63,-59.54],[-54.34,-59.57],[-54.78,-59.5],[-55.14,-59.44],[-55.68,-59.35],[-56.23,-59.24],[-56.81,-59.13],[-57.12,-59.27],[-57.12,-59.27],[-56.23,-59.38],[-55.09,-59.6],[-53.78,-59.84],[-52.16,-60.16],[-52.16,-60.16],[-50.97,-59.99],[-50.35,-60.04],[-49.97,-60.12],[-49.62,-60.04],[-48.66,-59.98],[-48.58,-60.16],[-48.58,-60.16],[-48.76,-60.26],[-49.07,-60.39],[-49.29,-60.52],[-49.33,-60.67],[-49.29,-60.81],[-49.12,-60.85],[-49.01,-60.88],[-48.85,-60.92],[-48.68,-60.96],[-48.55,-60.99],[-48.49,-61],[-48.3,-61.04],[-48.3,-61.04],[-48.01,-61.16],[-47.94,-61.23],[-47.94,-61.23],[-49.37,-61.82],[-50.86,-62.39],[-51.78,-62.66],[-52.71,-62.93],[-53.95,-63.34],[-55.22,-63.73],[-56.52,-64.12],[-58.17,-64.57],[-59.62,-65.04],[-59.62,-65.04],[-60.67,-64.92],[-61.28,-64.84],[-62.11,-64.66],[-63.38,-64.37],[-64.29,-64.15],[-64.86,-64.01],[-66.12,-63.68],[-67.34,-63.37],[-68.54,-63.05],[-69.74,-62.64],[-68.73,-62.4]]]}},{"type":"Feature","properties":{"ma":50,"type":"gpml:TopologicalNetwork","name":"Siberian_Eurasia_Mesh","pid":401,"deforming":true},"geometry":{"type":"Polygon","coordinates":[[[126.17,76.04],[128.23,76.46],[130.43,76.86],[134.49,76.96],[138.61,77],[142.72,76.97],[146.79,76.88],[150.79,76.72],[154.68,76.5],[154.68,76.5],[153.97,75.55],[153.34,74.6],[151.22,74.08],[149.23,73.55],[147.37,72.99],[145.63,72.42],[145.61,71.74],[145.6,71.05],[145.58,70.37],[147,69.82],[148.34,69.25],[149.62,68.68],[151.99,68.45],[154.31,68.19],[156.58,67.9],[158.78,67.58],[158.78,67.58],[158.87,66.66],[159.62,65.89],[160.33,65.12],[161.38,64.86],[162.62,64.52],[162.62,64.52],[161.49,64.02],[160.4,63.51],[159.35,62.99],[159.35,62.99],[157.42,63.2],[155.46,63.39],[155.46,63.39],[153.83,63.01],[152.61,62.78],[151.4,62.55],[150.01,62.2],[148.65,61.85],[147.21,61.73],[145.78,61.61],[144.36,61.46],[142.42,61.46],[140.49,61.43],[140.49,61.43],[139.37,61.37],[138.26,61.31],[138.33,61.42],[138.33,61.42],[138.84,62.06],[139.37,62.7],[140.24,63.44],[140.33,63.67],[140.33,63.67],[139.06,64.04],[137.76,64.41],[135.85,64.86],[133.88,65.28],[132.79,65.93],[131.65,66.58],[129.27,66.91],[126.84,67.21],[124.79,67.14],[122.87,67.57],[120.87,67.98],[119.01,68.35],[117.09,68.69],[115.58,69.07],[114.03,69.45],[113.15,70.13],[112.21,70.8],[111.55,71.63],[110.82,72.45],[111.78,73.29],[112.84,74.13],[114.01,74.97],[116.79,75.22],[119.66,75.44],[122.61,75.62],[125.62,75.76],[126.17,76.04]]]}},{"type":"Feature","properties":{"ma":50,"type":"gpml:TopologicalNetwork","name":"WAR_Mesh","pid":804,"deforming":true},"geometry":{"type":"MultiPolygon","coordinates":[[[[180,-75.86],[180,-76.78],[180,-77.71],[180,-78.64],[180,-79.56],[180,-80.49],[180,-81.42],[180,-82.34],[180,-83.27],[180,-84.2],[174.87,-83.88],[170.28,-83.51],[170.28,-83.51],[169.02,-83.43],[166.19,-83.06],[163.65,-82.67],[160.47,-82.07],[157.74,-81.45],[156.05,-80.69],[154.61,-79.92],[154.78,-79.26],[154.94,-78.6],[154.94,-78.6],[155.06,-78.59],[155.16,-78.47],[155.26,-78.36],[155.36,-78.24],[155.85,-77.9],[156.47,-77.66],[156.65,-77.24],[156.58,-76.88],[156.63,-76.64],[156.5,-76.52],[156.49,-76.66],[156.1,-75.96],[155.75,-75.26],[156.82,-74.61],[157.8,-73.96],[158.92,-73.39],[159.96,-72.81],[161.36,-72.24],[162.68,-71.67],[162.86,-72.01],[163.77,-72.8],[165.7,-73.51],[167.27,-74.05],[168.95,-74.58],[170.47,-75.02],[172.08,-75.45],[172.08,-75.45],[173.53,-74.98],[174.89,-74.49],[174.89,-74.49],[177.62,-74.71],[180,-74.93],[180,-75.86]]],[[[-180,-83.27],[-180,-82.34],[-180,-81.42],[-180,-80.49],[-180,-79.56],[-180,-78.64],[-180,-77.71],[-180,-76.78],[-180,-75.86],[-180,-74.93],[-176.36,-75.2],[-172.61,-75.41],[-168.76,-75.57],[-166.77,-75.38],[-164.72,-75.05],[-162.75,-74.69],[-160.15,-74.39],[-157.64,-74.06],[-156.14,-73.57],[-153.75,-73.24],[-151.45,-72.88],[-148.93,-72.55],[-146.51,-72.2],[-144.78,-72.13],[-143.07,-72.06],[-141.33,-71.75],[-139.64,-71.44],[-137.39,-71.64],[-135.67,-71.66],[-134.15,-71.53],[-131.8,-71.27],[-131.07,-71.14],[-130.1,-71.21],[-128.28,-71.13],[-126.46,-71.05],[-124.77,-70.87],[-122.62,-70.72],[-120.35,-70.66],[-118.95,-70.71],[-116.33,-70.82],[-115.14,-70.8],[-112.94,-70.59],[-110.79,-70.35],[-108.41,-70.36],[-106.88,-70.4],[-104.04,-70.49],[-103.52,-70.47],[-103.52,-70.47],[-101.38,-71.01],[-99.12,-71.52],[-96.73,-72.01],[-94.23,-72.46],[-93.61,-73],[-93.61,-73],[-93.6,-73.11],[-93.82,-73.88],[-94.32,-74.87],[-94.91,-75.37],[-95.54,-75.86],[-96.84,-76.81],[-98.18,-77.42],[-99.66,-78.02],[-100.81,-78.61],[-102.09,-79.2],[-103.39,-79.77],[-104.84,-80.33],[-107.59,-81.07],[-109.99,-81.66],[-112.75,-82.24],[-115.47,-82.59],[-118.46,-82.92],[-122.51,-83.21],[-126.89,-83.46],[-134.74,-83.69],[-134.74,-83.69],[-135.69,-83.92],[-137.27,-84.31],[-137.75,-84.38],[-137.75,-84.38],[-147.72,-84.63],[-158.29,-84.7],[-166.76,-84.63],[-174.85,-84.45],[-180,-84.2],[-180,-83.27]]]]}},{"type":"Feature","properties":{"ma":50,"type":"gpml:TopologicalNetwork","name":"","pid":120,"deforming":true},"geometry":{"type":"Polygon","coordinates":[[[27.32,82.72],[30.19,83.18],[33.93,83.75],[32.73,84],[34.66,84.14],[35.26,84.18],[36.49,84.23],[36.49,84.23],[37.33,84.09],[37.33,84.09],[35.46,83.91],[33.62,83.66],[30.35,83.2],[27.51,82.72],[27.32,82.72]]]}},{"type":"Feature","properties":{"ma":50,"type":"gpml:TopologicalClosedPlateBoundary","name":"Australia Ocean Crust during early AUS-ANT opening","pid":801,"deforming":false},"geometry":{"type":"Polygon","coordinates":[[[99.4,-60.38],[100.41,-60.46],[101.08,-60.49],[101.99,-60.53],[102.63,-60.48],[103.57,-60.41],[103.95,-60.38],[105.15,-60.28],[105.23,-60.27],[106.56,-60.12],[106.72,-60.1],[108.04,-60.07],[108.29,-60.07],[109.5,-60.02],[109.86,-60],[110.88,-59.94],[111.43,-59.91],[111.99,-59.83],[112.96,-59.69],[113.07,-59.67],[114.24,-59.44],[114.45,-59.4],[115.87,-59.32],[116,-59.31],[117.56,-59.29],[117.81,-59.29],[119.12,-59.29],[119.87,-59.34],[120.67,-59.39],[122.16,-59.71],[123.42,-59.99],[125.22,-60.1],[125.9,-60.11],[126.79,-60.13],[128.05,-60.24],[128.37,-60.27],[129.84,-60.43],[131.32,-60.57],[132.17,-60.89],[133.04,-61.18],[133.93,-61.46],[134.85,-61.77],[135.74,-62.02],[136.66,-62.3],[137.57,-62.58],[138.5,-62.86],[139.43,-63.14],[140.37,-63.43],[140.93,-63.58],[141.68,-63.85],[143.05,-64.52],[144.49,-65.18],[145.44,-65.69],[145.5,-65.72],[146.45,-66.2],[147.31,-66.65],[147.53,-66.76],[148.05,-67],[148.73,-67.26],[149.12,-67.37],[149.46,-67.49],[150.42,-67.66],[150.77,-67.77],[151.17,-67.86],[151.59,-68.03],[151.98,-68.2],[152.73,-68.3],[153.32,-68.38],[153.67,-68.42],[154.67,-68.51],[155.42,-68.61],[155.64,-68.64],[156.69,-68.75],[157.04,-68.77],[157.72,-68.84],[158.64,-68.92],[158.69,-68.91],[160.66,-69.37],[160.66,-69.37],[158.69,-68.91],[158.64,-68.92],[157.72,-68.84],[157.04,-68.77],[156.69,-68.75],[155.64,-68.64],[155.42,-68.61],[154.67,-68.51],[153.67,-68.42],[153.32,-68.38],[152.73,-68.3],[151.98,-68.2],[151.59,-68.03],[151.17,-67.86],[150.77,-67.77],[150.42,-67.66],[149.46,-67.49],[149.12,-67.37],[148.73,-67.26],[148.05,-67],[147.53,-66.76],[147.31,-66.65],[146.45,-66.2],[145.5,-65.72],[145.44,-65.69],[144.49,-65.18],[143.21,-64.56],[141.99,-63.93],[141.11,-63.7],[140.58,-63.57],[139.71,-63.34],[138.87,-63.1],[138.12,-62.89],[137.42,-62.68],[136.61,-62.45],[135.79,-62.23],[135.11,-62.02],[134.34,-61.79],[133.56,-61.54],[132.94,-61.33],[131.18,-61.05],[129.58,-60.88],[129.29,-60.86],[128.23,-60.84],[127.43,-60.88],[126.8,-60.91],[125.43,-60.94],[124.6,-60.83],[123.54,-60.72],[122.76,-60.74],[122.28,-60.78],[121.05,-60.86],[119.41,-61.04],[117.85,-61.21],[116.15,-61.44],[114.22,-61.5],[112.29,-61.52],[110.78,-61.59],[109.26,-61.64],[107.68,-61.77],[106.64,-61.75],[104.91,-61.8],[103.4,-61.89],[101.42,-61.86],[99.4,-61.72],[97.4,-61.55],[97.4,-61.55],[97.37,-61.61],[97.38,-61.68],[97.38,-61.68],[96.89,-61.58],[96.89,-61.58],[95.96,-60.89],[95.07,-60.2],[94.83,-59.76],[94.83,-59.76],[96.37,-60.03],[97.88,-60.21],[99.4,-60.38]]]}}]}