{"type":"FeatureCollection","features":[{"type":"Feature","properties":{"ma":5,"type":"gpml:TopologicalNetwork","name":"Alpine_Deforming_Mesh_ELB","pid":301,"deforming":true},"geometry":{"type":"Polygon","coordinates":[[[5.81,42.97],[5.22,42.59],[4.63,42.21],[3.94,42.05],[3.25,41.88],[2.16,41.85],[2.04,41.86],[2.04,41.86],[2.04,41.86],[2.04,41.86],[1.07,41.94],[0.1,42.01],[-0.86,42.08],[-1.83,42.15],[-2.45,42.36],[-3.07,42.57],[-3.35,42.72],[-3.35,42.72],[-2.69,42.88],[-2.03,43.03],[-0.83,42.93],[0.37,42.81],[1.16,42.85],[1.96,42.88],[2.87,42.97],[3.79,43.05],[4.52,43.12],[4.88,43.15],[4.88,43.15],[4.33,43.25],[4.24,43.37],[4.24,43.57],[4.13,44.1],[4.15,44.32],[4.62,44.77],[5.09,45.23],[5.16,45.32],[5.13,45.49],[5.51,45.81],[6.17,46.08],[6.5,46.13],[6.68,46.25],[6.86,46.33],[7.02,46.36],[7.18,46.45],[8.46,46.86],[8.88,47.08],[9.94,47.21],[11.14,47.27],[11.54,47.41],[12.69,47.46],[13.63,47.53],[14.49,47.71],[15.08,48.06],[15.33,48.36],[16.05,48.74],[16.45,48.99],[17.27,49.25],[18.67,49.42],[19.71,49.44],[20.75,49.45],[21.63,49.02],[22.49,48.59],[23.06,48.12],[23.62,47.64],[24.31,46.93],[24.98,46.21],[24.99,45.69],[24.98,44.89],[23.82,44.35],[22.56,44.2],[21.4,44.37],[21.4,44.37],[21.47,44.43],[20.91,44.46],[20.35,44.48],[19.92,44.5],[19.4,44.52],[18.94,44.53],[17.93,44.56],[18.39,44.53],[18.33,44.1],[18.53,43.38],[18.85,42.77],[19.1,42.14],[19.41,41.5],[20.02,40.76],[20.02,40.76],[20.63,40.3],[21.22,39.9],[21.83,39.46],[22.53,39.1],[23.2,38.74],[23.97,38.66],[25,38.53],[25.94,38.45],[26.86,38.44],[27.74,38.49],[28.77,38.47],[29.84,38.51],[30.85,38.6],[31.7,38.7],[32.67,38.76],[33.54,38.77],[34.59,38.73],[35.51,38.65],[36.35,38.58],[37.31,38.51],[38.28,38.35],[39.21,38.14],[40.16,37.94],[41.13,37.63],[41.77,37.35],[41.77,37.35],[41.46,36.39],[41.15,35.42],[41.15,35.42],[40.33,36.1],[39.44,36.01],[38.24,35.93],[37.16,35.61],[36.48,35.32],[35.8,35.02],[34.94,34.81],[34.45,34.62],[33.77,34.36],[33.1,34.08],[33.1,34.08],[33,34.69],[32.95,34.8],[32.95,34.8],[31.96,34.56],[30.98,34.3],[30.07,34.2],[29.16,34.1],[28.3,34.01],[27.44,33.91],[26.5,33.5],[25.9,33.16],[25.2,32.95],[24.35,32.82],[23.71,32.19],[23.08,31.56],[22.85,32.29],[22.61,33.03],[22.04,33.18],[21.46,33.32],[20.6,33.76],[19.86,34.14],[19.29,34.66],[18.7,35.18],[18.42,35.84],[18.4,36.51],[18.78,37.42],[19.12,38.24],[18.75,38.68],[18.38,39.11],[18.33,39.67],[18.28,40.22],[18.28,40.22],[17.97,40.63],[17.81,41],[17.22,41.4],[17.01,41.56],[16.39,41.79],[15.69,41.83],[14.85,42.11],[14,42.38],[13.56,42.74],[13.02,43.55],[12.9,44.46],[12.8,44.62],[12.21,45.06],[11.61,45.48],[11.11,45.19],[10.79,45.16],[10.37,45.09],[9.68,44.88],[9.4,44.7],[8.89,44.62],[8.35,44.65],[7.91,44.68],[7.59,44.77],[6.94,44.9],[6.68,44.72],[6.45,44.5],[6.33,44.33],[6.41,44.33],[6.41,44.33],[6.47,43.38],[5.88,43],[5.81,42.97]]]}},{"type":"Feature","properties":{"ma":5,"type":"gpml:TopologicalNetwork","name":"Alpine Mesh - East","pid":301,"deforming":true},"geometry":{"type":"Polygon","coordinates":[[[31.82,42.4],[32.55,42.31],[33.27,42.22],[34.02,42.12],[34.78,42.02],[35.45,41.92],[36.12,41.82],[37.26,41.33],[38.27,40.87],[39.26,40.41],[40.12,40.27],[40.98,40.12],[42.21,39.92],[43.43,39.71],[43.43,39.71],[42.77,39.05],[42.12,38.38],[41.94,37.87],[41.77,37.35],[41.77,37.35],[41.13,37.63],[40.16,37.94],[39.21,38.14],[38.28,38.35],[37.31,38.51],[36.35,38.58],[35.51,38.65],[34.59,38.73],[33.54,38.77],[32.67,38.76],[31.7,38.7],[30.85,38.6],[29.84,38.51],[28.77,38.47],[27.74,38.49],[26.86,38.44],[25.94,38.45],[25,38.53],[23.97,38.66],[23.2,38.74],[22.53,39.1],[21.83,39.46],[21.22,39.9],[20.63,40.3],[20.02,40.76],[20.02,40.76],[19.41,41.5],[19.1,42.14],[18.85,42.77],[18.53,43.38],[18.33,44.1],[18.39,44.53],[17.93,44.56],[18.94,44.53],[19.4,44.52],[19.92,44.5],[20.35,44.48],[20.91,44.46],[21.47,44.43],[21.01,44.06],[20.9,43.65],[21.17,43.42],[21.64,43.19],[22.23,42.96],[23.07,42.83],[24.18,42.77],[25.01,42.7],[25.84,42.63],[26.81,42.57],[28.03,42.57],[29.25,42.55],[30.47,42.53],[30.49,42.54],[31.82,42.4]]]}},{"type":"Feature","properties":{"ma":5,"type":"gpml:TopologicalNetwork","name":"Andes","pid":201,"deforming":true},"geometry":{"type":"Polygon","coordinates":[[[-81.2,-2.53],[-80.55,-3.1],[-79.9,-3.66],[-79.26,-4.23],[-78.61,-4.8],[-77.95,-5.36],[-77.3,-5.93],[-76.63,-6.5],[-75.95,-7.07],[-75.27,-7.65],[-74.59,-8.22],[-73.91,-8.78],[-73.22,-9.35],[-72.47,-9.92],[-71.72,-10.48],[-70.96,-11.04],[-70.2,-11.59],[-69.53,-12.12],[-68.85,-12.64],[-68.17,-13.16],[-67.49,-13.67],[-66.74,-14.14],[-65.98,-14.61],[-65.23,-15.08],[-64.47,-15.54],[-63.91,-16.1],[-63.36,-16.65],[-62.8,-17.21],[-62.23,-17.77],[-62.06,-18.42],[-61.88,-19.07],[-61.7,-19.72],[-61.87,-20.54],[-62.05,-21.36],[-62.22,-22.18],[-62.65,-23.09],[-63.09,-24],[-63.53,-24.92],[-63.94,-25.83],[-64.36,-26.75],[-64.79,-27.66],[-65.28,-28.48],[-65.77,-29.3],[-66.26,-30.12],[-66.64,-30.98],[-67.03,-31.84],[-67.42,-32.7],[-67.49,-33.45],[-67.55,-34.21],[-67.62,-34.96],[-68.22,-35.58],[-68.84,-36.19],[-69.46,-36.8],[-70.09,-37.41],[-71,-37.85],[-71.91,-38.28],[-72.84,-38.7],[-73.78,-39.12],[-74.73,-39.53],[-74.73,-39.53],[-74.72,-39.51],[-74.64,-39.28],[-74.64,-39.28],[-74.46,-38.53],[-74.28,-37.78],[-74.1,-37.03],[-73.83,-36.06],[-73.56,-35.1],[-73.31,-34.13],[-73.05,-33.16],[-72.81,-32.19],[-72.57,-31.23],[-72.33,-30.26],[-72.14,-29.45],[-71.96,-28.63],[-71.77,-27.82],[-71.59,-27.01],[-71.49,-26.03],[-71.39,-25.04],[-71.3,-24.05],[-71.2,-23.06],[-71.2,-22.23],[-71.19,-21.39],[-71.39,-20.68],[-71.5,-20.23],[-71.89,-19.82],[-72.33,-19.26],[-72.96,-18.61],[-73.64,-18.04],[-74.25,-17.56],[-74.85,-17.07],[-75.46,-16.59],[-76.06,-15.98],[-76.67,-15.37],[-77.27,-14.76],[-77.77,-14.02],[-78.27,-13.28],[-78.76,-12.54],[-79.25,-11.8],[-79.74,-11.06],[-80.23,-10.32],[-80.58,-9.52],[-80.93,-8.72],[-81.27,-7.93],[-81.34,-7.15],[-81.41,-6.37],[-81.47,-5.59],[-81.54,-4.82],[-81.44,-4.25],[-81.35,-3.69],[-81.35,-3.69],[-81.29,-3.29],[-81.26,-3.01],[-81.24,-2.75],[-81.2,-2.53]]]}},{"type":"Feature","properties":{"ma":5,"type":"gpml:TopologicalSlabBoundary","name":"Northern Andes Flat Slab","pid":201,"deforming":false},"geometry":{"type":"Polygon","coordinates":[[[-73.6,-16.29],[-74.16,-16.71],[-74.75,-17.18],[-74.78,-17.21],[-74.78,-17.21],[-75.24,-16.8],[-75.71,-16.39],[-76.16,-15.96],[-76.62,-15.53],[-76.83,-15.3],[-77.31,-14.79],[-77.81,-14.06],[-78.3,-13.32],[-78.78,-12.59],[-79.26,-11.86],[-79.74,-11.12],[-80.22,-10.39],[-80.57,-9.59],[-80.92,-8.79],[-81.27,-8],[-81.28,-7.05],[-81.3,-6.1],[-81.32,-5.16],[-81.33,-4.21],[-81.35,-3.27],[-81.27,-2.7],[-81.18,-2.14],[-81.18,-2.14],[-80.73,-2.3],[-80.39,-2.42],[-79.98,-2.55],[-79.5,-2.69],[-79.05,-2.82],[-78.44,-3.04],[-78.44,-3.04],[-78.26,-3.5],[-78.13,-3.86],[-77.99,-4.2],[-77.79,-4.69],[-77.78,-5.08],[-77.91,-5.29],[-78.18,-5.54],[-78.44,-5.76],[-78.54,-5.94],[-78.63,-6.19],[-78.66,-6.52],[-78.69,-6.92],[-78.68,-7.35],[-78.63,-7.66],[-78.5,-7.84],[-78.41,-7.97],[-78.12,-8.27],[-77.91,-8.46],[-77.58,-8.69],[-77.39,-8.9],[-77.22,-9.11],[-77.06,-9.38],[-76.93,-9.6],[-76.86,-9.82],[-76.83,-10.05],[-76.87,-10.39],[-76.88,-10.66],[-76.81,-10.89],[-76.63,-11.16],[-76.29,-11.61],[-75.96,-12],[-75.62,-12.36],[-75.11,-12.95],[-74.96,-13.05],[-74.74,-13.13],[-74.5,-13.27],[-74.3,-13.47],[-74.08,-13.81],[-73.92,-14.09],[-73.8,-14.51],[-73.75,-14.92],[-73.7,-15.31],[-73.62,-16.17],[-73.6,-16.29]]]}},{"type":"Feature","properties":{"ma":5,"type":"gpml:TopologicalSlabBoundary","name":"Southern Andes Flat Slab Section","pid":201,"deforming":false},"geometry":{"type":"Polygon","coordinates":[[[-71.29,-39.07],[-71.4,-39.06],[-71.84,-39.05],[-72.31,-39.02],[-72.71,-39.02],[-73.18,-38.99],[-73.62,-38.98],[-73.96,-38.97],[-74.22,-38.95],[-74.52,-38.94],[-74.52,-38.94],[-74.46,-38.53],[-74.33,-38.01],[-74.12,-37.33],[-73.92,-36.64],[-73.73,-35.93],[-73.54,-35.22],[-73.36,-34.51],[-73.29,-34.13],[-73.29,-34.13],[-73.18,-33.79],[-73.18,-33.78],[-73.18,-33.78],[-73.18,-33.78],[-73.18,-33.78],[-72.96,-32.88],[-72.74,-31.98],[-72.52,-31.08],[-72.31,-30.18],[-72.11,-29.28],[-71.91,-28.38],[-71.71,-27.48],[-71.51,-26.57],[-71.51,-26.37],[-71.51,-26.37],[-71.28,-26.39],[-70.85,-26.4],[-70.32,-26.41],[-69.83,-26.44],[-69.32,-26.45],[-68.84,-26.51],[-68.66,-26.55],[-68.66,-26.55],[-68.71,-27.06],[-68.76,-27.58],[-68.74,-28.46],[-68.72,-29.33],[-68.71,-30.21],[-68.59,-30.9],[-68.86,-31.44],[-69.35,-31.92],[-69.66,-32.84],[-69.98,-33.77],[-69.98,-33.77],[-70.14,-33.77],[-70.14,-33.77],[-70.16,-33.92],[-70.23,-34.23],[-70.27,-34.44],[-70.32,-34.65],[-70.41,-35.18],[-70.55,-36.02],[-70.66,-36.59],[-70.9,-37.38],[-71.1,-37.99],[-71.2,-38.45],[-71.29,-39.07]]]}},{"type":"Feature","properties":{"ma":5,"type":"gpml:TopologicalSlabBoundary","name":"Colombian flat slab","pid":201,"deforming":false},"geometry":{"type":"Polygon","coordinates":[[[-77.76,4.83],[-78.05,5.64],[-78.67,6.31],[-78.79,6.46],[-78.79,6.46],[-78.64,6.5],[-77.8,6.79],[-76.95,7.08],[-76.11,7.36],[-75.26,7.64],[-74.53,7.88],[-73.8,8.11],[-73.8,8.11],[-73.7,7.65],[-73.59,7.39],[-73.44,6.84],[-73.48,6.42],[-73.47,5.83],[-73.45,5.32],[-73.5,4.97],[-73.52,4.71],[-73.61,4.46],[-73.61,4.46],[-74.51,4.58],[-75.41,4.71],[-76.19,4.75],[-76.98,4.79],[-77.76,4.83]]]}},{"type":"Feature","properties":{"ma":5,"type":"gpml:TopologicalNetwork","name":"Eurasia Mesh","pid":101,"deforming":true},"geometry":{"type":"Polygon","coordinates":[[[164.9,87.27],[162.25,87.05],[160.58,86.91],[159.24,86.84],[158.43,86.75],[157.69,86.67],[157.12,86.6],[156.17,86.49],[155.52,85.88],[155.04,85.27],[152.74,84.38],[151.07,83.49],[149.8,82.59],[148.8,81.69],[146,80.84],[143.67,79.97],[141.71,79.09],[140.04,78.2],[137.65,77.35],[135.55,76.47],[135.48,75.93],[135.41,75.38],[137.53,74.74],[139.49,74.09],[138.5,73.15],[136.73,72.4],[136.73,72.4],[133.65,72.51],[130.54,72.58],[130.54,72.58],[128.16,73.09],[125.69,73.56],[122.53,73.97],[120.71,73.93],[118.86,74.14],[116.96,74.34],[115.18,74.61],[113.34,74.87],[112.36,75.54],[111.29,76.2],[110.12,76.85],[108.32,77.44],[106.34,78.01],[104.17,78.57],[101.34,79.29],[98.14,79.97],[94.47,80.62],[90.3,81.22],[84.04,81.5],[77.45,81.67],[77.45,81.67],[78.87,82.14],[80.47,82.6],[80.47,82.6],[82.44,82.53],[85.29,82.43],[88.83,82.26],[92.17,82.07],[95.86,81.71],[99.79,81.12],[101.7,80.71],[103.44,80.29],[107.28,79.63],[109.79,79.31],[113.91,78.86],[117.69,78.36],[120.46,78],[123.06,77.61],[123.06,77.61],[123.21,77.54],[123.21,77.54],[124.97,77.98],[126.82,78.54],[129.09,79.13],[131.62,79.7],[132.53,80.24],[133.55,80.77],[133.28,81.59],[132.94,82.4],[132.41,83.16],[131.75,83.93],[132.63,84.75],[136.22,85.28],[135.42,85.56],[133.74,85.93],[132.74,86.28],[131.21,86.44],[128.53,86.74],[124.84,87],[120.04,87.2],[119.96,87.21],[119.96,87.21],[134.54,87.52],[151.8,87.63],[169.1,87.52],[164.9,87.27]]]}},{"type":"Feature","properties":{"ma":5,"type":"gpml:TopologicalNetwork","name":"Deforming_Network_Test","pid":104,"deforming":true},"geometry":{"type":"Polygon","coordinates":[[[-122.32,39.51],[-121.58,39.48],[-121.58,39.48],[-121.44,38.92],[-121.33,38.42],[-121.13,37.93],[-120.63,37.43],[-120.17,36.94],[-119.72,36.44],[-119.12,35.95],[-118.46,35.42],[-117.83,34.83],[-117.13,34.14],[-116.62,33.77],[-116.06,33.3],[-115.43,32.76],[-114.58,32.15],[-114.08,31.8],[-113.58,31.46],[-113.5,31.4],[-113.5,31.4],[-113.44,31.08],[-113.27,30.95],[-113.14,30.75],[-112.89,30.55],[-112.56,30.32],[-112.28,30.05],[-111.87,29.72],[-111.66,29.38],[-111.53,28.98],[-111.52,28.71],[-111.36,28.54],[-111.13,28.41],[-110.93,28.24],[-110.69,28],[-110.46,27.73],[-110.26,27.5],[-109.99,27.3],[-109.76,27.13],[-109.56,26.86],[-109.6,26.69],[-109.52,26.48],[-109.45,26.28],[-109.14,26.11],[-109.03,25.94],[-108.69,25.64],[-108.28,25.36],[-108.2,25.19],[-108.06,24.95],[-107.8,24.75],[-107.58,24.44],[-107.25,23.96],[-106.81,23.45],[-106.53,23.04],[-106.44,22.91],[-106.44,22.91],[-106.45,22.9],[-106.58,22.86],[-106.67,22.83],[-106.75,22.78],[-106.79,22.72],[-106.7,22.65],[-106.6,22.57],[-106.49,22.48],[-106.29,22.35],[-106.34,22.29],[-106.37,22.24],[-106.39,22.19],[-106.39,22.12],[-106.35,22.05],[-106.32,21.96],[-106.32,21.96],[-106.32,21.88],[-106.35,21.83],[-106.39,21.76],[-106.47,21.7],[-106.59,21.64],[-106.73,21.59],[-106.89,21.57],[-107.04,21.56],[-107.21,21.57],[-107.34,21.57],[-107.43,21.58],[-107.89,21.42],[-107.92,21.41],[-107.92,21.41],[-108.28,21.63],[-108.56,21.8],[-109.03,22.09],[-109.5,22.38],[-110.12,22.91],[-110.75,23.45],[-111.27,24.08],[-111.81,24.72],[-112.34,25.35],[-113.03,26.13],[-113.73,26.91],[-114.19,27.72],[-114.3,28],[-114.44,28.34],[-114.67,28.88],[-114.87,29.31],[-114.87,29.31],[-115.32,29.21],[-115.9,29.08],[-116.35,29.16],[-116.76,29.21],[-117.18,29.86],[-117.72,30.45],[-118.27,31.04],[-118.7,31.62],[-119.13,32.19],[-119.45,32.68],[-119.77,33.18],[-120.05,33.73],[-120.33,34.27],[-120.78,35.07],[-121.24,35.86],[-121.54,36.42],[-121.84,36.97],[-122.3,37.7],[-122.77,38.43],[-122.91,38.98],[-123.06,39.53],[-122.32,39.51]]]}},{"type":"Feature","properties":{"ma":5,"type":"gpml:TopologicalNetwork","name":"AFRICA_ARABIA_MESH_2","pid":701,"deforming":true},"geometry":{"type":"Polygon","coordinates":[[[33.63,-6.12],[33.28,-6.06],[33,-6],[33,-6],[32.89,-5.83],[32.82,-5.34],[33.23,-4.82],[33.71,-4.55],[33.89,-4.17],[34.06,-3.91],[34.15,-3.44],[34.22,-3.17],[34.51,-2.8],[34.78,-2.5],[34.74,-2.24],[34.76,-1.94],[34.73,-1.71],[34.7,-1.32],[34.52,-1.2],[34.62,-1.03],[34.45,-0.81],[34.29,-0.45],[34.27,-0.06],[34.4,0.35],[34.51,0.69],[34.61,0.99],[34.62,1.3],[34.66,1.64],[34.56,2.03],[34.73,2.17],[34.71,2.5],[34.64,2.72],[34.56,3.11],[34.48,3.15],[34.48,3.15],[34.44,3.27],[34.44,3.8],[34.49,4.5],[34.7,5.01],[34.91,5.51],[35.68,6.15],[36.12,6.39],[36.58,6.63],[36.88,7.09],[36.99,7.36],[37.17,7.55],[37.81,7.94],[38.35,8.44],[38.63,8.81],[38.55,9.58],[38.42,10.18],[38.34,10.95],[38.35,11.66],[38.36,12.18],[38.43,12.78],[38.45,13.23],[38.29,13.83],[38.13,14.32],[38.13,14.32],[37.86,14.75],[37.58,15.18],[37.35,16],[37.14,16.74],[36.93,17.21],[36.53,17.53],[36.06,17.63],[35.77,18.51],[35.76,19.11],[35.74,19.68],[35.65,20.15],[35.48,20.71],[35.39,20.94],[35.3,21.18],[34.93,21.2],[34.55,21.43],[34.2,22.02],[34.19,22.56],[34.17,23.1],[33.57,23.77],[33.35,24.18],[33.01,24.83],[32.72,25.3],[32.28,26.14],[31.9,26.9],[31.5,27.26],[31.38,27.64],[31.3,28.13],[31.3,28.14],[31.3,28.14],[31.65,28.25],[32.36,28.45],[32.96,28.36],[33.39,28.1],[33.46,28.07],[33.46,28.07],[33.39,27.84],[33.7,27.27],[33.64,27.29],[33.93,26.85],[34.11,26.19],[34.71,25.74],[34.82,25.08],[35.38,24.72],[35.6,23.99],[35.95,23.36],[36.29,22.9],[36.95,22.69],[37.15,22.19],[37.56,21.32],[37.97,20.46],[38.02,20.11],[38.15,19.8],[38.3,19.54],[38.65,19.16],[39.01,18.79],[39.43,18.53],[39.7,18.19],[39.79,18.01],[39.79,18.01],[39.79,18.01],[39.79,18.01],[39.93,17.7],[40.05,17.19],[40.26,16.65],[40.09,16.05],[40.2,15.91],[40.2,15.91],[40.2,15.91],[40.2,15.91],[40.47,15.56],[40.89,14.91],[41.21,14.34],[41.31,13.76],[41.37,13.18],[41.47,12.76],[41.5,12.38],[41.46,11.99],[41.53,11.68],[41.61,11.4],[41.61,11.4],[41.59,11.24],[41.58,10.93],[41.56,10.61],[41.56,10.44],[41.73,10.2],[41.84,9.91],[41.91,9.35],[41.93,9.3],[41.93,9.3],[41.74,9.32],[41.28,9.26],[40.95,9.21],[40.6,9.17],[40.23,9.17],[39.82,9.06],[39.43,9.05],[39.16,8.92],[38.84,8.83],[38.53,8.55],[38.26,8.19],[37.97,7.96],[37.66,7.71],[37.41,7.58],[37.09,7.37],[37.09,7.06],[36.85,6.58],[36.5,6.43],[36.31,6.07],[36.13,5.75],[35.89,5.45],[35.74,5.24],[35.69,4.61],[35.59,4.46],[35.59,4.08],[35.63,3.82],[35.65,3.74],[35.65,3.74],[35.5,3.53],[35.38,3.25],[35.41,2.72],[35.46,2.43],[35.46,2.07],[35.45,1.74],[35.37,1.42],[35.33,1.2],[35.25,0.74],[35.15,0.32],[34.95,-0.09],[34.93,-0.36],[35,-0.61],[35.1,-0.82],[35.12,-0.93],[35.32,-1.34],[35.37,-1.83],[35.42,-2.35],[35.4,-2.79],[35.14,-3.12],[34.93,-3.35],[34.69,-4.01],[34.39,-4.78],[34.05,-5.05],[33.68,-5.36],[33.85,-5.8],[33.93,-6.09],[33.63,-6.12]]]}},{"type":"Feature","properties":{"ma":5,"type":"gpml:TopologicalNetwork","name":"EAR_Mesh","pid":709,"deforming":true},"geometry":{"type":"Polygon","coordinates":[[[29.82,-9.59],[29.37,-9.06],[28.99,-8.67],[28.55,-8],[28.18,-7.33],[28.1,-6.61],[27.98,-5.75],[27.98,-5],[27.89,-4.19],[27.74,-3.47],[27.63,-3.18],[27.67,-2.86],[27.73,-1.92],[28.06,-1.28],[28.31,-0.43],[28.56,0.11],[29.2,0.76],[29.58,1.04],[29.66,1.31],[29.94,1.51],[29.94,1.51],[30.19,1.25],[30.21,1.21],[30.21,1.21],[30.01,0.99],[29.54,0.62],[29.28,0.37],[28.92,0.04],[28.74,-0.47],[28.54,-1.03],[28.23,-1.63],[28.14,-2.24],[28.01,-2.87],[28.14,-3.28],[28.31,-3.78],[28.43,-4.71],[28.34,-5.57],[28.36,-6.12],[28.56,-6.6],[28.54,-7.05],[28.84,-7.42],[28.99,-7.99],[29.47,-8.59],[29.89,-9.01],[30.04,-9.42],[30.12,-9.56],[30.12,-9.56],[30.06,-9.59],[29.91,-9.68],[29.82,-9.59]]]}},{"type":"Feature","properties":{"ma":5,"type":"gpml:TopologicalNetwork","name":"EAR_Mesh","pid":709,"deforming":true},"geometry":{"type":"Polygon","coordinates":[[[33.49,-19.81],[33.34,-19.8],[33.18,-19.81],[33.18,-19.81],[33.18,-19.4],[33.13,-18.78],[33.03,-18.26],[32.74,-17.59],[33.26,-17.07],[33.64,-16.68],[33.73,-15.97],[33.53,-15.38],[33.34,-14.78],[33.14,-13.9],[32.95,-13.02],[33.23,-12.45],[33.2,-11.86],[33.17,-11.26],[32.8,-10.79],[32.8,-10.79],[32.76,-10.65],[32.11,-10.03],[31.45,-9.41],[30.93,-8.98],[30.41,-8.55],[29.85,-8.46],[29.3,-8.37],[29.03,-7.97],[29.03,-7.97],[29.24,-7.88],[29.57,-7.71],[29.98,-7.53],[30.02,-7.51],[30.02,-7.51],[30.08,-7.65],[30.46,-8.16],[31.13,-8.78],[31.66,-9.28],[32.03,-9.63],[32.41,-9.98],[32.99,-10.48],[33.28,-11.14],[33.5,-11.95],[33.66,-12.73],[33.49,-13.21],[33.62,-14.09],[33.65,-14.68],[34.09,-15.01],[34.21,-15.68],[34.15,-16.08],[33.96,-16.49],[33.8,-16.97],[33.85,-17.3],[33.8,-17.92],[33.87,-18.49],[34.13,-18.96],[33.78,-19.27],[33.54,-19.7],[33.49,-19.81]]]}},{"type":"Feature","properties":{"ma":5,"type":"gpml:TopologicalNetwork","name":"Zagros Deformation, Northern margin of Arabia","pid":503,"deforming":true},"geometry":{"type":"Polygon","coordinates":[[[41.42,36.26],[41.69,37.09],[41.69,37.09],[41.91,36.89],[41.91,36.89],[42.17,36.33],[42.72,35.81],[43.26,35.3],[43.8,34.78],[44.58,34.18],[45.34,33.57],[46.1,32.97],[46.97,32.34],[47.83,31.71],[48.52,31.29],[49.2,30.86],[49.88,30.43],[50.61,29.73],[51.33,29.02],[52.05,28.3],[52.82,27.8],[53.58,27.3],[54.34,26.79],[54.93,26.52],[55.52,26.24],[55.52,26.24],[55,25.99],[54.48,25.74],[53.93,25.51],[53.23,25.31],[52.13,25.22],[51.36,25.49],[50.48,26.02],[49.9,26.57],[49.38,27.08],[49.19,27.49],[48.9,28.09],[48.6,28.64],[48.21,29.32],[48.1,29.98],[47.64,30.44],[46.91,30.71],[46.06,30.69],[44.99,30.96],[44.29,31.51],[43.86,32.02],[43.42,32.53],[43.27,33.07],[43.12,33.62],[42.71,34.03],[42.28,34.44],[41.72,34.94],[41.16,35.44],[41.42,36.26]]]}},{"type":"Feature","properties":{"ma":5,"type":"gpml:TopologicalNetwork","name":"Zagros-Himalaya","pid":301,"deforming":true},"geometry":{"type":"Polygon","coordinates":[[[41.9,37.74],[42.12,38.38],[42.79,39.08],[43.49,39.77],[44.58,39.59],[45.67,39.4],[46.75,39.19],[47.83,38.98],[49.06,39],[50.29,39.01],[51.52,39],[52.75,38.98],[53.73,38.9],[54.69,38.82],[55.44,38.19],[56.17,37.57],[56.76,37.37],[57.35,37.17],[58.05,36.42],[58.72,35.66],[58.94,34.96],[59.14,34.27],[59.35,33.57],[59.49,33.06],[59.63,32.55],[60.24,32.39],[60.84,32.23],[61.42,32.48],[62,32.73],[62.55,33.15],[63.1,33.56],[63.35,34.2],[63.61,34.83],[63.88,35.46],[64.03,36.13],[64.18,36.8],[64.34,37.47],[64.46,38.13],[64.59,38.79],[64.72,39.45],[65.37,39.93],[66.04,40.4],[66.87,41.17],[67.72,41.94],[68.6,42.7],[69.79,43.06],[70.99,43.41],[72.21,43.75],[73.29,43.96],[74.37,44.16],[75.45,44.35],[76.55,44.54],[77.65,44.71],[78.94,44.8],[80.23,44.87],[81.53,44.93],[82.83,44.97],[84.13,45],[85.26,44.96],[86.4,44.9],[87.53,44.83],[88.66,44.76],[89.79,44.67],[90.97,44.6],[92.14,44.52],[93.32,44.43],[94.48,44.32],[95.65,44.21],[96.69,44.02],[97.73,43.82],[98.77,43.61],[99.79,43.39],[100.98,43.09],[102.15,42.77],[103.32,42.45],[104.47,42.11],[104.51,42.05],[104.51,42.05],[104.42,41.94],[103.78,41.17],[103.22,40.44],[102.79,39.8],[102.44,38.96],[102.49,38.12],[102.69,37.5],[102.88,36.88],[103.3,36.07],[103.51,35.52],[103.71,34.97],[103.62,34.44],[103.54,33.91],[103.28,33.37],[103.02,32.82],[102.49,32.25],[102.05,31.77],[101.43,31.16],[100.9,30.63],[100.62,29.75],[100.62,29],[100.62,28.25],[100.62,28.25],[100.06,27.77],[99.13,27.35],[98.2,26.94],[98.16,26.88],[98.16,26.88],[97.67,27.52],[97.09,28.14],[96.5,28.75],[95.9,29.37],[95.26,29.51],[95.26,29.51],[95.14,28.53],[95.08,28.32],[95.08,28.32],[94.91,28.38],[94.62,28.49],[94.29,28.62],[94,28.73],[93.81,28.8],[93.5,29.11],[92.97,29.06],[92.71,29.04],[92.44,28.88],[92.25,28.75],[91.92,28.59],[91.42,28.49],[90.81,28.52],[90.48,28.55],[90.07,28.58],[89.64,28.65],[89.5,28.69],[89.17,28.75],[88.87,28.69],[88.39,28.68],[88.07,28.68],[87.6,28.56],[87.31,28.47],[87.07,28.49],[86.66,28.47],[86.25,28.39],[85.86,28.41],[85.53,28.44],[85.13,28.48],[84.96,28.53],[84.62,28.44],[84.24,28.43],[83.93,28.51],[83.41,28.73],[82.85,29.06],[82.27,29.34],[81.69,29.61],[81.47,29.72],[81.14,29.75],[80.8,29.77],[80.46,29.84],[80.17,29.9],[79.74,30.01],[79.54,30.03],[79.25,30.24],[78.91,30.52],[78.69,30.58],[78.42,30.62],[78.2,30.7],[77.83,31.37],[77.5,31.68],[77.22,31.99],[76.87,32.13],[76.67,32.23],[76.29,32.5],[75.93,32.74],[75.59,33.07],[75.49,33.11],[74.97,33.35],[74.61,33.51],[74.41,33.56],[74.21,33.53],[74,33.55],[73.59,33.6],[73.31,33.69],[73.17,33.87],[72.95,34.12],[72.88,34.32],[72.78,34.55],[72.7,34.65],[72.57,34.61],[72.21,34.34],[71.95,34.13],[71.58,33.99],[71.47,34.02],[71.33,34.12],[71.27,34.29],[71.1,34.38],[70.98,34.31],[70.72,34.11],[70.27,33.8],[69.85,33.68],[69.85,33.68],[69.4,33.03],[69.02,32.43],[68.65,31.84],[68.21,31.11],[67.79,30.39],[67.36,29.66],[67.09,29.15],[66.81,28.64],[66.28,27.86],[65.75,27.07],[65.23,26.28],[64.71,25.49],[64.29,24.98],[64.29,24.98],[63.3,24.91],[62.27,24.83],[61.73,24.98],[61.18,25.12],[60.56,25.28],[59.94,25.44],[59.04,25.81],[58.14,26.18],[57.37,26.44],[56.6,26.71],[55.79,27.08],[54.97,27.45],[54.14,27.82],[53.37,28.32],[52.59,28.81],[51.8,29.29],[51.07,29.99],[50.32,30.69],[49.57,31.39],[48.87,31.8],[48.18,32.22],[47.47,32.63],[46.58,33.24],[45.69,33.85],[44.91,34.45],[44.12,35.04],[43.32,35.62],[42.51,36.36],[41.69,37.09],[41.9,37.74]]]}},{"type":"Feature","properties":{"ma":5,"type":"gpml:TopologicalClosedPlateBoundary","name":"Africa","pid":701,"deforming":false},"geometry":{"type":"Polygon","coordinates":[[[34.41,34.61],[34.48,34.53],[34.35,33.73],[34.13,32.84],[33.96,32.29],[33.8,31.74],[33.58,30.95],[33.55,30.15],[33.44,29.65],[33.42,28.85],[33.4,28.35],[33.31,28.15],[33.31,28.15],[32.96,28.36],[32.36,28.45],[31.65,28.25],[31.3,28.14],[31.3,28.14],[31.3,28.13],[31.38,27.64],[31.5,27.26],[31.9,26.9],[32.28,26.14],[32.72,25.3],[33.01,24.83],[33.35,24.18],[33.57,23.77],[34.17,23.1],[34.19,22.56],[34.2,22.02],[34.55,21.43],[34.93,21.2],[35.3,21.18],[35.39,20.94],[35.48,20.71],[35.65,20.15],[35.74,19.68],[35.76,19.11],[35.77,18.51],[36.06,17.63],[36.53,17.53],[36.93,17.21],[37.14,16.74],[37.35,16],[37.58,15.18],[37.86,14.75],[38.13,14.32],[38.13,14.32],[38.29,13.83],[38.45,13.23],[38.43,12.78],[38.36,12.18],[38.35,11.66],[38.34,10.95],[38.42,10.18],[38.55,9.58],[38.63,8.81],[38.35,8.44],[37.81,7.94],[37.17,7.55],[36.99,7.36],[36.88,7.09],[36.58,6.63],[36.12,6.39],[35.68,6.15],[34.91,5.51],[34.7,5.01],[34.49,4.5],[34.44,3.8],[34.44,3.27],[34.48,3.15],[34.48,3.15],[34.56,3.11],[34.64,2.72],[34.71,2.5],[34.73,2.17],[34.56,2.03],[34.66,1.64],[34.62,1.3],[34.61,0.99],[34.51,0.69],[34.4,0.35],[34.27,-0.06],[34.29,-0.45],[34.45,-0.81],[34.62,-1.03],[34.52,-1.2],[34.7,-1.32],[34.73,-1.71],[34.76,-1.94],[34.74,-2.24],[34.78,-2.5],[34.51,-2.8],[34.22,-3.17],[34.15,-3.44],[34.06,-3.91],[33.89,-4.17],[33.71,-4.55],[33.23,-4.82],[32.82,-5.34],[32.89,-5.83],[33,-6],[33,-6],[33.28,-6.06],[33.63,-6.12],[34.19,-6.07],[34.62,-6.3],[34.72,-6.31],[34.72,-6.31],[34.88,-6.83],[35.04,-7.34],[35.26,-7.84],[35.47,-8.33],[35.71,-8.79],[35.71,-8.79],[35.3,-9.45],[34.73,-10.04],[34.19,-10.67],[33.88,-11.22],[33.58,-11.77],[33.5,-11.93],[33.5,-11.93],[33.28,-11.14],[32.99,-10.48],[32.41,-9.98],[32.03,-9.63],[31.66,-9.28],[31.13,-8.78],[30.46,-8.16],[30.08,-7.65],[30.02,-7.51],[30.02,-7.51],[29.98,-7.53],[29.57,-7.71],[29.24,-7.88],[28.99,-7.98],[28.99,-7.99],[28.99,-7.99],[28.84,-7.42],[28.54,-7.05],[28.56,-6.6],[28.36,-6.12],[28.34,-5.57],[28.43,-4.71],[28.31,-3.78],[28.14,-3.28],[28.01,-2.87],[28.14,-2.24],[28.23,-1.63],[28.54,-1.03],[28.74,-0.47],[28.92,0.04],[29.28,0.37],[29.54,0.62],[30.01,0.99],[30.21,1.21],[30.21,1.21],[30.19,1.25],[29.94,1.51],[29.94,1.51],[29.66,1.31],[29.58,1.04],[29.2,0.76],[28.56,0.11],[28.31,-0.43],[28.06,-1.28],[27.73,-1.92],[27.67,-2.86],[27.63,-3.18],[27.74,-3.47],[27.89,-4.19],[27.98,-5],[27.98,-5.75],[28.1,-6.61],[28.18,-7.33],[28.55,-8],[28.99,-8.67],[29.37,-9.06],[29.82,-9.59],[29.91,-9.68],[29.91,-9.68],[30.06,-9.59],[30.12,-9.56],[30.12,-9.56],[30.04,-9.42],[29.89,-9.01],[29.47,-8.59],[29.25,-8.32],[29.25,-8.32],[29.3,-8.37],[29.85,-8.46],[30.41,-8.55],[30.93,-8.98],[31.45,-9.41],[32.11,-10.03],[32.76,-10.65],[32.91,-11.29],[33.26,-11.86],[33.14,-12.56],[33.03,-13.26],[32.93,-14.03],[33.32,-14.71],[33.72,-15.39],[33.61,-16.05],[33.49,-16.7],[33.54,-16.79],[33.54,-16.79],[33.26,-17.07],[32.74,-17.59],[33.03,-18.26],[33.11,-18.67],[33.11,-18.67],[33.13,-18.78],[33.18,-19.4],[33.18,-19.54],[33.18,-19.54],[32.69,-20.04],[32.19,-20.54],[32.11,-21.37],[32.03,-22.2],[31.08,-22.5],[30.13,-22.8],[29.17,-23.1],[28.21,-23.39],[27.61,-24.03],[27.01,-24.68],[26.4,-25.32],[26.62,-26.21],[26.83,-27.09],[26.18,-27.39],[25.52,-27.68],[25.52,-28.38],[25.53,-29.07],[26.12,-29.52],[26.72,-29.96],[27.3,-30.74],[27.89,-31.52],[28.71,-32.18],[29.55,-32.83],[30.4,-33.47],[31.26,-34.11],[32.13,-34.75],[33.02,-35.38],[33.92,-36],[34.84,-36.61],[35.77,-37.22],[36.71,-37.82],[36.3,-38.75],[35.86,-39.68],[35.42,-40.6],[34.97,-41.53],[34.5,-42.45],[34.02,-43.37],[33.52,-44.29],[33.01,-45.21],[32.48,-46.13],[31.93,-47.04],[32.76,-47.3],[32.76,-47.3],[32.53,-47.74],[31.51,-47.66],[31.15,-48.52],[30.78,-49.37],[30.4,-50.23],[30,-51.08],[29.58,-51.93],[29.16,-52.78],[28.26,-52.56],[27.94,-53.37],[27.02,-53.2],[26.7,-53.72],[25.87,-53.58],[25.04,-53.44],[24.58,-54.12],[23.51,-54.01],[22.45,-53.88],[21.05,-53.72],[19.67,-53.54],[18.29,-53.34],[17.17,-53.02],[16.07,-52.68],[14.99,-52.34],[14.53,-52.93],[13.53,-52.58],[13.08,-53.04],[11.86,-52.56],[11.28,-53.11],[10.69,-53.66],[9.41,-53.17],[8.71,-53.74],[7.99,-54.29],[7.26,-54.85],[5.99,-54.41],[5.2,-55.05],[4.45,-54.82],[3.95,-55.18],[3.13,-54.87],[2.32,-54.55],[1.77,-54.94],[1.2,-55.32],[0.42,-55.04],[-0.01,-55.4],[-0.54,-55.57],[-0.54,-55.57],[-1.08,-55.13],[-1.61,-54.69],[-2.57,-54.96],[-3.19,-54.39],[-3.79,-53.81],[-4.19,-53.3],[-4.57,-52.79],[-4.77,-52.82],[-5.1,-52.18],[-5.43,-51.54],[-5.76,-50.9],[-6.78,-51.07],[-7.07,-50.59],[-7.32,-50.62],[-7.54,-50.03],[-7.75,-49.44],[-9,-49.66],[-10.26,-49.87],[-10.56,-49.19],[-10.85,-48.51],[-11.14,-47.83],[-12.55,-48.05],[-13.97,-48.24],[-14.15,-47.36],[-14.33,-46.49],[-15.38,-46.64],[-15.54,-46.11],[-16.63,-46.24],[-16.78,-45.38],[-16.93,-44.52],[-17.08,-43.67],[-17.22,-42.81],[-17.36,-41.96],[-17.49,-41.1],[-16.99,-41.01],[-17.09,-40.49],[-16.7,-40.42],[-16.94,-39.78],[-17.18,-39.13],[-18.2,-39.24],[-18.34,-38.7],[-18.48,-38.16],[-17.66,-38.02],[-17.86,-37.16],[-18.05,-36.3],[-17,-36.15],[-15.94,-35.98],[-16,-35.46],[-16.06,-34.93],[-15.52,-34.87],[-15.43,-34.27],[-14.85,-34.13],[-14.79,-33.61],[-14.74,-33.08],[-13.71,-32.86],[-13.92,-31.88],[-14.13,-30.9],[-14.33,-29.93],[-13.6,-29.78],[-12.86,-29.62],[-13.13,-28.89],[-13.5,-28.96],[-13.8,-28.12],[-14.09,-27.28],[-14.39,-27.3],[-14.57,-26.47],[-13.98,-26.32],[-14.14,-25.59],[-13.8,-25.46],[-14,-24.51],[-14.19,-23.56],[-13.14,-23.4],[-13.17,-23.05],[-12.63,-22.94],[-12.1,-22.82],[-12.33,-21.96],[-12.55,-21.09],[-12.78,-20.23],[-13,-19.37],[-13.22,-18.51],[-13.8,-18.61],[-14.38,-18.71],[-14.58,-17.95],[-14.79,-17.18],[-14.22,-17.05],[-13.64,-16.92],[-13.83,-16.23],[-14.01,-15.54],[-14.19,-14.84],[-14.98,-14.97],[-15.16,-14.2],[-15.34,-13.43],[-15.51,-12.66],[-14.56,-12.42],[-13.61,-12.18],[-13.76,-11.48],[-13.92,-10.77],[-14.07,-10.07],[-13.81,-9.98],[-13.99,-9.08],[-14.16,-8.18],[-13.35,-7.98],[-12.54,-7.79],[-11.72,-7.59],[-11.99,-6.63],[-12.26,-5.66],[-12.53,-4.7],[-12.79,-3.74],[-12.68,-3.7],[-12.59,-3.67],[-12.59,-3.67],[-12.86,-2.97],[-13.12,-2.28],[-13.39,-1.59],[-14.15,-1.73],[-14.92,-1.88],[-15.69,-2.02],[-15.82,-1.67],[-16.12,-1.71],[-16.31,-1.12],[-16.53,-1.16],[-16.65,-0.72],[-17.57,-0.82],[-18.49,-0.92],[-19.41,-1.02],[-20.33,-1.12],[-21.25,-1.22],[-22.17,-1.32],[-23.09,-1.41],[-24.01,-1.51],[-24.93,-1.61],[-25.1,-0.85],[-25.28,-0.08],[-25.91,-0.12],[-26.55,-0.15],[-26.69,0.39],[-27.57,0.37],[-28.44,0.35],[-29.32,0.34],[-30.19,0.32],[-30.27,1.02],[-30.98,1.02],[-31.05,1.78],[-31.12,2.54],[-31.19,3.3],[-32.15,3.33],[-33.1,3.36],[-33.15,4.19],[-33.19,5.02],[-33.79,5.05],[-33.83,5.94],[-34.71,5.98],[-35.58,6.03],[-35.58,6.29],[-36.26,6.39],[-36.29,6.71],[-37.08,6.78],[-37.08,6.93],[-37.75,7],[-38.42,7.06],[-38.43,7.36],[-39.39,7.48],[-40.35,7.6],[-40.32,8.12],[-40.86,8.19],[-40.85,8.74],[-41.06,8.77],[-41.05,9.3],[-41.28,9.34],[-41.28,9.98],[-42.22,10.17],[-43.16,10.35],[-44.11,10.52],[-44.04,11.46],[-44.45,11.54],[-44.44,11.93],[-45.26,12.1],[-45.26,12.84],[-45.26,13.57],[-45.27,14.3],[-46.15,14.53],[-47.04,14.76],[-47.2,14.77],[-47.2,14.77],[-47.17,14.86],[-47.01,15.55],[-46.85,16.25],[-46.68,16.94],[-46.73,16.95],[-46.53,17.72],[-46.45,17.71],[-46.28,18.25],[-46.15,19.14],[-46.11,19.13],[-45.91,19.94],[-46.22,20.02],[-46.07,20.61],[-45.92,21.21],[-45.61,21.15],[-45.53,21.95],[-45.49,21.95],[-45.45,22.45],[-45.41,22.96],[-46.02,23.11],[-46.64,23.25],[-46.38,23.95],[-46.07,23.89],[-45.78,24.59],[-45.43,24.53],[-45.06,25.33],[-44.97,25.33],[-44.68,26.04],[-44.39,26.74],[-44.1,27.45],[-43.8,28.16],[-43.5,28.1],[-43.14,28.75],[-42.98,28.73],[-42.7,29.35],[-42.28,29.29],[-41.65,30.09],[-41.52,30.07],[-41.21,30.48],[-41.07,30.45],[-40.6,31.08],[-40.13,31.7],[-39.65,32.32],[-39.82,32.37],[-39.41,33],[-38.63,32.86],[-37.86,32.72],[-37.79,32.71],[-37.47,33.39],[-37.13,33.32],[-36.93,33.95],[-36.34,33.84],[-36.14,34.45],[-35.52,34.32],[-34.89,34.2],[-34.75,34.55],[-34.75,34.55],[-34.07,34.51],[-32.91,34.6],[-31.74,34.67],[-30.57,34.73],[-29.4,34.79],[-28.29,34.84],[-27.19,34.88],[-26.08,34.91],[-25.08,34.97],[-24.08,35.02],[-23.08,35.06],[-21.95,35.13],[-20.81,35.18],[-19.68,35.22],[-18.61,35.29],[-17.54,35.36],[-16.47,35.42],[-15.38,35.56],[-14.29,35.7],[-13.2,35.83],[-12.1,35.95],[-11.44,35.98],[-10.79,36.01],[-9.8,35.86],[-8.81,35.7],[-7.9,35.66],[-6.98,35.62],[-6.98,35.62],[-6.53,34.87],[-6.09,34.12],[-5.04,34.12],[-4.08,34.17],[-3.12,34.21],[-2.45,34.53],[-1.77,34.85],[-1.22,35.07],[-0.66,35.29],[0.17,35.61],[1.02,35.54],[1.87,35.59],[2.73,35.63],[3.28,35.51],[4.08,35.73],[4.93,35.79],[5.78,35.84],[6.54,35.76],[6.98,35.99],[7.68,36.05],[8.59,36.4],[9.3,36.2],[10.1,36.5],[10.74,36.64],[11.54,36.62],[12.25,36.93],[12.71,36.94],[12.71,36.94],[13.15,37.13],[13.65,37.33],[14.01,37.62],[14.31,37.93],[14.49,38.22],[14.65,38.47],[14.63,38.83],[14.5,39.27],[14.12,39.9],[13.32,40.51],[12.71,41.29],[12.27,41.54],[11.86,42.1],[11.69,42.75],[10.73,43.38],[10.24,43.84],[9.75,43.95],[9.17,43.93],[8.59,44.25],[8.27,44.21],[7.98,44.09],[7.56,44.27],[7.13,44.26],[6.72,44.23],[6.41,44.33],[6.33,44.33],[6.45,44.5],[6.68,44.72],[6.94,44.9],[7.59,44.77],[7.91,44.68],[8.35,44.65],[8.89,44.62],[9.4,44.7],[9.68,44.88],[10.37,45.09],[10.79,45.16],[11.11,45.19],[11.61,45.48],[12.21,45.06],[12.8,44.62],[12.9,44.46],[13.02,43.55],[13.56,42.74],[14,42.38],[14.85,42.11],[15.69,41.83],[16.39,41.79],[17.01,41.56],[17.22,41.4],[17.81,41],[17.97,40.63],[18.28,40.22],[18.28,40.22],[18.33,39.67],[18.38,39.11],[18.75,38.68],[19.12,38.24],[18.78,37.42],[18.4,36.51],[18.42,35.84],[18.7,35.18],[19.29,34.66],[19.86,34.14],[20.6,33.76],[21.46,33.32],[22.04,33.18],[22.61,33.03],[22.85,32.29],[23.08,31.56],[23.71,32.19],[24.35,32.82],[25.2,32.95],[25.9,33.16],[26.5,33.5],[27.44,33.91],[28.3,34.01],[29.16,34.1],[30.07,34.2],[30.98,34.3],[31.96,34.56],[32.95,34.8],[32.95,34.8],[33,34.69],[33.1,34.08],[33.1,34.08],[33.75,34.35],[34.41,34.61]]]}},{"type":"Feature","properties":{"ma":5,"type":"gpml:TopologicalClosedPlateBoundary","name":"Arabia ARB_005_001","pid":503,"deforming":false},"geometry":{"type":"Polygon","coordinates":[[[41.58,10.93],[41.59,11.24],[41.61,11.4],[41.61,11.4],[41.53,11.68],[41.46,11.99],[41.5,12.38],[41.47,12.76],[41.37,13.18],[41.31,13.76],[41.21,14.34],[40.89,14.91],[40.47,15.56],[40.09,16.05],[40.26,16.65],[40.05,17.19],[39.93,17.7],[39.7,18.19],[39.43,18.53],[39.01,18.79],[38.65,19.16],[38.3,19.54],[38.15,19.8],[38.02,20.11],[37.97,20.46],[37.56,21.32],[37.15,22.19],[36.95,22.69],[36.29,22.9],[35.95,23.36],[35.6,23.99],[35.38,24.72],[34.82,25.08],[34.71,25.74],[34.11,26.19],[33.93,26.85],[33.64,27.29],[33.7,27.27],[33.39,27.84],[33.46,28.07],[33.46,28.07],[33.39,28.1],[33.31,28.15],[33.31,28.15],[33.4,28.35],[33.42,28.85],[33.44,29.65],[33.55,30.15],[33.58,30.95],[33.8,31.74],[33.96,32.29],[34.13,32.84],[34.35,33.73],[34.48,34.53],[34.41,34.61],[34.41,34.61],[34.45,34.62],[34.94,34.81],[35.8,35.02],[36.48,35.32],[37.16,35.61],[38.24,35.93],[39.44,36.01],[40.33,36.1],[41.01,35.55],[41.67,34.99],[41.67,34.99],[42.28,34.44],[42.71,34.03],[43.12,33.62],[43.27,33.07],[43.42,32.53],[43.86,32.02],[44.29,31.51],[44.99,30.96],[46.06,30.69],[46.91,30.71],[47.64,30.44],[48.1,29.98],[48.21,29.32],[48.6,28.64],[48.9,28.09],[49.19,27.49],[49.38,27.08],[49.9,26.57],[50.48,26.02],[51.36,25.49],[52.13,25.22],[53.23,25.31],[53.93,25.51],[54.48,25.74],[55.2,26.08],[55.91,26.43],[56.49,26.76],[56.49,26.76],[56.6,26.71],[57.37,26.44],[58.14,26.18],[59.04,25.81],[59.94,25.44],[60.56,25.28],[61.18,25.12],[61.73,24.98],[62.27,24.83],[63.3,24.91],[64.29,24.98],[64.29,24.98],[63.72,24.27],[63.15,23.56],[62.58,22.85],[62.03,22.13],[61.54,21.33],[61.06,20.53],[60.58,19.72],[60.11,18.92],[59.64,18.11],[59.33,17.27],[59.02,16.42],[58.71,15.58],[58.4,14.73],[57.97,13.91],[57.55,13.08],[57.12,12.25],[56.7,11.42],[56.7,11.42],[56.49,11.64],[56.1,12.04],[55.7,12.44],[55.1,12.94],[54.5,13.44],[54.3,13.24],[53.51,13.69],[52.71,14.14],[52.36,13.69],[52.01,13.24],[51.22,13.54],[51.02,13.34],[50.42,13.54],[49.92,12.79],[49.42,12.04],[48.92,12.19],[48.43,12.34],[48.03,12.04],[47.03,11.94],[46.43,11.54],[45.59,11.5],[44.74,11.45],[44.54,11.15],[43.68,11.05],[42.81,10.95],[41.95,10.85],[41.57,10.76],[41.58,10.93]]]}},{"type":"Feature","properties":{"ma":5,"type":"gpml:TopologicalClosedPlateBoundary","name":"Australia AUS_005_003","pid":801,"deforming":false},"geometry":{"type":"MultiPolygon","coordinates":[[[[180,-18.65],[180,-19.62],[180,-20.59],[180,-21.56],[180,-22.53],[180,-23.5],[180,-24.47],[180,-25.44],[180,-26.41],[180,-27.38],[180,-28.35],[180,-29.31],[180,-30.28],[180,-31.25],[180,-32.22],[179.55,-33.09],[179.08,-33.95],[178.61,-34.81],[178.13,-35.68],[177.64,-36.53],[177.14,-37.39],[177.14,-37.39],[176.85,-37.45],[176.19,-37.6],[175.93,-37.58],[175.93,-37.58],[175.63,-37.25],[175.32,-36.81],[174.7,-36.32],[173.94,-36.03],[173.11,-35.78],[171.96,-35.51],[171.18,-35.45],[171.18,-35.45],[171.16,-35.47],[171.14,-35.79],[171.12,-36.02],[171.31,-36.38],[171.55,-36.85],[171.85,-37.42],[172.07,-37.83],[172.29,-38.24],[172.59,-38.79],[173.23,-39.32],[172.63,-39.97],[171.84,-40.54],[171.42,-40.96],[170.99,-41.37],[170.93,-41.93],[170.87,-42.48],[170.18,-43.31],[169.49,-43.7],[168.69,-44.36],[168.16,-44.81],[167.63,-45.24],[167.22,-46.2],[167.22,-46.2],[167.61,-46.4],[167.97,-46.63],[167.97,-46.63],[167.27,-47.01],[167.27,-47.01],[167.28,-47.05],[167.28,-47.16],[167.31,-47.49],[167.31,-47.49],[166.8,-48.19],[166.81,-48.46],[166.81,-48.47],[166.81,-48.47],[166.78,-48.52],[166.69,-48.75],[166.58,-48.97],[166.48,-49.16],[166.35,-49.39],[166.2,-49.67],[166.06,-49.86],[165.88,-50.07],[165.69,-50.2],[165.58,-50.29],[165.49,-50.37],[165.37,-50.47],[165.23,-50.61],[165.07,-50.78],[164.91,-50.97],[164.74,-51.19],[164.48,-51.56],[164.31,-51.83],[164.08,-52.18],[163.86,-52.5],[163.63,-52.65],[163.26,-52.95],[163.02,-53.16],[162.74,-53.38],[162.34,-53.67],[162.03,-53.97],[161.57,-54.48],[161.46,-54.7],[161.36,-55.03],[161.3,-55.34],[161.2,-55.63],[161.08,-55.89],[161.01,-56.07],[160.9,-56.24],[160.65,-56.48],[160.42,-56.55],[160.18,-56.64],[160.14,-56.66],[159.95,-56.75],[159.83,-56.78],[159.67,-56.79],[159.55,-56.81],[159.51,-56.86],[159.51,-56.93],[159.48,-57.04],[159.47,-57.22],[159.4,-57.43],[159.31,-57.68],[159.14,-57.89],[159.02,-58],[158.99,-58.05],[159.03,-58.24],[159.01,-58.5],[159.07,-58.83],[159.18,-59.16],[159.54,-59.61],[159.94,-59.97],[160.56,-60.33],[161.18,-60.56],[161.44,-60.91],[161.61,-61.09],[161.9,-61.72],[162.21,-62.36],[162.05,-63],[162,-63.87],[161.88,-64.04],[161.88,-64.04],[161.13,-63.46],[160.41,-62.88],[160.41,-62.88],[159.1,-63.2],[157.77,-63.51],[156.06,-63.73],[155.85,-63.57],[154.85,-62.71],[153.91,-61.84],[152.54,-62.07],[151.15,-62.29],[150.57,-61.49],[150.03,-60.68],[149.51,-59.88],[149.01,-59.07],[148.54,-58.26],[147.48,-58.43],[147.11,-57.68],[146.75,-56.93],[146.41,-56.18],[146.08,-55.43],[144.69,-55.6],[143.29,-55.75],[143.07,-55.19],[142.85,-54.62],[141.73,-54.71],[140.6,-54.78],[140.31,-54.05],[140.03,-53.32],[139.01,-53.39],[138.88,-52.71],[138.76,-52.03],[138.64,-51.35],[137.46,-51.35],[136.27,-51.35],[134.97,-51.38],[133.66,-51.39],[132.35,-51.39],[131.16,-51.4],[129.97,-51.39],[128.78,-51.37],[127.42,-51.31],[126.07,-51.24],[126.1,-50.6],[126.13,-49.96],[124.99,-49.88],[124.96,-50.36],[124.4,-50.36],[123.54,-50.14],[122.68,-49.91],[122.48,-50.52],[121.36,-50.49],[120.23,-50.46],[120.32,-50.07],[119.54,-49.91],[119.37,-50.56],[119.17,-50.53],[117.93,-50.48],[116.7,-50.42],[115.96,-50.25],[115.22,-50.08],[115,-50.76],[114,-50.63],[113.01,-50.5],[112.72,-51.06],[111.4,-50.87],[110.1,-50.67],[108.81,-50.45],[107.53,-50.22],[106.26,-49.98],[105.01,-49.72],[104.81,-49.97],[103.48,-49.66],[102.71,-49.46],[101.95,-49.26],[100.68,-48.95],[99.42,-48.61],[98.17,-48.27],[97.65,-48.88],[96.4,-48.46],[95.17,-48.03],[93.96,-47.58],[94.5,-46.82],[95.04,-46.06],[93.98,-45.66],[92.94,-45.25],[91.91,-44.83],[90.9,-44.41],[89.76,-43.97],[88.64,-43.51],[87.53,-43.04],[86.45,-42.57],[85.91,-43.17],[85.02,-42.73],[84.13,-42.29],[83.26,-41.84],[82.51,-42.66],[81.74,-43.47],[80.81,-42.95],[79.9,-42.43],[79.01,-41.9],[78.2,-42.55],[77.38,-42.04],[76.57,-41.53],[75.77,-41.01],[74.98,-40.49],[75.73,-39.8],[76.47,-39.1],[77.18,-38.41],[76.53,-37.8],[77.15,-37.4],[77.76,-36.99],[78.39,-36.39],[79.02,-35.78],[79.63,-35.17],[80.06,-34.63],[80.49,-34.08],[81.22,-33.37],[81.94,-32.67],[82.65,-31.96],[83.17,-31.33],[83.68,-30.7],[84.26,-29.87],[84.83,-29.05],[85.39,-28.22],[86.02,-27.58],[86.65,-26.94],[87.27,-26.3],[87.88,-25.65],[88.48,-25],[89.06,-24.42],[89.63,-23.83],[90.2,-23.25],[90.74,-22.57],[91.28,-21.89],[91.81,-21.21],[92.34,-20.52],[92.87,-19.84],[93.42,-19.18],[93.97,-18.52],[94.52,-17.86],[95,-17.08],[95.47,-16.31],[95.94,-15.53],[96.5,-14.79],[97.06,-14.04],[97.68,-13.59],[98.3,-13.14],[99.08,-12.68],[99.86,-12.23],[100.6,-11.79],[101.34,-11.35],[101.92,-10.93],[102.49,-10.51],[103.07,-10.08],[103.48,-9.78],[103.89,-9.47],[104.6,-8.94],[105.08,-8.59],[105.08,-8.59],[105.88,-8.66],[106.41,-8.74],[107.09,-8.83],[108.01,-8.95],[108.63,-8.98],[108.96,-8.99],[109.23,-9],[109.47,-9.01],[109.79,-9.02],[110.19,-9.04],[110.7,-9.06],[111.01,-9.05],[111.45,-9.04],[111.86,-9.04],[112,-9.03],[112.92,-9.02],[112.92,-9.02],[113.89,-9.15],[114.86,-9.13],[115.84,-9.1],[116.81,-9.07],[117.78,-9.03],[118.68,-9.07],[119.57,-9.1],[120.47,-9.13],[121.37,-9.15],[122.14,-9],[122.91,-8.85],[123.68,-8.69],[124.45,-8.53],[125.33,-8.39],[126.22,-8.25],[127.1,-8.11],[127.98,-7.97],[128.77,-7.77],[129.56,-7.58],[130.11,-7.16],[130.66,-6.73],[130.97,-6.41],[130.97,-6.41],[131.46,-6.69],[131.95,-6.97],[132.82,-7.47],[132.82,-7.47],[133.43,-7.52],[134.11,-7.5],[134.78,-7.47],[135.49,-7.47],[136.2,-7.47],[136.91,-7.46],[137.61,-7.66],[138.31,-7.87],[139.01,-8.07],[139.87,-8.49],[140.74,-8.9],[141.6,-9.37],[142.47,-9.84],[143.25,-10.08],[144.04,-10.31],[144.82,-10.55],[145.48,-11.19],[146.15,-11.84],[146.67,-12.24],[147.2,-12.65],[147.2,-12.65],[147.26,-12.62],[147.6,-12.74],[147.95,-12.86],[148.25,-12.96],[148.89,-13.17],[149.48,-13.32],[150.06,-13.46],[150.76,-13.26],[150.76,-13.26],[151.68,-13.19],[152.2,-13.23],[152.65,-12.98],[152.72,-12.71],[152.72,-12.71],[152.57,-12.59],[151.84,-12.8],[151.82,-12.72],[151.82,-12.72],[151.83,-12.58],[151.83,-12.58],[152.49,-12.54],[153.14,-12.5],[153.92,-12.23],[154.7,-11.95],[154.84,-12.21],[155.59,-11.95],[156.34,-11.69],[156.44,-11.92],[157.34,-11.55],[158.24,-11.17],[158.44,-11.43],[159.14,-11.08],[159.84,-10.72],[160.54,-10.36],[160.7,-10.61],[161.33,-10.27],[161.33,-10.27],[161.37,-10.3],[161.65,-10.37],[161.91,-10.48],[162.01,-10.56],[162.1,-10.66],[162.36,-10.84],[162.92,-11.21],[163.38,-11.48],[163.66,-11.7],[164.01,-12],[164.23,-12.09],[164.86,-12.28],[165.11,-12.31],[165.65,-12.23],[166.19,-12.15],[166.63,-12.09],[167.21,-12.02],[167.33,-11.99],[167.44,-12.01],[168.39,-11.7],[168.39,-11.7],[168.79,-12.38],[169.2,-13.07],[169.49,-13.7],[169.78,-14.33],[169.99,-15.21],[169.99,-15.21],[170.05,-15.68],[170.11,-15.89],[170.52,-16.46],[170.94,-17.03],[171.13,-17.26],[171.31,-17.58],[171.62,-18.05],[171.94,-18.52],[172.32,-19.11],[172.71,-19.69],[172.9,-19.9],[173.6,-20.65],[174.3,-21.4],[174.77,-21.67],[175.24,-21.95],[175.24,-21.95],[175.72,-21.12],[176.19,-20.28],[176.77,-19.64],[177.34,-19],[177.91,-18.36],[178.47,-17.72],[179.03,-17.07],[179.59,-16.43],[179.59,-16.43],[179.79,-17.06],[180,-17.69],[180,-18.65]]],[[[-180,-31.25],[-180,-30.28],[-180,-29.31],[-180,-28.35],[-180,-27.38],[-180,-26.41],[-180,-25.44],[-180,-24.47],[-180,-23.5],[-180,-22.53],[-180,-21.56],[-180,-20.59],[-180,-19.62],[-180,-18.65],[-180,-17.69],[-179.73,-18.48],[-179.47,-19.28],[-179.2,-20.08],[-178.92,-20.88],[-178.95,-21.67],[-178.98,-22.47],[-179,-23.27],[-179.03,-24.06],[-179.12,-24.95],[-179.22,-25.84],[-179.31,-26.73],[-179.41,-27.62],[-179.51,-28.51],[-179.61,-29.4],[-179.71,-30.29],[-179.81,-31.18],[-179.92,-32.07],[-180,-32.22],[-180,-31.25]]]]}},{"type":"Feature","properties":{"ma":5,"type":"gpml:TopologicalClosedPlateBoundary","name":"Caribbean","pid":224,"deforming":false},"geometry":{"type":"Polygon","coordinates":[[[-81.78,18.48],[-81.57,18.5],[-80.75,18.59],[-79.94,18.68],[-79.12,18.76],[-78.23,18.84],[-77.35,18.92],[-76.46,19],[-75.54,19.06],[-74.62,19.12],[-73.7,19.18],[-72.83,19.19],[-71.97,19.19],[-71.11,19.19],[-70.24,19.19],[-69.3,19.17],[-68.35,19.15],[-67.41,19.13],[-66.36,19.06],[-65.32,18.98],[-64.27,18.89],[-63.46,18.82],[-62.64,18.75],[-61.83,18.68],[-61.02,18.6],[-61.02,18.6],[-60.5,18.1],[-59.99,17.6],[-59.48,17.1],[-59.07,16.19],[-58.66,15.28],[-58.31,14.82],[-57.97,14.35],[-57.79,13.43],[-57.62,12.5],[-57.8,11.57],[-57.99,10.65],[-58.13,10.17],[-58.13,10.17],[-59.07,10.25],[-60.01,10.33],[-60.95,10.41],[-61.89,10.48],[-62.83,10.55],[-63.77,10.62],[-64.71,10.69],[-65.65,10.75],[-66.59,10.81],[-67.53,10.87],[-68.54,10.92],[-69.55,10.98],[-70.56,11.12],[-71.56,11.26],[-72.57,11.39],[-73.27,11.49],[-73.98,11.58],[-74.68,11.67],[-74.68,11.67],[-75.09,11.24],[-75.51,10.81],[-76.03,10.11],[-76.55,9.41],[-77.07,8.71],[-77.07,8.71],[-77.08,8.97],[-77.32,9.12],[-77.6,9.78],[-77.6,9.78],[-78.33,9.48],[-79.01,9.29],[-79.54,8.69],[-80.13,8.03],[-80.13,8.03],[-79.69,7.48],[-79.08,6.8],[-78.95,6.64],[-78.95,6.64],[-78.95,6.64],[-78.95,6.64],[-78.95,6.64],[-78.95,6.64],[-79.11,6.57],[-79.88,6.39],[-80.52,6.27],[-81.14,6.2],[-81.76,6.12],[-81.76,6.12],[-82.17,6.35],[-82.63,6.61],[-83.41,7.16],[-84.19,7.71],[-84.98,8.26],[-85.76,8.81],[-86.41,9.28],[-87.06,9.76],[-87.71,10.23],[-88.39,10.88],[-89.07,11.52],[-89.82,11.92],[-90.58,12.31],[-91.34,12.7],[-92.11,13.16],[-92.9,13.61],[-93.68,14.07],[-94.47,14.52],[-95.34,15.05],[-96.22,15.59],[-96.22,15.59],[-95.45,15.38],[-94.56,15.43],[-93.67,15.48],[-92.77,15.53],[-91.88,15.58],[-90.99,15.62],[-90.1,15.65],[-89.28,15.74],[-88.46,15.83],[-87.66,16.05],[-86.86,16.26],[-85.94,16.6],[-85.01,16.94],[-84.13,17.17],[-83.24,17.4],[-82.41,17.49],[-81.58,17.57],[-81.58,17.57],[-81.76,18.43],[-81.78,18.48]]]}},{"type":"Feature","properties":{"ma":5,"type":"gpml:TopologicalClosedPlateBoundary","name":"Cocos","pid":909,"deforming":false},"geometry":{"type":"Polygon","coordinates":[[[-102.16,1.43],[-102.1,1.91],[-102.22,2.77],[-102.34,3.63],[-102.47,4.49],[-102.59,5.35],[-102.71,6.03],[-102.82,6.72],[-102.93,7.4],[-103.52,7.44],[-104.11,7.49],[-104.09,8.34],[-104.09,8.74],[-104.09,9.2],[-103.15,9.31],[-103.17,9.67],[-103.19,10.24],[-103.21,10.79],[-103.35,11.28],[-103.53,11.95],[-103.56,12.37],[-103.6,12.97],[-103.63,13.55],[-103.82,14.21],[-104.03,14.92],[-104.04,15.64],[-104.05,16.43],[-103.7,17.18],[-103.35,17.93],[-103.18,18.22],[-103.18,18.22],[-103.15,18.2],[-102.45,17.78],[-102.02,17.56],[-102.02,17.56],[-101.31,17.28],[-100.6,17.01],[-99.89,16.73],[-99.02,16.44],[-98.15,16.16],[-97.29,15.87],[-96.75,15.73],[-96.22,15.59],[-96.22,15.59],[-95.34,15.05],[-94.47,14.52],[-93.68,14.07],[-92.9,13.61],[-92.11,13.16],[-91.34,12.7],[-90.58,12.31],[-89.82,11.92],[-89.07,11.52],[-88.39,10.88],[-87.71,10.23],[-87.06,9.76],[-86.41,9.28],[-85.76,8.81],[-85.19,8.41],[-84.61,8.01],[-84.04,7.61],[-84.04,7.61],[-84.1,7.03],[-85,7.13],[-85.11,6.24],[-85.22,5.35],[-85.32,4.46],[-85.43,3.57],[-85.54,2.68],[-85.64,1.79],[-85.75,0.9],[-86.65,0.98],[-87.55,1.06],[-87.66,0.09],[-88.32,0.17],[-88.5,-0.78],[-89.41,-0.6],[-90.31,-0.42],[-90.4,-1.05],[-91.03,-0.89],[-91.85,-0.76],[-92.7,-0.7],[-93.02,-0.14],[-93.35,0.42],[-94.01,0.58],[-94.52,0.72],[-95.3,0.9],[-96.08,1.07],[-96.86,1.24],[-97.51,1.26],[-98.16,1.27],[-98.73,1.29],[-99.3,1.3],[-99.31,1.06],[-100.2,1.16],[-101.09,1.26],[-101.98,1.36],[-101.98,1.36],[-102.01,1.3],[-102.12,1.18],[-102.15,0.92],[-102.16,1.43]]]}},{"type":"Feature","properties":{"ma":5,"type":"gpml:TopologicalClosedPlateBoundary","name":"Eurasia_5_4","pid":301,"deforming":false},"geometry":{"type":"Polygon","coordinates":[[[119.84,23.82],[119.67,23.03],[119.51,22.24],[119.34,21.45],[119.32,20.73],[119.31,20.02],[119.29,19.31],[118.86,18.6],[118.43,17.88],[118.45,17.16],[118.47,16.43],[118.5,15.7],[118.68,15.11],[118.86,14.51],[119.17,14.27],[119.17,14.27],[119.04,14.14],[118.94,13.86],[118.94,13.86],[119.15,13.41],[119.1,13.25],[119.1,13.25],[118.56,13.23],[118.25,13.23],[117.74,13.17],[117.67,13.17],[117.64,13.12],[117.58,13.08],[117.51,12.99],[117.45,12.93],[117.45,12.93],[116.92,12.9],[116.38,12.87],[115.91,13.18],[115.24,13.4],[115.12,13.03],[114.82,12.68],[114.26,12.56],[113.5,12.57],[112.93,12.37],[112.47,11.94],[112.1,11.64],[111.54,11.32],[110.7,10.9],[110.34,11.21],[110.28,11.98],[110.22,12.75],[110.22,12.75],[110.62,12.91],[111.43,13.23],[112.11,13.82],[112.08,14.18],[112.62,14.87],[112.64,15.12],[112.75,15.21],[113.25,15.51],[113.85,16.26],[114.01,16.69],[114.35,17.38],[114.59,17.59],[114.71,17.82],[114.69,17.89],[114.06,17.82],[113.78,17.83],[113.56,17.64],[113.15,17.29],[112.84,17.28],[112.64,17.48],[112.57,17.81],[112.86,18.37],[113.15,18.92],[113.65,19.12],[113.81,19.14],[114.34,18.96],[114.86,18.78],[115.34,18.79],[115.68,18.86],[115.85,18.93],[116,19.05],[116.14,19.23],[116.94,19.61],[117.6,19.69],[118.26,19.77],[118.69,20.27],[118.46,20.97],[118.23,21.66],[117.99,22.36],[117.67,23.24],[117.34,24.13],[117.01,25.02],[116.68,25.9],[116.68,25.9],[116.17,25.43],[115.67,24.96],[115.12,24.66],[114.58,24.36],[113.93,24.06],[113.3,23.76],[112.62,23.67],[111.95,23.58],[111.37,23.28],[110.79,22.98],[110.2,22.8],[109.49,22.55],[108.75,22.35],[107.74,22.61],[107.22,22.72],[106.36,22.4],[105.83,22.06],[105.3,21.67],[104.67,21.25],[104.59,21.23],[104.59,21.23],[104.16,21.64],[103.72,22.05],[103.13,22.47],[102.55,22.89],[101.95,23.31],[101.15,23.85],[100.33,24.39],[99.73,25],[99.13,25.61],[98.65,26.25],[98.16,26.88],[98.16,26.88],[98.2,26.94],[99.13,27.35],[100.06,27.77],[100.62,28.25],[100.62,28.25],[100.62,29],[100.62,29.75],[100.9,30.63],[101.43,31.16],[102.05,31.77],[102.49,32.25],[103.02,32.82],[103.28,33.37],[103.54,33.91],[103.62,34.44],[103.71,34.97],[103.51,35.52],[103.3,36.07],[102.88,36.88],[102.69,37.5],[102.49,38.12],[102.44,38.96],[102.79,39.8],[103.22,40.44],[103.78,41.17],[104.42,41.94],[104.51,42.05],[104.51,42.05],[104.47,42.11],[103.32,42.45],[102.15,42.77],[100.98,43.09],[99.79,43.39],[98.77,43.61],[97.73,43.82],[96.69,44.02],[95.65,44.21],[94.48,44.32],[93.32,44.43],[92.14,44.52],[90.97,44.6],[89.79,44.67],[88.66,44.76],[87.53,44.83],[86.4,44.9],[85.26,44.96],[84.13,45],[82.83,44.97],[81.53,44.93],[80.23,44.87],[78.94,44.8],[77.65,44.71],[76.55,44.54],[75.45,44.35],[74.37,44.16],[73.29,43.96],[72.21,43.75],[70.99,43.41],[69.79,43.06],[68.6,42.7],[67.72,41.94],[66.87,41.17],[66.04,40.4],[65.37,39.93],[64.72,39.45],[64.59,38.79],[64.46,38.13],[64.34,37.47],[64.18,36.8],[64.03,36.13],[63.88,35.46],[63.61,34.83],[63.35,34.2],[63.1,33.56],[62.55,33.15],[62,32.73],[61.42,32.48],[60.84,32.23],[60.24,32.39],[59.63,32.55],[59.49,33.06],[59.35,33.57],[59.14,34.27],[58.94,34.96],[58.72,35.66],[58.05,36.42],[57.35,37.17],[56.76,37.37],[56.17,37.57],[55.44,38.19],[54.69,38.82],[53.73,38.9],[52.75,38.98],[51.52,39],[50.29,39.01],[49.06,39],[47.83,38.98],[46.75,39.19],[45.67,39.4],[44.58,39.59],[43.49,39.77],[43.43,39.71],[43.43,39.71],[42.21,39.92],[40.98,40.12],[40.12,40.27],[39.26,40.41],[38.27,40.87],[37.26,41.33],[36.12,41.82],[35.45,41.92],[34.78,42.02],[34.02,42.12],[33.27,42.22],[32.55,42.31],[31.82,42.4],[30.49,42.54],[30.49,42.54],[30.47,42.53],[29.25,42.55],[28.03,42.57],[26.81,42.57],[25.84,42.63],[25.01,42.7],[24.18,42.77],[23.07,42.83],[22.23,42.96],[21.64,43.19],[21.17,43.42],[20.9,43.65],[21.01,44.06],[21.4,44.37],[21.4,44.37],[22.56,44.2],[23.82,44.35],[24.98,44.89],[24.99,45.69],[24.98,46.21],[24.31,46.93],[23.62,47.64],[23.06,48.12],[22.49,48.59],[21.63,49.02],[20.75,49.45],[19.71,49.44],[18.67,49.42],[17.27,49.25],[16.45,48.99],[16.05,48.74],[15.33,48.36],[15.08,48.06],[14.49,47.71],[13.63,47.53],[12.69,47.46],[11.54,47.41],[11.14,47.27],[9.94,47.21],[8.88,47.08],[8.46,46.86],[7.18,46.45],[7.02,46.36],[6.86,46.33],[6.68,46.25],[6.5,46.13],[6.17,46.08],[5.51,45.81],[5.13,45.49],[5.16,45.32],[5.09,45.23],[4.62,44.77],[4.15,44.32],[4.13,44.1],[4.24,43.57],[4.24,43.37],[4.33,43.25],[4.88,43.15],[4.88,43.15],[4.52,43.12],[3.79,43.05],[2.87,42.97],[1.96,42.88],[1.16,42.85],[0.37,42.81],[-0.83,42.93],[-2.03,43.03],[-2.69,42.88],[-3.35,42.72],[-3.35,42.72],[-3.07,42.57],[-2.45,42.36],[-1.83,42.15],[-0.86,42.08],[0.1,42.01],[1.11,41.94],[2.12,41.86],[2.22,41.85],[2.22,41.85],[3.25,41.88],[3.94,42.05],[4.63,42.21],[5.22,42.59],[5.81,42.97],[5.81,42.97],[5.88,43],[6.47,43.38],[6.41,44.33],[6.41,44.33],[6.57,44.28],[6.57,44.28],[7.03,43.96],[7.68,43.4],[8.2,42.83],[8.37,42.48],[8.57,41.91],[8.76,41.33],[8.89,40.85],[9.06,40.26],[9.16,39.7],[9.26,39.08],[9.35,38.51],[8.45,37.83],[7.57,37.14],[6.73,37.58],[5.89,38.01],[5.04,38.44],[4.29,38.33],[3.54,38.21],[2.44,38.06],[1.26,37.94],[0.07,37.86],[-1.03,38.13],[-1.03,38.13],[-1.81,37.7],[-2.58,37.26],[-3.37,37.02],[-4.15,36.78],[-4.93,36.53],[-5.99,36.12],[-7.03,35.7],[-6.98,35.62],[-6.98,35.62],[-7.9,35.66],[-8.81,35.7],[-9.8,35.86],[-10.79,36.01],[-11.44,35.98],[-12.1,35.95],[-13.2,35.83],[-14.29,35.7],[-15.38,35.56],[-16.47,35.42],[-17.54,35.36],[-18.61,35.29],[-19.68,35.22],[-20.81,35.18],[-21.95,35.13],[-23.08,35.06],[-24.08,35.02],[-25.08,34.97],[-26.08,34.91],[-27.19,34.88],[-28.29,34.84],[-29.4,34.79],[-30.57,34.73],[-31.74,34.67],[-32.91,34.6],[-34.07,34.51],[-34.75,34.55],[-34.75,34.55],[-34.62,34.85],[-34.28,34.79],[-34.01,35.42],[-33.84,35.67],[-33.6,35.63],[-33.45,35.91],[-33.36,35.9],[-33.24,36.32],[-33.08,36.3],[-32.93,36.7],[-31.75,36.44],[-31.63,36.78],[-31.3,36.75],[-30.9,37.49],[-30.75,37.49],[-30.58,37.84],[-30.24,38.52],[-30.05,38.5],[-29.98,39.17],[-29.9,39.85],[-29.69,39.84],[-29.65,40.04],[-29.55,40.36],[-29.73,40.41],[-29.72,40.57],[-29.66,40.73],[-29.54,40.99],[-29.5,41.22],[-29.46,41.47],[-29.49,41.7],[-29.53,41.87],[-29.49,42.21],[-29.47,42.49],[-29.24,43.24],[-28.96,43.2],[-28.89,43.36],[-28.77,43.72],[-28.77,43.72],[-28.45,43.68],[-28.14,44.2],[-27.84,44.72],[-27.51,45.49],[-27.38,46.05],[-27.35,46.53],[-27.55,47.25],[-27.61,47.34],[-27.67,47.43],[-27.75,47.54],[-27.74,47.73],[-27.93,47.77],[-27.92,47.94],[-27.95,48.08],[-28.06,48.25],[-28.19,48.41],[-28.32,48.54],[-28.4,48.65],[-28.56,49.31],[-29.94,49.53],[-30,50.37],[-30.28,50.45],[-30.23,51.36],[-30.22,51.46],[-30.22,51.46],[-31.14,51.46],[-32.66,51.63],[-34.19,51.78],[-35.66,51.85],[-35.66,51.85],[-35.66,51.86],[-35.52,52.67],[-35.37,53.49],[-35.22,54.31],[-34.91,55.14],[-34.59,55.98],[-33.74,55.93],[-33.72,55.93],[-33.72,55.93],[-33.71,55.95],[-33.58,56.16],[-33.42,56.13],[-33,56.87],[-32.7,56.83],[-31.7,57.56],[-31.25,57.81],[-30.67,58.27],[-30.08,58.73],[-28.95,59.5],[-28.17,60.07],[-27.36,60.63],[-26.52,61.19],[-25.69,61.72],[-24.82,62.25],[-23.92,62.78],[-22.82,63.32],[-21.68,63.84],[-20.92,64.17],[-19.99,64.4],[-19.31,64.58],[-18.84,64.72],[-17.93,64.96],[-17.58,65.07],[-17.58,65.07],[-17.82,65.6],[-17.77,65.95],[-17.83,66.28],[-17.72,66.65],[-17.58,66.93],[-17.48,67.18],[-17.24,67.47],[-16.92,67.77],[-16.51,68.02],[-16.06,68.31],[-15.69,68.59],[-15.27,68.81],[-14.95,69.05],[-14.65,69.33],[-14.32,69.64],[-14.08,69.9],[-13.76,70.25],[-13.49,70.55],[-13.11,70.8],[-12.79,70.84],[-10.74,70.63],[-8.73,70.4],[-6.77,70.14],[-6.77,70.14],[-6.3,70.52],[-5.63,70.6],[-5.13,70.69],[-3.64,70.89],[-1.97,71.18],[-0.37,71.44],[2.12,71.84],[3.08,72.01],[4.14,72.22],[5.26,72.44],[6.16,72.67],[6.77,72.89],[7.23,73.15],[7.27,73.32],[7.11,73.53],[6.29,73.93],[6.57,74.08],[5.26,74.33],[5.74,74.48],[6.35,74.66],[6.57,74.76],[5.65,74.93],[5.95,75.1],[4.95,75.38],[5.31,75.6],[5.71,75.76],[5.67,75.98],[5.28,76.06],[5.26,76.63],[4.23,76.82],[5.35,77.45],[4.49,77.66],[2.37,77.98],[1.67,78.34],[1.41,78.46],[1.59,78.71],[0.63,78.94],[-1.47,79.34],[-2.78,79.53],[-2.48,80.16],[-3.71,80.54],[-5.9,81.09],[-6.94,81.56],[-7.2,81.63],[-7.2,81.63],[-7.21,81.65],[-7.91,81.99],[-6.21,82.59],[-3.8,83],[-0.96,83.39],[1.14,83.67],[2.8,83.92],[4.97,84.21],[7.9,84.5],[11.7,84.84],[14.84,85.06],[17.62,85.16],[21.42,85.29],[23.82,85.36],[26.32,85.53],[29.96,85.86],[34.19,86.08],[38,86.29],[42.25,86.45],[44.15,86.55],[46.54,86.66],[48.76,86.58],[51.74,86.42],[55.15,86.35],[58.95,86.12],[63.1,85.92],[67.43,85.77],[72.89,85.61],[76.81,85.57],[84.94,85.41],[87.9,85.25],[91.18,85.21],[94.78,85.03],[97.18,84.84],[102.72,84.45],[108.66,83.94],[109.92,83.64],[111.87,83.24],[112.73,82.91],[113.64,82.5],[114.19,82.16],[115.38,81.9],[117.41,81.23],[117.42,80.89],[118.92,80.51],[120.02,80.27],[120.89,80.03],[121.68,79.68],[122.29,79.09],[122.43,78.71],[122.59,78.26],[122.95,77.67],[123.06,77.61],[123.06,77.61],[120.46,78],[117.69,78.36],[113.91,78.86],[109.79,79.31],[107.28,79.63],[103.44,80.29],[101.7,80.71],[99.79,81.12],[95.86,81.71],[92.17,82.07],[88.83,82.26],[85.29,82.43],[82.44,82.53],[80.47,82.6],[80.47,82.6],[78.87,82.14],[77.45,81.67],[77.45,81.67],[84.04,81.5],[90.3,81.22],[94.47,80.62],[98.14,79.97],[101.34,79.29],[104.17,78.57],[106.34,78.01],[108.32,77.44],[110.12,76.85],[111.29,76.2],[112.36,75.54],[113.34,74.87],[115.18,74.61],[116.96,74.34],[118.86,74.14],[120.71,73.93],[122.53,73.97],[125.69,73.56],[128.16,73.09],[130.54,72.58],[130.54,72.58],[129.85,72.59],[127.87,71.93],[126.02,71.26],[124.3,70.57],[124.09,69.72],[123.9,68.87],[124.14,68.13],[124.36,67.39],[125.43,66.87],[126.45,66.35],[127.88,65.82],[129.26,65.29],[130.73,64.69],[132.13,64.08],[133.92,63.95],[135.84,63.44],[137.69,62.89],[138.35,62.16],[138.98,61.43],[140.49,60.84],[141.93,60.24],[143.35,59.55],[143.35,59.55],[142.23,59.16],[141.12,58.77],[141.1,58.76],[141.1,58.76],[141.52,57.82],[141.91,56.88],[142.61,56.32],[143.3,55.76],[143.3,55.76],[143.45,54.84],[143.59,53.92],[143.73,52.99],[143.87,52.07],[143.85,51.22],[143.84,50.36],[143.82,49.5],[143.81,48.65],[143.7,47.79],[143.59,46.93],[143.49,46.07],[143.39,45.22],[143.29,44.36],[143.26,43.5],[143.23,42.64],[143.2,41.78],[143.2,41.73],[143.2,41.73],[143.47,41.93],[143.47,41.93],[143.31,41.32],[143.16,40.7],[142.99,39.79],[142.82,39.13],[142.65,38.47],[142.34,37.79],[142.03,37.11],[141.5,36.46],[140.89,36.05],[140.39,35.8],[139.79,35.59],[139.25,35.34],[138.74,35.13],[138.25,34.99],[137.9,34.8],[137.54,34.6],[137.15,34.38],[136.84,34.21],[136.13,33.83],[135.61,33.55],[135.1,33.26],[134.12,32.75],[133.38,32.33],[132.69,31.96],[132.09,31.57],[131.47,31.14],[130.85,30.71],[130.25,30.11],[129.65,29.5],[129.05,28.89],[128.56,28.31],[128.08,27.73],[127.69,27.34],[127.3,26.94],[126.82,26.54],[126.35,26.13],[126.01,25.88],[126.01,25.88],[125.6,25.4],[125.11,25.08],[124.62,24.76],[123.67,24.45],[122.73,24.14],[121.96,24.04],[121.18,23.94],[120.41,23.84],[119.84,23.82]]]}},{"type":"Feature","properties":{"ma":5,"type":"gpml:TopologicalClosedPlateBoundary","name":"India from PB03 GS","pid":501,"deforming":false},"geometry":{"type":"Polygon","coordinates":[[[55,8.12],[55.38,8.86],[55.76,9.6],[56.14,10.34],[56.52,11.08],[56.9,11.81],[57.27,12.54],[57.64,13.27],[58.02,14],[58.4,14.73],[58.71,15.58],[59.02,16.42],[59.33,17.27],[59.64,18.11],[60.11,18.92],[60.58,19.72],[61.06,20.53],[61.54,21.33],[62.03,22.13],[62.55,22.81],[63.08,23.48],[63.62,24.15],[64.16,24.82],[64.71,25.49],[65.23,26.28],[65.75,27.07],[66.28,27.86],[66.81,28.64],[66.85,28.71],[66.85,28.71],[67.6,29.33],[68.23,29.94],[68.4,30.42],[68.58,30.91],[69.08,31.42],[69.53,31.94],[69.98,32.47],[70.59,33.14],[71.14,32.63],[71.69,32.11],[72.39,31.6],[73.15,31.32],[73.72,30.62],[73.76,30.06],[74.54,29.58],[75.02,29.16],[75.64,28.98],[76.07,28.64],[76.41,28.3],[76.89,28.09],[77.17,27.8],[77.75,27.55],[78.18,27.5],[78.49,27.38],[78.98,27.19],[79.29,26.81],[80.12,26.56],[80.84,26.27],[81.56,25.98],[82.04,25.84],[82.53,25.69],[83.49,25.55],[84.11,25.48],[84.33,25.12],[84.67,25.05],[85.06,25.4],[85.58,25.29],[86.15,25.26],[87.09,25.4],[87.58,25.22],[88.13,25.31],[89.04,25.38],[89.56,25.41],[90.08,25.43],[90.99,25.5],[91.32,25.49],[91.93,25.88],[92.56,26.3],[93.19,26.57],[93.95,26.52],[94.48,26.5],[94.48,26.5],[94.03,25.73],[93.59,24.96],[93.05,24.31],[92.53,23.66],[92.01,23],[91.82,22.24],[91.64,21.49],[91.46,20.73],[91.61,19.85],[91.75,18.97],[91.9,18.09],[91.79,17.27],[91.69,16.45],[91.58,15.62],[91.35,14.73],[91.12,13.85],[90.9,12.96],[90.72,12.71],[90.72,12.71],[90.76,11.92],[90.79,11.12],[90.83,10.33],[90.93,9.39],[90.93,9.39],[90.53,8.96],[90.12,8.53],[89.61,7.99],[89.11,7.44],[88.63,6.94],[88.16,6.43],[87.69,5.92],[87.22,5.26],[86.75,4.61],[86.29,3.95],[85.46,3.56],[84.64,3.17],[83.82,2.78],[83.24,2.07],[82.66,1.36],[82.08,0.65],[81.4,0.03],[80.72,-0.58],[79.96,-0.9],[79.19,-1.21],[78.42,-1.53],[77.46,-1.76],[76.51,-2],[75.55,-2.24],[74.59,-2.48],[73.64,-2.71],[72.68,-2.95],[71.81,-3.03],[70.93,-3.11],[70.06,-3.18],[69.19,-3.26],[68.23,-3.3],[67.26,-3.34],[66.3,-3.38],[66.3,-3.38],[66.14,-3.23],[66.31,-3],[65.69,-2.53],[65.89,-2.23],[65.41,-1.89],[65.09,-1.65],[65.41,-1.19],[65.06,-0.92],[65.48,-0.36],[65.11,-0.13],[65.32,0.18],[64.91,0.46],[65.26,1.02],[64.43,1.53],[63.61,2.05],[63.41,1.79],[62.75,2.14],[62.08,2.49],[61.41,2.88],[60.74,3.28],[60.79,3.41],[60.25,3.79],[60.31,3.9],[59.66,4.41],[59,4.92],[58.34,5.43],[58.37,5.48],[57.79,5.97],[57.92,6.15],[57.7,6.32],[57.79,6.55],[57.11,6.99],[56.42,7.44],[55.74,7.88],[55.64,7.69],[55,8.12]]]}},{"type":"Feature","properties":{"ma":5,"type":"gpml:TopologicalClosedPlateBoundary","name":"Izu IZU_005_000","pid":659,"deforming":false},"geometry":{"type":"Polygon","coordinates":[[[144.15,23.41],[143.56,23.18],[143.32,23.17],[143.32,23.17],[142.94,23.96],[142.56,24.74],[142.17,25.53],[142.17,25.53],[141.37,25.28],[140.5,25.12],[140.5,25.12],[140.21,25.9],[139.93,26.7],[139.63,27.5],[139.38,28.27],[139.12,29.04],[138.86,29.81],[138.69,30.38],[138.51,30.95],[138.42,30.96],[138.18,31.59],[137.94,32.23],[137.71,32.96],[137.48,33.7],[137.24,34.43],[137.24,34.43],[137.54,34.6],[137.9,34.8],[138.25,34.99],[138.74,35.13],[139.25,35.34],[139.79,35.59],[140.39,35.8],[140.89,36.05],[141.5,36.46],[142.03,37.11],[142.34,37.79],[142.65,38.47],[142.82,39.13],[142.99,39.79],[143.16,40.7],[143.4,41.67],[143.4,41.67],[143.59,40.7],[143.54,39.82],[143.49,38.94],[143.55,38.16],[143.62,37.37],[143.64,36.48],[143.67,35.58],[143.77,34.76],[143.86,33.93],[143.85,33.43],[143.84,32.93],[143.83,32.43],[143.82,31.93],[143.88,31.26],[143.93,30.59],[143.98,29.93],[144.12,29.42],[144.26,28.92],[144.4,28.42],[144.54,27.92],[144.73,27.41],[144.92,26.91],[144.91,26.41],[144.9,25.91],[144.79,25.41],[144.68,24.91],[144.68,24.41],[144.67,23.91],[144.64,23.5],[144.15,23.41]]]}},{"type":"Feature","properties":{"ma":5,"type":"gpml:TopologicalClosedPlateBoundary","name":"Mariana MAR_005_000","pid":699,"deforming":false},"geometry":{"type":"Polygon","coordinates":[[[143.43,10.71],[143.8,11.37],[144.21,11.93],[144.63,12.48],[145.04,13.03],[145.4,13.72],[145.77,14.4],[146.13,15.08],[146.33,15.2],[146.28,15.72],[146.23,16.24],[146.4,16.3],[146.27,16.93],[146.14,17.45],[145.95,17.38],[145.61,18.25],[145.49,18.22],[145.36,18.47],[145.01,19.34],[144.65,20.22],[144.29,21.09],[143.97,21.79],[143.65,22.48],[143.32,23.17],[143.32,23.17],[143.56,23.18],[144.15,23.41],[144.59,23.49],[144.59,23.49],[144.87,23.18],[145.26,22.61],[145.65,22.04],[146.04,21.46],[146.43,20.89],[146.92,20.3],[147.41,19.71],[147.71,19.16],[148,18.6],[148.06,18.08],[148.12,17.57],[148.01,16.98],[147.9,16.39],[147.79,15.74],[147.68,15.1],[147.51,14.17],[147.35,13.23],[146.86,12.45],[146.38,11.67],[145.7,11.24],[145.02,10.81],[144.35,10.38],[143.7,10.21],[143.06,10.05],[143.43,10.71]]]}},{"type":"Feature","properties":{"ma":5,"type":"gpml:TopologicalClosedPlateBoundary","name":"Nazca","pid":911,"deforming":false},"geometry":{"type":"Polygon","coordinates":[[[-74.58,-17.37],[-74.13,-17.76],[-73.69,-18.14],[-73.05,-18.71],[-72.48,-19.29],[-72.06,-19.76],[-71.86,-20.03],[-71.64,-20.31],[-71.4,-20.55],[-71.34,-20.69],[-71.19,-21.37],[-71.18,-22.23],[-71.18,-23.09],[-71.28,-24.07],[-71.39,-25.04],[-71.5,-26.02],[-71.5,-26.02],[-71.51,-26.57],[-71.71,-27.48],[-71.91,-28.38],[-72.11,-29.28],[-72.31,-30.18],[-72.52,-31.09],[-72.74,-31.99],[-72.96,-32.89],[-73.18,-33.79],[-73.29,-34.13],[-73.29,-34.13],[-73.36,-34.51],[-73.54,-35.22],[-73.73,-35.93],[-73.92,-36.64],[-74.12,-37.33],[-74.33,-38.01],[-74.46,-38.53],[-74.52,-38.93],[-74.52,-38.93],[-74.72,-39.51],[-74.9,-39.8],[-74.97,-40.17],[-75.01,-40.46],[-75.1,-40.93],[-75.18,-41.22],[-75.31,-41.74],[-75.41,-42.12],[-75.5,-42.53],[-75.59,-42.96],[-75.72,-43.62],[-75.77,-43.88],[-75.85,-44.25],[-75.91,-44.58],[-75.97,-44.88],[-76.02,-45.25],[-76.05,-45.56],[-76.07,-45.81],[-76.08,-45.89],[-76.06,-46.12],[-76.05,-46.41],[-75.99,-46.84],[-76.09,-47.14],[-76.09,-47.14],[-76.87,-47.22],[-77.65,-47.3],[-77.74,-47.06],[-78.16,-47.14],[-78.4,-46.49],[-78.93,-46.57],[-79.07,-46.2],[-80.38,-46.38],[-81.7,-46.55],[-81.87,-45.89],[-82.04,-45.23],[-83.19,-45.41],[-84.35,-45.58],[-85.52,-45.74],[-85.66,-44.97],[-85.8,-44.2],[-85.94,-43.43],[-87.12,-43.57],[-87.25,-42.76],[-87.37,-41.96],[-88.05,-42.01],[-88.74,-42.07],[-88.78,-41.82],[-89.83,-41.91],[-90.88,-41.99],[-90.89,-41.72],[-91.87,-41.79],[-92.85,-41.86],[-93.83,-41.91],[-93.93,-41.44],[-94.73,-41.47],[-95.53,-41.49],[-95.62,-40.67],[-94.58,-40.62],[-94.63,-39.95],[-94.69,-39.28],[-95.59,-39.25],[-95.6,-38.66],[-96.46,-38.66],[-96.49,-38.04],[-96.51,-37.42],[-97.2,-37.42],[-97.9,-37.42],[-97.95,-36.94],[-98.99,-36.85],[-100.04,-36.75],[-101.08,-36.64],[-102.12,-36.52],[-103.15,-36.39],[-104.19,-36.25],[-105.13,-36.21],[-106.08,-36.17],[-107.02,-36.12],[-107.89,-35.99],[-108.76,-35.85],[-108.76,-35.85],[-108.67,-35.43],[-108.63,-35.12],[-108.63,-35.12],[-109.78,-34.98],[-110.88,-34.84],[-111.97,-34.69],[-113.06,-34.53],[-112.92,-33.58],[-112.77,-32.63],[-112.64,-31.68],[-112.5,-30.73],[-112.37,-29.78],[-112.24,-28.83],[-112.11,-27.88],[-112.67,-27.78],[-112.58,-27.36],[-113.44,-27.16],[-114.3,-26.95],[-115.29,-26.7],[-115.1,-25.77],[-114.92,-24.84],[-114.74,-23.92],[-114.56,-22.99],[-114.38,-22.06],[-114.21,-21.14],[-114.04,-20.21],[-113.87,-19.28],[-113.7,-18.35],[-113.54,-17.43],[-113.37,-16.5],[-113.21,-15.57],[-113.09,-14.85],[-112.96,-14.13],[-112.84,-13.42],[-112.17,-13.56],[-111.5,-13.7],[-111.24,-12.75],[-110.98,-11.79],[-110.73,-10.84],[-110.47,-9.89],[-110.22,-8.93],[-109.3,-9.13],[-108.38,-9.33],[-108.04,-8.39],[-107.7,-7.46],[-107.37,-6.53],[-107.03,-5.6],[-106.7,-4.67],[-105.85,-4.82],[-105,-4.97],[-104.15,-5.13],[-103.95,-4.18],[-103.39,-4.22],[-102.83,-4.27],[-102.71,-3.36],[-102.59,-2.46],[-102.48,-1.55],[-102.36,-0.64],[-102.24,0.27],[-102.12,1.18],[-102.01,1.3],[-101.98,1.36],[-101.98,1.36],[-101.09,1.26],[-100.2,1.16],[-99.31,1.06],[-99.3,1.3],[-98.73,1.29],[-98.16,1.27],[-97.51,1.26],[-96.86,1.24],[-96.08,1.07],[-95.3,0.9],[-94.52,0.72],[-94.01,0.58],[-93.35,0.42],[-93.02,-0.14],[-92.7,-0.7],[-91.85,-0.76],[-91.03,-0.89],[-90.4,-1.05],[-90.31,-0.42],[-89.41,-0.6],[-88.5,-0.78],[-88.32,0.17],[-87.66,0.09],[-87.55,1.06],[-86.65,0.98],[-85.75,0.9],[-85.64,1.79],[-85.54,2.68],[-85.43,3.57],[-85.32,4.46],[-85.22,5.35],[-85.11,6.24],[-85,7.13],[-84.1,7.03],[-84.04,7.61],[-84.04,7.61],[-83.33,7.11],[-82.63,6.61],[-82.17,6.35],[-81.76,6.12],[-81.76,6.12],[-81.14,6.2],[-80.52,6.27],[-79.88,6.39],[-79.11,6.57],[-78.95,6.64],[-78.95,6.64],[-78.67,6.31],[-78.05,5.64],[-77.72,4.72],[-77.82,3.98],[-77.82,3.98],[-78.07,3.75],[-78.11,3.53],[-78.27,3.37],[-78.49,3.05],[-78.72,2.84],[-78.98,2.52],[-79.26,2.14],[-79.51,1.79],[-79.66,1.59],[-79.87,1.25],[-80.09,0.91],[-80.27,0.5],[-80.42,0.18],[-80.55,-0.17],[-80.74,-0.62],[-80.87,-0.9],[-80.96,-1.25],[-81.08,-1.64],[-81.1,-1.89],[-81.14,-2.1],[-81.19,-2.47],[-81.24,-2.75],[-81.26,-3.01],[-81.29,-3.29],[-81.34,-3.67],[-81.34,-3.67],[-81.33,-4.53],[-81.31,-5.4],[-81.3,-6.26],[-81.28,-7.13],[-81.27,-8],[-80.92,-8.79],[-80.57,-9.59],[-80.22,-10.39],[-79.74,-11.12],[-79.26,-11.86],[-78.78,-12.59],[-78.3,-13.32],[-77.81,-14.06],[-77.31,-14.79],[-76.83,-15.3],[-76.62,-15.53],[-76.16,-15.96],[-75.71,-16.39],[-75.18,-16.86],[-74.64,-17.33],[-74.58,-17.37]]]}},{"type":"Feature","properties":{"ma":5,"type":"gpml:TopologicalClosedPlateBoundary","name":"NFB","pid":824,"deforming":false},"geometry":{"type":"Polygon","coordinates":[[[177.11,-19.26],[176.65,-19.77],[176.19,-20.28],[175.72,-21.12],[175.24,-21.95],[175.24,-21.95],[174.77,-21.67],[174.3,-21.4],[173.6,-20.65],[172.9,-19.9],[172.71,-19.69],[172.32,-19.11],[171.94,-18.52],[171.62,-18.05],[171.31,-17.58],[171.13,-17.26],[170.94,-17.03],[170.52,-16.46],[170.11,-15.89],[170.05,-15.68],[169.94,-15.01],[169.94,-15.01],[169.85,-14.61],[169.85,-14.61],[170.46,-14.53],[171.07,-14.45],[171.43,-14.48],[171.45,-14.56],[172.09,-14.62],[172.1,-14.77],[172.6,-14.79],[172.59,-14.93],[173.48,-14.94],[173.5,-15.08],[174.14,-15.06],[174.15,-14.8],[174.83,-14.69],[175.18,-14.49],[175.31,-14.45],[176.09,-14.09],[176.09,-14.09],[176.5,-14.91],[176.92,-15.72],[176.78,-15.79],[176.97,-16.17],[176.86,-16.29],[177.42,-17.05],[177.16,-17.8],[176.89,-18.55],[177.04,-18.54],[177.11,-19.26]]]}},{"type":"Feature","properties":{"ma":5,"type":"gpml:TopologicalClosedPlateBoundary","name":"Tonga TON_005_003","pid":821,"deforming":false},"geometry":{"type":"MultiPolygon","coordinates":[[[[180,-33.14],[180,-34.06],[180,-34.98],[180,-35.9],[180,-36.83],[180,-37.75],[180,-38.67],[179.94,-38.76],[179.94,-38.76],[179.88,-38.52],[179.76,-38.22],[179.79,-37.69],[179.25,-37.56],[178.61,-37.4],[177.93,-37.23],[177.93,-37.23],[177.14,-37.39],[177.14,-37.39],[177.64,-36.53],[178.13,-35.68],[178.61,-34.81],[179.08,-33.95],[179.55,-33.09],[180,-32.22],[180,-33.14]]],[[[180,-16.8],[180,-17.69],[179.74,-16.91],[179.49,-16.13],[179.81,-15.99],[180,-15.91],[180,-16.8]]],[[[-180,-16.8],[-180,-15.91],[-179.41,-15.67],[-178.81,-15.43],[-178.29,-15.46],[-177.76,-15.49],[-177.02,-15.73],[-176.44,-16.08],[-176.22,-16.96],[-176,-17.84],[-176,-18.47],[-176,-19.09],[-176.03,-19.65],[-176.05,-20.22],[-176.14,-21.2],[-176.22,-22],[-176.31,-22.8],[-176.53,-23.64],[-176.75,-24.49],[-176.83,-24.79],[-176.72,-25.65],[-176.61,-26.52],[-176.49,-27.03],[-176.49,-27.03],[-176.57,-27.34],[-176.72,-28.26],[-176.87,-29.17],[-177.02,-30.09],[-177.17,-31],[-177.33,-31.92],[-177.49,-32.83],[-177.68,-33.5],[-177.87,-34.17],[-178.03,-34.68],[-178.19,-35.19],[-178.38,-35.43],[-178.56,-36.01],[-178.76,-36.59],[-179.16,-37.29],[-179.58,-37.98],[-180,-38.67],[-180,-37.75],[-180,-36.83],[-180,-35.9],[-180,-34.98],[-180,-34.06],[-180,-33.14],[-180,-32.22],[-179.92,-32.07],[-179.81,-31.18],[-179.71,-30.29],[-179.61,-29.4],[-179.51,-28.51],[-179.41,-27.62],[-179.31,-26.73],[-179.22,-25.84],[-179.12,-24.95],[-179.03,-24.06],[-179,-23.27],[-178.98,-22.47],[-178.95,-21.67],[-178.92,-20.88],[-179.2,-20.08],[-179.47,-19.28],[-179.73,-18.48],[-180,-17.69],[-180,-16.8]]]]}},{"type":"Feature","properties":{"ma":5,"type":"gpml:TopologicalClosedPlateBoundary","name":"Scotia Plate NW15","pid":818,"deforming":false},"geometry":{"type":"Polygon","coordinates":[[[-46.49,-53.25],[-46.21,-53.25],[-44.98,-53.38],[-44.12,-53.51],[-44.12,-53.51],[-44.28,-53.59],[-44.51,-53.83],[-44.21,-53.98],[-43.38,-54.14],[-42.65,-54.28],[-42.24,-54.39],[-42.12,-54.44],[-40.8,-54.65],[-40.13,-54.73],[-39.49,-54.88],[-39.49,-54.88],[-39.51,-55.03],[-38.79,-55.4],[-37.93,-55.58],[-37.06,-55.75],[-36.15,-56.13],[-35.66,-56.15],[-34.71,-56.06],[-34.34,-55.79],[-34.07,-55.05],[-34.07,-55.05],[-33.24,-55.34],[-32.44,-55.75],[-32.28,-55.74],[-32.28,-55.74],[-32.37,-55.85],[-32.35,-56.02],[-32.32,-56.13],[-32.37,-56.21],[-32.87,-56.28],[-32.88,-56.39],[-32.89,-56.47],[-32.88,-56.58],[-32.87,-56.66],[-32.88,-56.81],[-32.92,-56.97],[-33.27,-56.98],[-33.27,-57.04],[-33.29,-57.1],[-33.28,-57.39],[-33.01,-57.38],[-32.91,-57.62],[-32.66,-57.62],[-32.66,-57.62],[-32.59,-58.12],[-32.37,-58.12],[-32.35,-58.78],[-32.51,-58.79],[-32.44,-59.33],[-32.05,-59.34],[-32.03,-59.9],[-32.03,-59.9],[-32.84,-59.98],[-33.18,-60.07],[-33.57,-60],[-34.2,-59.96],[-35.49,-60.2],[-36.21,-60.16],[-36.21,-60.16],[-36.24,-60.34],[-37.09,-60.58],[-37.47,-60.7],[-38.77,-61.13],[-38.77,-61.13],[-38.78,-60.79],[-38.92,-60.5],[-39.47,-60.04],[-40.54,-59.96],[-41.11,-60.05],[-41.11,-60.05],[-41.25,-60.16],[-41.68,-60.53],[-41.89,-60.71],[-42.01,-60.81],[-42.27,-61.04],[-42.77,-61.36],[-42.9,-61.42],[-42.9,-61.42],[-43.24,-61.3],[-44.41,-61],[-45.42,-60.92],[-45.42,-60.92],[-45.19,-60.7],[-45.01,-60.46],[-44.77,-60.16],[-44.46,-59.76],[-44.15,-59.37],[-44.15,-59.37],[-44.15,-59.36],[-44.59,-59.13],[-45.21,-59.14],[-45.8,-59.15],[-46.61,-59.22],[-47.41,-59.25],[-47.54,-59.3],[-47.54,-59.3],[-47.92,-59.8],[-48.2,-60.34],[-48.49,-60.87],[-48.54,-60.97],[-48.54,-60.97],[-49.67,-61.01],[-50.32,-61.01],[-51.23,-61],[-51.25,-60.99],[-51.25,-60.99],[-51.25,-60.98],[-51.04,-60.41],[-50.85,-59.88],[-50.55,-59.37],[-50.45,-59.2],[-50.32,-58.96],[-49.7,-58.31],[-49.7,-58.31],[-50.76,-58.18],[-51.81,-58.04],[-52.52,-58.82],[-53.03,-58.79],[-53.72,-59.62],[-55.08,-59.42],[-55.77,-60.14],[-56.5,-60.86],[-55.25,-61.09],[-55.62,-61.57],[-56,-62.06],[-56,-62.06],[-57.26,-61.36],[-58.85,-60.77],[-60.38,-60.15],[-62.03,-59.6],[-63.62,-59.04],[-64.6,-58.84],[-65.57,-58.64],[-66.11,-58.44],[-66.11,-58.44],[-66.69,-58.3],[-67.54,-58.06],[-68.18,-57.83],[-68.28,-57.8],[-68.28,-57.8],[-68.14,-57.6],[-67.21,-56.98],[-66.32,-56.36],[-65.16,-56.68],[-64.24,-55.94],[-63.79,-56.02],[-62.87,-55.32],[-62.47,-55],[-62.47,-55],[-62.31,-55.03],[-61.82,-55.13],[-61.34,-55.22],[-61.02,-55.28],[-60.62,-55.35],[-59.99,-55.31],[-59.15,-55.26],[-58.69,-55.33],[-58.11,-55.42],[-57.23,-55.45],[-56.24,-55.22],[-55.21,-54.97],[-55.27,-54.67],[-55.27,-54.67],[-54.93,-54.67],[-54.84,-54.68],[-54.69,-54.68],[-54.45,-54.68],[-54.3,-54.67],[-54.13,-54.64],[-53.98,-54.61],[-53.9,-54.59],[-53.64,-54.5],[-53.32,-54.58],[-52.91,-54.67],[-52.65,-54.62],[-52.29,-54.56],[-51.92,-54.49],[-51.65,-54.44],[-51.53,-54.1],[-51,-54.01],[-50.66,-53.94],[-50.3,-53.88],[-50.23,-53.69],[-50.18,-53.55],[-49.12,-53.54],[-49.12,-53.54],[-49.08,-53.57],[-48.62,-53.73],[-48.12,-53.74],[-47.72,-53.76],[-47.58,-53.76],[-47.1,-53.76],[-46.85,-53.75],[-46.74,-53.75],[-46.63,-53.75],[-46.38,-53.56],[-46.49,-53.25]]]}},{"type":"Feature","properties":{"ma":5,"type":"gpml:TopologicalClosedPlateBoundary","name":"Kamchatka","pid":406,"deforming":false},"geometry":{"type":"Polygon","coordinates":[[[155.25,49.08],[155.02,49.86],[154.9,50.53],[154.79,51.19],[154.61,52.17],[154.38,53.03],[154.14,53.9],[154.09,54.29],[154.09,54.29],[154.71,54],[154.71,54],[154.8,53.91],[155.14,53.1],[155.52,52.46],[155.9,51.82],[155.9,51.82],[155.97,51.7],[156.57,52.1],[157.17,52.49],[157.17,52.49],[158.29,53.12],[159.44,53.74],[160.13,54.3],[160.83,54.86],[161.55,55.41],[161.91,56.12],[162.27,56.82],[162.68,57.4],[162.68,57.4],[163.15,56.83],[163.87,56.14],[163.87,56.14],[164.92,55.7],[165.95,55.26],[166.96,54.8],[168.3,54.34],[169.6,53.85],[169.6,53.85],[168.54,53.78],[167.65,53.81],[166,53.7],[164.36,53.58],[162.74,53.43],[161.71,53.32],[160.69,53.21],[160.69,53.21],[160.39,52.9],[159.95,52.45],[159.52,52],[159.02,51.6],[158.53,51.19],[157.5,50.58],[156.51,49.96],[155.53,49.32],[155.25,49.08]]]}},{"type":"Feature","properties":{"ma":5,"type":"gpml:TopologicalClosedPlateBoundary","name":"Celebes Sea","pid":645,"deforming":false},"geometry":{"type":"Polygon","coordinates":[[[118.75,0.02],[118.55,0.63],[118.35,1.24],[118.35,1.93],[118.35,2.62],[117.97,3.36],[117.59,4.1],[118.01,4.92],[118.43,5.73],[118.45,6.03],[118.45,6.03],[119.16,6.59],[119.87,7.15],[120.47,7.85],[121.06,8.55],[121.58,8.78],[122.1,9.02],[122.1,9.02],[122.41,8.72],[122.59,8.52],[122.59,8.52],[122.61,8.42],[122.8,7.59],[122.98,6.76],[123.51,6.28],[124.04,5.8],[124.47,5.48],[124.89,5.16],[125.27,4.55],[125.64,3.94],[126.01,3.32],[126.43,2.56],[126.43,2.56],[126.24,1.96],[126.05,1.36],[125.94,0.8],[125.83,0.24],[125.83,0.24],[125.78,0.24],[124.83,0.21],[123.88,0.19],[122.93,0.16],[121.95,0.25],[120.96,0.33],[120.32,0.32],[119.67,0.31],[118.75,0.02]]]}},{"type":"Feature","properties":{"ma":5,"type":"gpml:TopologicalClosedPlateBoundary","name":"Palawan","pid":677,"deforming":false},"geometry":{"type":"Polygon","coordinates":[[[117.51,7.75],[116.93,8.54],[116.34,9.33],[116.34,9.33],[116.95,9.83],[117.56,10.34],[118.17,10.84],[118.53,10.95],[118.54,11.03],[119.01,11.69],[119.44,12.17],[119.86,12.65],[120.34,13.43],[120.34,13.43],[120.53,12.89],[120.72,12.35],[120.78,12.17],[120.78,12.17],[120.23,11.43],[119.68,10.7],[119.14,9.96],[118.59,9.23],[118.05,8.49],[117.51,7.75]]]}},{"type":"Feature","properties":{"ma":5,"type":"gpml:TopologicalClosedPlateBoundary","name":"South Sulu Sea","pid":646,"deforming":false},"geometry":{"type":"Polygon","coordinates":[[[122.1,9.02],[121.58,8.78],[121.06,8.55],[120.47,7.85],[119.87,7.15],[119.23,6.64],[118.59,6.14],[118.59,6.14],[118.28,6.63],[117.97,7.12],[117.51,7.75],[117.51,7.75],[118.05,8.49],[118.59,9.23],[119.14,9.96],[119.68,10.7],[120.23,11.43],[120.78,12.17],[120.78,12.17],[121.09,11.27],[121.17,10.33],[121.64,9.46],[122.1,9.02]]]}},{"type":"Feature","properties":{"ma":5,"type":"gpml:TopologicalClosedPlateBoundary","name":"South Banda Sea","pid":676,"deforming":false},"geometry":{"type":"Polygon","coordinates":[[[128.93,-7.74],[128.51,-7.42],[128.1,-7.11],[127.33,-6.71],[126.57,-6.31],[126.57,-6.31],[127.2,-5.99],[127.84,-5.67],[128.47,-5.35],[128.38,-5.19],[128.9,-4.92],[129.41,-4.65],[129.41,-4.65],[129.42,-4.66],[129.87,-5.21],[130.33,-5.75],[130.33,-5.75],[130.8,-6.32],[130.83,-6.34],[130.83,-6.34],[130.91,-6.47],[130.91,-6.47],[130.66,-6.73],[130.11,-7.16],[129.56,-7.58],[128.93,-7.74]]]}},{"type":"Feature","properties":{"ma":5,"type":"gpml:TopologicalClosedPlateBoundary","name":"North Banda Sea","pid":664,"deforming":false},"geometry":{"type":"Polygon","coordinates":[[[126.57,-6.31],[126.03,-6.02],[125.49,-5.74],[124.98,-5.46],[124.47,-5.19],[124.01,-4.86],[123.56,-4.52],[123.56,-4.52],[124.47,-4.43],[125.38,-4.33],[126.09,-4.37],[126.8,-4.4],[127.51,-4.43],[128.29,-4.63],[129.06,-4.84],[129.06,-4.84],[128.38,-5.19],[128.47,-5.35],[127.84,-5.67],[127.2,-5.99],[126.57,-6.31]]]}},{"type":"Feature","properties":{"ma":5,"type":"gpml:TopologicalClosedPlateBoundary","name":"Caroline Plate","pid":653,"deforming":false},"geometry":{"type":"Polygon","coordinates":[[[150.51,-0.93],[149.73,-0.96],[148.94,-0.99],[148.2,-1.18],[147.45,-1.36],[146.82,-1.28],[145.9,-1.54],[145.3,-1.75],[144.71,-1.96],[143.84,-1.84],[143.09,-2.13],[142.71,-2.41],[141.93,-2.95],[141.13,-3.41],[140.59,-3.89],[140.09,-3.98],[139.6,-4.07],[138.95,-4.5],[138.95,-4.5],[138.14,-4.24],[137.33,-3.97],[136.51,-3.7],[135.7,-3.52],[134.89,-3.35],[134.08,-3.17],[133.27,-3],[132.46,-2.82],[131.72,-2.6],[131.72,-2.6],[132.25,-2.12],[132.52,-1.3],[132.79,-0.48],[133.03,0.08],[133.26,0.63],[133.49,1.34],[133.73,2.05],[133.95,2.84],[134.17,3.62],[134.39,4.4],[134.91,5.01],[135.43,5.61],[136.13,6.22],[136.83,6.83],[137.48,6.97],[138.13,7.11],[138.62,7.41],[138.62,7.41],[139.12,7.5],[139.62,7.59],[140.33,8.21],[141.04,8.82],[141.04,8.82],[141.14,8.77],[141.99,8.37],[142.85,7.97],[143.7,7.57],[144.56,7.17],[145.41,6.77],[146.26,6.36],[147.11,5.96],[147.95,5.55],[148.81,5.53],[149.66,5.52],[150.52,5.5],[150.52,5.5],[150.65,4.71],[150.77,3.91],[150.9,3.12],[151.03,2.33],[151.16,1.53],[151.13,0.67],[151.09,-0.18],[151.06,-1.04],[150.51,-0.93]]]}},{"type":"Feature","properties":{"ma":5,"type":"gpml:TopologicalClosedPlateBoundary","name":"Philippine Sea Plate","pid":608,"deforming":false},"geometry":{"type":"Polygon","coordinates":[[[137.24,34.43],[137.48,33.7],[137.71,32.96],[137.94,32.23],[138.18,31.59],[138.42,30.96],[138.51,30.95],[138.69,30.38],[138.86,29.81],[139.12,29.04],[139.38,28.27],[139.63,27.5],[139.93,26.7],[140.21,25.9],[140.5,25.12],[140.5,25.12],[141.37,25.28],[142.17,25.53],[142.17,25.53],[142.61,24.64],[143.04,23.76],[143.46,22.87],[143.88,21.98],[144.29,21.09],[144.65,20.22],[145.01,19.34],[145.36,18.47],[145.49,18.22],[145.61,18.25],[145.95,17.38],[146.14,17.45],[146.27,16.93],[146.4,16.3],[146.23,16.24],[146.28,15.72],[146.33,15.2],[146.13,15.08],[145.77,14.4],[145.4,13.72],[145.04,13.03],[144.63,12.48],[144.21,11.93],[143.8,11.37],[143.43,10.71],[143.06,10.05],[143.06,10.05],[142.23,9.84],[142.23,9.84],[141.57,9.28],[140.92,8.72],[140.27,8.16],[139.62,7.59],[139.12,7.5],[138.62,7.41],[138.62,7.41],[138.13,7.11],[137.48,6.97],[136.83,6.83],[136.13,6.22],[135.43,5.61],[134.91,5.01],[134.39,4.4],[134.17,3.62],[133.95,2.84],[133.73,2.05],[133.49,1.34],[133.26,0.63],[133.03,0.08],[132.79,-0.48],[132.61,-1.05],[132.61,-1.05],[132.13,-0.85],[131.64,-0.65],[130.8,-0.3],[130.17,0.39],[129.95,0.79],[129.95,0.79],[129.93,1.39],[129.9,2],[129.6,2.6],[129.31,3.2],[129.01,3.8],[128.91,4.59],[128.81,5.37],[128.7,6.16],[128.6,6.94],[128.4,7.75],[128.19,8.56],[127.99,9.38],[127.78,10.19],[127.57,11],[127.07,11.86],[126.57,12.72],[126.07,13.57],[125.56,14.43],[125.13,14.91],[124.69,15.39],[124.41,16.1],[124.41,16.1],[124.53,16.43],[124.39,17.27],[124.25,18.11],[124.11,18.96],[123.97,19.8],[123.83,20.64],[123.74,21.39],[123.65,22.14],[123.7,22.92],[123.76,23.71],[123.81,24.5],[123.81,24.5],[124.62,24.76],[125.11,25.08],[125.6,25.4],[126.01,25.88],[126.01,25.88],[126.35,26.13],[126.82,26.54],[127.3,26.94],[127.69,27.34],[128.08,27.73],[128.56,28.31],[129.05,28.89],[129.65,29.5],[130.25,30.11],[130.85,30.71],[131.47,31.14],[132.09,31.57],[132.69,31.96],[133.38,32.33],[134.12,32.75],[135.1,33.26],[135.61,33.55],[136.13,33.83],[136.84,34.21],[137.15,34.38],[137.24,34.43]]]}},{"type":"Feature","properties":{"ma":5,"type":"gpml:TopologicalClosedPlateBoundary","name":"West Burma","pid":607,"deforming":false},"geometry":{"type":"Polygon","coordinates":[[[91.7,6.09],[91.21,6.96],[91.11,7.8],[91.02,8.64],[90.92,9.48],[90.83,10.33],[90.79,11.12],[90.76,11.92],[90.72,12.71],[90.72,12.71],[90.9,12.96],[91.12,13.85],[91.35,14.73],[91.58,15.62],[91.69,16.45],[91.79,17.27],[91.9,18.09],[91.75,18.97],[91.61,19.85],[91.46,20.73],[91.64,21.49],[91.82,22.24],[92.01,23],[92.53,23.66],[93.05,24.31],[93.59,24.96],[93.95,25.61],[94.33,26.24],[94.71,26.88],[94.92,27.7],[95.14,28.53],[95.19,28.96],[95.19,28.96],[95.38,28.13],[95.56,27.29],[95.74,26.46],[95.54,25.56],[95.34,24.65],[95.14,23.74],[94.95,22.83],[95,22.03],[95.04,21.23],[95.08,20.43],[95.31,19.46],[95.54,18.48],[95.77,17.51],[95.93,16.53],[96.09,15.55],[96.25,14.57],[96.25,14.57],[95.59,14.56],[94.98,14.55],[94.37,14.54],[94.37,13.84],[94.38,13.14],[94.18,13.13],[94.2,12.59],[94.04,12.59],[94.04,12.11],[93.56,12.07],[93.6,11.38],[93.68,10.38],[93.12,10.28],[92.46,10.14],[92.5,9.8],[92.17,9.72],[92.23,9.29],[92.36,8.86],[92.48,8.46],[92.22,8.39],[92.28,8.09],[92.4,7.77],[92.61,7.24],[92.87,6.79],[92.12,6.31],[91.7,6.09]]]}},{"type":"Feature","properties":{"ma":5,"type":"gpml:TopologicalClosedPlateBoundary","name":"Sumatra Forearc","pid":686,"deforming":false},"geometry":{"type":"Polygon","coordinates":[[[101.89,-7.11],[101.55,-6.85],[101.11,-6.27],[100.55,-5.66],[100,-5.06],[99.44,-4.45],[98.93,-3.79],[98.41,-3.12],[97.9,-2.46],[97.39,-1.79],[96.8,-0.99],[96.2,-0.2],[95.61,0.6],[95.01,1.4],[94.42,2.16],[93.83,2.91],[93.23,3.66],[92.63,4.42],[92.17,5.25],[91.7,6.09],[91.7,6.09],[92.12,6.31],[92.87,6.79],[92.61,7.24],[92.4,7.77],[92.28,8.09],[92.22,8.39],[92.48,8.46],[92.36,8.86],[92.23,9.29],[92.17,9.72],[92.5,9.8],[92.46,10.14],[93.12,10.28],[93.68,10.38],[93.6,11.38],[93.56,12.07],[94.04,12.11],[94.04,12.59],[94.2,12.59],[94.18,13.13],[94.38,13.14],[94.37,13.84],[94.37,14.54],[94.98,14.55],[95.59,14.56],[96.25,14.57],[96.25,14.57],[96.33,14.06],[96.33,14.06],[96.13,13.69],[95.88,12.83],[95.64,11.97],[95.63,11.22],[95.62,10.46],[95.61,9.71],[95.7,8.87],[95.79,8.04],[95.87,7.2],[96.16,6.24],[96.44,5.29],[96.71,5.07],[96.71,5.07],[96.94,4.54],[97.16,4.01],[97.46,3.32],[97.76,2.62],[98.27,1.82],[98.78,1.03],[99.29,0.23],[99.8,-0.56],[100.31,-1.36],[100.93,-2.14],[101.55,-2.92],[101.87,-3.55],[102.2,-4.18],[102.2,-4.79],[102.2,-5.39],[102.08,-5.95],[101.96,-6.51],[101.89,-7.11]]]}},{"type":"Feature","properties":{"ma":5,"type":"gpml:TopologicalClosedPlateBoundary","name":"NewBritain","pid":847,"deforming":false},"geometry":{"type":"Polygon","coordinates":[[[152.51,-1.48],[152.79,-1.67],[153.04,-1.69],[153.36,-1.8],[153.74,-1.91],[154.11,-2],[154.44,-2.15],[154.83,-2.35],[155.16,-2.57],[155.58,-2.85],[155.92,-2.87],[156.12,-2.92],[156.39,-3.16],[156.54,-3.34],[156.7,-3.42],[156.87,-3.78],[157.02,-4.07],[157.23,-4.36],[157.33,-4.69],[157.67,-5.03],[157.92,-5.31],[157.95,-5.64],[157.93,-6],[157.54,-6.33],[157.48,-6.65],[157.46,-7.17],[157.65,-7.6],[157.65,-7.6],[157.24,-7.29],[156.83,-6.98],[156.48,-6.68],[155.78,-6.39],[155.08,-6.1],[154.38,-5.81],[153.68,-5.52],[152.93,-4.99],[152.18,-4.46],[152.18,-4.46],[151.83,-4.49],[151.25,-4.86],[150.67,-5.23],[150.14,-5.71],[149.61,-6.19],[148.71,-6.46],[148.71,-6.46],[149.13,-5.97],[149.13,-5.97],[148.73,-5.62],[148.22,-5.62],[147.58,-5.51],[146.93,-5.4],[146.38,-5.52],[145.47,-5.55],[144.56,-5.59],[144.25,-5.6],[144.25,-5.6],[144.21,-5.57],[144.04,-5.52],[143.92,-5.49],[143.59,-5.29],[143.22,-5.3],[142.93,-5.38],[142,-5.69],[141.74,-5.77],[141.74,-5.77],[140.99,-5.41],[140.24,-5.05],[139.49,-4.68],[138.95,-4.5],[138.95,-4.5],[139.6,-4.07],[140.09,-3.98],[140.59,-3.89],[141.13,-3.41],[141.93,-2.95],[142.71,-2.41],[143.09,-2.13],[143.84,-1.84],[144.71,-1.96],[145.3,-1.75],[145.9,-1.54],[146.82,-1.28],[147.45,-1.36],[148.2,-1.18],[148.94,-0.99],[149.73,-0.96],[150.51,-0.93],[151.28,-1.09],[152.05,-1.24],[152.51,-1.48]]]}},{"type":"Feature","properties":{"ma":5,"type":"gpml:TopologicalClosedPlateBoundary","name":"Capricorn Plate (Kremeer et al 2003 AT)","pid":511,"deforming":false},"geometry":{"type":"Polygon","coordinates":[[[71.91,-28.67],[71.34,-28.12],[71.06,-28.21],[70.46,-27.72],[69.86,-27.23],[69.27,-26.73],[69.21,-26.77],[68.42,-26.3],[68.42,-26.3],[68.36,-26.33],[68.36,-26.33],[68.35,-26.28],[68.08,-25.75],[68,-25.5],[68.09,-25.46],[67.85,-24.89],[67.6,-24.32],[67.73,-24.27],[67.31,-23.43],[67.7,-23.12],[67.23,-22.5],[66.75,-21.89],[66.28,-21.27],[66.03,-21.39],[65.59,-20.96],[65.1,-21.21],[64.51,-20.48],[63.93,-19.75],[63.36,-19.02],[63.95,-18.65],[64.54,-18.28],[65.12,-17.91],[64.81,-17.41],[65.28,-17.12],[65.75,-16.84],[65.27,-16.17],[64.8,-15.5],[64.33,-14.83],[64.62,-14.66],[64.53,-14.48],[65.08,-14.12],[64.66,-13.51],[64.24,-12.9],[64.82,-12.5],[64.72,-12.34],[64.57,-12.12],[65.04,-11.79],[64.67,-11.29],[64.78,-11.2],[64.7,-11.08],[65.11,-10.72],[65.52,-10.36],[66.03,-9.92],[66.53,-9.47],[66.53,-9.47],[67.33,-9.53],[68.12,-9.58],[68.33,-9.02],[68.53,-8.46],[69.13,-7.91],[69.72,-7.37],[70.31,-6.82],[71.1,-6.73],[71.89,-6.63],[72.68,-6.53],[73.46,-6.43],[74.31,-6.29],[75.16,-6.15],[76,-6],[76.7,-5.99],[77.4,-5.98],[78.09,-5.96],[78.91,-6.08],[79.73,-6.2],[80.55,-6.31],[81.39,-6.36],[82.24,-6.4],[83.09,-6.44],[83.94,-6.47],[84.86,-6.49],[85.78,-6.51],[86.33,-6.69],[86.33,-6.69],[86.31,-7.67],[86.28,-8.66],[86.26,-9.65],[86.21,-10.47],[86.15,-11.28],[86.1,-12.1],[86.05,-12.91],[85.99,-13.89],[85.92,-14.86],[85.86,-15.83],[85.7,-16.73],[85.54,-17.62],[85.37,-18.51],[85.21,-19.4],[85.07,-20.26],[84.93,-21.12],[84.8,-21.97],[84.65,-22.83],[84.51,-23.68],[84.37,-24.52],[84.22,-25.37],[84.07,-26.22],[83.98,-26.56],[83.98,-26.56],[83.38,-26.78],[82.77,-27],[82.08,-27.02],[81.58,-27.73],[81.07,-28.44],[80.22,-28.53],[79.37,-28.62],[78.51,-28.7],[77.66,-28.77],[76.65,-28.84],[75.65,-28.9],[74.71,-28.85],[73.78,-28.8],[72.85,-28.74],[71.91,-28.67]]]}},{"type":"Feature","properties":{"ma":5,"type":"gpml:TopologicalClosedPlateBoundary","name":"Southeast Sulawesi","pid":566,"deforming":false},"geometry":{"type":"Polygon","coordinates":[[[120.73,-4.3],[121.71,-4.46],[122.7,-4.61],[123.56,-4.52],[123.56,-4.52],[124.01,-4.86],[124.47,-5.19],[124.98,-5.46],[125.49,-5.74],[126.36,-6.2],[127.23,-6.66],[128.1,-7.11],[128.51,-7.42],[128.93,-7.74],[128.93,-7.74],[127.98,-7.97],[127.1,-8.11],[126.22,-8.25],[125.33,-8.39],[124.45,-8.53],[123.68,-8.69],[122.91,-8.85],[122.14,-9],[121.37,-9.15],[120.45,-9.13],[120.45,-9.13],[120.41,-8.39],[120.38,-7.66],[120.25,-7.06],[120.12,-6.46],[119.95,-5.53],[119.78,-4.6],[119.74,-4.15],[120.73,-4.3]]]}},{"type":"Feature","properties":{"ma":5,"type":"gpml:TopologicalClosedPlateBoundary","name":"Antarctica","pid":802,"deforming":false},"geometry":{"type":"Polygon","coordinates":[[[180,-68.68],[180,-69.65],[180,-70.62],[180,-71.59],[180,-72.56],[180,-73.53],[180,-74.5],[180,-75.46],[180,-76.43],[180,-77.4],[180,-78.37],[180,-79.34],[180,-80.31],[180,-81.28],[180,-82.25],[180,-83.22],[180,-84.19],[180,-85.15],[180,-86.12],[180,-87.09],[180,-88.06],[180,-89.03],[180,-90],[-180,-90],[-180,-89.03],[-180,-88.06],[-180,-87.09],[-180,-86.12],[-180,-85.15],[-180,-84.19],[-180,-83.22],[-180,-82.25],[-180,-81.28],[-180,-80.31],[-180,-79.34],[-180,-78.37],[-180,-77.4],[-180,-76.43],[-180,-75.46],[-180,-74.5],[-180,-73.53],[-180,-72.56],[-180,-71.59],[-180,-70.62],[-180,-69.65],[-180,-68.68],[-180,-67.71],[-178.57,-67.2],[-177.21,-66.67],[-177.26,-66.62],[-177.26,-66.62],[-175.84,-65.8],[-174.2,-66.27],[-172.68,-65.5],[-171.24,-64.71],[-169.56,-65.16],[-168.27,-64.46],[-167.04,-63.76],[-165.88,-63.04],[-164.34,-63.46],[-162.76,-63.86],[-161.93,-63.33],[-161.14,-62.79],[-160.09,-63.1],[-159.03,-63.41],[-158.61,-63.09],[-157.09,-63.46],[-155.54,-63.81],[-153.94,-64.15],[-152.96,-63.44],[-152.03,-62.72],[-151.14,-61.99],[-150.3,-61.26],[-151.22,-61.05],[-150.33,-60.16],[-149.33,-60.41],[-148.53,-59.65],[-147.76,-58.88],[-147.03,-58.11],[-146.37,-58.27],[-145.68,-57.64],[-145.02,-57.01],[-144.38,-56.37],[-143.03,-56.72],[-141.66,-57.06],[-140.26,-57.38],[-138.84,-57.69],[-137.39,-57.98],[-136.81,-57.24],[-136.24,-56.49],[-135.7,-55.75],[-135.18,-55],[-134.68,-54.25],[-133.2,-54.62],[-131.7,-54.97],[-130.17,-55.3],[-128.61,-55.62],[-127.03,-55.91],[-125.43,-56.18],[-123.81,-56.43],[-123.5,-55.95],[-122.04,-56.21],[-120.56,-56.46],[-119.06,-56.69],[-118.6,-55.84],[-118.17,-54.98],[-117.56,-55.07],[-117.11,-54.2],[-116.69,-53.32],[-117.23,-53.26],[-116.83,-52.44],[-116.43,-51.62],[-116.05,-50.81],[-115.69,-49.99],[-114.54,-50.15],[-113.38,-50.31],[-112.22,-50.45],[-111.78,-49.5],[-111.35,-48.56],[-110.94,-47.61],[-110.55,-46.66],[-110.17,-45.71],[-109.8,-44.76],[-109.44,-43.8],[-109.09,-42.85],[-108.76,-41.89],[-108.43,-40.94],[-108.12,-39.98],[-108.86,-39.91],[-109.59,-39.83],[-109.38,-38.84],[-109.17,-37.86],[-108.97,-36.87],[-108.77,-35.88],[-108.76,-35.85],[-108.76,-35.85],[-107.89,-35.99],[-107.02,-36.12],[-106.08,-36.17],[-105.13,-36.21],[-104.19,-36.25],[-103.15,-36.39],[-102.12,-36.52],[-101.08,-36.64],[-100.04,-36.75],[-98.99,-36.85],[-97.95,-36.94],[-97.9,-37.42],[-97.2,-37.42],[-96.51,-37.42],[-96.49,-38.04],[-96.46,-38.66],[-95.6,-38.66],[-95.59,-39.25],[-94.69,-39.28],[-94.63,-39.95],[-94.58,-40.62],[-95.62,-40.67],[-95.53,-41.49],[-94.73,-41.47],[-93.93,-41.44],[-93.83,-41.91],[-92.85,-41.86],[-91.87,-41.79],[-90.89,-41.72],[-90.88,-41.99],[-89.83,-41.91],[-88.78,-41.82],[-88.74,-42.07],[-88.05,-42.01],[-87.37,-41.96],[-87.25,-42.76],[-87.12,-43.57],[-85.94,-43.43],[-85.8,-44.2],[-85.66,-44.97],[-85.52,-45.74],[-84.35,-45.58],[-83.19,-45.41],[-82.04,-45.23],[-81.87,-45.89],[-81.7,-46.55],[-80.38,-46.38],[-79.07,-46.2],[-78.93,-46.57],[-78.4,-46.49],[-78.16,-47.14],[-77.74,-47.06],[-77.65,-47.3],[-76.87,-47.22],[-76.09,-47.14],[-76.09,-47.14],[-76.1,-47.18],[-76.27,-47.52],[-76.53,-47.93],[-76.79,-48.41],[-76.95,-48.71],[-77.08,-48.97],[-77.19,-49.19],[-77.35,-49.55],[-77.41,-50],[-77.36,-50.35],[-77.29,-50.68],[-77.24,-50.93],[-77.13,-51.22],[-77.02,-51.56],[-76.84,-51.92],[-76.63,-52.31],[-76.54,-52.62],[-76.53,-52.79],[-76.47,-53.12],[-76.42,-53.49],[-76.35,-53.85],[-76.23,-54.22],[-76.19,-54.29],[-75.89,-54.66],[-75.55,-54.89],[-74.95,-55.27],[-74.5,-55.52],[-74.32,-55.63],[-74.04,-55.77],[-73.74,-55.91],[-73.44,-56.06],[-73.11,-56.22],[-72.77,-56.38],[-72.53,-56.48],[-72.25,-56.61],[-72.07,-56.69],[-71.9,-56.79],[-71.47,-56.96],[-71.01,-57.08],[-70.41,-57.25],[-69.97,-57.36],[-69.57,-57.47],[-69.29,-57.55],[-69.01,-57.61],[-68.76,-57.66],[-68.49,-57.74],[-68.18,-57.83],[-67.54,-58.06],[-67.37,-58.11],[-67.37,-58.11],[-67.73,-58.28],[-68.48,-58.74],[-67.45,-59.27],[-68.46,-59.78],[-69.5,-60.29],[-68.59,-60.93],[-67.64,-61.58],[-66.65,-62.21],[-65.61,-62.84],[-66.84,-63.27],[-66.28,-63.63],[-66.28,-63.63],[-64.85,-63.35],[-63.77,-63.03],[-62.57,-62.66],[-62.17,-62.56],[-62.17,-62.56],[-60.96,-62.96],[-59.76,-63.28],[-58.53,-63.58],[-57.27,-63.9],[-56.69,-64.04],[-55.78,-64.25],[-54.51,-64.53],[-53.68,-64.71],[-53.07,-64.79],[-50.86,-65.04],[-50.86,-65.04],[-50.23,-64.81],[-49.84,-64.67],[-50.36,-64.38],[-50.53,-64.28],[-50.9,-64.07],[-51.63,-63.62],[-51.86,-63.48],[-52.42,-63.13],[-52.75,-62.92],[-53.44,-62.45],[-53.44,-62.45],[-52.98,-62.08],[-52.07,-61.81],[-51.57,-61.61],[-51.23,-61.51],[-50.86,-61.39],[-49.74,-61.37],[-49.74,-61.37],[-49.81,-61.53],[-49.86,-61.58],[-49.9,-61.79],[-48.8,-62.35],[-48.59,-62.45],[-48.33,-62.58],[-47.83,-62.81],[-47.52,-62.95],[-46.62,-63.36],[-46.28,-63.51],[-46.1,-63.59],[-45.93,-63.66],[-45.34,-63.91],[-44.34,-63.73],[-42.89,-63.33],[-42.3,-63.1],[-42.05,-63.04],[-42.05,-63.04],[-41.53,-63.03],[-39.92,-62.56],[-37.96,-62.15],[-36.99,-61.76],[-36.05,-61.37],[-34.83,-60.83],[-33.89,-60.89],[-33.3,-60.92],[-33.3,-60.92],[-33.27,-60.94],[-33.15,-61.12],[-32.23,-61.24],[-31.39,-61.12],[-31.37,-60.94],[-31.48,-60.92],[-31.48,-60.92],[-31.48,-60.92],[-30.47,-60.98],[-30.47,-60.98],[-30.13,-60.98],[-30.11,-61.13],[-30.11,-61.14],[-30.11,-61.14],[-28.32,-61.23],[-26.51,-61.28],[-24.7,-61.32],[-22.88,-61.33],[-21.07,-61.32],[-19.26,-61.28],[-19.15,-60.52],[-18.02,-60.51],[-18.02,-59.96],[-17.13,-59.98],[-17.09,-59.7],[-15.77,-59.67],[-15.74,-58.88],[-14.57,-58.9],[-13.4,-58.9],[-13.4,-58.6],[-11.98,-58.52],[-10.57,-58.42],[-8.9,-58.32],[-7.25,-58.21],[-7.21,-57.59],[-5.85,-57.55],[-5.83,-56.86],[-4.2,-56.78],[-4.2,-56.1],[-2.76,-55.98],[-2.06,-55.89],[-0.92,-55.26],[-0.54,-55.57],[-0.54,-55.57],[-0.01,-55.4],[0.42,-55.04],[1.2,-55.32],[1.77,-54.94],[2.32,-54.55],[3.13,-54.87],[3.95,-55.18],[4.45,-54.82],[5.2,-55.05],[5.99,-54.41],[7.26,-54.85],[7.99,-54.29],[8.71,-53.74],[9.41,-53.17],[10.69,-53.66],[11.28,-53.11],[11.86,-52.56],[13.08,-53.04],[13.53,-52.58],[14.53,-52.93],[14.99,-52.34],[16.07,-52.68],[17.17,-53.02],[18.29,-53.34],[19.67,-53.54],[21.05,-53.72],[22.45,-53.88],[23.51,-54.01],[24.58,-54.12],[25.04,-53.44],[25.87,-53.58],[26.7,-53.72],[27.02,-53.2],[27.94,-53.37],[28.26,-52.56],[29.16,-52.78],[29.58,-51.93],[30,-51.08],[30.4,-50.23],[30.78,-49.37],[31.15,-48.52],[31.51,-47.66],[32.53,-47.74],[32.86,-47.1],[33.18,-46.47],[34.14,-46.63],[34.36,-46.08],[34.57,-45.52],[35.7,-45.58],[35.82,-45.23],[37.12,-44.92],[38.41,-44.6],[38.83,-43.8],[39.43,-43.91],[39.52,-44.15],[40.2,-44.29],[40.88,-44.42],[41.18,-43.62],[41.69,-43.57],[41.84,-42.88],[41.99,-42.2],[42.14,-41.51],[43.21,-41.24],[44.28,-40.95],[45.33,-40.65],[45.5,-39.94],[45.66,-39.22],[46.63,-39.13],[46.63,-39],[46.69,-38.57],[47.88,-38.28],[49.06,-37.97],[50.29,-37.84],[51.51,-37.7],[51.61,-37.1],[51.71,-36.5],[52.87,-36.46],[52.94,-35.85],[53.37,-35.47],[53.8,-35.1],[53.85,-35.11],[54.72,-35.02],[54.75,-34.56],[54.98,-34.5],[54.95,-34.22],[55.6,-34.07],[56.25,-33.91],[56.35,-33.09],[56.44,-32.26],[56.84,-32.25],[56.84,-32.16],[57.26,-32.17],[57.26,-32.12],[57.61,-32.08],[57.67,-31.54],[58.28,-31.4],[58.29,-31.39],[58.32,-30.9],[58.96,-30.83],[58.95,-30.93],[59.81,-30.86],[59.93,-30.22],[60.05,-29.59],[60.91,-29.11],[61.75,-28.64],[62.31,-28.45],[62.85,-28.25],[63.95,-28.14],[64.51,-28.01],[65.06,-27.88],[66.13,-27.58],[66.28,-27.24],[66.58,-27.15],[66.59,-26.93],[66.95,-26.9],[67.52,-26.69],[68.08,-26.48],[68.42,-26.3],[68.42,-26.3],[69.21,-26.77],[69.27,-26.73],[69.86,-27.23],[70.46,-27.72],[71.06,-28.21],[71.34,-28.12],[72.05,-28.8],[72.76,-29.48],[72.42,-29.77],[72.94,-30.15],[73.46,-30.54],[73.11,-31.02],[73.9,-31.64],[74.69,-32.26],[74.33,-32.69],[75.24,-33.33],[76.16,-33.96],[75.63,-34.5],[75.09,-35.04],[75.81,-35.51],[76.55,-35.98],[76.4,-36.21],[76.9,-36.56],[77.4,-36.92],[76.94,-37.33],[76.47,-37.75],[77.18,-38.41],[76.47,-39.1],[75.73,-39.8],[74.98,-40.49],[75.77,-41.01],[76.57,-41.53],[77.38,-42.04],[78.2,-42.55],[79.01,-41.9],[79.9,-42.43],[80.81,-42.95],[81.74,-43.47],[82.51,-42.66],[83.26,-41.84],[84.13,-42.29],[85.02,-42.73],[85.91,-43.17],[86.45,-42.57],[87.53,-43.04],[88.64,-43.51],[89.76,-43.97],[90.9,-44.41],[91.91,-44.83],[92.94,-45.25],[93.98,-45.66],[95.04,-46.06],[94.5,-46.82],[93.96,-47.58],[95.17,-48.03],[96.4,-48.46],[97.65,-48.88],[98.17,-48.27],[99.42,-48.61],[100.68,-48.95],[101.95,-49.26],[102.71,-49.46],[103.48,-49.66],[104.81,-49.97],[105.01,-49.72],[106.26,-49.98],[107.53,-50.22],[108.81,-50.45],[110.1,-50.67],[111.4,-50.87],[112.72,-51.06],[113.01,-50.5],[114,-50.63],[115,-50.76],[115.22,-50.08],[115.96,-50.25],[116.7,-50.42],[117.93,-50.48],[119.17,-50.53],[119.37,-50.56],[119.54,-49.91],[120.32,-50.07],[120.23,-50.46],[121.36,-50.49],[122.48,-50.52],[122.68,-49.91],[123.54,-50.14],[124.4,-50.36],[124.96,-50.36],[124.99,-49.88],[126.13,-49.96],[126.1,-50.6],[126.07,-51.24],[127.42,-51.31],[128.78,-51.37],[129.97,-51.39],[131.16,-51.4],[132.35,-51.39],[133.66,-51.39],[134.97,-51.38],[136.27,-51.35],[137.46,-51.35],[138.64,-51.35],[138.76,-52.03],[138.88,-52.71],[139.01,-53.39],[140.03,-53.32],[140.31,-54.05],[140.6,-54.78],[141.73,-54.71],[142.85,-54.62],[143.07,-55.19],[143.29,-55.75],[144.69,-55.6],[146.08,-55.43],[146.41,-56.18],[146.75,-56.93],[147.11,-57.68],[147.48,-58.43],[148.54,-58.26],[149.01,-59.07],[149.51,-59.88],[150.03,-60.68],[150.57,-61.49],[151.15,-62.29],[152.54,-62.07],[153.91,-61.84],[154.85,-62.71],[155.85,-63.57],[156.06,-63.73],[157.77,-63.51],[159.1,-63.2],[160.41,-62.88],[160.41,-62.88],[161.37,-63.65],[162.38,-64.41],[163.45,-65.16],[164.58,-65.9],[165.78,-66.63],[167.05,-67.36],[168.41,-68.07],[169.21,-68.49],[170.05,-68.91],[171.3,-69.4],[172.61,-69.87],[172.63,-69.88],[172.63,-69.88],[174.61,-69.37],[176.5,-68.84],[178.29,-68.28],[180,-67.71],[180,-68.68]]]}},{"type":"Feature","properties":{"ma":5,"type":"gpml:TopologicalClosedPlateBoundary","name":"Mathematician Plate","pid":969,"deforming":false},"geometry":{"type":"Polygon","coordinates":[[[-112.37,17.22],[-112.21,18.01],[-112.04,18.8],[-111.87,19.59],[-111.12,19.45],[-110.38,19.31],[-109.64,19.16],[-108.89,19.04],[-108.15,18.92],[-107.4,18.79],[-106.96,18.67],[-106.96,18.67],[-106.62,18.47],[-106.35,18.36],[-106.12,18.22],[-106.06,18.19],[-105.86,18.08],[-105.63,17.99],[-105.41,17.91],[-105.14,17.85],[-105.21,17.62],[-105.26,17.46],[-105.28,17.36],[-105.29,17.27],[-104.4,17.09],[-103.86,16.84],[-103.86,16.84],[-104.05,16.43],[-104.04,15.64],[-104.03,14.92],[-103.82,14.21],[-103.63,13.55],[-103.6,12.97],[-103.56,12.37],[-103.53,11.95],[-103.49,11.79],[-103.49,11.79],[-104.23,12.24],[-105.03,12.69],[-105.84,13.14],[-106.65,13.59],[-107.46,14.03],[-108.26,14.57],[-109.06,15.11],[-109.86,15.65],[-110.75,15.91],[-111.64,16.17],[-112.54,16.43],[-112.37,17.22]]]}},{"type":"Feature","properties":{"ma":5,"type":"gpml:TopologicalClosedPlateBoundary","name":"Solomon SOL_006_005","pid":849,"deforming":false},"geometry":{"type":"Polygon","coordinates":[[[152.18,-4.46],[152.93,-4.99],[153.68,-5.52],[154.38,-5.81],[155.08,-6.1],[155.78,-6.39],[156.48,-6.68],[156.83,-6.98],[157.39,-7.41],[157.96,-7.83],[158.44,-8.23],[158.93,-8.63],[159.08,-8.82],[159.08,-8.82],[158.3,-9.24],[157.51,-9.67],[156.9,-10.05],[156.28,-10.42],[155.77,-10.69],[155.26,-10.97],[154.56,-11.37],[153.86,-11.76],[153.15,-12.15],[152.44,-12.55],[152.44,-12.55],[151.78,-12.59],[151.78,-12.59],[151.66,-12.18],[151.12,-11.83],[150.42,-11.62],[149.72,-11.3],[149.72,-11.3],[149.65,-11.26],[149.63,-10.92],[149.22,-10.54],[148.68,-10.4],[148.14,-10.25],[147.42,-10.23],[146.83,-9.83],[146.63,-9.11],[146.15,-8.92],[145.89,-8.08],[145.51,-7.76],[144.71,-7.28],[143.86,-6.77],[143.16,-6.35],[143.02,-6.27],[143.02,-6.27],[143.13,-6.26],[143.9,-6.34],[144.49,-6.37],[145.08,-6.39],[145.74,-6.43],[146.4,-6.47],[147.29,-6.55],[148.17,-6.62],[148.89,-6.41],[149.61,-6.19],[150.14,-5.71],[150.67,-5.23],[151.25,-4.86],[151.83,-4.49],[152.18,-4.46]]]}},{"type":"Feature","properties":{"ma":5,"type":"gpml:TopologicalClosedPlateBoundary","name":"Final sliver of Neotethys subducted beneath Iran during Arabia-Eurasia deformation","pid":503,"deforming":false},"geometry":{"type":"Polygon","coordinates":[[[55.52,26.24],[54.93,26.52],[54.34,26.79],[53.58,27.3],[52.82,27.8],[52.05,28.3],[51.33,29.02],[50.61,29.73],[49.88,30.43],[49.2,30.86],[48.52,31.29],[47.83,31.71],[46.97,32.34],[46.1,32.97],[45.34,33.57],[44.58,34.18],[43.8,34.78],[43.26,35.3],[42.72,35.81],[42.17,36.33],[41.91,36.89],[41.91,36.89],[42.62,36.26],[43.32,35.62],[44.12,35.04],[44.91,34.45],[45.69,33.85],[46.58,33.24],[47.47,32.63],[48.18,32.22],[48.87,31.8],[49.57,31.39],[50.32,30.69],[51.07,29.99],[51.8,29.29],[52.59,28.81],[53.37,28.32],[54.14,27.82],[54.93,27.47],[55.71,27.12],[56.49,26.76],[56.49,26.76],[55.91,26.43],[55.52,26.24]]]}},{"type":"Feature","properties":{"ma":5,"type":"gpml:TopologicalClosedPlateBoundary","name":"SAM","pid":201,"deforming":false},"geometry":{"type":"Polygon","coordinates":[[[-77.81,-5.2],[-77.68,-4.26],[-77.25,-3.74],[-76.83,-3.25],[-76.4,-2.77],[-75.81,-2.1],[-75.36,-1.4],[-75.36,-1.4],[-75.14,-1.46],[-74.26,-1.48],[-73.38,-1.5],[-72.64,-1.14],[-71.9,-0.79],[-71.28,-0.26],[-70.66,0.27],[-70.12,0.76],[-69.57,1.25],[-69.11,1.55],[-68.64,1.84],[-68.64,1.84],[-68.6,2.58],[-68.56,3.31],[-68.55,4.07],[-68.55,4.82],[-68.55,5.57],[-68.55,6.33],[-68.4,7.17],[-68.25,8.01],[-67.91,8.68],[-67.57,9.36],[-67.06,10.08],[-66.56,10.81],[-66.56,10.81],[-65.62,10.75],[-64.68,10.68],[-63.74,10.62],[-62.81,10.55],[-61.87,10.48],[-60.94,10.41],[-60,10.33],[-59.07,10.25],[-58.13,10.17],[-58.13,10.17],[-57.99,10.65],[-57.8,11.57],[-57.62,12.5],[-57.79,13.43],[-57.97,14.35],[-58.31,14.82],[-58.66,15.28],[-58.99,16.03],[-58.99,16.03],[-58.59,16.07],[-57.58,16.1],[-56.57,16.13],[-55.56,16.16],[-54.53,16.17],[-53.51,16.17],[-52.49,16.17],[-51.51,15.89],[-50.53,15.6],[-49.54,15.52],[-48.54,15.43],[-47.82,15.28],[-47.11,15.12],[-47.11,15.12],[-47.17,14.86],[-47.2,14.77],[-47.2,14.77],[-47.04,14.76],[-46.15,14.53],[-45.27,14.3],[-45.26,13.57],[-45.26,12.84],[-45.26,12.1],[-44.44,11.93],[-44.45,11.54],[-44.04,11.46],[-44.11,10.52],[-43.16,10.35],[-42.22,10.17],[-41.28,9.98],[-41.28,9.34],[-41.05,9.3],[-41.06,8.77],[-40.85,8.74],[-40.86,8.19],[-40.32,8.12],[-40.35,7.6],[-39.39,7.48],[-38.43,7.36],[-38.42,7.06],[-37.75,7],[-37.08,6.93],[-37.08,6.78],[-36.29,6.71],[-36.26,6.39],[-35.58,6.29],[-35.58,6.03],[-34.71,5.98],[-33.83,5.94],[-33.79,5.05],[-33.19,5.02],[-33.15,4.19],[-33.1,3.36],[-32.15,3.33],[-31.19,3.3],[-31.12,2.54],[-31.05,1.78],[-30.98,1.02],[-30.27,1.02],[-30.19,0.32],[-29.32,0.34],[-28.44,0.35],[-27.57,0.37],[-26.69,0.39],[-26.55,-0.15],[-25.91,-0.12],[-25.28,-0.08],[-25.1,-0.85],[-24.93,-1.61],[-24.01,-1.51],[-23.09,-1.41],[-22.17,-1.32],[-21.25,-1.22],[-20.33,-1.12],[-19.41,-1.02],[-18.49,-0.92],[-17.57,-0.82],[-16.65,-0.72],[-16.53,-1.16],[-16.31,-1.12],[-16.12,-1.71],[-15.82,-1.67],[-15.69,-2.02],[-14.92,-1.88],[-14.15,-1.73],[-13.39,-1.59],[-13.12,-2.28],[-12.86,-2.97],[-12.59,-3.67],[-12.59,-3.67],[-12.68,-3.7],[-12.79,-3.74],[-12.53,-4.7],[-12.26,-5.66],[-11.99,-6.63],[-11.72,-7.59],[-12.54,-7.79],[-13.35,-7.98],[-14.16,-8.18],[-13.99,-9.08],[-13.81,-9.98],[-14.07,-10.07],[-13.92,-10.77],[-13.76,-11.48],[-13.61,-12.18],[-14.56,-12.42],[-15.51,-12.66],[-15.34,-13.43],[-15.16,-14.2],[-14.98,-14.97],[-14.19,-14.84],[-14.01,-15.54],[-13.83,-16.23],[-13.64,-16.92],[-14.22,-17.05],[-14.79,-17.18],[-14.58,-17.95],[-14.38,-18.71],[-13.8,-18.61],[-13.22,-18.51],[-13,-19.37],[-12.78,-20.23],[-12.55,-21.09],[-12.33,-21.96],[-12.1,-22.82],[-12.63,-22.94],[-13.17,-23.05],[-13.14,-23.4],[-14.19,-23.56],[-14,-24.51],[-13.8,-25.46],[-14.14,-25.59],[-13.98,-26.32],[-14.57,-26.47],[-14.39,-27.3],[-14.09,-27.28],[-13.8,-28.12],[-13.5,-28.96],[-13.13,-28.89],[-12.86,-29.62],[-13.6,-29.78],[-14.33,-29.93],[-14.13,-30.9],[-13.92,-31.88],[-13.71,-32.86],[-14.74,-33.08],[-14.79,-33.61],[-14.85,-34.13],[-15.43,-34.27],[-15.52,-34.87],[-16.06,-34.93],[-16,-35.46],[-15.94,-35.98],[-17,-36.15],[-18.05,-36.3],[-17.86,-37.16],[-17.66,-38.02],[-18.48,-38.16],[-18.34,-38.7],[-18.2,-39.24],[-17.18,-39.13],[-16.94,-39.78],[-16.7,-40.42],[-17.09,-40.49],[-16.99,-41.01],[-17.49,-41.1],[-17.36,-41.96],[-17.22,-42.81],[-17.08,-43.67],[-16.93,-44.52],[-16.78,-45.38],[-16.63,-46.24],[-15.54,-46.11],[-15.38,-46.64],[-14.33,-46.49],[-14.15,-47.36],[-13.97,-48.24],[-12.55,-48.05],[-11.14,-47.83],[-10.85,-48.51],[-10.56,-49.19],[-10.26,-49.87],[-9,-49.66],[-7.75,-49.44],[-7.54,-50.03],[-7.32,-50.62],[-7.07,-50.59],[-6.78,-51.07],[-5.76,-50.9],[-5.43,-51.54],[-5.1,-52.18],[-4.77,-52.82],[-4.57,-52.79],[-4.19,-53.3],[-3.79,-53.81],[-3.19,-54.39],[-2.57,-54.96],[-1.61,-54.69],[-0.92,-55.26],[-0.92,-55.26],[-2.06,-55.89],[-2.76,-55.98],[-4.2,-56.1],[-4.2,-56.78],[-5.83,-56.86],[-5.85,-57.55],[-7.21,-57.59],[-7.25,-58.21],[-8.9,-58.32],[-10.57,-58.42],[-11.98,-58.52],[-13.4,-58.6],[-13.4,-58.9],[-14.57,-58.9],[-15.74,-58.88],[-15.77,-59.67],[-17.09,-59.7],[-17.13,-59.98],[-18.02,-59.96],[-18.02,-60.51],[-19.15,-60.52],[-19.26,-61.28],[-21.07,-61.32],[-22.88,-61.33],[-24.7,-61.32],[-26.51,-61.28],[-28.32,-61.23],[-30.11,-61.14],[-30.11,-61.14],[-30.11,-61.13],[-30.13,-60.98],[-30.47,-60.98],[-30.47,-60.98],[-30.65,-60.97],[-30.65,-60.97],[-29.65,-60.48],[-29.05,-59.88],[-28.6,-59.41],[-28.46,-58.69],[-28.8,-57.92],[-28.92,-57.67],[-29.4,-57.24],[-29.88,-56.8],[-30.47,-56.35],[-31.19,-55.95],[-31.78,-55.76],[-31.95,-55.72],[-31.95,-55.72],[-32.44,-55.75],[-33.24,-55.34],[-34.22,-55],[-35.06,-54.55],[-36.02,-54.01],[-37.55,-53.74],[-38.37,-53.92],[-39.15,-53.96],[-40.1,-53.8],[-40.34,-53.63],[-40.34,-53.63],[-40.64,-53.57],[-41.54,-53.48],[-42.95,-53.37],[-43.68,-53.29],[-43.68,-53.29],[-44.12,-53.51],[-44.12,-53.51],[-44.98,-53.38],[-46.21,-53.25],[-46.49,-53.25],[-46.49,-53.25],[-46.53,-53.14],[-46.94,-52.9],[-46.94,-52.9],[-47.03,-52.89],[-48.47,-52.95],[-49.92,-52.99],[-51.04,-53.01],[-52.16,-53.02],[-53.27,-53.15],[-54.38,-53.27],[-55.99,-53.55],[-57.62,-53.8],[-58.6,-53.79],[-59.58,-53.77],[-60.58,-53.84],[-61.44,-53.97],[-62.51,-54.29],[-63.48,-54.57],[-64.32,-54.68],[-65.17,-54.79],[-66.69,-54.81],[-68.21,-54.82],[-69.73,-54.81],[-71.15,-54.37],[-72.53,-53.91],[-73.89,-53.44],[-74.85,-53.02],[-75.79,-52.59],[-76.71,-52.16],[-76.71,-52.16],[-76.84,-51.92],[-77.02,-51.56],[-77.13,-51.22],[-77.24,-50.93],[-77.29,-50.68],[-77.36,-50.35],[-77.41,-50],[-77.35,-49.55],[-77.19,-49.19],[-77.08,-48.97],[-76.95,-48.71],[-76.79,-48.41],[-76.53,-47.93],[-76.27,-47.52],[-76.1,-47.18],[-75.99,-46.84],[-76.05,-46.41],[-76.06,-46.12],[-76.08,-45.89],[-76.07,-45.81],[-76.05,-45.56],[-76.02,-45.25],[-75.97,-44.88],[-75.91,-44.58],[-75.85,-44.25],[-75.77,-43.88],[-75.72,-43.62],[-75.59,-42.96],[-75.5,-42.53],[-75.41,-42.12],[-75.31,-41.74],[-75.18,-41.22],[-75.1,-40.93],[-75.01,-40.46],[-74.97,-40.17],[-74.9,-39.8],[-74.73,-39.53],[-74.73,-39.53],[-73.78,-39.12],[-72.84,-38.7],[-71.91,-38.28],[-71,-37.85],[-70.09,-37.41],[-69.46,-36.8],[-68.84,-36.19],[-68.22,-35.58],[-67.62,-34.96],[-67.55,-34.21],[-67.49,-33.45],[-67.42,-32.7],[-67.03,-31.84],[-66.64,-30.98],[-66.26,-30.12],[-65.77,-29.3],[-65.28,-28.48],[-64.79,-27.66],[-64.36,-26.75],[-63.94,-25.83],[-63.53,-24.92],[-63.09,-24],[-62.65,-23.09],[-62.22,-22.18],[-62.05,-21.36],[-61.87,-20.54],[-61.7,-19.72],[-61.88,-19.07],[-62.06,-18.42],[-62.23,-17.77],[-62.8,-17.21],[-63.36,-16.65],[-63.91,-16.1],[-64.47,-15.54],[-65.23,-15.08],[-65.98,-14.61],[-66.74,-14.14],[-67.49,-13.67],[-68.17,-13.16],[-68.85,-12.64],[-69.53,-12.12],[-70.2,-11.59],[-70.96,-11.04],[-71.72,-10.48],[-72.47,-9.92],[-73.22,-9.35],[-73.91,-8.78],[-74.59,-8.22],[-75.27,-7.65],[-75.95,-7.07],[-76.63,-6.5],[-77.3,-5.93],[-77.74,-5.55],[-77.81,-5.2]]]}},{"type":"Feature","properties":{"ma":5,"type":"gpml:TopologicalClosedPlateBoundary","name":"North Woodlark Basin","pid":829,"deforming":false},"geometry":{"type":"Polygon","coordinates":[[[160.7,-10.61],[160.54,-10.36],[159.84,-10.72],[159.14,-11.08],[158.44,-11.43],[158.24,-11.17],[157.34,-11.55],[156.44,-11.92],[156.34,-11.69],[155.59,-11.95],[154.84,-12.21],[154.7,-11.95],[153.92,-12.23],[153.14,-12.5],[152.44,-12.55],[152.44,-12.55],[153.15,-12.15],[153.86,-11.76],[154.56,-11.37],[155.26,-10.97],[155.77,-10.69],[156.28,-10.42],[156.9,-10.05],[157.51,-9.67],[158.3,-9.24],[159.08,-8.82],[159.08,-8.82],[159.2,-8.95],[159.6,-9.35],[160.23,-9.64],[160.7,-9.91],[161.33,-10.27],[160.7,-10.61]]]}},{"type":"Feature","properties":{"ma":5,"type":"gpml:TopologicalClosedPlateBoundary","name":"Sandwich plate NW15","pid":815,"deforming":false},"geometry":{"type":"Polygon","coordinates":[[[-32.03,-59.9],[-32.05,-59.34],[-32.44,-59.33],[-32.51,-58.79],[-32.35,-58.78],[-32.37,-58.12],[-32.59,-58.12],[-32.66,-57.62],[-32.66,-57.62],[-32.91,-57.62],[-33.01,-57.38],[-33.28,-57.39],[-33.29,-57.1],[-33.27,-57.04],[-33.27,-56.98],[-32.92,-56.97],[-32.88,-56.81],[-32.87,-56.66],[-32.88,-56.58],[-32.89,-56.47],[-32.88,-56.39],[-32.87,-56.28],[-32.37,-56.21],[-32.32,-56.13],[-32.35,-56.02],[-32.37,-55.85],[-32.28,-55.74],[-32.28,-55.74],[-31.95,-55.72],[-31.95,-55.72],[-31.78,-55.76],[-31.19,-55.95],[-30.47,-56.35],[-29.88,-56.8],[-29.4,-57.24],[-28.92,-57.67],[-28.8,-57.92],[-28.46,-58.69],[-28.6,-59.41],[-29.05,-59.88],[-29.65,-60.48],[-30.65,-60.97],[-30.65,-60.97],[-31.46,-60.92],[-31.46,-60.92],[-31.87,-60.84],[-32.42,-60.73],[-32.47,-60.59],[-32.45,-60.44],[-32.26,-60.3],[-31.96,-60.16],[-31.8,-60.06],[-31.8,-60.06],[-31.9,-59.89],[-32.03,-59.9]]]}},{"type":"Feature","properties":{"ma":5,"type":"gpml:TopologicalClosedPlateBoundary","name":"Molucca Sea Plate","pid":781,"deforming":false},"geometry":{"type":"Polygon","coordinates":[[[124.29,-2.56],[124.59,-1.89],[124.82,-1.41],[125.05,-0.94],[125.42,-0.46],[125.79,0.01],[125.92,0.69],[126.05,1.36],[126.27,2.06],[126.49,2.75],[126.52,3.05],[126.52,3.05],[127.05,2.6],[127.58,2.15],[128.11,1.7],[127.93,0.8],[127.75,-0.09],[127.57,-0.98],[127.57,-1.8],[127.57,-2.61],[127.95,-3.48],[127.98,-3.52],[127.98,-3.52],[127.36,-3.78],[127.36,-3.78],[126.75,-3.6],[126.14,-3.42],[125.52,-3.21],[124.91,-2.99],[124.29,-2.56]]]}},{"type":"Feature","properties":{"ma":5,"type":"gpml:TopologicalClosedPlateBoundary","name":"West Philippine Arc","pid":674,"deforming":false},"geometry":{"type":"Polygon","coordinates":[[[126.43,2.56],[126.01,3.32],[125.64,3.94],[125.27,4.55],[124.89,5.16],[124.47,5.48],[124.04,5.8],[123.51,6.28],[122.98,6.76],[122.8,7.59],[122.61,8.42],[122.59,8.52],[122.59,8.52],[122.41,8.72],[122.03,9.09],[121.64,9.46],[121.17,10.33],[121.09,11.27],[120.91,11.81],[120.72,12.35],[120.52,12.92],[120.32,13.5],[119.75,13.82],[119.31,14.17],[118.86,14.51],[118.68,15.11],[118.5,15.7],[118.47,16.43],[118.45,17.16],[118.43,17.88],[118.86,18.59],[119.29,19.3],[119.29,19.3],[119.7,18.49],[120.24,17.84],[120.78,17.19],[121.41,16.57],[122.04,15.95],[122.33,15.41],[122.61,14.87],[123.05,14.14],[123.5,13.41],[124.03,12.72],[124.55,12.04],[125.08,11.36],[125.52,10.56],[125.95,9.76],[126.26,9.03],[126.56,8.29],[126.71,7.49],[126.86,6.69],[127.01,5.89],[127.12,5],[127.24,4.12],[127.35,3.23],[127.79,2.45],[127.75,2],[127.75,2],[127.14,2.52],[126.52,3.05],[126.52,3.05],[126.49,2.75],[126.43,2.56]]]}},{"type":"Feature","properties":{"ma":5,"type":"gpml:TopologicalClosedPlateBoundary","name":"East Philippine Arc","pid":678,"deforming":false},"geometry":{"type":"Polygon","coordinates":[[[127.75,2],[127.79,2.45],[127.35,3.23],[127.24,4.12],[127.12,5],[127.01,5.89],[126.86,6.69],[126.71,7.49],[126.56,8.29],[126.26,9.03],[125.95,9.76],[125.52,10.56],[125.08,11.36],[124.55,12.04],[124.03,12.72],[123.5,13.41],[123.05,14.14],[122.61,14.87],[122.33,15.41],[122.04,15.95],[121.41,16.57],[120.78,17.19],[120.24,17.84],[119.7,18.49],[119.29,19.3],[119.29,19.3],[119.29,19.31],[119.31,20.02],[119.32,20.73],[119.34,21.45],[119.51,22.24],[119.67,23.03],[119.84,23.82],[119.84,23.82],[120.41,23.84],[121.18,23.94],[121.96,24.04],[122.73,24.14],[123.27,24.32],[123.81,24.5],[123.81,24.5],[123.76,23.71],[123.7,22.92],[123.65,22.14],[123.74,21.39],[123.83,20.64],[123.97,19.8],[124.11,18.96],[124.25,18.11],[124.39,17.27],[124.53,16.43],[124.41,16.1],[124.41,16.1],[124.69,15.39],[125.13,14.91],[125.56,14.43],[126.07,13.57],[126.57,12.72],[127.07,11.86],[127.57,11],[127.78,10.19],[127.99,9.38],[128.19,8.56],[128.4,7.75],[128.6,6.94],[128.7,6.16],[128.81,5.37],[128.91,4.59],[129.01,3.8],[129.31,3.2],[129.6,2.6],[129.9,2],[129.93,1.39],[129.95,0.79],[129.95,0.79],[130.17,0.39],[130.8,-0.3],[131.64,-0.65],[132.13,-0.85],[132.61,-1.05],[132.61,-1.05],[132.43,-1.58],[132.25,-2.12],[131.72,-2.6],[131.72,-2.6],[131.17,-2.43],[130.63,-2.26],[130.63,-2.26],[129.84,-2.65],[129.05,-3.03],[128.25,-3.41],[127.98,-3.52],[127.98,-3.52],[127.95,-3.48],[127.57,-2.61],[127.57,-1.8],[127.57,-0.98],[127.75,-0.09],[127.93,0.8],[128.11,1.7],[127.75,2]]]}},{"type":"Feature","properties":{"ma":5,"type":"gpml:TopologicalClosedPlateBoundary","name":"Halmehera Arc accreted terrane","pid":697,"deforming":false},"geometry":{"type":"Polygon","coordinates":[[[140.36,-6.34],[139.86,-6.1],[139.36,-5.85],[138.55,-5.59],[137.75,-5.33],[136.94,-5.07],[136.14,-4.81],[135.23,-4.6],[134.32,-4.39],[133.41,-4.17],[132.52,-3.79],[131.62,-3.41],[130.73,-3.03],[129.83,-2.65],[129.83,-2.65],[130.63,-2.26],[130.63,-2.26],[131.54,-2.54],[132.46,-2.82],[133.27,-3],[134.08,-3.17],[134.89,-3.35],[135.7,-3.52],[136.51,-3.7],[137.26,-3.94],[138,-4.19],[138.75,-4.44],[139.49,-4.68],[140.23,-5.04],[140.96,-5.4],[141.7,-5.76],[142.44,-6.11],[142.95,-6.27],[142.95,-6.27],[142.34,-6.33],[141.72,-6.38],[141.14,-6.36],[140.57,-6.34],[140.36,-6.34]]]}},{"type":"Feature","properties":{"ma":5,"type":"gpml:TopologicalClosedPlateBoundary","name":"Somalia Plate from PB03 GS","pid":709,"deforming":false},"geometry":{"type":"Polygon","coordinates":[[[41.57,10.76],[41.95,10.85],[42.81,10.95],[43.68,11.05],[44.54,11.15],[44.74,11.45],[45.59,11.5],[46.43,11.54],[47.03,11.94],[48.03,12.04],[48.43,12.34],[48.92,12.19],[49.42,12.04],[49.92,12.79],[50.42,13.54],[51.02,13.34],[51.22,13.54],[52.01,13.24],[52.36,13.69],[52.71,14.14],[53.51,13.69],[54.3,13.24],[54.5,13.44],[55.1,12.94],[55.7,12.44],[56.1,12.04],[56.49,11.64],[56.7,11.42],[56.7,11.42],[56.52,11.08],[56.14,10.34],[55.76,9.6],[55.38,8.86],[55,8.12],[55,8.12],[55.64,7.69],[55.74,7.88],[56.42,7.44],[57.11,6.99],[57.79,6.55],[57.7,6.32],[57.92,6.15],[57.79,5.97],[58.37,5.48],[58.34,5.43],[59,4.92],[59.66,4.41],[60.31,3.9],[60.25,3.79],[60.79,3.41],[60.74,3.28],[61.41,2.88],[62.08,2.49],[62.75,2.14],[63.41,1.79],[63.61,2.05],[64.43,1.53],[65.26,1.02],[64.91,0.46],[65.32,0.18],[65.11,-0.13],[65.48,-0.36],[65.06,-0.92],[65.41,-1.19],[65.09,-1.65],[65.41,-1.89],[65.89,-2.23],[65.69,-2.53],[66.31,-3],[66.14,-3.23],[66.69,-3.73],[66.3,-4.2],[66.99,-4.76],[66.41,-5.53],[66.77,-5.93],[66.32,-6.51],[66.65,-6.94],[66.34,-7.24],[66.79,-7.71],[66.8,-7.72],[66.8,-7.72],[66.78,-7.74],[66.44,-8.13],[66.09,-8.52],[66.4,-8.91],[66.72,-9.31],[66.12,-9.84],[65.52,-10.36],[65.11,-10.72],[64.7,-11.08],[64.78,-11.2],[64.67,-11.29],[65.04,-11.79],[64.57,-12.12],[64.72,-12.34],[64.82,-12.5],[64.24,-12.9],[64.66,-13.51],[65.08,-14.12],[64.53,-14.48],[64.62,-14.66],[64.33,-14.83],[64.8,-15.5],[65.27,-16.17],[65.75,-16.84],[65.28,-17.12],[64.81,-17.41],[65.12,-17.91],[64.54,-18.28],[63.95,-18.65],[63.36,-19.02],[63.93,-19.75],[64.51,-20.48],[65.1,-21.21],[65.59,-20.96],[66.03,-21.39],[66.28,-21.27],[66.75,-21.89],[67.23,-22.5],[67.7,-23.12],[67.31,-23.43],[67.73,-24.27],[67.6,-24.32],[67.85,-24.89],[68.09,-25.46],[68,-25.5],[68.08,-25.75],[68.35,-26.28],[68.36,-26.33],[68.36,-26.33],[68.08,-26.48],[67.52,-26.69],[66.95,-26.9],[66.59,-26.93],[66.58,-27.15],[66.28,-27.24],[66.13,-27.58],[65.06,-27.88],[64.51,-28.01],[63.95,-28.14],[62.85,-28.25],[62.31,-28.45],[61.75,-28.64],[60.91,-29.11],[60.05,-29.59],[59.93,-30.22],[59.81,-30.86],[58.95,-30.93],[58.96,-30.83],[58.32,-30.9],[58.29,-31.39],[58.28,-31.4],[57.67,-31.54],[57.61,-32.08],[57.26,-32.12],[57.26,-32.17],[56.84,-32.16],[56.84,-32.25],[56.44,-32.26],[56.35,-33.09],[56.25,-33.91],[55.6,-34.07],[54.95,-34.22],[54.98,-34.5],[54.75,-34.56],[54.72,-35.02],[53.85,-35.11],[53.8,-35.1],[53.37,-35.47],[52.94,-35.85],[52.87,-36.46],[51.71,-36.5],[51.61,-37.1],[51.51,-37.7],[50.29,-37.84],[49.06,-37.97],[47.88,-38.28],[46.69,-38.57],[46.63,-39],[46.63,-39.13],[45.66,-39.22],[45.5,-39.94],[45.33,-40.65],[44.28,-40.95],[43.21,-41.24],[42.14,-41.51],[41.99,-42.2],[41.84,-42.88],[41.69,-43.57],[41.18,-43.62],[40.88,-44.42],[40.2,-44.29],[39.52,-44.15],[39.43,-43.91],[38.83,-43.8],[38.41,-44.6],[37.12,-44.92],[35.82,-45.23],[35.7,-45.58],[34.57,-45.52],[34.36,-46.08],[34.14,-46.63],[33.18,-46.47],[32.76,-47.3],[32.76,-47.3],[31.93,-47.04],[32.48,-46.13],[33.01,-45.21],[33.52,-44.29],[34.02,-43.37],[34.5,-42.45],[34.97,-41.53],[35.42,-40.6],[35.86,-39.68],[36.3,-38.75],[36.71,-37.82],[35.77,-37.22],[34.84,-36.61],[33.92,-36],[33.02,-35.38],[32.13,-34.75],[31.26,-34.11],[30.4,-33.47],[29.55,-32.83],[28.71,-32.18],[27.89,-31.52],[27.3,-30.74],[26.72,-29.96],[26.12,-29.52],[25.53,-29.07],[25.52,-28.38],[25.52,-27.68],[26.18,-27.39],[26.83,-27.09],[26.62,-26.21],[26.4,-25.32],[27.01,-24.68],[27.61,-24.03],[28.21,-23.39],[29.17,-23.1],[30.13,-22.8],[31.08,-22.5],[32.03,-22.2],[32.11,-21.37],[32.19,-20.54],[32.69,-20.04],[33.18,-19.54],[33.18,-19.54],[33.18,-19.81],[33.18,-19.81],[33.34,-19.8],[33.49,-19.81],[33.49,-19.81],[33.54,-19.7],[33.78,-19.27],[34.13,-18.96],[33.87,-18.49],[33.8,-17.92],[33.85,-17.3],[33.8,-16.97],[33.96,-16.49],[34.15,-16.08],[34.21,-15.68],[34.09,-15.01],[33.65,-14.68],[33.62,-14.09],[33.49,-13.21],[33.66,-12.73],[33.5,-11.95],[33.5,-11.93],[33.5,-11.93],[33.58,-11.77],[33.88,-11.22],[34.19,-10.67],[34.73,-10.04],[35.3,-9.45],[35.71,-8.79],[35.71,-8.79],[35.47,-8.33],[35.26,-7.84],[35.04,-7.34],[34.88,-6.83],[34.72,-6.31],[34.72,-6.31],[34.62,-6.3],[34.19,-6.07],[33.93,-6.09],[33.93,-6.09],[33.85,-5.8],[33.68,-5.36],[34.05,-5.05],[34.39,-4.78],[34.69,-4.01],[34.93,-3.35],[35.14,-3.12],[35.4,-2.79],[35.42,-2.35],[35.37,-1.83],[35.32,-1.34],[35.12,-0.93],[35.1,-0.82],[35,-0.61],[34.93,-0.36],[34.95,-0.09],[35.15,0.32],[35.25,0.74],[35.33,1.2],[35.37,1.42],[35.45,1.74],[35.46,2.07],[35.46,2.43],[35.41,2.72],[35.38,3.25],[35.5,3.53],[35.65,3.74],[35.65,3.74],[35.63,3.82],[35.59,4.08],[35.59,4.46],[35.69,4.61],[35.74,5.24],[35.89,5.45],[36.13,5.75],[36.31,6.07],[36.5,6.43],[36.85,6.58],[37.09,7.06],[37.09,7.37],[37.41,7.58],[37.66,7.71],[37.97,7.96],[38.26,8.19],[38.53,8.55],[38.84,8.83],[39.16,8.92],[39.43,9.05],[39.82,9.06],[40.23,9.17],[40.6,9.17],[40.95,9.21],[41.28,9.26],[41.74,9.32],[41.93,9.3],[41.93,9.3],[41.91,9.35],[41.84,9.91],[41.73,10.2],[41.56,10.44],[41.56,10.61],[41.57,10.76]]]}},{"type":"Feature","properties":{"ma":5,"type":"gpml:TopologicalClosedPlateBoundary","name":"Rivera Plate - MG Consistent with Distributed NA deformation","pid":970,"deforming":false},"geometry":{"type":"Polygon","coordinates":[[[-103.18,18.22],[-103.35,17.93],[-103.61,17.38],[-103.86,16.84],[-103.86,16.84],[-104.4,17.09],[-105.29,17.27],[-105.28,17.36],[-105.26,17.46],[-105.21,17.62],[-105.14,17.85],[-105.41,17.91],[-105.63,17.99],[-105.86,18.08],[-106.06,18.19],[-106.12,18.22],[-106.35,18.36],[-106.62,18.47],[-107.01,18.7],[-106.96,18.81],[-107.27,19.01],[-107.6,19.22],[-107.59,19.3],[-107.82,19.51],[-108.07,19.77],[-107.98,19.87],[-107.98,19.91],[-107.91,19.97],[-107.79,20.11],[-107.74,20.2],[-107.83,20.27],[-107.79,20.35],[-107.71,20.44],[-107.62,20.51],[-107.39,20.73],[-107.25,20.9],[-107.4,21.01],[-107.35,21.11],[-107.17,21.28],[-107.04,21.39],[-106.92,21.5],[-106.99,21.56],[-106.99,21.56],[-106.89,21.57],[-106.73,21.59],[-106.59,21.64],[-106.49,21.69],[-106.49,21.69],[-106.49,21.68],[-106.45,21.67],[-106.37,21.69],[-106.3,21.68],[-106.12,21.65],[-106.09,21.63],[-106,21.56],[-105.92,21.5],[-105.84,21.43],[-105.78,21.38],[-105.73,21.31],[-105.71,21.19],[-105.69,21.13],[-105.65,21.03],[-105.54,20.91],[-105.2,20.55],[-105.2,20.55],[-105.21,20.43],[-105.12,19.83],[-104.73,19.42],[-104.33,19.12],[-103.84,18.61],[-103.18,18.22]]]}},{"type":"Feature","properties":{"ma":5,"type":"gpml:TopologicalClosedPlateBoundary","name":"Pacific","pid":901,"deforming":false},"geometry":{"type":"MultiPolygon","coordinates":[[[[180,-47],[180,-47.99],[180,-48.98],[180,-49.96],[180,-50.95],[180,-51.93],[180,-52.92],[180,-53.91],[180,-54.89],[180,-55.88],[180,-56.86],[180,-57.85],[180,-58.84],[180,-59.82],[180,-60.81],[180,-61.8],[180,-62.78],[180,-63.77],[180,-64.75],[180,-65.74],[180,-66.73],[180,-67.71],[178.29,-68.28],[176.5,-68.84],[174.61,-69.37],[172.63,-69.88],[172.63,-69.88],[172.61,-69.87],[171.3,-69.4],[170.05,-68.91],[169.21,-68.49],[168.41,-68.07],[166.93,-67.29],[165.54,-66.49],[164.25,-65.68],[163.03,-64.87],[161.88,-64.04],[161.88,-64.04],[162,-63.87],[162.05,-63],[162.21,-62.36],[161.9,-61.72],[161.61,-61.09],[161.44,-60.91],[161.18,-60.56],[160.56,-60.33],[159.94,-59.97],[159.54,-59.61],[159.18,-59.16],[159.07,-58.83],[159.01,-58.5],[159.03,-58.24],[158.99,-58.05],[159.02,-58],[159.14,-57.89],[159.31,-57.68],[159.4,-57.43],[159.47,-57.22],[159.48,-57.04],[159.51,-56.93],[159.51,-56.86],[159.55,-56.81],[159.67,-56.79],[159.83,-56.78],[159.95,-56.75],[160.14,-56.66],[160.18,-56.64],[160.42,-56.55],[160.65,-56.48],[160.9,-56.24],[161.01,-56.07],[161.08,-55.89],[161.2,-55.63],[161.3,-55.34],[161.36,-55.03],[161.46,-54.7],[161.57,-54.48],[162.03,-53.97],[162.34,-53.67],[162.74,-53.38],[163.02,-53.16],[163.26,-52.95],[163.63,-52.65],[163.86,-52.5],[164.08,-52.18],[164.31,-51.83],[164.48,-51.56],[164.74,-51.19],[164.91,-50.97],[165.07,-50.78],[165.23,-50.61],[165.37,-50.47],[165.49,-50.37],[165.58,-50.29],[165.69,-50.2],[165.88,-50.07],[166.06,-49.86],[166.2,-49.67],[166.35,-49.39],[166.48,-49.16],[166.58,-48.97],[166.69,-48.75],[166.78,-48.52],[166.81,-48.47],[166.81,-48.47],[166.81,-48.46],[166.8,-48.19],[167.31,-47.49],[167.31,-47.49],[167.34,-47.82],[167.32,-48.14],[167.34,-48.44],[167.44,-48.81],[167.6,-49.27],[168.09,-49.92],[168.07,-50.18],[168.06,-50.36],[168.05,-50.47],[168.04,-50.57],[168.03,-50.68],[168.02,-50.8],[167.94,-51.08],[167.86,-51.35],[167.77,-51.74],[167.74,-51.96],[167.71,-52.21],[167.69,-52.4],[167.66,-52.66],[167.65,-52.79],[167.64,-52.86],[167.64,-52.91],[167.64,-52.91],[167.81,-52.79],[168.46,-52.35],[168.93,-52.02],[169.58,-51.56],[170.83,-50.99],[172.05,-50.41],[172.88,-49.94],[173.68,-49.46],[174.48,-48.97],[175.28,-48.53],[176.07,-48.08],[176.84,-47.66],[177.59,-47.22],[178.38,-46.84],[179.17,-46.45],[180,-46.02],[180,-47]]],[[[180,-39.62],[180,-40.57],[180,-41.52],[180,-42.48],[179.8,-42.61],[178.57,-42.9],[178.07,-43.02],[178.07,-43.02],[178.2,-42.91],[178.31,-42.74],[178.45,-42.51],[178.56,-42.35],[178.7,-42.13],[178.91,-41.79],[179.05,-41.37],[179.24,-40.81],[179.47,-40.13],[179.47,-40.13],[179.47,-40.13],[179.51,-40.07],[179.62,-39.9],[179.69,-39.79],[179.95,-39.35],[179.98,-38.93],[179.94,-38.76],[179.94,-38.76],[180,-38.67],[180,-39.62]]],[[[180,50.45],[180,49.46],[180,48.46],[180,47.47],[180,46.48],[180,45.49],[180,44.5],[180,43.51],[180,42.52],[180,41.53],[180,40.54],[180,39.55],[180,38.56],[180,37.57],[180,36.58],[180,35.59],[180,34.6],[180,33.61],[180,32.62],[180,31.63],[180,30.64],[180,29.65],[180,28.66],[180,27.67],[180,26.68],[180,25.69],[180,24.7],[180,23.7],[180,22.71],[180,21.72],[180,20.73],[180,19.74],[180,18.75],[180,17.76],[180,16.77],[180,15.78],[180,14.79],[180,13.8],[180,12.81],[180,11.82],[180,10.83],[180,9.84],[180,8.85],[180,7.86],[180,6.87],[180,5.88],[180,4.89],[180,3.9],[180,2.91],[180,1.92],[180,0.93],[180,-0.07],[180,-1.06],[180,-2.05],[180,-3.04],[180,-4.03],[180,-5.02],[180,-6.01],[180,-7],[180,-7.99],[180,-8.98],[180,-9.97],[180,-10.96],[180,-11.95],[180,-12.94],[180,-13.93],[180,-14.92],[180,-15.91],[179.81,-15.99],[179.49,-16.13],[179.49,-16.13],[179.59,-16.43],[179.59,-16.43],[178.97,-17.14],[178.36,-17.85],[177.74,-18.55],[177.11,-19.26],[177.11,-19.26],[177.04,-18.54],[176.89,-18.55],[177.16,-17.8],[177.42,-17.05],[176.86,-16.29],[176.97,-16.17],[176.78,-15.79],[176.92,-15.72],[176.5,-14.91],[176.09,-14.09],[176.09,-14.09],[175.31,-14.45],[175.18,-14.49],[174.83,-14.69],[174.15,-14.8],[174.14,-15.06],[173.5,-15.08],[173.48,-14.94],[172.59,-14.93],[172.6,-14.79],[172.1,-14.77],[172.09,-14.62],[171.45,-14.56],[171.43,-14.48],[171.07,-14.45],[170.46,-14.53],[169.85,-14.61],[169.85,-14.61],[169.78,-14.33],[169.49,-13.7],[169.2,-13.07],[168.79,-12.38],[168.39,-11.7],[168.39,-11.7],[167.44,-12.01],[167.33,-11.99],[167.21,-12.02],[166.63,-12.09],[166.19,-12.15],[165.65,-12.23],[165.11,-12.31],[164.86,-12.28],[164.23,-12.09],[164.01,-12],[163.66,-11.7],[163.38,-11.48],[162.92,-11.21],[162.36,-10.84],[162.1,-10.66],[162.01,-10.56],[161.91,-10.48],[161.65,-10.37],[161.37,-10.3],[160.7,-9.91],[160.23,-9.64],[159.6,-9.35],[159.2,-8.95],[158.93,-8.63],[158.44,-8.23],[157.96,-7.83],[157.65,-7.6],[157.65,-7.6],[157.46,-7.17],[157.48,-6.65],[157.54,-6.33],[157.93,-6],[157.95,-5.64],[157.92,-5.31],[157.67,-5.03],[157.33,-4.69],[157.23,-4.36],[157.02,-4.07],[156.87,-3.78],[156.7,-3.42],[156.54,-3.34],[156.39,-3.16],[156.12,-2.92],[155.92,-2.87],[155.58,-2.85],[155.16,-2.57],[154.83,-2.35],[154.44,-2.15],[154.11,-2],[153.74,-1.91],[153.36,-1.8],[153.04,-1.69],[152.79,-1.67],[152.51,-1.48],[152.05,-1.24],[152.05,-1.24],[151.56,-1.14],[151.06,-1.04],[151.06,-1.04],[151.09,-0.18],[151.13,0.67],[151.16,1.53],[151.03,2.33],[150.9,3.12],[150.77,3.91],[150.65,4.71],[150.52,5.5],[150.52,5.5],[149.66,5.52],[148.81,5.53],[147.95,5.55],[147.11,5.96],[146.26,6.36],[145.41,6.77],[144.56,7.17],[143.7,7.57],[142.85,7.97],[141.99,8.37],[141.14,8.77],[141.04,8.82],[141.04,8.82],[141.63,9.33],[142.23,9.84],[142.23,9.84],[142.93,10.02],[143.64,10.2],[144.35,10.38],[145.02,10.81],[145.7,11.24],[146.38,11.67],[146.86,12.45],[147.35,13.23],[147.51,14.17],[147.68,15.1],[147.79,15.74],[147.9,16.39],[148.01,16.98],[148.12,17.57],[148.06,18.08],[148,18.6],[147.71,19.16],[147.41,19.71],[146.92,20.3],[146.43,20.89],[146.04,21.46],[145.65,22.04],[145.26,22.61],[144.87,23.18],[144.59,23.49],[144.59,23.49],[144.64,23.5],[144.67,23.91],[144.68,24.41],[144.68,24.91],[144.79,25.41],[144.9,25.91],[144.91,26.41],[144.92,26.91],[144.73,27.41],[144.54,27.92],[144.4,28.42],[144.26,28.92],[144.12,29.42],[143.98,29.93],[143.93,30.59],[143.88,31.26],[143.82,31.93],[143.83,32.43],[143.84,32.93],[143.85,33.43],[143.86,33.93],[143.77,34.76],[143.67,35.58],[143.64,36.48],[143.62,37.37],[143.55,38.16],[143.49,38.94],[143.54,39.82],[143.59,40.7],[143.4,41.67],[143.4,41.67],[143.47,41.93],[143.47,41.93],[143.88,42.24],[144.45,42.52],[145.02,42.8],[146.05,43.38],[147.1,43.94],[147.83,44.34],[148.58,44.74],[149.28,45.13],[149.99,45.52],[150.8,45.88],[151.63,46.22],[152.59,46.87],[153.56,47.51],[154.22,48.19],[154.87,48.76],[155.53,49.32],[156.51,49.96],[157.5,50.58],[158.53,51.19],[159.02,51.6],[159.52,52],[159.95,52.45],[160.39,52.9],[160.69,53.21],[160.69,53.21],[161.71,53.32],[162.74,53.43],[164.36,53.58],[166,53.7],[167.65,53.81],[168.54,53.78],[169.6,53.85],[169.6,53.85],[170.58,53.48],[171.54,53.09],[172.9,52.71],[174.24,52.32],[175.56,51.91],[177.1,51.73],[178.62,51.53],[180,51.44],[180,50.45]]],[[[-180,-14.92],[-180,-13.93],[-180,-12.94],[-180,-11.95],[-180,-10.96],[-180,-9.97],[-180,-8.98],[-180,-7.99],[-180,-7],[-180,-6.01],[-180,-5.02],[-180,-4.03],[-180,-3.04],[-180,-2.05],[-180,-1.06],[-180,-0.07],[-180,0.93],[-180,1.92],[-180,2.91],[-180,3.9],[-180,4.89],[-180,5.88],[-180,6.87],[-180,7.86],[-180,8.85],[-180,9.84],[-180,10.83],[-180,11.82],[-180,12.81],[-180,13.8],[-180,14.79],[-180,15.78],[-180,16.77],[-180,17.76],[-180,18.75],[-180,19.74],[-180,20.73],[-180,21.72],[-180,22.71],[-180,23.7],[-180,24.7],[-180,25.69],[-180,26.68],[-180,27.67],[-180,28.66],[-180,29.65],[-180,30.64],[-180,31.63],[-180,32.62],[-180,33.61],[-180,34.6],[-180,35.59],[-180,36.58],[-180,37.57],[-180,38.56],[-180,39.55],[-180,40.54],[-180,41.53],[-180,42.52],[-180,43.51],[-180,44.5],[-180,45.49],[-180,46.48],[-180,47.47],[-180,48.46],[-180,49.46],[-180,50.45],[-180,51.44],[-178.78,51.34],[-177.27,51.48],[-175.74,51.6],[-174.21,51.7],[-172.67,51.78],[-171.18,52.09],[-169.68,52.39],[-168.15,52.66],[-166.87,52.96],[-165.56,53.24],[-164.24,53.52],[-162.9,53.77],[-161.51,54.12],[-160.09,54.45],[-158.66,54.77],[-158,54.98],[-157.12,55.31],[-156.35,55.63],[-155.7,55.88],[-154.66,56.18],[-153.96,56.56],[-153.11,57],[-152.11,57.54],[-151.07,58.07],[-150,58.59],[-148.9,59.1],[-147.51,59.67],[-146.08,60.22],[-144.59,60.76],[-143.06,61.28],[-143.06,61.28],[-141.74,61.06],[-140.45,60.83],[-139.81,60.64],[-139.12,60.45],[-138.45,60.25],[-137.88,60.02],[-137.12,59.7],[-136.12,59.19],[-135.63,58.68],[-135.34,58.18],[-135.06,57.67],[-134.88,57.17],[-134.7,56.67],[-134.2,56.17],[-133.72,55.66],[-133.43,55.15],[-133.15,54.65],[-132.6,54.15],[-132.07,53.64],[-131.56,53.24],[-131.06,52.84],[-131.06,52.84],[-129.98,52.56],[-129.36,52.26],[-129.36,52.26],[-129.87,51.53],[-130.37,50.79],[-130.58,50.36],[-130.26,50.09],[-129.76,49.65],[-129.83,49.48],[-129.66,49.4],[-129.8,49.24],[-129.66,49.17],[-129.98,48.66],[-129.2,48.37],[-128.42,48.06],[-128.63,47.67],[-128.43,47.52],[-128.66,47.03],[-128.41,46.92],[-128.72,46.26],[-129.02,45.59],[-129.24,45.62],[-129.35,45.42],[-129.49,45.38],[-129.5,45.13],[-129.3,45.09],[-129.36,44.92],[-129.61,44.6],[-129.49,44.47],[-129.78,44.11],[-129.88,43.77],[-128.91,43.4],[-127.95,43.02],[-127,42.63],[-126.06,42.23],[-126.45,41.57],[-126.64,40.9],[-126.8,40.85],[-126.84,40.76],[-126.96,40.8],[-127.03,40.29],[-127.1,39.78],[-126.96,39.75],[-126.96,39.66],[-126.26,39.64],[-125.55,39.61],[-124.85,39.58],[-123.96,39.56],[-123.06,39.53],[-123.06,39.53],[-122.91,38.98],[-122.77,38.43],[-122.3,37.7],[-121.84,36.97],[-121.54,36.42],[-121.24,35.86],[-120.78,35.07],[-120.33,34.27],[-120.05,33.73],[-119.77,33.18],[-119.45,32.68],[-119.13,32.19],[-118.7,31.62],[-118.27,31.04],[-117.72,30.45],[-117.18,29.86],[-116.76,29.21],[-116.35,29.16],[-115.9,29.08],[-115.32,29.21],[-114.87,29.31],[-114.87,29.31],[-114.67,28.88],[-114.44,28.34],[-114.3,28],[-114.19,27.72],[-113.73,26.91],[-113.03,26.13],[-112.34,25.35],[-111.81,24.72],[-111.27,24.08],[-110.75,23.45],[-110.12,22.91],[-109.5,22.38],[-109.05,22.11],[-108.6,21.83],[-107.92,21.41],[-107.92,21.41],[-107.89,21.42],[-107.43,21.58],[-107.34,21.57],[-107.21,21.57],[-107.04,21.56],[-106.99,21.56],[-106.99,21.56],[-106.92,21.5],[-107.04,21.39],[-107.17,21.28],[-107.35,21.11],[-107.4,21.01],[-107.25,20.9],[-107.39,20.73],[-107.62,20.51],[-107.71,20.44],[-107.79,20.35],[-107.83,20.27],[-107.74,20.2],[-107.79,20.11],[-107.91,19.97],[-107.98,19.91],[-107.98,19.87],[-108.07,19.77],[-107.82,19.51],[-107.59,19.3],[-107.6,19.22],[-107.27,19.01],[-106.96,18.81],[-107.01,18.7],[-106.96,18.67],[-106.96,18.67],[-107.4,18.79],[-108.15,18.92],[-108.89,19.04],[-109.64,19.16],[-110.38,19.31],[-111.12,19.45],[-111.87,19.59],[-112.04,18.8],[-112.21,18.01],[-112.37,17.22],[-112.54,16.43],[-111.64,16.17],[-110.75,15.91],[-109.86,15.65],[-109.06,15.11],[-108.26,14.57],[-107.46,14.03],[-106.65,13.59],[-105.84,13.14],[-105.03,12.69],[-104.23,12.24],[-103.49,11.79],[-103.49,11.79],[-103.35,11.28],[-103.21,10.79],[-103.19,10.24],[-103.17,9.67],[-103.15,9.31],[-104.09,9.2],[-104.09,8.74],[-104.09,8.34],[-104.11,7.49],[-103.52,7.44],[-102.93,7.4],[-102.82,6.72],[-102.71,6.03],[-102.59,5.35],[-102.47,4.49],[-102.34,3.63],[-102.22,2.77],[-102.1,1.91],[-102.16,1.43],[-102.15,0.92],[-102.15,0.92],[-102.27,0.05],[-102.38,-0.81],[-102.49,-1.68],[-102.61,-2.54],[-102.72,-3.41],[-102.83,-4.27],[-103.39,-4.22],[-103.95,-4.18],[-104.15,-5.13],[-105,-4.97],[-105.85,-4.82],[-106.7,-4.67],[-107.03,-5.6],[-107.37,-6.53],[-107.7,-7.46],[-108.04,-8.39],[-108.38,-9.33],[-109.3,-9.13],[-110.22,-8.93],[-110.47,-9.89],[-110.73,-10.84],[-110.98,-11.79],[-111.24,-12.75],[-111.5,-13.7],[-112.17,-13.56],[-112.84,-13.42],[-112.96,-14.13],[-113.09,-14.85],[-113.21,-15.57],[-113.37,-16.5],[-113.54,-17.43],[-113.7,-18.35],[-113.87,-19.28],[-114.04,-20.21],[-114.21,-21.14],[-114.38,-22.06],[-114.56,-22.99],[-114.74,-23.92],[-114.92,-24.84],[-115.1,-25.77],[-115.29,-26.7],[-114.3,-26.95],[-113.44,-27.16],[-112.58,-27.36],[-112.67,-27.78],[-112.11,-27.88],[-112.24,-28.83],[-112.37,-29.78],[-112.5,-30.73],[-112.64,-31.68],[-112.77,-32.63],[-112.92,-33.58],[-113.06,-34.53],[-111.97,-34.69],[-110.88,-34.84],[-109.78,-34.98],[-108.63,-35.12],[-108.63,-35.12],[-108.63,-35.12],[-108.63,-35.12],[-108.63,-35.12],[-108.63,-35.12],[-108.67,-35.43],[-108.77,-35.88],[-108.97,-36.87],[-109.17,-37.86],[-109.38,-38.84],[-109.59,-39.83],[-108.86,-39.91],[-108.12,-39.98],[-108.43,-40.94],[-108.76,-41.89],[-109.09,-42.85],[-109.44,-43.8],[-109.8,-44.76],[-110.17,-45.71],[-110.55,-46.66],[-110.94,-47.61],[-111.35,-48.56],[-111.78,-49.5],[-112.22,-50.45],[-113.38,-50.31],[-114.54,-50.15],[-115.69,-49.99],[-116.05,-50.81],[-116.43,-51.62],[-116.83,-52.44],[-117.23,-53.26],[-116.69,-53.32],[-117.11,-54.2],[-117.56,-55.07],[-118.17,-54.98],[-118.6,-55.84],[-119.06,-56.69],[-120.56,-56.46],[-122.04,-56.21],[-123.5,-55.95],[-123.81,-56.43],[-125.43,-56.18],[-127.03,-55.91],[-128.61,-55.62],[-130.17,-55.3],[-131.7,-54.97],[-133.2,-54.62],[-134.68,-54.25],[-135.18,-55],[-135.7,-55.75],[-136.24,-56.49],[-136.81,-57.24],[-137.39,-57.98],[-138.84,-57.69],[-140.26,-57.38],[-141.66,-57.06],[-143.03,-56.72],[-144.38,-56.37],[-145.02,-57.01],[-145.68,-57.64],[-146.37,-58.27],[-147.03,-58.11],[-147.76,-58.88],[-148.53,-59.65],[-149.33,-60.41],[-150.33,-60.16],[-151.22,-61.05],[-150.3,-61.26],[-151.14,-61.99],[-152.03,-62.72],[-152.96,-63.44],[-153.94,-64.15],[-155.54,-63.81],[-157.09,-63.46],[-158.61,-63.09],[-159.03,-63.41],[-160.09,-63.1],[-161.14,-62.79],[-161.93,-63.33],[-162.76,-63.86],[-164.34,-63.46],[-165.88,-63.04],[-167.04,-63.76],[-168.27,-64.46],[-169.56,-65.16],[-171.24,-64.71],[-172.68,-65.5],[-174.2,-66.27],[-175.84,-65.8],[-177.26,-66.62],[-177.26,-66.62],[-177.21,-66.67],[-178.57,-67.2],[-180,-67.71],[-180,-66.73],[-180,-65.74],[-180,-64.75],[-180,-63.77],[-180,-62.78],[-180,-61.8],[-180,-60.81],[-180,-59.82],[-180,-58.84],[-180,-57.85],[-180,-56.86],[-180,-55.88],[-180,-54.89],[-180,-53.91],[-180,-52.92],[-180,-51.93],[-180,-50.95],[-180,-49.96],[-180,-48.98],[-180,-47.99],[-180,-47],[-180,-46.02],[-179.11,-45.54],[-178.36,-45.07],[-177.62,-44.6],[-177.11,-44.05],[-176.62,-43.5],[-176.2,-42.71],[-175.92,-42.35],[-175.75,-42.11],[-175.75,-42.11],[-175.92,-42.1],[-176.13,-42.09],[-176.41,-42.07],[-176.54,-42.06],[-176.66,-42.05],[-177.1,-42.02],[-177.51,-41.98],[-177.96,-41.95],[-178.41,-41.91],[-179.05,-41.85],[-179.7,-42.28],[-180,-42.48],[-180,-41.52],[-180,-40.57],[-180,-39.62],[-180,-38.67],[-179.58,-37.98],[-179.16,-37.29],[-178.76,-36.59],[-178.56,-36.01],[-178.38,-35.43],[-178.19,-35.19],[-178.03,-34.68],[-177.87,-34.17],[-177.68,-33.5],[-177.49,-32.83],[-177.33,-31.92],[-177.17,-31],[-177.02,-30.09],[-176.87,-29.17],[-176.72,-28.26],[-176.57,-27.34],[-176.49,-27.03],[-176.49,-27.03],[-176.61,-26.52],[-176.72,-25.65],[-176.83,-24.79],[-176.75,-24.49],[-176.53,-23.64],[-176.31,-22.8],[-176.22,-22],[-176.14,-21.2],[-176.05,-20.22],[-176.03,-19.65],[-176,-19.09],[-176,-18.47],[-176,-17.84],[-176.22,-16.96],[-176.44,-16.08],[-177.02,-15.73],[-177.76,-15.49],[-178.29,-15.46],[-178.81,-15.43],[-179.41,-15.67],[-180,-15.91],[-180,-14.92]]]]}},{"type":"Feature","properties":{"ma":5,"type":"gpml:TopologicalClosedPlateBoundary","name":"Juan de Fuca","pid":903,"deforming":false},"geometry":{"type":"Polygon","coordinates":[[[-123.08,39.63],[-123.06,39.53],[-123.06,39.53],[-123.96,39.56],[-124.85,39.58],[-125.55,39.61],[-126.26,39.64],[-126.96,39.66],[-126.96,39.75],[-127.1,39.78],[-127.03,40.29],[-126.96,40.8],[-126.84,40.76],[-126.8,40.85],[-126.64,40.9],[-126.45,41.57],[-126.06,42.23],[-127,42.63],[-127.95,43.02],[-128.91,43.4],[-129.88,43.77],[-129.78,44.11],[-129.49,44.47],[-129.61,44.6],[-129.36,44.92],[-129.3,45.09],[-129.5,45.13],[-129.49,45.38],[-129.35,45.42],[-129.24,45.62],[-129.02,45.59],[-128.72,46.26],[-128.41,46.92],[-128.66,47.03],[-128.43,47.52],[-128.63,47.67],[-128.42,48.06],[-129.2,48.37],[-129.98,48.66],[-129.66,49.17],[-129.8,49.24],[-129.66,49.4],[-129.83,49.48],[-129.76,49.65],[-130.26,50.09],[-130.58,50.36],[-130.37,50.79],[-129.82,51.6],[-129.82,51.6],[-129.68,51.52],[-129.33,51.41],[-129.09,51.24],[-128.83,50.98],[-128.54,50.8],[-128.08,50.64],[-127.78,50.48],[-127.46,50.26],[-127.31,50.06],[-127.05,49.97],[-126.86,49.68],[-126.8,49.27],[-126.58,49.07],[-126.34,48.95],[-125.97,48.77],[-125.67,48.51],[-125.4,48.22],[-125.27,47.97],[-124.97,47.58],[-124.86,47.21],[-124.72,46.88],[-124.6,46.54],[-124.46,46.19],[-124.3,45.72],[-124.2,45.35],[-124.19,45.13],[-124.18,44.98],[-124.12,44.92],[-124.11,44.77],[-124.1,44.57],[-124.08,44.32],[-124.14,44.25],[-124.16,44.18],[-124.18,43.99],[-124.16,43.68],[-124.07,43.52],[-124.01,43.4],[-123.96,43.31],[-123.95,43.12],[-123.91,42.82],[-123.84,42.75],[-123.84,42.62],[-123.92,42.54],[-123.96,42.4],[-123.93,42.24],[-123.89,42.07],[-123.91,41.91],[-123.77,41.64],[-123.4,40.93],[-122.97,40.12],[-123.08,39.63]]]}},{"type":"Feature","properties":{"ma":5,"type":"gpml:TopologicalClosedPlateBoundary","name":"Aluk","pid":904,"deforming":false},"geometry":{"type":"Polygon","coordinates":[[[-57.14,-61.43],[-58.7,-61.71],[-60.42,-62.14],[-62.2,-62.55],[-62.2,-62.55],[-62.17,-62.56],[-62.17,-62.56],[-62.57,-62.66],[-63.77,-63.03],[-64.85,-63.35],[-66.28,-63.63],[-66.28,-63.63],[-66.84,-63.27],[-65.61,-62.84],[-66.65,-62.21],[-67.64,-61.58],[-68.59,-60.93],[-69.5,-60.29],[-68.46,-59.78],[-67.45,-59.27],[-68.48,-58.74],[-67.73,-58.28],[-67.37,-58.11],[-67.37,-58.11],[-66.69,-58.3],[-66.11,-58.44],[-66.11,-58.44],[-65.57,-58.64],[-64.6,-58.84],[-63.62,-59.04],[-62.03,-59.6],[-60.38,-60.15],[-58.85,-60.77],[-57.26,-61.36],[-57.14,-61.43]]]}},{"type":"Feature","properties":{"ma":5,"type":"gpml:TopologicalClosedPlateBoundary","name":"NAM_5-0Ma","pid":101,"deforming":false},"geometry":{"type":"Polygon","coordinates":[[[-180,52.42],[-180,53.41],[-180,54.4],[-180,55.39],[-180,56.38],[-180,57.37],[-180,58.36],[-180,59.35],[-180,60.34],[-180,61.32],[-180,62.31],[-180,63.3],[-180,64.29],[-180,65.28],[-180,66.27],[-180,67.26],[-180,68.25],[-180,69.23],[-180,70.22],[-180,71.21],[-180,72.2],[-180,73.19],[-180,74.18],[-180,75.17],[-180,76.16],[-180,77.15],[-180,78.13],[-180,79.12],[-180,80.11],[-180,81.1],[-180,82.09],[-180,83.08],[-180,84.07],[-180,85.06],[-180,86.04],[-180,87.03],[-180,88.02],[-180,89.01],[-180,90],[180,90],[180,89.01],[180,88.02],[180,87.03],[180,86.04],[180,85.06],[180,84.07],[180,83.08],[180,82.09],[180,81.1],[180,80.11],[180,79.12],[180,78.13],[180,77.15],[180,76.16],[180,75.17],[180,74.18],[180,73.19],[180,72.2],[180,71.21],[180,70.22],[180,69.23],[180,68.25],[180,67.26],[180,66.27],[180,65.28],[180,64.29],[180,63.3],[180,62.31],[180,61.32],[180,60.34],[180,59.35],[180,58.36],[180,57.37],[180,56.38],[180,55.39],[180,54.4],[180,53.41],[180,52.42],[180,51.44],[178.62,51.53],[177.1,51.73],[175.56,51.91],[174.24,52.32],[172.9,52.71],[171.54,53.09],[170.43,53.54],[169.3,53.97],[168.14,54.39],[166.96,54.8],[165.95,55.26],[164.92,55.7],[163.87,56.14],[163.15,56.83],[162.68,57.4],[162.68,57.4],[163.06,57.94],[163.46,58.75],[163.46,58.75],[164.57,59.18],[165.71,59.61],[166.88,60.02],[167.84,60.61],[168.84,61.2],[169.87,61.78],[170.95,62.35],[169.5,62.46],[167.44,62.21],[165.79,61.93],[164.25,61.64],[163.42,61.48],[162,61.67],[160.56,61.84],[160.56,61.84],[160.76,62.22],[159,62.58],[157.5,62.87],[156.7,63.01],[155.62,63.2],[154.56,63.37],[153.48,63.53],[152.87,64.05],[152.24,64.56],[151.65,65.01],[151.04,65.47],[151.41,66.13],[151.8,66.8],[152.21,67.47],[153.88,67.9],[155.61,68.32],[157.41,68.72],[159.27,69.1],[160.32,70],[161.46,70.88],[161.46,70.88],[158.92,71.31],[156.27,71.7],[153.52,72.05],[150.66,72.37],[147.71,72.64],[144.68,72.86],[142.61,72.67],[140.58,72.45],[139.84,72.24],[139.84,72.24],[136.73,72.4],[136.73,72.4],[138.5,73.15],[139.49,74.09],[137.53,74.74],[135.41,75.38],[135.48,75.93],[135.55,76.47],[137.65,77.35],[140.04,78.2],[141.71,79.09],[143.67,79.97],[146,80.84],[148.8,81.69],[149.8,82.59],[151.07,83.49],[152.74,84.38],[155.04,85.27],[155.52,85.88],[156.17,86.49],[157.12,86.6],[157.69,86.67],[158.43,86.75],[159.24,86.84],[160.58,86.91],[162.25,87.05],[164.9,87.27],[169.1,87.52],[169.1,87.52],[151.8,87.63],[134.54,87.52],[119.96,87.21],[119.96,87.21],[120.04,87.2],[124.84,87],[128.53,86.74],[131.21,86.44],[132.74,86.28],[133.74,85.93],[135.42,85.56],[136.22,85.28],[132.63,84.75],[131.75,83.93],[132.41,83.16],[132.94,82.4],[133.28,81.59],[133.55,80.77],[132.53,80.24],[131.62,79.7],[129.09,79.13],[126.82,78.54],[124.97,77.98],[123.21,77.54],[123.21,77.54],[122.95,77.67],[122.59,78.26],[122.43,78.71],[122.29,79.09],[121.68,79.68],[120.89,80.03],[120.02,80.27],[118.92,80.51],[117.42,80.89],[117.41,81.23],[115.38,81.9],[114.19,82.16],[113.64,82.5],[112.73,82.91],[111.87,83.24],[109.92,83.64],[108.66,83.94],[102.72,84.45],[97.18,84.84],[94.78,85.03],[91.18,85.21],[87.9,85.25],[84.94,85.41],[76.81,85.57],[72.89,85.61],[67.43,85.77],[63.1,85.92],[58.95,86.12],[55.15,86.35],[51.74,86.42],[48.76,86.58],[46.54,86.66],[44.15,86.55],[42.25,86.45],[38,86.29],[34.19,86.08],[29.96,85.86],[26.32,85.53],[23.82,85.36],[21.42,85.29],[17.62,85.16],[14.84,85.06],[11.7,84.84],[7.9,84.5],[4.97,84.21],[2.8,83.92],[1.14,83.67],[-0.96,83.39],[-3.8,83],[-6.21,82.59],[-7.91,81.99],[-7.21,81.65],[-7.2,81.63],[-7.2,81.63],[-6.94,81.56],[-5.9,81.09],[-3.71,80.54],[-2.48,80.16],[-2.78,79.53],[-1.47,79.34],[0.63,78.94],[1.59,78.71],[1.41,78.46],[1.67,78.34],[2.37,77.98],[4.49,77.66],[5.35,77.45],[4.23,76.82],[5.26,76.63],[5.28,76.06],[5.67,75.98],[5.71,75.76],[5.31,75.6],[4.95,75.38],[5.95,75.1],[5.65,74.93],[6.57,74.76],[6.35,74.66],[5.74,74.48],[5.26,74.33],[6.57,74.08],[6.29,73.93],[7.11,73.53],[7.27,73.32],[7.23,73.15],[6.77,72.89],[6.16,72.67],[5.26,72.44],[4.14,72.22],[3.08,72.01],[2.12,71.84],[-0.37,71.44],[-1.97,71.18],[-3.64,70.89],[-5.13,70.69],[-5.63,70.6],[-6.3,70.52],[-6.77,70.14],[-6.77,70.14],[-8.73,70.4],[-10.74,70.63],[-12.79,70.84],[-13.11,70.8],[-13.49,70.55],[-13.76,70.25],[-14.08,69.9],[-14.32,69.64],[-14.65,69.33],[-14.95,69.05],[-15.27,68.81],[-15.69,68.59],[-16.06,68.31],[-16.51,68.02],[-16.92,67.77],[-17.24,67.47],[-17.48,67.18],[-17.58,66.93],[-17.72,66.65],[-17.83,66.28],[-17.77,65.95],[-17.82,65.6],[-17.58,65.07],[-17.58,65.07],[-17.93,64.96],[-18.84,64.72],[-19.31,64.58],[-19.99,64.4],[-20.92,64.17],[-21.68,63.84],[-22.82,63.32],[-23.92,62.78],[-24.82,62.25],[-25.69,61.72],[-26.52,61.19],[-27.36,60.63],[-28.17,60.07],[-28.95,59.5],[-30.08,58.73],[-30.67,58.27],[-31.25,57.81],[-31.7,57.56],[-32.7,56.83],[-33,56.87],[-33.42,56.13],[-33.58,56.16],[-33.71,55.95],[-33.72,55.93],[-33.72,55.93],[-33.74,55.93],[-34.59,55.98],[-34.91,55.14],[-35.22,54.31],[-35.37,53.49],[-35.52,52.67],[-35.66,51.86],[-35.66,51.85],[-35.66,51.85],[-34.19,51.78],[-32.66,51.63],[-31.14,51.46],[-30.22,51.46],[-30.22,51.46],[-30.23,51.36],[-30.28,50.45],[-30,50.37],[-29.94,49.53],[-28.56,49.31],[-28.4,48.65],[-28.32,48.54],[-28.19,48.41],[-28.06,48.25],[-27.95,48.08],[-27.92,47.94],[-27.93,47.77],[-27.74,47.73],[-27.75,47.54],[-27.67,47.43],[-27.61,47.34],[-27.55,47.25],[-27.35,46.53],[-27.38,46.05],[-27.51,45.49],[-27.84,44.72],[-28.14,44.2],[-28.45,43.68],[-28.77,43.72],[-28.77,43.72],[-28.89,43.36],[-28.96,43.2],[-29.24,43.24],[-29.47,42.49],[-29.49,42.21],[-29.53,41.87],[-29.49,41.7],[-29.46,41.47],[-29.5,41.22],[-29.54,40.99],[-29.66,40.73],[-29.72,40.57],[-29.73,40.41],[-29.55,40.36],[-29.65,40.04],[-29.69,39.84],[-29.9,39.85],[-29.98,39.17],[-30.05,38.5],[-30.24,38.52],[-30.58,37.84],[-30.75,37.49],[-30.9,37.49],[-31.3,36.75],[-31.63,36.78],[-31.75,36.44],[-32.93,36.7],[-33.08,36.3],[-33.24,36.32],[-33.36,35.9],[-33.45,35.91],[-33.6,35.63],[-33.84,35.67],[-34.01,35.42],[-34.28,34.79],[-34.62,34.85],[-34.89,34.2],[-35.52,34.32],[-36.14,34.45],[-36.34,33.84],[-36.93,33.95],[-37.13,33.32],[-37.47,33.39],[-37.79,32.71],[-37.86,32.72],[-38.63,32.86],[-39.41,33],[-39.82,32.37],[-39.65,32.32],[-40.13,31.7],[-40.6,31.08],[-41.07,30.45],[-41.21,30.48],[-41.52,30.07],[-41.65,30.09],[-42.28,29.29],[-42.7,29.35],[-42.98,28.73],[-43.14,28.75],[-43.5,28.1],[-43.8,28.16],[-44.1,27.45],[-44.39,26.74],[-44.68,26.04],[-44.97,25.33],[-45.06,25.33],[-45.43,24.53],[-45.78,24.59],[-46.07,23.89],[-46.38,23.95],[-46.64,23.25],[-46.02,23.11],[-45.41,22.96],[-45.45,22.45],[-45.49,21.95],[-45.53,21.95],[-45.61,21.15],[-45.92,21.21],[-46.07,20.61],[-46.22,20.02],[-45.91,19.94],[-46.11,19.13],[-46.15,19.14],[-46.28,18.25],[-46.45,17.71],[-46.53,17.72],[-46.73,16.95],[-46.68,16.94],[-46.9,16.03],[-47.11,15.12],[-47.11,15.12],[-47.82,15.28],[-48.54,15.43],[-49.54,15.52],[-50.53,15.6],[-51.51,15.89],[-52.49,16.17],[-53.51,16.17],[-54.53,16.17],[-55.56,16.16],[-56.57,16.13],[-57.58,16.1],[-58.59,16.07],[-58.99,16.03],[-58.99,16.03],[-59.23,16.57],[-59.48,17.1],[-59.99,17.6],[-60.5,18.1],[-61.02,18.6],[-61.02,18.6],[-61.83,18.68],[-62.64,18.75],[-63.46,18.82],[-64.27,18.89],[-65.32,18.98],[-66.36,19.06],[-67.41,19.13],[-68.35,19.15],[-69.3,19.17],[-70.24,19.19],[-71.11,19.19],[-71.97,19.19],[-72.83,19.19],[-73.7,19.18],[-74.62,19.12],[-75.54,19.06],[-76.46,19],[-77.35,18.92],[-78.23,18.84],[-79.12,18.76],[-79.94,18.68],[-80.75,18.59],[-81.57,18.5],[-81.78,18.48],[-81.78,18.48],[-81.76,18.43],[-81.58,17.57],[-81.58,17.57],[-82.41,17.49],[-83.24,17.4],[-84.13,17.17],[-85.01,16.94],[-85.94,16.6],[-86.86,16.26],[-87.66,16.05],[-88.46,15.83],[-89.28,15.74],[-90.1,15.65],[-90.97,15.62],[-91.85,15.58],[-92.72,15.54],[-92.72,15.54],[-92.75,15.56],[-93.42,16.09],[-94.08,16.61],[-94.53,17.01],[-94.93,17.45],[-95.34,17.9],[-95.84,18.5],[-96.08,18.88],[-96.14,19.34],[-96.04,19.56],[-96.7,20.15],[-97.36,20.74],[-97.78,21.58],[-98.21,22.42],[-98.4,23.16],[-98.6,23.9],[-98.8,24.64],[-99.04,25.11],[-99.28,25.57],[-98.99,25.89],[-99.12,26.63],[-99.56,27.03],[-100,27.43],[-100.53,27.89],[-100.46,28.86],[-100.93,29.66],[-101.2,30.11],[-101.48,30.55],[-101.61,30.62],[-101.66,30.63],[-101.7,30.62],[-101.73,30.62],[-101.77,30.61],[-101.79,30.61],[-101.81,30.61],[-101.84,30.6],[-101.88,30.6],[-101.95,30.63],[-102.08,30.7],[-102.16,30.74],[-102.23,30.76],[-102.29,30.76],[-102.34,30.75],[-102.39,30.74],[-102.42,30.73],[-102.43,30.73],[-102.55,30.7],[-102.62,30.66],[-102.66,30.72],[-102.68,30.77],[-102.71,30.83],[-102.75,30.91],[-102.75,30.92],[-102.8,30.94],[-102.85,30.96],[-102.89,30.99],[-102.89,31],[-102.87,31.03],[-102.87,31.05],[-102.87,31.07],[-102.89,31.09],[-102.92,31.11],[-102.96,31.13],[-103.01,31.15],[-103.06,31.17],[-103.07,31.17],[-103.09,31.15],[-103.09,31.14],[-103.09,31.12],[-103.09,31.12],[-103.13,31.09],[-103.13,31.08],[-103.16,31.1],[-103.28,31.2],[-103.32,31.22],[-103.33,31.23],[-103.33,31.23],[-103.35,31.24],[-103.47,31.31],[-103.54,31.33],[-103.62,31.38],[-103.75,31.44],[-103.8,31.45],[-103.87,31.47],[-103.94,31.47],[-103.93,31.49],[-103.94,31.53],[-104,31.59],[-104.04,31.64],[-104.08,31.72],[-104.09,31.73],[-104.1,31.74],[-104.16,31.82],[-104.23,31.93],[-104.27,32.01],[-104.32,32.07],[-104.33,32.17],[-104.36,32.3],[-104.38,32.38],[-104.41,32.46],[-104.45,32.5],[-104.46,32.45],[-104.46,32.37],[-104.47,32.27],[-104.47,32.26],[-104.56,32.09],[-104.56,32.06],[-104.56,31.99],[-104.55,31.94],[-104.53,31.89],[-104.48,31.89],[-104.45,31.88],[-104.4,31.84],[-104.36,31.83],[-104.32,31.8],[-104.28,31.77],[-104.26,31.75],[-104.23,31.59],[-104.23,31.53],[-104.17,31.53],[-104.16,31.53],[-104.08,31.52],[-104.13,31.43],[-104.13,31.43],[-104.14,31.39],[-104.17,31.33],[-104.18,31.31],[-104.22,31.26],[-104.23,31.21],[-104.22,31.18],[-104.22,31.17],[-104.22,31.17],[-104.28,31.13],[-104.29,31.12],[-104.29,31.13],[-104.3,31.19],[-104.34,31.23],[-104.38,31.28],[-104.44,31.32],[-104.48,31.35],[-104.52,31.4],[-104.54,31.42],[-104.59,31.44],[-104.6,31.46],[-104.65,31.48],[-104.7,31.5],[-104.73,31.54],[-104.76,31.54],[-104.84,31.53],[-104.94,31.51],[-104.98,31.54],[-105.04,31.6],[-105.14,31.68],[-105.19,31.74],[-105.22,31.77],[-105.27,31.81],[-105.31,31.84],[-105.34,31.88],[-105.37,31.91],[-105.43,31.95],[-105.48,32],[-105.49,32.02],[-105.5,32.05],[-105.51,32.08],[-105.51,32.15],[-105.52,32.2],[-105.51,32.26],[-105.49,32.29],[-105.47,32.32],[-105.44,32.35],[-105.42,32.35],[-105.41,32.37],[-105.4,32.39],[-105.38,32.44],[-105.35,32.47],[-105.32,32.5],[-105.28,32.53],[-105.25,32.55],[-105.22,32.57],[-105.2,32.59],[-105.19,32.62],[-105.19,32.64],[-105.17,32.68],[-105.15,32.71],[-105.14,32.73],[-105.13,32.76],[-105.13,32.78],[-105.13,32.81],[-105.13,32.85],[-105.13,32.88],[-105.14,32.91],[-105.17,32.93],[-105.19,32.95],[-105.19,32.99],[-105.18,33.04],[-105.18,33.09],[-105.17,33.14],[-105.18,33.18],[-105.19,33.22],[-105.2,33.25],[-105.21,33.3],[-105.24,33.35],[-105.25,33.39],[-105.27,33.45],[-105.31,33.56],[-105.35,33.62],[-105.37,33.65],[-105.39,33.66],[-105.4,33.66],[-105.4,33.67],[-105.39,33.71],[-105.38,33.73],[-105.38,33.76],[-105.36,33.77],[-105.34,33.78],[-105.31,33.79],[-105.28,33.82],[-105.24,33.85],[-105.2,33.88],[-105.17,33.91],[-105.14,33.94],[-105.12,33.97],[-105.12,34],[-105.12,34.02],[-105.14,34.04],[-105.15,34.05],[-105.13,34.06],[-105.13,34.09],[-105.14,34.12],[-105.15,34.14],[-105.17,34.16],[-105.18,34.19],[-105.2,34.21],[-105.23,34.21],[-105.26,34.21],[-105.29,34.21],[-105.32,34.21],[-105.34,34.2],[-105.37,34.19],[-105.38,34.17],[-105.39,34.15],[-105.38,34.14],[-105.35,34.13],[-105.33,34.12],[-105.32,34.11],[-105.31,34.11],[-105.31,34.1],[-105.31,34.1],[-105.3,34.08],[-105.3,34.06],[-105.3,34.06],[-105.3,34.05],[-105.3,34.05],[-105.31,34.05],[-105.33,34.04],[-105.34,34.02],[-105.35,34],[-105.36,33.98],[-105.36,33.96],[-105.35,33.94],[-105.35,33.93],[-105.38,33.91],[-105.4,33.88],[-105.41,33.85],[-105.44,33.82],[-105.45,33.85],[-105.47,33.86],[-105.49,33.88],[-105.52,33.91],[-105.54,33.94],[-105.55,33.97],[-105.58,33.99],[-105.6,34.01],[-105.62,34.03],[-105.62,34.04],[-105.62,34.04],[-105.61,34.13],[-105.6,34.23],[-105.58,34.3],[-105.57,34.35],[-105.57,34.38],[-105.58,34.41],[-105.59,34.42],[-105.62,34.43],[-105.64,34.42],[-105.66,34.4],[-105.67,34.38],[-105.69,34.35],[-105.7,34.34],[-105.71,34.36],[-105.73,34.37],[-105.74,34.37],[-105.75,34.35],[-105.75,34.33],[-105.76,34.3],[-105.79,34.27],[-105.79,34.25],[-105.78,34.23],[-105.76,34.2],[-105.76,34.18],[-105.76,34.17],[-105.77,34.16],[-105.79,34.18],[-105.81,34.2],[-105.83,34.21],[-105.85,34.23],[-105.87,34.24],[-105.89,34.23],[-105.93,34.22],[-105.93,34.14],[-105.93,34.12],[-105.92,34.08],[-105.93,34.07],[-105.94,34.08],[-105.97,34.09],[-105.99,34.1],[-106,34.11],[-106.01,34.17],[-106.01,34.23],[-106,34.27],[-106,34.29],[-106.01,34.3],[-106.02,34.34],[-106.03,34.38],[-106.03,34.39],[-106.03,34.39],[-106.01,34.43],[-105.99,34.47],[-105.96,34.5],[-105.92,34.53],[-105.91,34.54],[-105.91,34.54],[-105.89,34.56],[-105.89,34.56],[-105.89,34.57],[-105.87,34.58],[-105.86,34.59],[-105.84,34.6],[-105.83,34.6],[-105.8,34.6],[-105.78,34.61],[-105.76,34.69],[-105.73,34.76],[-105.71,34.81],[-105.69,34.85],[-105.66,34.9],[-105.62,34.96],[-105.65,34.98],[-105.65,35],[-105.66,35.02],[-105.65,35.05],[-105.64,35.11],[-105.65,35.19],[-105.66,35.29],[-105.65,35.3],[-105.61,35.34],[-105.54,35.4],[-105.45,35.49],[-105.35,35.58],[-105.21,35.65],[-105.07,35.73],[-104.99,35.8],[-104.98,35.85],[-104.98,35.85],[-104.98,35.86],[-104.97,35.9],[-104.96,35.94],[-104.96,35.95],[-104.96,35.95],[-104.92,36.05],[-104.89,36.15],[-104.86,36.17],[-104.83,36.19],[-104.82,36.2],[-104.81,36.22],[-104.81,36.25],[-104.8,36.28],[-104.8,36.3],[-104.83,36.3],[-104.82,36.34],[-104.81,36.41],[-104.8,36.47],[-104.81,36.5],[-104.8,36.55],[-104.78,36.65],[-104.76,36.76],[-104.75,36.78],[-104.75,36.78],[-104.75,36.78],[-104.74,36.77],[-104.73,36.76],[-104.71,36.74],[-104.7,36.71],[-104.69,36.7],[-104.67,36.72],[-104.64,36.74],[-104.61,36.75],[-104.59,36.75],[-104.56,36.74],[-104.53,36.74],[-104.53,36.74],[-104.5,36.73],[-104.47,36.72],[-104.45,36.7],[-104.45,36.69],[-104.45,36.69],[-104.44,36.69],[-104.42,36.7],[-104.4,36.72],[-104.37,36.72],[-104.34,36.72],[-104.34,36.72],[-104.34,36.73],[-104.33,36.73],[-104.29,36.72],[-104.27,36.7],[-104.24,36.69],[-104.24,36.67],[-104.24,36.65],[-104.22,36.61],[-104.2,36.59],[-104.2,36.62],[-104.19,36.64],[-104.16,36.66],[-104.14,36.68],[-104.14,36.7],[-104.12,36.72],[-104.09,36.74],[-104.09,36.76],[-104.1,36.79],[-104.08,36.8],[-104.05,36.8],[-104.04,36.8],[-104.02,36.81],[-104.02,36.82],[-104,36.83],[-103.96,36.84],[-103.95,36.86],[-103.94,36.88],[-103.93,36.91],[-103.92,36.93],[-103.91,36.92],[-103.88,36.92],[-103.85,36.94],[-103.82,36.94],[-103.8,36.94],[-103.79,36.96],[-103.77,36.98],[-103.76,37],[-103.73,37],[-103.71,37],[-103.7,37.02],[-103.69,37.04],[-103.65,37.06],[-103.64,37.07],[-103.63,37.09],[-103.62,37.11],[-103.6,37.12],[-103.58,37.1],[-103.56,37.09],[-103.54,37.08],[-103.48,37.08],[-103.44,37.09],[-103.38,37.09],[-103.33,37.08],[-103.29,37.06],[-103.25,37.06],[-103.22,37.05],[-103.21,37.06],[-103.2,37.06],[-103.21,37.06],[-103.19,37.08],[-103.18,37.08],[-103.18,37.09],[-103.18,37.1],[-103.2,37.12],[-103.2,37.14],[-103.18,37.16],[-103.18,37.17],[-103.19,37.17],[-103.19,37.18],[-103.18,37.19],[-103.17,37.19],[-103.15,37.2],[-103.21,37.22],[-103.26,37.25],[-103.31,37.28],[-103.34,37.35],[-103.37,37.41],[-103.43,37.47],[-103.48,37.5],[-103.55,37.55],[-103.59,37.59],[-103.62,37.65],[-103.65,37.7],[-103.69,37.76],[-103.72,37.81],[-103.76,37.84],[-103.78,37.84],[-103.81,37.88],[-103.83,37.91],[-103.88,37.94],[-103.92,37.97],[-103.96,37.99],[-104,37.99],[-104.02,38],[-104.04,37.99],[-104.06,37.97],[-104.07,37.96],[-104.07,37.95],[-104.09,37.94],[-104.11,37.95],[-104.12,37.95],[-104.15,37.96],[-104.18,37.99],[-104.19,38.02],[-104.18,38.01],[-104.16,38],[-104.14,38],[-104.13,38],[-104.12,38.01],[-104.11,38.03],[-104.09,38.07],[-104.09,38.11],[-104.09,38.14],[-104.09,38.15],[-104.09,38.15],[-104.09,38.17],[-104.11,38.19],[-104.09,38.19],[-104.06,38.2],[-104.02,38.19],[-104.05,38.22],[-104.08,38.26],[-104.14,38.29],[-104.13,38.31],[-104.12,38.32],[-104.13,38.33],[-104.14,38.34],[-104.18,38.34],[-104.2,38.37],[-104.21,38.41],[-104.26,38.49],[-104.31,38.55],[-104.34,38.6],[-104.37,38.62],[-104.41,38.65],[-104.42,38.68],[-104.42,38.72],[-104.41,38.79],[-104.39,38.81],[-104.37,38.83],[-104.35,38.83],[-104.33,38.82],[-104.3,38.78],[-104.28,38.75],[-104.26,38.75],[-104.22,38.76],[-104.18,38.8],[-104.12,38.84],[-104.04,38.87],[-103.94,38.9],[-103.96,38.99],[-103.96,39],[-103.97,39.15],[-103.98,39.29],[-103.98,39.35],[-103.98,39.42],[-103.99,39.44],[-104.06,39.51],[-104.1,39.58],[-104.12,39.62],[-104.12,39.63],[-104.12,39.63],[-104.14,39.71],[-104.18,39.77],[-104.21,39.85],[-104.25,39.96],[-104.28,40.05],[-104.3,40.09],[-104.33,40.11],[-104.34,40.14],[-104.35,40.15],[-104.36,40.15],[-104.36,40.16],[-104.37,40.18],[-104.4,40.27],[-104.4,40.35],[-104.4,40.36],[-104.4,40.37],[-104.41,40.41],[-104.4,40.44],[-104.38,40.45],[-104.37,40.47],[-104.37,40.48],[-104.37,40.5],[-104.36,40.51],[-104.35,40.53],[-104.34,40.56],[-104.34,40.57],[-104.34,40.58],[-104.33,40.58],[-104.31,40.62],[-104.29,40.65],[-104.27,40.68],[-104.27,40.7],[-104.28,40.72],[-104.24,40.71],[-104.22,40.72],[-104.23,40.73],[-104.23,40.75],[-104.24,40.79],[-104.23,40.82],[-104.25,40.86],[-104.27,40.9],[-104.28,40.96],[-104.29,41.04],[-104.3,41.09],[-104.3,41.1],[-104.3,41.1],[-104.31,41.11],[-104.27,41.12],[-104.26,41.14],[-104.24,41.17],[-104.23,41.22],[-104.22,41.25],[-104.22,41.26],[-104.21,41.26],[-104.19,41.27],[-104.18,41.31],[-104.19,41.33],[-104.16,41.38],[-104.16,41.39],[-104.15,41.43],[-104.15,41.45],[-104.17,41.5],[-104.19,41.59],[-104.22,41.66],[-104.23,41.69],[-104.27,41.78],[-104.27,41.78],[-104.27,41.79],[-104.29,41.82],[-104.21,41.95],[-104.16,41.99],[-104.18,42.05],[-104.2,42.07],[-104.2,42.07],[-104.16,42.14],[-104.1,42.15],[-104.04,42.21],[-104.04,42.28],[-104.11,42.32],[-104.15,42.32],[-104.14,42.37],[-104.13,42.41],[-104.11,42.44],[-104.1,42.48],[-104.13,42.53],[-104.13,42.54],[-104.13,42.55],[-104.15,42.61],[-104.18,42.63],[-104.19,42.63],[-104.2,42.65],[-104.23,42.66],[-104.21,42.69],[-104.22,42.72],[-104.22,42.76],[-104.26,42.8],[-104.32,42.82],[-104.31,42.83],[-104.27,42.94],[-104.32,42.97],[-104.34,42.99],[-104.35,42.99],[-104.35,43.01],[-104.41,43.02],[-104.42,43.02],[-104.55,43.03],[-104.61,43.03],[-104.61,43.02],[-104.61,43.01],[-104.61,42.99],[-104.63,42.99],[-104.68,42.99],[-104.73,42.98],[-104.77,42.96],[-104.78,42.95],[-104.79,42.95],[-104.87,42.92],[-105,42.9],[-105.1,42.87],[-105.16,42.86],[-105.2,42.86],[-105.24,42.86],[-105.22,42.84],[-105.19,42.81],[-105.14,42.8],[-105.1,42.81],[-105.08,42.8],[-105.04,42.76],[-105,42.72],[-104.99,42.72],[-105,42.71],[-105.01,42.7],[-105.03,42.64],[-105.03,42.6],[-105,42.58],[-104.99,42.56],[-105.02,42.54],[-105.02,42.51],[-104.97,42.47],[-104.92,42.41],[-104.9,42.38],[-104.86,42.37],[-104.85,42.34],[-104.83,42.29],[-104.84,42.24],[-104.96,42.18],[-104.92,42.16],[-104.87,42.15],[-104.78,42.12],[-104.73,42.12],[-104.66,42.08],[-104.63,42.05],[-104.64,42.01],[-104.62,41.97],[-104.63,41.93],[-104.62,41.82],[-104.63,41.75],[-104.65,41.65],[-104.63,41.65],[-104.6,41.63],[-104.6,41.6],[-104.61,41.57],[-104.63,41.55],[-104.64,41.52],[-104.67,41.5],[-104.7,41.48],[-104.74,41.46],[-104.75,41.45],[-104.78,41.44],[-104.81,41.42],[-104.85,41.4],[-104.88,41.39],[-104.91,41.38],[-104.94,41.38],[-104.96,41.39],[-104.98,41.4],[-105,41.41],[-105.02,41.42],[-105.05,41.43],[-105.08,41.46],[-105.05,41.46],[-105.03,41.46],[-105.03,41.48],[-105.02,41.5],[-105.03,41.52],[-105.04,41.53],[-105.05,41.56],[-105.04,41.59],[-105.04,41.59],[-105.04,41.6],[-105.04,41.62],[-105.04,41.62],[-105.04,41.63],[-105.05,41.64],[-105.07,41.66],[-105.12,41.67],[-105.16,41.67],[-105.21,41.65],[-105.23,41.63],[-105.24,41.6],[-105.27,41.59],[-105.29,41.6],[-105.29,41.6],[-105.3,41.61],[-105.31,41.6],[-105.46,41.47],[-105.54,41.44],[-105.54,41.44],[-105.55,41.43],[-105.6,41.4],[-105.63,41.39],[-105.64,41.4],[-105.67,41.38],[-105.69,41.38],[-105.69,41.38],[-105.75,41.38],[-105.82,41.39],[-105.83,41.39],[-105.84,41.39],[-105.89,41.4],[-105.97,41.42],[-106.06,41.41],[-106.15,41.42],[-106.19,41.4],[-106.19,41.4],[-106.14,41.36],[-106.12,41.34],[-106.11,41.31],[-106.09,41.28],[-106.08,41.27],[-106.08,41.27],[-106.08,41.26],[-106.08,41.24],[-106.06,41.2],[-106.04,41.18],[-106.03,41.16],[-105.99,41.13],[-105.98,41.08],[-105.98,41.02],[-105.99,40.98],[-106.01,40.95],[-106,40.91],[-105.98,40.89],[-105.97,40.86],[-105.96,40.85],[-106.72,40.81],[-106.72,40.81],[-106.72,40.81],[-106.74,40.83],[-106.77,40.84],[-106.82,40.84],[-106.87,40.85],[-106.95,40.85],[-107.04,40.85],[-107.14,40.85],[-107.23,40.84],[-107.29,40.86],[-107.5,40.92],[-107.49,40.97],[-107.49,40.98],[-107.45,40.96],[-107.43,40.95],[-107.43,40.98],[-107.43,40.99],[-107.44,41.04],[-107.49,41.11],[-107.55,41.16],[-107.67,41.22],[-107.8,41.26],[-107.88,41.3],[-107.91,41.31],[-108.05,41.32],[-108.27,41.34],[-108.44,41.33],[-108.64,41.3],[-108.72,41.29],[-108.73,41.29],[-108.77,41.3],[-108.82,41.31],[-108.87,41.32],[-108.89,41.31],[-108.98,41.29],[-108.99,41.3],[-109.03,41.33],[-109.04,41.34],[-109.1,41.33],[-109.15,41.32],[-109.16,41.33],[-109.22,41.38],[-109.25,41.38],[-109.28,41.38],[-109.31,41.42],[-109.32,41.45],[-109.33,41.47],[-109.36,41.47],[-109.46,41.48],[-109.51,41.49],[-109.51,41.51],[-109.45,41.61],[-109.34,41.81],[-109.3,41.89],[-109.3,41.93],[-109.3,41.94],[-109.33,42.11],[-109.33,42.14],[-109.33,42.19],[-109.32,42.26],[-109.31,42.29],[-109.29,42.34],[-109.26,42.41],[-109.26,42.46],[-109.26,42.52],[-109.26,42.59],[-109.26,42.63],[-109.26,42.68],[-109.28,42.77],[-109.32,42.82],[-109.38,42.86],[-109.39,42.86],[-109.39,42.89],[-109.39,42.93],[-109.39,42.96],[-109.39,42.98],[-109.38,43.04],[-109.38,43.07],[-109.36,43.07],[-109.48,43.63],[-109.58,44.11],[-109.85,44.53],[-110.46,44.86],[-111.12,44.72],[-111.58,44.41],[-111.93,44.17],[-112.39,44.02],[-113.23,43.74],[-114.13,43.83],[-114.91,44],[-115.1,44.75],[-114.92,45.29],[-114.74,45.84],[-114.74,46.57],[-115.03,47.46],[-115.1,48.08],[-115.43,48.57],[-116.07,48.73],[-117.31,48.8],[-118.65,49.03],[-119.39,49.21],[-120.13,49.39],[-121.35,49.94],[-122.59,50.48],[-123.86,51.01],[-124.74,51.6],[-125.65,52.19],[-126.54,52.74],[-127.45,53.28],[-128.31,54.12],[-129.21,54.94],[-129.21,54.94],[-129.18,54.49],[-129.08,53.9],[-129.06,53.28],[-129.09,52.75],[-129.13,52.4],[-129.21,52.18],[-129.21,52.18],[-129.98,52.56],[-131.06,52.84],[-131.06,52.84],[-131.56,53.24],[-132.07,53.64],[-132.6,54.15],[-133.15,54.65],[-133.43,55.15],[-133.72,55.66],[-134.2,56.17],[-134.7,56.67],[-134.88,57.17],[-135.06,57.67],[-135.34,58.18],[-135.63,58.68],[-136.12,59.19],[-137.12,59.7],[-137.88,60.02],[-138.45,60.25],[-139.12,60.45],[-139.81,60.64],[-140.45,60.83],[-141.74,61.06],[-143.06,61.28],[-143.06,61.28],[-144.59,60.76],[-146.08,60.22],[-147.51,59.67],[-148.9,59.1],[-150,58.59],[-151.07,58.07],[-152.11,57.54],[-153.11,57],[-153.96,56.56],[-154.66,56.18],[-155.7,55.88],[-156.35,55.63],[-157.12,55.31],[-158,54.98],[-158.66,54.77],[-160.09,54.45],[-161.51,54.12],[-162.9,53.77],[-164.24,53.52],[-165.56,53.24],[-166.87,52.96],[-168.15,52.66],[-169.68,52.39],[-171.18,52.09],[-172.67,51.78],[-174.21,51.7],[-175.74,51.6],[-177.27,51.48],[-178.78,51.34],[-180,51.44],[-180,52.42]]]}},{"type":"Feature","properties":{"ma":5,"type":"gpml:TopologicalClosedPlateBoundary","name":"North and Central Sulawesi","pid":669,"deforming":false},"geometry":{"type":"Polygon","coordinates":[[[118.75,0.02],[119.67,0.31],[120.32,0.32],[120.96,0.33],[121.95,0.25],[122.93,0.16],[123.88,0.19],[124.83,0.21],[125.78,0.24],[125.83,0.24],[125.83,0.24],[125.79,0.01],[125.42,-0.46],[125.05,-0.94],[124.82,-1.41],[124.59,-1.89],[124.29,-2.56],[124.29,-2.56],[124.91,-2.99],[125.52,-3.21],[126.14,-3.42],[126.75,-3.6],[127.36,-3.78],[127.36,-3.78],[128.25,-3.41],[129.04,-3.03],[129.83,-2.65],[129.83,-2.65],[130.31,-2.85],[130.78,-3.05],[130.78,-3.05],[130.32,-3.05],[129.8,-3.16],[129.28,-3.35],[128.76,-3.55],[128.99,-3.99],[129.23,-4.43],[129.41,-4.65],[129.41,-4.65],[129.06,-4.84],[129.06,-4.84],[128.29,-4.63],[127.51,-4.43],[126.64,-4.39],[126.64,-4.39],[126.64,-4.39],[126.64,-4.39],[126.01,-4.36],[125.38,-4.33],[124.49,-4.43],[123.59,-4.52],[122.7,-4.61],[121.71,-4.46],[120.73,-4.3],[119.74,-4.15],[119.74,-4.15],[119.67,-3.34],[119.6,-2.53],[119.32,-1.68],[119.03,-0.83],[118.75,0.02]]]}},{"type":"Feature","properties":{"ma":5,"type":"gpml:TopologicalClosedPlateBoundary","name":"Capricorn_Plate","pid":511,"deforming":false},"geometry":{"type":"Polygon","coordinates":[[[66.72,-9.31],[66.4,-8.91],[66.09,-8.52],[66.44,-8.13],[66.78,-7.74],[66.8,-7.72],[66.8,-7.72],[66.79,-7.71],[66.34,-7.24],[66.65,-6.94],[66.32,-6.51],[66.77,-5.93],[66.41,-5.53],[66.99,-4.76],[66.3,-4.2],[66.69,-3.73],[66.3,-3.38],[66.3,-3.38],[67.26,-3.34],[68.23,-3.3],[69.19,-3.26],[70.06,-3.18],[70.93,-3.11],[71.81,-3.03],[72.68,-2.95],[73.64,-2.71],[74.59,-2.48],[75.55,-2.24],[76.51,-2],[77.46,-1.76],[78.42,-1.53],[79.19,-1.21],[79.96,-0.9],[80.72,-0.58],[81.4,0.03],[82.08,0.65],[82.66,1.36],[83.24,2.07],[83.82,2.78],[84.64,3.17],[85.46,3.56],[86.29,3.95],[86.75,4.61],[87.22,5.26],[87.69,5.92],[88.16,6.43],[88.63,6.94],[89.11,7.44],[89.61,7.99],[90.12,8.53],[90.53,8.96],[90.93,9.39],[90.93,9.39],[91.03,8.58],[91.12,7.77],[91.21,6.96],[91.68,6.11],[92.16,5.27],[92.63,4.42],[93.23,3.66],[93.83,2.91],[94.42,2.16],[95.01,1.4],[95.61,0.6],[96.2,-0.2],[96.8,-0.99],[97.39,-1.79],[97.9,-2.46],[98.41,-3.12],[98.93,-3.79],[99.44,-4.45],[100,-5.06],[100.55,-5.66],[101.11,-6.27],[101.55,-6.85],[102.22,-7.37],[102.88,-7.89],[103.55,-8.41],[103.55,-8.41],[103.92,-8.48],[104.5,-8.54],[105.08,-8.59],[105.08,-8.59],[104.6,-8.94],[103.89,-9.47],[103.48,-9.78],[103.07,-10.08],[102.49,-10.51],[101.92,-10.93],[101.34,-11.35],[100.6,-11.79],[99.86,-12.23],[99.08,-12.68],[98.3,-13.14],[97.68,-13.59],[97.06,-14.04],[96.5,-14.79],[95.94,-15.53],[95.47,-16.31],[95,-17.08],[94.52,-17.86],[93.97,-18.52],[93.42,-19.18],[92.87,-19.84],[92.34,-20.52],[91.81,-21.21],[91.28,-21.89],[90.74,-22.57],[90.2,-23.25],[89.63,-23.83],[89.06,-24.42],[88.48,-25],[87.88,-25.65],[87.27,-26.3],[86.65,-26.94],[86.02,-27.58],[85.39,-28.22],[84.83,-29.05],[84.26,-29.87],[83.68,-30.7],[83.17,-31.33],[82.65,-31.96],[81.94,-32.67],[81.22,-33.37],[80.49,-34.08],[80.06,-34.63],[79.63,-35.17],[79.02,-35.78],[78.39,-36.39],[77.76,-36.99],[77.15,-37.4],[76.53,-37.8],[76.53,-37.8],[76.47,-37.75],[76.94,-37.33],[77.4,-36.92],[76.9,-36.56],[76.4,-36.21],[76.55,-35.98],[75.81,-35.51],[75.09,-35.04],[75.63,-34.5],[76.16,-33.96],[75.24,-33.33],[74.33,-32.69],[74.69,-32.26],[73.9,-31.64],[73.11,-31.02],[73.46,-30.54],[72.94,-30.15],[72.42,-29.77],[72.76,-29.48],[72.34,-29.08],[71.91,-28.67],[71.91,-28.67],[72.85,-28.74],[73.78,-28.8],[74.71,-28.85],[75.65,-28.9],[76.65,-28.84],[77.66,-28.77],[78.51,-28.7],[79.37,-28.62],[80.22,-28.53],[81.07,-28.44],[81.58,-27.73],[82.08,-27.02],[82.77,-27],[83.38,-26.78],[83.98,-26.56],[83.98,-26.56],[84.07,-26.22],[84.22,-25.37],[84.37,-24.52],[84.51,-23.68],[84.65,-22.83],[84.8,-21.97],[84.93,-21.12],[85.07,-20.26],[85.21,-19.4],[85.37,-18.51],[85.54,-17.62],[85.7,-16.73],[85.86,-15.83],[85.92,-14.86],[85.99,-13.89],[86.05,-12.91],[86.1,-12.1],[86.15,-11.28],[86.21,-10.47],[86.26,-9.65],[86.28,-8.66],[86.31,-7.67],[86.33,-6.69],[86.33,-6.69],[85.78,-6.51],[84.86,-6.49],[83.94,-6.47],[83.09,-6.44],[82.24,-6.4],[81.39,-6.36],[80.55,-6.31],[79.73,-6.2],[78.91,-6.08],[78.09,-5.96],[77.4,-5.98],[76.7,-5.99],[76,-6],[75.16,-6.15],[74.31,-6.29],[73.46,-6.43],[72.68,-6.53],[71.89,-6.63],[71.1,-6.73],[70.31,-6.82],[69.72,-7.37],[69.13,-7.91],[68.53,-8.46],[68.33,-9.02],[68.12,-9.58],[67.33,-9.53],[66.53,-9.47],[66.72,-9.31]]]}},{"type":"Feature","properties":{"ma":5,"type":"gpml:TopologicalClosedPlateBoundary","name":"Western Mediterranean","pid":708,"deforming":false},"geometry":{"type":"Polygon","coordinates":[[[6.72,44.23],[7.13,44.26],[7.56,44.27],[7.98,44.09],[8.27,44.21],[8.59,44.25],[9.17,43.93],[9.75,43.95],[10.24,43.84],[10.73,43.38],[11.69,42.75],[11.86,42.1],[12.27,41.54],[12.71,41.29],[13.32,40.51],[14.12,39.9],[14.5,39.27],[14.63,38.83],[14.65,38.47],[14.49,38.22],[14.31,37.93],[14.01,37.62],[13.65,37.33],[13.15,37.13],[12.71,36.94],[12.71,36.94],[12.25,36.93],[11.54,36.62],[10.74,36.64],[10.1,36.5],[9.3,36.2],[8.59,36.4],[7.68,36.05],[6.98,35.99],[6.54,35.76],[5.78,35.84],[4.93,35.79],[4.08,35.73],[3.28,35.51],[2.73,35.63],[1.87,35.59],[1.02,35.54],[0.17,35.61],[-0.66,35.29],[-1.22,35.07],[-1.77,34.85],[-2.45,34.53],[-3.12,34.21],[-4.08,34.17],[-5.04,34.12],[-6.09,34.12],[-6.56,34.91],[-7.03,35.7],[-5.99,36.12],[-4.93,36.53],[-4.15,36.78],[-3.37,37.02],[-2.58,37.26],[-1.81,37.7],[-1.03,38.13],[-1.03,38.13],[0.07,37.86],[1.26,37.94],[2.44,38.06],[3.54,38.21],[4.29,38.33],[5.04,38.44],[5.89,38.01],[6.73,37.58],[7.57,37.14],[8.45,37.83],[9.35,38.51],[9.26,39.08],[9.16,39.7],[9.06,40.26],[8.89,40.85],[8.76,41.33],[8.57,41.91],[8.37,42.48],[8.2,42.83],[7.68,43.4],[7.03,43.96],[6.57,44.28],[6.72,44.23]]]}},{"type":"Feature","properties":{"ma":5,"type":"gpml:TopologicalNetwork","name":"Greater India","pid":501,"deforming":true},"geometry":{"type":"Polygon","coordinates":[[[69.85,33.68],[70.27,33.8],[70.72,34.11],[70.98,34.31],[71.1,34.38],[71.27,34.29],[71.33,34.12],[71.47,34.02],[71.58,33.99],[71.95,34.13],[72.21,34.34],[72.57,34.61],[72.7,34.65],[72.78,34.55],[72.88,34.32],[72.95,34.12],[73.17,33.87],[73.31,33.69],[73.59,33.6],[74,33.55],[74.21,33.53],[74.41,33.56],[74.61,33.51],[74.97,33.35],[75.49,33.11],[75.59,33.07],[75.93,32.74],[76.29,32.5],[76.67,32.23],[76.87,32.13],[77.22,31.99],[77.5,31.68],[77.83,31.37],[78.2,30.7],[78.42,30.62],[78.69,30.58],[78.91,30.52],[79.25,30.24],[79.54,30.03],[79.74,30.01],[80.17,29.9],[80.46,29.84],[80.8,29.77],[81.14,29.75],[81.47,29.72],[81.69,29.61],[82.27,29.34],[82.85,29.06],[83.41,28.73],[83.93,28.51],[84.24,28.43],[84.62,28.44],[84.96,28.53],[85.13,28.48],[85.53,28.44],[85.86,28.41],[86.25,28.39],[86.66,28.47],[87.07,28.49],[87.31,28.47],[87.6,28.56],[88.07,28.68],[88.39,28.68],[88.87,28.69],[89.17,28.75],[89.5,28.69],[89.64,28.65],[90.07,28.58],[90.48,28.55],[90.81,28.52],[91.42,28.49],[91.92,28.59],[92.25,28.75],[92.44,28.88],[92.71,29.04],[92.97,29.06],[93.5,29.11],[93.81,28.8],[94,28.73],[94.29,28.62],[94.62,28.49],[94.91,28.38],[95.08,28.32],[95.08,28.32],[94.89,27.6],[94.71,26.88],[94.48,26.5],[94.48,26.5],[93.95,26.52],[93.19,26.57],[92.56,26.3],[91.93,25.88],[91.32,25.49],[90.99,25.5],[90.08,25.43],[89.56,25.41],[89.04,25.38],[88.13,25.31],[87.58,25.22],[87.09,25.4],[86.15,25.26],[85.58,25.29],[85.06,25.4],[84.67,25.05],[84.33,25.12],[84.11,25.48],[83.49,25.55],[82.53,25.69],[82.04,25.84],[81.56,25.98],[80.84,26.27],[80.12,26.56],[79.29,26.81],[78.98,27.19],[78.49,27.38],[78.18,27.5],[77.75,27.55],[77.17,27.8],[76.89,28.09],[76.41,28.3],[76.07,28.64],[75.64,28.98],[75.02,29.16],[74.54,29.58],[73.76,30.06],[73.72,30.62],[73.15,31.32],[72.39,31.6],[71.69,32.11],[71.14,32.63],[70.59,33.14],[69.98,32.47],[69.53,31.94],[69.08,31.42],[68.58,30.91],[68.4,30.42],[68.23,29.94],[67.6,29.33],[66.85,28.71],[66.85,28.71],[67.11,29.19],[67.36,29.66],[67.79,30.39],[68.21,31.11],[68.65,31.84],[69.02,32.43],[69.4,33.03],[69.85,33.68]]]}},{"type":"Feature","properties":{"ma":5,"type":"gpml:TopologicalNetwork","name":"Greater_India_East_Mesh","pid":801,"deforming":true},"geometry":{"type":"Polygon","coordinates":[[[113.33,-25.04],[112.53,-25.24],[111.72,-25.43],[110.92,-25.63],[110.14,-25.81],[109.35,-25.98],[109.35,-25.98],[109.87,-25.53],[110.22,-24.87],[110.56,-24.21],[109.89,-23.84],[109.21,-23.47],[108.54,-23.1],[108.73,-22.42],[108.91,-21.74],[109.51,-21.29],[110.11,-20.84],[110.7,-20.39],[110.88,-19.59],[110.37,-18.87],[110.93,-18.16],[111.51,-18.25],[112.09,-18.34],[112.86,-18.73],[113.61,-18.76],[114.35,-18.79],[115.2,-18.88],[116.05,-18.96],[116.58,-18.78],[116.74,-17.81],[117.05,-17.05],[117.36,-16.29],[117.79,-15.41],[118.05,-14.92],[118.3,-14.42],[118.48,-14.09],[119.11,-13.71],[119.74,-13.34],[120.36,-12.96],[120.94,-12.51],[121.52,-12.05],[121.35,-11.68],[122.16,-11.19],[122.96,-10.7],[123.76,-10.2],[124.42,-9.83],[125.07,-9.46],[125.73,-9.09],[126.02,-9.56],[126.31,-10.04],[126.92,-9.59],[127.53,-9.14],[128.14,-8.69],[128.14,-8.69],[128.66,-9.25],[129.19,-9.81],[129.83,-10.4],[130.48,-10.99],[131.13,-11.58],[131.78,-12.17],[132.44,-12.76],[133.1,-13.34],[133.76,-13.93],[133.76,-13.93],[133.16,-14.13],[132.56,-14.32],[131.71,-14.86],[130.85,-15.39],[130.27,-15.76],[129.67,-16.12],[129.08,-16.48],[128.57,-17.25],[127.87,-17.57],[127.17,-17.89],[126.48,-18.2],[125.62,-18.6],[124.75,-19],[124.03,-19.32],[123.31,-19.64],[122.58,-19.96],[121.9,-20.58],[121.21,-21.19],[120.52,-21.74],[119.83,-22.29],[119.13,-22.83],[118.4,-23.09],[117.66,-23.34],[116.92,-23.59],[116.17,-23.88],[115.41,-24.16],[114.65,-24.44],[114.13,-24.83],[113.33,-25.04]]]}},{"type":"Feature","properties":{"ma":5,"type":"gpml:TopologicalNetwork","name":"aus_antarc_india_mesh","pid":801,"deforming":true},"geometry":{"type":"Polygon","coordinates":[[[104.68,-26.65],[104.79,-26.6],[105.4,-26.14],[106.01,-25.67],[106.61,-25.2],[106.97,-25.54],[107.03,-26.32],[107.09,-27.1],[107.66,-27.39],[108.23,-27.68],[108.69,-27.23],[108.98,-26.66],[109.26,-26.09],[110.07,-25.89],[110.87,-25.69],[111.68,-25.49],[112.48,-25.28],[112.48,-25.28],[112.22,-26.2],[112.33,-26.88],[112.44,-27.56],[112.44,-28.06],[112.44,-28.67],[112.44,-29.32],[112.43,-29.96],[112.55,-30.55],[112.67,-31.14],[112.9,-31.84],[113.12,-32.55],[113.32,-33.23],[113.51,-33.91],[113.5,-34.7],[113.48,-35.48],[113.28,-36.05],[113.08,-36.62],[113.08,-36.62],[112.47,-36.58],[111.47,-36.97],[111.27,-36.95],[111.27,-36.95],[111.64,-36.57],[111.32,-35.72],[111,-34.86],[111.26,-35.03],[111.45,-35.24],[111.87,-34.72],[111.97,-34.42],[112.03,-34.31],[111.91,-33.68],[111.98,-33.64],[112.2,-33.64],[112.33,-33.59],[112.28,-33.26],[112.16,-32.98],[111.66,-32.56],[111.64,-32.45],[111.3,-32.15],[111.44,-32.05],[110.67,-31.35],[109.96,-30.74],[109.62,-30.33],[109.28,-29.93],[108.65,-29.53],[107.98,-29.08],[107.32,-28.62],[106.79,-28.37],[106.22,-27.82],[105.82,-27.55],[105.82,-27.55],[105.82,-27.43],[105.25,-27.04],[104.68,-26.65]]]}},{"type":"Feature","properties":{"ma":5,"type":"gpml:TopologicalNetwork","name":"Inactive_aus_antarc_india_mesh","pid":802,"deforming":true},"geometry":{"type":"Polygon","coordinates":[[[102.76,-64.07],[101.22,-64.21],[99.67,-64.33],[98.49,-64.59],[97.28,-64.83],[95.93,-65.05],[94.56,-65.25],[93.38,-65.59],[92.17,-65.91],[90.69,-65.96],[89.21,-65.99],[87.91,-66.01],[86.6,-66.03],[84.92,-66.14],[83.23,-66.24],[81.54,-66.48],[79.82,-66.7],[78.27,-66.99],[77.63,-67.95],[76.34,-68.72],[75.14,-69.16],[73.81,-69.77],[72.39,-70.36],[71.46,-71.12],[70.45,-71.88],[69.94,-70.93],[69.5,-70.04],[69.69,-69.47],[69.87,-68.9],[70.52,-68.41],[71.14,-67.91],[72.07,-67.25],[70.33,-67.44],[67.87,-67.44],[66.19,-67.38],[64.51,-67.3],[62.69,-67.17],[60.89,-67.02],[59.11,-66.85],[57.9,-66.59],[56.71,-66.33],[55.46,-65.7],[53.57,-65.66],[51.68,-66.1],[49.42,-66.51],[47.1,-66.89],[45.04,-67.37],[42.9,-67.83],[41.12,-68.31],[39.27,-68.78],[36.93,-68.6],[34.63,-68.4],[32.84,-67.98],[31.11,-67.54],[30.11,-67.09],[29.14,-66.63],[29.14,-66.63],[30.05,-66.25],[30.93,-65.87],[31.66,-65.49],[32.47,-65.19],[33.46,-64.8],[33.89,-64.76],[34.37,-64.84],[34.72,-65.2],[34.76,-65.46],[34.61,-65.76],[34.42,-66.15],[34.33,-66.49],[34.4,-66.71],[34.8,-67.03],[35.53,-67.22],[37.06,-67.39],[38.6,-67.54],[39.39,-66.89],[40.16,-66.94],[40.9,-67.03],[41.11,-67.01],[42.11,-66.35],[42.59,-65.88],[43.4,-65.48],[45.08,-65.11],[46.71,-64.72],[47.76,-64.23],[48.76,-63.73],[50.27,-63.63],[50.27,-63.63],[52.36,-63.72],[53.64,-63.9],[55.07,-64.07],[57.22,-64.32],[57.62,-63.64],[57.75,-63.58],[58.9,-63.64],[60.05,-63.68],[61.68,-63.72],[63.62,-63.76],[65.32,-63.94],[66,-63.96],[67.03,-63.98],[68.64,-63.91],[69.47,-63.83],[70.4,-63.74],[71.01,-63.94],[71.99,-64.23],[73.73,-63.63],[74.16,-63.68],[74.82,-63.76],[76.03,-63.9],[76.24,-64.28],[76.4,-64.57],[76.99,-64.67],[78.38,-64.77],[79.67,-64.85],[81.41,-64.97],[82.38,-65.03],[83.77,-65.01],[85.16,-64.98],[85.82,-64.93],[86.2,-64.85],[87.61,-64.76],[89.01,-64.66],[90.31,-64.54],[92,-64.27],[93.65,-63.98],[94.69,-63.7],[95.71,-63.4],[95.51,-62.76],[95.38,-62.26],[97.35,-62.15],[99.39,-62.07],[101.41,-61.96],[102.36,-62.25],[103.18,-62.41],[103.92,-62.55],[103.92,-62.55],[103.83,-62.5],[103.83,-62.5],[103.97,-63.08],[104.11,-63.67],[104.28,-63.91],[102.76,-64.07]]]}},{"type":"Feature","properties":{"ma":5,"type":"gpml:TopologicalNetwork","name":"Inactive_aus_antarc_india_mesh","pid":501,"deforming":true},"geometry":{"type":"Polygon","coordinates":[[[77.48,11.21],[77.6,11.5],[77.63,12.21],[77.65,12.92],[77.79,13.61],[77.93,14.31],[78.48,14.77],[79.04,15.24],[79.68,15.48],[80.32,15.71],[80.95,16.18],[81.58,16.65],[82.03,17.09],[82.47,17.53],[82.95,18.04],[83.43,18.54],[83.96,19.2],[84.5,19.86],[85.09,20.21],[85.68,20.57],[86.28,20.59],[86.89,20.62],[87.82,20.97],[87.82,20.97],[88.16,20.37],[88.7,19.6],[88.7,19.6],[88.24,19.52],[87.63,19.44],[87.49,19.38],[87.25,19.3],[87.11,19.22],[86.98,19.17],[86.76,19.06],[86.59,18.96],[86.44,18.91],[86.24,18.78],[86.1,18.69],[85.89,18.61],[85.74,18.54],[85.58,18.5],[85.45,18.45],[85.14,18.37],[84.93,18.28],[84.75,18.24],[84.47,18.21],[84.26,18.14],[83.97,18],[83.86,17.93],[83.66,17.77],[83.47,17.56],[83.08,17.16],[82.88,16.98],[82.67,16.82],[82.46,16.65],[82.21,16.43],[81.76,15.99],[81.71,15.94],[81.38,15.64],[80.87,15.36],[80.76,15.28],[80.22,14.83],[79.92,14.62],[79.43,14.38],[79,14.1],[78.58,13.65],[78.41,13.35],[78.41,12.67],[78.43,12.27],[78.57,11.63],[77.95,10.86],[77.95,10.86],[77.48,11.21]]]}},{"type":"Feature","properties":{"ma":5,"type":"gpml:TopologicalNetwork","name":"Inactive_Western_Deforming_Network","pid":801,"deforming":true},"geometry":{"type":"Polygon","coordinates":[[[153.08,-21.42],[153.12,-21.88],[153.25,-22.43],[153.46,-23.4],[153.58,-24.01],[153.76,-24.92],[153.52,-25.75],[153.78,-26.1],[153.58,-27.07],[153.45,-28.06],[153.32,-29.04],[153.18,-30.03],[153.35,-30.39],[153.29,-30.91],[153.23,-31.43],[153.2,-31.71],[152.81,-32.62],[152.67,-32.93],[152.62,-33.47],[152.58,-34.01],[152.55,-34.25],[152.29,-34.85],[152.02,-35.44],[152.01,-35.47],[151.66,-36.04],[151.31,-36.62],[150.8,-37.48],[150.26,-38.34],[150.22,-38.55],[150.09,-39.11],[149.96,-39.68],[149.04,-39.83],[148.44,-39.96],[148.44,-39.96],[148.37,-39.55],[148.35,-38.92],[148.53,-38.31],[148.7,-37.68],[149.3,-37.01],[149.52,-36.63],[149.65,-36.35],[150.14,-35.48],[150.57,-34.91],[151.08,-34.15],[151.16,-33.31],[151.32,-32.66],[151.66,-32.18],[151.99,-31.7],[152.17,-31.14],[152.02,-30.59],[152.1,-29.93],[151.93,-29.32],[152.14,-28.4],[152.02,-27.43],[151.98,-26.69],[152.57,-26.07],[152.67,-25.42],[152.79,-24.56],[152.64,-24.07],[152.14,-23.4],[151.67,-22.67],[151.43,-21.96],[151.16,-21.15],[150.89,-20.5],[150.89,-20.5],[151.59,-20.33],[152.29,-20.15],[152.99,-19.97],[152.99,-19.97],[153.04,-20.62],[153.08,-21.42]]]}},{"type":"Feature","properties":{"ma":5,"type":"gpml:TopologicalNetwork","name":"Inactive_Southern_Aus_Margin","pid":801,"deforming":true},"geometry":{"type":"Polygon","coordinates":[[[139.51,-40.39],[140.77,-40.6],[141.47,-40.56],[142.17,-40.51],[142.96,-40.49],[143.89,-40.35],[144.97,-40.42],[145.61,-40.47],[146.46,-40.33],[147.13,-40.19],[148.15,-40.02],[149.04,-39.83],[149.96,-39.68],[149.91,-39.84],[149.61,-40.7],[149.51,-40.96],[149.12,-41.5],[148.71,-42.03],[148.71,-42.08],[148.71,-42.73],[148.7,-43.39],[148.84,-43.91],[148.98,-44.43],[149.43,-44.71],[150.05,-45.44],[150.09,-45.5],[150.43,-45.95],[150.77,-46.41],[150.76,-46.41],[150.54,-46.99],[150.31,-47.55],[149.24,-47.72],[148.05,-47.89],[146.79,-48.06],[145.53,-48.22],[145.28,-47.69],[144.88,-47.38],[144.36,-47.01],[143.85,-46.65],[143.43,-46.33],[142.61,-45.98],[142,-45.12],[141.4,-44.25],[141.05,-43.9],[140.76,-43.7],[140.29,-43.33],[139.81,-42.96],[139.32,-42.59],[138.84,-42.23],[138.34,-41.88],[137.86,-41.55],[137.36,-41.17],[136.87,-40.82],[136.38,-40.46],[135.91,-40.08],[134.99,-39.83],[134.08,-39.58],[133.88,-39.53],[133.1,-39.34],[132.53,-39.28],[132.1,-39.22],[130.96,-39.04],[130.18,-38.7],[129.24,-38.33],[128.73,-38.25],[128.25,-38.18],[127.4,-38.15],[127.23,-38.14],[126.22,-38.13],[126.14,-38.14],[125.22,-38.2],[125.08,-38.25],[124.32,-38.47],[124.25,-38.49],[123.62,-38.63],[123.26,-38.72],[122.91,-38.75],[122.26,-38.81],[122.02,-38.84],[121.25,-38.9],[121.09,-38.91],[120.25,-38.97],[120.15,-38.99],[119.31,-39.18],[119.26,-39.19],[118.5,-39.33],[118.26,-39.37],[117.67,-39.48],[117.26,-39.55],[116.69,-39.56],[116.25,-39.56],[115.6,-39.52],[114.6,-39.44],[113.61,-39.35],[112.57,-39.19],[112.57,-39.19],[112.16,-38.45],[111.76,-37.7],[111.36,-36.96],[111.36,-36.96],[111.47,-36.97],[112.47,-36.58],[113.13,-36.62],[113.78,-36.66],[114.9,-36.4],[115.99,-36.16],[116.85,-36],[117.93,-35.98],[118.67,-35.92],[119.4,-35.85],[120.42,-35.7],[121.58,-35.55],[122.58,-35.61],[123.29,-35.43],[123.99,-35.25],[124.74,-35.15],[125.48,-35.06],[126.29,-34.91],[127.09,-34.76],[127.87,-34.56],[128.65,-34.35],[129.72,-34.27],[130.21,-34.15],[131.21,-34.54],[132.23,-34.93],[132.68,-35.26],[133.14,-35.6],[133.77,-36.02],[134.41,-36.43],[134.89,-36.77],[135.37,-37.1],[136.13,-37.69],[136.79,-38.24],[137.28,-38.73],[137.87,-39.26],[138.55,-39.77],[139.16,-40.1],[139.38,-40.36],[139.51,-40.39]]]}},{"type":"Feature","properties":{"ma":5,"type":"gpml:TopologicalNetwork","name":"Inactive_Coral_Deforming_Network","pid":836,"deforming":true},"geometry":{"type":"Polygon","coordinates":[[[153.9,-13.75],[154.64,-14.19],[155.16,-14.5],[155.68,-14.8],[156.09,-15.05],[156.28,-15.24],[156.5,-15.42],[156.5,-15.42],[156.08,-15.74],[155.65,-16.06],[154.89,-16.43],[154.12,-16.79],[154.12,-16.79],[154.07,-16.52],[153.82,-16.02],[153.46,-15.6],[153.1,-15.18],[152.9,-14.85],[152.9,-14.85],[152.53,-14.63],[151.55,-14.4],[150.58,-14.17],[149.8,-14.07],[149.02,-13.98],[148.94,-13.92],[148.94,-13.92],[148.39,-14.21],[147.99,-14.37],[147.13,-14.41],[146.48,-14.35],[146.48,-14.35],[146.38,-14.38],[146.14,-14.36],[145.85,-14.39],[145.45,-14.53],[145.36,-14.82],[145.53,-15.35],[145.67,-15.6],[145.57,-15.69],[145.57,-15.69],[145.86,-15.97],[146.08,-16.12],[146.35,-16.38],[146.88,-16.65],[147.55,-16.94],[148.19,-17.14],[148.82,-17.34],[149.75,-17.66],[150.41,-17.87],[151.07,-18.08],[151.44,-18.76],[151.91,-19.39],[151.96,-20.24],[151.96,-20.24],[151.06,-20.46],[151.06,-20.46],[150.98,-19.95],[150.9,-19.44],[150.48,-18.95],[150.06,-18.46],[149.4,-18.27],[148.73,-18.07],[148,-17.82],[147.28,-17.56],[146.56,-17.3],[145.73,-16.92],[144.91,-16.55],[144.19,-16.5],[143.46,-16.45],[142.74,-16.4],[142.38,-15.92],[142.2,-15.68],[142.2,-15.68],[142.3,-15.5],[142.49,-15.12],[142.65,-14.73],[142.82,-14.35],[143.14,-13.55],[143.47,-13.11],[143.8,-12.67],[144.58,-12.78],[145.36,-12.88],[145.75,-13.27],[145.75,-13.27],[145.96,-13.18],[146.34,-13.02],[146.91,-12.7],[147.51,-12.4],[148.22,-12.51],[148.92,-12.61],[149.55,-12.63],[150.08,-12.7],[150.6,-12.77],[151.5,-13.05],[152.41,-13.32],[153.17,-13.31],[153.9,-13.75]]]}},{"type":"Feature","properties":{"ma":5,"type":"gpml:TopologicalNetwork","name":"Static_Network","pid":833,"deforming":true},"geometry":{"type":"Polygon","coordinates":[[[154.31,-21.22],[154.21,-20.71],[153.91,-20.55],[153.81,-19.96],[153.8,-19.32],[154.15,-18.82],[154.49,-18.31],[154.38,-17.59],[154.38,-17.59],[154.68,-17.41],[155.23,-16.86],[155.77,-16.3],[155.77,-16.3],[155.96,-16.53],[156.2,-16.74],[156.4,-16.95],[156.85,-17.52],[157.17,-18.25],[157.19,-19.14],[156.87,-19.55],[156.51,-19.99],[156.15,-20.43],[156.52,-21.07],[156.3,-21.84],[156.5,-22.26],[157.09,-22.83],[157.87,-22.35],[158.64,-21.86],[159.41,-21.38],[160.18,-20.89],[160.94,-20.4],[161.69,-19.9],[162.34,-20.53],[162.62,-21.03],[162.9,-21.53],[163.29,-21.9],[163.69,-22.26],[164.28,-22.83],[164.99,-23.32],[165.72,-23.83],[166.34,-24.14],[166.74,-24.54],[166.79,-24.83],[166.86,-25.04],[166.86,-25.34],[166.94,-25.99],[166.89,-26.91],[166.98,-27.64],[167.16,-28.47],[167.26,-28.9],[167.29,-29.66],[167.33,-29.93],[167.39,-30.65],[167.84,-31.29],[167.86,-31.71],[167.71,-32.48],[167.68,-33.08],[167.79,-33.5],[167.95,-33.84],[168.8,-34.49],[169.28,-34.83],[169.85,-35.09],[170.56,-35.5],[170.65,-35.62],[171.51,-35.12],[171.16,-35.47],[171.14,-35.79],[171.12,-36.02],[171.31,-36.38],[171.55,-36.85],[171.85,-37.42],[172.07,-37.83],[172.29,-38.24],[172.59,-38.79],[173.23,-39.32],[172.63,-39.97],[171.84,-40.54],[171.42,-40.96],[170.99,-41.37],[170.93,-41.93],[170.87,-42.48],[170.18,-43.31],[169.49,-43.7],[168.69,-44.36],[168.16,-44.81],[167.63,-45.24],[167.22,-46.2],[167.22,-46.2],[166.64,-45.91],[165.99,-45.62],[165.3,-45.45],[164.47,-44.69],[163.65,-43.92],[163.95,-43.44],[163.85,-43.27],[163.52,-42.95],[163.13,-42.65],[163.13,-42.65],[163.39,-42.49],[162.94,-41.62],[162.51,-40.74],[161.75,-39.93],[161.69,-39.87],[161.33,-39.14],[160.77,-38.96],[160.16,-38.64],[159.55,-38.32],[159.3,-37.69],[159.05,-37.06],[159.01,-37.03],[158.34,-36.3],[158.17,-36.11],[157.53,-35.97],[156.9,-35.83],[156.85,-35.68],[156.68,-35.17],[156.51,-34.65],[156.42,-34.46],[156.25,-33.73],[156.09,-33],[156.38,-32.32],[156.67,-31.64],[156.68,-31.61],[156.58,-31.07],[156.48,-30.53],[156.44,-30.29],[156.38,-29.74],[156.33,-29.19],[156.3,-28.9],[156.4,-28.41],[156.51,-27.91],[156.58,-27.58],[156.26,-26.63],[156.13,-26.25],[155.66,-25.66],[155.2,-25.08],[154.9,-24.51],[154.67,-24.07],[154.62,-23.42],[154.58,-22.9],[154.54,-22.37],[154.41,-21.74],[154.31,-21.22]]]}},{"type":"Feature","properties":{"ma":5,"type":"gpml:TopologicalNetwork","name":"Inactive_Deforming_AUS_ANT_Deforming_Network","pid":802,"deforming":true},"geometry":{"type":"Polygon","coordinates":[[[164.92,-69.09],[165.05,-69.11],[166.16,-69.25],[166.33,-69.31],[165.84,-69.84],[165.33,-70.37],[165.33,-70.37],[164.22,-70.16],[162.4,-70.16],[160.57,-70.15],[159,-69.7],[157.83,-69.23],[156.7,-68.74],[155.52,-68.38],[154.38,-68.01],[152.7,-67.77],[151.05,-67.51],[149.27,-67.33],[147.51,-67.13],[146.27,-66.93],[145.05,-66.72],[142.67,-66.47],[141.07,-66.43],[139.46,-66.38],[137.88,-66.12],[136.34,-65.84],[134.42,-65.73],[133,-65.76],[131.57,-65.76],[130.01,-65.83],[128.45,-65.87],[126.66,-66.13],[124.82,-66.37],[122.86,-66.43],[120.89,-66.46],[118.91,-66.46],[117.64,-66.55],[116.36,-66.62],[114.6,-66.7],[112.84,-66.76],[111.51,-66.67],[110.19,-66.57],[107.99,-66.29],[105.83,-65.98],[105.83,-65.98],[105.23,-65.21],[104.65,-64.44],[104.11,-63.67],[103.91,-62.83],[103.91,-62.83],[104.45,-62.96],[105.33,-63.15],[107.16,-63.48],[108.59,-63.44],[110.02,-63.39],[110.96,-63.35],[111.61,-63.31],[112.5,-63.27],[113.2,-63.23],[114.35,-63.26],[114.8,-63.27],[116.3,-63.33],[116.4,-63.33],[117.99,-63.28],[118.18,-63.27],[119.58,-63.21],[119.85,-63.2],[121.17,-63.16],[121.59,-63.15],[122.77,-63.13],[123.51,-63.19],[124.36,-63.26],[125.78,-63.32],[125.95,-63.33],[127.54,-63.26],[127.78,-63.22],[129.11,-62.98],[129.22,-62.95],[130.46,-62.66],[130.66,-62.61],[131.7,-62.4],[132.22,-62.28],[132.81,-62.19],[133.55,-62.07],[133.79,-62.02],[134.86,-61.88],[135.37,-61.81],[136.11,-61.74],[136.96,-61.66],[137.21,-61.66],[139.13,-61.98],[141.09,-62.28],[141.46,-62.4],[142.14,-62.61],[142.79,-62.78],[143.22,-62.9],[143.94,-63.09],[144.69,-63.28],[145.16,-63.41],[145.73,-63.56],[146.47,-63.75],[147.29,-63.94],[147.79,-64.05],[148.7,-64.3],[150.17,-64.75],[151.15,-65.31],[151.9,-65.61],[152.14,-65.71],[152.19,-65.73],[152.39,-65.78],[152.94,-65.93],[153.27,-66.02],[153.51,-66.07],[154.38,-66.24],[154.81,-66.44],[155.39,-66.71],[156.35,-67.29],[157.33,-67.82],[158.41,-68.1],[159.08,-68.22],[159.51,-68.3],[160.62,-68.45],[161.43,-68.59],[161.73,-68.64],[163.94,-68.96],[164.92,-69.09]]]}},{"type":"Feature","properties":{"ma":5,"type":"gpml:TopologicalNetwork","name":"Inactive_Tasmania_Deforming_Network","pid":851,"deforming":true},"geometry":{"type":"Polygon","coordinates":[[[143.43,-46.33],[143.85,-46.65],[144.36,-47.01],[144.88,-47.38],[145.28,-47.69],[145.55,-48.18],[145.87,-48.44],[146.32,-48.66],[146.85,-48.87],[147.36,-49.08],[148.09,-49.36],[148.58,-49.66],[149.03,-49.99],[149.49,-50.3],[150.14,-50.74],[150.53,-51.1],[150.82,-51.47],[150.89,-51.65],[150.4,-52.08],[149.57,-52.09],[149.17,-51.96],[149.16,-51.96],[148.7,-51.76],[148.65,-51.74],[148.2,-51.57],[147.87,-51.44],[147.68,-51.39],[147.16,-51.25],[147.06,-51.23],[146.8,-51.16],[146.39,-51.05],[146.26,-51.01],[146.03,-50.93],[145.76,-50.83],[145.75,-50.83],[145.63,-50.79],[145.47,-50.73],[145.33,-50.62],[144.84,-50.22],[144.67,-49.92],[144.44,-49.53],[144.07,-48.81],[143.82,-48.32],[143.71,-48.1],[143.35,-47.38],[142.98,-46.67],[142.96,-46.63],[142.61,-45.98],[143.43,-46.33]]]}},{"type":"Feature","properties":{"ma":5,"type":"gpml:TopologicalNetwork","name":"Inactive_network","pid":301,"deforming":true},"geometry":{"type":"Polygon","coordinates":[[[-2.27,81.17],[-1.7,81.3],[2.28,81.82],[6.84,82.2],[11.46,82.51],[11.46,82.51],[16.62,82.21],[21.36,81.86],[25.16,82.16],[29.25,82.42],[34.96,82.82],[39.19,83.11],[43.01,83.33],[49.19,83.78],[54.3,83.45],[60.09,83.18],[64.62,83.26],[71.8,82.84],[72.87,82.82],[74.5,82.78],[76.36,82.72],[78.45,82.65],[80.49,82.6],[80.49,82.6],[80.48,82.6],[78.87,82.14],[77.44,81.67],[77.44,81.67],[71.98,81.72],[65.7,81.79],[59.4,81.76],[54.14,81.65],[49.05,81.48],[44.07,81.38],[39.24,81.22],[34.39,80.97],[29.83,80.65],[26.25,80.37],[22.87,80.06],[19.52,79.79],[16.35,79.48],[12.87,78.91],[13.5,78.1],[14.78,77.53],[15.94,76.95],[16.65,76.29],[17.3,75.64],[17.89,74.97],[18.14,74.42],[18.38,73.88],[18.38,73.88],[16.07,73.73],[13.8,73.57],[13.8,73.57],[13.62,74.23],[13.42,74.9],[13.21,75.56],[11.45,75.96],[9.6,76.36],[8.32,77.04],[6.9,77.71],[5.32,78.38],[3.28,79.15],[0.94,79.91],[-1.3,80.8],[-2.27,81.17]]]}},{"type":"Feature","properties":{"ma":5,"type":"gpml:TopologicalNetwork","name":"Inactive_network","pid":102,"deforming":true},"geometry":{"type":"Polygon","coordinates":[[[-180,89.12],[-180,90],[180,90],[180,89.12],[180,88.24],[169.6,87.54],[169.6,87.54],[169.35,87.54],[169.1,87.52],[169.1,87.52],[152,87.63],[134.91,87.52],[120.4,87.22],[120.4,87.22],[109.01,87.57],[91.93,87.87],[77.16,88.23],[66.12,89.04],[44.44,89.5],[-24.68,89.48],[-23.75,88.53],[-26.2,87.61],[-29.87,86.79],[-34.14,86.21],[-37.27,85.61],[-40.26,84.81],[-34.77,84.81],[-28.17,84.91],[-21.4,84.95],[-12.93,84.79],[-9.88,84.47],[-9.49,84.48],[-10.82,84.34],[-13.58,83.95],[-16.64,83.4],[-20.51,82.73],[-17.84,82.81],[-14.63,82.19],[-11.11,81.43],[-8.18,80.64],[-6.02,79.86],[-4.18,79.07],[-3.51,78.44],[-2.9,77.82],[-4.21,77.18],[-4.21,77.18],[-4.78,77.41],[-5.95,77.96],[-6.96,78.33],[-7.93,78.68],[-10.06,79.31],[-12.61,79.98],[-15.51,80.62],[-18.7,81.02],[-22.19,81.4],[-26.79,81.71],[-31.71,81.96],[-36.9,82.15],[-41.83,82.12],[-46.7,82.03],[-46.7,82.03],[-49,82.67],[-51.73,83.29],[-55.86,84.02],[-61.11,84.72],[-67.88,85.36],[-66.99,85.55],[-69.25,86.22],[-72.47,86.87],[-77.58,87.49],[-85.87,88.07],[-107.7,88.67],[-147.01,88.87],[-162.79,88.74],[-180,88.24],[-180,89.12]]]}},{"type":"Feature","properties":{"ma":5,"type":"gpml:TopologicalNetwork","name":"EllesmereIsland_Deformation_Mesh_Gion","pid":120,"deforming":true},"geometry":{"type":"Polygon","coordinates":[[[-92.33,73.58],[-94.76,73.57],[-97.68,73.55],[-100.29,73.63],[-102.92,73.67],[-104.72,73.7],[-106.53,73.7],[-109.64,73.84],[-111.49,74.11],[-113.39,74.38],[-115.1,74.68],[-116.87,74.98],[-119.95,75.44],[-122.92,76.05],[-125.41,76.62],[-125.65,77.58],[-125.21,78.56],[-123.36,79.04],[-121.34,79.51],[-118.89,79.9],[-116.26,80.27],[-113.2,80.69],[-109.88,81.07],[-105.6,81.46],[-100.95,81.8],[-97.17,82.1],[-93.11,82.36],[-89.1,82.78],[-84.62,83.16],[-81.2,83.56],[-77.35,83.93],[-71.35,84.43],[-67.88,85.36],[-67.88,85.36],[-61.11,84.72],[-55.86,84.02],[-51.73,83.29],[-48.84,82.63],[-46.42,81.95],[-46.42,81.95],[-47.6,81.84],[-49.96,81.55],[-52.63,81.17],[-54.34,80.89],[-56.71,80.37],[-58.57,79.8],[-60.23,79.22],[-61.57,78.84],[-62.41,78.77],[-63.98,78.75],[-65.19,78.72],[-67.12,78.5],[-68.62,78.31],[-69.04,78],[-69.36,77.74],[-70.69,77.52],[-71.65,77.35],[-71.58,77.12],[-71.49,76.84],[-71.4,76.55],[-72.11,76.48],[-72.72,76.42],[-73.35,76.36],[-74.23,76.27],[-74.9,76.19],[-75.64,76.11],[-76.11,76.06],[-76.45,75.94],[-77.11,75.71],[-77.84,75.45],[-78.77,74.87],[-79.52,74.63],[-80.15,74.42],[-81.09,74.09],[-82.58,73.49],[-83.37,73.09],[-83.37,73.09],[-84.6,73.1],[-86.71,73.18],[-89.66,73.3],[-90.82,73.42],[-92.33,73.58]]]}},{"type":"Feature","properties":{"ma":5,"type":"gpml:TopologicalNetwork","name":"Inactive_BoB_Deform","pid":305,"deforming":true},"geometry":{"type":"Polygon","coordinates":[[[-9,45.68],[-8.98,45.74],[-8.83,45.93],[-8.68,46.22],[-8.5,46.52],[-8.31,46.89],[-8.24,47.04],[-8.24,47.04],[-8.19,47.03],[-7.67,46.93],[-7.24,46.79],[-6.68,46.62],[-6.09,46.31],[-5.79,46.07],[-5.13,45.82],[-4.56,45.34],[-4.02,44.88],[-3.8,44.54],[-3.59,44.15],[-3.3,43.82],[-3.06,43.47],[-2.94,43.05],[-2.94,43.05],[-3.61,43.1],[-4.47,42.99],[-5.36,42.92],[-5.72,42.87],[-6.15,42.82],[-6.39,42.78],[-6.68,42.74],[-6.68,42.74],[-7.04,43.46],[-7.32,43.8],[-7.49,43.98],[-7.65,44.05],[-7.65,44.05],[-7.34,44.17],[-7.13,44.38],[-7.08,44.46],[-7.08,44.46],[-7.07,44.48],[-7.11,44.66],[-7.17,44.88],[-7.37,45.1],[-8.07,45.36],[-8.97,45.67],[-9,45.68]]]}},{"type":"Feature","properties":{"ma":5,"type":"gpml:TopologicalNetwork","name":"Inactive_Central_Atlantic_Mesh","pid":101,"deforming":true},"geometry":{"type":"Polygon","coordinates":[[[-51.55,42.64],[-51.93,42.82],[-52.63,43.08],[-53.2,43.09],[-54.01,43.48],[-54.59,43.58],[-55.49,43.26],[-56.47,43.12],[-57.45,42.97],[-58.22,42.4],[-58.71,41.94],[-59.04,41.63],[-59.5,41.36],[-60.06,41.18],[-60.82,41.33],[-61.83,41.64],[-62.73,41.68],[-63.46,41.62],[-63.66,41.59],[-63.92,41.41],[-64.27,41.19],[-64.41,41.11],[-64.51,41.04],[-64.6,40.97],[-64.69,40.9],[-64.95,40.7],[-65.25,40.45],[-65.36,40.33],[-65.55,40.16],[-65.69,40.06],[-65.8,39.96],[-65.99,39.81],[-66.18,39.66],[-66.31,39.52],[-66.67,39.42],[-67.04,39.51],[-67.38,39.59],[-67.9,39.68],[-68.17,39.57],[-68.42,39.49],[-68.74,39.46],[-69.09,39.39],[-69.44,39.35],[-69.68,39.32],[-69.97,39.31],[-70.27,39.34],[-70.64,39.36],[-70.87,39.39],[-71.19,39.2],[-71.35,39.13],[-71.8,39.09],[-72.6,38.87],[-73.2,38.53],[-73.69,37.98],[-73.89,37.3],[-74.19,36.75],[-74.3,36.45],[-74.25,36.03],[-74.16,35.62],[-74.14,35.06],[-74.54,34.52],[-74.92,33.99],[-75.32,33.5],[-75.63,33.09],[-76.18,32.51],[-76.46,32],[-77.27,31.7],[-78.12,31.36],[-78.97,30.99],[-79.32,30.61],[-79.57,30.23],[-79.17,29.93],[-79.09,29.74],[-79.24,29.27],[-79.02,28.79],[-78.71,27.91],[-78.59,27.61],[-78.49,27.18],[-78.49,27.11],[-78.49,27.11],[-78.97,27.1],[-79.74,27.17],[-80.51,27.41],[-81.08,27.9],[-81.64,28.22],[-82.31,28.48],[-82.91,28.82],[-83.17,29.31],[-83.99,29.57],[-84.63,29.89],[-85.27,30.22],[-85.27,30.22],[-84.69,30.47],[-84.36,30.55],[-84.14,30.92],[-83.81,31.4],[-83.49,31.8],[-83.17,32.19],[-83.1,32.41],[-82.75,32.59],[-82.42,32.75],[-81.88,33.03],[-81.19,33.32],[-80.51,33.61],[-80,34.16],[-79.59,34.7],[-79.57,35.49],[-79.55,36.13],[-78.9,36.59],[-78.14,37.29],[-77.81,37.66],[-77.35,38.22],[-76.89,38.79],[-76.69,39.28],[-76.6,39.74],[-76.13,39.98],[-75.99,40.11],[-75.68,40.15],[-75.28,40.13],[-74.92,40.18],[-74.37,40.41],[-74.06,40.49],[-73.83,40.53],[-73.5,40.85],[-73.15,41.17],[-72.58,41.38],[-72.2,41.75],[-72.08,42.35],[-71.78,42.47],[-71.24,42.41],[-70.62,42.75],[-70.01,42.85],[-69.01,43.02],[-67.98,43.28],[-67.32,43.5],[-66.3,43.73],[-65.66,44.09],[-64.8,44.56],[-64.03,44.89],[-63.29,45.08],[-62.44,45.27],[-61.97,45.32],[-61.29,45.26],[-60.37,45.25],[-59.58,45.34],[-58.91,45.41],[-58.21,45.44],[-57.48,45.46],[-56.58,45.44],[-55.56,45.31],[-54.61,45.15],[-53.53,45.06],[-53.07,44.95],[-52.83,44.74],[-52.52,44.65],[-52.34,44.51],[-52.18,44.41],[-51.93,44.23],[-51.58,44.04],[-51.67,43.93],[-51.87,43.83],[-52.3,43.84],[-52.27,43.64],[-52.1,43.42],[-51.67,43.59],[-51.6,43.6],[-51.43,43.57],[-51.45,43.35],[-51.47,42.94],[-51.11,42.85],[-51.11,42.85],[-51.55,42.64]]]}},{"type":"Feature","properties":{"ma":5,"type":"gpml:TopologicalNetwork","name":"Inactive Deforming Network","pid":701,"deforming":true},"geometry":{"type":"Polygon","coordinates":[[[6.25,4.44],[5.42,4.76],[4.58,5.09],[4.58,5.09],[5.27,5.61],[5.67,5.91],[5.67,5.91],[5.97,5.87],[6.76,5.72],[7.21,5.49],[7.65,5.25],[8.04,4.82],[8.43,4.39],[8.78,3.67],[8.83,3.06],[8.88,2.44],[8.7,1.72],[8.52,0.99],[8.34,0.27],[8.5,-0.22],[8.66,-0.71],[8.93,-1.68],[8.98,-2.54],[9.09,-3.08],[9.2,-3.62],[9.53,-4.07],[9.87,-4.51],[10.48,-4.9],[10.98,-5.64],[11.21,-6.09],[11.45,-6.53],[11.64,-7.37],[11.79,-8.18],[12.09,-8.97],[12.53,-9.86],[12.86,-10.67],[12.91,-11.34],[12.84,-11.89],[12.78,-12.45],[12.43,-13.24],[12.13,-13.65],[11.82,-14.06],[11.36,-14.93],[11.2,-15.46],[11.03,-15.99],[10.87,-16.62],[10.7,-17.25],[10.61,-17.8],[10.51,-18.34],[10.73,-19.27],[10.98,-19.87],[11.23,-20.48],[11.43,-20.94],[11.63,-21.41],[11.95,-22.22],[12.44,-23.04],[12.64,-23.68],[12.84,-24.32],[13.12,-25.26],[13.24,-25.8],[13.37,-26.34],[13.53,-26.89],[13.69,-27.45],[13.86,-27.98],[14.04,-28.51],[14.59,-29.27],[15.19,-30.06],[15.51,-30.58],[15.83,-31.09],[16.07,-31.71],[16.31,-32.32],[16.57,-33.24],[16.84,-34.15],[17.14,-34.73],[17.44,-35.3],[17.97,-35.71],[18.51,-36.12],[19.1,-36.6],[19.69,-37.07],[20.49,-37.58],[20.49,-37.58],[19.92,-37.95],[19.36,-38.32],[19.36,-38.32],[18.84,-37.91],[18.32,-37.5],[18.32,-37.45],[17.62,-36.84],[17.28,-36.55],[16.74,-36.08],[16.27,-35.65],[15.89,-35.29],[15.35,-34.72],[15.1,-34.45],[14.59,-33.82],[14.02,-33.13],[13.73,-32.68],[13.41,-32.19],[13.2,-31.85],[13.12,-31.67],[12.86,-31.1],[12.63,-30.58],[12.58,-30.46],[12.39,-29.96],[12.21,-29.46],[12.18,-29.38],[11.95,-28.64],[11.93,-28.6],[11.76,-27.9],[11.71,-27.72],[11.61,-27.16],[11.55,-26.82],[11.45,-26.42],[11.34,-25.94],[11.26,-25.68],[11.06,-25.08],[11.01,-24.93],[10.79,-24.21],[10.78,-24.17],[10.7,-23.41],[10.69,-23.31],[10.58,-22.65],[10.53,-22.41],[10.38,-21.89],[10.28,-21.54],[10.19,-21.15],[10.08,-20.66],[10.04,-20.37],[9.95,-19.76],[9.94,-19.63],[9.87,-19.06],[9.85,-18.85],[9.85,-18.75],[9.85,-18.54],[9.85,-18.35],[9.84,-18.04],[9.84,-17.95],[9.87,-17.57],[9.92,-17.05],[9.93,-16.99],[10.04,-16.46],[10.11,-16.16],[10.26,-15.81],[10.47,-15.32],[10.59,-14.76],[10.65,-14.44],[10.66,-14.18],[10.67,-13.53],[10.67,-13.37],[10.65,-12.62],[10.61,-12.48],[10.37,-11.76],[10.34,-11.7],[9.98,-11.03],[9.94,-10.96],[9.64,-10.31],[9.57,-10.14],[9.46,-9.5],[9.41,-9.25],[9.31,-8.7],[9.26,-8.35],[9.19,-7.91],[9.11,-7.45],[9.05,-7.09],[8.96,-6.56],[8.78,-6.33],[8.44,-5.87],[8.31,-5.78],[7.71,-5.34],[7.65,-5.27],[7.18,-4.65],[7.16,-4.63],[6.93,-4],[6.86,-3.79],[6.91,-3.32],[6.96,-2.89],[7,-2.54],[7.06,-1.99],[7.04,-1.82],[7,-1.22],[6.99,-1.08],[7.03,-0.92],[7.17,-0.39],[7.22,-0.22],[7.78,0.48],[8.08,1.3],[8.33,2.06],[8.36,2.16],[8.25,3.01],[8.24,3.04],[7.71,3.58],[7.61,3.67],[7.01,4.05],[6.85,4.16],[6.26,4.47],[6.25,4.44]]]}},{"type":"Feature","properties":{"ma":5,"type":"gpml:TopologicalNetwork","name":"Inactive Deforming Network","pid":201,"deforming":true},"geometry":{"type":"Polygon","coordinates":[[[-34.11,-6.04],[-33.93,-6.63],[-33.87,-6.81],[-33.74,-7.46],[-33.71,-7.59],[-33.6,-8.33],[-33.59,-8.36],[-33.5,-9.09],[-33.49,-9.16],[-33.67,-9.64],[-33.91,-10.17],[-34.06,-10.43],[-34.12,-10.55],[-34.78,-11],[-35.13,-11.15],[-35.52,-11.32],[-36.06,-11.9],[-36.2,-12.06],[-36.57,-12.52],[-36.78,-12.8],[-37.04,-13.16],[-37.35,-13.55],[-37.55,-13.79],[-37.91,-14.46],[-37.93,-14.49],[-37.8,-15.26],[-37.78,-15.35],[-37.58,-16.03],[-37.5,-16.17],[-37.17,-16.72],[-37.15,-17.01],[-37.1,-17.5],[-37.19,-17.85],[-37.29,-18.28],[-37.46,-18.69],[-37.59,-19.02],[-37.74,-19.55],[-37.81,-19.79],[-37.91,-20.4],[-37.94,-20.58],[-38.03,-21.29],[-38.04,-21.37],[-38.25,-22.14],[-38.26,-22.2],[-38.3,-22.94],[-38.32,-23.08],[-38.42,-23.73],[-38.49,-23.87],[-38.76,-24.42],[-39.04,-24.65],[-39.35,-24.9],[-39.53,-25.33],[-39.65,-25.64],[-39.94,-25.86],[-40.23,-26.1],[-40.92,-26.51],[-40.98,-26.55],[-41.57,-26.98],[-42.12,-27.29],[-42.27,-27.37],[-43.03,-27.63],[-43.82,-27.78],[-44.61,-27.92],[-44.86,-28],[-45.38,-28.15],[-46,-28.62],[-46.08,-28.73],[-46.44,-29.28],[-46.57,-29.53],[-46.81,-29.99],[-47.07,-30.35],[-47.29,-30.63],[-47.64,-31.05],[-47.8,-31.25],[-48.26,-31.76],[-48.34,-31.84],[-48.86,-32.46],[-48.88,-32.49],[-49.37,-33.08],[-49.44,-33.22],[-49.72,-33.79],[-49.84,-34.05],[-50.07,-34.52],[-50.26,-34.91],[-50.42,-35.24],[-50.72,-35.76],[-50.81,-35.93],[-51.22,-36.57],[-51.25,-36.61],[-51.7,-37.27],[-51.75,-37.34],[-52.15,-37.92],[-52.55,-38.5],[-52.65,-38.6],[-53.08,-39.07],[-53.36,-39.65],[-53.5,-39.82],[-53.77,-40.15],[-54.2,-40.63],[-54.58,-41.07],[-55.03,-41.53],[-55.48,-41.99],[-56.03,-42.67],[-56.28,-42.97],[-56.61,-43.65],[-56.84,-44.1],[-57.06,-44.65],[-57.32,-45.26],[-57.41,-45.65],[-57.61,-46.48],[-57.8,-47.04],[-57.99,-47.61],[-58.06,-48.04],[-58.06,-48.04],[-59.4,-47.83],[-59.4,-47.83],[-59.54,-47.11],[-59.53,-46.63],[-59.5,-46.12],[-59.46,-45.62],[-59.27,-44.93],[-59.08,-44.24],[-58.82,-43.54],[-58.48,-42.92],[-57.86,-42.04],[-57.31,-41.39],[-56.76,-40.73],[-56.23,-40.08],[-55.76,-39.4],[-55.37,-38.87],[-54.99,-38.33],[-54.68,-38.08],[-54.05,-37.5],[-53.42,-36.92],[-52.93,-36.44],[-52.43,-35.97],[-52,-35.17],[-51.66,-34.37],[-51.24,-33.54],[-50.77,-32.82],[-50.46,-32.23],[-49.95,-31.42],[-49.45,-30.64],[-49.08,-29.82],[-48.96,-29.65],[-48.49,-29.21],[-48.14,-28.27],[-48.17,-27.36],[-48.07,-26.83],[-47.97,-26.3],[-47.6,-25.87],[-47.23,-25.44],[-46.33,-24.87],[-45.79,-24.64],[-45.25,-24.4],[-44.43,-24.05],[-43.67,-23.91],[-42.92,-23.76],[-42.26,-23.57],[-41.61,-23.38],[-40.99,-22.79],[-40.77,-22.32],[-40.52,-21.85],[-40.1,-21.23],[-39.98,-20.62],[-39.88,-20.1],[-39.76,-19.65],[-39.51,-19.11],[-39.39,-18.54],[-39.2,-18.17],[-39.17,-17.76],[-39.02,-17.29],[-38.83,-16.79],[-38.76,-16.17],[-38.73,-15.53],[-38.59,-14.99],[-38.68,-14.39],[-38.64,-13.88],[-38.56,-13.54],[-38.29,-12.84],[-38.22,-12.36],[-38.2,-11.92],[-38.2,-11.39],[-38.23,-10.93],[-38.3,-10.49],[-38.22,-10.12],[-38.04,-9.85],[-37.82,-9.63],[-37.37,-9.35],[-37.19,-9.11],[-38.03,-9.16],[-38.86,-8.78],[-39.35,-8.47],[-39.68,-8.66],[-39.73,-9.09],[-40.11,-9.09],[-40.45,-8.83],[-40.64,-8.43],[-40.52,-8.15],[-40.13,-7.74],[-39.73,-7.33],[-39.12,-7.1],[-38.74,-6.74],[-38.42,-6.81],[-38.08,-6.3],[-37.71,-6.02],[-37.07,-5.85],[-36.71,-5.54],[-36.77,-5.17],[-36.98,-4.98],[-36.98,-4.98],[-36.31,-4.88],[-35.64,-4.78],[-35.64,-4.78],[-35.38,-4.92],[-34.95,-5.14],[-34.53,-5.59],[-34.11,-6.04]]]}},{"type":"Feature","properties":{"ma":5,"type":"gpml:TopologicalNetwork","name":"Inactive Deforming Network","pid":201,"deforming":true},"geometry":{"type":"Polygon","coordinates":[[[-48.8,3.54],[-48.67,3.4],[-48.02,2.64],[-47.6,2.27],[-47.27,1.97],[-46.63,1.21],[-46.33,0.94],[-45.9,0.54],[-45.06,0.01],[-44.94,-0.05],[-44.23,-0.44],[-44.18,-0.46],[-43.84,-0.79],[-43.46,-1.15],[-43.38,-1.27],[-42.86,-1.95],[-42.55,-2.19],[-42.1,-2.53],[-41.11,-2.62],[-40.6,-2.64],[-40.1,-2.67],[-39.85,-2.7],[-39.12,-2.81],[-39,-2.87],[-38.52,-3.1],[-38.23,-3.24],[-37.87,-3.48],[-37.4,-3.81],[-37.07,-4.08],[-36.61,-4.3],[-36.15,-4.53],[-35.64,-4.78],[-35.64,-4.78],[-36.31,-4.88],[-36.98,-4.98],[-36.98,-4.98],[-37.02,-4.95],[-37.55,-4.8],[-38.09,-4.61],[-38.44,-4.44],[-38.44,-4.44],[-38.66,-4.34],[-39.23,-4.15],[-39.98,-4],[-40.66,-4],[-41.34,-4],[-42.21,-3.86],[-43.08,-3.72],[-43.99,-3.36],[-44.82,-2.89],[-45.69,-2.42],[-46.51,-2.06],[-47.05,-1.82],[-47.59,-1.59],[-48.09,-1.36],[-48.6,-1.12],[-49.16,-0.89],[-49.73,-0.65],[-50.07,-0.27],[-50.41,0.12],[-50.62,0.62],[-50.83,1.12],[-50.93,1.68],[-51.04,2.24],[-51.29,2.74],[-51.54,3.24],[-52.22,3.97],[-52.74,4.56],[-53.12,5.07],[-53.49,5.58],[-53.85,6.24],[-53.96,7.18],[-53.99,7.86],[-54.24,8.25],[-54.37,8.36],[-54.37,8.36],[-54.36,8.58],[-54.18,8.86],[-53.6,8.8],[-53.07,8.21],[-52.36,7.93],[-52.04,7.83],[-52.04,7.83],[-52,7.29],[-51.93,6.74],[-51.86,6.18],[-51.51,5.48],[-50.83,5],[-50.15,4.51],[-49.47,4.03],[-48.8,3.54]]]}},{"type":"Feature","properties":{"ma":5,"type":"gpml:TopologicalNetwork","name":"Deforming Network","pid":714,"deforming":true},"geometry":{"type":"Polygon","coordinates":[[[-13.76,5.45],[-14.47,5.8],[-15.18,6.16],[-15.83,6.6],[-16.16,7.05],[-16.5,7.5],[-16.93,8.13],[-16.93,8.13],[-16.35,8.31],[-15.77,8.49],[-15.77,8.49],[-15.44,7.87],[-15.12,7.25],[-14.41,6.78],[-13.81,6.73],[-13.22,6.67],[-12.59,6.15],[-11.97,5.62],[-11.35,5.12],[-10.73,4.62],[-10.04,4.25],[-9.35,3.88],[-8.63,3.74],[-7.81,3.93],[-6.99,4.11],[-6.19,4.22],[-5.38,4.33],[-4.39,4.33],[-3.75,4.23],[-3.1,4.12],[-2.35,4.34],[-1.59,4.57],[-0.89,4.93],[-0.18,5.3],[0.29,5.52],[0.77,5.73],[1.71,5.89],[2.66,6.06],[3.47,6.04],[4.27,6.02],[5.08,6],[5.67,5.9],[5.67,5.9],[5.27,5.61],[4.58,5.09],[4.58,5.09],[4.19,5.24],[3.55,5.27],[2.9,5.31],[2.27,5.22],[1.49,5.11],[0.66,4.83],[0.13,4.65],[-0.52,4.35],[-1.17,4.05],[-1.49,3.9],[-1.98,3.68],[-2.47,3.46],[-2.59,3.47],[-2.89,3.5],[-3.22,3.54],[-3.82,3.6],[-4.2,3.67],[-4.71,3.76],[-5.22,3.86],[-5.55,3.79],[-6.08,3.68],[-6.61,3.56],[-7.2,3.4],[-7.79,3.23],[-7.99,3.17],[-8.69,3.07],[-9.39,2.96],[-9.48,2.99],[-10.2,3.2],[-10.75,3.37],[-10.98,3.54],[-11.63,4.04],[-11.89,4.24],[-12.24,4.5],[-12.92,5.01],[-13.05,5.1],[-13.76,5.45]]]}},{"type":"Feature","properties":{"ma":5,"type":"gpml:TopologicalNetwork","name":"Inactive_Southern_Central_Atlantic_Mesh","pid":714,"deforming":true},"geometry":{"type":"Polygon","coordinates":[[[-16.96,12.36],[-16.99,12.11],[-16.89,11.87],[-16.98,11.39],[-16.94,10.93],[-16.58,10.21],[-16.16,9.4],[-15.77,8.95],[-15.12,8.68],[-14.48,8.41],[-13.8,7.76],[-13.41,7.14],[-12.83,6.48],[-12.82,6.33],[-12.82,6.33],[-13.22,6.67],[-13.81,6.73],[-14.41,6.78],[-15.12,7.25],[-15.45,7.88],[-15.78,8.51],[-15.78,8.51],[-15.81,8.5],[-16.33,8.34],[-16.65,8.22],[-16.93,8.2],[-17.66,8.02],[-18.34,8.29],[-18.94,8.64],[-18.96,9.28],[-18.96,9.83],[-18.62,10.41],[-18.62,10.41],[-18.63,10.67],[-18.61,10.98],[-18.63,11.23],[-18.6,11.48],[-18.74,11.69],[-18.73,12.05],[-18.69,12.38],[-18.69,12.38],[-17.82,12.43],[-16.95,12.47],[-16.96,12.36]]]}},{"type":"Feature","properties":{"ma":5,"type":"gpml:TopologicalNetwork","name":"Inactive_Rockall_DFM","pid":102,"deforming":true},"geometry":{"type":"Polygon","coordinates":[[[-61.07,78.54],[-60.23,78.2],[-59.44,77.86],[-59.21,77.54],[-58.81,77.05],[-57.94,76.63],[-56.46,76.37],[-55.14,75.87],[-53.59,75.31],[-52.24,74.62],[-51.43,74.04],[-50.81,73.41],[-50.89,72.75],[-50.88,72.11],[-50.41,71.53],[-49.51,70.86],[-49.52,70.4],[-49.35,69.99],[-48.91,69.35],[-48.34,68.57],[-48.51,68.08],[-48.26,67.42],[-48.2,66.85],[-48.18,66.19],[-48.68,65.76],[-48.77,65.28],[-48.75,64.55],[-48.82,63.98],[-48.48,63.32],[-48.17,62.82],[-47.3,62.08],[-46.41,61.63],[-45.52,61.07],[-44.56,60.68],[-44,60.26],[-43.83,59.91],[-43.41,59.65],[-43.04,59.18],[-42.62,58.82],[-42.62,58.82],[-42.82,58.55],[-42.82,58.55],[-42.87,58.55],[-43.72,58.65],[-44.53,58.92],[-44.9,58.78],[-45.38,58.73],[-46.07,58.71],[-47.15,58.77],[-47.99,58.9],[-48.55,59.22],[-49.24,59.54],[-49.94,59.92],[-50.63,60.28],[-51.43,60.67],[-52.2,61.06],[-53.27,61.48],[-54.18,61.91],[-55.09,62.3],[-55.68,62.35],[-57.75,62.55],[-57.75,62.55],[-57.77,62.55],[-57.92,62.69],[-58.02,62.78],[-58.15,62.9],[-58.23,63.03],[-58.3,63.15],[-58.47,63.43],[-58.29,63.63],[-58.13,63.8],[-58.17,64.14],[-57.91,64.58],[-57.86,64.91],[-57.62,65.37],[-57.56,65.63],[-56.99,65.78],[-56.65,66.07],[-56.65,66.45],[-56.53,66.86],[-56.13,67.44],[-55.99,67.9],[-55.78,68.25],[-55.56,68.6],[-55.75,68.88],[-56.27,69.32],[-56.77,69.8],[-56.97,69.97],[-56.97,69.97],[-57.1,70.09],[-57.29,70.34],[-57.68,70.65],[-58.16,71.07],[-58.9,71.45],[-59.37,71.71],[-59.82,72.03],[-60.33,72.37],[-61.26,72.9],[-61.97,73.3],[-62.47,73.62],[-63.33,73.99],[-64.55,74.45],[-66.33,74.73],[-67.59,74.8],[-68.85,75.04],[-69.69,75.27],[-70.22,75.37],[-70.83,75.48],[-71.4,75.6],[-71.61,75.83],[-72.42,76.07],[-72.71,76.4],[-72.74,76.42],[-72.74,76.42],[-72.72,76.42],[-72.11,76.48],[-71.4,76.55],[-71.49,76.84],[-71.58,77.12],[-71.65,77.35],[-70.69,77.52],[-69.36,77.74],[-69.04,78],[-68.62,78.31],[-67.12,78.5],[-65.19,78.72],[-63.98,78.75],[-62.41,78.77],[-62.26,78.79],[-61.07,78.54]]]}},{"type":"Feature","properties":{"ma":5,"type":"gpml:TopologicalNetwork","name":"Inactive_Rockall_DFM","pid":101,"deforming":true},"geometry":{"type":"Polygon","coordinates":[[[-75.18,72.33],[-74.5,72.58],[-73.9,72.8],[-73.59,72.9],[-73.19,72.95],[-72.56,73.02],[-72.06,73.07],[-72.06,73.07],[-71.18,72.63],[-69.92,72.22],[-68.35,71.9],[-66.86,71.53],[-65.04,70.96],[-64.62,70.79],[-64.62,70.79],[-64.58,70.75],[-63.94,70.5],[-63.18,70.2],[-62.2,69.67],[-61.72,69.34],[-60.98,68.79],[-60.31,68.19],[-59.33,67.37],[-58.81,66.9],[-58.44,66.14],[-58.4,65.7],[-58.47,65.79],[-58.51,65.45],[-59.03,64.77],[-59.31,64.19],[-59.73,63.71],[-60.06,63.08],[-60.23,62.48],[-60.02,61.98],[-60.09,61.9],[-60.09,61.9],[-60.38,61.61],[-60.64,61.07],[-60.47,60.48],[-60.28,59.86],[-60.06,59.6],[-59.88,59.38],[-59.74,59.19],[-59.49,58.99],[-59.26,58.78],[-59.25,58.77],[-59.02,58.68],[-58.78,58.55],[-58.39,58.36],[-57.99,58.14],[-57.64,57.91],[-57.13,57.63],[-56.71,57.29],[-56.28,56.91],[-55.89,56.71],[-55.59,56.51],[-55.32,56.31],[-54.93,56.03],[-54.4,55.73],[-54.14,55.57],[-53.89,55.45],[-53.34,55.29],[-53.11,55.16],[-52.92,54.96],[-52.69,54.75],[-52.34,54.5],[-52.18,54.39],[-51.92,54.16],[-51.19,53.88],[-50.47,53.59],[-50.47,53.59],[-50.46,53.19],[-50.14,52.76],[-49.86,52.32],[-49.73,52.05],[-49.42,51.85],[-49.16,51.62],[-48.94,51.33],[-48.84,51.19],[-48.7,51.09],[-48.7,51.09],[-49.46,51.02],[-50.66,50.89],[-50.66,50.89],[-51.07,51.13],[-52.04,51.58],[-52.98,51.89],[-54.15,52.19],[-54.79,52.51],[-55.35,52.84],[-55.92,53.09],[-56.49,53.39],[-57.04,53.64],[-57.64,53.96],[-58.01,54.22],[-58.53,54.47],[-59.39,55.07],[-60.05,55.77],[-60.57,56.31],[-60.87,56.61],[-61.22,56.96],[-61.76,57.38],[-62.37,57.94],[-62.77,58.38],[-63.17,58.55],[-63.65,58.75],[-64.08,59.05],[-64.72,59.61],[-65.07,60.22],[-65.3,60.71],[-65.14,61.24],[-65.28,61.7],[-65.27,62.41],[-65.23,62.94],[-65.27,63.36],[-64.96,63.77],[-64.74,64.1],[-64.57,64.69],[-64.67,65.22],[-64.56,65.64],[-64.45,66.06],[-64.99,66.61],[-65.4,66.95],[-66.01,67.16],[-66.52,67.38],[-66.93,67.7],[-67.07,68.04],[-67.39,68.44],[-67.8,68.88],[-68.44,69.24],[-69.19,69.65],[-70.02,69.98],[-70.81,70.32],[-72.23,70.61],[-73.28,70.89],[-74.55,71.35],[-75.41,71.54],[-75.99,71.85],[-75.18,72.33]]]}},{"type":"Feature","properties":{"ma":5,"type":"gpml:TopologicalNetwork","name":"Inactive_Rockall_DFM","pid":102,"deforming":true},"geometry":{"type":"Polygon","coordinates":[[[-42.62,58.82],[-42.07,59.53],[-41.72,59.85],[-41.64,60.2],[-41.29,60.65],[-41.06,61.09],[-40.83,61.43],[-40.85,61.86],[-40.4,62.16],[-39.79,62.53],[-39.11,62.97],[-38.53,63.34],[-38.1,63.77],[-37.61,64.09],[-37.13,64.29],[-36.68,64.38],[-36.29,64.66],[-35.88,64.9],[-35.24,65.12],[-34.83,65.39],[-34.24,65.58],[-33.76,65.7],[-33.09,65.94],[-32.5,66.21],[-31.92,66.59],[-31.12,66.77],[-30.47,66.95],[-29.72,67.09],[-28.98,67.31],[-28.62,67.5],[-27.69,67.66],[-26.83,67.88],[-25.96,68],[-25.23,68.18],[-24.58,68.39],[-23.82,68.71],[-23.04,68.97],[-22.59,69.23],[-22.53,69.62],[-22.58,69.83],[-22.9,70.08],[-23.12,70.38],[-23.37,70.59],[-22.88,70.86],[-22.74,71.15],[-22.31,71.48],[-22.04,71.89],[-21.78,72.22],[-21.5,72.57],[-21.43,72.9],[-21.03,73.23],[-20.22,73.48],[-19.59,73.76],[-18.74,74.01],[-18.29,74.27],[-17.34,74.39],[-16.49,74.69],[-16.33,74.95],[-15.89,75.34],[-15.5,75.76],[-14.91,76.11],[-14.36,76.52],[-13.5,76.97],[-12.72,77.4],[-12.4,77.72],[-12.18,77.85],[-12.18,77.85],[-9.67,77.61],[-7.43,77.22],[-5.47,76.89],[-4.09,76.63],[-4.03,76.62],[-4.03,76.62],[-2.83,75.95],[-2.83,75.95],[-2.61,75.43],[-3.49,75.25],[-5.83,75],[-8.08,74.73],[-8.67,74.58],[-9.81,74.37],[-11.16,74.17],[-12.46,73.79],[-13.6,73.49],[-14.02,73.4],[-14.74,73.29],[-15.63,73.19],[-16.27,73.16],[-17.17,73.11],[-18.07,72.94],[-19.53,72.44],[-19.86,72.15],[-19.95,72.02],[-19.99,71.62],[-19.42,71.29],[-19.43,71.11],[-19.55,70.78],[-19.67,70.44],[-19.72,70.28],[-20.23,69.88],[-20.57,69.44],[-20.94,69.19],[-21.45,68.94],[-22.43,68.48],[-22.81,68.33],[-23.46,68.12],[-24.25,67.86],[-24.62,67.74],[-24.99,67.66],[-25.67,67.49],[-26.57,67.29],[-27.8,67.09],[-28.6,66.89],[-29.07,66.81],[-29.54,66.67],[-30.42,66.13],[-31.6,65.64],[-33.16,65.07],[-34.04,64.54],[-34.51,64.12],[-35,63.81],[-35.61,63.53],[-36.45,63.13],[-37.97,62.55],[-38.74,61.63],[-39.47,60.71],[-39.87,60.04],[-40.34,59.42],[-41.18,58.81],[-41.51,58.6],[-42.18,58.51],[-42.18,58.51],[-42.45,58.67],[-42.62,58.82]]]}},{"type":"Feature","properties":{"ma":5,"type":"gpml:TopologicalNetwork","name":"Inactive_Rockall_DFM","pid":301,"deforming":true},"geometry":{"type":"Polygon","coordinates":[[[14.84,69.28],[14.83,69.27],[14.4,69.08],[13.52,68.84],[12.7,68.63],[11.44,68.23],[10.37,67.93],[9.36,67.65],[9.01,67.38],[8.77,67.12],[8.3,66.81],[7.81,66.47],[6.83,66.12],[5.89,65.93],[5.11,65.71],[4.01,65.47],[3.62,65.21],[3.37,64.86],[3.5,64.59],[3.54,64.13],[3.25,63.89],[2.8,63.36],[2.26,63.13],[1.66,62.81],[0.93,62.49],[0.64,62.18],[0.07,61.96],[-0.62,61.62],[-1.31,61.47],[-2.31,61.42],[-3.23,61.3],[-4.05,61.09],[-4.59,60.91],[-5.15,60.57],[-5.7,60.32],[-6.05,60.2],[-6.55,60.2],[-7.09,60.07],[-7.46,59.92],[-8.08,59.88],[-8.72,59.76],[-9.48,59.64],[-9.9,59.46],[-10.59,59.33],[-11.5,59.24],[-12.34,59.2],[-13.23,59.16],[-14.07,59.03],[-14.56,58.93],[-15.11,58.71],[-15.62,58.34],[-15.7,58.16],[-15.74,57.89],[-16.21,57.67],[-16.59,57.32],[-16.72,57.06],[-16.82,56.67],[-17,56.4],[-17.35,56.11],[-17.58,55.94],[-18.18,55.83],[-18.56,55.63],[-18.84,55.45],[-19.01,55.12],[-19.23,54.8],[-19.45,54.44],[-19.72,53.99],[-19.88,53.63],[-20.34,53.33],[-21.07,52.78],[-21.77,52.22],[-21.77,52.22],[-21.89,52.29],[-22.07,52.4],[-22.22,52.66],[-22.34,52.9],[-22.54,53.25],[-22.65,53.44],[-22.98,53.6],[-23.23,53.86],[-23.36,54.06],[-23.39,54.25],[-23.4,54.43],[-23.41,54.62],[-23.51,54.72],[-23.51,54.72],[-23.05,55.06],[-22.75,55.27],[-22.37,55.53],[-21.88,56.04],[-21.34,56.34],[-21.06,56.63],[-20.66,56.85],[-20.05,57.32],[-19.28,58.1],[-18.94,58.38],[-18.75,58.52],[-18.15,58.78],[-17.6,59.05],[-16.94,59.07],[-16.39,59.11],[-15.8,59.16],[-14.99,59.53],[-14.09,59.65],[-13.37,60.14],[-12.94,60.4],[-11.75,60.74],[-10.54,61.08],[-9.75,61.38],[-9.01,61.62],[-8.2,61.79],[-7.13,61.86],[-5.54,61.97],[-4.6,62.07],[-3.77,62.24],[-2.7,62.45],[-1.61,62.65],[0.45,62.95],[0.59,63.14],[0.33,63.49],[0.14,63.74],[1.15,64.14],[1.94,64.4],[2,64.58],[1.61,64.74],[1.13,65.06],[0.67,65.32],[0.42,65.56],[0.55,65.8],[0.7,66.32],[1.29,66.56],[2.5,66.77],[2.81,66.83],[3.23,66.92],[5.42,67.3],[7.43,67.87],[8.42,67.86],[9.2,68.04],[10.63,68.48],[11.83,68.69],[12.46,68.91],[13.16,69],[13.72,69.15],[14.84,69.28]]]}},{"type":"Feature","properties":{"ma":5,"type":"gpml:TopologicalNetwork","name":"Inactive_WAR_mesh","pid":804,"deforming":true},"geometry":{"type":"MultiPolygon","coordinates":[[[[180,-75.72],[180,-76.65],[180,-77.58],[180,-78.51],[180,-79.45],[180,-80.38],[180,-81.31],[180,-82.25],[180,-83.18],[180,-84.11],[176.41,-83.82],[176.41,-83.82],[175.09,-83.74],[172.18,-83.37],[169.59,-82.97],[166.37,-82.36],[163.63,-81.73],[161.97,-80.97],[160.57,-80.19],[160.82,-79.54],[161.04,-78.88],[161.04,-78.88],[161.16,-78.87],[161.27,-78.75],[161.38,-78.64],[161.49,-78.52],[162.02,-78.18],[162.67,-77.94],[162.88,-77.52],[162.83,-77.16],[162.89,-76.92],[162.77,-76.8],[162.75,-76.94],[162.39,-76.24],[162.06,-75.54],[163.18,-74.89],[164.21,-74.25],[165.36,-73.68],[166.45,-73.1],[167.88,-72.54],[169.23,-71.97],[169.41,-72.31],[171.06,-71.59],[172.47,-72.2],[173.97,-72.8],[175.56,-73.38],[177.26,-73.95],[179.08,-74.51],[180,-74.78],[180,-75.72]]],[[[-180,-83.18],[-180,-82.25],[-180,-81.31],[-180,-80.38],[-180,-79.45],[-180,-78.51],[-180,-77.58],[-180,-76.65],[-180,-75.72],[-180,-74.78],[-179.52,-74.92],[-179.31,-75.01],[-179.31,-75.01],[-176.79,-74.49],[-176.33,-74.52],[-174.95,-74.62],[-172.05,-74.88],[-168.79,-75.18],[-165.41,-75.44],[-161.91,-75.65],[-158.33,-75.81],[-156.29,-75.64],[-154.17,-75.31],[-152.15,-74.97],[-149.47,-74.68],[-146.9,-74.36],[-145.34,-73.88],[-142.89,-73.56],[-140.53,-73.21],[-137.95,-72.89],[-135.47,-72.54],[-133.7,-72.49],[-131.95,-72.41],[-130.17,-72.12],[-128.44,-71.81],[-126.15,-72.02],[-124.4,-72.04],[-122.84,-71.91],[-120.44,-71.66],[-119.69,-71.53],[-118.71,-71.59],[-116.84,-71.53],[-114.99,-71.44],[-113.26,-71.26],[-111.07,-71.12],[-108.75,-71.06],[-107.33,-71.11],[-104.65,-71.22],[-103.43,-71.2],[-101.19,-70.99],[-99,-70.75],[-96.57,-70.76],[-95.01,-70.79],[-94.82,-70.8],[-94.82,-70.8],[-92.82,-71.26],[-90.73,-71.71],[-88.54,-72.12],[-86.25,-72.52],[-85.59,-73.05],[-85.59,-73.05],[-85.58,-73.17],[-85.74,-73.94],[-86.17,-74.92],[-86.72,-75.43],[-87.3,-75.93],[-88.51,-76.88],[-89.8,-77.5],[-91.21,-78.1],[-92.29,-78.7],[-93.49,-79.3],[-94.71,-79.88],[-96.07,-80.44],[-98.71,-81.2],[-101,-81.8],[-103.65,-82.39],[-106.33,-82.76],[-109.28,-83.1],[-113.35,-83.41],[-117.78,-83.68],[-125.85,-83.94],[-125.85,-83.94],[-126.76,-84.18],[-128.28,-84.57],[-128.74,-84.64],[-128.74,-84.64],[-139.15,-84.92],[-150.34,-85.01],[-159.36,-84.95],[-167.96,-84.77],[-174.34,-84.47],[-180,-84.11],[-180,-83.18]]]]}},{"type":"Feature","properties":{"ma":5,"type":"gpml:TopologicalNetwork","name":"Inactive_mesh","pid":702,"deforming":true},"geometry":{"type":"Polygon","coordinates":[[[49.34,-16.93],[49.31,-16.95],[49.29,-17.15],[49.02,-17.88],[48.73,-18.01],[48.71,-18.1],[48.75,-18.26],[48.69,-18.4],[48.48,-18.85],[48.48,-19.07],[48.33,-19.48],[48.05,-20.05],[48,-20.26],[47.96,-20.69],[47.64,-21.15],[47.54,-21.33],[47.57,-21.63],[47.56,-21.8],[47.46,-21.97],[47.46,-22.12],[47.34,-22.54],[47.32,-22.89],[47.32,-22.89],[47.26,-22.92],[47.05,-23.23],[46.97,-23.54],[46.95,-23.98],[46.76,-24.28],[46.71,-24.61],[46.59,-24.91],[46.59,-25.07],[46.67,-25.26],[46.56,-25.45],[46.32,-26.08],[45.98,-26.26],[45.41,-26.22],[45.41,-26.22],[45.76,-25.48],[46.11,-24.73],[46.46,-23.98],[46.61,-23.33],[46.75,-22.67],[46.9,-22.02],[47.14,-21.28],[47.39,-20.55],[47.63,-19.81],[47.79,-19.14],[47.94,-18.47],[48.1,-17.8],[48.3,-17.14],[48.5,-16.48],[48.69,-15.82],[48.84,-14.9],[49,-13.99],[49,-13.99],[49.05,-14.01],[49.03,-14.39],[49.16,-14.59],[49.16,-14.81],[49.23,-15.03],[49.13,-15.81],[49.52,-16.11],[49.42,-16.39],[49.34,-16.93]]]}},{"type":"Feature","properties":{"ma":5,"type":"gpml:TopologicalNetwork","name":"Inactive_mesh","pid":501,"deforming":true},"geometry":{"type":"Polygon","coordinates":[[[74.81,5.14],[74.2,5.34],[73.62,4.93],[73.12,4.94],[72.92,5.45],[72.71,5.97],[72.92,6.56],[72.85,7.06],[72.85,7.06],[72.74,7.61],[72.94,7.9],[73.08,8.57],[72.83,9.03],[72.56,9.51],[72.28,9.99],[71.9,10.75],[71.53,11.57],[71.53,12.02],[71.25,12.84],[71.14,13.3],[70.81,14.11],[70.5,14.72],[70.33,14.97],[70.17,15.21],[69.92,15.57],[69.42,15.93],[68.86,16.41],[68.57,16.84],[68.28,17.27],[68,17.92],[67.68,18.58],[67.25,19.22],[66.76,19.61],[66.1,20.33],[65.73,20.76],[65.36,21.18],[64.98,21.69],[64.59,21.9],[64.26,22.42],[64.26,22.42],[65.08,22.84],[65.45,23.03],[65.45,23.03],[65.76,22.47],[66.23,21.92],[66.7,21.37],[67.11,20.81],[67.51,20.24],[67.91,19.68],[68.37,19.1],[68.83,18.52],[69.28,17.94],[69.72,17.29],[70.16,16.63],[70.59,15.96],[71.02,15.15],[71.45,14.33],[71.88,13.52],[72.16,12.89],[72.43,12.25],[72.71,11.62],[73.06,10.88],[73.4,10.14],[73.75,9.4],[74.09,8.66],[74.48,7.84],[74.88,7.03],[75.27,6.21],[75.58,5.67],[75.58,5.67],[75.06,5.18],[74.81,5.14]]]}},{"type":"Feature","properties":{"ma":5,"type":"gpml:TopologicalNetwork","name":"Inactive_AFRICA_ARABIA_MESH_2","pid":701,"deforming":true},"geometry":{"type":"Polygon","coordinates":[[[43.73,12.16],[43.72,12.23],[43.72,12.23],[43.75,12.24],[43.97,12.28],[44.3,12.39],[44.84,12.48],[45.1,12.62],[45.4,12.63],[45.88,12.56],[46.22,12.56],[46.54,12.6],[46.87,12.76],[47.22,12.95],[47.46,13.24],[47.5,13.48],[47.9,13.36],[48.16,13.63],[48.42,13.67],[48.89,13.63],[49.72,14.09],[49.86,14.2],[50.02,14.28],[50.01,14.61],[50.01,14.75],[50.21,15.01],[50.74,15.2],[51.1,15.32],[51.1,15.32],[51.11,15.14],[51.11,14.98],[51.11,14.98],[51.11,14.98],[51.11,14.98],[51.11,14.98],[51.11,14.98],[51.11,14.98],[51.11,14.98],[51.11,14.98],[51.1,14.98],[51.1,14.98],[51.1,14.97],[51.1,14.97],[51.1,14.97],[51.1,14.97],[51.1,14.97],[51.1,14.97],[51.1,14.97],[51.1,14.97],[51.09,14.97],[51.09,14.97],[51.09,14.97],[51.09,14.97],[51.09,14.97],[51.09,14.97],[51.09,14.97],[51.09,14.97],[51.09,14.97],[51.08,14.97],[51.08,14.96],[51.08,14.96],[51.08,14.96],[51.08,14.96],[51.08,14.96],[51.08,14.96],[51.08,14.96],[51.08,14.96],[51.08,14.96],[51.07,14.96],[51.07,14.96],[51.07,14.96],[51.07,14.96],[51.07,14.96],[51.07,14.96],[51.07,14.96],[51.07,14.95],[51.07,14.95],[51.06,14.95],[51.06,14.95],[51.06,14.95],[51.06,14.95],[51.06,14.95],[51.06,14.95],[51.06,14.95],[51.06,14.95],[51.06,14.95],[51.05,14.95],[51.05,14.95],[51.05,14.95],[51.05,14.94],[51.05,14.94],[51.05,14.94],[51.05,14.94],[51.05,14.94],[51.05,14.94],[51.05,14.94],[51.04,14.94],[51.04,14.94],[51.04,14.94],[51.04,14.94],[51.04,14.94],[51.04,14.94],[51.04,14.94],[51.04,14.93],[51.04,14.93],[51.04,14.93],[51.03,14.93],[51.03,14.93],[51.03,14.93],[51.03,14.93],[51.03,14.93],[51.03,14.93],[51.03,14.93],[51.03,14.93],[51.03,14.93],[51.02,14.93],[51.02,14.92],[51.02,14.92],[51.02,14.92],[51.02,14.92],[51.02,14.92],[51.02,14.92],[51.02,14.92],[51.02,14.92],[51.02,14.92],[51.01,14.92],[51.01,14.92],[51.01,14.92],[51.01,14.91],[51.01,14.91],[51.01,14.91],[51.01,14.91],[51.01,14.91],[51.01,14.91],[51.01,14.91],[51,14.91],[51,14.91],[51,14.91],[51,14.91],[51,14.9],[51,14.9],[51,14.9],[51,14.9],[51,14.9],[51,14.9],[50.99,14.9],[50.99,14.9],[50.99,14.9],[50.99,14.9],[50.99,14.9],[50.99,14.89],[50.99,14.89],[50.99,14.89],[50.99,14.89],[50.99,14.89],[50.99,14.89],[50.98,14.89],[50.98,14.89],[50.98,14.89],[50.98,14.89],[50.98,14.89],[50.98,14.88],[50.98,14.88],[50.98,14.88],[50.98,14.88],[50.98,14.88],[50.97,14.88],[50.97,14.88],[50.97,14.88],[50.97,14.88],[50.97,14.88],[50.97,14.87],[50.97,14.87],[50.97,14.87],[50.97,14.87],[50.97,14.87],[50.97,14.87],[50.96,14.87],[50.96,14.87],[50.96,14.87],[50.96,14.87],[50.96,14.86],[50.96,14.86],[50.96,14.86],[50.96,14.86],[50.96,14.86],[50.96,14.86],[50.96,14.86],[50.95,14.86],[50.95,14.86],[50.95,14.86],[50.95,14.85],[50.95,14.85],[50.95,14.85],[50.95,14.85],[50.95,14.85],[50.95,14.85],[50.95,14.85],[50.95,14.85],[50.95,14.85],[50.94,14.84],[50.94,14.84],[50.94,14.84],[50.94,14.84],[50.94,14.84],[50.94,14.84],[50.94,14.84],[50.94,14.84],[50.94,14.84],[50.94,14.84],[50.94,14.83],[50.94,14.83],[50.93,14.83],[50.93,14.83],[50.93,14.83],[50.93,14.83],[50.93,14.83],[50.93,14.83],[50.93,14.83],[50.93,14.82],[50.93,14.82],[50.93,14.82],[50.93,14.82],[50.93,14.82],[50.92,14.82],[50.92,14.82],[50.92,14.82],[50.92,14.82],[50.92,14.81],[50.92,14.81],[50.92,14.81],[50.92,14.81],[50.92,14.81],[50.92,14.81],[50.92,14.81],[50.92,14.81],[50.92,14.81],[50.92,14.8],[50.91,14.8],[50.91,14.8],[50.91,14.8],[50.91,14.8],[50.91,14.8],[50.91,14.8],[50.91,14.8],[50.91,14.8],[50.91,14.79],[50.91,14.79],[50.91,14.79],[50.91,14.79],[50.91,14.79],[50.91,14.79],[50.9,14.79],[50.9,14.79],[50.9,14.78],[50.9,14.78],[50.9,14.78],[50.9,14.78],[50.9,14.78],[50.9,14.78],[50.9,14.78],[50.9,14.78],[50.9,14.78],[50.9,14.77],[50.9,14.77],[50.9,14.77],[50.9,14.77],[50.89,14.77],[50.89,14.77],[50.89,14.77],[50.89,14.77],[50.89,14.77],[50.89,14.76],[50.89,14.76],[50.89,14.76],[50.89,14.76],[50.89,14.76],[50.89,14.76],[50.89,14.76],[50.89,14.76],[50.89,14.75],[50.89,14.75],[50.89,14.75],[50.89,14.75],[50.88,14.75],[50.88,14.75],[50.88,14.75],[50.88,14.75],[50.88,14.75],[50.88,14.74],[50.88,14.74],[50.88,14.74],[50.88,14.74],[50.88,14.74],[50.88,14.74],[50.88,14.74],[50.88,14.74],[50.88,14.73],[50.88,14.73],[50.88,14.73],[50.88,14.73],[50.88,14.73],[50.88,14.73],[50.87,14.73],[50.87,14.73],[50.87,14.73],[50.87,14.73],[50.87,14.72],[50.87,14.72],[50.87,14.72],[50.87,14.72],[50.87,14.72],[50.87,14.72],[50.87,14.72],[50.87,14.72],[50.87,14.72],[50.87,14.72],[50.87,14.72],[50.87,14.72],[50.87,14.72],[50.87,14.72],[50.87,14.72],[50.87,14.71],[50.87,14.71],[50.87,14.71],[50.87,14.71],[50.87,14.71],[50.87,14.71],[50.87,14.71],[50.87,14.71],[50.87,14.71],[50.87,14.71],[50.87,14.71],[50.87,14.71],[50.87,14.71],[50.87,14.71],[50.87,14.7],[50.87,14.7],[50.87,14.7],[50.87,14.7],[50.87,14.7],[50.87,14.7],[50.87,14.7],[50.87,14.7],[50.86,14.7],[50.86,14.69],[50.86,14.69],[50.86,14.69],[50.86,14.69],[50.86,14.69],[50.86,14.69],[50.86,14.68],[50.86,14.68],[50.86,14.68],[50.86,14.68],[50.86,14.67],[50.86,14.67],[50.86,14.67],[50.86,14.67],[50.86,14.67],[50.86,14.67],[50.86,14.67],[50.86,14.66],[50.86,14.66],[50.86,14.66],[50.86,14.66],[50.86,14.66],[50.86,14.66],[50.86,14.66],[50.86,14.66],[50.86,14.66],[50.86,14.66],[50.86,14.66],[50.86,14.65],[50.86,14.65],[50.86,14.65],[50.86,14.65],[50.86,14.65],[50.85,14.65],[50.85,14.65],[50.85,14.65],[50.85,14.65],[50.85,14.65],[50.85,14.65],[50.85,14.64],[50.85,14.64],[50.85,14.64],[50.85,14.64],[50.85,14.64],[50.85,14.64],[50.85,14.64],[50.85,14.64],[50.85,14.64],[50.85,14.64],[50.85,14.64],[50.85,14.64],[50.85,14.63],[50.85,14.63],[50.85,14.63],[50.85,14.63],[50.85,14.63],[50.85,14.63],[50.85,14.63],[50.85,14.63],[50.85,14.63],[50.85,14.63],[50.85,14.63],[50.85,14.63],[50.85,14.63],[50.85,14.62],[50.84,14.62],[50.84,14.62],[50.84,14.62],[50.84,14.62],[50.84,14.62],[50.84,14.62],[50.84,14.62],[50.84,14.62],[50.84,14.62],[50.84,14.62],[50.84,14.62],[50.84,14.62],[50.84,14.62],[50.84,14.62],[50.84,14.62],[50.84,14.62],[50.84,14.62],[50.84,14.62],[50.84,14.62],[50.84,14.62],[50.84,14.62],[50.84,14.62],[50.84,14.62],[50.84,14.61],[50.84,14.61],[50.84,14.61],[50.84,14.61],[50.84,14.61],[50.84,14.61],[50.84,14.61],[50.84,14.61],[50.84,14.61],[50.84,14.61],[50.83,14.61],[50.83,14.61],[50.83,14.61],[50.83,14.61],[50.83,14.61],[50.83,14.6],[50.83,14.6],[50.83,14.6],[50.83,14.6],[50.83,14.6],[50.83,14.6],[50.83,14.6],[50.83,14.6],[50.83,14.6],[50.83,14.6],[50.83,14.6],[50.82,14.6],[50.82,14.6],[50.82,14.59],[50.82,14.59],[50.82,14.59],[50.82,14.59],[50.82,14.59],[50.82,14.59],[50.82,14.59],[50.82,14.59],[50.82,14.59],[50.82,14.59],[50.82,14.59],[50.81,14.59],[50.81,14.59],[50.81,14.59],[50.81,14.58],[50.81,14.58],[50.81,14.58],[50.81,14.58],[50.81,14.58],[50.81,14.58],[50.81,14.58],[50.81,14.58],[50.8,14.58],[50.8,14.57],[50.8,14.57],[50.8,14.57],[50.8,14.57],[50.79,14.57],[50.79,14.57],[50.79,14.57],[50.79,14.56],[50.79,14.56],[50.79,14.56],[50.79,14.56],[50.79,14.56],[50.79,14.56],[50.79,14.56],[50.78,14.56],[50.78,14.56],[50.78,14.56],[50.78,14.56],[50.78,14.56],[50.78,14.56],[50.78,14.55],[50.78,14.55],[50.78,14.55],[50.78,14.55],[50.78,14.55],[50.78,14.55],[50.78,14.55],[50.78,14.55],[50.78,14.55],[50.78,14.55],[50.78,14.55],[50.78,14.55],[50.77,14.55],[50.77,14.55],[50.77,14.55],[50.77,14.55],[50.77,14.55],[50.77,14.54],[50.77,14.54],[50.77,14.54],[50.77,14.54],[50.77,14.54],[50.77,14.54],[50.77,14.54],[50.77,14.54],[50.77,14.54],[50.77,14.54],[50.77,14.54],[50.77,14.54],[50.77,14.54],[50.77,14.54],[50.77,14.54],[50.77,14.54],[50.76,14.53],[50.76,14.53],[50.76,14.53],[50.76,14.53],[50.76,14.53],[50.76,14.53],[50.76,14.53],[50.76,14.53],[50.76,14.53],[50.76,14.53],[50.76,14.53],[50.76,14.53],[50.76,14.52],[50.76,14.52],[50.76,14.52],[50.76,14.52],[50.76,14.52],[50.76,14.52],[50.75,14.52],[50.75,14.52],[50.75,14.52],[50.75,14.52],[50.75,14.52],[50.75,14.52],[50.75,14.51],[50.75,14.51],[50.75,14.51],[50.75,14.51],[50.75,14.51],[50.75,14.51],[50.75,14.51],[50.75,14.51],[50.75,14.51],[50.75,14.51],[50.75,14.51],[50.75,14.5],[50.75,14.5],[50.74,14.5],[50.74,14.5],[50.74,14.5],[50.74,14.5],[50.74,14.5],[50.74,14.5],[50.74,14.5],[50.74,14.5],[50.74,14.49],[50.74,14.49],[50.74,14.49],[50.74,14.49],[50.74,14.49],[50.74,14.49],[50.74,14.49],[50.74,14.49],[50.74,14.49],[50.74,14.48],[50.74,14.48],[50.74,14.48],[50.73,14.48],[50.73,14.48],[50.73,14.48],[50.73,14.48],[50.73,14.48],[50.73,14.48],[50.73,14.48],[50.73,14.47],[50.73,14.47],[50.73,14.47],[50.73,14.47],[50.73,14.47],[50.73,14.47],[50.73,14.47],[50.73,14.47],[50.73,14.47],[50.73,14.47],[50.73,14.46],[50.73,14.46],[50.73,14.46],[50.73,14.46],[50.73,14.46],[50.73,14.46],[50.72,14.46],[50.72,14.46],[50.72,14.46],[50.72,14.45],[50.72,14.45],[50.72,14.45],[50.72,14.45],[50.72,14.45],[50.72,14.44],[50.72,14.44],[50.72,14.44],[50.72,14.44],[50.72,14.44],[50.71,14.43],[50.71,14.43],[50.71,14.43],[50.71,14.43],[50.71,14.42],[50.71,14.42],[50.71,14.42],[50.71,14.41],[50.7,14.4],[50.7,14.4],[50.7,14.4],[50.7,14.39],[50.7,14.39],[50.7,14.39],[50.7,14.39],[50.7,14.38],[50.7,14.38],[50.7,14.38],[50.69,14.38],[50.69,14.38],[50.69,14.38],[50.69,14.37],[50.69,14.37],[50.69,14.37],[50.69,14.37],[50.69,14.37],[50.69,14.37],[50.69,14.37],[50.69,14.37],[50.69,14.36],[50.69,14.36],[50.69,14.36],[50.69,14.36],[50.69,14.36],[50.69,14.36],[50.69,14.36],[50.68,14.35],[50.68,14.35],[50.68,14.35],[50.68,14.35],[50.68,14.35],[50.68,14.35],[50.68,14.35],[50.68,14.34],[50.68,14.34],[50.68,14.34],[50.68,14.34],[50.68,14.34],[50.68,14.34],[50.68,14.34],[50.68,14.34],[50.68,14.33],[50.68,14.33],[50.67,14.33],[50.67,14.33],[50.67,14.33],[50.67,14.33],[50.67,14.33],[50.67,14.33],[50.67,14.32],[50.67,14.32],[50.67,14.32],[50.67,14.32],[50.67,14.32],[50.67,14.32],[50.67,14.32],[50.67,14.32],[50.67,14.32],[50.67,14.31],[50.67,14.31],[50.66,14.31],[50.66,14.31],[50.66,14.31],[50.66,14.31],[50.66,14.31],[50.66,14.31],[50.66,14.31],[50.66,14.3],[50.66,14.3],[50.66,14.3],[50.66,14.3],[50.66,14.3],[50.66,14.3],[50.66,14.3],[50.66,14.3],[50.66,14.3],[50.65,14.29],[50.65,14.29],[50.65,14.29],[50.65,14.29],[50.65,14.29],[50.65,14.29],[50.65,14.29],[50.65,14.29],[50.65,14.29],[50.65,14.28],[50.65,14.28],[50.65,14.28],[50.65,14.28],[50.65,14.28],[50.65,14.28],[50.64,14.28],[50.64,14.28],[50.64,14.28],[50.64,14.27],[50.64,14.27],[50.64,14.27],[50.64,14.27],[50.64,14.27],[50.64,14.27],[50.64,14.27],[50.64,14.27],[50.64,14.26],[50.64,14.26],[50.63,14.26],[50.63,14.26],[50.63,14.26],[50.63,14.26],[50.63,14.26],[50.63,14.26],[50.63,14.26],[50.63,14.25],[50.63,14.25],[50.63,14.25],[50.63,14.25],[50.63,14.25],[50.62,14.25],[50.62,14.25],[50.62,14.24],[50.62,14.24],[50.62,14.24],[50.62,14.24],[50.62,14.24],[50.61,14.23],[50.61,14.23],[50.61,14.23],[50.61,14.23],[50.61,14.22],[50.61,14.22],[50.6,14.22],[50.6,14.22],[50.6,14.21],[50.6,14.21],[50.6,14.21],[50.6,14.21],[50.59,14.21],[50.59,14.2],[50.59,14.2],[50.59,14.2],[50.59,14.2],[50.59,14.19],[50.58,14.19],[50.58,14.19],[50.58,14.18],[50.57,14.17],[50.56,14.17],[50.56,14.16],[50.56,14.16],[50.56,14.16],[50.55,14.15],[50.55,14.15],[50.55,14.15],[50.55,14.14],[50.55,14.14],[50.54,14.14],[50.54,14.13],[50.54,14.13],[50.54,14.13],[50.54,14.13],[50.53,14.13],[50.53,14.13],[50.53,14.12],[50.53,14.12],[50.53,14.12],[50.53,14.12],[50.53,14.12],[50.53,14.12],[50.53,14.11],[50.53,14.11],[50.52,14.11],[50.52,14.11],[50.52,14.11],[50.52,14.11],[50.52,14.11],[50.52,14.1],[50.52,14.1],[50.52,14.1],[50.52,14.1],[50.52,14.1],[50.51,14.1],[50.51,14.1],[50.51,14.09],[50.51,14.09],[50.51,14.09],[50.51,14.09],[50.51,14.09],[50.51,14.09],[50.51,14.09],[50.51,14.09],[50.51,14.08],[50.5,14.08],[50.5,14.08],[50.5,14.08],[50.5,14.08],[50.5,14.08],[50.5,14.08],[50.5,14.07],[50.5,14.07],[50.5,14.07],[50.5,14.07],[50.5,14.07],[50.49,14.07],[50.49,14.06],[50.49,14.06],[50.49,14.06],[50.49,14.06],[50.49,14.06],[50.49,14.06],[50.49,14.06],[50.49,14.05],[50.49,14.05],[50.49,14.05],[50.48,14.05],[50.48,14.05],[50.48,14.05],[50.48,14.05],[50.48,14.04],[50.48,14.04],[50.48,14.04],[50.48,14.04],[50.48,14.04],[50.48,14.04],[50.48,14.04],[50.48,14.03],[50.48,14.03],[50.47,14.03],[50.47,14.03],[50.47,14.03],[50.47,14.03],[50.47,14.03],[50.47,14.02],[50.47,14.02],[50.47,14.02],[50.47,14.02],[50.47,14.02],[50.47,14.02],[50.47,14.02],[50.47,14.02],[50.47,14.01],[50.47,14.01],[50.46,14.01],[50.46,14.01],[50.46,14.01],[50.46,14.01],[50.46,14.01],[50.46,14],[50.46,14],[50.46,14],[50.46,14],[50.46,14],[50.46,14],[50.46,14],[50.46,13.99],[50.46,13.99],[50.46,13.99],[50.46,13.99],[50.46,13.99],[50.46,13.99],[50.45,13.99],[50.45,13.99],[50.45,13.99],[50.45,13.99],[50.45,13.99],[50.45,13.98],[50.45,13.98],[50.45,13.98],[50.45,13.98],[50.45,13.98],[50.45,13.98],[50.45,13.98],[50.45,13.98],[50.45,13.98],[50.45,13.98],[50.45,13.98],[50.45,13.98],[50.45,13.98],[50.45,13.98],[50.45,13.97],[50.45,13.97],[50.45,13.97],[50.45,13.97],[50.45,13.97],[50.45,13.97],[50.45,13.97],[50.45,13.97],[50.45,13.97],[50.45,13.97],[50.45,13.97],[50.45,13.97],[50.45,13.97],[50.45,13.96],[50.45,13.96],[50.45,13.96],[50.45,13.96],[50.45,13.96],[50.45,13.96],[50.45,13.96],[50.45,13.96],[50.45,13.96],[50.44,13.96],[50.44,13.96],[50.44,13.96],[50.44,13.95],[50.44,13.95],[50.44,13.95],[50.44,13.95],[50.44,13.95],[50.44,13.95],[50.44,13.94],[50.44,13.94],[50.44,13.94],[50.44,13.94],[50.44,13.94],[50.44,13.94],[50.44,13.93],[50.44,13.93],[50.44,13.93],[50.44,13.93],[50.44,13.93],[50.44,13.93],[50.44,13.92],[50.44,13.92],[50.44,13.92],[50.44,13.92],[50.44,13.92],[50.44,13.92],[50.43,13.91],[50.43,13.91],[50.43,13.91],[50.43,13.91],[50.43,13.91],[50.43,13.91],[50.43,13.9],[50.43,13.9],[50.43,13.9],[50.43,13.9],[50.43,13.89],[50.43,13.89],[50.43,13.88],[50.43,13.88],[50.43,13.87],[50.43,13.87],[50.43,13.87],[50.43,13.87],[50.43,13.86],[50.43,13.86],[50.42,13.86],[50.42,13.86],[50.42,13.86],[50.42,13.85],[50.42,13.85],[50.42,13.85],[50.42,13.85],[50.42,13.85],[50.42,13.84],[50.42,13.84],[50.42,13.84],[50.42,13.84],[50.42,13.83],[50.42,13.83],[50.42,13.83],[50.42,13.83],[50.42,13.83],[50.42,13.83],[50.42,13.83],[50.42,13.83],[50.42,13.83],[50.42,13.83],[50.42,13.82],[50.42,13.82],[50.42,13.82],[50.42,13.82],[50.42,13.82],[50.42,13.82],[50.42,13.82],[50.42,13.82],[50.41,13.82],[50.41,13.82],[50.41,13.81],[50.41,13.81],[50.41,13.81],[50.41,13.81],[50.41,13.81],[50.41,13.81],[50.41,13.81],[50.41,13.81],[50.41,13.81],[50.41,13.81],[50.41,13.81],[50.41,13.8],[50.41,13.8],[50.41,13.8],[50.41,13.8],[50.41,13.8],[50.41,13.8],[50.41,13.8],[50.41,13.8],[50.41,13.8],[50.41,13.8],[50.41,13.8],[50.41,13.79],[50.41,13.79],[50.41,13.79],[50.41,13.79],[50.41,13.79],[50.41,13.79],[50.41,13.79],[50.41,13.79],[50.41,13.79],[50.41,13.79],[50.41,13.79],[50.4,13.79],[50.4,13.78],[50.4,13.78],[50.4,13.78],[50.4,13.78],[50.4,13.78],[50.4,13.78],[50.4,13.78],[50.4,13.78],[50.4,13.78],[50.4,13.78],[50.4,13.78],[50.4,13.78],[50.4,13.77],[50.4,13.77],[50.4,13.77],[50.4,13.77],[50.4,13.77],[50.4,13.77],[50.4,13.77],[50.4,13.77],[50.4,13.77],[50.4,13.77],[50.4,13.77],[50.4,13.77],[50.4,13.77],[50.4,13.76],[50.4,13.76],[50.4,13.76],[50.4,13.76],[50.39,13.76],[50.39,13.76],[50.39,13.76],[50.39,13.76],[50.39,13.76],[50.39,13.76],[50.39,13.76],[50.39,13.76],[50.39,13.76],[50.39,13.76],[50.39,13.76],[50.39,13.75],[50.39,13.75],[50.39,13.75],[50.39,13.75],[50.39,13.75],[50.39,13.75],[50.39,13.75],[50.39,13.75],[50.39,13.75],[50.39,13.75],[50.39,13.75],[50.39,13.75],[50.39,13.75],[50.39,13.75],[50.39,13.75],[50.39,13.74],[50.38,13.74],[50.38,13.74],[50.38,13.74],[50.38,13.74],[50.38,13.74],[50.38,13.74],[50.38,13.74],[50.38,13.74],[50.38,13.74],[50.38,13.74],[50.38,13.74],[50.38,13.74],[50.38,13.74],[50.38,13.74],[50.38,13.73],[50.38,13.73],[50.38,13.73],[50.38,13.73],[50.38,13.73],[50.38,13.73],[50.38,13.73],[50.38,13.73],[50.38,13.73],[50.37,13.73],[50.37,13.73],[50.37,13.73],[50.37,13.73],[50.37,13.73],[50.37,13.72],[50.37,13.72],[50.37,13.72],[50.37,13.72],[50.37,13.72],[50.37,13.72],[50.37,13.72],[50.37,13.72],[50.37,13.72],[50.37,13.72],[50.37,13.72],[50.37,13.71],[50.36,13.71],[50.36,13.71],[50.36,13.71],[50.36,13.71],[50.36,13.71],[50.36,13.71],[50.36,13.71],[50.36,13.7],[50.36,13.7],[50.35,13.7],[50.35,13.7],[50.35,13.7],[50.35,13.7],[50.35,13.7],[50.35,13.69],[50.35,13.69],[50.35,13.69],[50.35,13.69],[50.34,13.69],[50.34,13.69],[50.34,13.68],[50.34,13.68],[50.34,13.68],[50.33,13.67],[50.33,13.67],[50.33,13.67],[50.32,13.66],[50.32,13.66],[50.32,13.66],[50.32,13.66],[50.32,13.66],[50.32,13.65],[50.31,13.65],[50.31,13.65],[50.31,13.65],[50.31,13.65],[50.31,13.65],[50.31,13.65],[50.31,13.65],[50.31,13.65],[50.31,13.64],[50.31,13.64],[50.31,13.64],[50.31,13.64],[50.3,13.64],[50.3,13.64],[50.3,13.64],[50.3,13.64],[50.3,13.64],[50.3,13.63],[50.3,13.63],[50.3,13.63],[50.3,13.63],[50.3,13.63],[50.3,13.63],[50.3,13.63],[50.29,13.63],[50.29,13.62],[50.29,13.62],[50.29,13.62],[50.29,13.62],[50.29,13.62],[50.29,13.62],[50.29,13.62],[50.29,13.62],[50.29,13.62],[50.29,13.61],[50.29,13.61],[50.29,13.61],[50.28,13.61],[50.28,13.61],[50.28,13.61],[50.28,13.61],[50.28,13.61],[50.28,13.61],[50.28,13.61],[50.28,13.6],[50.28,13.6],[50.28,13.6],[50.28,13.6],[50.28,13.6],[50.28,13.6],[50.28,13.6],[50.27,13.6],[50.27,13.59],[50.27,13.59],[50.27,13.59],[50.27,13.59],[50.27,13.59],[50.27,13.59],[50.27,13.59],[50.27,13.59],[50.27,13.58],[50.27,13.58],[50.27,13.58],[50.27,13.58],[50.27,13.58],[50.27,13.58],[50.26,13.58],[50.26,13.57],[50.26,13.57],[50.26,13.57],[50.26,13.57],[50.26,13.57],[50.26,13.57],[50.26,13.56],[50.26,13.56],[50.26,13.56],[50.26,13.56],[50.26,13.56],[50.26,13.56],[50.26,13.56],[50.26,13.55],[50.25,13.55],[50.25,13.55],[50.25,13.55],[50.25,13.55],[50.25,13.55],[50.25,13.55],[50.25,13.54],[50.25,13.54],[50.25,13.54],[50.25,13.54],[50.25,13.54],[50.25,13.54],[50.25,13.53],[50.25,13.53],[50.25,13.53],[50.25,13.53],[50.24,13.53],[50.24,13.53],[50.24,13.52],[50.24,13.52],[50.24,13.52],[50.24,13.51],[50.24,13.5],[50.23,13.5],[50.23,13.5],[50.23,13.5],[50.23,13.49],[50.23,13.49],[50.23,13.49],[50.23,13.49],[50.23,13.49],[50.23,13.48],[50.23,13.48],[50.23,13.48],[50.23,13.48],[50.22,13.48],[50.22,13.47],[50.22,13.47],[50.22,13.47],[50.22,13.47],[50.22,13.47],[50.22,13.46],[50.22,13.46],[50.22,13.46],[50.22,13.46],[50.22,13.46],[50.22,13.46],[50.22,13.46],[50.22,13.46],[50.22,13.45],[50.22,13.45],[50.21,13.45],[50.21,13.45],[50.21,13.45],[50.21,13.45],[50.21,13.45],[50.21,13.45],[50.21,13.45],[50.21,13.45],[50.21,13.45],[50.21,13.45],[50.21,13.44],[50.21,13.44],[50.21,13.44],[50.21,13.44],[50.21,13.44],[50.21,13.44],[50.21,13.44],[50.21,13.44],[50.21,13.44],[50.21,13.44],[50.21,13.44],[50.21,13.43],[50.21,13.43],[50.2,13.43],[50.2,13.43],[50.2,13.43],[50.2,13.43],[50.2,13.43],[50.2,13.43],[50.2,13.43],[50.2,13.43],[50.2,13.43],[50.2,13.43],[50.2,13.42],[50.2,13.42],[50.2,13.42],[50.2,13.42],[50.2,13.42],[50.2,13.42],[50.2,13.42],[50.2,13.42],[50.2,13.42],[50.2,13.42],[50.2,13.42],[50.2,13.42],[50.19,13.41],[50.19,13.41],[50.19,13.41],[50.19,13.41],[50.19,13.41],[50.19,13.41],[50.19,13.41],[50.19,13.41],[50.19,13.41],[50.19,13.41],[50.19,13.41],[50.19,13.41],[50.19,13.41],[50.19,13.4],[50.19,13.4],[50.19,13.4],[50.19,13.4],[50.19,13.4],[50.19,13.4],[50.19,13.4],[50.18,13.4],[50.18,13.4],[50.18,13.4],[50.18,13.4],[50.18,13.4],[50.18,13.4],[50.18,13.4],[50.18,13.4],[50.18,13.39],[50.18,13.39],[50.18,13.39],[50.18,13.39],[50.18,13.39],[50.18,13.39],[50.17,13.39],[50.17,13.38],[50.17,13.38],[50.17,13.38],[50.17,13.38],[50.17,13.38],[50.17,13.38],[50.17,13.38],[50.17,13.38],[50.17,13.37],[50.16,13.37],[50.16,13.37],[50.16,13.37],[50.16,13.37],[50.16,13.37],[50.16,13.37],[50.16,13.37],[50.16,13.37],[50.16,13.36],[50.16,13.36],[50.16,13.36],[50.15,13.36],[50.15,13.36],[50.15,13.36],[50.15,13.36],[50.15,13.36],[50.15,13.36],[50.15,13.35],[50.15,13.35],[50.15,13.35],[50.15,13.35],[50.15,13.35],[50.14,13.35],[50.14,13.35],[50.14,13.35],[50.14,13.35],[50.14,13.35],[50.14,13.34],[50.14,13.34],[50.14,13.34],[50.14,13.34],[50.14,13.34],[50.14,13.34],[50.13,13.34],[50.13,13.34],[50.13,13.34],[50.13,13.34],[50.13,13.34],[50.13,13.33],[50.13,13.33],[50.13,13.33],[50.13,13.33],[50.13,13.33],[50.13,13.33],[50.12,13.33],[50.12,13.33],[50.12,13.33],[50.12,13.33],[50.12,13.33],[50.12,13.32],[50.12,13.32],[50.12,13.32],[50.12,13.32],[50.12,13.32],[50.12,13.32],[50.11,13.32],[50.11,13.32],[50.11,13.32],[50.11,13.32],[50.11,13.32],[50.11,13.32],[50.11,13.31],[50.11,13.31],[50.11,13.31],[50.11,13.31],[50.11,13.31],[50.11,13.31],[50.1,13.31],[50.1,13.31],[50.1,13.31],[50.1,13.31],[50.1,13.31],[50.1,13.31],[50.1,13.31],[50.1,13.31],[50.1,13.3],[50.1,13.3],[50.1,13.3],[50.09,13.3],[50.09,13.3],[50.09,13.3],[50.09,13.3],[50.09,13.3],[50.09,13.3],[50.09,13.3],[50.09,13.3],[50.09,13.3],[50.09,13.3],[50.09,13.3],[50.09,13.3],[50.08,13.29],[50.08,13.29],[50.08,13.29],[50.08,13.29],[50.08,13.29],[50.08,13.29],[50.08,13.29],[50.08,13.29],[50.08,13.29],[50.08,13.29],[50.08,13.29],[50.07,13.29],[50.07,13.29],[50.07,13.29],[50.07,13.29],[50.07,13.29],[50.07,13.29],[50.07,13.28],[50.07,13.28],[50.07,13.28],[50.07,13.28],[50.07,13.28],[50.07,13.28],[50.06,13.28],[50.06,13.28],[50.06,13.28],[50.06,13.28],[50.06,13.28],[50.06,13.28],[50.06,13.28],[50.06,13.28],[50.06,13.28],[50.06,13.28],[50.06,13.28],[50.05,13.28],[50.05,13.28],[50.05,13.28],[50.05,13.27],[50.05,13.27],[50.05,13.27],[50.05,13.27],[50.05,13.27],[50.05,13.27],[50.05,13.27],[50.04,13.27],[50.04,13.27],[50.04,13.27],[50.04,13.27],[50.04,13.27],[50.04,13.27],[50.04,13.27],[50.04,13.27],[50.04,13.27],[50.04,13.27],[50.03,13.27],[50.03,13.27],[50.03,13.27],[50.03,13.27],[50.03,13.27],[50.03,13.27],[50.03,13.26],[50.03,13.26],[50.03,13.26],[50.03,13.26],[50.02,13.26],[50.02,13.26],[50.02,13.26],[50.02,13.26],[50.02,13.26],[50.02,13.26],[50.02,13.26],[50.02,13.26],[50.02,13.26],[50.01,13.26],[50.01,13.26],[50.01,13.26],[50.01,13.26],[50.01,13.26],[50.01,13.26],[50.01,13.26],[50.01,13.26],[50.01,13.26],[50,13.26],[50,13.26],[50,13.26],[50,13.26],[50,13.25],[50,13.25],[50,13.25],[50,13.25],[49.99,13.25],[49.99,13.25],[49.99,13.25],[49.99,13.25],[49.99,13.25],[49.99,13.25],[49.99,13.25],[49.99,13.25],[49.99,13.25],[49.98,13.25],[49.98,13.25],[49.98,13.25],[49.98,13.25],[49.98,13.25],[49.98,13.25],[49.98,13.25],[49.98,13.25],[49.97,13.25],[49.97,13.25],[49.97,13.25],[49.97,13.25],[49.97,13.25],[49.97,13.25],[49.97,13.25],[49.96,13.25],[49.96,13.25],[49.96,13.25],[49.96,13.25],[49.96,13.24],[49.96,13.24],[49.96,13.24],[49.96,13.24],[49.95,13.24],[49.95,13.24],[49.95,13.24],[49.95,13.24],[49.95,13.24],[49.95,13.24],[49.95,13.24],[49.94,13.24],[49.94,13.24],[49.94,13.24],[49.94,13.24],[49.94,13.24],[49.94,13.24],[49.94,13.24],[49.93,13.24],[49.93,13.24],[49.93,13.24],[49.93,13.24],[49.93,13.24],[49.93,13.24],[49.92,13.24],[49.92,13.24],[49.92,13.24],[49.92,13.24],[49.92,13.24],[49.92,13.24],[49.92,13.24],[49.91,13.24],[49.91,13.24],[49.91,13.24],[49.91,13.24],[49.91,13.24],[49.91,13.24],[49.91,13.24],[49.9,13.24],[49.9,13.24],[49.9,13.24],[49.9,13.24],[49.9,13.24],[49.89,13.24],[49.89,13.23],[49.89,13.23],[49.89,13.23],[49.89,13.23],[49.89,13.23],[49.88,13.23],[49.88,13.23],[49.88,13.23],[49.88,13.23],[49.88,13.23],[49.87,13.23],[49.87,13.23],[49.87,13.23],[49.87,13.23],[49.86,13.23],[49.86,13.23],[49.86,13.23],[49.86,13.23],[49.86,13.23],[49.85,13.23],[49.85,13.23],[49.85,13.23],[49.85,13.23],[49.84,13.23],[49.84,13.23],[49.84,13.23],[49.84,13.23],[49.84,13.23],[49.83,13.23],[49.83,13.23],[49.83,13.23],[49.83,13.23],[49.82,13.23],[49.82,13.23],[49.82,13.23],[49.82,13.23],[49.82,13.23],[49.81,13.23],[49.81,13.23],[49.81,13.23],[49.81,13.23],[49.81,13.23],[49.8,13.23],[49.8,13.23],[49.8,13.23],[49.8,13.23],[49.8,13.23],[49.79,13.23],[49.79,13.23],[49.79,13.23],[49.79,13.23],[49.79,13.23],[49.78,13.23],[49.78,13.23],[49.78,13.23],[49.78,13.23],[49.78,13.23],[49.78,13.23],[49.78,13.23],[49.77,13.23],[49.77,13.23],[49.77,13.23],[49.77,13.23],[49.77,13.23],[49.77,13.23],[49.77,13.23],[49.77,13.23],[49.76,13.23],[49.76,13.23],[49.76,13.23],[49.76,13.23],[49.76,13.23],[49.76,13.23],[49.76,13.23],[49.76,13.23],[49.76,13.23],[49.76,13.23],[49.76,13.23],[49.76,13.23],[49.76,13.23],[49.76,13.23],[49.76,13.23],[49.76,13.23],[49.76,13.23],[49.76,13.23],[49.76,13.23],[49.75,13.23],[49.75,13.23],[49.75,13.23],[49.75,13.23],[49.75,13.23],[49.75,13.23],[49.75,13.23],[49.75,13.23],[49.75,13.23],[49.75,13.23],[49.75,13.23],[49.75,13.23],[49.75,13.23],[49.75,13.23],[49.75,13.23],[49.75,13.23],[49.75,13.23],[49.75,13.23],[49.75,13.23],[49.75,13.23],[49.75,13.23],[49.75,13.23],[49.75,13.23],[49.75,13.23],[49.75,13.23],[49.75,13.23],[49.75,13.23],[49.75,13.23],[49.75,13.23],[49.75,13.24],[49.75,13.24],[49.75,13.24],[49.75,13.24],[49.75,13.24],[49.75,13.24],[49.75,13.24],[49.75,13.24],[49.75,13.24],[49.75,13.24],[49.75,13.24],[49.75,13.24],[49.75,13.24],[49.75,13.24],[49.75,13.24],[49.75,13.24],[49.75,13.24],[49.75,13.24],[49.75,13.24],[49.75,13.24],[49.75,13.24],[49.75,13.24],[49.75,13.24],[49.75,13.24],[49.75,13.24],[49.75,13.24],[49.75,13.24],[49.75,13.24],[49.75,13.24],[49.75,13.24],[49.75,13.24],[49.75,13.24],[49.75,13.24],[49.75,13.24],[49.75,13.24],[49.75,13.24],[49.75,13.24],[49.75,13.24],[49.75,13.24],[49.75,13.24],[49.75,13.24],[49.75,13.24],[49.75,13.24],[49.75,13.24],[49.75,13.24],[49.75,13.24],[49.75,13.24],[49.75,13.24],[49.75,13.24],[49.75,13.24],[49.75,13.24],[49.75,13.24],[49.75,13.24],[49.75,13.24],[49.75,13.24],[49.75,13.24],[49.75,13.24],[49.75,13.24],[49.75,13.24],[49.75,13.24],[49.75,13.24],[49.75,13.24],[49.75,13.24],[49.75,13.24],[49.75,13.24],[49.75,13.24],[49.75,13.24],[49.75,13.24],[49.75,13.24],[49.75,13.24],[49.75,13.24],[49.76,13.24],[49.76,13.24],[49.76,13.24],[49.76,13.24],[49.76,13.24],[49.76,13.24],[49.76,13.24],[49.76,13.24],[49.76,13.24],[49.76,13.24],[49.76,13.24],[49.76,13.24],[49.76,13.24],[49.76,13.24],[49.77,13.24],[49.77,13.24],[49.77,13.24],[49.77,13.24],[49.77,13.24],[49.77,13.24],[49.77,13.24],[49.77,13.24],[49.77,13.24],[49.77,13.24],[49.77,13.24],[49.77,13.24],[49.77,13.24],[49.77,13.24],[49.77,13.24],[49.77,13.24],[49.77,13.24],[49.77,13.24],[49.77,13.24],[49.77,13.24],[49.77,13.24],[49.78,13.24],[49.78,13.24],[49.78,13.25],[49.78,13.25],[49.78,13.25],[49.78,13.25],[49.78,13.25],[49.78,13.25],[49.78,13.25],[49.78,13.25],[49.78,13.25],[49.78,13.25],[49.78,13.25],[49.78,13.25],[49.78,13.25],[49.78,13.25],[49.78,13.25],[49.78,13.25],[49.78,13.25],[49.78,13.25],[49.78,13.25],[49.78,13.25],[49.78,13.25],[49.78,13.25],[49.78,13.25],[49.78,13.25],[49.78,13.25],[49.78,13.25],[49.78,13.25],[49.78,13.25],[49.78,13.25],[49.78,13.25],[49.78,13.25],[49.78,13.25],[49.78,13.25],[49.78,13.25],[49.78,13.25],[49.78,13.25],[49.78,13.25],[49.78,13.25],[49.78,13.25],[49.78,13.25],[49.78,13.25],[49.78,13.25],[49.78,13.25],[49.78,13.25],[49.78,13.25],[49.78,13.25],[49.78,13.25],[49.78,13.25],[49.78,13.25],[49.78,13.25],[49.78,13.25],[49.78,13.25],[49.78,13.25],[49.78,13.25],[49.78,13.25],[49.78,13.25],[49.78,13.25],[49.78,13.25],[49.78,13.25],[49.78,13.25],[49.78,13.25],[49.78,13.25],[49.78,13.25],[49.78,13.25],[49.78,13.25],[49.78,13.25],[49.78,13.25],[49.78,13.25],[49.78,13.25],[49.78,13.25],[49.78,13.25],[49.78,13.25],[49.78,13.25],[49.78,13.25],[49.78,13.25],[49.78,13.25],[49.78,13.25],[49.78,13.25],[49.78,13.25],[49.78,13.25],[49.78,13.25],[49.78,13.25],[49.78,13.25],[49.78,13.26],[49.78,13.26],[49.78,13.26],[49.78,13.26],[49.78,13.26],[49.78,13.26],[49.78,13.26],[49.78,13.26],[49.78,13.26],[49.78,13.26],[49.78,13.26],[49.78,13.26],[49.78,13.26],[49.78,13.26],[49.78,13.26],[49.78,13.26],[49.78,13.26],[49.78,13.26],[49.78,13.26],[49.78,13.26],[49.78,13.26],[49.78,13.26],[49.78,13.26],[49.77,13.26],[49.77,13.26],[49.77,13.27],[49.77,13.27],[49.77,13.27],[49.77,13.27],[49.77,13.27],[49.77,13.27],[49.77,13.27],[49.77,13.27],[49.77,13.27],[49.77,13.27],[49.77,13.28],[49.76,13.28],[49.76,13.28],[49.76,13.28],[49.76,13.28],[49.76,13.28],[49.76,13.28],[49.76,13.28],[49.76,13.28],[49.76,13.28],[49.76,13.28],[49.76,13.28],[49.76,13.28],[49.76,13.28],[49.76,13.28],[49.76,13.28],[49.76,13.28],[49.76,13.28],[49.76,13.28],[49.76,13.28],[49.76,13.28],[49.76,13.29],[49.76,13.29],[49.76,13.29],[49.76,13.29],[49.75,13.29],[49.75,13.29],[49.75,13.29],[49.75,13.29],[49.75,13.29],[49.75,13.29],[49.75,13.29],[49.75,13.29],[49.75,13.29],[49.75,13.29],[49.75,13.29],[49.75,13.29],[49.75,13.29],[49.75,13.29],[49.75,13.29],[49.75,13.29],[49.75,13.29],[49.75,13.29],[49.75,13.29],[49.75,13.3],[49.74,13.3],[49.74,13.3],[49.74,13.3],[49.74,13.3],[49.74,13.3],[49.74,13.3],[49.74,13.3],[49.74,13.3],[49.74,13.3],[49.74,13.3],[49.74,13.3],[49.74,13.3],[49.74,13.3],[49.74,13.3],[49.74,13.3],[49.74,13.3],[49.74,13.3],[49.74,13.3],[49.73,13.3],[49.73,13.3],[49.73,13.3],[49.73,13.3],[49.73,13.3],[49.73,13.3],[49.73,13.31],[49.73,13.31],[49.73,13.31],[49.73,13.31],[49.73,13.31],[49.73,13.31],[49.73,13.31],[49.73,13.31],[49.73,13.31],[49.73,13.31],[49.73,13.31],[49.72,13.31],[49.72,13.31],[49.72,13.31],[49.72,13.31],[49.72,13.31],[49.72,13.31],[49.72,13.31],[49.72,13.31],[49.72,13.31],[49.72,13.31],[49.72,13.31],[49.72,13.31],[49.72,13.31],[49.72,13.31],[49.72,13.31],[49.71,13.31],[49.71,13.31],[49.71,13.32],[49.71,13.32],[49.71,13.32],[49.71,13.32],[49.71,13.32],[49.71,13.32],[49.71,13.32],[49.71,13.32],[49.71,13.32],[49.71,13.32],[49.71,13.32],[49.71,13.32],[49.71,13.32],[49.7,13.32],[49.7,13.32],[49.7,13.32],[49.7,13.32],[49.7,13.32],[49.7,13.32],[49.7,13.32],[49.7,13.32],[49.7,13.32],[49.7,13.32],[49.7,13.32],[49.7,13.32],[49.7,13.32],[49.7,13.32],[49.69,13.32],[49.69,13.32],[49.69,13.32],[49.69,13.32],[49.69,13.32],[49.69,13.32],[49.69,13.32],[49.69,13.32],[49.69,13.32],[49.69,13.33],[49.69,13.33],[49.69,13.33],[49.69,13.33],[49.69,13.33],[49.68,13.33],[49.68,13.33],[49.68,13.33],[49.68,13.33],[49.68,13.33],[49.68,13.33],[49.68,13.33],[49.68,13.33],[49.68,13.33],[49.68,13.33],[49.68,13.33],[49.68,13.33],[49.68,13.33],[49.68,13.33],[49.67,13.33],[49.67,13.33],[49.67,13.33],[49.67,13.33],[49.67,13.33],[49.67,13.33],[49.67,13.33],[49.67,13.33],[49.67,13.33],[49.67,13.33],[49.67,13.33],[49.67,13.33],[49.67,13.33],[49.67,13.33],[49.66,13.33],[49.66,13.33],[49.66,13.33],[49.66,13.33],[49.66,13.33],[49.66,13.33],[49.66,13.33],[49.66,13.33],[49.66,13.33],[49.66,13.33],[49.66,13.33],[49.66,13.33],[49.66,13.33],[49.66,13.33],[49.65,13.33],[49.65,13.33],[49.65,13.33],[49.65,13.33],[49.65,13.33],[49.65,13.33],[49.65,13.33],[49.65,13.33],[49.65,13.33],[49.65,13.33],[49.65,13.33],[49.65,13.33],[49.65,13.33],[49.65,13.33],[49.64,13.33],[49.64,13.33],[49.64,13.33],[49.64,13.33],[49.64,13.33],[49.64,13.33],[49.64,13.33],[49.64,13.33],[49.64,13.33],[49.64,13.33],[49.64,13.33],[49.64,13.33],[49.64,13.33],[49.64,13.33],[49.64,13.33],[49.63,13.33],[49.63,13.33],[49.63,13.33],[49.63,13.33],[49.63,13.33],[49.63,13.33],[49.63,13.33],[49.63,13.33],[49.63,13.33],[49.63,13.33],[49.63,13.33],[49.63,13.33],[49.63,13.33],[49.63,13.33],[49.63,13.33],[49.62,13.33],[49.62,13.33],[49.62,13.33],[49.62,13.33],[49.62,13.33],[49.62,13.33],[49.62,13.33],[49.62,13.33],[49.62,13.33],[49.62,13.33],[49.62,13.33],[49.62,13.33],[49.62,13.33],[49.62,13.33],[49.62,13.33],[49.62,13.33],[49.62,13.33],[49.61,13.33],[49.61,13.33],[49.61,13.33],[49.61,13.33],[49.61,13.33],[49.61,13.33],[49.61,13.33],[49.61,13.33],[49.61,13.33],[49.61,13.33],[49.61,13.33],[49.61,13.33],[49.61,13.33],[49.61,13.33],[49.61,13.33],[49.61,13.33],[49.61,13.33],[49.6,13.33],[49.6,13.33],[49.6,13.33],[49.6,13.33],[49.6,13.33],[49.6,13.33],[49.6,13.33],[49.6,13.33],[49.6,13.33],[49.6,13.33],[49.6,13.33],[49.6,13.33],[49.6,13.33],[49.6,13.33],[49.6,13.33],[49.6,13.33],[49.6,13.33],[49.6,13.33],[49.6,13.33],[49.6,13.32],[49.6,13.32],[49.6,13.32],[49.59,13.32],[49.59,13.32],[49.59,13.32],[49.59,13.32],[49.59,13.32],[49.59,13.32],[49.59,13.32],[49.59,13.32],[49.59,13.32],[49.59,13.32],[49.59,13.32],[49.59,13.32],[49.59,13.32],[49.59,13.32],[49.59,13.32],[49.59,13.32],[49.59,13.32],[49.59,13.32],[49.59,13.32],[49.59,13.32],[49.59,13.32],[49.58,13.32],[49.58,13.32],[49.58,13.32],[49.58,13.32],[49.58,13.32],[49.58,13.32],[49.58,13.32],[49.58,13.32],[49.58,13.31],[49.58,13.31],[49.58,13.31],[49.58,13.31],[49.58,13.31],[49.58,13.31],[49.57,13.31],[49.57,13.31],[49.57,13.31],[49.57,13.3],[49.57,13.3],[49.57,13.3],[49.57,13.3],[49.56,13.3],[49.56,13.3],[49.56,13.3],[49.56,13.3],[49.56,13.3],[49.56,13.3],[49.56,13.3],[49.56,13.3],[49.56,13.3],[49.56,13.3],[49.56,13.3],[49.56,13.3],[49.56,13.3],[49.56,13.3],[49.56,13.3],[49.56,13.3],[49.55,13.3],[49.55,13.3],[49.55,13.3],[49.55,13.3],[49.55,13.29],[49.55,13.29],[49.55,13.29],[49.55,13.29],[49.55,13.29],[49.55,13.29],[49.55,13.29],[49.55,13.29],[49.55,13.29],[49.55,13.29],[49.55,13.29],[49.55,13.29],[49.55,13.29],[49.55,13.29],[49.55,13.29],[49.55,13.29],[49.55,13.29],[49.55,13.29],[49.55,13.29],[49.55,13.29],[49.55,13.29],[49.55,13.29],[49.54,13.29],[49.54,13.29],[49.54,13.29],[49.54,13.29],[49.54,13.29],[49.54,13.29],[49.54,13.29],[49.54,13.29],[49.54,13.29],[49.54,13.29],[49.54,13.29],[49.54,13.29],[49.54,13.29],[49.54,13.29],[49.54,13.29],[49.54,13.29],[49.54,13.29],[49.54,13.29],[49.54,13.29],[49.54,13.29],[49.54,13.29],[49.54,13.29],[49.54,13.29],[49.54,13.29],[49.54,13.29],[49.54,13.29],[49.53,13.29],[49.53,13.29],[49.53,13.29],[49.53,13.29],[49.53,13.29],[49.53,13.29],[49.53,13.29],[49.53,13.29],[49.53,13.29],[49.53,13.29],[49.53,13.29],[49.53,13.29],[49.53,13.29],[49.53,13.28],[49.53,13.28],[49.53,13.28],[49.53,13.28],[49.53,13.28],[49.53,13.28],[49.53,13.28],[49.53,13.28],[49.53,13.28],[49.53,13.28],[49.53,13.28],[49.53,13.28],[49.52,13.28],[49.52,13.28],[49.52,13.28],[49.52,13.28],[49.52,13.28],[49.52,13.28],[49.52,13.28],[49.52,13.28],[49.52,13.28],[49.52,13.28],[49.52,13.28],[49.52,13.28],[49.52,13.28],[49.52,13.28],[49.52,13.28],[49.52,13.28],[49.52,13.28],[49.52,13.28],[49.52,13.28],[49.51,13.28],[49.51,13.28],[49.51,13.28],[49.51,13.28],[49.51,13.28],[49.51,13.28],[49.51,13.28],[49.51,13.28],[49.51,13.28],[49.51,13.28],[49.51,13.28],[49.5,13.28],[49.5,13.28],[49.5,13.28],[49.5,13.28],[49.5,13.28],[49.5,13.28],[49.5,13.28],[49.5,13.28],[49.5,13.28],[49.5,13.28],[49.49,13.28],[49.49,13.28],[49.49,13.28],[49.49,13.28],[49.49,13.28],[49.49,13.28],[49.49,13.28],[49.49,13.28],[49.49,13.28],[49.49,13.28],[49.48,13.28],[49.48,13.28],[49.48,13.28],[49.48,13.28],[49.48,13.28],[49.48,13.28],[49.48,13.28],[49.48,13.28],[49.48,13.28],[49.48,13.28],[49.48,13.28],[49.47,13.28],[49.47,13.28],[49.47,13.28],[49.47,13.28],[49.47,13.28],[49.47,13.28],[49.47,13.28],[49.47,13.29],[49.47,13.29],[49.47,13.29],[49.46,13.29],[49.46,13.29],[49.46,13.29],[49.46,13.29],[49.46,13.29],[49.46,13.29],[49.46,13.29],[49.46,13.29],[49.46,13.29],[49.45,13.29],[49.45,13.29],[49.45,13.29],[49.45,13.29],[49.45,13.29],[49.44,13.29],[49.44,13.29],[49.44,13.29],[49.44,13.29],[49.44,13.29],[49.43,13.29],[49.43,13.29],[49.42,13.29],[49.42,13.29],[49.42,13.3],[49.42,13.3],[49.41,13.3],[49.41,13.3],[49.41,13.3],[49.41,13.3],[49.41,13.3],[49.41,13.3],[49.41,13.3],[49.4,13.3],[49.4,13.3],[49.4,13.3],[49.4,13.3],[49.4,13.3],[49.4,13.3],[49.4,13.3],[49.4,13.3],[49.39,13.3],[49.39,13.3],[49.39,13.3],[49.39,13.3],[49.39,13.3],[49.39,13.3],[49.39,13.3],[49.39,13.3],[49.39,13.3],[49.39,13.3],[49.38,13.3],[49.38,13.3],[49.38,13.3],[49.38,13.3],[49.38,13.3],[49.38,13.3],[49.38,13.3],[49.38,13.3],[49.38,13.3],[49.37,13.3],[49.37,13.3],[49.37,13.3],[49.37,13.3],[49.37,13.3],[49.37,13.3],[49.37,13.3],[49.37,13.3],[49.37,13.3],[49.37,13.3],[49.36,13.3],[49.36,13.3],[49.36,13.3],[49.36,13.3],[49.36,13.3],[49.36,13.3],[49.36,13.3],[49.36,13.3],[49.36,13.3],[49.36,13.3],[49.36,13.3],[49.35,13.3],[49.35,13.3],[49.35,13.3],[49.35,13.3],[49.35,13.3],[49.35,13.3],[49.35,13.3],[49.35,13.3],[49.35,13.3],[49.35,13.3],[49.35,13.3],[49.35,13.3],[49.34,13.3],[49.34,13.3],[49.34,13.3],[49.34,13.3],[49.34,13.3],[49.34,13.3],[49.34,13.3],[49.34,13.3],[49.34,13.3],[49.34,13.3],[49.34,13.3],[49.34,13.3],[49.34,13.3],[49.33,13.3],[49.33,13.3],[49.33,13.3],[49.33,13.3],[49.33,13.3],[49.33,13.3],[49.33,13.3],[49.33,13.3],[49.33,13.3],[49.33,13.3],[49.33,13.3],[49.33,13.3],[49.33,13.3],[49.33,13.3],[49.32,13.3],[49.32,13.3],[49.32,13.3],[49.32,13.3],[49.32,13.3],[49.32,13.3],[49.32,13.3],[49.32,13.3],[49.32,13.3],[49.32,13.3],[49.32,13.3],[49.32,13.3],[49.32,13.3],[49.32,13.3],[49.32,13.3],[49.31,13.3],[49.31,13.3],[49.31,13.3],[49.31,13.3],[49.31,13.3],[49.31,13.3],[49.31,13.3],[49.31,13.29],[49.31,13.29],[49.31,13.29],[49.31,13.29],[49.31,13.29],[49.31,13.29],[49.31,13.29],[49.31,13.29],[49.3,13.29],[49.3,13.29],[49.3,13.29],[49.3,13.29],[49.3,13.29],[49.3,13.29],[49.3,13.29],[49.3,13.29],[49.3,13.29],[49.3,13.29],[49.3,13.29],[49.3,13.29],[49.3,13.29],[49.3,13.29],[49.3,13.29],[49.29,13.28],[49.29,13.28],[49.29,13.28],[49.29,13.28],[49.29,13.28],[49.29,13.28],[49.29,13.28],[49.29,13.28],[49.29,13.28],[49.29,13.28],[49.29,13.28],[49.29,13.28],[49.29,13.28],[49.29,13.28],[49.29,13.28],[49.28,13.28],[49.28,13.28],[49.28,13.28],[49.28,13.27],[49.28,13.27],[49.28,13.27],[49.28,13.27],[49.28,13.27],[49.28,13.27],[49.28,13.27],[49.28,13.27],[49.28,13.27],[49.28,13.27],[49.27,13.27],[49.27,13.27],[49.27,13.26],[49.27,13.26],[49.27,13.26],[49.27,13.26],[49.26,13.26],[49.26,13.25],[49.26,13.25],[49.26,13.25],[49.26,13.25],[49.26,13.25],[49.26,13.25],[49.26,13.25],[49.25,13.25],[49.25,13.25],[49.25,13.24],[49.25,13.24],[49.25,13.24],[49.25,13.24],[49.25,13.24],[49.25,13.24],[49.25,13.24],[49.25,13.24],[49.25,13.24],[49.25,13.24],[49.25,13.24],[49.24,13.24],[49.24,13.24],[49.24,13.24],[49.24,13.24],[49.24,13.24],[49.24,13.24],[49.24,13.24],[49.24,13.24],[49.24,13.23],[49.24,13.23],[49.24,13.23],[49.24,13.23],[49.24,13.23],[49.24,13.23],[49.24,13.23],[49.24,13.23],[49.24,13.23],[49.24,13.23],[49.24,13.23],[49.24,13.23],[49.23,13.23],[49.23,13.23],[49.23,13.23],[49.23,13.23],[49.23,13.23],[49.23,13.23],[49.23,13.23],[49.23,13.23],[49.23,13.23],[49.23,13.23],[49.23,13.23],[49.23,13.23],[49.23,13.23],[49.23,13.23],[49.23,13.23],[49.23,13.22],[49.23,13.22],[49.23,13.22],[49.23,13.22],[49.22,13.22],[49.22,13.22],[49.22,13.22],[49.22,13.22],[49.22,13.22],[49.22,13.22],[49.22,13.22],[49.22,13.22],[49.22,13.22],[49.22,13.22],[49.22,13.22],[49.22,13.22],[49.22,13.22],[49.22,13.22],[49.22,13.22],[49.22,13.22],[49.22,13.22],[49.22,13.22],[49.21,13.22],[49.21,13.22],[49.21,13.22],[49.21,13.22],[49.21,13.22],[49.21,13.22],[49.21,13.22],[49.21,13.22],[49.21,13.21],[49.21,13.21],[49.21,13.21],[49.21,13.21],[49.21,13.21],[49.21,13.21],[49.21,13.21],[49.21,13.21],[49.21,13.21],[49.21,13.21],[49.2,13.21],[49.2,13.21],[49.2,13.21],[49.2,13.21],[49.2,13.21],[49.2,13.21],[49.2,13.21],[49.2,13.21],[49.2,13.21],[49.2,13.21],[49.2,13.21],[49.2,13.21],[49.2,13.21],[49.2,13.21],[49.2,13.21],[49.2,13.21],[49.2,13.21],[49.19,13.21],[49.19,13.21],[49.19,13.21],[49.19,13.21],[49.19,13.21],[49.19,13.21],[49.19,13.21],[49.19,13.21],[49.19,13.21],[49.19,13.21],[49.19,13.2],[49.19,13.2],[49.19,13.2],[49.19,13.2],[49.19,13.2],[49.19,13.2],[49.19,13.2],[49.18,13.2],[49.18,13.2],[49.18,13.2],[49.18,13.2],[49.18,13.2],[49.18,13.2],[49.18,13.2],[49.18,13.2],[49.18,13.2],[49.18,13.2],[49.18,13.2],[49.18,13.2],[49.18,13.2],[49.18,13.2],[49.18,13.2],[49.18,13.2],[49.17,13.2],[49.17,13.2],[49.17,13.2],[49.17,13.2],[49.17,13.2],[49.17,13.2],[49.17,13.2],[49.17,13.2],[49.17,13.2],[49.17,13.2],[49.17,13.2],[49.17,13.2],[49.17,13.2],[49.17,13.2],[49.17,13.2],[49.17,13.2],[49.16,13.2],[49.16,13.2],[49.16,13.2],[49.16,13.2],[49.16,13.2],[49.16,13.2],[49.16,13.2],[49.16,13.2],[49.16,13.2],[49.16,13.2],[49.16,13.19],[49.16,13.19],[49.16,13.19],[49.16,13.19],[49.16,13.19],[49.15,13.19],[49.15,13.19],[49.15,13.19],[49.15,13.19],[49.15,13.19],[49.15,13.19],[49.15,13.19],[49.15,13.19],[49.15,13.19],[49.15,13.19],[49.15,13.19],[49.15,13.19],[49.15,13.19],[49.15,13.19],[49.15,13.19],[49.14,13.19],[49.14,13.19],[49.14,13.19],[49.14,13.19],[49.14,13.19],[49.14,13.19],[49.14,13.19],[49.14,13.19],[49.14,13.19],[49.14,13.19],[49.14,13.19],[49.14,13.19],[49.14,13.19],[49.14,13.19],[49.14,13.19],[49.13,13.19],[49.13,13.19],[49.13,13.19],[49.13,13.19],[49.13,13.19],[49.13,13.19],[49.13,13.19],[49.13,13.19],[49.13,13.19],[49.13,13.19],[49.13,13.19],[49.12,13.19],[49.12,13.19],[49.12,13.19],[49.12,13.19],[49.12,13.19],[49.12,13.19],[49.12,13.19],[49.11,13.19],[49.11,13.19],[49.11,13.19],[49.11,13.19],[49.11,13.19],[49.11,13.19],[49.1,13.19],[49.1,13.19],[49.1,13.19],[49.1,13.19],[49.1,13.19],[49.1,13.19],[49.1,13.19],[49.09,13.19],[49.09,13.19],[49.09,13.19],[49.09,13.19],[49.09,13.19],[49.09,13.19],[49.09,13.19],[49.08,13.19],[49.08,13.19],[49.08,13.19],[49.08,13.19],[49.08,13.19],[49.08,13.19],[49.07,13.19],[49.07,13.19],[49.07,13.19],[49.07,13.19],[49.07,13.19],[49.07,13.19],[49.06,13.19],[49.06,13.19],[49.06,13.19],[49.06,13.19],[49.06,13.19],[49.06,13.19],[49.06,13.19],[49.05,13.19],[49.05,13.19],[49.05,13.19],[49.05,13.19],[49.05,13.19],[49.05,13.19],[49.05,13.19],[49.04,13.19],[49.04,13.19],[49.04,13.19],[49.04,13.19],[49.04,13.19],[49.04,13.19],[49.04,13.19],[49.03,13.19],[49.03,13.19],[49.03,13.19],[49.03,13.19],[49.03,13.19],[49.03,13.19],[49.02,13.19],[49.02,13.19],[49.02,13.19],[49.02,13.19],[49.02,13.19],[49.02,13.19],[49.02,13.19],[49.01,13.19],[49.01,13.19],[49.01,13.19],[49.01,13.2],[49.01,13.2],[49.01,13.2],[49,13.2],[49,13.2],[49,13.2],[49,13.2],[49,13.2],[49,13.2],[48.99,13.2],[48.99,13.2],[48.99,13.2],[48.99,13.2],[48.99,13.2],[48.99,13.2],[48.98,13.2],[48.98,13.2],[48.98,13.2],[48.98,13.2],[48.98,13.2],[48.98,13.2],[48.97,13.2],[48.97,13.2],[48.97,13.2],[48.97,13.2],[48.97,13.2],[48.96,13.2],[48.96,13.21],[48.96,13.21],[48.96,13.21],[48.96,13.21],[48.96,13.21],[48.95,13.21],[48.95,13.21],[48.95,13.21],[48.95,13.21],[48.95,13.21],[48.95,13.21],[48.94,13.21],[48.94,13.21],[48.94,13.21],[48.94,13.21],[48.94,13.21],[48.94,13.21],[48.93,13.21],[48.93,13.21],[48.93,13.21],[48.93,13.21],[48.93,13.21],[48.93,13.21],[48.92,13.21],[48.92,13.22],[48.92,13.22],[48.92,13.22],[48.92,13.22],[48.91,13.22],[48.91,13.22],[48.91,13.22],[48.91,13.22],[48.91,13.22],[48.9,13.22],[48.9,13.22],[48.9,13.22],[48.89,13.22],[48.89,13.22],[48.88,13.23],[48.88,13.23],[48.88,13.23],[48.87,13.23],[48.87,13.23],[48.86,13.23],[48.86,13.23],[48.85,13.24],[48.84,13.24],[48.83,13.24],[48.82,13.24],[48.82,13.25],[48.82,13.25],[48.81,13.25],[48.81,13.25],[48.81,13.25],[48.8,13.25],[48.8,13.25],[48.8,13.25],[48.8,13.25],[48.79,13.25],[48.79,13.25],[48.79,13.26],[48.78,13.26],[48.78,13.26],[48.78,13.26],[48.77,13.26],[48.77,13.26],[48.77,13.26],[48.77,13.26],[48.76,13.26],[48.76,13.26],[48.76,13.26],[48.76,13.26],[48.75,13.26],[48.75,13.27],[48.75,13.27],[48.75,13.27],[48.75,13.27],[48.74,13.27],[48.74,13.27],[48.74,13.27],[48.74,13.27],[48.74,13.27],[48.74,13.27],[48.73,13.27],[48.73,13.27],[48.73,13.27],[48.73,13.27],[48.73,13.27],[48.73,13.27],[48.73,13.27],[48.72,13.27],[48.72,13.27],[48.72,13.27],[48.72,13.27],[48.72,13.27],[48.72,13.27],[48.72,13.27],[48.71,13.27],[48.71,13.27],[48.71,13.27],[48.71,13.28],[48.71,13.28],[48.71,13.28],[48.71,13.28],[48.7,13.28],[48.7,13.28],[48.7,13.28],[48.7,13.28],[48.7,13.28],[48.7,13.28],[48.7,13.28],[48.69,13.28],[48.69,13.28],[48.69,13.28],[48.69,13.28],[48.69,13.28],[48.69,13.28],[48.69,13.28],[48.69,13.28],[48.68,13.28],[48.68,13.28],[48.68,13.28],[48.68,13.28],[48.68,13.28],[48.68,13.28],[48.68,13.28],[48.67,13.28],[48.67,13.28],[48.67,13.28],[48.67,13.28],[48.67,13.28],[48.67,13.28],[48.67,13.28],[48.67,13.28],[48.66,13.28],[48.66,13.28],[48.66,13.28],[48.66,13.28],[48.66,13.28],[48.66,13.29],[48.66,13.29],[48.65,13.29],[48.65,13.29],[48.65,13.29],[48.65,13.29],[48.65,13.29],[48.65,13.29],[48.65,13.29],[48.64,13.29],[48.64,13.29],[48.64,13.29],[48.64,13.29],[48.64,13.29],[48.64,13.29],[48.64,13.29],[48.63,13.29],[48.63,13.29],[48.63,13.29],[48.63,13.29],[48.63,13.29],[48.63,13.29],[48.63,13.29],[48.62,13.29],[48.62,13.29],[48.62,13.29],[48.62,13.29],[48.62,13.29],[48.62,13.29],[48.62,13.29],[48.61,13.29],[48.61,13.29],[48.61,13.29],[48.61,13.29],[48.61,13.29],[48.61,13.29],[48.61,13.29],[48.6,13.29],[48.6,13.29],[48.6,13.29],[48.6,13.29],[48.6,13.29],[48.6,13.29],[48.6,13.29],[48.6,13.29],[48.59,13.29],[48.59,13.29],[48.59,13.29],[48.59,13.29],[48.59,13.29],[48.59,13.29],[48.59,13.29],[48.58,13.29],[48.58,13.29],[48.58,13.29],[48.58,13.29],[48.58,13.29],[48.58,13.29],[48.58,13.29],[48.58,13.29],[48.57,13.29],[48.57,13.29],[48.57,13.29],[48.57,13.29],[48.57,13.29],[48.57,13.29],[48.57,13.29],[48.57,13.29],[48.56,13.29],[48.56,13.29],[48.56,13.29],[48.56,13.29],[48.56,13.29],[48.56,13.29],[48.56,13.29],[48.56,13.29],[48.55,13.29],[48.55,13.29],[48.55,13.29],[48.55,13.29],[48.55,13.29],[48.55,13.29],[48.55,13.29],[48.55,13.29],[48.54,13.29],[48.54,13.29],[48.54,13.29],[48.54,13.29],[48.54,13.29],[48.54,13.29],[48.54,13.29],[48.54,13.29],[48.53,13.29],[48.53,13.29],[48.53,13.29],[48.53,13.29],[48.53,13.29],[48.53,13.29],[48.53,13.29],[48.53,13.29],[48.53,13.29],[48.52,13.29],[48.52,13.29],[48.52,13.29],[48.52,13.29],[48.52,13.28],[48.52,13.28],[48.52,13.28],[48.52,13.28],[48.51,13.28],[48.51,13.28],[48.51,13.28],[48.51,13.28],[48.51,13.28],[48.51,13.28],[48.51,13.28],[48.51,13.28],[48.51,13.28],[48.5,13.28],[48.5,13.28],[48.5,13.28],[48.5,13.28],[48.5,13.28],[48.5,13.28],[48.5,13.28],[48.5,13.28],[48.5,13.28],[48.49,13.28],[48.49,13.28],[48.49,13.28],[48.49,13.28],[48.49,13.28],[48.49,13.28],[48.49,13.28],[48.49,13.28],[48.49,13.28],[48.49,13.28],[48.49,13.28],[48.49,13.28],[48.49,13.28],[48.48,13.28],[48.48,13.27],[48.48,13.27],[48.48,13.27],[48.48,13.27],[48.48,13.27],[48.48,13.27],[48.48,13.27],[48.48,13.27],[48.47,13.27],[48.47,13.27],[48.47,13.27],[48.47,13.27],[48.47,13.27],[48.47,13.27],[48.46,13.27],[48.46,13.27],[48.46,13.27],[48.46,13.27],[48.46,13.27],[48.46,13.26],[48.45,13.26],[48.45,13.26],[48.45,13.26],[48.45,13.26],[48.45,13.26],[48.44,13.26],[48.44,13.26],[48.44,13.26],[48.44,13.26],[48.44,13.26],[48.44,13.26],[48.43,13.25],[48.43,13.25],[48.43,13.25],[48.43,13.25],[48.43,13.25],[48.42,13.25],[48.42,13.25],[48.42,13.25],[48.42,13.25],[48.42,13.25],[48.41,13.25],[48.41,13.24],[48.41,13.24],[48.41,13.24],[48.41,13.24],[48.4,13.24],[48.4,13.24],[48.4,13.24],[48.4,13.24],[48.4,13.24],[48.39,13.24],[48.39,13.23],[48.39,13.23],[48.38,13.23],[48.38,13.23],[48.37,13.22],[48.36,13.22],[48.36,13.22],[48.36,13.22],[48.35,13.22],[48.35,13.21],[48.35,13.21],[48.35,13.21],[48.34,13.21],[48.34,13.21],[48.34,13.21],[48.34,13.21],[48.34,13.21],[48.34,13.21],[48.33,13.21],[48.33,13.21],[48.33,13.2],[48.33,13.2],[48.33,13.2],[48.33,13.2],[48.32,13.2],[48.32,13.2],[48.32,13.2],[48.32,13.2],[48.32,13.2],[48.32,13.2],[48.31,13.2],[48.31,13.2],[48.31,13.2],[48.31,13.19],[48.31,13.19],[48.3,13.19],[48.3,13.19],[48.3,13.19],[48.3,13.19],[48.3,13.19],[48.3,13.19],[48.29,13.19],[48.29,13.19],[48.29,13.19],[48.29,13.19],[48.29,13.19],[48.29,13.18],[48.28,13.18],[48.28,13.18],[48.28,13.18],[48.28,13.18],[48.28,13.18],[48.28,13.18],[48.27,13.18],[48.27,13.18],[48.27,13.18],[48.27,13.18],[48.27,13.18],[48.27,13.18],[48.27,13.18],[48.27,13.18],[48.27,13.18],[48.26,13.18],[48.26,13.18],[48.26,13.18],[48.26,13.18],[48.26,13.18],[48.26,13.18],[48.26,13.18],[48.26,13.18],[48.26,13.18],[48.26,13.18],[48.26,13.18],[48.26,13.17],[48.26,13.17],[48.26,13.17],[48.26,13.17],[48.25,13.17],[48.25,13.17],[48.25,13.17],[48.25,13.17],[48.25,13.17],[48.25,13.17],[48.25,13.17],[48.25,13.17],[48.25,13.17],[48.25,13.17],[48.25,13.17],[48.25,13.17],[48.25,13.17],[48.25,13.17],[48.25,13.17],[48.24,13.17],[48.24,13.17],[48.24,13.17],[48.24,13.17],[48.24,13.17],[48.24,13.17],[48.24,13.17],[48.24,13.17],[48.24,13.17],[48.24,13.17],[48.24,13.17],[48.24,13.17],[48.24,13.17],[48.23,13.17],[48.23,13.17],[48.23,13.17],[48.23,13.17],[48.23,13.17],[48.23,13.17],[48.23,13.17],[48.23,13.17],[48.23,13.17],[48.23,13.17],[48.23,13.17],[48.22,13.17],[48.22,13.17],[48.22,13.17],[48.22,13.17],[48.22,13.17],[48.22,13.17],[48.22,13.17],[48.21,13.17],[48.21,13.17],[48.21,13.17],[48.21,13.17],[48.21,13.16],[48.21,13.16],[48.2,13.16],[48.2,13.16],[48.2,13.16],[48.2,13.16],[48.2,13.16],[48.2,13.16],[48.19,13.16],[48.19,13.16],[48.19,13.16],[48.19,13.16],[48.19,13.16],[48.19,13.16],[48.18,13.16],[48.18,13.16],[48.18,13.16],[48.17,13.16],[48.17,13.16],[48.16,13.16],[48.16,13.16],[48.16,13.16],[48.15,13.16],[48.15,13.16],[48.15,13.16],[48.14,13.16],[48.14,13.16],[48.14,13.16],[48.14,13.16],[48.14,13.16],[48.14,13.16],[48.14,13.16],[48.14,13.16],[48.13,13.16],[48.13,13.16],[48.13,13.16],[48.13,13.16],[48.13,13.16],[48.13,13.16],[48.13,13.16],[48.13,13.16],[48.12,13.16],[48.12,13.16],[48.12,13.16],[48.12,13.16],[48.12,13.16],[48.12,13.16],[48.12,13.16],[48.11,13.15],[48.11,13.15],[48.11,13.15],[48.11,13.15],[48.11,13.15],[48.11,13.15],[48.11,13.15],[48.11,13.15],[48.1,13.15],[48.1,13.15],[48.1,13.15],[48.1,13.15],[48.1,13.15],[48.1,13.15],[48.1,13.15],[48.1,13.15],[48.1,13.15],[48.09,13.15],[48.09,13.15],[48.09,13.15],[48.09,13.15],[48.09,13.15],[48.09,13.15],[48.09,13.15],[48.09,13.15],[48.09,13.15],[48.08,13.15],[48.08,13.15],[48.08,13.15],[48.08,13.15],[48.08,13.15],[48.08,13.15],[48.08,13.15],[48.08,13.15],[48.08,13.15],[48.08,13.15],[48.08,13.15],[48.08,13.15],[48.08,13.15],[48.08,13.15],[48.08,13.15],[48.08,13.15],[48.07,13.15],[48.07,13.15],[48.07,13.15],[48.07,13.15],[48.07,13.15],[48.07,13.14],[48.07,13.14],[48.07,13.14],[48.07,13.14],[48.07,13.14],[48.07,13.14],[48.07,13.14],[48.07,13.14],[48.07,13.14],[48.07,13.14],[48.07,13.14],[48.06,13.14],[48.06,13.14],[48.06,13.14],[48.06,13.14],[48.06,13.14],[48.06,13.14],[48.06,13.14],[48.06,13.14],[48.06,13.14],[48.06,13.14],[48.06,13.14],[48.06,13.14],[48.06,13.14],[48.06,13.14],[48.06,13.14],[48.06,13.14],[48.06,13.14],[48.06,13.14],[48.05,13.14],[48.05,13.14],[48.05,13.14],[48.05,13.14],[48.05,13.14],[48.05,13.14],[48.05,13.14],[48.05,13.14],[48.05,13.14],[48.05,13.14],[48.05,13.14],[48.05,13.14],[48.05,13.14],[48.05,13.14],[48.05,13.14],[48.05,13.13],[48.05,13.13],[48.05,13.13],[48.05,13.13],[48.05,13.13],[48.04,13.13],[48.04,13.13],[48.04,13.13],[48.04,13.13],[48.04,13.13],[48.04,13.13],[48.04,13.13],[48.04,13.13],[48.04,13.13],[48.04,13.13],[48.04,13.13],[48.04,13.13],[48.04,13.13],[48.04,13.13],[48.04,13.13],[48.04,13.13],[48.04,13.13],[48.04,13.13],[48.04,13.13],[48.04,13.13],[48.04,13.13],[48.03,13.13],[48.03,13.13],[48.03,13.13],[48.03,13.13],[48.03,13.13],[48.03,13.13],[48.03,13.13],[48.03,13.13],[48.03,13.12],[48.03,13.12],[48.03,13.12],[48.03,13.12],[48.03,13.12],[48.03,13.12],[48.03,13.12],[48.03,13.12],[48.03,13.12],[48.03,13.12],[48.03,13.12],[48.03,13.12],[48.03,13.12],[48.03,13.12],[48.03,13.12],[48.02,13.12],[48.02,13.12],[48.02,13.12],[48.02,13.12],[48.02,13.12],[48.02,13.12],[48.02,13.12],[48.02,13.12],[48.02,13.12],[48.02,13.12],[48.02,13.12],[48.02,13.12],[48.02,13.12],[48.02,13.12],[48.02,13.11],[48.02,13.11],[48.02,13.11],[48.02,13.11],[48.02,13.11],[48.02,13.11],[48.02,13.11],[48.02,13.11],[48.02,13.11],[48.02,13.11],[48.02,13.11],[48.02,13.11],[48.01,13.11],[48.01,13.11],[48.01,13.11],[48.01,13.11],[48.01,13.11],[48.01,13.11],[48.01,13.11],[48.01,13.11],[48.01,13.11],[48.01,13.11],[48.01,13.1],[48.01,13.1],[48.01,13.1],[48.01,13.1],[48.01,13.1],[48.01,13.1],[48.01,13.1],[48.01,13.1],[48.01,13.1],[48.01,13.1],[48.01,13.1],[48.01,13.1],[48.01,13.1],[48.01,13.1],[48.01,13.1],[48,13.1],[48,13.1],[48,13.1],[48,13.1],[48,13.09],[48,13.09],[48,13.09],[48,13.09],[48,13.09],[48,13.09],[48,13.09],[48,13.09],[48,13.09],[48,13.09],[48,13.08],[48,13.08],[47.99,13.08],[47.99,13.08],[47.99,13.07],[47.99,13.07],[47.99,13.07],[47.99,13.07],[47.99,13.07],[47.99,13.07],[47.99,13.07],[47.99,13.07],[47.98,13.07],[47.98,13.07],[47.98,13.06],[47.98,13.06],[47.98,13.06],[47.98,13.06],[47.98,13.06],[47.98,13.06],[47.98,13.06],[47.98,13.06],[47.98,13.06],[47.98,13.06],[47.98,13.06],[47.98,13.06],[47.98,13.06],[47.98,13.06],[47.98,13.06],[47.98,13.06],[47.98,13.06],[47.98,13.06],[47.98,13.06],[47.98,13.05],[47.98,13.05],[47.98,13.05],[47.97,13.05],[47.97,13.05],[47.97,13.05],[47.97,13.05],[47.97,13.05],[47.97,13.05],[47.97,13.05],[47.97,13.05],[47.97,13.05],[47.97,13.05],[47.97,13.05],[47.97,13.05],[47.97,13.05],[47.97,13.05],[47.97,13.05],[47.97,13.05],[47.97,13.04],[47.97,13.04],[47.97,13.04],[47.96,13.04],[47.96,13.04],[47.96,13.04],[47.96,13.04],[47.96,13.04],[47.96,13.04],[47.96,13.04],[47.96,13.04],[47.96,13.04],[47.96,13.03],[47.96,13.03],[47.96,13.03],[47.95,13.03],[47.95,13.03],[47.95,13.03],[47.95,13.03],[47.95,13.03],[47.95,13.03],[47.95,13.03],[47.95,13.03],[47.95,13.03],[47.95,13.02],[47.95,13.02],[47.95,13.02],[47.94,13.02],[47.94,13.02],[47.94,13.02],[47.94,13.02],[47.94,13.02],[47.94,13.02],[47.94,13.02],[47.94,13.02],[47.94,13.02],[47.94,13.02],[47.94,13.01],[47.93,13.01],[47.93,13.01],[47.93,13.01],[47.93,13.01],[47.93,13.01],[47.93,13.01],[47.93,13.01],[47.93,13.01],[47.93,13.01],[47.93,13.01],[47.92,13.01],[47.92,13.01],[47.92,13],[47.92,13],[47.92,13],[47.92,13],[47.92,13],[47.92,13],[47.92,13],[47.92,13],[47.91,13],[47.91,13],[47.91,13],[47.91,13],[47.91,13],[47.91,13],[47.91,12.99],[47.91,12.99],[47.91,12.99],[47.91,12.99],[47.9,12.99],[47.9,12.99],[47.9,12.99],[47.9,12.99],[47.9,12.99],[47.9,12.99],[47.9,12.99],[47.9,12.99],[47.9,12.99],[47.9,12.99],[47.89,12.98],[47.89,12.98],[47.89,12.98],[47.89,12.98],[47.89,12.98],[47.89,12.98],[47.89,12.98],[47.89,12.98],[47.89,12.98],[47.88,12.98],[47.88,12.98],[47.88,12.98],[47.88,12.98],[47.88,12.98],[47.88,12.98],[47.88,12.97],[47.88,12.97],[47.87,12.97],[47.87,12.97],[47.87,12.97],[47.87,12.97],[47.87,12.97],[47.87,12.97],[47.87,12.97],[47.87,12.97],[47.87,12.97],[47.86,12.97],[47.86,12.97],[47.86,12.97],[47.86,12.97],[47.86,12.97],[47.86,12.96],[47.86,12.96],[47.86,12.96],[47.85,12.96],[47.85,12.96],[47.85,12.96],[47.85,12.96],[47.85,12.96],[47.85,12.96],[47.85,12.96],[47.85,12.96],[47.84,12.96],[47.84,12.96],[47.84,12.96],[47.84,12.96],[47.84,12.96],[47.84,12.96],[47.84,12.95],[47.84,12.95],[47.83,12.95],[47.83,12.95],[47.83,12.95],[47.83,12.95],[47.83,12.95],[47.83,12.95],[47.83,12.95],[47.83,12.95],[47.82,12.95],[47.82,12.95],[47.82,12.95],[47.82,12.95],[47.82,12.95],[47.82,12.95],[47.82,12.95],[47.82,12.95],[47.81,12.94],[47.81,12.94],[47.81,12.94],[47.81,12.94],[47.81,12.94],[47.81,12.94],[47.81,12.94],[47.8,12.94],[47.8,12.94],[47.8,12.94],[47.8,12.94],[47.8,12.94],[47.8,12.94],[47.8,12.94],[47.79,12.94],[47.79,12.94],[47.79,12.94],[47.79,12.94],[47.79,12.94],[47.79,12.94],[47.79,12.93],[47.79,12.93],[47.78,12.93],[47.78,12.93],[47.78,12.93],[47.78,12.93],[47.78,12.93],[47.78,12.93],[47.78,12.93],[47.77,12.93],[47.77,12.93],[47.77,12.93],[47.77,12.93],[47.77,12.93],[47.77,12.93],[47.77,12.93],[47.76,12.93],[47.76,12.93],[47.76,12.93],[47.76,12.93],[47.76,12.93],[47.76,12.92],[47.76,12.92],[47.75,12.92],[47.75,12.92],[47.75,12.92],[47.75,12.92],[47.75,12.92],[47.75,12.92],[47.74,12.92],[47.74,12.92],[47.74,12.92],[47.74,12.92],[47.74,12.92],[47.74,12.92],[47.74,12.92],[47.73,12.92],[47.73,12.92],[47.73,12.92],[47.73,12.92],[47.73,12.92],[47.73,12.92],[47.73,12.92],[47.72,12.92],[47.72,12.92],[47.72,12.92],[47.72,12.91],[47.72,12.91],[47.72,12.91],[47.71,12.91],[47.71,12.91],[47.71,12.91],[47.71,12.91],[47.71,12.91],[47.71,12.91],[47.71,12.91],[47.7,12.91],[47.7,12.91],[47.7,12.91],[47.7,12.91],[47.7,12.91],[47.7,12.91],[47.69,12.91],[47.69,12.91],[47.69,12.91],[47.69,12.91],[47.69,12.91],[47.69,12.91],[47.69,12.91],[47.68,12.91],[47.68,12.91],[47.68,12.91],[47.68,12.91],[47.68,12.91],[47.68,12.91],[47.67,12.91],[47.67,12.9],[47.67,12.9],[47.67,12.9],[47.67,12.9],[47.67,12.9],[47.66,12.9],[47.66,12.9],[47.66,12.9],[47.66,12.9],[47.66,12.9],[47.66,12.9],[47.66,12.9],[47.66,12.9],[47.65,12.9],[47.65,12.9],[47.65,12.9],[47.65,12.9],[47.65,12.9],[47.65,12.9],[47.65,12.9],[47.65,12.9],[47.65,12.9],[47.65,12.9],[47.65,12.9],[47.65,12.9],[47.65,12.9],[47.64,12.9],[47.64,12.9],[47.64,12.9],[47.64,12.9],[47.64,12.9],[47.64,12.9],[47.64,12.9],[47.64,12.9],[47.64,12.9],[47.64,12.9],[47.64,12.9],[47.64,12.9],[47.64,12.9],[47.63,12.9],[47.63,12.9],[47.63,12.9],[47.63,12.9],[47.63,12.9],[47.63,12.9],[47.63,12.9],[47.63,12.9],[47.63,12.9],[47.63,12.9],[47.63,12.9],[47.63,12.9],[47.62,12.9],[47.62,12.9],[47.62,12.9],[47.62,12.9],[47.62,12.9],[47.62,12.9],[47.62,12.9],[47.62,12.9],[47.61,12.9],[47.61,12.9],[47.61,12.9],[47.61,12.9],[47.6,12.9],[47.6,12.9],[47.6,12.9],[47.59,12.9],[47.59,12.9],[47.59,12.9],[47.59,12.9],[47.59,12.9],[47.59,12.9],[47.59,12.9],[47.59,12.9],[47.58,12.9],[47.58,12.9],[47.58,12.9],[47.58,12.9],[47.58,12.9],[47.58,12.9],[47.58,12.9],[47.58,12.9],[47.58,12.9],[47.57,12.9],[47.57,12.9],[47.57,12.9],[47.57,12.9],[47.57,12.9],[47.57,12.9],[47.57,12.9],[47.57,12.9],[47.57,12.9],[47.57,12.9],[47.56,12.9],[47.56,12.9],[47.56,12.9],[47.56,12.9],[47.56,12.9],[47.56,12.9],[47.56,12.9],[47.56,12.9],[47.56,12.9],[47.56,12.9],[47.56,12.9],[47.56,12.9],[47.56,12.9],[47.56,12.9],[47.56,12.9],[47.56,12.9],[47.56,12.9],[47.56,12.9],[47.55,12.9],[47.55,12.9],[47.55,12.9],[47.55,12.9],[47.55,12.9],[47.55,12.9],[47.55,12.9],[47.55,12.9],[47.55,12.9],[47.55,12.9],[47.55,12.9],[47.55,12.9],[47.55,12.9],[47.55,12.9],[47.55,12.9],[47.55,12.9],[47.55,12.9],[47.55,12.9],[47.55,12.9],[47.54,12.9],[47.54,12.9],[47.54,12.9],[47.54,12.9],[47.54,12.9],[47.54,12.9],[47.54,12.9],[47.54,12.9],[47.54,12.9],[47.54,12.9],[47.54,12.9],[47.54,12.9],[47.54,12.9],[47.54,12.9],[47.54,12.9],[47.54,12.9],[47.54,12.9],[47.54,12.9],[47.54,12.9],[47.54,12.9],[47.54,12.9],[47.53,12.9],[47.53,12.9],[47.53,12.89],[47.53,12.89],[47.53,12.89],[47.53,12.89],[47.53,12.89],[47.53,12.89],[47.53,12.89],[47.53,12.89],[47.53,12.89],[47.53,12.89],[47.53,12.89],[47.53,12.89],[47.53,12.89],[47.53,12.89],[47.53,12.89],[47.52,12.89],[47.52,12.89],[47.52,12.89],[47.52,12.89],[47.52,12.89],[47.52,12.89],[47.52,12.89],[47.52,12.89],[47.52,12.89],[47.52,12.89],[47.52,12.89],[47.52,12.89],[47.52,12.89],[47.52,12.89],[47.52,12.89],[47.51,12.89],[47.51,12.89],[47.51,12.88],[47.51,12.88],[47.51,12.88],[47.51,12.88],[47.51,12.88],[47.51,12.88],[47.51,12.88],[47.51,12.88],[47.51,12.88],[47.51,12.88],[47.51,12.88],[47.51,12.88],[47.51,12.88],[47.5,12.88],[47.5,12.88],[47.5,12.88],[47.5,12.88],[47.5,12.88],[47.5,12.88],[47.5,12.88],[47.5,12.87],[47.5,12.87],[47.49,12.87],[47.49,12.87],[47.49,12.87],[47.49,12.87],[47.48,12.87],[47.48,12.86],[47.48,12.86],[47.48,12.86],[47.48,12.86],[47.48,12.86],[47.48,12.86],[47.48,12.86],[47.48,12.86],[47.48,12.86],[47.47,12.86],[47.47,12.86],[47.47,12.86],[47.47,12.86],[47.47,12.86],[47.47,12.86],[47.47,12.86],[47.47,12.86],[47.47,12.86],[47.47,12.86],[47.47,12.85],[47.47,12.85],[47.47,12.85],[47.47,12.85],[47.47,12.85],[47.47,12.85],[47.47,12.85],[47.46,12.85],[47.46,12.85],[47.46,12.85],[47.46,12.85],[47.46,12.85],[47.46,12.85],[47.46,12.85],[47.46,12.85],[47.46,12.85],[47.46,12.85],[47.46,12.85],[47.46,12.85],[47.46,12.85],[47.46,12.85],[47.46,12.85],[47.46,12.85],[47.46,12.85],[47.46,12.85],[47.46,12.85],[47.46,12.85],[47.45,12.85],[47.45,12.85],[47.45,12.85],[47.45,12.85],[47.45,12.85],[47.45,12.85],[47.45,12.85],[47.45,12.85],[47.45,12.85],[47.45,12.84],[47.45,12.84],[47.45,12.84],[47.45,12.84],[47.45,12.84],[47.45,12.84],[47.45,12.84],[47.45,12.84],[47.44,12.84],[47.44,12.84],[47.44,12.84],[47.44,12.84],[47.44,12.84],[47.44,12.84],[47.44,12.84],[47.44,12.84],[47.44,12.84],[47.44,12.84],[47.44,12.84],[47.44,12.84],[47.44,12.84],[47.44,12.84],[47.44,12.84],[47.44,12.84],[47.44,12.84],[47.43,12.84],[47.43,12.84],[47.43,12.84],[47.43,12.84],[47.43,12.84],[47.43,12.84],[47.43,12.84],[47.43,12.84],[47.43,12.84],[47.43,12.84],[47.43,12.84],[47.43,12.84],[47.43,12.84],[47.43,12.84],[47.43,12.84],[47.42,12.84],[47.42,12.84],[47.42,12.84],[47.42,12.84],[47.42,12.84],[47.42,12.84],[47.42,12.83],[47.42,12.83],[47.42,12.83],[47.42,12.83],[47.42,12.83],[47.42,12.83],[47.42,12.83],[47.42,12.83],[47.42,12.83],[47.42,12.83],[47.41,12.83],[47.41,12.83],[47.41,12.83],[47.41,12.83],[47.41,12.83],[47.41,12.83],[47.41,12.83],[47.41,12.83],[47.41,12.83],[47.41,12.83],[47.41,12.83],[47.41,12.83],[47.41,12.83],[47.41,12.83],[47.4,12.83],[47.4,12.83],[47.4,12.83],[47.4,12.83],[47.4,12.83],[47.4,12.83],[47.4,12.83],[47.4,12.83],[47.4,12.83],[47.4,12.83],[47.4,12.83],[47.4,12.83],[47.4,12.83],[47.4,12.83],[47.4,12.83],[47.39,12.83],[47.39,12.83],[47.39,12.83],[47.39,12.83],[47.39,12.83],[47.39,12.83],[47.39,12.83],[47.39,12.83],[47.39,12.83],[47.39,12.83],[47.39,12.83],[47.39,12.83],[47.39,12.83],[47.38,12.83],[47.38,12.83],[47.38,12.83],[47.38,12.83],[47.38,12.83],[47.38,12.83],[47.38,12.83],[47.38,12.83],[47.38,12.83],[47.38,12.83],[47.38,12.83],[47.37,12.83],[47.37,12.83],[47.37,12.83],[47.37,12.83],[47.37,12.83],[47.37,12.83],[47.37,12.83],[47.36,12.83],[47.36,12.83],[47.36,12.83],[47.36,12.83],[47.36,12.83],[47.36,12.83],[47.36,12.83],[47.35,12.83],[47.35,12.83],[47.35,12.83],[47.35,12.83],[47.35,12.83],[47.35,12.83],[47.34,12.83],[47.34,12.83],[47.34,12.83],[47.34,12.83],[47.34,12.83],[47.34,12.83],[47.33,12.83],[47.33,12.83],[47.33,12.83],[47.33,12.83],[47.33,12.83],[47.33,12.83],[47.32,12.83],[47.32,12.83],[47.32,12.83],[47.32,12.83],[47.32,12.83],[47.31,12.83],[47.31,12.83],[47.31,12.83],[47.31,12.83],[47.31,12.83],[47.31,12.83],[47.3,12.83],[47.3,12.83],[47.3,12.83],[47.3,12.83],[47.3,12.83],[47.29,12.83],[47.29,12.83],[47.29,12.83],[47.29,12.83],[47.29,12.83],[47.29,12.83],[47.28,12.83],[47.28,12.83],[47.28,12.83],[47.28,12.83],[47.28,12.83],[47.27,12.83],[47.27,12.83],[47.26,12.83],[47.25,12.83],[47.25,12.83],[47.25,12.83],[47.24,12.83],[47.24,12.83],[47.24,12.83],[47.23,12.83],[47.23,12.83],[47.23,12.83],[47.22,12.83],[47.22,12.83],[47.22,12.83],[47.22,12.83],[47.21,12.83],[47.21,12.83],[47.21,12.83],[47.21,12.83],[47.21,12.83],[47.21,12.83],[47.21,12.83],[47.2,12.83],[47.2,12.83],[47.2,12.83],[47.2,12.83],[47.2,12.83],[47.2,12.83],[47.19,12.83],[47.19,12.83],[47.19,12.83],[47.19,12.83],[47.19,12.83],[47.19,12.83],[47.19,12.83],[47.18,12.83],[47.18,12.83],[47.18,12.83],[47.18,12.83],[47.18,12.83],[47.18,12.83],[47.18,12.83],[47.18,12.83],[47.17,12.83],[47.17,12.83],[47.17,12.83],[47.17,12.83],[47.17,12.83],[47.17,12.83],[47.17,12.83],[47.16,12.83],[47.16,12.83],[47.16,12.83],[47.16,12.83],[47.16,12.83],[47.16,12.83],[47.16,12.83],[47.15,12.83],[47.15,12.83],[47.15,12.83],[47.15,12.83],[47.15,12.83],[47.15,12.83],[47.14,12.83],[47.14,12.83],[47.14,12.83],[47.14,12.83],[47.14,12.83],[47.14,12.83],[47.14,12.83],[47.13,12.83],[47.13,12.83],[47.13,12.83],[47.13,12.83],[47.13,12.83],[47.13,12.83],[47.13,12.83],[47.12,12.83],[47.12,12.83],[47.12,12.83],[47.12,12.83],[47.12,12.83],[47.12,12.83],[47.12,12.83],[47.12,12.83],[47.11,12.83],[47.11,12.83],[47.11,12.83],[47.11,12.83],[47.11,12.83],[47.11,12.83],[47.11,12.82],[47.1,12.82],[47.1,12.82],[47.1,12.82],[47.1,12.82],[47.1,12.82],[47.1,12.82],[47.1,12.82],[47.1,12.82],[47.1,12.82],[47.1,12.82],[47.1,12.82],[47.1,12.82],[47.09,12.82],[47.09,12.82],[47.09,12.82],[47.09,12.82],[47.09,12.82],[47.09,12.82],[47.09,12.82],[47.09,12.82],[47.09,12.82],[47.09,12.82],[47.09,12.82],[47.09,12.82],[47.09,12.82],[47.09,12.82],[47.09,12.82],[47.09,12.82],[47.09,12.82],[47.08,12.82],[47.08,12.82],[47.08,12.82],[47.08,12.82],[47.08,12.82],[47.08,12.82],[47.08,12.82],[47.08,12.82],[47.08,12.82],[47.08,12.82],[47.08,12.82],[47.08,12.82],[47.08,12.82],[47.08,12.82],[47.07,12.82],[47.07,12.81],[47.07,12.81],[47.07,12.81],[47.07,12.81],[47.07,12.81],[47.07,12.81],[47.06,12.81],[47.06,12.81],[47.06,12.81],[47.06,12.81],[47.06,12.81],[47.06,12.81],[47.06,12.81],[47.05,12.81],[47.05,12.81],[47.05,12.81],[47.05,12.81],[47.05,12.8],[47.05,12.8],[47.05,12.8],[47.04,12.8],[47.04,12.8],[47.04,12.8],[47.04,12.8],[47.04,12.8],[47.04,12.8],[47.04,12.8],[47.03,12.8],[47.03,12.8],[47.03,12.8],[47.03,12.8],[47.03,12.8],[47.03,12.79],[47.03,12.79],[47.02,12.79],[47.02,12.79],[47.02,12.79],[47.02,12.79],[47.02,12.79],[47.02,12.79],[47.01,12.79],[47.01,12.79],[47.01,12.79],[47.01,12.79],[47.01,12.79],[47.01,12.78],[47.01,12.78],[47,12.78],[47,12.78],[47,12.78],[47,12.78],[47,12.78],[47,12.78],[46.99,12.78],[46.99,12.78],[46.99,12.78],[46.99,12.78],[46.99,12.77],[46.99,12.77],[46.99,12.77],[46.98,12.77],[46.98,12.77],[46.98,12.77],[46.98,12.77],[46.98,12.77],[46.98,12.77],[46.97,12.77],[46.97,12.77],[46.97,12.76],[46.97,12.76],[46.97,12.76],[46.97,12.76],[46.97,12.76],[46.96,12.76],[46.96,12.76],[46.96,12.76],[46.96,12.76],[46.96,12.76],[46.96,12.76],[46.95,12.75],[46.95,12.75],[46.95,12.75],[46.95,12.75],[46.95,12.75],[46.95,12.75],[46.94,12.75],[46.94,12.75],[46.94,12.75],[46.94,12.74],[46.94,12.74],[46.94,12.74],[46.93,12.74],[46.93,12.74],[46.93,12.74],[46.93,12.74],[46.93,12.74],[46.92,12.74],[46.92,12.73],[46.92,12.73],[46.92,12.73],[46.92,12.73],[46.92,12.73],[46.91,12.73],[46.91,12.73],[46.91,12.73],[46.91,12.72],[46.91,12.72],[46.9,12.72],[46.9,12.72],[46.9,12.72],[46.9,12.72],[46.9,12.72],[46.89,12.72],[46.89,12.71],[46.89,12.71],[46.89,12.71],[46.89,12.71],[46.88,12.71],[46.88,12.71],[46.88,12.7],[46.88,12.7],[46.88,12.7],[46.87,12.7],[46.87,12.7],[46.87,12.7],[46.87,12.7],[46.87,12.7],[46.87,12.69],[46.86,12.69],[46.86,12.69],[46.86,12.69],[46.86,12.69],[46.86,12.69],[46.86,12.69],[46.86,12.69],[46.86,12.69],[46.86,12.69],[46.86,12.69],[46.86,12.69],[46.86,12.69],[46.86,12.69],[46.85,12.69],[46.85,12.69],[46.85,12.69],[46.85,12.69],[46.85,12.68],[46.85,12.68],[46.85,12.68],[46.85,12.68],[46.85,12.68],[46.85,12.68],[46.85,12.68],[46.85,12.68],[46.85,12.68],[46.85,12.68],[46.84,12.68],[46.84,12.68],[46.84,12.68],[46.84,12.68],[46.84,12.68],[46.84,12.68],[46.84,12.67],[46.84,12.67],[46.84,12.67],[46.84,12.67],[46.84,12.67],[46.84,12.67],[46.84,12.67],[46.83,12.67],[46.83,12.67],[46.83,12.67],[46.83,12.67],[46.83,12.67],[46.83,12.67],[46.83,12.67],[46.83,12.66],[46.83,12.66],[46.83,12.66],[46.83,12.66],[46.83,12.66],[46.82,12.66],[46.82,12.66],[46.82,12.66],[46.82,12.66],[46.82,12.66],[46.82,12.66],[46.82,12.66],[46.82,12.65],[46.82,12.65],[46.82,12.65],[46.82,12.65],[46.81,12.65],[46.81,12.65],[46.81,12.65],[46.81,12.65],[46.81,12.64],[46.81,12.64],[46.8,12.64],[46.8,12.64],[46.8,12.64],[46.8,12.64],[46.8,12.63],[46.8,12.63],[46.8,12.63],[46.79,12.63],[46.79,12.63],[46.79,12.63],[46.79,12.62],[46.79,12.62],[46.79,12.62],[46.79,12.62],[46.78,12.62],[46.78,12.62],[46.78,12.61],[46.78,12.61],[46.77,12.61],[46.76,12.6],[46.76,12.59],[46.76,12.59],[46.76,12.59],[46.76,12.59],[46.75,12.59],[46.75,12.58],[46.75,12.58],[46.75,12.58],[46.75,12.58],[46.74,12.58],[46.74,12.57],[46.74,12.57],[46.74,12.57],[46.74,12.57],[46.74,12.57],[46.74,12.57],[46.74,12.57],[46.74,12.57],[46.74,12.57],[46.73,12.57],[46.73,12.56],[46.73,12.56],[46.73,12.56],[46.73,12.56],[46.73,12.56],[46.73,12.56],[46.73,12.56],[46.73,12.56],[46.73,12.56],[46.72,12.55],[46.72,12.55],[46.72,12.55],[46.72,12.55],[46.72,12.55],[46.72,12.55],[46.72,12.55],[46.72,12.55],[46.72,12.55],[46.72,12.55],[46.71,12.54],[46.71,12.54],[46.71,12.54],[46.71,12.54],[46.71,12.54],[46.71,12.54],[46.71,12.54],[46.71,12.54],[46.71,12.54],[46.71,12.54],[46.7,12.54],[46.7,12.54],[46.7,12.53],[46.7,12.53],[46.7,12.53],[46.7,12.53],[46.7,12.53],[46.7,12.53],[46.7,12.53],[46.7,12.53],[46.69,12.53],[46.69,12.53],[46.69,12.53],[46.69,12.52],[46.69,12.52],[46.69,12.52],[46.69,12.52],[46.69,12.52],[46.69,12.52],[46.68,12.52],[46.68,12.52],[46.68,12.52],[46.68,12.52],[46.68,12.52],[46.68,12.52],[46.68,12.51],[46.68,12.51],[46.68,12.51],[46.68,12.51],[46.67,12.51],[46.67,12.51],[46.67,12.51],[46.67,12.51],[46.67,12.51],[46.67,12.51],[46.67,12.51],[46.67,12.51],[46.67,12.51],[46.66,12.51],[46.66,12.5],[46.66,12.5],[46.66,12.5],[46.66,12.5],[46.66,12.5],[46.66,12.5],[46.66,12.5],[46.66,12.5],[46.66,12.5],[46.65,12.5],[46.65,12.5],[46.65,12.5],[46.65,12.5],[46.65,12.5],[46.65,12.5],[46.65,12.5],[46.65,12.5],[46.65,12.5],[46.65,12.49],[46.64,12.49],[46.64,12.49],[46.64,12.49],[46.64,12.49],[46.64,12.49],[46.64,12.49],[46.64,12.49],[46.64,12.49],[46.64,12.49],[46.64,12.49],[46.63,12.49],[46.63,12.49],[46.63,12.49],[46.63,12.49],[46.63,12.49],[46.63,12.49],[46.63,12.49],[46.63,12.49],[46.63,12.49],[46.63,12.49],[46.63,12.49],[46.63,12.49],[46.63,12.49],[46.63,12.49],[46.63,12.49],[46.63,12.49],[46.62,12.49],[46.62,12.49],[46.62,12.49],[46.62,12.49],[46.62,12.49],[46.62,12.49],[46.62,12.48],[46.62,12.48],[46.62,12.48],[46.62,12.48],[46.62,12.48],[46.62,12.48],[46.62,12.48],[46.62,12.48],[46.61,12.48],[46.61,12.48],[46.61,12.48],[46.61,12.48],[46.61,12.48],[46.61,12.48],[46.61,12.48],[46.61,12.48],[46.61,12.48],[46.61,12.48],[46.61,12.48],[46.61,12.48],[46.61,12.48],[46.61,12.48],[46.6,12.48],[46.6,12.48],[46.6,12.48],[46.6,12.48],[46.6,12.48],[46.6,12.48],[46.6,12.48],[46.6,12.48],[46.6,12.48],[46.6,12.48],[46.6,12.48],[46.6,12.48],[46.6,12.48],[46.6,12.48],[46.59,12.48],[46.59,12.48],[46.59,12.48],[46.59,12.48],[46.59,12.48],[46.59,12.48],[46.59,12.48],[46.59,12.48],[46.59,12.48],[46.59,12.48],[46.59,12.48],[46.59,12.48],[46.59,12.48],[46.58,12.48],[46.58,12.48],[46.58,12.48],[46.58,12.48],[46.58,12.48],[46.58,12.48],[46.58,12.48],[46.58,12.48],[46.58,12.48],[46.58,12.48],[46.58,12.48],[46.58,12.48],[46.58,12.48],[46.57,12.48],[46.57,12.48],[46.57,12.48],[46.57,12.48],[46.57,12.48],[46.57,12.48],[46.57,12.48],[46.57,12.48],[46.57,12.48],[46.57,12.48],[46.57,12.48],[46.57,12.48],[46.56,12.48],[46.56,12.48],[46.56,12.48],[46.56,12.48],[46.56,12.48],[46.56,12.48],[46.56,12.48],[46.56,12.48],[46.56,12.48],[46.56,12.48],[46.56,12.48],[46.56,12.48],[46.55,12.48],[46.55,12.48],[46.55,12.48],[46.55,12.48],[46.55,12.48],[46.55,12.48],[46.55,12.48],[46.55,12.48],[46.55,12.48],[46.55,12.48],[46.55,12.48],[46.54,12.48],[46.54,12.48],[46.54,12.48],[46.54,12.48],[46.54,12.48],[46.54,12.48],[46.54,12.48],[46.54,12.48],[46.54,12.48],[46.54,12.48],[46.54,12.48],[46.54,12.48],[46.53,12.48],[46.53,12.48],[46.53,12.48],[46.53,12.48],[46.53,12.48],[46.53,12.48],[46.53,12.48],[46.53,12.48],[46.52,12.48],[46.52,12.48],[46.52,12.48],[46.52,12.48],[46.52,12.48],[46.52,12.48],[46.51,12.48],[46.51,12.48],[46.51,12.48],[46.51,12.48],[46.51,12.48],[46.5,12.48],[46.5,12.48],[46.5,12.48],[46.5,12.48],[46.5,12.48],[46.5,12.48],[46.49,12.48],[46.49,12.48],[46.49,12.48],[46.49,12.48],[46.49,12.48],[46.48,12.48],[46.48,12.48],[46.48,12.48],[46.48,12.49],[46.48,12.49],[46.47,12.49],[46.47,12.49],[46.47,12.49],[46.47,12.49],[46.47,12.49],[46.46,12.49],[46.46,12.49],[46.46,12.49],[46.46,12.49],[46.46,12.49],[46.45,12.49],[46.45,12.49],[46.45,12.49],[46.45,12.49],[46.45,12.49],[46.44,12.49],[46.44,12.49],[46.44,12.49],[46.44,12.49],[46.43,12.49],[46.43,12.49],[46.43,12.5],[46.42,12.5],[46.42,12.5],[46.41,12.5],[46.4,12.5],[46.4,12.5],[46.4,12.5],[46.39,12.5],[46.39,12.5],[46.39,12.5],[46.38,12.51],[46.38,12.51],[46.38,12.51],[46.38,12.51],[46.37,12.51],[46.37,12.51],[46.37,12.51],[46.37,12.51],[46.37,12.51],[46.37,12.51],[46.37,12.51],[46.36,12.51],[46.36,12.51],[46.36,12.51],[46.36,12.51],[46.36,12.51],[46.36,12.51],[46.35,12.51],[46.35,12.51],[46.35,12.51],[46.35,12.51],[46.35,12.51],[46.34,12.51],[46.34,12.51],[46.34,12.51],[46.34,12.51],[46.34,12.51],[46.34,12.51],[46.33,12.52],[46.33,12.52],[46.33,12.52],[46.33,12.52],[46.33,12.52],[46.33,12.52],[46.33,12.52],[46.32,12.52],[46.32,12.52],[46.32,12.52],[46.32,12.52],[46.32,12.52],[46.32,12.52],[46.31,12.52],[46.31,12.52],[46.31,12.52],[46.31,12.52],[46.31,12.52],[46.31,12.52],[46.31,12.52],[46.3,12.52],[46.3,12.52],[46.3,12.52],[46.3,12.52],[46.3,12.52],[46.3,12.52],[46.29,12.52],[46.29,12.52],[46.29,12.52],[46.29,12.52],[46.29,12.52],[46.29,12.52],[46.28,12.52],[46.28,12.52],[46.28,12.52],[46.28,12.52],[46.28,12.52],[46.28,12.52],[46.27,12.52],[46.27,12.52],[46.27,12.52],[46.27,12.52],[46.27,12.52],[46.27,12.52],[46.27,12.52],[46.27,12.52],[46.27,12.52],[46.27,12.52],[46.27,12.52],[46.27,12.52],[46.27,12.52],[46.26,12.52],[46.26,12.52],[46.26,12.52],[46.26,12.52],[46.26,12.52],[46.26,12.52],[46.26,12.52],[46.26,12.52],[46.26,12.52],[46.26,12.52],[46.26,12.52],[46.26,12.52],[46.26,12.52],[46.25,12.52],[46.25,12.52],[46.25,12.52],[46.25,12.52],[46.25,12.52],[46.25,12.52],[46.25,12.52],[46.25,12.52],[46.25,12.52],[46.25,12.52],[46.25,12.52],[46.25,12.52],[46.25,12.52],[46.24,12.52],[46.24,12.52],[46.24,12.52],[46.24,12.52],[46.24,12.52],[46.24,12.52],[46.24,12.52],[46.24,12.52],[46.24,12.52],[46.24,12.52],[46.24,12.52],[46.24,12.52],[46.24,12.52],[46.24,12.52],[46.23,12.52],[46.23,12.52],[46.23,12.52],[46.23,12.52],[46.23,12.52],[46.23,12.52],[46.23,12.52],[46.23,12.52],[46.23,12.52],[46.23,12.52],[46.23,12.52],[46.23,12.52],[46.23,12.52],[46.23,12.52],[46.23,12.52],[46.22,12.52],[46.22,12.52],[46.22,12.52],[46.22,12.52],[46.22,12.52],[46.22,12.52],[46.22,12.52],[46.22,12.52],[46.22,12.52],[46.22,12.52],[46.22,12.52],[46.22,12.52],[46.22,12.52],[46.22,12.52],[46.21,12.52],[46.21,12.52],[46.21,12.52],[46.21,12.52],[46.21,12.52],[46.21,12.52],[46.21,12.52],[46.21,12.52],[46.21,12.52],[46.21,12.52],[46.21,12.52],[46.21,12.52],[46.2,12.52],[46.2,12.52],[46.2,12.52],[46.2,12.51],[46.2,12.51],[46.2,12.51],[46.2,12.51],[46.2,12.51],[46.2,12.51],[46.19,12.51],[46.19,12.51],[46.19,12.51],[46.19,12.51],[46.19,12.51],[46.19,12.51],[46.19,12.51],[46.19,12.51],[46.19,12.51],[46.18,12.51],[46.18,12.51],[46.18,12.51],[46.18,12.51],[46.18,12.51],[46.18,12.51],[46.18,12.51],[46.18,12.51],[46.17,12.51],[46.17,12.51],[46.17,12.51],[46.17,12.51],[46.17,12.5],[46.17,12.5],[46.17,12.5],[46.17,12.5],[46.17,12.5],[46.16,12.5],[46.16,12.5],[46.16,12.5],[46.16,12.5],[46.16,12.5],[46.16,12.5],[46.16,12.5],[46.16,12.5],[46.15,12.5],[46.15,12.5],[46.15,12.5],[46.15,12.49],[46.14,12.49],[46.13,12.49],[46.13,12.49],[46.13,12.49],[46.13,12.49],[46.13,12.49],[46.12,12.49],[46.12,12.48],[46.12,12.48],[46.12,12.48],[46.12,12.48],[46.12,12.48],[46.12,12.48],[46.11,12.48],[46.11,12.48],[46.11,12.48],[46.11,12.48],[46.11,12.48],[46.11,12.48],[46.1,12.48],[46.1,12.48],[46.1,12.48],[46.1,12.48],[46.1,12.48],[46.1,12.48],[46.1,12.48],[46.1,12.47],[46.1,12.47],[46.1,12.47],[46.09,12.47],[46.09,12.47],[46.09,12.47],[46.09,12.47],[46.09,12.47],[46.09,12.47],[46.09,12.47],[46.09,12.47],[46.09,12.47],[46.09,12.47],[46.09,12.47],[46.09,12.47],[46.09,12.47],[46.09,12.47],[46.08,12.47],[46.08,12.47],[46.08,12.47],[46.08,12.47],[46.08,12.47],[46.08,12.47],[46.08,12.47],[46.08,12.47],[46.08,12.47],[46.08,12.47],[46.08,12.47],[46.08,12.47],[46.07,12.47],[46.07,12.47],[46.07,12.47],[46.07,12.47],[46.07,12.47],[46.07,12.47],[46.07,12.47],[46.07,12.47],[46.07,12.47],[46.07,12.47],[46.07,12.47],[46.07,12.47],[46.07,12.47],[46.06,12.47],[46.06,12.47],[46.06,12.47],[46.06,12.47],[46.06,12.47],[46.06,12.47],[46.06,12.47],[46.06,12.46],[46.06,12.46],[46.06,12.46],[46.06,12.46],[46.06,12.46],[46.06,12.46],[46.06,12.46],[46.05,12.46],[46.05,12.46],[46.05,12.46],[46.05,12.46],[46.05,12.46],[46.05,12.46],[46.05,12.46],[46.05,12.46],[46.05,12.46],[46.05,12.46],[46.05,12.46],[46.05,12.46],[46.05,12.46],[46.05,12.46],[46.05,12.46],[46.04,12.46],[46.04,12.46],[46.04,12.46],[46.04,12.46],[46.04,12.46],[46.04,12.46],[46.04,12.46],[46.04,12.46],[46.04,12.46],[46.04,12.46],[46.04,12.46],[46.04,12.46],[46.04,12.46],[46.03,12.46],[46.03,12.46],[46.03,12.46],[46.03,12.46],[46.03,12.46],[46.03,12.46],[46.03,12.46],[46.03,12.46],[46.03,12.46],[46.03,12.46],[46.03,12.46],[46.02,12.46],[46.02,12.46],[46.02,12.46],[46.02,12.46],[46.02,12.46],[46.02,12.46],[46.02,12.46],[46.02,12.46],[46.02,12.46],[46.02,12.47],[46.01,12.47],[46.01,12.47],[46.01,12.47],[46.01,12.47],[46.01,12.47],[46.01,12.47],[46.01,12.47],[46.01,12.47],[46.01,12.47],[46.01,12.47],[46.01,12.47],[46,12.47],[46,12.47],[46,12.47],[46,12.47],[46,12.47],[46,12.47],[46,12.47],[46,12.47],[46,12.47],[46,12.47],[45.99,12.47],[45.99,12.47],[45.99,12.47],[45.99,12.47],[45.99,12.47],[45.98,12.47],[45.98,12.47],[45.98,12.48],[45.97,12.48],[45.97,12.48],[45.97,12.48],[45.97,12.48],[45.97,12.48],[45.97,12.48],[45.97,12.48],[45.96,12.48],[45.96,12.48],[45.96,12.48],[45.96,12.48],[45.96,12.48],[45.96,12.48],[45.96,12.48],[45.96,12.48],[45.96,12.48],[45.95,12.48],[45.95,12.48],[45.95,12.48],[45.95,12.48],[45.95,12.48],[45.95,12.48],[45.95,12.48],[45.95,12.48],[45.95,12.48],[45.95,12.48],[45.94,12.48],[45.94,12.48],[45.94,12.48],[45.94,12.48],[45.94,12.48],[45.94,12.48],[45.94,12.48],[45.94,12.48],[45.94,12.48],[45.94,12.48],[45.94,12.48],[45.93,12.48],[45.93,12.48],[45.93,12.48],[45.93,12.48],[45.93,12.48],[45.93,12.48],[45.93,12.48],[45.93,12.48],[45.93,12.48],[45.93,12.48],[45.93,12.48],[45.93,12.48],[45.92,12.48],[45.92,12.48],[45.92,12.48],[45.92,12.48],[45.92,12.48],[45.92,12.48],[45.92,12.48],[45.92,12.48],[45.92,12.48],[45.92,12.48],[45.92,12.48],[45.92,12.48],[45.92,12.48],[45.91,12.48],[45.91,12.48],[45.91,12.48],[45.91,12.48],[45.91,12.48],[45.91,12.48],[45.91,12.48],[45.91,12.48],[45.91,12.48],[45.91,12.48],[45.91,12.48],[45.91,12.48],[45.91,12.48],[45.91,12.48],[45.91,12.48],[45.91,12.48],[45.9,12.48],[45.9,12.48],[45.9,12.48],[45.9,12.48],[45.9,12.48],[45.9,12.48],[45.9,12.48],[45.9,12.48],[45.9,12.48],[45.9,12.48],[45.9,12.48],[45.9,12.48],[45.9,12.48],[45.9,12.48],[45.9,12.48],[45.89,12.48],[45.89,12.48],[45.89,12.48],[45.89,12.48],[45.89,12.48],[45.89,12.48],[45.89,12.48],[45.89,12.48],[45.89,12.48],[45.89,12.48],[45.89,12.48],[45.89,12.48],[45.89,12.48],[45.89,12.48],[45.89,12.48],[45.88,12.48],[45.88,12.48],[45.88,12.48],[45.88,12.48],[45.88,12.48],[45.88,12.48],[45.88,12.48],[45.88,12.48],[45.88,12.48],[45.88,12.48],[45.88,12.48],[45.88,12.48],[45.88,12.48],[45.88,12.48],[45.87,12.48],[45.87,12.48],[45.87,12.48],[45.87,12.48],[45.87,12.48],[45.87,12.48],[45.87,12.47],[45.86,12.47],[45.86,12.47],[45.86,12.47],[45.86,12.47],[45.86,12.47],[45.86,12.47],[45.85,12.47],[45.85,12.47],[45.85,12.47],[45.85,12.47],[45.85,12.47],[45.85,12.47],[45.84,12.47],[45.84,12.47],[45.84,12.47],[45.84,12.47],[45.84,12.47],[45.84,12.47],[45.83,12.46],[45.83,12.46],[45.83,12.46],[45.83,12.46],[45.82,12.46],[45.82,12.46],[45.81,12.46],[45.81,12.46],[45.81,12.46],[45.81,12.46],[45.81,12.46],[45.81,12.46],[45.81,12.46],[45.81,12.46],[45.81,12.46],[45.81,12.46],[45.81,12.45],[45.8,12.45],[45.8,12.45],[45.8,12.45],[45.8,12.45],[45.8,12.45],[45.8,12.45],[45.8,12.45],[45.8,12.45],[45.8,12.45],[45.8,12.45],[45.8,12.45],[45.8,12.45],[45.8,12.45],[45.8,12.45],[45.79,12.45],[45.79,12.45],[45.79,12.45],[45.79,12.45],[45.79,12.45],[45.79,12.45],[45.79,12.45],[45.79,12.45],[45.79,12.45],[45.79,12.45],[45.79,12.45],[45.79,12.45],[45.79,12.45],[45.79,12.45],[45.78,12.45],[45.78,12.44],[45.78,12.44],[45.78,12.44],[45.78,12.44],[45.78,12.44],[45.78,12.44],[45.78,12.44],[45.78,12.44],[45.78,12.44],[45.78,12.44],[45.78,12.44],[45.78,12.44],[45.77,12.44],[45.77,12.44],[45.77,12.44],[45.77,12.44],[45.77,12.44],[45.77,12.44],[45.77,12.44],[45.77,12.44],[45.77,12.44],[45.77,12.44],[45.77,12.44],[45.77,12.44],[45.77,12.44],[45.77,12.43],[45.76,12.43],[45.76,12.43],[45.76,12.43],[45.76,12.43],[45.76,12.43],[45.76,12.43],[45.76,12.43],[45.76,12.43],[45.76,12.43],[45.76,12.43],[45.76,12.43],[45.76,12.43],[45.76,12.43],[45.76,12.43],[45.75,12.43],[45.75,12.43],[45.75,12.43],[45.75,12.43],[45.75,12.43],[45.75,12.43],[45.75,12.42],[45.75,12.42],[45.75,12.42],[45.75,12.42],[45.75,12.42],[45.75,12.42],[45.75,12.42],[45.75,12.42],[45.74,12.42],[45.74,12.42],[45.74,12.42],[45.74,12.42],[45.74,12.42],[45.74,12.42],[45.74,12.42],[45.74,12.42],[45.74,12.42],[45.74,12.42],[45.74,12.41],[45.74,12.41],[45.74,12.41],[45.74,12.41],[45.73,12.41],[45.73,12.41],[45.73,12.41],[45.73,12.41],[45.73,12.41],[45.73,12.41],[45.73,12.41],[45.73,12.41],[45.73,12.41],[45.73,12.41],[45.73,12.41],[45.73,12.41],[45.73,12.41],[45.73,12.4],[45.72,12.4],[45.72,12.4],[45.72,12.4],[45.72,12.4],[45.72,12.4],[45.72,12.4],[45.72,12.4],[45.72,12.4],[45.72,12.4],[45.72,12.4],[45.72,12.4],[45.72,12.4],[45.72,12.4],[45.72,12.4],[45.71,12.39],[45.71,12.39],[45.71,12.39],[45.71,12.39],[45.71,12.39],[45.71,12.39],[45.71,12.39],[45.71,12.39],[45.71,12.39],[45.71,12.39],[45.71,12.39],[45.71,12.39],[45.71,12.39],[45.7,12.39],[45.7,12.38],[45.7,12.38],[45.7,12.38],[45.7,12.38],[45.7,12.38],[45.7,12.38],[45.7,12.38],[45.7,12.38],[45.7,12.38],[45.7,12.38],[45.7,12.38],[45.7,12.38],[45.7,12.38],[45.69,12.37],[45.69,12.37],[45.69,12.37],[45.69,12.37],[45.69,12.37],[45.69,12.37],[45.69,12.37],[45.69,12.37],[45.69,12.37],[45.69,12.37],[45.69,12.37],[45.69,12.37],[45.69,12.37],[45.68,12.36],[45.68,12.36],[45.68,12.36],[45.68,12.36],[45.68,12.36],[45.68,12.36],[45.68,12.36],[45.68,12.36],[45.68,12.36],[45.68,12.36],[45.68,12.36],[45.68,12.35],[45.67,12.35],[45.67,12.35],[45.67,12.35],[45.67,12.35],[45.67,12.35],[45.67,12.35],[45.67,12.35],[45.67,12.34],[45.67,12.34],[45.66,12.34],[45.66,12.34],[45.66,12.34],[45.66,12.34],[45.66,12.33],[45.66,12.33],[45.65,12.33],[45.65,12.33],[45.65,12.32],[45.65,12.32],[45.65,12.32],[45.65,12.32],[45.64,12.32],[45.64,12.31],[45.64,12.31],[45.64,12.31],[45.64,12.31],[45.64,12.31],[45.63,12.3],[45.63,12.3],[45.63,12.3],[45.63,12.3],[45.63,12.29],[45.62,12.29],[45.62,12.29],[45.61,12.28],[45.61,12.27],[45.61,12.27],[45.6,12.26],[45.6,12.26],[45.6,12.26],[45.6,12.25],[45.59,12.25],[45.59,12.25],[45.59,12.25],[45.59,12.25],[45.59,12.25],[45.59,12.24],[45.59,12.24],[45.58,12.24],[45.58,12.24],[45.58,12.24],[45.58,12.24],[45.58,12.23],[45.58,12.23],[45.58,12.23],[45.58,12.23],[45.57,12.23],[45.57,12.23],[45.57,12.22],[45.57,12.22],[45.57,12.22],[45.57,12.22],[45.57,12.22],[45.56,12.22],[45.56,12.21],[45.56,12.21],[45.56,12.21],[45.56,12.21],[45.56,12.21],[45.56,12.21],[45.55,12.21],[45.55,12.2],[45.55,12.2],[45.55,12.2],[45.55,12.2],[45.55,12.2],[45.55,12.2],[45.54,12.19],[45.54,12.19],[45.54,12.19],[45.54,12.19],[45.54,12.19],[45.54,12.19],[45.54,12.19],[45.54,12.19],[45.53,12.18],[45.53,12.18],[45.53,12.18],[45.53,12.18],[45.53,12.18],[45.53,12.18],[45.53,12.18],[45.53,12.18],[45.53,12.18],[45.53,12.18],[45.52,12.17],[45.52,12.17],[45.52,12.17],[45.52,12.17],[45.52,12.17],[45.52,12.17],[45.52,12.17],[45.52,12.17],[45.52,12.17],[45.52,12.17],[45.52,12.17],[45.52,12.17],[45.51,12.17],[45.51,12.16],[45.51,12.16],[45.51,12.16],[45.51,12.16],[45.51,12.16],[45.51,12.16],[45.51,12.16],[45.51,12.16],[45.51,12.16],[45.51,12.16],[45.51,12.16],[45.51,12.16],[45.5,12.16],[45.5,12.16],[45.5,12.16],[45.5,12.15],[45.5,12.15],[45.5,12.15],[45.5,12.15],[45.5,12.15],[45.5,12.15],[45.5,12.15],[45.5,12.15],[45.5,12.15],[45.49,12.15],[45.49,12.15],[45.49,12.15],[45.49,12.15],[45.49,12.15],[45.49,12.15],[45.49,12.15],[45.49,12.14],[45.49,12.14],[45.49,12.14],[45.49,12.14],[45.49,12.14],[45.49,12.14],[45.48,12.14],[45.48,12.14],[45.48,12.14],[45.48,12.14],[45.48,12.14],[45.48,12.14],[45.48,12.14],[45.48,12.14],[45.48,12.14],[45.48,12.14],[45.48,12.14],[45.48,12.14],[45.48,12.14],[45.47,12.13],[45.47,12.13],[45.47,12.13],[45.47,12.13],[45.47,12.13],[45.47,12.13],[45.47,12.13],[45.47,12.13],[45.47,12.13],[45.47,12.13],[45.47,12.13],[45.47,12.13],[45.46,12.13],[45.46,12.13],[45.46,12.13],[45.46,12.13],[45.46,12.13],[45.46,12.13],[45.46,12.13],[45.46,12.13],[45.46,12.13],[45.46,12.13],[45.46,12.12],[45.46,12.12],[45.46,12.12],[45.45,12.12],[45.45,12.12],[45.45,12.12],[45.45,12.12],[45.45,12.12],[45.45,12.12],[45.45,12.12],[45.45,12.12],[45.45,12.12],[45.45,12.12],[45.45,12.12],[45.45,12.12],[45.44,12.12],[45.44,12.12],[45.44,12.12],[45.44,12.12],[45.44,12.12],[45.44,12.12],[45.44,12.12],[45.44,12.12],[45.44,12.12],[45.44,12.12],[45.44,12.12],[45.44,12.12],[45.44,12.11],[45.43,12.11],[45.43,12.11],[45.43,12.11],[45.43,12.11],[45.43,12.11],[45.43,12.11],[45.43,12.11],[45.43,12.11],[45.43,12.11],[45.43,12.11],[45.43,12.11],[45.43,12.11],[45.42,12.11],[45.42,12.11],[45.42,12.11],[45.42,12.11],[45.42,12.11],[45.42,12.11],[45.42,12.11],[45.42,12.11],[45.42,12.11],[45.42,12.11],[45.41,12.11],[45.41,12.11],[45.41,12.11],[45.41,12.11],[45.41,12.11],[45.41,12.11],[45.41,12.11],[45.41,12.11],[45.41,12.11],[45.41,12.11],[45.4,12.11],[45.4,12.11],[45.4,12.1],[45.4,12.1],[45.4,12.1],[45.4,12.1],[45.4,12.1],[45.4,12.1],[45.4,12.1],[45.4,12.1],[45.39,12.1],[45.39,12.1],[45.39,12.1],[45.39,12.1],[45.39,12.1],[45.39,12.1],[45.39,12.1],[45.39,12.1],[45.39,12.1],[45.38,12.1],[45.38,12.1],[45.38,12.1],[45.38,12.1],[45.38,12.1],[45.38,12.1],[45.38,12.1],[45.38,12.1],[45.38,12.1],[45.37,12.1],[45.37,12.1],[45.37,12.1],[45.37,12.1],[45.37,12.1],[45.37,12.1],[45.37,12.1],[45.37,12.1],[45.36,12.1],[45.36,12.1],[45.36,12.1],[45.36,12.1],[45.36,12.1],[45.36,12.1],[45.36,12.1],[45.36,12.1],[45.36,12.1],[45.35,12.1],[45.35,12.1],[45.35,12.1],[45.35,12.1],[45.35,12.1],[45.35,12.1],[45.35,12.1],[45.35,12.1],[45.35,12.1],[45.34,12.1],[45.34,12.1],[45.34,12.1],[45.34,12.1],[45.34,12.1],[45.34,12.1],[45.34,12.1],[45.34,12.1],[45.34,12.1],[45.33,12.1],[45.33,12.1],[45.33,12.1],[45.33,12.1],[45.33,12.1],[45.33,12.1],[45.33,12.1],[45.33,12.1],[45.32,12.1],[45.32,12.1],[45.32,12.1],[45.32,12.1],[45.32,12.1],[45.31,12.1],[45.31,12.1],[45.31,12.1],[45.31,12.1],[45.3,12.1],[45.3,12.1],[45.3,12.1],[45.3,12.1],[45.29,12.1],[45.29,12.1],[45.28,12.1],[45.27,12.1],[45.27,12.1],[45.27,12.1],[45.26,12.1],[45.26,12.1],[45.26,12.1],[45.26,12.1],[45.26,12.1],[45.25,12.1],[45.25,12.1],[45.25,12.1],[45.25,12.1],[45.25,12.1],[45.25,12.1],[45.25,12.1],[45.24,12.1],[45.24,12.1],[45.24,12.1],[45.24,12.1],[45.24,12.1],[45.24,12.1],[45.24,12.1],[45.23,12.1],[45.23,12.1],[45.23,12.1],[45.23,12.1],[45.23,12.1],[45.23,12.1],[45.23,12.1],[45.22,12.1],[45.22,12.1],[45.22,12.1],[45.22,12.1],[45.22,12.1],[45.22,12.1],[45.22,12.1],[45.21,12.1],[45.21,12.1],[45.21,12.1],[45.21,12.1],[45.21,12.1],[45.21,12.1],[45.21,12.1],[45.21,12.1],[45.2,12.1],[45.2,12.1],[45.2,12.1],[45.2,12.1],[45.2,12.1],[45.2,12.1],[45.2,12.1],[45.2,12.1],[45.19,12.1],[45.19,12.1],[45.19,12.1],[45.19,12.1],[45.19,12.1],[45.19,12.1],[45.19,12.1],[45.19,12.1],[45.18,12.1],[45.18,12.1],[45.18,12.1],[45.18,12.09],[45.18,12.09],[45.18,12.09],[45.18,12.09],[45.18,12.09],[45.18,12.09],[45.17,12.09],[45.17,12.09],[45.17,12.09],[45.17,12.09],[45.17,12.09],[45.17,12.09],[45.17,12.09],[45.17,12.09],[45.16,12.09],[45.16,12.09],[45.16,12.09],[45.16,12.09],[45.16,12.09],[45.16,12.09],[45.16,12.09],[45.16,12.09],[45.16,12.09],[45.16,12.09],[45.15,12.09],[45.15,12.09],[45.15,12.09],[45.15,12.09],[45.15,12.09],[45.15,12.09],[45.15,12.09],[45.15,12.09],[45.15,12.09],[45.14,12.09],[45.14,12.09],[45.14,12.09],[45.14,12.09],[45.14,12.09],[45.14,12.09],[45.14,12.08],[45.14,12.08],[45.14,12.08],[45.14,12.08],[45.13,12.08],[45.13,12.08],[45.13,12.08],[45.13,12.08],[45.13,12.08],[45.13,12.08],[45.13,12.08],[45.13,12.08],[45.13,12.08],[45.13,12.08],[45.13,12.08],[45.12,12.08],[45.12,12.08],[45.12,12.08],[45.12,12.08],[45.12,12.08],[45.12,12.08],[45.12,12.08],[45.12,12.08],[45.12,12.08],[45.12,12.08],[45.12,12.08],[45.12,12.08],[45.12,12.08],[45.12,12.08],[45.12,12.07],[45.11,12.07],[45.11,12.07],[45.11,12.07],[45.11,12.07],[45.11,12.07],[45.11,12.07],[45.11,12.07],[45.11,12.07],[45.11,12.07],[45.11,12.07],[45.11,12.07],[45.11,12.07],[45.11,12.07],[45.11,12.07],[45.1,12.07],[45.1,12.07],[45.1,12.07],[45.1,12.07],[45.1,12.07],[45.1,12.07],[45.1,12.07],[45.1,12.06],[45.1,12.06],[45.1,12.06],[45.09,12.06],[45.09,12.06],[45.09,12.06],[45.09,12.06],[45.09,12.06],[45.09,12.06],[45.09,12.06],[45.08,12.06],[45.08,12.05],[45.08,12.05],[45.08,12.05],[45.07,12.05],[45.07,12.05],[45.07,12.05],[45.07,12.05],[45.07,12.04],[45.07,12.04],[45.07,12.04],[45.07,12.04],[45.07,12.04],[45.06,12.04],[45.06,12.04],[45.06,12.04],[45.06,12.04],[45.06,12.04],[45.06,12.04],[45.06,12.04],[45.06,12.04],[45.06,12.04],[45.06,12.04],[45.06,12.04],[45.06,12.04],[45.05,12.04],[45.05,12.04],[45.05,12.04],[45.05,12.03],[45.05,12.03],[45.05,12.03],[45.05,12.03],[45.05,12.03],[45.05,12.03],[45.05,12.03],[45.05,12.03],[45.05,12.03],[45.05,12.03],[45.04,12.03],[45.04,12.03],[45.04,12.03],[45.04,12.03],[45.04,12.03],[45.04,12.03],[45.04,12.03],[45.04,12.03],[45.04,12.03],[45.04,12.03],[45.04,12.03],[45.04,12.03],[45.04,12.03],[45.03,12.03],[45.03,12.03],[45.03,12.03],[45.03,12.03],[45.03,12.02],[45.03,12.02],[45.03,12.02],[45.03,12.02],[45.03,12.02],[45.03,12.02],[45.03,12.02],[45.03,12.02],[45.03,12.02],[45.03,12.02],[45.03,12.02],[45.03,12.02],[45.02,12.02],[45.02,12.02],[45.02,12.02],[45.02,12.02],[45.02,12.02],[45.02,12.02],[45.02,12.02],[45.02,12.02],[45.02,12.02],[45.02,12.02],[45.02,12.02],[45.02,12.02],[45.02,12.02],[45.02,12.02],[45.02,12.02],[45.02,12.02],[45.02,12.02],[45.02,12.02],[45.02,12.02],[45.02,12.02],[45.02,12.02],[45.01,12.02],[45.01,12.02],[45.01,12.02],[45.01,12.02],[45.01,12.02],[45.01,12.02],[45.01,12.02],[45.01,12.02],[45.01,12.02],[45.01,12.02],[45.01,12.02],[45.01,12.02],[45.01,12.02],[45.01,12.02],[45.01,12.02],[45.01,12.02],[45.01,12.02],[45.01,12.02],[45.01,12.02],[45,12.02],[45,12.02],[45,12.02],[45,12.02],[45,12.02],[45,12.02],[45,12.02],[45,12.02],[45,12.02],[45,12.02],[45,12.02],[45,12.02],[45,12.02],[45,12.02],[45,12.02],[45,12.02],[44.99,12.02],[44.99,12.02],[44.99,12.02],[44.99,12.02],[44.99,12.02],[44.99,12.02],[44.99,12.02],[44.99,12.02],[44.99,12.02],[44.99,12.02],[44.98,12.02],[44.98,12.02],[44.98,12.02],[44.98,12.02],[44.98,12.02],[44.98,12.02],[44.98,12.02],[44.98,12.02],[44.98,12.02],[44.97,12.02],[44.97,12.02],[44.97,12.02],[44.97,12.02],[44.97,12.02],[44.97,12.02],[44.97,12.02],[44.96,12.02],[44.96,12.02],[44.96,12.02],[44.95,12.02],[44.95,12.02],[44.95,12.02],[44.95,12.02],[44.95,12.02],[44.95,12.02],[44.94,12.02],[44.94,12.02],[44.94,12.02],[44.94,12.02],[44.94,12.02],[44.94,12.02],[44.94,12.02],[44.93,12.02],[44.93,12.02],[44.93,12.02],[44.93,12.02],[44.93,12.02],[44.93,12.02],[44.93,12.02],[44.93,12.02],[44.92,12.02],[44.92,12.02],[44.92,12.02],[44.92,12.01],[44.92,12.01],[44.92,12.01],[44.92,12.01],[44.92,12.01],[44.92,12.01],[44.92,12.01],[44.91,12.01],[44.91,12.01],[44.91,12.01],[44.91,12.01],[44.91,12.01],[44.91,12.01],[44.91,12.01],[44.91,12.01],[44.91,12.01],[44.91,12.01],[44.91,12.01],[44.91,12.01],[44.91,12.01],[44.91,12.01],[44.91,12.01],[44.91,12.01],[44.91,12.01],[44.91,12.01],[44.91,12.01],[44.9,12.01],[44.9,12.01],[44.9,12.01],[44.9,12.01],[44.9,12.01],[44.9,12.01],[44.9,12.01],[44.9,12.01],[44.9,12.01],[44.9,12.01],[44.9,12.01],[44.9,12.01],[44.9,12.01],[44.9,12.01],[44.9,12.01],[44.9,12.01],[44.9,12.01],[44.9,12.01],[44.9,12.01],[44.9,12.01],[44.9,12.01],[44.9,12.01],[44.89,12.01],[44.89,12.01],[44.89,12.01],[44.89,12.01],[44.89,12.01],[44.89,12.01],[44.89,12.01],[44.89,12.01],[44.89,12.01],[44.89,12.01],[44.89,12.01],[44.89,12.01],[44.89,12.01],[44.89,12.01],[44.89,12.01],[44.89,12.01],[44.89,12.01],[44.89,12.01],[44.89,12.01],[44.89,12.01],[44.89,12.01],[44.89,12.01],[44.88,12.01],[44.88,12.01],[44.88,12.01],[44.88,12.01],[44.88,12.01],[44.88,12],[44.88,12],[44.88,12],[44.88,12],[44.88,12],[44.88,12],[44.88,12],[44.88,12],[44.88,12],[44.87,12],[44.87,12],[44.87,12],[44.87,12],[44.87,12],[44.87,12],[44.87,12],[44.87,12],[44.87,12],[44.87,12],[44.87,12],[44.87,12],[44.87,12],[44.87,12],[44.86,12],[44.86,11.99],[44.86,11.99],[44.86,11.99],[44.86,11.99],[44.86,11.99],[44.86,11.99],[44.86,11.99],[44.86,11.99],[44.86,11.99],[44.86,11.99],[44.86,11.99],[44.86,11.99],[44.85,11.99],[44.85,11.99],[44.85,11.99],[44.85,11.99],[44.85,11.99],[44.85,11.99],[44.85,11.99],[44.85,11.98],[44.85,11.98],[44.85,11.98],[44.84,11.98],[44.84,11.98],[44.84,11.98],[44.84,11.98],[44.83,11.97],[44.83,11.97],[44.83,11.97],[44.83,11.97],[44.83,11.97],[44.83,11.97],[44.83,11.97],[44.83,11.97],[44.82,11.97],[44.82,11.97],[44.82,11.96],[44.82,11.96],[44.82,11.96],[44.82,11.96],[44.82,11.96],[44.82,11.96],[44.82,11.96],[44.82,11.96],[44.82,11.96],[44.81,11.96],[44.81,11.96],[44.81,11.96],[44.81,11.96],[44.81,11.96],[44.81,11.96],[44.81,11.96],[44.81,11.96],[44.81,11.96],[44.81,11.96],[44.81,11.96],[44.81,11.96],[44.81,11.96],[44.81,11.96],[44.81,11.96],[44.81,11.95],[44.81,11.95],[44.8,11.95],[44.8,11.95],[44.8,11.95],[44.8,11.95],[44.8,11.95],[44.8,11.95],[44.8,11.95],[44.8,11.95],[44.8,11.95],[44.8,11.95],[44.8,11.95],[44.8,11.95],[44.8,11.95],[44.8,11.95],[44.8,11.95],[44.79,11.95],[44.79,11.95],[44.79,11.95],[44.79,11.95],[44.79,11.95],[44.79,11.95],[44.79,11.95],[44.79,11.95],[44.79,11.95],[44.79,11.95],[44.79,11.95],[44.79,11.94],[44.78,11.94],[44.78,11.94],[44.78,11.94],[44.78,11.94],[44.78,11.94],[44.78,11.94],[44.78,11.94],[44.78,11.94],[44.78,11.94],[44.78,11.94],[44.78,11.94],[44.77,11.94],[44.77,11.94],[44.77,11.94],[44.77,11.94],[44.77,11.94],[44.77,11.94],[44.77,11.94],[44.77,11.94],[44.77,11.94],[44.77,11.94],[44.77,11.94],[44.77,11.94],[44.76,11.94],[44.76,11.94],[44.76,11.94],[44.76,11.94],[44.76,11.94],[44.76,11.94],[44.76,11.94],[44.76,11.94],[44.76,11.93],[44.76,11.93],[44.76,11.93],[44.75,11.93],[44.75,11.93],[44.75,11.93],[44.75,11.93],[44.75,11.93],[44.75,11.93],[44.75,11.93],[44.75,11.93],[44.75,11.93],[44.75,11.93],[44.74,11.93],[44.74,11.93],[44.74,11.93],[44.74,11.93],[44.74,11.93],[44.74,11.93],[44.74,11.93],[44.74,11.93],[44.74,11.93],[44.74,11.93],[44.74,11.93],[44.73,11.93],[44.73,11.93],[44.73,11.93],[44.73,11.93],[44.73,11.93],[44.73,11.93],[44.73,11.93],[44.73,11.93],[44.73,11.93],[44.73,11.93],[44.72,11.93],[44.72,11.93],[44.72,11.93],[44.72,11.93],[44.72,11.93],[44.72,11.93],[44.72,11.93],[44.72,11.93],[44.72,11.93],[44.72,11.93],[44.71,11.93],[44.71,11.93],[44.71,11.93],[44.71,11.93],[44.71,11.93],[44.71,11.93],[44.71,11.93],[44.71,11.93],[44.71,11.93],[44.7,11.93],[44.7,11.93],[44.7,11.93],[44.7,11.93],[44.7,11.93],[44.7,11.93],[44.7,11.92],[44.7,11.92],[44.7,11.92],[44.7,11.92],[44.69,11.92],[44.69,11.92],[44.69,11.92],[44.69,11.92],[44.69,11.92],[44.69,11.92],[44.69,11.92],[44.69,11.92],[44.69,11.92],[44.68,11.92],[44.68,11.92],[44.68,11.92],[44.68,11.92],[44.68,11.92],[44.68,11.92],[44.68,11.92],[44.68,11.92],[44.68,11.92],[44.67,11.92],[44.67,11.92],[44.67,11.92],[44.67,11.92],[44.67,11.92],[44.67,11.92],[44.67,11.92],[44.67,11.92],[44.67,11.92],[44.67,11.92],[44.66,11.92],[44.66,11.92],[44.66,11.92],[44.66,11.92],[44.66,11.92],[44.66,11.92],[44.66,11.92],[44.65,11.92],[44.65,11.92],[44.65,11.92],[44.65,11.92],[44.65,11.92],[44.64,11.92],[44.64,11.92],[44.64,11.92],[44.64,11.92],[44.64,11.92],[44.63,11.92],[44.63,11.92],[44.63,11.92],[44.63,11.92],[44.62,11.93],[44.62,11.93],[44.62,11.93],[44.62,11.93],[44.62,11.93],[44.61,11.93],[44.61,11.93],[44.61,11.93],[44.61,11.93],[44.6,11.93],[44.6,11.93],[44.6,11.93],[44.6,11.93],[44.6,11.93],[44.59,11.93],[44.59,11.93],[44.59,11.93],[44.59,11.93],[44.59,11.93],[44.58,11.93],[44.58,11.93],[44.58,11.93],[44.58,11.93],[44.57,11.93],[44.57,11.93],[44.57,11.93],[44.57,11.93],[44.56,11.93],[44.56,11.93],[44.55,11.93],[44.55,11.93],[44.54,11.93],[44.53,11.93],[44.53,11.93],[44.52,11.94],[44.52,11.94],[44.52,11.94],[44.51,11.94],[44.51,11.94],[44.51,11.94],[44.51,11.94],[44.5,11.94],[44.5,11.94],[44.5,11.94],[44.49,11.94],[44.49,11.94],[44.49,11.94],[44.48,11.94],[44.48,11.94],[44.48,11.94],[44.48,11.94],[44.48,11.94],[44.48,11.94],[44.47,11.94],[44.47,11.94],[44.47,11.94],[44.47,11.94],[44.47,11.94],[44.47,11.94],[44.47,11.94],[44.46,11.94],[44.46,11.94],[44.46,11.94],[44.46,11.94],[44.46,11.94],[44.46,11.94],[44.46,11.94],[44.46,11.94],[44.45,11.94],[44.45,11.94],[44.45,11.94],[44.45,11.94],[44.45,11.94],[44.45,11.94],[44.45,11.94],[44.44,11.94],[44.44,11.94],[44.44,11.94],[44.44,11.94],[44.44,11.94],[44.44,11.94],[44.44,11.94],[44.43,11.94],[44.43,11.94],[44.43,11.94],[44.43,11.94],[44.43,11.94],[44.43,11.94],[44.43,11.94],[44.43,11.94],[44.42,11.94],[44.42,11.94],[44.42,11.94],[44.42,11.94],[44.42,11.94],[44.42,11.94],[44.42,11.94],[44.41,11.94],[44.41,11.94],[44.41,11.94],[44.41,11.94],[44.41,11.94],[44.41,11.94],[44.41,11.94],[44.41,11.94],[44.4,11.94],[44.4,11.94],[44.4,11.94],[44.4,11.94],[44.4,11.94],[44.4,11.94],[44.4,11.94],[44.4,11.94],[44.39,11.94],[44.39,11.94],[44.39,11.94],[44.39,11.94],[44.39,11.94],[44.39,11.94],[44.39,11.94],[44.39,11.94],[44.38,11.94],[44.38,11.94],[44.38,11.94],[44.38,11.94],[44.38,11.94],[44.38,11.94],[44.38,11.94],[44.38,11.94],[44.37,11.94],[44.37,11.94],[44.37,11.94],[44.37,11.94],[44.37,11.94],[44.37,11.94],[44.37,11.94],[44.37,11.94],[44.37,11.94],[44.36,11.94],[44.36,11.94],[44.36,11.94],[44.36,11.94],[44.36,11.94],[44.35,11.94],[44.35,11.94],[44.35,11.94],[44.35,11.94],[44.35,11.94],[44.34,11.94],[44.34,11.94],[44.34,11.94],[44.34,11.94],[44.34,11.94],[44.33,11.94],[44.33,11.94],[44.33,11.94],[44.33,11.94],[44.33,11.93],[44.32,11.93],[44.32,11.93],[44.32,11.93],[44.32,11.93],[44.31,11.93],[44.31,11.93],[44.31,11.93],[44.31,11.93],[44.3,11.93],[44.3,11.93],[44.3,11.93],[44.3,11.93],[44.3,11.93],[44.29,11.93],[44.29,11.93],[44.29,11.93],[44.29,11.93],[44.28,11.93],[44.28,11.93],[44.28,11.93],[44.28,11.93],[44.28,11.93],[44.27,11.93],[44.27,11.93],[44.27,11.92],[44.27,11.92],[44.27,11.92],[44.26,11.92],[44.26,11.92],[44.26,11.92],[44.25,11.92],[44.25,11.92],[44.24,11.92],[44.24,11.92],[44.23,11.92],[44.22,11.91],[44.21,11.91],[44.21,11.91],[44.2,11.91],[44.2,11.91],[44.19,11.91],[44.19,11.91],[44.19,11.91],[44.19,11.91],[44.18,11.91],[44.18,11.91],[44.18,11.91],[44.18,11.91],[44.17,11.9],[44.17,11.9],[44.17,11.9],[44.17,11.9],[44.16,11.9],[44.16,11.9],[44.16,11.9],[44.16,11.9],[44.15,11.9],[44.15,11.9],[44.15,11.9],[44.15,11.9],[44.14,11.9],[44.14,11.9],[44.14,11.9],[44.14,11.9],[44.13,11.9],[44.13,11.9],[44.13,11.9],[44.13,11.9],[44.13,11.9],[44.12,11.9],[44.12,11.89],[44.12,11.89],[44.12,11.89],[44.11,11.89],[44.11,11.89],[44.11,11.89],[44.11,11.89],[44.11,11.89],[44.1,11.89],[44.1,11.89],[44.1,11.89],[44.1,11.89],[44.09,11.89],[44.09,11.89],[44.09,11.89],[44.09,11.89],[44.09,11.89],[44.08,11.89],[44.08,11.89],[44.08,11.89],[44.08,11.89],[44.08,11.89],[44.07,11.89],[44.07,11.89],[44.07,11.89],[44.07,11.89],[44.06,11.89],[44.06,11.89],[44.06,11.89],[44.05,11.89],[44.05,11.89],[44.05,11.89],[44.05,11.89],[44.04,11.89],[44.04,11.89],[44.04,11.89],[44.03,11.89],[44.03,11.89],[44.03,11.89],[44.02,11.88],[44.02,11.88],[44.02,11.88],[44.01,11.88],[44.01,11.88],[44.01,11.88],[44.01,11.88],[44,11.88],[44,11.88],[44,11.88],[43.99,11.88],[43.99,11.88],[43.99,11.88],[43.98,11.88],[43.98,11.88],[43.98,11.88],[43.97,11.88],[43.97,11.88],[43.97,11.88],[43.97,11.88],[43.96,11.88],[43.96,11.88],[43.96,11.88],[43.95,11.88],[43.95,11.88],[43.95,11.88],[43.94,11.88],[43.94,11.88],[43.94,11.88],[43.93,11.88],[43.93,11.88],[43.93,11.88],[43.92,11.88],[43.92,11.88],[43.92,11.88],[43.92,11.88],[43.91,11.88],[43.91,11.88],[43.91,11.88],[43.9,11.88],[43.9,11.88],[43.9,11.88],[43.89,11.88],[43.89,11.88],[43.89,11.88],[43.88,11.88],[43.88,11.88],[43.88,11.88],[43.88,11.88],[43.87,11.88],[43.87,11.88],[43.87,11.88],[43.86,11.88],[43.86,11.88],[43.86,11.88],[43.85,11.88],[43.85,11.88],[43.85,11.88],[43.84,11.88],[43.84,11.88],[43.84,11.88],[43.83,11.88],[43.83,11.88],[43.83,11.88],[43.83,11.88],[43.82,11.88],[43.82,11.88],[43.82,11.88],[43.81,11.88],[43.81,11.88],[43.81,11.88],[43.8,11.88],[43.8,11.88],[43.8,11.88],[43.79,11.88],[43.79,11.88],[43.79,11.88],[43.78,11.88],[43.78,11.89],[43.73,12.16]]]}},{"type":"Feature","properties":{"ma":5,"type":"gpml:TopologicalNetwork","name":"Inactive_AFRICA_ARABIA_MESH_2","pid":701,"deforming":true},"geometry":{"type":"Polygon","coordinates":[[[42.64,9.22],[42.62,9.37],[42.59,9.56],[42.56,9.89],[42.55,10.02],[42.54,10.08],[42.54,10.08],[42.57,10.04],[42.57,10.04],[42.57,10.04],[42.57,10.04],[42.57,10.04],[42.57,10.04],[42.57,10.04],[42.57,10.04],[42.58,10.04],[42.58,10.03],[42.58,10.03],[42.58,10.03],[42.58,10.03],[42.58,10.03],[42.58,10.03],[42.58,10.03],[42.58,10.03],[42.58,10.03],[42.58,10.03],[42.58,10.03],[42.58,10.03],[42.58,10.02],[42.58,10.02],[42.58,10.02],[42.58,10.02],[42.58,10.02],[42.59,10.02],[42.59,10.02],[42.59,10.02],[42.59,10.02],[42.59,10.02],[42.59,10.02],[42.59,10.02],[42.59,10.01],[42.59,10.01],[42.59,10.01],[42.59,10.01],[42.59,10.01],[42.59,10.01],[42.59,10.01],[42.59,10.01],[42.59,10.01],[42.59,10.01],[42.59,10.01],[42.6,10.01],[42.6,10],[42.6,10],[42.6,10],[42.6,10],[42.6,10],[42.6,10],[42.6,10],[42.6,10],[42.6,10],[42.6,10],[42.6,10],[42.6,10],[42.6,10],[42.6,9.99],[42.6,9.99],[42.61,9.99],[42.61,9.99],[42.61,9.99],[42.61,9.99],[42.61,9.99],[42.61,9.99],[42.61,9.99],[42.61,9.99],[42.61,9.99],[42.61,9.99],[42.61,9.99],[42.61,9.98],[42.61,9.98],[42.61,9.98],[42.61,9.98],[42.61,9.98],[42.62,9.98],[42.62,9.98],[42.62,9.98],[42.62,9.98],[42.62,9.98],[42.62,9.98],[42.62,9.98],[42.62,9.98],[42.62,9.97],[42.62,9.97],[42.62,9.97],[42.62,9.97],[42.62,9.97],[42.62,9.97],[42.62,9.97],[42.62,9.97],[42.63,9.97],[42.63,9.97],[42.63,9.97],[42.63,9.97],[42.63,9.97],[42.63,9.97],[42.63,9.96],[42.63,9.96],[42.63,9.96],[42.63,9.96],[42.63,9.96],[42.63,9.96],[42.63,9.96],[42.63,9.96],[42.64,9.96],[42.64,9.96],[42.64,9.96],[42.64,9.96],[42.64,9.96],[42.64,9.96],[42.64,9.95],[42.64,9.95],[42.64,9.95],[42.64,9.95],[42.64,9.95],[42.64,9.95],[42.64,9.95],[42.64,9.95],[42.64,9.95],[42.65,9.95],[42.65,9.95],[42.65,9.95],[42.65,9.95],[42.65,9.95],[42.65,9.95],[42.65,9.94],[42.65,9.94],[42.65,9.94],[42.65,9.94],[42.65,9.94],[42.65,9.94],[42.65,9.94],[42.66,9.94],[42.66,9.94],[42.66,9.94],[42.66,9.94],[42.66,9.94],[42.66,9.94],[42.66,9.93],[42.66,9.93],[42.66,9.93],[42.66,9.93],[42.66,9.93],[42.67,9.93],[42.67,9.93],[42.67,9.93],[42.67,9.93],[42.67,9.93],[42.67,9.93],[42.67,9.93],[42.67,9.93],[42.67,9.92],[42.67,9.92],[42.67,9.92],[42.67,9.92],[42.68,9.92],[42.68,9.92],[42.68,9.92],[42.68,9.92],[42.68,9.92],[42.68,9.92],[42.68,9.92],[42.68,9.92],[42.68,9.92],[42.68,9.92],[42.68,9.91],[42.69,9.91],[42.69,9.91],[42.69,9.91],[42.69,9.91],[42.69,9.91],[42.69,9.91],[42.69,9.91],[42.69,9.91],[42.69,9.91],[42.69,9.91],[42.69,9.91],[42.7,9.91],[42.7,9.91],[42.7,9.91],[42.7,9.9],[42.7,9.9],[42.7,9.9],[42.7,9.9],[42.7,9.9],[42.7,9.9],[42.7,9.9],[42.7,9.9],[42.71,9.9],[42.71,9.9],[42.71,9.9],[42.71,9.9],[42.71,9.9],[42.71,9.9],[42.71,9.9],[42.71,9.9],[42.71,9.89],[42.71,9.89],[42.71,9.89],[42.72,9.89],[42.72,9.89],[42.72,9.89],[42.72,9.89],[42.72,9.89],[42.72,9.89],[42.72,9.89],[42.72,9.89],[42.72,9.89],[42.72,9.89],[42.72,9.89],[42.73,9.89],[42.73,9.89],[42.73,9.89],[42.73,9.89],[42.73,9.88],[42.73,9.88],[42.73,9.88],[42.73,9.88],[42.73,9.88],[42.73,9.88],[42.73,9.88],[42.74,9.88],[42.74,9.88],[42.74,9.88],[42.74,9.88],[42.74,9.88],[42.74,9.88],[42.74,9.88],[42.74,9.88],[42.74,9.88],[42.74,9.88],[42.74,9.88],[42.75,9.88],[42.75,9.88],[42.75,9.88],[42.75,9.87],[42.75,9.87],[42.75,9.87],[42.75,9.87],[42.75,9.87],[42.75,9.87],[42.75,9.87],[42.75,9.87],[42.76,9.87],[42.76,9.87],[42.76,9.87],[42.76,9.87],[42.76,9.87],[42.76,9.87],[42.76,9.87],[42.76,9.87],[42.76,9.87],[42.76,9.87],[42.76,9.87],[42.77,9.87],[42.77,9.87],[42.77,9.87],[42.77,9.87],[42.77,9.87],[42.77,9.87],[42.77,9.87],[42.77,9.87],[42.77,9.87],[42.77,9.87],[42.77,9.86],[42.77,9.86],[42.77,9.86],[42.77,9.86],[42.77,9.86],[42.77,9.86],[42.77,9.86],[42.77,9.86],[42.77,9.86],[42.78,9.86],[42.78,9.86],[42.78,9.86],[42.78,9.86],[42.78,9.86],[42.78,9.86],[42.78,9.86],[42.78,9.86],[42.78,9.86],[42.78,9.86],[42.78,9.86],[42.78,9.86],[42.78,9.86],[42.78,9.86],[42.78,9.86],[42.78,9.86],[42.78,9.86],[42.79,9.86],[42.79,9.86],[42.79,9.86],[42.79,9.86],[42.79,9.86],[42.79,9.86],[42.79,9.86],[42.79,9.86],[42.79,9.86],[42.79,9.86],[42.79,9.86],[42.79,9.86],[42.79,9.86],[42.79,9.86],[42.79,9.86],[42.8,9.86],[42.8,9.86],[42.8,9.86],[42.8,9.86],[42.8,9.86],[42.8,9.86],[42.8,9.86],[42.8,9.86],[42.8,9.86],[42.8,9.86],[42.8,9.86],[42.8,9.86],[42.8,9.86],[42.8,9.86],[42.8,9.86],[42.81,9.86],[42.81,9.86],[42.81,9.86],[42.81,9.86],[42.81,9.86],[42.81,9.86],[42.81,9.86],[42.81,9.86],[42.81,9.86],[42.81,9.86],[42.81,9.86],[42.81,9.86],[42.81,9.86],[42.81,9.86],[42.82,9.86],[42.82,9.86],[42.82,9.86],[42.82,9.86],[42.82,9.86],[42.82,9.86],[42.82,9.86],[42.83,9.86],[42.83,9.86],[42.83,9.86],[42.83,9.86],[42.83,9.86],[42.83,9.86],[42.83,9.86],[42.84,9.86],[42.84,9.86],[42.84,9.86],[42.84,9.86],[42.84,9.86],[42.84,9.86],[42.85,9.86],[42.85,9.86],[42.86,9.86],[42.86,9.86],[42.86,9.86],[42.86,9.86],[42.86,9.86],[42.87,9.86],[42.87,9.86],[42.87,9.86],[42.87,9.86],[42.87,9.86],[42.87,9.86],[42.87,9.86],[42.87,9.86],[42.87,9.86],[42.88,9.86],[42.88,9.86],[42.88,9.86],[42.88,9.86],[42.88,9.86],[42.88,9.86],[42.88,9.86],[42.88,9.86],[42.88,9.86],[42.88,9.86],[42.88,9.86],[42.89,9.86],[42.89,9.86],[42.89,9.86],[42.89,9.86],[42.89,9.86],[42.89,9.86],[42.89,9.86],[42.89,9.86],[42.89,9.86],[42.89,9.86],[42.89,9.86],[42.9,9.86],[42.9,9.86],[42.9,9.86],[42.9,9.86],[42.9,9.86],[42.9,9.86],[42.9,9.86],[42.9,9.86],[42.9,9.86],[42.9,9.86],[42.9,9.86],[42.9,9.86],[42.91,9.86],[42.91,9.86],[42.91,9.86],[42.91,9.86],[42.91,9.86],[42.91,9.86],[42.91,9.86],[42.91,9.86],[42.91,9.86],[42.91,9.86],[42.91,9.86],[42.91,9.86],[42.91,9.86],[42.91,9.86],[42.91,9.86],[42.91,9.86],[42.91,9.86],[42.91,9.86],[42.91,9.86],[42.92,9.86],[42.92,9.86],[42.92,9.86],[42.92,9.86],[42.92,9.86],[42.92,9.86],[42.92,9.86],[42.92,9.86],[42.92,9.86],[42.92,9.86],[42.92,9.86],[42.92,9.86],[42.92,9.86],[42.92,9.86],[42.92,9.86],[42.92,9.86],[42.92,9.86],[42.92,9.86],[42.92,9.86],[42.92,9.86],[42.92,9.86],[42.92,9.86],[42.92,9.86],[42.92,9.86],[42.92,9.86],[42.93,9.86],[42.93,9.86],[42.93,9.86],[42.93,9.86],[42.93,9.86],[42.93,9.86],[42.93,9.86],[42.93,9.86],[42.93,9.86],[42.93,9.86],[42.93,9.86],[42.93,9.86],[42.93,9.86],[42.93,9.86],[42.93,9.86],[42.93,9.86],[42.93,9.86],[42.93,9.86],[42.93,9.86],[42.93,9.86],[42.93,9.86],[42.93,9.86],[42.93,9.85],[42.93,9.85],[42.93,9.85],[42.93,9.85],[42.93,9.85],[42.93,9.85],[42.93,9.85],[42.94,9.85],[42.94,9.85],[42.94,9.85],[42.94,9.85],[42.94,9.85],[42.94,9.85],[42.94,9.85],[42.94,9.85],[42.94,9.85],[42.94,9.85],[42.94,9.85],[42.94,9.85],[42.94,9.85],[42.94,9.85],[42.94,9.85],[42.94,9.85],[42.94,9.85],[42.94,9.85],[42.94,9.85],[42.94,9.85],[42.94,9.85],[42.94,9.85],[42.94,9.85],[42.94,9.85],[42.94,9.85],[42.94,9.85],[42.94,9.85],[42.94,9.85],[42.94,9.85],[42.94,9.85],[42.94,9.85],[42.94,9.85],[42.94,9.85],[42.94,9.85],[42.94,9.85],[42.95,9.85],[42.95,9.85],[42.95,9.85],[42.95,9.85],[42.95,9.85],[42.95,9.85],[42.95,9.85],[42.95,9.85],[42.95,9.84],[42.95,9.84],[42.95,9.84],[42.95,9.84],[42.95,9.84],[42.95,9.84],[42.95,9.84],[42.95,9.84],[42.95,9.84],[42.95,9.84],[42.95,9.84],[42.95,9.84],[42.95,9.84],[42.95,9.84],[42.95,9.84],[42.95,9.84],[42.95,9.84],[42.95,9.84],[42.95,9.84],[42.95,9.84],[42.95,9.84],[42.95,9.84],[42.95,9.84],[42.95,9.84],[42.95,9.84],[42.95,9.84],[42.95,9.84],[42.95,9.84],[42.95,9.84],[42.95,9.84],[42.95,9.84],[42.95,9.84],[42.95,9.84],[42.96,9.83],[42.96,9.83],[42.96,9.83],[42.96,9.83],[42.96,9.83],[42.96,9.83],[42.96,9.83],[42.96,9.83],[42.96,9.83],[42.96,9.83],[42.96,9.83],[42.96,9.83],[42.96,9.82],[42.96,9.82],[42.96,9.82],[42.96,9.82],[42.96,9.82],[42.96,9.82],[42.96,9.82],[42.96,9.82],[42.96,9.82],[42.96,9.82],[42.96,9.82],[42.96,9.82],[42.96,9.82],[42.96,9.82],[42.97,9.82],[42.97,9.82],[42.97,9.82],[42.97,9.82],[42.97,9.82],[42.97,9.82],[42.97,9.82],[42.97,9.82],[42.97,9.82],[42.97,9.82],[42.97,9.82],[42.97,9.82],[42.97,9.82],[42.97,9.82],[42.97,9.82],[42.97,9.81],[42.97,9.81],[42.97,9.81],[42.97,9.81],[42.97,9.81],[42.97,9.81],[42.97,9.81],[42.97,9.81],[42.97,9.81],[42.97,9.81],[42.97,9.81],[42.97,9.81],[42.97,9.81],[42.97,9.81],[42.97,9.81],[42.97,9.81],[42.98,9.81],[42.98,9.81],[42.98,9.81],[42.98,9.81],[42.98,9.81],[42.98,9.81],[42.98,9.81],[42.98,9.81],[42.98,9.81],[42.98,9.81],[42.98,9.81],[42.98,9.81],[42.98,9.81],[42.98,9.81],[42.98,9.81],[42.98,9.8],[42.98,9.8],[42.98,9.8],[42.98,9.8],[42.98,9.8],[42.98,9.8],[42.98,9.8],[42.98,9.8],[42.98,9.8],[42.98,9.8],[42.99,9.8],[42.99,9.8],[42.99,9.8],[42.99,9.8],[42.99,9.8],[42.99,9.8],[42.99,9.8],[42.99,9.8],[42.99,9.8],[42.99,9.8],[42.99,9.8],[42.99,9.8],[42.99,9.8],[42.99,9.8],[42.99,9.8],[42.99,9.8],[42.99,9.8],[42.99,9.8],[42.99,9.8],[42.99,9.8],[42.99,9.8],[42.99,9.8],[43,9.8],[43,9.8],[43,9.8],[43,9.8],[43,9.8],[43,9.8],[43,9.8],[43,9.8],[43,9.8],[43,9.79],[43,9.79],[43,9.79],[43,9.79],[43,9.79],[43,9.79],[43,9.79],[43,9.79],[43,9.79],[43,9.79],[43,9.79],[43.01,9.79],[43.01,9.79],[43.01,9.79],[43.01,9.79],[43.01,9.79],[43.01,9.79],[43.01,9.79],[43.01,9.79],[43.01,9.79],[43.01,9.79],[43.01,9.79],[43.01,9.79],[43.01,9.79],[43.01,9.79],[43.01,9.79],[43.01,9.79],[43.01,9.79],[43.01,9.79],[43.02,9.79],[43.02,9.79],[43.02,9.79],[43.02,9.79],[43.02,9.79],[43.02,9.79],[43.02,9.79],[43.02,9.79],[43.02,9.79],[43.02,9.79],[43.02,9.79],[43.02,9.79],[43.02,9.79],[43.02,9.79],[43.02,9.79],[43.02,9.79],[43.03,9.79],[43.03,9.79],[43.03,9.79],[43.03,9.79],[43.03,9.79],[43.03,9.79],[43.03,9.79],[43.03,9.79],[43.03,9.79],[43.03,9.79],[43.04,9.79],[43.04,9.79],[43.04,9.79],[43.04,9.79],[43.04,9.79],[43.04,9.78],[43.04,9.78],[43.04,9.78],[43.04,9.78],[43.05,9.78],[43.05,9.78],[43.05,9.78],[43.05,9.78],[43.05,9.78],[43.05,9.78],[43.05,9.78],[43.05,9.78],[43.06,9.78],[43.06,9.78],[43.06,9.78],[43.06,9.78],[43.06,9.78],[43.06,9.78],[43.06,9.78],[43.06,9.78],[43.06,9.78],[43.07,9.78],[43.07,9.78],[43.07,9.78],[43.07,9.78],[43.07,9.78],[43.07,9.78],[43.07,9.78],[43.07,9.78],[43.08,9.78],[43.08,9.78],[43.08,9.78],[43.08,9.78],[43.08,9.78],[43.09,9.78],[43.09,9.78],[43.09,9.78],[43.09,9.78],[43.1,9.78],[43.11,9.78],[43.11,9.78],[43.11,9.78],[43.11,9.78],[43.12,9.78],[43.12,9.78],[43.12,9.78],[43.12,9.78],[43.12,9.78],[43.13,9.78],[43.13,9.78],[43.13,9.78],[43.13,9.78],[43.13,9.78],[43.13,9.78],[43.13,9.78],[43.13,9.78],[43.14,9.78],[43.14,9.78],[43.14,9.78],[43.14,9.78],[43.14,9.78],[43.14,9.78],[43.14,9.78],[43.14,9.78],[43.14,9.78],[43.14,9.78],[43.14,9.78],[43.15,9.78],[43.15,9.78],[43.15,9.78],[43.15,9.78],[43.15,9.78],[43.15,9.78],[43.15,9.78],[43.15,9.78],[43.15,9.78],[43.15,9.78],[43.15,9.78],[43.15,9.78],[43.16,9.78],[43.16,9.78],[43.16,9.78],[43.16,9.78],[43.16,9.78],[43.16,9.78],[43.16,9.78],[43.17,9.78],[43.17,9.78],[43.17,9.78],[43.17,9.78],[43.18,9.78],[43.18,9.78],[43.18,9.78],[43.18,9.78],[43.19,9.78],[43.19,9.77],[43.2,9.77],[43.21,9.77],[43.22,9.77],[43.22,9.77],[43.23,9.77],[43.23,9.77],[43.23,9.77],[43.23,9.77],[43.24,9.77],[43.24,9.77],[43.24,9.77],[43.25,9.77],[43.25,9.77],[43.25,9.77],[43.25,9.77],[43.26,9.77],[43.26,9.77],[43.26,9.77],[43.26,9.76],[43.27,9.76],[43.27,9.76],[43.27,9.76],[43.28,9.76],[43.28,9.76],[43.28,9.76],[43.28,9.76],[43.29,9.76],[43.29,9.76],[43.29,9.76],[43.29,9.76],[43.29,9.76],[43.29,9.76],[43.3,9.76],[43.3,9.76],[43.3,9.76],[43.3,9.76],[43.3,9.76],[43.3,9.76],[43.3,9.76],[43.31,9.76],[43.31,9.76],[43.31,9.76],[43.31,9.76],[43.31,9.76],[43.31,9.76],[43.31,9.76],[43.31,9.76],[43.32,9.76],[43.32,9.76],[43.32,9.76],[43.32,9.76],[43.32,9.76],[43.32,9.76],[43.32,9.76],[43.33,9.76],[43.33,9.76],[43.33,9.76],[43.33,9.76],[43.33,9.76],[43.33,9.76],[43.33,9.76],[43.33,9.76],[43.33,9.76],[43.34,9.76],[43.34,9.76],[43.34,9.76],[43.34,9.76],[43.34,9.76],[43.34,9.76],[43.34,9.76],[43.34,9.76],[43.35,9.76],[43.35,9.76],[43.35,9.76],[43.35,9.76],[43.35,9.76],[43.35,9.76],[43.35,9.76],[43.35,9.76],[43.36,9.76],[43.36,9.76],[43.36,9.76],[43.36,9.76],[43.36,9.76],[43.36,9.76],[43.36,9.76],[43.36,9.76],[43.36,9.76],[43.37,9.76],[43.37,9.76],[43.37,9.76],[43.37,9.76],[43.37,9.76],[43.37,9.76],[43.37,9.76],[43.37,9.76],[43.37,9.76],[43.38,9.76],[43.38,9.76],[43.38,9.76],[43.38,9.76],[43.38,9.76],[43.38,9.76],[43.38,9.76],[43.38,9.76],[43.39,9.76],[43.39,9.76],[43.39,9.76],[43.39,9.76],[43.39,9.76],[43.39,9.76],[43.39,9.76],[43.39,9.76],[43.39,9.76],[43.4,9.76],[43.4,9.76],[43.4,9.76],[43.4,9.76],[43.4,9.76],[43.4,9.76],[43.4,9.76],[43.4,9.76],[43.4,9.76],[43.41,9.76],[43.41,9.76],[43.41,9.76],[43.41,9.76],[43.41,9.76],[43.41,9.76],[43.41,9.76],[43.41,9.76],[43.41,9.76],[43.42,9.76],[43.42,9.76],[43.42,9.76],[43.42,9.76],[43.42,9.76],[43.42,9.76],[43.42,9.76],[43.42,9.76],[43.42,9.76],[43.43,9.76],[43.43,9.76],[43.43,9.76],[43.43,9.76],[43.43,9.76],[43.43,9.76],[43.43,9.76],[43.43,9.76],[43.43,9.76],[43.43,9.76],[43.44,9.76],[43.44,9.76],[43.44,9.76],[43.44,9.76],[43.44,9.76],[43.44,9.76],[43.44,9.77],[43.44,9.77],[43.44,9.77],[43.44,9.77],[43.45,9.77],[43.45,9.77],[43.45,9.77],[43.45,9.77],[43.45,9.77],[43.45,9.77],[43.45,9.77],[43.45,9.77],[43.45,9.77],[43.45,9.77],[43.46,9.77],[43.46,9.77],[43.46,9.77],[43.46,9.77],[43.46,9.77],[43.46,9.77],[43.46,9.77],[43.46,9.77],[43.46,9.77],[43.46,9.77],[43.47,9.77],[43.47,9.77],[43.47,9.77],[43.47,9.77],[43.47,9.77],[43.47,9.77],[43.47,9.77],[43.47,9.77],[43.47,9.77],[43.47,9.77],[43.47,9.77],[43.48,9.77],[43.48,9.77],[43.48,9.77],[43.48,9.77],[43.48,9.78],[43.48,9.78],[43.48,9.78],[43.48,9.78],[43.48,9.78],[43.48,9.78],[43.48,9.78],[43.49,9.78],[43.49,9.78],[43.49,9.78],[43.49,9.78],[43.49,9.78],[43.49,9.78],[43.49,9.78],[43.49,9.78],[43.49,9.78],[43.49,9.78],[43.49,9.78],[43.49,9.78],[43.5,9.78],[43.5,9.78],[43.5,9.78],[43.5,9.78],[43.5,9.78],[43.5,9.78],[43.5,9.78],[43.5,9.78],[43.5,9.78],[43.5,9.78],[43.5,9.79],[43.5,9.79],[43.5,9.79],[43.5,9.79],[43.51,9.79],[43.51,9.79],[43.51,9.79],[43.51,9.79],[43.51,9.79],[43.51,9.79],[43.51,9.79],[43.51,9.79],[43.51,9.79],[43.51,9.79],[43.51,9.79],[43.51,9.79],[43.51,9.79],[43.51,9.79],[43.51,9.79],[43.51,9.79],[43.52,9.79],[43.52,9.79],[43.52,9.79],[43.52,9.79],[43.52,9.79],[43.52,9.79],[43.52,9.79],[43.52,9.79],[43.52,9.8],[43.52,9.8],[43.52,9.8],[43.52,9.8],[43.53,9.8],[43.53,9.8],[43.53,9.8],[43.53,9.8],[43.53,9.8],[43.53,9.8],[43.53,9.8],[43.53,9.8],[43.54,9.81],[43.54,9.81],[43.54,9.81],[43.55,9.81],[43.55,9.81],[43.55,9.81],[43.55,9.81],[43.55,9.82],[43.55,9.82],[43.55,9.82],[43.55,9.82],[43.56,9.82],[43.56,9.82],[43.56,9.82],[43.56,9.82],[43.56,9.82],[43.56,9.82],[43.56,9.82],[43.56,9.82],[43.56,9.82],[43.56,9.82],[43.56,9.82],[43.56,9.82],[43.56,9.82],[43.56,9.82],[43.56,9.82],[43.57,9.82],[43.57,9.83],[43.57,9.83],[43.57,9.83],[43.57,9.83],[43.57,9.83],[43.57,9.83],[43.57,9.83],[43.57,9.83],[43.57,9.83],[43.57,9.83],[43.57,9.83],[43.57,9.83],[43.57,9.83],[43.58,9.83],[43.58,9.83],[43.58,9.83],[43.58,9.83],[43.58,9.83],[43.58,9.83],[43.58,9.83],[43.58,9.83],[43.58,9.83],[43.58,9.83],[43.58,9.83],[43.58,9.83],[43.58,9.83],[43.58,9.83],[43.58,9.83],[43.58,9.83],[43.59,9.83],[43.59,9.83],[43.59,9.84],[43.59,9.84],[43.59,9.84],[43.59,9.84],[43.59,9.84],[43.59,9.84],[43.59,9.84],[43.59,9.84],[43.59,9.84],[43.59,9.84],[43.59,9.84],[43.59,9.84],[43.6,9.84],[43.6,9.84],[43.6,9.84],[43.6,9.84],[43.6,9.84],[43.6,9.84],[43.6,9.84],[43.6,9.84],[43.6,9.84],[43.6,9.84],[43.6,9.84],[43.6,9.84],[43.61,9.84],[43.61,9.84],[43.61,9.84],[43.61,9.84],[43.61,9.84],[43.61,9.84],[43.61,9.84],[43.61,9.84],[43.61,9.84],[43.61,9.84],[43.61,9.84],[43.61,9.84],[43.62,9.84],[43.62,9.84],[43.62,9.84],[43.62,9.84],[43.62,9.84],[43.62,9.84],[43.62,9.84],[43.62,9.84],[43.62,9.84],[43.62,9.84],[43.62,9.84],[43.63,9.84],[43.63,9.84],[43.63,9.84],[43.63,9.84],[43.63,9.85],[43.63,9.85],[43.64,9.85],[43.64,9.85],[43.64,9.85],[43.65,9.85],[43.65,9.85],[43.65,9.85],[43.65,9.85],[43.65,9.85],[43.65,9.85],[43.65,9.85],[43.65,9.85],[43.65,9.85],[43.66,9.85],[43.66,9.85],[43.66,9.85],[43.66,9.85],[43.66,9.85],[43.66,9.85],[43.66,9.85],[43.66,9.85],[43.66,9.85],[43.66,9.85],[43.66,9.85],[43.67,9.85],[43.67,9.85],[43.67,9.85],[43.67,9.85],[43.67,9.85],[43.67,9.85],[43.67,9.85],[43.67,9.85],[43.67,9.85],[43.67,9.85],[43.67,9.85],[43.67,9.85],[43.68,9.85],[43.68,9.85],[43.68,9.85],[43.68,9.85],[43.68,9.85],[43.68,9.85],[43.68,9.85],[43.68,9.85],[43.68,9.85],[43.68,9.85],[43.68,9.85],[43.68,9.85],[43.68,9.85],[43.68,9.85],[43.69,9.86],[43.69,9.86],[43.69,9.86],[43.69,9.86],[43.69,9.86],[43.69,9.86],[43.69,9.86],[43.69,9.86],[43.69,9.86],[43.69,9.86],[43.69,9.86],[43.69,9.86],[43.69,9.86],[43.69,9.86],[43.69,9.86],[43.69,9.86],[43.69,9.86],[43.7,9.86],[43.7,9.86],[43.7,9.86],[43.7,9.86],[43.7,9.86],[43.7,9.86],[43.7,9.86],[43.7,9.86],[43.7,9.86],[43.7,9.86],[43.7,9.86],[43.7,9.86],[43.7,9.86],[43.7,9.86],[43.7,9.86],[43.7,9.86],[43.7,9.86],[43.7,9.86],[43.7,9.86],[43.7,9.86],[43.7,9.86],[43.71,9.86],[43.71,9.86],[43.71,9.87],[43.71,9.87],[43.71,9.87],[43.71,9.87],[43.71,9.87],[43.71,9.87],[43.71,9.87],[43.71,9.87],[43.71,9.87],[43.71,9.87],[43.71,9.87],[43.71,9.87],[43.71,9.87],[43.71,9.87],[43.71,9.87],[43.71,9.87],[43.71,9.87],[43.72,9.87],[43.72,9.87],[43.72,9.87],[43.72,9.87],[43.72,9.87],[43.72,9.87],[43.72,9.87],[43.72,9.87],[43.72,9.87],[43.72,9.87],[43.72,9.87],[43.72,9.87],[43.72,9.88],[43.72,9.88],[43.72,9.88],[43.72,9.88],[43.72,9.88],[43.72,9.88],[43.73,9.88],[43.73,9.88],[43.73,9.88],[43.73,9.88],[43.73,9.88],[43.73,9.88],[43.73,9.88],[43.73,9.88],[43.73,9.88],[43.73,9.88],[43.73,9.89],[43.74,9.89],[43.74,9.89],[43.74,9.89],[43.74,9.89],[43.74,9.89],[43.74,9.89],[43.74,9.89],[43.74,9.89],[43.74,9.89],[43.74,9.89],[43.75,9.9],[43.75,9.9],[43.75,9.9],[43.75,9.9],[43.75,9.9],[43.75,9.9],[43.76,9.91],[43.76,9.91],[43.76,9.91],[43.76,9.91],[43.77,9.91],[43.77,9.92],[43.77,9.92],[43.77,9.92],[43.77,9.92],[43.77,9.92],[43.77,9.92],[43.77,9.92],[43.77,9.92],[43.77,9.92],[43.77,9.92],[43.78,9.92],[43.78,9.92],[43.78,9.92],[43.78,9.92],[43.78,9.93],[43.78,9.93],[43.78,9.93],[43.78,9.93],[43.78,9.93],[43.78,9.93],[43.78,9.93],[43.78,9.93],[43.78,9.93],[43.78,9.93],[43.79,9.93],[43.79,9.93],[43.79,9.93],[43.79,9.93],[43.79,9.93],[43.79,9.93],[43.79,9.94],[43.79,9.94],[43.79,9.94],[43.79,9.94],[43.79,9.94],[43.79,9.94],[43.79,9.94],[43.8,9.94],[43.8,9.94],[43.8,9.94],[43.8,9.94],[43.8,9.94],[43.8,9.94],[43.8,9.94],[43.8,9.94],[43.8,9.94],[43.8,9.94],[43.8,9.94],[43.8,9.94],[43.8,9.94],[43.81,9.95],[43.81,9.95],[43.81,9.95],[43.82,9.95],[43.82,9.95],[43.82,9.95],[43.82,9.96],[43.82,9.96],[43.83,9.96],[43.83,9.96],[43.83,9.96],[43.83,9.96],[43.83,9.96],[43.83,9.96],[43.83,9.96],[43.83,9.96],[43.84,9.96],[43.84,9.96],[43.84,9.96],[43.84,9.97],[43.84,9.97],[43.84,9.97],[43.84,9.97],[43.84,9.97],[43.84,9.97],[43.85,9.97],[43.85,9.97],[43.85,9.97],[43.85,9.97],[43.85,9.97],[43.85,9.97],[43.85,9.97],[43.85,9.97],[43.85,9.97],[43.86,9.97],[43.86,9.98],[43.86,9.98],[43.86,9.98],[43.86,9.98],[43.86,9.98],[43.86,9.98],[43.86,9.98],[43.86,9.98],[43.86,9.98],[43.87,9.98],[43.87,9.98],[43.87,9.98],[43.87,9.98],[43.87,9.98],[43.87,9.98],[43.87,9.98],[43.87,9.98],[43.87,9.98],[43.87,9.99],[43.88,9.99],[43.88,9.99],[43.88,9.99],[43.88,9.99],[43.88,9.99],[43.88,9.99],[43.88,9.99],[43.88,9.99],[43.88,9.99],[43.88,9.99],[43.89,9.99],[43.89,9.99],[43.89,9.99],[43.89,9.99],[43.89,9.99],[43.89,9.99],[43.89,9.99],[43.89,9.99],[43.89,9.99],[43.89,9.99],[43.9,9.99],[43.9,10],[43.9,10],[43.9,10],[43.9,10],[43.9,10],[43.9,10],[43.9,10],[43.9,10],[43.9,10],[43.91,10],[43.91,10],[43.91,10],[43.91,10],[43.91,10],[43.91,10],[43.91,10],[43.91,10],[43.91,10],[43.91,10],[43.91,10],[43.92,10],[43.92,10],[43.92,10],[43.92,10],[43.92,10],[43.92,10],[43.92,10.01],[43.92,10.01],[43.92,10.01],[43.92,10.01],[43.92,10.01],[43.93,10.01],[43.93,10.01],[43.93,10.01],[43.93,10.01],[43.93,10.01],[43.93,10.01],[43.93,10.01],[43.93,10.01],[43.93,10.01],[43.93,10.01],[43.94,10.01],[43.94,10.01],[43.94,10.01],[43.94,10.01],[43.94,10.01],[43.94,10.01],[43.94,10.01],[43.94,10.01],[43.94,10.01],[43.94,10.01],[43.94,10.01],[43.94,10.01],[43.94,10.01],[43.94,10.01],[43.94,10.01],[43.94,10.01],[43.94,10.01],[43.95,10.01],[43.95,10.01],[43.95,10.01],[43.95,10.01],[43.95,10.01],[43.95,10.01],[43.95,10.01],[43.95,10.01],[43.95,10.01],[43.95,10.01],[43.95,10.01],[43.95,10.01],[43.95,10.01],[43.95,10.01],[43.95,10.01],[43.95,10.01],[43.95,10.01],[43.95,10.01],[43.96,10.01],[43.96,10.01],[43.96,10.01],[43.96,10.01],[43.96,10.01],[43.96,10.01],[43.96,10.01],[43.96,10.01],[43.96,10.01],[43.96,10.01],[43.96,10.01],[43.96,10.01],[43.96,10.01],[43.96,10.01],[43.96,10.01],[43.96,10.01],[43.97,10.01],[43.97,10.01],[43.97,10.01],[43.97,10.01],[43.97,10.01],[43.97,10.01],[43.97,10.01],[43.97,10.01],[43.98,10.01],[43.98,10.01],[43.98,10.01],[43.98,10.01],[43.99,10.01],[43.99,10.01],[43.99,10.01],[43.99,10.01],[43.99,10.01],[43.99,10.01],[43.99,10.01],[43.99,10.01],[43.99,10.01],[43.99,10.01],[44,10.01],[44,10.01],[44,10.01],[44,10.01],[44,10.01],[44,10.01],[44,10.01],[44,10.01],[44,10.01],[44,10.01],[44,10.01],[44,10.01],[44,10.01],[44,10.01],[44,10.02],[44,10.02],[44.01,10.02],[44.01,10.02],[44.01,10.02],[44.01,10.02],[44.01,10.02],[44.01,10.02],[44.01,10.02],[44.01,10.02],[44.01,10.02],[44.01,10.02],[44.01,10.02],[44.01,10.02],[44.01,10.02],[44.01,10.02],[44.01,10.02],[44.01,10.02],[44.01,10.02],[44.01,10.02],[44.01,10.02],[44.01,10.02],[44.01,10.02],[44.01,10.02],[44.01,10.02],[44.02,10.02],[44.02,10.02],[44.02,10.02],[44.02,10.02],[44.02,10.02],[44.02,10.02],[44.02,10.02],[44.02,10.02],[44.02,10.02],[44.02,10.02],[44.02,10.02],[44.02,10.02],[44.02,10.02],[44.02,10.02],[44.02,10.02],[44.02,10.02],[44.02,10.02],[44.02,10.02],[44.02,10.02],[44.02,10.02],[44.02,10.02],[44.02,10.02],[44.02,10.02],[44.02,10.02],[44.02,10.02],[44.02,10.02],[44.02,10.02],[44.03,10.02],[44.03,10.02],[44.03,10.02],[44.03,10.02],[44.03,10.02],[44.03,10.02],[44.03,10.02],[44.03,10.02],[44.03,10.02],[44.03,10.02],[44.03,10.02],[44.03,10.02],[44.03,10.02],[44.03,10.02],[44.03,10.02],[44.03,10.02],[44.03,10.03],[44.03,10.03],[44.03,10.03],[44.03,10.03],[44.03,10.03],[44.03,10.03],[44.03,10.03],[44.03,10.03],[44.03,10.03],[44.03,10.03],[44.03,10.03],[44.03,10.03],[44.03,10.03],[44.03,10.03],[44.03,10.03],[44.03,10.03],[44.03,10.03],[44.03,10.03],[44.03,10.03],[44.03,10.03],[44.03,10.03],[44.03,10.03],[44.03,10.03],[44.03,10.03],[44.03,10.03],[44.03,10.03],[44.03,10.03],[44.03,10.03],[44.03,10.03],[44.03,10.03],[44.04,10.03],[44.04,10.03],[44.04,10.03],[44.04,10.03],[44.04,10.03],[44.04,10.03],[44.04,10.03],[44.04,10.03],[44.04,10.03],[44.04,10.03],[44.04,10.03],[44.04,10.03],[44.04,10.04],[44.04,10.04],[44.04,10.04],[44.04,10.04],[44.04,10.04],[44.04,10.04],[44.04,10.04],[44.04,10.04],[44.04,10.04],[44.04,10.04],[44.04,10.04],[44.04,10.05],[44.04,10.05],[44.04,10.05],[44.04,10.05],[44.04,10.05],[44.04,10.05],[44.04,10.05],[44.04,10.05],[44.04,10.05],[44.05,10.05],[44.05,10.05],[44.05,10.05],[44.05,10.05],[44.05,10.05],[44.05,10.05],[44.05,10.05],[44.05,10.05],[44.05,10.06],[44.05,10.06],[44.05,10.06],[44.05,10.06],[44.05,10.06],[44.05,10.06],[44.05,10.06],[44.05,10.06],[44.05,10.06],[44.05,10.06],[44.05,10.06],[44.05,10.06],[44.05,10.06],[44.05,10.06],[44.05,10.06],[44.05,10.06],[44.05,10.06],[44.05,10.06],[44.05,10.06],[44.05,10.06],[44.05,10.06],[44.05,10.06],[44.05,10.06],[44.05,10.06],[44.05,10.06],[44.05,10.06],[44.05,10.06],[44.05,10.06],[44.05,10.06],[44.05,10.06],[44.05,10.06],[44.05,10.06],[44.05,10.06],[44.05,10.06],[44.05,10.06],[44.05,10.06],[44.05,10.06],[44.05,10.06],[44.05,10.06],[44.05,10.06],[44.05,10.06],[44.06,10.06],[44.06,10.07],[44.06,10.07],[44.06,10.07],[44.06,10.07],[44.06,10.07],[44.06,10.07],[44.06,10.07],[44.06,10.07],[44.06,10.07],[44.06,10.07],[44.06,10.07],[44.06,10.07],[44.06,10.07],[44.06,10.07],[44.06,10.07],[44.06,10.07],[44.06,10.07],[44.06,10.07],[44.06,10.07],[44.06,10.07],[44.06,10.07],[44.06,10.07],[44.06,10.07],[44.06,10.07],[44.06,10.07],[44.06,10.07],[44.06,10.07],[44.06,10.07],[44.06,10.07],[44.06,10.07],[44.06,10.07],[44.06,10.07],[44.07,10.07],[44.07,10.07],[44.07,10.07],[44.07,10.07],[44.07,10.07],[44.07,10.07],[44.07,10.07],[44.07,10.07],[44.07,10.07],[44.07,10.07],[44.07,10.07],[44.07,10.07],[44.07,10.07],[44.07,10.07],[44.07,10.07],[44.07,10.07],[44.07,10.07],[44.07,10.07],[44.07,10.07],[44.07,10.07],[44.07,10.07],[44.07,10.07],[44.08,10.07],[44.08,10.07],[44.08,10.07],[44.08,10.07],[44.08,10.07],[44.08,10.07],[44.08,10.07],[44.08,10.07],[44.08,10.07],[44.08,10.08],[44.08,10.08],[44.08,10.08],[44.08,10.08],[44.09,10.08],[44.09,10.08],[44.09,10.08],[44.09,10.08],[44.09,10.08],[44.09,10.08],[44.09,10.08],[44.09,10.08],[44.09,10.08],[44.09,10.08],[44.1,10.08],[44.1,10.08],[44.1,10.08],[44.1,10.08],[44.1,10.08],[44.11,10.08],[44.11,10.08],[44.11,10.08],[44.11,10.08],[44.11,10.08],[44.11,10.08],[44.11,10.08],[44.11,10.08],[44.11,10.08],[44.11,10.08],[44.11,10.08],[44.12,10.08],[44.12,10.08],[44.12,10.08],[44.12,10.08],[44.12,10.08],[44.12,10.08],[44.12,10.08],[44.12,10.08],[44.12,10.08],[44.12,10.08],[44.12,10.08],[44.12,10.08],[44.12,10.08],[44.12,10.08],[44.12,10.08],[44.12,10.08],[44.12,10.08],[44.13,10.08],[44.13,10.08],[44.13,10.08],[44.13,10.08],[44.13,10.08],[44.13,10.08],[44.13,10.08],[44.13,10.08],[44.13,10.08],[44.13,10.08],[44.13,10.08],[44.13,10.08],[44.13,10.08],[44.13,10.08],[44.13,10.08],[44.13,10.08],[44.13,10.08],[44.13,10.08],[44.13,10.08],[44.14,10.08],[44.14,10.08],[44.14,10.08],[44.14,10.08],[44.14,10.08],[44.14,10.08],[44.14,10.09],[44.14,10.09],[44.14,10.09],[44.14,10.09],[44.14,10.09],[44.14,10.09],[44.14,10.09],[44.14,10.09],[44.14,10.09],[44.14,10.09],[44.14,10.09],[44.14,10.09],[44.14,10.09],[44.14,10.09],[44.14,10.09],[44.14,10.09],[44.14,10.09],[44.14,10.09],[44.14,10.09],[44.15,10.09],[44.15,10.09],[44.15,10.09],[44.15,10.09],[44.15,10.09],[44.15,10.09],[44.15,10.09],[44.15,10.09],[44.15,10.09],[44.15,10.09],[44.15,10.09],[44.15,10.09],[44.15,10.09],[44.15,10.09],[44.15,10.09],[44.15,10.09],[44.15,10.09],[44.15,10.09],[44.15,10.09],[44.15,10.09],[44.15,10.09],[44.15,10.09],[44.15,10.09],[44.15,10.1],[44.15,10.1],[44.15,10.1],[44.16,10.1],[44.16,10.1],[44.16,10.1],[44.16,10.1],[44.16,10.1],[44.16,10.1],[44.16,10.1],[44.16,10.1],[44.16,10.1],[44.16,10.1],[44.16,10.1],[44.16,10.1],[44.16,10.1],[44.16,10.1],[44.16,10.1],[44.16,10.1],[44.16,10.1],[44.16,10.1],[44.16,10.1],[44.16,10.1],[44.16,10.1],[44.16,10.1],[44.17,10.1],[44.17,10.11],[44.17,10.11],[44.17,10.11],[44.17,10.11],[44.17,10.11],[44.17,10.11],[44.17,10.11],[44.17,10.11],[44.17,10.11],[44.17,10.11],[44.17,10.11],[44.17,10.11],[44.18,10.11],[44.18,10.11],[44.18,10.12],[44.18,10.12],[44.18,10.12],[44.18,10.12],[44.18,10.12],[44.18,10.12],[44.18,10.12],[44.18,10.12],[44.19,10.13],[44.19,10.13],[44.19,10.13],[44.19,10.13],[44.19,10.13],[44.19,10.13],[44.19,10.13],[44.19,10.13],[44.2,10.13],[44.2,10.14],[44.2,10.14],[44.2,10.14],[44.2,10.14],[44.2,10.14],[44.2,10.14],[44.2,10.14],[44.2,10.14],[44.2,10.14],[44.2,10.14],[44.2,10.14],[44.21,10.14],[44.21,10.15],[44.21,10.15],[44.21,10.15],[44.21,10.15],[44.21,10.15],[44.21,10.15],[44.21,10.15],[44.21,10.15],[44.21,10.15],[44.21,10.15],[44.21,10.15],[44.21,10.15],[44.21,10.15],[44.21,10.15],[44.21,10.15],[44.21,10.15],[44.22,10.15],[44.22,10.15],[44.22,10.15],[44.22,10.15],[44.22,10.15],[44.22,10.15],[44.22,10.15],[44.22,10.15],[44.22,10.15],[44.22,10.16],[44.22,10.16],[44.22,10.16],[44.22,10.16],[44.22,10.16],[44.22,10.16],[44.22,10.16],[44.22,10.16],[44.22,10.16],[44.22,10.16],[44.22,10.16],[44.22,10.16],[44.22,10.16],[44.22,10.16],[44.22,10.16],[44.22,10.16],[44.22,10.16],[44.22,10.16],[44.23,10.16],[44.23,10.16],[44.23,10.16],[44.23,10.16],[44.23,10.16],[44.23,10.16],[44.23,10.16],[44.23,10.16],[44.23,10.16],[44.23,10.16],[44.23,10.16],[44.23,10.16],[44.23,10.16],[44.23,10.16],[44.23,10.16],[44.23,10.16],[44.23,10.16],[44.23,10.16],[44.23,10.16],[44.23,10.16],[44.23,10.16],[44.23,10.16],[44.23,10.16],[44.23,10.16],[44.23,10.16],[44.23,10.16],[44.23,10.16],[44.23,10.16],[44.24,10.16],[44.24,10.16],[44.24,10.16],[44.24,10.16],[44.24,10.17],[44.24,10.17],[44.24,10.17],[44.24,10.17],[44.24,10.17],[44.24,10.17],[44.24,10.17],[44.24,10.17],[44.24,10.17],[44.24,10.17],[44.24,10.17],[44.25,10.17],[44.25,10.17],[44.25,10.17],[44.25,10.17],[44.25,10.17],[44.25,10.17],[44.25,10.17],[44.25,10.17],[44.25,10.17],[44.25,10.17],[44.25,10.17],[44.25,10.17],[44.25,10.17],[44.26,10.17],[44.26,10.17],[44.26,10.17],[44.26,10.17],[44.26,10.17],[44.26,10.17],[44.26,10.17],[44.26,10.17],[44.26,10.17],[44.26,10.17],[44.26,10.17],[44.26,10.17],[44.26,10.17],[44.27,10.17],[44.27,10.17],[44.27,10.17],[44.27,10.17],[44.27,10.17],[44.27,10.17],[44.27,10.17],[44.27,10.17],[44.27,10.17],[44.27,10.17],[44.27,10.17],[44.27,10.17],[44.28,10.17],[44.28,10.17],[44.28,10.17],[44.28,10.17],[44.28,10.17],[44.28,10.17],[44.28,10.17],[44.28,10.17],[44.28,10.17],[44.28,10.17],[44.28,10.17],[44.29,10.17],[44.29,10.17],[44.29,10.17],[44.29,10.17],[44.29,10.17],[44.29,10.17],[44.29,10.17],[44.29,10.17],[44.29,10.17],[44.29,10.17],[44.29,10.17],[44.3,10.17],[44.3,10.17],[44.3,10.17],[44.3,10.17],[44.3,10.17],[44.3,10.17],[44.3,10.17],[44.3,10.17],[44.3,10.17],[44.3,10.17],[44.3,10.17],[44.31,10.17],[44.31,10.17],[44.31,10.17],[44.31,10.17],[44.31,10.17],[44.31,10.17],[44.31,10.17],[44.31,10.17],[44.31,10.17],[44.31,10.17],[44.32,10.17],[44.32,10.17],[44.32,10.17],[44.32,10.17],[44.32,10.17],[44.32,10.17],[44.33,10.17],[44.33,10.17],[44.33,10.17],[44.33,10.17],[44.33,10.17],[44.33,10.17],[44.34,10.17],[44.34,10.17],[44.34,10.17],[44.35,10.17],[44.35,10.17],[44.36,10.17],[44.36,10.17],[44.36,10.17],[44.36,10.17],[44.36,10.17],[44.37,10.17],[44.37,10.17],[44.37,10.17],[44.37,10.17],[44.37,10.17],[44.37,10.17],[44.38,10.17],[44.38,10.17],[44.38,10.17],[44.38,10.17],[44.38,10.17],[44.38,10.17],[44.38,10.17],[44.38,10.17],[44.38,10.17],[44.38,10.17],[44.39,10.17],[44.39,10.17],[44.39,10.17],[44.39,10.17],[44.39,10.17],[44.39,10.17],[44.39,10.17],[44.39,10.17],[44.39,10.17],[44.39,10.16],[44.39,10.16],[44.4,10.16],[44.4,10.16],[44.4,10.16],[44.4,10.16],[44.4,10.16],[44.4,10.16],[44.4,10.16],[44.4,10.16],[44.4,10.16],[44.4,10.16],[44.4,10.16],[44.41,10.16],[44.41,10.16],[44.41,10.16],[44.41,10.16],[44.41,10.16],[44.41,10.16],[44.41,10.16],[44.41,10.16],[44.41,10.16],[44.41,10.16],[44.41,10.16],[44.42,10.16],[44.42,10.16],[44.42,10.16],[44.42,10.16],[44.42,10.16],[44.42,10.16],[44.42,10.16],[44.42,10.16],[44.42,10.16],[44.42,10.16],[44.42,10.16],[44.43,10.16],[44.43,10.16],[44.43,10.16],[44.43,10.16],[44.43,10.16],[44.43,10.16],[44.43,10.16],[44.43,10.16],[44.43,10.16],[44.43,10.16],[44.44,10.16],[44.44,10.16],[44.44,10.16],[44.44,10.16],[44.44,10.16],[44.44,10.16],[44.45,10.16],[44.45,10.16],[44.45,10.15],[44.45,10.15],[44.45,10.15],[44.46,10.15],[44.46,10.15],[44.46,10.15],[44.46,10.15],[44.47,10.15],[44.47,10.15],[44.47,10.15],[44.47,10.15],[44.47,10.15],[44.48,10.15],[44.48,10.15],[44.48,10.15],[44.48,10.15],[44.49,10.15],[44.49,10.14],[44.49,10.14],[44.49,10.14],[44.5,10.14],[44.5,10.14],[44.5,10.14],[44.51,10.14],[44.52,10.14],[44.52,10.14],[44.52,10.13],[44.53,10.13],[44.53,10.13],[44.53,10.13],[44.53,10.13],[44.53,10.13],[44.54,10.13],[44.54,10.13],[44.54,10.13],[44.54,10.13],[44.54,10.13],[44.54,10.13],[44.55,10.13],[44.55,10.13],[44.55,10.13],[44.55,10.13],[44.55,10.13],[44.56,10.13],[44.56,10.13],[44.56,10.13],[44.56,10.12],[44.56,10.12],[44.56,10.12],[44.57,10.12],[44.57,10.12],[44.57,10.12],[44.57,10.12],[44.57,10.12],[44.58,10.12],[44.58,10.12],[44.58,10.12],[44.58,10.12],[44.58,10.12],[44.58,10.12],[44.58,10.12],[44.59,10.12],[44.59,10.12],[44.59,10.12],[44.59,10.12],[44.59,10.12],[44.59,10.12],[44.59,10.12],[44.59,10.12],[44.59,10.12],[44.59,10.12],[44.6,10.12],[44.6,10.12],[44.6,10.12],[44.6,10.12],[44.6,10.12],[44.6,10.12],[44.6,10.12],[44.6,10.12],[44.6,10.12],[44.6,10.12],[44.6,10.12],[44.61,10.12],[44.61,10.12],[44.61,10.12],[44.61,10.12],[44.61,10.12],[44.61,10.11],[44.61,10.11],[44.61,10.11],[44.61,10.11],[44.61,10.11],[44.61,10.11],[44.62,10.11],[44.62,10.11],[44.62,10.11],[44.62,10.11],[44.62,10.11],[44.62,10.11],[44.62,10.11],[44.62,10.11],[44.62,10.11],[44.62,10.11],[44.62,10.11],[44.62,10.11],[44.63,10.11],[44.63,10.11],[44.63,10.11],[44.63,10.11],[44.63,10.11],[44.63,10.11],[44.63,10.11],[44.63,10.11],[44.63,10.11],[44.63,10.11],[44.63,10.11],[44.63,10.11],[44.63,10.11],[44.64,10.11],[44.64,10.11],[44.64,10.11],[44.64,10.11],[44.64,10.11],[44.64,10.11],[44.64,10.11],[44.64,10.11],[44.64,10.11],[44.64,10.11],[44.64,10.11],[44.64,10.11],[44.65,10.11],[44.65,10.11],[44.65,10.11],[44.65,10.11],[44.65,10.11],[44.65,10.11],[44.65,10.11],[44.65,10.11],[44.65,10.11],[44.65,10.11],[44.65,10.11],[44.65,10.11],[44.65,10.11],[44.66,10.11],[44.66,10.11],[44.66,10.11],[44.66,10.11],[44.66,10.11],[44.66,10.11],[44.66,10.11],[44.66,10.11],[44.66,10.11],[44.66,10.11],[44.66,10.11],[44.66,10.11],[44.67,10.11],[44.67,10.11],[44.67,10.11],[44.67,10.11],[44.67,10.11],[44.67,10.11],[44.67,10.11],[44.67,10.11],[44.67,10.11],[44.67,10.11],[44.67,10.11],[44.68,10.11],[44.68,10.11],[44.68,10.11],[44.68,10.11],[44.68,10.11],[44.68,10.11],[44.68,10.11],[44.68,10.11],[44.68,10.11],[44.69,10.11],[44.69,10.11],[44.69,10.11],[44.69,10.11],[44.69,10.11],[44.69,10.11],[44.7,10.11],[44.7,10.11],[44.7,10.11],[44.7,10.11],[44.7,10.11],[44.7,10.11],[44.71,10.11],[44.71,10.11],[44.71,10.11],[44.71,10.12],[44.71,10.12],[44.72,10.12],[44.72,10.12],[44.72,10.12],[44.72,10.12],[44.72,10.12],[44.73,10.12],[44.73,10.12],[44.73,10.12],[44.74,10.12],[44.75,10.12],[44.75,10.12],[44.75,10.12],[44.75,10.12],[44.76,10.12],[44.76,10.12],[44.76,10.12],[44.76,10.12],[44.77,10.12],[44.77,10.12],[44.77,10.12],[44.77,10.12],[44.78,10.12],[44.78,10.12],[44.78,10.12],[44.78,10.12],[44.78,10.12],[44.78,10.12],[44.78,10.12],[44.79,10.12],[44.79,10.12],[44.79,10.12],[44.79,10.12],[44.79,10.12],[44.79,10.12],[44.79,10.12],[44.79,10.12],[44.8,10.12],[44.8,10.12],[44.8,10.12],[44.8,10.12],[44.8,10.12],[44.8,10.12],[44.8,10.12],[44.8,10.12],[44.8,10.12],[44.81,10.12],[44.81,10.12],[44.81,10.12],[44.81,10.12],[44.81,10.12],[44.81,10.12],[44.81,10.12],[44.81,10.12],[44.81,10.12],[44.82,10.12],[44.82,10.12],[44.82,10.12],[44.82,10.12],[44.82,10.12],[44.82,10.12],[44.82,10.12],[44.82,10.12],[44.83,10.12],[44.83,10.12],[44.83,10.12],[44.83,10.12],[44.83,10.12],[44.83,10.12],[44.83,10.12],[44.83,10.12],[44.83,10.12],[44.84,10.12],[44.84,10.12],[44.84,10.12],[44.84,10.12],[44.84,10.12],[44.84,10.12],[44.84,10.12],[44.84,10.12],[44.84,10.12],[44.85,10.12],[44.85,10.12],[44.85,10.12],[44.85,10.12],[44.85,10.12],[44.85,10.12],[44.85,10.12],[44.85,10.12],[44.85,10.12],[44.86,10.12],[44.86,10.12],[44.86,10.12],[44.86,10.12],[44.86,10.12],[44.86,10.12],[44.86,10.12],[44.86,10.12],[44.86,10.12],[44.86,10.12],[44.87,10.12],[44.87,10.12],[44.87,10.12],[44.87,10.12],[44.87,10.12],[44.87,10.12],[44.87,10.12],[44.87,10.12],[44.87,10.12],[44.87,10.12],[44.88,10.12],[44.88,10.12],[44.88,10.12],[44.88,10.12],[44.88,10.12],[44.88,10.12],[44.88,10.12],[44.88,10.12],[44.88,10.12],[44.88,10.12],[44.89,10.12],[44.89,10.12],[44.89,10.12],[44.89,10.12],[44.89,10.12],[44.89,10.11],[44.89,10.11],[44.89,10.11],[44.89,10.11],[44.89,10.11],[44.89,10.11],[44.89,10.11],[44.89,10.11],[44.89,10.11],[44.89,10.11],[44.9,10.11],[44.9,10.11],[44.9,10.11],[44.9,10.11],[44.9,10.11],[44.9,10.11],[44.9,10.11],[44.9,10.11],[44.9,10.11],[44.9,10.11],[44.9,10.11],[44.9,10.11],[44.9,10.11],[44.9,10.11],[44.91,10.11],[44.91,10.11],[44.91,10.11],[44.91,10.11],[44.91,10.11],[44.91,10.11],[44.91,10.11],[44.91,10.1],[44.91,10.1],[44.91,10.1],[44.92,10.1],[44.92,10.1],[44.92,10.1],[44.92,10.1],[44.92,10.1],[44.92,10.1],[44.93,10.1],[44.93,10.09],[44.93,10.09],[44.93,10.09],[44.94,10.09],[44.94,10.09],[44.94,10.09],[44.94,10.09],[44.94,10.09],[44.94,10.09],[44.95,10.09],[44.95,10.09],[44.95,10.09],[44.95,10.09],[44.95,10.09],[44.95,10.09],[44.95,10.09],[44.95,10.08],[44.95,10.08],[44.95,10.08],[44.95,10.08],[44.95,10.08],[44.95,10.08],[44.96,10.08],[44.96,10.08],[44.96,10.08],[44.96,10.08],[44.96,10.08],[44.96,10.08],[44.96,10.08],[44.96,10.08],[44.96,10.08],[44.96,10.08],[44.96,10.08],[44.96,10.08],[44.96,10.08],[44.96,10.08],[44.97,10.08],[44.97,10.08],[44.97,10.08],[44.97,10.08],[44.97,10.08],[44.97,10.08],[44.97,10.08],[44.97,10.08],[44.97,10.08],[44.97,10.08],[44.97,10.08],[44.97,10.08],[44.97,10.08],[44.97,10.08],[44.97,10.08],[44.98,10.08],[44.98,10.07],[44.98,10.07],[44.98,10.07],[44.98,10.07],[44.98,10.07],[44.98,10.07],[44.98,10.07],[44.98,10.07],[44.99,10.07],[44.99,10.07],[44.99,10.07],[44.99,10.07],[44.99,10.07],[44.99,10.07],[45,10.07],[45,10.07],[45,10.07],[45,10.07],[45,10.07],[45,10.07],[45,10.07],[45.01,10.07],[45.01,10.07],[45.01,10.07],[45.01,10.07],[45.01,10.07],[45.01,10.07],[45.02,10.07],[45.02,10.07],[45.02,10.07],[45.02,10.07],[45.02,10.07],[45.02,10.06],[45.03,10.06],[45.03,10.06],[45.03,10.06],[45.03,10.06],[45.03,10.06],[45.03,10.06],[45.03,10.06],[45.04,10.06],[45.04,10.06],[45.04,10.06],[45.04,10.06],[45.04,10.06],[45.04,10.06],[45.05,10.06],[45.05,10.06],[45.05,10.06],[45.05,10.06],[45.05,10.06],[45.05,10.06],[45.05,10.06],[45.06,10.06],[45.06,10.06],[45.06,10.06],[45.06,10.06],[45.06,10.06],[45.06,10.06],[45.06,10.06],[45.07,10.06],[45.07,10.06],[45.07,10.06],[45.07,10.06],[45.07,10.06],[45.07,10.06],[45.07,10.06],[45.07,10.06],[45.07,10.06],[45.07,10.06],[45.08,10.06],[45.08,10.06],[45.08,10.06],[45.08,10.06],[45.08,10.06],[45.08,10.06],[45.08,10.06],[45.08,10.06],[45.08,10.06],[45.08,10.06],[45.08,10.06],[45.08,10.06],[45.08,10.06],[45.08,10.06],[45.09,10.06],[45.09,10.06],[45.09,10.06],[45.09,10.06],[45.09,10.06],[45.09,10.06],[45.09,10.06],[45.09,10.06],[45.09,10.06],[45.09,10.06],[45.09,10.06],[45.09,10.06],[45.09,10.06],[45.09,10.06],[45.09,10.06],[45.1,10.06],[45.1,10.06],[45.1,10.06],[45.1,10.06],[45.1,10.06],[45.1,10.06],[45.1,10.06],[45.1,10.06],[45.1,10.06],[45.1,10.06],[45.1,10.06],[45.1,10.06],[45.1,10.06],[45.1,10.06],[45.1,10.06],[45.11,10.06],[45.11,10.06],[45.11,10.06],[45.11,10.06],[45.11,10.06],[45.11,10.06],[45.11,10.06],[45.11,10.06],[45.11,10.06],[45.11,10.06],[45.11,10.06],[45.11,10.06],[45.11,10.06],[45.11,10.06],[45.11,10.06],[45.12,10.06],[45.12,10.06],[45.12,10.06],[45.12,10.07],[45.12,10.07],[45.12,10.07],[45.12,10.07],[45.12,10.07],[45.12,10.07],[45.12,10.07],[45.12,10.07],[45.12,10.07],[45.12,10.07],[45.12,10.07],[45.12,10.07],[45.12,10.07],[45.13,10.07],[45.13,10.07],[45.13,10.07],[45.13,10.07],[45.13,10.07],[45.13,10.07],[45.13,10.07],[45.13,10.07],[45.13,10.07],[45.13,10.07],[45.13,10.07],[45.13,10.07],[45.13,10.07],[45.13,10.07],[45.13,10.07],[45.13,10.07],[45.13,10.07],[45.14,10.07],[45.14,10.07],[45.14,10.07],[45.14,10.07],[45.14,10.07],[45.14,10.07],[45.14,10.07],[45.14,10.07],[45.14,10.07],[45.14,10.07],[45.14,10.07],[45.14,10.07],[45.14,10.07],[45.14,10.07],[45.14,10.07],[45.14,10.07],[45.14,10.07],[45.14,10.07],[45.15,10.07],[45.15,10.07],[45.15,10.07],[45.15,10.07],[45.15,10.07],[45.15,10.07],[45.15,10.07],[45.15,10.07],[45.15,10.07],[45.15,10.07],[45.15,10.07],[45.15,10.08],[45.15,10.08],[45.15,10.08],[45.15,10.08],[45.15,10.08],[45.15,10.08],[45.15,10.08],[45.16,10.08],[45.16,10.08],[45.16,10.08],[45.16,10.08],[45.16,10.08],[45.16,10.08],[45.16,10.08],[45.16,10.08],[45.16,10.08],[45.16,10.08],[45.16,10.08],[45.16,10.08],[45.16,10.08],[45.16,10.08],[45.16,10.08],[45.16,10.08],[45.16,10.08],[45.16,10.08],[45.16,10.08],[45.16,10.08],[45.16,10.08],[45.16,10.08],[45.16,10.08],[45.16,10.08],[45.17,10.08],[45.17,10.08],[45.17,10.08],[45.17,10.08],[45.17,10.08],[45.17,10.08],[45.17,10.08],[45.17,10.08],[45.17,10.08],[45.17,10.08],[45.17,10.09],[45.17,10.09],[45.17,10.09],[45.17,10.09],[45.17,10.09],[45.17,10.09],[45.18,10.09],[45.18,10.09],[45.18,10.09],[45.18,10.09],[45.18,10.09],[45.18,10.09],[45.18,10.09],[45.19,10.1],[45.19,10.1],[45.19,10.1],[45.19,10.1],[45.19,10.1],[45.19,10.1],[45.19,10.1],[45.19,10.1],[45.19,10.1],[45.19,10.1],[45.19,10.1],[45.2,10.1],[45.2,10.1],[45.2,10.1],[45.2,10.1],[45.2,10.1],[45.2,10.11],[45.2,10.11],[45.2,10.11],[45.2,10.11],[45.2,10.11],[45.2,10.11],[45.2,10.11],[45.2,10.11],[45.2,10.11],[45.2,10.11],[45.2,10.11],[45.2,10.11],[45.2,10.11],[45.2,10.11],[45.2,10.11],[45.2,10.11],[45.2,10.11],[45.2,10.11],[45.2,10.11],[45.21,10.11],[45.21,10.11],[45.21,10.11],[45.21,10.11],[45.21,10.11],[45.21,10.11],[45.21,10.11],[45.21,10.11],[45.21,10.11],[45.21,10.11],[45.21,10.11],[45.21,10.11],[45.21,10.11],[45.21,10.11],[45.21,10.11],[45.21,10.11],[45.21,10.11],[45.21,10.11],[45.21,10.11],[45.21,10.11],[45.21,10.11],[45.21,10.11],[45.21,10.11],[45.22,10.11],[45.22,10.11],[45.22,10.12],[45.22,10.12],[45.22,10.12],[45.22,10.12],[45.22,10.12],[45.22,10.12],[45.22,10.12],[45.22,10.12],[45.22,10.12],[45.22,10.12],[45.22,10.12],[45.22,10.12],[45.22,10.12],[45.22,10.12],[45.23,10.12],[45.23,10.12],[45.23,10.12],[45.23,10.12],[45.23,10.12],[45.23,10.12],[45.23,10.12],[45.23,10.12],[45.23,10.12],[45.23,10.12],[45.23,10.12],[45.23,10.12],[45.23,10.12],[45.23,10.12],[45.23,10.12],[45.24,10.12],[45.24,10.12],[45.24,10.12],[45.24,10.12],[45.24,10.12],[45.24,10.12],[45.24,10.12],[45.24,10.12],[45.24,10.12],[45.24,10.12],[45.24,10.12],[45.24,10.12],[45.25,10.12],[45.25,10.12],[45.25,10.12],[45.25,10.12],[45.25,10.12],[45.25,10.12],[45.25,10.12],[45.25,10.12],[45.25,10.12],[45.26,10.12],[45.26,10.12],[45.26,10.12],[45.26,10.12],[45.27,10.12],[45.27,10.12],[45.27,10.12],[45.27,10.12],[45.27,10.12],[45.27,10.12],[45.27,10.12],[45.27,10.12],[45.27,10.12],[45.28,10.12],[45.28,10.12],[45.28,10.12],[45.28,10.12],[45.28,10.12],[45.28,10.12],[45.28,10.12],[45.28,10.12],[45.28,10.12],[45.28,10.12],[45.28,10.12],[45.28,10.12],[45.28,10.12],[45.28,10.12],[45.29,10.12],[45.29,10.12],[45.29,10.12],[45.29,10.12],[45.29,10.12],[45.29,10.12],[45.29,10.12],[45.29,10.12],[45.29,10.13],[45.29,10.13],[45.29,10.13],[45.29,10.13],[45.29,10.13],[45.29,10.13],[45.3,10.13],[45.3,10.13],[45.3,10.13],[45.3,10.13],[45.3,10.13],[45.3,10.13],[45.3,10.13],[45.3,10.13],[45.3,10.13],[45.3,10.13],[45.3,10.13],[45.3,10.13],[45.3,10.13],[45.3,10.13],[45.3,10.13],[45.3,10.13],[45.3,10.13],[45.31,10.13],[45.31,10.13],[45.31,10.13],[45.31,10.13],[45.31,10.13],[45.31,10.13],[45.31,10.13],[45.31,10.13],[45.31,10.13],[45.31,10.13],[45.31,10.13],[45.31,10.13],[45.31,10.13],[45.31,10.13],[45.31,10.13],[45.31,10.13],[45.31,10.13],[45.31,10.13],[45.32,10.13],[45.32,10.13],[45.32,10.13],[45.32,10.13],[45.32,10.13],[45.32,10.13],[45.32,10.14],[45.32,10.14],[45.32,10.14],[45.32,10.14],[45.32,10.14],[45.32,10.14],[45.32,10.14],[45.32,10.14],[45.32,10.14],[45.32,10.14],[45.32,10.14],[45.32,10.14],[45.32,10.14],[45.33,10.14],[45.33,10.14],[45.33,10.14],[45.33,10.14],[45.33,10.14],[45.33,10.14],[45.33,10.14],[45.33,10.14],[45.33,10.14],[45.33,10.14],[45.33,10.14],[45.33,10.14],[45.33,10.14],[45.33,10.14],[45.33,10.14],[45.33,10.14],[45.33,10.14],[45.34,10.15],[45.34,10.15],[45.34,10.15],[45.34,10.15],[45.34,10.15],[45.34,10.15],[45.34,10.15],[45.34,10.15],[45.34,10.15],[45.34,10.15],[45.34,10.15],[45.34,10.15],[45.34,10.15],[45.34,10.15],[45.35,10.15],[45.35,10.15],[45.35,10.15],[45.35,10.16],[45.35,10.16],[45.35,10.16],[45.35,10.16],[45.35,10.16],[45.35,10.16],[45.36,10.16],[45.36,10.16],[45.36,10.16],[45.36,10.16],[45.36,10.16],[45.36,10.16],[45.36,10.17],[45.36,10.17],[45.36,10.17],[45.36,10.17],[45.37,10.17],[45.37,10.17],[45.37,10.17],[45.38,10.18],[45.38,10.18],[45.38,10.18],[45.38,10.18],[45.38,10.18],[45.38,10.18],[45.39,10.19],[45.39,10.19],[45.39,10.19],[45.39,10.19],[45.39,10.19],[45.39,10.19],[45.39,10.19],[45.39,10.19],[45.4,10.19],[45.4,10.2],[45.4,10.2],[45.4,10.2],[45.4,10.2],[45.4,10.2],[45.4,10.2],[45.4,10.2],[45.4,10.2],[45.41,10.2],[45.41,10.2],[45.41,10.2],[45.41,10.2],[45.41,10.21],[45.41,10.21],[45.41,10.21],[45.41,10.21],[45.41,10.21],[45.42,10.21],[45.42,10.21],[45.42,10.21],[45.42,10.21],[45.42,10.21],[45.42,10.22],[45.42,10.22],[45.42,10.22],[45.42,10.22],[45.43,10.22],[45.43,10.22],[45.43,10.22],[45.43,10.22],[45.43,10.22],[45.43,10.22],[45.43,10.23],[45.43,10.23],[45.43,10.23],[45.43,10.23],[45.44,10.23],[45.44,10.23],[45.44,10.23],[45.44,10.23],[45.44,10.23],[45.44,10.24],[45.44,10.24],[45.44,10.24],[45.44,10.24],[45.45,10.24],[45.45,10.24],[45.45,10.24],[45.45,10.24],[45.45,10.24],[45.45,10.25],[45.45,10.25],[45.45,10.25],[45.45,10.25],[45.46,10.25],[45.46,10.25],[45.46,10.25],[45.46,10.25],[45.46,10.26],[45.46,10.26],[45.46,10.26],[45.46,10.26],[45.46,10.26],[45.47,10.26],[45.47,10.26],[45.47,10.26],[45.47,10.27],[45.47,10.27],[45.47,10.27],[45.47,10.27],[45.47,10.27],[45.47,10.27],[45.47,10.27],[45.47,10.27],[45.48,10.27],[45.48,10.28],[45.48,10.28],[45.48,10.28],[45.48,10.28],[45.48,10.28],[45.48,10.28],[45.48,10.28],[45.48,10.28],[45.48,10.28],[45.49,10.29],[45.49,10.29],[45.49,10.29],[45.49,10.29],[45.49,10.29],[45.49,10.29],[45.49,10.29],[45.49,10.29],[45.49,10.3],[45.49,10.3],[45.5,10.3],[45.5,10.3],[45.5,10.3],[45.5,10.3],[45.5,10.31],[45.5,10.31],[45.51,10.31],[45.51,10.31],[45.51,10.32],[45.51,10.32],[45.51,10.32],[45.52,10.33],[45.52,10.33],[45.52,10.33],[45.52,10.34],[45.53,10.35],[45.54,10.35],[45.54,10.36],[45.54,10.36],[45.54,10.36],[45.55,10.37],[45.55,10.37],[45.55,10.37],[45.55,10.37],[45.55,10.37],[45.55,10.38],[45.55,10.38],[45.56,10.38],[45.56,10.38],[45.56,10.38],[45.56,10.38],[45.56,10.39],[45.56,10.39],[45.56,10.39],[45.56,10.39],[45.57,10.39],[45.57,10.39],[45.57,10.39],[45.57,10.4],[45.57,10.4],[45.57,10.4],[45.57,10.4],[45.57,10.4],[45.58,10.4],[45.58,10.4],[45.58,10.41],[45.58,10.41],[45.58,10.41],[45.58,10.41],[45.58,10.41],[45.58,10.41],[45.59,10.42],[45.59,10.42],[45.59,10.42],[45.59,10.42],[45.59,10.42],[45.59,10.42],[45.59,10.42],[45.59,10.42],[45.59,10.43],[45.6,10.43],[45.6,10.43],[45.6,10.43],[45.6,10.43],[45.6,10.43],[45.6,10.43],[45.6,10.43],[45.6,10.44],[45.6,10.44],[45.61,10.44],[45.61,10.44],[45.61,10.44],[45.61,10.44],[45.61,10.44],[45.61,10.45],[45.61,10.45],[45.61,10.45],[45.62,10.45],[45.62,10.45],[45.62,10.45],[45.62,10.45],[45.62,10.45],[45.62,10.46],[45.62,10.46],[45.62,10.46],[45.63,10.46],[45.63,10.46],[45.63,10.46],[45.63,10.46],[45.63,10.46],[45.63,10.46],[45.63,10.47],[45.63,10.47],[45.63,10.47],[45.64,10.47],[45.64,10.47],[45.64,10.47],[45.64,10.47],[45.64,10.47],[45.64,10.47],[45.64,10.48],[45.64,10.48],[45.65,10.48],[45.65,10.48],[45.65,10.48],[45.65,10.48],[45.65,10.48],[45.65,10.48],[45.65,10.48],[45.65,10.48],[45.66,10.49],[45.66,10.49],[45.66,10.49],[45.66,10.49],[45.66,10.49],[45.66,10.49],[45.66,10.49],[45.66,10.49],[45.67,10.49],[45.67,10.49],[45.67,10.49],[45.67,10.5],[45.67,10.5],[45.67,10.5],[45.67,10.5],[45.67,10.5],[45.68,10.5],[45.68,10.5],[45.68,10.5],[45.68,10.5],[45.68,10.5],[45.68,10.5],[45.68,10.5],[45.68,10.5],[45.68,10.51],[45.69,10.51],[45.69,10.51],[45.69,10.51],[45.69,10.51],[45.69,10.51],[45.69,10.51],[45.69,10.51],[45.7,10.51],[45.7,10.51],[45.7,10.51],[45.7,10.52],[45.7,10.52],[45.7,10.52],[45.7,10.52],[45.71,10.52],[45.71,10.52],[45.71,10.52],[45.71,10.52],[45.71,10.52],[45.71,10.52],[45.71,10.52],[45.72,10.52],[45.72,10.53],[45.72,10.53],[45.72,10.53],[45.72,10.53],[45.72,10.53],[45.72,10.53],[45.73,10.53],[45.73,10.53],[45.73,10.53],[45.73,10.53],[45.73,10.53],[45.73,10.53],[45.73,10.54],[45.74,10.54],[45.74,10.54],[45.74,10.54],[45.74,10.54],[45.74,10.54],[45.74,10.54],[45.74,10.54],[45.75,10.54],[45.75,10.54],[45.75,10.54],[45.75,10.54],[45.75,10.54],[45.75,10.54],[45.75,10.55],[45.75,10.55],[45.76,10.55],[45.76,10.55],[45.76,10.55],[45.76,10.55],[45.76,10.55],[45.76,10.55],[45.76,10.55],[45.77,10.55],[45.77,10.55],[45.77,10.55],[45.77,10.55],[45.77,10.55],[45.77,10.55],[45.77,10.56],[45.77,10.56],[45.78,10.56],[45.78,10.56],[45.78,10.56],[45.78,10.56],[45.78,10.56],[45.78,10.56],[45.78,10.56],[45.79,10.56],[45.79,10.56],[45.79,10.56],[45.79,10.56],[45.79,10.56],[45.79,10.56],[45.79,10.56],[45.79,10.56],[45.8,10.57],[45.8,10.57],[45.8,10.57],[45.8,10.57],[45.8,10.57],[45.8,10.57],[45.8,10.57],[45.8,10.57],[45.81,10.57],[45.81,10.57],[45.81,10.57],[45.81,10.57],[45.81,10.57],[45.81,10.57],[45.81,10.57],[45.81,10.57],[45.82,10.57],[45.82,10.57],[45.82,10.57],[45.82,10.57],[45.82,10.58],[45.82,10.58],[45.82,10.58],[45.82,10.58],[45.83,10.58],[45.83,10.58],[45.83,10.58],[45.83,10.58],[45.83,10.58],[45.83,10.58],[45.83,10.58],[45.83,10.58],[45.84,10.58],[45.84,10.58],[45.84,10.58],[45.84,10.58],[45.84,10.58],[45.84,10.58],[45.84,10.58],[45.84,10.58],[45.85,10.58],[45.85,10.58],[45.85,10.58],[45.85,10.58],[45.85,10.59],[45.85,10.59],[45.85,10.59],[45.85,10.59],[45.85,10.59],[45.86,10.59],[45.86,10.59],[45.86,10.59],[45.86,10.59],[45.86,10.59],[45.86,10.59],[45.86,10.59],[45.86,10.59],[45.86,10.59],[45.86,10.59],[45.87,10.59],[45.87,10.59],[45.87,10.59],[45.87,10.59],[45.87,10.59],[45.87,10.59],[45.87,10.59],[45.87,10.59],[45.87,10.59],[45.88,10.59],[45.88,10.59],[45.88,10.59],[45.88,10.59],[45.88,10.59],[45.88,10.59],[45.88,10.59],[45.88,10.59],[45.88,10.59],[45.89,10.59],[45.89,10.59],[45.89,10.59],[45.89,10.59],[45.89,10.59],[45.89,10.59],[45.89,10.59],[45.89,10.59],[45.89,10.59],[45.9,10.59],[45.9,10.59],[45.9,10.59],[45.9,10.59],[45.9,10.59],[45.9,10.59],[45.9,10.59],[45.9,10.59],[45.9,10.59],[45.91,10.59],[45.91,10.59],[45.91,10.59],[45.91,10.59],[45.91,10.59],[45.91,10.59],[45.91,10.59],[45.91,10.59],[45.92,10.59],[45.92,10.59],[45.92,10.59],[45.92,10.59],[45.92,10.59],[45.92,10.59],[45.92,10.59],[45.92,10.59],[45.93,10.59],[45.93,10.59],[45.93,10.59],[45.93,10.59],[45.93,10.59],[45.93,10.59],[45.93,10.59],[45.93,10.59],[45.93,10.59],[45.94,10.59],[45.94,10.59],[45.94,10.59],[45.94,10.59],[45.94,10.59],[45.94,10.59],[45.94,10.59],[45.94,10.59],[45.94,10.59],[45.95,10.59],[45.95,10.59],[45.95,10.59],[45.95,10.59],[45.95,10.59],[45.95,10.59],[45.95,10.59],[45.95,10.59],[45.96,10.59],[45.96,10.59],[45.96,10.59],[45.96,10.59],[45.96,10.59],[45.96,10.59],[45.96,10.59],[45.97,10.59],[45.97,10.59],[45.97,10.59],[45.97,10.59],[45.97,10.59],[45.98,10.59],[45.98,10.59],[45.98,10.59],[45.98,10.59],[45.99,10.59],[45.99,10.59],[45.99,10.59],[46,10.59],[46.01,10.59],[46.01,10.59],[46.02,10.59],[46.02,10.59],[46.02,10.59],[46.02,10.59],[46.03,10.59],[46.03,10.59],[46.03,10.59],[46.03,10.58],[46.03,10.58],[46.04,10.58],[46.04,10.58],[46.04,10.58],[46.04,10.58],[46.04,10.58],[46.04,10.58],[46.04,10.58],[46.05,10.58],[46.05,10.58],[46.05,10.58],[46.05,10.58],[46.05,10.58],[46.05,10.58],[46.05,10.58],[46.05,10.58],[46.06,10.58],[46.06,10.58],[46.06,10.58],[46.06,10.58],[46.06,10.58],[46.06,10.58],[46.06,10.58],[46.07,10.58],[46.07,10.58],[46.07,10.58],[46.07,10.58],[46.07,10.58],[46.07,10.58],[46.07,10.58],[46.07,10.58],[46.08,10.58],[46.08,10.58],[46.08,10.58],[46.08,10.58],[46.08,10.58],[46.08,10.58],[46.08,10.58],[46.08,10.58],[46.08,10.58],[46.09,10.58],[46.09,10.58],[46.09,10.58],[46.09,10.58],[46.09,10.58],[46.09,10.58],[46.09,10.58],[46.09,10.58],[46.09,10.58],[46.1,10.58],[46.1,10.58],[46.1,10.58],[46.1,10.58],[46.1,10.58],[46.1,10.58],[46.1,10.58],[46.1,10.58],[46.1,10.58],[46.11,10.58],[46.11,10.58],[46.11,10.58],[46.11,10.58],[46.11,10.58],[46.11,10.58],[46.11,10.58],[46.11,10.58],[46.11,10.58],[46.11,10.58],[46.12,10.58],[46.12,10.58],[46.12,10.58],[46.12,10.58],[46.12,10.58],[46.12,10.58],[46.12,10.58],[46.12,10.58],[46.12,10.58],[46.12,10.58],[46.13,10.58],[46.13,10.58],[46.13,10.58],[46.13,10.58],[46.13,10.59],[46.13,10.59],[46.13,10.59],[46.13,10.59],[46.13,10.59],[46.13,10.59],[46.13,10.59],[46.14,10.59],[46.14,10.59],[46.14,10.59],[46.14,10.59],[46.14,10.59],[46.14,10.59],[46.14,10.59],[46.14,10.59],[46.14,10.59],[46.14,10.59],[46.14,10.59],[46.15,10.59],[46.15,10.59],[46.15,10.59],[46.15,10.59],[46.15,10.59],[46.15,10.59],[46.15,10.59],[46.15,10.59],[46.15,10.59],[46.15,10.59],[46.15,10.59],[46.16,10.59],[46.16,10.59],[46.16,10.59],[46.16,10.59],[46.16,10.59],[46.16,10.59],[46.16,10.59],[46.16,10.59],[46.16,10.59],[46.16,10.59],[46.16,10.59],[46.17,10.59],[46.17,10.59],[46.17,10.6],[46.17,10.6],[46.17,10.6],[46.17,10.6],[46.17,10.6],[46.17,10.6],[46.17,10.6],[46.17,10.6],[46.18,10.6],[46.18,10.6],[46.18,10.6],[46.18,10.6],[46.19,10.6],[46.19,10.6],[46.19,10.6],[46.19,10.6],[46.19,10.6],[46.19,10.6],[46.19,10.61],[46.2,10.61],[46.2,10.61],[46.2,10.61],[46.2,10.61],[46.2,10.61],[46.2,10.61],[46.2,10.61],[46.2,10.61],[46.2,10.61],[46.2,10.61],[46.21,10.61],[46.21,10.61],[46.21,10.61],[46.21,10.61],[46.21,10.61],[46.21,10.61],[46.21,10.61],[46.21,10.61],[46.21,10.61],[46.21,10.61],[46.21,10.61],[46.22,10.61],[46.22,10.61],[46.22,10.61],[46.22,10.61],[46.22,10.61],[46.22,10.61],[46.22,10.61],[46.22,10.61],[46.22,10.61],[46.22,10.61],[46.23,10.61],[46.23,10.62],[46.23,10.62],[46.23,10.62],[46.23,10.62],[46.23,10.62],[46.23,10.62],[46.23,10.62],[46.23,10.62],[46.24,10.62],[46.24,10.62],[46.24,10.62],[46.24,10.62],[46.24,10.62],[46.24,10.62],[46.24,10.62],[46.24,10.62],[46.24,10.62],[46.24,10.62],[46.25,10.62],[46.25,10.62],[46.25,10.62],[46.25,10.62],[46.25,10.62],[46.25,10.62],[46.25,10.62],[46.25,10.62],[46.25,10.62],[46.26,10.62],[46.26,10.62],[46.26,10.62],[46.26,10.62],[46.26,10.62],[46.26,10.62],[46.26,10.62],[46.26,10.62],[46.27,10.62],[46.27,10.62],[46.27,10.62],[46.27,10.62],[46.27,10.62],[46.27,10.62],[46.27,10.62],[46.27,10.62],[46.27,10.62],[46.28,10.62],[46.28,10.62],[46.28,10.62],[46.28,10.62],[46.28,10.62],[46.28,10.62],[46.28,10.62],[46.28,10.62],[46.29,10.62],[46.29,10.62],[46.29,10.62],[46.29,10.62],[46.29,10.62],[46.29,10.62],[46.29,10.62],[46.29,10.62],[46.3,10.62],[46.3,10.62],[46.3,10.62],[46.3,10.62],[46.3,10.62],[46.3,10.62],[46.3,10.62],[46.3,10.62],[46.31,10.62],[46.31,10.62],[46.31,10.62],[46.31,10.62],[46.31,10.62],[46.31,10.62],[46.31,10.62],[46.31,10.62],[46.32,10.62],[46.32,10.62],[46.32,10.62],[46.32,10.62],[46.32,10.62],[46.32,10.62],[46.32,10.62],[46.33,10.62],[46.33,10.62],[46.33,10.62],[46.33,10.62],[46.33,10.62],[46.33,10.62],[46.33,10.62],[46.33,10.62],[46.34,10.62],[46.34,10.62],[46.34,10.62],[46.34,10.62],[46.34,10.61],[46.34,10.61],[46.34,10.61],[46.35,10.61],[46.35,10.61],[46.35,10.61],[46.35,10.61],[46.35,10.61],[46.36,10.61],[46.36,10.61],[46.36,10.61],[46.37,10.61],[46.37,10.61],[46.38,10.61],[46.38,10.61],[46.39,10.61],[46.39,10.61],[46.39,10.61],[46.39,10.61],[46.4,10.61],[46.4,10.61],[46.4,10.61],[46.4,10.61],[46.4,10.61],[46.41,10.61],[46.41,10.61],[46.41,10.6],[46.41,10.6],[46.41,10.6],[46.42,10.6],[46.42,10.6],[46.42,10.6],[46.42,10.6],[46.43,10.6],[46.43,10.6],[46.43,10.6],[46.43,10.6],[46.43,10.6],[46.43,10.6],[46.43,10.6],[46.44,10.6],[46.44,10.6],[46.44,10.6],[46.44,10.6],[46.44,10.6],[46.44,10.6],[46.44,10.6],[46.44,10.6],[46.44,10.6],[46.44,10.6],[46.45,10.6],[46.45,10.6],[46.45,10.6],[46.45,10.6],[46.45,10.6],[46.45,10.6],[46.45,10.6],[46.45,10.6],[46.45,10.6],[46.46,10.6],[46.46,10.6],[46.46,10.6],[46.46,10.6],[46.46,10.6],[46.46,10.6],[46.46,10.6],[46.46,10.6],[46.46,10.6],[46.47,10.6],[46.47,10.6],[46.47,10.6],[46.47,10.6],[46.47,10.6],[46.47,10.6],[46.47,10.6],[46.47,10.6],[46.47,10.6],[46.48,10.6],[46.48,10.6],[46.48,10.6],[46.48,10.6],[46.48,10.6],[46.48,10.6],[46.48,10.6],[46.48,10.6],[46.48,10.6],[46.48,10.6],[46.48,10.6],[46.49,10.6],[46.49,10.6],[46.49,10.6],[46.49,10.6],[46.49,10.6],[46.49,10.6],[46.49,10.6],[46.49,10.6],[46.49,10.6],[46.49,10.6],[46.5,10.6],[46.5,10.6],[46.5,10.6],[46.5,10.6],[46.5,10.6],[46.5,10.6],[46.5,10.6],[46.5,10.6],[46.5,10.6],[46.5,10.6],[46.51,10.6],[46.51,10.6],[46.51,10.6],[46.51,10.6],[46.51,10.6],[46.51,10.6],[46.51,10.6],[46.51,10.6],[46.51,10.6],[46.51,10.6],[46.52,10.6],[46.52,10.6],[46.52,10.6],[46.52,10.6],[46.52,10.6],[46.52,10.6],[46.52,10.6],[46.52,10.6],[46.53,10.6],[46.53,10.61],[46.53,10.61],[46.53,10.61],[46.53,10.61],[46.53,10.61],[46.53,10.61],[46.53,10.61],[46.54,10.61],[46.54,10.61],[46.54,10.61],[46.54,10.61],[46.54,10.61],[46.54,10.61],[46.54,10.61],[46.54,10.61],[46.54,10.61],[46.55,10.61],[46.55,10.61],[46.55,10.61],[46.55,10.61],[46.55,10.61],[46.55,10.61],[46.55,10.61],[46.55,10.61],[46.56,10.61],[46.56,10.61],[46.56,10.61],[46.56,10.61],[46.56,10.61],[46.56,10.61],[46.56,10.61],[46.56,10.61],[46.57,10.61],[46.57,10.61],[46.57,10.61],[46.57,10.61],[46.57,10.61],[46.57,10.61],[46.57,10.61],[46.57,10.61],[46.58,10.61],[46.58,10.61],[46.58,10.62],[46.58,10.62],[46.58,10.62],[46.58,10.62],[46.58,10.62],[46.58,10.62],[46.59,10.62],[46.59,10.62],[46.59,10.62],[46.59,10.62],[46.59,10.62],[46.59,10.62],[46.59,10.62],[46.59,10.62],[46.59,10.62],[46.6,10.62],[46.6,10.62],[46.6,10.62],[46.6,10.62],[46.6,10.62],[46.6,10.62],[46.6,10.62],[46.6,10.62],[46.61,10.62],[46.61,10.62],[46.61,10.62],[46.61,10.62],[46.61,10.62],[46.61,10.62],[46.61,10.62],[46.61,10.62],[46.62,10.62],[46.62,10.63],[46.62,10.63],[46.62,10.63],[46.62,10.63],[46.62,10.63],[46.62,10.63],[46.62,10.63],[46.63,10.63],[46.63,10.63],[46.63,10.63],[46.63,10.63],[46.63,10.63],[46.63,10.63],[46.63,10.63],[46.63,10.63],[46.64,10.63],[46.64,10.63],[46.64,10.63],[46.64,10.63],[46.64,10.63],[46.64,10.63],[46.64,10.63],[46.64,10.63],[46.65,10.63],[46.65,10.63],[46.65,10.63],[46.65,10.63],[46.65,10.63],[46.65,10.64],[46.65,10.64],[46.65,10.64],[46.65,10.64],[46.66,10.64],[46.66,10.64],[46.66,10.64],[46.66,10.64],[46.66,10.64],[46.66,10.64],[46.66,10.64],[46.66,10.64],[46.67,10.64],[46.67,10.64],[46.67,10.64],[46.67,10.64],[46.67,10.64],[46.67,10.64],[46.67,10.64],[46.67,10.64],[46.68,10.64],[46.68,10.64],[46.68,10.64],[46.68,10.64],[46.68,10.65],[46.68,10.65],[46.68,10.65],[46.68,10.65],[46.69,10.65],[46.69,10.65],[46.69,10.65],[46.69,10.65],[46.69,10.65],[46.69,10.65],[46.69,10.65],[46.69,10.65],[46.69,10.65],[46.7,10.65],[46.7,10.65],[46.7,10.65],[46.7,10.65],[46.7,10.65],[46.7,10.65],[46.7,10.65],[46.7,10.65],[46.71,10.65],[46.71,10.66],[46.71,10.66],[46.71,10.66],[46.71,10.66],[46.71,10.66],[46.71,10.66],[46.71,10.66],[46.72,10.66],[46.72,10.66],[46.72,10.66],[46.72,10.66],[46.72,10.66],[46.72,10.66],[46.72,10.66],[46.72,10.66],[46.72,10.66],[46.73,10.66],[46.73,10.66],[46.73,10.66],[46.73,10.66],[46.73,10.67],[46.73,10.67],[46.73,10.67],[46.73,10.67],[46.74,10.67],[46.74,10.67],[46.74,10.67],[46.74,10.67],[46.74,10.67],[46.74,10.67],[46.74,10.67],[46.74,10.67],[46.74,10.67],[46.75,10.67],[46.75,10.67],[46.75,10.67],[46.75,10.67],[46.75,10.67],[46.75,10.67],[46.75,10.68],[46.75,10.68],[46.76,10.68],[46.76,10.68],[46.76,10.68],[46.76,10.68],[46.76,10.68],[46.76,10.68],[46.76,10.68],[46.76,10.68],[46.76,10.68],[46.77,10.68],[46.77,10.68],[46.77,10.68],[46.77,10.68],[46.77,10.68],[46.77,10.68],[46.77,10.68],[46.77,10.69],[46.77,10.69],[46.78,10.69],[46.78,10.69],[46.78,10.69],[46.78,10.69],[46.78,10.69],[46.78,10.69],[46.78,10.69],[46.78,10.69],[46.78,10.69],[46.79,10.69],[46.79,10.69],[46.79,10.69],[46.79,10.69],[46.79,10.69],[46.79,10.69],[46.79,10.7],[46.79,10.7],[46.79,10.7],[46.8,10.7],[46.8,10.7],[46.8,10.7],[46.8,10.7],[46.8,10.7],[46.8,10.7],[46.8,10.7],[46.8,10.7],[46.8,10.7],[46.81,10.7],[46.81,10.7],[46.81,10.7],[46.81,10.7],[46.81,10.7],[46.81,10.71],[46.81,10.71],[46.81,10.71],[46.81,10.71],[46.81,10.71],[46.82,10.71],[46.82,10.71],[46.82,10.71],[46.82,10.71],[46.82,10.71],[46.82,10.71],[46.82,10.71],[46.82,10.71],[46.82,10.71],[46.82,10.71],[46.82,10.71],[46.82,10.71],[46.82,10.71],[46.82,10.71],[46.82,10.71],[46.82,10.71],[46.83,10.71],[46.83,10.71],[46.83,10.71],[46.83,10.71],[46.83,10.72],[46.83,10.72],[46.83,10.72],[46.83,10.72],[46.83,10.72],[46.83,10.72],[46.83,10.72],[46.83,10.72],[46.83,10.72],[46.83,10.72],[46.83,10.72],[46.83,10.72],[46.84,10.72],[46.84,10.72],[46.84,10.72],[46.84,10.72],[46.84,10.72],[46.84,10.72],[46.84,10.72],[46.84,10.72],[46.84,10.72],[46.84,10.72],[46.84,10.73],[46.84,10.73],[46.84,10.73],[46.84,10.73],[46.84,10.73],[46.84,10.73],[46.85,10.73],[46.85,10.73],[46.85,10.73],[46.85,10.73],[46.85,10.73],[46.85,10.73],[46.85,10.73],[46.85,10.73],[46.85,10.73],[46.85,10.73],[46.85,10.73],[46.85,10.73],[46.85,10.74],[46.85,10.74],[46.86,10.74],[46.86,10.74],[46.86,10.74],[46.86,10.74],[46.86,10.74],[46.86,10.74],[46.86,10.74],[46.86,10.74],[46.86,10.74],[46.87,10.75],[46.87,10.75],[46.87,10.75],[46.87,10.75],[46.87,10.75],[46.87,10.75],[46.87,10.75],[46.87,10.75],[46.88,10.76],[46.88,10.76],[46.88,10.76],[46.88,10.76],[46.88,10.76],[46.88,10.76],[46.88,10.76],[46.89,10.77],[46.89,10.77],[46.89,10.77],[46.9,10.78],[46.9,10.78],[46.9,10.78],[46.9,10.78],[46.9,10.78],[46.91,10.79],[46.91,10.79],[46.91,10.79],[46.91,10.79],[46.91,10.79],[46.91,10.79],[46.92,10.79],[46.92,10.8],[46.92,10.8],[46.92,10.8],[46.92,10.8],[46.92,10.8],[46.92,10.8],[46.92,10.8],[46.93,10.8],[46.93,10.8],[46.93,10.8],[46.93,10.81],[46.93,10.81],[46.93,10.81],[46.93,10.81],[46.93,10.81],[46.93,10.81],[46.93,10.81],[46.93,10.81],[46.94,10.81],[46.94,10.81],[46.94,10.81],[46.94,10.81],[46.94,10.81],[46.94,10.81],[46.94,10.82],[46.94,10.82],[46.94,10.82],[46.94,10.82],[46.94,10.82],[46.94,10.82],[46.94,10.82],[46.95,10.82],[46.95,10.82],[46.95,10.82],[46.95,10.82],[46.95,10.82],[46.95,10.82],[46.95,10.82],[46.95,10.82],[46.95,10.82],[46.95,10.83],[46.95,10.83],[46.95,10.83],[46.96,10.83],[46.96,10.83],[46.96,10.83],[46.96,10.83],[46.96,10.83],[46.96,10.83],[46.96,10.83],[46.96,10.83],[46.96,10.83],[46.96,10.83],[46.96,10.83],[46.97,10.83],[46.97,10.83],[46.97,10.84],[46.97,10.84],[46.97,10.84],[46.97,10.84],[46.97,10.84],[46.97,10.84],[46.97,10.84],[46.97,10.84],[46.97,10.84],[46.98,10.84],[46.98,10.84],[46.98,10.84],[46.98,10.84],[46.98,10.84],[46.98,10.84],[46.98,10.84],[46.98,10.84],[46.98,10.84],[46.98,10.84],[46.98,10.84],[46.98,10.84],[46.99,10.84],[46.99,10.85],[46.99,10.85],[46.99,10.85],[46.99,10.85],[46.99,10.85],[46.99,10.85],[46.99,10.85],[46.99,10.85],[46.99,10.85],[46.99,10.85],[46.99,10.85],[47,10.85],[47,10.85],[47,10.85],[47,10.85],[47,10.85],[47,10.85],[47,10.85],[47,10.85],[47,10.85],[47,10.85],[47,10.85],[47.01,10.85],[47.01,10.85],[47.01,10.85],[47.01,10.85],[47.01,10.85],[47.01,10.85],[47.01,10.85],[47.01,10.85],[47.01,10.85],[47.01,10.85],[47.01,10.85],[47.01,10.85],[47.01,10.85],[47.02,10.86],[47.02,10.86],[47.02,10.86],[47.02,10.86],[47.02,10.86],[47.02,10.86],[47.02,10.86],[47.03,10.86],[47.03,10.86],[47.03,10.86],[47.03,10.86],[47.03,10.86],[47.03,10.86],[47.03,10.86],[47.04,10.86],[47.04,10.86],[47.04,10.86],[47.04,10.86],[47.04,10.86],[47.04,10.86],[47.05,10.86],[47.05,10.86],[47.05,10.86],[47.05,10.86],[47.05,10.86],[47.05,10.86],[47.05,10.86],[47.06,10.86],[47.06,10.86],[47.06,10.86],[47.06,10.86],[47.06,10.86],[47.06,10.86],[47.07,10.86],[47.07,10.87],[47.07,10.87],[47.07,10.87],[47.07,10.87],[47.07,10.87],[47.08,10.87],[47.08,10.87],[47.08,10.87],[47.08,10.87],[47.08,10.87],[47.08,10.87],[47.09,10.87],[47.09,10.87],[47.09,10.87],[47.09,10.87],[47.09,10.87],[47.09,10.87],[47.1,10.87],[47.1,10.87],[47.1,10.87],[47.1,10.87],[47.1,10.87],[47.1,10.87],[47.1,10.87],[47.1,10.87],[47.11,10.87],[47.11,10.87],[47.11,10.87],[47.11,10.87],[47.11,10.87],[47.11,10.87],[47.11,10.87],[47.11,10.87],[47.11,10.87],[47.11,10.87],[47.12,10.87],[47.12,10.87],[47.12,10.87],[47.12,10.87],[47.12,10.87],[47.12,10.87],[47.12,10.87],[47.12,10.87],[47.12,10.87],[47.12,10.87],[47.12,10.87],[47.13,10.87],[47.13,10.87],[47.13,10.87],[47.13,10.87],[47.13,10.87],[47.13,10.87],[47.13,10.87],[47.13,10.87],[47.13,10.87],[47.13,10.87],[47.14,10.87],[47.14,10.87],[47.14,10.87],[47.14,10.87],[47.14,10.87],[47.14,10.87],[47.14,10.87],[47.14,10.87],[47.14,10.87],[47.14,10.87],[47.15,10.87],[47.15,10.87],[47.15,10.87],[47.15,10.87],[47.15,10.87],[47.15,10.87],[47.15,10.87],[47.15,10.86],[47.15,10.86],[47.15,10.86],[47.16,10.86],[47.16,10.86],[47.16,10.86],[47.16,10.86],[47.16,10.86],[47.16,10.86],[47.16,10.86],[47.16,10.86],[47.16,10.86],[47.16,10.86],[47.17,10.86],[47.17,10.86],[47.17,10.86],[47.17,10.86],[47.17,10.86],[47.17,10.86],[47.17,10.86],[47.17,10.86],[47.17,10.86],[47.17,10.86],[47.18,10.86],[47.18,10.86],[47.18,10.86],[47.18,10.86],[47.18,10.86],[47.18,10.86],[47.18,10.86],[47.18,10.86],[47.18,10.86],[47.19,10.86],[47.19,10.86],[47.19,10.86],[47.19,10.86],[47.19,10.86],[47.19,10.86],[47.19,10.86],[47.19,10.86],[47.19,10.86],[47.19,10.86],[47.2,10.86],[47.2,10.86],[47.2,10.86],[47.2,10.86],[47.2,10.86],[47.2,10.86],[47.2,10.86],[47.2,10.86],[47.2,10.86],[47.2,10.86],[47.21,10.86],[47.21,10.85],[47.21,10.85],[47.21,10.85],[47.21,10.85],[47.21,10.85],[47.21,10.85],[47.21,10.85],[47.21,10.85],[47.22,10.85],[47.22,10.85],[47.22,10.85],[47.22,10.85],[47.22,10.85],[47.22,10.85],[47.22,10.85],[47.22,10.85],[47.22,10.85],[47.22,10.85],[47.23,10.85],[47.23,10.85],[47.23,10.85],[47.23,10.85],[47.23,10.85],[47.23,10.85],[47.23,10.85],[47.23,10.85],[47.23,10.85],[47.23,10.85],[47.23,10.85],[47.23,10.85],[47.23,10.85],[47.24,10.85],[47.24,10.85],[47.24,10.85],[47.24,10.85],[47.24,10.85],[47.24,10.85],[47.24,10.85],[47.24,10.85],[47.24,10.85],[47.24,10.84],[47.24,10.84],[47.24,10.84],[47.24,10.84],[47.24,10.84],[47.24,10.84],[47.24,10.84],[47.24,10.84],[47.24,10.84],[47.24,10.84],[47.25,10.84],[47.25,10.84],[47.25,10.84],[47.25,10.84],[47.25,10.84],[47.25,10.84],[47.25,10.84],[47.25,10.84],[47.25,10.84],[47.25,10.84],[47.25,10.84],[47.25,10.84],[47.25,10.84],[47.25,10.84],[47.25,10.84],[47.25,10.84],[47.25,10.84],[47.25,10.84],[47.26,10.84],[47.26,10.84],[47.26,10.84],[47.26,10.84],[47.26,10.84],[47.26,10.84],[47.26,10.84],[47.26,10.84],[47.26,10.84],[47.26,10.84],[47.26,10.84],[47.26,10.83],[47.26,10.83],[47.26,10.83],[47.26,10.83],[47.26,10.83],[47.26,10.83],[47.27,10.83],[47.27,10.83],[47.27,10.83],[47.27,10.83],[47.27,10.83],[47.27,10.83],[47.27,10.83],[47.27,10.83],[47.27,10.83],[47.28,10.83],[47.28,10.83],[47.28,10.83],[47.28,10.82],[47.28,10.82],[47.28,10.82],[47.28,10.82],[47.28,10.82],[47.28,10.82],[47.29,10.82],[47.29,10.82],[47.29,10.82],[47.29,10.82],[47.29,10.82],[47.29,10.82],[47.29,10.82],[47.29,10.82],[47.29,10.81],[47.3,10.81],[47.3,10.81],[47.3,10.81],[47.31,10.81],[47.31,10.81],[47.31,10.8],[47.31,10.8],[47.31,10.8],[47.31,10.8],[47.32,10.8],[47.32,10.8],[47.32,10.8],[47.32,10.8],[47.32,10.8],[47.32,10.8],[47.32,10.8],[47.32,10.8],[47.33,10.79],[47.33,10.79],[47.33,10.79],[47.33,10.79],[47.33,10.79],[47.33,10.79],[47.33,10.79],[47.33,10.79],[47.34,10.79],[47.34,10.79],[47.34,10.79],[47.34,10.79],[47.34,10.79],[47.34,10.79],[47.34,10.78],[47.34,10.78],[47.34,10.78],[47.34,10.78],[47.35,10.78],[47.35,10.78],[47.35,10.78],[47.35,10.78],[47.35,10.78],[47.35,10.78],[47.35,10.78],[47.35,10.78],[47.35,10.78],[47.35,10.78],[47.35,10.78],[47.35,10.78],[47.35,10.78],[47.35,10.78],[47.35,10.78],[47.35,10.78],[47.35,10.78],[47.35,10.78],[47.35,10.78],[47.36,10.78],[47.36,10.78],[47.36,10.78],[47.36,10.78],[47.36,10.78],[47.36,10.78],[47.36,10.78],[47.36,10.78],[47.36,10.78],[47.36,10.78],[47.36,10.78],[47.36,10.78],[47.36,10.78],[47.36,10.78],[47.36,10.78],[47.36,10.78],[47.36,10.78],[47.36,10.77],[47.36,10.77],[47.37,10.77],[47.37,10.77],[47.37,10.77],[47.37,10.77],[47.37,10.77],[47.37,10.77],[47.37,10.77],[47.37,10.77],[47.37,10.77],[47.37,10.77],[47.37,10.77],[47.37,10.77],[47.37,10.77],[47.37,10.77],[47.37,10.77],[47.37,10.77],[47.37,10.77],[47.37,10.77],[47.37,10.77],[47.37,10.77],[47.38,10.77],[47.38,10.77],[47.38,10.77],[47.38,10.77],[47.38,10.77],[47.38,10.77],[47.38,10.77],[47.39,10.77],[47.39,10.77],[47.39,10.77],[47.39,10.77],[47.39,10.77],[47.39,10.77],[47.4,10.77],[47.4,10.77],[47.4,10.77],[47.4,10.77],[47.4,10.76],[47.4,10.76],[47.41,10.76],[47.41,10.76],[47.41,10.76],[47.41,10.76],[47.41,10.76],[47.41,10.76],[47.42,10.76],[47.42,10.76],[47.42,10.76],[47.42,10.76],[47.42,10.76],[47.42,10.76],[47.43,10.76],[47.43,10.76],[47.43,10.76],[47.43,10.76],[47.43,10.76],[47.43,10.76],[47.44,10.76],[47.44,10.76],[47.44,10.76],[47.44,10.76],[47.44,10.76],[47.44,10.76],[47.45,10.76],[47.45,10.76],[47.45,10.76],[47.45,10.76],[47.45,10.76],[47.45,10.76],[47.46,10.76],[47.46,10.76],[47.46,10.76],[47.46,10.76],[47.46,10.76],[47.46,10.76],[47.46,10.76],[47.46,10.76],[47.46,10.76],[47.46,10.76],[47.46,10.76],[47.47,10.76],[47.47,10.76],[47.47,10.76],[47.47,10.76],[47.47,10.76],[47.47,10.76],[47.47,10.76],[47.47,10.76],[47.47,10.76],[47.47,10.76],[47.47,10.76],[47.47,10.76],[47.47,10.76],[47.48,10.76],[47.48,10.76],[47.48,10.76],[47.48,10.76],[47.48,10.76],[47.48,10.76],[47.48,10.76],[47.48,10.76],[47.48,10.76],[47.48,10.76],[47.48,10.76],[47.48,10.76],[47.48,10.76],[47.49,10.76],[47.49,10.76],[47.49,10.76],[47.49,10.76],[47.49,10.76],[47.49,10.76],[47.49,10.76],[47.49,10.76],[47.49,10.76],[47.49,10.76],[47.49,10.76],[47.49,10.76],[47.49,10.76],[47.5,10.76],[47.5,10.76],[47.5,10.76],[47.5,10.76],[47.5,10.76],[47.5,10.76],[47.5,10.76],[47.5,10.76],[47.5,10.76],[47.5,10.76],[47.5,10.76],[47.5,10.76],[47.5,10.76],[47.51,10.76],[47.51,10.76],[47.51,10.76],[47.51,10.76],[47.51,10.76],[47.51,10.76],[47.51,10.76],[47.51,10.76],[47.51,10.76],[47.51,10.76],[47.51,10.76],[47.51,10.76],[47.51,10.76],[47.51,10.76],[47.52,10.76],[47.52,10.76],[47.52,10.76],[47.52,10.76],[47.52,10.76],[47.52,10.76],[47.52,10.76],[47.52,10.76],[47.52,10.76],[47.52,10.76],[47.52,10.76],[47.52,10.76],[47.52,10.76],[47.52,10.76],[47.52,10.76],[47.53,10.76],[47.53,10.76],[47.53,10.76],[47.53,10.76],[47.53,10.76],[47.53,10.76],[47.53,10.76],[47.53,10.76],[47.53,10.76],[47.53,10.76],[47.53,10.76],[47.53,10.76],[47.53,10.76],[47.53,10.76],[47.54,10.76],[47.54,10.76],[47.54,10.76],[47.54,10.76],[47.54,10.76],[47.54,10.76],[47.54,10.76],[47.54,10.77],[47.54,10.77],[47.54,10.77],[47.54,10.77],[47.54,10.77],[47.54,10.77],[47.54,10.77],[47.54,10.77],[47.54,10.77],[47.55,10.77],[47.55,10.77],[47.55,10.77],[47.55,10.77],[47.55,10.77],[47.55,10.77],[47.55,10.77],[47.55,10.77],[47.55,10.77],[47.55,10.77],[47.55,10.77],[47.55,10.77],[47.55,10.77],[47.55,10.77],[47.55,10.77],[47.55,10.77],[47.56,10.77],[47.56,10.77],[47.56,10.77],[47.56,10.77],[47.56,10.77],[47.56,10.77],[47.56,10.77],[47.56,10.77],[47.56,10.77],[47.56,10.77],[47.56,10.77],[47.56,10.77],[47.56,10.77],[47.56,10.77],[47.56,10.77],[47.56,10.77],[47.56,10.77],[47.57,10.77],[47.57,10.77],[47.57,10.77],[47.57,10.77],[47.57,10.77],[47.57,10.77],[47.57,10.77],[47.57,10.77],[47.57,10.77],[47.57,10.78],[47.57,10.78],[47.57,10.78],[47.57,10.78],[47.57,10.78],[47.57,10.78],[47.57,10.78],[47.57,10.78],[47.57,10.78],[47.57,10.78],[47.58,10.78],[47.58,10.78],[47.58,10.78],[47.58,10.78],[47.58,10.78],[47.58,10.78],[47.58,10.78],[47.58,10.78],[47.58,10.78],[47.58,10.78],[47.58,10.78],[47.58,10.78],[47.58,10.78],[47.59,10.78],[47.59,10.78],[47.59,10.79],[47.59,10.79],[47.59,10.79],[47.59,10.79],[47.59,10.79],[47.59,10.79],[47.59,10.79],[47.59,10.79],[47.59,10.79],[47.59,10.79],[47.6,10.79],[47.6,10.79],[47.6,10.79],[47.6,10.79],[47.6,10.79],[47.6,10.79],[47.6,10.79],[47.6,10.8],[47.6,10.8],[47.6,10.8],[47.6,10.8],[47.6,10.8],[47.61,10.8],[47.61,10.8],[47.61,10.8],[47.61,10.8],[47.61,10.8],[47.61,10.8],[47.61,10.8],[47.61,10.8],[47.61,10.8],[47.61,10.81],[47.62,10.81],[47.62,10.81],[47.62,10.81],[47.62,10.82],[47.63,10.82],[47.63,10.82],[47.63,10.82],[47.63,10.82],[47.63,10.82],[47.63,10.82],[47.63,10.82],[47.63,10.82],[47.63,10.82],[47.63,10.82],[47.64,10.83],[47.64,10.83],[47.64,10.83],[47.64,10.83],[47.64,10.83],[47.64,10.83],[47.64,10.83],[47.64,10.83],[47.64,10.83],[47.64,10.83],[47.64,10.83],[47.64,10.83],[47.64,10.83],[47.64,10.83],[47.65,10.83],[47.65,10.83],[47.65,10.83],[47.65,10.84],[47.65,10.84],[47.65,10.84],[47.65,10.84],[47.65,10.84],[47.65,10.84],[47.65,10.84],[47.65,10.84],[47.65,10.84],[47.65,10.84],[47.66,10.84],[47.66,10.84],[47.66,10.84],[47.66,10.84],[47.66,10.84],[47.66,10.84],[47.66,10.84],[47.66,10.84],[47.66,10.84],[47.66,10.84],[47.66,10.84],[47.66,10.85],[47.66,10.85],[47.66,10.85],[47.67,10.85],[47.67,10.85],[47.67,10.85],[47.67,10.85],[47.67,10.85],[47.67,10.85],[47.67,10.85],[47.67,10.85],[47.67,10.85],[47.67,10.85],[47.67,10.85],[47.67,10.85],[47.67,10.85],[47.67,10.85],[47.67,10.85],[47.68,10.85],[47.68,10.85],[47.68,10.85],[47.68,10.85],[47.68,10.85],[47.68,10.85],[47.68,10.85],[47.68,10.85],[47.68,10.85],[47.68,10.85],[47.68,10.85],[47.68,10.85],[47.68,10.85],[47.68,10.85],[47.69,10.86],[47.69,10.86],[47.69,10.86],[47.69,10.86],[47.69,10.86],[47.69,10.86],[47.69,10.86],[47.69,10.86],[47.69,10.86],[47.69,10.86],[47.69,10.86],[47.69,10.86],[47.7,10.86],[47.7,10.86],[47.7,10.86],[47.7,10.86],[47.7,10.86],[47.7,10.86],[47.7,10.86],[47.7,10.86],[47.7,10.86],[47.7,10.86],[47.7,10.86],[47.71,10.86],[47.71,10.86],[47.71,10.86],[47.71,10.86],[47.71,10.86],[47.72,10.86],[47.72,10.87],[47.72,10.87],[47.73,10.87],[47.73,10.87],[47.73,10.87],[47.73,10.87],[47.73,10.87],[47.73,10.87],[47.74,10.87],[47.74,10.87],[47.74,10.87],[47.74,10.87],[47.74,10.87],[47.74,10.87],[47.74,10.87],[47.74,10.87],[47.74,10.87],[47.74,10.87],[47.74,10.87],[47.74,10.87],[47.75,10.87],[47.75,10.87],[47.75,10.87],[47.75,10.87],[47.75,10.87],[47.75,10.87],[47.75,10.87],[47.75,10.88],[47.75,10.88],[47.75,10.88],[47.75,10.88],[47.75,10.88],[47.76,10.88],[47.76,10.88],[47.76,10.88],[47.76,10.88],[47.76,10.88],[47.76,10.88],[47.76,10.88],[47.76,10.88],[47.76,10.88],[47.76,10.88],[47.76,10.88],[47.76,10.88],[47.77,10.88],[47.77,10.88],[47.77,10.88],[47.77,10.88],[47.77,10.88],[47.77,10.88],[47.77,10.88],[47.77,10.88],[47.77,10.88],[47.77,10.88],[47.77,10.88],[47.77,10.88],[47.77,10.88],[47.77,10.88],[47.77,10.89],[47.78,10.89],[47.78,10.89],[47.78,10.89],[47.78,10.89],[47.78,10.89],[47.78,10.89],[47.78,10.89],[47.78,10.89],[47.78,10.89],[47.78,10.89],[47.78,10.89],[47.78,10.89],[47.78,10.89],[47.78,10.89],[47.78,10.89],[47.78,10.89],[47.78,10.89],[47.79,10.89],[47.79,10.89],[47.79,10.89],[47.79,10.89],[47.79,10.89],[47.79,10.89],[47.79,10.89],[47.79,10.89],[47.79,10.9],[47.79,10.9],[47.79,10.9],[47.79,10.9],[47.79,10.9],[47.79,10.9],[47.79,10.9],[47.79,10.9],[47.8,10.9],[47.8,10.9],[47.8,10.9],[47.8,10.9],[47.8,10.9],[47.8,10.9],[47.8,10.9],[47.8,10.9],[47.8,10.9],[47.8,10.9],[47.8,10.9],[47.8,10.9],[47.8,10.91],[47.8,10.91],[47.8,10.91],[47.8,10.91],[47.81,10.91],[47.81,10.91],[47.81,10.91],[47.81,10.91],[47.81,10.91],[47.81,10.91],[47.81,10.91],[47.81,10.91],[47.81,10.91],[47.81,10.91],[47.81,10.91],[47.81,10.91],[47.81,10.91],[47.81,10.92],[47.81,10.92],[47.81,10.92],[47.81,10.92],[47.81,10.92],[47.82,10.92],[47.82,10.92],[47.82,10.92],[47.82,10.92],[47.82,10.92],[47.82,10.92],[47.82,10.92],[47.82,10.92],[47.82,10.92],[47.82,10.92],[47.82,10.92],[47.82,10.92],[47.82,10.93],[47.82,10.93],[47.82,10.93],[47.82,10.93],[47.82,10.93],[47.83,10.93],[47.83,10.93],[47.83,10.93],[47.83,10.93],[47.83,10.93],[47.83,10.94],[47.83,10.94],[47.83,10.94],[47.83,10.94],[47.84,10.94],[47.84,10.94],[47.84,10.94],[47.84,10.95],[47.84,10.95],[47.84,10.95],[47.84,10.95],[47.84,10.95],[47.85,10.96],[47.85,10.96],[47.85,10.96],[47.85,10.96],[47.86,10.97],[47.86,10.97],[47.86,10.97],[47.86,10.97],[47.86,10.97],[47.86,10.97],[47.86,10.97],[47.86,10.97],[47.86,10.98],[47.86,10.98],[47.86,10.98],[47.87,10.98],[47.87,10.98],[47.87,10.98],[47.87,10.98],[47.87,10.98],[47.87,10.98],[47.87,10.98],[47.87,10.98],[47.87,10.98],[47.87,10.98],[47.87,10.98],[47.87,10.99],[47.87,10.99],[47.87,10.99],[47.87,10.99],[47.88,10.99],[47.88,10.99],[47.88,10.99],[47.88,10.99],[47.88,10.99],[47.88,10.99],[47.88,10.99],[47.88,10.99],[47.88,10.99],[47.88,10.99],[47.88,11],[47.88,11],[47.88,11],[47.88,11],[47.88,11],[47.88,11],[47.89,11],[47.89,11],[47.89,11],[47.89,11],[47.89,11],[47.89,11],[47.89,11],[47.89,11],[47.89,11],[47.89,11],[47.89,11.01],[47.89,11.01],[47.89,11.01],[47.89,11.01],[47.89,11.01],[47.9,11.01],[47.9,11.01],[47.9,11.01],[47.9,11.01],[47.9,11.01],[47.9,11.01],[47.9,11.01],[47.9,11.01],[47.9,11.01],[47.9,11.01],[47.9,11.01],[47.9,11.01],[47.9,11.01],[47.9,11.01],[47.91,11.02],[47.91,11.02],[47.91,11.02],[47.91,11.02],[47.91,11.02],[47.91,11.02],[47.91,11.02],[47.91,11.02],[47.91,11.02],[47.91,11.02],[47.91,11.02],[47.91,11.02],[47.91,11.02],[47.91,11.02],[47.91,11.02],[47.92,11.02],[47.92,11.02],[47.92,11.02],[47.92,11.02],[47.92,11.02],[47.92,11.02],[47.92,11.02],[47.92,11.02],[47.92,11.02],[47.92,11.02],[47.92,11.02],[47.92,11.03],[47.92,11.03],[47.92,11.03],[47.92,11.03],[47.93,11.03],[47.93,11.03],[47.93,11.03],[47.93,11.03],[47.93,11.03],[47.93,11.03],[47.93,11.03],[47.93,11.03],[47.93,11.03],[47.93,11.03],[47.93,11.03],[47.93,11.03],[47.93,11.03],[47.93,11.03],[47.93,11.03],[47.94,11.03],[47.94,11.03],[47.94,11.03],[47.94,11.03],[47.94,11.03],[47.94,11.03],[47.94,11.03],[47.94,11.03],[47.94,11.03],[47.94,11.03],[47.94,11.03],[47.94,11.03],[47.94,11.03],[47.94,11.03],[47.94,11.03],[47.94,11.03],[47.94,11.03],[47.94,11.03],[47.94,11.03],[47.94,11.03],[47.94,11.03],[47.95,11.03],[47.95,11.03],[47.95,11.03],[47.95,11.03],[47.95,11.03],[47.95,11.03],[47.95,11.03],[47.95,11.03],[47.95,11.03],[47.95,11.03],[47.95,11.03],[47.95,11.03],[47.96,11.03],[47.96,11.03],[47.96,11.03],[47.96,11.03],[47.96,11.03],[47.96,11.03],[47.96,11.03],[47.96,11.03],[47.96,11.03],[47.96,11.03],[47.97,11.03],[47.97,11.03],[47.97,11.03],[47.97,11.03],[47.97,11.03],[47.97,11.03],[47.97,11.03],[47.97,11.03],[47.97,11.03],[47.97,11.03],[47.98,11.03],[47.98,11.03],[47.98,11.03],[47.98,11.03],[47.98,11.03],[47.98,11.03],[47.98,11.03],[47.98,11.03],[47.98,11.03],[47.99,11.03],[47.99,11.03],[47.99,11.03],[47.99,11.03],[47.99,11.03],[48,11.03],[48,11.03],[48,11.03],[48.01,11.03],[48.01,11.03],[48.01,11.03],[48.01,11.03],[48.01,11.03],[48.01,11.03],[48.02,11.03],[48.02,11.03],[48.02,11.03],[48.02,11.03],[48.02,11.03],[48.02,11.03],[48.02,11.03],[48.02,11.03],[48.02,11.03],[48.02,11.03],[48.02,11.03],[48.03,11.03],[48.03,11.03],[48.03,11.03],[48.03,11.03],[48.03,11.03],[48.03,11.03],[48.03,11.03],[48.03,11.03],[48.03,11.03],[48.03,11.03],[48.03,11.03],[48.04,11.03],[48.04,11.03],[48.04,11.03],[48.04,11.03],[48.04,11.03],[48.04,11.03],[48.04,11.03],[48.04,11.03],[48.04,11.03],[48.04,11.03],[48.04,11.03],[48.05,11.03],[48.05,11.03],[48.05,11.03],[48.05,11.03],[48.05,11.03],[48.05,11.03],[48.05,11.03],[48.05,11.03],[48.05,11.03],[48.05,11.03],[48.05,11.03],[48.05,11.03],[48.05,11.03],[48.06,11.03],[48.06,11.03],[48.06,11.03],[48.06,11.03],[48.06,11.03],[48.06,11.03],[48.06,11.03],[48.06,11.03],[48.06,11.03],[48.06,11.03],[48.06,11.03],[48.07,11.03],[48.07,11.03],[48.07,11.03],[48.07,11.03],[48.07,11.03],[48.07,11.03],[48.07,11.03],[48.07,11.04],[48.07,11.04],[48.07,11.04],[48.08,11.04],[48.08,11.04],[48.08,11.04],[48.08,11.04],[48.08,11.04],[48.08,11.04],[48.08,11.04],[48.08,11.04],[48.08,11.04],[48.08,11.04],[48.09,11.04],[48.09,11.04],[48.09,11.04],[48.09,11.04],[48.09,11.04],[48.09,11.04],[48.09,11.04],[48.09,11.04],[48.09,11.04],[48.09,11.04],[48.1,11.04],[48.1,11.04],[48.1,11.04],[48.1,11.04],[48.1,11.04],[48.1,11.05],[48.1,11.05],[48.1,11.05],[48.1,11.05],[48.1,11.05],[48.11,11.05],[48.11,11.05],[48.11,11.05],[48.11,11.05],[48.11,11.05],[48.11,11.05],[48.12,11.05],[48.12,11.05],[48.12,11.06],[48.13,11.06],[48.13,11.06],[48.13,11.06],[48.13,11.06],[48.13,11.06],[48.13,11.06],[48.14,11.06],[48.14,11.06],[48.14,11.06],[48.14,11.06],[48.14,11.06],[48.14,11.06],[48.14,11.06],[48.14,11.06],[48.14,11.06],[48.14,11.06],[48.15,11.07],[48.15,11.07],[48.15,11.07],[48.15,11.07],[48.15,11.07],[48.15,11.07],[48.15,11.07],[48.15,11.07],[48.15,11.07],[48.15,11.07],[48.15,11.07],[48.16,11.07],[48.16,11.07],[48.16,11.07],[48.16,11.07],[48.16,11.07],[48.16,11.07],[48.16,11.07],[48.16,11.07],[48.16,11.07],[48.16,11.07],[48.16,11.07],[48.16,11.07],[48.17,11.07],[48.17,11.07],[48.17,11.07],[48.17,11.07],[48.17,11.07],[48.17,11.07],[48.17,11.07],[48.17,11.07],[48.17,11.07],[48.17,11.07],[48.17,11.07],[48.17,11.08],[48.18,11.08],[48.18,11.08],[48.18,11.08],[48.18,11.08],[48.18,11.08],[48.18,11.08],[48.18,11.08],[48.18,11.08],[48.18,11.08],[48.19,11.08],[48.19,11.08],[48.19,11.08],[48.19,11.08],[48.19,11.08],[48.19,11.08],[48.19,11.08],[48.19,11.08],[48.19,11.08],[48.2,11.08],[48.2,11.08],[48.2,11.08],[48.2,11.08],[48.2,11.08],[48.2,11.08],[48.2,11.08],[48.2,11.08],[48.21,11.08],[48.21,11.08],[48.21,11.08],[48.21,11.08],[48.21,11.08],[48.21,11.08],[48.21,11.08],[48.21,11.08],[48.21,11.08],[48.22,11.08],[48.22,11.08],[48.22,11.08],[48.22,11.08],[48.22,11.08],[48.22,11.09],[48.22,11.09],[48.22,11.09],[48.22,11.09],[48.23,11.09],[48.23,11.09],[48.23,11.09],[48.23,11.09],[48.23,11.09],[48.23,11.09],[48.23,11.09],[48.23,11.09],[48.24,11.09],[48.24,11.09],[48.24,11.09],[48.24,11.09],[48.24,11.09],[48.24,11.09],[48.24,11.09],[48.24,11.09],[48.24,11.09],[48.25,11.09],[48.25,11.09],[48.25,11.09],[48.25,11.09],[48.25,11.09],[48.25,11.09],[48.25,11.09],[48.25,11.09],[48.25,11.09],[48.26,11.09],[48.26,11.09],[48.26,11.09],[48.26,11.09],[48.26,11.09],[48.26,11.09],[48.26,11.09],[48.26,11.09],[48.27,11.09],[48.27,11.09],[48.27,11.09],[48.27,11.09],[48.27,11.09],[48.27,11.09],[48.27,11.09],[48.27,11.09],[48.27,11.09],[48.28,11.09],[48.28,11.09],[48.28,11.09],[48.28,11.09],[48.28,11.09],[48.28,11.09],[48.28,11.09],[48.28,11.09],[48.28,11.09],[48.29,11.09],[48.29,11.09],[48.29,11.09],[48.29,11.09],[48.29,11.09],[48.29,11.09],[48.29,11.09],[48.29,11.09],[48.29,11.09],[48.3,11.09],[48.3,11.09],[48.3,11.09],[48.3,11.09],[48.3,11.09],[48.3,11.09],[48.3,11.09],[48.3,11.09],[48.3,11.09],[48.31,11.09],[48.31,11.09],[48.31,11.09],[48.31,11.09],[48.31,11.09],[48.31,11.09],[48.31,11.09],[48.31,11.09],[48.31,11.09],[48.32,11.09],[48.32,11.09],[48.32,11.09],[48.32,11.09],[48.32,11.09],[48.32,11.09],[48.32,11.1],[48.32,11.1],[48.32,11.1],[48.33,11.1],[48.33,11.1],[48.33,11.1],[48.33,11.1],[48.33,11.1],[48.33,11.1],[48.33,11.1],[48.33,11.1],[48.33,11.1],[48.34,11.1],[48.34,11.09],[48.34,11.09],[48.34,11.09],[48.34,11.09],[48.34,11.09],[48.34,11.09],[48.34,11.09],[48.34,11.09],[48.35,11.09],[48.35,11.09],[48.35,11.09],[48.35,11.09],[48.35,11.09],[48.35,11.09],[48.35,11.09],[48.35,11.09],[48.35,11.09],[48.36,11.09],[48.36,11.09],[48.36,11.09],[48.36,11.09],[48.36,11.09],[48.36,11.09],[48.36,11.09],[48.36,11.09],[48.36,11.09],[48.37,11.09],[48.37,11.09],[48.37,11.09],[48.37,11.09],[48.37,11.09],[48.37,11.09],[48.37,11.09],[48.37,11.09],[48.37,11.09],[48.37,11.09],[48.38,11.09],[48.38,11.09],[48.38,11.09],[48.38,11.09],[48.38,11.09],[48.38,11.09],[48.38,11.09],[48.38,11.09],[48.38,11.09],[48.39,11.09],[48.39,11.09],[48.39,11.09],[48.39,11.09],[48.39,11.09],[48.39,11.09],[48.39,11.09],[48.39,11.09],[48.39,11.09],[48.39,11.09],[48.4,11.09],[48.4,11.09],[48.4,11.09],[48.4,11.09],[48.4,11.09],[48.4,11.09],[48.4,11.09],[48.4,11.09],[48.4,11.09],[48.4,11.09],[48.41,11.09],[48.41,11.09],[48.41,11.09],[48.41,11.09],[48.41,11.09],[48.41,11.09],[48.41,11.09],[48.41,11.09],[48.41,11.09],[48.41,11.09],[48.42,11.09],[48.42,11.09],[48.42,11.09],[48.42,11.09],[48.42,11.09],[48.42,11.09],[48.42,11.09],[48.42,11.09],[48.42,11.09],[48.42,11.09],[48.43,11.09],[48.43,11.09],[48.43,11.09],[48.43,11.09],[48.43,11.09],[48.43,11.08],[48.43,11.08],[48.43,11.08],[48.43,11.08],[48.43,11.08],[48.44,11.08],[48.44,11.08],[48.44,11.08],[48.44,11.08],[48.44,11.08],[48.44,11.08],[48.44,11.08],[48.44,11.08],[48.44,11.08],[48.44,11.08],[48.44,11.08],[48.45,11.08],[48.45,11.08],[48.45,11.08],[48.45,11.08],[48.45,11.08],[48.45,11.08],[48.45,11.08],[48.45,11.08],[48.45,11.08],[48.45,11.08],[48.45,11.08],[48.46,11.08],[48.46,11.08],[48.46,11.08],[48.46,11.08],[48.46,11.08],[48.46,11.08],[48.46,11.08],[48.46,11.08],[48.46,11.08],[48.46,11.08],[48.46,11.08],[48.47,11.08],[48.47,11.08],[48.47,11.07],[48.47,11.07],[48.47,11.07],[48.47,11.07],[48.47,11.07],[48.47,11.07],[48.47,11.07],[48.47,11.07],[48.47,11.07],[48.48,11.07],[48.48,11.07],[48.48,11.07],[48.48,11.07],[48.48,11.07],[48.48,11.07],[48.48,11.07],[48.48,11.07],[48.48,11.07],[48.48,11.07],[48.48,11.07],[48.49,11.07],[48.49,11.07],[48.49,11.07],[48.49,11.07],[48.49,11.07],[48.49,11.07],[48.49,11.06],[48.49,11.06],[48.49,11.06],[48.49,11.06],[48.49,11.06],[48.49,11.06],[48.5,11.06],[48.5,11.06],[48.5,11.06],[48.5,11.06],[48.5,11.06],[48.5,11.06],[48.51,11.06],[48.51,11.05],[48.52,11.05],[48.52,11.05],[48.52,11.05],[48.52,11.05],[48.52,11.05],[48.52,11.05],[48.52,11.05],[48.53,11.05],[48.53,11.05],[48.53,11.05],[48.53,11.05],[48.53,11.05],[48.53,11.04],[48.53,11.04],[48.53,11.04],[48.53,11.04],[48.53,11.04],[48.54,11.04],[48.54,11.04],[48.54,11.04],[48.54,11.04],[48.54,11.04],[48.54,11.04],[48.54,11.04],[48.54,11.04],[48.54,11.04],[48.54,11.04],[48.54,11.04],[48.55,11.04],[48.55,11.04],[48.55,11.04],[48.55,11.04],[48.55,11.04],[48.55,11.04],[48.55,11.04],[48.55,11.04],[48.55,11.04],[48.55,11.04],[48.55,11.04],[48.55,11.04],[48.56,11.03],[48.56,11.03],[48.56,11.03],[48.56,11.03],[48.56,11.03],[48.56,11.03],[48.56,11.03],[48.56,11.03],[48.56,11.03],[48.56,11.03],[48.56,11.03],[48.56,11.03],[48.56,11.03],[48.56,11.03],[48.57,11.03],[48.57,11.03],[48.57,11.03],[48.57,11.03],[48.57,11.03],[48.57,11.03],[48.58,11.03],[48.58,11.03],[48.58,11.03],[48.58,11.03],[48.59,11.03],[48.59,11.03],[48.59,11.02],[48.59,11.02],[48.6,11.02],[48.6,11.02],[48.6,11.02],[48.6,11.02],[48.6,11.02],[48.61,11.02],[48.61,11.02],[48.61,11.02],[48.61,11.02],[48.61,11.02],[48.62,11.02],[48.62,11.02],[48.62,11.02],[48.62,11.02],[48.62,11.02],[48.63,11.02],[48.63,11.02],[48.63,11.02],[48.63,11.02],[48.63,11.01],[48.63,11.01],[48.64,11.01],[48.64,11.01],[48.64,11.01],[48.64,11.01],[48.64,11.01],[48.65,11.01],[48.65,11.01],[48.65,11.01],[48.65,11.01],[48.65,11.01],[48.65,11.01],[48.66,11.01],[48.66,11.01],[48.66,11.01],[48.66,11.01],[48.66,11.01],[48.66,11.01],[48.66,11.01],[48.67,11.01],[48.67,11.01],[48.67,11.01],[48.67,11.01],[48.67,11.01],[48.67,11.01],[48.67,11.01],[48.67,11.01],[48.67,11.01],[48.67,11.01],[48.67,11.01],[48.67,11.01],[48.67,11.01],[48.68,11.01],[48.68,11.01],[48.68,11.01],[48.68,11.01],[48.68,11.01],[48.68,11.01],[48.68,11.01],[48.68,11.01],[48.68,11.01],[48.68,11.01],[48.68,11.01],[48.68,11.01],[48.69,11.01],[48.69,11.01],[48.69,11.01],[48.69,11.01],[48.69,11.01],[48.69,11.01],[48.69,11.01],[48.69,11.01],[48.69,11.01],[48.69,11.01],[48.69,11.01],[48.69,11.01],[48.69,11.01],[48.7,11.01],[48.7,11.01],[48.7,11.01],[48.7,11.01],[48.7,11.01],[48.7,11.01],[48.7,11.01],[48.7,11.01],[48.7,11.01],[48.7,11.01],[48.7,11.01],[48.7,11.01],[48.7,11.01],[48.7,11.01],[48.71,11.01],[48.71,11.01],[48.71,11.01],[48.71,11.01],[48.71,11.01],[48.71,11.01],[48.71,11.01],[48.71,11.01],[48.71,11.01],[48.71,11.01],[48.71,11.01],[48.71,11.01],[48.71,11.01],[48.72,11.01],[48.72,11.01],[48.72,11.01],[48.72,11.01],[48.72,11.01],[48.72,11.01],[48.72,11.01],[48.72,11.01],[48.72,11.01],[48.72,11.01],[48.72,11.01],[48.72,11.01],[48.72,11.01],[48.72,11.01],[48.73,11.01],[48.73,11.01],[48.73,11.01],[48.73,11.01],[48.73,11.01],[48.73,11.01],[48.73,11.01],[48.73,11.01],[48.73,11.01],[48.73,11.01],[48.73,11.01],[48.73,11.01],[48.73,11.01],[48.73,11.01],[48.73,11.01],[48.74,11.01],[48.74,11.01],[48.74,11.01],[48.74,11.01],[48.74,11.01],[48.74,11.01],[48.74,11.01],[48.74,11.01],[48.74,11.01],[48.74,11.01],[48.74,11.01],[48.74,11.01],[48.74,11.01],[48.74,11.01],[48.74,11.01],[48.74,11.01],[48.75,11.01],[48.75,11.01],[48.75,11.01],[48.75,11.01],[48.75,11.01],[48.75,11.01],[48.75,11.01],[48.75,11.01],[48.75,11.01],[48.75,11.01],[48.75,11.01],[48.75,11.01],[48.75,11.01],[48.75,11.01],[48.75,11.01],[48.75,11.01],[48.76,11.01],[48.76,11.01],[48.76,11.01],[48.76,11.01],[48.76,11.01],[48.76,11.01],[48.76,11.01],[48.76,11.01],[48.76,11.01],[48.76,11.01],[48.76,11.01],[48.76,11.01],[48.76,11.02],[48.76,11.02],[48.76,11.02],[48.76,11.02],[48.76,11.02],[48.77,11.02],[48.77,11.02],[48.77,11.02],[48.77,11.02],[48.77,11.02],[48.77,11.02],[48.77,11.02],[48.77,11.02],[48.77,11.02],[48.77,11.02],[48.77,11.02],[48.77,11.02],[48.77,11.02],[48.77,11.02],[48.77,11.02],[48.77,11.02],[48.77,11.02],[48.78,11.02],[48.78,11.02],[48.78,11.02],[48.78,11.02],[48.78,11.02],[48.78,11.02],[48.78,11.02],[48.78,11.02],[48.78,11.02],[48.78,11.02],[48.78,11.02],[48.78,11.02],[48.78,11.02],[48.78,11.02],[48.78,11.02],[48.78,11.02],[48.78,11.02],[48.79,11.02],[48.79,11.03],[48.79,11.03],[48.79,11.03],[48.79,11.03],[48.79,11.03],[48.79,11.03],[48.79,11.03],[48.79,11.03],[48.79,11.03],[48.79,11.03],[48.79,11.03],[48.79,11.03],[48.79,11.03],[48.79,11.03],[48.8,11.03],[48.8,11.03],[48.8,11.03],[48.8,11.03],[48.8,11.03],[48.8,11.03],[48.8,11.03],[48.8,11.03],[48.8,11.03],[48.8,11.03],[48.8,11.04],[48.8,11.04],[48.81,11.04],[48.81,11.04],[48.81,11.04],[48.81,11.04],[48.81,11.04],[48.81,11.04],[48.81,11.04],[48.82,11.05],[48.82,11.05],[48.82,11.05],[48.83,11.05],[48.83,11.05],[48.83,11.05],[48.83,11.05],[48.83,11.05],[48.83,11.05],[48.83,11.05],[48.83,11.06],[48.83,11.06],[48.84,11.06],[48.84,11.06],[48.84,11.06],[48.84,11.06],[48.84,11.06],[48.84,11.06],[48.84,11.06],[48.84,11.06],[48.85,11.06],[48.85,11.06],[48.85,11.07],[48.85,11.07],[48.85,11.07],[48.85,11.07],[48.85,11.07],[48.85,11.07],[48.86,11.07],[48.86,11.07],[48.86,11.07],[48.86,11.07],[48.86,11.08],[48.86,11.08],[48.86,11.08],[48.86,11.08],[48.86,11.08],[48.87,11.08],[48.87,11.08],[48.87,11.08],[48.87,11.08],[48.87,11.08],[48.87,11.08],[48.87,11.09],[48.87,11.09],[48.88,11.09],[48.88,11.09],[48.88,11.09],[48.88,11.09],[48.88,11.09],[48.88,11.09],[48.88,11.09],[48.88,11.1],[48.88,11.1],[48.89,11.1],[48.89,11.1],[48.89,11.1],[48.89,11.1],[48.89,11.1],[48.89,11.1],[48.89,11.1],[48.89,11.1],[48.89,11.11],[48.9,11.11],[48.9,11.11],[48.9,11.11],[48.9,11.11],[48.9,11.11],[48.9,11.11],[48.9,11.11],[48.9,11.11],[48.9,11.12],[48.91,11.12],[48.91,11.12],[48.91,11.12],[48.91,11.12],[48.91,11.12],[48.91,11.12],[48.91,11.12],[48.91,11.13],[48.91,11.13],[48.92,11.13],[48.92,11.13],[48.92,11.13],[48.92,11.13],[48.92,11.13],[48.92,11.13],[48.92,11.14],[48.92,11.14],[48.92,11.14],[48.93,11.14],[48.93,11.14],[48.93,11.14],[48.93,11.14],[48.93,11.14],[48.93,11.15],[48.93,11.15],[48.93,11.15],[48.93,11.15],[48.94,11.15],[48.94,11.15],[48.94,11.15],[48.94,11.15],[48.94,11.16],[48.94,11.16],[48.94,11.16],[48.94,11.16],[48.94,11.16],[48.95,11.16],[48.95,11.16],[48.95,11.16],[48.95,11.17],[48.95,11.17],[48.95,11.17],[48.95,11.17],[48.95,11.17],[48.95,11.17],[48.95,11.17],[48.96,11.18],[48.96,11.18],[48.96,11.18],[48.96,11.18],[48.96,11.18],[48.96,11.18],[48.96,11.18],[48.96,11.19],[48.96,11.19],[48.97,11.19],[48.97,11.19],[48.97,11.19],[48.97,11.19],[48.97,11.19],[48.97,11.2],[48.97,11.2],[48.97,11.2],[48.97,11.2],[48.97,11.2],[48.98,11.2],[48.98,11.2],[48.98,11.21],[48.98,11.21],[48.98,11.21],[48.98,11.21],[48.98,11.21],[48.98,11.21],[48.98,11.22],[48.98,11.22],[48.99,11.22],[48.99,11.22],[48.99,11.22],[48.99,11.22],[48.99,11.22],[48.99,11.23],[48.99,11.23],[48.99,11.23],[48.99,11.23],[48.99,11.23],[49,11.23],[49,11.24],[49,11.24],[49,11.24],[49,11.24],[49,11.24],[49,11.24],[49,11.25],[49,11.25],[49,11.25],[49.01,11.25],[49.01,11.25],[49.01,11.25],[49.01,11.26],[49.01,11.26],[49.01,11.26],[49.01,11.26],[49.01,11.26],[49.01,11.26],[49.01,11.27],[49.02,11.27],[49.02,11.27],[49.02,11.27],[49.02,11.27],[49.02,11.27],[49.02,11.28],[49.02,11.28],[49.02,11.28],[49.02,11.28],[49.02,11.28],[49.03,11.28],[49.03,11.29],[49.03,11.29],[49.03,11.29],[49.03,11.29],[49.03,11.29],[49.03,11.3],[49.03,11.3],[49.03,11.3],[49.03,11.3],[49.04,11.3],[49.04,11.3],[49.04,11.31],[49.04,11.31],[49.04,11.31],[49.04,11.31],[49.04,11.31],[49.04,11.32],[49.04,11.32],[49.04,11.32],[49.05,11.32],[49.05,11.32],[49.05,11.33],[49.05,11.33],[49.05,11.33],[49.05,11.33],[49.05,11.33],[49.05,11.34],[49.05,11.34],[49.05,11.34],[49.05,11.34],[49.06,11.34],[49.06,11.35],[49.06,11.35],[49.06,11.35],[49.06,11.35],[49.06,11.35],[49.06,11.36],[49.06,11.36],[49.06,11.36],[49.06,11.36],[49.07,11.36],[49.07,11.37],[49.07,11.37],[49.07,11.37],[49.07,11.37],[49.07,11.37],[49.07,11.38],[49.07,11.38],[49.07,11.38],[49.07,11.38],[49.08,11.38],[49.08,11.39],[49.08,11.39],[49.08,11.39],[49.08,11.39],[49.08,11.4],[49.08,11.4],[49.08,11.4],[49.08,11.4],[49.08,11.4],[49.09,11.41],[49.09,11.41],[49.09,11.41],[49.09,11.41],[49.09,11.42],[49.09,11.42],[49.09,11.42],[49.09,11.42],[49.09,11.43],[49.09,11.43],[49.1,11.43],[49.1,11.43],[49.1,11.43],[49.1,11.44],[49.1,11.44],[49.1,11.44],[49.1,11.44],[49.1,11.44],[49.1,11.44],[49.1,11.44],[49.1,11.45],[49.1,11.45],[49.1,11.45],[49.1,11.45],[49.1,11.45],[49.1,11.45],[49.1,11.45],[49.11,11.46],[49.11,11.46],[49.11,11.46],[49.11,11.46],[49.11,11.46],[49.11,11.46],[49.11,11.47],[49.11,11.47],[49.11,11.47],[49.11,11.47],[49.11,11.47],[49.11,11.47],[49.11,11.48],[49.11,11.48],[49.11,11.48],[49.11,11.48],[49.11,11.48],[49.11,11.48],[49.11,11.48],[49.12,11.49],[49.12,11.49],[49.12,11.49],[49.12,11.49],[49.12,11.49],[49.12,11.49],[49.12,11.5],[49.12,11.5],[49.12,11.5],[49.12,11.5],[49.12,11.5],[49.12,11.5],[49.12,11.51],[49.12,11.51],[49.12,11.51],[49.12,11.52],[49.12,11.52],[49.12,11.52],[49.13,11.53],[49.13,11.54],[49.13,11.54],[49.13,11.55],[49.13,11.55],[49.13,11.55],[49.13,11.55],[49.13,11.56],[49.13,11.56],[49.13,11.56],[49.13,11.56],[49.14,11.56],[49.14,11.57],[49.14,11.57],[49.14,11.57],[49.14,11.57],[49.14,11.57],[49.14,11.57],[49.14,11.58],[49.14,11.58],[49.14,11.58],[49.14,11.58],[49.14,11.58],[49.14,11.59],[49.14,11.59],[49.14,11.59],[49.14,11.59],[49.14,11.59],[49.14,11.59],[49.14,11.6],[49.15,11.6],[49.15,11.6],[49.15,11.6],[49.15,11.6],[49.15,11.61],[49.15,11.61],[49.15,11.61],[49.15,11.61],[49.15,11.61],[49.15,11.61],[49.15,11.62],[49.15,11.62],[49.15,11.62],[49.15,11.62],[49.15,11.62],[49.15,11.62],[49.15,11.62],[49.15,11.62],[49.15,11.62],[49.15,11.62],[49.15,11.62],[49.15,11.62],[49.15,11.62],[49.15,11.63],[49.16,11.63],[49.16,11.63],[49.16,11.63],[49.16,11.63],[49.16,11.63],[49.16,11.63],[49.16,11.63],[49.16,11.63],[49.16,11.63],[49.16,11.63],[49.16,11.63],[49.16,11.63],[49.16,11.63],[49.16,11.64],[49.16,11.64],[49.16,11.64],[49.16,11.64],[49.16,11.64],[49.16,11.64],[49.16,11.64],[49.16,11.64],[49.16,11.64],[49.16,11.64],[49.16,11.64],[49.16,11.64],[49.16,11.64],[49.16,11.64],[49.16,11.65],[49.16,11.65],[49.16,11.65],[49.17,11.65],[49.17,11.65],[49.17,11.65],[49.17,11.66],[49.17,11.66],[49.17,11.66],[49.17,11.66],[49.17,11.66],[49.17,11.66],[49.17,11.67],[49.17,11.67],[49.18,11.67],[49.18,11.67],[49.18,11.67],[49.18,11.67],[49.18,11.68],[49.18,11.68],[49.18,11.68],[49.18,11.68],[49.18,11.68],[49.18,11.69],[49.19,11.69],[49.19,11.69],[49.19,11.69],[49.19,11.69],[49.19,11.69],[49.19,11.7],[49.19,11.7],[49.19,11.7],[49.19,11.7],[49.19,11.7],[49.2,11.7],[49.2,11.71],[49.2,11.71],[49.2,11.71],[49.2,11.71],[49.2,11.71],[49.2,11.71],[49.2,11.72],[49.2,11.72],[49.2,11.72],[49.21,11.72],[49.21,11.72],[49.21,11.72],[49.21,11.73],[49.21,11.73],[49.21,11.73],[49.21,11.73],[49.21,11.73],[49.21,11.73],[49.22,11.74],[49.22,11.74],[49.22,11.74],[49.22,11.74],[49.22,11.74],[49.22,11.75],[49.22,11.75],[49.22,11.75],[49.22,11.75],[49.23,11.75],[49.23,11.75],[49.23,11.76],[49.23,11.76],[49.23,11.76],[49.23,11.76],[49.23,11.76],[49.23,11.76],[49.23,11.77],[49.24,11.77],[49.24,11.77],[49.24,11.77],[49.24,11.77],[49.24,11.77],[49.24,11.77],[49.24,11.78],[49.24,11.78],[49.25,11.78],[49.25,11.78],[49.25,11.78],[49.25,11.78],[49.25,11.79],[49.25,11.79],[49.25,11.79],[49.25,11.79],[49.26,11.79],[49.26,11.79],[49.26,11.8],[49.26,11.8],[49.26,11.8],[49.26,11.8],[49.26,11.8],[49.26,11.8],[49.27,11.8],[49.27,11.81],[49.27,11.81],[49.27,11.81],[49.27,11.81],[49.27,11.81],[49.27,11.81],[49.27,11.82],[49.28,11.82],[49.28,11.82],[49.28,11.82],[49.28,11.82],[49.28,11.82],[49.28,11.82],[49.28,11.83],[49.28,11.83],[49.29,11.83],[49.29,11.83],[49.29,11.83],[49.29,11.83],[49.29,11.84],[49.29,11.84],[49.29,11.84],[49.3,11.84],[49.3,11.84],[49.3,11.84],[49.3,11.84],[49.3,11.85],[49.3,11.85],[49.3,11.85],[49.3,11.85],[49.31,11.85],[49.31,11.85],[49.31,11.85],[49.31,11.86],[49.31,11.86],[49.32,11.86],[49.32,11.87],[49.32,11.87],[49.32,11.87],[49.32,11.87],[49.33,11.87],[49.33,11.87],[49.33,11.87],[49.33,11.87],[49.33,11.88],[49.33,11.88],[49.33,11.88],[49.33,11.88],[49.33,11.88],[49.34,11.88],[49.34,11.88],[49.34,11.88],[49.34,11.88],[49.34,11.88],[49.34,11.88],[49.34,11.89],[49.34,11.89],[49.34,11.89],[49.34,11.89],[49.34,11.89],[49.35,11.89],[49.35,11.89],[49.35,11.89],[49.35,11.89],[49.35,11.89],[49.35,11.89],[49.35,11.89],[49.35,11.9],[49.35,11.9],[49.35,11.9],[49.35,11.9],[49.35,11.9],[49.36,11.9],[49.36,11.9],[49.36,11.9],[49.36,11.9],[49.36,11.9],[49.36,11.9],[49.36,11.9],[49.36,11.9],[49.36,11.91],[49.36,11.91],[49.36,11.91],[49.37,11.91],[49.37,11.91],[49.37,11.91],[49.37,11.91],[49.37,11.91],[49.37,11.91],[49.37,11.91],[49.37,11.91],[49.37,11.91],[49.37,11.91],[49.37,11.91],[49.37,11.91],[49.38,11.91],[49.38,11.92],[49.38,11.92],[49.38,11.92],[49.38,11.92],[49.38,11.92],[49.38,11.92],[49.38,11.92],[49.38,11.92],[49.38,11.92],[49.38,11.92],[49.38,11.92],[49.39,11.92],[49.39,11.92],[49.39,11.92],[49.39,11.92],[49.39,11.92],[49.39,11.92],[49.39,11.92],[49.39,11.92],[49.39,11.93],[49.39,11.93],[49.4,11.93],[49.4,11.93],[49.4,11.93],[49.4,11.93],[49.4,11.93],[49.4,11.93],[49.4,11.93],[49.4,11.93],[49.4,11.93],[49.4,11.93],[49.41,11.93],[49.41,11.93],[49.41,11.93],[49.41,11.93],[49.41,11.93],[49.41,11.93],[49.41,11.93],[49.41,11.93],[49.41,11.94],[49.42,11.94],[49.42,11.94],[49.42,11.94],[49.42,11.94],[49.42,11.94],[49.42,11.94],[49.42,11.94],[49.42,11.94],[49.42,11.94],[49.43,11.94],[49.43,11.94],[49.43,11.94],[49.43,11.94],[49.43,11.94],[49.43,11.94],[49.44,11.94],[49.44,11.94],[49.45,11.95],[49.45,11.95],[49.45,11.95],[49.45,11.95],[49.45,11.95],[49.46,11.95],[49.46,11.95],[49.46,11.95],[49.46,11.95],[49.46,11.95],[49.46,11.95],[49.46,11.95],[49.46,11.95],[49.46,11.95],[49.47,11.96],[49.47,11.96],[49.47,11.96],[49.47,11.96],[49.47,11.96],[49.47,11.96],[49.47,11.96],[49.47,11.96],[49.47,11.96],[49.47,11.96],[49.47,11.96],[49.48,11.96],[49.48,11.96],[49.48,11.96],[49.48,11.96],[49.48,11.96],[49.48,11.96],[49.48,11.96],[49.48,11.96],[49.48,11.96],[49.48,11.96],[49.49,11.96],[49.49,11.96],[49.49,11.96],[49.49,11.97],[49.49,11.97],[49.49,11.97],[49.49,11.97],[49.49,11.97],[49.49,11.97],[49.49,11.97],[49.49,11.97],[49.49,11.97],[49.5,11.97],[49.5,11.97],[49.5,11.97],[49.5,11.97],[49.5,11.97],[49.5,11.97],[49.5,11.97],[49.5,11.97],[49.5,11.97],[49.5,11.97],[49.5,11.97],[49.5,11.97],[49.5,11.97],[49.51,11.98],[49.51,11.98],[49.51,11.98],[49.51,11.98],[49.51,11.98],[49.51,11.98],[49.51,11.98],[49.51,11.98],[49.51,11.98],[49.51,11.98],[49.51,11.98],[49.51,11.98],[49.51,11.98],[49.51,11.98],[49.52,11.98],[49.52,11.98],[49.52,11.98],[49.52,11.98],[49.52,11.98],[49.52,11.98],[49.52,11.99],[49.52,11.99],[49.52,11.99],[49.52,11.99],[49.52,11.99],[49.52,11.99],[49.52,11.99],[49.52,11.99],[49.53,11.99],[49.53,11.99],[49.53,11.99],[49.53,11.99],[49.53,11.99],[49.53,11.99],[49.53,11.99],[49.53,11.99],[49.53,12],[49.53,12],[49.53,12],[49.53,12],[49.53,12],[49.54,12],[49.54,12],[49.54,12],[49.54,12],[49.54,12],[49.54,12],[49.54,12],[49.54,12],[49.54,12],[49.54,12],[49.54,12.01],[49.54,12.01],[49.54,12.01],[49.55,12.01],[49.55,12.01],[49.55,12.01],[49.55,12.01],[49.55,12.01],[49.55,12.01],[49.55,12.01],[49.55,12.01],[49.55,12.01],[49.55,12.01],[49.55,12.01],[49.55,12.02],[49.55,12.02],[49.55,12.02],[49.55,12.02],[49.55,12.02],[49.56,12.02],[49.56,12.02],[49.56,12.02],[49.56,12.02],[49.56,12.02],[49.56,12.02],[49.56,12.03],[49.56,12.03],[49.56,12.03],[49.57,12.03],[49.57,12.03],[49.57,12.03],[49.57,12.04],[49.57,12.04],[49.57,12.04],[49.57,12.04],[49.58,12.04],[49.58,12.04],[49.58,12.04],[49.58,12.05],[49.58,12.05],[49.58,12.05],[49.58,12.05],[49.59,12.05],[49.59,12.06],[49.6,12.06],[49.6,12.07],[49.6,12.07],[49.6,12.07],[49.6,12.07],[49.6,12.07],[49.61,12.08],[49.61,12.08],[49.61,12.08],[49.61,12.08],[49.61,12.08],[49.61,12.09],[49.62,12.09],[49.62,12.09],[49.62,12.09],[49.62,12.09],[49.62,12.09],[49.62,12.09],[49.62,12.09],[49.62,12.09],[49.62,12.09],[49.62,12.1],[49.62,12.1],[49.62,12.1],[49.63,12.1],[49.63,12.1],[49.63,12.1],[49.63,12.1],[49.63,12.1],[49.63,12.1],[49.63,12.1],[49.63,12.1],[49.63,12.1],[49.63,12.1],[49.63,12.11],[49.63,12.11],[49.63,12.11],[49.63,12.11],[49.64,12.11],[49.64,12.11],[49.64,12.11],[49.64,12.11],[49.64,12.11],[49.64,12.11],[49.64,12.11],[49.64,12.11],[49.64,12.11],[49.64,12.11],[49.64,12.11],[49.64,12.12],[49.64,12.12],[49.64,12.12],[49.64,12.12],[49.65,12.12],[49.65,12.12],[49.65,12.12],[49.65,12.12],[49.65,12.12],[49.65,12.12],[49.65,12.12],[49.65,12.12],[49.65,12.12],[49.65,12.12],[49.65,12.12],[49.65,12.12],[49.65,12.13],[49.65,12.13],[49.66,12.13],[49.66,12.13],[49.66,12.13],[49.66,12.13],[49.66,12.13],[49.66,12.13],[49.66,12.13],[49.66,12.13],[49.66,12.13],[49.66,12.13],[49.66,12.13],[49.66,12.13],[49.66,12.13],[49.66,12.13],[49.66,12.13],[49.67,12.13],[49.67,12.13],[49.67,12.14],[49.67,12.14],[49.67,12.14],[49.67,12.14],[49.67,12.14],[49.67,12.14],[49.67,12.14],[49.67,12.14],[49.67,12.14],[49.67,12.14],[49.67,12.14],[49.67,12.14],[49.67,12.14],[49.68,12.14],[49.68,12.14],[49.68,12.14],[49.68,12.14],[49.68,12.14],[49.68,12.14],[49.68,12.14],[49.68,12.14],[49.68,12.14],[49.68,12.15],[49.68,12.15],[49.68,12.15],[49.68,12.15],[49.68,12.15],[49.69,12.15],[49.69,12.15],[49.69,12.15],[49.69,12.15],[49.69,12.15],[49.69,12.15],[49.69,12.15],[49.69,12.15],[49.69,12.15],[49.7,12.15],[49.7,12.15],[49.7,12.15],[49.7,12.15],[49.7,12.16],[49.7,12.16],[49.7,12.16],[49.7,12.16],[49.7,12.16],[49.71,12.16],[49.71,12.16],[49.71,12.16],[49.71,12.16],[49.71,12.16],[49.71,12.16],[49.71,12.16],[49.71,12.16],[49.71,12.16],[49.72,12.16],[49.72,12.16],[49.72,12.16],[49.72,12.16],[49.72,12.17],[49.72,12.17],[49.72,12.17],[49.72,12.17],[49.72,12.17],[49.73,12.17],[49.73,12.17],[49.73,12.17],[49.73,12.17],[49.73,12.17],[49.73,12.17],[49.73,12.17],[49.73,12.17],[49.74,12.17],[49.74,12.17],[49.74,12.17],[49.74,12.17],[49.74,12.17],[49.74,12.17],[49.74,12.18],[49.74,12.18],[49.75,12.18],[49.75,12.18],[49.75,12.18],[49.75,12.18],[49.75,12.18],[49.75,12.18],[49.75,12.18],[49.75,12.18],[49.75,12.18],[49.76,12.18],[49.76,12.18],[49.76,12.18],[49.76,12.18],[49.76,12.18],[49.76,12.18],[49.76,12.18],[49.76,12.18],[49.77,12.18],[49.77,12.18],[49.77,12.19],[49.77,12.19],[49.77,12.19],[49.77,12.19],[49.77,12.19],[49.77,12.19],[49.78,12.19],[49.78,12.19],[49.78,12.19],[49.78,12.19],[49.78,12.19],[49.78,12.19],[49.78,12.19],[49.79,12.19],[49.79,12.19],[49.79,12.19],[49.79,12.19],[49.79,12.19],[49.79,12.19],[49.79,12.19],[49.79,12.19],[49.8,12.19],[49.8,12.19],[49.8,12.19],[49.8,12.2],[49.8,12.2],[49.8,12.2],[49.8,12.2],[49.8,12.2],[49.81,12.2],[49.81,12.2],[49.81,12.2],[49.81,12.2],[49.81,12.2],[49.81,12.2],[49.81,12.2],[49.81,12.2],[49.82,12.2],[49.82,12.2],[49.82,12.2],[49.82,12.2],[49.82,12.2],[49.82,12.2],[49.82,12.2],[49.83,12.2],[49.83,12.2],[49.83,12.2],[49.83,12.2],[49.83,12.2],[49.83,12.2],[49.83,12.2],[49.83,12.2],[49.84,12.2],[49.84,12.21],[49.84,12.21],[49.84,12.21],[49.84,12.21],[49.84,12.21],[49.84,12.21],[49.84,12.21],[49.85,12.21],[49.85,12.21],[49.85,12.21],[49.85,12.21],[49.85,12.21],[49.85,12.21],[49.86,12.21],[49.86,12.21],[49.86,12.21],[49.86,12.21],[49.86,12.21],[49.86,12.21],[49.86,12.21],[49.87,12.21],[49.87,12.21],[49.87,12.21],[49.87,12.21],[49.87,12.21],[49.87,12.21],[49.88,12.21],[49.88,12.21],[49.88,12.21],[49.88,12.21],[49.88,12.21],[49.88,12.21],[49.88,12.21],[49.89,12.21],[49.89,12.21],[49.89,12.21],[49.89,12.21],[49.89,12.21],[49.89,12.21],[49.9,12.21],[49.9,12.21],[49.9,12.21],[49.9,12.21],[49.9,12.21],[49.9,12.22],[49.91,12.22],[49.91,12.22],[49.91,12.22],[49.91,12.22],[49.91,12.22],[49.91,12.22],[49.92,12.22],[49.92,12.22],[49.92,12.22],[49.92,12.22],[49.92,12.22],[49.92,12.22],[49.93,12.22],[49.93,12.22],[49.93,12.22],[49.93,12.22],[49.93,12.22],[49.93,12.22],[49.94,12.22],[49.94,12.22],[49.94,12.22],[49.94,12.22],[49.94,12.22],[49.95,12.22],[49.95,12.22],[49.95,12.22],[49.95,12.22],[49.95,12.22],[49.95,12.22],[49.96,12.22],[49.96,12.22],[49.96,12.22],[49.96,12.22],[49.96,12.22],[49.97,12.22],[49.97,12.22],[49.97,12.22],[49.97,12.22],[49.97,12.22],[49.97,12.22],[49.98,12.22],[49.98,12.22],[49.98,12.22],[49.98,12.22],[49.98,12.22],[49.98,12.22],[49.98,12.22],[49.96,11.92],[49.94,11.68],[49.92,11.47],[49.92,11.42],[49.92,11.42],[49.9,11.42],[49.36,11.29],[49.12,11],[48.8,10.75],[48.42,10.67],[47.9,10.65],[47.67,10.4],[47.36,10.25],[46.85,10.25],[46.4,10.24],[46.18,10.24],[45.91,10.23],[45.61,10.09],[45.34,9.91],[45.12,9.64],[44.65,9.56],[44.35,9.56],[43.85,9.51],[43.65,9.4],[43.28,9.33],[42.96,9.22],[42.66,9.13],[42.64,9.22]]]}},{"type":"Feature","properties":{"ma":5,"type":"gpml:TopologicalNetwork","name":"Inactive_Mesozoic Southern South America Deformation","pid":201,"deforming":true},"geometry":{"type":"Polygon","coordinates":[[[-58.37,-47.99],[-57.34,-48.15],[-57.34,-48.15],[-57.35,-48.27],[-57.12,-48.4],[-56.91,-48.38],[-56.38,-48.56],[-55.54,-48.86],[-54.7,-49.16],[-53.82,-49.44],[-52.93,-49.72],[-52.38,-49.81],[-52.21,-49.87],[-51.21,-50.07],[-50.04,-50.16],[-48.8,-50.17],[-48.43,-50.23],[-47.18,-50.25],[-45.93,-50.26],[-45.73,-50.29],[-44.73,-50.27],[-43.69,-50.22],[-42.78,-50.18],[-41.87,-50.14],[-41.65,-50.11],[-40.85,-50.1],[-39.42,-50.05],[-39.25,-50.03],[-39.21,-50.05],[-38.63,-50.38],[-38.63,-50.38],[-39.11,-50.9],[-39.88,-51.39],[-40.66,-51.87],[-41.55,-52.59],[-41.55,-52.59],[-41.68,-52.67],[-41.82,-52.72],[-42.69,-52.87],[-43.24,-53.12],[-43.65,-53.22],[-43.73,-53.28],[-43.73,-53.28],[-44.68,-53.18],[-45.62,-53.06],[-47.03,-52.89],[-48.47,-52.95],[-49.92,-52.99],[-51.04,-53.01],[-52.16,-53.02],[-53.27,-53.15],[-54.38,-53.27],[-55.99,-53.55],[-57.62,-53.8],[-58.6,-53.79],[-59.58,-53.77],[-60.58,-53.84],[-61.44,-53.97],[-62.51,-54.29],[-63.48,-54.57],[-64.32,-54.68],[-65.17,-54.79],[-66.69,-54.81],[-68.21,-54.82],[-69.73,-54.81],[-71.15,-54.37],[-72.53,-53.91],[-73.89,-53.44],[-74.79,-53.05],[-75.67,-52.65],[-76.54,-52.24],[-76.54,-52.24],[-76.59,-51.97],[-76.67,-51.59],[-76.75,-51.33],[-76.81,-51.02],[-76.85,-50.75],[-76.9,-50.59],[-77,-50.37],[-76.98,-49.86],[-76.93,-49.37],[-76.9,-49.07],[-76.73,-48.76],[-76.56,-48.37],[-76.3,-48.04],[-75.97,-47.62],[-75.87,-47.24],[-75.91,-46.87],[-75.85,-46.62],[-75.87,-46.23],[-75.84,-45.91],[-75.84,-45.83],[-75.85,-45.67],[-75.82,-45.29],[-75.78,-44.93],[-75.69,-44.69],[-75.59,-44.37],[-75.48,-44.02],[-75.39,-43.42],[-75.27,-42.93],[-75.19,-42.41],[-75.11,-42],[-75.04,-41.55],[-75.04,-41.2],[-75.01,-40.85],[-75.01,-40.46],[-74.97,-40.17],[-74.9,-39.8],[-74.73,-39.53],[-74.73,-39.53],[-73.78,-39.12],[-72.84,-38.7],[-71.91,-38.28],[-71,-37.85],[-70.09,-37.41],[-69.46,-36.8],[-68.84,-36.19],[-68.22,-35.58],[-67.62,-34.96],[-67.55,-34.21],[-67.49,-33.47],[-67.49,-33.47],[-66.78,-33.66],[-65.88,-33.88],[-64.98,-34.1],[-63.82,-34.22],[-62.66,-34.33],[-61.69,-34.64],[-60.72,-34.94],[-59.99,-35.04],[-59.26,-35.13],[-58.33,-35.16],[-57.4,-35.17],[-56.77,-35.09],[-56.15,-35.01],[-55.35,-35.32],[-55.12,-35.82],[-54.52,-36.48],[-53.81,-36.76],[-53.3,-36.8],[-53.3,-36.8],[-53.42,-36.92],[-54.05,-37.5],[-54.68,-38.08],[-54.99,-38.33],[-55.37,-38.87],[-55.76,-39.4],[-56.23,-40.08],[-56.76,-40.73],[-57.31,-41.39],[-57.86,-42.04],[-58.48,-42.92],[-58.82,-43.54],[-59.08,-44.24],[-59.27,-44.93],[-59.46,-45.62],[-59.5,-46.12],[-59.53,-46.63],[-59.54,-47.11],[-59.4,-47.83],[-58.37,-47.99]]]}},{"type":"Feature","properties":{"ma":5,"type":"gpml:TopologicalNetwork","name":"Inactive_Proto_Caribbean_Mesh","pid":101,"deforming":true},"geometry":{"type":"Polygon","coordinates":[[[-95.34,17.9],[-95.84,18.5],[-96.08,18.88],[-96.14,19.34],[-96.04,19.56],[-96.7,20.15],[-97.36,20.74],[-97.78,21.58],[-98.21,22.42],[-98.4,23.16],[-98.6,23.9],[-98.8,24.64],[-99.04,25.11],[-99.28,25.57],[-98.99,25.89],[-99.12,26.63],[-99.56,27.03],[-100,27.43],[-100.53,27.89],[-100.46,28.86],[-100.93,29.66],[-101.2,30.11],[-101.48,30.55],[-101.61,30.62],[-101.66,30.63],[-101.7,30.62],[-101.73,30.62],[-101.77,30.61],[-101.79,30.61],[-101.8,30.61],[-101.8,30.61],[-101.4,31.12],[-100.99,31.63],[-100.42,31.82],[-99.85,32],[-98.79,32.43],[-98.16,32.49],[-97.54,32.55],[-96.67,32.67],[-95.8,32.78],[-94.66,32.57],[-94.03,32.5],[-93.4,32.43],[-92.77,32.38],[-92.13,32.34],[-91.47,32.25],[-90.8,32.16],[-89.91,32.04],[-88.99,31.75],[-87.94,31.56],[-87.94,31.56],[-87.1,31.04],[-86.38,30.73],[-85.68,30.42],[-84.83,30],[-83.99,29.57],[-83.17,29.31],[-82.91,28.82],[-82.31,28.48],[-81.64,28.22],[-81.08,27.9],[-80.51,27.41],[-79.74,27.17],[-78.97,27.1],[-78.49,27.11],[-78.49,27.11],[-78.46,26.7],[-78.43,26.4],[-78.43,26.4],[-78.36,26.4],[-78.14,26.24],[-77.44,26.37],[-77.1,25.95],[-76.77,25.53],[-76.51,25.57],[-76.1,25.6],[-76.1,25.6],[-76.03,25.45],[-75.7,25.22],[-75.17,24.87],[-74.55,24.25],[-74.01,23.68],[-73.65,23.23],[-73.04,22.81],[-72.51,22.6],[-72.04,22.42],[-71.53,22.05],[-70.82,21.65],[-70.63,21.21],[-71.23,20.9],[-71.77,20.42],[-72.79,20.21],[-73.57,20.32],[-74.15,20.6],[-74.67,20.85],[-75.18,21.1],[-76.09,21.52],[-76.79,21.91],[-77.26,22.16],[-77.73,22.42],[-78.42,22.66],[-79.12,22.89],[-79.65,23.05],[-80.18,23.2],[-80.59,23.28],[-80.59,23.28],[-81.04,23.49],[-81.79,23.89],[-82.65,24.26],[-83.49,24.81],[-84.11,25.11],[-84.34,25.29],[-84.34,25.29],[-84.35,25.38],[-84.3,25.74],[-84.7,26.22],[-84.95,26.71],[-85.19,26.99],[-85.64,27.09],[-86.28,27.17],[-86.97,27.29],[-87.65,27.39],[-88.38,27.48],[-89.1,27.56],[-89.44,27.49],[-90.1,27.49],[-90.76,27.49],[-91.39,27.36],[-91.97,27.29],[-92.55,27.21],[-93.34,27],[-94.13,26.64],[-94.53,26.41],[-94.95,25.83],[-95.36,25.24],[-95.69,24.85],[-95.89,24.48],[-96.26,24.01],[-96.63,23.53],[-96.75,23.25],[-96.76,22.83],[-96.61,22.11],[-96.52,21.66],[-96.52,21.66],[-96.47,21.54],[-96.36,21.04],[-96.25,20.53],[-95.91,19.86],[-95.72,19.4],[-95.51,18.67],[-95.3,17.93],[-95.25,17.74],[-95.25,17.74],[-95.21,17.76],[-95.34,17.9]]]}},{"type":"Feature","properties":{"ma":5,"type":"gpml:TopologicalNetwork","name":"Inactive_mesh_yucatan","pid":2004,"deforming":true},"geometry":{"type":"Polygon","coordinates":[[[-84.46,23.84],[-84.37,23.58],[-84.29,23.07],[-84.2,22.56],[-84.49,21.7],[-84.87,21.22],[-85.25,20.73],[-85.52,20.21],[-85.97,19.64],[-86.49,18.98],[-86.84,18.25],[-87.2,17.43],[-87.32,16.89],[-87.79,16.3],[-88.25,15.71],[-88.68,15.28],[-89.12,14.85],[-89.58,14.85],[-89.97,15.02],[-90.56,15.38],[-91.32,15.37],[-91.96,15.69],[-92.71,15.87],[-93.34,16.18],[-94.14,16.61],[-94.67,17.04],[-95.01,17.54],[-95.01,17.97],[-95.19,18.25],[-95.08,18.65],[-95.08,19.23],[-95.06,20.21],[-94.7,20.73],[-94.23,20.87],[-94.23,20.87],[-94.11,21.07],[-93.77,21.65],[-93.55,21.98],[-93.24,22.27],[-93.14,22.71],[-92.6,23.11],[-92.35,23.63],[-92.06,23.9],[-91.7,24.15],[-91.3,24.51],[-90.92,24.66],[-90.31,24.83],[-89.69,24.91],[-88.82,24.99],[-88.44,25.12],[-88.2,25.36],[-87.71,25.52],[-87.03,25.42],[-86.54,25.12],[-86.06,24.83],[-85.5,24.55],[-85.04,24.09],[-84.46,23.84]]]}},{"type":"Feature","properties":{"ma":5,"type":"gpml:TopologicalNetwork","name":"Inactive_Mesh","pid":702,"deforming":true},"geometry":{"type":"Polygon","coordinates":[[[43.51,-26.46],[43.56,-26.36],[43.3,-26.31],[43.14,-26.09],[42.94,-25.9],[42.79,-25.63],[42.78,-25.44],[42.55,-25.21],[42.58,-24.97],[42.53,-24.79],[42.58,-24.58],[42.52,-24.07],[42.32,-23.77],[42.12,-23.38],[42.01,-22.99],[42.12,-22.83],[42.06,-22.63],[42.22,-22.47],[42.22,-22.25],[42.49,-22.04],[42.96,-21.35],[43.14,-20.97],[43.06,-20.77],[42.99,-20.63],[43.11,-20.25],[42.92,-19.78],[42.72,-19.31],[42.38,-18.86],[42.07,-18.18],[42.1,-17.67],[42.47,-17.23],[42.85,-16.78],[43.62,-16.45],[44.27,-16.61],[44.57,-16.51],[45.04,-16.17],[45.42,-16.06],[45.97,-15.5],[46.53,-14.94],[46.55,-14.5],[46.81,-14.12],[47.16,-13.65],[47.36,-12.95],[47.56,-12.9],[47.69,-12.81],[47.99,-12.79],[48.08,-12.8],[48.08,-12.8],[48.21,-12.99],[48.52,-13.3],[48.9,-13.51],[48.8,-14.24],[48.69,-14.97],[48.58,-15.69],[48.58,-15.69],[48.33,-15.87],[47.69,-16.3],[47.04,-16.74],[46.39,-17.17],[45.59,-17.8],[44.78,-18.43],[44.61,-19.24],[44.44,-20.05],[44.32,-20.92],[44.2,-21.8],[44.29,-22.69],[44.38,-23.58],[44.48,-24.31],[44.59,-25.05],[44.86,-25.74],[45.14,-26.43],[44.9,-26.82],[44.9,-26.82],[44.57,-26.98],[43.77,-26.78],[43.51,-26.46]]]}},{"type":"Feature","properties":{"ma":5,"type":"gpml:TopologicalNetwork","name":"West_Antarctica_Inactive_Mesh","pid":802,"deforming":true},"geometry":{"type":"Polygon","coordinates":[[[29.09,-66.6],[30.08,-67.08],[31.11,-67.54],[32.84,-67.98],[34.63,-68.4],[34.84,-68.42],[34.84,-68.42],[34.51,-68.66],[32.43,-69.14],[30.26,-69.59],[28.4,-70.06],[26.45,-70.51],[24.63,-70.59],[22.8,-70.65],[20.46,-70.52],[18.16,-70.35],[16.22,-70.37],[14.28,-70.38],[12.4,-70.55],[10.49,-70.71],[8.6,-70.77],[6.69,-70.82],[4.57,-71.03],[2.4,-71.22],[-0.57,-71.25],[-3.54,-71.23],[-6.11,-71.47],[-8.74,-71.68],[-8.74,-71.68],[-8.77,-71.17],[-8.79,-70.67],[-8.79,-70.67],[-8.77,-70.66],[-7.47,-70.47],[-5.21,-70.37],[-2.97,-70.23],[-2.5,-70.23],[-1.72,-69.75],[-0.97,-69.27],[0.43,-68.78],[2.65,-68.57],[4.83,-68.32],[6.35,-68.41],[7.89,-68.48],[9.2,-68.71],[10.53,-68.94],[12.2,-69.13],[14.3,-69.3],[16.42,-69.44],[18.5,-69.63],[20.62,-69.79],[22.77,-69.93],[24.41,-69.73],[25.47,-69.11],[26.48,-68.48],[27.43,-67.84],[28.07,-67.35],[28.68,-66.85],[29.09,-66.6]]]}},{"type":"Feature","properties":{"ma":5,"type":"gpml:TopologicalNetwork","name":"Inactive_Central_Atlantic_Mesh","pid":714,"deforming":true},"geometry":{"type":"Polygon","coordinates":[[[-3.85,34.07],[-4.18,33.67],[-4.68,33.06],[-5.11,32.52],[-5.47,32.08],[-5.79,31.66],[-6.17,31.17],[-6.59,30.62],[-7.22,30.44],[-7.83,30.17],[-8.27,30.11],[-8.68,30.05],[-9.26,29.89],[-9.85,29.84],[-10.52,29.6],[-10.88,29.27],[-11.28,28.66],[-11.92,28.07],[-12.45,27.5],[-12.72,26.94],[-13.3,26.15],[-13.44,25.63],[-13.83,24.83],[-14.23,24.13],[-14.76,23.85],[-14.96,23.82],[-15.4,23.51],[-16.22,22.93],[-17.06,22.48],[-17.1,22.32],[-17.34,21.86],[-17.58,21.39],[-17.55,20.83],[-17.53,20.27],[-17.43,19.77],[-17.34,19.27],[-17.1,18.65],[-17.01,18.02],[-16.94,17.35],[-16.98,17.07],[-17.02,16.72],[-16.83,16.31],[-16.59,15.92],[-16.12,15.28],[-16.02,14.81],[-15.95,14.39],[-16.05,14.03],[-16.02,13.7],[-15.96,13.41],[-15.89,13.01],[-16.26,12.74],[-16.55,12.5],[-16.55,12.5],[-16.71,12.49],[-17.7,12.44],[-18.69,12.38],[-18.69,12.38],[-18.68,12.47],[-18.58,12.94],[-18.69,13.45],[-18.55,13.77],[-18.33,14.44],[-18.14,15.33],[-18.08,16.05],[-18.14,16.6],[-18.19,17.15],[-18.24,17.78],[-18.35,18.56],[-18.33,19.01],[-18.35,19.51],[-18.43,20.05],[-18.52,20.59],[-18.63,21.27],[-18.43,22],[-18.19,22.3],[-17.86,22.71],[-17.86,22.71],[-17.54,23.3],[-17.43,23.68],[-17.18,23.95],[-16.78,24.39],[-16.52,24.6],[-16.09,25.18],[-15.82,25.39],[-15.44,25.79],[-15.21,26.06],[-15.04,26.36],[-14.93,26.73],[-14.72,27.37],[-14.49,27.94],[-14.06,28.27],[-13.73,28.51],[-13.36,28.77],[-13,28.9],[-12.73,29.17],[-12.45,29.24],[-12.18,29.34],[-12.14,29.44],[-11.97,29.73],[-11.83,30.24],[-11.65,30.63],[-11.57,30.9],[-11.43,31.42],[-11.27,31.67],[-11.04,32.13],[-10.78,32.74],[-10.62,33.18],[-10.42,33.64],[-10.11,33.95],[-9.94,34.13],[-9.94,34.13],[-9.83,34.14],[-9.16,34.17],[-8.49,34.19],[-7.62,34.08],[-6.48,34.13],[-5.6,34.11],[-4.73,34.09],[-3.85,34.07]]]}},{"type":"Feature","properties":{"ma":5,"type":"gpml:TopologicalNetwork","name":"Inactive_Arctic_Network","pid":101,"deforming":true},"geometry":{"type":"MultiPolygon","coordinates":[[[[180,87.24],[180,86.24],[180,85.24],[180,84.24],[180,83.25],[180,82.25],[180,81.25],[180,80.25],[180,79.25],[180,78.25],[180,77.25],[180,76.26],[180,75.26],[180,74.26],[177.66,74.45],[175.27,74.62],[173.32,75.37],[171.09,75.7],[168.77,76.01],[165.11,76.34],[161.3,76.61],[157.04,76.79],[152.7,76.89],[148.82,77.03],[144.87,77.12],[142.07,77.49],[139.1,77.83],[139.09,77.84],[139.09,77.84],[140.15,78.19],[141.85,79.08],[143.83,79.96],[146.19,80.82],[149.03,81.67],[150.42,82.36],[152.01,83.25],[154.09,84.13],[156.9,85.01],[160.88,85.86],[162.79,86.46],[165.47,87.06],[165.65,87.07],[165.65,87.07],[166,87.19],[167.78,87.35],[169.33,87.52],[180,88.24],[180,87.24]]],[[[-180,75.26],[-180,76.26],[-180,77.25],[-180,78.25],[-180,79.25],[-180,80.25],[-180,81.25],[-180,82.25],[-180,83.25],[-180,84.24],[-180,85.24],[-180,86.24],[-180,87.24],[-180,88.24],[-162.79,88.74],[-147.01,88.87],[-107.7,88.67],[-85.87,88.07],[-77.58,87.49],[-72.47,86.87],[-69.25,86.22],[-66.99,85.55],[-69.42,84.99],[-71.35,84.43],[-78.11,83.88],[-80.93,83.59],[-80.93,83.59],[-84.62,83.16],[-89.1,82.78],[-93.11,82.36],[-97.17,82.1],[-100.95,81.8],[-105.6,81.46],[-109.88,81.07],[-113.2,80.69],[-116.26,80.27],[-118.89,79.9],[-121.34,79.51],[-123.36,79.04],[-125.21,78.56],[-125.65,77.58],[-125.41,76.62],[-122.92,76.05],[-121.7,75.81],[-122.48,75.06],[-122.48,75.06],[-126.06,75.4],[-129.8,75.69],[-133.67,75.92],[-133.67,75.92],[-133.81,75.66],[-134.07,75.17],[-134.32,74.67],[-134.58,74.12],[-134.81,73.56],[-133.91,72.97],[-133.24,72.45],[-132.61,71.93],[-132.59,71.91],[-132.59,71.91],[-134.3,71.91],[-134.57,71.6],[-134.57,71.6],[-136.25,71.78],[-137.96,71.95],[-139.35,72.29],[-140.47,72.55],[-141.14,72.7],[-142.3,72.96],[-143.52,73.21],[-144.6,73.84],[-144.56,74.5],[-145.72,74.97],[-145.88,75.71],[-147.06,76.16],[-147.48,76.73],[-147.94,77.29],[-148.27,77.47],[-148.27,77.47],[-146.61,77.74],[-143.5,78.18],[-140.16,78.58],[-137.02,78.77],[-133.78,78.93],[-131.12,78.76],[-131.12,78.76],[-131.79,78.42],[-132.22,77.93],[-132.63,77.44],[-133.02,76.92],[-133.38,76.41],[-133.67,75.92],[-133.67,75.92],[-129.8,75.69],[-126.06,75.4],[-122.48,75.06],[-122.48,75.06],[-122.64,74.9],[-123.13,74.31],[-123.59,73.72],[-124.08,73.21],[-124.55,72.7],[-124.95,72.19],[-125.33,71.69],[-126.07,71.15],[-126.53,70.9],[-127.45,70.73],[-129.55,70.39],[-131.04,70.12],[-131.64,70.01],[-132.68,69.84],[-132.75,69.82],[-132.75,69.82],[-134.43,69.72],[-135.57,69.74],[-136.63,70.01],[-137.01,70.09],[-138.62,70.27],[-140.78,70.74],[-141.52,70.83],[-143.9,71.11],[-144.66,71.22],[-145.78,71.49],[-147.64,71.75],[-149.55,71.99],[-152.6,72.2],[-153.94,72.45],[-154.97,72.66],[-156.68,73.1],[-157.46,73.36],[-158.7,73.58],[-160.06,73.82],[-161.28,74.15],[-162.75,74.53],[-164.03,74.83],[-164.34,74.9],[-164.34,74.9],[-165.84,74.67],[-168.21,74.23],[-170.33,73.75],[-172.32,73.25],[-172.34,73.25],[-172.34,73.25],[-173.81,73.43],[-175.89,73.76],[-178.05,74.07],[-180,74.26],[-180,75.26]]]]}},{"type":"Feature","properties":{"ma":5,"type":"gpml:TopologicalNetwork","name":"Inactive_Mesozoic Africa Basins","pid":701,"deforming":true},"geometry":{"type":"Polygon","coordinates":[[[11.84,33.45],[12.94,33.2],[14.04,32.94],[15.12,32.67],[16.2,32.4],[17.27,32.11],[18.34,31.81],[19.4,31.51],[19.4,31.51],[19.06,30.95],[19.05,30.22],[19.03,29.49],[19.02,28.75],[19.41,28.21],[19.8,27.66],[20.29,27.34],[20.78,27.02],[20.73,26.28],[20.69,25.55],[20.64,24.82],[20.01,24.47],[19.38,24.12],[18.51,24.02],[17.78,23.61],[17.06,23.2],[16,23.15],[14.94,23.1],[13.88,22.87],[13.17,22.47],[12.46,22.07],[11.81,21.99],[11.17,21.91],[10.57,21.53],[9.97,21.14],[10.28,20.56],[10.59,19.99],[10.78,19.41],[10.98,18.84],[11.39,18.39],[11.33,17.49],[11.68,16.85],[12.02,16.21],[12.32,15.74],[12.62,15.26],[12.93,14.71],[13.24,14.17],[13.35,13.68],[13.47,13.19],[13.21,12.51],[12.73,11.82],[12.73,11.82],[13.01,11.39],[13.2,11.13],[14.04,10.89],[14.29,10.49],[14.25,10.24],[14.58,9.77],[15.1,9.42],[15.6,9.54],[16.07,9.31],[16.54,9.08],[16.97,8.79],[17.41,8.51],[17.93,8.67],[18.45,8.83],[19.32,9.13],[20.19,9.44],[21,9.54],[21.81,9.63],[22.31,9.89],[22.81,10.14],[23.67,10.34],[24.52,10.54],[24.93,10.87],[25.35,11.19],[26.09,11.14],[26.91,11.62],[27.35,11.15],[27.98,10.46],[28.38,10],[28.78,9.55],[29.04,8.88],[29.31,8.22],[29.57,7.55],[30.04,6.73],[30.46,6.4],[30.89,6.06],[31.44,6.32],[31.81,6.74],[31.45,7.47],[31.03,7.96],[30.6,8.46],[30.65,9.03],[30.7,9.6],[30.92,10.14],[31.15,10.67],[31.44,10.97],[31.81,10.85],[32.14,10.02],[32.46,9.19],[32.66,8.48],[32.85,7.77],[32.88,7.22],[32.91,6.67],[32.65,6.26],[32.76,5.4],[33.32,4.62],[33.92,4.61],[34.53,4.61],[34.53,4.61],[34.49,4.5],[34.44,3.8],[34.44,3.77],[34.44,3.77],[33.47,3.98],[32.5,4.19],[31.83,4.3],[31.17,4.4],[30.51,4.5],[29.73,5.02],[28.94,5.54],[28.72,6.43],[28.24,6.6],[27.76,6.77],[27.42,7.38],[26.68,7.92],[25.95,8.46],[25.21,9],[24.47,9.54],[23.6,9.54],[22.74,9.53],[22.01,9.21],[21.29,8.88],[20.57,8.56],[19.63,8.28],[18.69,8],[17.76,7.72],[17.11,7.55],[16.46,7.37],[15.68,7.08],[14.9,6.79],[14.37,6.39],[13.83,5.99],[13.09,5.76],[12.35,5.52],[11.65,5.41],[10.96,5.3],[10.2,4.82],[9.45,4.33],[8.69,3.85],[8.69,3.85],[8.43,4.39],[8.04,4.82],[7.65,5.25],[7.21,5.49],[6.76,5.72],[5.97,5.87],[5.67,5.91],[5.67,5.91],[5.84,6.03],[6.03,6.16],[6.03,6.16],[5.63,6.77],[5.34,7.4],[4.64,7.97],[4.06,8.29],[3.68,8.96],[3.3,9.62],[2.69,10],[2.1,10.31],[2.13,10.74],[1.95,11.39],[1.61,11.85],[1.37,12.44],[1.13,13.03],[0.87,13.92],[0.5,14.65],[-0.24,14.85],[-0.91,15.06],[-1.26,15.44],[-1.49,15.9],[-1.71,16.35],[-1.95,17.05],[-1.79,17.73],[-1.11,18.21],[-0.89,17.68],[-0.67,17.16],[-0.11,16.35],[0.64,16.15],[1.29,16.48],[1.47,17.12],[1.64,17.76],[2.19,18.19],[2.73,18.62],[3.66,18.91],[4.59,19.2],[4.96,19.57],[5.34,19.95],[5.83,20.56],[6.52,20.25],[7.21,19.94],[7.8,19.95],[8.39,19.96],[8.62,20.46],[8.85,20.96],[9.14,21.65],[9.43,22.34],[9.54,23.29],[9.64,24.24],[9.68,25.09],[9.72,25.94],[9.78,26.7],[9.84,27.46],[10.22,28.17],[10.59,28.88],[11.07,29.54],[11.55,30.19],[11.38,31],[11.22,31.8],[10.98,32.74],[10.74,33.69],[11.84,33.45]]]}},{"type":"Feature","properties":{"ma":5,"type":"gpml:TopologicalNetwork","name":"Network_Boundary","pid":701,"deforming":true},"geometry":{"type":"Polygon","coordinates":[[[38.98,-4.82],[38.6,-5.48],[38.23,-6.14],[38.31,-6.53],[38.65,-7.33],[38.64,-8.13],[38.93,-8.72],[38.65,-9.47],[38.85,-10.14],[39.06,-10.81],[39.58,-11.14],[39.64,-11.7],[39.7,-12.26],[39.67,-13.01],[39.73,-13.66],[39.8,-14.3],[39.89,-14.8],[39.98,-15.29],[40.04,-15.81],[40.09,-16.33],[40.04,-16.73],[39.43,-17.38],[38.76,-17.91],[37.92,-18.27],[37.42,-18.53],[37.42,-18.53],[36.55,-18.96],[36.44,-19.46],[36.16,-19.8],[35.66,-20.28],[35.28,-20.83],[35.05,-21.29],[34.82,-21.75],[34.79,-22.28],[34.76,-22.8],[34.96,-23.76],[34.87,-24.31],[34.79,-24.85],[34.55,-25.47],[34.07,-25.99],[33.14,-26.07],[32.39,-26.23],[32.14,-26.95],[32.06,-27.53],[31.99,-28.1],[31.9,-28.67],[31.91,-28.93],[31.73,-29.28],[31.59,-29.6],[31.59,-29.6],[31.55,-29.6],[31.03,-30.15],[30.22,-29.88],[30.22,-29.88],[30.63,-29.12],[30.61,-28.45],[30.59,-27.78],[30.57,-27.12],[30.82,-26.36],[31.06,-25.6],[31.47,-24.75],[31.87,-23.9],[32.53,-23.19],[33.18,-22.47],[33.32,-21.83],[33.45,-21.18],[33.66,-20.5],[33.87,-19.83],[34.58,-19.24],[34.76,-18.57],[35.41,-17.84],[35.94,-17.49],[36.47,-17.14],[37.23,-16.59],[37.97,-16.04],[38.38,-15.39],[38.78,-14.74],[38.83,-13.76],[38.68,-12.91],[38.52,-12.07],[38.22,-11.36],[37.92,-10.64],[37.75,-9.92],[37.58,-9.19],[37.37,-8.42],[37.16,-7.65],[37.24,-6.91],[37.32,-6.17],[37.44,-5.65],[37.57,-5.13],[37.89,-4.52],[38.21,-3.91],[38.64,-3.27],[39.07,-2.62],[39.21,-1.88],[39.34,-1.15],[39.47,-0.41],[39.78,0.31],[40.09,1.03],[40.4,1.75],[40.41,2.57],[40.4,3.41],[40.44,4.28],[40.48,5.16],[40.87,5.72],[41.27,6.28],[41.89,6.89],[42.51,7.49],[43.25,7.83],[43.99,8.16],[44.66,8.43],[45.33,8.69],[46.04,9.04],[46.76,9.4],[47.26,9.9],[47.76,10.41],[47.91,10.75],[47.91,10.75],[48.71,11.02],[49.51,11.29],[50.32,11.56],[51.24,11.78],[52.17,12.01],[53.09,12.23],[53.09,12.23],[52.64,11.37],[52.18,10.51],[51.84,9.79],[51.5,9.06],[51.15,8.34],[50.52,7.58],[49.89,6.81],[49.4,6.21],[48.91,5.61],[48.41,5.01],[47.83,4.6],[47.24,4.18],[46.79,3.68],[46.34,3.17],[45.89,2.67],[45.36,2.2],[44.83,1.73],[44.31,1.27],[43.61,0.72],[42.92,0.17],[42.23,-0.39],[41.58,-1.11],[40.94,-1.83],[40.39,-2.51],[39.83,-3.2],[39.33,-3.81],[38.84,-4.41],[38.98,-4.82]]]}},{"type":"Feature","properties":{"ma":5,"type":"gpml:TopologicalNetwork","name":"WEC","pid":601,"deforming":true},"geometry":{"type":"Polygon","coordinates":[[[118.31,50.94],[119.16,50.87],[120.29,50.76],[121.43,50.64],[122.94,50.47],[124.44,50.27],[125.31,50.15],[126.17,50.02],[127.37,49.82],[128.57,49.62],[129.45,49.46],[130.33,49.29],[131.27,49.1],[132.21,48.9],[133.3,48.66],[134.37,48.41],[135.38,48.17],[136.37,47.91],[137.36,47.65],[138.52,47.33],[139.67,46.99],[140.75,46.66],[141.81,46.32],[142.86,45.97],[143.45,45.77],[143.45,45.77],[143.37,45.06],[143.29,44.36],[143.26,43.5],[143.23,42.64],[143.2,41.78],[143.2,41.73],[143.2,41.73],[143.47,41.93],[143.47,41.93],[143.31,41.32],[143.16,40.7],[142.99,39.79],[142.82,39.13],[142.65,38.47],[142.34,37.79],[142.03,37.11],[141.5,36.46],[140.89,36.05],[140.39,35.8],[139.79,35.59],[139.25,35.34],[138.74,35.13],[138.25,34.99],[137.9,34.8],[137.54,34.6],[137.15,34.38],[136.84,34.21],[136.13,33.83],[135.61,33.55],[135.1,33.26],[134.12,32.75],[133.38,32.33],[132.69,31.96],[132.09,31.57],[131.47,31.14],[130.85,30.71],[130.25,30.11],[129.65,29.5],[129.05,28.89],[128.56,28.31],[128.08,27.73],[127.91,27.57],[127.91,27.57],[127.08,28.09],[126.24,28.61],[125.39,29.13],[124.53,29.63],[123.66,30.14],[122.78,30.63],[121.89,31.13],[121,31.61],[120.09,32.09],[119.25,31.94],[118.4,31.79],[117.6,31.86],[116.8,31.92],[115.99,31.97],[115.7,31.53],[115.42,31.09],[114.69,31.36],[113.96,31.63],[113.23,31.88],[112.45,32.34],[111.66,32.79],[110.87,33.23],[109.91,33.58],[108.94,33.92],[107.76,34.07],[106.57,34.21],[105.43,34.28],[104.28,34.34],[103.63,34.46],[103.63,34.46],[103.71,34.97],[103.51,35.52],[103.3,36.07],[102.88,36.88],[102.69,37.5],[102.49,38.12],[102.44,38.96],[102.79,39.8],[103.22,40.44],[103.78,41.17],[104.42,41.94],[104.9,42.51],[105.66,43.31],[106.33,43.68],[107,44.03],[107.81,44.57],[108.63,45.11],[109.36,45.56],[110.09,46],[110.84,46.44],[111.63,46.87],[112.43,47.3],[113.24,47.72],[114.11,48.28],[115,48.83],[115.77,49.36],[116.55,49.88],[117.19,50.3],[117.84,50.71],[118.31,50.94]]]}},{"type":"Feature","properties":{"ma":5,"type":"gpml:TopologicalNetwork","name":"Northern_Andes","pid":201,"deforming":true},"geometry":{"type":"Polygon","coordinates":[[[-66.56,10.81],[-67.06,10.08],[-67.57,9.36],[-67.91,8.68],[-68.25,8.01],[-68.4,7.17],[-68.55,6.33],[-68.55,5.57],[-68.55,4.82],[-68.55,4.07],[-68.56,3.31],[-68.6,2.58],[-68.64,1.84],[-68.64,1.84],[-69.11,1.55],[-69.57,1.25],[-70.12,0.76],[-70.66,0.27],[-71.28,-0.26],[-71.9,-0.79],[-72.64,-1.14],[-73.38,-1.5],[-74.26,-1.48],[-75.14,-1.46],[-75.36,-1.4],[-75.36,-1.4],[-75.81,-2.1],[-76.4,-2.77],[-76.83,-3.25],[-77.25,-3.74],[-77.68,-4.26],[-77.81,-5.2],[-77.74,-5.55],[-77.74,-5.55],[-78.43,-4.95],[-79.13,-4.34],[-79.82,-3.74],[-80.51,-3.13],[-81.2,-2.53],[-81.2,-2.53],[-81.19,-2.47],[-81.14,-2.1],[-81.1,-1.89],[-81.08,-1.64],[-80.96,-1.25],[-80.87,-0.9],[-80.74,-0.62],[-80.55,-0.17],[-80.42,0.18],[-80.27,0.5],[-80.09,0.91],[-79.87,1.25],[-79.66,1.59],[-79.51,1.79],[-79.26,2.14],[-78.98,2.52],[-78.72,2.84],[-78.49,3.05],[-78.27,3.37],[-78.11,3.53],[-78.07,3.75],[-77.82,3.98],[-77.82,3.98],[-77.72,4.72],[-78.05,5.64],[-78.67,6.31],[-79.08,6.8],[-79.69,7.48],[-80.13,8.03],[-80.13,8.03],[-79.54,8.69],[-79.01,9.29],[-78.33,9.48],[-77.6,9.78],[-77.6,9.78],[-77.32,9.12],[-77.08,8.97],[-77.07,8.71],[-77.07,8.71],[-76.55,9.41],[-76.03,10.11],[-75.51,10.81],[-75.09,11.24],[-74.68,11.67],[-74.68,11.67],[-73.98,11.58],[-73.27,11.49],[-72.57,11.39],[-71.56,11.26],[-70.56,11.12],[-69.55,10.98],[-68.54,10.92],[-67.53,10.87],[-66.56,10.81]]]}},{"type":"Feature","properties":{"ma":5,"type":"gpml:TopologicalNetwork","name":"PNG_Mesh","pid":615,"deforming":true},"geometry":{"type":"Polygon","coordinates":[[[131.95,-6.97],[131.38,-6.65],[130.8,-6.32],[130.28,-5.69],[129.75,-5.06],[129.23,-4.43],[128.99,-3.99],[128.76,-3.55],[129.28,-3.35],[129.8,-3.16],[130.32,-3.05],[130.88,-3.05],[131.45,-3.05],[131.45,-3.05],[131.59,-3.05],[132.32,-3.31],[132.37,-3.33],[132.37,-3.33],[132.86,-3.23],[133.35,-3.13],[134.33,-3.36],[135.3,-3.58],[136.09,-3.75],[136.57,-3.9],[137.26,-4.08],[138.06,-4.32],[138.84,-4.55],[139.49,-4.75],[139.82,-4.86],[140.54,-5.32],[141.01,-5.47],[141.31,-5.61],[141.71,-5.78],[141.71,-5.78],[142,-5.69],[142.93,-5.38],[143.22,-5.3],[143.59,-5.29],[143.92,-5.49],[144.04,-5.52],[144.21,-5.57],[144.25,-5.6],[144.25,-5.6],[144.56,-5.59],[145.47,-5.55],[146.38,-5.52],[146.93,-5.4],[147.58,-5.51],[148.22,-5.62],[148.73,-5.62],[149.13,-5.97],[149.13,-5.97],[148.71,-6.46],[148.71,-6.46],[148.17,-6.62],[147.29,-6.55],[146.4,-6.47],[145.74,-6.43],[145.08,-6.39],[144.49,-6.37],[143.9,-6.34],[143.13,-6.26],[143.02,-6.27],[143.02,-6.27],[143.16,-6.35],[143.86,-6.77],[144.71,-7.28],[145.51,-7.76],[145.89,-8.08],[146.15,-8.92],[146.63,-9.11],[146.83,-9.83],[147.42,-10.23],[148.14,-10.25],[148.68,-10.4],[149.22,-10.54],[149.63,-10.92],[149.65,-11.26],[149.72,-11.3],[149.72,-11.3],[150.42,-11.62],[151.12,-11.83],[151.66,-12.18],[151.84,-12.8],[152.57,-12.59],[152.72,-12.71],[152.65,-12.98],[152.2,-13.23],[151.68,-13.19],[150.76,-13.26],[150.76,-13.26],[150.06,-13.46],[149.48,-13.32],[148.89,-13.17],[148.25,-12.96],[147.95,-12.86],[147.6,-12.74],[147.26,-12.62],[147.2,-12.65],[147.2,-12.65],[146.67,-12.24],[146.15,-11.84],[145.48,-11.19],[144.82,-10.55],[144.04,-10.31],[143.25,-10.08],[142.47,-9.84],[141.6,-9.37],[140.74,-8.9],[139.87,-8.49],[139.01,-8.07],[138.31,-7.87],[137.61,-7.66],[136.91,-7.46],[136.2,-7.47],[135.49,-7.47],[134.78,-7.47],[134.11,-7.5],[133.43,-7.52],[132.82,-7.47],[131.95,-6.97]]]}},{"type":"Feature","properties":{"ma":5,"type":"gpml:TopologicalNetwork","name":"","pid":817,"deforming":true},"geometry":{"type":"Polygon","coordinates":[[[-34.34,-55.79],[-34.71,-56.06],[-35.66,-56.15],[-36.15,-56.13],[-37.06,-55.75],[-37.93,-55.58],[-38.79,-55.4],[-39.51,-55.03],[-39.49,-54.88],[-39.49,-54.88],[-40.13,-54.73],[-40.8,-54.65],[-42.12,-54.44],[-42.24,-54.39],[-42.65,-54.28],[-43.38,-54.14],[-44.21,-53.98],[-44.51,-53.83],[-44.28,-53.59],[-43.68,-53.29],[-43.68,-53.29],[-42.95,-53.37],[-41.54,-53.48],[-40.64,-53.57],[-40.34,-53.63],[-40.34,-53.63],[-40.1,-53.8],[-39.15,-53.96],[-38.37,-53.92],[-37.55,-53.74],[-36.02,-54.01],[-35.06,-54.55],[-34.22,-55],[-34.07,-55.05],[-34.34,-55.79]]]}},{"type":"Feature","properties":{"ma":5,"type":"gpml:TopologicalNetwork","name":"Scotia_Sea_Deforming_Network","pid":812,"deforming":true},"geometry":{"type":"Polygon","coordinates":[[[-53.07,-64.79],[-53.68,-64.71],[-54.51,-64.53],[-55.78,-64.25],[-56.69,-64.04],[-57.27,-63.9],[-58.53,-63.58],[-59.76,-63.28],[-60.96,-62.96],[-62.2,-62.55],[-62.2,-62.55],[-60.42,-62.14],[-58.7,-61.71],[-57.14,-61.43],[-57.14,-61.43],[-56,-62.06],[-56,-62.06],[-55.62,-61.57],[-55.25,-61.09],[-56.5,-60.86],[-55.77,-60.14],[-55.08,-59.42],[-53.72,-59.62],[-53.03,-58.79],[-52.52,-58.82],[-51.81,-58.04],[-50.76,-58.18],[-49.7,-58.31],[-49.7,-58.31],[-50.32,-58.96],[-50.45,-59.2],[-50.55,-59.37],[-50.85,-59.88],[-51.04,-60.41],[-51.25,-60.98],[-51.25,-60.99],[-51.25,-60.99],[-51.23,-61],[-50.32,-61.01],[-49.67,-61.01],[-48.54,-60.97],[-48.54,-60.97],[-48.49,-60.87],[-48.2,-60.34],[-47.92,-59.8],[-47.54,-59.3],[-47.54,-59.3],[-47.41,-59.25],[-46.61,-59.22],[-45.8,-59.15],[-45.21,-59.14],[-44.59,-59.13],[-44.15,-59.36],[-44.15,-59.37],[-44.15,-59.37],[-44.46,-59.76],[-44.77,-60.16],[-45.01,-60.46],[-45.19,-60.7],[-45.42,-60.92],[-45.42,-60.92],[-44.41,-61],[-43.24,-61.3],[-42.9,-61.42],[-42.9,-61.42],[-42.77,-61.36],[-42.27,-61.04],[-42.01,-60.81],[-41.89,-60.71],[-41.68,-60.53],[-41.25,-60.16],[-41.11,-60.05],[-41.11,-60.05],[-40.54,-59.96],[-39.47,-60.04],[-38.92,-60.5],[-38.78,-60.79],[-38.77,-61.13],[-38.77,-61.13],[-37.47,-60.7],[-37.09,-60.58],[-36.24,-60.34],[-36.21,-60.16],[-36.21,-60.16],[-35.49,-60.2],[-34.2,-59.96],[-33.57,-60],[-33.18,-60.07],[-32.84,-59.98],[-31.9,-59.89],[-31.8,-60.06],[-31.8,-60.06],[-31.96,-60.16],[-32.26,-60.3],[-32.45,-60.44],[-32.47,-60.59],[-32.42,-60.73],[-31.87,-60.84],[-31.87,-60.84],[-31.37,-60.94],[-31.39,-61.12],[-32.23,-61.24],[-33.15,-61.12],[-33.27,-60.94],[-33.3,-60.92],[-33.3,-60.92],[-33.89,-60.89],[-34.83,-60.83],[-36.05,-61.37],[-36.99,-61.76],[-37.96,-62.15],[-39.92,-62.56],[-41.53,-63.03],[-42.05,-63.04],[-42.05,-63.04],[-42.3,-63.1],[-42.89,-63.33],[-44.34,-63.73],[-45.34,-63.91],[-45.93,-63.66],[-46.1,-63.59],[-46.28,-63.51],[-46.62,-63.36],[-47.52,-62.95],[-47.83,-62.81],[-48.33,-62.58],[-48.59,-62.45],[-48.8,-62.35],[-49.9,-61.79],[-49.86,-61.58],[-49.81,-61.53],[-49.74,-61.37],[-49.74,-61.37],[-50.86,-61.39],[-51.23,-61.51],[-51.57,-61.61],[-52.07,-61.81],[-52.98,-62.08],[-53.44,-62.45],[-53.44,-62.45],[-52.75,-62.92],[-52.42,-63.13],[-51.86,-63.48],[-51.63,-63.62],[-50.9,-64.07],[-50.53,-64.28],[-50.36,-64.38],[-49.84,-64.67],[-50.23,-64.81],[-50.86,-65.04],[-53.07,-64.79]]]}},{"type":"Feature","properties":{"ma":5,"type":"gpml:TopologicalNetwork","name":"","pid":819,"deforming":true},"geometry":{"type":"Polygon","coordinates":[[[-46.53,-53.14],[-46.38,-53.56],[-46.63,-53.75],[-46.74,-53.75],[-46.85,-53.75],[-47.1,-53.76],[-47.58,-53.76],[-47.72,-53.76],[-48.12,-53.74],[-48.62,-53.73],[-49.08,-53.57],[-49.12,-53.54],[-49.12,-53.54],[-50.18,-53.55],[-50.23,-53.69],[-50.3,-53.88],[-50.66,-53.94],[-51,-54.01],[-51.53,-54.1],[-51.65,-54.44],[-51.92,-54.49],[-52.29,-54.56],[-52.65,-54.62],[-52.91,-54.67],[-53.32,-54.58],[-53.64,-54.5],[-53.9,-54.59],[-53.98,-54.61],[-54.13,-54.64],[-54.3,-54.67],[-54.45,-54.68],[-54.69,-54.68],[-54.84,-54.68],[-54.93,-54.67],[-55.27,-54.67],[-55.27,-54.67],[-55.21,-54.97],[-56.24,-55.22],[-57.23,-55.45],[-58.11,-55.42],[-58.69,-55.33],[-59.15,-55.26],[-59.99,-55.31],[-60.62,-55.35],[-61.02,-55.28],[-61.34,-55.22],[-61.82,-55.13],[-62.31,-55.03],[-62.47,-55],[-62.47,-55],[-62.87,-55.32],[-63.79,-56.02],[-64.24,-55.94],[-65.16,-56.68],[-66.32,-56.36],[-67.21,-56.98],[-68.14,-57.6],[-68.28,-57.8],[-68.28,-57.8],[-68.49,-57.74],[-68.76,-57.66],[-69.01,-57.61],[-69.29,-57.55],[-69.57,-57.47],[-69.97,-57.36],[-70.41,-57.25],[-71.01,-57.08],[-71.47,-56.96],[-71.9,-56.79],[-72.07,-56.69],[-72.25,-56.61],[-72.53,-56.48],[-72.77,-56.38],[-73.11,-56.22],[-73.44,-56.06],[-73.74,-55.91],[-74.04,-55.77],[-74.32,-55.63],[-74.5,-55.52],[-74.95,-55.27],[-75.55,-54.89],[-75.89,-54.66],[-76.19,-54.29],[-76.23,-54.22],[-76.35,-53.85],[-76.42,-53.49],[-76.47,-53.12],[-76.53,-52.79],[-76.54,-52.62],[-76.63,-52.31],[-76.71,-52.16],[-76.71,-52.16],[-75.79,-52.59],[-74.85,-53.02],[-73.89,-53.44],[-72.53,-53.91],[-71.15,-54.37],[-69.73,-54.81],[-68.21,-54.82],[-66.69,-54.81],[-65.17,-54.79],[-64.32,-54.68],[-63.48,-54.57],[-62.51,-54.29],[-61.44,-53.97],[-60.58,-53.84],[-59.58,-53.77],[-58.6,-53.79],[-57.62,-53.8],[-55.99,-53.55],[-54.38,-53.27],[-53.27,-53.15],[-52.16,-53.02],[-51.04,-53.01],[-49.92,-52.99],[-48.47,-52.95],[-47.03,-52.89],[-46.94,-52.9],[-46.53,-53.14]]]}},{"type":"Feature","properties":{"ma":5,"type":"gpml:TopologicalNetwork","name":"Siberia_Eurasia_Mesh","pid":401,"deforming":true},"geometry":{"type":"Polygon","coordinates":[[[141.93,60.24],[140.49,60.84],[138.98,61.43],[138.35,62.16],[137.69,62.89],[135.84,63.44],[133.92,63.95],[132.13,64.08],[130.73,64.69],[129.26,65.29],[127.88,65.82],[126.45,66.35],[125.43,66.87],[124.36,67.39],[124.14,68.13],[123.9,68.87],[124.09,69.72],[124.3,70.57],[126.02,71.26],[127.87,71.93],[129.85,72.59],[132.38,72.55],[134.89,72.47],[137.38,72.37],[139.84,72.24],[139.84,72.24],[140.58,72.45],[142.61,72.67],[144.68,72.86],[147.71,72.64],[150.66,72.37],[153.52,72.05],[156.27,71.7],[158.92,71.31],[161.46,70.88],[161.46,70.88],[160.32,70],[159.27,69.1],[157.41,68.72],[155.61,68.32],[153.88,67.9],[152.21,67.47],[151.8,66.8],[151.41,66.13],[151.04,65.47],[151.65,65.01],[152.24,64.56],[152.87,64.05],[153.48,63.53],[154.56,63.37],[155.62,63.2],[156.7,63.01],[157.5,62.87],[159,62.58],[160.76,62.22],[160.56,61.84],[160.56,61.84],[162,61.67],[163.42,61.48],[164.43,61.67],[165.82,61.93],[167.44,62.21],[169.5,62.46],[170.51,62.38],[170.51,62.38],[170.95,62.35],[169.87,61.78],[168.84,61.2],[167.84,60.61],[166.88,60.02],[165.71,59.61],[164.57,59.18],[163.46,58.75],[163.46,58.75],[163.06,57.94],[162.66,57.38],[162.27,56.82],[161.91,56.12],[161.55,55.41],[160.83,54.86],[160.13,54.3],[159.44,53.74],[158.29,53.12],[157.17,52.49],[157.17,52.49],[156.57,52.1],[155.97,51.7],[155.9,51.82],[155.9,51.82],[155.52,52.46],[155.14,53.1],[154.8,53.91],[154.71,54],[154.71,54],[154.09,54.29],[154.09,54.29],[154.14,53.9],[154.38,53.03],[154.61,52.17],[154.79,51.19],[154.9,50.53],[155.02,49.86],[155.25,49.08],[155.25,49.08],[154.73,48.64],[154.22,48.19],[153.56,47.51],[152.59,46.87],[151.63,46.22],[150.8,45.88],[149.99,45.52],[149.28,45.13],[148.58,44.74],[147.83,44.34],[147.1,43.94],[146.05,43.38],[145.02,42.8],[144.45,42.52],[143.88,42.24],[143.2,41.73],[143.2,41.73],[143.2,41.78],[143.23,42.64],[143.26,43.5],[143.29,44.36],[143.39,45.25],[143.39,45.25],[144.1,45.36],[144.81,45.47],[145.89,45.95],[146.83,46.32],[147.77,46.68],[148.97,46.98],[149.61,47.31],[150.26,47.51],[150.8,47.87],[151.35,48.22],[151.82,48.48],[152.52,49.29],[153.24,50.09],[153.24,50.09],[152.2,49.76],[151.17,49.43],[149.92,48.94],[149.13,48.68],[148.35,48.41],[147.99,48.29],[146.64,48.19],[145.3,48.07],[144.5,48],[143.71,47.92],[143.71,47.92],[143.81,48.65],[143.82,49.5],[143.84,50.36],[143.85,51.22],[143.87,52.07],[143.73,52.99],[143.59,53.92],[143.45,54.84],[143.3,55.76],[143.3,55.76],[142.61,56.32],[141.91,56.88],[141.52,57.82],[141.1,58.76],[141.1,58.76],[141.12,58.77],[142.23,59.16],[143.35,59.55],[141.93,60.24]]]}},{"type":"Feature","properties":{"ma":5,"type":"gpml:OceanicCrust","name":"Kurli_Basin_Oceanic_Crust","pid":6662,"deforming":false},"geometry":{"type":"Polygon","coordinates":[[[143.49,46.14],[143.6,47.03],[143.71,47.92],[143.71,47.92],[144.5,48],[145.3,48.07],[146.64,48.19],[147.99,48.29],[148.35,48.41],[149.13,48.68],[149.92,48.94],[151.17,49.43],[152.2,49.76],[153.24,50.09],[153.24,50.09],[152.52,49.29],[151.82,48.48],[151.35,48.22],[150.8,47.87],[150.26,47.51],[149.61,47.31],[148.97,46.98],[147.77,46.68],[146.83,46.32],[145.89,45.95],[144.81,45.47],[144.1,45.36],[143.39,45.25],[143.49,46.14]]]}},{"type":"Feature","properties":{"ma":5,"type":"gpml:TopologicalNetwork","name":"South_China_Sea_Deformation_Network","pid":602,"deforming":true},"geometry":{"type":"Polygon","coordinates":[[[109.66,3.55],[109.33,4.45],[108.99,5.34],[108.65,6.24],[108.65,6.24],[108.47,7.16],[108.3,8.08],[108.16,8.78],[108.24,9.39],[108.32,10.06],[108.39,10.64],[108.48,11.34],[108.55,11.93],[108.63,12.53],[108.71,13.13],[108.71,14.03],[108.71,14.93],[108.71,15.82],[108.52,16.77],[108.34,17.72],[108.34,17.72],[107.6,18.41],[106.86,19.09],[106.11,19.77],[105.61,20.25],[105.1,20.74],[104.59,21.23],[104.59,21.23],[104.67,21.25],[105.3,21.67],[105.83,22.06],[106.36,22.4],[107.22,22.72],[107.74,22.61],[108.75,22.35],[109.49,22.55],[110.2,22.8],[110.79,22.98],[111.37,23.28],[111.95,23.58],[112.62,23.67],[113.3,23.76],[113.93,24.06],[114.58,24.36],[115.12,24.66],[115.67,24.96],[116.17,25.43],[116.68,25.9],[116.68,25.9],[117.01,25.02],[117.34,24.13],[117.67,23.24],[117.99,22.36],[118.23,21.66],[118.46,20.97],[118.69,20.27],[118.26,19.77],[117.6,19.69],[116.94,19.61],[116.14,19.23],[116,19.05],[115.85,18.93],[115.68,18.86],[115.34,18.79],[114.86,18.78],[114.34,18.96],[113.81,19.14],[113.65,19.12],[113.15,18.92],[112.86,18.37],[112.57,17.81],[112.64,17.48],[112.84,17.28],[113.15,17.29],[113.56,17.64],[113.78,17.83],[114.06,17.82],[114.69,17.89],[114.71,17.82],[114.59,17.59],[114.35,17.38],[114.01,16.69],[113.85,16.26],[113.25,15.51],[112.75,15.21],[112.64,15.12],[112.62,14.87],[112.08,14.18],[112.11,13.82],[111.43,13.23],[110.62,12.91],[110.22,12.75],[110.22,12.75],[110.28,11.98],[110.34,11.21],[110.7,10.9],[111.54,11.32],[112.1,11.64],[112.47,11.94],[112.93,12.37],[113.5,12.57],[114.26,12.56],[114.82,12.68],[115.12,13.03],[115.24,13.4],[115.91,13.18],[116.38,12.87],[116.92,12.9],[117.45,12.93],[117.45,12.93],[117.51,12.99],[117.58,13.08],[117.64,13.12],[117.67,13.17],[117.74,13.17],[118.25,13.23],[118.56,13.23],[119.1,13.25],[119.1,13.25],[119.15,13.41],[118.94,13.86],[118.94,13.86],[119.04,14.14],[119.17,14.27],[119.17,14.27],[119.75,13.82],[120.32,13.5],[120.34,13.43],[120.34,13.43],[119.86,12.65],[119.44,12.17],[119.01,11.69],[118.54,11.03],[118.53,10.95],[118.17,10.84],[117.56,10.34],[116.95,9.83],[116.34,9.33],[116.34,9.33],[115.97,9.83],[115.97,9.83],[115.8,9.18],[115.63,8.53],[115.46,7.88],[115.06,7.15],[114.66,6.42],[114.26,5.7],[113.85,5.06],[113.44,4.43],[113.03,3.8],[112.62,3.17],[111.75,2.73],[110.93,3.07],[110.12,3.41],[109.92,3.47],[109.92,3.47],[109.92,3.47],[109.92,3.47],[109.66,3.55]]]}},{"type":"Feature","properties":{"ma":5,"type":"gpml:TopologicalNetwork","name":"Northen_NZ_Deformation_Network","pid":833,"deforming":true},"geometry":{"type":"Polygon","coordinates":[[[167.22,-46.2],[167.63,-45.24],[168.16,-44.81],[168.69,-44.36],[169.49,-43.7],[170.18,-43.31],[170.87,-42.48],[170.93,-41.93],[170.99,-41.37],[171.42,-40.96],[171.84,-40.54],[172.63,-39.97],[173.23,-39.32],[172.59,-38.79],[172.29,-38.24],[172.07,-37.83],[171.85,-37.42],[171.55,-36.85],[171.31,-36.38],[171.12,-36.02],[171.14,-35.79],[171.16,-35.47],[171.18,-35.45],[171.18,-35.45],[171.96,-35.51],[173.11,-35.78],[173.94,-36.03],[174.7,-36.32],[175.32,-36.81],[175.63,-37.25],[175.93,-37.58],[175.93,-37.58],[176.19,-37.6],[176.85,-37.45],[177.93,-37.23],[178.04,-37.26],[178.04,-37.26],[177.92,-37.58],[177.45,-38.46],[177.04,-39.08],[176.75,-39.64],[176.55,-40.08],[176.37,-40.47],[176.21,-40.88],[176.07,-41.24],[175.8,-41.65],[175.53,-42.06],[175.03,-42.53],[174.65,-42.84],[174.36,-43.08],[173.84,-43.3],[173.38,-43.49],[173.03,-43.65],[172.6,-43.85],[172.38,-44.05],[172.15,-44.27],[171.84,-44.46],[171.31,-44.77],[171.23,-44.87],[171.23,-44.87],[171.09,-44.94],[170.82,-45.07],[170.74,-45.11],[170.65,-45.15],[170.5,-45.23],[170.33,-45.31],[170.19,-45.38],[170.08,-45.43],[169.9,-45.53],[169.75,-45.61],[169.49,-45.75],[169.26,-45.88],[169.05,-46.01],[168.99,-46.04],[168.85,-46.13],[168.68,-46.23],[168.57,-46.3],[168.5,-46.33],[168.42,-46.38],[168.33,-46.43],[168.19,-46.5],[168.13,-46.54],[168.09,-46.56],[168,-46.61],[167.97,-46.63],[167.97,-46.63],[167.61,-46.4],[167.22,-46.2]]]}},{"type":"Feature","properties":{"ma":5,"type":"gpml:TopologicalNetwork","name":"Campbell_Deforming_Network","pid":901,"deforming":true},"geometry":{"type":"MultiPolygon","coordinates":[[[[180,-43.36],[180,-44.25],[180,-45.13],[180,-46.02],[179.17,-46.45],[178.38,-46.84],[177.59,-47.22],[176.84,-47.66],[176.07,-48.08],[175.28,-48.53],[174.48,-48.97],[173.68,-49.46],[172.88,-49.94],[172.05,-50.41],[170.83,-50.99],[169.58,-51.56],[168.93,-52.02],[168.46,-52.35],[167.81,-52.79],[167.64,-52.91],[167.64,-52.91],[167.64,-52.86],[167.65,-52.79],[167.66,-52.66],[167.69,-52.4],[167.71,-52.21],[167.74,-51.96],[167.77,-51.74],[167.86,-51.35],[167.94,-51.08],[168.02,-50.8],[168.03,-50.68],[168.04,-50.57],[168.05,-50.47],[168.06,-50.36],[168.07,-50.18],[168.09,-49.92],[167.6,-49.27],[167.44,-48.81],[167.34,-48.44],[167.32,-48.14],[167.34,-47.82],[167.28,-47.16],[167.28,-47.05],[167.27,-47],[167.27,-47],[168.18,-46.51],[168.57,-46.3],[169.09,-45.99],[169.49,-45.75],[169.88,-45.54],[169.92,-45.52],[169.92,-45.52],[170.19,-45.38],[170.5,-45.22],[170.78,-45.09],[171.23,-44.87],[171.23,-44.87],[171.31,-44.77],[171.84,-44.46],[172.15,-44.27],[172.38,-44.05],[172.6,-43.85],[173.03,-43.65],[173.38,-43.49],[173.84,-43.3],[174.36,-43.08],[174.65,-42.84],[175.03,-42.53],[175.53,-42.06],[175.8,-41.65],[176.07,-41.24],[176.21,-40.88],[176.37,-40.47],[176.55,-40.08],[176.75,-39.64],[177.04,-39.08],[177.45,-38.46],[177.92,-37.58],[178.04,-37.26],[178.04,-37.26],[178.61,-37.4],[179.25,-37.56],[179.79,-37.69],[179.76,-38.22],[179.88,-38.52],[179.98,-38.93],[179.95,-39.35],[179.69,-39.79],[179.62,-39.9],[179.51,-40.07],[179.47,-40.13],[179.47,-40.13],[179.47,-40.13],[179.24,-40.81],[179.05,-41.37],[178.91,-41.79],[178.7,-42.13],[178.56,-42.35],[178.45,-42.51],[178.31,-42.74],[178.2,-42.91],[178.07,-43.02],[178.57,-42.9],[179.8,-42.61],[180,-42.48],[180,-43.36]]],[[[-180,-45.13],[-180,-44.25],[-180,-43.36],[-180,-42.48],[-179.7,-42.28],[-179.05,-41.85],[-178.41,-41.91],[-177.96,-41.95],[-177.51,-41.98],[-177.1,-42.02],[-176.66,-42.05],[-176.54,-42.06],[-176.41,-42.07],[-176.13,-42.09],[-175.92,-42.1],[-175.75,-42.11],[-175.75,-42.11],[-175.92,-42.35],[-176.2,-42.71],[-176.62,-43.5],[-177.11,-44.05],[-177.62,-44.6],[-178.36,-45.07],[-179.11,-45.54],[-180,-46.02],[-180,-45.13]]]]}},{"type":"Feature","properties":{"ma":5,"type":"gpml:TopologicalNetwork","name":"SEAsiaDeformNetwork","pid":604,"deforming":true},"geometry":{"type":"Polygon","coordinates":[[[95.26,29.51],[95.26,29.51],[95.9,29.37],[96.5,28.75],[97.09,28.14],[97.67,27.52],[98.16,26.88],[98.65,26.25],[99.13,25.61],[99.73,25],[100.33,24.39],[101.15,23.85],[101.95,23.31],[102.55,22.89],[103.13,22.47],[103.72,22.05],[104.32,21.48],[104.92,20.91],[105.52,20.34],[106.11,19.77],[106.86,19.09],[107.6,18.41],[108.34,17.72],[108.34,17.72],[108.52,16.77],[108.71,15.82],[108.71,14.93],[108.71,14.03],[108.71,13.13],[108.63,12.53],[108.55,11.93],[108.48,11.34],[108.39,10.64],[108.32,10.06],[108.24,9.39],[108.16,8.78],[108.3,8.08],[108.47,7.16],[108.65,6.24],[108.65,6.24],[108.99,5.34],[109.33,4.44],[109.66,3.55],[109.66,3.55],[110.08,3.41],[110.92,3.07],[111.75,2.73],[112.62,3.17],[113.03,3.8],[113.44,4.43],[113.85,5.06],[114.26,5.7],[114.66,6.42],[115.06,7.15],[115.46,7.88],[115.63,8.53],[115.8,9.18],[115.97,9.83],[115.97,9.83],[116.47,9.15],[116.97,8.48],[117.47,7.8],[117.97,7.12],[118.47,6.33],[118.47,6.33],[118.43,5.73],[118.01,4.92],[117.59,4.1],[117.97,3.36],[118.35,2.62],[118.35,1.93],[118.35,1.24],[118.66,0.3],[118.97,-0.65],[119.29,-1.59],[119.6,-2.53],[119.66,-3.22],[119.72,-3.91],[119.78,-4.6],[119.95,-5.53],[120.12,-6.46],[120.25,-7.06],[120.38,-7.66],[120.41,-8.39],[120.45,-9.13],[120.45,-9.13],[119.56,-9.1],[118.67,-9.07],[117.78,-9.03],[116.81,-9.07],[115.84,-9.1],[114.86,-9.13],[113.89,-9.15],[112.92,-9.02],[112.92,-9.02],[112,-9.03],[111.86,-9.04],[111.45,-9.04],[111.01,-9.05],[110.7,-9.06],[110.19,-9.04],[109.79,-9.02],[109.47,-9.01],[109.23,-9],[108.96,-8.99],[108.63,-8.98],[108.01,-8.95],[107.09,-8.83],[106.41,-8.74],[105.88,-8.66],[104.9,-8.58],[103.92,-8.48],[103.55,-8.41],[103.55,-8.41],[102.99,-7.98],[102.44,-7.54],[101.89,-7.11],[101.89,-7.11],[101.96,-6.51],[102.08,-5.95],[102.2,-5.39],[102.2,-4.79],[102.2,-4.18],[101.87,-3.55],[101.55,-2.92],[100.93,-2.14],[100.31,-1.36],[99.8,-0.56],[99.29,0.23],[98.78,1.03],[98.27,1.82],[97.76,2.62],[97.46,3.32],[97.16,4.01],[96.94,4.54],[96.71,5.07],[96.71,5.07],[96.44,5.29],[96.16,6.24],[95.87,7.2],[95.79,8.04],[95.7,8.87],[95.61,9.71],[95.62,10.46],[95.63,11.22],[95.64,11.97],[95.88,12.83],[96.13,13.69],[96.33,14.06],[96.33,14.06],[96.19,14.92],[96.05,15.78],[95.91,16.64],[95.77,17.51],[95.54,18.48],[95.31,19.46],[95.08,20.43],[95.04,21.23],[95,22.03],[94.95,22.83],[95.14,23.74],[95.34,24.65],[95.54,25.56],[95.74,26.46],[95.56,27.29],[95.38,28.13],[95.19,28.96],[95.26,29.51]]]}},{"type":"Feature","properties":{"ma":5,"type":"gpml:TopologicalNetwork","name":"Deforming western interior NAM","pid":101,"deforming":true},"geometry":{"type":"Polygon","coordinates":[[[-93.63,15.49],[-94.54,15.43],[-95.45,15.38],[-96.37,15.62],[-97.29,15.87],[-98.15,16.16],[-99.02,16.44],[-99.89,16.73],[-100.6,17.01],[-101.31,17.28],[-102.02,17.56],[-102.02,17.56],[-102.45,17.78],[-103.15,18.2],[-103.84,18.61],[-104.33,19.12],[-104.73,19.42],[-105.12,19.83],[-105.21,20.43],[-105.2,20.55],[-105.2,20.55],[-105.54,20.91],[-105.65,21.03],[-105.69,21.13],[-105.71,21.19],[-105.73,21.31],[-105.78,21.38],[-105.84,21.43],[-105.92,21.5],[-106,21.56],[-106.09,21.63],[-106.12,21.65],[-106.3,21.68],[-106.37,21.69],[-106.45,21.67],[-106.49,21.68],[-106.49,21.69],[-106.49,21.69],[-106.47,21.7],[-106.39,21.76],[-106.35,21.83],[-106.32,21.88],[-106.32,21.96],[-106.32,21.96],[-106.35,22.05],[-106.39,22.12],[-106.39,22.19],[-106.37,22.24],[-106.34,22.29],[-106.29,22.35],[-106.49,22.48],[-106.6,22.57],[-106.7,22.65],[-106.79,22.72],[-106.75,22.78],[-106.67,22.83],[-106.58,22.86],[-106.45,22.9],[-106.44,22.91],[-106.44,22.91],[-106.53,23.04],[-106.81,23.45],[-107.25,23.96],[-107.58,24.44],[-107.8,24.75],[-108.06,24.95],[-108.2,25.19],[-108.28,25.36],[-108.69,25.64],[-109.03,25.94],[-109.14,26.11],[-109.45,26.28],[-109.52,26.48],[-109.6,26.69],[-109.56,26.86],[-109.76,27.13],[-109.99,27.3],[-110.26,27.5],[-110.46,27.73],[-110.69,28],[-110.93,28.24],[-111.13,28.41],[-111.36,28.54],[-111.52,28.71],[-111.53,28.98],[-111.66,29.38],[-111.87,29.72],[-112.28,30.05],[-112.56,30.32],[-112.89,30.55],[-113.14,30.75],[-113.27,30.95],[-113.44,31.08],[-113.5,31.4],[-113.5,31.4],[-113.58,31.46],[-114.08,31.8],[-114.58,32.15],[-115.43,32.76],[-116.06,33.3],[-116.62,33.77],[-117.13,34.14],[-117.83,34.83],[-118.46,35.42],[-119.12,35.95],[-119.72,36.44],[-120.17,36.94],[-120.63,37.43],[-121.13,37.93],[-121.33,38.42],[-121.44,38.92],[-121.58,39.48],[-121.58,39.48],[-122.32,39.51],[-123.06,39.53],[-123.06,39.53],[-123.08,39.63],[-122.97,40.12],[-122.97,40.12],[-123.4,40.93],[-123.77,41.64],[-123.91,41.91],[-123.89,42.07],[-123.93,42.24],[-123.96,42.4],[-123.92,42.54],[-123.84,42.62],[-123.84,42.75],[-123.91,42.82],[-123.95,43.12],[-123.96,43.31],[-124.01,43.4],[-124.07,43.52],[-124.16,43.68],[-124.18,43.99],[-124.16,44.18],[-124.14,44.25],[-124.08,44.32],[-124.1,44.57],[-124.11,44.77],[-124.12,44.92],[-124.18,44.98],[-124.19,45.13],[-124.2,45.35],[-124.3,45.72],[-124.46,46.19],[-124.6,46.54],[-124.72,46.88],[-124.86,47.21],[-124.97,47.58],[-125.27,47.97],[-125.4,48.22],[-125.67,48.51],[-125.97,48.77],[-126.34,48.95],[-126.58,49.07],[-126.8,49.27],[-126.86,49.68],[-127.05,49.97],[-127.31,50.06],[-127.46,50.26],[-127.78,50.48],[-128.08,50.64],[-128.54,50.8],[-128.83,50.98],[-129.09,51.24],[-129.33,51.41],[-129.39,51.43],[-129.39,51.43],[-129.37,51.55],[-129.23,52.12],[-129.13,52.4],[-129.09,52.75],[-129.06,53.28],[-129.08,53.9],[-129.18,54.49],[-129.21,54.94],[-129.21,54.94],[-128.31,54.12],[-127.45,53.28],[-126.54,52.74],[-125.65,52.19],[-124.74,51.6],[-123.86,51.01],[-122.59,50.48],[-121.35,49.94],[-120.13,49.39],[-119.39,49.21],[-118.65,49.03],[-117.31,48.8],[-116.07,48.73],[-115.43,48.57],[-115.1,48.08],[-115.03,47.46],[-114.74,46.57],[-114.74,45.84],[-114.92,45.29],[-115.1,44.75],[-114.91,44],[-114.13,43.83],[-113.23,43.74],[-112.39,44.02],[-111.93,44.17],[-111.58,44.41],[-111.12,44.72],[-110.46,44.86],[-109.85,44.53],[-109.58,44.11],[-109.48,43.63],[-109.36,43.07],[-109.38,43.07],[-109.38,43.04],[-109.39,42.98],[-109.39,42.96],[-109.39,42.93],[-109.39,42.89],[-109.39,42.86],[-109.38,42.86],[-109.32,42.82],[-109.28,42.77],[-109.26,42.68],[-109.26,42.63],[-109.26,42.59],[-109.26,42.52],[-109.26,42.46],[-109.26,42.41],[-109.29,42.34],[-109.31,42.29],[-109.32,42.26],[-109.33,42.19],[-109.33,42.14],[-109.33,42.11],[-109.3,41.94],[-109.3,41.93],[-109.3,41.89],[-109.34,41.81],[-109.45,41.61],[-109.51,41.51],[-109.51,41.49],[-109.46,41.48],[-109.36,41.47],[-109.33,41.47],[-109.32,41.45],[-109.31,41.42],[-109.28,41.38],[-109.25,41.38],[-109.22,41.38],[-109.16,41.33],[-109.15,41.32],[-109.1,41.33],[-109.04,41.34],[-109.03,41.33],[-108.99,41.3],[-108.98,41.29],[-108.89,41.31],[-108.87,41.32],[-108.82,41.31],[-108.77,41.3],[-108.73,41.29],[-108.72,41.29],[-108.64,41.3],[-108.44,41.33],[-108.27,41.34],[-108.05,41.32],[-107.91,41.31],[-107.88,41.3],[-107.8,41.26],[-107.67,41.22],[-107.55,41.16],[-107.49,41.11],[-107.44,41.04],[-107.43,40.99],[-107.43,40.98],[-107.43,40.95],[-107.45,40.96],[-107.49,40.98],[-107.49,40.97],[-107.5,40.92],[-107.29,40.86],[-107.23,40.84],[-107.14,40.85],[-107.04,40.85],[-106.95,40.85],[-106.87,40.85],[-106.82,40.84],[-106.77,40.84],[-106.74,40.83],[-106.72,40.81],[-106.72,40.81],[-106.72,40.81],[-105.96,40.85],[-105.97,40.86],[-105.98,40.89],[-106,40.91],[-106.01,40.95],[-105.99,40.98],[-105.98,41.02],[-105.98,41.08],[-105.99,41.13],[-106.03,41.16],[-106.04,41.18],[-106.06,41.2],[-106.08,41.24],[-106.08,41.26],[-106.08,41.27],[-106.08,41.27],[-106.09,41.28],[-106.11,41.31],[-106.12,41.34],[-106.14,41.36],[-106.19,41.4],[-106.19,41.4],[-106.15,41.42],[-106.06,41.41],[-105.97,41.42],[-105.89,41.4],[-105.84,41.39],[-105.83,41.39],[-105.82,41.39],[-105.75,41.38],[-105.69,41.38],[-105.69,41.38],[-105.67,41.38],[-105.64,41.4],[-105.63,41.39],[-105.6,41.4],[-105.55,41.43],[-105.54,41.44],[-105.54,41.44],[-105.46,41.47],[-105.31,41.6],[-105.3,41.61],[-105.29,41.6],[-105.29,41.6],[-105.27,41.59],[-105.24,41.6],[-105.23,41.63],[-105.21,41.65],[-105.16,41.67],[-105.12,41.67],[-105.07,41.66],[-105.05,41.64],[-105.04,41.63],[-105.04,41.62],[-105.04,41.62],[-105.04,41.6],[-105.04,41.59],[-105.04,41.59],[-105.05,41.56],[-105.04,41.53],[-105.03,41.52],[-105.02,41.5],[-105.03,41.48],[-105.03,41.46],[-105.05,41.46],[-105.08,41.46],[-105.05,41.43],[-105.02,41.42],[-105,41.41],[-104.98,41.4],[-104.96,41.39],[-104.94,41.38],[-104.91,41.38],[-104.88,41.39],[-104.85,41.4],[-104.81,41.42],[-104.78,41.44],[-104.75,41.45],[-104.74,41.46],[-104.7,41.48],[-104.67,41.5],[-104.64,41.52],[-104.63,41.55],[-104.61,41.57],[-104.6,41.6],[-104.6,41.63],[-104.63,41.65],[-104.65,41.65],[-104.63,41.75],[-104.62,41.82],[-104.63,41.93],[-104.62,41.97],[-104.64,42.01],[-104.63,42.05],[-104.66,42.08],[-104.73,42.12],[-104.78,42.12],[-104.87,42.15],[-104.92,42.16],[-104.96,42.18],[-104.84,42.24],[-104.83,42.29],[-104.85,42.34],[-104.86,42.37],[-104.9,42.38],[-104.92,42.41],[-104.97,42.47],[-105.02,42.51],[-105.02,42.54],[-104.99,42.56],[-105,42.58],[-105.03,42.6],[-105.03,42.64],[-105.01,42.7],[-105,42.71],[-104.99,42.72],[-105,42.72],[-105.04,42.76],[-105.08,42.8],[-105.1,42.81],[-105.14,42.8],[-105.19,42.81],[-105.22,42.84],[-105.24,42.86],[-105.2,42.86],[-105.16,42.86],[-105.1,42.87],[-105,42.9],[-104.87,42.92],[-104.79,42.95],[-104.78,42.95],[-104.77,42.96],[-104.73,42.98],[-104.68,42.99],[-104.63,42.99],[-104.61,42.99],[-104.61,43.01],[-104.61,43.02],[-104.61,43.03],[-104.55,43.03],[-104.42,43.02],[-104.41,43.02],[-104.35,43.01],[-104.35,42.99],[-104.34,42.99],[-104.32,42.97],[-104.27,42.94],[-104.31,42.83],[-104.32,42.82],[-104.26,42.8],[-104.22,42.76],[-104.22,42.72],[-104.21,42.69],[-104.23,42.66],[-104.2,42.65],[-104.19,42.63],[-104.18,42.63],[-104.15,42.61],[-104.13,42.55],[-104.13,42.54],[-104.13,42.53],[-104.1,42.48],[-104.11,42.44],[-104.13,42.41],[-104.14,42.37],[-104.15,42.32],[-104.11,42.32],[-104.04,42.28],[-104.04,42.21],[-104.1,42.15],[-104.16,42.14],[-104.2,42.07],[-104.2,42.07],[-104.18,42.05],[-104.16,41.99],[-104.21,41.95],[-104.29,41.82],[-104.27,41.79],[-104.27,41.78],[-104.27,41.78],[-104.23,41.69],[-104.22,41.66],[-104.19,41.59],[-104.17,41.5],[-104.15,41.45],[-104.15,41.43],[-104.16,41.39],[-104.16,41.38],[-104.19,41.33],[-104.18,41.31],[-104.19,41.27],[-104.21,41.26],[-104.22,41.26],[-104.22,41.25],[-104.23,41.22],[-104.24,41.17],[-104.26,41.14],[-104.27,41.12],[-104.31,41.11],[-104.3,41.1],[-104.3,41.1],[-104.3,41.09],[-104.29,41.04],[-104.28,40.96],[-104.27,40.9],[-104.25,40.86],[-104.23,40.82],[-104.24,40.79],[-104.23,40.75],[-104.23,40.73],[-104.22,40.72],[-104.24,40.71],[-104.28,40.72],[-104.27,40.7],[-104.27,40.68],[-104.29,40.65],[-104.31,40.62],[-104.33,40.58],[-104.34,40.58],[-104.34,40.57],[-104.34,40.56],[-104.35,40.53],[-104.36,40.51],[-104.37,40.5],[-104.37,40.48],[-104.37,40.47],[-104.38,40.45],[-104.4,40.44],[-104.41,40.41],[-104.4,40.37],[-104.4,40.36],[-104.4,40.35],[-104.4,40.27],[-104.37,40.18],[-104.36,40.16],[-104.36,40.15],[-104.35,40.15],[-104.34,40.14],[-104.33,40.11],[-104.3,40.09],[-104.28,40.05],[-104.25,39.96],[-104.21,39.85],[-104.18,39.77],[-104.14,39.71],[-104.12,39.63],[-104.12,39.63],[-104.12,39.62],[-104.1,39.58],[-104.06,39.51],[-103.99,39.44],[-103.98,39.42],[-103.98,39.35],[-103.98,39.29],[-103.97,39.15],[-103.96,39],[-103.96,38.99],[-103.94,38.9],[-104.04,38.87],[-104.12,38.84],[-104.18,38.8],[-104.22,38.76],[-104.26,38.75],[-104.28,38.75],[-104.3,38.78],[-104.33,38.82],[-104.35,38.83],[-104.37,38.83],[-104.39,38.81],[-104.41,38.79],[-104.42,38.72],[-104.42,38.68],[-104.41,38.65],[-104.37,38.62],[-104.34,38.6],[-104.31,38.55],[-104.26,38.49],[-104.21,38.41],[-104.2,38.37],[-104.18,38.34],[-104.14,38.34],[-104.13,38.33],[-104.12,38.32],[-104.13,38.31],[-104.14,38.29],[-104.08,38.26],[-104.05,38.22],[-104.02,38.19],[-104.06,38.2],[-104.09,38.19],[-104.11,38.19],[-104.09,38.17],[-104.09,38.15],[-104.09,38.15],[-104.09,38.14],[-104.09,38.11],[-104.09,38.07],[-104.11,38.03],[-104.12,38.01],[-104.13,38],[-104.14,38],[-104.16,38],[-104.18,38.01],[-104.19,38.02],[-104.18,37.99],[-104.15,37.96],[-104.12,37.95],[-104.11,37.95],[-104.09,37.94],[-104.07,37.95],[-104.07,37.96],[-104.06,37.97],[-104.04,37.99],[-104.02,38],[-104,37.99],[-103.96,37.99],[-103.92,37.97],[-103.88,37.94],[-103.83,37.91],[-103.81,37.88],[-103.78,37.84],[-103.76,37.84],[-103.72,37.81],[-103.69,37.76],[-103.65,37.7],[-103.62,37.65],[-103.59,37.59],[-103.55,37.55],[-103.48,37.5],[-103.43,37.47],[-103.37,37.41],[-103.34,37.35],[-103.31,37.28],[-103.26,37.25],[-103.21,37.22],[-103.15,37.2],[-103.17,37.19],[-103.18,37.19],[-103.19,37.18],[-103.19,37.17],[-103.18,37.17],[-103.18,37.16],[-103.2,37.14],[-103.2,37.12],[-103.18,37.1],[-103.18,37.09],[-103.18,37.08],[-103.19,37.08],[-103.21,37.06],[-103.2,37.06],[-103.21,37.06],[-103.22,37.05],[-103.25,37.06],[-103.29,37.06],[-103.33,37.08],[-103.38,37.09],[-103.44,37.09],[-103.48,37.08],[-103.54,37.08],[-103.56,37.09],[-103.58,37.1],[-103.6,37.12],[-103.62,37.11],[-103.63,37.09],[-103.64,37.07],[-103.65,37.06],[-103.69,37.04],[-103.7,37.02],[-103.71,37],[-103.73,37],[-103.76,37],[-103.77,36.98],[-103.79,36.96],[-103.8,36.94],[-103.82,36.94],[-103.85,36.94],[-103.88,36.92],[-103.91,36.92],[-103.92,36.93],[-103.93,36.91],[-103.94,36.88],[-103.95,36.86],[-103.96,36.84],[-104,36.83],[-104.02,36.82],[-104.02,36.81],[-104.04,36.8],[-104.05,36.8],[-104.08,36.8],[-104.1,36.79],[-104.09,36.76],[-104.09,36.74],[-104.12,36.72],[-104.14,36.7],[-104.14,36.68],[-104.16,36.66],[-104.19,36.64],[-104.2,36.62],[-104.2,36.59],[-104.22,36.61],[-104.24,36.65],[-104.24,36.67],[-104.24,36.69],[-104.27,36.7],[-104.29,36.72],[-104.33,36.73],[-104.34,36.73],[-104.34,36.72],[-104.34,36.72],[-104.37,36.72],[-104.4,36.72],[-104.42,36.7],[-104.44,36.69],[-104.45,36.69],[-104.45,36.69],[-104.45,36.7],[-104.47,36.72],[-104.5,36.73],[-104.53,36.74],[-104.53,36.74],[-104.56,36.74],[-104.59,36.75],[-104.61,36.75],[-104.64,36.74],[-104.67,36.72],[-104.69,36.7],[-104.7,36.71],[-104.71,36.74],[-104.73,36.76],[-104.74,36.77],[-104.75,36.78],[-104.75,36.78],[-104.75,36.78],[-104.76,36.76],[-104.78,36.65],[-104.8,36.55],[-104.81,36.5],[-104.8,36.47],[-104.81,36.41],[-104.82,36.34],[-104.83,36.3],[-104.8,36.3],[-104.8,36.28],[-104.81,36.25],[-104.81,36.22],[-104.82,36.2],[-104.83,36.19],[-104.86,36.17],[-104.89,36.15],[-104.92,36.05],[-104.96,35.95],[-104.96,35.95],[-104.96,35.94],[-104.97,35.9],[-104.98,35.86],[-104.98,35.85],[-104.98,35.85],[-104.99,35.8],[-105.07,35.73],[-105.21,35.65],[-105.35,35.58],[-105.45,35.49],[-105.54,35.4],[-105.61,35.34],[-105.65,35.3],[-105.66,35.29],[-105.65,35.19],[-105.64,35.11],[-105.65,35.05],[-105.66,35.02],[-105.65,35],[-105.65,34.98],[-105.62,34.96],[-105.66,34.9],[-105.69,34.85],[-105.71,34.81],[-105.73,34.76],[-105.76,34.69],[-105.78,34.61],[-105.8,34.6],[-105.83,34.6],[-105.84,34.6],[-105.86,34.59],[-105.87,34.58],[-105.89,34.57],[-105.89,34.56],[-105.89,34.56],[-105.91,34.54],[-105.91,34.54],[-105.92,34.53],[-105.96,34.5],[-105.99,34.47],[-106.01,34.43],[-106.03,34.39],[-106.03,34.39],[-106.03,34.38],[-106.02,34.34],[-106.01,34.3],[-106,34.29],[-106,34.27],[-106.01,34.23],[-106.01,34.17],[-106,34.11],[-105.99,34.1],[-105.97,34.09],[-105.94,34.08],[-105.93,34.07],[-105.92,34.08],[-105.93,34.12],[-105.93,34.14],[-105.93,34.22],[-105.89,34.23],[-105.87,34.24],[-105.85,34.23],[-105.83,34.21],[-105.81,34.2],[-105.79,34.18],[-105.77,34.16],[-105.76,34.17],[-105.76,34.18],[-105.76,34.2],[-105.78,34.23],[-105.79,34.25],[-105.79,34.27],[-105.76,34.3],[-105.75,34.33],[-105.75,34.35],[-105.74,34.37],[-105.73,34.37],[-105.71,34.36],[-105.7,34.34],[-105.69,34.35],[-105.67,34.38],[-105.66,34.4],[-105.64,34.42],[-105.62,34.43],[-105.59,34.42],[-105.58,34.41],[-105.57,34.38],[-105.57,34.35],[-105.58,34.3],[-105.6,34.23],[-105.61,34.13],[-105.62,34.04],[-105.62,34.04],[-105.62,34.03],[-105.6,34.01],[-105.58,33.99],[-105.55,33.97],[-105.54,33.94],[-105.52,33.91],[-105.49,33.88],[-105.47,33.86],[-105.45,33.85],[-105.44,33.82],[-105.41,33.85],[-105.4,33.88],[-105.38,33.91],[-105.35,33.93],[-105.35,33.94],[-105.36,33.96],[-105.36,33.98],[-105.35,34],[-105.34,34.02],[-105.33,34.04],[-105.31,34.05],[-105.3,34.05],[-105.3,34.05],[-105.3,34.06],[-105.3,34.06],[-105.3,34.08],[-105.31,34.1],[-105.31,34.1],[-105.31,34.11],[-105.32,34.11],[-105.33,34.12],[-105.35,34.13],[-105.38,34.14],[-105.39,34.15],[-105.38,34.17],[-105.37,34.19],[-105.34,34.2],[-105.32,34.21],[-105.29,34.21],[-105.26,34.21],[-105.23,34.21],[-105.2,34.21],[-105.18,34.19],[-105.17,34.16],[-105.15,34.14],[-105.14,34.12],[-105.13,34.09],[-105.13,34.06],[-105.15,34.05],[-105.14,34.04],[-105.12,34.02],[-105.12,34],[-105.12,33.97],[-105.14,33.94],[-105.17,33.91],[-105.2,33.88],[-105.24,33.85],[-105.28,33.82],[-105.31,33.79],[-105.34,33.78],[-105.36,33.77],[-105.38,33.76],[-105.38,33.73],[-105.39,33.71],[-105.4,33.67],[-105.4,33.66],[-105.39,33.66],[-105.37,33.65],[-105.35,33.62],[-105.31,33.56],[-105.27,33.45],[-105.25,33.39],[-105.24,33.35],[-105.21,33.3],[-105.2,33.25],[-105.19,33.22],[-105.18,33.18],[-105.17,33.14],[-105.18,33.09],[-105.18,33.04],[-105.19,32.99],[-105.19,32.95],[-105.17,32.93],[-105.14,32.91],[-105.13,32.88],[-105.13,32.85],[-105.13,32.81],[-105.13,32.78],[-105.13,32.76],[-105.14,32.73],[-105.15,32.71],[-105.17,32.68],[-105.19,32.64],[-105.19,32.62],[-105.2,32.59],[-105.22,32.57],[-105.25,32.55],[-105.28,32.53],[-105.32,32.5],[-105.35,32.47],[-105.38,32.44],[-105.4,32.39],[-105.41,32.37],[-105.42,32.35],[-105.44,32.35],[-105.47,32.32],[-105.49,32.29],[-105.51,32.26],[-105.52,32.2],[-105.51,32.15],[-105.51,32.08],[-105.5,32.05],[-105.49,32.02],[-105.48,32],[-105.43,31.95],[-105.37,31.91],[-105.34,31.88],[-105.31,31.84],[-105.27,31.81],[-105.22,31.77],[-105.19,31.74],[-105.14,31.68],[-105.04,31.6],[-104.98,31.54],[-104.94,31.51],[-104.84,31.53],[-104.76,31.54],[-104.73,31.54],[-104.7,31.5],[-104.65,31.48],[-104.6,31.46],[-104.59,31.44],[-104.54,31.42],[-104.52,31.4],[-104.48,31.35],[-104.44,31.32],[-104.38,31.28],[-104.34,31.23],[-104.3,31.19],[-104.29,31.13],[-104.29,31.12],[-104.28,31.13],[-104.22,31.17],[-104.22,31.17],[-104.22,31.18],[-104.23,31.21],[-104.22,31.26],[-104.18,31.31],[-104.17,31.33],[-104.14,31.39],[-104.13,31.43],[-104.13,31.43],[-104.08,31.52],[-104.16,31.53],[-104.17,31.53],[-104.23,31.53],[-104.23,31.59],[-104.26,31.75],[-104.28,31.77],[-104.32,31.8],[-104.36,31.83],[-104.4,31.84],[-104.45,31.88],[-104.48,31.89],[-104.53,31.89],[-104.55,31.94],[-104.56,31.99],[-104.56,32.06],[-104.56,32.09],[-104.47,32.26],[-104.47,32.27],[-104.46,32.37],[-104.46,32.45],[-104.45,32.5],[-104.41,32.46],[-104.38,32.38],[-104.36,32.3],[-104.33,32.17],[-104.32,32.07],[-104.27,32.01],[-104.23,31.93],[-104.16,31.82],[-104.1,31.74],[-104.09,31.73],[-104.08,31.72],[-104.04,31.64],[-104,31.59],[-103.94,31.53],[-103.93,31.49],[-103.94,31.47],[-103.87,31.47],[-103.8,31.45],[-103.75,31.44],[-103.62,31.38],[-103.54,31.33],[-103.47,31.31],[-103.35,31.24],[-103.33,31.23],[-103.33,31.23],[-103.32,31.22],[-103.28,31.2],[-103.16,31.1],[-103.13,31.08],[-103.13,31.09],[-103.09,31.12],[-103.09,31.12],[-103.09,31.14],[-103.09,31.15],[-103.07,31.17],[-103.06,31.17],[-103.01,31.15],[-102.96,31.13],[-102.92,31.11],[-102.89,31.09],[-102.87,31.07],[-102.87,31.05],[-102.87,31.03],[-102.89,31],[-102.89,30.99],[-102.85,30.96],[-102.8,30.94],[-102.75,30.92],[-102.75,30.91],[-102.71,30.83],[-102.68,30.77],[-102.66,30.72],[-102.62,30.66],[-102.55,30.7],[-102.43,30.73],[-102.42,30.73],[-102.39,30.74],[-102.34,30.75],[-102.29,30.76],[-102.23,30.76],[-102.16,30.74],[-102.08,30.7],[-101.95,30.63],[-101.88,30.6],[-101.84,30.6],[-101.81,30.61],[-101.79,30.61],[-101.77,30.61],[-101.73,30.62],[-101.7,30.62],[-101.66,30.63],[-101.61,30.62],[-101.48,30.55],[-101.2,30.11],[-100.93,29.66],[-100.46,28.86],[-100.53,27.89],[-100,27.43],[-99.56,27.03],[-99.12,26.63],[-98.99,25.89],[-99.28,25.57],[-99.04,25.11],[-98.8,24.64],[-98.6,23.9],[-98.4,23.16],[-98.21,22.42],[-97.78,21.58],[-97.36,20.74],[-96.7,20.15],[-96.04,19.56],[-96.14,19.34],[-96.08,18.88],[-95.84,18.5],[-95.34,17.9],[-94.93,17.45],[-94.53,17.01],[-94.08,16.61],[-93.42,16.09],[-92.75,15.56],[-92.72,15.54],[-93.63,15.49]]]}}]}