{"type":"FeatureCollection","features":[{"type":"Feature","properties":{"ma":10,"type":"gpml:TopologicalNetwork","name":"Alpine_Deforming_Mesh_ELB","pid":301,"deforming":true},"geometry":{"type":"Polygon","coordinates":[[[4.5,42.36],[3.92,41.98],[3.34,41.59],[2.66,41.42],[1.98,41.25],[0.9,41.21],[0.79,41.22],[0.79,41.22],[0.78,41.23],[0.78,41.23],[-0.18,41.3],[-1.15,41.36],[-2.1,41.43],[-3.06,41.49],[-3.67,41.69],[-4.29,41.9],[-4.57,42.05],[-4.57,42.05],[-3.92,42.21],[-3.26,42.37],[-2.07,42.27],[-0.89,42.17],[-0.1,42.21],[0.69,42.24],[1.59,42.34],[2.5,42.42],[3.22,42.5],[3.62,42.54],[3.62,42.54],[3.37,42.6],[3.26,42.72],[3.22,42.91],[3.1,43.33],[3.07,43.53],[3.48,44],[3.89,44.46],[3.98,44.57],[3.99,44.71],[4.33,45.01],[4.91,45.31],[5.2,45.38],[5.38,45.51],[5.57,45.6],[5.73,45.64],[5.89,45.74],[7.09,46.18],[7.51,46.39],[8.52,46.58],[9.71,46.68],[10.1,46.8],[11.24,46.87],[12.17,46.95],[13.01,47.11],[13.6,47.35],[13.84,47.56],[14.53,47.95],[14.91,48.15],[15.72,48.38],[17.07,48.52],[18.05,48.54],[19.03,48.55],[19.82,48.2],[20.6,47.84],[21.13,47.44],[21.66,47.03],[22.3,46.39],[22.92,45.74],[23.01,45.25],[23.01,44.54],[22.02,44.02],[20.93,43.83],[19.94,43.9],[19.94,43.9],[20,43.95],[19.44,43.97],[18.89,43.99],[18.46,44],[17.95,44.02],[17.49,44.03],[16.48,44.04],[16.93,44.02],[16.89,43.59],[17.1,42.88],[17.43,42.26],[17.69,41.64],[18,41],[18.58,40.24],[18.58,40.24],[19.23,39.81],[19.83,39.41],[20.44,38.98],[21.14,38.63],[21.81,38.28],[22.58,38.21],[23.6,38.09],[24.54,38.01],[25.45,38.01],[26.33,38.07],[27.36,38.07],[28.42,38.11],[29.42,38.22],[30.27,38.32],[31.23,38.39],[32.09,38.42],[33.14,38.39],[34.05,38.32],[34.89,38.26],[35.85,38.19],[36.81,38.05],[37.75,37.85],[38.69,37.66],[39.66,37.36],[40.31,37.09],[40.31,37.09],[40.06,36.26],[39.81,35.42],[39.57,34.59],[39.53,34.38],[39.53,34.38],[39.13,34.73],[38.26,34.66],[37.07,34.61],[36,34.31],[35.32,34.04],[34.63,33.76],[33.78,33.57],[33.29,33.4],[32.61,33.15],[31.94,32.9],[31.94,32.9],[31.87,33.51],[31.54,34.33],[31.54,34.33],[30.56,34.03],[29.57,33.72],[28.63,33.68],[27.68,33.63],[26.87,33.56],[26.06,33.5],[25.23,33.4],[24.27,33.2],[23.78,33.19],[23.19,33.21],[22.64,32.34],[22.1,31.48],[21.57,30.61],[21.65,31.55],[21.73,32.5],[21.82,33.44],[20.93,33.66],[20.2,33.95],[19.61,34.21],[19.05,34.73],[18.48,35.24],[18.14,35.64],[17.93,36.07],[17.78,36.69],[17.76,37.35],[17.44,37.78],[17.11,38.22],[17.02,38.76],[16.92,39.3],[16.92,39.3],[16.62,39.72],[16.46,40.08],[15.89,40.49],[15.68,40.65],[15.07,40.88],[14.38,40.93],[13.56,41.22],[12.73,41.49],[12.3,41.87],[11.78,42.67],[11.67,43.59],[11.59,43.75],[11.01,44.2],[10.43,44.62],[9.93,44.34],[9.61,44.3],[9.2,44.24],[8.51,44.03],[8.23,43.86],[7.72,43.79],[7.19,43.83],[6.76,43.86],[6.45,43.95],[5.81,44.09],[5.55,43.92],[5.32,43.7],[5.2,43.52],[5.27,43.52],[5.27,43.52],[5.15,42.77],[4.57,42.39],[4.5,42.36]]]}},{"type":"Feature","properties":{"ma":10,"type":"gpml:TopologicalNetwork","name":"Alpine Mesh - East","pid":301,"deforming":true},"geometry":{"type":"Polygon","coordinates":[[[30.31,42.02],[31.03,41.95],[31.75,41.87],[32.51,41.78],[33.26,41.68],[33.93,41.59],[34.59,41.5],[35.75,41.01],[36.76,40.57],[37.75,40.12],[38.61,39.99],[39.47,39.85],[40.7,39.67],[41.92,39.47],[41.92,39.47],[41.27,38.8],[40.64,38.13],[40.47,37.61],[40.31,37.09],[40.31,37.09],[39.66,37.36],[38.69,37.66],[37.75,37.85],[36.81,38.05],[35.85,38.19],[34.89,38.26],[34.05,38.32],[33.14,38.39],[32.09,38.42],[31.23,38.39],[30.27,38.32],[29.42,38.22],[28.42,38.11],[27.36,38.07],[26.33,38.07],[25.45,38.01],[24.54,38.01],[23.6,38.09],[22.58,38.21],[21.81,38.28],[21.14,38.63],[20.44,38.98],[19.83,39.41],[19.23,39.81],[18.58,40.24],[18.58,40.24],[18,41],[17.69,41.64],[17.43,42.26],[17.1,42.88],[16.89,43.59],[16.93,44.02],[16.48,44.04],[17.49,44.03],[17.95,44.02],[18.46,44],[18.89,43.99],[19.44,43.97],[20,43.95],[19.54,43.58],[19.44,43.16],[19.72,42.94],[20.19,42.71],[20.78,42.49],[21.62,42.36],[22.72,42.32],[23.54,42.25],[24.37,42.19],[25.33,42.14],[26.55,42.15],[27.76,42.15],[28.97,42.14],[28.99,42.15],[30.31,42.02]]]}},{"type":"Feature","properties":{"ma":10,"type":"gpml:TopologicalNetwork","name":"Andes","pid":201,"deforming":true},"geometry":{"type":"Polygon","coordinates":[[[-74.59,-40.08],[-74.58,-40.07],[-74.5,-39.84],[-74.5,-39.84],[-74.31,-39.09],[-74.12,-38.34],[-73.94,-37.59],[-73.7,-36.68],[-73.47,-35.77],[-73.25,-34.85],[-73.03,-33.94],[-72.81,-33.02],[-72.6,-32.11],[-72.4,-31.19],[-72.22,-30.37],[-72.05,-29.54],[-71.88,-28.71],[-71.72,-27.88],[-71.65,-26.91],[-71.59,-25.94],[-71.52,-24.97],[-71.46,-24],[-71.46,-23.13],[-71.47,-22.25],[-71.61,-21.49],[-71.81,-21.06],[-72.12,-20.68],[-72.48,-20.15],[-73.14,-19.41],[-73.82,-18.8],[-74.39,-18.3],[-74.95,-17.8],[-75.51,-17.3],[-76.11,-16.66],[-76.71,-16.02],[-77.3,-15.38],[-77.79,-14.63],[-78.27,-13.88],[-78.74,-13.13],[-79.22,-12.38],[-79.69,-11.63],[-80.16,-10.88],[-80.49,-10.1],[-80.82,-9.31],[-81.15,-8.53],[-81.17,-7.73],[-81.19,-6.94],[-81.21,-6.14],[-81.23,-5.34],[-81.13,-4.78],[-81.03,-4.22],[-81.03,-4.22],[-80.98,-3.82],[-80.94,-3.54],[-80.92,-3.28],[-80.88,-3.06],[-80.88,-3.06],[-80.23,-3.63],[-79.59,-4.2],[-78.94,-4.77],[-78.29,-5.34],[-77.64,-5.91],[-76.99,-6.48],[-76.32,-7.05],[-75.65,-7.63],[-74.97,-8.2],[-74.29,-8.78],[-73.61,-9.35],[-72.93,-9.92],[-72.17,-10.48],[-71.42,-11.05],[-70.66,-11.61],[-69.9,-12.17],[-69.23,-12.7],[-68.55,-13.22],[-67.88,-13.74],[-67.19,-14.26],[-66.44,-14.73],[-65.69,-15.2],[-64.93,-15.67],[-64.17,-16.13],[-63.61,-16.69],[-63.06,-17.25],[-62.5,-17.81],[-61.93,-18.36],[-61.76,-19.02],[-61.58,-19.67],[-61.4,-20.32],[-61.58,-21.14],[-61.75,-21.96],[-61.93,-22.77],[-62.36,-23.69],[-62.8,-24.6],[-63.25,-25.51],[-63.67,-26.43],[-64.1,-27.34],[-64.53,-28.26],[-65.02,-29.07],[-65.51,-29.89],[-66.02,-30.71],[-66.4,-31.57],[-66.79,-32.43],[-67.19,-33.28],[-67.26,-34.04],[-67.33,-34.79],[-67.4,-35.54],[-68.01,-36.16],[-68.63,-36.77],[-69.26,-37.38],[-69.9,-37.99],[-70.82,-38.42],[-71.74,-38.85],[-72.68,-39.27],[-73.63,-39.68],[-74.59,-40.08]]]}},{"type":"Feature","properties":{"ma":10,"type":"gpml:TopologicalSlabBoundary","name":"Southern Andes Flat Slab Section","pid":201,"deforming":false},"geometry":{"type":"Polygon","coordinates":[[[-71.14,-39.65],[-71.23,-39.64],[-71.67,-39.62],[-72.15,-39.59],[-72.55,-39.59],[-73.03,-39.55],[-73.47,-39.55],[-73.81,-39.53],[-74.07,-39.52],[-74.39,-39.5],[-74.39,-39.5],[-74.33,-39.08],[-74.2,-38.57],[-73.98,-37.88],[-73.77,-37.2],[-73.58,-36.49],[-73.38,-35.78],[-73.2,-35.07],[-73.1,-34.54],[-73.1,-34.54],[-73.05,-34.36],[-73.05,-34.35],[-73.05,-34.35],[-73.05,-34.35],[-73.05,-34.35],[-72.86,-33.44],[-72.67,-32.54],[-72.49,-31.64],[-72.31,-30.73],[-72.14,-29.83],[-71.97,-28.92],[-71.8,-28.01],[-71.63,-27.1],[-71.64,-26.91],[-71.64,-26.91],[-71.04,-26.96],[-70.62,-26.97],[-70.08,-26.99],[-69.59,-27.02],[-69.08,-27.03],[-68.77,-27.07],[-68.77,-27.07],[-68.83,-28.04],[-68.98,-28.94],[-69.13,-29.84],[-69.29,-30.74],[-69.45,-31.64],[-69.61,-32.54],[-69.77,-33.44],[-69.94,-34.34],[-69.94,-34.34],[-69.95,-34.34],[-69.95,-34.34],[-69.98,-34.49],[-70.05,-34.79],[-70.09,-35.01],[-70.14,-35.22],[-70.23,-35.74],[-70.38,-36.59],[-70.49,-37.16],[-70.73,-37.94],[-70.94,-38.56],[-71.04,-39.01],[-71.14,-39.65]]]}},{"type":"Feature","properties":{"ma":10,"type":"gpml:TopologicalNetwork","name":"Eurasia Mesh","pid":101,"deforming":true},"geometry":{"type":"Polygon","coordinates":[[[158.38,88.23],[155.24,88],[153.34,87.84],[151.71,87.76],[150.85,87.67],[150.11,87.58],[149.54,87.51],[148.62,87.39],[149.25,86.78],[149.68,86.17],[148,85.27],[146.85,84.36],[146.02,83.46],[145.39,82.55],[142.68,81.68],[140.48,80.79],[138.67,79.88],[137.15,78.97],[134.83,78.1],[132.83,77.2],[132.87,76.65],[132.91,76.11],[135.26,75.5],[137.42,74.86],[136.52,73.91],[134.77,73.15],[134.77,73.15],[131.78,73.22],[128.76,73.25],[128.76,73.25],[126.2,73.76],[123.6,74.21],[120.28,74.6],[118.39,74.55],[116.44,74.75],[114.45,74.93],[112.57,75.19],[110.63,75.44],[109.53,76.09],[108.32,76.74],[106.99,77.39],[105,77.96],[102.81,78.51],[100.41,79.05],[97.27,79.73],[93.69,80.38],[89.63,80.99],[85.01,81.54],[78.41,81.74],[71.57,81.83],[71.57,81.83],[72.72,82.31],[74.02,82.79],[74.02,82.79],[76.08,82.76],[79.09,82.68],[82.86,82.56],[86.46,82.41],[90.52,82.1],[94.94,81.55],[97.12,81.16],[99.12,80.76],[103.37,80.13],[106.1,79.84],[110.54,79.42],[114.63,78.95],[117.23,78.66],[119.7,78.34],[119.7,78.34],[119.78,78.26],[119.93,78.2],[119.93,78.2],[121.27,78.56],[123.01,79.15],[125.18,79.77],[127.63,80.37],[128.36,80.92],[129.18,81.47],[128.4,82.27],[127.43,83.08],[126.14,83.83],[124.49,84.58],[124.16,85.4],[127.15,85.98],[125.55,86.24],[122.48,86.58],[120.02,86.91],[117.52,87.04],[112.84,87.29],[106.96,87.48],[100.02,87.6],[99.9,87.6],[99.9,87.6],[113.84,88.13],[136.03,88.47],[164.12,88.5],[158.38,88.23]]]}},{"type":"Feature","properties":{"ma":10,"type":"gpml:TopologicalNetwork","name":"Baja_Deforming_Network","pid":104,"deforming":true},"geometry":{"type":"Polygon","coordinates":[[[-119.51,37.69],[-118.86,37.12],[-118.62,36.94],[-118.62,36.94],[-118.59,36.88],[-118.09,36.39],[-117.63,35.9],[-117.18,35.41],[-116.58,34.92],[-115.92,34.4],[-115.28,33.82],[-114.57,33.15],[-114.06,32.77],[-113.5,32.31],[-112.87,31.78],[-112.12,31.26],[-112.12,31.26],[-112.1,31.12],[-111.93,30.98],[-111.79,30.78],[-111.54,30.59],[-111.21,30.36],[-110.92,30.09],[-110.51,29.76],[-110.3,29.43],[-110.17,29.02],[-110.16,28.75],[-110,28.58],[-109.76,28.45],[-109.56,28.28],[-109.32,28.05],[-109.09,27.78],[-108.89,27.55],[-108.62,27.35],[-108.38,27.18],[-108.19,26.91],[-108.22,26.74],[-108.15,26.54],[-108.07,26.33],[-107.76,26.17],[-107.65,26],[-107.31,25.69],[-106.89,25.42],[-106.82,25.25],[-106.67,25.02],[-106.41,24.81],[-106.18,24.51],[-105.85,24.03],[-105.41,23.52],[-105.13,23.11],[-104.84,22.7],[-104.45,22.01],[-104.2,21.62],[-104.2,21.62],[-104.31,21.57],[-104.44,21.51],[-104.6,21.49],[-104.75,21.48],[-104.82,21.48],[-104.82,21.48],[-104.88,21.41],[-105.01,21.28],[-105.13,21.18],[-105.22,21.11],[-105.28,21.04],[-105.28,21.04],[-105.56,21.19],[-105.84,21.35],[-106.33,21.61],[-106.82,21.87],[-107.47,22.37],[-108.13,22.86],[-108.7,23.47],[-109.27,24.07],[-109.85,24.67],[-110.58,25.41],[-111.33,26.15],[-111.85,26.94],[-111.97,27.21],[-112.13,27.54],[-112.27,27.82],[-112.27,27.82],[-112.71,27.68],[-113.16,27.74],[-113.57,27.76],[-114.04,28.38],[-114.62,28.94],[-115.21,29.49],[-115.68,30.04],[-116.15,30.58],[-116.5,31.06],[-116.86,31.53],[-117.18,32.06],[-117.5,32.58],[-118.02,33.35],[-118.54,34.12],[-118.88,34.65],[-119.22,35.18],[-119.74,35.89],[-120.26,36.59],[-120.47,37.17],[-120.68,37.76],[-120.64,38.12],[-120.64,38.12],[-119.86,38.13],[-119.51,37.69]]]}},{"type":"Feature","properties":{"ma":10,"type":"gpml:TopologicalNetwork","name":"AFRICA_ARABIA_MESH_2","pid":701,"deforming":true},"geometry":{"type":"Polygon","coordinates":[[[32.34,-7.03],[31.99,-6.97],[31.98,-6.96],[31.98,-6.96],[31.8,-6.69],[31.73,-6.2],[32.14,-5.67],[32.61,-5.41],[32.79,-5.02],[32.95,-4.77],[33.04,-4.3],[33.11,-4.02],[33.4,-3.65],[33.67,-3.35],[33.63,-3.09],[33.65,-2.78],[33.61,-2.56],[33.58,-2.16],[33.4,-2.05],[33.5,-1.88],[33.33,-1.66],[33.17,-1.3],[33.15,-0.91],[33.27,-0.5],[33.38,-0.16],[33.48,0.14],[33.48,0.46],[33.52,0.79],[33.42,1.18],[33.59,1.33],[33.57,1.65],[33.49,1.87],[33.41,2.26],[33.34,2.3],[33.34,2.3],[33.29,2.42],[33.29,2.95],[33.33,3.65],[33.54,4.16],[33.75,4.66],[34.51,5.31],[34.95,5.55],[35.4,5.79],[35.71,6.26],[35.81,6.53],[35.99,6.72],[36.63,7.11],[37.16,7.62],[37.44,7.99],[37.35,8.76],[37.22,9.36],[37.13,10.13],[37.14,10.84],[37.14,11.35],[37.2,11.96],[37.22,12.41],[37.06,13.01],[36.9,13.49],[36.9,13.49],[36.62,13.92],[36.34,14.36],[36.1,15.17],[35.9,15.91],[35.68,16.37],[35.27,16.7],[34.81,16.79],[34.51,17.67],[34.5,18.27],[34.48,18.84],[34.39,19.31],[34.21,19.87],[34.12,20.09],[34.03,20.33],[33.66,20.36],[33.28,20.58],[32.93,21.17],[32.91,21.71],[32.89,22.25],[32.28,22.91],[32.07,23.33],[31.72,23.97],[31.43,24.44],[30.99,25.27],[30.6,26.03],[30.2,26.39],[30.09,26.77],[30.04,27.04],[30.04,27.04],[30.29,27.11],[31,27.29],[31.59,27.18],[32.01,26.92],[32.07,26.88],[32.07,26.88],[31.99,26.66],[32.28,26.07],[32.23,26.09],[32.5,25.64],[32.65,24.98],[33.24,24.52],[33.32,23.85],[33.87,23.48],[34.06,22.74],[34.39,22.1],[34.7,21.64],[35.36,21.41],[35.54,20.9],[35.92,20.03],[36.3,19.15],[36.34,18.81],[36.46,18.48],[36.6,18.22],[36.93,17.83],[37.28,17.46],[37.69,17.18],[37.95,16.84],[38.17,16.35],[38.27,15.83],[38.47,15.29],[38.28,14.7],[38.65,14.2],[39.04,13.53],[39.35,12.96],[39.43,12.38],[39.48,11.79],[39.57,11.37],[39.58,10.98],[39.54,10.6],[39.6,10.29],[39.68,10],[39.68,10],[39.65,9.85],[39.65,9.83],[39.65,9.83],[39.68,9.85],[39.81,9.86],[40.07,9.9],[40.2,9.92],[40.36,10.01],[40.47,10.16],[40.47,10.16],[40.56,10.18],[40.75,10.24],[40.75,10.24],[40.76,10.16],[40.79,9.84],[40.8,9.58],[40.8,9.39],[40.85,9.05],[40.89,8.75],[40.97,8.48],[40.97,8.48],[40.53,8.53],[40.08,8.46],[39.75,8.41],[39.4,8.37],[39.03,8.36],[38.62,8.25],[38.23,8.24],[37.97,8.1],[37.64,8.01],[37.34,7.73],[37.07,7.37],[36.78,7.13],[36.48,6.89],[36.23,6.76],[35.92,6.54],[35.91,6.23],[35.68,5.75],[35.33,5.59],[35.14,5.23],[34.96,4.91],[34.73,4.61],[34.57,4.4],[34.53,3.77],[34.44,3.61],[34.44,3.57],[34.44,3.57],[34.3,3.38],[34.29,2.91],[34.11,2.64],[33.99,2.36],[34.03,1.83],[34.08,1.55],[34.08,1.18],[34.08,0.85],[34,0.53],[33.96,0.31],[33.89,-0.16],[33.79,-0.57],[33.59,-0.98],[33.57,-1.25],[33.65,-1.5],[33.76,-1.71],[33.77,-1.82],[33.98,-2.23],[34.03,-2.72],[34.09,-3.24],[34.07,-3.68],[33.81,-4.01],[33.61,-4.24],[33.38,-4.91],[33.08,-5.68],[32.74,-5.95],[32.38,-6.27],[32.55,-6.7],[32.64,-7],[32.34,-7.03]]]}},{"type":"Feature","properties":{"ma":10,"type":"gpml:TopologicalNetwork","name":"EAR_Mesh","pid":709,"deforming":true},"geometry":{"type":"Polygon","coordinates":[[[28.75,-10.47],[28.29,-9.94],[27.91,-9.55],[27.46,-8.88],[27.08,-8.21],[27,-7.49],[26.88,-6.63],[26.87,-5.88],[26.78,-5.08],[26.63,-4.36],[26.52,-4.07],[26.55,-3.75],[26.61,-2.81],[26.94,-2.17],[27.18,-1.31],[27.43,-0.77],[28.07,-0.12],[28.45,0.16],[28.52,0.43],[28.63,0.51],[28.63,0.51],[28.82,0.31],[28.84,0.27],[28.84,0.27],[28.65,0.04],[28.18,-0.32],[27.93,-0.58],[27.57,-0.92],[27.39,-1.43],[27.19,-1.99],[26.89,-2.58],[26.8,-3.2],[26.68,-3.83],[26.81,-4.24],[26.99,-4.74],[27.11,-5.66],[27.03,-6.53],[27.06,-7.08],[27.26,-7.55],[27.25,-8],[27.55,-8.38],[27.71,-8.94],[28.19,-9.54],[28.61,-9.95],[28.77,-10.36],[28.86,-10.5],[28.86,-10.5],[28.81,-10.53],[28.75,-10.47]]]}},{"type":"Feature","properties":{"ma":10,"type":"gpml:TopologicalNetwork","name":"Zagros Deformation, Northern margin of Arabia","pid":503,"deforming":true},"geometry":{"type":"Polygon","coordinates":[[[39.57,34.59],[39.78,35.32],[40,36.05],[40,36.05],[40.75,35.4],[40.75,35.4],[40.95,34.93],[41.48,34.41],[42,33.89],[42.52,33.36],[43.27,32.75],[44.02,32.14],[44.75,31.52],[45.6,30.89],[46.43,30.25],[47.11,29.82],[47.77,29.38],[48.43,28.95],[49.15,28.23],[49.85,27.52],[50.54,26.8],[51.3,26.29],[52.04,25.78],[52.79,25.27],[53.41,24.97],[54.04,24.66],[54.04,24.66],[53.4,24.37],[52.77,24.07],[52.21,23.85],[51.52,23.66],[50.43,23.6],[49.68,23.88],[48.82,24.43],[48.26,24.99],[47.76,25.51],[47.59,25.92],[47.32,26.52],[47.04,27.09],[46.67,27.77],[46.58,28.43],[46.14,28.91],[45.43,29.19],[44.59,29.19],[43.54,29.49],[42.87,30.05],[42.47,30.57],[42.05,31.08],[41.92,31.63],[41.79,32.18],[41.4,32.6],[41,33.02],[40.38,33.62],[39.75,34.21],[39.53,34.4],[39.57,34.59]]]}},{"type":"Feature","properties":{"ma":10,"type":"gpml:TopologicalNetwork","name":"Zagros-Himalaya","pid":301,"deforming":true},"geometry":{"type":"Polygon","coordinates":[[[40.21,36.74],[40.42,37.44],[40.64,38.13],[41.3,38.83],[41.97,39.53],[43.07,39.36],[44.16,39.18],[45.24,39],[46.32,38.8],[47.55,38.83],[48.78,38.85],[50,38.86],[51.23,38.85],[52.2,38.79],[53.17,38.72],[53.93,38.1],[54.67,37.49],[55.27,37.3],[55.86,37.1],[56.57,36.36],[57.26,35.61],[57.49,34.92],[57.71,34.22],[57.92,33.53],[58.07,33.02],[58.22,32.51],[58.83,32.36],[59.44,32.21],[60.02,32.47],[60.59,32.73],[61.13,33.15],[61.67,33.57],[61.92,34.21],[62.17,34.84],[62.42,35.48],[62.55,36.15],[62.69,36.82],[62.84,37.49],[62.95,38.16],[63.06,38.82],[63.18,39.48],[63.82,39.96],[64.48,40.44],[65.29,41.23],[66.13,42],[66.99,42.77],[68.17,43.15],[69.37,43.52],[70.58,43.87],[71.65,44.1],[72.73,44.31],[73.82,44.52],[74.91,44.71],[76.01,44.9],[77.3,45],[78.6,45.09],[79.9,45.17],[81.2,45.23],[82.5,45.27],[83.65,45.24],[84.79,45.2],[85.93,45.14],[87.07,45.08],[88.21,45],[89.39,44.95],[90.58,44.88],[91.76,44.8],[92.93,44.71],[94.11,44.61],[95.17,44.43],[96.22,44.24],[97.26,44.04],[98.3,43.83],[99.5,43.54],[100.69,43.24],[101.87,42.93],[103.03,42.6],[103.08,42.55],[103.08,42.55],[102.99,42.44],[102.36,41.66],[101.81,40.92],[101.38,40.27],[101.05,39.44],[101.11,38.59],[101.32,37.97],[101.53,37.36],[101.96,36.56],[102.18,36.01],[102.39,35.46],[102.31,34.93],[102.23,34.4],[101.98,33.85],[101.72,33.3],[101.2,32.72],[100.77,32.24],[100.15,31.63],[99.63,31.09],[99.36,30.21],[99.37,29.46],[99.38,28.71],[99.38,28.71],[98.82,28.21],[97.88,27.79],[96.96,27.37],[96.92,27.31],[96.92,27.31],[96.42,27.94],[95.82,28.55],[95.22,29.16],[94.62,29.77],[93.51,30],[93.51,30],[93.48,29.57],[93.39,28.72],[93.3,27.86],[93.3,27.86],[93.09,27.93],[92.8,28.03],[92.47,28.15],[92.18,28.25],[91.98,28.32],[91.67,28.62],[91.14,28.56],[90.88,28.53],[90.62,28.36],[90.44,28.22],[90.11,28.06],[89.62,27.94],[89.01,27.96],[88.68,27.98],[88.27,28],[87.84,28.06],[87.7,28.09],[87.37,28.15],[87.08,28.08],[86.59,28.06],[86.28,28.05],[85.82,27.92],[85.53,27.83],[85.29,27.84],[84.89,27.81],[84.48,27.71],[84.1,27.72],[83.77,27.75],[83.36,27.78],[83.2,27.83],[82.86,27.73],[82.48,27.71],[82.18,27.78],[81.66,27.99],[81.09,28.31],[80.5,28.57],[79.92,28.83],[79.7,28.93],[79.36,28.95],[79.03,28.97],[78.69,29.03],[78.4,29.09],[77.97,29.18],[77.78,29.2],[77.48,29.4],[77.14,29.67],[76.92,29.72],[76.65,29.76],[76.43,29.84],[76.03,30.5],[75.7,30.8],[75.42,31.1],[75.07,31.24],[74.86,31.33],[74.48,31.59],[74.11,31.83],[73.77,32.15],[73.67,32.19],[73.15,32.41],[72.79,32.56],[72.58,32.61],[72.39,32.58],[72.18,32.59],[71.78,32.63],[71.49,32.72],[71.35,32.9],[71.12,33.14],[71.05,33.34],[70.95,33.57],[70.86,33.67],[70.74,33.62],[70.39,33.34],[70.14,33.13],[69.77,32.98],[69.67,33.01],[69.53,33.11],[69.46,33.27],[69.29,33.36],[69.18,33.29],[68.92,33.08],[68.48,32.77],[67.76,32.54],[67.76,32.54],[67.4,31.94],[67.04,31.34],[66.62,30.61],[66.21,29.88],[65.8,29.15],[65.54,28.63],[65.27,28.12],[64.75,27.33],[64.24,26.53],[63.73,25.74],[63.23,24.94],[63.05,24.71],[63.05,24.71],[62.71,24.69],[62.06,24.64],[61.41,24.58],[60.39,24.48],[59.84,24.61],[59.3,24.75],[58.67,24.89],[58.05,25.04],[57.15,25.4],[56.24,25.75],[55.47,26],[54.69,26.24],[53.88,26.6],[53.05,26.96],[52.22,27.31],[51.44,27.79],[50.66,28.27],[49.86,28.74],[49.11,29.43],[48.36,30.11],[47.59,30.79],[46.89,31.2],[46.18,31.6],[45.47,32],[44.58,32.6],[43.68,33.19],[42.89,33.78],[42.09,34.35],[41.28,34.92],[40.65,35.49],[40,36.05],[40.21,36.74]]]}},{"type":"Feature","properties":{"ma":10,"type":"gpml:TopologicalClosedPlateBoundary","name":"Antarctica","pid":802,"deforming":false},"geometry":{"type":"Polygon","coordinates":[[[180,-69.06],[180,-70.06],[180,-71.05],[180,-72.05],[180,-73.05],[180,-74.05],[180,-75.04],[180,-76.04],[180,-77.04],[180,-78.03],[180,-79.03],[180,-80.03],[180,-81.03],[180,-82.02],[180,-83.02],[180,-84.02],[180,-85.01],[180,-86.01],[180,-87.01],[180,-88.01],[180,-89],[180,-90],[-180,-90],[-180,-89],[-180,-88.01],[-180,-87.01],[-180,-86.01],[-180,-85.01],[-180,-84.02],[-180,-83.02],[-180,-82.02],[-180,-81.03],[-180,-80.03],[-180,-79.03],[-180,-78.03],[-180,-77.04],[-180,-76.04],[-180,-75.04],[-180,-74.05],[-180,-73.05],[-180,-72.05],[-180,-71.05],[-180,-70.06],[-180,-69.06],[-180,-68.06],[-178.55,-67.57],[-177.15,-67.06],[-177.2,-67.01],[-177.2,-67.01],[-175.73,-66.2],[-174.08,-66.67],[-172.5,-65.91],[-171.01,-65.13],[-169.32,-65.6],[-167.99,-64.91],[-166.72,-64.21],[-165.51,-63.5],[-163.96,-63.92],[-162.37,-64.33],[-161.51,-63.81],[-160.69,-63.27],[-159.63,-63.59],[-158.55,-63.9],[-158.12,-63.58],[-156.59,-63.96],[-155.01,-64.32],[-153.4,-64.67],[-152.38,-63.96],[-151.42,-63.24],[-150.51,-62.52],[-149.63,-61.79],[-150.57,-61.57],[-149.65,-60.69],[-148.64,-60.94],[-147.81,-60.18],[-147.03,-59.42],[-146.28,-58.65],[-145.61,-58.81],[-144.9,-58.18],[-144.22,-57.55],[-143.57,-56.91],[-142.2,-57.27],[-140.81,-57.61],[-139.4,-57.93],[-137.96,-58.24],[-136.49,-58.53],[-135.89,-57.79],[-135.32,-57.05],[-134.76,-56.3],[-134.23,-55.55],[-133.72,-54.8],[-132.23,-55.18],[-130.7,-55.53],[-129.15,-55.86],[-127.57,-56.17],[-125.97,-56.47],[-124.34,-56.74],[-122.7,-56.99],[-122.38,-56.5],[-120.9,-56.76],[-119.4,-57.01],[-117.88,-57.24],[-117.42,-56.38],[-116.98,-55.53],[-116.37,-55.61],[-115.92,-54.74],[-115.49,-53.86],[-116.05,-53.8],[-115.64,-52.98],[-115.25,-52.17],[-114.87,-51.35],[-114.5,-50.53],[-113.34,-50.69],[-112.17,-50.84],[-111,-50.98],[-110.56,-50.03],[-110.13,-49.08],[-109.73,-48.13],[-109.33,-47.18],[-108.95,-46.23],[-108.59,-45.28],[-108.24,-44.32],[-107.89,-43.37],[-107.56,-42.41],[-107.24,-41.45],[-106.93,-40.49],[-107.67,-40.42],[-108.42,-40.35],[-108.21,-39.36],[-108,-38.38],[-107.8,-37.39],[-107.61,-36.4],[-107.59,-36.34],[-107.59,-36.34],[-106.41,-36.53],[-105.21,-36.7],[-104.02,-36.86],[-102.81,-37.01],[-101.61,-37.15],[-101.58,-37.63],[-100.88,-37.65],[-100.18,-37.66],[-100.18,-38.28],[-100.19,-38.9],[-99.32,-38.92],[-99.33,-39.51],[-98.43,-39.57],[-98.4,-40.24],[-98.37,-40.9],[-99.42,-40.93],[-99.36,-41.75],[-98.56,-41.75],[-97.76,-41.74],[-97.67,-42.22],[-96.69,-42.18],[-95.7,-42.14],[-94.72,-42.09],[-94.72,-42.36],[-93.66,-42.31],[-92.6,-42.24],[-92.56,-42.49],[-91.87,-42.45],[-91.18,-42.41],[-91.09,-43.22],[-91,-44.02],[-89.8,-43.91],[-89.7,-44.69],[-89.59,-45.46],[-89.49,-46.23],[-88.3,-46.1],[-87.12,-45.96],[-85.95,-45.8],[-85.81,-46.47],[-85.67,-47.13],[-84.33,-46.99],[-83,-46.84],[-82.87,-47.21],[-82.33,-47.14],[-82.12,-47.8],[-81.69,-47.73],[-81.61,-47.96],[-80.54,-47.88],[-79.46,-47.79],[-79.32,-48.68],[-79.18,-49.57],[-79.03,-50.46],[-78.55,-51.28],[-78.05,-52.11],[-77.53,-52.81],[-77,-53.52],[-76.47,-53.78],[-76.47,-53.78],[-76.43,-54.04],[-76.37,-54.41],[-76.25,-54.78],[-76.21,-54.84],[-75.91,-55.21],[-75.57,-55.44],[-74.97,-55.83],[-74.51,-56.08],[-74.33,-56.19],[-74.05,-56.33],[-73.74,-56.48],[-73.44,-56.62],[-73.11,-56.78],[-72.77,-56.94],[-72.53,-57.05],[-72.24,-57.18],[-72.07,-57.26],[-71.89,-57.36],[-71.45,-57.53],[-70.99,-57.65],[-70.6,-57.76],[-70.6,-57.76],[-71.16,-58.06],[-71.87,-58.53],[-70.8,-59.04],[-71.76,-59.57],[-72.76,-60.1],[-71.79,-60.72],[-70.79,-61.35],[-69.75,-61.96],[-68.66,-62.56],[-69.83,-63.02],[-68.91,-63.56],[-69.93,-63.98],[-69.36,-64.34],[-69.36,-64.34],[-69.01,-64.24],[-67.66,-64],[-66.34,-63.75],[-65.24,-63.43],[-64.02,-63.07],[-63.61,-62.97],[-63.61,-62.97],[-62.38,-63.37],[-61.17,-63.69],[-59.94,-64],[-58.65,-64.32],[-58.07,-64.47],[-57.15,-64.68],[-55.87,-64.97],[-55.02,-65.15],[-54.4,-65.22],[-52.16,-65.48],[-52.16,-65.48],[-51.52,-65.25],[-51.12,-65.12],[-51.65,-64.82],[-51.82,-64.72],[-52.19,-64.51],[-52.93,-64.06],[-53.16,-63.92],[-53.73,-63.57],[-54.05,-63.36],[-54.75,-62.89],[-54.75,-62.89],[-54.28,-62.51],[-53.35,-62.25],[-52.85,-62.05],[-52.5,-61.95],[-52.12,-61.83],[-50.98,-61.82],[-50.98,-61.82],[-51.06,-61.97],[-51.11,-62.03],[-51.15,-62.23],[-50.04,-62.79],[-49.82,-62.9],[-49.56,-63.02],[-49.06,-63.26],[-48.75,-63.4],[-47.84,-63.81],[-47.49,-63.96],[-47.3,-64.04],[-47.14,-64.11],[-46.54,-64.36],[-45.52,-64.18],[-44.04,-63.79],[-43.44,-63.55],[-42.92,-63.43],[-42.92,-63.43],[-42.73,-63.43],[-41.07,-62.98],[-39.06,-62.59],[-38.06,-62.22],[-37.08,-61.83],[-35.82,-61.31],[-34.86,-61.38],[-34.6,-61.39],[-34.6,-61.39],[-34.59,-61.42],[-33.67,-61.55],[-33.3,-61.51],[-33.3,-61.51],[-32.94,-61.51],[-32.94,-61.66],[-33.06,-62.59],[-31.26,-62.65],[-30.92,-62.14],[-30.59,-61.63],[-28.7,-61.72],[-26.8,-61.78],[-24.9,-61.81],[-22.99,-61.82],[-21.09,-61.8],[-19.18,-61.75],[-19.09,-61],[-17.94,-60.98],[-17.95,-60.43],[-17.05,-60.45],[-17.01,-60.17],[-15.68,-60.14],[-15.66,-59.34],[-14.48,-59.35],[-13.29,-59.35],[-13.3,-59.05],[-11.86,-58.96],[-10.43,-58.85],[-8.75,-58.75],[-7.08,-58.63],[-7.04,-58.01],[-5.67,-57.96],[-5.66,-57.27],[-4.02,-57.18],[-4.03,-56.5],[-2.58,-56.37],[-1.87,-56.28],[-1.14,-55.87],[-1.14,-55.87],[-0.98,-56],[-0.98,-56],[-0.59,-55.68],[0.2,-55.96],[0.78,-55.58],[1.34,-55.19],[2.16,-55.51],[2.99,-55.81],[3.51,-55.45],[4.26,-55.68],[5.07,-55.04],[6.35,-55.48],[7.1,-54.92],[7.83,-54.36],[8.53,-53.8],[9.83,-54.28],[10.43,-53.73],[11,-53.18],[12.25,-53.65],[12.71,-53.19],[13.72,-53.54],[14.18,-52.94],[15.28,-53.28],[16.4,-53.61],[17.54,-53.93],[18.94,-54.12],[20.35,-54.3],[21.77,-54.45],[22.84,-54.57],[23.93,-54.69],[24.38,-54],[25.22,-54.14],[26.07,-54.27],[26.39,-53.75],[27.32,-53.91],[27.63,-53.1],[28.54,-53.31],[28.96,-52.46],[29.37,-51.61],[29.75,-50.76],[30.13,-49.9],[30.49,-49.04],[30.84,-48.19],[31.87,-48.25],[32.19,-47.62],[32.51,-46.98],[33.48,-47.13],[33.69,-46.58],[33.89,-46.02],[35.04,-46.07],[35.16,-45.72],[36.46,-45.4],[37.76,-45.07],[38.17,-44.26],[38.77,-44.37],[38.87,-44.61],[39.56,-44.74],[40.24,-44.87],[40.53,-44.07],[41.05,-44.02],[41.19,-43.33],[41.33,-42.64],[41.47,-41.96],[42.54,-41.67],[43.61,-41.37],[44.67,-41.07],[44.82,-40.35],[44.98,-39.63],[45.96,-39.54],[45.95,-39.41],[46.01,-38.97],[47.2,-38.67],[48.38,-38.36],[49.62,-38.21],[50.84,-38.06],[50.93,-37.46],[51.02,-36.86],[52.18,-36.81],[52.25,-36.2],[52.68,-35.82],[53.1,-35.44],[53.15,-35.45],[54.03,-35.35],[54.05,-34.89],[54.27,-34.83],[54.24,-34.55],[54.89,-34.39],[55.54,-34.23],[55.63,-33.4],[55.72,-32.57],[56.12,-32.56],[56.11,-32.47],[56.53,-32.47],[56.53,-32.42],[56.88,-32.39],[56.93,-31.84],[57.55,-31.7],[57.55,-31.68],[57.58,-31.2],[58.22,-31.12],[58.21,-31.22],[59.07,-31.14],[59.19,-30.5],[59.3,-29.86],[60.15,-29.38],[60.99,-28.9],[61.54,-28.7],[62.09,-28.5],[63.19,-28.37],[63.74,-28.24],[64.3,-28.11],[65.36,-27.8],[65.51,-27.46],[65.81,-27.36],[65.81,-27.14],[66.18,-27.11],[66.56,-26.96],[66.56,-26.96],[67.45,-27.5],[67.51,-27.46],[68.09,-27.97],[68.68,-28.47],[69.28,-28.96],[69.57,-28.88],[70.26,-29.57],[70.97,-30.25],[70.62,-30.54],[71.14,-30.93],[71.66,-31.32],[71.3,-31.8],[72.08,-32.43],[72.87,-33.06],[72.5,-33.49],[73.4,-34.14],[74.32,-34.78],[73.77,-35.31],[73.22,-35.84],[73.95,-36.32],[74.68,-36.8],[74.53,-37.03],[75.02,-37.39],[75.52,-37.75],[75.05,-38.16],[74.57,-38.57],[75.27,-39.24],[74.53,-39.92],[73.78,-40.61],[73,-41.29],[73.79,-41.82],[74.58,-42.35],[75.39,-42.87],[76.21,-43.39],[77.05,-42.75],[77.94,-43.29],[78.86,-43.82],[79.78,-44.35],[80.58,-43.55],[81.36,-42.74],[82.24,-43.2],[83.13,-43.65],[84.03,-44.09],[84.58,-43.5],[85.68,-43.98],[86.79,-44.46],[87.92,-44.92],[89.07,-45.38],[90.09,-45.81],[91.13,-46.24],[92.19,-46.65],[93.26,-47.06],[92.71,-47.82],[92.14,-48.57],[93.36,-49.03],[94.61,-49.47],[95.88,-49.9],[96.42,-49.29],[97.69,-49.64],[98.97,-49.98],[100.27,-50.3],[101.05,-50.51],[101.83,-50.7],[103.19,-51.03],[103.39,-50.77],[104.67,-51.03],[105.96,-51.28],[107.27,-51.52],[108.59,-51.74],[109.92,-51.94],[111.27,-52.13],[111.57,-51.57],[112.59,-51.71],[113.61,-51.84],[113.83,-51.15],[114.59,-51.33],[115.35,-51.5],[116.61,-51.56],[117.87,-51.61],[118.08,-51.64],[118.25,-50.98],[119.05,-51.14],[118.96,-51.53],[120.11,-51.57],[121.26,-51.59],[121.47,-50.98],[122.34,-51.21],[123.23,-51.43],[123.8,-51.43],[123.83,-50.95],[124.99,-51.02],[124.97,-51.66],[124.94,-52.3],[126.33,-52.37],[127.71,-52.42],[128.93,-52.44],[130.15,-52.44],[131.37,-52.43],[132.71,-52.42],[134.05,-52.39],[135.38,-52.36],[136.6,-52.36],[137.81,-52.34],[137.94,-53.02],[138.08,-53.7],[138.22,-54.38],[139.27,-54.3],[139.57,-55.03],[139.88,-55.76],[141.04,-55.68],[142.18,-55.58],[142.42,-56.15],[142.67,-56.71],[144.1,-56.54],[145.52,-56.36],[145.88,-57.11],[146.26,-57.85],[146.65,-58.6],[147.05,-59.35],[148.14,-59.16],[148.65,-59.97],[149.19,-60.77],[149.76,-61.57],[150.36,-62.37],[151,-63.17],[152.42,-62.94],[153.81,-62.69],[154.83,-63.55],[155.91,-64.4],[156.14,-64.55],[157.89,-64.31],[159.26,-63.98],[160.61,-63.64],[160.61,-63.64],[161.72,-64.46],[162.9,-65.27],[164.15,-66.08],[165.49,-66.87],[166.91,-67.65],[167.7,-68.08],[168.51,-68.5],[169.72,-68.99],[170.99,-69.47],[172.67,-70.11],[172.67,-70.11],[174.63,-69.63],[176.51,-69.13],[178.29,-68.6],[180,-68.06],[180,-69.06]]]}},{"type":"Feature","properties":{"ma":10,"type":"gpml:TopologicalClosedPlateBoundary","name":"Australia AUS_010_005","pid":801,"deforming":false},"geometry":{"type":"MultiPolygon","coordinates":[[[[180,-22.38],[180,-23.29],[180,-24.2],[180,-25.11],[180,-26.02],[180,-26.93],[180,-27.84],[180,-28.75],[180,-29.67],[180,-30.58],[179.94,-31.51],[179.88,-32.44],[179.82,-33.37],[179.4,-34.28],[178.96,-35.19],[178.52,-36.1],[178.07,-37],[177.61,-37.9],[177.13,-38.8],[177.13,-38.8],[176.84,-38.87],[176.18,-39.05],[175.91,-39.04],[175.91,-39.04],[175.59,-38.72],[175.25,-38.29],[174.59,-37.82],[173.8,-37.56],[172.94,-37.34],[171.75,-37.11],[170.95,-37.08],[170.95,-37.08],[170.93,-37.1],[170.93,-37.42],[170.92,-37.65],[171.13,-38],[171.41,-38.47],[171.75,-39.02],[171.99,-39.42],[172.24,-39.83],[172.59,-40.37],[173.27,-40.88],[172.7,-41.55],[171.92,-42.15],[171.51,-42.58],[171.1,-43],[171.07,-43.56],[171.05,-44.12],[170.4,-44.97],[169.72,-45.38],[168.93,-46.07],[168.43,-46.53],[167.91,-46.99],[167.55,-47.96],[167.55,-47.96],[167.97,-48.14],[168.36,-48.36],[168.36,-48.36],[168.39,-48.34],[168.48,-48.28],[168.52,-48.26],[168.58,-48.23],[168.71,-48.15],[168.81,-48.09],[168.88,-48.05],[168.95,-48.01],[169.06,-47.94],[169.23,-47.83],[169.37,-47.74],[169.43,-47.7],[169.43,-47.7],[169.43,-47.7],[169.46,-48],[169.46,-48.11],[169.48,-48.45],[169.48,-48.45],[168.94,-49.14],[168.94,-49.41],[168.94,-49.42],[168.94,-49.42],[168.91,-49.47],[168.81,-49.7],[168.69,-49.91],[168.58,-50.11],[168.44,-50.34],[168.28,-50.62],[168.13,-50.81],[167.94,-51.01],[167.74,-51.13],[167.62,-51.22],[167.53,-51.31],[167.4,-51.4],[167.26,-51.54],[167.09,-51.71],[166.92,-51.9],[166.74,-52.11],[166.45,-52.48],[166.27,-52.75],[166.03,-53.1],[165.78,-53.41],[165.54,-53.56],[165.15,-53.84],[164.9,-54.05],[164.6,-54.27],[164.18,-54.55],[163.85,-54.85],[163.36,-55.35],[163.24,-55.57],[163.12,-55.9],[163.04,-56.21],[162.92,-56.49],[162.79,-56.75],[162.71,-56.93],[162.58,-57.1],[162.31,-57.34],[162.08,-57.4],[161.83,-57.49],[161.78,-57.51],[161.59,-57.6],[161.47,-57.62],[161.3,-57.63],[161.18,-57.65],[161.13,-57.7],[161.13,-57.77],[161.1,-57.88],[161.08,-58.06],[160.99,-58.27],[160.88,-58.52],[160.7,-58.72],[160.56,-58.83],[160.54,-58.88],[160.56,-59.07],[160.52,-59.33],[160.57,-59.66],[160.66,-59.99],[161,-60.45],[161.38,-60.81],[162,-61.18],[162.62,-61.42],[162.86,-61.77],[163.03,-61.96],[163.28,-62.6],[163.55,-63.24],[163.34,-63.87],[163.21,-64.75],[162.82,-65.22],[162.82,-65.22],[161.68,-64.43],[160.61,-63.64],[160.61,-63.64],[159.26,-63.98],[157.89,-64.31],[156.14,-64.55],[155.91,-64.4],[154.83,-63.55],[153.81,-62.69],[152.42,-62.94],[151,-63.17],[150.36,-62.37],[149.76,-61.57],[149.19,-60.77],[148.65,-59.97],[148.14,-59.16],[147.05,-59.35],[146.65,-58.6],[146.26,-57.85],[145.88,-57.11],[145.52,-56.36],[144.1,-56.54],[142.67,-56.71],[142.42,-56.15],[142.18,-55.58],[141.04,-55.68],[139.88,-55.76],[139.57,-55.03],[139.27,-54.3],[138.22,-54.38],[138.08,-53.7],[137.94,-53.02],[137.81,-52.34],[136.6,-52.36],[135.38,-52.36],[134.05,-52.39],[132.71,-52.42],[131.37,-52.43],[130.15,-52.44],[128.93,-52.44],[127.71,-52.42],[126.33,-52.37],[124.94,-52.3],[124.97,-51.66],[124.99,-51.02],[123.83,-50.95],[123.8,-51.43],[123.23,-51.43],[122.34,-51.21],[121.47,-50.98],[121.26,-51.59],[120.11,-51.57],[118.96,-51.53],[119.05,-51.14],[118.25,-50.98],[118.08,-51.64],[117.87,-51.61],[116.61,-51.56],[115.35,-51.5],[114.59,-51.33],[113.83,-51.15],[113.61,-51.84],[112.59,-51.71],[111.57,-51.57],[111.27,-52.13],[109.92,-51.94],[108.59,-51.74],[107.27,-51.52],[105.96,-51.28],[104.67,-51.03],[103.39,-50.77],[103.19,-51.03],[101.83,-50.7],[101.05,-50.51],[100.27,-50.3],[98.97,-49.98],[97.69,-49.64],[96.42,-49.29],[95.88,-49.9],[94.61,-49.47],[93.36,-49.03],[92.14,-48.57],[92.71,-47.82],[93.26,-47.06],[92.19,-46.65],[91.13,-46.24],[90.09,-45.81],[89.07,-45.38],[87.92,-44.92],[86.79,-44.46],[85.68,-43.98],[84.58,-43.5],[84.03,-44.09],[83.13,-43.65],[82.24,-43.2],[81.36,-42.74],[80.58,-43.55],[79.78,-44.35],[78.86,-43.82],[77.94,-43.29],[77.05,-42.75],[76.21,-43.39],[75.39,-42.87],[74.58,-42.35],[73.79,-41.82],[73,-41.29],[73.78,-40.61],[74.53,-39.92],[75.27,-39.24],[74.76,-38.75],[75.42,-38.2],[76.06,-37.63],[76.69,-37.07],[77.16,-36.53],[77.62,-36],[78.4,-35.32],[79.17,-34.63],[79.92,-33.94],[80.48,-33.33],[81.02,-32.71],[81.64,-31.91],[82.25,-31.1],[82.86,-30.29],[83.52,-29.66],[84.18,-29.04],[84.83,-28.41],[85.48,-27.78],[86.11,-27.14],[86.72,-26.58],[87.32,-26.01],[87.91,-25.44],[88.48,-24.77],[89.05,-24.1],[89.61,-23.43],[90.16,-22.76],[90.71,-22.09],[91.29,-21.44],[91.86,-20.79],[92.43,-20.14],[92.94,-19.38],[93.43,-18.61],[93.93,-17.85],[94.51,-17.11],[95.09,-16.38],[95.73,-15.94],[96.36,-15.49],[97.16,-15.06],[97.95,-14.61],[98.71,-14.19],[99.46,-13.76],[100.05,-13.35],[100.64,-12.93],[101.23,-12.52],[101.65,-12.22],[102.07,-11.92],[102.79,-11.4],[103.36,-10.99],[103.93,-10.59],[104.5,-10.19],[105.07,-9.78],[105.64,-9.38],[106.08,-9.06],[106.52,-8.74],[106.93,-8.44],[106.93,-8.44],[107.06,-8.46],[107.68,-8.49],[108.01,-8.51],[108.28,-8.52],[108.51,-8.53],[108.83,-8.55],[109.24,-8.57],[109.75,-8.6],[110.05,-8.59],[110.49,-8.59],[110.9,-8.59],[111.05,-8.59],[112.01,-8.58],[112.22,-8.57],[112.22,-8.57],[112.9,-8.7],[113.87,-8.71],[114.84,-8.72],[115.81,-8.73],[116.79,-8.74],[117.59,-8.81],[118.4,-8.87],[119.21,-8.93],[119.21,-8.93],[119.59,-8.73],[119.54,-7.88],[119.49,-7.04],[119.35,-6.44],[119.22,-5.84],[119.07,-5.06],[119.07,-5.06],[119.89,-5.32],[120.72,-5.57],[121.54,-5.82],[122.44,-5.85],[123.34,-5.88],[124.24,-5.91],[124.79,-6.01],[124.79,-6.01],[125.6,-5.8],[126.41,-5.6],[127.22,-5.39],[127.72,-5.23],[128.22,-5.07],[128.22,-5.07],[129.19,-5.32],[129.19,-5.32],[128.79,-5.35],[128.24,-5.47],[127.7,-5.59],[127.88,-6.06],[128.05,-6.54],[128.49,-7.23],[128.92,-7.92],[129.36,-8.62],[129.88,-9.02],[130.41,-9.42],[131.15,-9.98],[131.15,-9.98],[131.83,-10.03],[132.51,-10],[133.19,-9.97],[133.9,-9.96],[134.62,-9.95],[135.33,-9.93],[136.04,-10.13],[136.75,-10.32],[137.46,-10.51],[138.33,-10.92],[139.21,-11.32],[140.09,-11.78],[140.97,-12.23],[141.76,-12.46],[142.56,-12.68],[143.36,-12.9],[144.03,-13.53],[144.72,-14.17],[145.25,-14.56],[145.8,-14.96],[145.8,-14.96],[145.86,-14.93],[146.2,-15.04],[146.56,-15.15],[146.86,-15.24],[147.52,-15.44],[148.11,-15.58],[148.7,-15.71],[149,-15.62],[149,-15.62],[149.15,-15.7],[149.67,-15.7],[150.19,-15.69],[150.71,-15.77],[151.19,-15.55],[151.28,-15.29],[151.14,-15.16],[150.38,-15.31],[150.24,-14.69],[149.73,-14.3],[149.03,-14.04],[148.66,-13.84],[148.66,-13.84],[148.49,-13.67],[148.24,-13.51],[148.21,-13.17],[147.85,-12.86],[147.85,-12.86],[148.65,-12.83],[149.46,-12.8],[150.26,-12.77],[151.11,-12.86],[151.96,-12.95],[152.81,-13.04],[153.63,-13.19],[154.44,-13.33],[155.24,-13.76],[156.05,-14.18],[156.68,-14.52],[156.68,-14.52],[157.11,-14.47],[157.95,-14.32],[158.79,-14.17],[159.65,-13.79],[160.52,-13.4],[161.22,-13.12],[161.91,-13.05],[162.6,-12.98],[163.3,-12.91],[163.98,-12.8],[164.66,-12.69],[165.62,-12.7],[166.42,-12.53],[166.42,-12.53],[166.52,-12.61],[166.87,-12.92],[167.09,-13.01],[167.72,-13.21],[167.97,-13.24],[168.51,-13.17],[169.06,-13.1],[169.5,-13.04],[170.08,-12.98],[170.2,-12.95],[170.31,-12.98],[170.87,-12.8],[171.42,-12.63],[172.02,-12.32],[172.02,-12.32],[172.73,-12.87],[173.43,-13.42],[173.94,-13.91],[174.45,-14.39],[174.98,-15.14],[175.54,-15.63],[176.11,-16.12],[176.69,-16.5],[177.28,-16.88],[177.88,-17.26],[177.88,-17.26],[178.18,-16.7],[178.18,-16.7],[178.29,-16.72],[178.29,-16.72],[178.44,-17.41],[178.75,-18.22],[179.06,-19.03],[179.37,-19.84],[179.68,-20.65],[180,-21.47],[180,-22.38]]],[[[-180,-29.67],[-180,-28.75],[-180,-27.84],[-180,-26.93],[-180,-26.02],[-180,-25.11],[-180,-24.2],[-180,-23.29],[-180,-22.38],[-180,-21.47],[-179.73,-22.16],[-179.72,-22.95],[-179.71,-23.75],[-179.7,-24.55],[-179.69,-25.34],[-179.74,-26.22],[-179.79,-27.09],[-179.84,-27.96],[-179.89,-28.83],[-179.95,-29.7],[-180,-30.58],[-180,-29.67]]]]}},{"type":"Feature","properties":{"ma":10,"type":"gpml:TopologicalClosedPlateBoundary","name":"Bauer Microplate","pid":972,"deforming":false},"geometry":{"type":"Polygon","coordinates":[[[-105.3,-4.35],[-105.41,-4.97],[-104.64,-5.33],[-103.86,-5.69],[-103.08,-6.05],[-103.08,-6.05],[-103.08,-6.12],[-103.1,-6.84],[-103.13,-7.54],[-103.17,-8.23],[-103.2,-8.92],[-102.4,-9.23],[-101.6,-9.53],[-101.51,-10.41],[-101.01,-10.53],[-100.5,-10.66],[-100.71,-11.37],[-100.92,-12.09],[-101.13,-12.81],[-101.62,-13.48],[-102.11,-14.14],[-102.52,-13.86],[-103.01,-14.56],[-103.01,-14.56],[-103.91,-14.59],[-104.81,-14.61],[-105.71,-14.63],[-106.61,-14.65],[-107.51,-14.66],[-108.38,-14.89],[-109.25,-15.12],[-110.13,-15.35],[-111.01,-15.57],[-111.89,-15.79],[-112.78,-16],[-112.84,-16.29],[-112.84,-16.29],[-112.89,-16.29],[-113.17,-15.49],[-113.45,-14.69],[-112.59,-14.47],[-111.74,-14.24],[-110.88,-14.01],[-110.92,-13.16],[-110.96,-12.31],[-111,-11.47],[-111.04,-10.62],[-110.49,-10.6],[-109.95,-10.57],[-109.98,-9.7],[-110.01,-8.83],[-110.03,-7.96],[-110.06,-7.09],[-110.09,-6.22],[-110.12,-5.35],[-109.15,-5.16],[-108.19,-4.96],[-107.23,-4.76],[-106.26,-4.56],[-105.3,-4.35]]]}},{"type":"Feature","properties":{"ma":10,"type":"gpml:TopologicalClosedPlateBoundary","name":"Caribbean","pid":224,"deforming":false},"geometry":{"type":"Polygon","coordinates":[[[-81.59,18.24],[-81.36,18.27],[-80.54,18.36],[-79.73,18.45],[-78.92,18.53],[-78.03,18.61],[-77.14,18.69],[-76.25,18.77],[-75.34,18.84],[-74.42,18.9],[-73.5,18.96],[-72.64,18.97],[-71.77,18.97],[-70.91,18.97],[-70.05,18.97],[-69.11,18.95],[-68.16,18.94],[-67.22,18.92],[-66.17,18.84],[-65.13,18.77],[-64.09,18.68],[-63.31,18.62],[-62.54,18.55],[-61.77,18.49],[-61.77,18.49],[-61.12,17.85],[-60.47,17.21],[-59.83,16.57],[-59.44,15.66],[-59.04,14.74],[-58.7,14.27],[-58.36,13.8],[-58.2,12.87],[-58.03,11.94],[-58.23,11.02],[-58.42,10.1],[-58.57,9.63],[-58.57,9.63],[-59.52,9.72],[-60.47,9.8],[-61.43,9.87],[-62.38,9.95],[-63.34,10.02],[-64.29,10.09],[-65.25,10.16],[-66.21,10.22],[-67.16,10.28],[-68.17,10.34],[-69.18,10.4],[-70.18,10.54],[-71.19,10.69],[-72.19,10.82],[-72.89,10.92],[-73.59,11.01],[-74.3,11.11],[-74.3,11.11],[-74.71,10.68],[-75.12,10.25],[-75.65,9.55],[-76.18,8.85],[-76.57,8.32],[-76.97,7.8],[-76.98,7.79],[-76.98,7.79],[-76.98,7.78],[-77.26,7.43],[-77.31,7.36],[-77.31,7.36],[-77.38,7.44],[-77.48,8.03],[-77.59,8.62],[-77.84,8.73],[-78.21,9.35],[-78.21,9.35],[-78.88,8.96],[-79.53,8.69],[-79.99,8.02],[-80.48,7.29],[-80.48,7.29],[-79.97,6.8],[-79.28,6.2],[-79.21,6.14],[-79.21,6.14],[-79.21,6.14],[-79.21,6.14],[-79.21,6.14],[-79.21,6.14],[-79.32,6.08],[-80.07,5.84],[-80.7,5.67],[-81.39,5.53],[-82.09,5.39],[-82.14,5.39],[-82.14,5.39],[-82.39,5.55],[-82.83,5.84],[-83.57,6.44],[-84.32,7.04],[-85.06,7.64],[-85.81,8.23],[-86.42,8.75],[-87.04,9.27],[-87.65,9.78],[-88.28,10.48],[-88.92,11.16],[-89.64,11.61],[-90.37,12.05],[-91.1,12.49],[-91.84,13],[-92.59,13.5],[-93.34,14.01],[-94.09,14.51],[-94.55,14.83],[-95,15.16],[-95,15.16],[-93.98,15.22],[-92.95,15.27],[-91.93,15.33],[-90.9,15.37],[-89.87,15.42],[-89.06,15.51],[-88.25,15.59],[-87.44,15.81],[-86.64,16.03],[-85.72,16.37],[-84.8,16.7],[-83.91,16.93],[-83.03,17.16],[-82.22,17.25],[-81.41,17.34],[-81.41,17.34],[-81.58,18.19],[-81.59,18.24]]]}},{"type":"Feature","properties":{"ma":10,"type":"gpml:TopologicalClosedPlateBoundary","name":"Eurasia","pid":301,"deforming":false},"geometry":{"type":"Polygon","coordinates":[[[41.92,39.47],[40.7,39.67],[39.47,39.85],[38.61,39.99],[37.75,40.12],[36.76,40.57],[35.75,41.01],[34.59,41.5],[33.93,41.59],[33.26,41.68],[32.51,41.78],[31.75,41.87],[31.03,41.95],[30.31,42.02],[28.99,42.15],[28.99,42.15],[28.97,42.14],[27.76,42.15],[26.55,42.15],[25.33,42.14],[24.37,42.19],[23.54,42.25],[22.72,42.32],[21.62,42.36],[20.78,42.49],[20.19,42.71],[19.72,42.94],[19.44,43.16],[19.54,43.58],[19.94,43.9],[19.94,43.9],[20.93,43.83],[22.02,44.02],[23.01,44.54],[23.01,45.25],[22.92,45.74],[22.3,46.39],[21.66,47.03],[21.13,47.44],[20.6,47.84],[19.82,48.2],[19.03,48.55],[18.05,48.54],[17.07,48.52],[15.72,48.38],[14.91,48.15],[14.53,47.95],[13.84,47.56],[13.6,47.35],[13.01,47.11],[12.17,46.95],[11.24,46.87],[10.1,46.8],[9.71,46.68],[8.52,46.58],[7.51,46.39],[7.09,46.18],[5.89,45.74],[5.73,45.64],[5.57,45.6],[5.38,45.51],[5.2,45.38],[4.91,45.31],[4.33,45.01],[3.99,44.71],[3.98,44.57],[3.89,44.46],[3.48,44],[3.07,43.53],[3.1,43.33],[3.22,42.91],[3.26,42.72],[3.37,42.6],[3.62,42.54],[3.62,42.54],[3.22,42.5],[2.5,42.42],[1.59,42.34],[0.69,42.24],[-0.1,42.21],[-0.89,42.17],[-2.07,42.27],[-3.26,42.37],[-3.92,42.21],[-4.57,42.05],[-4.57,42.05],[-4.29,41.9],[-3.67,41.69],[-3.06,41.49],[-2.1,41.43],[-1.15,41.36],[-0.15,41.3],[0.85,41.23],[1.02,41.22],[1.02,41.22],[1.98,41.25],[2.66,41.42],[3.34,41.59],[3.92,41.98],[4.5,42.36],[4.5,42.36],[4.57,42.39],[5.15,42.77],[5.27,43.52],[5.27,43.52],[5.73,43.33],[5.73,43.33],[6.35,42.81],[6.87,42.23],[7.05,41.89],[7.25,41.32],[7.44,40.74],[7.58,40.26],[7.76,39.67],[7.86,39.11],[7.97,38.49],[8.07,37.92],[7.34,37.17],[6.63,36.42],[5.7,36.89],[4.75,37.36],[3.8,37.83],[3.12,37.72],[2.45,37.6],[1.42,37.46],[0.36,37.33],[-0.76,37.24],[-1.74,37.4],[-1.74,37.4],[-2.54,37.03],[-3.33,36.65],[-4.35,36.33],[-5.35,36],[-6.27,35.63],[-7.18,35.26],[-6.78,34.53],[-6.78,34.53],[-7.93,34.41],[-9.07,34.28],[-10.2,34.14],[-11.34,33.99],[-12.21,34.23],[-13.08,34.46],[-13.97,34.68],[-14.85,34.9],[-14.85,34.9],[-15.67,34.8],[-16.49,34.7],[-17.3,34.6],[-18.36,34.55],[-19.42,34.49],[-20.48,34.42],[-21.61,34.39],[-22.73,34.35],[-23.85,34.3],[-24.85,34.26],[-25.84,34.22],[-26.83,34.17],[-27.92,34.15],[-29.02,34.12],[-30.12,34.08],[-31.28,34.04],[-32.44,33.99],[-33.6,33.93],[-34.76,33.86],[-34.81,33.86],[-34.81,33.86],[-34.71,34.1],[-34.37,34.04],[-34.09,34.67],[-33.92,34.92],[-33.68,34.87],[-33.53,35.15],[-33.44,35.14],[-33.32,35.55],[-33.16,35.53],[-33.01,35.93],[-31.84,35.67],[-31.71,36],[-31.39,35.97],[-30.98,36.71],[-30.84,36.71],[-30.66,37.06],[-30.31,37.73],[-30.13,37.7],[-30.04,38.38],[-29.95,39.06],[-29.75,39.04],[-29.71,39.24],[-29.6,39.56],[-29.78,39.62],[-29.77,39.78],[-29.71,39.93],[-29.59,40.2],[-29.54,40.42],[-29.5,40.67],[-29.52,40.9],[-29.56,41.07],[-29.51,41.42],[-29.5,41.7],[-29.26,42.44],[-28.98,42.4],[-28.9,42.56],[-28.79,42.89],[-28.79,42.89],[-28.68,42.88],[-28.38,43.39],[-28.08,43.9],[-27.75,44.68],[-27.62,45.24],[-27.59,45.71],[-27.78,46.44],[-27.83,46.53],[-27.89,46.61],[-27.97,46.72],[-27.96,46.92],[-28.15,46.96],[-28.13,47.13],[-28.16,47.27],[-28.27,47.44],[-28.4,47.6],[-28.52,47.73],[-28.6,47.84],[-28.76,48.51],[-30.11,48.72],[-30.16,49.56],[-30.44,49.65],[-30.38,50.56],[-30.36,50.72],[-30.36,50.72],[-30.44,50.72],[-31.29,50.73],[-32.13,50.74],[-33.63,50.9],[-35.14,51.05],[-35.66,51.08],[-35.66,51.08],[-35.51,51.89],[-35.35,52.71],[-35.19,53.52],[-34.87,54.36],[-34.54,55.19],[-33.71,55.14],[-33.69,55.14],[-33.69,55.14],[-33.69,55.16],[-33.55,55.37],[-33.39,55.34],[-32.98,56.07],[-32.68,56.03],[-31.69,56.76],[-31.25,57.01],[-30.67,57.47],[-30.09,57.92],[-28.97,58.69],[-28.2,59.26],[-27.4,59.81],[-26.58,60.37],[-25.76,60.9],[-24.91,61.43],[-24.03,61.95],[-22.95,62.48],[-21.84,63.01],[-21.09,63.33],[-20.19,63.57],[-19.53,63.74],[-19.08,63.88],[-18.19,64.12],[-17.18,64.45],[-17.18,64.45],[-17.22,64.54],[-17.47,65.13],[-17.42,65.47],[-17.47,65.8],[-17.36,66.17],[-17.22,66.45],[-17.12,66.7],[-16.88,66.98],[-16.56,67.29],[-16.15,67.54],[-15.71,67.83],[-15.35,68.1],[-14.93,68.33],[-14.61,68.56],[-14.31,68.84],[-13.99,69.16],[-13.75,69.42],[-13.43,69.76],[-13.17,70.07],[-12.8,70.31],[-12.48,70.35],[-9.76,70.06],[-7.12,69.72],[-7.12,69.72],[-6.52,69.76],[-5.47,69.91],[-4.54,70.06],[-3.88,70.18],[-3.26,70.33],[-2.47,70.43],[-1.75,70.5],[-0.81,70.73],[0.11,70.88],[0.94,71.04],[1.81,71.19],[2.59,71.31],[3.39,71.48],[4.19,71.68],[4.79,71.82],[5.56,72.01],[5.72,72.19],[6.21,72.43],[5.36,72.68],[5.5,72.82],[5.32,73.01],[4.42,73.16],[4.71,73.38],[3.66,73.6],[3.85,73.75],[4.59,74.04],[3.76,74.24],[4.12,74.42],[3.93,74.61],[3.93,74.83],[4.15,75.03],[4.45,75.16],[4.16,75.34],[4.22,75.76],[3.14,75.98],[3.67,76.64],[2.74,76.85],[1.67,77.06],[-0.07,77.38],[0.26,77.53],[0.04,77.56],[0.41,77.8],[-1.73,78.39],[-3.57,78.64],[-3.61,78.74],[-3.55,78.86],[-3.21,79.07],[-3.38,79.28],[-4.57,79.69],[-5.66,79.93],[-6.72,80.22],[-7.1,80.31],[-7.36,80.45],[-7.76,80.64],[-8.12,80.84],[-8.55,81.01],[-8.55,81.01],[-8.83,81.15],[-7.34,81.75],[-5.23,82.17],[-2.76,82.57],[-0.95,82.85],[0.45,83.11],[2.27,83.41],[4.72,83.71],[7.85,84.07],[10.43,84.31],[12.76,84.42],[15.94,84.58],[17.95,84.67],[19.93,84.85],[22.63,85.21],[25.91,85.47],[28.77,85.72],[32.07,85.91],[33.45,86.03],[35.18,86.17],[37.32,86.12],[40.36,86],[43.56,85.97],[47.59,85.79],[51.89,85.65],[56.27,85.56],[61.81,85.48],[65.68,85.49],[74.03,85.45],[77.32,85.35],[80.72,85.35],[84.79,85.22],[87.63,85.07],[94.06,84.77],[101.07,84.34],[102.77,84.06],[105.26,83.69],[106.49,83.38],[107.8,82.98],[108.64,82.64],[110.08,82.4],[112.63,81.76],[112.82,81.42],[114.58,81.06],[115.85,80.83],[116.87,80.6],[117.84,80.26],[118.68,79.67],[118.94,79.3],[119.24,78.85],[119.7,78.34],[119.7,78.34],[117.23,78.66],[114.63,78.95],[110.54,79.42],[106.1,79.84],[103.37,80.13],[99.12,80.76],[97.12,81.16],[94.94,81.55],[90.52,82.1],[86.46,82.41],[82.86,82.56],[79.09,82.68],[76.08,82.76],[74.02,82.79],[74.02,82.79],[72.72,82.31],[71.57,81.83],[71.57,81.83],[78.41,81.74],[85.01,81.54],[89.63,80.99],[93.69,80.38],[97.27,79.73],[100.41,79.05],[102.81,78.51],[105,77.96],[106.99,77.39],[108.32,76.74],[109.53,76.09],[110.63,75.44],[112.57,75.19],[114.45,74.93],[116.44,74.75],[118.39,74.55],[120.28,74.6],[123.6,74.21],[126.2,73.76],[128.76,73.25],[128.76,73.25],[127.6,73.25],[125.64,72.57],[123.83,71.87],[122.15,71.15],[122.05,70.3],[121.95,69.45],[122.27,68.72],[122.57,67.98],[123.72,67.48],[124.81,66.96],[126.32,66.46],[127.77,65.94],[129.32,65.37],[130.81,64.77],[132.65,64.67],[134.65,64.17],[136.58,63.65],[137.3,62.93],[137.98,62.21],[139.55,61.64],[141.06,61.05],[142.53,60.37],[142.53,60.37],[141.3,59.96],[140.09,59.54],[140.09,59.54],[140.54,58.59],[140.96,57.64],[141.56,57.19],[142.14,56.74],[142.14,56.74],[142.32,55.75],[142.48,54.77],[142.64,53.78],[142.79,52.8],[142.78,51.94],[142.77,51.08],[142.76,50.23],[142.75,49.37],[142.64,48.51],[142.53,47.66],[142.43,46.8],[142.33,45.94],[142.24,45.08],[142.21,44.22],[142.18,43.36],[142.16,42.5],[142.16,42.45],[142.16,42.45],[142.3,42.56],[142.3,42.56],[142.25,42.36],[142.13,41.67],[142.03,41.16],[141.93,40.66],[141.76,40.17],[141.59,39.68],[141.32,38.81],[140.91,37.98],[140.47,37.45],[140.05,36.93],[139.26,36.38],[138.45,35.93],[137.74,35.61],[137.2,35.33],[136.77,35.15],[136.33,34.95],[135.98,34.76],[135.58,34.55],[134.86,34.18],[133.96,33.67],[133.12,33.17],[132.4,32.75],[131.58,32.29],[130.69,31.71],[130,31.26],[129.32,30.81],[128.39,30.24],[127.47,29.66],[126.98,29.15],[126.49,28.64],[125.76,27.91],[125.31,27.53],[124.86,27.15],[124.5,26.88],[124.5,26.88],[124.44,26.78],[124.01,26.39],[123.58,26],[122.69,25.55],[121.81,25.1],[121.06,24.89],[120.31,24.67],[119.56,24.46],[118.7,24.29],[118.7,24.29],[118.55,23.55],[118.4,22.81],[118.25,22.06],[118.23,21.35],[118.22,20.63],[118.21,19.92],[117.78,19.21],[117.36,18.49],[117.38,17.77],[117.41,17.04],[117.44,16.31],[117.63,15.72],[117.82,15.12],[118.13,14.89],[118.13,14.89],[118.08,14.83],[118.08,14.83],[118,14.87],[117.5,15],[117.27,14.95],[117.27,14.95],[117.29,14.91],[117.7,14.14],[117.66,13.98],[117.66,13.98],[117.12,13.93],[116.81,13.91],[116.3,13.82],[116.23,13.81],[116.21,13.77],[116.15,13.72],[116.09,13.63],[115.97,13.51],[115.97,13.51],[115.34,13.46],[114.87,13.77],[114.2,13.99],[114.07,13.62],[113.78,13.26],[113.22,13.14],[112.45,13.15],[111.89,12.93],[111.43,12.51],[111.07,12.2],[110.51,11.87],[109.67,11.45],[109.31,11.76],[109.24,12.52],[109.17,13.29],[109.17,13.29],[109.57,13.45],[110.37,13.79],[111.05,14.38],[111.02,14.74],[111.56,15.43],[111.58,15.68],[111.69,15.77],[112.18,16.08],[112.78,16.84],[112.94,17.27],[113.27,17.96],[113.51,18.17],[113.62,18.4],[113.61,18.47],[112.97,18.39],[112.7,18.4],[112.47,18.21],[112.07,17.86],[111.76,17.85],[111.55,18.04],[111.48,18.37],[111.76,18.93],[112.05,19.49],[112.55,19.69],[112.71,19.71],[113.24,19.54],[113.77,19.36],[114.26,19.38],[114.59,19.45],[114.76,19.52],[114.91,19.65],[115.05,19.82],[115.84,20.21],[116.51,20.29],[117.17,20.37],[117.6,20.88],[117.36,21.58],[117.12,22.27],[116.88,22.96],[116.55,23.85],[116.22,24.73],[115.88,25.61],[115.53,26.5],[115.53,26.5],[115.03,26.02],[114.52,25.55],[113.98,25.24],[113.43,24.94],[112.79,24.63],[112.15,24.33],[111.48,24.23],[110.8,24.14],[110.22,23.83],[109.65,23.53],[109.05,23.34],[108.35,23.08],[107.6,22.88],[106.58,23.14],[106.06,23.24],[105.2,22.91],[104.68,22.56],[104.15,22.17],[103.52,21.75],[103.44,21.72],[103.44,21.72],[103,22.13],[102.55,22.54],[101.96,22.95],[101.37,23.36],[100.77,23.77],[99.95,24.31],[99.13,24.84],[98.52,25.44],[97.91,26.05],[97.42,26.68],[96.92,27.31],[96.92,27.31],[96.96,27.37],[97.88,27.79],[98.82,28.21],[99.38,28.71],[99.38,28.71],[99.37,29.46],[99.36,30.21],[99.63,31.09],[100.15,31.63],[100.77,32.24],[101.2,32.72],[101.72,33.3],[101.98,33.85],[102.23,34.4],[102.31,34.93],[102.39,35.46],[102.18,36.01],[101.96,36.56],[101.53,37.36],[101.32,37.97],[101.11,38.59],[101.05,39.44],[101.38,40.27],[101.81,40.92],[102.36,41.66],[102.99,42.44],[103.08,42.55],[103.08,42.55],[103.03,42.6],[101.87,42.93],[100.69,43.24],[99.5,43.54],[98.3,43.83],[97.26,44.04],[96.22,44.24],[95.17,44.43],[94.11,44.61],[92.93,44.71],[91.76,44.8],[90.58,44.88],[89.39,44.95],[88.21,45],[87.07,45.08],[85.93,45.14],[84.79,45.2],[83.65,45.24],[82.5,45.27],[81.2,45.23],[79.9,45.17],[78.6,45.09],[77.3,45],[76.01,44.9],[74.91,44.71],[73.82,44.52],[72.73,44.31],[71.65,44.1],[70.58,43.87],[69.37,43.52],[68.17,43.15],[66.99,42.77],[66.13,42],[65.29,41.23],[64.48,40.44],[63.82,39.96],[63.18,39.48],[63.06,38.82],[62.95,38.16],[62.84,37.49],[62.69,36.82],[62.55,36.15],[62.42,35.48],[62.17,34.84],[61.92,34.21],[61.67,33.57],[61.13,33.15],[60.59,32.73],[60.02,32.47],[59.44,32.21],[58.83,32.36],[58.22,32.51],[58.07,33.02],[57.92,33.53],[57.71,34.22],[57.49,34.92],[57.26,35.61],[56.57,36.36],[55.86,37.1],[55.27,37.3],[54.67,37.49],[53.93,38.1],[53.17,38.72],[52.2,38.79],[51.23,38.85],[50,38.86],[48.78,38.85],[47.55,38.83],[46.32,38.8],[45.24,39],[44.16,39.18],[43.07,39.36],[41.97,39.53],[41.92,39.47]]]}},{"type":"Feature","properties":{"ma":10,"type":"gpml:TopologicalClosedPlateBoundary","name":"IBM IBM_010_005","pid":659,"deforming":false},"geometry":{"type":"Polygon","coordinates":[[[141.32,38.8],[141.49,38.32],[141.66,37.83],[141.75,36.95],[141.83,36.08],[142.01,35.31],[142.19,34.54],[142.34,33.65],[142.49,32.76],[142.7,31.95],[142.9,31.14],[142.96,30.64],[143.01,30.14],[143.07,29.64],[143.12,29.15],[143.26,28.49],[143.4,27.83],[143.53,27.17],[143.73,26.69],[143.92,26.2],[144.12,25.71],[144.32,25.23],[144.56,24.75],[144.8,24.27],[144.85,23.77],[144.9,23.27],[144.86,22.76],[144.81,22.26],[144.86,21.76],[144.91,21.26],[144.94,20.62],[144.94,20.62],[145.25,20.3],[145.67,19.75],[146.08,19.19],[146.49,18.64],[146.91,18.09],[147.42,17.52],[147.93,16.96],[148.25,16.42],[148.57,15.88],[148.66,15.36],[148.74,14.85],[148.67,14.25],[148.59,13.66],[148.52,13.01],[148.44,12.37],[148.32,11.42],[148.21,10.48],[147.77,9.68],[147.33,8.87],[146.68,8.41],[146.03,7.95],[145.38,7.49],[144.71,7.29],[144.05,7.08],[144.05,7.08],[143.44,6.45],[142.83,5.81],[142.22,5.18],[141.62,4.54],[141.13,4.4],[140.65,4.27],[140.65,4.27],[140.19,3.92],[139.81,3.8],[139.81,3.8],[139.89,4.06],[140.1,4.93],[140.31,5.79],[140.51,6.66],[140.78,7.48],[141.04,8.31],[141.3,9.14],[141.28,9.96],[141.25,10.79],[141.23,11.61],[141.2,12.44],[141.18,13.27],[141.39,13.29],[141.35,14.16],[141.31,15.03],[141.46,15.04],[141.43,15.71],[141.41,16.39],[141.39,17.06],[141.59,17.1],[141.52,18.01],[141.45,18.93],[141.37,19.44],[141.28,19.96],[141.15,20.55],[141.01,21.15],[141.14,21.17],[141.14,21.17],[140.75,21.99],[140.35,22.81],[139.98,23.58],[139.61,24.35],[139.27,25.09],[138.94,25.84],[138.6,26.58],[138.36,27.13],[138.12,27.68],[138.03,27.68],[137.73,28.29],[137.42,28.9],[137.06,29.72],[136.7,30.54],[136.33,31.36],[136.01,32.09],[135.69,32.82],[135.36,33.54],[135.03,34.27],[135.03,34.27],[135.58,34.55],[135.98,34.76],[136.33,34.95],[136.77,35.15],[137.2,35.33],[137.74,35.61],[138.45,35.93],[139.26,36.38],[140.05,36.93],[140.47,37.45],[140.91,37.98],[141.32,38.8]]]}},{"type":"Feature","properties":{"ma":10,"type":"gpml:TopologicalClosedPlateBoundary","name":"Nazca","pid":911,"deforming":false},"geometry":{"type":"Polygon","coordinates":[[[-107.55,-36.14],[-108.75,-36.01],[-109.93,-35.87],[-111.12,-35.71],[-112.3,-35.54],[-113.47,-35.36],[-114.64,-35.17],[-114.57,-34.21],[-114.51,-33.24],[-114.45,-32.28],[-114.39,-31.31],[-114.33,-30.35],[-114.27,-29.39],[-114.21,-28.42],[-114.15,-27.46],[-114.79,-27.34],[-115.43,-27.22],[-115.19,-26.28],[-114.96,-25.35],[-114.73,-24.42],[-114.5,-23.48],[-114.27,-22.55],[-114.05,-21.62],[-113.83,-20.68],[-113.62,-19.75],[-113.4,-18.81],[-113.19,-17.88],[-112.98,-16.94],[-112.78,-16],[-111.89,-15.79],[-111.01,-15.57],[-110.13,-15.35],[-109.25,-15.12],[-108.38,-14.89],[-107.51,-14.66],[-106.61,-14.65],[-105.71,-14.63],[-104.81,-14.61],[-103.91,-14.59],[-103.01,-14.56],[-103.01,-14.56],[-102.52,-13.86],[-102.11,-14.14],[-101.62,-13.48],[-101.13,-12.81],[-100.92,-12.09],[-100.71,-11.37],[-100.5,-10.66],[-101.01,-10.53],[-101.51,-10.41],[-101.6,-9.53],[-102.4,-9.23],[-103.2,-8.92],[-103.17,-8.23],[-103.13,-7.54],[-103.1,-6.84],[-103.08,-6.12],[-103.08,-6.05],[-103.08,-6.05],[-103.86,-5.69],[-104.64,-5.33],[-105.41,-4.97],[-105.25,-4.05],[-105.09,-3.12],[-104.93,-2.2],[-104.77,-1.27],[-104.61,-0.35],[-103.76,-0.02],[-102.9,0.3],[-102.9,0.3],[-102.88,0.56],[-102.88,0.56],[-102.83,0.56],[-102.12,0.47],[-101.42,0.38],[-100.71,0.28],[-100.02,0.25],[-99.21,0.2],[-99.04,-0.36],[-98.2,-0.45],[-97.37,-0.53],[-96.54,-0.62],[-96.36,-1.43],[-95.54,-1.56],[-94.73,-1.69],[-93.91,-1.82],[-93.09,-1.95],[-92.27,-2.08],[-92,-1.12],[-91.15,-1.3],[-90.3,-1.47],[-90.02,-0.69],[-90.02,-0.69],[-89.19,-0.81],[-88.9,0.04],[-88.35,-0.12],[-87.81,-0.29],[-87.41,0.61],[-87.17,1.15],[-86.95,1.62],[-86.8,2.13],[-86.65,2.64],[-86.64,2.72],[-86.64,2.72],[-86.48,2.95],[-85.89,2.83],[-85.3,2.71],[-85.21,2.97],[-84.66,2.83],[-84.1,2.7],[-83.53,2.55],[-83.53,2.55],[-83.33,3.26],[-83.14,3.98],[-82.94,4.69],[-82.81,5.21],[-82.67,5.74],[-82.67,5.74],[-82.39,5.55],[-82.14,5.39],[-82.14,5.39],[-82.09,5.39],[-81.39,5.53],[-80.7,5.67],[-80.07,5.84],[-79.32,6.08],[-79.21,6.14],[-79.21,6.14],[-78.81,5.77],[-78.11,5.18],[-77.66,4.32],[-77.67,3.78],[-77.67,3.25],[-77.67,3.25],[-77.72,3.21],[-77.75,2.98],[-77.92,2.82],[-78.14,2.51],[-78.37,2.3],[-78.64,1.98],[-78.92,1.6],[-79.17,1.26],[-79.32,1.05],[-79.53,0.72],[-79.75,0.37],[-79.93,-0.04],[-80.08,-0.35],[-80.22,-0.71],[-80.41,-1.15],[-80.53,-1.43],[-80.63,-1.78],[-80.75,-2.17],[-80.77,-2.42],[-80.81,-2.63],[-80.87,-3],[-80.92,-3.28],[-80.94,-3.54],[-80.98,-3.82],[-81.03,-4.22],[-81.03,-4.22],[-81.13,-4.78],[-81.23,-5.34],[-81.21,-6.14],[-81.19,-6.94],[-81.17,-7.73],[-81.15,-8.53],[-80.82,-9.31],[-80.49,-10.1],[-80.16,-10.88],[-79.69,-11.63],[-79.22,-12.38],[-78.74,-13.13],[-78.27,-13.88],[-77.79,-14.63],[-77.3,-15.38],[-76.71,-16.02],[-76.11,-16.66],[-75.51,-17.3],[-74.95,-17.8],[-74.39,-18.3],[-73.82,-18.8],[-73.14,-19.41],[-72.48,-20.15],[-72.12,-20.68],[-71.81,-21.06],[-71.61,-21.49],[-71.47,-22.25],[-71.46,-23.13],[-71.46,-24],[-71.52,-24.97],[-71.59,-25.94],[-71.65,-26.91],[-71.72,-27.88],[-71.88,-28.71],[-72.05,-29.54],[-72.22,-30.37],[-72.4,-31.19],[-72.6,-32.11],[-72.81,-33.02],[-73.03,-33.94],[-73.25,-34.85],[-73.47,-35.77],[-73.7,-36.68],[-73.94,-37.59],[-74.12,-38.34],[-74.31,-39.09],[-74.5,-39.84],[-74.5,-39.84],[-74.58,-40.07],[-74.76,-40.36],[-74.83,-40.73],[-74.88,-41.02],[-74.98,-41.49],[-75.06,-41.78],[-75.2,-42.3],[-75.3,-42.68],[-75.39,-43.09],[-75.48,-43.51],[-75.62,-44.17],[-75.68,-44.44],[-75.75,-44.8],[-75.82,-45.13],[-75.88,-45.44],[-75.94,-45.8],[-75.97,-46.11],[-76,-46.37],[-76,-46.45],[-75.99,-46.68],[-75.98,-46.96],[-75.92,-47.4],[-76.04,-47.73],[-76.22,-48.08],[-76.48,-48.49],[-76.75,-48.96],[-76.91,-49.26],[-77.05,-49.52],[-77.17,-49.74],[-77.32,-50.1],[-77.39,-50.54],[-77.34,-50.9],[-77.27,-51.22],[-77.23,-51.48],[-77.13,-51.77],[-77.01,-52.11],[-76.84,-52.47],[-76.63,-52.86],[-76.54,-53.17],[-76.53,-53.34],[-76.48,-53.67],[-76.47,-53.78],[-76.47,-53.78],[-77,-53.52],[-77.53,-52.81],[-78.05,-52.11],[-78.55,-51.28],[-79.03,-50.46],[-79.18,-49.57],[-79.32,-48.68],[-79.46,-47.79],[-80.54,-47.88],[-81.61,-47.96],[-81.69,-47.73],[-82.12,-47.8],[-82.33,-47.14],[-82.87,-47.21],[-83,-46.84],[-84.33,-46.99],[-85.67,-47.13],[-85.81,-46.47],[-85.95,-45.8],[-87.12,-45.96],[-88.3,-46.1],[-89.49,-46.23],[-89.59,-45.46],[-89.7,-44.69],[-89.8,-43.91],[-91,-44.02],[-91.09,-43.22],[-91.18,-42.41],[-91.87,-42.45],[-92.56,-42.49],[-92.6,-42.24],[-93.66,-42.31],[-94.72,-42.36],[-94.72,-42.09],[-95.7,-42.14],[-96.69,-42.18],[-97.67,-42.22],[-97.76,-41.74],[-98.56,-41.75],[-99.36,-41.75],[-99.42,-40.93],[-98.37,-40.9],[-98.4,-40.24],[-98.43,-39.57],[-99.33,-39.51],[-99.32,-38.92],[-100.19,-38.9],[-100.18,-38.28],[-100.18,-37.66],[-100.88,-37.65],[-101.58,-37.63],[-101.61,-37.15],[-102.81,-37.01],[-104.02,-36.86],[-105.21,-36.7],[-106.41,-36.53],[-107.59,-36.34],[-107.59,-36.34],[-107.55,-36.14]]]}},{"type":"Feature","properties":{"ma":10,"type":"gpml:TopologicalClosedPlateBoundary","name":"Solomon","pid":849,"deforming":false},"geometry":{"type":"Polygon","coordinates":[[[150.71,-10.11],[151.13,-9.35],[151.55,-8.58],[151.96,-7.82],[152.37,-7.05],[152.43,-6.29],[152.48,-5.53],[152.54,-4.77],[152.59,-4.01],[152.59,-4.01],[152.89,-4.07],[153.83,-4.19],[154.45,-4.51],[154.86,-4.99],[155.45,-5.42],[156.03,-5.85],[156.62,-6.27],[157.32,-6.58],[158.01,-6.88],[158.71,-7.18],[159.41,-7.48],[159.75,-7.79],[160.31,-8.22],[160.87,-8.66],[161.35,-9.06],[161.83,-9.47],[162.09,-9.8],[162.49,-10.2],[163.11,-10.5],[163.58,-10.77],[164.25,-11.18],[164.53,-11.25],[164.78,-11.37],[164.88,-11.44],[164.97,-11.55],[165.23,-11.74],[165.79,-12.11],[166.24,-12.39],[166.42,-12.53],[166.42,-12.53],[165.62,-12.7],[164.66,-12.69],[163.98,-12.8],[163.3,-12.91],[162.6,-12.98],[161.91,-13.05],[161.22,-13.12],[160.52,-13.4],[159.65,-13.79],[158.79,-14.17],[157.95,-14.32],[157.11,-14.47],[156.68,-14.52],[156.68,-14.52],[156.05,-14.18],[155.24,-13.76],[154.44,-13.33],[153.63,-13.19],[152.81,-13.04],[151.96,-12.95],[151.11,-12.86],[150.26,-12.77],[149.46,-12.8],[148.65,-12.83],[147.85,-12.86],[147.85,-12.86],[147.79,-12.81],[147.24,-12.67],[146.7,-12.53],[145.97,-12.54],[145.37,-12.15],[145.15,-11.43],[144.67,-11.25],[144.39,-10.42],[144.2,-10.26],[144.2,-10.26],[144.99,-10.2],[145.78,-10.14],[145.78,-10.14],[146.72,-10.3],[147.36,-10.38],[148,-10.45],[148.72,-10.46],[149.44,-10.47],[150.05,-10.3],[150.66,-10.13],[150.71,-10.11]]]}},{"type":"Feature","properties":{"ma":10,"type":"gpml:TopologicalClosedPlateBoundary","name":"Somalia Plate from PB03 GS","pid":709,"deforming":false},"geometry":{"type":"Polygon","coordinates":[[[40.82,9.28],[41.56,9.5],[42.31,9.73],[43.05,9.95],[43.8,10.17],[44.51,10.41],[45.22,10.65],[45.93,10.88],[46.74,11.17],[47.56,11.45],[48.32,11.92],[49.2,11.74],[50.08,11.56],[50.16,11.69],[50.49,11.57],[50.72,11.95],[51.04,11.8],[51.38,12.25],[52.22,12.01],[53.07,11.76],[52.84,11.24],[53.43,10.98],[54.02,10.72],[53.59,9.98],[54.12,9.64],[54.66,9.3],[54.69,9.28],[54.69,9.28],[54.35,8.6],[54.01,7.91],[53.67,7.23],[53.67,7.23],[54.2,6.87],[54.3,7.06],[54.97,6.6],[55.65,6.15],[56.32,5.7],[56.23,5.47],[56.46,5.3],[56.32,5.12],[56.89,4.62],[56.86,4.57],[57.51,4.05],[58.16,3.54],[58.81,3.02],[58.75,2.91],[59.29,2.52],[59.23,2.4],[59.9,1.99],[60.56,1.59],[61.23,1.23],[61.89,0.87],[62.09,1.13],[62.91,0.61],[63.73,0.09],[63.37,-0.47],[63.78,-0.76],[63.57,-1.06],[63.94,-1.3],[63.51,-1.85],[63.86,-2.12],[63.53,-2.58],[63.85,-2.82],[64.32,-3.17],[64.12,-3.47],[64.73,-3.94],[64.57,-4.18],[65.11,-4.67],[64.72,-5.14],[65.4,-5.71],[64.81,-6.48],[65.17,-6.88],[64.72,-7.45],[65.04,-7.89],[64.73,-8.18],[65.18,-8.66],[65.19,-8.67],[65.19,-8.67],[65.17,-8.69],[64.82,-9.07],[64.46,-9.46],[64.78,-9.86],[65.09,-10.26],[64.48,-10.78],[63.87,-11.3],[63.46,-11.65],[63.04,-12.01],[63.12,-12.13],[63.01,-12.22],[63.38,-12.72],[62.9,-13.05],[63.05,-13.27],[63.15,-13.43],[62.56,-13.82],[62.98,-14.44],[63.4,-15.05],[62.84,-15.41],[62.93,-15.58],[62.63,-15.75],[63.1,-16.43],[63.57,-17.1],[64.04,-17.77],[63.56,-18.05],[63.09,-18.33],[63.39,-18.84],[62.8,-19.21],[62.2,-19.57],[61.61,-19.93],[62.18,-20.67],[62.75,-21.4],[63.33,-22.14],[63.83,-21.9],[64.27,-22.33],[64.52,-22.22],[64.99,-22.84],[65.46,-23.45],[65.93,-24.07],[65.53,-24.38],[65.95,-25.23],[65.82,-25.28],[66.06,-25.85],[66.3,-26.42],[66.2,-26.46],[66.29,-26.71],[66.43,-27.01],[66.43,-27.01],[66.18,-27.11],[65.81,-27.14],[65.81,-27.36],[65.51,-27.46],[65.36,-27.8],[64.3,-28.11],[63.74,-28.24],[63.19,-28.37],[62.09,-28.5],[61.54,-28.7],[60.99,-28.9],[60.15,-29.38],[59.3,-29.86],[59.19,-30.5],[59.07,-31.14],[58.21,-31.22],[58.22,-31.12],[57.58,-31.2],[57.55,-31.68],[57.55,-31.7],[56.93,-31.84],[56.88,-32.39],[56.53,-32.42],[56.53,-32.47],[56.11,-32.47],[56.12,-32.56],[55.72,-32.57],[55.63,-33.4],[55.54,-34.23],[54.89,-34.39],[54.24,-34.55],[54.27,-34.83],[54.05,-34.89],[54.03,-35.35],[53.15,-35.45],[53.1,-35.44],[52.68,-35.82],[52.25,-36.2],[52.18,-36.81],[51.02,-36.86],[50.93,-37.46],[50.84,-38.06],[49.62,-38.21],[48.38,-38.36],[47.2,-38.67],[46.01,-38.97],[45.95,-39.41],[45.96,-39.54],[44.98,-39.63],[44.82,-40.35],[44.67,-41.07],[43.61,-41.37],[42.54,-41.67],[41.47,-41.96],[41.33,-42.64],[41.19,-43.33],[41.05,-44.02],[40.53,-44.07],[40.24,-44.87],[39.56,-44.74],[38.87,-44.61],[38.77,-44.37],[38.17,-44.26],[37.76,-45.07],[36.46,-45.4],[35.16,-45.72],[35.04,-46.07],[33.89,-46.02],[33.69,-46.58],[33.48,-47.13],[32.51,-46.98],[32.22,-47.57],[31.92,-48.16],[31.92,-48.16],[31.17,-47.93],[31.72,-47.01],[32.24,-46.1],[32.74,-45.17],[33.23,-44.25],[33.71,-43.32],[34.17,-42.4],[34.61,-41.47],[35.05,-40.54],[35.47,-39.6],[35.88,-38.67],[34.91,-38.08],[33.96,-37.48],[33.03,-36.87],[32.11,-36.26],[31.2,-35.64],[30.31,-35.01],[29.44,-34.38],[28.57,-33.74],[27.72,-33.09],[26.88,-32.44],[26.28,-31.67],[25.68,-30.89],[25.08,-30.45],[24.48,-30.01],[24.47,-29.31],[24.46,-28.62],[25.12,-28.32],[25.78,-28.02],[25.55,-27.14],[25.33,-26.25],[25.94,-25.61],[26.54,-24.96],[27.13,-24.31],[28.1,-24.01],[29.06,-23.71],[30.02,-23.4],[30.97,-23.09],[31.04,-22.26],[31.12,-21.43],[31.77,-20.77],[32.42,-20.1],[33.03,-19.7],[33.01,-19.13],[33,-18.57],[32.69,-18.08],[32.39,-17.58],[32.5,-16.93],[32.61,-16.27],[32.21,-15.6],[31.8,-14.92],[31.89,-14.15],[31.97,-13.69],[31.97,-13.69],[32.25,-13.16],[32.53,-12.63],[32.83,-12.07],[33.13,-11.52],[33.67,-10.89],[34.24,-10.29],[34.59,-9.72],[34.59,-9.72],[34.31,-9.2],[34.08,-8.7],[33.86,-8.21],[33.7,-7.72],[33.54,-7.23],[33.54,-7.23],[33.33,-7.19],[32.9,-6.97],[32.64,-7],[32.64,-7],[32.55,-6.7],[32.38,-6.27],[32.74,-5.95],[33.08,-5.68],[33.38,-4.91],[33.61,-4.24],[33.81,-4.01],[34.07,-3.68],[34.09,-3.24],[34.03,-2.72],[33.98,-2.23],[33.77,-1.82],[33.76,-1.71],[33.65,-1.5],[33.57,-1.25],[33.59,-0.98],[33.79,-0.57],[33.89,-0.16],[33.96,0.31],[34,0.53],[34.08,0.85],[34.08,1.18],[34.08,1.55],[34.03,1.83],[33.99,2.36],[34.11,2.64],[34.29,2.91],[34.3,3.38],[34.44,3.57],[34.44,3.57],[34.44,3.61],[34.53,3.77],[34.57,4.4],[34.73,4.61],[34.96,4.91],[35.14,5.23],[35.33,5.59],[35.68,5.75],[35.91,6.23],[35.92,6.54],[36.23,6.76],[36.48,6.89],[36.78,7.13],[37.07,7.37],[37.34,7.73],[37.64,8.01],[37.97,8.1],[38.23,8.24],[38.62,8.25],[39.03,8.36],[39.4,8.37],[39.75,8.41],[40.08,8.46],[40.53,8.53],[40.97,8.48],[40.97,8.48],[40.89,8.75],[40.85,9.05],[40.82,9.28]]]}},{"type":"Feature","properties":{"ma":10,"type":"gpml:TopologicalClosedPlateBoundary","name":"Tonga TON_010_005","pid":821,"deforming":false},"geometry":{"type":"MultiPolygon","coordinates":[[[[180,-31.5],[180,-32.43],[180,-33.35],[180,-34.28],[180,-35.2],[180,-36.13],[180,-37.06],[180,-37.98],[180,-38.91],[180,-39.83],[179.85,-39.53],[179.86,-39],[179.3,-38.89],[178.63,-38.76],[177.93,-38.61],[177.93,-38.61],[177.13,-38.8],[177.13,-38.8],[177.61,-37.9],[178.07,-37],[178.52,-36.1],[178.96,-35.19],[179.4,-34.28],[179.82,-33.37],[179.88,-32.44],[179.94,-31.51],[180,-30.58],[180,-31.5]]],[[[180,-17.8],[180,-18.71],[180,-19.63],[180,-20.55],[180,-21.47],[179.68,-20.65],[179.37,-19.84],[179.06,-19.03],[178.75,-18.22],[178.44,-17.41],[178.29,-16.72],[178.56,-16.75],[179.23,-16.79],[179.9,-16.82],[180,-16.88],[180,-17.8]]],[[[-180,-20.55],[-180,-19.63],[-180,-18.71],[-180,-17.8],[-180,-16.88],[-179.31,-17.28],[-178.9,-17.97],[-178.63,-18.43],[-178.36,-18.89],[-178.3,-19.41],[-178.24,-19.92],[-178.48,-20.61],[-178.37,-21.16],[-178.26,-21.71],[-178.15,-22.65],[-178.04,-23.59],[-178.09,-24.36],[-178.15,-25.14],[-178.2,-25.92],[-178.1,-26.61],[-178,-27.3],[-177.77,-28.12],[-177.47,-28.94],[-177.18,-29.75],[-177.18,-29.75],[-177.27,-30.61],[-177.37,-31.47],[-177.47,-32.33],[-177.57,-33.18],[-177.68,-34.04],[-177.83,-34.72],[-177.99,-35.4],[-178.12,-35.91],[-178.25,-36.43],[-178.42,-36.67],[-178.58,-37.26],[-178.74,-37.85],[-179.12,-38.59],[-179.52,-39.33],[-179.92,-40.07],[-179.92,-40.07],[-180,-39.83],[-180,-38.91],[-180,-37.98],[-180,-37.06],[-180,-36.13],[-180,-35.2],[-180,-34.28],[-180,-33.35],[-180,-32.43],[-180,-31.5],[-180,-30.58],[-179.95,-29.7],[-179.89,-28.83],[-179.84,-27.96],[-179.79,-27.09],[-179.74,-26.22],[-179.69,-25.34],[-179.7,-24.55],[-179.71,-23.75],[-179.72,-22.95],[-179.73,-22.16],[-180,-21.47],[-180,-20.55]]]]}},{"type":"Feature","properties":{"ma":10,"type":"gpml:TopologicalClosedPlateBoundary","name":"Central Scotia Sea","pid":818,"deforming":false},"geometry":{"type":"Polygon","coordinates":[[[-44.97,-53.94],[-44.97,-53.94],[-45.02,-53.96],[-45.26,-54.2],[-44.96,-54.35],[-44.13,-54.52],[-43.39,-54.67],[-42.99,-54.79],[-42.86,-54.84],[-41.54,-55.06],[-40.87,-55.15],[-40.22,-55.3],[-40.22,-55.3],[-40.25,-55.45],[-39.53,-55.84],[-38.67,-56.03],[-37.8,-56.21],[-36.89,-56.6],[-36.4,-56.62],[-35.43,-56.55],[-35.05,-56.28],[-35,-56.16],[-35,-56.16],[-34.99,-56.24],[-35.09,-56.36],[-35.07,-56.54],[-35.05,-56.64],[-35.1,-56.72],[-35.43,-56.77],[-35.43,-56.77],[-35.43,-56.77],[-35.43,-56.77],[-35.61,-56.79],[-35.62,-56.9],[-35.63,-56.99],[-35.63,-57.09],[-35.62,-57.17],[-35.63,-57.33],[-35.68,-57.48],[-36.03,-57.49],[-36.04,-57.55],[-36.05,-57.61],[-36.06,-57.9],[-35.77,-57.89],[-35.68,-58.13],[-35.43,-58.13],[-35.43,-58.13],[-35.37,-58.64],[-35.14,-58.64],[-35.14,-59.3],[-35.31,-59.31],[-35.25,-59.84],[-34.85,-59.85],[-34.85,-60.31],[-34.85,-60.31],[-34.94,-60.3],[-35.58,-60.25],[-36.9,-60.46],[-37.15,-60.45],[-37.15,-60.45],[-37.22,-60.8],[-38.1,-61.03],[-38.49,-61.15],[-39.77,-61.55],[-39.77,-61.55],[-39.75,-61.22],[-39.88,-60.93],[-40.42,-60.46],[-41.5,-60.37],[-42.08,-60.45],[-42.08,-60.45],[-42.22,-60.57],[-42.68,-60.93],[-42.91,-61.11],[-43.03,-61.2],[-43.31,-61.43],[-43.83,-61.75],[-44.1,-61.85],[-44.1,-61.85],[-44.39,-61.75],[-45.57,-61.45],[-46.6,-61.37],[-46.6,-61.37],[-46.24,-61.06],[-46.04,-60.82],[-45.79,-60.52],[-45.45,-60.13],[-45.12,-59.74],[-45.12,-59.74],[-45.13,-59.73],[-45.56,-59.49],[-46.19,-59.5],[-46.78,-59.5],[-47.6,-59.56],[-48.41,-59.58],[-48.55,-59.63],[-48.55,-59.63],[-48.95,-60.12],[-49.26,-60.65],[-49.58,-61.19],[-49.72,-61.41],[-49.72,-61.41],[-50.91,-61.46],[-51.57,-61.45],[-52.45,-61.44],[-52.45,-61.44],[-52.37,-61.26],[-52.13,-60.69],[-51.91,-60.16],[-51.58,-59.65],[-51.48,-59.49],[-51.33,-59.25],[-50.67,-58.61],[-50.67,-58.61],[-51.73,-58.46],[-52.79,-58.31],[-53.54,-59.09],[-54.05,-59.04],[-54.79,-59.87],[-56.15,-59.65],[-56.89,-60.36],[-57.65,-61.07],[-56.41,-61.31],[-56.89,-61.89],[-57.39,-62.46],[-57.39,-62.46],[-58.61,-61.79],[-60.21,-61.19],[-61.76,-60.57],[-62.8,-60.23],[-63.82,-59.87],[-63.82,-59.87],[-63.16,-59.66],[-62.47,-59.17],[-61.8,-58.67],[-60.9,-58.99],[-60.26,-58.47],[-59.85,-58.59],[-58.9,-57.81],[-58.41,-57.96],[-57.47,-57.12],[-56.08,-57.43],[-54.66,-57.73],[-54.25,-57.1],[-52.67,-57.4],[-51.06,-57.68],[-49.43,-57.93],[-49.04,-57.21],[-48.67,-56.49],[-47.63,-56.62],[-47.12,-55.9],[-46.64,-55.18],[-46.16,-54.46],[-45.73,-53.86],[-44.97,-53.94]]]}},{"type":"Feature","properties":{"ma":10,"type":"gpml:TopologicalClosedPlateBoundary","name":"Kamchatka","pid":406,"deforming":false},"geometry":{"type":"Polygon","coordinates":[[[154.36,49.81],[154.12,50.59],[154.01,51.26],[153.89,51.93],[153.72,52.9],[153.48,53.77],[153.24,54.63],[153.14,55.44],[153.14,55.44],[153.43,55.32],[153.43,55.32],[153.48,55.05],[153.91,54.65],[154.25,53.83],[154.64,53.19],[155.02,52.55],[155.02,52.55],[155.1,52.44],[155.7,52.83],[156.32,53.22],[156.32,53.22],[157.46,53.85],[158.63,54.46],[159.33,55.03],[160.05,55.58],[160.79,56.14],[161.16,56.84],[161.54,57.54],[161.9,58.05],[162.26,58.55],[162.26,58.55],[162.93,57.79],[163.67,57.1],[163.67,57.1],[164.76,56.67],[165.83,56.23],[166.87,55.78],[167.92,55.42],[168.96,55.06],[169.98,54.69],[169.98,54.69],[169.2,54.57],[167.9,54.48],[166.98,54.51],[165.31,54.42],[163.64,54.3],[161.99,54.15],[160.94,54.05],[159.9,53.93],[159.9,53.93],[159.6,53.63],[159.14,53.18],[158.7,52.73],[158.19,52.33],[157.69,51.92],[156.65,51.31],[155.64,50.69],[154.65,50.05],[154.36,49.81]]]}},{"type":"Feature","properties":{"ma":10,"type":"gpml:TopologicalClosedPlateBoundary","name":"West Burma","pid":607,"deforming":false},"geometry":{"type":"Polygon","coordinates":[[[90.99,5.76],[90.68,6.29],[90.36,6.82],[90.25,7.66],[90.14,8.5],[90.02,9.34],[89.91,10.18],[89.85,10.95],[89.8,11.73],[89.74,12.51],[89.69,13.29],[89.69,13.29],[89.83,13.87],[89.92,14.69],[90.02,15.52],[90.12,16.34],[89.96,17.22],[89.81,18.1],[89.65,18.98],[89.82,19.74],[90,20.49],[90.17,21.25],[90.67,21.91],[91.19,22.57],[91.7,23.23],[92.06,23.88],[92.42,24.52],[92.78,25.16],[92.98,25.99],[93.18,26.81],[93.28,27.73],[93.38,28.65],[93.48,29.57],[93.51,30],[93.51,30],[93.84,29.94],[93.84,29.94],[94.02,29.18],[94.2,28.42],[94.38,27.66],[94.55,26.9],[94.36,25.99],[94.17,25.08],[93.99,24.17],[93.81,23.26],[93.86,22.46],[93.91,21.66],[93.97,20.87],[94.21,19.89],[94.45,18.92],[94.68,17.94],[94.83,17.08],[94.98,16.22],[95.13,15.37],[95.28,14.51],[95.28,14.51],[95.08,14.13],[95.03,13.94],[95.03,13.94],[94.15,13.91],[93.54,13.89],[92.93,13.88],[92.95,13.17],[92.96,12.47],[92.76,12.46],[92.79,11.92],[92.63,11.93],[92.64,11.44],[92.16,11.39],[92.21,10.7],[92.3,9.71],[91.74,9.6],[91.08,9.46],[91.12,9.11],[90.79,9.03],[90.86,8.6],[90.99,8.17],[91.12,7.78],[90.87,7.7],[90.93,7.4],[91.05,7.08],[91.26,6.56],[91.53,6.11],[90.99,5.76]]]}},{"type":"Feature","properties":{"ma":10,"type":"gpml:TopologicalClosedPlateBoundary","name":"Caroline Plate","pid":653,"deforming":false},"geometry":{"type":"Polygon","coordinates":[[[134.69,-6.33],[135.18,-5.8],[135.37,-4.96],[135.57,-4.12],[135.76,-3.54],[135.94,-2.97],[136.11,-2.24],[136.28,-1.52],[136.43,-0.71],[136.58,0.09],[136.73,0.89],[137.19,1.53],[137.65,2.18],[138.29,2.85],[138.93,3.52],[139.56,3.72],[140.19,3.92],[140.65,4.27],[140.65,4.27],[141.13,4.4],[141.62,4.54],[142.22,5.18],[142.83,5.81],[143.44,6.45],[144.05,7.08],[144.05,7.08],[144.71,7.29],[145.38,7.49],[145.59,7.64],[145.59,7.64],[146.38,7.25],[147.17,6.86],[147.95,6.47],[148.74,6.08],[149.53,5.69],[150.31,5.29],[151.09,4.9],[151.91,4.87],[151.91,4.87],[152.04,4.09],[152.04,3.15],[152.04,2.22],[152.14,1.37],[152.25,0.52],[152.35,-0.33],[152.46,-1.18],[152.57,-2.03],[152.67,-2.88],[152.61,-3.72],[152.55,-4.55],[152.49,-5.38],[152.43,-6.22],[152.37,-7.05],[151.96,-7.82],[151.55,-8.58],[151.13,-9.35],[150.71,-10.11],[150.71,-10.11],[150.66,-10.13],[150.05,-10.3],[149.44,-10.47],[148.72,-10.46],[148,-10.45],[147.36,-10.38],[146.72,-10.3],[145.78,-10.14],[145.78,-10.14],[144.99,-10.2],[144.2,-10.26],[144.2,-10.26],[143.99,-10.1],[143.19,-9.64],[142.38,-9.18],[142.38,-9.18],[142.68,-9.11],[143.24,-9.17],[143.88,-9.24],[144.41,-9.3],[144.88,-9.37],[145.08,-9.41],[145.21,-9.35],[144.8,-9.38],[145.43,-9.79],[145.74,-9.69],[146.68,-9.54],[147.41,-9.53],[148.14,-9.52],[149.07,-9.51],[150.01,-9.51],[150.47,-8.81],[150.47,-8.81],[149.98,-8.48],[149.48,-8.55],[148.82,-8.52],[148.16,-8.49],[147.62,-8.67],[146.72,-8.82],[145.82,-8.96],[145.46,-9.02],[145.46,-9.02],[145.18,-8.77],[145.01,-8.71],[144.89,-8.68],[144.56,-8.47],[144.18,-8.47],[143.89,-8.53],[143.26,-8.71],[143.26,-8.71],[142.42,-8.38],[141.94,-8.25],[141.21,-7.81],[140.71,-7.68],[140.21,-7.55],[139.42,-7.34],[138.6,-7.13],[137.9,-6.98],[137.41,-6.84],[136.62,-6.71],[135.65,-6.52],[134.69,-6.33]]]}},{"type":"Feature","properties":{"ma":10,"type":"gpml:TopologicalClosedPlateBoundary","name":"Sumatra Forearc","pid":686,"deforming":false},"geometry":{"type":"Polygon","coordinates":[[[101.01,-6.73],[100.57,-6.18],[99.99,-5.59],[99.42,-4.99],[98.85,-4.4],[98.33,-3.75],[97.8,-3.1],[97.27,-2.44],[96.75,-1.79],[96.13,-1.01],[95.52,-0.22],[94.91,0.56],[94.29,1.35],[93.68,2.09],[93.07,2.83],[92.46,3.57],[91.85,4.31],[91.42,5.03],[90.99,5.76],[90.99,5.76],[91.53,6.11],[91.26,6.56],[91.05,7.08],[90.93,7.4],[90.87,7.7],[91.12,7.78],[90.99,8.17],[90.86,8.6],[90.79,9.03],[91.12,9.11],[91.08,9.46],[91.74,9.6],[92.3,9.71],[92.21,10.7],[92.16,11.39],[92.64,11.44],[92.63,11.93],[92.79,11.92],[92.76,12.46],[92.96,12.47],[92.95,13.17],[92.93,13.88],[93.54,13.89],[94.15,13.91],[95.03,13.94],[95.03,13.94],[94.82,13.17],[94.61,12.41],[94.61,11.65],[94.61,10.9],[94.61,10.15],[94.7,9.31],[94.8,8.48],[94.89,7.64],[95.19,6.69],[95.48,5.73],[95.72,5.54],[95.72,5.54],[95.71,5.49],[95.95,4.96],[96.18,4.43],[96.49,3.74],[96.79,3.05],[97.31,2.26],[97.83,1.47],[98.35,0.67],[98.87,-0.12],[99.39,-0.91],[100.01,-1.68],[100.64,-2.45],[100.97,-3.08],[101.3,-3.71],[101.31,-4.31],[101.31,-4.92],[101.2,-5.48],[101.08,-6.04],[101.01,-6.73]]]}},{"type":"Feature","properties":{"ma":10,"type":"gpml:TopologicalClosedPlateBoundary","name":"Philippine Sea Plate","pid":608,"deforming":false},"geometry":{"type":"Polygon","coordinates":[[[135.03,34.27],[135.36,33.54],[135.69,32.82],[136.01,32.09],[136.33,31.36],[136.7,30.54],[137.06,29.72],[137.42,28.9],[137.73,28.29],[138.03,27.68],[138.12,27.68],[138.36,27.13],[138.6,26.58],[138.94,25.84],[139.27,25.09],[139.61,24.35],[139.98,23.58],[140.35,22.81],[140.75,21.99],[141.14,21.17],[141.14,21.17],[141.01,21.15],[141.15,20.55],[141.28,19.96],[141.37,19.44],[141.45,18.93],[141.52,18.01],[141.59,17.1],[141.39,17.06],[141.41,16.39],[141.43,15.71],[141.46,15.04],[141.31,15.03],[141.35,14.16],[141.39,13.29],[141.18,13.27],[141.2,12.44],[141.23,11.61],[141.25,10.79],[141.28,9.96],[141.3,9.14],[141.04,8.31],[140.78,7.48],[140.51,6.66],[140.31,5.79],[140.1,4.93],[139.89,4.06],[139.81,3.8],[139.81,3.8],[138.93,3.52],[138.29,2.85],[137.65,2.18],[137.19,1.53],[136.73,0.89],[136.58,0.09],[136.43,-0.71],[136.28,-1.52],[136.11,-2.24],[135.94,-2.97],[135.76,-3.54],[135.57,-4.12],[135.55,-4.21],[135.55,-4.21],[134.87,-4.07],[133.97,-3.9],[133.25,-3.35],[133.25,-3.35],[133.04,-2.56],[132.83,-1.77],[132.41,-1.25],[132,-0.72],[131.58,-0.2],[131.32,0.55],[131.06,1.3],[130.79,2.04],[130.53,2.79],[130.16,3.54],[129.79,4.29],[129.42,5.04],[129.05,5.79],[128.68,6.55],[128.02,7.28],[127.36,8.02],[126.69,8.76],[126.03,9.5],[125.51,9.88],[124.98,10.26],[124.54,10.93],[124.1,11.61],[123.66,12.28],[123.21,12.95],[122.76,13.62],[122.07,14.19],[121.37,14.76],[120.67,15.33],[119.96,15.89],[119.25,16.45],[118.53,17.01],[117.81,17.56],[117.39,17.62],[117.39,17.62],[117.36,18.49],[117.78,19.21],[118.21,19.92],[118.22,20.63],[118.23,21.35],[118.25,22.06],[118.4,22.81],[118.55,23.55],[118.7,24.29],[118.7,24.29],[119.56,24.46],[120.31,24.67],[121.06,24.89],[121.81,25.1],[122.69,25.55],[123.58,26],[124.01,26.39],[124.44,26.78],[124.5,26.88],[124.5,26.88],[124.86,27.15],[125.31,27.53],[125.76,27.91],[126.49,28.64],[126.98,29.15],[127.47,29.66],[128.39,30.24],[129.32,30.81],[130,31.26],[130.69,31.71],[131.58,32.29],[132.4,32.75],[133.12,33.17],[133.96,33.67],[134.86,34.18],[135.03,34.27]]]}},{"type":"Feature","properties":{"ma":10,"type":"gpml:TopologicalClosedPlateBoundary","name":"Celebes Sea","pid":645,"deforming":false},"geometry":{"type":"Polygon","coordinates":[[[118.39,-1.06],[118.14,-0.33],[117.89,0.39],[117.65,1.12],[117.4,1.85],[117.4,2.54],[117.39,3.23],[117.01,3.97],[116.62,4.71],[117.03,5.52],[117.45,6.34],[117.46,6.63],[117.46,6.63],[118.17,7.2],[118.88,7.76],[119.47,8.47],[120.07,9.17],[120.58,9.41],[121.1,9.65],[121.1,9.65],[121.42,9.36],[121.6,9.16],[121.6,9.16],[121.62,9.05],[121.81,8.23],[122,7.4],[122.54,6.92],[123.07,6.45],[123.5,6.13],[123.92,5.81],[124.3,5.2],[124.68,4.59],[125.06,3.98],[125.45,3.28],[125.84,2.58],[126.23,1.88],[126.62,1.18],[126.62,1.18],[126.59,1.01],[126.31,0.34],[126.02,-0.33],[125.86,-0.88],[125.7,-1.43],[125.7,-1.43],[125.66,-1.43],[124.71,-1.37],[123.76,-1.31],[122.81,-1.24],[121.84,-1.07],[120.86,-0.89],[120.22,-0.85],[119.58,-0.8],[118.98,-0.93],[118.39,-1.06]]]}},{"type":"Feature","properties":{"ma":10,"type":"gpml:TopologicalClosedPlateBoundary","name":"Palawan","pid":677,"deforming":false},"geometry":{"type":"Polygon","coordinates":[[[116.26,8.69],[115.76,9.35],[115.26,10.02],[115.26,10.02],[115.8,10.52],[116.33,11.02],[116.88,11.52],[117.23,11.65],[117.23,11.73],[117.66,12.42],[118.06,12.92],[118.46,13.43],[118.94,14.31],[118.94,14.31],[119.29,14.12],[119.46,13.62],[119.46,13.62],[118.92,12.8],[118.38,11.98],[117.85,11.16],[117.32,10.34],[116.79,9.51],[116.26,8.69]]]}},{"type":"Feature","properties":{"ma":10,"type":"gpml:TopologicalClosedPlateBoundary","name":"South Sulu Sea","pid":646,"deforming":false},"geometry":{"type":"Polygon","coordinates":[[[121.1,9.65],[120.58,9.41],[120.07,9.17],[119.47,8.47],[118.88,7.76],[118.24,7.26],[117.61,6.75],[117.61,6.75],[117.29,7.24],[116.98,7.73],[116.62,8.21],[116.26,8.69],[116.26,8.69],[116.79,9.51],[117.32,10.34],[117.85,11.16],[118.38,11.98],[118.92,12.8],[119.46,13.62],[119.46,13.62],[119.7,12.98],[119.89,12.44],[120.08,11.9],[120.16,10.96],[120.64,10.09],[121.1,9.65]]]}},{"type":"Feature","properties":{"ma":10,"type":"gpml:TopologicalClosedPlateBoundary","name":"India from PB03 GS","pid":501,"deforming":false},"geometry":{"type":"Polygon","coordinates":[[[53.67,7.23],[54.07,8.03],[54.47,8.83],[54.87,9.63],[55.27,10.43],[55.63,11.16],[55.99,11.9],[56.36,12.63],[56.73,13.37],[57.1,14.1],[57.39,14.95],[57.69,15.8],[57.99,16.65],[58.29,17.5],[58.74,18.31],[59.2,19.12],[59.67,19.93],[60.14,20.74],[60.61,21.55],[61.12,22.23],[61.64,22.91],[62.17,23.59],[62.7,24.26],[63.23,24.94],[63.74,25.75],[64.26,26.57],[64.26,26.57],[64.61,26.81],[65.19,27.28],[65.76,27.76],[66.39,28.35],[66.57,28.84],[66.74,29.32],[67.24,29.83],[67.69,30.35],[68.15,30.87],[68.75,31.53],[69.29,31.02],[69.82,30.5],[70.51,29.98],[71.25,29.69],[71.8,28.99],[71.84,28.43],[72.6,27.94],[73.07,27.52],[73.68,27.33],[74.09,26.99],[74.43,26.65],[74.9,26.44],[75.17,26.15],[75.74,25.89],[76.16,25.84],[76.47,25.72],[76.95,25.53],[77.26,25.15],[78.07,24.89],[78.78,24.6],[79.49,24.31],[79.97,24.16],[80.44,24.02],[81.39,23.87],[82,23.8],[82.22,23.44],[82.55,23.37],[82.94,23.72],[83.45,23.61],[84.01,23.58],[84.95,23.72],[85.43,23.54],[85.97,23.63],[86.87,23.7],[87.38,23.73],[87.89,23.75],[88.8,23.81],[89.12,23.81],[89.72,24.2],[90.34,24.62],[90.96,24.89],[91.71,24.84],[92.25,24.82],[92.58,24.81],[92.58,24.81],[92.14,24.02],[91.7,23.23],[91.19,22.57],[90.67,21.91],[90.17,21.25],[90,20.49],[89.82,19.74],[89.65,18.98],[89.81,18.1],[89.96,17.22],[90.12,16.34],[90.02,15.52],[89.92,14.69],[89.83,13.87],[89.69,13.29],[89.69,13.29],[89.74,12.51],[89.8,11.73],[89.85,10.95],[89.91,10.18],[89.98,9.65],[90.05,9.13],[90.05,9.13],[90.02,9.09],[89.55,8.58],[89.09,8.06],[88.52,7.45],[87.95,6.84],[87.44,6.3],[86.94,5.76],[86.47,5.25],[86,4.74],[85.53,4.23],[85.06,3.58],[84.59,2.92],[84.13,2.27],[83.31,1.88],[82.48,1.49],[81.66,1.1],[81.08,0.39],[80.5,-0.32],[79.91,-1.02],[79.23,-1.64],[78.56,-2.25],[77.79,-2.56],[77.01,-2.87],[76.24,-3.19],[75.28,-3.42],[74.33,-3.65],[73.37,-3.88],[72.41,-4.11],[71.45,-4.34],[70.48,-4.57],[69.61,-4.64],[68.74,-4.71],[67.86,-4.78],[66.99,-4.85],[66.29,-4.87],[65.6,-4.89],[64.91,-4.91],[64.91,-4.91],[65.11,-4.67],[64.57,-4.18],[64.73,-3.94],[64.12,-3.47],[64.32,-3.17],[63.85,-2.82],[63.53,-2.58],[63.86,-2.12],[63.51,-1.85],[63.94,-1.3],[63.57,-1.06],[63.78,-0.76],[63.37,-0.47],[63.73,0.09],[62.91,0.61],[62.09,1.13],[61.89,0.87],[61.23,1.23],[60.56,1.59],[59.9,1.99],[59.23,2.4],[59.29,2.52],[58.75,2.91],[58.81,3.02],[58.16,3.54],[57.51,4.05],[56.86,4.57],[56.89,4.62],[56.32,5.12],[56.46,5.3],[56.23,5.47],[56.32,5.7],[55.65,6.15],[54.97,6.6],[54.3,7.06],[54.2,6.87],[53.67,7.23]]]}},{"type":"Feature","properties":{"ma":10,"type":"gpml:TopologicalClosedPlateBoundary","name":"Capricorn Plate (Kremeer et al 2003 AT)","pid":511,"deforming":false},"geometry":{"type":"Polygon","coordinates":[[[70.73,-30.45],[70.97,-30.25],[70.26,-29.57],[69.57,-28.88],[69.28,-28.96],[68.68,-28.47],[68.09,-27.97],[67.51,-27.46],[67.45,-27.5],[66.56,-26.96],[66.56,-26.96],[66.43,-27.01],[66.43,-27.01],[66.29,-26.71],[66.2,-26.46],[66.3,-26.42],[66.06,-25.85],[65.82,-25.28],[65.95,-25.23],[65.53,-24.38],[65.93,-24.07],[65.46,-23.45],[64.99,-22.84],[64.52,-22.22],[64.27,-22.33],[63.83,-21.9],[63.33,-22.14],[62.75,-21.4],[62.18,-20.67],[61.61,-19.93],[62.2,-19.57],[62.8,-19.21],[63.39,-18.84],[63.09,-18.33],[63.56,-18.05],[64.04,-17.77],[63.57,-17.1],[63.1,-16.43],[62.63,-15.75],[62.93,-15.58],[62.84,-15.41],[63.4,-15.05],[62.98,-14.44],[62.56,-13.82],[63.15,-13.43],[63.05,-13.27],[62.9,-13.05],[63.38,-12.72],[63.01,-12.22],[63.12,-12.13],[63.04,-12.01],[63.46,-11.65],[63.87,-11.3],[64.34,-10.9],[64.34,-10.9],[65.19,-10.99],[66.04,-11.07],[66.26,-10.52],[66.49,-9.96],[67.1,-9.44],[67.72,-8.92],[68.34,-8.39],[69.13,-8.32],[69.92,-8.25],[70.71,-8.18],[71.51,-8.11],[72.36,-8],[73.21,-7.88],[74.07,-7.76],[74.77,-7.77],[75.47,-7.78],[76.17,-7.79],[76.98,-7.93],[77.8,-8.07],[78.62,-8.21],[79.47,-8.28],[80.32,-8.34],[81.17,-8.41],[82.03,-8.47],[82.95,-8.51],[83.87,-8.55],[84.42,-8.74],[84.42,-8.74],[84.37,-9.73],[84.32,-10.72],[84.26,-11.71],[84.19,-12.52],[84.12,-13.33],[84.04,-14.15],[83.97,-14.96],[83.88,-15.93],[83.78,-16.9],[83.69,-17.88],[83.5,-18.76],[83.31,-19.65],[83.12,-20.54],[82.93,-21.43],[82.77,-22.28],[82.6,-23.13],[82.43,-23.98],[82.26,-24.83],[82.09,-25.68],[81.91,-26.52],[81.73,-27.37],[81.55,-28.21],[81.45,-28.55],[81.45,-28.55],[80.83,-28.75],[80.2,-28.95],[79.5,-28.95],[78.96,-29.65],[78.42,-30.34],[77.55,-30.41],[76.67,-30.47],[75.8,-30.52],[74.93,-30.57],[73.91,-30.61],[72.88,-30.64],[71.8,-30.55],[70.73,-30.45]]]}},{"type":"Feature","properties":{"ma":10,"type":"gpml:TopologicalClosedPlateBoundary","name":"Mathematician","pid":969,"deforming":false},"geometry":{"type":"Polygon","coordinates":[[[-111.1,15.99],[-110.9,16.93],[-110.7,17.87],[-110.49,18.81],[-109.75,18.66],[-109,18.52],[-108.26,18.37],[-107.39,18.36],[-106.7,18.29],[-106,18.21],[-105.82,18.2],[-105.82,18.2],[-105.88,18.09],[-105.51,17.85],[-105.23,17.73],[-105.01,17.58],[-104.95,17.55],[-104.77,17.42],[-104.54,17.33],[-104.32,17.24],[-104.05,17.17],[-104.13,16.94],[-104.19,16.79],[-104.22,16.69],[-104.22,16.6],[-103.35,16.38],[-103.1,16.25],[-103.1,16.25],[-103.28,15.94],[-103.35,15.14],[-103.41,14.44],[-103.28,13.71],[-103.16,13.03],[-103.18,12.45],[-103.18,12.44],[-103.18,12.44],[-104.09,12.78],[-105,13.11],[-105.92,13.45],[-106.79,13.86],[-107.66,14.27],[-108.54,14.68],[-109.46,14.8],[-110.38,14.93],[-111.3,15.05],[-111.1,15.99]]]}},{"type":"Feature","properties":{"ma":10,"type":"gpml:TopologicalClosedPlateBoundary","name":"NFB","pid":824,"deforming":false},"geometry":{"type":"Polygon","coordinates":[[[176.79,-16.56],[177.36,-16.59],[178.18,-16.7],[178.18,-16.7],[177.88,-17.26],[177.88,-17.26],[177.33,-16.91],[176.79,-16.56]]]}},{"type":"Feature","properties":{"ma":10,"type":"gpml:TopologicalClosedPlateBoundary","name":"SAM","pid":201,"deforming":false},"geometry":{"type":"Polygon","coordinates":[[[-77.5,-5.75],[-77.37,-4.8],[-76.93,-4.28],[-76.5,-3.8],[-76.08,-3.32],[-75.48,-2.66],[-75.03,-1.96],[-75.03,-1.96],[-74.81,-2.01],[-73.93,-2.04],[-73.05,-2.06],[-72.31,-1.71],[-71.56,-1.36],[-70.94,-0.83],[-70.32,-0.31],[-69.78,0.18],[-69.23,0.67],[-68.77,0.96],[-68.3,1.26],[-68.3,1.26],[-68.25,2],[-68.21,2.73],[-68.21,3.48],[-68.2,4.24],[-68.2,4.99],[-68.19,5.75],[-68.04,6.58],[-67.89,7.42],[-67.55,8.1],[-67.2,8.77],[-66.7,9.5],[-66.19,10.22],[-66.19,10.22],[-65.24,10.15],[-64.28,10.09],[-63.33,10.02],[-62.38,9.95],[-61.42,9.87],[-60.47,9.8],[-59.52,9.72],[-58.57,9.63],[-58.57,9.63],[-58.42,10.1],[-58.23,11.02],[-58.03,11.94],[-58.2,12.87],[-58.36,13.8],[-58.7,14.27],[-59.04,14.74],[-59.32,15.39],[-59.32,15.39],[-58.77,15.44],[-58.22,15.48],[-57.21,15.51],[-56.21,15.54],[-55.2,15.55],[-54.18,15.56],[-53.16,15.55],[-52.14,15.55],[-51.16,15.25],[-50.19,14.96],[-49.2,14.87],[-48.2,14.78],[-47.39,14.6],[-47.39,14.6],[-47.47,14.26],[-47.48,14.22],[-47.48,14.22],[-47.34,14.21],[-46.46,13.98],[-45.57,13.74],[-45.58,13.01],[-45.58,12.27],[-45.58,11.54],[-44.77,11.36],[-44.78,10.97],[-44.37,10.89],[-44.44,9.96],[-43.5,9.77],[-42.56,9.59],[-41.62,9.4],[-41.63,8.76],[-41.4,8.71],[-41.41,8.18],[-41.2,8.15],[-41.22,7.6],[-40.68,7.53],[-40.71,7.01],[-39.75,6.89],[-38.79,6.76],[-38.78,6.46],[-38.12,6.39],[-37.45,6.32],[-37.44,6.17],[-36.66,6.1],[-36.63,5.78],[-35.95,5.67],[-35.95,5.41],[-35.08,5.37],[-34.2,5.32],[-34.17,4.43],[-33.57,4.39],[-33.53,3.57],[-33.49,2.74],[-32.53,2.71],[-31.58,2.67],[-31.51,1.91],[-31.44,1.15],[-31.37,0.39],[-30.67,0.39],[-30.59,-0.31],[-29.71,-0.3],[-28.84,-0.28],[-27.97,-0.27],[-27.09,-0.26],[-26.95,-0.8],[-26.31,-0.76],[-25.67,-0.73],[-25.5,-1.49],[-25.33,-2.26],[-24.41,-2.16],[-23.49,-2.07],[-22.57,-1.97],[-21.65,-1.87],[-20.73,-1.77],[-19.81,-1.68],[-18.89,-1.58],[-17.97,-1.48],[-17.05,-1.38],[-16.93,-1.82],[-16.7,-1.78],[-16.52,-2.37],[-16.22,-2.33],[-16.08,-2.68],[-15.32,-2.54],[-14.55,-2.39],[-13.79,-2.25],[-13.52,-2.94],[-13.25,-3.64],[-12.98,-4.33],[-12.98,-4.33],[-13.07,-4.36],[-13.19,-4.4],[-12.92,-5.36],[-12.66,-6.32],[-12.39,-7.29],[-12.12,-8.25],[-12.93,-8.45],[-13.75,-8.65],[-14.56,-8.84],[-14.38,-9.74],[-14.21,-10.64],[-14.47,-10.73],[-14.31,-11.43],[-14.16,-12.14],[-14.01,-12.84],[-14.96,-13.08],[-15.92,-13.32],[-15.74,-14.09],[-15.56,-14.86],[-15.38,-15.63],[-14.59,-15.5],[-14.41,-16.2],[-14.23,-16.89],[-14.04,-17.59],[-14.62,-17.72],[-15.19,-17.84],[-14.99,-18.61],[-14.78,-19.37],[-14.2,-19.27],[-13.62,-19.17],[-13.4,-20.03],[-13.17,-20.89],[-12.95,-21.76],[-12.72,-22.62],[-12.49,-23.48],[-13.03,-23.6],[-13.57,-23.71],[-13.53,-24.06],[-14.59,-24.22],[-14.4,-25.17],[-14.2,-26.13],[-14.54,-26.25],[-14.38,-26.98],[-14.97,-27.13],[-14.79,-27.96],[-14.5,-27.94],[-14.2,-28.78],[-13.9,-29.62],[-13.52,-29.55],[-13.26,-30.28],[-13.99,-30.44],[-14.73,-30.59],[-14.53,-31.57],[-14.32,-32.54],[-14.11,-33.52],[-15.15,-33.75],[-15.2,-34.27],[-15.26,-34.79],[-15.85,-34.94],[-15.93,-35.53],[-16.48,-35.59],[-16.42,-36.12],[-16.36,-36.64],[-17.42,-36.81],[-18.49,-36.96],[-18.3,-37.82],[-18.09,-38.68],[-18.92,-38.81],[-18.78,-39.36],[-18.64,-39.9],[-17.61,-39.79],[-17.37,-40.44],[-17.13,-41.08],[-17.52,-41.15],[-17.42,-41.67],[-17.93,-41.76],[-17.8,-42.62],[-17.66,-43.47],[-17.52,-44.33],[-17.37,-45.19],[-17.22,-46.04],[-17.07,-46.9],[-15.96,-46.77],[-15.8,-47.3],[-14.74,-47.15],[-14.56,-48.02],[-14.37,-48.9],[-12.93,-48.71],[-11.5,-48.5],[-11.22,-49.18],[-10.92,-49.86],[-10.62,-50.53],[-9.34,-50.32],[-8.07,-50.1],[-7.85,-50.69],[-7.63,-51.28],[-7.38,-51.25],[-7.08,-51.73],[-6.04,-51.56],[-5.72,-52.2],[-5.38,-52.84],[-5.03,-53.48],[-4.83,-53.44],[-4.44,-53.95],[-4.03,-54.47],[-3.42,-55.04],[-2.79,-55.61],[-1.81,-55.33],[-1.14,-55.87],[-1.14,-55.87],[-1.87,-56.28],[-2.58,-56.37],[-4.03,-56.5],[-4.02,-57.18],[-5.66,-57.27],[-5.67,-57.96],[-7.04,-58.01],[-7.08,-58.63],[-8.75,-58.75],[-10.43,-58.85],[-11.86,-58.96],[-13.3,-59.05],[-13.29,-59.35],[-14.48,-59.35],[-15.66,-59.34],[-15.68,-60.14],[-17.01,-60.17],[-17.05,-60.45],[-17.95,-60.43],[-17.94,-60.98],[-19.09,-61],[-19.18,-61.75],[-21.09,-61.8],[-22.99,-61.82],[-24.9,-61.81],[-26.8,-61.78],[-28.7,-61.72],[-30.59,-61.63],[-30.92,-62.14],[-31.26,-62.65],[-33.06,-62.59],[-33.06,-62.59],[-32.94,-61.66],[-32.94,-61.51],[-32.94,-61.51],[-33.3,-61.51],[-33.3,-61.51],[-32.82,-61.44],[-32.78,-61.27],[-33.01,-61.22],[-33.07,-61.21],[-33.21,-61.18],[-33.38,-61.14],[-33.54,-61.11],[-33.66,-61.08],[-33.83,-61.04],[-33.88,-60.9],[-33.85,-60.75],[-33.64,-60.62],[-33.34,-60.48],[-33.16,-60.38],[-33.16,-60.38],[-33.25,-60.21],[-33.47,-60.23],[-33.47,-60.23],[-33.42,-60.18],[-33.21,-59.67],[-33,-59.17],[-33.19,-58.51],[-33.36,-57.86],[-33.46,-57.32],[-33.56,-56.78],[-33.86,-56.15],[-33.86,-56.15],[-33.91,-56.12],[-33.91,-56.12],[-34.6,-55.69],[-35.27,-55.26],[-35.27,-55.26],[-35.02,-55.42],[-35.02,-55.42],[-35.73,-55.03],[-36.69,-54.48],[-38.23,-54.19],[-39.06,-54.36],[-39.85,-54.39],[-40.81,-54.22],[-40.98,-54.09],[-40.98,-54.09],[-41.05,-54.08],[-42.48,-53.97],[-43.52,-53.86],[-44.56,-53.74],[-44.56,-53.74],[-44.97,-53.94],[-44.97,-53.94],[-45.79,-53.86],[-46.85,-53.84],[-46.85,-53.84],[-46.9,-53.7],[-47.21,-53.52],[-47.21,-53.52],[-48.38,-53.56],[-49.56,-53.6],[-50.69,-53.62],[-51.83,-53.63],[-52.95,-53.76],[-54.08,-53.88],[-55.72,-54.15],[-57.37,-54.41],[-58.37,-54.4],[-59.36,-54.38],[-60.37,-54.44],[-61.25,-54.57],[-62.34,-54.88],[-63.32,-55.16],[-64.17,-55.27],[-65.03,-55.38],[-66.58,-55.4],[-68.12,-55.4],[-69.67,-55.39],[-71.1,-54.94],[-72.5,-54.48],[-73.86,-54],[-74.83,-53.58],[-75.78,-53.15],[-76.71,-52.71],[-76.71,-52.71],[-76.84,-52.47],[-77.01,-52.11],[-77.13,-51.77],[-77.23,-51.48],[-77.27,-51.22],[-77.34,-50.9],[-77.39,-50.54],[-77.32,-50.1],[-77.17,-49.74],[-77.05,-49.52],[-76.91,-49.26],[-76.75,-48.96],[-76.48,-48.49],[-76.22,-48.08],[-76.04,-47.73],[-75.92,-47.4],[-75.98,-46.96],[-75.99,-46.68],[-76,-46.45],[-76,-46.37],[-75.97,-46.11],[-75.94,-45.8],[-75.88,-45.44],[-75.82,-45.13],[-75.75,-44.8],[-75.68,-44.44],[-75.62,-44.17],[-75.48,-43.51],[-75.39,-43.09],[-75.3,-42.68],[-75.2,-42.3],[-75.06,-41.78],[-74.98,-41.49],[-74.88,-41.02],[-74.83,-40.73],[-74.76,-40.36],[-74.59,-40.08],[-74.59,-40.08],[-73.63,-39.68],[-72.68,-39.27],[-71.74,-38.85],[-70.82,-38.42],[-69.9,-37.99],[-69.26,-37.38],[-68.63,-36.77],[-68.01,-36.16],[-67.4,-35.54],[-67.33,-34.79],[-67.26,-34.04],[-67.19,-33.28],[-66.79,-32.43],[-66.4,-31.57],[-66.02,-30.71],[-65.51,-29.89],[-65.02,-29.07],[-64.53,-28.26],[-64.1,-27.34],[-63.67,-26.43],[-63.25,-25.51],[-62.8,-24.6],[-62.36,-23.69],[-61.93,-22.77],[-61.75,-21.96],[-61.58,-21.14],[-61.4,-20.32],[-61.58,-19.67],[-61.76,-19.02],[-61.93,-18.36],[-62.5,-17.81],[-63.06,-17.25],[-63.61,-16.69],[-64.17,-16.13],[-64.93,-15.67],[-65.69,-15.2],[-66.44,-14.73],[-67.19,-14.26],[-67.88,-13.74],[-68.55,-13.22],[-69.23,-12.7],[-69.9,-12.17],[-70.66,-11.61],[-71.42,-11.05],[-72.17,-10.48],[-72.93,-9.92],[-73.61,-9.35],[-74.29,-8.78],[-74.97,-8.2],[-75.65,-7.63],[-76.32,-7.05],[-76.99,-6.48],[-77.43,-6.1],[-77.5,-5.75]]]}},{"type":"Feature","properties":{"ma":10,"type":"gpml:TopologicalClosedPlateBoundary","name":"Final sliver of Neotethys subducted beneath Iran during Arabia-Eurasia deformation","pid":503,"deforming":false},"geometry":{"type":"Polygon","coordinates":[[[54.04,24.66],[53.41,24.97],[52.79,25.27],[52.04,25.78],[51.3,26.29],[50.54,26.8],[49.85,27.52],[49.15,28.23],[48.43,28.95],[47.77,29.38],[47.11,29.82],[46.43,30.25],[45.6,30.89],[44.75,31.52],[44.02,32.14],[43.27,32.75],[42.52,33.36],[42,33.89],[41.48,34.41],[40.95,34.93],[40.75,35.4],[40.75,35.4],[41.28,34.92],[42.09,34.35],[42.89,33.78],[43.68,33.19],[44.58,32.6],[45.47,32],[46.18,31.6],[46.89,31.2],[47.59,30.79],[48.36,30.11],[49.11,29.43],[49.86,28.74],[50.66,28.27],[51.44,27.79],[52.22,27.31],[53.05,26.96],[53.88,26.6],[54.69,26.24],[55.33,26.04],[55.95,25.84],[55.95,25.84],[55.41,25.4],[54.8,25.07],[54.19,24.73],[54.04,24.66]]]}},{"type":"Feature","properties":{"ma":10,"type":"gpml:TopologicalClosedPlateBoundary","name":"Magallanes plate","pid":819,"deforming":false},"geometry":{"type":"Polygon","coordinates":[[[-46.85,-53.84],[-45.79,-53.86],[-45.73,-53.86],[-45.73,-53.86],[-46.16,-54.46],[-46.64,-55.18],[-47.12,-55.9],[-47.63,-56.62],[-48.67,-56.49],[-49.04,-57.21],[-49.43,-57.93],[-51.06,-57.68],[-52.67,-57.4],[-54.25,-57.1],[-54.66,-57.73],[-56.08,-57.43],[-57.47,-57.12],[-58.41,-57.96],[-58.9,-57.81],[-59.85,-58.59],[-60.26,-58.47],[-60.9,-58.99],[-61.8,-58.67],[-62.47,-59.17],[-63.16,-59.66],[-63.82,-59.87],[-63.82,-59.87],[-65.02,-59.44],[-66.01,-59.24],[-66.99,-59.03],[-67.73,-58.76],[-68.26,-58.54],[-68.37,-58.5],[-68.37,-58.5],[-68.14,-58.17],[-67.19,-57.55],[-66.27,-56.93],[-65.1,-57.26],[-64.16,-56.51],[-63.7,-56.6],[-62.77,-55.9],[-62.36,-55.58],[-62.36,-55.58],[-62.19,-55.62],[-61.7,-55.72],[-61.21,-55.81],[-60.88,-55.87],[-60.48,-55.93],[-59.84,-55.9],[-58.99,-55.85],[-58.52,-55.92],[-57.93,-56.01],[-57.04,-56.04],[-56.03,-55.81],[-54.99,-55.57],[-55.04,-55.26],[-55.04,-55.26],[-54.7,-55.27],[-54.61,-55.27],[-54.46,-55.27],[-54.21,-55.28],[-54.06,-55.27],[-53.89,-55.24],[-53.74,-55.21],[-53.65,-55.19],[-53.4,-55.1],[-53.07,-55.17],[-52.65,-55.26],[-52.39,-55.22],[-52.02,-55.16],[-51.65,-55.09],[-51.37,-55.04],[-51.25,-54.7],[-50.71,-54.6],[-50.37,-54.54],[-50,-54.48],[-49.93,-54.29],[-49.88,-54.14],[-49.42,-54.14],[-49.42,-54.14],[-49.02,-54.28],[-48.52,-54.3],[-48.12,-54.32],[-47.97,-54.32],[-47.49,-54.32],[-47.23,-54.31],[-47.12,-54.31],[-47.01,-54.31],[-46.75,-54.13],[-46.85,-53.84]]]}},{"type":"Feature","properties":{"ma":10,"type":"gpml:TopologicalClosedPlateBoundary","name":"Sandwich plate NW15","pid":815,"deforming":false},"geometry":{"type":"Polygon","coordinates":[[[-34.85,-60.31],[-34.85,-59.85],[-35.25,-59.84],[-35.31,-59.31],[-35.14,-59.3],[-35.14,-58.64],[-35.37,-58.64],[-35.43,-58.13],[-35.43,-58.13],[-35.68,-58.13],[-35.77,-57.89],[-36.06,-57.9],[-36.05,-57.61],[-36.04,-57.55],[-36.03,-57.49],[-35.68,-57.48],[-35.63,-57.33],[-35.62,-57.17],[-35.63,-57.09],[-35.63,-56.99],[-35.62,-56.9],[-35.61,-56.79],[-35.1,-56.72],[-35.05,-56.64],[-35.07,-56.54],[-35.09,-56.36],[-34.99,-56.24],[-35,-56.16],[-35,-56.16],[-34.77,-55.58],[-34.77,-55.58],[-33.91,-56.12],[-33.91,-56.12],[-33.86,-56.15],[-33.86,-56.15],[-33.56,-56.78],[-33.46,-57.32],[-33.36,-57.86],[-33.19,-58.51],[-33,-59.17],[-33.21,-59.67],[-33.42,-60.18],[-33.47,-60.23],[-33.47,-60.23],[-34.21,-60.28],[-34.56,-60.37],[-34.85,-60.31]]]}},{"type":"Feature","properties":{"ma":10,"type":"gpml:TopologicalClosedPlateBoundary","name":"","pid":781,"deforming":false},"geometry":{"type":"Polygon","coordinates":[[[124.17,-3.63],[124.27,-3.44],[124.55,-2.98],[124.82,-2.53],[125.23,-2.09],[125.64,-1.65],[125.83,-0.99],[126.02,-0.33],[126.25,0.2],[126.47,0.74],[126.47,0.74],[126.85,0.12],[127.56,-0.36],[128.26,-0.85],[128.97,-1.34],[129.63,-1.71],[130.28,-2.08],[130.94,-2.46],[130.93,-3.36],[130.93,-4.27],[130.92,-5.18],[131.04,-5.78],[131.04,-5.78],[130.81,-5.75],[130.81,-5.75],[130.07,-5.56],[129.32,-5.36],[128.58,-5.16],[127.84,-4.96],[126.92,-4.63],[126,-4.3],[125.08,-3.97],[124.17,-3.63]]]}},{"type":"Feature","properties":{"ma":10,"type":"gpml:TopologicalClosedPlateBoundary","name":"East Sulawesi","pid":566,"deforming":false},"geometry":{"type":"Polygon","coordinates":[[[119.07,-5.06],[118.97,-4.53],[118.87,-3.99],[118.81,-3.3],[118.74,-2.6],[118.68,-1.91],[118.39,-1.06],[118.39,-1.06],[118.98,-0.93],[119.58,-0.8],[120.22,-0.85],[120.86,-0.89],[121.84,-1.07],[122.81,-1.24],[123.76,-1.31],[124.71,-1.37],[125.66,-1.43],[125.7,-1.43],[125.7,-1.43],[125.64,-1.65],[125.23,-2.09],[124.82,-2.53],[124.55,-2.98],[124.27,-3.44],[124.17,-3.63],[124.17,-3.63],[125.08,-3.97],[126,-4.3],[126.92,-4.63],[127.84,-4.96],[128.22,-5.07],[128.22,-5.07],[127.72,-5.23],[127.22,-5.39],[126.41,-5.6],[125.6,-5.8],[124.79,-6.01],[124.79,-6.01],[124.24,-5.91],[123.34,-5.88],[122.44,-5.85],[121.54,-5.82],[120.72,-5.57],[119.89,-5.32],[119.07,-5.06]]]}},{"type":"Feature","properties":{"ma":10,"type":"gpml:TopologicalClosedPlateBoundary","name":"Pacific","pid":901,"deforming":false},"geometry":{"type":"MultiPolygon","coordinates":[[[[180,-49.29],[180,-50.27],[180,-51.26],[180,-52.25],[180,-53.24],[180,-54.23],[180,-55.21],[180,-56.2],[180,-57.19],[180,-58.18],[180,-59.17],[180,-60.16],[180,-61.14],[180,-62.13],[180,-63.12],[180,-64.11],[180,-65.1],[180,-66.09],[180,-67.07],[180,-68.06],[178.29,-68.6],[176.51,-69.13],[174.63,-69.63],[172.67,-70.11],[172.67,-70.11],[170.99,-69.47],[169.72,-68.99],[168.51,-68.5],[167.7,-68.08],[166.91,-67.65],[165.46,-66.85],[164.1,-66.04],[162.82,-65.22],[162.82,-65.22],[163.21,-64.75],[163.34,-63.87],[163.55,-63.24],[163.28,-62.6],[163.03,-61.96],[162.86,-61.77],[162.62,-61.42],[162,-61.18],[161.38,-60.81],[161,-60.45],[160.66,-59.99],[160.57,-59.66],[160.52,-59.33],[160.56,-59.07],[160.54,-58.88],[160.56,-58.83],[160.7,-58.72],[160.88,-58.52],[160.99,-58.27],[161.08,-58.06],[161.1,-57.88],[161.13,-57.77],[161.13,-57.7],[161.18,-57.65],[161.3,-57.63],[161.47,-57.62],[161.59,-57.6],[161.78,-57.51],[161.83,-57.49],[162.08,-57.4],[162.31,-57.34],[162.58,-57.1],[162.71,-56.93],[162.79,-56.75],[162.92,-56.49],[163.04,-56.21],[163.12,-55.9],[163.24,-55.57],[163.36,-55.35],[163.85,-54.85],[164.18,-54.55],[164.6,-54.27],[164.9,-54.05],[165.15,-53.84],[165.54,-53.56],[165.78,-53.41],[166.03,-53.1],[166.27,-52.75],[166.45,-52.48],[166.74,-52.11],[166.92,-51.9],[167.09,-51.71],[167.26,-51.54],[167.4,-51.4],[167.53,-51.31],[167.62,-51.22],[167.74,-51.13],[167.94,-51.01],[168.13,-50.81],[168.28,-50.62],[168.44,-50.34],[168.58,-50.11],[168.69,-49.91],[168.81,-49.7],[168.91,-49.47],[168.94,-49.42],[168.94,-49.42],[168.94,-49.41],[168.94,-49.14],[169.48,-48.45],[169.48,-48.45],[169.5,-48.78],[169.47,-49.09],[169.48,-49.4],[169.57,-49.77],[169.72,-50.23],[170.2,-50.89],[170.17,-51.15],[170.15,-51.32],[170.14,-51.44],[170.12,-51.54],[170.11,-51.65],[170.1,-51.76],[170.01,-52.04],[169.92,-52.31],[169.81,-52.7],[169.77,-52.92],[169.73,-53.18],[169.7,-53.36],[169.66,-53.62],[169.65,-53.76],[169.63,-53.83],[169.63,-53.87],[169.63,-53.87],[169.81,-53.76],[170.49,-53.33],[170.98,-53],[171.66,-52.55],[172.96,-52],[174.23,-51.43],[175.08,-50.97],[175.93,-50.5],[176.75,-50.02],[177.58,-49.59],[178.4,-49.15],[179.19,-48.73],[179.97,-48.31],[180,-48.3],[180,-49.29]]],[[[180,-41.25],[180,-42.24],[180,-43.23],[180,-44.22],[179.84,-44.26],[178.7,-44.48],[178.53,-44.53],[178.53,-44.53],[178.52,-44.48],[178.63,-44.38],[178.76,-44.25],[178.58,-44.28],[178.58,-44.28],[178.58,-44.28],[178.68,-44.1],[178.81,-43.87],[178.91,-43.7],[179.04,-43.47],[179.24,-43.13],[179.35,-42.71],[179.5,-42.13],[179.69,-41.45],[179.69,-41.45],[179.69,-41.45],[179.69,-41.45],[179.85,-40.85],[180,-40.26],[180,-41.25]]],[[[180,51.45],[180,50.46],[180,49.47],[180,48.48],[180,47.49],[180,46.5],[180,45.51],[180,44.52],[180,43.53],[180,42.54],[180,41.55],[180,40.56],[180,39.57],[180,38.58],[180,37.59],[180,36.6],[180,35.61],[180,34.62],[180,33.63],[180,32.64],[180,31.65],[180,30.65],[180,29.66],[180,28.67],[180,27.68],[180,26.69],[180,25.7],[180,24.71],[180,23.72],[180,22.73],[180,21.74],[180,20.75],[180,19.76],[180,18.77],[180,17.78],[180,16.79],[180,15.8],[180,14.81],[180,13.82],[180,12.83],[180,11.84],[180,10.85],[180,9.86],[180,8.87],[180,7.88],[180,6.89],[180,5.9],[180,4.91],[180,3.92],[180,2.93],[180,1.94],[180,0.95],[180,-0.04],[180,-1.03],[180,-2.02],[180,-3.01],[180,-4],[180,-4.99],[180,-5.99],[180,-6.98],[180,-7.97],[180,-8.96],[180,-9.95],[180,-10.94],[180,-11.93],[180,-12.92],[180,-13.91],[180,-14.9],[180,-15.89],[180,-16.88],[179.9,-16.82],[179.23,-16.79],[178.56,-16.75],[177.96,-16.67],[177.36,-16.59],[176.79,-16.56],[176.79,-16.56],[176.11,-16.12],[175.54,-15.63],[174.98,-15.14],[174.45,-14.39],[173.94,-13.91],[173.43,-13.42],[172.73,-12.87],[172.02,-12.32],[172.02,-12.32],[171.42,-12.63],[170.87,-12.8],[170.31,-12.98],[170.2,-12.95],[170.08,-12.98],[169.5,-13.04],[169.06,-13.1],[168.51,-13.17],[167.97,-13.24],[167.72,-13.21],[167.09,-13.01],[166.87,-12.92],[166.52,-12.61],[166.24,-12.39],[165.79,-12.11],[165.23,-11.74],[164.97,-11.55],[164.88,-11.44],[164.78,-11.37],[164.53,-11.25],[164.25,-11.18],[163.58,-10.77],[163.11,-10.5],[162.49,-10.2],[162.09,-9.8],[161.83,-9.47],[161.35,-9.06],[160.87,-8.66],[160.31,-8.22],[159.75,-7.79],[159.41,-7.48],[158.71,-7.18],[158.01,-6.88],[157.32,-6.58],[156.62,-6.27],[156.03,-5.85],[155.45,-5.42],[154.86,-4.99],[154.45,-4.51],[153.83,-4.19],[152.89,-4.07],[152.59,-4.01],[152.63,-3.45],[152.67,-2.88],[152.57,-2.03],[152.46,-1.18],[152.35,-0.33],[152.25,0.52],[152.14,1.37],[152.04,2.22],[152.04,3.15],[152.04,4.09],[151.91,4.87],[151.91,4.87],[151.09,4.9],[150.31,5.29],[149.53,5.69],[148.74,6.08],[147.95,6.47],[147.17,6.86],[146.38,7.25],[145.59,7.64],[145.59,7.64],[146.16,8.05],[146.75,8.46],[147.33,8.87],[147.77,9.68],[148.21,10.48],[148.32,11.42],[148.44,12.37],[148.52,13.01],[148.59,13.66],[148.67,14.25],[148.74,14.85],[148.66,15.36],[148.57,15.88],[148.25,16.42],[147.93,16.96],[147.42,17.52],[146.91,18.09],[146.49,18.64],[146.08,19.19],[145.67,19.75],[145.25,20.3],[144.94,20.62],[144.94,20.62],[144.91,21.26],[144.86,21.76],[144.81,22.26],[144.86,22.76],[144.9,23.27],[144.85,23.77],[144.8,24.27],[144.56,24.75],[144.32,25.23],[144.12,25.71],[143.92,26.2],[143.73,26.69],[143.53,27.17],[143.4,27.83],[143.26,28.49],[143.12,29.15],[143.07,29.64],[143.01,30.14],[142.96,30.64],[142.9,31.14],[142.7,31.95],[142.49,32.76],[142.34,33.65],[142.19,34.54],[142.01,35.31],[141.83,36.08],[141.75,36.95],[141.66,37.83],[141.49,38.32],[141.32,38.8],[141.32,38.8],[141.32,38.81],[141.59,39.68],[141.76,40.17],[141.93,40.66],[142.03,41.16],[142.13,41.67],[142.25,42.36],[142.3,42.56],[142.3,42.56],[142.85,42.97],[143.42,43.25],[143.99,43.53],[145.03,44.1],[146.1,44.67],[146.84,45.07],[147.59,45.47],[148.3,45.87],[149.02,46.26],[149.85,46.61],[150.69,46.95],[151.65,47.6],[152.65,48.25],[153.31,48.92],[153.97,49.49],[154.65,50.05],[155.64,50.69],[156.65,51.31],[157.69,51.92],[158.19,52.33],[158.7,52.73],[159.14,53.18],[159.6,53.63],[159.9,53.93],[159.9,53.93],[160.94,54.05],[161.99,54.15],[163.64,54.3],[165.31,54.42],[166.98,54.51],[167.9,54.48],[169.2,54.57],[169.98,54.69],[169.98,54.69],[170.78,54.38],[171.56,54.08],[172.96,53.7],[174.33,53.31],[175.68,52.9],[177.25,52.72],[178.81,52.52],[180,52.44],[180,51.45]]],[[[-180,-15.89],[-180,-14.9],[-180,-13.91],[-180,-12.92],[-180,-11.93],[-180,-10.94],[-180,-9.95],[-180,-8.96],[-180,-7.97],[-180,-6.98],[-180,-5.99],[-180,-4.99],[-180,-4],[-180,-3.01],[-180,-2.02],[-180,-1.03],[-180,-0.04],[-180,0.95],[-180,1.94],[-180,2.93],[-180,3.92],[-180,4.91],[-180,5.9],[-180,6.89],[-180,7.88],[-180,8.87],[-180,9.86],[-180,10.85],[-180,11.84],[-180,12.83],[-180,13.82],[-180,14.81],[-180,15.8],[-180,16.79],[-180,17.78],[-180,18.77],[-180,19.76],[-180,20.75],[-180,21.74],[-180,22.73],[-180,23.72],[-180,24.71],[-180,25.7],[-180,26.69],[-180,27.68],[-180,28.67],[-180,29.66],[-180,30.65],[-180,31.65],[-180,32.64],[-180,33.63],[-180,34.62],[-180,35.61],[-180,36.6],[-180,37.59],[-180,38.58],[-180,39.57],[-180,40.56],[-180,41.55],[-180,42.54],[-180,43.53],[-180,44.52],[-180,45.51],[-180,46.5],[-180,47.49],[-180,48.48],[-180,49.47],[-180,50.46],[-180,51.45],[-180,52.44],[-178.54,52.32],[-176.99,52.46],[-175.43,52.58],[-173.86,52.68],[-172.28,52.75],[-170.76,53.06],[-169.22,53.35],[-167.66,53.62],[-166.34,53.91],[-165,54.19],[-163.64,54.45],[-162.27,54.7],[-160.84,55.04],[-159.39,55.36],[-157.91,55.67],[-157.23,55.88],[-156.32,56.2],[-155.52,56.51],[-154.85,56.76],[-153.78,57.05],[-153.06,57.42],[-152.18,57.85],[-151.13,58.38],[-150.05,58.9],[-148.94,59.41],[-147.8,59.91],[-146.35,60.47],[-144.86,61.01],[-143.31,61.53],[-141.71,62.03],[-141.71,62.03],[-140.38,61.8],[-139.06,61.55],[-138.42,61.35],[-137.73,61.15],[-137.05,60.95],[-136.48,60.71],[-135.72,60.38],[-134.73,59.86],[-134.25,59.34],[-133.98,58.84],[-133.72,58.33],[-133.56,57.82],[-133.4,57.32],[-132.92,56.81],[-132.45,56.3],[-132.17,55.79],[-131.91,55.28],[-131.37,54.77],[-130.85,54.25],[-130.18,53.7],[-129.53,53.15],[-128.81,52.7],[-128.58,52.59],[-128.58,52.59],[-128.42,52.49],[-128.16,52.39],[-127.9,52.24],[-127.85,52.22],[-127.85,52.22],[-127.89,51.43],[-127.93,50.64],[-127.94,49.81],[-128.12,49.14],[-128.09,48.57],[-128.06,48],[-127.84,47.24],[-127.79,46.52],[-127.75,45.81],[-127.71,45.09],[-127.52,44.96],[-127.37,44.29],[-127.22,43.61],[-126.37,43.28],[-126.25,42.62],[-126.14,42.09],[-125.8,41.94],[-125.69,40.95],[-125.58,39.95],[-125.47,38.96],[-125.37,37.96],[-124.19,38.02],[-123.01,38.06],[-121.82,38.1],[-120.64,38.12],[-120.64,38.12],[-120.68,37.76],[-120.47,37.17],[-120.26,36.59],[-119.74,35.89],[-119.22,35.18],[-118.88,34.65],[-118.54,34.12],[-118.02,33.35],[-117.5,32.58],[-117.18,32.06],[-116.86,31.53],[-116.5,31.06],[-116.15,30.58],[-115.68,30.04],[-115.21,29.49],[-114.62,28.94],[-114.04,28.38],[-113.57,27.76],[-113.16,27.74],[-112.71,27.68],[-112.27,27.82],[-112.27,27.82],[-112.13,27.54],[-111.97,27.21],[-111.85,26.94],[-111.33,26.15],[-110.58,25.41],[-109.85,24.67],[-109.27,24.07],[-108.7,23.47],[-108.13,22.86],[-107.47,22.37],[-106.82,21.87],[-106.36,21.62],[-105.89,21.37],[-105.28,21.04],[-105.28,21.04],[-105.31,21.01],[-105.38,20.94],[-105.46,20.82],[-105.35,20.74],[-105.46,20.59],[-105.58,20.45],[-105.74,20.32],[-105.81,20.22],[-105.71,20.14],[-105.65,20.07],[-105.87,19.88],[-106.02,19.72],[-106.22,19.55],[-106.12,19.47],[-106.22,19.37],[-106.33,19.27],[-106.41,19.19],[-106.48,19.13],[-106.57,19.03],[-106.61,18.99],[-106.65,18.94],[-106.43,18.72],[-106.44,18.64],[-106.12,18.41],[-105.82,18.2],[-105.82,18.2],[-105.82,18.2],[-106,18.21],[-106.7,18.29],[-107.39,18.36],[-108.26,18.37],[-109,18.52],[-109.75,18.66],[-110.49,18.81],[-110.7,17.87],[-110.9,16.93],[-111.1,15.99],[-111.3,15.05],[-110.38,14.93],[-109.46,14.8],[-108.54,14.68],[-107.66,14.27],[-106.79,13.86],[-105.92,13.45],[-105,13.11],[-104.09,12.78],[-103.18,12.44],[-103.18,12.44],[-103.2,11.85],[-103.21,11.43],[-103.1,10.74],[-103.01,10.25],[-103.04,9.69],[-103.08,9.13],[-103.1,8.76],[-104.04,8.75],[-104.08,8.29],[-104.12,7.89],[-104.23,7.04],[-103.64,6.94],[-103.06,6.84],[-103.01,6.15],[-102.97,5.46],[-102.92,4.77],[-102.88,3.9],[-102.84,3.03],[-102.79,2.16],[-102.75,1.29],[-102.85,0.83],[-102.9,0.3],[-102.9,0.3],[-103.76,-0.02],[-104.61,-0.35],[-104.75,-1.15],[-104.89,-1.95],[-105.02,-2.75],[-105.16,-3.55],[-105.3,-4.35],[-105.3,-4.35],[-106.26,-4.56],[-107.23,-4.76],[-108.19,-4.96],[-109.15,-5.16],[-110.12,-5.35],[-110.09,-6.22],[-110.06,-7.09],[-110.03,-7.96],[-110.01,-8.83],[-109.98,-9.7],[-109.95,-10.57],[-110.49,-10.6],[-111.04,-10.62],[-111,-11.47],[-110.96,-12.31],[-110.92,-13.16],[-110.88,-14.01],[-111.74,-14.24],[-112.59,-14.47],[-113.45,-14.69],[-113.17,-15.49],[-112.89,-16.29],[-112.84,-16.29],[-112.84,-16.29],[-113.04,-17.2],[-113.25,-18.12],[-113.45,-19.03],[-113.66,-19.94],[-113.87,-20.85],[-114.09,-21.76],[-114.3,-22.67],[-114.52,-23.58],[-114.74,-24.49],[-114.97,-25.4],[-115.2,-26.31],[-115.43,-27.22],[-114.79,-27.34],[-114.15,-27.46],[-114.21,-28.42],[-114.27,-29.39],[-114.33,-30.35],[-114.39,-31.31],[-114.45,-32.28],[-114.51,-33.24],[-114.57,-34.21],[-114.64,-35.17],[-113.47,-35.36],[-112.3,-35.54],[-111.12,-35.71],[-109.93,-35.87],[-108.75,-36.01],[-107.55,-36.14],[-107.55,-36.14],[-107.61,-36.4],[-107.8,-37.39],[-108,-38.38],[-108.21,-39.36],[-108.42,-40.35],[-107.67,-40.42],[-106.93,-40.49],[-107.24,-41.45],[-107.56,-42.41],[-107.89,-43.37],[-108.24,-44.32],[-108.59,-45.28],[-108.95,-46.23],[-109.33,-47.18],[-109.73,-48.13],[-110.13,-49.08],[-110.56,-50.03],[-111,-50.98],[-112.17,-50.84],[-113.34,-50.69],[-114.5,-50.53],[-114.87,-51.35],[-115.25,-52.17],[-115.64,-52.98],[-116.05,-53.8],[-115.49,-53.86],[-115.92,-54.74],[-116.37,-55.61],[-116.98,-55.53],[-117.42,-56.38],[-117.88,-57.24],[-119.4,-57.01],[-120.9,-56.76],[-122.38,-56.5],[-122.7,-56.99],[-124.34,-56.74],[-125.97,-56.47],[-127.57,-56.17],[-129.15,-55.86],[-130.7,-55.53],[-132.23,-55.18],[-133.72,-54.8],[-134.23,-55.55],[-134.76,-56.3],[-135.32,-57.05],[-135.89,-57.79],[-136.49,-58.53],[-137.96,-58.24],[-139.4,-57.93],[-140.81,-57.61],[-142.2,-57.27],[-143.57,-56.91],[-144.22,-57.55],[-144.9,-58.18],[-145.61,-58.81],[-146.28,-58.65],[-147.03,-59.42],[-147.81,-60.18],[-148.64,-60.94],[-149.65,-60.69],[-150.57,-61.57],[-149.63,-61.79],[-150.51,-62.52],[-151.42,-63.24],[-152.38,-63.96],[-153.4,-64.67],[-155.01,-64.32],[-156.59,-63.96],[-158.12,-63.58],[-158.55,-63.9],[-159.63,-63.59],[-160.69,-63.27],[-161.51,-63.81],[-162.37,-64.33],[-163.96,-63.92],[-165.51,-63.5],[-166.72,-64.21],[-167.99,-64.91],[-169.32,-65.6],[-171.01,-65.13],[-172.5,-65.91],[-174.08,-66.67],[-175.73,-66.2],[-177.2,-67.01],[-177.2,-67.01],[-177.15,-67.06],[-178.55,-67.57],[-180,-68.06],[-180,-67.07],[-180,-66.09],[-180,-65.1],[-180,-64.11],[-180,-63.12],[-180,-62.13],[-180,-61.14],[-180,-60.16],[-180,-59.17],[-180,-58.18],[-180,-57.19],[-180,-56.2],[-180,-55.21],[-180,-54.23],[-180,-53.24],[-180,-52.25],[-180,-51.26],[-180,-50.27],[-180,-49.29],[-180,-48.3],[-179.2,-47.93],[-178.4,-47.55],[-177.5,-47.11],[-176.62,-46.66],[-175.85,-46.2],[-175.09,-45.73],[-174.56,-45.19],[-174.04,-44.64],[-173.6,-43.86],[-173.32,-43.49],[-173.14,-43.26],[-173.14,-43.26],[-173.31,-43.25],[-173.52,-43.23],[-173.81,-43.21],[-173.95,-43.2],[-174.07,-43.19],[-174.51,-43.15],[-174.93,-43.12],[-175.38,-43.08],[-175.84,-43.03],[-176.49,-42.97],[-177.16,-43.39],[-177.68,-43.71],[-178.94,-44],[-179.47,-44.11],[-180,-44.22],[-180,-43.23],[-180,-42.24],[-180,-41.25],[-180,-40.26],[-179.97,-40.16],[-179.55,-39.39],[-179.14,-38.62],[-178.74,-37.85],[-178.58,-37.26],[-178.42,-36.67],[-178.25,-36.43],[-178.12,-35.91],[-177.99,-35.4],[-177.83,-34.72],[-177.68,-34.04],[-177.57,-33.18],[-177.47,-32.33],[-177.37,-31.47],[-177.27,-30.61],[-177.18,-29.75],[-177.18,-29.75],[-177.47,-28.94],[-177.77,-28.12],[-178,-27.3],[-178.1,-26.61],[-178.2,-25.92],[-178.15,-25.14],[-178.09,-24.36],[-178.04,-23.59],[-178.15,-22.65],[-178.26,-21.71],[-178.37,-21.16],[-178.48,-20.61],[-178.24,-19.92],[-178.3,-19.41],[-178.36,-18.89],[-178.63,-18.43],[-178.9,-17.97],[-179.31,-17.28],[-180,-16.88],[-180,-15.89]]]]}},{"type":"Feature","properties":{"ma":10,"type":"gpml:TopologicalClosedPlateBoundary","name":"NAM","pid":101,"deforming":false},"geometry":{"type":"Polygon","coordinates":[[[-180,53.43],[-180,54.42],[-180,55.41],[-180,56.39],[-180,57.38],[-180,58.37],[-180,59.36],[-180,60.35],[-180,61.34],[-180,62.32],[-180,63.31],[-180,64.3],[-180,65.29],[-180,66.28],[-180,67.27],[-180,68.26],[-180,69.24],[-180,70.23],[-180,71.22],[-180,72.21],[-180,73.2],[-180,74.19],[-180,75.17],[-180,76.16],[-180,77.15],[-180,78.14],[-180,79.13],[-180,80.12],[-180,81.1],[-180,82.09],[-180,83.08],[-180,84.07],[-180,85.06],[-180,86.05],[-180,87.03],[-180,88.02],[-180,89.01],[-180,90],[180,90],[180,89.01],[180,88.02],[180,87.03],[180,86.05],[180,85.06],[180,84.07],[180,83.08],[180,82.09],[180,81.1],[180,80.12],[180,79.13],[180,78.14],[180,77.15],[180,76.16],[180,75.17],[180,74.19],[180,73.2],[180,72.21],[180,71.22],[180,70.23],[180,69.24],[180,68.26],[180,67.27],[180,66.28],[180,65.29],[180,64.3],[180,63.31],[180,62.32],[180,61.34],[180,60.35],[180,59.36],[180,58.37],[180,57.38],[180,56.39],[180,55.41],[180,54.42],[180,53.43],[180,52.44],[178.81,52.52],[177.25,52.72],[175.68,52.9],[174.33,53.31],[172.96,53.7],[171.56,54.08],[170.43,54.52],[169.26,54.95],[168.08,55.37],[166.87,55.78],[165.83,56.23],[164.76,56.67],[163.67,57.1],[163.67,57.1],[162.93,57.79],[162.26,58.55],[162.26,58.55],[162.35,58.66],[162.76,59.46],[162.76,59.46],[163.9,59.9],[165.07,60.32],[166.27,60.73],[167.26,61.32],[168.29,61.9],[169.36,62.48],[170.47,63.04],[169,63.16],[166.88,62.91],[165.18,62.64],[163.6,62.36],[162.75,62.2],[161.41,62.38],[160.05,62.54],[160.05,62.54],[160.37,63.17],[158.54,63.52],[156.99,63.8],[156.16,63.94],[155.04,64.11],[153.93,64.28],[152.81,64.44],[152.16,64.95],[151.49,65.45],[150.86,65.9],[150.21,66.35],[150.56,67.02],[150.93,67.69],[151.32,68.36],[153.04,68.81],[154.82,69.24],[156.68,69.65],[158.6,70.04],[159.66,70.94],[160.81,71.84],[160.81,71.84],[158.12,72.25],[155.31,72.62],[152.39,72.96],[149.36,73.25],[146.24,73.49],[143.04,73.69],[140.88,73.48],[138.79,73.24],[138.04,73.02],[138.04,73.02],[134.77,73.15],[134.77,73.15],[136.52,73.91],[137.42,74.86],[135.26,75.5],[132.91,76.11],[132.87,76.65],[132.83,77.2],[134.83,78.1],[137.15,78.97],[138.67,79.88],[140.48,80.79],[142.68,81.68],[145.39,82.55],[146.02,83.46],[146.85,84.36],[148,85.27],[149.68,86.17],[149.25,86.78],[148.62,87.39],[149.54,87.51],[150.11,87.58],[150.85,87.67],[151.71,87.76],[153.34,87.84],[155.24,88],[158.38,88.23],[164.12,88.5],[164.12,88.5],[136.03,88.47],[113.84,88.13],[99.9,87.6],[99.9,87.6],[100.02,87.6],[106.96,87.48],[112.84,87.29],[117.52,87.04],[120.02,86.91],[122.48,86.58],[125.55,86.24],[127.15,85.98],[124.16,85.4],[124.49,84.58],[126.14,83.83],[127.43,83.08],[128.4,82.27],[129.18,81.47],[128.36,80.92],[127.63,80.37],[125.18,79.77],[123.01,79.15],[121.27,78.56],[119.93,78.2],[119.93,78.2],[119.78,78.26],[119.24,78.85],[118.94,79.3],[118.68,79.67],[117.84,80.26],[116.87,80.6],[115.85,80.83],[114.58,81.06],[112.82,81.42],[112.63,81.76],[110.08,82.4],[108.64,82.64],[107.8,82.98],[106.49,83.38],[105.26,83.69],[102.77,84.06],[101.07,84.34],[94.06,84.77],[87.63,85.07],[84.79,85.22],[80.72,85.35],[77.32,85.35],[74.03,85.45],[65.68,85.49],[61.81,85.48],[56.27,85.56],[51.89,85.65],[47.59,85.79],[43.56,85.97],[40.36,86],[37.32,86.12],[35.18,86.17],[33.45,86.03],[32.07,85.91],[28.77,85.72],[25.91,85.47],[22.63,85.21],[19.93,84.85],[17.95,84.67],[15.94,84.58],[12.76,84.42],[10.43,84.31],[7.85,84.07],[4.72,83.71],[2.27,83.41],[0.45,83.11],[-0.95,82.85],[-2.76,82.57],[-5.23,82.17],[-7.34,81.75],[-8.83,81.15],[-8.55,81.01],[-8.55,81.01],[-8.12,80.84],[-7.76,80.64],[-7.36,80.45],[-7.1,80.31],[-6.72,80.22],[-5.66,79.93],[-4.57,79.69],[-3.38,79.28],[-3.21,79.07],[-3.55,78.86],[-3.61,78.74],[-3.57,78.64],[-1.73,78.39],[0.41,77.8],[0.04,77.56],[0.26,77.53],[-0.07,77.38],[1.67,77.06],[2.74,76.85],[3.67,76.64],[3.14,75.98],[4.22,75.76],[4.16,75.34],[4.45,75.16],[4.15,75.03],[3.93,74.83],[3.93,74.61],[4.12,74.42],[3.76,74.24],[4.59,74.04],[3.85,73.75],[3.66,73.6],[4.71,73.38],[4.42,73.16],[5.32,73.01],[5.5,72.82],[5.36,72.68],[6.21,72.43],[5.72,72.19],[5.56,72.01],[4.79,71.82],[4.19,71.68],[3.39,71.48],[2.59,71.31],[1.81,71.19],[0.94,71.04],[0.11,70.88],[-0.81,70.73],[-1.75,70.5],[-2.47,70.43],[-3.26,70.33],[-3.88,70.18],[-4.54,70.06],[-5.47,69.91],[-6.52,69.76],[-7.12,69.72],[-7.12,69.72],[-9.76,70.06],[-12.48,70.35],[-12.8,70.31],[-13.17,70.07],[-13.43,69.76],[-13.75,69.42],[-13.99,69.16],[-14.31,68.84],[-14.61,68.56],[-14.93,68.33],[-15.35,68.1],[-15.71,67.83],[-16.15,67.54],[-16.56,67.29],[-16.88,66.98],[-17.12,66.7],[-17.22,66.45],[-17.36,66.17],[-17.47,65.8],[-17.42,65.47],[-17.47,65.13],[-17.22,64.54],[-17.18,64.45],[-17.18,64.45],[-18.19,64.12],[-19.08,63.88],[-19.53,63.74],[-20.19,63.57],[-21.09,63.33],[-21.84,63.01],[-22.95,62.48],[-24.03,61.95],[-24.91,61.43],[-25.76,60.9],[-26.58,60.37],[-27.4,59.81],[-28.2,59.26],[-28.97,58.69],[-30.09,57.92],[-30.67,57.47],[-31.25,57.01],[-31.69,56.76],[-32.68,56.03],[-32.98,56.07],[-33.39,55.34],[-33.55,55.37],[-33.69,55.16],[-33.69,55.14],[-33.69,55.14],[-33.71,55.14],[-34.54,55.19],[-34.87,54.36],[-35.19,53.52],[-35.35,52.71],[-35.51,51.89],[-35.66,51.08],[-35.66,51.08],[-35.14,51.05],[-33.63,50.9],[-32.13,50.74],[-31.29,50.73],[-30.44,50.72],[-30.36,50.72],[-30.36,50.72],[-30.38,50.56],[-30.44,49.65],[-30.16,49.56],[-30.11,48.72],[-28.76,48.51],[-28.6,47.84],[-28.52,47.73],[-28.4,47.6],[-28.27,47.44],[-28.16,47.27],[-28.13,47.13],[-28.15,46.96],[-27.96,46.92],[-27.97,46.72],[-27.89,46.61],[-27.83,46.53],[-27.78,46.44],[-27.59,45.71],[-27.62,45.24],[-27.75,44.68],[-28.08,43.9],[-28.38,43.39],[-28.68,42.88],[-28.79,42.89],[-28.79,42.89],[-28.9,42.56],[-28.98,42.4],[-29.26,42.44],[-29.5,41.7],[-29.51,41.42],[-29.56,41.07],[-29.52,40.9],[-29.5,40.67],[-29.54,40.42],[-29.59,40.2],[-29.71,39.93],[-29.77,39.78],[-29.78,39.62],[-29.6,39.56],[-29.71,39.24],[-29.75,39.04],[-29.95,39.06],[-30.04,38.38],[-30.13,37.7],[-30.31,37.73],[-30.66,37.06],[-30.84,36.71],[-30.98,36.71],[-31.39,35.97],[-31.71,36],[-31.84,35.67],[-33.01,35.93],[-33.16,35.53],[-33.32,35.55],[-33.44,35.14],[-33.53,35.15],[-33.68,34.87],[-33.92,34.92],[-34.09,34.67],[-34.37,34.04],[-34.71,34.1],[-34.98,33.45],[-35.6,33.59],[-36.22,33.71],[-36.42,33.11],[-37.01,33.22],[-37.21,32.6],[-37.55,32.67],[-37.89,32],[-37.95,32.01],[-38.72,32.16],[-39.49,32.3],[-39.9,31.68],[-39.73,31.63],[-40.22,31.01],[-40.7,30.4],[-41.17,29.77],[-41.32,29.8],[-41.62,29.4],[-41.75,29.42],[-42.39,28.62],[-42.81,28.7],[-43.1,28.07],[-43.26,28.1],[-43.62,27.45],[-43.92,27.51],[-44.23,26.81],[-44.53,26.11],[-44.83,25.41],[-45.13,24.7],[-45.21,24.71],[-45.6,23.9],[-45.95,23.97],[-46.24,23.27],[-46.55,23.34],[-46.82,22.65],[-46.21,22.49],[-45.6,22.33],[-45.64,21.83],[-45.69,21.33],[-45.73,21.33],[-45.82,20.53],[-46.13,20.59],[-46.29,20],[-46.45,19.41],[-46.14,19.32],[-46.35,18.51],[-46.39,18.52],[-46.54,17.64],[-46.71,17.09],[-46.79,17.11],[-47,16.35],[-46.95,16.33],[-47.17,15.46],[-47.39,14.6],[-47.39,14.6],[-48.2,14.78],[-49.2,14.87],[-50.19,14.96],[-51.16,15.25],[-52.14,15.55],[-53.16,15.55],[-54.18,15.56],[-55.2,15.55],[-56.21,15.54],[-57.21,15.51],[-58.22,15.48],[-58.77,15.44],[-59.32,15.39],[-59.32,15.39],[-59.58,15.98],[-59.83,16.57],[-60.47,17.21],[-61.12,17.85],[-61.77,18.49],[-62.54,18.55],[-63.31,18.62],[-64.09,18.68],[-65.13,18.77],[-66.17,18.84],[-67.22,18.92],[-68.16,18.94],[-69.11,18.95],[-70.05,18.97],[-70.91,18.97],[-71.77,18.97],[-72.64,18.97],[-73.5,18.96],[-74.42,18.9],[-75.34,18.84],[-76.25,18.77],[-77.14,18.69],[-78.03,18.61],[-78.92,18.53],[-79.73,18.45],[-80.54,18.36],[-81.36,18.27],[-81.59,18.24],[-81.59,18.24],[-81.58,18.19],[-81.41,17.34],[-81.41,17.34],[-82.22,17.25],[-83.03,17.16],[-83.91,16.93],[-84.8,16.7],[-85.72,16.37],[-86.64,16.03],[-87.44,15.81],[-88.25,15.59],[-89.06,15.51],[-89.87,15.42],[-90.61,15.39],[-91.34,15.35],[-92.07,15.32],[-92.07,15.32],[-92.33,15.56],[-92.98,16.09],[-93.64,16.62],[-94.07,17.03],[-94.47,17.48],[-94.87,17.93],[-95.35,18.54],[-95.59,18.93],[-95.64,19.39],[-95.53,19.61],[-96.18,20.21],[-96.83,20.81],[-97.24,21.66],[-97.65,22.51],[-97.83,23.25],[-98.01,23.99],[-98.2,24.74],[-98.43,25.21],[-98.66,25.68],[-98.36,25.99],[-98.47,26.73],[-98.9,27.14],[-99.33,27.54],[-99.85,28.02],[-99.77,28.98],[-100.21,29.79],[-100.48,30.24],[-100.75,30.69],[-100.88,30.76],[-100.92,30.77],[-100.97,30.76],[-100.99,30.76],[-101.03,30.76],[-101.06,30.75],[-101.08,30.75],[-101.11,30.75],[-101.15,30.74],[-101.22,30.77],[-101.35,30.85],[-101.43,30.89],[-101.49,30.91],[-101.55,30.91],[-101.6,30.91],[-101.66,30.89],[-101.68,30.89],[-101.69,30.88],[-101.82,30.85],[-101.89,30.82],[-101.93,30.88],[-101.95,30.93],[-101.97,30.99],[-102.01,31.07],[-102.01,31.08],[-102.06,31.1],[-102.11,31.12],[-102.15,31.15],[-102.15,31.17],[-102.13,31.19],[-102.13,31.21],[-102.13,31.23],[-102.15,31.25],[-102.18,31.27],[-102.22,31.29],[-102.27,31.31],[-102.31,31.34],[-102.33,31.33],[-102.34,31.31],[-102.35,31.3],[-102.35,31.29],[-102.35,31.28],[-102.39,31.26],[-102.39,31.25],[-102.41,31.27],[-102.54,31.37],[-102.57,31.39],[-102.58,31.4],[-102.59,31.4],[-102.61,31.41],[-102.72,31.48],[-102.79,31.51],[-102.87,31.55],[-103,31.61],[-103.05,31.62],[-103.12,31.65],[-103.19,31.65],[-103.18,31.67],[-103.19,31.71],[-103.25,31.78],[-103.28,31.82],[-103.33,31.91],[-103.33,31.91],[-103.34,31.93],[-103.4,32],[-103.47,32.11],[-103.51,32.19],[-103.56,32.26],[-103.57,32.36],[-103.59,32.49],[-103.61,32.57],[-103.64,32.65],[-103.67,32.69],[-103.69,32.64],[-103.69,32.56],[-103.71,32.46],[-103.71,32.45],[-103.79,32.28],[-103.8,32.25],[-103.8,32.18],[-103.79,32.14],[-103.77,32.09],[-103.72,32.08],[-103.7,32.07],[-103.64,32.03],[-103.6,32.01],[-103.56,31.99],[-103.52,31.96],[-103.51,31.94],[-103.48,31.77],[-103.48,31.71],[-103.42,31.72],[-103.41,31.71],[-103.33,31.7],[-103.38,31.62],[-103.38,31.62],[-103.4,31.57],[-103.42,31.52],[-103.44,31.5],[-103.48,31.44],[-103.48,31.4],[-103.48,31.36],[-103.47,31.36],[-103.48,31.35],[-103.54,31.31],[-103.55,31.31],[-103.55,31.31],[-103.56,31.38],[-103.59,31.42],[-103.63,31.46],[-103.69,31.5],[-103.74,31.54],[-103.78,31.59],[-103.79,31.61],[-103.84,31.64],[-103.85,31.65],[-103.9,31.67],[-103.95,31.7],[-103.98,31.73],[-104.02,31.73],[-104.09,31.73],[-104.19,31.7],[-104.23,31.74],[-104.28,31.8],[-104.39,31.89],[-104.44,31.94],[-104.47,31.97],[-104.52,32.02],[-104.56,32.05],[-104.58,32.09],[-104.61,32.11],[-104.67,32.16],[-104.72,32.21],[-104.73,32.23],[-104.74,32.25],[-104.75,32.29],[-104.75,32.35],[-104.75,32.41],[-104.75,32.47],[-104.72,32.5],[-104.7,32.52],[-104.67,32.55],[-104.66,32.56],[-104.65,32.57],[-104.64,32.6],[-104.61,32.64],[-104.58,32.67],[-104.55,32.71],[-104.51,32.73],[-104.48,32.76],[-104.45,32.77],[-104.43,32.79],[-104.41,32.82],[-104.41,32.84],[-104.39,32.88],[-104.38,32.91],[-104.36,32.94],[-104.35,32.96],[-104.36,32.98],[-104.35,33.01],[-104.35,33.05],[-104.35,33.08],[-104.36,33.11],[-104.39,33.13],[-104.41,33.15],[-104.41,33.19],[-104.39,33.24],[-104.39,33.29],[-104.39,33.35],[-104.39,33.38],[-104.4,33.42],[-104.41,33.46],[-104.42,33.5],[-104.45,33.55],[-104.46,33.59],[-104.47,33.65],[-104.51,33.76],[-104.55,33.83],[-104.57,33.86],[-104.59,33.87],[-104.6,33.87],[-104.6,33.87],[-104.59,33.91],[-104.58,33.93],[-104.57,33.96],[-104.56,33.97],[-104.54,33.98],[-104.51,34],[-104.48,34.02],[-104.44,34.05],[-104.39,34.09],[-104.36,34.11],[-104.34,34.14],[-104.32,34.17],[-104.32,34.2],[-104.32,34.22],[-104.33,34.24],[-104.34,34.25],[-104.32,34.27],[-104.32,34.29],[-104.32,34.32],[-104.34,34.34],[-104.35,34.37],[-104.37,34.39],[-104.38,34.41],[-104.42,34.41],[-104.45,34.41],[-104.48,34.41],[-104.51,34.42],[-104.53,34.41],[-104.55,34.39],[-104.57,34.38],[-104.58,34.36],[-104.57,34.34],[-104.54,34.33],[-104.52,34.33],[-104.51,34.31],[-104.5,34.31],[-104.5,34.31],[-104.5,34.3],[-104.49,34.28],[-104.49,34.27],[-104.49,34.26],[-104.49,34.26],[-104.49,34.26],[-104.5,34.25],[-104.52,34.24],[-104.53,34.23],[-104.54,34.21],[-104.55,34.19],[-104.55,34.17],[-104.55,34.15],[-104.55,34.13],[-104.58,34.11],[-104.59,34.09],[-104.61,34.05],[-104.63,34.03],[-104.65,34.05],[-104.67,34.07],[-104.69,34.09],[-104.71,34.12],[-104.74,34.15],[-104.75,34.18],[-104.77,34.2],[-104.79,34.21],[-104.81,34.24],[-104.81,34.25],[-104.81,34.25],[-104.8,34.34],[-104.79,34.44],[-104.77,34.5],[-104.76,34.56],[-104.75,34.59],[-104.76,34.62],[-104.78,34.63],[-104.8,34.63],[-104.82,34.63],[-104.85,34.61],[-104.86,34.59],[-104.87,34.56],[-104.89,34.55],[-104.9,34.57],[-104.91,34.58],[-104.93,34.58],[-104.94,34.56],[-104.94,34.54],[-104.95,34.52],[-104.97,34.49],[-104.98,34.46],[-104.97,34.44],[-104.95,34.41],[-104.95,34.4],[-104.95,34.38],[-104.96,34.38],[-104.98,34.39],[-105,34.41],[-105.02,34.42],[-105.04,34.45],[-105.05,34.45],[-105.08,34.44],[-105.12,34.43],[-105.12,34.36],[-105.12,34.33],[-105.11,34.29],[-105.12,34.28],[-105.14,34.29],[-105.16,34.3],[-105.18,34.31],[-105.19,34.33],[-105.2,34.39],[-105.19,34.44],[-105.19,34.48],[-105.19,34.51],[-105.2,34.52],[-105.21,34.55],[-105.22,34.6],[-105.22,34.6],[-105.22,34.61],[-105.19,34.65],[-105.17,34.68],[-105.14,34.72],[-105.1,34.75],[-105.09,34.75],[-105.09,34.75],[-105.07,34.77],[-105.07,34.77],[-105.07,34.78],[-105.05,34.79],[-105.04,34.8],[-105.02,34.81],[-105.01,34.81],[-104.98,34.81],[-104.96,34.82],[-104.94,34.9],[-104.9,34.97],[-104.88,35.02],[-104.86,35.06],[-104.83,35.11],[-104.79,35.17],[-104.82,35.19],[-104.82,35.21],[-104.82,35.23],[-104.82,35.26],[-104.81,35.32],[-104.81,35.4],[-104.82,35.5],[-104.81,35.51],[-104.77,35.54],[-104.7,35.61],[-104.61,35.7],[-104.5,35.78],[-104.37,35.85],[-104.22,35.93],[-104.14,35.99],[-104.13,36.05],[-104.12,36.05],[-104.12,36.06],[-104.11,36.1],[-104.11,36.14],[-104.1,36.14],[-104.1,36.15],[-104.06,36.25],[-104.02,36.34],[-103.99,36.36],[-103.97,36.38],[-103.96,36.4],[-103.95,36.42],[-103.95,36.45],[-103.94,36.48],[-103.94,36.49],[-103.96,36.49],[-103.95,36.54],[-103.94,36.61],[-103.93,36.66],[-103.93,36.7],[-103.92,36.75],[-103.91,36.84],[-103.88,36.95],[-103.87,36.97],[-103.87,36.98],[-103.87,36.97],[-103.86,36.96],[-103.85,36.95],[-103.84,36.93],[-103.82,36.9],[-103.81,36.89],[-103.79,36.91],[-103.76,36.93],[-103.73,36.94],[-103.72,36.94],[-103.68,36.93],[-103.65,36.93],[-103.65,36.93],[-103.62,36.92],[-103.59,36.91],[-103.58,36.89],[-103.57,36.88],[-103.57,36.88],[-103.56,36.88],[-103.55,36.89],[-103.52,36.91],[-103.49,36.91],[-103.46,36.91],[-103.46,36.91],[-103.46,36.92],[-103.45,36.91],[-103.41,36.9],[-103.39,36.89],[-103.36,36.88],[-103.37,36.85],[-103.36,36.83],[-103.34,36.8],[-103.33,36.77],[-103.33,36.8],[-103.31,36.83],[-103.28,36.84],[-103.26,36.86],[-103.26,36.88],[-103.24,36.9],[-103.21,36.92],[-103.21,36.94],[-103.22,36.98],[-103.2,36.99],[-103.17,36.98],[-103.16,36.98],[-103.14,37],[-103.14,37.01],[-103.12,37.01],[-103.08,37.02],[-103.06,37.04],[-103.05,37.06],[-103.04,37.09],[-103.03,37.11],[-103.02,37.1],[-103,37.1],[-102.96,37.11],[-102.93,37.11],[-102.92,37.11],[-102.91,37.14],[-102.89,37.16],[-102.88,37.17],[-102.84,37.17],[-102.83,37.18],[-102.81,37.19],[-102.8,37.21],[-102.76,37.23],[-102.75,37.24],[-102.74,37.27],[-102.72,37.28],[-102.7,37.29],[-102.69,37.27],[-102.67,37.26],[-102.64,37.26],[-102.59,37.25],[-102.55,37.26],[-102.49,37.26],[-102.44,37.25],[-102.4,37.23],[-102.36,37.23],[-102.33,37.22],[-102.32,37.23],[-102.31,37.23],[-102.32,37.23],[-102.3,37.25],[-102.29,37.25],[-102.29,37.26],[-102.29,37.27],[-102.3,37.29],[-102.3,37.31],[-102.29,37.33],[-102.29,37.33],[-102.29,37.34],[-102.3,37.34],[-102.29,37.36],[-102.28,37.36],[-102.26,37.37],[-102.31,37.39],[-102.37,37.42],[-102.41,37.45],[-102.44,37.52],[-102.47,37.58],[-102.52,37.64],[-102.58,37.67],[-102.65,37.73],[-102.69,37.77],[-102.71,37.82],[-102.74,37.88],[-102.78,37.94],[-102.81,37.99],[-102.85,38.01],[-102.87,38.01],[-102.9,38.06],[-102.92,38.09],[-102.96,38.12],[-103.01,38.15],[-103.05,38.17],[-103.09,38.17],[-103.11,38.18],[-103.13,38.17],[-103.14,38.15],[-103.15,38.14],[-103.16,38.13],[-103.17,38.12],[-103.2,38.13],[-103.21,38.13],[-103.24,38.14],[-103.26,38.18],[-103.28,38.2],[-103.26,38.2],[-103.24,38.19],[-103.23,38.18],[-103.22,38.19],[-103.2,38.19],[-103.19,38.21],[-103.18,38.26],[-103.17,38.29],[-103.17,38.32],[-103.17,38.33],[-103.17,38.33],[-103.18,38.35],[-103.19,38.37],[-103.17,38.37],[-103.14,38.38],[-103.1,38.37],[-103.13,38.41],[-103.16,38.45],[-103.21,38.47],[-103.2,38.49],[-103.2,38.5],[-103.2,38.52],[-103.22,38.52],[-103.25,38.52],[-103.27,38.55],[-103.28,38.59],[-103.33,38.67],[-103.38,38.74],[-103.41,38.78],[-103.44,38.8],[-103.47,38.84],[-103.49,38.87],[-103.48,38.9],[-103.47,38.97],[-103.45,39],[-103.43,39.01],[-103.42,39.01],[-103.39,39],[-103.36,38.96],[-103.35,38.94],[-103.33,38.94],[-103.29,38.95],[-103.25,38.98],[-103.18,39.02],[-103.1,39.05],[-103.01,39.08],[-103.02,39.17],[-103.01,39.18],[-103.02,39.33],[-103.03,39.47],[-103.03,39.53],[-103.02,39.6],[-103.04,39.62],[-103.1,39.69],[-103.15,39.76],[-103.16,39.8],[-103.16,39.81],[-103.16,39.81],[-103.18,39.89],[-103.21,39.96],[-103.25,40.04],[-103.28,40.14],[-103.31,40.23],[-103.33,40.27],[-103.35,40.3],[-103.36,40.32],[-103.38,40.33],[-103.38,40.34],[-103.39,40.34],[-103.4,40.36],[-103.42,40.46],[-103.42,40.54],[-103.42,40.55],[-103.42,40.56],[-103.43,40.59],[-103.42,40.62],[-103.4,40.64],[-103.38,40.65],[-103.39,40.67],[-103.39,40.68],[-103.37,40.7],[-103.37,40.72],[-103.35,40.75],[-103.35,40.76],[-103.35,40.76],[-103.35,40.77],[-103.32,40.8],[-103.3,40.83],[-103.28,40.86],[-103.28,40.89],[-103.29,40.9],[-103.25,40.9],[-103.23,40.9],[-103.24,40.92],[-103.24,40.94],[-103.24,40.98],[-103.23,41.01],[-103.25,41.04],[-103.27,41.09],[-103.29,41.15],[-103.29,41.23],[-103.29,41.28],[-103.29,41.28],[-103.3,41.29],[-103.3,41.3],[-103.27,41.31],[-103.25,41.32],[-103.23,41.35],[-103.22,41.4],[-103.21,41.43],[-103.21,41.44],[-103.2,41.44],[-103.18,41.46],[-103.17,41.49],[-103.18,41.52],[-103.15,41.57],[-103.15,41.57],[-103.14,41.61],[-103.14,41.63],[-103.15,41.68],[-103.17,41.77],[-103.2,41.84],[-103.21,41.87],[-103.24,41.96],[-103.24,41.97],[-103.25,41.97],[-103.27,42.01],[-103.18,42.13],[-103.13,42.18],[-103.15,42.23],[-103.17,42.25],[-103.16,42.25],[-103.12,42.32],[-103.06,42.33],[-103,42.39],[-103,42.46],[-103.07,42.5],[-103.11,42.5],[-103.1,42.55],[-103.09,42.59],[-103.07,42.62],[-103.05,42.66],[-103.08,42.72],[-103.09,42.72],[-103.08,42.74],[-103.1,42.79],[-103.13,42.81],[-103.14,42.82],[-103.15,42.83],[-103.17,42.84],[-103.16,42.87],[-103.17,42.91],[-103.17,42.94],[-103.21,42.98],[-103.26,43],[-103.26,43.01],[-103.21,43.12],[-103.26,43.16],[-103.28,43.17],[-103.29,43.18],[-103.29,43.19],[-103.35,43.2],[-103.36,43.2],[-103.49,43.22],[-103.55,43.22],[-103.54,43.21],[-103.55,43.2],[-103.55,43.18],[-103.57,43.18],[-103.62,43.18],[-103.67,43.17],[-103.71,43.15],[-103.72,43.15],[-103.73,43.14],[-103.81,43.11],[-103.95,43.09],[-104.04,43.07],[-104.11,43.06],[-104.15,43.06],[-104.19,43.06],[-104.16,43.04],[-104.13,43.01],[-104.09,43],[-104.04,43.01],[-104.02,42.99],[-103.99,42.96],[-103.95,42.92],[-103.94,42.91],[-103.94,42.91],[-103.96,42.89],[-103.98,42.84],[-103.98,42.8],[-103.95,42.78],[-103.95,42.76],[-103.97,42.73],[-103.98,42.71],[-103.92,42.66],[-103.88,42.61],[-103.86,42.58],[-103.82,42.56],[-103.81,42.53],[-103.79,42.48],[-103.8,42.44],[-103.93,42.37],[-103.89,42.35],[-103.84,42.34],[-103.74,42.32],[-103.7,42.31],[-103.63,42.28],[-103.6,42.24],[-103.61,42.2],[-103.59,42.16],[-103.6,42.12],[-103.6,42.01],[-103.61,41.94],[-103.63,41.84],[-103.61,41.84],[-103.58,41.82],[-103.58,41.79],[-103.6,41.76],[-103.61,41.74],[-103.63,41.71],[-103.65,41.69],[-103.69,41.67],[-103.72,41.65],[-103.74,41.64],[-103.77,41.63],[-103.8,41.61],[-103.84,41.59],[-103.87,41.58],[-103.9,41.57],[-103.93,41.58],[-103.95,41.59],[-103.97,41.59],[-103.99,41.61],[-104.01,41.62],[-104.04,41.63],[-104.07,41.66],[-104.04,41.66],[-104.02,41.66],[-104.02,41.67],[-104.01,41.69],[-104.02,41.71],[-104.03,41.73],[-104.03,41.76],[-104.03,41.79],[-104.03,41.79],[-104.03,41.79],[-104.03,41.81],[-104.03,41.82],[-104.03,41.82],[-104.03,41.84],[-104.05,41.86],[-104.11,41.87],[-104.15,41.87],[-104.19,41.85],[-104.21,41.83],[-104.22,41.81],[-104.25,41.8],[-104.27,41.8],[-104.28,41.8],[-104.29,41.81],[-104.29,41.8],[-104.45,41.68],[-104.53,41.65],[-104.53,41.64],[-104.54,41.64],[-104.6,41.61],[-104.63,41.6],[-104.64,41.6],[-104.67,41.59],[-104.68,41.59],[-104.69,41.59],[-104.74,41.59],[-104.82,41.6],[-104.82,41.6],[-104.83,41.6],[-104.89,41.61],[-104.96,41.63],[-105.05,41.63],[-105.14,41.63],[-105.19,41.62],[-105.18,41.62],[-105.14,41.58],[-105.12,41.55],[-105.1,41.53],[-105.09,41.49],[-105.08,41.49],[-105.07,41.48],[-105.07,41.48],[-105.07,41.45],[-105.06,41.42],[-105.04,41.39],[-105.03,41.37],[-104.99,41.35],[-104.98,41.29],[-104.99,41.24],[-105,41.19],[-105.01,41.16],[-105.01,41.12],[-104.99,41.1],[-104.98,41.08],[-104.96,41.06],[-105.73,41.04],[-105.73,41.04],[-105.73,41.04],[-105.75,41.05],[-105.78,41.07],[-105.83,41.07],[-105.88,41.07],[-105.97,41.08],[-106.06,41.08],[-106.15,41.08],[-106.24,41.08],[-106.31,41.09],[-106.51,41.16],[-106.5,41.2],[-106.5,41.22],[-106.46,41.19],[-106.44,41.19],[-106.44,41.22],[-106.44,41.23],[-106.45,41.28],[-106.5,41.35],[-106.56,41.4],[-106.67,41.47],[-106.8,41.51],[-106.88,41.54],[-106.92,41.55],[-107.05,41.57],[-107.27,41.59],[-107.44,41.59],[-107.64,41.56],[-107.72,41.55],[-107.74,41.55],[-107.78,41.56],[-107.82,41.58],[-107.87,41.58],[-107.9,41.58],[-107.99,41.56],[-107.99,41.56],[-108.04,41.59],[-108.05,41.6],[-108.11,41.59],[-108.16,41.59],[-108.17,41.6],[-108.22,41.65],[-108.25,41.65],[-108.28,41.65],[-108.31,41.69],[-108.32,41.72],[-108.33,41.74],[-108.36,41.74],[-108.46,41.75],[-108.51,41.76],[-108.52,41.78],[-108.45,41.88],[-108.33,42.08],[-108.29,42.15],[-108.29,42.2],[-108.29,42.21],[-108.31,42.38],[-108.31,42.41],[-108.31,42.46],[-108.3,42.53],[-108.29,42.56],[-108.27,42.6],[-108.24,42.68],[-108.23,42.73],[-108.23,42.79],[-108.23,42.86],[-108.23,42.9],[-108.22,42.95],[-108.25,43.03],[-108.28,43.09],[-108.35,43.13],[-108.35,43.13],[-108.35,43.16],[-108.35,43.2],[-108.35,43.23],[-108.34,43.25],[-108.33,43.31],[-108.33,43.34],[-108.31,43.34],[-108.42,43.9],[-108.51,44.38],[-108.76,44.81],[-109.36,45.15],[-110.03,45.02],[-110.5,44.72],[-110.86,44.48],[-111.33,44.34],[-112.18,44.08],[-113.08,44.18],[-113.86,44.36],[-114.03,45.11],[-113.84,45.66],[-113.64,46.2],[-113.6,46.93],[-113.87,47.82],[-113.92,48.45],[-114.23,48.94],[-114.87,49.11],[-116.12,49.2],[-117.46,49.45],[-118.2,49.64],[-118.94,49.83],[-120.15,50.4],[-121.38,50.96],[-122.64,51.51],[-123.51,52.12],[-124.41,52.72],[-125.28,53.28],[-126.18,53.83],[-127.02,54.68],[-127.9,55.52],[-127.9,55.52],[-127.89,55.06],[-127.81,54.47],[-127.81,53.86],[-127.87,53.32],[-127.93,52.98],[-128.03,52.7],[-128.13,52.37],[-128.13,52.37],[-128.16,52.39],[-128.42,52.49],[-128.58,52.59],[-128.58,52.59],[-128.81,52.7],[-129.53,53.15],[-130.18,53.7],[-130.85,54.25],[-131.37,54.77],[-131.91,55.28],[-132.17,55.79],[-132.45,56.3],[-132.92,56.81],[-133.4,57.32],[-133.56,57.82],[-133.72,58.33],[-133.98,58.84],[-134.25,59.34],[-134.73,59.86],[-135.72,60.38],[-136.48,60.71],[-137.05,60.95],[-137.73,61.15],[-138.42,61.35],[-139.06,61.55],[-140.38,61.8],[-141.71,62.03],[-141.71,62.03],[-143.31,61.53],[-144.86,61.01],[-146.35,60.47],[-147.8,59.91],[-148.94,59.41],[-150.05,58.9],[-151.13,58.38],[-152.18,57.85],[-153.06,57.42],[-153.78,57.05],[-154.85,56.76],[-155.52,56.51],[-156.32,56.2],[-157.23,55.88],[-157.91,55.67],[-159.39,55.36],[-160.84,55.04],[-162.27,54.7],[-163.64,54.45],[-165,54.19],[-166.34,53.91],[-167.66,53.62],[-169.22,53.35],[-170.76,53.06],[-172.28,52.75],[-173.86,52.68],[-175.43,52.58],[-176.99,52.46],[-178.54,52.32],[-180,52.44],[-180,53.43]]]}},{"type":"Feature","properties":{"ma":10,"type":"gpml:TopologicalClosedPlateBoundary","name":"Juan de Fuca","pid":903,"deforming":false},"geometry":{"type":"Polygon","coordinates":[[[-120.55,38.87],[-120.64,38.12],[-120.64,38.12],[-121.82,38.1],[-123.01,38.06],[-124.19,38.02],[-125.37,37.96],[-125.47,38.96],[-125.58,39.95],[-125.69,40.95],[-125.8,41.94],[-126.14,42.09],[-126.25,42.62],[-126.37,43.28],[-127.22,43.61],[-127.37,44.29],[-127.52,44.96],[-127.71,45.09],[-127.75,45.81],[-127.79,46.52],[-127.84,47.24],[-128.06,48],[-128.09,48.57],[-128.12,49.14],[-127.94,49.81],[-127.93,50.64],[-127.89,51.43],[-127.85,52.22],[-127.85,52.22],[-126.98,51.77],[-126.33,51.37],[-125.37,51],[-124.5,50.45],[-124.07,49.98],[-124.06,49.59],[-123.98,49.09],[-124.09,48.49],[-124.11,48.18],[-124.11,48.18],[-124.1,48.18],[-123.77,47.79],[-123.65,47.42],[-123.49,47.1],[-123.35,46.76],[-123.2,46.41],[-123.01,45.95],[-122.89,45.58],[-122.88,45.36],[-122.86,45.21],[-122.79,45.15],[-122.78,45.01],[-122.76,44.81],[-122.72,44.55],[-122.78,44.48],[-122.8,44.41],[-122.81,44.22],[-122.78,43.91],[-122.68,43.75],[-122.62,43.63],[-122.56,43.54],[-122.54,43.35],[-122.49,43.05],[-122.42,42.99],[-122.42,42.85],[-122.49,42.78],[-122.52,42.63],[-122.49,42.48],[-122.44,42.31],[-122.45,42.14],[-122.3,41.88],[-121.9,41.18],[-121.61,40.69],[-121.33,40.19],[-121.01,39.67],[-120.7,39.14],[-120.53,38.94],[-120.55,38.87]]]}},{"type":"Feature","properties":{"ma":10,"type":"gpml:TopologicalClosedPlateBoundary","name":"Aluk","pid":904,"deforming":false},"geometry":{"type":"Polygon","coordinates":[[[-58.49,-61.85],[-60.07,-62.13],[-61.83,-62.56],[-63.64,-62.96],[-63.64,-62.96],[-63.61,-62.97],[-63.61,-62.97],[-64.02,-63.07],[-65.24,-63.43],[-66.34,-63.75],[-67.66,-64],[-69.01,-64.24],[-69.36,-64.34],[-69.36,-64.34],[-69.93,-63.98],[-68.91,-63.56],[-69.83,-63.02],[-68.66,-62.56],[-69.75,-61.96],[-70.79,-61.35],[-71.79,-60.72],[-72.76,-60.1],[-71.76,-59.57],[-70.8,-59.04],[-71.87,-58.53],[-71.16,-58.06],[-70.6,-57.76],[-70.6,-57.76],[-70.38,-57.82],[-69.93,-57.94],[-69.53,-58.05],[-69.3,-58.11],[-69.3,-58.11],[-69.15,-58.18],[-68.9,-58.28],[-68.67,-58.38],[-68.26,-58.54],[-67.73,-58.76],[-66.99,-59.03],[-66.01,-59.24],[-65.02,-59.44],[-63.42,-60.01],[-61.76,-60.57],[-60.21,-61.19],[-58.61,-61.79],[-58.49,-61.85]]]}},{"type":"Feature","properties":{"ma":10,"type":"gpml:TopologicalClosedPlateBoundary","name":"Arabia ARB_015_005","pid":503,"deforming":false},"geometry":{"type":"Polygon","coordinates":[[[40.8,9.39],[40.8,9.58],[40.79,9.84],[40.76,10.16],[40.75,10.24],[40.75,10.24],[40.56,10.18],[40.47,10.16],[40.47,10.16],[40.36,10.01],[40.2,9.92],[40.07,9.9],[39.81,9.86],[39.68,9.85],[39.65,9.83],[39.65,9.83],[39.65,9.85],[39.68,10],[39.68,10],[39.6,10.29],[39.54,10.6],[39.58,10.98],[39.57,11.37],[39.48,11.79],[39.43,12.38],[39.35,12.96],[39.04,13.53],[38.65,14.2],[38.28,14.7],[38.47,15.29],[38.27,15.83],[38.17,16.35],[37.95,16.84],[37.69,17.18],[37.28,17.46],[36.93,17.83],[36.6,18.22],[36.46,18.48],[36.34,18.81],[36.3,19.15],[35.92,20.03],[35.54,20.9],[35.36,21.41],[34.7,21.64],[34.39,22.1],[34.06,22.74],[33.87,23.48],[33.32,23.85],[33.24,24.52],[32.65,24.98],[32.5,25.64],[32.23,26.09],[32.28,26.07],[31.99,26.66],[32.07,26.88],[32.07,26.88],[32.01,26.92],[31.93,26.96],[31.93,26.96],[32.03,27.16],[32.06,27.66],[32.11,28.46],[32.24,28.95],[32.29,29.75],[32.54,30.54],[32.72,31.08],[32.91,31.63],[33.16,32.51],[33.32,33.31],[33.25,33.39],[33.25,33.39],[33.29,33.4],[33.78,33.57],[34.63,33.76],[35.32,34.04],[36,34.31],[37.07,34.61],[38.26,34.66],[39.13,34.73],[39.78,34.16],[40.41,33.59],[40.41,33.59],[41,33.02],[41.4,32.6],[41.79,32.18],[41.92,31.63],[42.05,31.08],[42.47,30.57],[42.87,30.05],[43.54,29.49],[44.59,29.19],[45.43,29.19],[46.14,28.91],[46.58,28.43],[46.67,27.77],[47.04,27.09],[47.32,26.52],[47.59,25.92],[47.76,25.51],[48.26,24.99],[48.82,24.43],[49.68,23.88],[50.43,23.6],[51.52,23.66],[52.21,23.85],[52.77,24.07],[53.48,24.4],[54.19,24.73],[54.8,25.07],[55.41,25.4],[55.95,25.84],[55.95,25.84],[56.24,25.75],[57.15,25.4],[58.05,25.04],[58.67,24.89],[59.3,24.75],[59.84,24.61],[60.39,24.48],[61.41,24.58],[62.06,24.64],[62.71,24.69],[63.05,24.71],[63.05,24.71],[62.43,23.92],[61.81,23.13],[61.21,22.34],[60.61,21.55],[60.14,20.74],[59.67,19.93],[59.2,19.12],[58.74,18.31],[58.29,17.5],[57.99,16.65],[57.69,15.8],[57.39,14.95],[57.1,14.1],[56.73,13.37],[56.36,12.63],[55.99,11.9],[55.63,11.16],[55.27,10.43],[54.98,9.86],[54.69,9.28],[54.69,9.28],[54.66,9.3],[54.12,9.64],[53.59,9.98],[54.02,10.72],[53.43,10.98],[52.84,11.24],[53.07,11.76],[52.22,12.01],[51.38,12.25],[51.04,11.8],[50.72,11.95],[50.49,11.57],[50.16,11.69],[50.08,11.56],[49.2,11.74],[48.32,11.92],[47.56,11.45],[46.74,11.17],[45.93,10.88],[45.22,10.65],[44.51,10.41],[43.8,10.17],[43.05,9.95],[42.31,9.73],[41.56,9.5],[40.82,9.28],[40.8,9.39]]]}},{"type":"Feature","properties":{"ma":10,"type":"gpml:TopologicalClosedPlateBoundary","name":"Cocos","pid":909,"deforming":false},"geometry":{"type":"Polygon","coordinates":[[[-87.27,2.76],[-87.84,2.75],[-87.88,2.48],[-88.6,2.44],[-89.32,2.4],[-89.47,1.7],[-89.63,0.99],[-89.78,0.29],[-89.98,-0.57],[-89.98,-0.58],[-89.98,-0.58],[-90.3,-1.47],[-91.15,-1.3],[-92,-1.12],[-92.27,-2.08],[-93.09,-1.95],[-93.91,-1.82],[-94.73,-1.69],[-95.54,-1.56],[-96.36,-1.43],[-96.54,-0.62],[-97.37,-0.53],[-98.2,-0.45],[-99.04,-0.36],[-99.21,0.2],[-100.02,0.25],[-100.71,0.28],[-101.42,0.38],[-102.12,0.47],[-102.83,0.56],[-102.88,0.56],[-102.88,0.56],[-102.85,0.83],[-102.75,1.29],[-102.79,2.16],[-102.84,3.03],[-102.88,3.9],[-102.92,4.77],[-102.97,5.46],[-103.01,6.15],[-103.06,6.84],[-103.64,6.94],[-104.23,7.04],[-104.12,7.89],[-104.08,8.29],[-104.04,8.75],[-103.1,8.76],[-103.08,9.13],[-103.04,9.69],[-103.01,10.25],[-103.1,10.74],[-103.21,11.43],[-103.2,11.85],[-103.18,12.45],[-103.16,13.03],[-103.28,13.71],[-103.41,14.44],[-103.35,15.14],[-103.28,15.94],[-102.86,16.65],[-102.43,17.36],[-102,17.95],[-102,17.95],[-101.99,17.94],[-101.2,17.52],[-100.51,17.19],[-99.82,16.87],[-99.03,16.54],[-98.54,16.32],[-97.95,16],[-97.46,15.79],[-97.28,15.71],[-97.28,15.71],[-97.06,15.63],[-96.14,15.39],[-95.22,15.14],[-95,15.16],[-95,15.16],[-94.55,14.83],[-94.09,14.51],[-93.34,14.01],[-92.59,13.5],[-91.84,13],[-91.1,12.49],[-90.37,12.05],[-89.64,11.61],[-88.92,11.16],[-88.28,10.48],[-87.65,9.78],[-87.04,9.27],[-86.42,8.75],[-85.81,8.23],[-85.06,7.64],[-84.32,7.04],[-83.57,6.44],[-82.83,5.84],[-82.67,5.74],[-82.67,5.74],[-82.81,5.21],[-82.94,4.69],[-83.14,3.98],[-83.33,3.26],[-83.53,2.55],[-83.53,2.55],[-84.1,2.7],[-84.66,2.83],[-85.21,2.97],[-85.3,2.71],[-85.89,2.83],[-86.48,2.95],[-86.65,2.7],[-87.27,2.76]]]}},{"type":"Feature","properties":{"ma":10,"type":"gpml:TopologicalClosedPlateBoundary","name":"Rivera Plate - MG Consistent with Distributed NA deformation","pid":970,"deforming":false},"geometry":{"type":"Polygon","coordinates":[[[-103.35,16.38],[-104.22,16.6],[-104.22,16.69],[-104.19,16.79],[-104.13,16.94],[-104.05,17.17],[-104.32,17.24],[-104.54,17.33],[-104.77,17.42],[-104.95,17.55],[-105.01,17.58],[-105.23,17.73],[-105.51,17.85],[-105.88,18.09],[-105.82,18.2],[-106.12,18.41],[-106.44,18.64],[-106.43,18.72],[-106.65,18.94],[-106.61,18.99],[-106.57,19.03],[-106.48,19.13],[-106.41,19.19],[-106.33,19.27],[-106.22,19.37],[-106.12,19.47],[-106.22,19.55],[-106.02,19.72],[-105.87,19.88],[-105.65,20.07],[-105.71,20.14],[-105.81,20.22],[-105.74,20.32],[-105.58,20.45],[-105.46,20.59],[-105.35,20.74],[-105.46,20.82],[-105.38,20.94],[-105.31,21.01],[-105.22,21.11],[-105.13,21.18],[-105.01,21.28],[-104.88,21.41],[-104.82,21.48],[-104.82,21.48],[-104.75,21.48],[-104.6,21.49],[-104.58,21.49],[-104.58,21.49],[-104.68,21.03],[-104.69,20.63],[-104.62,20.03],[-104.23,19.62],[-103.84,19.31],[-103.36,18.79],[-102.67,18.37],[-102,17.95],[-102,17.95],[-102.43,17.36],[-102.76,16.8],[-103.1,16.25],[-103.35,16.38]]]}},{"type":"Feature","properties":{"ma":10,"type":"gpml:TopologicalClosedPlateBoundary","name":"Africa","pid":701,"deforming":false},"geometry":{"type":"Polygon","coordinates":[[[-12.98,-4.33],[-13.25,-3.64],[-13.52,-2.94],[-13.79,-2.25],[-14.55,-2.39],[-15.32,-2.54],[-16.08,-2.68],[-16.22,-2.33],[-16.52,-2.37],[-16.7,-1.78],[-16.93,-1.82],[-17.05,-1.38],[-17.97,-1.48],[-18.89,-1.58],[-19.81,-1.68],[-20.73,-1.77],[-21.65,-1.87],[-22.57,-1.97],[-23.49,-2.07],[-24.41,-2.16],[-25.33,-2.26],[-25.5,-1.49],[-25.67,-0.73],[-26.31,-0.76],[-26.95,-0.8],[-27.09,-0.26],[-27.97,-0.27],[-28.84,-0.28],[-29.71,-0.3],[-30.59,-0.31],[-30.67,0.39],[-31.37,0.39],[-31.44,1.15],[-31.51,1.91],[-31.58,2.67],[-32.53,2.71],[-33.49,2.74],[-33.53,3.57],[-33.57,4.39],[-34.17,4.43],[-34.2,5.32],[-35.08,5.37],[-35.95,5.41],[-35.95,5.67],[-36.63,5.78],[-36.66,6.1],[-37.44,6.17],[-37.45,6.32],[-38.12,6.39],[-38.78,6.46],[-38.79,6.76],[-39.75,6.89],[-40.71,7.01],[-40.68,7.53],[-41.22,7.6],[-41.2,8.15],[-41.41,8.18],[-41.4,8.71],[-41.63,8.76],[-41.62,9.4],[-42.56,9.59],[-43.5,9.77],[-44.44,9.96],[-44.37,10.89],[-44.78,10.97],[-44.77,11.36],[-45.58,11.54],[-45.58,12.27],[-45.58,13.01],[-45.57,13.74],[-46.46,13.98],[-47.34,14.21],[-47.48,14.22],[-47.48,14.22],[-47.47,14.26],[-47.3,14.95],[-47.13,15.64],[-46.95,16.33],[-47,16.35],[-46.79,17.11],[-46.71,17.09],[-46.54,17.64],[-46.39,18.52],[-46.35,18.51],[-46.14,19.32],[-46.45,19.41],[-46.29,20],[-46.13,20.59],[-45.82,20.53],[-45.73,21.33],[-45.69,21.33],[-45.64,21.83],[-45.6,22.33],[-46.21,22.49],[-46.82,22.65],[-46.55,23.34],[-46.24,23.27],[-45.95,23.97],[-45.6,23.9],[-45.21,24.71],[-45.13,24.7],[-44.83,25.41],[-44.53,26.11],[-44.23,26.81],[-43.92,27.51],[-43.62,27.45],[-43.26,28.1],[-43.1,28.07],[-42.81,28.7],[-42.39,28.62],[-41.75,29.42],[-41.62,29.4],[-41.32,29.8],[-41.17,29.77],[-40.7,30.4],[-40.22,31.01],[-39.73,31.63],[-39.9,31.68],[-39.49,32.3],[-38.72,32.16],[-37.95,32.01],[-37.89,32],[-37.55,32.67],[-37.21,32.6],[-37.01,33.22],[-36.42,33.11],[-36.22,33.71],[-35.6,33.59],[-34.98,33.45],[-34.81,33.86],[-34.81,33.86],[-34.76,33.86],[-33.6,33.93],[-32.44,33.99],[-31.28,34.04],[-30.12,34.08],[-29.02,34.12],[-27.92,34.15],[-26.83,34.17],[-25.84,34.22],[-24.85,34.26],[-23.85,34.3],[-22.73,34.35],[-21.61,34.39],[-20.48,34.42],[-19.42,34.49],[-18.36,34.55],[-17.3,34.6],[-16.49,34.7],[-15.67,34.8],[-14.85,34.9],[-14.85,34.9],[-13.97,34.68],[-13.08,34.46],[-12.21,34.23],[-11.34,33.99],[-10.2,34.14],[-9.07,34.28],[-7.93,34.41],[-6.78,34.53],[-6.78,34.53],[-6.38,33.76],[-5.49,33.69],[-4.64,33.71],[-3.8,33.73],[-3.18,33.99],[-2.56,34.24],[-1.53,34.59],[-0.75,34.85],[0.06,34.76],[0.83,34.78],[1.61,34.81],[2.18,34.72],[3.05,34.9],[3.87,34.97],[4.7,35.04],[5.44,35.01],[5.84,35.22],[6.44,35.29],[7.19,35.6],[7.8,35.49],[8.49,35.74],[8.76,35.94],[9.12,36.07],[9.62,36.29],[9.99,36.34],[9.99,36.33],[10.35,36.54],[10.73,36.75],[10.98,37.03],[11.25,37.31],[11.42,37.62],[11.57,37.87],[11.62,38.25],[11.67,38.75],[11.43,39.33],[10.93,39.85],[10.54,40.44],[10.28,40.73],[9.99,41.17],[9.85,41.69],[9.22,42.24],[8.79,42.67],[8.38,42.82],[7.88,42.92],[7.43,43.13],[7.12,43.14],[6.89,43.09],[6.58,43.2],[6.29,43.22],[5.8,43.3],[5.27,43.52],[5.2,43.52],[5.32,43.7],[5.55,43.92],[5.81,44.09],[6.45,43.95],[6.76,43.86],[7.19,43.83],[7.72,43.79],[8.23,43.86],[8.51,44.03],[9.2,44.24],[9.61,44.3],[9.93,44.34],[10.43,44.62],[11.01,44.2],[11.59,43.75],[11.67,43.59],[11.78,42.67],[12.3,41.87],[12.73,41.49],[13.56,41.22],[14.38,40.93],[15.07,40.88],[15.68,40.65],[15.89,40.49],[16.46,40.08],[16.62,39.72],[16.92,39.3],[16.92,39.3],[17.02,38.76],[17.11,38.22],[17.44,37.78],[17.76,37.35],[17.78,36.69],[17.93,36.07],[18.14,35.64],[18.48,35.24],[19.05,34.73],[19.61,34.21],[20.2,33.95],[20.93,33.66],[21.82,33.44],[21.73,32.5],[21.65,31.55],[21.57,30.61],[22.1,31.48],[22.64,32.34],[23.19,33.21],[23.78,33.19],[24.27,33.2],[25.23,33.4],[26.06,33.5],[26.87,33.56],[27.68,33.63],[28.63,33.68],[29.57,33.72],[30.56,34.03],[31.54,34.33],[31.54,34.33],[31.87,33.51],[31.94,32.9],[31.94,32.9],[32.59,33.15],[33.25,33.39],[33.25,33.39],[33.32,33.31],[33.16,32.51],[32.91,31.63],[32.72,31.08],[32.54,30.54],[32.29,29.75],[32.24,28.95],[32.11,28.46],[32.06,27.66],[32.03,27.16],[31.93,26.96],[31.93,26.96],[31.59,27.18],[31,27.29],[30.29,27.11],[30.04,27.04],[30.04,27.04],[30.09,26.77],[30.2,26.39],[30.6,26.03],[30.99,25.27],[31.43,24.44],[31.72,23.97],[32.07,23.33],[32.28,22.91],[32.89,22.25],[32.91,21.71],[32.93,21.17],[33.28,20.58],[33.66,20.36],[34.03,20.33],[34.12,20.09],[34.21,19.87],[34.39,19.31],[34.48,18.84],[34.5,18.27],[34.51,17.67],[34.81,16.79],[35.27,16.7],[35.68,16.37],[35.9,15.91],[36.1,15.17],[36.34,14.36],[36.62,13.92],[36.9,13.49],[36.9,13.49],[37.06,13.01],[37.22,12.41],[37.2,11.96],[37.14,11.35],[37.14,10.84],[37.13,10.13],[37.22,9.36],[37.35,8.76],[37.44,7.99],[37.16,7.62],[36.63,7.11],[35.99,6.72],[35.81,6.53],[35.71,6.26],[35.4,5.79],[34.95,5.55],[34.51,5.31],[33.75,4.66],[33.54,4.16],[33.33,3.65],[33.29,2.95],[33.29,2.42],[33.34,2.3],[33.34,2.3],[33.41,2.26],[33.49,1.87],[33.57,1.65],[33.59,1.33],[33.42,1.18],[33.52,0.79],[33.48,0.46],[33.48,0.14],[33.38,-0.16],[33.27,-0.5],[33.15,-0.91],[33.17,-1.3],[33.33,-1.66],[33.5,-1.88],[33.4,-2.05],[33.58,-2.16],[33.61,-2.56],[33.65,-2.78],[33.63,-3.09],[33.67,-3.35],[33.4,-3.65],[33.11,-4.02],[33.04,-4.3],[32.95,-4.77],[32.79,-5.02],[32.61,-5.41],[32.14,-5.67],[31.73,-6.2],[31.8,-6.69],[31.98,-6.96],[31.98,-6.96],[31.99,-6.97],[32.34,-7.03],[32.9,-6.97],[33.33,-7.19],[33.54,-7.23],[33.54,-7.23],[33.7,-7.72],[33.86,-8.21],[34.08,-8.7],[34.31,-9.2],[34.59,-9.72],[34.59,-9.72],[34.24,-10.29],[33.67,-10.89],[33.13,-11.52],[32.83,-12.07],[32.53,-12.63],[32.25,-13.16],[31.97,-13.69],[31.97,-13.69],[31.89,-14.15],[31.8,-14.92],[32.21,-15.6],[32.61,-16.27],[32.5,-16.93],[32.39,-17.58],[32.69,-18.08],[33,-18.57],[33.01,-19.13],[33.03,-19.7],[32.42,-20.1],[31.77,-20.77],[31.12,-21.43],[31.04,-22.26],[30.97,-23.09],[30.02,-23.4],[29.06,-23.71],[28.1,-24.01],[27.13,-24.31],[26.54,-24.96],[25.94,-25.61],[25.33,-26.25],[25.55,-27.14],[25.78,-28.02],[25.12,-28.32],[24.46,-28.62],[24.47,-29.31],[24.48,-30.01],[25.08,-30.45],[25.68,-30.89],[26.28,-31.67],[26.88,-32.44],[27.72,-33.09],[28.57,-33.74],[29.44,-34.38],[30.31,-35.01],[31.2,-35.64],[32.11,-36.26],[33.03,-36.87],[33.96,-37.48],[34.91,-38.08],[35.88,-38.67],[35.47,-39.6],[35.05,-40.54],[34.61,-41.47],[34.17,-42.4],[33.71,-43.32],[33.23,-44.25],[32.74,-45.17],[32.24,-46.1],[31.72,-47.01],[31.17,-47.93],[31.92,-48.16],[31.92,-48.16],[31.87,-48.25],[30.84,-48.19],[30.49,-49.04],[30.13,-49.9],[29.75,-50.76],[29.37,-51.61],[28.96,-52.46],[28.54,-53.31],[27.63,-53.1],[27.32,-53.91],[26.39,-53.75],[26.07,-54.27],[25.22,-54.14],[24.38,-54],[23.93,-54.69],[22.84,-54.57],[21.77,-54.45],[20.35,-54.3],[18.94,-54.12],[17.54,-53.93],[16.4,-53.61],[15.28,-53.28],[14.18,-52.94],[13.72,-53.54],[12.71,-53.19],[12.25,-53.65],[11,-53.18],[10.43,-53.73],[9.83,-54.28],[8.53,-53.8],[7.83,-54.36],[7.1,-54.92],[6.35,-55.48],[5.07,-55.04],[4.26,-55.68],[3.51,-55.45],[2.99,-55.81],[2.16,-55.51],[1.34,-55.19],[0.78,-55.58],[0.2,-55.96],[-0.59,-55.68],[-0.98,-56],[-0.98,-56],[-1.81,-55.33],[-2.79,-55.61],[-3.42,-55.04],[-4.03,-54.47],[-4.44,-53.95],[-4.83,-53.44],[-5.03,-53.48],[-5.38,-52.84],[-5.72,-52.2],[-6.04,-51.56],[-7.08,-51.73],[-7.38,-51.25],[-7.63,-51.28],[-7.85,-50.69],[-8.07,-50.1],[-9.34,-50.32],[-10.62,-50.53],[-10.92,-49.86],[-11.22,-49.18],[-11.5,-48.5],[-12.93,-48.71],[-14.37,-48.9],[-14.56,-48.02],[-14.74,-47.15],[-15.8,-47.3],[-15.96,-46.77],[-17.07,-46.9],[-17.22,-46.04],[-17.37,-45.19],[-17.52,-44.33],[-17.66,-43.47],[-17.8,-42.62],[-17.93,-41.76],[-17.42,-41.67],[-17.52,-41.15],[-17.13,-41.08],[-17.37,-40.44],[-17.61,-39.79],[-18.64,-39.9],[-18.78,-39.36],[-18.92,-38.81],[-18.09,-38.68],[-18.3,-37.82],[-18.49,-36.96],[-17.42,-36.81],[-16.36,-36.64],[-16.42,-36.12],[-16.48,-35.59],[-15.93,-35.53],[-15.85,-34.94],[-15.26,-34.79],[-15.2,-34.27],[-15.15,-33.75],[-14.11,-33.52],[-14.32,-32.54],[-14.53,-31.57],[-14.73,-30.59],[-13.99,-30.44],[-13.26,-30.28],[-13.52,-29.55],[-13.9,-29.62],[-14.2,-28.78],[-14.5,-27.94],[-14.79,-27.96],[-14.97,-27.13],[-14.38,-26.98],[-14.54,-26.25],[-14.2,-26.13],[-14.4,-25.17],[-14.59,-24.22],[-13.53,-24.06],[-13.57,-23.71],[-13.03,-23.6],[-12.49,-23.48],[-12.72,-22.62],[-12.95,-21.76],[-13.17,-20.89],[-13.4,-20.03],[-13.62,-19.17],[-14.2,-19.27],[-14.78,-19.37],[-14.99,-18.61],[-15.19,-17.84],[-14.62,-17.72],[-14.04,-17.59],[-14.23,-16.89],[-14.41,-16.2],[-14.59,-15.5],[-15.38,-15.63],[-15.56,-14.86],[-15.74,-14.09],[-15.92,-13.32],[-14.96,-13.08],[-14.01,-12.84],[-14.16,-12.14],[-14.31,-11.43],[-14.47,-10.73],[-14.21,-10.64],[-14.38,-9.74],[-14.56,-8.84],[-13.75,-8.65],[-12.93,-8.45],[-12.12,-8.25],[-12.39,-7.29],[-12.66,-6.32],[-12.92,-5.36],[-13.19,-4.4],[-13.07,-4.36],[-12.98,-4.33]]]}},{"type":"Feature","properties":{"ma":10,"type":"gpml:TopologicalClosedPlateBoundary","name":"Malpelo Microplate","pid":9910,"deforming":false},"geometry":{"type":"Polygon","coordinates":[[[-89.98,-0.58],[-89.98,-0.57],[-89.78,0.29],[-89.63,0.99],[-89.47,1.7],[-89.32,2.4],[-88.6,2.44],[-87.88,2.48],[-87.84,2.75],[-87.27,2.76],[-86.65,2.7],[-86.64,2.69],[-86.64,2.69],[-86.65,2.64],[-86.8,2.13],[-86.95,1.62],[-87.17,1.15],[-87.41,0.61],[-87.81,-0.29],[-88.35,-0.12],[-88.9,0.04],[-89.19,-0.81],[-90.02,-0.69],[-90.02,-0.69],[-89.98,-0.58]]]}},{"type":"Feature","properties":{"ma":10,"type":"gpml:TopologicalClosedPlateBoundary","name":"Philippine Arc","pid":678,"deforming":false},"geometry":{"type":"Polygon","coordinates":[[[131.04,-5.78],[130.92,-5.18],[130.93,-4.27],[130.93,-3.36],[130.94,-2.46],[130.28,-2.08],[129.63,-1.71],[128.97,-1.34],[128.26,-0.85],[127.56,-0.36],[126.85,0.12],[126.47,0.74],[126.47,0.74],[126.59,1.01],[126.62,1.18],[126.62,1.18],[126.23,1.88],[125.84,2.58],[125.45,3.28],[125.06,3.98],[124.68,4.59],[124.3,5.2],[123.92,5.81],[123.5,6.13],[123.07,6.45],[122.54,6.92],[122,7.4],[121.81,8.23],[121.62,9.05],[121.6,9.16],[121.6,9.16],[121.42,9.36],[121.03,9.72],[120.64,10.09],[120.16,10.96],[120.08,11.9],[119.89,12.44],[119.7,12.98],[119.49,13.55],[119.29,14.12],[118.71,14.44],[118.27,14.78],[117.82,15.12],[117.63,15.72],[117.44,16.31],[117.42,16.97],[117.39,17.62],[117.39,17.62],[117.81,17.56],[118.53,17.01],[119.25,16.45],[119.96,15.89],[120.67,15.33],[121.37,14.76],[122.07,14.19],[122.76,13.62],[123.21,12.95],[123.66,12.28],[124.1,11.61],[124.54,10.93],[124.98,10.26],[125.51,9.88],[126.03,9.5],[126.69,8.76],[127.36,8.02],[128.02,7.28],[128.68,6.55],[129.05,5.79],[129.42,5.04],[129.79,4.29],[130.16,3.54],[130.53,2.79],[130.79,2.04],[131.06,1.3],[131.32,0.55],[131.58,-0.2],[132,-0.72],[132.41,-1.25],[132.83,-1.77],[133.04,-2.56],[133.25,-3.35],[133.25,-3.35],[133.97,-3.9],[134.87,-4.07],[135.55,-4.21],[135.55,-4.21],[135.36,-5],[135.18,-5.8],[134.69,-6.33],[134.69,-6.33],[134.64,-6.32],[133.75,-6.18],[132.86,-6.03],[131.97,-5.89],[131.04,-5.78]]]}},{"type":"Feature","properties":{"ma":10,"type":"gpml:TopologicalClosedPlateBoundary","name":"Capricorn_Plate","pid":511,"deforming":false},"geometry":{"type":"Polygon","coordinates":[[[65.09,-10.26],[64.78,-9.86],[64.46,-9.46],[64.82,-9.07],[65.17,-8.69],[65.19,-8.67],[65.19,-8.67],[65.18,-8.66],[64.73,-8.18],[65.04,-7.89],[64.72,-7.45],[65.17,-6.88],[64.81,-6.48],[65.4,-5.71],[64.72,-5.14],[64.91,-4.91],[64.91,-4.91],[65.6,-4.89],[66.29,-4.87],[66.99,-4.85],[67.86,-4.78],[68.74,-4.71],[69.61,-4.64],[70.48,-4.57],[71.45,-4.34],[72.41,-4.11],[73.37,-3.88],[74.33,-3.65],[75.28,-3.42],[76.24,-3.19],[77.01,-2.87],[77.79,-2.56],[78.56,-2.25],[79.23,-1.64],[79.91,-1.02],[80.5,-0.32],[81.08,0.39],[81.66,1.1],[82.48,1.49],[83.31,1.88],[84.13,2.27],[84.59,2.92],[85.06,3.58],[85.53,4.23],[86,4.74],[86.47,5.25],[86.94,5.76],[87.44,6.3],[87.95,6.84],[88.52,7.45],[89.09,8.06],[89.55,8.58],[90.02,9.09],[90.05,9.13],[90.05,9.13],[90.15,8.36],[90.26,7.59],[90.36,6.82],[90.86,5.98],[91.35,5.15],[91.85,4.31],[92.46,3.57],[93.07,2.83],[93.68,2.09],[94.29,1.35],[94.91,0.56],[95.52,-0.22],[96.13,-1.01],[96.75,-1.79],[97.27,-2.44],[97.8,-3.1],[98.33,-3.75],[98.85,-4.4],[99.42,-4.99],[99.99,-5.59],[100.57,-6.18],[101.02,-6.75],[101.75,-7.29],[102.48,-7.84],[102.48,-7.84],[102.98,-7.95],[103.96,-8.05],[104.94,-8.15],[105.47,-8.23],[106.14,-8.32],[106.93,-8.44],[106.93,-8.44],[106.52,-8.74],[106.08,-9.06],[105.64,-9.38],[105.07,-9.78],[104.5,-10.19],[103.93,-10.59],[103.36,-10.99],[102.79,-11.4],[102.07,-11.92],[101.65,-12.22],[101.23,-12.52],[100.64,-12.93],[100.05,-13.35],[99.46,-13.76],[98.71,-14.19],[97.95,-14.61],[97.16,-15.06],[96.36,-15.49],[95.73,-15.94],[95.09,-16.38],[94.51,-17.11],[93.93,-17.85],[93.43,-18.61],[92.94,-19.38],[92.43,-20.14],[91.86,-20.79],[91.29,-21.44],[90.71,-22.09],[90.16,-22.76],[89.61,-23.43],[89.05,-24.1],[88.48,-24.77],[87.91,-25.44],[87.32,-26.01],[86.72,-26.58],[86.11,-27.14],[85.48,-27.78],[84.83,-28.41],[84.18,-29.04],[83.52,-29.66],[82.86,-30.29],[82.25,-31.1],[81.64,-31.91],[81.02,-32.71],[80.48,-33.33],[79.92,-33.94],[79.17,-34.63],[78.4,-35.32],[77.62,-36],[77.16,-36.53],[76.69,-37.07],[76.06,-37.63],[75.42,-38.2],[74.76,-38.75],[74.76,-38.75],[74.57,-38.57],[75.05,-38.16],[75.52,-37.75],[75.02,-37.39],[74.53,-37.03],[74.68,-36.8],[73.95,-36.32],[73.22,-35.84],[73.77,-35.31],[74.32,-34.78],[73.4,-34.14],[72.5,-33.49],[72.87,-33.06],[72.08,-32.43],[71.3,-31.8],[71.66,-31.32],[71.14,-30.93],[70.62,-30.54],[70.73,-30.45],[70.73,-30.45],[71.8,-30.55],[72.88,-30.64],[73.91,-30.61],[74.93,-30.57],[75.8,-30.52],[76.67,-30.47],[77.55,-30.41],[78.42,-30.34],[78.96,-29.65],[79.5,-28.95],[80.2,-28.95],[80.83,-28.75],[81.45,-28.55],[81.45,-28.55],[81.55,-28.21],[81.73,-27.37],[81.91,-26.52],[82.09,-25.68],[82.26,-24.83],[82.43,-23.98],[82.6,-23.13],[82.77,-22.28],[82.93,-21.43],[83.12,-20.54],[83.31,-19.65],[83.5,-18.76],[83.69,-17.88],[83.78,-16.9],[83.88,-15.93],[83.97,-14.96],[84.04,-14.15],[84.12,-13.33],[84.19,-12.52],[84.26,-11.71],[84.32,-10.72],[84.37,-9.73],[84.42,-8.74],[84.42,-8.74],[83.87,-8.55],[82.95,-8.51],[82.03,-8.47],[81.17,-8.41],[80.32,-8.34],[79.47,-8.28],[78.62,-8.21],[77.8,-8.07],[76.98,-7.93],[76.17,-7.79],[75.47,-7.78],[74.77,-7.77],[74.07,-7.76],[73.21,-7.88],[72.36,-8],[71.51,-8.11],[70.71,-8.18],[69.92,-8.25],[69.13,-8.32],[68.34,-8.39],[67.72,-8.92],[67.1,-9.44],[66.49,-9.96],[66.26,-10.52],[66.04,-11.07],[65.19,-10.99],[64.34,-10.9],[65.09,-10.26]]]}},{"type":"Feature","properties":{"ma":10,"type":"gpml:TopologicalClosedPlateBoundary","name":"Western Mediterranean","pid":708,"deforming":false},"geometry":{"type":"Polygon","coordinates":[[[5.8,43.3],[6.29,43.22],[6.58,43.2],[6.89,43.09],[7.12,43.14],[7.43,43.13],[7.88,42.92],[8.38,42.82],[8.79,42.67],[9.22,42.24],[9.85,41.69],[9.99,41.17],[10.28,40.73],[10.54,40.44],[10.93,39.85],[11.43,39.33],[11.67,38.75],[11.62,38.25],[11.57,37.87],[11.42,37.62],[11.25,37.31],[10.98,37.03],[10.73,36.75],[10.35,36.54],[9.99,36.33],[9.99,36.34],[9.62,36.29],[9.12,36.07],[8.76,35.94],[8.49,35.74],[7.8,35.49],[7.19,35.6],[6.44,35.29],[5.84,35.22],[5.44,35.01],[4.7,35.04],[3.87,34.97],[3.05,34.9],[2.18,34.72],[1.61,34.81],[0.83,34.78],[0.06,34.76],[-0.75,34.85],[-1.53,34.59],[-2.56,34.24],[-3.18,33.99],[-3.8,33.73],[-4.64,33.71],[-5.49,33.69],[-6.38,33.76],[-6.77,34.51],[-7.18,35.26],[-6.27,35.63],[-5.35,36],[-4.35,36.33],[-3.33,36.65],[-2.54,37.03],[-1.74,37.4],[-1.74,37.4],[-0.76,37.24],[0.36,37.33],[1.42,37.46],[2.45,37.6],[3.12,37.72],[3.8,37.83],[4.75,37.36],[5.7,36.89],[6.63,36.42],[7.34,37.17],[8.07,37.92],[7.97,38.49],[7.86,39.11],[7.76,39.67],[7.58,40.26],[7.44,40.74],[7.25,41.32],[7.05,41.89],[6.87,42.23],[6.35,42.81],[5.73,43.33],[5.8,43.3]]]}},{"type":"Feature","properties":{"ma":10,"type":"gpml:TopologicalNetwork","name":"Greater India","pid":501,"deforming":true},"geometry":{"type":"Polygon","coordinates":[[[67.76,32.54],[68.48,32.77],[68.92,33.08],[69.18,33.29],[69.29,33.36],[69.46,33.27],[69.53,33.11],[69.67,33.01],[69.77,32.98],[70.14,33.13],[70.39,33.34],[70.74,33.62],[70.86,33.67],[70.95,33.57],[71.05,33.34],[71.12,33.14],[71.35,32.9],[71.49,32.72],[71.78,32.63],[72.18,32.59],[72.39,32.58],[72.58,32.61],[72.79,32.56],[73.15,32.41],[73.67,32.19],[73.77,32.15],[74.11,31.83],[74.48,31.59],[74.86,31.33],[75.07,31.24],[75.42,31.1],[75.7,30.8],[76.03,30.5],[76.43,29.84],[76.65,29.76],[76.92,29.72],[77.14,29.67],[77.48,29.4],[77.78,29.2],[77.97,29.18],[78.4,29.09],[78.69,29.03],[79.03,28.97],[79.36,28.95],[79.7,28.93],[79.92,28.83],[80.5,28.57],[81.09,28.31],[81.66,27.99],[82.18,27.78],[82.48,27.71],[82.86,27.73],[83.2,27.83],[83.36,27.78],[83.77,27.75],[84.1,27.72],[84.48,27.71],[84.89,27.81],[85.29,27.84],[85.53,27.83],[85.82,27.92],[86.28,28.05],[86.59,28.06],[87.08,28.08],[87.37,28.15],[87.7,28.09],[87.84,28.06],[88.27,28],[88.68,27.98],[89.01,27.96],[89.62,27.94],[90.11,28.06],[90.44,28.22],[90.62,28.36],[90.88,28.53],[91.14,28.56],[91.67,28.62],[91.98,28.32],[92.18,28.25],[92.47,28.15],[92.8,28.03],[93.09,27.93],[93.3,27.86],[93.3,27.86],[93.24,27.33],[93.18,26.81],[92.98,25.99],[92.78,25.16],[92.58,24.81],[92.58,24.81],[92.25,24.82],[91.71,24.84],[90.96,24.89],[90.34,24.62],[89.72,24.2],[89.12,23.81],[88.8,23.81],[87.89,23.75],[87.38,23.73],[86.87,23.7],[85.97,23.63],[85.43,23.54],[84.95,23.72],[84.01,23.58],[83.45,23.61],[82.94,23.72],[82.55,23.37],[82.22,23.44],[82,23.8],[81.39,23.87],[80.44,24.02],[79.97,24.16],[79.49,24.31],[78.78,24.6],[78.07,24.89],[77.26,25.15],[76.95,25.53],[76.47,25.72],[76.16,25.84],[75.74,25.89],[75.17,26.15],[74.9,26.44],[74.43,26.65],[74.09,26.99],[73.68,27.33],[73.07,27.52],[72.6,27.94],[71.84,28.43],[71.8,28.99],[71.25,29.69],[70.51,29.98],[69.82,30.5],[69.29,31.02],[68.75,31.53],[68.15,30.87],[67.69,30.35],[67.24,29.83],[66.74,29.32],[66.57,28.84],[66.39,28.35],[65.76,27.76],[65.19,27.28],[64.61,26.81],[64.26,26.57],[64.26,26.57],[64.76,27.34],[65.27,28.12],[65.54,28.63],[65.8,29.15],[66.21,29.88],[66.62,30.61],[67.04,31.34],[67.4,31.94],[67.76,32.54]]]}},{"type":"Feature","properties":{"ma":10,"type":"gpml:TopologicalNetwork","name":"Greater_India_East_Mesh","pid":801,"deforming":true},"geometry":{"type":"Polygon","coordinates":[[[111.47,-27.58],[110.65,-27.77],[109.82,-27.96],[109,-28.15],[108.2,-28.32],[107.39,-28.49],[107.39,-28.49],[107.92,-28.04],[108.29,-27.38],[108.65,-26.72],[107.96,-26.35],[107.28,-25.98],[106.6,-25.6],[106.8,-24.92],[106.99,-24.24],[107.61,-23.8],[108.22,-23.35],[108.83,-22.91],[109.02,-22.12],[108.51,-21.39],[109.08,-20.68],[109.67,-20.77],[110.26,-20.87],[111.04,-21.27],[111.8,-21.31],[112.55,-21.34],[113.41,-21.43],[114.28,-21.52],[114.82,-21.34],[114.99,-20.36],[115.31,-19.61],[115.63,-18.85],[116.06,-17.98],[116.32,-17.48],[116.58,-16.99],[116.76,-16.65],[117.4,-16.28],[118.03,-15.9],[118.67,-15.53],[119.25,-15.07],[119.84,-14.62],[119.67,-14.25],[120.48,-13.76],[121.29,-13.26],[122.1,-12.77],[122.76,-12.4],[123.42,-12.02],[124.08,-11.65],[124.38,-12.12],[124.67,-12.59],[125.29,-12.14],[125.9,-11.69],[126.51,-11.23],[126.51,-11.23],[127.04,-11.79],[127.58,-12.35],[128.23,-12.94],[128.89,-13.52],[129.55,-14.11],[130.21,-14.69],[130.88,-15.28],[131.55,-15.86],[132.23,-16.43],[132.23,-16.43],[131.62,-16.64],[131.01,-16.84],[130.16,-17.38],[129.3,-17.92],[128.71,-18.29],[128.11,-18.66],[127.51,-19.02],[126.99,-19.79],[126.29,-20.12],[125.58,-20.44],[124.88,-20.75],[124,-21.16],[123.13,-21.56],[122.4,-21.89],[121.66,-22.21],[120.92,-22.52],[120.23,-23.14],[119.53,-23.76],[118.83,-24.3],[118.12,-24.85],[117.4,-25.39],[116.66,-25.65],[115.9,-25.9],[115.15,-26.15],[114.38,-26.43],[113.6,-26.71],[112.82,-26.98],[112.29,-27.38],[111.47,-27.58]]]}},{"type":"Feature","properties":{"ma":10,"type":"gpml:TopologicalNetwork","name":"aus_antarc_india_mesh","pid":801,"deforming":true},"geometry":{"type":"Polygon","coordinates":[[[102.6,-29.1],[102.71,-29.06],[103.35,-28.6],[103.98,-28.14],[104.6,-27.67],[104.96,-28.03],[105.01,-28.8],[105.06,-29.58],[105.64,-29.88],[106.22,-30.17],[106.7,-29.73],[107,-29.16],[107.3,-28.59],[108.13,-28.41],[108.95,-28.21],[109.78,-28.02],[110.6,-27.82],[110.6,-27.82],[110.32,-28.73],[110.43,-29.41],[110.54,-30.09],[110.53,-30.59],[110.53,-31.21],[110.52,-31.85],[110.51,-32.5],[110.62,-33.09],[110.74,-33.67],[110.96,-34.38],[111.19,-35.09],[111.38,-35.77],[111.58,-36.45],[111.56,-37.24],[111.53,-38.02],[111.32,-38.59],[111.11,-39.16],[111.11,-39.16],[110.48,-39.12],[109.44,-39.5],[109.23,-39.48],[109.23,-39.48],[109.62,-39.1],[109.29,-38.24],[108.98,-37.38],[109.24,-37.56],[109.44,-37.77],[109.88,-37.25],[109.98,-36.95],[110.05,-36.84],[109.93,-36.21],[110,-36.17],[110.22,-36.17],[110.36,-36.12],[110.32,-35.79],[110.2,-35.51],[109.69,-35.08],[109.67,-34.98],[109.32,-34.68],[109.46,-34.57],[108.68,-33.87],[107.95,-33.25],[107.61,-32.84],[107.27,-32.43],[106.62,-32.03],[105.95,-31.57],[105.28,-31.11],[104.74,-30.85],[104.16,-30.3],[103.76,-30.01],[103.76,-30.01],[103.76,-29.9],[103.18,-29.5],[102.6,-29.1]]]}},{"type":"Feature","properties":{"ma":10,"type":"gpml:TopologicalNetwork","name":"Inactive_aus_antarc_india_mesh","pid":802,"deforming":true},"geometry":{"type":"Polygon","coordinates":[[[102.33,-63.72],[100.82,-63.87],[99.29,-64],[98.13,-64.26],[96.95,-64.52],[95.62,-64.74],[94.27,-64.96],[93.11,-65.3],[91.93,-65.63],[90.47,-65.68],[89,-65.72],[87.72,-65.76],[86.43,-65.78],[84.77,-65.91],[83.09,-66.01],[81.43,-66.26],[79.73,-66.5],[78.21,-66.8],[77.62,-67.76],[76.39,-68.54],[75.22,-68.99],[73.93,-69.61],[72.56,-70.21],[71.69,-70.98],[70.75,-71.75],[70.17,-70.8],[69.67,-69.91],[69.83,-69.34],[69.97,-68.77],[70.59,-68.27],[71.18,-67.78],[72.06,-67.11],[70.35,-67.3],[67.9,-67.33],[66.22,-67.28],[64.55,-67.22],[62.72,-67.1],[60.92,-66.96],[59.14,-66.8],[57.91,-66.56],[56.71,-66.3],[55.43,-65.69],[53.54,-65.66],[51.67,-66.12],[49.44,-66.55],[47.13,-66.94],[45.09,-67.44],[42.96,-67.92],[41.21,-68.41],[39.38,-68.89],[37.01,-68.73],[34.69,-68.55],[32.86,-68.14],[31.09,-67.72],[30.06,-67.27],[29.07,-66.82],[29.07,-66.82],[29.97,-66.43],[30.83,-66.05],[31.55,-65.67],[32.36,-65.36],[33.34,-64.96],[33.77,-64.92],[34.25,-65],[34.62,-65.35],[34.67,-65.61],[34.53,-65.91],[34.36,-66.3],[34.29,-66.64],[34.37,-66.86],[34.78,-67.18],[35.53,-67.36],[37.07,-67.52],[38.63,-67.66],[39.39,-67],[40.17,-67.05],[40.92,-67.13],[41.13,-67.11],[42.1,-66.45],[42.55,-65.97],[43.35,-65.56],[45.02,-65.18],[46.64,-64.77],[47.66,-64.28],[48.65,-63.77],[50.16,-63.66],[50.16,-63.66],[52.25,-63.73],[53.54,-63.9],[54.97,-64.06],[57.13,-64.3],[57.5,-63.61],[57.63,-63.55],[58.78,-63.6],[59.93,-63.63],[61.55,-63.66],[63.49,-63.68],[65.2,-63.85],[65.88,-63.87],[66.9,-63.88],[68.5,-63.79],[69.33,-63.71],[70.25,-63.61],[70.87,-63.8],[71.85,-64.09],[73.56,-63.47],[73.98,-63.52],[74.65,-63.6],[75.85,-63.73],[76.07,-64.11],[76.24,-64.4],[76.84,-64.49],[78.22,-64.58],[79.5,-64.65],[81.24,-64.76],[82.2,-64.81],[83.58,-64.78],[84.96,-64.75],[85.61,-64.69],[85.98,-64.61],[87.37,-64.51],[88.75,-64.4],[90.04,-64.27],[91.7,-63.99],[93.33,-63.69],[94.35,-63.4],[95.35,-63.1],[95.13,-62.45],[94.99,-61.96],[96.94,-61.83],[98.95,-61.74],[100.95,-61.62],[101.89,-61.91],[102.71,-62.06],[103.45,-62.2],[103.45,-62.2],[103.36,-62.15],[103.36,-62.15],[103.51,-62.73],[103.66,-63.32],[103.83,-63.56],[102.33,-63.72]]]}},{"type":"Feature","properties":{"ma":10,"type":"gpml:TopologicalNetwork","name":"Inactive_aus_antarc_india_mesh","pid":501,"deforming":true},"geometry":{"type":"Polygon","coordinates":[[[75.37,9.56],[75.5,9.85],[75.53,10.55],[75.56,11.26],[75.7,11.96],[75.84,12.65],[76.39,13.11],[76.95,13.58],[77.59,13.81],[78.22,14.04],[78.85,14.51],[79.48,14.98],[79.92,15.42],[80.36,15.85],[80.84,16.36],[81.32,16.86],[81.84,17.52],[82.38,18.18],[82.96,18.53],[83.54,18.88],[84.14,18.91],[84.75,18.93],[85.66,19.29],[85.66,19.29],[86,18.68],[86.53,17.91],[86.53,17.91],[86.08,17.83],[85.48,17.75],[85.33,17.69],[85.1,17.61],[84.96,17.54],[84.83,17.49],[84.61,17.37],[84.44,17.28],[84.29,17.23],[84.1,17.1],[83.96,17.01],[83.75,16.92],[83.6,16.86],[83.44,16.82],[83.31,16.76],[83.01,16.69],[82.8,16.6],[82.62,16.55],[82.34,16.53],[82.13,16.46],[81.84,16.32],[81.73,16.25],[81.54,16.09],[81.36,15.88],[80.96,15.49],[80.77,15.3],[80.56,15.15],[80.34,14.97],[80.1,14.76],[79.65,14.32],[79.6,14.26],[79.27,13.97],[78.77,13.69],[78.66,13.61],[78.12,13.16],[77.82,12.95],[77.33,12.72],[76.9,12.43],[76.49,11.99],[76.32,11.69],[76.31,11.01],[76.33,10.61],[76.46,9.97],[75.84,9.21],[75.84,9.21],[75.37,9.56]]]}},{"type":"Feature","properties":{"ma":10,"type":"gpml:TopologicalNetwork","name":"Inactive_Western_Deforming_Network","pid":801,"deforming":true},"geometry":{"type":"Polygon","coordinates":[[[151.96,-23.59],[152.02,-24.05],[152.16,-24.61],[152.41,-25.57],[152.54,-26.17],[152.75,-27.08],[152.54,-27.91],[152.81,-28.26],[152.64,-29.23],[152.54,-30.22],[152.43,-31.21],[152.33,-32.2],[152.51,-32.56],[152.47,-33.08],[152.43,-33.6],[152.4,-33.88],[152.03,-34.8],[151.9,-35.11],[151.87,-35.65],[151.84,-36.19],[151.83,-36.43],[151.58,-37.04],[151.32,-37.64],[151.31,-37.66],[150.98,-38.25],[150.64,-38.83],[150.14,-39.7],[149.62,-40.57],[149.58,-40.79],[149.47,-41.35],[149.36,-41.92],[148.41,-42.09],[147.8,-42.23],[147.8,-42.23],[147.71,-41.83],[147.67,-41.2],[147.83,-40.59],[147.98,-39.95],[148.58,-39.27],[148.79,-38.88],[148.91,-38.6],[149.39,-37.72],[149.81,-37.14],[150.31,-36.37],[150.36,-35.53],[150.5,-34.88],[150.83,-34.39],[151.16,-33.9],[151.33,-33.34],[151.16,-32.79],[151.22,-32.12],[151.03,-31.52],[151.21,-30.6],[151.06,-29.63],[151,-28.89],[151.58,-28.26],[151.66,-27.61],[151.75,-26.75],[151.59,-26.26],[151.07,-25.6],[150.56,-24.88],[150.3,-24.18],[150,-23.37],[149.72,-22.72],[149.72,-22.72],[150.42,-22.54],[151.13,-22.35],[151.83,-22.15],[151.83,-22.15],[151.9,-22.8],[151.96,-23.59]]]}},{"type":"Feature","properties":{"ma":10,"type":"gpml:TopologicalNetwork","name":"Inactive_Southern_Aus_Margin","pid":801,"deforming":true},"geometry":{"type":"Polygon","coordinates":[[[138.55,-42.83],[139.87,-43.02],[140.59,-42.96],[141.32,-42.9],[142.14,-42.87],[143.1,-42.71],[144.21,-42.76],[144.88,-42.8],[145.76,-42.64],[146.45,-42.49],[147.5,-42.3],[148.41,-42.09],[149.36,-41.92],[149.31,-42.08],[149.03,-42.95],[148.94,-43.21],[148.56,-43.76],[148.16,-44.3],[148.16,-44.35],[148.18,-45],[148.2,-45.66],[148.37,-46.17],[148.54,-46.69],[149.02,-46.97],[149.69,-47.67],[149.74,-47.73],[150.11,-48.18],[150.49,-48.63],[150.49,-48.63],[150.28,-49.21],[150.07,-49.78],[148.96,-49.97],[147.72,-50.17],[146.42,-50.37],[145.1,-50.55],[144.81,-50.03],[144.38,-49.72],[143.83,-49.36],[143.27,-49.01],[142.82,-48.69],[141.95,-48.37],[141.28,-47.51],[140.63,-46.66],[140.25,-46.31],[139.95,-46.11],[139.44,-45.75],[138.93,-45.39],[138.41,-45.03],[137.9,-44.67],[137.38,-44.32],[136.86,-44],[136.34,-43.63],[135.81,-43.29],[135.3,-42.93],[134.8,-42.56],[133.85,-42.32],[132.9,-42.08],[132.69,-42.03],[131.87,-41.85],[131.28,-41.79],[130.83,-41.74],[129.64,-41.56],[128.83,-41.24],[127.86,-40.87],[127.32,-40.8],[126.82,-40.73],[125.94,-40.7],[125.77,-40.7],[124.72,-40.69],[124.64,-40.7],[123.68,-40.76],[123.54,-40.81],[122.75,-41.03],[122.67,-41.05],[122.03,-41.2],[121.65,-41.28],[121.29,-41.32],[120.61,-41.38],[120.37,-41.4],[119.56,-41.47],[119.4,-41.48],[118.52,-41.53],[118.42,-41.56],[117.54,-41.74],[117.5,-41.75],[116.7,-41.89],[116.46,-41.93],[115.84,-42.04],[115.42,-42.11],[114.82,-42.11],[114.37,-42.11],[113.69,-42.07],[112.66,-41.99],[111.62,-41.89],[110.55,-41.72],[110.55,-41.72],[110.13,-40.98],[109.72,-40.23],[109.32,-39.48],[109.32,-39.48],[109.44,-39.5],[110.48,-39.12],[111.15,-39.16],[111.83,-39.2],[112.99,-38.95],[114.13,-38.71],[115.01,-38.56],[116.13,-38.54],[116.89,-38.48],[117.65,-38.41],[118.71,-38.26],[119.9,-38.12],[120.94,-38.17],[121.67,-37.99],[122.4,-37.81],[123.17,-37.72],[123.94,-37.62],[124.77,-37.47],[125.6,-37.31],[126.4,-37.11],[127.21,-36.9],[128.31,-36.8],[128.81,-36.69],[129.85,-37.07],[130.91,-37.44],[131.38,-37.78],[131.86,-38.11],[132.52,-38.52],[133.18,-38.93],[133.68,-39.26],[134.19,-39.58],[134.99,-40.17],[135.68,-40.71],[136.2,-41.19],[136.82,-41.72],[137.54,-42.22],[138.18,-42.54],[138.42,-42.79],[138.55,-42.83]]]}},{"type":"Feature","properties":{"ma":10,"type":"gpml:TopologicalNetwork","name":"Inactive_Coral_Deforming_Network","pid":836,"deforming":true},"geometry":{"type":"Polygon","coordinates":[[[152.59,-15.91],[153.34,-16.33],[153.88,-16.62],[154.41,-16.92],[154.83,-17.15],[155.03,-17.34],[155.26,-17.51],[155.26,-17.51],[154.84,-17.85],[154.42,-18.18],[153.65,-18.56],[152.89,-18.95],[152.89,-18.95],[152.83,-18.67],[152.57,-18.18],[152.19,-17.77],[151.81,-17.36],[151.6,-17.04],[151.6,-17.04],[151.23,-16.82],[150.23,-16.62],[149.24,-16.4],[148.45,-16.33],[147.66,-16.25],[147.58,-16.19],[147.58,-16.19],[147.03,-16.49],[146.63,-16.66],[145.76,-16.72],[145.1,-16.67],[145.1,-16.67],[145,-16.7],[144.76,-16.69],[144.47,-16.72],[144.07,-16.87],[143.98,-17.16],[144.16,-17.69],[144.31,-17.94],[144.21,-18.02],[144.21,-18.02],[144.51,-18.3],[144.74,-18.45],[145.02,-18.7],[145.56,-18.97],[146.24,-19.24],[146.89,-19.43],[147.54,-19.62],[148.49,-19.91],[149.16,-20.11],[149.84,-20.3],[150.22,-20.97],[150.72,-21.59],[150.8,-22.44],[150.8,-22.44],[149.89,-22.68],[149.89,-22.68],[149.79,-22.17],[149.7,-21.67],[149.26,-21.19],[148.82,-20.7],[148.14,-20.53],[147.46,-20.35],[146.72,-20.11],[145.98,-19.86],[145.24,-19.61],[144.4,-19.26],[143.56,-18.9],[142.83,-18.86],[142.09,-18.83],[141.35,-18.79],[140.99,-18.32],[140.8,-18.08],[140.8,-18.08],[140.89,-17.89],[141.08,-17.51],[141.24,-17.12],[141.4,-16.74],[141.71,-15.93],[142.03,-15.49],[142.36,-15.04],[143.15,-15.13],[143.94,-15.22],[144.35,-15.6],[144.35,-15.6],[144.55,-15.52],[144.93,-15.34],[145.51,-15.01],[146.1,-14.7],[146.82,-14.79],[147.53,-14.89],[148.17,-14.89],[148.7,-14.95],[149.23,-15],[150.15,-15.26],[151.07,-15.52],[151.84,-15.48],[152.59,-15.91]]]}},{"type":"Feature","properties":{"ma":10,"type":"gpml:TopologicalNetwork","name":"Static_Network","pid":833,"deforming":true},"geometry":{"type":"Polygon","coordinates":[[[153.2,-23.37],[153.09,-22.86],[152.78,-22.71],[152.66,-22.12],[152.64,-21.48],[152.97,-20.97],[153.31,-20.45],[153.17,-19.74],[153.17,-19.74],[153.48,-19.55],[154.01,-18.98],[154.54,-18.42],[154.54,-18.42],[154.75,-18.64],[155,-18.84],[155.2,-19.04],[155.67,-19.61],[156.02,-20.33],[156.07,-21.21],[155.75,-21.63],[155.4,-22.08],[155.05,-22.53],[155.44,-23.16],[155.24,-23.94],[155.46,-24.35],[156.08,-24.9],[156.85,-24.4],[157.62,-23.9],[158.39,-23.39],[159.15,-22.88],[159.9,-22.37],[160.65,-21.85],[161.32,-22.45],[161.63,-22.95],[161.93,-23.45],[162.34,-23.8],[162.75,-24.14],[163.37,-24.7],[164.11,-25.16],[164.88,-25.65],[165.51,-25.94],[165.94,-26.33],[165.99,-26.62],[166.07,-26.83],[166.09,-27.12],[166.2,-27.77],[166.18,-28.69],[166.3,-29.42],[166.52,-30.24],[166.64,-30.67],[166.7,-31.43],[166.76,-31.7],[166.86,-32.42],[167.34,-33.04],[167.38,-33.45],[167.26,-34.23],[167.26,-34.84],[167.39,-35.24],[167.58,-35.58],[168.47,-36.21],[168.98,-36.53],[169.57,-36.77],[170.32,-37.16],[170.42,-37.27],[171.27,-36.74],[170.93,-37.1],[170.93,-37.42],[170.92,-37.65],[171.13,-38],[171.41,-38.47],[171.75,-39.02],[171.99,-39.42],[172.24,-39.83],[172.59,-40.37],[173.27,-40.88],[172.7,-41.55],[171.92,-42.15],[171.51,-42.58],[171.1,-43],[171.07,-43.56],[171.05,-44.12],[170.4,-44.97],[169.72,-45.38],[168.93,-46.07],[168.43,-46.53],[167.91,-46.99],[167.55,-47.96],[167.55,-47.96],[166.93,-47.68],[166.24,-47.42],[165.52,-47.27],[164.61,-46.53],[163.72,-45.79],[164,-45.31],[163.88,-45.14],[163.52,-44.82],[163.1,-44.54],[163.1,-44.54],[163.36,-44.38],[162.85,-43.51],[162.35,-42.65],[161.53,-41.86],[161.47,-41.81],[161.06,-41.09],[160.47,-40.92],[159.83,-40.62],[159.19,-40.32],[158.9,-39.7],[158.61,-39.07],[158.57,-39.04],[157.85,-38.33],[157.67,-38.15],[157.01,-38.03],[156.35,-37.91],[156.29,-37.76],[156.1,-37.25],[155.9,-36.74],[155.8,-36.55],[155.6,-35.82],[155.41,-35.09],[155.68,-34.41],[155.95,-33.72],[155.96,-33.69],[155.84,-33.16],[155.72,-32.62],[155.66,-32.38],[155.59,-31.84],[155.51,-31.29],[155.47,-30.99],[155.56,-30.5],[155.65,-30],[155.71,-29.67],[155.35,-28.73],[155.21,-28.35],[154.72,-27.78],[154.23,-27.2],[153.9,-26.64],[153.66,-26.21],[153.59,-25.56],[153.53,-25.04],[153.47,-24.51],[153.32,-23.88],[153.2,-23.37]]]}},{"type":"Feature","properties":{"ma":10,"type":"gpml:TopologicalNetwork","name":"Inactive_Deforming_AUS_ANT_Deforming_Network","pid":802,"deforming":true},"geometry":{"type":"Polygon","coordinates":[[[163.47,-68.66],[163.6,-68.68],[164.68,-68.83],[164.85,-68.89],[164.36,-69.42],[163.84,-69.95],[163.84,-69.95],[162.76,-69.73],[160.97,-69.73],[159.19,-69.71],[157.66,-69.26],[156.51,-68.78],[155.42,-68.29],[154.27,-67.93],[153.15,-67.56],[151.5,-67.32],[149.88,-67.06],[148.13,-66.88],[146.41,-66.68],[145.2,-66.47],[144,-66.26],[141.67,-66.02],[140.09,-65.98],[138.51,-65.92],[136.96,-65.66],[135.44,-65.39],[133.56,-65.28],[132.16,-65.31],[130.75,-65.32],[129.22,-65.38],[127.69,-65.43],[125.93,-65.7],[124.13,-65.94],[122.2,-66],[120.26,-66.04],[118.32,-66.05],[117.06,-66.14],[115.81,-66.22],[114.08,-66.3],[112.35,-66.37],[111.04,-66.29],[109.73,-66.19],[107.56,-65.92],[105.43,-65.62],[105.43,-65.62],[104.8,-64.86],[104.22,-64.09],[103.66,-63.32],[103.44,-62.48],[103.44,-62.48],[103.98,-62.61],[104.86,-62.79],[106.67,-63.11],[108.08,-63.07],[109.49,-63.02],[110.41,-62.96],[111.06,-62.92],[111.93,-62.88],[112.63,-62.84],[113.76,-62.86],[114.2,-62.87],[115.68,-62.92],[115.78,-62.92],[117.35,-62.87],[117.54,-62.86],[118.92,-62.79],[119.18,-62.79],[120.49,-62.73],[120.89,-62.73],[122.06,-62.71],[122.79,-62.77],[123.63,-62.83],[125.02,-62.89],[125.2,-62.89],[126.76,-62.82],[127,-62.78],[128.3,-62.54],[128.41,-62.51],[129.63,-62.22],[129.83,-62.17],[130.85,-61.95],[131.36,-61.84],[131.94,-61.74],[132.67,-61.62],[132.91,-61.58],[133.96,-61.43],[134.46,-61.36],[135.19,-61.29],[136.03,-61.21],[136.28,-61.21],[138.17,-61.53],[140.1,-61.82],[140.47,-61.94],[141.14,-62.15],[141.78,-62.33],[142.2,-62.44],[142.91,-62.63],[143.64,-62.82],[144.11,-62.95],[144.67,-63.1],[145.4,-63.29],[146.2,-63.48],[146.7,-63.6],[147.59,-63.85],[149.03,-64.3],[150,-64.85],[150.73,-65.16],[150.97,-65.25],[151.02,-65.27],[151.21,-65.33],[151.75,-65.48],[152.08,-65.57],[152.31,-65.61],[153.16,-65.79],[153.59,-65.99],[154.15,-66.26],[155.09,-66.85],[156.05,-67.37],[157.1,-67.66],[157.76,-67.78],[158.18,-67.86],[159.27,-68.01],[160.06,-68.15],[160.35,-68.2],[162.51,-68.53],[163.47,-68.66]]]}},{"type":"Feature","properties":{"ma":10,"type":"gpml:TopologicalNetwork","name":"Inactive_Tasmania_Deforming_Network","pid":851,"deforming":true},"geometry":{"type":"Polygon","coordinates":[[[142.82,-48.69],[143.27,-49.01],[143.83,-49.36],[144.38,-49.72],[144.81,-50.03],[145.12,-50.51],[145.47,-50.77],[145.95,-50.97],[146.52,-51.18],[147.07,-51.37],[147.84,-51.64],[148.37,-51.93],[148.86,-52.25],[149.36,-52.55],[150.07,-52.97],[150.5,-53.33],[150.83,-53.68],[150.92,-53.87],[150.43,-54.3],[149.55,-54.33],[149.13,-54.21],[149.11,-54.21],[148.62,-54.02],[148.56,-54],[148.07,-53.84],[147.72,-53.72],[147.52,-53.68],[146.97,-53.55],[146.86,-53.52],[146.58,-53.46],[146.15,-53.36],[146,-53.33],[145.76,-53.25],[145.47,-53.16],[145.46,-53.16],[145.33,-53.11],[145.16,-53.06],[145.01,-52.95],[144.47,-52.56],[144.27,-52.26],[144.02,-51.88],[143.6,-51.17],[143.31,-50.68],[143.19,-50.46],[142.78,-49.75],[142.37,-49.05],[142.34,-49.01],[141.95,-48.37],[142.82,-48.69]]]}},{"type":"Feature","properties":{"ma":10,"type":"gpml:TopologicalNetwork","name":"Inactive_network","pid":301,"deforming":true},"geometry":{"type":"Polygon","coordinates":[[[-5.09,80.5],[-4.6,80.63],[-1.03,81.18],[3.08,81.59],[7.24,81.93],[7.24,81.93],[12.17,81.67],[16.77,81.36],[20.21,81.7],[23.93,82],[29.1,82.45],[32.91,82.79],[36.38,83.05],[41.9,83.57],[47.15,83.31],[53.07,83.11],[57.48,83.25],[65.03,82.92],[66.12,82.92],[67.8,82.9],[69.73,82.87],[71.91,82.82],[74.03,82.8],[74.03,82.8],[74.03,82.8],[72.72,82.32],[71.57,81.83],[71.57,81.83],[66.01,81.82],[59.68,81.8],[53.44,81.69],[48.33,81.52],[43.45,81.29],[38.66,81.13],[34.08,80.91],[29.53,80.6],[25.29,80.24],[21.96,79.93],[18.85,79.58],[15.73,79.28],[12.8,78.94],[9.61,78.35],[10.37,77.54],[11.69,76.98],[12.91,76.41],[13.69,75.76],[14.41,75.11],[15.06,74.45],[15.38,73.91],[15.67,73.36],[15.67,73.36],[13.45,73.2],[11.27,73.01],[11.27,73.01],[11.03,73.67],[10.76,74.34],[10.47,75],[8.74,75.39],[6.91,75.77],[5.59,76.44],[4.14,77.1],[2.53,77.75],[0.48,78.51],[-1.85,79.26],[-4.12,80.14],[-5.09,80.5]]]}},{"type":"Feature","properties":{"ma":10,"type":"gpml:TopologicalNetwork","name":"Inactive_network","pid":102,"deforming":true},"geometry":{"type":"Polygon","coordinates":[[[-180,90],[180,90],[180,89.14],[164.89,88.52],[164.89,88.52],[164.5,88.51],[164.12,88.5],[164.12,88.5],[136.33,88.47],[114.24,88.14],[100.27,87.62],[100.27,87.62],[85.14,87.75],[66.38,87.73],[50.61,87.83],[31.05,88.4],[12.64,88.62],[-10.37,88.51],[-15.31,87.58],[-19.34,86.68],[-23.51,85.88],[-27.73,85.33],[-31.04,84.76],[-34.42,83.99],[-29.71,83.94],[-24.02,84],[-18.29,84],[-11.22,83.81],[-8.71,83.49],[-8.37,83.5],[-9.52,83.36],[-11.97,82.97],[-14.74,82.43],[-18.31,81.78],[-15.92,81.85],[-13.19,81.22],[-10.14,80.45],[-7.55,79.65],[-5.62,78.87],[-3.94,78.08],[-3.32,77.45],[-2.77,76.83],[-3.98,76.19],[-3.98,76.19],[-4.51,76.42],[-5.58,76.97],[-6.51,77.34],[-7.39,77.7],[-9.33,78.33],[-11.61,79],[-14.19,79.65],[-17.03,80.07],[-20.11,80.46],[-24.18,80.79],[-28.53,81.08],[-33.14,81.31],[-37.61,81.33],[-42.08,81.29],[-42.08,81.29],[-43.81,81.95],[-45.85,82.59],[-48.9,83.38],[-52.76,84.14],[-57.72,84.86],[-56.55,85.04],[-56.91,85.72],[-57.42,86.4],[-58.5,87.06],[-60.2,87.72],[-66.13,88.55],[-86.65,89.33],[-117.02,89.52],[-180,89.14],[-180,90]]]}},{"type":"Feature","properties":{"ma":10,"type":"gpml:TopologicalNetwork","name":"EllesmereIsland_Deformation_Mesh_Gion","pid":120,"deforming":true},"geometry":{"type":"Polygon","coordinates":[[[-88.82,73.53],[-91.25,73.57],[-94.18,73.6],[-96.77,73.73],[-99.41,73.81],[-101.22,73.87],[-103.04,73.91],[-106.16,74.09],[-107.97,74.4],[-109.85,74.69],[-111.52,75.03],[-113.25,75.35],[-116.3,75.86],[-119.19,76.51],[-121.6,77.13],[-121.55,78.08],[-120.72,79.05],[-118.59,79.5],[-116.27,79.94],[-113.53,80.29],[-110.6,80.61],[-107.19,80.98],[-103.52,81.31],[-98.88,81.62],[-93.91,81.88],[-89.88,82.11],[-85.62,82.29],[-81.28,82.64],[-76.53,82.95],[-72.8,83.28],[-68.68,83.59],[-62.43,83.99],[-57.72,84.86],[-57.72,84.86],[-52.76,84.14],[-48.9,83.38],[-45.85,82.59],[-43.69,81.9],[-41.87,81.2],[-41.87,81.2],[-43,81.11],[-45.31,80.85],[-47.97,80.5],[-49.69,80.24],[-52.14,79.75],[-54.13,79.2],[-55.93,78.65],[-57.34,78.29],[-58.16,78.24],[-59.67,78.24],[-60.83,78.23],[-62.76,78.04],[-64.27,77.87],[-64.78,77.56],[-65.18,77.31],[-66.53,77.11],[-67.52,76.96],[-67.52,76.72],[-67.52,76.45],[-67.51,76.15],[-68.22,76.1],[-68.83,76.05],[-69.45,75.99],[-70.34,75.92],[-71.01,75.86],[-71.76,75.78],[-72.23,75.74],[-72.6,75.63],[-73.3,75.41],[-74.08,75.16],[-75.14,74.6],[-75.93,74.37],[-76.59,74.17],[-77.59,73.86],[-79.18,73.28],[-80.04,72.89],[-80.04,72.89],[-81.26,72.93],[-83.33,73.04],[-86.23,73.21],[-87.36,73.36],[-88.82,73.53]]]}},{"type":"Feature","properties":{"ma":10,"type":"gpml:TopologicalNetwork","name":"Inactive_BoB_Deform","pid":305,"deforming":true},"geometry":{"type":"Polygon","coordinates":[[[-10.17,44.98],[-10.15,45.05],[-10,45.24],[-9.87,45.53],[-9.68,45.82],[-9.51,46.19],[-9.43,46.35],[-9.43,46.35],[-9.39,46.34],[-8.88,46.24],[-8.45,46.11],[-7.89,45.94],[-7.31,45.63],[-7.01,45.39],[-6.36,45.14],[-5.78,44.66],[-5.24,44.21],[-5.02,43.87],[-4.81,43.48],[-4.53,43.15],[-4.28,42.8],[-4.15,42.38],[-4.15,42.38],[-4.83,42.43],[-5.68,42.31],[-6.56,42.23],[-6.91,42.19],[-7.34,42.13],[-7.58,42.09],[-7.86,42.05],[-7.86,42.05],[-8.22,42.77],[-8.51,43.1],[-8.68,43.28],[-8.84,43.35],[-8.84,43.35],[-8.53,43.47],[-8.33,43.68],[-8.26,43.8],[-8.26,43.8],[-8.29,43.97],[-8.35,44.2],[-8.56,44.41],[-9.26,44.67],[-10.14,44.98],[-10.17,44.98]]]}},{"type":"Feature","properties":{"ma":10,"type":"gpml:TopologicalNetwork","name":"Inactive_Central_Atlantic_Mesh","pid":101,"deforming":true},"geometry":{"type":"Polygon","coordinates":[[[-50.73,41.98],[-51.1,42.17],[-51.78,42.44],[-52.35,42.45],[-53.14,42.85],[-53.71,42.96],[-54.61,42.65],[-55.59,42.52],[-56.56,42.39],[-57.34,41.83],[-57.84,41.38],[-58.17,41.08],[-58.64,40.81],[-59.19,40.63],[-59.94,40.79],[-60.94,41.12],[-61.83,41.17],[-62.55,41.12],[-62.76,41.09],[-63.01,40.92],[-63.37,40.71],[-63.51,40.63],[-63.61,40.56],[-63.7,40.49],[-63.79,40.42],[-64.05,40.23],[-64.36,39.98],[-64.47,39.86],[-64.67,39.7],[-64.81,39.6],[-64.92,39.5],[-65.11,39.36],[-65.3,39.21],[-65.43,39.07],[-65.8,38.98],[-66.16,39.06],[-66.5,39.15],[-67.02,39.25],[-67.28,39.14],[-67.53,39.07],[-67.85,39.04],[-68.2,38.98],[-68.55,38.95],[-68.8,38.92],[-69.08,38.91],[-69.38,38.95],[-69.75,38.98],[-69.97,39.01],[-70.29,38.83],[-70.46,38.76],[-70.91,38.72],[-71.7,38.52],[-72.31,38.18],[-72.81,37.65],[-73.03,36.97],[-73.34,36.43],[-73.46,36.12],[-73.42,35.7],[-73.34,35.3],[-73.33,34.74],[-73.75,34.2],[-74.14,33.67],[-74.55,33.19],[-74.87,32.79],[-75.43,32.22],[-75.72,31.72],[-76.54,31.42],[-77.39,31.1],[-78.25,30.74],[-78.6,30.37],[-78.86,29.99],[-78.46,29.69],[-78.39,29.49],[-78.55,29.03],[-78.34,28.54],[-78.06,27.66],[-77.94,27.36],[-77.85,26.93],[-77.85,26.86],[-77.85,26.86],[-78.33,26.86],[-79.1,26.94],[-79.86,27.19],[-80.42,27.69],[-80.97,28.02],[-81.64,28.29],[-82.23,28.64],[-82.47,29.13],[-83.29,29.41],[-83.91,29.74],[-84.55,30.08],[-84.55,30.08],[-83.96,30.32],[-83.64,30.4],[-83.4,30.76],[-83.07,31.23],[-82.74,31.63],[-82.41,32.01],[-82.33,32.23],[-81.98,32.4],[-81.64,32.56],[-81.1,32.83],[-80.41,33.11],[-79.72,33.39],[-79.19,33.93],[-78.78,34.47],[-78.74,35.25],[-78.7,35.89],[-78.04,36.34],[-77.26,37.03],[-76.92,37.39],[-76.45,37.95],[-75.98,38.5],[-75.76,38.99],[-75.66,39.46],[-75.19,39.69],[-75.05,39.82],[-74.73,39.84],[-74.34,39.82],[-73.98,39.87],[-73.43,40.09],[-73.12,40.16],[-72.89,40.19],[-72.55,40.51],[-72.2,40.82],[-71.62,41.03],[-71.23,41.39],[-71.09,41.98],[-70.79,42.11],[-70.26,42.03],[-69.63,42.37],[-69.02,42.45],[-68.02,42.61],[-67,42.85],[-66.33,43.06],[-65.31,43.28],[-64.67,43.63],[-63.8,44.09],[-63.03,44.4],[-62.29,44.58],[-61.44,44.76],[-60.98,44.8],[-60.3,44.73],[-59.39,44.71],[-58.6,44.79],[-57.94,44.84],[-57.24,44.87],[-56.52,44.87],[-55.64,44.85],[-54.63,44.7],[-53.7,44.53],[-52.63,44.42],[-52.17,44.31],[-51.94,44.1],[-51.64,44],[-51.46,43.86],[-51.3,43.76],[-51.07,43.58],[-50.72,43.38],[-50.81,43.27],[-51.02,43.17],[-51.44,43.19],[-51.41,42.99],[-51.25,42.76],[-50.82,42.93],[-50.75,42.94],[-50.59,42.91],[-50.61,42.69],[-50.65,42.28],[-50.29,42.19],[-50.29,42.19],[-50.73,41.98]]]}},{"type":"Feature","properties":{"ma":10,"type":"gpml:TopologicalNetwork","name":"Inactive Deforming Network","pid":701,"deforming":true},"geometry":{"type":"Polygon","coordinates":[[[5.13,3.52],[4.29,3.84],[3.46,4.17],[3.46,4.17],[4.15,4.69],[4.55,4.99],[4.55,4.99],[4.85,4.95],[5.64,4.8],[6.08,4.56],[6.53,4.33],[6.92,3.9],[7.31,3.46],[7.65,2.75],[7.7,2.13],[7.75,1.52],[7.57,0.79],[7.39,0.07],[7.21,-0.65],[7.37,-1.15],[7.53,-1.64],[7.8,-2.6],[7.85,-3.46],[7.96,-4],[8.07,-4.55],[8.4,-4.99],[8.73,-5.43],[9.35,-5.83],[9.85,-6.57],[10.08,-7.01],[10.32,-7.46],[10.52,-8.29],[10.66,-9.11],[10.96,-9.9],[11.41,-10.78],[11.73,-11.59],[11.78,-12.26],[11.72,-12.81],[11.66,-13.37],[11.31,-14.17],[11,-14.57],[10.69,-14.98],[10.23,-15.86],[10.07,-16.39],[9.9,-16.92],[9.74,-17.55],[9.57,-18.18],[9.47,-18.72],[9.37,-19.27],[9.6,-20.19],[9.85,-20.8],[10.1,-21.4],[10.3,-21.87],[10.5,-22.34],[10.82,-23.15],[11.32,-23.96],[11.52,-24.6],[11.73,-25.24],[12,-26.18],[12.13,-26.72],[12.26,-27.26],[12.42,-27.82],[12.58,-28.37],[12.76,-28.9],[12.94,-29.43],[13.49,-30.19],[14.1,-30.98],[14.42,-31.5],[14.75,-32.01],[14.99,-32.63],[15.23,-33.25],[15.5,-34.16],[15.77,-35.07],[16.08,-35.65],[16.38,-36.22],[16.93,-36.63],[17.47,-37.03],[18.07,-37.51],[18.67,-37.99],[19.48,-38.49],[19.48,-38.49],[18.91,-38.87],[18.33,-39.24],[18.33,-39.24],[17.81,-38.83],[17.28,-38.42],[17.29,-38.37],[16.57,-37.76],[16.22,-37.47],[15.68,-37],[15.2,-36.57],[14.82,-36.21],[14.27,-35.64],[14.01,-35.37],[13.5,-34.74],[12.92,-34.05],[12.63,-33.6],[12.31,-33.11],[12.09,-32.77],[12.01,-32.6],[11.75,-32.02],[11.51,-31.5],[11.46,-31.39],[11.27,-30.89],[11.09,-30.39],[11.06,-30.31],[10.83,-29.57],[10.81,-29.52],[10.63,-28.82],[10.59,-28.64],[10.48,-28.08],[10.42,-27.75],[10.33,-27.34],[10.21,-26.86],[10.13,-26.6],[9.93,-26],[9.88,-25.86],[9.65,-25.14],[9.65,-25.1],[9.57,-24.34],[9.56,-24.23],[9.44,-23.58],[9.4,-23.34],[9.24,-22.81],[9.14,-22.47],[9.05,-22.07],[8.95,-21.58],[8.91,-21.3],[8.81,-20.68],[8.8,-20.56],[8.74,-19.99],[8.72,-19.78],[8.71,-19.68],[8.71,-19.47],[8.71,-19.28],[8.71,-18.97],[8.7,-18.87],[8.74,-18.49],[8.78,-17.97],[8.79,-17.92],[8.91,-17.39],[8.97,-17.08],[9.13,-16.74],[9.34,-16.25],[9.46,-15.68],[9.52,-15.36],[9.53,-15.1],[9.54,-14.45],[9.54,-14.3],[9.52,-13.55],[9.48,-13.4],[9.24,-12.68],[9.21,-12.63],[8.85,-11.96],[8.81,-11.88],[8.51,-11.23],[8.44,-11.07],[8.32,-10.43],[8.28,-10.17],[8.18,-9.62],[8.12,-9.28],[8.05,-8.84],[7.98,-8.38],[7.92,-8.02],[7.82,-7.49],[7.65,-7.25],[7.3,-6.8],[7.17,-6.7],[6.57,-6.26],[6.52,-6.19],[6.04,-5.58],[6.02,-5.55],[5.8,-4.93],[5.72,-4.71],[5.78,-4.24],[5.83,-3.81],[5.86,-3.46],[5.92,-2.91],[5.91,-2.74],[5.86,-2.15],[5.85,-2.01],[5.9,-1.85],[6.04,-1.31],[6.09,-1.15],[6.65,-0.44],[6.95,0.38],[7.2,1.13],[7.23,1.24],[7.12,2.08],[7.12,2.12],[6.58,2.66],[6.49,2.75],[5.89,3.13],[5.72,3.24],[5.13,3.55],[5.13,3.52]]]}},{"type":"Feature","properties":{"ma":10,"type":"gpml:TopologicalNetwork","name":"Inactive Deforming Network","pid":201,"deforming":true},"geometry":{"type":"Polygon","coordinates":[[[-33.75,-6.62],[-33.57,-7.2],[-33.51,-7.38],[-33.38,-8.04],[-33.35,-8.17],[-33.23,-8.91],[-33.23,-8.94],[-33.13,-9.67],[-33.12,-9.73],[-33.3,-10.22],[-33.54,-10.74],[-33.68,-11.01],[-33.75,-11.13],[-34.41,-11.58],[-34.76,-11.73],[-35.15,-11.9],[-35.69,-12.48],[-35.82,-12.65],[-36.2,-13.1],[-36.41,-13.39],[-36.67,-13.75],[-36.98,-14.13],[-37.17,-14.38],[-37.53,-15.05],[-37.55,-15.08],[-37.43,-15.85],[-37.4,-15.94],[-37.2,-16.62],[-37.11,-16.76],[-36.79,-17.31],[-36.76,-17.6],[-36.71,-18.09],[-36.8,-18.43],[-36.91,-18.87],[-37.07,-19.28],[-37.2,-19.61],[-37.35,-20.14],[-37.42,-20.38],[-37.52,-20.99],[-37.55,-21.17],[-37.64,-21.88],[-37.65,-21.96],[-37.86,-22.73],[-37.86,-22.8],[-37.91,-23.53],[-37.93,-23.68],[-38.02,-24.32],[-38.09,-24.46],[-38.37,-25.01],[-38.64,-25.24],[-38.95,-25.49],[-39.13,-25.92],[-39.25,-26.23],[-39.54,-26.46],[-39.84,-26.7],[-40.53,-27.11],[-40.58,-27.15],[-41.18,-27.58],[-41.73,-27.89],[-41.88,-27.97],[-42.64,-28.23],[-43.44,-28.38],[-44.23,-28.53],[-44.48,-28.6],[-45.01,-28.75],[-45.63,-29.23],[-45.71,-29.34],[-46.08,-29.88],[-46.21,-30.14],[-46.44,-30.59],[-46.71,-30.95],[-46.92,-31.24],[-47.28,-31.66],[-47.44,-31.85],[-47.9,-32.37],[-47.98,-32.45],[-48.5,-33.06],[-48.53,-33.1],[-49.01,-33.68],[-49.08,-33.82],[-49.37,-34.4],[-49.49,-34.66],[-49.72,-35.12],[-49.91,-35.52],[-50.07,-35.84],[-50.37,-36.37],[-50.47,-36.54],[-50.88,-37.18],[-50.91,-37.22],[-51.37,-37.88],[-51.41,-37.95],[-51.81,-38.53],[-52.22,-39.11],[-52.32,-39.21],[-52.76,-39.68],[-53.04,-40.26],[-53.18,-40.42],[-53.45,-40.76],[-53.88,-41.24],[-54.27,-41.67],[-54.72,-42.14],[-55.18,-42.6],[-55.73,-43.28],[-55.98,-43.57],[-56.33,-44.26],[-56.55,-44.7],[-56.78,-45.26],[-57.04,-45.86],[-57.14,-46.26],[-57.34,-47.09],[-57.53,-47.65],[-57.72,-48.21],[-57.8,-48.64],[-57.8,-48.64],[-59.16,-48.43],[-59.16,-48.43],[-59.29,-47.72],[-59.28,-47.23],[-59.25,-46.73],[-59.21,-46.23],[-59.01,-45.53],[-58.82,-44.84],[-58.56,-44.14],[-58.21,-43.53],[-57.58,-42.64],[-57.02,-41.99],[-56.47,-41.34],[-55.94,-40.68],[-55.46,-40.01],[-55.07,-39.47],[-54.68,-38.94],[-54.37,-38.68],[-53.73,-38.11],[-53.1,-37.53],[-52.6,-37.05],[-52.1,-36.57],[-51.67,-35.78],[-51.33,-34.97],[-50.9,-34.15],[-50.43,-33.43],[-50.12,-32.84],[-49.6,-32.02],[-49.09,-31.24],[-48.72,-30.43],[-48.6,-30.26],[-48.13,-29.82],[-47.78,-28.88],[-47.81,-27.97],[-47.71,-27.44],[-47.61,-26.91],[-47.24,-26.47],[-46.87,-26.04],[-45.97,-25.47],[-45.42,-25.24],[-44.88,-25],[-44.06,-24.66],[-43.3,-24.51],[-42.54,-24.36],[-41.88,-24.17],[-41.22,-23.98],[-40.61,-23.38],[-40.38,-22.91],[-40.14,-22.45],[-39.72,-21.83],[-39.6,-21.21],[-39.5,-20.69],[-39.38,-20.25],[-39.13,-19.71],[-39.01,-19.14],[-38.81,-18.77],[-38.79,-18.35],[-38.65,-17.88],[-38.45,-17.38],[-38.38,-16.76],[-38.36,-16.12],[-38.22,-15.58],[-38.31,-14.98],[-38.26,-14.48],[-38.19,-14.13],[-37.92,-13.43],[-37.85,-12.95],[-37.83,-12.51],[-37.83,-11.98],[-37.87,-11.52],[-37.93,-11.08],[-37.86,-10.71],[-37.68,-10.45],[-37.46,-10.22],[-37.01,-9.94],[-36.83,-9.7],[-37.67,-9.75],[-38.5,-9.37],[-38.99,-9.06],[-39.32,-9.26],[-39.37,-9.68],[-39.75,-9.69],[-40.1,-9.42],[-40.29,-9.02],[-40.16,-8.74],[-39.77,-8.34],[-39.38,-7.93],[-38.77,-7.69],[-38.39,-7.34],[-38.07,-7.4],[-37.73,-6.89],[-37.36,-6.61],[-36.72,-6.44],[-36.35,-6.13],[-36.42,-5.75],[-36.63,-5.57],[-36.63,-5.57],[-35.96,-5.47],[-35.29,-5.37],[-35.29,-5.37],[-35.03,-5.5],[-34.6,-5.72],[-34.17,-6.17],[-33.75,-6.62]]]}},{"type":"Feature","properties":{"ma":10,"type":"gpml:TopologicalNetwork","name":"Inactive Deforming Network","pid":201,"deforming":true},"geometry":{"type":"Polygon","coordinates":[[[-48.46,2.93],[-48.33,2.8],[-47.68,2.03],[-47.27,1.66],[-46.94,1.37],[-46.3,0.6],[-46,0.33],[-45.56,-0.06],[-44.72,-0.59],[-44.6,-0.66],[-43.89,-1.04],[-43.84,-1.07],[-43.5,-1.39],[-43.13,-1.75],[-43.04,-1.87],[-42.52,-2.55],[-42.21,-2.79],[-41.75,-3.13],[-40.76,-3.22],[-40.26,-3.24],[-39.76,-3.26],[-39.5,-3.3],[-38.78,-3.4],[-38.66,-3.46],[-38.17,-3.69],[-37.88,-3.83],[-37.53,-4.07],[-37.06,-4.4],[-36.72,-4.67],[-36.26,-4.89],[-35.8,-5.11],[-35.29,-5.37],[-35.29,-5.37],[-35.96,-5.47],[-36.63,-5.57],[-36.63,-5.57],[-36.67,-5.53],[-37.2,-5.39],[-37.74,-5.2],[-38.09,-5.03],[-38.09,-5.03],[-38.32,-4.93],[-38.88,-4.74],[-39.63,-4.6],[-40.31,-4.6],[-40.99,-4.6],[-41.86,-4.46],[-42.74,-4.32],[-43.64,-3.96],[-44.48,-3.5],[-45.35,-3.02],[-46.17,-2.66],[-46.71,-2.43],[-47.25,-2.2],[-47.76,-1.96],[-48.26,-1.73],[-48.83,-1.5],[-49.39,-1.26],[-49.73,-0.87],[-50.07,-0.49],[-50.28,0.01],[-50.49,0.52],[-50.6,1.07],[-50.7,1.63],[-50.95,2.13],[-51.2,2.63],[-51.88,3.36],[-52.41,3.95],[-52.78,4.46],[-53.15,4.97],[-53.51,5.63],[-53.62,6.57],[-53.65,7.25],[-53.9,7.64],[-54.03,7.76],[-54.03,7.76],[-54.02,7.98],[-53.84,8.25],[-53.26,8.2],[-52.73,7.6],[-52.02,7.32],[-51.7,7.22],[-51.7,7.22],[-51.66,6.68],[-51.59,6.13],[-51.52,5.57],[-51.17,4.87],[-50.5,4.39],[-49.82,3.9],[-49.14,3.42],[-48.46,2.93]]]}},{"type":"Feature","properties":{"ma":10,"type":"gpml:TopologicalNetwork","name":"Deforming Network","pid":714,"deforming":true},"geometry":{"type":"Polygon","coordinates":[[[-14.85,4.61],[-15.56,4.97],[-16.27,5.33],[-16.91,5.77],[-17.24,6.23],[-17.57,6.68],[-18,7.31],[-18,7.31],[-17.42,7.49],[-16.84,7.66],[-16.84,7.66],[-16.52,7.04],[-16.2,6.42],[-15.5,5.95],[-14.9,5.89],[-14.3,5.83],[-13.69,5.3],[-13.07,4.77],[-12.45,4.27],[-11.83,3.76],[-11.15,3.39],[-10.46,3.01],[-9.74,2.87],[-8.92,3.05],[-8.1,3.23],[-7.3,3.34],[-6.49,3.45],[-5.51,3.44],[-4.86,3.33],[-4.22,3.22],[-3.46,3.44],[-2.71,3.66],[-2,4.03],[-1.29,4.39],[-0.82,4.61],[-0.35,4.82],[0.6,4.98],[1.54,5.14],[2.35,5.12],[3.15,5.1],[3.96,5.08],[4.54,4.98],[4.54,4.98],[4.15,4.69],[3.46,4.17],[3.46,4.17],[3.07,4.32],[2.43,4.36],[1.79,4.39],[1.15,4.3],[0.38,4.19],[-0.46,3.92],[-0.99,3.74],[-1.64,3.44],[-2.29,3.14],[-2.61,3],[-3.1,2.78],[-3.59,2.56],[-3.71,2.57],[-4.01,2.6],[-4.34,2.64],[-4.94,2.7],[-5.32,2.78],[-5.83,2.87],[-6.34,2.97],[-6.66,2.9],[-7.19,2.79],[-7.72,2.68],[-8.32,2.52],[-8.91,2.35],[-9.11,2.3],[-9.81,2.2],[-10.51,2.1],[-10.59,2.12],[-11.31,2.34],[-11.87,2.51],[-12.09,2.68],[-12.74,3.19],[-13,3.39],[-13.34,3.65],[-14.02,4.16],[-14.14,4.26],[-14.85,4.61]]]}},{"type":"Feature","properties":{"ma":10,"type":"gpml:TopologicalNetwork","name":"Inactive_Southern_Central_Atlantic_Mesh","pid":714,"deforming":true},"geometry":{"type":"Polygon","coordinates":[[[-18,11.54],[-18.03,11.29],[-17.93,11.05],[-18.03,10.57],[-17.99,10.12],[-17.63,9.39],[-17.22,8.58],[-16.83,8.13],[-16.19,7.85],[-15.55,7.57],[-14.88,6.92],[-14.49,6.3],[-13.92,5.63],[-13.91,5.49],[-13.91,5.49],[-14.3,5.83],[-14.9,5.89],[-15.5,5.95],[-16.2,6.42],[-16.52,7.05],[-16.85,7.68],[-16.85,7.68],[-16.88,7.68],[-17.4,7.51],[-17.72,7.4],[-18,7.38],[-18.73,7.21],[-19.4,7.49],[-20,7.84],[-20.02,8.48],[-20.01,9.03],[-19.67,9.6],[-19.67,9.6],[-19.68,9.87],[-19.66,10.17],[-19.67,10.43],[-19.64,10.68],[-19.78,10.89],[-19.76,11.24],[-19.72,11.58],[-19.72,11.58],[-18.85,11.62],[-17.99,11.66],[-18,11.54]]]}},{"type":"Feature","properties":{"ma":10,"type":"gpml:TopologicalNetwork","name":"Inactive_Rockall_DFM","pid":102,"deforming":true},"geometry":{"type":"Polygon","coordinates":[[[-56.97,77.99],[-56.28,77.64],[-55.63,77.28],[-55.51,76.96],[-55.25,76.47],[-54.52,76.04],[-53.17,75.76],[-52.02,75.24],[-50.64,74.67],[-49.48,73.95],[-48.8,73.36],[-48.3,72.73],[-48.46,72.07],[-48.54,71.43],[-48.16,70.84],[-47.37,70.17],[-47.43,69.7],[-47.3,69.29],[-46.94,68.65],[-46.46,67.86],[-46.66,67.37],[-46.48,66.71],[-46.46,66.14],[-46.49,65.48],[-47.01,65.06],[-47.12,64.58],[-47.16,63.85],[-47.26,63.28],[-46.96,62.61],[-46.69,62.11],[-45.88,61.36],[-45.03,60.9],[-44.19,60.33],[-43.27,59.94],[-42.74,59.51],[-42.6,59.16],[-42.19,58.89],[-41.85,58.42],[-41.45,58.05],[-41.45,58.05],[-41.66,57.78],[-41.66,57.78],[-41.71,57.78],[-42.53,57.89],[-43.32,58.17],[-43.69,58.03],[-44.16,57.99],[-44.84,57.98],[-45.89,58.05],[-46.7,58.19],[-47.24,58.52],[-47.91,58.85],[-48.57,59.24],[-49.23,59.6],[-49.99,60],[-50.72,60.4],[-51.75,60.84],[-52.62,61.27],[-53.49,61.68],[-54.06,61.74],[-56.08,61.97],[-56.08,61.97],[-56.1,61.97],[-56.23,62.11],[-56.32,62.2],[-56.44,62.32],[-56.52,62.46],[-56.58,62.57],[-56.73,62.86],[-56.53,63.05],[-56.36,63.22],[-56.39,63.56],[-56.09,64],[-56.03,64.32],[-55.75,64.79],[-55.68,65.04],[-55.1,65.19],[-54.75,65.47],[-54.72,65.85],[-54.57,66.25],[-54.13,66.83],[-53.95,67.29],[-53.71,67.64],[-53.46,67.99],[-53.62,68.27],[-54.08,68.71],[-54.51,69.2],[-54.69,69.38],[-54.69,69.38],[-54.8,69.49],[-54.96,69.74],[-55.3,70.06],[-55.71,70.49],[-56.38,70.88],[-56.8,71.15],[-57.19,71.47],[-57.64,71.82],[-58.46,72.36],[-59.08,72.77],[-59.51,73.09],[-60.28,73.48],[-61.37,73.95],[-63.04,74.26],[-64.24,74.35],[-65.41,74.61],[-66.17,74.85],[-66.67,74.96],[-67.24,75.08],[-67.76,75.2],[-67.91,75.44],[-68.63,75.69],[-68.82,76.03],[-68.85,76.05],[-68.85,76.05],[-68.83,76.05],[-68.22,76.1],[-67.51,76.15],[-67.52,76.45],[-67.52,76.72],[-67.52,76.96],[-66.53,77.11],[-65.18,77.31],[-64.78,77.56],[-64.27,77.87],[-62.76,78.04],[-60.83,78.23],[-59.67,78.24],[-58.16,78.24],[-58.01,78.25],[-56.97,77.99]]]}},{"type":"Feature","properties":{"ma":10,"type":"gpml:TopologicalNetwork","name":"Inactive_Rockall_DFM","pid":101,"deforming":true},"geometry":{"type":"Polygon","coordinates":[[[-72.13,72],[-71.42,72.24],[-70.79,72.45],[-70.46,72.55],[-70.07,72.59],[-69.44,72.65],[-68.94,72.69],[-68.94,72.69],[-68.15,72.24],[-67,71.81],[-65.51,71.46],[-64.11,71.07],[-62.42,70.48],[-62.03,70.3],[-62.03,70.3],[-62,70.26],[-61.41,70],[-60.71,69.68],[-59.82,69.15],[-59.38,68.81],[-58.72,68.25],[-58.13,67.64],[-57.25,66.81],[-56.79,66.33],[-56.5,65.56],[-56.49,65.12],[-56.55,65.22],[-56.62,64.87],[-57.18,64.21],[-57.49,63.63],[-57.94,63.15],[-58.31,62.53],[-58.51,61.93],[-58.34,61.43],[-58.42,61.35],[-58.42,61.35],[-58.72,61.06],[-59.01,60.52],[-58.87,59.93],[-58.72,59.32],[-58.52,59.05],[-58.36,58.83],[-58.22,58.64],[-58,58.43],[-57.77,58.22],[-57.77,58.21],[-57.55,58.12],[-57.31,57.99],[-56.94,57.79],[-56.56,57.56],[-56.22,57.33],[-55.74,57.04],[-55.35,56.69],[-54.94,56.31],[-54.56,56.1],[-54.27,55.9],[-54.02,55.7],[-53.65,55.41],[-53.13,55.1],[-52.89,54.94],[-52.65,54.81],[-52.11,54.65],[-51.89,54.52],[-51.71,54.31],[-51.49,54.11],[-51.16,53.85],[-51.01,53.74],[-50.76,53.5],[-50.05,53.21],[-49.35,52.91],[-49.35,52.91],[-49.35,52.52],[-49.06,52.08],[-48.79,51.64],[-48.67,51.36],[-48.37,51.16],[-48.12,50.93],[-47.92,50.64],[-47.83,50.5],[-47.69,50.39],[-47.69,50.39],[-48.44,50.33],[-49.62,50.22],[-49.62,50.22],[-50.03,50.46],[-50.97,50.93],[-51.88,51.24],[-53.02,51.56],[-53.64,51.89],[-54.19,52.23],[-54.74,52.48],[-55.29,52.79],[-55.82,53.05],[-56.4,53.38],[-56.75,53.64],[-57.26,53.9],[-58.08,54.51],[-58.7,55.22],[-59.19,55.77],[-59.47,56.07],[-59.8,56.42],[-60.31,56.86],[-60.88,57.43],[-61.26,57.87],[-61.63,58.04],[-62.1,58.25],[-62.51,58.56],[-63.11,59.13],[-63.42,59.74],[-63.61,60.24],[-63.43,60.77],[-63.53,61.22],[-63.47,61.93],[-63.4,62.46],[-63.41,62.88],[-63.07,63.29],[-62.83,63.62],[-62.61,64.21],[-62.67,64.73],[-62.53,65.15],[-62.38,65.57],[-62.86,66.13],[-63.23,66.48],[-63.81,66.69],[-64.29,66.92],[-64.66,67.24],[-64.75,67.59],[-65.02,67.99],[-65.38,68.44],[-65.97,68.81],[-66.65,69.23],[-67.42,69.57],[-68.15,69.92],[-69.5,70.23],[-70.49,70.53],[-71.67,71.01],[-72.49,71.22],[-73,71.54],[-72.13,72]]]}},{"type":"Feature","properties":{"ma":10,"type":"gpml:TopologicalNetwork","name":"Inactive_Rockall_DFM","pid":102,"deforming":true},"geometry":{"type":"Polygon","coordinates":[[[-41.45,58.05],[-40.89,58.76],[-40.53,59.07],[-40.44,59.42],[-40.08,59.87],[-39.83,60.3],[-39.6,60.64],[-39.6,61.07],[-39.15,61.36],[-38.53,61.73],[-37.86,62.17],[-37.27,62.53],[-36.84,62.96],[-36.34,63.27],[-35.87,63.46],[-35.42,63.55],[-35.03,63.82],[-34.62,64.06],[-34,64.28],[-33.58,64.54],[-33,64.73],[-32.53,64.84],[-31.87,65.08],[-31.28,65.34],[-30.7,65.72],[-29.93,65.9],[-29.29,66.06],[-28.56,66.2],[-27.84,66.42],[-27.48,66.6],[-26.57,66.76],[-25.74,66.97],[-24.89,67.09],[-24.19,67.26],[-23.55,67.46],[-22.81,67.78],[-22.05,68.04],[-21.6,68.3],[-21.53,68.68],[-21.57,68.9],[-21.86,69.14],[-22.07,69.45],[-22.29,69.66],[-21.81,69.92],[-21.66,70.22],[-21.24,70.54],[-20.96,70.95],[-20.69,71.28],[-20.41,71.63],[-20.32,71.96],[-19.93,72.28],[-19.14,72.53],[-18.53,72.81],[-17.71,73.05],[-17.27,73.31],[-16.37,73.42],[-15.55,73.72],[-15.38,73.99],[-14.95,74.37],[-14.57,74.79],[-14,75.14],[-13.46,75.55],[-12.63,76],[-11.89,76.43],[-11.57,76.74],[-11.36,76.87],[-11.36,76.87],[-9.04,76.62],[-6.97,76.24],[-5.16,75.91],[-3.87,75.64],[-3.82,75.63],[-3.82,75.63],[-2.7,74.96],[-2.7,74.96],[-2.49,74.44],[-3.32,74.26],[-5.51,74.01],[-7.63,73.74],[-8.19,73.59],[-9.27,73.39],[-10.55,73.19],[-11.78,72.81],[-12.88,72.52],[-13.27,72.43],[-13.96,72.32],[-14.8,72.22],[-15.41,72.2],[-16.27,72.15],[-17.13,71.98],[-18.54,71.49],[-18.87,71.2],[-18.96,71.07],[-19.02,70.67],[-18.49,70.34],[-18.5,70.16],[-18.64,69.83],[-18.77,69.49],[-18.82,69.33],[-19.31,68.93],[-19.66,68.49],[-20.03,68.25],[-20.52,68],[-21.48,67.55],[-21.86,67.39],[-22.49,67.19],[-23.26,66.94],[-23.62,66.82],[-23.97,66.74],[-24.64,66.57],[-25.52,66.38],[-26.71,66.19],[-27.49,65.99],[-27.94,65.92],[-28.41,65.78],[-29.28,65.24],[-30.44,64.77],[-31.98,64.21],[-32.86,63.68],[-33.33,63.27],[-33.82,62.96],[-34.43,62.69],[-35.26,62.29],[-36.76,61.73],[-37.56,60.82],[-38.3,59.9],[-38.72,59.25],[-39.2,58.62],[-40.05,58.03],[-40.37,57.82],[-41.04,57.74],[-41.04,57.74],[-41.3,57.9],[-41.45,58.05]]]}},{"type":"Feature","properties":{"ma":10,"type":"gpml:TopologicalNetwork","name":"Inactive_Rockall_DFM","pid":301,"deforming":true},"geometry":{"type":"Polygon","coordinates":[[[12.63,68.73],[12.62,68.72],[12.21,68.53],[11.36,68.29],[10.58,68.07],[9.37,67.66],[8.34,67.35],[7.38,67.06],[7.05,66.79],[6.82,66.53],[6.38,66.22],[5.91,65.87],[4.98,65.52],[4.07,65.31],[3.31,65.09],[2.25,64.84],[1.87,64.58],[1.65,64.23],[1.78,63.96],[1.83,63.5],[1.56,63.26],[1.14,62.72],[0.61,62.49],[0.04,62.17],[-0.67,61.84],[-0.94,61.54],[-1.49,61.31],[-2.16,60.97],[-2.83,60.81],[-3.82,60.76],[-4.71,60.63],[-5.51,60.42],[-6.03,60.24],[-6.57,59.89],[-7.1,59.64],[-7.45,59.52],[-7.94,59.51],[-8.47,59.38],[-8.82,59.23],[-9.43,59.19],[-10.06,59.06],[-10.8,58.94],[-11.21,58.76],[-11.88,58.63],[-12.77,58.54],[-13.59,58.5],[-14.46,58.45],[-15.29,58.31],[-15.77,58.21],[-16.31,58],[-16.81,57.62],[-16.88,57.45],[-16.91,57.18],[-17.38,56.95],[-17.74,56.6],[-17.87,56.34],[-17.96,55.95],[-18.14,55.68],[-18.48,55.39],[-18.71,55.22],[-19.29,55.11],[-19.67,54.9],[-19.94,54.73],[-20.1,54.4],[-20.32,54.07],[-20.53,53.71],[-20.8,53.27],[-20.95,52.91],[-21.4,52.61],[-22.11,52.05],[-22.81,51.49],[-22.81,51.49],[-22.93,51.56],[-23.1,51.67],[-23.24,51.93],[-23.37,52.17],[-23.56,52.52],[-23.67,52.71],[-23.99,52.87],[-24.24,53.13],[-24.37,53.33],[-24.41,53.52],[-24.42,53.7],[-24.43,53.88],[-24.52,53.99],[-24.52,53.99],[-24.07,54.33],[-23.78,54.54],[-23.41,54.8],[-22.92,55.31],[-22.4,55.61],[-22.13,55.9],[-21.74,56.12],[-21.13,56.6],[-20.39,57.37],[-20.05,57.66],[-19.87,57.79],[-19.28,58.06],[-18.75,58.32],[-18.1,58.35],[-17.57,58.39],[-16.99,58.44],[-16.2,58.82],[-15.31,58.93],[-14.62,59.43],[-14.2,59.69],[-13.04,60.04],[-11.86,60.38],[-11.09,60.68],[-10.37,60.93],[-9.58,61.1],[-8.53,61.17],[-6.98,61.29],[-6.07,61.4],[-5.26,61.57],[-4.22,61.78],[-3.16,61.99],[-1.15,62.3],[-1.02,62.49],[-1.28,62.84],[-1.48,63.09],[-0.5,63.5],[0.27,63.76],[0.32,63.94],[-0.07,64.1],[-0.55,64.41],[-1.01,64.68],[-1.26,64.92],[-1.14,65.15],[-1.01,65.67],[-0.45,65.92],[0.73,66.13],[1.03,66.2],[1.43,66.29],[3.54,66.68],[5.48,67.27],[6.44,67.27],[7.2,67.45],[8.56,67.9],[9.72,68.12],[10.33,68.35],[11,68.44],[11.54,68.6],[12.63,68.73]]]}},{"type":"Feature","properties":{"ma":10,"type":"gpml:TopologicalNetwork","name":"Inactive_WAR_mesh","pid":804,"deforming":true},"geometry":{"type":"MultiPolygon","coordinates":[[[[180,-75.34],[180,-76.3],[180,-77.26],[180,-78.23],[180,-79.19],[180,-80.15],[180,-81.12],[180,-82.08],[180,-83.04],[180,-84],[173.26,-83.43],[173.26,-83.43],[172.04,-83.35],[169.41,-82.96],[167.06,-82.56],[164.12,-81.94],[161.6,-81.3],[160.1,-80.53],[158.83,-79.75],[159.11,-79.1],[159.35,-78.44],[159.35,-78.44],[159.47,-78.43],[159.59,-78.31],[159.7,-78.2],[159.81,-78.08],[160.34,-77.74],[160.98,-77.51],[161.21,-77.08],[161.17,-76.72],[161.25,-76.49],[161.14,-76.36],[161.11,-76.5],[160.79,-75.8],[160.5,-75.1],[161.61,-74.46],[162.63,-73.81],[163.78,-73.25],[164.85,-72.68],[166.28,-72.12],[167.62,-71.55],[167.78,-71.9],[169.42,-71.18],[170.77,-71.79],[172.22,-72.4],[173.74,-72.99],[175.38,-73.57],[177.12,-74.13],[178.46,-74.55],[178.67,-74.64],[178.67,-74.64],[180,-74.37],[180,-75.34]]],[[[-180,-83.04],[-180,-82.08],[-180,-81.12],[-180,-80.15],[-180,-79.19],[-180,-78.23],[-180,-77.26],[-180,-76.3],[-180,-75.34],[-180,-74.37],[-178.84,-74.13],[-178.39,-74.16],[-177.05,-74.28],[-174.23,-74.54],[-171.07,-74.87],[-167.77,-75.15],[-164.37,-75.38],[-160.87,-75.56],[-158.84,-75.4],[-156.72,-75.09],[-154.69,-74.76],[-152.02,-74.49],[-149.45,-74.19],[-147.86,-73.72],[-145.4,-73.42],[-143.02,-73.09],[-140.43,-72.79],[-137.93,-72.46],[-136.17,-72.42],[-134.42,-72.36],[-132.62,-72.08],[-130.87,-71.78],[-128.6,-72.01],[-126.85,-72.04],[-125.28,-71.93],[-122.86,-71.7],[-122.1,-71.57],[-121.11,-71.64],[-119.24,-71.59],[-117.37,-71.52],[-115.62,-71.36],[-113.41,-71.23],[-111.07,-71.19],[-109.64,-71.25],[-106.96,-71.38],[-105.72,-71.36],[-103.45,-71.17],[-101.22,-70.95],[-98.77,-70.98],[-97.2,-71.02],[-97,-71.03],[-97,-71.03],[-95.01,-71.51],[-92.92,-71.96],[-90.73,-72.4],[-88.43,-72.81],[-87.8,-73.34],[-87.8,-73.34],[-87.79,-73.46],[-88.02,-74.23],[-88.54,-75.21],[-89.15,-75.71],[-89.8,-76.21],[-91.15,-77.15],[-92.54,-77.76],[-94.08,-78.36],[-95.28,-78.95],[-96.63,-79.54],[-97.99,-80.1],[-99.52,-80.66],[-102.44,-81.39],[-104.99,-81.98],[-107.94,-82.55],[-110.83,-82.9],[-114.01,-83.22],[-118.31,-83.49],[-122.95,-83.72],[-131.19,-83.92],[-131.19,-83.92],[-132.27,-84.15],[-134.09,-84.53],[-134.62,-84.6],[-134.62,-84.6],[-145.08,-84.79],[-155.96,-84.8],[-164.49,-84.68],[-172.49,-84.45],[-180,-84],[-180,-83.04]]]]}},{"type":"Feature","properties":{"ma":10,"type":"gpml:TopologicalNetwork","name":"Inactive_mesh","pid":702,"deforming":true},"geometry":{"type":"Polygon","coordinates":[[[48.23,-17.64],[48.2,-17.67],[48.19,-17.86],[47.93,-18.6],[47.63,-18.73],[47.62,-18.82],[47.66,-18.98],[47.6,-19.12],[47.4,-19.57],[47.4,-19.8],[47.25,-20.21],[46.99,-20.78],[46.94,-20.99],[46.91,-21.42],[46.59,-21.88],[46.5,-22.07],[46.53,-22.36],[46.52,-22.54],[46.42,-22.71],[46.42,-22.86],[46.31,-23.28],[46.3,-23.63],[46.3,-23.63],[46.24,-23.66],[46.03,-23.97],[45.96,-24.28],[45.94,-24.73],[45.75,-25.03],[45.71,-25.36],[45.6,-25.66],[45.6,-25.82],[45.68,-26.01],[45.58,-26.21],[45.35,-26.84],[45,-27.02],[44.43,-26.99],[44.43,-26.99],[44.77,-26.24],[45.11,-25.49],[45.45,-24.74],[45.59,-24.08],[45.72,-23.42],[45.86,-22.76],[46.09,-22.02],[46.32,-21.29],[46.55,-20.55],[46.7,-19.88],[46.85,-19.2],[47,-18.53],[47.19,-17.87],[47.38,-17.21],[47.56,-16.55],[47.7,-15.63],[47.84,-14.7],[47.84,-14.7],[47.89,-14.73],[47.88,-15.11],[48.01,-15.3],[48.02,-15.53],[48.09,-15.74],[48.01,-16.53],[48.4,-16.82],[48.3,-17.1],[48.23,-17.64]]]}},{"type":"Feature","properties":{"ma":10,"type":"gpml:TopologicalNetwork","name":"Inactive_mesh","pid":501,"deforming":true},"geometry":{"type":"Polygon","coordinates":[[[72.68,3.5],[72.07,3.7],[71.49,3.3],[70.99,3.31],[70.79,3.83],[70.59,4.34],[70.81,4.94],[70.74,5.44],[70.74,5.44],[70.63,5.99],[70.83,6.28],[70.98,6.94],[70.74,7.4],[70.47,7.89],[70.19,8.37],[69.82,9.13],[69.46,9.96],[69.46,10.41],[69.19,11.23],[69.09,11.69],[68.76,12.51],[68.46,13.12],[68.3,13.37],[68.15,13.61],[67.9,13.97],[67.41,14.34],[66.86,14.82],[66.58,15.26],[66.29,15.69],[66.01,16.34],[65.7,17.01],[65.29,17.65],[64.81,18.05],[64.16,18.78],[63.8,19.2],[63.44,19.63],[63.08,20.15],[62.69,20.35],[62.37,20.89],[62.37,20.89],[63.19,21.3],[63.55,21.48],[63.55,21.48],[63.85,20.91],[64.31,20.36],[64.78,19.81],[65.17,19.24],[65.56,18.67],[65.95,18.1],[66.4,17.52],[66.85,16.94],[67.29,16.35],[67.72,15.69],[68.14,15.03],[68.57,14.36],[68.99,13.54],[69.41,12.72],[69.82,11.9],[70.09,11.27],[70.37,10.63],[70.64,10],[70.98,9.26],[71.31,8.51],[71.65,7.77],[71.98,7.03],[72.37,6.21],[72.76,5.39],[73.14,4.57],[73.45,4.03],[73.45,4.03],[72.93,3.54],[72.68,3.5]]]}},{"type":"Feature","properties":{"ma":10,"type":"gpml:TopologicalNetwork","name":"Inactive_AFRICA_ARABIA_MESH_2","pid":701,"deforming":true},"geometry":{"type":"Polygon","coordinates":[[[41.8,10.71],[41.79,10.79],[41.79,10.79],[41.82,10.8],[42.05,10.83],[42.38,10.93],[42.92,11.01],[43.18,11.14],[43.47,11.14],[43.95,11.07],[44.28,11.06],[44.61,11.1],[44.94,11.24],[45.29,11.43],[45.54,11.71],[45.58,11.95],[45.97,11.82],[46.24,12.08],[46.5,12.12],[46.97,12.07],[47.8,12.52],[47.94,12.62],[48.1,12.7],[48.1,13.03],[48.1,13.17],[48.3,13.42],[48.84,13.61],[49.2,13.71],[49.2,13.71],[49.2,13.53],[49.2,13.38],[49.2,13.38],[49.2,13.37],[49.2,13.37],[49.2,13.37],[49.2,13.37],[49.2,13.37],[49.2,13.37],[49.19,13.37],[49.19,13.37],[49.19,13.37],[49.19,13.37],[49.19,13.37],[49.19,13.37],[49.19,13.37],[49.19,13.37],[49.19,13.37],[49.18,13.37],[49.18,13.37],[49.18,13.37],[49.18,13.37],[49.18,13.37],[49.18,13.36],[49.18,13.36],[49.18,13.36],[49.18,13.36],[49.17,13.36],[49.17,13.36],[49.17,13.36],[49.17,13.36],[49.17,13.36],[49.17,13.36],[49.17,13.36],[49.17,13.36],[49.17,13.36],[49.17,13.36],[49.16,13.36],[49.16,13.36],[49.16,13.36],[49.16,13.36],[49.16,13.35],[49.16,13.35],[49.16,13.35],[49.16,13.35],[49.16,13.35],[49.15,13.35],[49.15,13.35],[49.15,13.35],[49.15,13.35],[49.15,13.35],[49.15,13.35],[49.15,13.35],[49.15,13.35],[49.15,13.35],[49.14,13.35],[49.14,13.34],[49.14,13.34],[49.14,13.34],[49.14,13.34],[49.14,13.34],[49.14,13.34],[49.14,13.34],[49.14,13.34],[49.14,13.34],[49.13,13.34],[49.13,13.34],[49.13,13.34],[49.13,13.34],[49.13,13.34],[49.13,13.33],[49.13,13.33],[49.13,13.33],[49.13,13.33],[49.12,13.33],[49.12,13.33],[49.12,13.33],[49.12,13.33],[49.12,13.33],[49.12,13.33],[49.12,13.33],[49.12,13.33],[49.12,13.33],[49.12,13.32],[49.11,13.32],[49.11,13.32],[49.11,13.32],[49.11,13.32],[49.11,13.32],[49.11,13.32],[49.11,13.32],[49.11,13.32],[49.11,13.32],[49.11,13.32],[49.1,13.32],[49.1,13.32],[49.1,13.31],[49.1,13.31],[49.1,13.31],[49.1,13.31],[49.1,13.31],[49.1,13.31],[49.1,13.31],[49.09,13.31],[49.09,13.31],[49.09,13.31],[49.09,13.31],[49.09,13.31],[49.09,13.3],[49.09,13.3],[49.09,13.3],[49.09,13.3],[49.09,13.3],[49.09,13.3],[49.08,13.3],[49.08,13.3],[49.08,13.3],[49.08,13.3],[49.08,13.3],[49.08,13.29],[49.08,13.29],[49.08,13.29],[49.08,13.29],[49.08,13.29],[49.07,13.29],[49.07,13.29],[49.07,13.29],[49.07,13.29],[49.07,13.29],[49.07,13.29],[49.07,13.28],[49.07,13.28],[49.07,13.28],[49.07,13.28],[49.06,13.28],[49.06,13.28],[49.06,13.28],[49.06,13.28],[49.06,13.28],[49.06,13.28],[49.06,13.28],[49.06,13.27],[49.06,13.27],[49.06,13.27],[49.06,13.27],[49.05,13.27],[49.05,13.27],[49.05,13.27],[49.05,13.27],[49.05,13.27],[49.05,13.27],[49.05,13.26],[49.05,13.26],[49.05,13.26],[49.05,13.26],[49.05,13.26],[49.04,13.26],[49.04,13.26],[49.04,13.26],[49.04,13.26],[49.04,13.26],[49.04,13.25],[49.04,13.25],[49.04,13.25],[49.04,13.25],[49.04,13.25],[49.04,13.25],[49.03,13.25],[49.03,13.25],[49.03,13.25],[49.03,13.24],[49.03,13.24],[49.03,13.24],[49.03,13.24],[49.03,13.24],[49.03,13.24],[49.03,13.24],[49.03,13.24],[49.02,13.24],[49.02,13.24],[49.02,13.23],[49.02,13.23],[49.02,13.23],[49.02,13.23],[49.02,13.23],[49.02,13.23],[49.02,13.23],[49.02,13.23],[49.02,13.23],[49.02,13.22],[49.02,13.22],[49.01,13.22],[49.01,13.22],[49.01,13.22],[49.01,13.22],[49.01,13.22],[49.01,13.22],[49.01,13.22],[49.01,13.21],[49.01,13.21],[49.01,13.21],[49.01,13.21],[49.01,13.21],[49,13.21],[49,13.21],[49,13.21],[49,13.21],[49,13.21],[49,13.2],[49,13.2],[49,13.2],[49,13.2],[49,13.2],[49,13.2],[49,13.2],[49,13.2],[48.99,13.19],[48.99,13.19],[48.99,13.19],[48.99,13.19],[48.99,13.19],[48.99,13.19],[48.99,13.19],[48.99,13.19],[48.99,13.19],[48.99,13.18],[48.99,13.18],[48.99,13.18],[48.99,13.18],[48.99,13.18],[48.99,13.18],[48.98,13.18],[48.98,13.18],[48.98,13.18],[48.98,13.17],[48.98,13.17],[48.98,13.17],[48.98,13.17],[48.98,13.17],[48.98,13.17],[48.98,13.17],[48.98,13.17],[48.98,13.17],[48.98,13.16],[48.98,13.16],[48.98,13.16],[48.97,13.16],[48.97,13.16],[48.97,13.16],[48.97,13.16],[48.97,13.16],[48.97,13.16],[48.97,13.15],[48.97,13.15],[48.97,13.15],[48.97,13.15],[48.97,13.15],[48.97,13.15],[48.97,13.15],[48.97,13.15],[48.97,13.14],[48.97,13.14],[48.97,13.14],[48.96,13.14],[48.96,13.14],[48.96,13.14],[48.96,13.14],[48.96,13.14],[48.96,13.14],[48.96,13.13],[48.96,13.13],[48.96,13.13],[48.96,13.13],[48.96,13.13],[48.96,13.13],[48.96,13.13],[48.96,13.13],[48.96,13.13],[48.96,13.13],[48.96,13.12],[48.96,13.12],[48.96,13.12],[48.96,13.12],[48.96,13.12],[48.96,13.12],[48.96,13.12],[48.96,13.12],[48.96,13.12],[48.96,13.12],[48.95,13.12],[48.95,13.12],[48.95,13.12],[48.95,13.12],[48.95,13.12],[48.95,13.11],[48.95,13.11],[48.95,13.11],[48.95,13.11],[48.95,13.11],[48.95,13.11],[48.95,13.11],[48.95,13.11],[48.95,13.11],[48.95,13.11],[48.95,13.11],[48.95,13.11],[48.95,13.11],[48.95,13.11],[48.95,13.1],[48.95,13.1],[48.95,13.1],[48.95,13.1],[48.95,13.1],[48.95,13.1],[48.95,13.1],[48.95,13.1],[48.95,13.09],[48.95,13.09],[48.95,13.09],[48.95,13.09],[48.95,13.09],[48.95,13.09],[48.95,13.09],[48.95,13.08],[48.94,13.08],[48.94,13.08],[48.94,13.07],[48.94,13.07],[48.94,13.07],[48.94,13.07],[48.94,13.07],[48.94,13.07],[48.94,13.07],[48.94,13.07],[48.94,13.06],[48.94,13.06],[48.94,13.06],[48.94,13.06],[48.94,13.06],[48.94,13.06],[48.94,13.06],[48.94,13.06],[48.94,13.06],[48.94,13.06],[48.94,13.06],[48.94,13.05],[48.94,13.05],[48.94,13.05],[48.94,13.05],[48.94,13.05],[48.94,13.05],[48.94,13.05],[48.94,13.05],[48.94,13.05],[48.94,13.05],[48.94,13.05],[48.94,13.04],[48.94,13.04],[48.94,13.04],[48.93,13.04],[48.93,13.04],[48.93,13.04],[48.93,13.04],[48.93,13.04],[48.93,13.04],[48.93,13.04],[48.93,13.04],[48.93,13.04],[48.93,13.03],[48.93,13.03],[48.93,13.03],[48.93,13.03],[48.93,13.03],[48.93,13.03],[48.93,13.03],[48.93,13.03],[48.93,13.03],[48.93,13.03],[48.93,13.03],[48.93,13.03],[48.93,13.03],[48.93,13.03],[48.93,13.02],[48.93,13.02],[48.93,13.02],[48.93,13.02],[48.93,13.02],[48.93,13.02],[48.93,13.02],[48.93,13.02],[48.92,13.02],[48.92,13.02],[48.92,13.02],[48.92,13.02],[48.92,13.02],[48.92,13.02],[48.92,13.02],[48.92,13.02],[48.92,13.02],[48.92,13.02],[48.92,13.02],[48.92,13.02],[48.92,13.02],[48.92,13.02],[48.92,13.02],[48.92,13.02],[48.92,13.02],[48.92,13.01],[48.92,13.01],[48.92,13.01],[48.92,13.01],[48.92,13.01],[48.92,13.01],[48.92,13.01],[48.92,13.01],[48.92,13.01],[48.92,13.01],[48.91,13.01],[48.91,13.01],[48.91,13.01],[48.91,13.01],[48.91,13],[48.91,13],[48.91,13],[48.91,13],[48.91,13],[48.91,13],[48.91,13],[48.91,13],[48.91,13],[48.91,13],[48.91,13],[48.91,13],[48.9,13],[48.9,12.99],[48.9,12.99],[48.9,12.99],[48.9,12.99],[48.9,12.99],[48.9,12.99],[48.9,12.99],[48.9,12.99],[48.9,12.99],[48.9,12.99],[48.9,12.99],[48.9,12.99],[48.89,12.99],[48.89,12.99],[48.89,12.98],[48.89,12.98],[48.89,12.98],[48.89,12.98],[48.89,12.98],[48.89,12.98],[48.89,12.98],[48.88,12.97],[48.88,12.97],[48.88,12.97],[48.88,12.97],[48.88,12.97],[48.87,12.97],[48.87,12.97],[48.87,12.97],[48.87,12.97],[48.87,12.96],[48.87,12.96],[48.87,12.96],[48.87,12.96],[48.87,12.96],[48.87,12.96],[48.87,12.96],[48.87,12.96],[48.86,12.96],[48.86,12.96],[48.86,12.96],[48.86,12.96],[48.86,12.96],[48.86,12.96],[48.86,12.96],[48.86,12.95],[48.86,12.95],[48.86,12.95],[48.86,12.95],[48.86,12.95],[48.86,12.95],[48.86,12.95],[48.86,12.95],[48.86,12.95],[48.86,12.95],[48.86,12.95],[48.85,12.95],[48.85,12.95],[48.85,12.95],[48.85,12.95],[48.85,12.95],[48.85,12.95],[48.85,12.95],[48.85,12.94],[48.85,12.94],[48.85,12.94],[48.85,12.94],[48.85,12.94],[48.85,12.94],[48.85,12.94],[48.85,12.94],[48.85,12.94],[48.85,12.94],[48.85,12.94],[48.85,12.94],[48.85,12.94],[48.84,12.94],[48.84,12.94],[48.84,12.93],[48.84,12.93],[48.84,12.93],[48.84,12.93],[48.84,12.93],[48.84,12.93],[48.84,12.93],[48.84,12.93],[48.84,12.93],[48.84,12.93],[48.84,12.93],[48.84,12.93],[48.84,12.92],[48.84,12.92],[48.84,12.92],[48.84,12.92],[48.83,12.92],[48.83,12.92],[48.83,12.92],[48.83,12.92],[48.83,12.92],[48.83,12.92],[48.83,12.92],[48.83,12.91],[48.83,12.91],[48.83,12.91],[48.83,12.91],[48.83,12.91],[48.83,12.91],[48.83,12.91],[48.83,12.91],[48.83,12.91],[48.83,12.91],[48.83,12.91],[48.82,12.9],[48.82,12.9],[48.82,12.9],[48.82,12.9],[48.82,12.9],[48.82,12.9],[48.82,12.9],[48.82,12.9],[48.82,12.9],[48.82,12.9],[48.82,12.89],[48.82,12.89],[48.82,12.89],[48.82,12.89],[48.82,12.89],[48.82,12.89],[48.82,12.89],[48.82,12.89],[48.82,12.89],[48.81,12.88],[48.81,12.88],[48.81,12.88],[48.81,12.88],[48.81,12.88],[48.81,12.88],[48.81,12.88],[48.81,12.88],[48.81,12.88],[48.81,12.88],[48.81,12.88],[48.81,12.87],[48.81,12.87],[48.81,12.87],[48.81,12.87],[48.81,12.87],[48.81,12.87],[48.81,12.87],[48.81,12.87],[48.81,12.87],[48.81,12.87],[48.81,12.86],[48.8,12.86],[48.8,12.86],[48.8,12.86],[48.8,12.86],[48.8,12.86],[48.8,12.86],[48.8,12.85],[48.8,12.85],[48.8,12.85],[48.8,12.85],[48.8,12.85],[48.8,12.84],[48.8,12.84],[48.79,12.84],[48.79,12.84],[48.79,12.83],[48.79,12.83],[48.79,12.83],[48.79,12.83],[48.79,12.83],[48.79,12.82],[48.79,12.82],[48.78,12.81],[48.78,12.8],[48.78,12.8],[48.78,12.8],[48.78,12.8],[48.78,12.79],[48.78,12.79],[48.77,12.79],[48.77,12.79],[48.77,12.79],[48.77,12.78],[48.77,12.78],[48.77,12.78],[48.77,12.78],[48.77,12.78],[48.77,12.78],[48.77,12.77],[48.77,12.77],[48.77,12.77],[48.77,12.77],[48.77,12.77],[48.77,12.77],[48.77,12.77],[48.77,12.77],[48.77,12.76],[48.76,12.76],[48.76,12.76],[48.76,12.76],[48.76,12.76],[48.76,12.76],[48.76,12.76],[48.76,12.75],[48.76,12.75],[48.76,12.75],[48.76,12.75],[48.76,12.75],[48.76,12.75],[48.76,12.75],[48.76,12.74],[48.76,12.74],[48.76,12.74],[48.75,12.74],[48.75,12.74],[48.75,12.74],[48.75,12.74],[48.75,12.74],[48.75,12.73],[48.75,12.73],[48.75,12.73],[48.75,12.73],[48.75,12.73],[48.75,12.73],[48.75,12.73],[48.75,12.73],[48.75,12.73],[48.75,12.72],[48.75,12.72],[48.74,12.72],[48.74,12.72],[48.74,12.72],[48.74,12.72],[48.74,12.72],[48.74,12.72],[48.74,12.72],[48.74,12.71],[48.74,12.71],[48.74,12.71],[48.74,12.71],[48.74,12.71],[48.74,12.71],[48.74,12.71],[48.74,12.71],[48.74,12.71],[48.73,12.7],[48.73,12.7],[48.73,12.7],[48.73,12.7],[48.73,12.7],[48.73,12.7],[48.73,12.7],[48.73,12.7],[48.73,12.7],[48.73,12.7],[48.73,12.69],[48.73,12.69],[48.73,12.69],[48.73,12.69],[48.73,12.69],[48.72,12.69],[48.72,12.69],[48.72,12.69],[48.72,12.69],[48.72,12.68],[48.72,12.68],[48.72,12.68],[48.72,12.68],[48.72,12.68],[48.72,12.68],[48.72,12.68],[48.72,12.68],[48.72,12.67],[48.71,12.67],[48.71,12.67],[48.71,12.67],[48.71,12.67],[48.71,12.67],[48.71,12.67],[48.71,12.67],[48.71,12.67],[48.71,12.66],[48.71,12.66],[48.71,12.66],[48.71,12.66],[48.7,12.66],[48.7,12.66],[48.7,12.66],[48.7,12.66],[48.7,12.65],[48.7,12.65],[48.7,12.65],[48.7,12.65],[48.7,12.65],[48.69,12.65],[48.69,12.64],[48.69,12.64],[48.69,12.64],[48.69,12.64],[48.69,12.63],[48.69,12.63],[48.68,12.63],[48.68,12.63],[48.68,12.63],[48.68,12.62],[48.68,12.62],[48.67,12.62],[48.67,12.62],[48.67,12.61],[48.67,12.61],[48.67,12.61],[48.67,12.61],[48.66,12.61],[48.66,12.6],[48.66,12.6],[48.66,12.6],[48.65,12.59],[48.65,12.59],[48.64,12.58],[48.64,12.57],[48.64,12.57],[48.63,12.57],[48.63,12.56],[48.63,12.56],[48.63,12.56],[48.62,12.55],[48.62,12.55],[48.62,12.55],[48.62,12.55],[48.62,12.54],[48.61,12.54],[48.61,12.54],[48.61,12.54],[48.61,12.53],[48.61,12.53],[48.61,12.53],[48.61,12.53],[48.6,12.53],[48.6,12.53],[48.6,12.53],[48.6,12.52],[48.6,12.52],[48.6,12.52],[48.6,12.52],[48.6,12.52],[48.6,12.52],[48.59,12.52],[48.59,12.51],[48.59,12.51],[48.59,12.51],[48.59,12.51],[48.59,12.51],[48.59,12.51],[48.59,12.51],[48.59,12.5],[48.59,12.5],[48.59,12.5],[48.58,12.5],[48.58,12.5],[48.58,12.5],[48.58,12.5],[48.58,12.49],[48.58,12.49],[48.58,12.49],[48.58,12.49],[48.58,12.49],[48.58,12.49],[48.57,12.49],[48.57,12.48],[48.57,12.48],[48.57,12.48],[48.57,12.48],[48.57,12.48],[48.57,12.48],[48.57,12.48],[48.57,12.47],[48.57,12.47],[48.57,12.47],[48.56,12.47],[48.56,12.47],[48.56,12.47],[48.56,12.47],[48.56,12.46],[48.56,12.46],[48.56,12.46],[48.56,12.46],[48.56,12.46],[48.56,12.46],[48.56,12.46],[48.55,12.45],[48.55,12.45],[48.55,12.45],[48.55,12.45],[48.55,12.45],[48.55,12.45],[48.55,12.45],[48.55,12.44],[48.55,12.44],[48.55,12.44],[48.55,12.44],[48.55,12.44],[48.55,12.44],[48.54,12.44],[48.54,12.44],[48.54,12.43],[48.54,12.43],[48.54,12.43],[48.54,12.43],[48.54,12.43],[48.54,12.43],[48.54,12.43],[48.54,12.42],[48.54,12.42],[48.54,12.42],[48.54,12.42],[48.54,12.42],[48.54,12.42],[48.53,12.42],[48.53,12.41],[48.53,12.41],[48.53,12.41],[48.53,12.41],[48.53,12.41],[48.53,12.41],[48.53,12.41],[48.53,12.41],[48.53,12.4],[48.53,12.4],[48.53,12.4],[48.53,12.4],[48.53,12.4],[48.53,12.4],[48.53,12.4],[48.53,12.4],[48.53,12.4],[48.53,12.4],[48.53,12.39],[48.53,12.39],[48.52,12.39],[48.52,12.39],[48.52,12.39],[48.52,12.39],[48.52,12.39],[48.52,12.39],[48.52,12.39],[48.52,12.39],[48.52,12.39],[48.52,12.39],[48.52,12.39],[48.52,12.39],[48.52,12.38],[48.52,12.38],[48.52,12.38],[48.52,12.38],[48.52,12.38],[48.52,12.38],[48.52,12.38],[48.52,12.38],[48.52,12.38],[48.52,12.38],[48.52,12.38],[48.52,12.38],[48.52,12.38],[48.52,12.37],[48.52,12.37],[48.52,12.37],[48.52,12.37],[48.52,12.37],[48.52,12.37],[48.52,12.37],[48.52,12.37],[48.52,12.37],[48.52,12.37],[48.52,12.37],[48.52,12.37],[48.52,12.37],[48.51,12.36],[48.51,12.36],[48.51,12.36],[48.51,12.36],[48.51,12.36],[48.51,12.35],[48.51,12.35],[48.51,12.35],[48.51,12.35],[48.51,12.35],[48.51,12.35],[48.51,12.34],[48.51,12.34],[48.51,12.34],[48.51,12.34],[48.51,12.34],[48.51,12.34],[48.51,12.34],[48.51,12.33],[48.51,12.33],[48.51,12.33],[48.51,12.33],[48.51,12.33],[48.51,12.32],[48.5,12.32],[48.5,12.32],[48.5,12.32],[48.5,12.32],[48.5,12.32],[48.5,12.31],[48.5,12.31],[48.5,12.31],[48.5,12.31],[48.5,12.31],[48.5,12.3],[48.5,12.3],[48.5,12.29],[48.5,12.29],[48.5,12.28],[48.5,12.28],[48.5,12.28],[48.5,12.28],[48.49,12.27],[48.49,12.27],[48.49,12.27],[48.49,12.27],[48.49,12.27],[48.49,12.26],[48.49,12.26],[48.49,12.26],[48.49,12.26],[48.49,12.25],[48.49,12.25],[48.49,12.25],[48.49,12.25],[48.49,12.25],[48.49,12.24],[48.49,12.24],[48.49,12.24],[48.49,12.24],[48.49,12.24],[48.49,12.24],[48.49,12.24],[48.49,12.24],[48.49,12.24],[48.49,12.23],[48.49,12.23],[48.48,12.23],[48.48,12.23],[48.48,12.23],[48.48,12.23],[48.48,12.23],[48.48,12.23],[48.48,12.23],[48.48,12.23],[48.48,12.23],[48.48,12.22],[48.48,12.22],[48.48,12.22],[48.48,12.22],[48.48,12.22],[48.48,12.22],[48.48,12.22],[48.48,12.22],[48.48,12.22],[48.48,12.22],[48.48,12.22],[48.48,12.21],[48.48,12.21],[48.48,12.21],[48.48,12.21],[48.48,12.21],[48.48,12.21],[48.48,12.21],[48.48,12.21],[48.48,12.21],[48.48,12.21],[48.48,12.21],[48.48,12.2],[48.48,12.2],[48.48,12.2],[48.48,12.2],[48.47,12.2],[48.47,12.2],[48.47,12.2],[48.47,12.2],[48.47,12.2],[48.47,12.2],[48.47,12.2],[48.47,12.2],[48.47,12.19],[48.47,12.19],[48.47,12.19],[48.47,12.19],[48.47,12.19],[48.47,12.19],[48.47,12.19],[48.47,12.19],[48.47,12.19],[48.47,12.19],[48.47,12.19],[48.47,12.19],[48.47,12.18],[48.47,12.18],[48.47,12.18],[48.47,12.18],[48.47,12.18],[48.47,12.18],[48.47,12.18],[48.47,12.18],[48.47,12.18],[48.46,12.18],[48.46,12.18],[48.46,12.18],[48.46,12.18],[48.46,12.17],[48.46,12.17],[48.46,12.17],[48.46,12.17],[48.46,12.17],[48.46,12.17],[48.46,12.17],[48.46,12.17],[48.46,12.17],[48.46,12.17],[48.46,12.17],[48.46,12.17],[48.46,12.17],[48.46,12.17],[48.46,12.17],[48.46,12.17],[48.46,12.16],[48.46,12.16],[48.46,12.16],[48.46,12.16],[48.46,12.16],[48.46,12.16],[48.46,12.16],[48.45,12.16],[48.45,12.16],[48.45,12.16],[48.45,12.16],[48.45,12.16],[48.45,12.16],[48.45,12.16],[48.45,12.16],[48.45,12.15],[48.45,12.15],[48.45,12.15],[48.45,12.15],[48.45,12.15],[48.45,12.15],[48.45,12.15],[48.45,12.15],[48.45,12.15],[48.45,12.15],[48.45,12.15],[48.45,12.15],[48.45,12.15],[48.45,12.15],[48.45,12.15],[48.45,12.14],[48.44,12.14],[48.44,12.14],[48.44,12.14],[48.44,12.14],[48.44,12.14],[48.44,12.14],[48.44,12.14],[48.44,12.14],[48.44,12.14],[48.44,12.14],[48.44,12.14],[48.44,12.14],[48.44,12.14],[48.44,12.14],[48.44,12.13],[48.44,12.13],[48.44,12.13],[48.44,12.13],[48.44,12.13],[48.44,12.13],[48.43,12.13],[48.43,12.13],[48.43,12.13],[48.43,12.13],[48.43,12.12],[48.43,12.12],[48.43,12.12],[48.43,12.12],[48.43,12.12],[48.43,12.12],[48.42,12.12],[48.42,12.12],[48.42,12.11],[48.42,12.11],[48.42,12.11],[48.42,12.11],[48.42,12.11],[48.42,12.11],[48.41,12.11],[48.41,12.1],[48.41,12.1],[48.41,12.1],[48.41,12.1],[48.41,12.1],[48.41,12.1],[48.4,12.09],[48.4,12.09],[48.39,12.08],[48.39,12.08],[48.39,12.08],[48.39,12.07],[48.39,12.07],[48.38,12.07],[48.38,12.07],[48.38,12.07],[48.38,12.07],[48.38,12.06],[48.38,12.06],[48.38,12.06],[48.38,12.06],[48.38,12.06],[48.38,12.06],[48.37,12.06],[48.37,12.06],[48.37,12.06],[48.37,12.06],[48.37,12.05],[48.37,12.05],[48.37,12.05],[48.37,12.05],[48.37,12.05],[48.37,12.05],[48.37,12.05],[48.37,12.05],[48.36,12.05],[48.36,12.04],[48.36,12.04],[48.36,12.04],[48.36,12.04],[48.36,12.04],[48.36,12.04],[48.36,12.04],[48.36,12.04],[48.36,12.04],[48.36,12.03],[48.36,12.03],[48.35,12.03],[48.35,12.03],[48.35,12.03],[48.35,12.03],[48.35,12.03],[48.35,12.03],[48.35,12.03],[48.35,12.02],[48.35,12.02],[48.35,12.02],[48.35,12.02],[48.35,12.02],[48.35,12.02],[48.35,12.02],[48.34,12.02],[48.34,12.02],[48.34,12.01],[48.34,12.01],[48.34,12.01],[48.34,12.01],[48.34,12.01],[48.34,12.01],[48.34,12.01],[48.34,12.01],[48.34,12],[48.34,12],[48.34,12],[48.34,12],[48.33,12],[48.33,12],[48.33,12],[48.33,12],[48.33,11.99],[48.33,11.99],[48.33,11.99],[48.33,11.99],[48.33,11.99],[48.33,11.99],[48.33,11.99],[48.33,11.98],[48.33,11.98],[48.32,11.98],[48.32,11.98],[48.32,11.98],[48.32,11.98],[48.32,11.97],[48.32,11.97],[48.32,11.97],[48.32,11.97],[48.32,11.97],[48.32,11.97],[48.32,11.97],[48.32,11.96],[48.32,11.96],[48.32,11.96],[48.32,11.96],[48.31,11.96],[48.31,11.96],[48.31,11.96],[48.31,11.95],[48.31,11.95],[48.31,11.95],[48.31,11.95],[48.31,11.95],[48.31,11.95],[48.31,11.95],[48.31,11.94],[48.31,11.94],[48.31,11.94],[48.31,11.94],[48.3,11.93],[48.3,11.93],[48.3,11.93],[48.3,11.92],[48.3,11.91],[48.3,11.91],[48.29,11.91],[48.29,11.91],[48.29,11.91],[48.29,11.9],[48.29,11.9],[48.29,11.9],[48.29,11.9],[48.29,11.9],[48.29,11.89],[48.29,11.89],[48.29,11.89],[48.29,11.89],[48.28,11.89],[48.28,11.88],[48.28,11.88],[48.28,11.88],[48.28,11.88],[48.28,11.88],[48.28,11.87],[48.28,11.87],[48.28,11.87],[48.28,11.87],[48.28,11.87],[48.28,11.87],[48.28,11.87],[48.28,11.87],[48.28,11.87],[48.28,11.87],[48.28,11.87],[48.28,11.86],[48.27,11.86],[48.27,11.86],[48.27,11.86],[48.27,11.86],[48.27,11.86],[48.27,11.86],[48.27,11.86],[48.27,11.86],[48.27,11.86],[48.27,11.86],[48.27,11.86],[48.27,11.85],[48.27,11.85],[48.27,11.85],[48.27,11.85],[48.27,11.85],[48.27,11.85],[48.27,11.85],[48.27,11.85],[48.27,11.85],[48.27,11.85],[48.27,11.85],[48.26,11.84],[48.26,11.84],[48.26,11.84],[48.26,11.84],[48.26,11.84],[48.26,11.84],[48.26,11.84],[48.26,11.84],[48.26,11.84],[48.26,11.84],[48.26,11.84],[48.26,11.84],[48.26,11.83],[48.26,11.83],[48.26,11.83],[48.26,11.83],[48.26,11.83],[48.26,11.83],[48.26,11.83],[48.26,11.83],[48.26,11.83],[48.25,11.83],[48.25,11.83],[48.25,11.83],[48.25,11.83],[48.25,11.82],[48.25,11.82],[48.25,11.82],[48.25,11.82],[48.25,11.82],[48.25,11.82],[48.25,11.82],[48.25,11.82],[48.25,11.82],[48.25,11.82],[48.25,11.82],[48.25,11.82],[48.25,11.82],[48.25,11.82],[48.25,11.81],[48.25,11.81],[48.24,11.81],[48.24,11.81],[48.24,11.81],[48.24,11.81],[48.24,11.81],[48.24,11.81],[48.24,11.81],[48.24,11.81],[48.24,11.81],[48.24,11.8],[48.24,11.8],[48.24,11.8],[48.23,11.8],[48.23,11.8],[48.23,11.8],[48.23,11.8],[48.23,11.8],[48.23,11.79],[48.23,11.79],[48.23,11.79],[48.23,11.79],[48.23,11.79],[48.23,11.79],[48.22,11.79],[48.22,11.79],[48.22,11.79],[48.22,11.78],[48.22,11.78],[48.22,11.78],[48.22,11.78],[48.22,11.78],[48.22,11.78],[48.22,11.78],[48.21,11.78],[48.21,11.78],[48.21,11.77],[48.21,11.77],[48.21,11.77],[48.21,11.77],[48.21,11.77],[48.21,11.77],[48.21,11.77],[48.21,11.77],[48.21,11.77],[48.2,11.77],[48.2,11.76],[48.2,11.76],[48.2,11.76],[48.2,11.76],[48.2,11.76],[48.2,11.76],[48.2,11.76],[48.2,11.76],[48.2,11.76],[48.2,11.76],[48.19,11.75],[48.19,11.75],[48.19,11.75],[48.19,11.75],[48.19,11.75],[48.19,11.75],[48.19,11.75],[48.19,11.75],[48.19,11.75],[48.19,11.75],[48.19,11.75],[48.18,11.74],[48.18,11.74],[48.18,11.74],[48.18,11.74],[48.18,11.74],[48.18,11.74],[48.18,11.74],[48.18,11.74],[48.18,11.74],[48.18,11.74],[48.18,11.74],[48.17,11.74],[48.17,11.73],[48.17,11.73],[48.17,11.73],[48.17,11.73],[48.17,11.73],[48.17,11.73],[48.17,11.73],[48.17,11.73],[48.17,11.73],[48.17,11.73],[48.16,11.73],[48.16,11.73],[48.16,11.73],[48.16,11.73],[48.16,11.72],[48.16,11.72],[48.16,11.72],[48.16,11.72],[48.16,11.72],[48.16,11.72],[48.16,11.72],[48.15,11.72],[48.15,11.72],[48.15,11.72],[48.15,11.72],[48.15,11.72],[48.15,11.72],[48.15,11.72],[48.15,11.71],[48.15,11.71],[48.15,11.71],[48.15,11.71],[48.15,11.71],[48.14,11.71],[48.14,11.71],[48.14,11.71],[48.14,11.71],[48.14,11.71],[48.14,11.71],[48.14,11.71],[48.14,11.71],[48.14,11.71],[48.14,11.71],[48.14,11.71],[48.13,11.71],[48.13,11.71],[48.13,11.7],[48.13,11.7],[48.13,11.7],[48.13,11.7],[48.13,11.7],[48.13,11.7],[48.13,11.7],[48.13,11.7],[48.13,11.7],[48.13,11.7],[48.12,11.7],[48.12,11.7],[48.12,11.7],[48.12,11.7],[48.12,11.7],[48.12,11.7],[48.12,11.7],[48.12,11.7],[48.12,11.7],[48.12,11.7],[48.12,11.69],[48.11,11.69],[48.11,11.69],[48.11,11.69],[48.11,11.69],[48.11,11.69],[48.11,11.69],[48.11,11.69],[48.11,11.69],[48.11,11.69],[48.11,11.69],[48.1,11.69],[48.1,11.69],[48.1,11.69],[48.1,11.69],[48.1,11.69],[48.1,11.69],[48.1,11.69],[48.1,11.69],[48.1,11.69],[48.1,11.69],[48.09,11.69],[48.09,11.69],[48.09,11.68],[48.09,11.68],[48.09,11.68],[48.09,11.68],[48.09,11.68],[48.09,11.68],[48.09,11.68],[48.09,11.68],[48.08,11.68],[48.08,11.68],[48.08,11.68],[48.08,11.68],[48.08,11.68],[48.08,11.68],[48.08,11.68],[48.08,11.68],[48.08,11.68],[48.07,11.68],[48.07,11.68],[48.07,11.68],[48.07,11.68],[48.07,11.68],[48.07,11.68],[48.07,11.68],[48.07,11.68],[48.07,11.68],[48.06,11.68],[48.06,11.67],[48.06,11.67],[48.06,11.67],[48.06,11.67],[48.06,11.67],[48.06,11.67],[48.06,11.67],[48.06,11.67],[48.05,11.67],[48.05,11.67],[48.05,11.67],[48.05,11.67],[48.05,11.67],[48.05,11.67],[48.05,11.67],[48.05,11.67],[48.04,11.67],[48.04,11.67],[48.04,11.67],[48.04,11.67],[48.04,11.67],[48.04,11.67],[48.04,11.67],[48.04,11.67],[48.03,11.67],[48.03,11.67],[48.03,11.67],[48.03,11.67],[48.03,11.67],[48.03,11.67],[48.03,11.67],[48.02,11.67],[48.02,11.67],[48.02,11.67],[48.02,11.66],[48.02,11.66],[48.02,11.66],[48.02,11.66],[48.02,11.66],[48.01,11.66],[48.01,11.66],[48.01,11.66],[48.01,11.66],[48.01,11.66],[48.01,11.66],[48.01,11.66],[48,11.66],[48,11.66],[48,11.66],[48,11.66],[48,11.66],[48,11.66],[48,11.66],[47.99,11.66],[47.99,11.66],[47.99,11.66],[47.99,11.66],[47.99,11.66],[47.99,11.66],[47.99,11.66],[47.98,11.66],[47.98,11.66],[47.98,11.66],[47.98,11.66],[47.98,11.66],[47.98,11.66],[47.97,11.66],[47.97,11.66],[47.97,11.66],[47.97,11.66],[47.97,11.66],[47.97,11.66],[47.97,11.66],[47.96,11.66],[47.96,11.66],[47.96,11.66],[47.96,11.66],[47.96,11.66],[47.96,11.66],[47.95,11.66],[47.95,11.66],[47.95,11.66],[47.95,11.66],[47.95,11.66],[47.94,11.66],[47.94,11.66],[47.94,11.65],[47.94,11.65],[47.94,11.65],[47.93,11.65],[47.93,11.65],[47.93,11.65],[47.93,11.65],[47.93,11.65],[47.92,11.65],[47.92,11.65],[47.92,11.65],[47.92,11.65],[47.91,11.65],[47.91,11.65],[47.91,11.65],[47.91,11.65],[47.91,11.65],[47.9,11.65],[47.9,11.65],[47.9,11.65],[47.9,11.65],[47.89,11.65],[47.89,11.65],[47.89,11.65],[47.89,11.65],[47.89,11.65],[47.88,11.65],[47.88,11.65],[47.88,11.65],[47.88,11.65],[47.88,11.65],[47.87,11.65],[47.87,11.65],[47.87,11.65],[47.87,11.65],[47.86,11.65],[47.86,11.65],[47.86,11.65],[47.86,11.65],[47.86,11.65],[47.86,11.65],[47.85,11.65],[47.85,11.65],[47.85,11.65],[47.85,11.65],[47.85,11.65],[47.84,11.65],[47.84,11.65],[47.84,11.65],[47.84,11.65],[47.84,11.65],[47.84,11.65],[47.84,11.65],[47.83,11.65],[47.83,11.65],[47.83,11.65],[47.83,11.65],[47.83,11.65],[47.83,11.65],[47.83,11.65],[47.83,11.65],[47.82,11.65],[47.82,11.66],[47.82,11.66],[47.82,11.66],[47.82,11.66],[47.82,11.66],[47.82,11.66],[47.82,11.66],[47.82,11.66],[47.82,11.66],[47.82,11.66],[47.82,11.66],[47.82,11.66],[47.82,11.66],[47.82,11.66],[47.82,11.66],[47.82,11.66],[47.82,11.66],[47.82,11.66],[47.81,11.66],[47.81,11.66],[47.81,11.66],[47.81,11.66],[47.81,11.66],[47.81,11.66],[47.81,11.66],[47.81,11.66],[47.81,11.66],[47.81,11.66],[47.81,11.66],[47.81,11.66],[47.81,11.66],[47.81,11.66],[47.81,11.66],[47.81,11.66],[47.81,11.66],[47.81,11.66],[47.81,11.66],[47.81,11.66],[47.81,11.66],[47.81,11.66],[47.81,11.66],[47.81,11.66],[47.81,11.66],[47.81,11.66],[47.81,11.66],[47.81,11.66],[47.81,11.66],[47.81,11.66],[47.81,11.66],[47.81,11.66],[47.81,11.66],[47.81,11.66],[47.81,11.66],[47.81,11.66],[47.81,11.66],[47.81,11.66],[47.81,11.66],[47.81,11.66],[47.81,11.66],[47.81,11.66],[47.81,11.66],[47.81,11.66],[47.81,11.66],[47.81,11.66],[47.81,11.66],[47.81,11.66],[47.81,11.66],[47.81,11.66],[47.81,11.66],[47.81,11.66],[47.81,11.66],[47.81,11.66],[47.81,11.66],[47.81,11.66],[47.81,11.66],[47.81,11.66],[47.81,11.66],[47.81,11.66],[47.81,11.66],[47.81,11.66],[47.81,11.66],[47.81,11.66],[47.81,11.66],[47.81,11.66],[47.81,11.66],[47.81,11.66],[47.81,11.66],[47.81,11.66],[47.81,11.66],[47.81,11.66],[47.81,11.66],[47.81,11.66],[47.81,11.66],[47.81,11.66],[47.81,11.66],[47.81,11.66],[47.81,11.66],[47.81,11.66],[47.81,11.66],[47.81,11.66],[47.81,11.66],[47.81,11.66],[47.81,11.66],[47.81,11.66],[47.81,11.66],[47.81,11.66],[47.81,11.66],[47.81,11.66],[47.81,11.66],[47.81,11.66],[47.81,11.66],[47.81,11.66],[47.81,11.66],[47.81,11.66],[47.81,11.66],[47.81,11.66],[47.81,11.66],[47.81,11.66],[47.82,11.66],[47.82,11.66],[47.82,11.66],[47.82,11.66],[47.82,11.66],[47.82,11.66],[47.82,11.66],[47.82,11.66],[47.82,11.66],[47.82,11.66],[47.82,11.66],[47.82,11.67],[47.82,11.67],[47.83,11.67],[47.83,11.67],[47.83,11.67],[47.83,11.67],[47.83,11.67],[47.83,11.67],[47.83,11.67],[47.83,11.67],[47.83,11.67],[47.83,11.67],[47.83,11.67],[47.83,11.67],[47.83,11.67],[47.83,11.67],[47.83,11.67],[47.83,11.67],[47.83,11.67],[47.83,11.67],[47.83,11.67],[47.83,11.67],[47.83,11.67],[47.84,11.67],[47.84,11.67],[47.84,11.67],[47.84,11.67],[47.84,11.67],[47.84,11.67],[47.84,11.67],[47.84,11.67],[47.84,11.67],[47.84,11.67],[47.84,11.67],[47.84,11.67],[47.84,11.67],[47.84,11.67],[47.84,11.67],[47.84,11.67],[47.84,11.67],[47.84,11.67],[47.84,11.67],[47.84,11.67],[47.84,11.67],[47.84,11.67],[47.84,11.67],[47.84,11.67],[47.84,11.67],[47.84,11.67],[47.84,11.67],[47.84,11.67],[47.84,11.67],[47.84,11.67],[47.84,11.67],[47.84,11.67],[47.84,11.67],[47.84,11.67],[47.84,11.67],[47.84,11.67],[47.84,11.67],[47.84,11.67],[47.84,11.67],[47.84,11.67],[47.84,11.67],[47.84,11.67],[47.84,11.67],[47.84,11.67],[47.84,11.67],[47.84,11.67],[47.84,11.67],[47.84,11.67],[47.84,11.67],[47.84,11.67],[47.84,11.67],[47.84,11.67],[47.84,11.67],[47.84,11.67],[47.84,11.67],[47.84,11.67],[47.84,11.67],[47.84,11.67],[47.84,11.67],[47.84,11.67],[47.84,11.67],[47.84,11.67],[47.84,11.67],[47.84,11.67],[47.84,11.67],[47.84,11.67],[47.84,11.68],[47.84,11.68],[47.84,11.68],[47.84,11.68],[47.84,11.68],[47.84,11.68],[47.84,11.68],[47.84,11.68],[47.84,11.68],[47.84,11.68],[47.84,11.68],[47.84,11.68],[47.84,11.68],[47.84,11.68],[47.84,11.68],[47.84,11.68],[47.84,11.68],[47.84,11.68],[47.84,11.68],[47.84,11.68],[47.84,11.68],[47.84,11.68],[47.84,11.68],[47.84,11.68],[47.84,11.68],[47.84,11.68],[47.84,11.68],[47.84,11.68],[47.84,11.68],[47.84,11.68],[47.84,11.68],[47.84,11.68],[47.84,11.68],[47.84,11.68],[47.84,11.68],[47.84,11.68],[47.84,11.68],[47.84,11.68],[47.84,11.69],[47.84,11.69],[47.84,11.69],[47.84,11.69],[47.84,11.69],[47.84,11.69],[47.84,11.69],[47.83,11.69],[47.83,11.69],[47.83,11.69],[47.83,11.69],[47.83,11.69],[47.83,11.69],[47.83,11.69],[47.83,11.69],[47.83,11.7],[47.83,11.7],[47.83,11.7],[47.83,11.7],[47.83,11.7],[47.82,11.7],[47.82,11.7],[47.82,11.7],[47.82,11.7],[47.82,11.7],[47.82,11.7],[47.82,11.7],[47.82,11.7],[47.82,11.7],[47.82,11.7],[47.82,11.7],[47.82,11.71],[47.82,11.71],[47.82,11.71],[47.82,11.71],[47.82,11.71],[47.82,11.71],[47.82,11.71],[47.82,11.71],[47.82,11.71],[47.82,11.71],[47.82,11.71],[47.82,11.71],[47.82,11.71],[47.82,11.71],[47.81,11.71],[47.81,11.71],[47.81,11.71],[47.81,11.71],[47.81,11.71],[47.81,11.71],[47.81,11.71],[47.81,11.71],[47.81,11.72],[47.81,11.72],[47.81,11.72],[47.81,11.72],[47.81,11.72],[47.81,11.72],[47.81,11.72],[47.81,11.72],[47.81,11.72],[47.81,11.72],[47.81,11.72],[47.81,11.72],[47.8,11.72],[47.8,11.72],[47.8,11.72],[47.8,11.72],[47.8,11.72],[47.8,11.72],[47.8,11.72],[47.8,11.72],[47.8,11.72],[47.8,11.72],[47.8,11.72],[47.8,11.73],[47.8,11.73],[47.8,11.73],[47.8,11.73],[47.8,11.73],[47.8,11.73],[47.8,11.73],[47.79,11.73],[47.79,11.73],[47.79,11.73],[47.79,11.73],[47.79,11.73],[47.79,11.73],[47.79,11.73],[47.79,11.73],[47.79,11.73],[47.79,11.73],[47.79,11.73],[47.79,11.73],[47.79,11.73],[47.79,11.73],[47.79,11.73],[47.79,11.73],[47.79,11.73],[47.78,11.73],[47.78,11.73],[47.78,11.74],[47.78,11.74],[47.78,11.74],[47.78,11.74],[47.78,11.74],[47.78,11.74],[47.78,11.74],[47.78,11.74],[47.78,11.74],[47.78,11.74],[47.78,11.74],[47.78,11.74],[47.78,11.74],[47.77,11.74],[47.77,11.74],[47.77,11.74],[47.77,11.74],[47.77,11.74],[47.77,11.74],[47.77,11.74],[47.77,11.74],[47.77,11.74],[47.77,11.74],[47.77,11.74],[47.77,11.74],[47.77,11.74],[47.77,11.74],[47.77,11.74],[47.76,11.74],[47.76,11.74],[47.76,11.75],[47.76,11.75],[47.76,11.75],[47.76,11.75],[47.76,11.75],[47.76,11.75],[47.76,11.75],[47.76,11.75],[47.76,11.75],[47.76,11.75],[47.76,11.75],[47.76,11.75],[47.75,11.75],[47.75,11.75],[47.75,11.75],[47.75,11.75],[47.75,11.75],[47.75,11.75],[47.75,11.75],[47.75,11.75],[47.75,11.75],[47.75,11.75],[47.75,11.75],[47.75,11.75],[47.75,11.75],[47.75,11.75],[47.74,11.75],[47.74,11.75],[47.74,11.75],[47.74,11.75],[47.74,11.75],[47.74,11.75],[47.74,11.75],[47.74,11.75],[47.74,11.75],[47.74,11.75],[47.74,11.75],[47.74,11.75],[47.74,11.75],[47.74,11.75],[47.73,11.75],[47.73,11.75],[47.73,11.75],[47.73,11.76],[47.73,11.76],[47.73,11.76],[47.73,11.76],[47.73,11.76],[47.73,11.76],[47.73,11.76],[47.73,11.76],[47.73,11.76],[47.73,11.76],[47.73,11.76],[47.73,11.76],[47.72,11.76],[47.72,11.76],[47.72,11.76],[47.72,11.76],[47.72,11.76],[47.72,11.76],[47.72,11.76],[47.72,11.76],[47.72,11.76],[47.72,11.76],[47.72,11.76],[47.72,11.76],[47.72,11.76],[47.72,11.76],[47.71,11.76],[47.71,11.76],[47.71,11.76],[47.71,11.76],[47.71,11.76],[47.71,11.76],[47.71,11.76],[47.71,11.76],[47.71,11.76],[47.71,11.76],[47.71,11.76],[47.71,11.76],[47.71,11.76],[47.71,11.76],[47.7,11.76],[47.7,11.76],[47.7,11.76],[47.7,11.76],[47.7,11.76],[47.7,11.76],[47.7,11.76],[47.7,11.76],[47.7,11.76],[47.7,11.76],[47.7,11.76],[47.7,11.76],[47.7,11.76],[47.7,11.76],[47.7,11.76],[47.69,11.76],[47.69,11.76],[47.69,11.76],[47.69,11.76],[47.69,11.76],[47.69,11.76],[47.69,11.76],[47.69,11.76],[47.69,11.76],[47.69,11.76],[47.69,11.76],[47.69,11.76],[47.69,11.76],[47.69,11.76],[47.69,11.76],[47.69,11.76],[47.68,11.76],[47.68,11.76],[47.68,11.76],[47.68,11.76],[47.68,11.76],[47.68,11.76],[47.68,11.76],[47.68,11.76],[47.68,11.76],[47.68,11.76],[47.68,11.76],[47.68,11.76],[47.68,11.76],[47.68,11.76],[47.68,11.76],[47.68,11.76],[47.68,11.76],[47.67,11.76],[47.67,11.76],[47.67,11.76],[47.67,11.76],[47.67,11.76],[47.67,11.76],[47.67,11.76],[47.67,11.76],[47.67,11.76],[47.67,11.76],[47.67,11.76],[47.67,11.76],[47.67,11.76],[47.67,11.75],[47.67,11.75],[47.67,11.75],[47.67,11.75],[47.67,11.75],[47.66,11.75],[47.66,11.75],[47.66,11.75],[47.66,11.75],[47.66,11.75],[47.66,11.75],[47.66,11.75],[47.66,11.75],[47.66,11.75],[47.66,11.75],[47.66,11.75],[47.66,11.75],[47.66,11.75],[47.66,11.75],[47.66,11.75],[47.66,11.75],[47.66,11.75],[47.66,11.75],[47.66,11.75],[47.66,11.75],[47.66,11.75],[47.66,11.75],[47.65,11.75],[47.65,11.75],[47.65,11.75],[47.65,11.75],[47.65,11.75],[47.65,11.75],[47.65,11.75],[47.65,11.75],[47.65,11.75],[47.65,11.75],[47.65,11.75],[47.65,11.75],[47.65,11.75],[47.65,11.75],[47.65,11.75],[47.65,11.74],[47.65,11.74],[47.65,11.74],[47.65,11.74],[47.65,11.74],[47.65,11.74],[47.64,11.74],[47.64,11.74],[47.64,11.74],[47.64,11.74],[47.64,11.74],[47.64,11.74],[47.64,11.74],[47.64,11.74],[47.64,11.74],[47.63,11.73],[47.63,11.73],[47.63,11.73],[47.63,11.73],[47.63,11.73],[47.63,11.73],[47.63,11.73],[47.63,11.73],[47.63,11.73],[47.62,11.73],[47.62,11.73],[47.62,11.73],[47.62,11.73],[47.62,11.73],[47.62,11.73],[47.62,11.73],[47.62,11.73],[47.62,11.72],[47.62,11.72],[47.62,11.72],[47.62,11.72],[47.62,11.72],[47.62,11.72],[47.62,11.72],[47.62,11.72],[47.62,11.72],[47.62,11.72],[47.62,11.72],[47.62,11.72],[47.61,11.72],[47.61,11.72],[47.61,11.72],[47.61,11.72],[47.61,11.72],[47.61,11.72],[47.61,11.72],[47.61,11.72],[47.61,11.72],[47.61,11.72],[47.61,11.72],[47.61,11.72],[47.61,11.72],[47.61,11.72],[47.61,11.72],[47.61,11.72],[47.61,11.72],[47.61,11.72],[47.61,11.72],[47.61,11.72],[47.61,11.72],[47.61,11.72],[47.61,11.72],[47.61,11.72],[47.61,11.72],[47.61,11.72],[47.6,11.72],[47.6,11.72],[47.6,11.72],[47.6,11.72],[47.6,11.72],[47.6,11.72],[47.6,11.72],[47.6,11.72],[47.6,11.72],[47.6,11.72],[47.6,11.72],[47.6,11.72],[47.6,11.72],[47.6,11.72],[47.6,11.71],[47.6,11.71],[47.6,11.71],[47.6,11.71],[47.6,11.71],[47.6,11.71],[47.6,11.71],[47.6,11.71],[47.6,11.71],[47.6,11.71],[47.6,11.71],[47.6,11.71],[47.59,11.71],[47.59,11.71],[47.59,11.71],[47.59,11.71],[47.59,11.71],[47.59,11.71],[47.59,11.71],[47.59,11.71],[47.59,11.71],[47.59,11.71],[47.59,11.71],[47.59,11.71],[47.59,11.71],[47.59,11.71],[47.59,11.71],[47.59,11.71],[47.59,11.71],[47.59,11.71],[47.59,11.71],[47.59,11.71],[47.59,11.71],[47.59,11.71],[47.59,11.71],[47.59,11.71],[47.58,11.71],[47.58,11.71],[47.58,11.71],[47.58,11.71],[47.58,11.71],[47.58,11.71],[47.58,11.71],[47.58,11.71],[47.58,11.71],[47.58,11.71],[47.58,11.71],[47.58,11.71],[47.58,11.71],[47.58,11.71],[47.58,11.71],[47.58,11.71],[47.57,11.71],[47.57,11.71],[47.57,11.71],[47.57,11.71],[47.57,11.71],[47.57,11.71],[47.57,11.71],[47.57,11.71],[47.57,11.71],[47.57,11.71],[47.56,11.71],[47.56,11.71],[47.56,11.71],[47.56,11.71],[47.56,11.71],[47.56,11.71],[47.56,11.71],[47.56,11.71],[47.56,11.71],[47.56,11.71],[47.55,11.71],[47.55,11.71],[47.55,11.71],[47.55,11.71],[47.55,11.71],[47.55,11.71],[47.55,11.71],[47.55,11.71],[47.55,11.71],[47.55,11.71],[47.55,11.71],[47.54,11.71],[47.54,11.71],[47.54,11.71],[47.54,11.71],[47.54,11.71],[47.54,11.71],[47.54,11.71],[47.54,11.71],[47.54,11.71],[47.54,11.71],[47.54,11.71],[47.53,11.71],[47.53,11.71],[47.53,11.71],[47.53,11.71],[47.53,11.71],[47.53,11.71],[47.53,11.71],[47.53,11.71],[47.53,11.72],[47.53,11.72],[47.52,11.72],[47.52,11.72],[47.52,11.72],[47.52,11.72],[47.52,11.72],[47.52,11.72],[47.52,11.72],[47.52,11.72],[47.51,11.72],[47.51,11.72],[47.51,11.72],[47.51,11.72],[47.51,11.72],[47.5,11.72],[47.5,11.72],[47.5,11.72],[47.5,11.72],[47.5,11.72],[47.49,11.72],[47.49,11.72],[47.48,11.73],[47.48,11.73],[47.48,11.73],[47.47,11.73],[47.47,11.73],[47.47,11.73],[47.47,11.73],[47.47,11.73],[47.47,11.73],[47.47,11.73],[47.47,11.73],[47.47,11.73],[47.46,11.73],[47.46,11.73],[47.46,11.73],[47.46,11.73],[47.46,11.73],[47.46,11.73],[47.46,11.73],[47.46,11.73],[47.46,11.73],[47.45,11.73],[47.45,11.73],[47.45,11.73],[47.45,11.73],[47.45,11.73],[47.45,11.73],[47.45,11.73],[47.45,11.73],[47.45,11.73],[47.44,11.73],[47.44,11.73],[47.44,11.73],[47.44,11.73],[47.44,11.73],[47.44,11.73],[47.44,11.73],[47.44,11.73],[47.44,11.73],[47.44,11.73],[47.43,11.74],[47.43,11.74],[47.43,11.74],[47.43,11.74],[47.43,11.74],[47.43,11.74],[47.43,11.74],[47.43,11.74],[47.43,11.74],[47.43,11.74],[47.43,11.74],[47.42,11.74],[47.42,11.74],[47.42,11.74],[47.42,11.74],[47.42,11.74],[47.42,11.74],[47.42,11.74],[47.42,11.74],[47.42,11.74],[47.42,11.74],[47.42,11.74],[47.41,11.74],[47.41,11.74],[47.41,11.74],[47.41,11.74],[47.41,11.74],[47.41,11.74],[47.41,11.74],[47.41,11.74],[47.41,11.74],[47.41,11.74],[47.41,11.74],[47.41,11.74],[47.41,11.74],[47.4,11.74],[47.4,11.74],[47.4,11.74],[47.4,11.74],[47.4,11.74],[47.4,11.74],[47.4,11.74],[47.4,11.74],[47.4,11.73],[47.4,11.73],[47.4,11.73],[47.4,11.73],[47.4,11.73],[47.39,11.73],[47.39,11.73],[47.39,11.73],[47.39,11.73],[47.39,11.73],[47.39,11.73],[47.39,11.73],[47.39,11.73],[47.39,11.73],[47.39,11.73],[47.39,11.73],[47.39,11.73],[47.39,11.73],[47.39,11.73],[47.38,11.73],[47.38,11.73],[47.38,11.73],[47.38,11.73],[47.38,11.73],[47.38,11.73],[47.38,11.73],[47.38,11.73],[47.38,11.73],[47.38,11.73],[47.38,11.73],[47.38,11.73],[47.38,11.73],[47.38,11.73],[47.38,11.73],[47.37,11.73],[47.37,11.73],[47.37,11.73],[47.37,11.73],[47.37,11.73],[47.37,11.73],[47.37,11.73],[47.37,11.73],[47.37,11.72],[47.37,11.72],[47.37,11.72],[47.37,11.72],[47.37,11.72],[47.37,11.72],[47.37,11.72],[47.37,11.72],[47.36,11.72],[47.36,11.72],[47.36,11.72],[47.36,11.72],[47.36,11.72],[47.36,11.72],[47.36,11.72],[47.36,11.72],[47.36,11.72],[47.36,11.72],[47.36,11.72],[47.36,11.72],[47.36,11.72],[47.36,11.72],[47.35,11.71],[47.35,11.71],[47.35,11.71],[47.35,11.71],[47.35,11.71],[47.35,11.71],[47.35,11.71],[47.35,11.71],[47.35,11.71],[47.35,11.71],[47.35,11.71],[47.35,11.71],[47.35,11.71],[47.35,11.71],[47.35,11.71],[47.34,11.71],[47.34,11.71],[47.34,11.7],[47.34,11.7],[47.34,11.7],[47.34,11.7],[47.34,11.7],[47.34,11.7],[47.34,11.7],[47.34,11.7],[47.33,11.7],[47.33,11.69],[47.33,11.69],[47.33,11.69],[47.32,11.69],[47.32,11.69],[47.32,11.69],[47.32,11.68],[47.32,11.68],[47.32,11.68],[47.32,11.68],[47.32,11.68],[47.32,11.68],[47.32,11.68],[47.31,11.68],[47.31,11.68],[47.31,11.68],[47.31,11.68],[47.31,11.68],[47.31,11.67],[47.31,11.67],[47.31,11.67],[47.31,11.67],[47.31,11.67],[47.31,11.67],[47.31,11.67],[47.31,11.67],[47.31,11.67],[47.31,11.67],[47.31,11.67],[47.3,11.67],[47.3,11.67],[47.3,11.67],[47.3,11.67],[47.3,11.67],[47.3,11.67],[47.3,11.67],[47.3,11.67],[47.3,11.67],[47.3,11.67],[47.3,11.67],[47.3,11.67],[47.3,11.67],[47.3,11.66],[47.3,11.66],[47.3,11.66],[47.3,11.66],[47.3,11.66],[47.3,11.66],[47.3,11.66],[47.29,11.66],[47.29,11.66],[47.29,11.66],[47.29,11.66],[47.29,11.66],[47.29,11.66],[47.29,11.66],[47.29,11.66],[47.29,11.66],[47.29,11.66],[47.29,11.66],[47.29,11.66],[47.29,11.66],[47.29,11.66],[47.29,11.66],[47.29,11.66],[47.29,11.66],[47.29,11.66],[47.28,11.66],[47.28,11.66],[47.28,11.66],[47.28,11.66],[47.28,11.65],[47.28,11.65],[47.28,11.65],[47.28,11.65],[47.28,11.65],[47.28,11.65],[47.28,11.65],[47.28,11.65],[47.28,11.65],[47.28,11.65],[47.28,11.65],[47.28,11.65],[47.28,11.65],[47.28,11.65],[47.27,11.65],[47.27,11.65],[47.27,11.65],[47.27,11.65],[47.27,11.65],[47.27,11.65],[47.27,11.65],[47.27,11.65],[47.27,11.65],[47.27,11.65],[47.27,11.65],[47.27,11.65],[47.27,11.65],[47.27,11.65],[47.27,11.65],[47.27,11.65],[47.27,11.65],[47.27,11.65],[47.26,11.65],[47.26,11.65],[47.26,11.64],[47.26,11.64],[47.26,11.64],[47.26,11.64],[47.26,11.64],[47.26,11.64],[47.26,11.64],[47.26,11.64],[47.26,11.64],[47.26,11.64],[47.26,11.64],[47.26,11.64],[47.26,11.64],[47.26,11.64],[47.26,11.64],[47.25,11.64],[47.25,11.64],[47.25,11.64],[47.25,11.64],[47.25,11.64],[47.25,11.64],[47.25,11.64],[47.25,11.64],[47.25,11.64],[47.25,11.64],[47.25,11.64],[47.25,11.64],[47.25,11.64],[47.25,11.64],[47.25,11.64],[47.25,11.64],[47.24,11.64],[47.24,11.64],[47.24,11.64],[47.24,11.64],[47.24,11.64],[47.24,11.64],[47.24,11.64],[47.24,11.64],[47.24,11.64],[47.24,11.64],[47.24,11.64],[47.24,11.64],[47.24,11.64],[47.24,11.63],[47.24,11.63],[47.24,11.63],[47.23,11.63],[47.23,11.63],[47.23,11.63],[47.23,11.63],[47.23,11.63],[47.23,11.63],[47.23,11.63],[47.23,11.63],[47.23,11.63],[47.23,11.63],[47.23,11.63],[47.23,11.63],[47.23,11.63],[47.23,11.63],[47.23,11.63],[47.23,11.63],[47.22,11.63],[47.22,11.63],[47.22,11.63],[47.22,11.63],[47.22,11.63],[47.22,11.63],[47.22,11.63],[47.22,11.63],[47.22,11.63],[47.22,11.63],[47.22,11.63],[47.22,11.63],[47.22,11.63],[47.22,11.63],[47.22,11.63],[47.22,11.63],[47.21,11.63],[47.21,11.63],[47.21,11.63],[47.21,11.63],[47.21,11.63],[47.21,11.63],[47.21,11.63],[47.21,11.63],[47.21,11.63],[47.21,11.63],[47.21,11.63],[47.21,11.63],[47.21,11.63],[47.21,11.63],[47.21,11.63],[47.2,11.63],[47.2,11.63],[47.2,11.63],[47.2,11.63],[47.2,11.63],[47.2,11.63],[47.2,11.63],[47.2,11.63],[47.2,11.63],[47.2,11.63],[47.2,11.63],[47.2,11.63],[47.2,11.63],[47.2,11.63],[47.19,11.63],[47.19,11.63],[47.19,11.63],[47.19,11.63],[47.19,11.63],[47.19,11.63],[47.19,11.63],[47.19,11.63],[47.19,11.63],[47.18,11.63],[47.18,11.63],[47.18,11.63],[47.18,11.63],[47.18,11.62],[47.18,11.62],[47.18,11.62],[47.17,11.62],[47.17,11.62],[47.17,11.62],[47.17,11.62],[47.17,11.62],[47.17,11.62],[47.16,11.62],[47.16,11.62],[47.16,11.62],[47.16,11.62],[47.16,11.62],[47.16,11.62],[47.16,11.62],[47.15,11.62],[47.15,11.62],[47.15,11.62],[47.15,11.62],[47.15,11.62],[47.15,11.62],[47.15,11.62],[47.14,11.62],[47.14,11.63],[47.14,11.63],[47.14,11.63],[47.14,11.63],[47.14,11.63],[47.13,11.63],[47.13,11.63],[47.13,11.63],[47.13,11.63],[47.13,11.63],[47.13,11.63],[47.13,11.63],[47.12,11.63],[47.12,11.63],[47.12,11.63],[47.12,11.63],[47.12,11.63],[47.12,11.63],[47.12,11.63],[47.11,11.63],[47.11,11.63],[47.11,11.63],[47.11,11.63],[47.11,11.63],[47.11,11.63],[47.11,11.63],[47.1,11.63],[47.1,11.63],[47.1,11.63],[47.1,11.63],[47.1,11.63],[47.1,11.63],[47.09,11.63],[47.09,11.63],[47.09,11.63],[47.09,11.63],[47.09,11.63],[47.09,11.63],[47.09,11.63],[47.08,11.63],[47.08,11.63],[47.08,11.63],[47.08,11.63],[47.08,11.63],[47.08,11.63],[47.07,11.63],[47.07,11.63],[47.07,11.63],[47.07,11.63],[47.07,11.64],[47.07,11.64],[47.06,11.64],[47.06,11.64],[47.06,11.64],[47.06,11.64],[47.06,11.64],[47.06,11.64],[47.05,11.64],[47.05,11.64],[47.05,11.64],[47.05,11.64],[47.05,11.64],[47.05,11.64],[47.04,11.64],[47.04,11.64],[47.04,11.64],[47.04,11.64],[47.04,11.64],[47.04,11.64],[47.03,11.64],[47.03,11.64],[47.03,11.64],[47.03,11.64],[47.03,11.64],[47.03,11.65],[47.02,11.65],[47.02,11.65],[47.02,11.65],[47.02,11.65],[47.02,11.65],[47.02,11.65],[47.01,11.65],[47.01,11.65],[47.01,11.65],[47.01,11.65],[47.01,11.65],[47.01,11.65],[47,11.65],[47,11.65],[47,11.65],[47,11.65],[47,11.65],[47,11.65],[46.99,11.65],[46.99,11.65],[46.99,11.66],[46.99,11.66],[46.99,11.66],[46.98,11.66],[46.98,11.66],[46.98,11.66],[46.98,11.66],[46.98,11.66],[46.98,11.66],[46.97,11.66],[46.97,11.66],[46.97,11.66],[46.96,11.66],[46.96,11.66],[46.96,11.67],[46.95,11.67],[46.95,11.67],[46.95,11.67],[46.94,11.67],[46.94,11.67],[46.93,11.67],[46.93,11.67],[46.93,11.68],[46.92,11.68],[46.9,11.68],[46.9,11.68],[46.89,11.69],[46.89,11.69],[46.88,11.69],[46.88,11.69],[46.88,11.69],[46.87,11.69],[46.87,11.69],[46.87,11.69],[46.86,11.7],[46.86,11.7],[46.86,11.7],[46.86,11.7],[46.85,11.7],[46.85,11.7],[46.85,11.7],[46.84,11.7],[46.84,11.7],[46.84,11.7],[46.84,11.7],[46.83,11.7],[46.83,11.71],[46.83,11.71],[46.82,11.71],[46.82,11.71],[46.82,11.71],[46.82,11.71],[46.82,11.71],[46.81,11.71],[46.81,11.71],[46.81,11.71],[46.81,11.71],[46.81,11.71],[46.81,11.71],[46.8,11.71],[46.8,11.71],[46.8,11.71],[46.8,11.71],[46.8,11.71],[46.8,11.72],[46.8,11.72],[46.79,11.72],[46.79,11.72],[46.79,11.72],[46.79,11.72],[46.79,11.72],[46.79,11.72],[46.79,11.72],[46.78,11.72],[46.78,11.72],[46.78,11.72],[46.78,11.72],[46.78,11.72],[46.78,11.72],[46.78,11.72],[46.77,11.72],[46.77,11.72],[46.77,11.72],[46.77,11.72],[46.77,11.72],[46.77,11.72],[46.77,11.72],[46.76,11.72],[46.76,11.72],[46.76,11.72],[46.76,11.72],[46.76,11.72],[46.76,11.72],[46.76,11.73],[46.76,11.73],[46.75,11.73],[46.75,11.73],[46.75,11.73],[46.75,11.73],[46.75,11.73],[46.75,11.73],[46.75,11.73],[46.75,11.73],[46.74,11.73],[46.74,11.73],[46.74,11.73],[46.74,11.73],[46.74,11.73],[46.74,11.73],[46.74,11.73],[46.74,11.73],[46.73,11.73],[46.73,11.73],[46.73,11.73],[46.73,11.73],[46.73,11.73],[46.73,11.73],[46.73,11.73],[46.72,11.73],[46.72,11.73],[46.72,11.73],[46.72,11.73],[46.72,11.73],[46.72,11.73],[46.72,11.73],[46.71,11.73],[46.71,11.73],[46.71,11.73],[46.71,11.73],[46.71,11.73],[46.71,11.73],[46.71,11.73],[46.7,11.73],[46.7,11.73],[46.7,11.74],[46.7,11.74],[46.7,11.74],[46.7,11.74],[46.7,11.74],[46.69,11.74],[46.69,11.74],[46.69,11.74],[46.69,11.74],[46.69,11.74],[46.69,11.74],[46.69,11.74],[46.68,11.74],[46.68,11.74],[46.68,11.74],[46.68,11.74],[46.68,11.74],[46.68,11.74],[46.68,11.74],[46.67,11.74],[46.67,11.74],[46.67,11.74],[46.67,11.74],[46.67,11.74],[46.67,11.74],[46.67,11.74],[46.66,11.74],[46.66,11.74],[46.66,11.74],[46.66,11.74],[46.66,11.74],[46.66,11.74],[46.66,11.74],[46.66,11.74],[46.65,11.74],[46.65,11.74],[46.65,11.74],[46.65,11.74],[46.65,11.74],[46.65,11.74],[46.65,11.74],[46.65,11.74],[46.64,11.74],[46.64,11.74],[46.64,11.74],[46.64,11.74],[46.64,11.74],[46.64,11.74],[46.64,11.74],[46.64,11.74],[46.63,11.74],[46.63,11.74],[46.63,11.74],[46.63,11.74],[46.63,11.74],[46.63,11.74],[46.63,11.74],[46.63,11.74],[46.62,11.74],[46.62,11.74],[46.62,11.74],[46.62,11.74],[46.62,11.74],[46.62,11.74],[46.62,11.74],[46.62,11.74],[46.61,11.74],[46.61,11.74],[46.61,11.74],[46.61,11.74],[46.61,11.74],[46.61,11.74],[46.61,11.74],[46.61,11.74],[46.6,11.74],[46.6,11.74],[46.6,11.74],[46.6,11.74],[46.6,11.74],[46.6,11.74],[46.6,11.74],[46.6,11.74],[46.6,11.74],[46.59,11.74],[46.59,11.73],[46.59,11.73],[46.59,11.73],[46.59,11.73],[46.59,11.73],[46.59,11.73],[46.59,11.73],[46.58,11.73],[46.58,11.73],[46.58,11.73],[46.58,11.73],[46.58,11.73],[46.58,11.73],[46.58,11.73],[46.58,11.73],[46.58,11.73],[46.57,11.73],[46.57,11.73],[46.57,11.73],[46.57,11.73],[46.57,11.73],[46.57,11.73],[46.57,11.73],[46.57,11.73],[46.57,11.73],[46.56,11.73],[46.56,11.73],[46.56,11.73],[46.56,11.73],[46.56,11.73],[46.56,11.73],[46.56,11.73],[46.56,11.73],[46.56,11.73],[46.56,11.73],[46.56,11.73],[46.56,11.73],[46.55,11.73],[46.55,11.73],[46.55,11.73],[46.55,11.72],[46.55,11.72],[46.55,11.72],[46.55,11.72],[46.55,11.72],[46.55,11.72],[46.55,11.72],[46.55,11.72],[46.54,11.72],[46.54,11.72],[46.54,11.72],[46.54,11.72],[46.54,11.72],[46.53,11.72],[46.53,11.72],[46.53,11.72],[46.53,11.72],[46.53,11.72],[46.53,11.72],[46.52,11.71],[46.52,11.71],[46.52,11.71],[46.52,11.71],[46.52,11.71],[46.52,11.71],[46.51,11.71],[46.51,11.71],[46.51,11.71],[46.51,11.71],[46.51,11.71],[46.5,11.71],[46.5,11.71],[46.5,11.71],[46.5,11.7],[46.5,11.7],[46.49,11.7],[46.49,11.7],[46.49,11.7],[46.49,11.7],[46.49,11.7],[46.48,11.7],[46.48,11.7],[46.48,11.7],[46.48,11.7],[46.48,11.69],[46.47,11.69],[46.47,11.69],[46.47,11.69],[46.47,11.69],[46.47,11.69],[46.46,11.69],[46.46,11.69],[46.46,11.69],[46.46,11.69],[46.45,11.68],[46.45,11.68],[46.44,11.68],[46.43,11.67],[46.43,11.67],[46.43,11.67],[46.42,11.67],[46.42,11.67],[46.42,11.67],[46.41,11.66],[46.41,11.66],[46.41,11.66],[46.41,11.66],[46.41,11.66],[46.41,11.66],[46.4,11.66],[46.4,11.66],[46.4,11.66],[46.4,11.66],[46.4,11.66],[46.4,11.66],[46.39,11.66],[46.39,11.65],[46.39,11.65],[46.39,11.65],[46.39,11.65],[46.39,11.65],[46.38,11.65],[46.38,11.65],[46.38,11.65],[46.38,11.65],[46.38,11.65],[46.37,11.65],[46.37,11.65],[46.37,11.65],[46.37,11.64],[46.37,11.64],[46.37,11.64],[46.36,11.64],[46.36,11.64],[46.36,11.64],[46.36,11.64],[46.36,11.64],[46.36,11.64],[46.35,11.64],[46.35,11.64],[46.35,11.64],[46.35,11.64],[46.35,11.64],[46.35,11.64],[46.34,11.64],[46.34,11.63],[46.34,11.63],[46.34,11.63],[46.34,11.63],[46.34,11.63],[46.34,11.63],[46.33,11.63],[46.33,11.63],[46.33,11.63],[46.33,11.63],[46.33,11.63],[46.33,11.63],[46.33,11.63],[46.33,11.63],[46.33,11.63],[46.33,11.63],[46.33,11.63],[46.33,11.63],[46.33,11.63],[46.33,11.63],[46.33,11.63],[46.32,11.63],[46.32,11.63],[46.32,11.63],[46.32,11.63],[46.32,11.63],[46.32,11.63],[46.32,11.63],[46.32,11.63],[46.32,11.63],[46.32,11.63],[46.32,11.63],[46.32,11.63],[46.32,11.63],[46.32,11.63],[46.32,11.63],[46.31,11.63],[46.31,11.63],[46.31,11.63],[46.31,11.63],[46.31,11.63],[46.31,11.63],[46.31,11.63],[46.31,11.63],[46.31,11.63],[46.31,11.63],[46.31,11.63],[46.31,11.63],[46.31,11.63],[46.31,11.63],[46.3,11.62],[46.3,11.62],[46.3,11.62],[46.3,11.62],[46.3,11.62],[46.3,11.62],[46.3,11.62],[46.3,11.62],[46.3,11.62],[46.3,11.62],[46.3,11.62],[46.3,11.62],[46.29,11.62],[46.29,11.62],[46.29,11.62],[46.29,11.62],[46.29,11.62],[46.29,11.62],[46.28,11.62],[46.28,11.62],[46.28,11.62],[46.28,11.62],[46.28,11.62],[46.28,11.62],[46.28,11.62],[46.27,11.62],[46.27,11.62],[46.27,11.62],[46.27,11.62],[46.27,11.62],[46.27,11.62],[46.26,11.62],[46.26,11.62],[46.26,11.62],[46.26,11.62],[46.26,11.62],[46.26,11.62],[46.25,11.62],[46.25,11.62],[46.25,11.62],[46.25,11.62],[46.24,11.62],[46.24,11.62],[46.23,11.62],[46.23,11.62],[46.22,11.62],[46.22,11.62],[46.22,11.62],[46.22,11.62],[46.21,11.62],[46.21,11.62],[46.21,11.62],[46.21,11.62],[46.21,11.62],[46.21,11.62],[46.2,11.62],[46.2,11.61],[46.2,11.61],[46.2,11.61],[46.2,11.61],[46.2,11.61],[46.2,11.61],[46.2,11.61],[46.19,11.61],[46.19,11.61],[46.19,11.61],[46.19,11.61],[46.19,11.61],[46.19,11.61],[46.19,11.61],[46.19,11.61],[46.18,11.61],[46.18,11.61],[46.18,11.61],[46.18,11.61],[46.18,11.61],[46.18,11.61],[46.18,11.61],[46.18,11.61],[46.17,11.61],[46.17,11.61],[46.17,11.61],[46.17,11.61],[46.17,11.61],[46.17,11.61],[46.17,11.61],[46.17,11.61],[46.16,11.61],[46.16,11.61],[46.16,11.61],[46.16,11.61],[46.16,11.61],[46.16,11.61],[46.16,11.61],[46.16,11.61],[46.16,11.61],[46.15,11.61],[46.15,11.61],[46.15,11.61],[46.15,11.61],[46.15,11.61],[46.15,11.61],[46.15,11.61],[46.15,11.61],[46.15,11.61],[46.15,11.61],[46.15,11.61],[46.15,11.61],[46.15,11.61],[46.15,11.61],[46.15,11.61],[46.14,11.61],[46.14,11.61],[46.14,11.6],[46.14,11.6],[46.14,11.6],[46.14,11.6],[46.14,11.6],[46.14,11.6],[46.14,11.6],[46.14,11.6],[46.14,11.6],[46.14,11.6],[46.14,11.6],[46.14,11.6],[46.14,11.6],[46.14,11.6],[46.14,11.6],[46.13,11.6],[46.13,11.6],[46.13,11.6],[46.13,11.6],[46.13,11.6],[46.13,11.6],[46.13,11.6],[46.13,11.6],[46.13,11.6],[46.13,11.6],[46.13,11.6],[46.13,11.6],[46.13,11.6],[46.13,11.6],[46.13,11.6],[46.13,11.6],[46.13,11.6],[46.13,11.6],[46.12,11.6],[46.12,11.6],[46.12,11.6],[46.12,11.6],[46.12,11.6],[46.12,11.6],[46.12,11.6],[46.12,11.6],[46.12,11.6],[46.12,11.6],[46.12,11.6],[46.12,11.6],[46.12,11.6],[46.12,11.6],[46.12,11.59],[46.12,11.59],[46.12,11.59],[46.12,11.59],[46.12,11.59],[46.11,11.59],[46.11,11.59],[46.11,11.59],[46.11,11.59],[46.11,11.59],[46.11,11.59],[46.11,11.59],[46.11,11.59],[46.11,11.59],[46.11,11.59],[46.11,11.59],[46.11,11.59],[46.11,11.59],[46.11,11.59],[46.11,11.59],[46.11,11.59],[46.11,11.59],[46.11,11.59],[46.11,11.59],[46.11,11.59],[46.1,11.59],[46.1,11.59],[46.1,11.59],[46.1,11.59],[46.1,11.59],[46.1,11.59],[46.1,11.59],[46.1,11.59],[46.1,11.59],[46.1,11.59],[46.1,11.59],[46.1,11.58],[46.1,11.58],[46.1,11.58],[46.1,11.58],[46.1,11.58],[46.1,11.58],[46.1,11.58],[46.1,11.58],[46.1,11.58],[46.1,11.58],[46.1,11.58],[46.1,11.58],[46.09,11.58],[46.09,11.58],[46.09,11.58],[46.09,11.58],[46.09,11.58],[46.09,11.58],[46.09,11.58],[46.09,11.58],[46.09,11.58],[46.09,11.58],[46.09,11.58],[46.09,11.58],[46.09,11.58],[46.09,11.58],[46.09,11.58],[46.09,11.58],[46.09,11.58],[46.09,11.58],[46.09,11.57],[46.09,11.57],[46.09,11.57],[46.09,11.57],[46.09,11.57],[46.09,11.57],[46.09,11.57],[46.08,11.57],[46.08,11.57],[46.08,11.57],[46.08,11.57],[46.08,11.57],[46.08,11.57],[46.08,11.57],[46.08,11.57],[46.08,11.57],[46.08,11.57],[46.08,11.57],[46.08,11.57],[46.08,11.57],[46.08,11.57],[46.08,11.57],[46.08,11.56],[46.08,11.56],[46.08,11.56],[46.08,11.56],[46.08,11.56],[46.08,11.56],[46.08,11.56],[46.08,11.56],[46.08,11.56],[46.07,11.56],[46.07,11.56],[46.07,11.56],[46.07,11.56],[46.07,11.56],[46.07,11.56],[46.07,11.56],[46.07,11.56],[46.07,11.56],[46.07,11.56],[46.07,11.55],[46.07,11.55],[46.07,11.55],[46.07,11.55],[46.07,11.55],[46.07,11.55],[46.07,11.55],[46.07,11.55],[46.07,11.55],[46.06,11.55],[46.06,11.54],[46.06,11.54],[46.06,11.54],[46.06,11.54],[46.06,11.54],[46.06,11.53],[46.06,11.53],[46.06,11.53],[46.05,11.53],[46.05,11.53],[46.05,11.53],[46.05,11.53],[46.05,11.53],[46.05,11.53],[46.05,11.53],[46.05,11.52],[46.05,11.52],[46.05,11.52],[46.05,11.52],[46.05,11.52],[46.05,11.52],[46.05,11.52],[46.05,11.52],[46.05,11.52],[46.05,11.52],[46.05,11.52],[46.05,11.52],[46.05,11.52],[46.04,11.52],[46.04,11.52],[46.04,11.52],[46.04,11.52],[46.04,11.52],[46.04,11.52],[46.04,11.52],[46.04,11.51],[46.04,11.51],[46.04,11.51],[46.04,11.51],[46.04,11.51],[46.04,11.51],[46.04,11.51],[46.04,11.51],[46.04,11.51],[46.04,11.51],[46.04,11.51],[46.04,11.51],[46.04,11.51],[46.04,11.51],[46.04,11.51],[46.04,11.51],[46.03,11.51],[46.03,11.51],[46.03,11.5],[46.03,11.5],[46.03,11.5],[46.03,11.5],[46.03,11.5],[46.03,11.5],[46.03,11.5],[46.03,11.5],[46.03,11.5],[46.03,11.5],[46.02,11.5],[46.02,11.5],[46.02,11.49],[46.02,11.49],[46.02,11.49],[46.02,11.49],[46.02,11.49],[46.02,11.49],[46.02,11.49],[46.02,11.49],[46.02,11.49],[46.02,11.49],[46.01,11.49],[46.01,11.49],[46.01,11.49],[46.01,11.48],[46.01,11.48],[46.01,11.48],[46.01,11.48],[46.01,11.48],[46.01,11.48],[46.01,11.48],[46.01,11.48],[46,11.48],[46,11.48],[46,11.48],[46,11.48],[46,11.48],[46,11.47],[46,11.47],[46,11.47],[46,11.47],[46,11.47],[45.99,11.47],[45.99,11.47],[45.99,11.47],[45.99,11.47],[45.99,11.47],[45.99,11.47],[45.99,11.47],[45.99,11.47],[45.99,11.47],[45.99,11.46],[45.99,11.46],[45.98,11.46],[45.98,11.46],[45.98,11.46],[45.98,11.46],[45.98,11.46],[45.98,11.46],[45.98,11.46],[45.98,11.46],[45.98,11.46],[45.97,11.46],[45.97,11.46],[45.97,11.46],[45.97,11.45],[45.97,11.45],[45.97,11.45],[45.97,11.45],[45.97,11.45],[45.97,11.45],[45.97,11.45],[45.96,11.45],[45.96,11.45],[45.96,11.45],[45.96,11.45],[45.96,11.45],[45.96,11.45],[45.96,11.45],[45.96,11.45],[45.96,11.44],[45.95,11.44],[45.95,11.44],[45.95,11.44],[45.95,11.44],[45.95,11.44],[45.95,11.44],[45.95,11.44],[45.95,11.44],[45.95,11.44],[45.94,11.44],[45.94,11.44],[45.94,11.44],[45.94,11.44],[45.94,11.44],[45.94,11.44],[45.94,11.43],[45.94,11.43],[45.93,11.43],[45.93,11.43],[45.93,11.43],[45.93,11.43],[45.93,11.43],[45.93,11.43],[45.93,11.43],[45.93,11.43],[45.93,11.43],[45.92,11.43],[45.92,11.43],[45.92,11.43],[45.92,11.43],[45.92,11.43],[45.92,11.43],[45.92,11.42],[45.92,11.42],[45.91,11.42],[45.91,11.42],[45.91,11.42],[45.91,11.42],[45.91,11.42],[45.91,11.42],[45.91,11.42],[45.91,11.42],[45.9,11.42],[45.9,11.42],[45.9,11.42],[45.9,11.42],[45.9,11.42],[45.9,11.42],[45.9,11.42],[45.9,11.42],[45.89,11.41],[45.89,11.41],[45.89,11.41],[45.89,11.41],[45.89,11.41],[45.89,11.41],[45.89,11.41],[45.88,11.41],[45.88,11.41],[45.88,11.41],[45.88,11.41],[45.88,11.41],[45.88,11.41],[45.88,11.41],[45.88,11.41],[45.87,11.41],[45.87,11.41],[45.87,11.41],[45.87,11.41],[45.87,11.4],[45.87,11.4],[45.87,11.4],[45.86,11.4],[45.86,11.4],[45.86,11.4],[45.86,11.4],[45.86,11.4],[45.86,11.4],[45.86,11.4],[45.85,11.4],[45.85,11.4],[45.85,11.4],[45.85,11.4],[45.85,11.4],[45.85,11.4],[45.85,11.4],[45.84,11.4],[45.84,11.4],[45.84,11.4],[45.84,11.4],[45.84,11.4],[45.84,11.39],[45.84,11.39],[45.84,11.39],[45.83,11.39],[45.83,11.39],[45.83,11.39],[45.83,11.39],[45.83,11.39],[45.83,11.39],[45.82,11.39],[45.82,11.39],[45.82,11.39],[45.82,11.39],[45.82,11.39],[45.82,11.39],[45.82,11.39],[45.81,11.39],[45.81,11.39],[45.81,11.39],[45.81,11.39],[45.81,11.39],[45.81,11.39],[45.81,11.39],[45.8,11.39],[45.8,11.39],[45.8,11.38],[45.8,11.38],[45.8,11.38],[45.8,11.38],[45.8,11.38],[45.79,11.38],[45.79,11.38],[45.79,11.38],[45.79,11.38],[45.79,11.38],[45.79,11.38],[45.78,11.38],[45.78,11.38],[45.78,11.38],[45.78,11.38],[45.78,11.38],[45.78,11.38],[45.78,11.38],[45.77,11.38],[45.77,11.38],[45.77,11.38],[45.77,11.38],[45.77,11.38],[45.77,11.38],[45.76,11.38],[45.76,11.38],[45.76,11.38],[45.76,11.38],[45.76,11.38],[45.76,11.38],[45.76,11.38],[45.75,11.37],[45.75,11.37],[45.75,11.37],[45.75,11.37],[45.75,11.37],[45.75,11.37],[45.74,11.37],[45.74,11.37],[45.74,11.37],[45.74,11.37],[45.74,11.37],[45.74,11.37],[45.73,11.37],[45.73,11.37],[45.73,11.37],[45.73,11.37],[45.73,11.37],[45.73,11.37],[45.73,11.37],[45.72,11.37],[45.72,11.37],[45.72,11.37],[45.72,11.37],[45.72,11.37],[45.72,11.37],[45.72,11.37],[45.72,11.37],[45.72,11.37],[45.72,11.37],[45.72,11.37],[45.72,11.37],[45.71,11.37],[45.71,11.37],[45.71,11.37],[45.71,11.37],[45.71,11.37],[45.71,11.37],[45.71,11.37],[45.71,11.37],[45.71,11.37],[45.71,11.37],[45.71,11.37],[45.71,11.37],[45.7,11.37],[45.7,11.37],[45.7,11.37],[45.7,11.37],[45.7,11.37],[45.7,11.37],[45.7,11.37],[45.7,11.37],[45.7,11.37],[45.7,11.37],[45.7,11.37],[45.7,11.37],[45.7,11.37],[45.69,11.37],[45.69,11.37],[45.69,11.37],[45.69,11.37],[45.69,11.37],[45.69,11.37],[45.69,11.37],[45.69,11.37],[45.69,11.37],[45.69,11.37],[45.68,11.37],[45.68,11.37],[45.68,11.37],[45.68,11.37],[45.68,11.37],[45.68,11.37],[45.67,11.37],[45.67,11.37],[45.66,11.37],[45.66,11.37],[45.66,11.37],[45.66,11.37],[45.66,11.37],[45.66,11.37],[45.66,11.37],[45.65,11.37],[45.65,11.37],[45.65,11.37],[45.65,11.37],[45.65,11.37],[45.65,11.37],[45.65,11.37],[45.65,11.37],[45.64,11.37],[45.64,11.37],[45.64,11.37],[45.64,11.37],[45.64,11.37],[45.64,11.37],[45.64,11.37],[45.64,11.37],[45.64,11.37],[45.63,11.37],[45.63,11.37],[45.63,11.37],[45.63,11.37],[45.63,11.37],[45.63,11.37],[45.63,11.37],[45.63,11.37],[45.63,11.37],[45.63,11.37],[45.63,11.37],[45.63,11.37],[45.63,11.37],[45.63,11.37],[45.63,11.37],[45.63,11.37],[45.62,11.37],[45.62,11.37],[45.62,11.37],[45.62,11.37],[45.62,11.37],[45.62,11.37],[45.62,11.37],[45.62,11.37],[45.62,11.37],[45.62,11.37],[45.62,11.37],[45.62,11.37],[45.62,11.37],[45.62,11.37],[45.62,11.37],[45.62,11.37],[45.62,11.37],[45.62,11.37],[45.62,11.37],[45.61,11.37],[45.61,11.37],[45.61,11.37],[45.61,11.37],[45.61,11.37],[45.61,11.37],[45.61,11.37],[45.61,11.37],[45.61,11.37],[45.61,11.37],[45.61,11.37],[45.61,11.37],[45.61,11.37],[45.61,11.37],[45.61,11.37],[45.61,11.37],[45.61,11.37],[45.61,11.37],[45.61,11.37],[45.61,11.37],[45.6,11.37],[45.6,11.37],[45.6,11.37],[45.6,11.37],[45.6,11.37],[45.6,11.37],[45.6,11.37],[45.6,11.37],[45.6,11.37],[45.6,11.37],[45.6,11.37],[45.6,11.37],[45.6,11.36],[45.6,11.36],[45.6,11.36],[45.6,11.36],[45.6,11.36],[45.6,11.36],[45.6,11.36],[45.59,11.36],[45.59,11.36],[45.59,11.36],[45.59,11.36],[45.59,11.36],[45.59,11.36],[45.59,11.36],[45.59,11.36],[45.59,11.36],[45.59,11.36],[45.59,11.36],[45.59,11.36],[45.59,11.36],[45.59,11.36],[45.59,11.36],[45.58,11.36],[45.58,11.36],[45.58,11.36],[45.58,11.36],[45.58,11.36],[45.58,11.36],[45.58,11.36],[45.58,11.36],[45.58,11.36],[45.58,11.36],[45.58,11.35],[45.58,11.35],[45.58,11.35],[45.58,11.35],[45.58,11.35],[45.57,11.35],[45.57,11.35],[45.57,11.35],[45.57,11.35],[45.57,11.35],[45.57,11.35],[45.57,11.35],[45.57,11.35],[45.57,11.35],[45.57,11.35],[45.57,11.35],[45.57,11.35],[45.56,11.35],[45.56,11.35],[45.56,11.34],[45.56,11.34],[45.56,11.34],[45.55,11.34],[45.55,11.34],[45.55,11.34],[45.55,11.34],[45.55,11.34],[45.55,11.33],[45.55,11.33],[45.55,11.33],[45.54,11.33],[45.54,11.33],[45.54,11.33],[45.54,11.33],[45.54,11.33],[45.54,11.33],[45.54,11.33],[45.54,11.33],[45.54,11.33],[45.54,11.33],[45.54,11.33],[45.54,11.33],[45.54,11.33],[45.53,11.33],[45.53,11.33],[45.53,11.33],[45.53,11.33],[45.53,11.33],[45.53,11.33],[45.53,11.32],[45.53,11.32],[45.53,11.32],[45.53,11.32],[45.53,11.32],[45.53,11.32],[45.53,11.32],[45.53,11.32],[45.53,11.32],[45.53,11.32],[45.53,11.32],[45.53,11.32],[45.53,11.32],[45.53,11.32],[45.52,11.32],[45.52,11.32],[45.52,11.32],[45.52,11.32],[45.52,11.32],[45.52,11.32],[45.52,11.32],[45.52,11.32],[45.52,11.32],[45.52,11.32],[45.52,11.32],[45.52,11.32],[45.52,11.32],[45.52,11.32],[45.52,11.32],[45.52,11.32],[45.52,11.32],[45.52,11.32],[45.51,11.32],[45.51,11.32],[45.51,11.32],[45.51,11.32],[45.51,11.32],[45.51,11.32],[45.51,11.32],[45.51,11.32],[45.51,11.31],[45.51,11.31],[45.51,11.31],[45.51,11.31],[45.51,11.31],[45.51,11.31],[45.51,11.31],[45.51,11.31],[45.5,11.31],[45.5,11.31],[45.5,11.31],[45.5,11.31],[45.5,11.31],[45.5,11.31],[45.5,11.31],[45.5,11.31],[45.5,11.31],[45.5,11.31],[45.5,11.31],[45.5,11.31],[45.5,11.31],[45.5,11.31],[45.5,11.31],[45.5,11.31],[45.49,11.31],[45.49,11.31],[45.49,11.31],[45.49,11.31],[45.49,11.31],[45.49,11.31],[45.49,11.31],[45.49,11.31],[45.49,11.31],[45.49,11.31],[45.49,11.31],[45.49,11.31],[45.49,11.31],[45.49,11.31],[45.49,11.31],[45.49,11.31],[45.48,11.31],[45.48,11.31],[45.48,11.31],[45.48,11.31],[45.48,11.31],[45.48,11.31],[45.48,11.31],[45.48,11.31],[45.48,11.31],[45.48,11.31],[45.48,11.31],[45.48,11.31],[45.48,11.31],[45.48,11.31],[45.48,11.31],[45.47,11.3],[45.47,11.3],[45.47,11.3],[45.47,11.3],[45.47,11.3],[45.47,11.3],[45.47,11.3],[45.47,11.3],[45.47,11.3],[45.47,11.3],[45.47,11.3],[45.47,11.3],[45.47,11.3],[45.47,11.3],[45.46,11.3],[45.46,11.3],[45.46,11.3],[45.46,11.3],[45.46,11.3],[45.46,11.3],[45.46,11.3],[45.46,11.3],[45.46,11.3],[45.46,11.3],[45.46,11.3],[45.46,11.3],[45.46,11.3],[45.46,11.3],[45.45,11.3],[45.45,11.3],[45.45,11.3],[45.45,11.3],[45.45,11.3],[45.45,11.3],[45.45,11.3],[45.45,11.3],[45.45,11.3],[45.45,11.3],[45.45,11.3],[45.45,11.3],[45.45,11.3],[45.45,11.3],[45.44,11.3],[45.44,11.3],[45.44,11.3],[45.44,11.3],[45.44,11.3],[45.44,11.3],[45.44,11.3],[45.43,11.3],[45.43,11.3],[45.43,11.3],[45.43,11.3],[45.43,11.3],[45.43,11.3],[45.43,11.3],[45.42,11.3],[45.42,11.3],[45.42,11.3],[45.42,11.3],[45.42,11.3],[45.42,11.3],[45.41,11.3],[45.41,11.3],[45.41,11.3],[45.41,11.3],[45.41,11.3],[45.41,11.3],[45.4,11.3],[45.4,11.3],[45.4,11.3],[45.4,11.3],[45.4,11.3],[45.4,11.3],[45.39,11.3],[45.39,11.3],[45.39,11.3],[45.39,11.3],[45.39,11.3],[45.39,11.3],[45.38,11.3],[45.38,11.3],[45.38,11.3],[45.38,11.3],[45.38,11.3],[45.38,11.3],[45.37,11.3],[45.37,11.3],[45.37,11.3],[45.37,11.3],[45.37,11.3],[45.36,11.3],[45.36,11.3],[45.36,11.3],[45.36,11.3],[45.36,11.3],[45.35,11.3],[45.35,11.3],[45.35,11.3],[45.35,11.3],[45.35,11.3],[45.35,11.3],[45.34,11.3],[45.34,11.3],[45.34,11.3],[45.33,11.3],[45.33,11.3],[45.32,11.31],[45.32,11.31],[45.31,11.31],[45.31,11.31],[45.31,11.31],[45.3,11.31],[45.3,11.31],[45.3,11.31],[45.29,11.31],[45.29,11.31],[45.29,11.31],[45.29,11.31],[45.28,11.31],[45.28,11.31],[45.28,11.31],[45.28,11.31],[45.28,11.31],[45.28,11.31],[45.27,11.31],[45.27,11.31],[45.27,11.31],[45.27,11.31],[45.27,11.31],[45.27,11.31],[45.26,11.31],[45.26,11.31],[45.26,11.31],[45.26,11.31],[45.26,11.31],[45.26,11.31],[45.26,11.31],[45.25,11.31],[45.25,11.31],[45.25,11.31],[45.25,11.31],[45.25,11.31],[45.25,11.31],[45.25,11.31],[45.24,11.31],[45.24,11.31],[45.24,11.31],[45.24,11.31],[45.24,11.31],[45.24,11.31],[45.24,11.31],[45.24,11.31],[45.23,11.31],[45.23,11.31],[45.23,11.31],[45.23,11.31],[45.23,11.31],[45.23,11.31],[45.23,11.31],[45.22,11.31],[45.22,11.31],[45.22,11.31],[45.22,11.31],[45.22,11.31],[45.22,11.31],[45.21,11.31],[45.21,11.31],[45.21,11.31],[45.21,11.31],[45.21,11.31],[45.21,11.31],[45.21,11.31],[45.2,11.31],[45.2,11.31],[45.2,11.31],[45.2,11.31],[45.2,11.31],[45.2,11.31],[45.2,11.31],[45.19,11.31],[45.19,11.31],[45.19,11.31],[45.19,11.31],[45.19,11.31],[45.19,11.31],[45.19,11.31],[45.19,11.31],[45.18,11.31],[45.18,11.31],[45.18,11.31],[45.18,11.31],[45.18,11.31],[45.18,11.31],[45.18,11.3],[45.17,11.3],[45.17,11.3],[45.17,11.3],[45.17,11.3],[45.17,11.3],[45.17,11.3],[45.17,11.3],[45.17,11.3],[45.17,11.3],[45.16,11.3],[45.16,11.3],[45.16,11.3],[45.16,11.3],[45.16,11.3],[45.16,11.3],[45.16,11.3],[45.16,11.3],[45.16,11.3],[45.16,11.3],[45.16,11.3],[45.16,11.3],[45.16,11.3],[45.16,11.3],[45.16,11.3],[45.16,11.3],[45.16,11.3],[45.15,11.3],[45.15,11.3],[45.15,11.3],[45.15,11.3],[45.15,11.3],[45.15,11.3],[45.15,11.3],[45.15,11.3],[45.15,11.3],[45.15,11.3],[45.15,11.3],[45.15,11.3],[45.15,11.3],[45.15,11.3],[45.15,11.3],[45.15,11.3],[45.15,11.3],[45.14,11.3],[45.14,11.3],[45.14,11.3],[45.14,11.29],[45.14,11.29],[45.14,11.29],[45.14,11.29],[45.13,11.29],[45.13,11.29],[45.13,11.29],[45.13,11.29],[45.13,11.29],[45.13,11.29],[45.13,11.29],[45.12,11.29],[45.12,11.29],[45.12,11.29],[45.12,11.29],[45.12,11.29],[45.12,11.29],[45.12,11.29],[45.11,11.29],[45.11,11.28],[45.11,11.28],[45.11,11.28],[45.11,11.28],[45.11,11.28],[45.11,11.28],[45.1,11.28],[45.1,11.28],[45.1,11.28],[45.1,11.28],[45.1,11.28],[45.1,11.28],[45.09,11.28],[45.09,11.28],[45.09,11.28],[45.09,11.27],[45.09,11.27],[45.09,11.27],[45.09,11.27],[45.08,11.27],[45.08,11.27],[45.08,11.27],[45.08,11.27],[45.08,11.27],[45.08,11.27],[45.08,11.27],[45.07,11.27],[45.07,11.27],[45.07,11.26],[45.07,11.26],[45.07,11.26],[45.07,11.26],[45.06,11.26],[45.06,11.26],[45.06,11.26],[45.06,11.26],[45.06,11.26],[45.06,11.26],[45.06,11.26],[45.05,11.26],[45.05,11.26],[45.05,11.25],[45.05,11.25],[45.05,11.25],[45.05,11.25],[45.04,11.25],[45.04,11.25],[45.04,11.25],[45.04,11.25],[45.04,11.25],[45.04,11.25],[45.03,11.25],[45.03,11.24],[45.03,11.24],[45.03,11.24],[45.03,11.24],[45.03,11.24],[45.03,11.24],[45.02,11.24],[45.02,11.24],[45.02,11.24],[45.02,11.24],[45.02,11.23],[45.02,11.23],[45.01,11.23],[45.01,11.23],[45.01,11.23],[45.01,11.23],[45.01,11.23],[45,11.23],[45,11.23],[45,11.23],[45,11.22],[45,11.22],[45,11.22],[44.99,11.22],[44.99,11.22],[44.99,11.22],[44.99,11.22],[44.99,11.22],[44.99,11.22],[44.98,11.21],[44.98,11.21],[44.98,11.21],[44.98,11.21],[44.98,11.21],[44.97,11.21],[44.97,11.21],[44.97,11.21],[44.97,11.2],[44.97,11.2],[44.96,11.2],[44.96,11.2],[44.96,11.2],[44.96,11.2],[44.96,11.2],[44.95,11.2],[44.95,11.19],[44.95,11.19],[44.95,11.19],[44.95,11.19],[44.94,11.19],[44.94,11.19],[44.94,11.18],[44.94,11.18],[44.93,11.18],[44.93,11.18],[44.93,11.18],[44.93,11.18],[44.93,11.18],[44.93,11.18],[44.93,11.18],[44.93,11.18],[44.93,11.18],[44.93,11.18],[44.93,11.18],[44.92,11.18],[44.92,11.17],[44.92,11.17],[44.92,11.17],[44.92,11.17],[44.92,11.17],[44.92,11.17],[44.92,11.17],[44.92,11.17],[44.92,11.17],[44.92,11.17],[44.92,11.17],[44.92,11.17],[44.91,11.17],[44.91,11.17],[44.91,11.17],[44.91,11.17],[44.91,11.17],[44.91,11.16],[44.91,11.16],[44.91,11.16],[44.91,11.16],[44.91,11.16],[44.91,11.16],[44.91,11.16],[44.91,11.16],[44.9,11.16],[44.9,11.16],[44.9,11.16],[44.9,11.16],[44.9,11.16],[44.9,11.16],[44.9,11.16],[44.9,11.15],[44.9,11.15],[44.9,11.15],[44.9,11.15],[44.9,11.15],[44.9,11.15],[44.89,11.15],[44.89,11.15],[44.89,11.15],[44.89,11.15],[44.89,11.15],[44.89,11.15],[44.89,11.15],[44.89,11.15],[44.89,11.14],[44.89,11.14],[44.89,11.14],[44.89,11.14],[44.88,11.14],[44.88,11.14],[44.88,11.14],[44.88,11.14],[44.88,11.14],[44.88,11.14],[44.88,11.13],[44.88,11.13],[44.87,11.13],[44.87,11.13],[44.87,11.13],[44.87,11.13],[44.87,11.13],[44.87,11.12],[44.87,11.12],[44.86,11.12],[44.86,11.12],[44.86,11.12],[44.86,11.12],[44.86,11.11],[44.86,11.11],[44.85,11.11],[44.85,11.11],[44.85,11.11],[44.85,11.11],[44.85,11.1],[44.85,11.1],[44.84,11.1],[44.84,11.1],[44.84,11.09],[44.83,11.08],[44.83,11.08],[44.82,11.08],[44.82,11.08],[44.82,11.08],[44.82,11.07],[44.82,11.07],[44.81,11.07],[44.81,11.07],[44.81,11.06],[44.81,11.06],[44.81,11.06],[44.81,11.06],[44.8,11.06],[44.8,11.06],[44.8,11.06],[44.8,11.06],[44.8,11.06],[44.8,11.06],[44.8,11.05],[44.8,11.05],[44.8,11.05],[44.8,11.05],[44.79,11.05],[44.79,11.05],[44.79,11.05],[44.79,11.05],[44.79,11.05],[44.79,11.04],[44.79,11.04],[44.79,11.04],[44.79,11.04],[44.79,11.04],[44.78,11.04],[44.78,11.04],[44.78,11.04],[44.78,11.04],[44.78,11.04],[44.78,11.04],[44.78,11.03],[44.78,11.03],[44.78,11.03],[44.78,11.03],[44.77,11.03],[44.77,11.03],[44.77,11.03],[44.77,11.03],[44.77,11.03],[44.77,11.03],[44.77,11.03],[44.77,11.02],[44.77,11.02],[44.77,11.02],[44.76,11.02],[44.76,11.02],[44.76,11.02],[44.76,11.02],[44.76,11.02],[44.76,11.02],[44.76,11.02],[44.76,11.02],[44.76,11.01],[44.75,11.01],[44.75,11.01],[44.75,11.01],[44.75,11.01],[44.75,11.01],[44.75,11.01],[44.75,11.01],[44.75,11.01],[44.75,11.01],[44.74,11.01],[44.74,11.01],[44.74,11.01],[44.74,11],[44.74,11],[44.74,11],[44.74,11],[44.74,11],[44.74,11],[44.74,11],[44.73,11],[44.73,11],[44.73,11],[44.73,11],[44.73,11],[44.73,11],[44.73,11],[44.73,10.99],[44.73,10.99],[44.73,10.99],[44.72,10.99],[44.72,10.99],[44.72,10.99],[44.72,10.99],[44.72,10.99],[44.72,10.99],[44.72,10.99],[44.72,10.99],[44.72,10.99],[44.71,10.99],[44.71,10.99],[44.71,10.99],[44.71,10.99],[44.71,10.99],[44.71,10.99],[44.71,10.98],[44.71,10.98],[44.71,10.98],[44.71,10.98],[44.7,10.98],[44.7,10.98],[44.7,10.98],[44.7,10.98],[44.7,10.98],[44.7,10.98],[44.7,10.98],[44.7,10.98],[44.7,10.98],[44.7,10.98],[44.7,10.98],[44.7,10.98],[44.69,10.98],[44.69,10.98],[44.69,10.98],[44.69,10.98],[44.69,10.98],[44.69,10.98],[44.69,10.98],[44.69,10.98],[44.69,10.98],[44.69,10.98],[44.69,10.98],[44.69,10.98],[44.69,10.98],[44.69,10.98],[44.69,10.98],[44.68,10.98],[44.68,10.98],[44.68,10.98],[44.68,10.98],[44.68,10.97],[44.68,10.97],[44.68,10.97],[44.68,10.97],[44.68,10.97],[44.68,10.97],[44.68,10.97],[44.68,10.97],[44.68,10.97],[44.68,10.97],[44.67,10.97],[44.67,10.97],[44.67,10.97],[44.67,10.97],[44.67,10.97],[44.67,10.97],[44.67,10.97],[44.67,10.97],[44.67,10.97],[44.67,10.97],[44.67,10.97],[44.67,10.97],[44.67,10.97],[44.67,10.97],[44.66,10.97],[44.66,10.97],[44.66,10.97],[44.66,10.97],[44.66,10.97],[44.66,10.97],[44.66,10.97],[44.66,10.97],[44.66,10.97],[44.66,10.97],[44.66,10.97],[44.66,10.97],[44.66,10.97],[44.66,10.97],[44.65,10.97],[44.65,10.97],[44.65,10.97],[44.65,10.97],[44.65,10.97],[44.65,10.97],[44.65,10.97],[44.65,10.97],[44.65,10.97],[44.65,10.97],[44.65,10.97],[44.65,10.97],[44.65,10.97],[44.64,10.97],[44.64,10.97],[44.64,10.97],[44.64,10.97],[44.64,10.97],[44.64,10.97],[44.64,10.97],[44.64,10.97],[44.64,10.97],[44.64,10.97],[44.64,10.97],[44.64,10.97],[44.63,10.97],[44.63,10.97],[44.63,10.97],[44.63,10.97],[44.63,10.97],[44.63,10.97],[44.63,10.97],[44.63,10.97],[44.63,10.97],[44.63,10.97],[44.63,10.97],[44.63,10.97],[44.63,10.97],[44.62,10.97],[44.62,10.97],[44.62,10.97],[44.62,10.97],[44.62,10.97],[44.62,10.97],[44.62,10.97],[44.62,10.97],[44.62,10.97],[44.62,10.97],[44.62,10.97],[44.61,10.97],[44.61,10.97],[44.61,10.97],[44.61,10.97],[44.61,10.97],[44.61,10.97],[44.61,10.97],[44.61,10.97],[44.61,10.97],[44.61,10.97],[44.61,10.97],[44.61,10.97],[44.6,10.97],[44.6,10.97],[44.6,10.97],[44.6,10.97],[44.6,10.97],[44.6,10.97],[44.6,10.97],[44.6,10.97],[44.6,10.97],[44.6,10.97],[44.6,10.97],[44.6,10.97],[44.59,10.97],[44.59,10.97],[44.59,10.97],[44.59,10.97],[44.59,10.97],[44.59,10.97],[44.59,10.97],[44.58,10.97],[44.58,10.97],[44.58,10.97],[44.58,10.97],[44.58,10.97],[44.57,10.97],[44.57,10.97],[44.57,10.97],[44.57,10.97],[44.57,10.97],[44.57,10.97],[44.56,10.97],[44.56,10.97],[44.56,10.97],[44.56,10.98],[44.56,10.98],[44.55,10.98],[44.55,10.98],[44.55,10.98],[44.55,10.98],[44.55,10.98],[44.54,10.98],[44.54,10.98],[44.54,10.98],[44.54,10.98],[44.54,10.98],[44.54,10.98],[44.53,10.98],[44.53,10.98],[44.53,10.98],[44.53,10.98],[44.53,10.98],[44.52,10.98],[44.52,10.98],[44.52,10.98],[44.52,10.98],[44.51,10.98],[44.51,10.98],[44.51,10.99],[44.51,10.99],[44.51,10.99],[44.5,10.99],[44.5,10.99],[44.5,10.99],[44.5,10.99],[44.5,10.99],[44.49,10.99],[44.49,10.99],[44.48,10.99],[44.47,11],[44.47,11],[44.46,11],[44.46,11],[44.46,11],[44.45,11],[44.45,11],[44.45,11],[44.44,11],[44.44,11],[44.44,11],[44.44,11],[44.44,11],[44.44,11],[44.43,11],[44.43,11],[44.43,11.01],[44.43,11.01],[44.43,11.01],[44.43,11.01],[44.42,11.01],[44.42,11.01],[44.42,11.01],[44.42,11.01],[44.42,11.01],[44.42,11.01],[44.41,11.01],[44.41,11.01],[44.41,11.01],[44.41,11.01],[44.41,11.01],[44.41,11.01],[44.4,11.01],[44.4,11.01],[44.4,11.01],[44.4,11.01],[44.4,11.01],[44.4,11.01],[44.39,11.01],[44.39,11.01],[44.39,11.01],[44.39,11.01],[44.39,11.01],[44.39,11.01],[44.39,11.01],[44.38,11.01],[44.38,11.01],[44.38,11.01],[44.38,11.02],[44.38,11.02],[44.38,11.02],[44.38,11.02],[44.37,11.02],[44.37,11.02],[44.37,11.02],[44.37,11.02],[44.37,11.02],[44.37,11.02],[44.36,11.02],[44.36,11.02],[44.36,11.02],[44.36,11.02],[44.36,11.02],[44.36,11.02],[44.35,11.02],[44.35,11.02],[44.35,11.02],[44.35,11.02],[44.35,11.02],[44.35,11.02],[44.34,11.02],[44.34,11.02],[44.34,11.02],[44.34,11.02],[44.34,11.02],[44.34,11.02],[44.34,11.02],[44.34,11.02],[44.34,11.02],[44.34,11.02],[44.33,11.02],[44.33,11.02],[44.33,11.02],[44.33,11.02],[44.33,11.02],[44.33,11.02],[44.33,11.02],[44.33,11.02],[44.33,11.02],[44.33,11.02],[44.33,11.02],[44.33,11.02],[44.33,11.02],[44.32,11.02],[44.32,11.02],[44.32,11.02],[44.32,11.02],[44.32,11.02],[44.32,11.02],[44.32,11.02],[44.32,11.02],[44.32,11.02],[44.32,11.02],[44.32,11.02],[44.32,11.02],[44.32,11.02],[44.31,11.02],[44.31,11.02],[44.31,11.02],[44.31,11.02],[44.31,11.02],[44.31,11.02],[44.31,11.02],[44.31,11.02],[44.31,11.02],[44.31,11.02],[44.31,11.02],[44.31,11.02],[44.31,11.02],[44.31,11.02],[44.3,11.02],[44.3,11.02],[44.3,11.02],[44.3,11.02],[44.3,11.02],[44.3,11.02],[44.3,11.02],[44.3,11.02],[44.3,11.02],[44.3,11.02],[44.3,11.02],[44.3,11.02],[44.3,11.02],[44.3,11.02],[44.29,11.02],[44.29,11.02],[44.29,11.02],[44.29,11.02],[44.29,11.02],[44.29,11.02],[44.29,11.02],[44.29,11.02],[44.29,11.02],[44.29,11.02],[44.29,11.02],[44.29,11.02],[44.29,11.02],[44.29,11.02],[44.28,11.02],[44.28,11.02],[44.28,11.02],[44.28,11.02],[44.28,11.02],[44.28,11.02],[44.28,11.02],[44.28,11.02],[44.28,11.02],[44.28,11.02],[44.28,11.02],[44.28,11.02],[44.28,11.02],[44.28,11.02],[44.27,11.02],[44.27,11.02],[44.27,11.02],[44.27,11.02],[44.27,11.02],[44.27,11.02],[44.27,11.01],[44.27,11.01],[44.27,11.01],[44.27,11.01],[44.26,11.01],[44.26,11.01],[44.26,11.01],[44.26,11.01],[44.26,11.01],[44.26,11.01],[44.26,11.01],[44.26,11.01],[44.26,11.01],[44.25,11.01],[44.25,11.01],[44.25,11.01],[44.25,11.01],[44.25,11.01],[44.25,11.01],[44.25,11.01],[44.25,11.01],[44.24,11.01],[44.24,11.01],[44.24,11.01],[44.24,11.01],[44.24,11.01],[44.24,11.01],[44.24,11.01],[44.24,11.01],[44.24,11],[44.23,11],[44.23,11],[44.23,11],[44.23,11],[44.23,11],[44.23,11],[44.23,11],[44.23,11],[44.23,11],[44.22,11],[44.22,11],[44.22,11],[44.22,11],[44.22,11],[44.21,11],[44.21,11],[44.21,10.99],[44.2,10.99],[44.2,10.99],[44.19,10.99],[44.19,10.99],[44.19,10.99],[44.19,10.99],[44.19,10.99],[44.19,10.99],[44.18,10.98],[44.18,10.98],[44.18,10.98],[44.18,10.98],[44.18,10.98],[44.18,10.98],[44.18,10.98],[44.17,10.98],[44.17,10.98],[44.17,10.98],[44.17,10.98],[44.17,10.98],[44.17,10.98],[44.16,10.98],[44.16,10.98],[44.16,10.98],[44.16,10.98],[44.16,10.98],[44.16,10.98],[44.16,10.98],[44.16,10.98],[44.16,10.98],[44.16,10.98],[44.16,10.98],[44.16,10.98],[44.16,10.97],[44.16,10.97],[44.15,10.97],[44.15,10.97],[44.15,10.97],[44.15,10.97],[44.15,10.97],[44.15,10.97],[44.15,10.97],[44.15,10.97],[44.15,10.97],[44.15,10.97],[44.15,10.97],[44.15,10.97],[44.15,10.97],[44.14,10.97],[44.14,10.97],[44.14,10.97],[44.14,10.97],[44.14,10.97],[44.14,10.97],[44.14,10.97],[44.14,10.97],[44.14,10.97],[44.14,10.97],[44.14,10.97],[44.14,10.97],[44.14,10.97],[44.13,10.97],[44.13,10.97],[44.13,10.97],[44.13,10.97],[44.13,10.97],[44.13,10.97],[44.13,10.97],[44.13,10.97],[44.13,10.97],[44.13,10.97],[44.13,10.97],[44.13,10.97],[44.13,10.97],[44.12,10.97],[44.12,10.97],[44.12,10.97],[44.12,10.97],[44.12,10.97],[44.12,10.97],[44.12,10.97],[44.12,10.97],[44.12,10.97],[44.12,10.97],[44.12,10.97],[44.12,10.97],[44.12,10.97],[44.12,10.97],[44.11,10.97],[44.11,10.97],[44.11,10.97],[44.11,10.97],[44.11,10.97],[44.11,10.97],[44.11,10.97],[44.11,10.97],[44.11,10.97],[44.11,10.97],[44.11,10.97],[44.11,10.97],[44.11,10.97],[44.11,10.97],[44.11,10.97],[44.1,10.97],[44.1,10.97],[44.1,10.97],[44.1,10.97],[44.1,10.97],[44.1,10.97],[44.1,10.97],[44.1,10.97],[44.1,10.97],[44.1,10.97],[44.1,10.97],[44.09,10.97],[44.09,10.97],[44.09,10.97],[44.09,10.97],[44.09,10.97],[44.09,10.97],[44.09,10.97],[44.09,10.97],[44.09,10.97],[44.09,10.97],[44.09,10.97],[44.08,10.97],[44.08,10.97],[44.08,10.97],[44.08,10.97],[44.08,10.97],[44.08,10.97],[44.08,10.97],[44.08,10.97],[44.08,10.97],[44.08,10.97],[44.08,10.97],[44.07,10.97],[44.07,10.97],[44.07,10.97],[44.07,10.97],[44.07,10.97],[44.07,10.97],[44.07,10.97],[44.07,10.97],[44.07,10.97],[44.07,10.97],[44.07,10.97],[44.06,10.97],[44.06,10.97],[44.06,10.97],[44.06,10.97],[44.06,10.97],[44.06,10.97],[44.06,10.98],[44.05,10.98],[44.05,10.98],[44.05,10.98],[44.04,10.98],[44.04,10.98],[44.04,10.98],[44.04,10.98],[44.04,10.98],[44.03,10.98],[44.03,10.98],[44.03,10.98],[44.03,10.98],[44.03,10.98],[44.03,10.98],[44.03,10.98],[44.03,10.98],[44.03,10.98],[44.02,10.98],[44.02,10.98],[44.02,10.98],[44.02,10.99],[44.02,10.99],[44.02,10.99],[44.02,10.99],[44.02,10.99],[44.02,10.99],[44.02,10.99],[44.01,10.99],[44.01,10.99],[44.01,10.99],[44.01,10.99],[44.01,10.99],[44.01,10.99],[44.01,10.99],[44.01,10.99],[44.01,10.99],[44.01,10.99],[44.01,10.99],[44,10.99],[44,10.99],[44,10.99],[44,10.99],[44,10.99],[44,10.99],[44,10.99],[44,10.99],[44,10.99],[44,10.99],[44,10.99],[43.99,10.99],[43.99,10.99],[43.99,10.99],[43.99,10.99],[43.99,10.99],[43.99,10.99],[43.99,10.99],[43.99,10.99],[43.99,10.99],[43.99,10.99],[43.99,10.99],[43.99,10.99],[43.99,10.99],[43.98,10.99],[43.98,10.99],[43.98,10.99],[43.98,10.99],[43.98,10.99],[43.98,10.99],[43.98,10.99],[43.98,10.99],[43.98,10.99],[43.98,10.99],[43.98,10.99],[43.98,10.99],[43.98,10.99],[43.98,10.99],[43.98,10.99],[43.97,10.99],[43.97,10.99],[43.97,10.99],[43.97,10.99],[43.97,10.99],[43.97,10.99],[43.97,10.99],[43.97,10.99],[43.97,10.99],[43.97,10.99],[43.97,10.99],[43.97,10.99],[43.97,10.99],[43.97,10.99],[43.97,10.99],[43.97,10.99],[43.96,10.99],[43.96,10.99],[43.96,10.99],[43.96,10.99],[43.96,10.99],[43.96,10.99],[43.96,10.99],[43.96,10.99],[43.96,10.99],[43.96,10.99],[43.96,10.99],[43.96,10.99],[43.96,10.99],[43.96,10.99],[43.95,10.99],[43.95,10.99],[43.95,10.99],[43.95,10.99],[43.95,10.99],[43.95,10.99],[43.95,10.99],[43.95,10.99],[43.95,10.99],[43.95,10.99],[43.95,10.99],[43.95,10.99],[43.95,10.99],[43.95,10.98],[43.94,10.98],[43.94,10.98],[43.94,10.98],[43.94,10.98],[43.94,10.98],[43.94,10.98],[43.94,10.98],[43.94,10.98],[43.94,10.98],[43.94,10.98],[43.93,10.98],[43.93,10.98],[43.93,10.98],[43.93,10.98],[43.93,10.98],[43.93,10.98],[43.93,10.98],[43.92,10.98],[43.92,10.98],[43.92,10.98],[43.92,10.98],[43.92,10.98],[43.92,10.98],[43.91,10.98],[43.91,10.98],[43.91,10.98],[43.91,10.98],[43.91,10.97],[43.91,10.97],[43.9,10.97],[43.9,10.97],[43.9,10.97],[43.9,10.97],[43.9,10.97],[43.89,10.97],[43.89,10.97],[43.88,10.97],[43.88,10.97],[43.88,10.97],[43.88,10.97],[43.88,10.96],[43.88,10.96],[43.88,10.96],[43.87,10.96],[43.87,10.96],[43.87,10.96],[43.87,10.96],[43.87,10.96],[43.87,10.96],[43.87,10.96],[43.87,10.96],[43.87,10.96],[43.87,10.96],[43.87,10.96],[43.87,10.96],[43.87,10.96],[43.87,10.96],[43.86,10.96],[43.86,10.96],[43.86,10.96],[43.86,10.96],[43.86,10.96],[43.86,10.96],[43.86,10.96],[43.86,10.96],[43.86,10.96],[43.86,10.96],[43.86,10.96],[43.86,10.96],[43.86,10.96],[43.85,10.96],[43.85,10.96],[43.85,10.96],[43.85,10.96],[43.85,10.95],[43.85,10.95],[43.85,10.95],[43.85,10.95],[43.85,10.95],[43.85,10.95],[43.85,10.95],[43.85,10.95],[43.85,10.95],[43.85,10.95],[43.84,10.95],[43.84,10.95],[43.84,10.95],[43.84,10.95],[43.84,10.95],[43.84,10.95],[43.84,10.95],[43.84,10.95],[43.84,10.95],[43.84,10.95],[43.84,10.95],[43.84,10.95],[43.84,10.95],[43.84,10.95],[43.83,10.95],[43.83,10.95],[43.83,10.94],[43.83,10.94],[43.83,10.94],[43.83,10.94],[43.83,10.94],[43.83,10.94],[43.83,10.94],[43.83,10.94],[43.83,10.94],[43.83,10.94],[43.83,10.94],[43.83,10.94],[43.82,10.94],[43.82,10.94],[43.82,10.94],[43.82,10.94],[43.82,10.94],[43.82,10.94],[43.82,10.94],[43.82,10.94],[43.82,10.94],[43.82,10.94],[43.82,10.93],[43.82,10.93],[43.82,10.93],[43.81,10.93],[43.81,10.93],[43.81,10.93],[43.81,10.93],[43.81,10.93],[43.81,10.93],[43.81,10.93],[43.81,10.93],[43.81,10.93],[43.81,10.93],[43.81,10.93],[43.81,10.93],[43.81,10.93],[43.81,10.93],[43.8,10.93],[43.8,10.93],[43.8,10.92],[43.8,10.92],[43.8,10.92],[43.8,10.92],[43.8,10.92],[43.8,10.92],[43.8,10.92],[43.8,10.92],[43.8,10.92],[43.8,10.92],[43.8,10.92],[43.8,10.92],[43.79,10.92],[43.79,10.92],[43.79,10.92],[43.79,10.92],[43.79,10.92],[43.79,10.91],[43.79,10.91],[43.79,10.91],[43.79,10.91],[43.79,10.91],[43.79,10.91],[43.79,10.91],[43.79,10.91],[43.79,10.91],[43.78,10.91],[43.78,10.91],[43.78,10.91],[43.78,10.91],[43.78,10.91],[43.78,10.91],[43.78,10.91],[43.78,10.9],[43.78,10.9],[43.78,10.9],[43.78,10.9],[43.78,10.9],[43.78,10.9],[43.77,10.9],[43.77,10.9],[43.77,10.9],[43.77,10.9],[43.77,10.9],[43.77,10.9],[43.77,10.9],[43.77,10.9],[43.77,10.89],[43.77,10.89],[43.77,10.89],[43.77,10.89],[43.77,10.89],[43.76,10.89],[43.76,10.89],[43.76,10.89],[43.76,10.89],[43.76,10.89],[43.76,10.89],[43.76,10.89],[43.76,10.89],[43.76,10.88],[43.76,10.88],[43.76,10.88],[43.76,10.88],[43.76,10.88],[43.75,10.88],[43.75,10.88],[43.75,10.88],[43.75,10.88],[43.75,10.88],[43.75,10.88],[43.75,10.88],[43.75,10.88],[43.75,10.87],[43.75,10.87],[43.75,10.87],[43.75,10.87],[43.74,10.87],[43.74,10.87],[43.74,10.87],[43.74,10.87],[43.74,10.87],[43.74,10.87],[43.74,10.87],[43.74,10.86],[43.74,10.86],[43.74,10.86],[43.74,10.86],[43.74,10.86],[43.73,10.86],[43.73,10.86],[43.73,10.86],[43.73,10.85],[43.73,10.85],[43.73,10.85],[43.72,10.85],[43.72,10.85],[43.72,10.84],[43.72,10.84],[43.72,10.84],[43.72,10.84],[43.71,10.84],[43.71,10.83],[43.71,10.83],[43.71,10.83],[43.71,10.83],[43.71,10.83],[43.7,10.82],[43.7,10.82],[43.7,10.82],[43.7,10.82],[43.7,10.82],[43.7,10.81],[43.69,10.81],[43.69,10.81],[43.69,10.81],[43.69,10.8],[43.68,10.8],[43.67,10.79],[43.67,10.78],[43.67,10.78],[43.67,10.78],[43.66,10.77],[43.66,10.77],[43.66,10.77],[43.66,10.77],[43.65,10.76],[43.65,10.76],[43.65,10.76],[43.65,10.76],[43.65,10.76],[43.65,10.76],[43.65,10.75],[43.65,10.75],[43.64,10.75],[43.64,10.75],[43.64,10.75],[43.64,10.75],[43.64,10.74],[43.64,10.74],[43.64,10.74],[43.63,10.74],[43.63,10.74],[43.63,10.74],[43.63,10.74],[43.63,10.73],[43.63,10.73],[43.63,10.73],[43.62,10.73],[43.62,10.73],[43.62,10.73],[43.62,10.72],[43.62,10.72],[43.62,10.72],[43.62,10.72],[43.61,10.72],[43.61,10.72],[43.61,10.71],[43.61,10.71],[43.61,10.71],[43.61,10.71],[43.61,10.71],[43.6,10.71],[43.6,10.71],[43.6,10.7],[43.6,10.7],[43.6,10.7],[43.6,10.7],[43.6,10.7],[43.6,10.7],[43.59,10.7],[43.59,10.7],[43.59,10.69],[43.59,10.69],[43.59,10.69],[43.59,10.69],[43.59,10.69],[43.59,10.69],[43.59,10.69],[43.59,10.69],[43.58,10.69],[43.58,10.69],[43.58,10.69],[43.58,10.69],[43.58,10.69],[43.58,10.68],[43.58,10.68],[43.58,10.68],[43.58,10.68],[43.58,10.68],[43.58,10.68],[43.58,10.68],[43.57,10.68],[43.57,10.68],[43.57,10.68],[43.57,10.68],[43.57,10.68],[43.57,10.68],[43.57,10.68],[43.57,10.68],[43.57,10.67],[43.57,10.67],[43.57,10.67],[43.57,10.67],[43.57,10.67],[43.56,10.67],[43.56,10.67],[43.56,10.67],[43.56,10.67],[43.56,10.67],[43.56,10.67],[43.56,10.67],[43.56,10.67],[43.56,10.67],[43.56,10.67],[43.56,10.67],[43.56,10.66],[43.55,10.66],[43.55,10.66],[43.55,10.66],[43.55,10.66],[43.55,10.66],[43.55,10.66],[43.55,10.66],[43.55,10.66],[43.55,10.66],[43.55,10.66],[43.55,10.66],[43.55,10.66],[43.55,10.66],[43.54,10.66],[43.54,10.66],[43.54,10.66],[43.54,10.66],[43.54,10.65],[43.54,10.65],[43.54,10.65],[43.54,10.65],[43.54,10.65],[43.54,10.65],[43.54,10.65],[43.54,10.65],[43.53,10.65],[43.53,10.65],[43.53,10.65],[43.53,10.65],[43.53,10.65],[43.53,10.65],[43.53,10.65],[43.53,10.65],[43.53,10.65],[43.53,10.65],[43.53,10.65],[43.53,10.65],[43.53,10.64],[43.52,10.64],[43.52,10.64],[43.52,10.64],[43.52,10.64],[43.52,10.64],[43.52,10.64],[43.52,10.64],[43.52,10.64],[43.52,10.64],[43.52,10.64],[43.52,10.64],[43.52,10.64],[43.51,10.64],[43.51,10.64],[43.51,10.64],[43.51,10.64],[43.51,10.64],[43.51,10.64],[43.51,10.64],[43.51,10.64],[43.51,10.64],[43.51,10.64],[43.51,10.64],[43.51,10.64],[43.51,10.64],[43.5,10.63],[43.5,10.63],[43.5,10.63],[43.5,10.63],[43.5,10.63],[43.5,10.63],[43.5,10.63],[43.5,10.63],[43.5,10.63],[43.5,10.63],[43.5,10.63],[43.5,10.63],[43.49,10.63],[43.49,10.63],[43.49,10.63],[43.49,10.63],[43.49,10.63],[43.49,10.63],[43.49,10.63],[43.49,10.63],[43.49,10.63],[43.49,10.63],[43.49,10.63],[43.49,10.63],[43.48,10.63],[43.48,10.63],[43.48,10.63],[43.48,10.63],[43.48,10.63],[43.48,10.63],[43.48,10.63],[43.48,10.63],[43.48,10.63],[43.48,10.63],[43.47,10.63],[43.47,10.62],[43.47,10.62],[43.47,10.62],[43.47,10.62],[43.47,10.62],[43.47,10.62],[43.47,10.62],[43.47,10.62],[43.47,10.62],[43.46,10.62],[43.46,10.62],[43.46,10.62],[43.46,10.62],[43.46,10.62],[43.46,10.62],[43.46,10.62],[43.46,10.62],[43.46,10.62],[43.46,10.62],[43.45,10.62],[43.45,10.62],[43.45,10.62],[43.45,10.62],[43.45,10.62],[43.45,10.62],[43.45,10.62],[43.45,10.62],[43.45,10.62],[43.44,10.62],[43.44,10.62],[43.44,10.62],[43.44,10.62],[43.44,10.62],[43.44,10.62],[43.44,10.62],[43.44,10.62],[43.44,10.62],[43.43,10.62],[43.43,10.62],[43.43,10.62],[43.43,10.62],[43.43,10.62],[43.43,10.62],[43.43,10.62],[43.43,10.62],[43.42,10.62],[43.42,10.62],[43.42,10.62],[43.42,10.62],[43.42,10.62],[43.42,10.62],[43.42,10.62],[43.42,10.62],[43.42,10.62],[43.41,10.62],[43.41,10.62],[43.41,10.62],[43.41,10.62],[43.41,10.62],[43.41,10.62],[43.41,10.62],[43.41,10.62],[43.41,10.62],[43.4,10.62],[43.4,10.62],[43.4,10.62],[43.4,10.62],[43.4,10.62],[43.4,10.62],[43.4,10.62],[43.4,10.62],[43.4,10.62],[43.39,10.62],[43.39,10.62],[43.39,10.62],[43.39,10.62],[43.39,10.62],[43.39,10.62],[43.39,10.62],[43.39,10.62],[43.38,10.62],[43.38,10.62],[43.38,10.62],[43.38,10.62],[43.38,10.62],[43.37,10.62],[43.37,10.62],[43.37,10.62],[43.37,10.62],[43.36,10.62],[43.36,10.62],[43.36,10.62],[43.36,10.62],[43.36,10.62],[43.35,10.62],[43.34,10.62],[43.34,10.62],[43.33,10.62],[43.33,10.62],[43.33,10.62],[43.32,10.62],[43.32,10.62],[43.32,10.62],[43.32,10.62],[43.31,10.62],[43.31,10.62],[43.31,10.62],[43.31,10.62],[43.31,10.62],[43.31,10.62],[43.31,10.62],[43.3,10.62],[43.3,10.62],[43.3,10.62],[43.3,10.62],[43.3,10.62],[43.3,10.62],[43.3,10.62],[43.3,10.62],[43.29,10.62],[43.29,10.62],[43.29,10.62],[43.29,10.62],[43.29,10.62],[43.29,10.62],[43.28,10.62],[43.28,10.62],[43.28,10.62],[43.28,10.62],[43.28,10.62],[43.28,10.62],[43.28,10.62],[43.28,10.62],[43.27,10.62],[43.27,10.62],[43.27,10.62],[43.27,10.62],[43.27,10.62],[43.27,10.62],[43.27,10.62],[43.27,10.62],[43.26,10.62],[43.26,10.62],[43.26,10.62],[43.26,10.62],[43.26,10.62],[43.26,10.62],[43.26,10.62],[43.26,10.62],[43.25,10.62],[43.25,10.62],[43.25,10.62],[43.25,10.62],[43.25,10.62],[43.25,10.62],[43.25,10.62],[43.25,10.62],[43.24,10.62],[43.24,10.62],[43.24,10.62],[43.24,10.62],[43.24,10.62],[43.24,10.62],[43.24,10.62],[43.24,10.62],[43.24,10.62],[43.23,10.62],[43.23,10.62],[43.23,10.62],[43.23,10.62],[43.23,10.62],[43.23,10.62],[43.23,10.62],[43.23,10.61],[43.23,10.61],[43.22,10.61],[43.22,10.61],[43.22,10.61],[43.22,10.61],[43.22,10.61],[43.22,10.61],[43.22,10.61],[43.22,10.61],[43.22,10.61],[43.21,10.61],[43.21,10.61],[43.21,10.61],[43.21,10.61],[43.21,10.61],[43.21,10.61],[43.21,10.61],[43.21,10.61],[43.21,10.61],[43.2,10.61],[43.2,10.61],[43.2,10.61],[43.2,10.61],[43.2,10.61],[43.2,10.61],[43.2,10.61],[43.2,10.61],[43.2,10.61],[43.2,10.61],[43.2,10.61],[43.19,10.61],[43.19,10.61],[43.19,10.61],[43.19,10.61],[43.19,10.6],[43.19,10.6],[43.19,10.6],[43.19,10.6],[43.19,10.6],[43.19,10.6],[43.18,10.6],[43.18,10.6],[43.18,10.6],[43.18,10.6],[43.18,10.6],[43.18,10.6],[43.18,10.6],[43.18,10.6],[43.18,10.6],[43.18,10.6],[43.18,10.6],[43.18,10.6],[43.18,10.6],[43.18,10.6],[43.18,10.6],[43.17,10.6],[43.17,10.6],[43.17,10.6],[43.17,10.6],[43.17,10.6],[43.17,10.6],[43.17,10.6],[43.17,10.6],[43.17,10.6],[43.17,10.59],[43.17,10.59],[43.17,10.59],[43.17,10.59],[43.17,10.59],[43.16,10.59],[43.16,10.59],[43.16,10.59],[43.16,10.59],[43.16,10.59],[43.16,10.59],[43.16,10.59],[43.16,10.59],[43.16,10.59],[43.16,10.59],[43.15,10.59],[43.15,10.58],[43.15,10.58],[43.15,10.58],[43.15,10.58],[43.15,10.58],[43.15,10.58],[43.14,10.58],[43.14,10.58],[43.14,10.58],[43.14,10.57],[43.13,10.57],[43.13,10.57],[43.13,10.57],[43.13,10.57],[43.13,10.57],[43.13,10.57],[43.13,10.57],[43.13,10.57],[43.12,10.57],[43.12,10.57],[43.12,10.57],[43.12,10.57],[43.12,10.57],[43.12,10.56],[43.12,10.56],[43.12,10.56],[43.12,10.56],[43.12,10.56],[43.12,10.56],[43.12,10.56],[43.12,10.56],[43.11,10.56],[43.11,10.56],[43.11,10.56],[43.11,10.56],[43.11,10.56],[43.11,10.56],[43.11,10.56],[43.11,10.56],[43.11,10.56],[43.11,10.56],[43.11,10.56],[43.11,10.56],[43.1,10.56],[43.1,10.56],[43.1,10.56],[43.1,10.56],[43.1,10.55],[43.1,10.55],[43.1,10.55],[43.1,10.55],[43.1,10.55],[43.1,10.55],[43.1,10.55],[43.1,10.55],[43.1,10.55],[43.09,10.55],[43.09,10.55],[43.09,10.55],[43.09,10.55],[43.09,10.55],[43.09,10.55],[43.09,10.55],[43.09,10.55],[43.09,10.55],[43.09,10.55],[43.09,10.55],[43.09,10.55],[43.09,10.55],[43.09,10.55],[43.09,10.55],[43.09,10.55],[43.09,10.55],[43.08,10.55],[43.08,10.55],[43.08,10.55],[43.08,10.55],[43.08,10.55],[43.08,10.55],[43.08,10.55],[43.08,10.55],[43.08,10.55],[43.08,10.55],[43.08,10.55],[43.08,10.55],[43.08,10.55],[43.08,10.55],[43.08,10.55],[43.08,10.55],[43.08,10.55],[43.08,10.55],[43.08,10.55],[43.08,10.55],[43.08,10.55],[43.07,10.55],[43.07,10.55],[43.07,10.55],[43.07,10.55],[43.07,10.55],[43.07,10.55],[43.07,10.55],[43.07,10.55],[43.07,10.55],[43.07,10.55],[43.07,10.54],[43.07,10.54],[43.07,10.54],[43.07,10.54],[43.07,10.54],[43.07,10.54],[43.07,10.54],[43.07,10.54],[43.06,10.54],[43.06,10.54],[43.06,10.54],[43.06,10.54],[43.06,10.54],[43.06,10.54],[43.06,10.54],[43.06,10.54],[43.06,10.54],[43.06,10.54],[43.06,10.54],[43.06,10.54],[43.06,10.54],[43.06,10.54],[43.06,10.54],[43.06,10.54],[43.06,10.54],[43.05,10.54],[43.05,10.54],[43.05,10.54],[43.05,10.54],[43.05,10.54],[43.05,10.54],[43.05,10.54],[43.05,10.54],[43.05,10.54],[43.04,10.54],[43.04,10.54],[43.04,10.54],[43.04,10.54],[43.04,10.54],[43.04,10.54],[43.04,10.54],[43.04,10.54],[43.04,10.54],[43.03,10.54],[43.03,10.54],[43.03,10.54],[43.03,10.54],[43.03,10.54],[43.03,10.54],[43.03,10.54],[43.02,10.54],[43.02,10.54],[43.02,10.54],[43.01,10.54],[43.01,10.54],[43.01,10.54],[43.01,10.54],[43.01,10.54],[43.01,10.54],[43,10.54],[43,10.54],[43,10.54],[43,10.54],[43,10.54],[43,10.54],[43,10.54],[43,10.54],[42.99,10.54],[42.99,10.54],[42.99,10.54],[42.99,10.54],[42.99,10.54],[42.99,10.54],[42.99,10.54],[42.99,10.54],[42.98,10.54],[42.98,10.54],[42.98,10.54],[42.98,10.54],[42.98,10.54],[42.98,10.54],[42.98,10.54],[42.98,10.54],[42.98,10.54],[42.98,10.54],[42.97,10.54],[42.97,10.54],[42.97,10.54],[42.97,10.54],[42.97,10.54],[42.97,10.54],[42.97,10.54],[42.97,10.54],[42.97,10.54],[42.97,10.54],[42.97,10.54],[42.97,10.54],[42.97,10.54],[42.97,10.54],[42.97,10.54],[42.97,10.54],[42.97,10.54],[42.97,10.54],[42.97,10.54],[42.97,10.54],[42.96,10.54],[42.96,10.54],[42.96,10.54],[42.96,10.54],[42.96,10.54],[42.96,10.54],[42.96,10.54],[42.96,10.54],[42.96,10.54],[42.96,10.54],[42.96,10.54],[42.96,10.54],[42.96,10.54],[42.96,10.54],[42.96,10.54],[42.96,10.54],[42.96,10.54],[42.96,10.54],[42.96,10.54],[42.96,10.54],[42.96,10.54],[42.95,10.54],[42.95,10.54],[42.95,10.54],[42.95,10.54],[42.95,10.54],[42.95,10.54],[42.95,10.54],[42.95,10.54],[42.95,10.54],[42.95,10.54],[42.95,10.54],[42.95,10.54],[42.95,10.54],[42.95,10.54],[42.95,10.54],[42.95,10.54],[42.95,10.54],[42.95,10.54],[42.95,10.54],[42.95,10.54],[42.95,10.54],[42.95,10.54],[42.94,10.54],[42.94,10.54],[42.94,10.53],[42.94,10.53],[42.94,10.53],[42.94,10.53],[42.94,10.53],[42.94,10.53],[42.94,10.53],[42.94,10.53],[42.94,10.53],[42.94,10.53],[42.94,10.53],[42.94,10.53],[42.93,10.53],[42.93,10.53],[42.93,10.53],[42.93,10.53],[42.93,10.53],[42.93,10.53],[42.93,10.53],[42.93,10.53],[42.93,10.53],[42.93,10.53],[42.93,10.53],[42.93,10.53],[42.93,10.53],[42.92,10.53],[42.92,10.52],[42.92,10.52],[42.92,10.52],[42.92,10.52],[42.92,10.52],[42.92,10.52],[42.92,10.52],[42.92,10.52],[42.92,10.52],[42.92,10.52],[42.92,10.52],[42.92,10.52],[42.92,10.52],[42.91,10.52],[42.91,10.52],[42.91,10.52],[42.91,10.52],[42.91,10.52],[42.91,10.52],[42.91,10.51],[42.91,10.51],[42.91,10.51],[42.9,10.51],[42.9,10.51],[42.9,10.51],[42.9,10.51],[42.89,10.5],[42.89,10.5],[42.89,10.5],[42.89,10.5],[42.89,10.5],[42.89,10.5],[42.89,10.5],[42.89,10.5],[42.88,10.5],[42.88,10.5],[42.88,10.5],[42.88,10.49],[42.88,10.49],[42.88,10.49],[42.88,10.49],[42.88,10.49],[42.88,10.49],[42.88,10.49],[42.88,10.49],[42.87,10.49],[42.87,10.49],[42.87,10.49],[42.87,10.49],[42.87,10.49],[42.87,10.49],[42.87,10.49],[42.87,10.49],[42.87,10.49],[42.87,10.49],[42.87,10.49],[42.87,10.49],[42.87,10.49],[42.87,10.49],[42.87,10.49],[42.87,10.49],[42.87,10.49],[42.86,10.49],[42.86,10.48],[42.86,10.48],[42.86,10.48],[42.86,10.48],[42.86,10.48],[42.86,10.48],[42.86,10.48],[42.86,10.48],[42.86,10.48],[42.86,10.48],[42.86,10.48],[42.86,10.48],[42.86,10.48],[42.85,10.48],[42.85,10.48],[42.85,10.48],[42.85,10.48],[42.85,10.48],[42.85,10.48],[42.85,10.48],[42.85,10.48],[42.85,10.48],[42.85,10.48],[42.85,10.48],[42.85,10.48],[42.84,10.48],[42.84,10.48],[42.84,10.48],[42.84,10.48],[42.84,10.47],[42.84,10.47],[42.84,10.47],[42.84,10.47],[42.84,10.47],[42.84,10.47],[42.84,10.47],[42.84,10.47],[42.83,10.47],[42.83,10.47],[42.83,10.47],[42.83,10.47],[42.83,10.47],[42.83,10.47],[42.83,10.47],[42.83,10.47],[42.83,10.47],[42.83,10.47],[42.83,10.47],[42.82,10.47],[42.82,10.47],[42.82,10.47],[42.82,10.47],[42.82,10.47],[42.82,10.47],[42.82,10.47],[42.82,10.47],[42.82,10.47],[42.82,10.47],[42.82,10.47],[42.81,10.47],[42.81,10.47],[42.81,10.47],[42.81,10.47],[42.81,10.47],[42.81,10.47],[42.81,10.47],[42.81,10.46],[42.81,10.46],[42.81,10.46],[42.81,10.46],[42.8,10.46],[42.8,10.46],[42.8,10.46],[42.8,10.46],[42.8,10.46],[42.8,10.46],[42.8,10.46],[42.8,10.46],[42.8,10.46],[42.8,10.46],[42.79,10.46],[42.79,10.46],[42.79,10.46],[42.79,10.46],[42.79,10.46],[42.79,10.46],[42.79,10.46],[42.79,10.46],[42.79,10.46],[42.79,10.46],[42.79,10.46],[42.78,10.46],[42.78,10.46],[42.78,10.46],[42.78,10.46],[42.78,10.46],[42.78,10.46],[42.78,10.46],[42.78,10.46],[42.78,10.46],[42.77,10.46],[42.77,10.46],[42.77,10.46],[42.77,10.46],[42.77,10.46],[42.77,10.46],[42.77,10.46],[42.77,10.46],[42.77,10.46],[42.77,10.46],[42.76,10.46],[42.76,10.46],[42.76,10.46],[42.76,10.46],[42.76,10.46],[42.76,10.46],[42.76,10.46],[42.76,10.46],[42.76,10.46],[42.75,10.46],[42.75,10.46],[42.75,10.46],[42.75,10.46],[42.75,10.46],[42.75,10.46],[42.75,10.46],[42.75,10.46],[42.75,10.46],[42.74,10.46],[42.74,10.46],[42.74,10.46],[42.74,10.46],[42.74,10.46],[42.74,10.46],[42.74,10.46],[42.74,10.46],[42.74,10.46],[42.74,10.46],[42.73,10.46],[42.73,10.46],[42.73,10.46],[42.73,10.46],[42.73,10.46],[42.73,10.46],[42.73,10.46],[42.73,10.46],[42.73,10.46],[42.73,10.46],[42.72,10.46],[42.72,10.46],[42.72,10.46],[42.72,10.46],[42.72,10.46],[42.72,10.46],[42.72,10.46],[42.71,10.46],[42.71,10.46],[42.71,10.46],[42.71,10.46],[42.71,10.46],[42.7,10.46],[42.7,10.46],[42.7,10.46],[42.7,10.46],[42.7,10.46],[42.69,10.46],[42.69,10.46],[42.69,10.46],[42.69,10.46],[42.68,10.46],[42.68,10.46],[42.68,10.46],[42.68,10.46],[42.68,10.46],[42.67,10.46],[42.67,10.46],[42.67,10.46],[42.67,10.46],[42.66,10.46],[42.66,10.46],[42.66,10.46],[42.66,10.46],[42.66,10.46],[42.65,10.46],[42.65,10.46],[42.65,10.46],[42.65,10.46],[42.65,10.46],[42.64,10.46],[42.64,10.46],[42.64,10.47],[42.64,10.47],[42.63,10.47],[42.63,10.47],[42.63,10.47],[42.63,10.47],[42.62,10.47],[42.62,10.47],[42.61,10.47],[42.61,10.47],[42.61,10.47],[42.59,10.47],[42.59,10.47],[42.58,10.47],[42.58,10.47],[42.58,10.47],[42.58,10.47],[42.57,10.47],[42.57,10.47],[42.57,10.47],[42.56,10.48],[42.56,10.48],[42.56,10.48],[42.55,10.48],[42.55,10.48],[42.55,10.48],[42.55,10.48],[42.54,10.48],[42.54,10.48],[42.54,10.48],[42.54,10.48],[42.54,10.48],[42.54,10.48],[42.53,10.48],[42.53,10.48],[42.53,10.48],[42.53,10.48],[42.53,10.48],[42.53,10.48],[42.53,10.48],[42.52,10.48],[42.52,10.48],[42.52,10.48],[42.52,10.48],[42.52,10.48],[42.52,10.48],[42.52,10.48],[42.52,10.48],[42.51,10.48],[42.51,10.48],[42.51,10.48],[42.51,10.48],[42.51,10.48],[42.51,10.48],[42.51,10.48],[42.5,10.48],[42.5,10.48],[42.5,10.48],[42.5,10.48],[42.5,10.48],[42.5,10.48],[42.5,10.48],[42.49,10.48],[42.49,10.48],[42.49,10.48],[42.49,10.48],[42.49,10.48],[42.49,10.48],[42.49,10.48],[42.49,10.48],[42.48,10.48],[42.48,10.48],[42.48,10.48],[42.48,10.48],[42.48,10.48],[42.48,10.48],[42.48,10.48],[42.47,10.48],[42.47,10.48],[42.47,10.48],[42.47,10.48],[42.47,10.48],[42.47,10.48],[42.47,10.48],[42.47,10.48],[42.46,10.48],[42.46,10.48],[42.46,10.48],[42.46,10.48],[42.46,10.48],[42.46,10.48],[42.46,10.48],[42.46,10.48],[42.45,10.48],[42.45,10.48],[42.45,10.48],[42.45,10.48],[42.45,10.48],[42.45,10.48],[42.45,10.48],[42.45,10.48],[42.44,10.48],[42.44,10.48],[42.44,10.48],[42.44,10.48],[42.44,10.48],[42.44,10.48],[42.44,10.48],[42.44,10.48],[42.44,10.48],[42.43,10.48],[42.43,10.48],[42.43,10.48],[42.43,10.48],[42.43,10.48],[42.43,10.48],[42.43,10.48],[42.43,10.48],[42.42,10.48],[42.42,10.48],[42.42,10.48],[42.42,10.48],[42.42,10.48],[42.41,10.48],[42.41,10.48],[42.41,10.48],[42.41,10.48],[42.41,10.48],[42.4,10.48],[42.4,10.48],[42.4,10.48],[42.4,10.48],[42.4,10.48],[42.39,10.48],[42.39,10.48],[42.39,10.48],[42.39,10.48],[42.38,10.48],[42.38,10.48],[42.38,10.48],[42.38,10.48],[42.38,10.48],[42.37,10.47],[42.37,10.47],[42.37,10.47],[42.37,10.47],[42.36,10.47],[42.36,10.47],[42.36,10.47],[42.36,10.47],[42.35,10.47],[42.35,10.47],[42.35,10.47],[42.35,10.47],[42.35,10.47],[42.34,10.47],[42.34,10.47],[42.34,10.47],[42.34,10.47],[42.34,10.47],[42.33,10.47],[42.33,10.47],[42.33,10.47],[42.33,10.47],[42.32,10.47],[42.32,10.47],[42.32,10.47],[42.31,10.46],[42.31,10.46],[42.3,10.46],[42.3,10.46],[42.3,10.46],[42.28,10.46],[42.27,10.46],[42.27,10.46],[42.26,10.46],[42.26,10.45],[42.26,10.45],[42.25,10.45],[42.25,10.45],[42.25,10.45],[42.25,10.45],[42.24,10.45],[42.24,10.45],[42.24,10.45],[42.24,10.45],[42.23,10.45],[42.23,10.45],[42.23,10.45],[42.23,10.45],[42.22,10.45],[42.22,10.45],[42.22,10.45],[42.22,10.45],[42.21,10.45],[42.21,10.45],[42.21,10.45],[42.21,10.45],[42.2,10.44],[42.2,10.44],[42.2,10.44],[42.2,10.44],[42.19,10.44],[42.19,10.44],[42.19,10.44],[42.19,10.44],[42.19,10.44],[42.18,10.44],[42.18,10.44],[42.18,10.44],[42.18,10.44],[42.17,10.44],[42.17,10.44],[42.17,10.44],[42.17,10.44],[42.17,10.44],[42.16,10.44],[42.16,10.44],[42.16,10.44],[42.16,10.44],[42.15,10.44],[42.15,10.44],[42.15,10.44],[42.15,10.44],[42.15,10.44],[42.14,10.44],[42.14,10.44],[42.14,10.44],[42.14,10.44],[42.14,10.44],[42.13,10.44],[42.13,10.44],[42.13,10.44],[42.13,10.44],[42.12,10.44],[42.12,10.44],[42.12,10.44],[42.11,10.44],[42.11,10.44],[42.11,10.43],[42.1,10.43],[42.1,10.43],[42.1,10.43],[42.1,10.43],[42.09,10.43],[42.09,10.43],[42.09,10.43],[42.08,10.43],[42.08,10.43],[42.08,10.43],[42.07,10.43],[42.07,10.43],[42.07,10.43],[42.06,10.43],[42.06,10.43],[42.06,10.43],[42.06,10.43],[42.05,10.43],[42.05,10.43],[42.05,10.43],[42.04,10.43],[42.04,10.43],[42.04,10.43],[42.03,10.43],[42.03,10.43],[42.03,10.43],[42.02,10.43],[42.02,10.43],[42.02,10.43],[42.02,10.43],[42.01,10.43],[42.01,10.43],[42.01,10.43],[42,10.43],[42,10.43],[42,10.43],[41.99,10.43],[41.99,10.43],[41.99,10.43],[41.98,10.43],[41.98,10.43],[41.98,10.43],[41.98,10.43],[41.97,10.43],[41.97,10.43],[41.97,10.43],[41.96,10.43],[41.96,10.43],[41.96,10.43],[41.95,10.43],[41.95,10.43],[41.95,10.43],[41.94,10.43],[41.94,10.43],[41.94,10.43],[41.94,10.43],[41.93,10.43],[41.93,10.43],[41.93,10.43],[41.92,10.43],[41.92,10.43],[41.92,10.43],[41.91,10.43],[41.91,10.44],[41.91,10.44],[41.9,10.44],[41.9,10.44],[41.9,10.44],[41.89,10.44],[41.89,10.44],[41.89,10.44],[41.89,10.44],[41.88,10.44],[41.88,10.44],[41.88,10.44],[41.87,10.44],[41.87,10.44],[41.87,10.44],[41.86,10.44],[41.86,10.44],[41.86,10.44],[41.85,10.44],[41.85,10.44],[41.85,10.44],[41.85,10.44],[41.8,10.71]]]}},{"type":"Feature","properties":{"ma":10,"type":"gpml:TopologicalNetwork","name":"Inactive_AFRICA_ARABIA_MESH_2","pid":701,"deforming":true},"geometry":{"type":"Polygon","coordinates":[[[41.17,8.41],[41.14,8.57],[41.12,8.75],[41.08,9.08],[41.07,9.21],[41.06,9.27],[41.06,9.27],[41.09,9.24],[41.09,9.24],[41.09,9.23],[41.09,9.23],[41.09,9.23],[41.09,9.23],[41.09,9.23],[41.09,9.23],[41.09,9.23],[41.09,9.23],[41.09,9.23],[41.1,9.23],[41.1,9.23],[41.1,9.22],[41.1,9.22],[41.1,9.22],[41.1,9.22],[41.1,9.22],[41.1,9.22],[41.1,9.22],[41.1,9.22],[41.1,9.22],[41.1,9.22],[41.1,9.22],[41.1,9.22],[41.1,9.21],[41.1,9.21],[41.1,9.21],[41.1,9.21],[41.11,9.21],[41.11,9.21],[41.11,9.21],[41.11,9.21],[41.11,9.21],[41.11,9.21],[41.11,9.21],[41.11,9.21],[41.11,9.2],[41.11,9.2],[41.11,9.2],[41.11,9.2],[41.11,9.2],[41.11,9.2],[41.11,9.2],[41.11,9.2],[41.11,9.2],[41.12,9.2],[41.12,9.2],[41.12,9.2],[41.12,9.2],[41.12,9.19],[41.12,9.19],[41.12,9.19],[41.12,9.19],[41.12,9.19],[41.12,9.19],[41.12,9.19],[41.12,9.19],[41.12,9.19],[41.12,9.19],[41.12,9.19],[41.12,9.19],[41.13,9.19],[41.13,9.18],[41.13,9.18],[41.13,9.18],[41.13,9.18],[41.13,9.18],[41.13,9.18],[41.13,9.18],[41.13,9.18],[41.13,9.18],[41.13,9.18],[41.13,9.18],[41.13,9.18],[41.13,9.18],[41.13,9.17],[41.13,9.17],[41.14,9.17],[41.14,9.17],[41.14,9.17],[41.14,9.17],[41.14,9.17],[41.14,9.17],[41.14,9.17],[41.14,9.17],[41.14,9.17],[41.14,9.17],[41.14,9.17],[41.14,9.16],[41.14,9.16],[41.14,9.16],[41.14,9.16],[41.15,9.16],[41.15,9.16],[41.15,9.16],[41.15,9.16],[41.15,9.16],[41.15,9.16],[41.15,9.16],[41.15,9.16],[41.15,9.16],[41.15,9.16],[41.15,9.16],[41.15,9.15],[41.15,9.15],[41.15,9.15],[41.15,9.15],[41.16,9.15],[41.16,9.15],[41.16,9.15],[41.16,9.15],[41.16,9.15],[41.16,9.15],[41.16,9.15],[41.16,9.15],[41.16,9.15],[41.16,9.15],[41.16,9.14],[41.16,9.14],[41.16,9.14],[41.16,9.14],[41.17,9.14],[41.17,9.14],[41.17,9.14],[41.17,9.14],[41.17,9.14],[41.17,9.14],[41.17,9.14],[41.17,9.14],[41.17,9.14],[41.17,9.14],[41.17,9.13],[41.17,9.13],[41.17,9.13],[41.18,9.13],[41.18,9.13],[41.18,9.13],[41.18,9.13],[41.18,9.13],[41.18,9.13],[41.18,9.13],[41.18,9.13],[41.18,9.13],[41.18,9.13],[41.18,9.13],[41.19,9.12],[41.19,9.12],[41.19,9.12],[41.19,9.12],[41.19,9.12],[41.19,9.12],[41.19,9.12],[41.19,9.12],[41.19,9.12],[41.19,9.12],[41.19,9.12],[41.2,9.12],[41.2,9.12],[41.2,9.12],[41.2,9.11],[41.2,9.11],[41.2,9.11],[41.2,9.11],[41.2,9.11],[41.2,9.11],[41.2,9.11],[41.2,9.11],[41.21,9.11],[41.21,9.11],[41.21,9.11],[41.21,9.11],[41.21,9.11],[41.21,9.11],[41.21,9.1],[41.21,9.1],[41.21,9.1],[41.21,9.1],[41.21,9.1],[41.22,9.1],[41.22,9.1],[41.22,9.1],[41.22,9.1],[41.22,9.1],[41.22,9.1],[41.22,9.1],[41.22,9.1],[41.22,9.1],[41.22,9.1],[41.22,9.1],[41.23,9.09],[41.23,9.09],[41.23,9.09],[41.23,9.09],[41.23,9.09],[41.23,9.09],[41.23,9.09],[41.23,9.09],[41.23,9.09],[41.23,9.09],[41.23,9.09],[41.24,9.09],[41.24,9.09],[41.24,9.09],[41.24,9.09],[41.24,9.09],[41.24,9.09],[41.24,9.08],[41.24,9.08],[41.24,9.08],[41.24,9.08],[41.24,9.08],[41.25,9.08],[41.25,9.08],[41.25,9.08],[41.25,9.08],[41.25,9.08],[41.25,9.08],[41.25,9.08],[41.25,9.08],[41.25,9.08],[41.25,9.08],[41.25,9.08],[41.26,9.08],[41.26,9.08],[41.26,9.08],[41.26,9.08],[41.26,9.07],[41.26,9.07],[41.26,9.07],[41.26,9.07],[41.26,9.07],[41.26,9.07],[41.26,9.07],[41.27,9.07],[41.27,9.07],[41.27,9.07],[41.27,9.07],[41.27,9.07],[41.27,9.07],[41.27,9.07],[41.27,9.07],[41.27,9.07],[41.27,9.07],[41.27,9.07],[41.28,9.07],[41.28,9.07],[41.28,9.07],[41.28,9.07],[41.28,9.07],[41.28,9.06],[41.28,9.06],[41.28,9.06],[41.28,9.06],[41.28,9.06],[41.28,9.06],[41.29,9.06],[41.29,9.06],[41.29,9.06],[41.29,9.06],[41.29,9.06],[41.29,9.06],[41.29,9.06],[41.29,9.06],[41.29,9.06],[41.29,9.06],[41.29,9.06],[41.29,9.06],[41.29,9.06],[41.29,9.06],[41.29,9.06],[41.29,9.06],[41.29,9.06],[41.29,9.06],[41.3,9.06],[41.3,9.06],[41.3,9.06],[41.3,9.06],[41.3,9.06],[41.3,9.06],[41.3,9.06],[41.3,9.06],[41.3,9.06],[41.3,9.06],[41.3,9.06],[41.3,9.06],[41.3,9.06],[41.3,9.06],[41.3,9.06],[41.3,9.06],[41.3,9.06],[41.3,9.06],[41.31,9.06],[41.31,9.06],[41.31,9.06],[41.31,9.06],[41.31,9.06],[41.31,9.06],[41.31,9.06],[41.31,9.06],[41.31,9.06],[41.31,9.06],[41.31,9.06],[41.31,9.06],[41.31,9.06],[41.31,9.06],[41.31,9.06],[41.32,9.06],[41.32,9.06],[41.32,9.06],[41.32,9.06],[41.32,9.06],[41.32,9.06],[41.32,9.06],[41.32,9.06],[41.32,9.06],[41.32,9.06],[41.32,9.06],[41.32,9.06],[41.32,9.06],[41.32,9.06],[41.33,9.06],[41.33,9.06],[41.33,9.06],[41.33,9.06],[41.33,9.06],[41.33,9.06],[41.33,9.06],[41.33,9.06],[41.33,9.06],[41.33,9.06],[41.33,9.06],[41.33,9.06],[41.33,9.06],[41.33,9.06],[41.33,9.06],[41.34,9.06],[41.34,9.06],[41.34,9.06],[41.34,9.06],[41.34,9.06],[41.34,9.06],[41.34,9.06],[41.35,9.06],[41.35,9.06],[41.35,9.06],[41.35,9.06],[41.35,9.06],[41.35,9.06],[41.35,9.06],[41.36,9.06],[41.36,9.06],[41.36,9.06],[41.36,9.06],[41.36,9.06],[41.36,9.06],[41.37,9.06],[41.37,9.06],[41.38,9.06],[41.38,9.06],[41.38,9.06],[41.38,9.06],[41.38,9.06],[41.39,9.06],[41.39,9.06],[41.39,9.06],[41.39,9.06],[41.39,9.06],[41.39,9.06],[41.39,9.06],[41.39,9.06],[41.39,9.06],[41.4,9.06],[41.4,9.06],[41.4,9.06],[41.4,9.06],[41.4,9.06],[41.4,9.06],[41.4,9.06],[41.4,9.06],[41.4,9.06],[41.4,9.06],[41.4,9.06],[41.41,9.06],[41.41,9.06],[41.41,9.06],[41.41,9.06],[41.41,9.06],[41.41,9.06],[41.41,9.06],[41.41,9.06],[41.41,9.06],[41.41,9.06],[41.41,9.06],[41.42,9.06],[41.42,9.06],[41.42,9.06],[41.42,9.06],[41.42,9.06],[41.42,9.06],[41.42,9.06],[41.42,9.06],[41.42,9.06],[41.42,9.06],[41.42,9.06],[41.42,9.06],[41.42,9.06],[41.43,9.06],[41.43,9.06],[41.43,9.06],[41.43,9.06],[41.43,9.06],[41.43,9.06],[41.43,9.06],[41.43,9.06],[41.43,9.06],[41.43,9.06],[41.43,9.06],[41.43,9.06],[41.43,9.06],[41.43,9.06],[41.43,9.06],[41.43,9.06],[41.43,9.06],[41.43,9.06],[41.44,9.06],[41.44,9.06],[41.44,9.06],[41.44,9.06],[41.44,9.06],[41.44,9.06],[41.44,9.06],[41.44,9.06],[41.44,9.06],[41.44,9.06],[41.44,9.06],[41.44,9.06],[41.44,9.06],[41.44,9.06],[41.44,9.06],[41.44,9.06],[41.44,9.06],[41.44,9.06],[41.44,9.06],[41.44,9.06],[41.44,9.06],[41.44,9.06],[41.44,9.06],[41.44,9.06],[41.44,9.06],[41.44,9.06],[41.45,9.06],[41.45,9.06],[41.45,9.06],[41.45,9.06],[41.45,9.06],[41.45,9.05],[41.45,9.05],[41.45,9.05],[41.45,9.05],[41.45,9.05],[41.45,9.05],[41.45,9.05],[41.45,9.05],[41.45,9.05],[41.45,9.05],[41.45,9.05],[41.45,9.05],[41.45,9.05],[41.45,9.05],[41.45,9.05],[41.45,9.05],[41.45,9.05],[41.45,9.05],[41.45,9.05],[41.45,9.05],[41.45,9.05],[41.45,9.05],[41.45,9.05],[41.45,9.05],[41.46,9.05],[41.46,9.05],[41.46,9.05],[41.46,9.05],[41.46,9.05],[41.46,9.05],[41.46,9.05],[41.46,9.05],[41.46,9.05],[41.46,9.05],[41.46,9.05],[41.46,9.05],[41.46,9.05],[41.46,9.05],[41.46,9.05],[41.46,9.05],[41.46,9.05],[41.46,9.05],[41.46,9.05],[41.46,9.05],[41.46,9.05],[41.46,9.05],[41.46,9.05],[41.46,9.05],[41.46,9.05],[41.46,9.05],[41.46,9.05],[41.46,9.05],[41.46,9.05],[41.46,9.05],[41.46,9.05],[41.46,9.05],[41.46,9.05],[41.46,9.04],[41.47,9.04],[41.47,9.04],[41.47,9.04],[41.47,9.04],[41.47,9.04],[41.47,9.04],[41.47,9.04],[41.47,9.04],[41.47,9.04],[41.47,9.04],[41.47,9.04],[41.47,9.04],[41.47,9.04],[41.47,9.04],[41.47,9.04],[41.47,9.04],[41.47,9.04],[41.47,9.04],[41.47,9.04],[41.47,9.04],[41.47,9.04],[41.47,9.04],[41.47,9.04],[41.47,9.04],[41.47,9.04],[41.47,9.04],[41.47,9.04],[41.47,9.04],[41.47,9.04],[41.47,9.04],[41.47,9.04],[41.47,9.04],[41.47,9.04],[41.47,9.04],[41.47,9.04],[41.47,9.04],[41.47,9.04],[41.47,9.04],[41.47,9.03],[41.47,9.03],[41.47,9.03],[41.48,9.03],[41.48,9.03],[41.48,9.03],[41.48,9.03],[41.48,9.03],[41.48,9.03],[41.48,9.03],[41.48,9.03],[41.48,9.03],[41.48,9.02],[41.48,9.02],[41.48,9.02],[41.48,9.02],[41.48,9.02],[41.48,9.02],[41.48,9.02],[41.48,9.02],[41.48,9.02],[41.48,9.02],[41.48,9.02],[41.48,9.02],[41.48,9.02],[41.48,9.02],[41.48,9.02],[41.48,9.02],[41.48,9.02],[41.49,9.02],[41.49,9.02],[41.49,9.02],[41.49,9.02],[41.49,9.02],[41.49,9.02],[41.49,9.02],[41.49,9.02],[41.49,9.02],[41.49,9.02],[41.49,9.01],[41.49,9.01],[41.49,9.01],[41.49,9.01],[41.49,9.01],[41.49,9.01],[41.49,9.01],[41.49,9.01],[41.49,9.01],[41.49,9.01],[41.49,9.01],[41.49,9.01],[41.49,9.01],[41.49,9.01],[41.49,9.01],[41.49,9.01],[41.49,9.01],[41.49,9.01],[41.49,9.01],[41.49,9.01],[41.5,9.01],[41.5,9.01],[41.5,9.01],[41.5,9.01],[41.5,9.01],[41.5,9.01],[41.5,9.01],[41.5,9.01],[41.5,9.01],[41.5,9.01],[41.5,9.01],[41.5,9],[41.5,9],[41.5,9],[41.5,9],[41.5,9],[41.5,9],[41.5,9],[41.5,9],[41.5,9],[41.5,9],[41.5,9],[41.5,9],[41.5,9],[41.5,9],[41.51,9],[41.51,9],[41.51,9],[41.51,9],[41.51,9],[41.51,9],[41.51,9],[41.51,9],[41.51,9],[41.51,9],[41.51,9],[41.51,9],[41.51,9],[41.51,9],[41.51,9],[41.51,9],[41.51,9],[41.51,9],[41.51,9],[41.51,9],[41.51,9],[41.51,9],[41.51,9],[41.52,9],[41.52,9],[41.52,8.99],[41.52,8.99],[41.52,8.99],[41.52,8.99],[41.52,8.99],[41.52,8.99],[41.52,8.99],[41.52,8.99],[41.52,8.99],[41.52,8.99],[41.52,8.99],[41.52,8.99],[41.52,8.99],[41.52,8.99],[41.52,8.99],[41.52,8.99],[41.52,8.99],[41.52,8.99],[41.53,8.99],[41.53,8.99],[41.53,8.99],[41.53,8.99],[41.53,8.99],[41.53,8.99],[41.53,8.99],[41.53,8.99],[41.53,8.99],[41.53,8.99],[41.53,8.99],[41.53,8.99],[41.53,8.99],[41.53,8.99],[41.53,8.99],[41.53,8.99],[41.53,8.99],[41.53,8.99],[41.54,8.99],[41.54,8.99],[41.54,8.99],[41.54,8.99],[41.54,8.99],[41.54,8.99],[41.54,8.99],[41.54,8.99],[41.54,8.99],[41.54,8.99],[41.54,8.99],[41.54,8.99],[41.54,8.99],[41.54,8.99],[41.54,8.99],[41.54,8.99],[41.55,8.99],[41.55,8.99],[41.55,8.99],[41.55,8.99],[41.55,8.99],[41.55,8.99],[41.55,8.99],[41.55,8.99],[41.55,8.99],[41.55,8.98],[41.56,8.98],[41.56,8.98],[41.56,8.98],[41.56,8.98],[41.56,8.98],[41.56,8.98],[41.56,8.98],[41.56,8.98],[41.56,8.98],[41.57,8.98],[41.57,8.98],[41.57,8.98],[41.57,8.98],[41.57,8.98],[41.57,8.98],[41.57,8.98],[41.57,8.98],[41.58,8.98],[41.58,8.98],[41.58,8.98],[41.58,8.98],[41.58,8.98],[41.58,8.98],[41.58,8.98],[41.58,8.98],[41.59,8.98],[41.59,8.98],[41.59,8.98],[41.59,8.98],[41.59,8.98],[41.59,8.98],[41.59,8.98],[41.59,8.98],[41.6,8.98],[41.6,8.98],[41.6,8.98],[41.6,8.98],[41.6,8.98],[41.6,8.98],[41.61,8.98],[41.61,8.98],[41.61,8.98],[41.62,8.98],[41.63,8.98],[41.63,8.98],[41.63,8.98],[41.63,8.98],[41.63,8.98],[41.64,8.98],[41.64,8.98],[41.64,8.98],[41.64,8.98],[41.64,8.98],[41.65,8.98],[41.65,8.98],[41.65,8.98],[41.65,8.98],[41.65,8.98],[41.65,8.98],[41.65,8.98],[41.66,8.98],[41.66,8.98],[41.66,8.98],[41.66,8.98],[41.66,8.98],[41.66,8.98],[41.66,8.98],[41.66,8.98],[41.66,8.98],[41.66,8.98],[41.66,8.98],[41.66,8.98],[41.67,8.98],[41.67,8.98],[41.67,8.98],[41.67,8.98],[41.67,8.98],[41.67,8.98],[41.67,8.98],[41.67,8.98],[41.67,8.98],[41.67,8.98],[41.67,8.98],[41.67,8.98],[41.68,8.98],[41.68,8.98],[41.68,8.98],[41.68,8.98],[41.68,8.98],[41.68,8.98],[41.68,8.98],[41.69,8.98],[41.69,8.98],[41.69,8.98],[41.69,8.98],[41.7,8.98],[41.7,8.98],[41.7,8.98],[41.7,8.98],[41.71,8.98],[41.71,8.98],[41.72,8.97],[41.73,8.97],[41.74,8.97],[41.74,8.97],[41.75,8.97],[41.75,8.97],[41.75,8.97],[41.75,8.97],[41.76,8.97],[41.76,8.97],[41.76,8.97],[41.77,8.97],[41.77,8.97],[41.77,8.97],[41.77,8.97],[41.78,8.97],[41.78,8.97],[41.78,8.97],[41.78,8.97],[41.79,8.97],[41.79,8.97],[41.79,8.97],[41.8,8.97],[41.8,8.97],[41.8,8.97],[41.8,8.96],[41.81,8.96],[41.81,8.96],[41.81,8.96],[41.81,8.96],[41.81,8.96],[41.81,8.96],[41.82,8.96],[41.82,8.96],[41.82,8.96],[41.82,8.96],[41.82,8.96],[41.82,8.96],[41.82,8.96],[41.83,8.96],[41.83,8.96],[41.83,8.96],[41.83,8.96],[41.83,8.96],[41.83,8.96],[41.83,8.96],[41.83,8.96],[41.84,8.96],[41.84,8.96],[41.84,8.96],[41.84,8.96],[41.84,8.96],[41.84,8.96],[41.84,8.96],[41.84,8.96],[41.85,8.96],[41.85,8.96],[41.85,8.96],[41.85,8.96],[41.85,8.96],[41.85,8.96],[41.85,8.96],[41.85,8.96],[41.86,8.96],[41.86,8.96],[41.86,8.96],[41.86,8.96],[41.86,8.96],[41.86,8.96],[41.86,8.96],[41.86,8.96],[41.87,8.96],[41.87,8.96],[41.87,8.96],[41.87,8.96],[41.87,8.96],[41.87,8.96],[41.87,8.96],[41.87,8.96],[41.88,8.96],[41.88,8.96],[41.88,8.96],[41.88,8.96],[41.88,8.96],[41.88,8.96],[41.88,8.96],[41.88,8.96],[41.88,8.96],[41.89,8.96],[41.89,8.96],[41.89,8.96],[41.89,8.96],[41.89,8.96],[41.89,8.96],[41.89,8.96],[41.89,8.96],[41.89,8.96],[41.9,8.96],[41.9,8.96],[41.9,8.96],[41.9,8.96],[41.9,8.96],[41.9,8.96],[41.9,8.96],[41.9,8.96],[41.91,8.96],[41.91,8.96],[41.91,8.96],[41.91,8.96],[41.91,8.96],[41.91,8.96],[41.91,8.96],[41.91,8.96],[41.91,8.96],[41.92,8.96],[41.92,8.96],[41.92,8.96],[41.92,8.96],[41.92,8.96],[41.92,8.96],[41.92,8.96],[41.92,8.96],[41.92,8.96],[41.93,8.96],[41.93,8.96],[41.93,8.96],[41.93,8.96],[41.93,8.96],[41.93,8.96],[41.93,8.96],[41.93,8.96],[41.93,8.96],[41.94,8.96],[41.94,8.96],[41.94,8.97],[41.94,8.97],[41.94,8.97],[41.94,8.97],[41.94,8.97],[41.94,8.97],[41.94,8.97],[41.94,8.97],[41.95,8.97],[41.95,8.97],[41.95,8.97],[41.95,8.97],[41.95,8.97],[41.95,8.97],[41.95,8.97],[41.95,8.97],[41.95,8.97],[41.96,8.97],[41.96,8.97],[41.96,8.97],[41.96,8.97],[41.96,8.97],[41.96,8.97],[41.96,8.97],[41.96,8.97],[41.96,8.97],[41.96,8.97],[41.97,8.97],[41.97,8.97],[41.97,8.97],[41.97,8.97],[41.97,8.97],[41.97,8.97],[41.97,8.97],[41.97,8.97],[41.97,8.97],[41.97,8.97],[41.98,8.97],[41.98,8.97],[41.98,8.97],[41.98,8.97],[41.98,8.97],[41.98,8.97],[41.98,8.97],[41.98,8.97],[41.98,8.97],[41.98,8.97],[41.98,8.98],[41.99,8.98],[41.99,8.98],[41.99,8.98],[41.99,8.98],[41.99,8.98],[41.99,8.98],[41.99,8.98],[41.99,8.98],[41.99,8.98],[41.99,8.98],[41.99,8.98],[42,8.98],[42,8.98],[42,8.98],[42,8.98],[42,8.98],[42,8.98],[42,8.98],[42,8.98],[42,8.98],[42,8.98],[42,8.98],[42.01,8.98],[42.01,8.98],[42.01,8.98],[42.01,8.98],[42.01,8.98],[42.01,8.98],[42.01,8.98],[42.01,8.99],[42.01,8.99],[42.01,8.99],[42.01,8.99],[42.02,8.99],[42.02,8.99],[42.02,8.99],[42.02,8.99],[42.02,8.99],[42.02,8.99],[42.02,8.99],[42.02,8.99],[42.02,8.99],[42.02,8.99],[42.02,8.99],[42.02,8.99],[42.02,8.99],[42.02,8.99],[42.02,8.99],[42.03,8.99],[42.03,8.99],[42.03,8.99],[42.03,8.99],[42.03,8.99],[42.03,8.99],[42.03,8.99],[42.03,8.99],[42.03,8.99],[42.03,8.99],[42.03,8.99],[42.03,9],[42.03,9],[42.03,9],[42.03,9],[42.03,9],[42.04,9],[42.04,9],[42.04,9],[42.04,9],[42.04,9],[42.04,9],[42.04,9],[42.04,9],[42.04,9],[42.04,9],[42.04,9],[42.05,9],[42.05,9],[42.05,9.01],[42.05,9.01],[42.05,9.01],[42.05,9.01],[42.05,9.01],[42.05,9.01],[42.06,9.01],[42.06,9.01],[42.06,9.02],[42.06,9.02],[42.07,9.02],[42.07,9.02],[42.07,9.02],[42.07,9.02],[42.07,9.02],[42.07,9.02],[42.07,9.02],[42.07,9.02],[42.07,9.02],[42.08,9.03],[42.08,9.03],[42.08,9.03],[42.08,9.03],[42.08,9.03],[42.08,9.03],[42.08,9.03],[42.08,9.03],[42.08,9.03],[42.08,9.03],[42.08,9.03],[42.08,9.03],[42.08,9.03],[42.08,9.03],[42.09,9.03],[42.09,9.03],[42.09,9.03],[42.09,9.03],[42.09,9.03],[42.09,9.03],[42.09,9.03],[42.09,9.03],[42.09,9.03],[42.09,9.03],[42.09,9.04],[42.09,9.04],[42.09,9.04],[42.09,9.04],[42.09,9.04],[42.09,9.04],[42.1,9.04],[42.1,9.04],[42.1,9.04],[42.1,9.04],[42.1,9.04],[42.1,9.04],[42.1,9.04],[42.1,9.04],[42.1,9.04],[42.1,9.04],[42.1,9.04],[42.1,9.04],[42.1,9.04],[42.1,9.04],[42.1,9.04],[42.1,9.04],[42.11,9.04],[42.11,9.04],[42.11,9.04],[42.11,9.04],[42.11,9.04],[42.11,9.04],[42.11,9.04],[42.11,9.04],[42.11,9.04],[42.11,9.04],[42.11,9.04],[42.11,9.04],[42.11,9.04],[42.12,9.04],[42.12,9.05],[42.12,9.05],[42.12,9.05],[42.12,9.05],[42.12,9.05],[42.12,9.05],[42.12,9.05],[42.12,9.05],[42.12,9.05],[42.12,9.05],[42.12,9.05],[42.13,9.05],[42.13,9.05],[42.13,9.05],[42.13,9.05],[42.13,9.05],[42.13,9.05],[42.13,9.05],[42.13,9.05],[42.13,9.05],[42.13,9.05],[42.13,9.05],[42.13,9.05],[42.13,9.05],[42.14,9.05],[42.14,9.05],[42.14,9.05],[42.14,9.05],[42.14,9.05],[42.14,9.05],[42.14,9.05],[42.14,9.05],[42.14,9.05],[42.15,9.05],[42.15,9.05],[42.15,9.05],[42.15,9.05],[42.15,9.05],[42.16,9.05],[42.16,9.05],[42.16,9.05],[42.16,9.05],[42.17,9.05],[42.17,9.05],[42.17,9.05],[42.17,9.05],[42.17,9.05],[42.17,9.05],[42.17,9.05],[42.17,9.05],[42.17,9.06],[42.17,9.06],[42.18,9.06],[42.18,9.06],[42.18,9.06],[42.18,9.06],[42.18,9.06],[42.18,9.06],[42.18,9.06],[42.18,9.06],[42.18,9.06],[42.18,9.06],[42.18,9.06],[42.19,9.06],[42.19,9.06],[42.19,9.06],[42.19,9.06],[42.19,9.06],[42.19,9.06],[42.19,9.06],[42.19,9.06],[42.19,9.06],[42.19,9.06],[42.19,9.06],[42.19,9.06],[42.19,9.06],[42.2,9.06],[42.2,9.06],[42.2,9.06],[42.2,9.06],[42.2,9.06],[42.2,9.06],[42.2,9.06],[42.2,9.06],[42.2,9.06],[42.2,9.06],[42.2,9.06],[42.2,9.06],[42.2,9.06],[42.2,9.06],[42.2,9.06],[42.21,9.06],[42.21,9.06],[42.21,9.06],[42.21,9.06],[42.21,9.06],[42.21,9.06],[42.21,9.06],[42.21,9.07],[42.21,9.07],[42.21,9.07],[42.21,9.07],[42.21,9.07],[42.21,9.07],[42.21,9.07],[42.21,9.07],[42.21,9.07],[42.21,9.07],[42.21,9.07],[42.22,9.07],[42.22,9.07],[42.22,9.07],[42.22,9.07],[42.22,9.07],[42.22,9.07],[42.22,9.07],[42.22,9.07],[42.22,9.07],[42.22,9.07],[42.22,9.07],[42.22,9.07],[42.22,9.07],[42.22,9.07],[42.22,9.07],[42.22,9.07],[42.22,9.07],[42.22,9.07],[42.22,9.07],[42.22,9.07],[42.23,9.07],[42.23,9.07],[42.23,9.07],[42.23,9.07],[42.23,9.07],[42.23,9.07],[42.23,9.08],[42.23,9.08],[42.23,9.08],[42.23,9.08],[42.23,9.08],[42.23,9.08],[42.23,9.08],[42.23,9.08],[42.23,9.08],[42.23,9.08],[42.23,9.08],[42.23,9.08],[42.23,9.08],[42.23,9.08],[42.24,9.08],[42.24,9.08],[42.24,9.08],[42.24,9.08],[42.24,9.08],[42.24,9.08],[42.24,9.08],[42.24,9.08],[42.24,9.08],[42.24,9.08],[42.24,9.08],[42.24,9.08],[42.24,9.09],[42.24,9.09],[42.24,9.09],[42.24,9.09],[42.25,9.09],[42.25,9.09],[42.25,9.09],[42.25,9.09],[42.25,9.09],[42.25,9.09],[42.25,9.09],[42.25,9.09],[42.25,9.09],[42.25,9.1],[42.26,9.1],[42.26,9.1],[42.26,9.1],[42.26,9.1],[42.26,9.1],[42.26,9.1],[42.26,9.1],[42.26,9.1],[42.26,9.1],[42.26,9.1],[42.27,9.11],[42.27,9.11],[42.27,9.11],[42.27,9.11],[42.28,9.12],[42.28,9.12],[42.28,9.12],[42.28,9.12],[42.28,9.12],[42.28,9.12],[42.29,9.13],[42.29,9.13],[42.29,9.13],[42.29,9.13],[42.29,9.13],[42.29,9.13],[42.29,9.13],[42.29,9.13],[42.29,9.13],[42.29,9.13],[42.29,9.13],[42.29,9.13],[42.29,9.13],[42.3,9.13],[42.3,9.13],[42.3,9.13],[42.3,9.14],[42.3,9.14],[42.3,9.14],[42.3,9.14],[42.3,9.14],[42.3,9.14],[42.3,9.14],[42.3,9.14],[42.3,9.14],[42.3,9.14],[42.3,9.14],[42.31,9.14],[42.31,9.14],[42.31,9.14],[42.31,9.14],[42.31,9.14],[42.31,9.15],[42.31,9.15],[42.31,9.15],[42.31,9.15],[42.31,9.15],[42.31,9.15],[42.31,9.15],[42.31,9.15],[42.32,9.15],[42.32,9.15],[42.32,9.15],[42.32,9.15],[42.32,9.15],[42.32,9.15],[42.32,9.15],[42.32,9.15],[42.32,9.15],[42.32,9.16],[42.33,9.16],[42.33,9.16],[42.33,9.16],[42.33,9.16],[42.34,9.16],[42.34,9.17],[42.34,9.17],[42.34,9.17],[42.34,9.17],[42.34,9.17],[42.35,9.17],[42.35,9.17],[42.35,9.17],[42.35,9.17],[42.35,9.17],[42.35,9.17],[42.35,9.17],[42.35,9.17],[42.35,9.17],[42.36,9.18],[42.36,9.18],[42.36,9.18],[42.36,9.18],[42.36,9.18],[42.36,9.18],[42.36,9.18],[42.36,9.18],[42.36,9.18],[42.37,9.18],[42.37,9.18],[42.37,9.18],[42.37,9.18],[42.37,9.18],[42.37,9.18],[42.37,9.19],[42.37,9.19],[42.37,9.19],[42.38,9.19],[42.38,9.19],[42.38,9.19],[42.38,9.19],[42.38,9.19],[42.38,9.19],[42.38,9.19],[42.38,9.19],[42.38,9.19],[42.38,9.19],[42.39,9.19],[42.39,9.19],[42.39,9.19],[42.39,9.19],[42.39,9.19],[42.39,9.2],[42.39,9.2],[42.39,9.2],[42.39,9.2],[42.39,9.2],[42.4,9.2],[42.4,9.2],[42.4,9.2],[42.4,9.2],[42.4,9.2],[42.4,9.2],[42.4,9.2],[42.4,9.2],[42.4,9.2],[42.4,9.2],[42.41,9.2],[42.41,9.2],[42.41,9.2],[42.41,9.2],[42.41,9.2],[42.41,9.2],[42.41,9.21],[42.41,9.21],[42.41,9.21],[42.41,9.21],[42.42,9.21],[42.42,9.21],[42.42,9.21],[42.42,9.21],[42.42,9.21],[42.42,9.21],[42.42,9.21],[42.42,9.21],[42.42,9.21],[42.42,9.21],[42.42,9.21],[42.43,9.21],[42.43,9.21],[42.43,9.21],[42.43,9.21],[42.43,9.21],[42.43,9.21],[42.43,9.21],[42.43,9.21],[42.43,9.21],[42.43,9.21],[42.43,9.21],[42.44,9.22],[42.44,9.22],[42.44,9.22],[42.44,9.22],[42.44,9.22],[42.44,9.22],[42.44,9.22],[42.44,9.22],[42.44,9.22],[42.44,9.22],[42.45,9.22],[42.45,9.22],[42.45,9.22],[42.45,9.22],[42.45,9.22],[42.45,9.22],[42.45,9.22],[42.45,9.22],[42.45,9.22],[42.45,9.22],[42.45,9.22],[42.45,9.22],[42.45,9.22],[42.46,9.22],[42.46,9.22],[42.46,9.22],[42.46,9.22],[42.46,9.22],[42.46,9.22],[42.46,9.22],[42.46,9.22],[42.46,9.22],[42.46,9.22],[42.46,9.22],[42.46,9.22],[42.46,9.22],[42.46,9.22],[42.46,9.22],[42.46,9.22],[42.46,9.22],[42.46,9.22],[42.46,9.22],[42.47,9.22],[42.47,9.22],[42.47,9.22],[42.47,9.22],[42.47,9.22],[42.47,9.22],[42.47,9.22],[42.47,9.22],[42.47,9.22],[42.47,9.22],[42.47,9.22],[42.47,9.22],[42.47,9.22],[42.47,9.22],[42.47,9.22],[42.47,9.22],[42.48,9.22],[42.48,9.22],[42.48,9.22],[42.48,9.22],[42.48,9.22],[42.48,9.22],[42.48,9.22],[42.48,9.22],[42.48,9.22],[42.48,9.22],[42.48,9.22],[42.48,9.22],[42.48,9.22],[42.49,9.22],[42.49,9.22],[42.49,9.22],[42.49,9.22],[42.49,9.22],[42.5,9.22],[42.5,9.22],[42.5,9.23],[42.5,9.23],[42.5,9.23],[42.5,9.23],[42.5,9.23],[42.5,9.23],[42.51,9.23],[42.51,9.23],[42.51,9.23],[42.51,9.23],[42.51,9.23],[42.51,9.23],[42.51,9.23],[42.51,9.23],[42.51,9.23],[42.51,9.23],[42.52,9.23],[42.52,9.23],[42.52,9.23],[42.52,9.23],[42.52,9.23],[42.52,9.23],[42.52,9.23],[42.52,9.23],[42.52,9.23],[42.52,9.23],[42.52,9.23],[42.52,9.23],[42.52,9.23],[42.52,9.23],[42.52,9.23],[42.52,9.23],[42.52,9.23],[42.52,9.23],[42.52,9.23],[42.52,9.23],[42.52,9.23],[42.52,9.23],[42.53,9.23],[42.53,9.23],[42.53,9.23],[42.53,9.23],[42.53,9.23],[42.53,9.23],[42.53,9.23],[42.53,9.23],[42.53,9.23],[42.53,9.23],[42.53,9.23],[42.53,9.23],[42.53,9.23],[42.53,9.23],[42.53,9.23],[42.53,9.23],[42.53,9.23],[42.53,9.23],[42.53,9.23],[42.53,9.23],[42.53,9.23],[42.53,9.23],[42.53,9.23],[42.53,9.23],[42.53,9.23],[42.54,9.23],[42.54,9.23],[42.54,9.23],[42.54,9.23],[42.54,9.23],[42.54,9.23],[42.54,9.23],[42.54,9.23],[42.54,9.23],[42.54,9.23],[42.54,9.23],[42.54,9.23],[42.54,9.23],[42.54,9.23],[42.54,9.23],[42.54,9.23],[42.54,9.23],[42.54,9.23],[42.54,9.23],[42.54,9.23],[42.54,9.23],[42.54,9.23],[42.54,9.23],[42.54,9.24],[42.54,9.24],[42.54,9.24],[42.54,9.24],[42.54,9.24],[42.54,9.24],[42.54,9.24],[42.54,9.24],[42.55,9.24],[42.55,9.24],[42.55,9.24],[42.55,9.24],[42.55,9.24],[42.55,9.24],[42.55,9.24],[42.55,9.24],[42.55,9.24],[42.55,9.24],[42.55,9.24],[42.55,9.24],[42.55,9.24],[42.55,9.24],[42.55,9.24],[42.55,9.24],[42.55,9.24],[42.55,9.24],[42.55,9.24],[42.55,9.24],[42.55,9.24],[42.55,9.24],[42.55,9.24],[42.55,9.24],[42.55,9.24],[42.55,9.24],[42.55,9.24],[42.55,9.24],[42.55,9.24],[42.55,9.24],[42.55,9.24],[42.55,9.24],[42.55,9.24],[42.55,9.24],[42.55,9.24],[42.55,9.24],[42.55,9.25],[42.55,9.25],[42.55,9.25],[42.55,9.25],[42.55,9.25],[42.55,9.25],[42.55,9.25],[42.55,9.25],[42.55,9.25],[42.55,9.25],[42.55,9.25],[42.55,9.25],[42.55,9.25],[42.55,9.25],[42.56,9.25],[42.56,9.25],[42.56,9.26],[42.56,9.26],[42.56,9.26],[42.56,9.26],[42.56,9.26],[42.56,9.26],[42.56,9.26],[42.56,9.26],[42.56,9.26],[42.56,9.26],[42.56,9.26],[42.56,9.26],[42.56,9.27],[42.56,9.27],[42.56,9.27],[42.56,9.27],[42.56,9.27],[42.56,9.27],[42.56,9.27],[42.56,9.27],[42.56,9.27],[42.56,9.27],[42.56,9.27],[42.56,9.27],[42.56,9.27],[42.56,9.27],[42.56,9.27],[42.56,9.27],[42.56,9.27],[42.56,9.27],[42.56,9.27],[42.56,9.27],[42.56,9.27],[42.56,9.27],[42.56,9.27],[42.56,9.27],[42.56,9.27],[42.56,9.27],[42.56,9.27],[42.57,9.27],[42.57,9.27],[42.57,9.27],[42.57,9.27],[42.57,9.27],[42.57,9.27],[42.57,9.27],[42.57,9.27],[42.57,9.27],[42.57,9.27],[42.57,9.28],[42.57,9.28],[42.57,9.28],[42.57,9.28],[42.57,9.28],[42.57,9.28],[42.57,9.28],[42.57,9.28],[42.57,9.28],[42.57,9.28],[42.57,9.28],[42.57,9.28],[42.57,9.28],[42.57,9.28],[42.57,9.28],[42.57,9.28],[42.57,9.28],[42.57,9.28],[42.57,9.28],[42.57,9.28],[42.57,9.28],[42.57,9.28],[42.57,9.28],[42.57,9.28],[42.57,9.28],[42.57,9.28],[42.57,9.28],[42.57,9.28],[42.57,9.28],[42.58,9.28],[42.58,9.28],[42.58,9.28],[42.58,9.28],[42.58,9.28],[42.58,9.28],[42.58,9.28],[42.58,9.28],[42.58,9.28],[42.58,9.28],[42.58,9.28],[42.58,9.28],[42.58,9.28],[42.58,9.28],[42.58,9.28],[42.58,9.28],[42.58,9.28],[42.58,9.28],[42.58,9.28],[42.58,9.28],[42.58,9.28],[42.58,9.28],[42.58,9.28],[42.58,9.28],[42.58,9.28],[42.58,9.28],[42.58,9.28],[42.58,9.28],[42.59,9.28],[42.59,9.29],[42.59,9.29],[42.59,9.29],[42.59,9.29],[42.59,9.29],[42.59,9.29],[42.59,9.29],[42.59,9.29],[42.59,9.29],[42.59,9.29],[42.59,9.29],[42.59,9.29],[42.59,9.29],[42.59,9.29],[42.6,9.29],[42.6,9.29],[42.6,9.29],[42.6,9.29],[42.6,9.29],[42.6,9.29],[42.6,9.29],[42.6,9.29],[42.6,9.29],[42.6,9.29],[42.6,9.29],[42.6,9.29],[42.61,9.29],[42.61,9.29],[42.61,9.29],[42.61,9.29],[42.61,9.29],[42.62,9.29],[42.62,9.29],[42.62,9.29],[42.62,9.29],[42.62,9.29],[42.62,9.29],[42.62,9.29],[42.62,9.29],[42.63,9.29],[42.63,9.29],[42.63,9.29],[42.63,9.29],[42.63,9.29],[42.63,9.29],[42.63,9.29],[42.63,9.29],[42.63,9.29],[42.63,9.29],[42.63,9.29],[42.63,9.29],[42.63,9.29],[42.63,9.29],[42.63,9.29],[42.63,9.29],[42.63,9.29],[42.64,9.29],[42.64,9.29],[42.64,9.29],[42.64,9.29],[42.64,9.29],[42.64,9.29],[42.64,9.29],[42.64,9.29],[42.64,9.29],[42.64,9.29],[42.64,9.29],[42.64,9.29],[42.64,9.29],[42.64,9.29],[42.64,9.29],[42.64,9.3],[42.64,9.3],[42.65,9.3],[42.65,9.3],[42.65,9.3],[42.65,9.3],[42.65,9.3],[42.65,9.3],[42.65,9.3],[42.65,9.3],[42.65,9.3],[42.65,9.3],[42.65,9.3],[42.65,9.3],[42.65,9.3],[42.65,9.3],[42.65,9.3],[42.65,9.3],[42.65,9.3],[42.65,9.3],[42.65,9.3],[42.65,9.3],[42.65,9.3],[42.65,9.3],[42.65,9.3],[42.66,9.3],[42.66,9.3],[42.66,9.3],[42.66,9.3],[42.66,9.3],[42.66,9.3],[42.66,9.3],[42.66,9.3],[42.66,9.3],[42.66,9.3],[42.66,9.3],[42.66,9.3],[42.66,9.3],[42.66,9.3],[42.66,9.3],[42.66,9.3],[42.66,9.3],[42.66,9.3],[42.66,9.3],[42.66,9.3],[42.66,9.3],[42.66,9.3],[42.66,9.31],[42.66,9.31],[42.66,9.31],[42.66,9.31],[42.67,9.31],[42.67,9.31],[42.67,9.31],[42.67,9.31],[42.67,9.31],[42.67,9.31],[42.67,9.31],[42.67,9.31],[42.67,9.31],[42.67,9.31],[42.67,9.31],[42.67,9.31],[42.67,9.31],[42.67,9.31],[42.67,9.31],[42.67,9.31],[42.67,9.31],[42.67,9.31],[42.67,9.31],[42.67,9.31],[42.67,9.31],[42.67,9.31],[42.67,9.31],[42.67,9.31],[42.67,9.31],[42.67,9.31],[42.68,9.31],[42.68,9.31],[42.68,9.32],[42.68,9.32],[42.68,9.32],[42.68,9.32],[42.68,9.32],[42.68,9.32],[42.68,9.32],[42.68,9.32],[42.68,9.32],[42.68,9.32],[42.68,9.32],[42.68,9.32],[42.68,9.32],[42.69,9.32],[42.69,9.33],[42.69,9.33],[42.69,9.33],[42.69,9.33],[42.69,9.33],[42.69,9.33],[42.69,9.33],[42.69,9.33],[42.69,9.33],[42.69,9.33],[42.69,9.33],[42.7,9.33],[42.7,9.34],[42.7,9.34],[42.7,9.34],[42.7,9.34],[42.7,9.34],[42.7,9.35],[42.71,9.35],[42.71,9.35],[42.71,9.35],[42.71,9.35],[42.71,9.35],[42.71,9.35],[42.71,9.35],[42.71,9.35],[42.71,9.35],[42.71,9.35],[42.71,9.35],[42.72,9.36],[42.72,9.36],[42.72,9.36],[42.72,9.36],[42.72,9.36],[42.72,9.36],[42.72,9.36],[42.72,9.36],[42.72,9.36],[42.72,9.36],[42.72,9.36],[42.72,9.36],[42.72,9.36],[42.72,9.36],[42.73,9.36],[42.73,9.37],[42.73,9.37],[42.73,9.37],[42.73,9.37],[42.73,9.37],[42.73,9.37],[42.73,9.37],[42.73,9.37],[42.73,9.37],[42.73,9.37],[42.73,9.37],[42.73,9.37],[42.73,9.37],[42.73,9.37],[42.73,9.37],[42.73,9.37],[42.73,9.37],[42.73,9.37],[42.73,9.37],[42.73,9.37],[42.73,9.37],[42.73,9.37],[42.73,9.37],[42.73,9.37],[42.73,9.37],[42.73,9.37],[42.74,9.37],[42.74,9.37],[42.74,9.37],[42.74,9.37],[42.74,9.37],[42.74,9.37],[42.74,9.37],[42.74,9.37],[42.74,9.37],[42.74,9.37],[42.74,9.37],[42.74,9.37],[42.74,9.37],[42.74,9.37],[42.74,9.38],[42.74,9.38],[42.74,9.38],[42.74,9.38],[42.74,9.38],[42.74,9.38],[42.74,9.38],[42.74,9.38],[42.74,9.38],[42.74,9.38],[42.74,9.38],[42.74,9.38],[42.74,9.38],[42.74,9.38],[42.75,9.38],[42.75,9.38],[42.75,9.38],[42.75,9.38],[42.75,9.38],[42.75,9.38],[42.75,9.38],[42.75,9.38],[42.75,9.38],[42.75,9.38],[42.75,9.38],[42.75,9.38],[42.75,9.38],[42.75,9.38],[42.75,9.38],[42.75,9.38],[42.75,9.38],[42.75,9.38],[42.76,9.38],[42.76,9.38],[42.76,9.38],[42.76,9.38],[42.76,9.38],[42.76,9.38],[42.76,9.38],[42.76,9.38],[42.76,9.38],[42.76,9.38],[42.76,9.38],[42.76,9.38],[42.76,9.38],[42.76,9.38],[42.77,9.38],[42.77,9.38],[42.77,9.38],[42.77,9.38],[42.77,9.38],[42.77,9.38],[42.77,9.39],[42.77,9.39],[42.77,9.39],[42.77,9.39],[42.77,9.39],[42.77,9.39],[42.77,9.39],[42.78,9.39],[42.78,9.39],[42.78,9.39],[42.78,9.39],[42.78,9.39],[42.78,9.39],[42.78,9.39],[42.78,9.39],[42.78,9.39],[42.78,9.39],[42.78,9.39],[42.78,9.39],[42.79,9.39],[42.79,9.39],[42.79,9.39],[42.79,9.39],[42.79,9.39],[42.79,9.39],[42.79,9.39],[42.79,9.39],[42.79,9.39],[42.79,9.39],[42.79,9.39],[42.8,9.39],[42.8,9.39],[42.8,9.39],[42.8,9.39],[42.8,9.39],[42.8,9.39],[42.8,9.39],[42.8,9.39],[42.8,9.39],[42.8,9.39],[42.8,9.39],[42.81,9.39],[42.81,9.39],[42.81,9.39],[42.81,9.39],[42.81,9.39],[42.81,9.39],[42.81,9.39],[42.81,9.39],[42.81,9.39],[42.81,9.39],[42.81,9.39],[42.81,9.39],[42.82,9.39],[42.82,9.39],[42.82,9.39],[42.82,9.39],[42.82,9.39],[42.82,9.39],[42.82,9.39],[42.82,9.39],[42.82,9.39],[42.82,9.39],[42.83,9.39],[42.83,9.39],[42.83,9.39],[42.83,9.39],[42.83,9.39],[42.83,9.39],[42.83,9.39],[42.84,9.39],[42.84,9.39],[42.84,9.39],[42.84,9.39],[42.84,9.39],[42.85,9.39],[42.85,9.39],[42.85,9.39],[42.85,9.39],[42.85,9.39],[42.86,9.38],[42.87,9.38],[42.87,9.38],[42.87,9.38],[42.87,9.38],[42.87,9.38],[42.88,9.38],[42.88,9.38],[42.88,9.38],[42.88,9.38],[42.88,9.38],[42.89,9.38],[42.89,9.38],[42.89,9.38],[42.89,9.38],[42.89,9.38],[42.89,9.38],[42.89,9.38],[42.89,9.38],[42.89,9.38],[42.9,9.38],[42.9,9.38],[42.9,9.38],[42.9,9.38],[42.9,9.38],[42.9,9.38],[42.9,9.38],[42.9,9.38],[42.9,9.38],[42.9,9.38],[42.9,9.38],[42.9,9.38],[42.91,9.38],[42.91,9.38],[42.91,9.38],[42.91,9.38],[42.91,9.38],[42.91,9.38],[42.91,9.38],[42.91,9.38],[42.91,9.38],[42.91,9.38],[42.91,9.38],[42.92,9.38],[42.92,9.38],[42.92,9.38],[42.92,9.38],[42.92,9.38],[42.92,9.38],[42.92,9.38],[42.92,9.38],[42.92,9.38],[42.92,9.38],[42.92,9.38],[42.93,9.38],[42.93,9.38],[42.93,9.38],[42.93,9.38],[42.93,9.38],[42.93,9.38],[42.93,9.38],[42.93,9.38],[42.93,9.38],[42.93,9.38],[42.93,9.38],[42.94,9.38],[42.94,9.38],[42.94,9.38],[42.94,9.38],[42.94,9.38],[42.94,9.38],[42.94,9.38],[42.94,9.38],[42.94,9.38],[42.94,9.38],[42.95,9.38],[42.95,9.38],[42.95,9.37],[42.95,9.37],[42.95,9.37],[42.95,9.37],[42.95,9.37],[42.96,9.37],[42.96,9.37],[42.96,9.37],[42.96,9.37],[42.96,9.37],[42.97,9.37],[42.97,9.37],[42.97,9.37],[42.97,9.37],[42.98,9.37],[42.98,9.37],[42.98,9.37],[42.98,9.37],[42.98,9.37],[42.99,9.37],[42.99,9.37],[42.99,9.36],[42.99,9.36],[43,9.36],[43,9.36],[43,9.36],[43,9.36],[43,9.36],[43.01,9.36],[43.01,9.36],[43.02,9.36],[43.02,9.36],[43.03,9.35],[43.03,9.35],[43.04,9.35],[43.04,9.35],[43.04,9.35],[43.04,9.35],[43.04,9.35],[43.05,9.35],[43.05,9.35],[43.05,9.35],[43.05,9.35],[43.05,9.35],[43.06,9.35],[43.06,9.35],[43.06,9.35],[43.06,9.35],[43.06,9.35],[43.06,9.35],[43.07,9.35],[43.07,9.34],[43.07,9.34],[43.07,9.34],[43.07,9.34],[43.08,9.34],[43.08,9.34],[43.08,9.34],[43.08,9.34],[43.08,9.34],[43.08,9.34],[43.09,9.34],[43.09,9.34],[43.09,9.34],[43.09,9.34],[43.09,9.34],[43.09,9.34],[43.1,9.34],[43.1,9.34],[43.1,9.34],[43.1,9.34],[43.1,9.34],[43.1,9.34],[43.1,9.34],[43.1,9.34],[43.1,9.34],[43.1,9.34],[43.11,9.34],[43.11,9.34],[43.11,9.34],[43.11,9.34],[43.11,9.34],[43.11,9.34],[43.11,9.34],[43.11,9.34],[43.11,9.34],[43.11,9.34],[43.11,9.34],[43.12,9.34],[43.12,9.33],[43.12,9.33],[43.12,9.33],[43.12,9.33],[43.12,9.33],[43.12,9.33],[43.12,9.33],[43.12,9.33],[43.12,9.33],[43.12,9.33],[43.13,9.33],[43.13,9.33],[43.13,9.33],[43.13,9.33],[43.13,9.33],[43.13,9.33],[43.13,9.33],[43.13,9.33],[43.13,9.33],[43.13,9.33],[43.13,9.33],[43.14,9.33],[43.14,9.33],[43.14,9.33],[43.14,9.33],[43.14,9.33],[43.14,9.33],[43.14,9.33],[43.14,9.33],[43.14,9.33],[43.14,9.33],[43.14,9.33],[43.14,9.33],[43.14,9.33],[43.15,9.33],[43.15,9.33],[43.15,9.33],[43.15,9.33],[43.15,9.33],[43.15,9.33],[43.15,9.33],[43.15,9.33],[43.15,9.33],[43.15,9.33],[43.15,9.33],[43.15,9.33],[43.15,9.33],[43.16,9.33],[43.16,9.33],[43.16,9.33],[43.16,9.33],[43.16,9.33],[43.16,9.33],[43.16,9.33],[43.16,9.33],[43.16,9.33],[43.16,9.33],[43.16,9.33],[43.16,9.33],[43.17,9.33],[43.17,9.33],[43.17,9.33],[43.17,9.33],[43.17,9.33],[43.17,9.33],[43.17,9.33],[43.17,9.33],[43.17,9.33],[43.17,9.33],[43.17,9.33],[43.17,9.33],[43.18,9.33],[43.18,9.33],[43.18,9.33],[43.18,9.33],[43.18,9.33],[43.18,9.33],[43.18,9.33],[43.18,9.33],[43.18,9.33],[43.18,9.33],[43.18,9.33],[43.19,9.33],[43.19,9.33],[43.19,9.33],[43.19,9.33],[43.19,9.33],[43.19,9.33],[43.19,9.33],[43.19,9.33],[43.19,9.33],[43.19,9.33],[43.19,9.33],[43.2,9.33],[43.2,9.33],[43.2,9.33],[43.2,9.33],[43.2,9.33],[43.2,9.33],[43.21,9.33],[43.21,9.33],[43.21,9.33],[43.21,9.33],[43.21,9.33],[43.22,9.33],[43.22,9.33],[43.22,9.33],[43.22,9.34],[43.22,9.34],[43.22,9.34],[43.23,9.34],[43.23,9.34],[43.23,9.34],[43.23,9.34],[43.23,9.34],[43.24,9.34],[43.24,9.34],[43.24,9.34],[43.25,9.34],[43.26,9.34],[43.26,9.34],[43.26,9.34],[43.26,9.34],[43.27,9.34],[43.27,9.34],[43.27,9.34],[43.27,9.34],[43.28,9.34],[43.28,9.34],[43.28,9.34],[43.28,9.34],[43.29,9.34],[43.29,9.34],[43.29,9.34],[43.29,9.34],[43.29,9.34],[43.29,9.34],[43.3,9.34],[43.3,9.34],[43.3,9.34],[43.3,9.34],[43.3,9.34],[43.3,9.35],[43.3,9.35],[43.3,9.35],[43.3,9.35],[43.31,9.35],[43.31,9.35],[43.31,9.35],[43.31,9.35],[43.31,9.35],[43.31,9.35],[43.31,9.35],[43.31,9.35],[43.32,9.35],[43.32,9.35],[43.32,9.35],[43.32,9.35],[43.32,9.35],[43.32,9.35],[43.32,9.35],[43.32,9.35],[43.32,9.35],[43.33,9.35],[43.33,9.35],[43.33,9.35],[43.33,9.35],[43.33,9.35],[43.33,9.35],[43.33,9.35],[43.33,9.35],[43.33,9.35],[43.34,9.35],[43.34,9.35],[43.34,9.35],[43.34,9.35],[43.34,9.35],[43.34,9.35],[43.34,9.35],[43.34,9.35],[43.35,9.35],[43.35,9.35],[43.35,9.35],[43.35,9.35],[43.35,9.35],[43.35,9.35],[43.35,9.35],[43.35,9.35],[43.35,9.35],[43.36,9.35],[43.36,9.35],[43.36,9.35],[43.36,9.35],[43.36,9.35],[43.36,9.35],[43.36,9.35],[43.36,9.35],[43.36,9.35],[43.37,9.35],[43.37,9.34],[43.37,9.34],[43.37,9.34],[43.37,9.34],[43.37,9.34],[43.37,9.34],[43.37,9.34],[43.37,9.34],[43.37,9.34],[43.38,9.34],[43.38,9.34],[43.38,9.34],[43.38,9.34],[43.38,9.34],[43.38,9.34],[43.38,9.34],[43.38,9.34],[43.38,9.34],[43.38,9.34],[43.39,9.34],[43.39,9.34],[43.39,9.34],[43.39,9.34],[43.39,9.34],[43.39,9.34],[43.39,9.34],[43.39,9.34],[43.39,9.34],[43.39,9.34],[43.4,9.34],[43.4,9.34],[43.4,9.34],[43.4,9.34],[43.4,9.34],[43.4,9.34],[43.4,9.34],[43.4,9.34],[43.4,9.34],[43.4,9.34],[43.4,9.34],[43.4,9.34],[43.4,9.34],[43.4,9.34],[43.4,9.34],[43.41,9.34],[43.41,9.34],[43.41,9.34],[43.41,9.33],[43.41,9.33],[43.41,9.33],[43.41,9.33],[43.41,9.33],[43.41,9.33],[43.41,9.33],[43.41,9.33],[43.41,9.33],[43.41,9.33],[43.41,9.33],[43.42,9.33],[43.42,9.33],[43.42,9.33],[43.42,9.33],[43.42,9.33],[43.42,9.33],[43.42,9.33],[43.42,9.33],[43.42,9.33],[43.42,9.33],[43.43,9.33],[43.43,9.33],[43.43,9.33],[43.43,9.32],[43.43,9.32],[43.43,9.32],[43.43,9.32],[43.44,9.32],[43.44,9.32],[43.44,9.32],[43.44,9.32],[43.45,9.32],[43.45,9.32],[43.45,9.31],[43.45,9.31],[43.45,9.31],[43.46,9.31],[43.46,9.31],[43.46,9.31],[43.46,9.31],[43.46,9.31],[43.46,9.31],[43.46,9.31],[43.46,9.31],[43.46,9.31],[43.46,9.31],[43.46,9.31],[43.46,9.31],[43.46,9.31],[43.47,9.31],[43.47,9.31],[43.47,9.31],[43.47,9.31],[43.47,9.31],[43.47,9.31],[43.47,9.31],[43.47,9.3],[43.47,9.3],[43.47,9.3],[43.47,9.3],[43.47,9.3],[43.47,9.3],[43.47,9.3],[43.48,9.3],[43.48,9.3],[43.48,9.3],[43.48,9.3],[43.48,9.3],[43.48,9.3],[43.48,9.3],[43.48,9.3],[43.48,9.3],[43.48,9.3],[43.48,9.3],[43.48,9.3],[43.48,9.3],[43.48,9.3],[43.49,9.3],[43.49,9.3],[43.49,9.3],[43.49,9.3],[43.49,9.3],[43.49,9.3],[43.49,9.3],[43.49,9.3],[43.49,9.3],[43.49,9.3],[43.49,9.3],[43.5,9.3],[43.5,9.3],[43.5,9.3],[43.5,9.3],[43.5,9.3],[43.5,9.3],[43.51,9.29],[43.51,9.29],[43.51,9.29],[43.51,9.29],[43.51,9.29],[43.51,9.29],[43.52,9.29],[43.52,9.29],[43.52,9.29],[43.52,9.29],[43.52,9.29],[43.52,9.29],[43.52,9.29],[43.53,9.29],[43.53,9.29],[43.53,9.29],[43.53,9.29],[43.53,9.29],[43.53,9.29],[43.54,9.29],[43.54,9.29],[43.54,9.29],[43.54,9.29],[43.54,9.29],[43.54,9.29],[43.54,9.29],[43.55,9.29],[43.55,9.29],[43.55,9.29],[43.55,9.29],[43.55,9.29],[43.55,9.29],[43.56,9.29],[43.56,9.29],[43.56,9.29],[43.56,9.29],[43.56,9.29],[43.56,9.29],[43.56,9.29],[43.57,9.29],[43.57,9.29],[43.57,9.29],[43.57,9.29],[43.57,9.29],[43.57,9.29],[43.58,9.29],[43.58,9.29],[43.58,9.29],[43.58,9.29],[43.58,9.29],[43.58,9.29],[43.58,9.29],[43.58,9.29],[43.58,9.29],[43.59,9.29],[43.59,9.29],[43.59,9.29],[43.59,9.29],[43.59,9.29],[43.59,9.29],[43.59,9.29],[43.59,9.29],[43.59,9.29],[43.59,9.29],[43.59,9.29],[43.59,9.29],[43.59,9.29],[43.59,9.29],[43.6,9.29],[43.6,9.29],[43.6,9.29],[43.6,9.29],[43.6,9.29],[43.6,9.29],[43.6,9.29],[43.6,9.29],[43.6,9.29],[43.6,9.29],[43.6,9.29],[43.6,9.29],[43.6,9.29],[43.6,9.29],[43.6,9.29],[43.61,9.29],[43.61,9.29],[43.61,9.29],[43.61,9.29],[43.61,9.29],[43.61,9.29],[43.61,9.29],[43.61,9.29],[43.61,9.29],[43.61,9.29],[43.61,9.29],[43.61,9.29],[43.61,9.29],[43.61,9.29],[43.61,9.29],[43.62,9.29],[43.62,9.29],[43.62,9.29],[43.62,9.29],[43.62,9.29],[43.62,9.29],[43.62,9.29],[43.62,9.29],[43.62,9.29],[43.62,9.29],[43.62,9.29],[43.62,9.29],[43.62,9.29],[43.62,9.29],[43.62,9.29],[43.63,9.29],[43.63,9.29],[43.63,9.29],[43.63,9.29],[43.63,9.29],[43.63,9.29],[43.63,9.29],[43.63,9.29],[43.63,9.29],[43.63,9.29],[43.63,9.29],[43.63,9.29],[43.63,9.29],[43.63,9.29],[43.63,9.29],[43.63,9.29],[43.64,9.29],[43.64,9.29],[43.64,9.29],[43.64,9.29],[43.64,9.29],[43.64,9.29],[43.64,9.29],[43.64,9.29],[43.64,9.29],[43.64,9.29],[43.64,9.29],[43.64,9.29],[43.64,9.29],[43.64,9.29],[43.64,9.29],[43.64,9.29],[43.64,9.29],[43.65,9.29],[43.65,9.3],[43.65,9.3],[43.65,9.3],[43.65,9.3],[43.65,9.3],[43.65,9.3],[43.65,9.3],[43.65,9.3],[43.65,9.3],[43.65,9.3],[43.65,9.3],[43.65,9.3],[43.65,9.3],[43.65,9.3],[43.65,9.3],[43.65,9.3],[43.65,9.3],[43.66,9.3],[43.66,9.3],[43.66,9.3],[43.66,9.3],[43.66,9.3],[43.66,9.3],[43.66,9.3],[43.66,9.3],[43.66,9.3],[43.66,9.3],[43.66,9.3],[43.66,9.3],[43.66,9.3],[43.66,9.3],[43.66,9.3],[43.66,9.3],[43.66,9.3],[43.66,9.3],[43.67,9.3],[43.67,9.3],[43.67,9.3],[43.67,9.3],[43.67,9.3],[43.67,9.3],[43.67,9.3],[43.67,9.3],[43.67,9.3],[43.67,9.3],[43.67,9.3],[43.67,9.3],[43.67,9.3],[43.67,9.3],[43.67,9.31],[43.67,9.31],[43.67,9.31],[43.67,9.31],[43.67,9.31],[43.67,9.31],[43.67,9.31],[43.67,9.31],[43.67,9.31],[43.68,9.31],[43.68,9.31],[43.68,9.31],[43.68,9.31],[43.68,9.31],[43.68,9.31],[43.68,9.31],[43.68,9.31],[43.68,9.31],[43.68,9.31],[43.68,9.31],[43.68,9.31],[43.68,9.31],[43.68,9.31],[43.68,9.31],[43.68,9.31],[43.68,9.31],[43.68,9.31],[43.69,9.31],[43.69,9.31],[43.69,9.32],[43.69,9.32],[43.69,9.32],[43.69,9.32],[43.69,9.32],[43.69,9.32],[43.69,9.32],[43.7,9.32],[43.7,9.32],[43.7,9.32],[43.7,9.33],[43.7,9.33],[43.7,9.33],[43.7,9.33],[43.7,9.33],[43.7,9.33],[43.71,9.33],[43.71,9.33],[43.71,9.33],[43.71,9.33],[43.71,9.33],[43.71,9.33],[43.71,9.33],[43.71,9.33],[43.71,9.33],[43.71,9.33],[43.71,9.33],[43.71,9.33],[43.71,9.33],[43.71,9.33],[43.71,9.33],[43.71,9.33],[43.71,9.33],[43.71,9.33],[43.71,9.34],[43.71,9.34],[43.71,9.34],[43.71,9.34],[43.71,9.34],[43.72,9.34],[43.72,9.34],[43.72,9.34],[43.72,9.34],[43.72,9.34],[43.72,9.34],[43.72,9.34],[43.72,9.34],[43.72,9.34],[43.72,9.34],[43.72,9.34],[43.72,9.34],[43.72,9.34],[43.72,9.34],[43.72,9.34],[43.72,9.34],[43.72,9.34],[43.72,9.34],[43.72,9.34],[43.72,9.34],[43.72,9.34],[43.72,9.34],[43.72,9.34],[43.72,9.34],[43.73,9.34],[43.73,9.34],[43.73,9.34],[43.73,9.34],[43.73,9.34],[43.73,9.34],[43.73,9.34],[43.73,9.34],[43.73,9.34],[43.73,9.34],[43.73,9.34],[43.73,9.34],[43.73,9.34],[43.73,9.34],[43.73,9.34],[43.73,9.34],[43.73,9.34],[43.74,9.34],[43.74,9.34],[43.74,9.34],[43.74,9.35],[43.74,9.35],[43.74,9.35],[43.74,9.35],[43.74,9.35],[43.74,9.35],[43.74,9.35],[43.74,9.35],[43.74,9.35],[43.74,9.35],[43.74,9.35],[43.74,9.35],[43.75,9.35],[43.75,9.35],[43.75,9.35],[43.75,9.35],[43.75,9.35],[43.75,9.35],[43.75,9.35],[43.75,9.35],[43.75,9.35],[43.75,9.35],[43.75,9.35],[43.75,9.35],[43.76,9.35],[43.76,9.35],[43.76,9.35],[43.76,9.35],[43.76,9.35],[43.76,9.35],[43.76,9.35],[43.76,9.35],[43.76,9.35],[43.76,9.35],[43.77,9.35],[43.77,9.35],[43.77,9.35],[43.77,9.35],[43.78,9.35],[43.78,9.35],[43.78,9.35],[43.78,9.35],[43.78,9.35],[43.78,9.35],[43.78,9.35],[43.78,9.35],[43.79,9.35],[43.79,9.35],[43.79,9.35],[43.79,9.35],[43.79,9.35],[43.79,9.35],[43.79,9.35],[43.79,9.35],[43.79,9.35],[43.79,9.35],[43.79,9.35],[43.79,9.35],[43.79,9.35],[43.79,9.35],[43.79,9.35],[43.8,9.35],[43.8,9.35],[43.8,9.35],[43.8,9.35],[43.8,9.35],[43.8,9.35],[43.8,9.35],[43.8,9.35],[43.8,9.35],[43.8,9.35],[43.8,9.35],[43.8,9.35],[43.8,9.35],[43.8,9.35],[43.81,9.35],[43.81,9.35],[43.81,9.35],[43.81,9.35],[43.81,9.35],[43.81,9.35],[43.81,9.36],[43.81,9.36],[43.81,9.36],[43.81,9.36],[43.81,9.36],[43.81,9.36],[43.81,9.36],[43.81,9.36],[43.81,9.36],[43.81,9.36],[43.82,9.36],[43.82,9.36],[43.82,9.36],[43.82,9.36],[43.82,9.36],[43.82,9.36],[43.82,9.36],[43.82,9.36],[43.82,9.36],[43.82,9.36],[43.82,9.36],[43.82,9.36],[43.82,9.36],[43.82,9.36],[43.82,9.36],[43.82,9.36],[43.82,9.36],[43.82,9.36],[43.83,9.36],[43.83,9.36],[43.83,9.36],[43.83,9.36],[43.83,9.36],[43.83,9.36],[43.83,9.36],[43.83,9.36],[43.83,9.36],[43.83,9.36],[43.83,9.36],[43.83,9.36],[43.83,9.37],[43.83,9.37],[43.83,9.37],[43.83,9.37],[43.83,9.37],[43.83,9.37],[43.83,9.37],[43.84,9.37],[43.84,9.37],[43.84,9.37],[43.84,9.37],[43.84,9.37],[43.84,9.37],[43.84,9.37],[43.84,9.37],[43.84,9.37],[43.84,9.37],[43.84,9.37],[43.84,9.37],[43.84,9.37],[43.84,9.37],[43.84,9.37],[43.84,9.37],[43.84,9.37],[43.84,9.37],[43.85,9.37],[43.85,9.37],[43.85,9.37],[43.85,9.38],[43.85,9.38],[43.85,9.38],[43.85,9.38],[43.85,9.38],[43.85,9.38],[43.85,9.38],[43.85,9.38],[43.85,9.38],[43.85,9.38],[43.85,9.38],[43.86,9.38],[43.86,9.38],[43.86,9.38],[43.86,9.38],[43.86,9.38],[43.86,9.39],[43.86,9.39],[43.86,9.39],[43.86,9.39],[43.87,9.39],[43.87,9.39],[43.87,9.39],[43.87,9.39],[43.87,9.39],[43.87,9.39],[43.87,9.39],[43.87,9.4],[43.87,9.4],[43.87,9.4],[43.88,9.4],[43.88,9.4],[43.88,9.4],[43.89,9.41],[43.89,9.41],[43.89,9.41],[43.89,9.41],[43.89,9.41],[43.89,9.41],[43.89,9.41],[43.9,9.42],[43.9,9.42],[43.9,9.42],[43.9,9.42],[43.9,9.42],[43.9,9.42],[43.9,9.42],[43.91,9.42],[43.91,9.42],[43.91,9.43],[43.91,9.43],[43.91,9.43],[43.91,9.43],[43.91,9.43],[43.91,9.43],[43.91,9.43],[43.92,9.43],[43.92,9.43],[43.92,9.43],[43.92,9.43],[43.92,9.44],[43.92,9.44],[43.92,9.44],[43.92,9.44],[43.92,9.44],[43.92,9.44],[43.93,9.44],[43.93,9.44],[43.93,9.44],[43.93,9.44],[43.93,9.45],[43.93,9.45],[43.93,9.45],[43.93,9.45],[43.93,9.45],[43.94,9.45],[43.94,9.45],[43.94,9.45],[43.94,9.45],[43.94,9.45],[43.94,9.46],[43.94,9.46],[43.94,9.46],[43.94,9.46],[43.94,9.46],[43.95,9.46],[43.95,9.46],[43.95,9.46],[43.95,9.46],[43.95,9.47],[43.95,9.47],[43.95,9.47],[43.95,9.47],[43.95,9.47],[43.96,9.47],[43.96,9.47],[43.96,9.47],[43.96,9.47],[43.96,9.48],[43.96,9.48],[43.96,9.48],[43.96,9.48],[43.96,9.48],[43.96,9.48],[43.97,9.48],[43.97,9.48],[43.97,9.49],[43.97,9.49],[43.97,9.49],[43.97,9.49],[43.97,9.49],[43.97,9.49],[43.97,9.49],[43.98,9.49],[43.98,9.5],[43.98,9.5],[43.98,9.5],[43.98,9.5],[43.98,9.5],[43.98,9.5],[43.98,9.5],[43.98,9.5],[43.98,9.5],[43.98,9.51],[43.99,9.51],[43.99,9.51],[43.99,9.51],[43.99,9.51],[43.99,9.51],[43.99,9.51],[43.99,9.51],[43.99,9.52],[43.99,9.52],[43.99,9.52],[43.99,9.52],[44,9.52],[44,9.52],[44,9.52],[44,9.52],[44,9.53],[44,9.53],[44,9.53],[44,9.53],[44,9.53],[44.01,9.53],[44.01,9.54],[44.01,9.54],[44.01,9.54],[44.01,9.54],[44.02,9.55],[44.02,9.55],[44.02,9.55],[44.02,9.55],[44.02,9.56],[44.02,9.56],[44.03,9.56],[44.03,9.57],[44.04,9.58],[44.04,9.58],[44.05,9.59],[44.05,9.59],[44.05,9.59],[44.05,9.6],[44.06,9.6],[44.06,9.6],[44.06,9.6],[44.06,9.61],[44.06,9.61],[44.06,9.61],[44.06,9.61],[44.06,9.61],[44.07,9.61],[44.07,9.62],[44.07,9.62],[44.07,9.62],[44.07,9.62],[44.07,9.62],[44.07,9.62],[44.07,9.62],[44.07,9.63],[44.08,9.63],[44.08,9.63],[44.08,9.63],[44.08,9.63],[44.08,9.63],[44.08,9.64],[44.08,9.64],[44.08,9.64],[44.09,9.64],[44.09,9.64],[44.09,9.64],[44.09,9.64],[44.09,9.65],[44.09,9.65],[44.09,9.65],[44.09,9.65],[44.09,9.65],[44.1,9.65],[44.1,9.65],[44.1,9.66],[44.1,9.66],[44.1,9.66],[44.1,9.66],[44.1,9.66],[44.1,9.66],[44.1,9.66],[44.11,9.66],[44.11,9.67],[44.11,9.67],[44.11,9.67],[44.11,9.67],[44.11,9.67],[44.11,9.67],[44.11,9.67],[44.11,9.67],[44.12,9.68],[44.12,9.68],[44.12,9.68],[44.12,9.68],[44.12,9.68],[44.12,9.68],[44.12,9.68],[44.12,9.68],[44.13,9.69],[44.13,9.69],[44.13,9.69],[44.13,9.69],[44.13,9.69],[44.13,9.69],[44.13,9.69],[44.13,9.69],[44.14,9.7],[44.14,9.7],[44.14,9.7],[44.14,9.7],[44.14,9.7],[44.14,9.7],[44.14,9.7],[44.14,9.7],[44.14,9.7],[44.15,9.71],[44.15,9.71],[44.15,9.71],[44.15,9.71],[44.15,9.71],[44.15,9.71],[44.15,9.71],[44.15,9.71],[44.16,9.71],[44.16,9.72],[44.16,9.72],[44.16,9.72],[44.16,9.72],[44.16,9.72],[44.16,9.72],[44.16,9.72],[44.17,9.72],[44.17,9.72],[44.17,9.72],[44.17,9.72],[44.17,9.73],[44.17,9.73],[44.17,9.73],[44.17,9.73],[44.17,9.73],[44.18,9.73],[44.18,9.73],[44.18,9.73],[44.18,9.73],[44.18,9.73],[44.18,9.73],[44.18,9.74],[44.18,9.74],[44.19,9.74],[44.19,9.74],[44.19,9.74],[44.19,9.74],[44.19,9.74],[44.19,9.74],[44.19,9.74],[44.19,9.74],[44.2,9.74],[44.2,9.74],[44.2,9.74],[44.2,9.75],[44.2,9.75],[44.2,9.75],[44.2,9.75],[44.21,9.75],[44.21,9.75],[44.21,9.75],[44.21,9.75],[44.21,9.75],[44.21,9.75],[44.21,9.75],[44.22,9.76],[44.22,9.76],[44.22,9.76],[44.22,9.76],[44.22,9.76],[44.22,9.76],[44.22,9.76],[44.23,9.76],[44.23,9.76],[44.23,9.76],[44.23,9.76],[44.23,9.76],[44.23,9.77],[44.23,9.77],[44.24,9.77],[44.24,9.77],[44.24,9.77],[44.24,9.77],[44.24,9.77],[44.24,9.77],[44.24,9.77],[44.24,9.77],[44.25,9.77],[44.25,9.77],[44.25,9.77],[44.25,9.78],[44.25,9.78],[44.25,9.78],[44.25,9.78],[44.26,9.78],[44.26,9.78],[44.26,9.78],[44.26,9.78],[44.26,9.78],[44.26,9.78],[44.26,9.78],[44.27,9.78],[44.27,9.78],[44.27,9.78],[44.27,9.79],[44.27,9.79],[44.27,9.79],[44.27,9.79],[44.27,9.79],[44.28,9.79],[44.28,9.79],[44.28,9.79],[44.28,9.79],[44.28,9.79],[44.28,9.79],[44.28,9.79],[44.28,9.79],[44.29,9.79],[44.29,9.79],[44.29,9.8],[44.29,9.8],[44.29,9.8],[44.29,9.8],[44.29,9.8],[44.3,9.8],[44.3,9.8],[44.3,9.8],[44.3,9.8],[44.3,9.8],[44.3,9.8],[44.3,9.8],[44.3,9.8],[44.31,9.8],[44.31,9.8],[44.31,9.8],[44.31,9.8],[44.31,9.8],[44.31,9.81],[44.31,9.81],[44.31,9.81],[44.32,9.81],[44.32,9.81],[44.32,9.81],[44.32,9.81],[44.32,9.81],[44.32,9.81],[44.32,9.81],[44.32,9.81],[44.33,9.81],[44.33,9.81],[44.33,9.81],[44.33,9.81],[44.33,9.81],[44.33,9.81],[44.33,9.81],[44.33,9.81],[44.33,9.81],[44.34,9.81],[44.34,9.82],[44.34,9.82],[44.34,9.82],[44.34,9.82],[44.34,9.82],[44.34,9.82],[44.34,9.82],[44.35,9.82],[44.35,9.82],[44.35,9.82],[44.35,9.82],[44.35,9.82],[44.35,9.82],[44.35,9.82],[44.35,9.82],[44.36,9.82],[44.36,9.82],[44.36,9.82],[44.36,9.82],[44.36,9.82],[44.36,9.82],[44.36,9.82],[44.36,9.82],[44.36,9.82],[44.36,9.82],[44.37,9.82],[44.37,9.82],[44.37,9.82],[44.37,9.82],[44.37,9.82],[44.37,9.83],[44.37,9.83],[44.37,9.83],[44.37,9.83],[44.37,9.83],[44.38,9.83],[44.38,9.83],[44.38,9.83],[44.38,9.83],[44.38,9.83],[44.38,9.83],[44.38,9.83],[44.38,9.83],[44.38,9.83],[44.39,9.83],[44.39,9.83],[44.39,9.83],[44.39,9.83],[44.39,9.83],[44.39,9.83],[44.39,9.83],[44.39,9.83],[44.39,9.83],[44.4,9.83],[44.4,9.83],[44.4,9.83],[44.4,9.83],[44.4,9.83],[44.4,9.83],[44.4,9.83],[44.4,9.83],[44.41,9.83],[44.41,9.83],[44.41,9.83],[44.41,9.83],[44.41,9.83],[44.41,9.83],[44.41,9.83],[44.41,9.83],[44.41,9.83],[44.42,9.83],[44.42,9.83],[44.42,9.83],[44.42,9.83],[44.42,9.83],[44.42,9.83],[44.42,9.83],[44.42,9.83],[44.43,9.83],[44.43,9.83],[44.43,9.83],[44.43,9.83],[44.43,9.83],[44.43,9.83],[44.43,9.83],[44.43,9.83],[44.44,9.83],[44.44,9.83],[44.44,9.83],[44.44,9.83],[44.44,9.83],[44.44,9.83],[44.44,9.83],[44.44,9.83],[44.44,9.83],[44.45,9.83],[44.45,9.83],[44.45,9.83],[44.45,9.83],[44.45,9.83],[44.45,9.83],[44.45,9.83],[44.45,9.83],[44.45,9.83],[44.46,9.83],[44.46,9.83],[44.46,9.83],[44.46,9.83],[44.46,9.83],[44.46,9.83],[44.46,9.83],[44.46,9.83],[44.47,9.83],[44.47,9.83],[44.47,9.83],[44.47,9.83],[44.48,9.83],[44.48,9.83],[44.48,9.83],[44.48,9.83],[44.49,9.83],[44.49,9.83],[44.49,9.83],[44.49,9.83],[44.49,9.83],[44.5,9.83],[44.51,9.82],[44.52,9.82],[44.52,9.82],[44.52,9.82],[44.52,9.82],[44.53,9.82],[44.53,9.82],[44.53,9.82],[44.53,9.82],[44.53,9.82],[44.54,9.82],[44.54,9.82],[44.54,9.82],[44.54,9.82],[44.54,9.82],[44.54,9.82],[44.54,9.82],[44.55,9.82],[44.55,9.82],[44.55,9.82],[44.55,9.82],[44.55,9.82],[44.55,9.82],[44.55,9.82],[44.56,9.82],[44.56,9.82],[44.56,9.82],[44.56,9.82],[44.56,9.82],[44.56,9.82],[44.56,9.82],[44.56,9.82],[44.57,9.82],[44.57,9.82],[44.57,9.82],[44.57,9.82],[44.57,9.82],[44.57,9.82],[44.57,9.82],[44.58,9.82],[44.58,9.82],[44.58,9.82],[44.58,9.82],[44.58,9.82],[44.58,9.82],[44.58,9.82],[44.58,9.82],[44.58,9.82],[44.59,9.82],[44.59,9.82],[44.59,9.82],[44.59,9.82],[44.59,9.82],[44.59,9.82],[44.59,9.82],[44.59,9.82],[44.59,9.82],[44.6,9.82],[44.6,9.82],[44.6,9.82],[44.6,9.82],[44.6,9.82],[44.6,9.82],[44.6,9.82],[44.6,9.82],[44.6,9.82],[44.61,9.82],[44.61,9.82],[44.61,9.82],[44.61,9.82],[44.61,9.82],[44.61,9.82],[44.61,9.82],[44.61,9.82],[44.61,9.82],[44.61,9.82],[44.62,9.82],[44.62,9.82],[44.62,9.82],[44.62,9.82],[44.62,9.82],[44.62,9.82],[44.62,9.82],[44.62,9.82],[44.62,9.82],[44.62,9.82],[44.63,9.82],[44.63,9.82],[44.63,9.82],[44.63,9.82],[44.63,9.82],[44.63,9.82],[44.63,9.82],[44.63,9.82],[44.63,9.82],[44.63,9.82],[44.63,9.82],[44.64,9.82],[44.64,9.83],[44.64,9.83],[44.64,9.83],[44.64,9.83],[44.64,9.83],[44.64,9.83],[44.64,9.83],[44.64,9.83],[44.64,9.83],[44.65,9.83],[44.65,9.83],[44.65,9.83],[44.65,9.83],[44.65,9.83],[44.65,9.83],[44.65,9.83],[44.65,9.83],[44.65,9.83],[44.65,9.83],[44.65,9.83],[44.65,9.83],[44.66,9.83],[44.66,9.83],[44.66,9.83],[44.66,9.83],[44.66,9.83],[44.66,9.83],[44.66,9.83],[44.66,9.83],[44.66,9.83],[44.66,9.83],[44.66,9.83],[44.67,9.83],[44.67,9.83],[44.67,9.83],[44.67,9.83],[44.67,9.83],[44.67,9.84],[44.67,9.84],[44.67,9.84],[44.67,9.84],[44.67,9.84],[44.68,9.84],[44.68,9.84],[44.68,9.84],[44.68,9.84],[44.68,9.84],[44.68,9.84],[44.69,9.84],[44.69,9.84],[44.69,9.84],[44.69,9.84],[44.69,9.84],[44.7,9.84],[44.7,9.85],[44.7,9.85],[44.7,9.85],[44.7,9.85],[44.7,9.85],[44.7,9.85],[44.7,9.85],[44.7,9.85],[44.7,9.85],[44.71,9.85],[44.71,9.85],[44.71,9.85],[44.71,9.85],[44.71,9.85],[44.71,9.85],[44.71,9.85],[44.71,9.85],[44.71,9.85],[44.71,9.85],[44.71,9.85],[44.72,9.85],[44.72,9.85],[44.72,9.85],[44.72,9.85],[44.72,9.85],[44.72,9.85],[44.72,9.85],[44.72,9.85],[44.72,9.85],[44.72,9.85],[44.73,9.85],[44.73,9.85],[44.73,9.86],[44.73,9.86],[44.73,9.86],[44.73,9.86],[44.73,9.86],[44.73,9.86],[44.73,9.86],[44.73,9.86],[44.74,9.86],[44.74,9.86],[44.74,9.86],[44.74,9.86],[44.74,9.86],[44.74,9.86],[44.74,9.86],[44.74,9.86],[44.74,9.86],[44.75,9.86],[44.75,9.86],[44.75,9.86],[44.75,9.86],[44.75,9.86],[44.75,9.86],[44.75,9.86],[44.75,9.86],[44.75,9.86],[44.76,9.86],[44.76,9.86],[44.76,9.86],[44.76,9.86],[44.76,9.86],[44.76,9.86],[44.76,9.86],[44.76,9.86],[44.76,9.86],[44.77,9.86],[44.77,9.86],[44.77,9.86],[44.77,9.86],[44.77,9.86],[44.77,9.86],[44.77,9.86],[44.77,9.86],[44.78,9.86],[44.78,9.86],[44.78,9.86],[44.78,9.86],[44.78,9.86],[44.78,9.86],[44.78,9.86],[44.78,9.86],[44.78,9.86],[44.79,9.86],[44.79,9.86],[44.79,9.86],[44.79,9.86],[44.79,9.86],[44.79,9.86],[44.79,9.86],[44.79,9.86],[44.8,9.86],[44.8,9.86],[44.8,9.86],[44.8,9.86],[44.8,9.86],[44.8,9.86],[44.8,9.86],[44.8,9.86],[44.81,9.86],[44.81,9.86],[44.81,9.86],[44.81,9.86],[44.81,9.86],[44.81,9.86],[44.81,9.86],[44.81,9.86],[44.82,9.86],[44.82,9.86],[44.82,9.86],[44.82,9.86],[44.82,9.86],[44.82,9.86],[44.82,9.86],[44.83,9.86],[44.83,9.86],[44.83,9.86],[44.83,9.86],[44.83,9.86],[44.83,9.86],[44.83,9.86],[44.83,9.86],[44.84,9.86],[44.84,9.86],[44.84,9.86],[44.84,9.86],[44.84,9.86],[44.84,9.86],[44.84,9.86],[44.85,9.86],[44.85,9.86],[44.85,9.86],[44.85,9.86],[44.85,9.86],[44.86,9.86],[44.86,9.85],[44.86,9.85],[44.86,9.85],[44.87,9.85],[44.87,9.85],[44.88,9.85],[44.89,9.85],[44.89,9.85],[44.89,9.85],[44.89,9.85],[44.89,9.85],[44.9,9.85],[44.9,9.85],[44.9,9.85],[44.9,9.85],[44.91,9.85],[44.91,9.85],[44.91,9.85],[44.91,9.85],[44.91,9.85],[44.92,9.85],[44.92,9.85],[44.92,9.85],[44.92,9.85],[44.92,9.85],[44.93,9.85],[44.93,9.85],[44.93,9.85],[44.93,9.85],[44.93,9.85],[44.94,9.85],[44.94,9.85],[44.94,9.85],[44.94,9.84],[44.94,9.84],[44.94,9.84],[44.94,9.84],[44.94,9.84],[44.94,9.84],[44.94,9.84],[44.94,9.84],[44.95,9.84],[44.95,9.84],[44.95,9.84],[44.95,9.84],[44.95,9.84],[44.95,9.84],[44.95,9.84],[44.95,9.84],[44.95,9.84],[44.96,9.84],[44.96,9.84],[44.96,9.84],[44.96,9.84],[44.96,9.84],[44.96,9.84],[44.96,9.84],[44.96,9.84],[44.96,9.84],[44.97,9.84],[44.97,9.84],[44.97,9.84],[44.97,9.84],[44.97,9.84],[44.97,9.84],[44.97,9.84],[44.97,9.84],[44.97,9.84],[44.98,9.84],[44.98,9.84],[44.98,9.84],[44.98,9.84],[44.98,9.84],[44.98,9.84],[44.98,9.84],[44.98,9.84],[44.98,9.84],[44.98,9.84],[44.99,9.84],[44.99,9.84],[44.99,9.84],[44.99,9.84],[44.99,9.84],[44.99,9.84],[44.99,9.84],[44.99,9.84],[44.99,9.84],[44.99,9.84],[44.99,9.84],[45,9.84],[45,9.84],[45,9.84],[45,9.85],[45,9.85],[45,9.85],[45,9.85],[45,9.85],[45,9.85],[45,9.85],[45.01,9.85],[45.01,9.85],[45.01,9.85],[45.01,9.85],[45.01,9.85],[45.01,9.85],[45.01,9.85],[45.01,9.85],[45.01,9.85],[45.01,9.85],[45.02,9.85],[45.02,9.85],[45.02,9.85],[45.02,9.85],[45.02,9.85],[45.02,9.85],[45.02,9.85],[45.02,9.85],[45.03,9.85],[45.03,9.85],[45.03,9.85],[45.03,9.85],[45.03,9.85],[45.03,9.85],[45.03,9.85],[45.03,9.85],[45.03,9.85],[45.04,9.85],[45.04,9.85],[45.04,9.85],[45.04,9.85],[45.04,9.85],[45.04,9.85],[45.04,9.85],[45.04,9.85],[45.05,9.85],[45.05,9.85],[45.05,9.85],[45.05,9.85],[45.05,9.85],[45.05,9.85],[45.05,9.85],[45.05,9.85],[45.06,9.85],[45.06,9.86],[45.06,9.86],[45.06,9.86],[45.06,9.86],[45.06,9.86],[45.06,9.86],[45.06,9.86],[45.07,9.86],[45.07,9.86],[45.07,9.86],[45.07,9.86],[45.07,9.86],[45.07,9.86],[45.07,9.86],[45.07,9.86],[45.07,9.86],[45.08,9.86],[45.08,9.86],[45.08,9.86],[45.08,9.86],[45.08,9.86],[45.08,9.86],[45.08,9.86],[45.08,9.86],[45.09,9.86],[45.09,9.86],[45.09,9.86],[45.09,9.86],[45.09,9.86],[45.09,9.86],[45.09,9.86],[45.09,9.86],[45.1,9.86],[45.1,9.86],[45.1,9.87],[45.1,9.87],[45.1,9.87],[45.1,9.87],[45.1,9.87],[45.1,9.87],[45.11,9.87],[45.11,9.87],[45.11,9.87],[45.11,9.87],[45.11,9.87],[45.11,9.87],[45.11,9.87],[45.11,9.87],[45.12,9.87],[45.12,9.87],[45.12,9.87],[45.12,9.87],[45.12,9.87],[45.12,9.87],[45.12,9.87],[45.12,9.87],[45.12,9.87],[45.13,9.87],[45.13,9.87],[45.13,9.87],[45.13,9.87],[45.13,9.87],[45.13,9.88],[45.13,9.88],[45.13,9.88],[45.14,9.88],[45.14,9.88],[45.14,9.88],[45.14,9.88],[45.14,9.88],[45.14,9.88],[45.14,9.88],[45.14,9.88],[45.15,9.88],[45.15,9.88],[45.15,9.88],[45.15,9.88],[45.15,9.88],[45.15,9.88],[45.15,9.88],[45.15,9.88],[45.16,9.88],[45.16,9.88],[45.16,9.88],[45.16,9.88],[45.16,9.88],[45.16,9.88],[45.16,9.89],[45.16,9.89],[45.16,9.89],[45.17,9.89],[45.17,9.89],[45.17,9.89],[45.17,9.89],[45.17,9.89],[45.17,9.89],[45.17,9.89],[45.17,9.89],[45.18,9.89],[45.18,9.89],[45.18,9.89],[45.18,9.89],[45.18,9.89],[45.18,9.89],[45.18,9.89],[45.18,9.89],[45.19,9.89],[45.19,9.89],[45.19,9.89],[45.19,9.9],[45.19,9.9],[45.19,9.9],[45.19,9.9],[45.19,9.9],[45.19,9.9],[45.2,9.9],[45.2,9.9],[45.2,9.9],[45.2,9.9],[45.2,9.9],[45.2,9.9],[45.2,9.9],[45.2,9.9],[45.21,9.9],[45.21,9.9],[45.21,9.9],[45.21,9.9],[45.21,9.9],[45.21,9.9],[45.21,9.9],[45.21,9.91],[45.22,9.91],[45.22,9.91],[45.22,9.91],[45.22,9.91],[45.22,9.91],[45.22,9.91],[45.22,9.91],[45.22,9.91],[45.22,9.91],[45.23,9.91],[45.23,9.91],[45.23,9.91],[45.23,9.91],[45.23,9.91],[45.23,9.91],[45.23,9.91],[45.23,9.91],[45.23,9.91],[45.24,9.92],[45.24,9.92],[45.24,9.92],[45.24,9.92],[45.24,9.92],[45.24,9.92],[45.24,9.92],[45.24,9.92],[45.25,9.92],[45.25,9.92],[45.25,9.92],[45.25,9.92],[45.25,9.92],[45.25,9.92],[45.25,9.92],[45.25,9.92],[45.25,9.92],[45.26,9.92],[45.26,9.92],[45.26,9.93],[45.26,9.93],[45.26,9.93],[45.26,9.93],[45.26,9.93],[45.26,9.93],[45.26,9.93],[45.27,9.93],[45.27,9.93],[45.27,9.93],[45.27,9.93],[45.27,9.93],[45.27,9.93],[45.27,9.93],[45.27,9.93],[45.27,9.93],[45.28,9.93],[45.28,9.94],[45.28,9.94],[45.28,9.94],[45.28,9.94],[45.28,9.94],[45.28,9.94],[45.28,9.94],[45.28,9.94],[45.29,9.94],[45.29,9.94],[45.29,9.94],[45.29,9.94],[45.29,9.94],[45.29,9.94],[45.29,9.94],[45.29,9.94],[45.29,9.94],[45.3,9.95],[45.3,9.95],[45.3,9.95],[45.3,9.95],[45.3,9.95],[45.3,9.95],[45.3,9.95],[45.3,9.95],[45.3,9.95],[45.31,9.95],[45.31,9.95],[45.31,9.95],[45.31,9.95],[45.31,9.95],[45.31,9.95],[45.31,9.95],[45.31,9.96],[45.31,9.96],[45.31,9.96],[45.31,9.96],[45.32,9.96],[45.32,9.96],[45.32,9.96],[45.32,9.96],[45.32,9.96],[45.32,9.96],[45.32,9.96],[45.32,9.96],[45.32,9.96],[45.32,9.96],[45.32,9.96],[45.32,9.96],[45.32,9.96],[45.32,9.96],[45.32,9.96],[45.32,9.96],[45.33,9.96],[45.33,9.96],[45.33,9.96],[45.33,9.96],[45.33,9.96],[45.33,9.96],[45.33,9.97],[45.33,9.97],[45.33,9.97],[45.33,9.97],[45.33,9.97],[45.33,9.97],[45.33,9.97],[45.33,9.97],[45.33,9.97],[45.33,9.97],[45.33,9.97],[45.34,9.97],[45.34,9.97],[45.34,9.97],[45.34,9.97],[45.34,9.97],[45.34,9.97],[45.34,9.97],[45.34,9.97],[45.34,9.97],[45.34,9.97],[45.34,9.98],[45.34,9.98],[45.34,9.98],[45.34,9.98],[45.34,9.98],[45.35,9.98],[45.35,9.98],[45.35,9.98],[45.35,9.98],[45.35,9.98],[45.35,9.98],[45.35,9.98],[45.35,9.98],[45.35,9.98],[45.35,9.98],[45.35,9.98],[45.35,9.98],[45.35,9.99],[45.35,9.99],[45.36,9.99],[45.36,9.99],[45.36,9.99],[45.36,9.99],[45.36,9.99],[45.36,9.99],[45.36,9.99],[45.36,10],[45.37,10],[45.37,10],[45.37,10],[45.37,10],[45.37,10],[45.37,10],[45.37,10],[45.37,10],[45.38,10.01],[45.38,10.01],[45.38,10.01],[45.38,10.01],[45.38,10.01],[45.38,10.01],[45.38,10.01],[45.39,10.02],[45.39,10.02],[45.4,10.03],[45.4,10.03],[45.4,10.03],[45.4,10.03],[45.4,10.03],[45.4,10.03],[45.41,10.04],[45.41,10.04],[45.41,10.04],[45.41,10.04],[45.41,10.04],[45.41,10.04],[45.42,10.05],[45.42,10.05],[45.42,10.05],[45.42,10.05],[45.42,10.05],[45.42,10.05],[45.42,10.05],[45.42,10.05],[45.42,10.05],[45.42,10.05],[45.43,10.06],[45.43,10.06],[45.43,10.06],[45.43,10.06],[45.43,10.06],[45.43,10.06],[45.43,10.06],[45.43,10.06],[45.43,10.06],[45.43,10.06],[45.43,10.06],[45.43,10.06],[45.44,10.06],[45.44,10.06],[45.44,10.07],[45.44,10.07],[45.44,10.07],[45.44,10.07],[45.44,10.07],[45.44,10.07],[45.44,10.07],[45.44,10.07],[45.44,10.07],[45.44,10.07],[45.44,10.07],[45.45,10.07],[45.45,10.07],[45.45,10.07],[45.45,10.07],[45.45,10.07],[45.45,10.08],[45.45,10.08],[45.45,10.08],[45.45,10.08],[45.45,10.08],[45.45,10.08],[45.46,10.08],[45.46,10.08],[45.46,10.08],[45.46,10.08],[45.46,10.08],[45.46,10.08],[45.46,10.08],[45.46,10.08],[45.46,10.08],[45.46,10.08],[45.46,10.09],[45.46,10.09],[45.47,10.09],[45.47,10.09],[45.47,10.09],[45.47,10.09],[45.47,10.09],[45.47,10.09],[45.47,10.09],[45.47,10.09],[45.47,10.09],[45.47,10.09],[45.47,10.09],[45.48,10.09],[45.48,10.09],[45.48,10.09],[45.48,10.09],[45.48,10.09],[45.48,10.09],[45.48,10.09],[45.48,10.09],[45.48,10.1],[45.48,10.1],[45.48,10.1],[45.48,10.1],[45.49,10.1],[45.49,10.1],[45.49,10.1],[45.49,10.1],[45.49,10.1],[45.49,10.1],[45.49,10.1],[45.49,10.1],[45.49,10.1],[45.49,10.1],[45.49,10.1],[45.49,10.1],[45.5,10.1],[45.5,10.1],[45.5,10.1],[45.5,10.1],[45.5,10.1],[45.5,10.1],[45.5,10.1],[45.5,10.1],[45.5,10.1],[45.5,10.1],[45.5,10.1],[45.5,10.1],[45.5,10.1],[45.51,10.1],[45.51,10.1],[45.51,10.1],[45.51,10.11],[45.51,10.11],[45.51,10.11],[45.51,10.11],[45.51,10.11],[45.51,10.11],[45.51,10.11],[45.52,10.11],[45.52,10.11],[45.52,10.11],[45.52,10.11],[45.52,10.11],[45.52,10.11],[45.52,10.11],[45.53,10.11],[45.53,10.11],[45.53,10.11],[45.53,10.11],[45.53,10.11],[45.53,10.11],[45.54,10.11],[45.54,10.11],[45.54,10.11],[45.54,10.11],[45.54,10.11],[45.54,10.11],[45.54,10.11],[45.55,10.11],[45.55,10.11],[45.55,10.11],[45.55,10.11],[45.55,10.12],[45.55,10.12],[45.56,10.12],[45.56,10.12],[45.56,10.12],[45.56,10.12],[45.56,10.12],[45.56,10.12],[45.57,10.12],[45.57,10.12],[45.57,10.12],[45.57,10.12],[45.57,10.12],[45.57,10.12],[45.57,10.12],[45.58,10.12],[45.58,10.12],[45.58,10.12],[45.58,10.12],[45.58,10.12],[45.58,10.12],[45.59,10.12],[45.59,10.12],[45.59,10.12],[45.59,10.12],[45.59,10.12],[45.59,10.12],[45.6,10.12],[45.6,10.12],[45.6,10.12],[45.6,10.12],[45.6,10.12],[45.6,10.12],[45.6,10.12],[45.6,10.12],[45.6,10.12],[45.61,10.12],[45.61,10.12],[45.61,10.12],[45.61,10.12],[45.61,10.12],[45.61,10.12],[45.61,10.12],[45.61,10.12],[45.61,10.12],[45.61,10.12],[45.62,10.12],[45.62,10.12],[45.62,10.12],[45.62,10.12],[45.62,10.12],[45.62,10.12],[45.62,10.12],[45.62,10.12],[45.62,10.12],[45.62,10.12],[45.62,10.12],[45.63,10.12],[45.63,10.12],[45.63,10.12],[45.63,10.12],[45.63,10.12],[45.63,10.12],[45.63,10.12],[45.63,10.12],[45.63,10.12],[45.63,10.12],[45.64,10.12],[45.64,10.12],[45.64,10.12],[45.64,10.12],[45.64,10.12],[45.64,10.12],[45.64,10.12],[45.64,10.12],[45.64,10.12],[45.64,10.12],[45.65,10.12],[45.65,10.12],[45.65,10.12],[45.65,10.12],[45.65,10.12],[45.65,10.12],[45.65,10.12],[45.65,10.12],[45.65,10.12],[45.65,10.12],[45.66,10.12],[45.66,10.12],[45.66,10.12],[45.66,10.12],[45.66,10.12],[45.66,10.12],[45.66,10.12],[45.66,10.12],[45.66,10.12],[45.66,10.12],[45.67,10.12],[45.67,10.12],[45.67,10.12],[45.67,10.12],[45.67,10.11],[45.67,10.11],[45.67,10.11],[45.67,10.11],[45.67,10.11],[45.67,10.11],[45.68,10.11],[45.68,10.11],[45.68,10.11],[45.68,10.11],[45.68,10.11],[45.68,10.11],[45.68,10.11],[45.68,10.11],[45.68,10.11],[45.69,10.11],[45.69,10.11],[45.69,10.11],[45.69,10.11],[45.69,10.11],[45.69,10.11],[45.69,10.11],[45.69,10.11],[45.69,10.11],[45.69,10.11],[45.7,10.11],[45.7,10.11],[45.7,10.11],[45.7,10.11],[45.7,10.11],[45.7,10.11],[45.7,10.11],[45.7,10.11],[45.7,10.11],[45.7,10.11],[45.71,10.11],[45.71,10.11],[45.71,10.11],[45.71,10.11],[45.71,10.11],[45.71,10.11],[45.71,10.11],[45.71,10.11],[45.71,10.11],[45.72,10.11],[45.72,10.1],[45.72,10.1],[45.72,10.1],[45.72,10.1],[45.72,10.1],[45.72,10.1],[45.72,10.1],[45.72,10.1],[45.72,10.1],[45.73,10.1],[45.73,10.1],[45.73,10.1],[45.73,10.1],[45.73,10.1],[45.73,10.1],[45.73,10.1],[45.73,10.1],[45.73,10.1],[45.73,10.1],[45.73,10.1],[45.73,10.1],[45.73,10.1],[45.73,10.1],[45.73,10.1],[45.73,10.1],[45.73,10.1],[45.74,10.1],[45.74,10.1],[45.74,10.1],[45.74,10.1],[45.74,10.1],[45.74,10.1],[45.74,10.1],[45.74,10.1],[45.74,10.1],[45.74,10.1],[45.74,10.1],[45.74,10.1],[45.74,10.1],[45.74,10.1],[45.74,10.1],[45.74,10.1],[45.74,10.1],[45.74,10.1],[45.75,10.1],[45.75,10.09],[45.75,10.09],[45.75,10.09],[45.75,10.09],[45.75,10.09],[45.75,10.09],[45.75,10.09],[45.75,10.09],[45.75,10.09],[45.75,10.09],[45.75,10.09],[45.75,10.09],[45.75,10.09],[45.75,10.09],[45.75,10.09],[45.75,10.09],[45.75,10.09],[45.76,10.09],[45.76,10.09],[45.76,10.09],[45.76,10.09],[45.76,10.09],[45.76,10.09],[45.76,10.09],[45.76,10.09],[45.76,10.09],[45.76,10.09],[45.76,10.09],[45.76,10.09],[45.76,10.09],[45.77,10.09],[45.77,10.08],[45.77,10.08],[45.77,10.08],[45.77,10.08],[45.77,10.08],[45.77,10.08],[45.77,10.08],[45.77,10.08],[45.77,10.08],[45.78,10.08],[45.78,10.08],[45.78,10.08],[45.78,10.08],[45.78,10.08],[45.78,10.08],[45.78,10.07],[45.78,10.07],[45.78,10.07],[45.79,10.07],[45.79,10.07],[45.79,10.07],[45.79,10.07],[45.79,10.07],[45.79,10.07],[45.8,10.07],[45.8,10.06],[45.8,10.06],[45.81,10.06],[45.81,10.06],[45.81,10.06],[45.81,10.06],[45.81,10.06],[45.81,10.06],[45.81,10.05],[45.81,10.05],[45.82,10.05],[45.82,10.05],[45.82,10.05],[45.82,10.05],[45.82,10.05],[45.82,10.05],[45.82,10.05],[45.82,10.05],[45.83,10.05],[45.83,10.05],[45.83,10.05],[45.83,10.05],[45.83,10.04],[45.83,10.04],[45.83,10.04],[45.83,10.04],[45.84,10.04],[45.84,10.04],[45.84,10.04],[45.84,10.04],[45.84,10.04],[45.84,10.04],[45.84,10.04],[45.84,10.04],[45.84,10.04],[45.84,10.04],[45.84,10.04],[45.84,10.04],[45.84,10.04],[45.84,10.04],[45.85,10.04],[45.85,10.04],[45.85,10.04],[45.85,10.04],[45.85,10.04],[45.85,10.04],[45.85,10.04],[45.85,10.04],[45.85,10.03],[45.85,10.03],[45.85,10.03],[45.85,10.03],[45.85,10.03],[45.85,10.03],[45.85,10.03],[45.85,10.03],[45.85,10.03],[45.85,10.03],[45.85,10.03],[45.86,10.03],[45.86,10.03],[45.86,10.03],[45.86,10.03],[45.86,10.03],[45.86,10.03],[45.86,10.03],[45.86,10.03],[45.86,10.03],[45.86,10.03],[45.86,10.03],[45.86,10.03],[45.86,10.03],[45.86,10.03],[45.86,10.03],[45.86,10.03],[45.86,10.03],[45.86,10.03],[45.86,10.03],[45.87,10.03],[45.87,10.03],[45.87,10.03],[45.87,10.03],[45.87,10.03],[45.87,10.03],[45.87,10.03],[45.87,10.03],[45.87,10.03],[45.87,10.03],[45.87,10.03],[45.87,10.03],[45.87,10.03],[45.87,10.03],[45.87,10.03],[45.87,10.03],[45.88,10.03],[45.88,10.03],[45.88,10.03],[45.88,10.02],[45.88,10.02],[45.88,10.02],[45.89,10.02],[45.89,10.02],[45.89,10.02],[45.89,10.02],[45.89,10.02],[45.89,10.02],[45.9,10.02],[45.9,10.02],[45.9,10.02],[45.9,10.02],[45.9,10.02],[45.9,10.02],[45.91,10.02],[45.91,10.02],[45.91,10.02],[45.91,10.02],[45.91,10.02],[45.91,10.02],[45.92,10.02],[45.92,10.02],[45.92,10.02],[45.92,10.02],[45.92,10.02],[45.92,10.02],[45.93,10.02],[45.93,10.02],[45.93,10.02],[45.93,10.02],[45.93,10.02],[45.93,10.02],[45.94,10.02],[45.94,10.02],[45.94,10.02],[45.94,10.02],[45.94,10.02],[45.94,10.02],[45.95,10.02],[45.95,10.02],[45.95,10.02],[45.95,10.02],[45.95,10.02],[45.95,10.02],[45.95,10.02],[45.96,10.02],[45.96,10.02],[45.96,10.02],[45.96,10.02],[45.96,10.02],[45.96,10.02],[45.96,10.02],[45.96,10.02],[45.96,10.02],[45.96,10.02],[45.96,10.02],[45.96,10.02],[45.96,10.02],[45.97,10.02],[45.97,10.02],[45.97,10.02],[45.97,10.02],[45.97,10.02],[45.97,10.02],[45.97,10.02],[45.97,10.02],[45.97,10.02],[45.97,10.02],[45.97,10.02],[45.97,10.02],[45.98,10.02],[45.98,10.02],[45.98,10.02],[45.98,10.02],[45.98,10.02],[45.98,10.02],[45.98,10.02],[45.98,10.02],[45.98,10.02],[45.98,10.02],[45.98,10.02],[45.98,10.02],[45.98,10.02],[45.98,10.02],[45.99,10.02],[45.99,10.02],[45.99,10.02],[45.99,10.02],[45.99,10.02],[45.99,10.02],[45.99,10.02],[45.99,10.02],[45.99,10.02],[45.99,10.02],[45.99,10.02],[45.99,10.02],[45.99,10.02],[46,10.02],[46,10.02],[46,10.02],[46,10.02],[46,10.02],[46,10.02],[46,10.02],[46,10.02],[46,10.02],[46,10.02],[46,10.02],[46,10.02],[46,10.02],[46.01,10.02],[46.01,10.02],[46.01,10.02],[46.01,10.02],[46.01,10.02],[46.01,10.02],[46.01,10.02],[46.01,10.02],[46.01,10.02],[46.01,10.02],[46.01,10.02],[46.01,10.02],[46.01,10.02],[46.01,10.02],[46.02,10.02],[46.02,10.02],[46.02,10.02],[46.02,10.02],[46.02,10.02],[46.02,10.02],[46.02,10.02],[46.02,10.02],[46.02,10.02],[46.02,10.02],[46.02,10.02],[46.02,10.02],[46.02,10.02],[46.02,10.02],[46.02,10.02],[46.03,10.02],[46.03,10.02],[46.03,10.02],[46.03,10.02],[46.03,10.02],[46.03,10.02],[46.03,10.02],[46.03,10.02],[46.03,10.02],[46.03,10.02],[46.03,10.02],[46.03,10.02],[46.03,10.02],[46.03,10.02],[46.03,10.02],[46.04,10.02],[46.04,10.02],[46.04,10.02],[46.04,10.02],[46.04,10.02],[46.04,10.02],[46.04,10.02],[46.04,10.02],[46.04,10.02],[46.04,10.02],[46.04,10.02],[46.04,10.02],[46.04,10.03],[46.04,10.03],[46.04,10.03],[46.04,10.03],[46.05,10.03],[46.05,10.03],[46.05,10.03],[46.05,10.03],[46.05,10.03],[46.05,10.03],[46.05,10.03],[46.05,10.03],[46.05,10.03],[46.05,10.03],[46.05,10.03],[46.05,10.03],[46.05,10.03],[46.05,10.03],[46.05,10.03],[46.05,10.03],[46.06,10.03],[46.06,10.03],[46.06,10.03],[46.06,10.03],[46.06,10.03],[46.06,10.03],[46.06,10.03],[46.06,10.03],[46.06,10.03],[46.06,10.03],[46.06,10.03],[46.06,10.03],[46.06,10.03],[46.06,10.03],[46.06,10.03],[46.06,10.03],[46.06,10.03],[46.06,10.03],[46.06,10.03],[46.07,10.03],[46.07,10.03],[46.07,10.03],[46.07,10.03],[46.07,10.03],[46.07,10.03],[46.07,10.03],[46.07,10.03],[46.07,10.04],[46.07,10.04],[46.07,10.04],[46.07,10.04],[46.07,10.04],[46.07,10.04],[46.07,10.04],[46.07,10.04],[46.08,10.04],[46.08,10.04],[46.08,10.04],[46.08,10.04],[46.08,10.04],[46.08,10.04],[46.08,10.04],[46.08,10.04],[46.08,10.04],[46.08,10.04],[46.08,10.04],[46.08,10.04],[46.08,10.04],[46.09,10.05],[46.09,10.05],[46.09,10.05],[46.09,10.05],[46.09,10.05],[46.09,10.05],[46.09,10.05],[46.09,10.05],[46.09,10.05],[46.09,10.05],[46.09,10.05],[46.09,10.05],[46.09,10.05],[46.1,10.05],[46.1,10.05],[46.1,10.05],[46.1,10.06],[46.1,10.06],[46.1,10.06],[46.1,10.06],[46.1,10.06],[46.1,10.06],[46.1,10.06],[46.1,10.06],[46.1,10.06],[46.11,10.06],[46.11,10.06],[46.11,10.06],[46.11,10.07],[46.11,10.07],[46.11,10.07],[46.12,10.07],[46.12,10.07],[46.12,10.08],[46.12,10.08],[46.12,10.08],[46.12,10.08],[46.13,10.08],[46.13,10.08],[46.13,10.08],[46.13,10.08],[46.13,10.08],[46.13,10.08],[46.13,10.08],[46.13,10.09],[46.13,10.09],[46.13,10.09],[46.13,10.09],[46.13,10.09],[46.13,10.09],[46.14,10.09],[46.14,10.09],[46.14,10.09],[46.14,10.09],[46.14,10.09],[46.14,10.09],[46.14,10.09],[46.14,10.09],[46.14,10.09],[46.14,10.09],[46.14,10.09],[46.14,10.1],[46.14,10.1],[46.15,10.1],[46.15,10.1],[46.15,10.1],[46.15,10.1],[46.15,10.1],[46.15,10.1],[46.15,10.1],[46.15,10.1],[46.15,10.1],[46.15,10.1],[46.15,10.1],[46.15,10.1],[46.15,10.1],[46.15,10.1],[46.16,10.1],[46.16,10.1],[46.16,10.1],[46.16,10.1],[46.16,10.11],[46.16,10.11],[46.16,10.11],[46.16,10.11],[46.16,10.11],[46.16,10.11],[46.16,10.11],[46.16,10.11],[46.16,10.11],[46.16,10.11],[46.16,10.11],[46.17,10.11],[46.17,10.11],[46.17,10.11],[46.17,10.11],[46.17,10.11],[46.17,10.11],[46.17,10.11],[46.17,10.11],[46.17,10.11],[46.17,10.11],[46.17,10.11],[46.17,10.11],[46.17,10.11],[46.17,10.11],[46.17,10.11],[46.18,10.11],[46.18,10.11],[46.18,10.11],[46.18,10.11],[46.18,10.11],[46.18,10.11],[46.18,10.12],[46.18,10.12],[46.18,10.12],[46.18,10.12],[46.18,10.12],[46.18,10.12],[46.18,10.12],[46.19,10.12],[46.19,10.12],[46.19,10.12],[46.19,10.12],[46.19,10.12],[46.19,10.12],[46.19,10.12],[46.19,10.12],[46.19,10.12],[46.19,10.12],[46.19,10.12],[46.2,10.12],[46.2,10.12],[46.2,10.12],[46.2,10.12],[46.2,10.12],[46.2,10.12],[46.2,10.12],[46.2,10.12],[46.21,10.12],[46.21,10.12],[46.21,10.12],[46.21,10.13],[46.22,10.13],[46.22,10.13],[46.22,10.13],[46.22,10.13],[46.22,10.13],[46.23,10.13],[46.23,10.13],[46.23,10.13],[46.23,10.13],[46.23,10.13],[46.23,10.13],[46.23,10.13],[46.23,10.13],[46.23,10.13],[46.24,10.13],[46.24,10.13],[46.24,10.13],[46.24,10.13],[46.24,10.13],[46.24,10.13],[46.24,10.13],[46.24,10.13],[46.24,10.13],[46.24,10.14],[46.24,10.14],[46.24,10.14],[46.25,10.14],[46.25,10.14],[46.25,10.14],[46.25,10.14],[46.25,10.14],[46.25,10.14],[46.25,10.14],[46.25,10.14],[46.25,10.14],[46.25,10.14],[46.25,10.14],[46.25,10.14],[46.26,10.14],[46.26,10.14],[46.26,10.14],[46.26,10.14],[46.26,10.14],[46.26,10.14],[46.26,10.14],[46.26,10.14],[46.26,10.14],[46.26,10.14],[46.26,10.14],[46.26,10.14],[46.26,10.14],[46.26,10.14],[46.27,10.14],[46.27,10.15],[46.27,10.15],[46.27,10.15],[46.27,10.15],[46.27,10.15],[46.27,10.15],[46.27,10.15],[46.27,10.15],[46.27,10.15],[46.27,10.15],[46.27,10.15],[46.27,10.15],[46.27,10.15],[46.27,10.15],[46.27,10.15],[46.28,10.15],[46.28,10.15],[46.28,10.15],[46.28,10.15],[46.28,10.15],[46.28,10.15],[46.28,10.15],[46.28,10.15],[46.28,10.15],[46.28,10.15],[46.28,10.15],[46.28,10.16],[46.28,10.16],[46.28,10.16],[46.28,10.16],[46.28,10.16],[46.28,10.16],[46.29,10.16],[46.29,10.16],[46.29,10.16],[46.29,10.16],[46.29,10.16],[46.29,10.16],[46.29,10.16],[46.29,10.16],[46.29,10.16],[46.29,10.16],[46.29,10.16],[46.29,10.16],[46.29,10.16],[46.29,10.16],[46.29,10.16],[46.29,10.17],[46.3,10.17],[46.3,10.17],[46.3,10.17],[46.3,10.17],[46.3,10.17],[46.3,10.17],[46.3,10.17],[46.3,10.17],[46.3,10.17],[46.3,10.17],[46.3,10.17],[46.3,10.17],[46.3,10.17],[46.3,10.17],[46.3,10.17],[46.3,10.18],[46.3,10.18],[46.31,10.18],[46.31,10.18],[46.31,10.18],[46.31,10.18],[46.31,10.18],[46.31,10.18],[46.31,10.18],[46.31,10.18],[46.31,10.18],[46.31,10.18],[46.31,10.18],[46.31,10.18],[46.31,10.18],[46.31,10.18],[46.31,10.18],[46.31,10.18],[46.31,10.19],[46.31,10.19],[46.31,10.19],[46.32,10.19],[46.32,10.19],[46.32,10.19],[46.32,10.19],[46.32,10.19],[46.32,10.19],[46.32,10.19],[46.32,10.19],[46.32,10.2],[46.32,10.2],[46.32,10.2],[46.33,10.2],[46.33,10.2],[46.33,10.2],[46.33,10.2],[46.33,10.2],[46.33,10.21],[46.33,10.21],[46.33,10.21],[46.33,10.21],[46.33,10.21],[46.34,10.21],[46.34,10.22],[46.34,10.22],[46.35,10.22],[46.35,10.23],[46.35,10.23],[46.35,10.23],[46.35,10.23],[46.35,10.23],[46.35,10.23],[46.35,10.24],[46.35,10.24],[46.35,10.24],[46.36,10.24],[46.36,10.24],[46.36,10.24],[46.36,10.24],[46.36,10.24],[46.36,10.24],[46.36,10.24],[46.36,10.24],[46.36,10.24],[46.36,10.24],[46.36,10.25],[46.36,10.25],[46.36,10.25],[46.36,10.25],[46.36,10.25],[46.37,10.25],[46.37,10.25],[46.37,10.25],[46.37,10.25],[46.37,10.25],[46.37,10.25],[46.37,10.25],[46.37,10.25],[46.37,10.25],[46.37,10.26],[46.37,10.26],[46.37,10.26],[46.37,10.26],[46.37,10.26],[46.37,10.26],[46.38,10.26],[46.38,10.26],[46.38,10.26],[46.38,10.26],[46.38,10.26],[46.38,10.26],[46.38,10.26],[46.38,10.26],[46.38,10.26],[46.38,10.27],[46.38,10.27],[46.38,10.27],[46.38,10.27],[46.38,10.27],[46.38,10.27],[46.38,10.27],[46.39,10.27],[46.39,10.27],[46.39,10.27],[46.39,10.27],[46.39,10.27],[46.39,10.27],[46.39,10.27],[46.39,10.27],[46.39,10.27],[46.39,10.27],[46.39,10.27],[46.39,10.28],[46.39,10.28],[46.39,10.28],[46.39,10.28],[46.4,10.28],[46.4,10.28],[46.4,10.28],[46.4,10.28],[46.4,10.28],[46.4,10.28],[46.4,10.28],[46.4,10.28],[46.4,10.28],[46.4,10.28],[46.4,10.28],[46.4,10.28],[46.4,10.28],[46.4,10.28],[46.4,10.28],[46.41,10.28],[46.41,10.28],[46.41,10.28],[46.41,10.29],[46.41,10.29],[46.41,10.29],[46.41,10.29],[46.41,10.29],[46.41,10.29],[46.41,10.29],[46.41,10.29],[46.41,10.29],[46.41,10.29],[46.41,10.29],[46.42,10.29],[46.42,10.29],[46.42,10.29],[46.42,10.29],[46.42,10.29],[46.42,10.29],[46.42,10.29],[46.42,10.29],[46.42,10.29],[46.42,10.29],[46.42,10.29],[46.42,10.29],[46.42,10.29],[46.42,10.29],[46.42,10.29],[46.43,10.29],[46.43,10.29],[46.43,10.29],[46.43,10.29],[46.43,10.29],[46.43,10.29],[46.43,10.29],[46.43,10.29],[46.43,10.29],[46.43,10.29],[46.43,10.29],[46.43,10.29],[46.43,10.29],[46.43,10.29],[46.43,10.29],[46.43,10.29],[46.43,10.29],[46.43,10.29],[46.43,10.29],[46.43,10.29],[46.43,10.29],[46.43,10.29],[46.43,10.29],[46.44,10.29],[46.44,10.29],[46.44,10.29],[46.44,10.3],[46.44,10.3],[46.44,10.3],[46.44,10.3],[46.44,10.3],[46.44,10.3],[46.44,10.3],[46.44,10.3],[46.45,10.3],[46.45,10.3],[46.45,10.3],[46.45,10.3],[46.45,10.3],[46.45,10.3],[46.45,10.3],[46.45,10.3],[46.45,10.3],[46.45,10.3],[46.45,10.3],[46.46,10.3],[46.46,10.3],[46.46,10.3],[46.46,10.3],[46.46,10.3],[46.46,10.3],[46.46,10.3],[46.46,10.3],[46.46,10.3],[46.47,10.3],[46.47,10.3],[46.47,10.3],[46.47,10.3],[46.47,10.3],[46.47,10.3],[46.47,10.3],[46.47,10.3],[46.47,10.3],[46.47,10.3],[46.48,10.3],[46.48,10.3],[46.48,10.3],[46.48,10.3],[46.48,10.3],[46.49,10.3],[46.49,10.29],[46.49,10.29],[46.5,10.29],[46.5,10.29],[46.5,10.29],[46.5,10.29],[46.5,10.29],[46.5,10.29],[46.51,10.29],[46.51,10.29],[46.51,10.29],[46.51,10.29],[46.51,10.29],[46.51,10.29],[46.51,10.29],[46.51,10.29],[46.51,10.29],[46.51,10.29],[46.51,10.29],[46.52,10.29],[46.52,10.29],[46.52,10.29],[46.52,10.29],[46.52,10.29],[46.52,10.29],[46.52,10.29],[46.52,10.29],[46.52,10.29],[46.52,10.29],[46.52,10.29],[46.53,10.29],[46.53,10.29],[46.53,10.29],[46.53,10.29],[46.53,10.29],[46.53,10.29],[46.53,10.29],[46.53,10.29],[46.53,10.29],[46.53,10.29],[46.53,10.29],[46.54,10.29],[46.54,10.29],[46.54,10.29],[46.54,10.29],[46.54,10.29],[46.54,10.29],[46.54,10.29],[46.54,10.29],[46.54,10.3],[46.54,10.3],[46.54,10.3],[46.54,10.3],[46.55,10.3],[46.55,10.3],[46.55,10.3],[46.55,10.3],[46.55,10.3],[46.55,10.3],[46.55,10.3],[46.55,10.3],[46.55,10.3],[46.55,10.3],[46.55,10.3],[46.56,10.3],[46.56,10.3],[46.56,10.3],[46.56,10.3],[46.56,10.3],[46.56,10.3],[46.56,10.3],[46.56,10.3],[46.56,10.3],[46.56,10.3],[46.56,10.3],[46.57,10.3],[46.57,10.3],[46.57,10.3],[46.57,10.3],[46.57,10.3],[46.57,10.3],[46.57,10.3],[46.57,10.3],[46.57,10.3],[46.57,10.3],[46.58,10.3],[46.58,10.3],[46.58,10.31],[46.58,10.31],[46.58,10.31],[46.58,10.31],[46.58,10.31],[46.58,10.31],[46.58,10.31],[46.58,10.31],[46.59,10.31],[46.59,10.31],[46.59,10.31],[46.59,10.31],[46.59,10.31],[46.59,10.31],[46.59,10.31],[46.59,10.31],[46.59,10.31],[46.59,10.31],[46.6,10.31],[46.6,10.31],[46.6,10.31],[46.6,10.31],[46.6,10.32],[46.6,10.32],[46.6,10.32],[46.61,10.32],[46.61,10.32],[46.61,10.32],[46.62,10.32],[46.62,10.32],[46.62,10.32],[46.62,10.33],[46.62,10.33],[46.62,10.33],[46.63,10.33],[46.63,10.33],[46.63,10.33],[46.63,10.33],[46.63,10.33],[46.63,10.33],[46.63,10.33],[46.63,10.33],[46.63,10.33],[46.64,10.33],[46.64,10.33],[46.64,10.33],[46.64,10.33],[46.64,10.33],[46.64,10.33],[46.64,10.33],[46.64,10.33],[46.64,10.33],[46.64,10.33],[46.64,10.33],[46.64,10.34],[46.65,10.34],[46.65,10.34],[46.65,10.34],[46.65,10.34],[46.65,10.34],[46.65,10.34],[46.65,10.34],[46.65,10.34],[46.65,10.34],[46.65,10.34],[46.65,10.34],[46.66,10.34],[46.66,10.34],[46.66,10.34],[46.66,10.34],[46.66,10.34],[46.66,10.34],[46.66,10.34],[46.66,10.34],[46.66,10.34],[46.66,10.34],[46.66,10.34],[46.66,10.34],[46.66,10.34],[46.67,10.34],[46.67,10.34],[46.67,10.34],[46.67,10.34],[46.67,10.34],[46.67,10.34],[46.67,10.34],[46.67,10.34],[46.67,10.34],[46.68,10.34],[46.68,10.34],[46.68,10.35],[46.68,10.35],[46.68,10.35],[46.68,10.35],[46.68,10.35],[46.68,10.35],[46.68,10.35],[46.69,10.35],[46.69,10.35],[46.69,10.35],[46.69,10.35],[46.69,10.35],[46.69,10.35],[46.69,10.35],[46.69,10.35],[46.7,10.35],[46.7,10.35],[46.7,10.35],[46.7,10.35],[46.7,10.35],[46.7,10.35],[46.7,10.35],[46.7,10.35],[46.7,10.35],[46.71,10.35],[46.71,10.35],[46.71,10.35],[46.71,10.35],[46.71,10.35],[46.71,10.35],[46.71,10.35],[46.71,10.35],[46.71,10.35],[46.72,10.35],[46.72,10.35],[46.72,10.35],[46.72,10.35],[46.72,10.35],[46.72,10.35],[46.72,10.35],[46.72,10.35],[46.73,10.36],[46.73,10.36],[46.73,10.36],[46.73,10.36],[46.73,10.36],[46.73,10.36],[46.73,10.36],[46.73,10.36],[46.73,10.36],[46.74,10.36],[46.74,10.36],[46.74,10.36],[46.74,10.36],[46.74,10.36],[46.74,10.36],[46.74,10.36],[46.74,10.36],[46.74,10.36],[46.75,10.36],[46.75,10.36],[46.75,10.36],[46.75,10.36],[46.75,10.36],[46.75,10.36],[46.75,10.36],[46.75,10.36],[46.75,10.36],[46.76,10.36],[46.76,10.36],[46.76,10.36],[46.76,10.36],[46.76,10.36],[46.76,10.36],[46.76,10.36],[46.76,10.36],[46.77,10.36],[46.77,10.36],[46.77,10.36],[46.77,10.36],[46.77,10.36],[46.77,10.36],[46.77,10.36],[46.77,10.36],[46.77,10.36],[46.78,10.36],[46.78,10.36],[46.78,10.36],[46.78,10.36],[46.78,10.36],[46.78,10.36],[46.78,10.36],[46.78,10.36],[46.78,10.36],[46.79,10.36],[46.79,10.36],[46.79,10.36],[46.79,10.36],[46.79,10.36],[46.79,10.36],[46.79,10.36],[46.79,10.36],[46.79,10.36],[46.8,10.36],[46.8,10.36],[46.8,10.36],[46.8,10.36],[46.8,10.36],[46.8,10.36],[46.8,10.36],[46.8,10.36],[46.8,10.36],[46.81,10.36],[46.81,10.36],[46.81,10.36],[46.81,10.36],[46.81,10.36],[46.81,10.36],[46.81,10.36],[46.81,10.36],[46.81,10.36],[46.82,10.36],[46.82,10.36],[46.82,10.36],[46.82,10.36],[46.82,10.36],[46.82,10.36],[46.82,10.36],[46.82,10.36],[46.82,10.36],[46.83,10.36],[46.83,10.36],[46.83,10.36],[46.83,10.36],[46.83,10.36],[46.83,10.36],[46.83,10.36],[46.83,10.36],[46.83,10.36],[46.84,10.36],[46.84,10.36],[46.84,10.36],[46.84,10.36],[46.84,10.36],[46.84,10.36],[46.84,10.36],[46.84,10.36],[46.84,10.36],[46.84,10.36],[46.85,10.36],[46.85,10.36],[46.85,10.36],[46.85,10.36],[46.85,10.36],[46.85,10.36],[46.85,10.36],[46.85,10.36],[46.85,10.36],[46.86,10.36],[46.86,10.36],[46.86,10.36],[46.86,10.36],[46.86,10.36],[46.86,10.36],[46.86,10.36],[46.86,10.36],[46.86,10.36],[46.87,10.36],[46.87,10.36],[46.87,10.36],[46.87,10.36],[46.87,10.36],[46.87,10.36],[46.87,10.36],[46.87,10.36],[46.87,10.36],[46.87,10.36],[46.88,10.36],[46.88,10.36],[46.88,10.36],[46.88,10.36],[46.88,10.36],[46.88,10.36],[46.88,10.36],[46.88,10.36],[46.88,10.36],[46.88,10.36],[46.89,10.36],[46.89,10.36],[46.89,10.36],[46.89,10.36],[46.89,10.36],[46.89,10.36],[46.89,10.36],[46.89,10.36],[46.89,10.36],[46.9,10.36],[46.9,10.36],[46.9,10.36],[46.9,10.36],[46.9,10.36],[46.9,10.36],[46.9,10.36],[46.9,10.36],[46.9,10.36],[46.9,10.36],[46.91,10.36],[46.91,10.36],[46.91,10.36],[46.91,10.36],[46.91,10.36],[46.91,10.36],[46.91,10.36],[46.91,10.36],[46.91,10.36],[46.91,10.36],[46.91,10.36],[46.92,10.36],[46.92,10.36],[46.92,10.36],[46.92,10.36],[46.92,10.36],[46.92,10.35],[46.92,10.35],[46.92,10.35],[46.92,10.35],[46.92,10.35],[46.93,10.35],[46.93,10.35],[46.93,10.35],[46.93,10.35],[46.93,10.35],[46.93,10.35],[46.93,10.35],[46.93,10.35],[46.93,10.35],[46.93,10.35],[46.94,10.35],[46.94,10.35],[46.94,10.35],[46.94,10.35],[46.94,10.35],[46.94,10.35],[46.94,10.35],[46.94,10.35],[46.94,10.35],[46.94,10.35],[46.94,10.35],[46.95,10.35],[46.95,10.35],[46.95,10.35],[46.95,10.35],[46.95,10.35],[46.95,10.35],[46.95,10.35],[46.95,10.35],[46.95,10.35],[46.95,10.35],[46.95,10.35],[46.95,10.35],[46.96,10.35],[46.96,10.35],[46.96,10.35],[46.96,10.34],[46.96,10.34],[46.96,10.34],[46.96,10.34],[46.96,10.34],[46.96,10.34],[46.96,10.34],[46.96,10.34],[46.97,10.34],[46.97,10.34],[46.97,10.34],[46.97,10.34],[46.97,10.34],[46.97,10.34],[46.97,10.34],[46.97,10.34],[46.97,10.34],[46.97,10.34],[46.97,10.34],[46.98,10.34],[46.98,10.34],[46.98,10.34],[46.98,10.34],[46.98,10.34],[46.98,10.34],[46.98,10.34],[46.98,10.34],[46.98,10.33],[46.98,10.33],[46.98,10.33],[46.99,10.33],[46.99,10.33],[46.99,10.33],[46.99,10.33],[46.99,10.33],[46.99,10.33],[47,10.33],[47,10.33],[47,10.32],[47.01,10.32],[47.01,10.32],[47.01,10.32],[47.01,10.32],[47.01,10.32],[47.01,10.32],[47.02,10.32],[47.02,10.32],[47.02,10.32],[47.02,10.32],[47.02,10.32],[47.02,10.32],[47.02,10.32],[47.02,10.32],[47.02,10.32],[47.02,10.31],[47.03,10.31],[47.03,10.31],[47.03,10.31],[47.03,10.31],[47.03,10.31],[47.03,10.31],[47.03,10.31],[47.03,10.31],[47.03,10.31],[47.03,10.31],[47.03,10.31],[47.04,10.31],[47.04,10.31],[47.04,10.31],[47.04,10.31],[47.04,10.31],[47.04,10.31],[47.04,10.31],[47.04,10.31],[47.04,10.31],[47.04,10.31],[47.04,10.31],[47.04,10.31],[47.05,10.31],[47.05,10.31],[47.05,10.31],[47.05,10.31],[47.05,10.31],[47.05,10.31],[47.05,10.31],[47.05,10.31],[47.05,10.3],[47.05,10.3],[47.05,10.3],[47.05,10.3],[47.05,10.3],[47.05,10.3],[47.06,10.3],[47.06,10.3],[47.06,10.3],[47.06,10.3],[47.06,10.3],[47.06,10.3],[47.07,10.3],[47.07,10.3],[47.07,10.3],[47.07,10.3],[47.08,10.3],[47.08,10.3],[47.08,10.3],[47.08,10.3],[47.09,10.3],[47.09,10.3],[47.09,10.29],[47.09,10.29],[47.09,10.29],[47.1,10.29],[47.1,10.29],[47.1,10.29],[47.1,10.29],[47.1,10.29],[47.11,10.29],[47.11,10.29],[47.11,10.29],[47.11,10.29],[47.11,10.29],[47.12,10.29],[47.12,10.29],[47.12,10.29],[47.12,10.29],[47.12,10.29],[47.12,10.29],[47.13,10.29],[47.13,10.29],[47.13,10.29],[47.13,10.29],[47.13,10.29],[47.14,10.29],[47.14,10.29],[47.14,10.29],[47.14,10.28],[47.14,10.28],[47.14,10.28],[47.15,10.28],[47.15,10.28],[47.15,10.28],[47.15,10.28],[47.15,10.28],[47.15,10.28],[47.15,10.28],[47.16,10.28],[47.16,10.28],[47.16,10.28],[47.16,10.28],[47.16,10.28],[47.16,10.28],[47.16,10.28],[47.16,10.28],[47.16,10.28],[47.16,10.28],[47.16,10.28],[47.16,10.28],[47.16,10.28],[47.17,10.28],[47.17,10.28],[47.17,10.28],[47.17,10.28],[47.17,10.28],[47.17,10.28],[47.17,10.28],[47.17,10.28],[47.17,10.28],[47.17,10.28],[47.17,10.28],[47.17,10.28],[47.18,10.28],[47.18,10.28],[47.18,10.28],[47.18,10.28],[47.18,10.28],[47.18,10.28],[47.18,10.28],[47.18,10.28],[47.18,10.28],[47.18,10.28],[47.18,10.28],[47.18,10.28],[47.18,10.28],[47.19,10.28],[47.19,10.28],[47.19,10.28],[47.19,10.28],[47.19,10.28],[47.19,10.28],[47.19,10.28],[47.19,10.28],[47.19,10.28],[47.19,10.28],[47.19,10.28],[47.19,10.28],[47.19,10.28],[47.19,10.28],[47.2,10.28],[47.2,10.28],[47.2,10.28],[47.2,10.28],[47.2,10.28],[47.2,10.28],[47.2,10.28],[47.2,10.28],[47.2,10.28],[47.2,10.28],[47.2,10.28],[47.2,10.28],[47.2,10.28],[47.21,10.28],[47.21,10.28],[47.21,10.28],[47.21,10.28],[47.21,10.28],[47.21,10.28],[47.21,10.28],[47.21,10.28],[47.21,10.28],[47.21,10.28],[47.21,10.28],[47.21,10.28],[47.21,10.28],[47.21,10.28],[47.21,10.28],[47.22,10.28],[47.22,10.28],[47.22,10.28],[47.22,10.28],[47.22,10.28],[47.22,10.28],[47.22,10.28],[47.22,10.28],[47.22,10.28],[47.22,10.28],[47.22,10.28],[47.22,10.28],[47.22,10.28],[47.22,10.28],[47.22,10.28],[47.23,10.28],[47.23,10.28],[47.23,10.28],[47.23,10.28],[47.23,10.28],[47.23,10.28],[47.23,10.28],[47.23,10.28],[47.23,10.28],[47.23,10.28],[47.23,10.28],[47.23,10.28],[47.23,10.28],[47.23,10.28],[47.23,10.28],[47.24,10.29],[47.24,10.29],[47.24,10.29],[47.24,10.29],[47.24,10.29],[47.24,10.29],[47.24,10.29],[47.24,10.29],[47.24,10.29],[47.24,10.29],[47.24,10.29],[47.24,10.29],[47.24,10.29],[47.24,10.29],[47.24,10.29],[47.24,10.29],[47.25,10.29],[47.25,10.29],[47.25,10.29],[47.25,10.29],[47.25,10.29],[47.25,10.29],[47.25,10.29],[47.25,10.29],[47.25,10.29],[47.25,10.29],[47.25,10.29],[47.25,10.29],[47.25,10.29],[47.25,10.29],[47.25,10.29],[47.25,10.29],[47.25,10.29],[47.26,10.29],[47.26,10.29],[47.26,10.29],[47.26,10.29],[47.26,10.29],[47.26,10.29],[47.26,10.29],[47.26,10.29],[47.26,10.29],[47.26,10.29],[47.26,10.29],[47.26,10.29],[47.26,10.29],[47.26,10.29],[47.26,10.29],[47.26,10.29],[47.26,10.29],[47.26,10.29],[47.27,10.3],[47.27,10.3],[47.27,10.3],[47.27,10.3],[47.27,10.3],[47.27,10.3],[47.27,10.3],[47.27,10.3],[47.27,10.3],[47.27,10.3],[47.27,10.3],[47.27,10.3],[47.27,10.3],[47.27,10.3],[47.27,10.3],[47.27,10.3],[47.27,10.3],[47.28,10.3],[47.28,10.3],[47.28,10.3],[47.28,10.3],[47.28,10.3],[47.28,10.3],[47.28,10.3],[47.28,10.3],[47.28,10.3],[47.28,10.3],[47.28,10.3],[47.28,10.3],[47.28,10.3],[47.28,10.31],[47.28,10.31],[47.29,10.31],[47.29,10.31],[47.29,10.31],[47.29,10.31],[47.29,10.31],[47.29,10.31],[47.29,10.31],[47.29,10.31],[47.29,10.31],[47.29,10.31],[47.29,10.31],[47.3,10.31],[47.3,10.31],[47.3,10.31],[47.3,10.32],[47.3,10.32],[47.3,10.32],[47.3,10.32],[47.31,10.32],[47.31,10.32],[47.31,10.32],[47.31,10.33],[47.32,10.33],[47.32,10.33],[47.32,10.33],[47.32,10.33],[47.32,10.33],[47.32,10.33],[47.32,10.33],[47.32,10.33],[47.32,10.33],[47.33,10.33],[47.33,10.33],[47.33,10.34],[47.33,10.34],[47.33,10.34],[47.33,10.34],[47.33,10.34],[47.33,10.34],[47.34,10.34],[47.34,10.34],[47.34,10.34],[47.34,10.34],[47.34,10.34],[47.34,10.35],[47.34,10.35],[47.34,10.35],[47.34,10.35],[47.35,10.35],[47.35,10.35],[47.35,10.35],[47.35,10.35],[47.35,10.35],[47.35,10.35],[47.35,10.36],[47.35,10.36],[47.36,10.36],[47.36,10.36],[47.36,10.36],[47.36,10.36],[47.36,10.36],[47.36,10.36],[47.36,10.36],[47.36,10.36],[47.36,10.37],[47.37,10.37],[47.37,10.37],[47.37,10.37],[47.37,10.37],[47.37,10.37],[47.37,10.37],[47.37,10.37],[47.37,10.37],[47.37,10.37],[47.38,10.38],[47.38,10.38],[47.38,10.38],[47.38,10.38],[47.38,10.38],[47.38,10.38],[47.38,10.38],[47.38,10.38],[47.38,10.38],[47.39,10.39],[47.39,10.39],[47.39,10.39],[47.39,10.39],[47.39,10.39],[47.39,10.39],[47.39,10.39],[47.39,10.39],[47.39,10.4],[47.4,10.4],[47.4,10.4],[47.4,10.4],[47.4,10.4],[47.4,10.4],[47.4,10.4],[47.4,10.4],[47.4,10.4],[47.4,10.41],[47.41,10.41],[47.41,10.41],[47.41,10.41],[47.41,10.41],[47.41,10.41],[47.41,10.41],[47.41,10.41],[47.41,10.42],[47.41,10.42],[47.42,10.42],[47.42,10.42],[47.42,10.42],[47.42,10.42],[47.42,10.42],[47.42,10.42],[47.42,10.43],[47.42,10.43],[47.42,10.43],[47.42,10.43],[47.43,10.43],[47.43,10.43],[47.43,10.43],[47.43,10.44],[47.43,10.44],[47.43,10.44],[47.43,10.44],[47.43,10.44],[47.43,10.44],[47.44,10.44],[47.44,10.45],[47.44,10.45],[47.44,10.45],[47.44,10.45],[47.44,10.45],[47.44,10.45],[47.44,10.45],[47.44,10.45],[47.44,10.46],[47.45,10.46],[47.45,10.46],[47.45,10.46],[47.45,10.46],[47.45,10.46],[47.45,10.46],[47.45,10.47],[47.45,10.47],[47.45,10.47],[47.45,10.47],[47.46,10.47],[47.46,10.47],[47.46,10.48],[47.46,10.48],[47.46,10.48],[47.46,10.48],[47.46,10.48],[47.46,10.48],[47.46,10.48],[47.46,10.49],[47.47,10.49],[47.47,10.49],[47.47,10.49],[47.47,10.49],[47.47,10.49],[47.47,10.49],[47.47,10.5],[47.47,10.5],[47.47,10.5],[47.47,10.5],[47.48,10.5],[47.48,10.5],[47.48,10.51],[47.48,10.51],[47.48,10.51],[47.48,10.51],[47.48,10.51],[47.48,10.51],[47.48,10.52],[47.48,10.52],[47.49,10.52],[47.49,10.52],[47.49,10.52],[47.49,10.52],[47.49,10.53],[47.49,10.53],[47.49,10.53],[47.49,10.53],[47.49,10.53],[47.49,10.53],[47.5,10.54],[47.5,10.54],[47.5,10.54],[47.5,10.54],[47.5,10.54],[47.5,10.54],[47.5,10.55],[47.5,10.55],[47.5,10.55],[47.5,10.55],[47.5,10.55],[47.51,10.55],[47.51,10.56],[47.51,10.56],[47.51,10.56],[47.51,10.56],[47.51,10.56],[47.51,10.57],[47.51,10.57],[47.51,10.57],[47.51,10.57],[47.52,10.57],[47.52,10.57],[47.52,10.58],[47.52,10.58],[47.52,10.58],[47.52,10.58],[47.52,10.58],[47.52,10.59],[47.52,10.59],[47.52,10.59],[47.52,10.59],[47.53,10.59],[47.53,10.59],[47.53,10.6],[47.53,10.6],[47.53,10.6],[47.53,10.6],[47.53,10.6],[47.53,10.61],[47.53,10.61],[47.53,10.61],[47.54,10.61],[47.54,10.61],[47.54,10.62],[47.54,10.62],[47.54,10.62],[47.54,10.62],[47.54,10.62],[47.54,10.63],[47.54,10.63],[47.54,10.63],[47.54,10.63],[47.55,10.63],[47.55,10.64],[47.55,10.64],[47.55,10.64],[47.55,10.64],[47.55,10.64],[47.55,10.65],[47.55,10.65],[47.55,10.65],[47.55,10.65],[47.56,10.66],[47.56,10.66],[47.56,10.66],[47.56,10.66],[47.56,10.66],[47.56,10.67],[47.56,10.67],[47.56,10.67],[47.56,10.67],[47.56,10.68],[47.56,10.68],[47.57,10.68],[47.57,10.68],[47.57,10.68],[47.57,10.69],[47.57,10.69],[47.57,10.69],[47.57,10.69],[47.57,10.7],[47.57,10.7],[47.57,10.7],[47.58,10.7],[47.58,10.71],[47.58,10.71],[47.58,10.71],[47.58,10.71],[47.58,10.71],[47.58,10.71],[47.58,10.72],[47.58,10.72],[47.58,10.72],[47.58,10.72],[47.58,10.72],[47.58,10.72],[47.58,10.72],[47.58,10.73],[47.59,10.73],[47.59,10.73],[47.59,10.73],[47.59,10.73],[47.59,10.73],[47.59,10.74],[47.59,10.74],[47.59,10.74],[47.59,10.74],[47.59,10.74],[47.59,10.74],[47.59,10.74],[47.59,10.75],[47.59,10.75],[47.59,10.75],[47.59,10.75],[47.59,10.75],[47.59,10.75],[47.59,10.76],[47.59,10.76],[47.6,10.76],[47.6,10.76],[47.6,10.76],[47.6,10.76],[47.6,10.77],[47.6,10.77],[47.6,10.77],[47.6,10.77],[47.6,10.77],[47.6,10.77],[47.6,10.78],[47.6,10.78],[47.6,10.78],[47.6,10.78],[47.6,10.78],[47.6,10.78],[47.6,10.79],[47.6,10.79],[47.6,10.79],[47.6,10.8],[47.61,10.8],[47.61,10.8],[47.61,10.81],[47.61,10.82],[47.61,10.82],[47.61,10.83],[47.61,10.83],[47.61,10.83],[47.61,10.83],[47.61,10.84],[47.61,10.84],[47.61,10.84],[47.62,10.84],[47.62,10.84],[47.62,10.85],[47.62,10.85],[47.62,10.85],[47.62,10.85],[47.62,10.85],[47.62,10.86],[47.62,10.86],[47.62,10.86],[47.62,10.86],[47.62,10.86],[47.62,10.86],[47.62,10.87],[47.62,10.87],[47.62,10.87],[47.62,10.87],[47.62,10.87],[47.62,10.87],[47.63,10.88],[47.63,10.88],[47.63,10.88],[47.63,10.88],[47.63,10.88],[47.63,10.89],[47.63,10.89],[47.63,10.89],[47.63,10.89],[47.63,10.89],[47.63,10.89],[47.63,10.9],[47.63,10.9],[47.63,10.9],[47.63,10.9],[47.63,10.9],[47.63,10.9],[47.63,10.9],[47.63,10.9],[47.63,10.9],[47.63,10.9],[47.63,10.9],[47.63,10.9],[47.63,10.9],[47.63,10.91],[47.63,10.91],[47.64,10.91],[47.64,10.91],[47.64,10.91],[47.64,10.91],[47.64,10.91],[47.64,10.91],[47.64,10.91],[47.64,10.91],[47.64,10.91],[47.64,10.91],[47.64,10.91],[47.64,10.92],[47.64,10.92],[47.64,10.92],[47.64,10.92],[47.64,10.92],[47.64,10.92],[47.64,10.92],[47.64,10.92],[47.64,10.92],[47.64,10.92],[47.64,10.92],[47.64,10.92],[47.64,10.92],[47.64,10.92],[47.64,10.93],[47.64,10.93],[47.64,10.93],[47.64,10.93],[47.65,10.93],[47.65,10.93],[47.65,10.93],[47.65,10.94],[47.65,10.94],[47.65,10.94],[47.65,10.94],[47.65,10.94],[47.65,10.94],[47.65,10.95],[47.65,10.95],[47.65,10.95],[47.66,10.95],[47.66,10.95],[47.66,10.96],[47.66,10.96],[47.66,10.96],[47.66,10.96],[47.66,10.96],[47.66,10.96],[47.66,10.97],[47.66,10.97],[47.66,10.97],[47.67,10.97],[47.67,10.97],[47.67,10.97],[47.67,10.98],[47.67,10.98],[47.67,10.98],[47.67,10.98],[47.67,10.98],[47.67,10.98],[47.67,10.99],[47.68,10.99],[47.68,10.99],[47.68,10.99],[47.68,10.99],[47.68,11],[47.68,11],[47.68,11],[47.68,11],[47.68,11],[47.68,11],[47.69,11.01],[47.69,11.01],[47.69,11.01],[47.69,11.01],[47.69,11.01],[47.69,11.01],[47.69,11.02],[47.69,11.02],[47.69,11.02],[47.7,11.02],[47.7,11.02],[47.7,11.02],[47.7,11.03],[47.7,11.03],[47.7,11.03],[47.7,11.03],[47.7,11.03],[47.7,11.03],[47.71,11.04],[47.71,11.04],[47.71,11.04],[47.71,11.04],[47.71,11.04],[47.71,11.04],[47.71,11.05],[47.71,11.05],[47.71,11.05],[47.72,11.05],[47.72,11.05],[47.72,11.05],[47.72,11.06],[47.72,11.06],[47.72,11.06],[47.72,11.06],[47.72,11.06],[47.73,11.06],[47.73,11.07],[47.73,11.07],[47.73,11.07],[47.73,11.07],[47.73,11.07],[47.73,11.07],[47.73,11.08],[47.73,11.08],[47.74,11.08],[47.74,11.08],[47.74,11.08],[47.74,11.08],[47.74,11.09],[47.74,11.09],[47.74,11.09],[47.74,11.09],[47.75,11.09],[47.75,11.09],[47.75,11.09],[47.75,11.1],[47.75,11.1],[47.75,11.1],[47.75,11.1],[47.76,11.1],[47.76,11.1],[47.76,11.11],[47.76,11.11],[47.76,11.11],[47.76,11.11],[47.76,11.11],[47.76,11.11],[47.77,11.11],[47.77,11.12],[47.77,11.12],[47.77,11.12],[47.77,11.12],[47.77,11.12],[47.77,11.12],[47.77,11.12],[47.78,11.13],[47.78,11.13],[47.78,11.13],[47.78,11.13],[47.78,11.13],[47.78,11.13],[47.78,11.13],[47.79,11.14],[47.79,11.14],[47.79,11.14],[47.79,11.15],[47.8,11.15],[47.8,11.15],[47.8,11.15],[47.8,11.15],[47.8,11.15],[47.8,11.15],[47.8,11.16],[47.8,11.16],[47.81,11.16],[47.81,11.16],[47.81,11.16],[47.81,11.16],[47.81,11.16],[47.81,11.16],[47.81,11.16],[47.81,11.16],[47.81,11.17],[47.81,11.17],[47.82,11.17],[47.82,11.17],[47.82,11.17],[47.82,11.17],[47.82,11.17],[47.82,11.17],[47.82,11.17],[47.82,11.17],[47.82,11.17],[47.82,11.18],[47.82,11.18],[47.83,11.18],[47.83,11.18],[47.83,11.18],[47.83,11.18],[47.83,11.18],[47.83,11.18],[47.83,11.18],[47.83,11.18],[47.83,11.18],[47.83,11.18],[47.83,11.18],[47.83,11.19],[47.84,11.19],[47.84,11.19],[47.84,11.19],[47.84,11.19],[47.84,11.19],[47.84,11.19],[47.84,11.19],[47.84,11.19],[47.84,11.19],[47.84,11.19],[47.84,11.19],[47.84,11.19],[47.85,11.19],[47.85,11.19],[47.85,11.2],[47.85,11.2],[47.85,11.2],[47.85,11.2],[47.85,11.2],[47.85,11.2],[47.85,11.2],[47.85,11.2],[47.85,11.2],[47.85,11.2],[47.86,11.2],[47.86,11.2],[47.86,11.2],[47.86,11.2],[47.86,11.2],[47.86,11.2],[47.86,11.2],[47.86,11.21],[47.86,11.21],[47.86,11.21],[47.86,11.21],[47.87,11.21],[47.87,11.21],[47.87,11.21],[47.87,11.21],[47.87,11.21],[47.87,11.21],[47.87,11.21],[47.87,11.21],[47.87,11.21],[47.87,11.21],[47.88,11.21],[47.88,11.21],[47.88,11.21],[47.88,11.21],[47.88,11.21],[47.88,11.22],[47.88,11.22],[47.88,11.22],[47.88,11.22],[47.88,11.22],[47.89,11.22],[47.89,11.22],[47.89,11.22],[47.89,11.22],[47.89,11.22],[47.89,11.22],[47.89,11.22],[47.89,11.22],[47.89,11.22],[47.9,11.22],[47.9,11.22],[47.9,11.22],[47.9,11.22],[47.9,11.22],[47.9,11.22],[47.9,11.22],[47.9,11.23],[47.91,11.23],[47.91,11.23],[47.91,11.23],[47.91,11.23],[47.92,11.23],[47.92,11.23],[47.92,11.23],[47.93,11.23],[47.93,11.23],[47.93,11.24],[47.93,11.24],[47.93,11.24],[47.93,11.24],[47.94,11.24],[47.94,11.24],[47.94,11.24],[47.94,11.24],[47.94,11.24],[47.94,11.24],[47.94,11.24],[47.94,11.24],[47.94,11.24],[47.94,11.24],[47.94,11.24],[47.95,11.24],[47.95,11.24],[47.95,11.24],[47.95,11.24],[47.95,11.24],[47.95,11.24],[47.95,11.24],[47.95,11.24],[47.95,11.25],[47.95,11.25],[47.95,11.25],[47.96,11.25],[47.96,11.25],[47.96,11.25],[47.96,11.25],[47.96,11.25],[47.96,11.25],[47.96,11.25],[47.96,11.25],[47.96,11.25],[47.96,11.25],[47.96,11.25],[47.97,11.25],[47.97,11.25],[47.97,11.25],[47.97,11.25],[47.97,11.25],[47.97,11.25],[47.97,11.25],[47.97,11.26],[47.97,11.26],[47.97,11.26],[47.97,11.26],[47.97,11.26],[47.97,11.26],[47.98,11.26],[47.98,11.26],[47.98,11.26],[47.98,11.26],[47.98,11.26],[47.98,11.26],[47.98,11.26],[47.98,11.26],[47.98,11.26],[47.98,11.26],[47.98,11.26],[47.98,11.26],[47.98,11.26],[47.98,11.26],[47.99,11.26],[47.99,11.27],[47.99,11.27],[47.99,11.27],[47.99,11.27],[47.99,11.27],[47.99,11.27],[47.99,11.27],[47.99,11.27],[47.99,11.27],[47.99,11.27],[47.99,11.27],[47.99,11.27],[47.99,11.27],[48,11.27],[48,11.27],[48,11.27],[48,11.27],[48,11.28],[48,11.28],[48,11.28],[48,11.28],[48,11.28],[48,11.28],[48,11.28],[48,11.28],[48,11.28],[48.01,11.28],[48.01,11.28],[48.01,11.28],[48.01,11.28],[48.01,11.28],[48.01,11.28],[48.01,11.28],[48.01,11.29],[48.01,11.29],[48.01,11.29],[48.01,11.29],[48.01,11.29],[48.01,11.29],[48.01,11.29],[48.02,11.29],[48.02,11.29],[48.02,11.29],[48.02,11.29],[48.02,11.29],[48.02,11.29],[48.02,11.3],[48.02,11.3],[48.02,11.3],[48.02,11.3],[48.02,11.3],[48.02,11.3],[48.02,11.3],[48.02,11.3],[48.02,11.3],[48.03,11.3],[48.03,11.3],[48.03,11.3],[48.03,11.3],[48.03,11.3],[48.03,11.3],[48.03,11.31],[48.03,11.31],[48.03,11.31],[48.03,11.31],[48.03,11.31],[48.04,11.31],[48.04,11.31],[48.04,11.31],[48.04,11.32],[48.04,11.32],[48.04,11.32],[48.04,11.32],[48.04,11.32],[48.05,11.32],[48.05,11.33],[48.05,11.33],[48.05,11.33],[48.05,11.33],[48.05,11.33],[48.05,11.33],[48.05,11.33],[48.06,11.34],[48.06,11.34],[48.07,11.35],[48.07,11.35],[48.07,11.35],[48.07,11.36],[48.07,11.36],[48.07,11.36],[48.08,11.36],[48.08,11.36],[48.08,11.37],[48.08,11.37],[48.08,11.37],[48.08,11.37],[48.09,11.37],[48.09,11.37],[48.09,11.38],[48.09,11.38],[48.09,11.38],[48.09,11.38],[48.09,11.38],[48.09,11.38],[48.09,11.38],[48.09,11.38],[48.09,11.38],[48.1,11.38],[48.1,11.38],[48.1,11.38],[48.1,11.39],[48.1,11.39],[48.1,11.39],[48.1,11.39],[48.1,11.39],[48.1,11.39],[48.1,11.39],[48.1,11.39],[48.1,11.39],[48.1,11.39],[48.1,11.39],[48.11,11.39],[48.11,11.39],[48.11,11.4],[48.11,11.4],[48.11,11.4],[48.11,11.4],[48.11,11.4],[48.11,11.4],[48.11,11.4],[48.11,11.4],[48.11,11.4],[48.11,11.4],[48.11,11.4],[48.11,11.4],[48.11,11.4],[48.12,11.4],[48.12,11.4],[48.12,11.41],[48.12,11.41],[48.12,11.41],[48.12,11.41],[48.12,11.41],[48.12,11.41],[48.12,11.41],[48.12,11.41],[48.12,11.41],[48.12,11.41],[48.12,11.41],[48.12,11.41],[48.12,11.41],[48.13,11.41],[48.13,11.41],[48.13,11.41],[48.13,11.41],[48.13,11.42],[48.13,11.42],[48.13,11.42],[48.13,11.42],[48.13,11.42],[48.13,11.42],[48.13,11.42],[48.13,11.42],[48.13,11.42],[48.13,11.42],[48.13,11.42],[48.14,11.42],[48.14,11.42],[48.14,11.42],[48.14,11.42],[48.14,11.42],[48.14,11.42],[48.14,11.42],[48.14,11.42],[48.14,11.43],[48.14,11.43],[48.14,11.43],[48.14,11.43],[48.14,11.43],[48.14,11.43],[48.14,11.43],[48.15,11.43],[48.15,11.43],[48.15,11.43],[48.15,11.43],[48.15,11.43],[48.15,11.43],[48.15,11.43],[48.15,11.43],[48.15,11.43],[48.15,11.43],[48.15,11.43],[48.15,11.43],[48.15,11.43],[48.15,11.43],[48.16,11.43],[48.16,11.44],[48.16,11.44],[48.16,11.44],[48.16,11.44],[48.16,11.44],[48.16,11.44],[48.16,11.44],[48.16,11.44],[48.16,11.44],[48.17,11.44],[48.17,11.44],[48.17,11.44],[48.17,11.44],[48.17,11.44],[48.17,11.44],[48.17,11.44],[48.17,11.44],[48.17,11.45],[48.18,11.45],[48.18,11.45],[48.18,11.45],[48.18,11.45],[48.18,11.45],[48.18,11.45],[48.18,11.45],[48.18,11.45],[48.18,11.45],[48.19,11.45],[48.19,11.45],[48.19,11.45],[48.19,11.45],[48.19,11.45],[48.19,11.45],[48.19,11.45],[48.19,11.46],[48.2,11.46],[48.2,11.46],[48.2,11.46],[48.2,11.46],[48.2,11.46],[48.2,11.46],[48.2,11.46],[48.2,11.46],[48.2,11.46],[48.21,11.46],[48.21,11.46],[48.21,11.46],[48.21,11.46],[48.21,11.46],[48.21,11.46],[48.21,11.46],[48.21,11.46],[48.22,11.46],[48.22,11.47],[48.22,11.47],[48.22,11.47],[48.22,11.47],[48.22,11.47],[48.22,11.47],[48.22,11.47],[48.23,11.47],[48.23,11.47],[48.23,11.47],[48.23,11.47],[48.23,11.47],[48.23,11.47],[48.23,11.47],[48.23,11.47],[48.23,11.47],[48.24,11.47],[48.24,11.47],[48.24,11.47],[48.24,11.47],[48.24,11.47],[48.24,11.48],[48.24,11.48],[48.24,11.48],[48.25,11.48],[48.25,11.48],[48.25,11.48],[48.25,11.48],[48.25,11.48],[48.25,11.48],[48.25,11.48],[48.25,11.48],[48.26,11.48],[48.26,11.48],[48.26,11.48],[48.26,11.48],[48.26,11.48],[48.26,11.48],[48.26,11.48],[48.27,11.48],[48.27,11.48],[48.27,11.48],[48.27,11.48],[48.27,11.48],[48.27,11.49],[48.27,11.49],[48.27,11.49],[48.28,11.49],[48.28,11.49],[48.28,11.49],[48.28,11.49],[48.28,11.49],[48.28,11.49],[48.28,11.49],[48.28,11.49],[48.29,11.49],[48.29,11.49],[48.29,11.49],[48.29,11.49],[48.29,11.49],[48.29,11.49],[48.29,11.49],[48.29,11.49],[48.3,11.49],[48.3,11.49],[48.3,11.49],[48.3,11.49],[48.3,11.49],[48.3,11.49],[48.3,11.49],[48.3,11.49],[48.31,11.49],[48.31,11.5],[48.31,11.5],[48.31,11.5],[48.31,11.5],[48.31,11.5],[48.31,11.5],[48.32,11.5],[48.32,11.5],[48.32,11.5],[48.32,11.5],[48.32,11.5],[48.32,11.5],[48.32,11.5],[48.33,11.5],[48.33,11.5],[48.33,11.5],[48.33,11.5],[48.33,11.5],[48.33,11.5],[48.34,11.5],[48.34,11.5],[48.34,11.5],[48.34,11.5],[48.34,11.5],[48.34,11.5],[48.34,11.5],[48.35,11.5],[48.35,11.5],[48.35,11.5],[48.35,11.5],[48.35,11.5],[48.35,11.5],[48.36,11.5],[48.36,11.5],[48.36,11.5],[48.36,11.5],[48.36,11.5],[48.36,11.5],[48.37,11.51],[48.37,11.51],[48.37,11.51],[48.37,11.51],[48.37,11.51],[48.37,11.51],[48.38,11.51],[48.38,11.51],[48.38,11.51],[48.38,11.51],[48.38,11.51],[48.38,11.51],[48.39,11.51],[48.39,11.51],[48.39,11.51],[48.39,11.51],[48.39,11.51],[48.39,11.51],[48.4,11.51],[48.4,11.51],[48.4,11.51],[48.4,11.51],[48.4,11.51],[48.4,11.51],[48.41,11.51],[48.41,11.51],[48.41,11.51],[48.41,11.51],[48.41,11.51],[48.41,11.51],[48.42,11.51],[48.42,11.51],[48.42,11.51],[48.42,11.51],[48.42,11.51],[48.43,11.51],[48.43,11.51],[48.43,11.51],[48.43,11.51],[48.43,11.51],[48.43,11.51],[48.44,11.51],[48.44,11.51],[48.44,11.51],[48.44,11.51],[48.44,11.51],[48.45,11.51],[48.45,11.51],[48.45,11.51],[48.45,11.51],[48.45,11.51],[48.45,11.51],[48.45,11.51],[48.43,11.21],[48.42,10.97],[48.4,10.76],[48.4,10.71],[48.4,10.71],[48.38,10.71],[47.85,10.57],[47.61,10.28],[47.3,10.03],[46.92,9.94],[46.4,9.91],[46.17,9.66],[45.86,9.51],[45.35,9.5],[44.91,9.48],[44.68,9.48],[44.41,9.47],[44.12,9.32],[43.85,9.14],[43.63,8.86],[43.17,8.78],[42.87,8.77],[42.37,8.72],[42.18,8.61],[41.81,8.53],[41.48,8.42],[41.19,8.33],[41.17,8.41]]]}},{"type":"Feature","properties":{"ma":10,"type":"gpml:TopologicalNetwork","name":"Inactive_Mesozoic Southern South America Deformation","pid":201,"deforming":true},"geometry":{"type":"Polygon","coordinates":[[[-58.12,-48.6],[-57.07,-48.75],[-57.07,-48.75],[-57.08,-48.88],[-56.85,-49.01],[-56.64,-48.99],[-56.1,-49.17],[-55.25,-49.47],[-54.4,-49.76],[-53.51,-50.05],[-52.61,-50.33],[-52.06,-50.42],[-51.88,-50.48],[-50.86,-50.68],[-49.68,-50.77],[-48.43,-50.78],[-48.05,-50.84],[-46.78,-50.86],[-45.52,-50.86],[-45.31,-50.9],[-44.31,-50.87],[-43.25,-50.82],[-42.33,-50.78],[-41.41,-50.74],[-41.19,-50.71],[-40.37,-50.7],[-38.93,-50.65],[-38.76,-50.63],[-38.71,-50.64],[-38.13,-50.97],[-38.13,-50.97],[-38.6,-51.5],[-39.38,-51.99],[-40.17,-52.47],[-41.07,-53.19],[-41.07,-53.19],[-41.2,-53.27],[-41.35,-53.32],[-42.23,-53.47],[-42.78,-53.72],[-43.2,-53.82],[-43.28,-53.89],[-43.28,-53.89],[-44.24,-53.78],[-45.19,-53.67],[-46.62,-53.49],[-48.09,-53.55],[-49.56,-53.6],[-50.69,-53.62],[-51.83,-53.63],[-52.95,-53.76],[-54.08,-53.88],[-55.72,-54.15],[-57.37,-54.41],[-58.37,-54.4],[-59.36,-54.38],[-60.37,-54.44],[-61.25,-54.57],[-62.34,-54.88],[-63.32,-55.16],[-64.17,-55.27],[-65.03,-55.38],[-66.58,-55.4],[-68.12,-55.4],[-69.67,-55.39],[-71.1,-54.94],[-72.5,-54.48],[-73.86,-54],[-74.77,-53.6],[-75.66,-53.2],[-76.54,-52.79],[-76.54,-52.79],[-76.59,-52.52],[-76.66,-52.15],[-76.74,-51.88],[-76.8,-51.57],[-76.84,-51.3],[-76.88,-51.14],[-76.98,-50.92],[-76.95,-50.41],[-76.9,-49.92],[-76.87,-49.62],[-76.69,-49.31],[-76.51,-48.92],[-76.24,-48.59],[-75.91,-48.18],[-75.81,-47.8],[-75.84,-47.43],[-75.78,-47.17],[-75.79,-46.79],[-75.76,-46.47],[-75.76,-46.38],[-75.77,-46.22],[-75.74,-45.84],[-75.7,-45.48],[-75.6,-45.25],[-75.5,-44.93],[-75.39,-44.57],[-75.29,-43.98],[-75.16,-43.49],[-75.07,-42.97],[-74.99,-42.55],[-74.92,-42.11],[-74.92,-41.76],[-74.89,-41.41],[-74.88,-41.02],[-74.83,-40.73],[-74.76,-40.36],[-74.59,-40.08],[-74.59,-40.08],[-73.63,-39.68],[-72.68,-39.27],[-71.74,-38.85],[-70.82,-38.42],[-69.9,-37.99],[-69.26,-37.38],[-68.63,-36.77],[-68.01,-36.16],[-67.4,-35.54],[-67.33,-34.8],[-67.26,-34.06],[-67.26,-34.06],[-66.55,-34.25],[-65.65,-34.47],[-64.74,-34.69],[-63.57,-34.81],[-62.4,-34.93],[-61.43,-35.24],[-60.45,-35.54],[-59.71,-35.64],[-58.98,-35.73],[-58.04,-35.76],[-57.1,-35.78],[-56.47,-35.7],[-55.85,-35.62],[-55.04,-35.93],[-54.81,-36.43],[-54.21,-37.09],[-53.49,-37.37],[-52.97,-37.41],[-52.97,-37.41],[-53.1,-37.53],[-53.73,-38.11],[-54.37,-38.68],[-54.68,-38.94],[-55.07,-39.47],[-55.46,-40.01],[-55.94,-40.68],[-56.47,-41.34],[-57.02,-41.99],[-57.58,-42.64],[-58.21,-43.53],[-58.56,-44.14],[-58.82,-44.84],[-59.01,-45.53],[-59.21,-46.23],[-59.25,-46.73],[-59.28,-47.23],[-59.29,-47.72],[-59.16,-48.43],[-58.12,-48.6]]]}},{"type":"Feature","properties":{"ma":10,"type":"gpml:TopologicalNetwork","name":"Inactive_Proto_Caribbean_Mesh","pid":101,"deforming":true},"geometry":{"type":"Polygon","coordinates":[[[-94.87,17.93],[-95.35,18.54],[-95.59,18.93],[-95.64,19.39],[-95.53,19.61],[-96.18,20.21],[-96.83,20.81],[-97.24,21.66],[-97.65,22.51],[-97.83,23.25],[-98.01,23.99],[-98.2,24.74],[-98.43,25.21],[-98.66,25.68],[-98.36,25.99],[-98.47,26.73],[-98.9,27.14],[-99.33,27.54],[-99.85,28.02],[-99.77,28.98],[-100.21,29.79],[-100.48,30.24],[-100.75,30.69],[-100.88,30.76],[-100.92,30.77],[-100.97,30.76],[-100.99,30.76],[-101.03,30.76],[-101.06,30.75],[-101.06,30.75],[-101.06,30.75],[-100.65,31.26],[-100.24,31.76],[-99.66,31.94],[-99.08,32.11],[-98.01,32.52],[-97.38,32.58],[-96.75,32.63],[-95.88,32.73],[-95.01,32.82],[-93.88,32.59],[-93.25,32.51],[-92.62,32.43],[-91.99,32.37],[-91.36,32.32],[-90.69,32.22],[-90.03,32.11],[-89.14,31.98],[-88.23,31.68],[-87.18,31.46],[-87.18,31.46],[-86.36,30.93],[-85.65,30.61],[-84.95,30.29],[-84.11,29.85],[-83.29,29.41],[-82.47,29.13],[-82.23,28.64],[-81.64,28.29],[-80.97,28.02],[-80.42,27.69],[-79.86,27.19],[-79.1,26.94],[-78.33,26.86],[-77.85,26.86],[-77.85,26.86],[-77.83,26.45],[-77.81,26.14],[-77.81,26.14],[-77.73,26.15],[-77.52,25.98],[-76.82,26.1],[-76.49,25.67],[-76.17,25.24],[-75.9,25.29],[-75.5,25.31],[-75.5,25.31],[-75.43,25.16],[-75.11,24.92],[-74.58,24.56],[-73.98,23.93],[-73.45,23.36],[-73.1,22.89],[-72.5,22.47],[-71.97,22.25],[-71.51,22.07],[-71.01,21.68],[-70.31,21.27],[-70.13,20.83],[-70.73,20.53],[-71.28,20.05],[-72.3,19.86],[-73.07,19.98],[-73.65,20.27],[-74.16,20.54],[-74.67,20.8],[-75.56,21.23],[-76.26,21.63],[-76.72,21.89],[-77.19,22.15],[-77.87,22.4],[-78.56,22.65],[-79.09,22.81],[-79.62,22.98],[-80.03,23.06],[-80.03,23.06],[-80.47,23.28],[-81.21,23.7],[-82.06,24.08],[-82.89,24.64],[-83.5,24.96],[-83.73,25.14],[-83.73,25.14],[-83.74,25.23],[-83.68,25.59],[-84.07,26.07],[-84.31,26.57],[-84.54,26.85],[-84.99,26.96],[-85.63,27.05],[-86.31,27.18],[-86.99,27.3],[-87.71,27.39],[-88.43,27.49],[-88.78,27.43],[-89.44,27.44],[-90.09,27.45],[-90.72,27.33],[-91.31,27.26],[-91.89,27.2],[-92.69,27],[-93.48,26.66],[-93.89,26.43],[-94.32,25.85],[-94.74,25.28],[-95.08,24.89],[-95.28,24.53],[-95.67,24.06],[-96.05,23.58],[-96.17,23.31],[-96.19,22.89],[-96.06,22.16],[-95.98,21.72],[-95.98,21.72],[-95.93,21.6],[-95.83,21.09],[-95.73,20.58],[-95.4,19.9],[-95.22,19.45],[-95.02,18.71],[-94.83,17.97],[-94.78,17.78],[-94.78,17.78],[-94.74,17.79],[-94.87,17.93]]]}},{"type":"Feature","properties":{"ma":10,"type":"gpml:TopologicalNetwork","name":"Inactive_mesh_yucatan","pid":2004,"deforming":true},"geometry":{"type":"Polygon","coordinates":[[[-83.87,23.69],[-83.8,23.42],[-83.72,22.91],[-83.64,22.41],[-83.96,21.55],[-84.34,21.07],[-84.73,20.6],[-85.01,20.08],[-85.47,19.51],[-86.01,18.87],[-86.37,18.14],[-86.74,17.33],[-86.87,16.79],[-87.35,16.21],[-87.83,15.63],[-88.26,15.21],[-88.71,14.78],[-89.16,14.79],[-89.56,14.96],[-90.13,15.34],[-90.9,15.34],[-91.53,15.67],[-92.28,15.86],[-92.9,16.19],[-93.69,16.63],[-94.22,17.07],[-94.54,17.57],[-94.53,18],[-94.71,18.28],[-94.6,18.68],[-94.58,19.26],[-94.54,20.24],[-94.18,20.76],[-93.7,20.89],[-93.7,20.89],[-93.58,21.08],[-93.22,21.66],[-92.99,21.98],[-92.68,22.27],[-92.57,22.71],[-92.02,23.1],[-91.76,23.62],[-91.47,23.88],[-91.1,24.12],[-90.7,24.48],[-90.31,24.62],[-89.7,24.77],[-89.08,24.85],[-88.21,24.91],[-87.83,25.03],[-87.58,25.27],[-87.08,25.42],[-86.41,25.31],[-85.93,25.01],[-85.46,24.7],[-84.9,24.42],[-84.45,23.95],[-83.87,23.69]]]}},{"type":"Feature","properties":{"ma":10,"type":"gpml:TopologicalNetwork","name":"Inactive_Mesh","pid":702,"deforming":true},"geometry":{"type":"Polygon","coordinates":[[[42.52,-27.25],[42.56,-27.15],[42.3,-27.1],[42.14,-26.88],[41.94,-26.7],[41.78,-26.43],[41.77,-26.24],[41.53,-26.01],[41.56,-25.77],[41.51,-25.59],[41.55,-25.38],[41.49,-24.88],[41.28,-24.58],[41.07,-24.19],[40.96,-23.8],[41.07,-23.64],[41,-23.44],[41.16,-23.28],[41.15,-23.06],[41.42,-22.85],[41.89,-22.15],[42.07,-21.77],[41.98,-21.57],[41.91,-21.43],[42.02,-21.04],[41.82,-20.58],[41.62,-20.11],[41.27,-19.67],[40.95,-18.99],[40.97,-18.48],[41.34,-18.03],[41.71,-17.58],[42.48,-17.24],[43.13,-17.4],[43.44,-17.29],[43.9,-16.95],[44.28,-16.83],[44.83,-16.26],[45.38,-15.69],[45.4,-15.26],[45.65,-14.87],[46,-14.39],[46.19,-13.69],[46.38,-13.64],[46.52,-13.54],[46.81,-13.53],[46.91,-13.53],[46.91,-13.53],[47.04,-13.72],[47.35,-14.02],[47.74,-14.23],[47.64,-14.96],[47.55,-15.69],[47.45,-16.42],[47.45,-16.42],[47.2,-16.6],[46.56,-17.04],[45.92,-17.49],[45.28,-17.93],[44.48,-18.57],[43.68,-19.21],[43.52,-20.02],[43.36,-20.83],[43.25,-21.71],[43.14,-22.58],[43.24,-23.47],[43.35,-24.36],[43.47,-25.09],[43.58,-25.82],[43.87,-26.51],[44.16,-27.2],[43.93,-27.59],[43.93,-27.59],[43.6,-27.76],[42.79,-27.56],[42.52,-27.25]]]}},{"type":"Feature","properties":{"ma":10,"type":"gpml:TopologicalNetwork","name":"West_Antarctica_Inactive_Mesh","pid":802,"deforming":true},"geometry":{"type":"Polygon","coordinates":[[[29.02,-66.79],[30.04,-67.26],[31.09,-67.72],[32.86,-68.14],[34.69,-68.55],[34.9,-68.56],[34.9,-68.56],[34.58,-68.81],[32.52,-69.31],[30.35,-69.77],[28.51,-70.26],[26.57,-70.72],[24.74,-70.81],[22.89,-70.89],[20.51,-70.77],[18.17,-70.62],[16.21,-70.65],[14.24,-70.67],[12.34,-70.85],[10.41,-71.02],[8.49,-71.1],[6.55,-71.15],[4.41,-71.38],[2.21,-71.57],[-0.82,-71.62],[-3.85,-71.61],[-6.46,-71.87],[-9.14,-72.09],[-9.14,-72.09],[-9.18,-71.58],[-9.22,-71.07],[-9.22,-71.07],[-9.21,-71.07],[-7.89,-70.87],[-5.58,-70.76],[-3.31,-70.62],[-2.83,-70.61],[-2.05,-70.13],[-1.31,-69.65],[0.1,-69.15],[2.35,-68.92],[4.55,-68.67],[6.1,-68.74],[7.66,-68.81],[9,-69.03],[10.37,-69.25],[12.07,-69.44],[14.2,-69.59],[16.36,-69.72],[18.48,-69.89],[20.63,-70.04],[22.81,-70.17],[24.46,-69.96],[25.5,-69.33],[26.48,-68.69],[27.41,-68.04],[28.02,-67.55],[28.61,-67.05],[29.02,-66.79]]]}},{"type":"Feature","properties":{"ma":10,"type":"gpml:TopologicalNetwork","name":"Inactive_Central_Atlantic_Mesh","pid":714,"deforming":true},"geometry":{"type":"Polygon","coordinates":[[[-4.82,33.17],[-5.15,32.78],[-5.65,32.17],[-6.08,31.63],[-6.43,31.19],[-6.76,30.78],[-7.14,30.29],[-7.56,29.74],[-8.18,29.56],[-8.79,29.3],[-9.22,29.24],[-9.63,29.17],[-10.21,29.02],[-10.8,28.97],[-11.46,28.74],[-11.82,28.41],[-12.22,27.8],[-12.86,27.21],[-13.39,26.65],[-13.67,26.1],[-14.24,25.31],[-14.39,24.78],[-14.79,23.99],[-15.19,23.3],[-15.72,23.02],[-15.91,22.99],[-16.36,22.68],[-17.17,22.11],[-18.01,21.66],[-18.06,21.51],[-18.3,21.04],[-18.54,20.57],[-18.52,20.02],[-18.5,19.46],[-18.41,18.96],[-18.32,18.46],[-18.09,17.84],[-18,17.21],[-17.94,16.53],[-17.98,16.25],[-18.02,15.9],[-17.84,15.49],[-17.6,15.1],[-17.14,14.46],[-17.04,13.98],[-16.97,13.57],[-17.08,13.21],[-17.05,12.87],[-16.99,12.58],[-16.93,12.18],[-17.29,11.92],[-17.59,11.68],[-17.59,11.68],[-17.75,11.67],[-18.73,11.62],[-19.72,11.58],[-19.72,11.58],[-19.71,11.66],[-19.61,12.13],[-19.71,12.65],[-19.58,12.97],[-19.35,13.63],[-19.15,14.52],[-19.08,15.25],[-19.13,15.8],[-19.19,16.35],[-19.23,16.98],[-19.33,17.75],[-19.31,18.2],[-19.32,18.7],[-19.4,19.24],[-19.49,19.78],[-19.58,20.47],[-19.38,21.19],[-19.13,21.5],[-18.8,21.9],[-18.8,21.9],[-18.48,22.49],[-18.37,22.86],[-18.12,23.13],[-17.72,23.57],[-17.46,23.78],[-17.03,24.35],[-16.76,24.56],[-16.37,24.96],[-16.15,25.23],[-15.97,25.53],[-15.86,25.89],[-15.64,26.54],[-15.41,27.11],[-14.98,27.43],[-14.65,27.67],[-14.28,27.92],[-13.93,28.06],[-13.65,28.32],[-13.37,28.4],[-13.11,28.49],[-13.07,28.59],[-12.9,28.88],[-12.75,29.39],[-12.57,29.78],[-12.49,30.05],[-12.35,30.57],[-12.19,30.81],[-11.96,31.27],[-11.69,31.88],[-11.53,32.32],[-11.33,32.78],[-11.02,33.09],[-10.85,33.27],[-10.85,33.27],[-10.74,33.28],[-10.08,33.3],[-9.41,33.32],[-8.55,33.21],[-7.42,33.25],[-6.56,33.23],[-5.69,33.2],[-4.82,33.17]]]}},{"type":"Feature","properties":{"ma":10,"type":"gpml:TopologicalNetwork","name":"Inactive_Arctic_Network","pid":101,"deforming":true},"geometry":{"type":"MultiPolygon","coordinates":[[[[180,88.16],[180,87.16],[180,86.17],[180,85.18],[180,84.19],[180,83.2],[180,82.21],[180,81.22],[180,80.23],[180,79.24],[180,78.25],[180,77.26],[180,76.27],[180,75.28],[177.68,75.46],[175.32,75.61],[173.22,76.36],[170.82,76.69],[168.31,76.99],[164.37,77.31],[160.24,77.56],[155.66,77.71],[150.99,77.78],[146.81,77.9],[142.57,77.95],[139.5,78.29],[136.25,78.6],[136.24,78.6],[136.24,78.6],[137.27,78.97],[138.82,79.87],[140.66,80.77],[142.9,81.66],[145.66,82.53],[146.85,83.23],[148.11,84.13],[149.83,85.03],[152.3,85.92],[156.14,86.8],[157.6,87.41],[159.96,88.02],[160.19,88.03],[160.19,88.03],[160.34,88.15],[162.59,88.32],[164.51,88.49],[180,89.15],[180,88.16]]],[[[-180,76.27],[-180,77.26],[-180,78.25],[-180,79.24],[-180,80.23],[-180,81.22],[-180,82.21],[-180,83.2],[-180,84.19],[-180,85.18],[-180,86.17],[-180,87.16],[-180,88.16],[-180,89.15],[-117.02,89.52],[-86.65,89.33],[-66.13,88.55],[-60.2,87.72],[-58.5,87.06],[-57.42,86.4],[-56.91,85.72],[-56.55,85.04],[-59.77,84.52],[-62.43,83.99],[-69.45,83.56],[-72.51,83.31],[-72.51,83.31],[-76.53,82.95],[-81.28,82.64],[-85.62,82.29],[-89.88,82.11],[-93.91,81.88],[-98.88,81.62],[-103.52,81.31],[-107.19,80.98],[-110.6,80.61],[-113.53,80.29],[-116.27,79.94],[-118.59,79.5],[-120.72,79.05],[-121.55,78.08],[-121.6,77.13],[-119.19,76.51],[-117.99,76.25],[-118.99,75.52],[-118.99,75.52],[-122.6,75.92],[-126.4,76.26],[-130.38,76.54],[-130.38,76.54],[-130.59,76.29],[-130.97,75.8],[-131.33,75.3],[-131.71,74.75],[-132.06,74.2],[-131.22,73.6],[-130.61,73.07],[-130.04,72.54],[-130.01,72.53],[-130.01,72.53],[-131.78,72.55],[-132.1,72.24],[-132.1,72.24],[-133.81,72.45],[-135.56,72.64],[-136.96,72.99],[-138.09,73.26],[-138.77,73.43],[-139.94,73.69],[-141.18,73.96],[-142.22,74.61],[-142.07,75.26],[-143.21,75.75],[-143.24,76.49],[-144.4,76.94],[-144.73,77.52],[-145.09,78.09],[-145.4,78.27],[-145.4,78.27],[-143.56,78.52],[-140.13,78.92],[-136.45,79.28],[-133.05,79.44],[-129.56,79.55],[-126.82,79.34],[-126.82,79.34],[-127.66,79.01],[-128.29,78.53],[-128.88,78.04],[-129.44,77.53],[-129.95,77.03],[-130.38,76.54],[-130.38,76.54],[-126.4,76.26],[-122.6,75.92],[-118.99,75.52],[-118.99,75.52],[-119.19,75.36],[-119.83,74.78],[-120.43,74.2],[-121.03,73.7],[-121.61,73.19],[-122.1,72.7],[-122.57,72.2],[-123.41,71.67],[-123.93,71.43],[-124.89,71.27],[-127.09,70.96],[-128.67,70.71],[-129.29,70.61],[-130.38,70.46],[-130.45,70.44],[-130.45,70.44],[-132.2,70.36],[-133.37,70.39],[-134.44,70.67],[-134.82,70.77],[-136.47,70.96],[-138.65,71.47],[-139.4,71.56],[-141.84,71.86],[-142.62,71.98],[-143.76,72.27],[-145.67,72.55],[-147.63,72.8],[-150.8,73.05],[-152.18,73.31],[-153.24,73.52],[-155,73.98],[-155.79,74.25],[-157.08,74.48],[-158.5,74.72],[-159.75,75.07],[-161.27,75.45],[-162.6,75.76],[-162.93,75.84],[-162.93,75.84],[-164.55,75.61],[-167.09,75.19],[-169.37,74.72],[-171.52,74.22],[-171.53,74.22],[-171.53,74.22],[-173.09,74.4],[-175.28,74.74],[-177.57,75.06],[-180,75.28],[-180,76.27]]]]}},{"type":"Feature","properties":{"ma":10,"type":"gpml:TopologicalNetwork","name":"Inactive_Mesozoic Africa Basins","pid":701,"deforming":true},"geometry":{"type":"Polygon","coordinates":[[[10.7,32.52],[11.79,32.28],[12.87,32.02],[13.95,31.75],[15.02,31.47],[16.08,31.19],[17.14,30.9],[18.19,30.59],[18.19,30.59],[17.86,30.04],[17.85,29.3],[17.83,28.57],[17.82,27.84],[18.21,27.29],[18.6,26.75],[19.09,26.43],[19.57,26.1],[19.53,25.37],[19.48,24.64],[19.44,23.91],[18.81,23.55],[18.19,23.2],[17.32,23.1],[16.61,22.69],[15.89,22.28],[14.84,22.23],[13.78,22.18],[12.73,21.95],[12.03,21.55],[11.32,21.15],[10.68,21.07],[10.04,20.98],[9.44,20.6],[8.85,20.22],[9.16,19.64],[9.46,19.06],[9.66,18.49],[9.85,17.92],[10.26,17.47],[10.2,16.56],[10.55,15.93],[10.89,15.29],[11.19,14.81],[11.48,14.33],[11.79,13.79],[12.1,13.24],[12.21,12.75],[12.33,12.27],[12.07,11.58],[11.6,10.9],[11.6,10.9],[11.87,10.47],[12.06,10.21],[12.9,9.97],[13.15,9.57],[13.12,9.32],[13.45,8.84],[13.96,8.5],[14.46,8.62],[14.93,8.39],[15.4,8.16],[15.83,7.87],[16.26,7.59],[16.78,7.75],[17.3,7.91],[18.17,8.22],[19.03,8.53],[19.84,8.63],[20.65,8.72],[21.15,8.98],[21.65,9.23],[22.5,9.44],[23.35,9.65],[23.76,9.97],[24.18,10.3],[24.91,10.25],[25.73,10.73],[26.17,10.27],[26.8,9.57],[27.2,9.12],[27.6,8.67],[27.87,8],[28.14,7.34],[28.4,6.67],[28.88,5.85],[29.3,5.52],[29.73,5.19],[30.28,5.45],[30.64,5.88],[30.28,6.6],[29.85,7.1],[29.43,7.59],[29.47,8.16],[29.52,8.73],[29.74,9.27],[29.97,9.81],[30.25,10.1],[30.62,9.99],[30.95,9.16],[31.28,8.32],[31.48,7.62],[31.68,6.92],[31.71,6.36],[31.74,5.81],[31.48,5.4],[31.6,4.54],[32.16,3.76],[32.77,3.76],[33.37,3.76],[33.37,3.76],[33.33,3.65],[33.29,2.95],[33.29,2.93],[33.29,2.93],[32.32,3.13],[31.34,3.33],[30.68,3.43],[30.02,3.53],[29.36,3.63],[28.57,4.14],[27.79,4.66],[27.56,5.55],[27.08,5.72],[26.6,5.89],[26.26,6.49],[25.52,7.03],[24.78,7.57],[24.04,8.11],[23.3,8.64],[22.44,8.64],[21.58,8.63],[20.86,8.3],[20.14,7.97],[19.42,7.65],[18.48,7.37],[17.55,7.09],[16.62,6.81],[15.97,6.63],[15.32,6.45],[14.54,6.16],[13.76,5.87],[13.23,5.47],[12.7,5.07],[11.96,4.83],[11.22,4.59],[10.52,4.48],[9.83,4.38],[9.07,3.89],[8.32,3.41],[7.57,2.93],[7.57,2.93],[7.31,3.46],[6.92,3.9],[6.53,4.33],[6.08,4.56],[5.64,4.8],[4.85,4.95],[4.55,4.99],[4.55,4.99],[4.71,5.11],[4.91,5.24],[4.91,5.24],[4.51,5.85],[4.22,6.48],[3.52,7.05],[2.94,7.38],[2.57,8.04],[2.19,8.7],[1.58,9.08],[0.99,9.4],[1.02,9.83],[0.85,10.48],[0.51,10.93],[0.27,11.52],[0.03,12.12],[-0.22,13.01],[-0.59,13.74],[-1.32,13.94],[-1.99,14.16],[-2.34,14.54],[-2.56,15],[-2.79,15.45],[-3.02,16.15],[-2.86,16.82],[-2.17,17.31],[-1.96,16.78],[-1.75,16.25],[-1.19,15.44],[-0.44,15.24],[0.21,15.57],[0.38,16.21],[0.56,16.85],[1.1,17.28],[1.65,17.71],[2.57,17.99],[3.5,18.28],[3.87,18.65],[4.24,19.03],[4.73,19.64],[5.42,19.33],[6.1,19.02],[6.69,19.03],[7.28,19.04],[7.5,19.54],[7.73,20.04],[8.02,20.73],[8.31,21.41],[8.42,22.37],[8.52,23.32],[8.56,24.17],[8.6,25.02],[8.66,25.78],[8.72,26.54],[9.09,27.25],[9.47,27.95],[9.94,28.61],[10.41,29.27],[10.25,30.07],[10.09,30.88],[9.85,31.82],[9.61,32.76],[10.7,32.52]]]}},{"type":"Feature","properties":{"ma":10,"type":"gpml:TopologicalNetwork","name":"Network_Boundary","pid":701,"deforming":true},"geometry":{"type":"Polygon","coordinates":[[[37.75,-5.88],[37.45,-6.42],[37.15,-6.96],[37.23,-7.35],[37.58,-8.15],[37.57,-8.95],[37.87,-9.54],[37.6,-10.29],[37.81,-10.96],[38.02,-11.63],[38.55,-11.95],[38.61,-12.51],[38.67,-13.07],[38.65,-13.82],[38.72,-14.47],[38.78,-15.11],[38.88,-15.61],[38.98,-16.1],[39.04,-16.62],[39.1,-17.14],[39.05,-17.54],[38.44,-18.19],[37.77,-18.73],[36.93,-19.1],[36.43,-19.35],[36.43,-19.35],[35.56,-19.8],[35.46,-20.29],[35.17,-20.64],[34.67,-21.12],[34.3,-21.68],[34.07,-22.14],[33.84,-22.6],[33.82,-23.12],[33.79,-23.65],[34,-24.61],[33.92,-25.15],[33.83,-25.7],[33.6,-26.32],[33.12,-26.84],[32.18,-26.92],[31.43,-27.09],[31.18,-27.82],[31.11,-28.39],[31.04,-28.96],[30.95,-29.53],[30.96,-29.79],[30.79,-30.14],[30.64,-30.47],[30.64,-30.47],[30.61,-30.47],[30.09,-31.02],[29.21,-30.74],[29.21,-30.74],[29.57,-30.05],[29.54,-29.38],[29.52,-28.72],[29.49,-28.05],[29.73,-27.29],[29.97,-26.53],[30.37,-25.68],[30.76,-24.83],[31.41,-24.11],[32.06,-23.38],[32.19,-22.74],[32.32,-22.09],[32.53,-21.41],[32.73,-20.73],[33.43,-20.13],[33.6,-19.46],[34.26,-18.73],[34.78,-18.37],[35.31,-18.02],[36.06,-17.46],[36.81,-16.9],[37.21,-16.24],[37.6,-15.59],[37.64,-14.61],[37.47,-13.77],[37.31,-12.93],[37,-12.22],[36.69,-11.5],[36.51,-10.78],[36.32,-10.06],[36.11,-9.29],[35.89,-8.52],[35.96,-7.78],[36.03,-7.04],[36.15,-6.52],[36.27,-6],[36.59,-5.38],[36.9,-4.77],[37.33,-4.12],[37.75,-3.47],[37.87,-2.73],[38,-1.99],[38.12,-1.25],[38.42,-0.53],[38.72,0.19],[39.02,0.92],[39.02,1.74],[39.01,2.58],[39.03,3.45],[39.06,4.33],[39.45,4.89],[39.83,5.46],[40.44,6.07],[41.06,6.68],[41.79,7.03],[42.53,7.37],[43.19,7.65],[43.86,7.92],[44.57,8.28],[45.28,8.64],[45.77,9.16],[46.26,9.67],[46.37,9.92],[46.37,9.92],[46.6,9.98],[47.43,10.27],[48.25,10.56],[49.07,10.84],[49.88,11.05],[50.69,11.25],[51.5,11.46],[51.5,11.46],[51.08,10.64],[50.67,9.83],[50.34,9.1],[50.01,8.38],[49.68,7.65],[49.06,6.88],[48.44,6.1],[47.96,5.5],[47.47,4.89],[46.99,4.28],[46.41,3.86],[45.83,3.44],[45.39,2.92],[44.94,2.41],[44.5,1.9],[43.98,1.43],[43.46,0.96],[42.93,0.48],[42.25,-0.08],[41.56,-0.64],[40.87,-1.2],[40.24,-1.93],[39.61,-2.65],[39.06,-3.35],[38.51,-4.04],[38.02,-4.65],[37.53,-5.27],[37.75,-5.88]]]}},{"type":"Feature","properties":{"ma":10,"type":"gpml:TopologicalNetwork","name":"WEC","pid":601,"deforming":true},"geometry":{"type":"Polygon","coordinates":[[[116.86,51.56],[117.72,51.49],[118.87,51.39],[120.02,51.28],[121.56,51.11],[123.09,50.92],[123.97,50.81],[124.84,50.68],[126.07,50.5],[127.28,50.3],[128.18,50.14],[129.07,49.98],[130.03,49.79],[130.98,49.6],[132.09,49.36],[133.18,49.12],[134.2,48.88],[135.21,48.63],[136.21,48.37],[137.4,48.05],[138.57,47.72],[139.66,47.39],[140.74,47.06],[141.81,46.71],[142.4,46.51],[142.4,46.51],[142.32,45.8],[142.24,45.08],[142.21,44.22],[142.18,43.36],[142.16,42.5],[142.16,42.45],[142.16,42.45],[142.3,42.56],[142.3,42.56],[142.25,42.36],[142.13,41.67],[142.03,41.16],[141.93,40.66],[141.76,40.17],[141.59,39.68],[141.32,38.81],[140.91,37.98],[140.47,37.45],[140.05,36.93],[139.26,36.38],[138.45,35.93],[137.74,35.61],[137.2,35.33],[136.77,35.15],[136.33,34.95],[135.98,34.76],[135.58,34.55],[134.86,34.18],[133.96,33.67],[133.12,33.17],[132.4,32.75],[131.58,32.29],[130.69,31.71],[130,31.26],[129.32,30.81],[128.39,30.24],[127.47,29.66],[126.98,29.15],[126.49,28.64],[126.37,28.52],[126.37,28.52],[125.47,29.06],[124.56,29.6],[123.64,30.14],[122.72,30.67],[121.78,31.19],[120.83,31.7],[119.88,32.21],[118.91,32.71],[118.06,32.56],[117.21,32.4],[116.4,32.46],[115.59,32.52],[114.78,32.56],[114.49,32.12],[114.21,31.68],[113.48,31.94],[112.74,32.2],[112,32.45],[111.21,32.9],[110.42,33.34],[109.61,33.78],[108.64,34.12],[107.66,34.45],[106.47,34.59],[105.27,34.72],[104.12,34.78],[102.97,34.83],[102.31,34.95],[102.31,34.95],[102.39,35.46],[102.18,36.01],[101.96,36.56],[101.53,37.36],[101.32,37.97],[101.11,38.59],[101.05,39.44],[101.38,40.27],[101.81,40.92],[102.36,41.66],[102.99,42.44],[103.46,43.01],[104.22,43.82],[104.88,44.19],[105.55,44.55],[106.36,45.1],[107.18,45.64],[107.9,46.1],[108.64,46.55],[109.38,46.99],[110.17,47.43],[110.97,47.87],[111.79,48.3],[112.66,48.86],[113.55,49.42],[114.32,49.95],[115.1,50.48],[115.74,50.9],[116.39,51.32],[116.86,51.56]]]}},{"type":"Feature","properties":{"ma":10,"type":"gpml:TopologicalNetwork","name":"Northern_Andes","pid":201,"deforming":true},"geometry":{"type":"Polygon","coordinates":[[[-66.19,10.22],[-66.7,9.5],[-67.2,8.77],[-67.55,8.1],[-67.89,7.42],[-68.04,6.58],[-68.19,5.75],[-68.2,4.99],[-68.2,4.24],[-68.21,3.48],[-68.21,2.73],[-68.25,2],[-68.3,1.26],[-68.3,1.26],[-68.77,0.96],[-69.23,0.67],[-69.78,0.18],[-70.32,-0.31],[-70.94,-0.83],[-71.56,-1.36],[-72.31,-1.71],[-73.05,-2.06],[-73.93,-2.04],[-74.81,-2.01],[-75.03,-1.96],[-75.03,-1.96],[-75.48,-2.66],[-76.08,-3.32],[-76.5,-3.8],[-76.93,-4.28],[-77.37,-4.8],[-77.5,-5.75],[-77.43,-6.1],[-77.43,-6.1],[-78.12,-5.49],[-78.81,-4.88],[-79.5,-4.28],[-80.19,-3.67],[-80.88,-3.06],[-80.88,-3.06],[-80.87,-3],[-80.81,-2.63],[-80.77,-2.42],[-80.75,-2.17],[-80.63,-1.78],[-80.53,-1.43],[-80.41,-1.15],[-80.22,-0.71],[-80.08,-0.35],[-79.93,-0.04],[-79.75,0.37],[-79.53,0.72],[-79.32,1.05],[-79.17,1.26],[-78.92,1.6],[-78.64,1.98],[-78.37,2.3],[-78.14,2.51],[-77.92,2.82],[-77.75,2.98],[-77.72,3.21],[-77.67,3.25],[-77.67,3.25],[-77.67,3.78],[-77.66,4.32],[-78.11,5.18],[-78.81,5.77],[-79.28,6.2],[-79.97,6.8],[-80.48,7.29],[-80.48,7.29],[-79.99,8.02],[-79.53,8.69],[-78.88,8.96],[-78.21,9.35],[-78.21,9.35],[-77.84,8.73],[-77.59,8.62],[-77.48,8.03],[-77.38,7.44],[-77.31,7.36],[-77.31,7.36],[-77.26,7.43],[-76.98,7.78],[-76.98,7.79],[-76.98,7.79],[-76.97,7.8],[-76.57,8.32],[-76.18,8.85],[-75.65,9.55],[-75.12,10.25],[-74.71,10.68],[-74.3,11.11],[-74.3,11.11],[-73.59,11.01],[-72.89,10.92],[-72.19,10.82],[-71.19,10.69],[-70.18,10.54],[-69.18,10.4],[-68.17,10.34],[-67.16,10.28],[-66.19,10.22]]]}},{"type":"Feature","properties":{"ma":10,"type":"gpml:TopologicalNetwork","name":"PNG_Mesh","pid":615,"deforming":true},"geometry":{"type":"Polygon","coordinates":[[[130.41,-9.42],[129.88,-9.02],[129.36,-8.62],[128.92,-7.92],[128.49,-7.23],[128.05,-6.54],[127.88,-6.06],[127.7,-5.59],[128.24,-5.47],[128.79,-5.35],[129.25,-5.32],[129.25,-5.32],[130.03,-5.54],[130.82,-5.75],[130.82,-5.75],[131.39,-5.82],[131.97,-5.89],[132.86,-6.03],[133.75,-6.18],[134.64,-6.32],[135.63,-6.51],[136.62,-6.71],[137.41,-6.84],[137.9,-6.98],[138.6,-7.13],[139.42,-7.34],[140.21,-7.55],[140.71,-7.68],[141.21,-7.81],[141.94,-8.25],[142.42,-8.38],[143.26,-8.71],[143.26,-8.71],[143.89,-8.53],[144.18,-8.47],[144.56,-8.47],[144.89,-8.68],[145.01,-8.71],[145.18,-8.77],[145.46,-9.02],[145.46,-9.02],[145.82,-8.96],[146.72,-8.82],[147.62,-8.67],[148.16,-8.49],[148.82,-8.52],[149.48,-8.55],[149.98,-8.48],[150.47,-8.81],[150.47,-8.81],[150.01,-9.51],[149.07,-9.51],[148.14,-9.52],[147.41,-9.53],[146.68,-9.54],[145.74,-9.69],[145.43,-9.79],[144.8,-9.38],[145.21,-9.35],[145.08,-9.41],[144.88,-9.37],[144.41,-9.3],[143.88,-9.24],[143.24,-9.17],[142.68,-9.11],[142.38,-9.18],[142.38,-9.18],[143.19,-9.64],[143.99,-10.1],[144.39,-10.42],[144.67,-11.25],[145.15,-11.43],[145.37,-12.15],[145.97,-12.54],[146.7,-12.53],[147.24,-12.67],[147.79,-12.81],[148.21,-13.17],[148.24,-13.51],[148.49,-13.67],[148.66,-13.84],[148.66,-13.84],[149.03,-14.04],[149.73,-14.3],[150.24,-14.69],[150.38,-15.31],[151.14,-15.16],[151.28,-15.29],[151.19,-15.55],[150.71,-15.77],[150.19,-15.69],[149.67,-15.7],[149.15,-15.7],[149,-15.62],[149,-15.62],[148.7,-15.71],[148.11,-15.58],[147.52,-15.44],[146.86,-15.24],[146.56,-15.15],[146.2,-15.04],[145.86,-14.93],[145.8,-14.96],[145.8,-14.96],[145.25,-14.56],[144.72,-14.17],[144.03,-13.53],[143.36,-12.9],[142.56,-12.68],[141.76,-12.46],[140.97,-12.23],[140.09,-11.78],[139.21,-11.32],[138.33,-10.92],[137.46,-10.51],[136.75,-10.32],[136.04,-10.13],[135.33,-9.93],[134.62,-9.95],[133.9,-9.96],[133.19,-9.97],[132.51,-10],[131.83,-10.03],[131.15,-9.98],[130.41,-9.42]]]}},{"type":"Feature","properties":{"ma":10,"type":"gpml:TopologicalNetwork","name":"Scotia_Sea_Deforming_Network","pid":812,"deforming":true},"geometry":{"type":"Polygon","coordinates":[[[-54.4,-65.22],[-55.02,-65.15],[-55.87,-64.97],[-57.15,-64.68],[-58.07,-64.47],[-58.65,-64.32],[-59.94,-64],[-61.17,-63.69],[-62.38,-63.37],[-63.64,-62.96],[-63.64,-62.96],[-61.83,-62.56],[-60.07,-62.13],[-58.49,-61.85],[-58.49,-61.85],[-57.39,-62.46],[-57.39,-62.46],[-56.89,-61.89],[-56.41,-61.31],[-57.65,-61.07],[-56.89,-60.36],[-56.15,-59.65],[-54.79,-59.87],[-54.05,-59.04],[-53.54,-59.09],[-52.79,-58.31],[-51.73,-58.46],[-50.67,-58.61],[-50.67,-58.61],[-51.33,-59.25],[-51.48,-59.49],[-51.58,-59.65],[-51.91,-60.16],[-52.13,-60.69],[-52.37,-61.26],[-52.45,-61.44],[-52.45,-61.44],[-51.57,-61.45],[-50.91,-61.46],[-49.72,-61.41],[-49.72,-61.41],[-49.58,-61.19],[-49.26,-60.65],[-48.95,-60.12],[-48.55,-59.63],[-48.55,-59.63],[-48.41,-59.58],[-47.6,-59.56],[-46.78,-59.5],[-46.19,-59.5],[-45.56,-59.49],[-45.13,-59.73],[-45.12,-59.74],[-45.12,-59.74],[-45.45,-60.13],[-45.79,-60.52],[-46.04,-60.82],[-46.24,-61.06],[-46.6,-61.37],[-46.6,-61.37],[-45.57,-61.45],[-44.39,-61.75],[-44.1,-61.85],[-44.1,-61.85],[-43.83,-61.75],[-43.31,-61.43],[-43.03,-61.2],[-42.91,-61.11],[-42.68,-60.93],[-42.22,-60.57],[-42.08,-60.45],[-42.08,-60.45],[-41.5,-60.37],[-40.42,-60.46],[-39.88,-60.93],[-39.75,-61.22],[-39.77,-61.55],[-39.77,-61.55],[-38.49,-61.15],[-38.1,-61.03],[-37.22,-60.8],[-37.15,-60.45],[-37.15,-60.45],[-36.9,-60.46],[-35.58,-60.25],[-34.94,-60.3],[-34.56,-60.37],[-34.21,-60.28],[-33.25,-60.21],[-33.16,-60.38],[-33.16,-60.38],[-33.34,-60.48],[-33.64,-60.62],[-33.85,-60.75],[-33.88,-60.9],[-33.83,-61.04],[-33.66,-61.08],[-33.54,-61.11],[-33.38,-61.14],[-33.21,-61.18],[-33.07,-61.21],[-33.01,-61.22],[-32.78,-61.27],[-32.82,-61.44],[-33.67,-61.55],[-34.59,-61.42],[-34.6,-61.39],[-34.6,-61.39],[-34.86,-61.38],[-35.82,-61.31],[-37.08,-61.83],[-38.06,-62.22],[-39.06,-62.59],[-41.07,-62.98],[-42.73,-63.43],[-42.92,-63.43],[-42.92,-63.43],[-43.44,-63.55],[-44.04,-63.79],[-45.52,-64.18],[-46.54,-64.36],[-47.14,-64.11],[-47.3,-64.04],[-47.49,-63.96],[-47.84,-63.81],[-48.75,-63.4],[-49.06,-63.26],[-49.56,-63.02],[-49.82,-62.9],[-50.04,-62.79],[-51.15,-62.23],[-51.11,-62.03],[-51.06,-61.97],[-50.98,-61.82],[-50.98,-61.82],[-52.12,-61.83],[-52.5,-61.95],[-52.85,-62.05],[-53.35,-62.25],[-54.28,-62.51],[-54.75,-62.89],[-54.75,-62.89],[-54.05,-63.36],[-53.73,-63.57],[-53.16,-63.92],[-52.93,-64.06],[-52.19,-64.51],[-51.82,-64.72],[-51.65,-64.82],[-51.12,-65.12],[-51.52,-65.25],[-52.16,-65.48],[-54.4,-65.22]]]}},{"type":"Feature","properties":{"ma":10,"type":"gpml:TopologicalNetwork","name":"","pid":817,"deforming":true},"geometry":{"type":"Polygon","coordinates":[[[-35.05,-56.28],[-35.43,-56.55],[-36.4,-56.62],[-36.89,-56.6],[-37.8,-56.21],[-38.67,-56.03],[-39.53,-55.84],[-40.25,-55.45],[-40.22,-55.3],[-40.22,-55.3],[-40.87,-55.15],[-41.54,-55.06],[-42.86,-54.84],[-42.99,-54.79],[-43.39,-54.67],[-44.13,-54.52],[-44.96,-54.35],[-45.26,-54.2],[-45.02,-53.96],[-44.56,-53.74],[-44.56,-53.74],[-43.52,-53.86],[-42.48,-53.97],[-41.05,-54.08],[-40.98,-54.09],[-40.98,-54.09],[-40.81,-54.22],[-39.85,-54.39],[-39.06,-54.36],[-38.23,-54.19],[-36.69,-54.48],[-35.73,-55.03],[-35.02,-55.42],[-35.02,-55.42],[-34.77,-55.58],[-35.05,-56.28]]]}},{"type":"Feature","properties":{"ma":10,"type":"gpml:TopologicalNetwork","name":"","pid":819,"deforming":true},"geometry":{"type":"Polygon","coordinates":[[[-46.9,-53.7],[-46.75,-54.13],[-47.01,-54.31],[-47.12,-54.31],[-47.23,-54.31],[-47.49,-54.32],[-47.97,-54.32],[-48.12,-54.32],[-48.52,-54.3],[-49.02,-54.28],[-49.42,-54.14],[-49.42,-54.14],[-49.88,-54.14],[-49.93,-54.29],[-50,-54.48],[-50.37,-54.54],[-50.71,-54.6],[-51.25,-54.7],[-51.37,-55.04],[-51.65,-55.09],[-52.02,-55.16],[-52.39,-55.22],[-52.65,-55.26],[-53.07,-55.17],[-53.4,-55.1],[-53.65,-55.19],[-53.74,-55.21],[-53.89,-55.24],[-54.06,-55.27],[-54.21,-55.28],[-54.46,-55.27],[-54.61,-55.27],[-54.7,-55.27],[-55.04,-55.26],[-55.04,-55.26],[-54.99,-55.57],[-56.03,-55.81],[-57.04,-56.04],[-57.93,-56.01],[-58.52,-55.92],[-58.99,-55.85],[-59.84,-55.9],[-60.48,-55.93],[-60.88,-55.87],[-61.21,-55.81],[-61.7,-55.72],[-62.19,-55.62],[-62.36,-55.58],[-62.36,-55.58],[-62.77,-55.9],[-63.7,-56.6],[-64.16,-56.51],[-65.1,-57.26],[-66.27,-56.93],[-67.19,-57.55],[-68.14,-58.17],[-68.37,-58.5],[-68.37,-58.5],[-68.67,-58.38],[-68.9,-58.28],[-69.15,-58.18],[-69.3,-58.11],[-69.3,-58.11],[-69.53,-58.05],[-69.93,-57.94],[-70.38,-57.82],[-70.99,-57.65],[-71.45,-57.53],[-71.89,-57.36],[-72.07,-57.26],[-72.24,-57.18],[-72.53,-57.05],[-72.77,-56.94],[-73.11,-56.78],[-73.44,-56.62],[-73.74,-56.48],[-74.05,-56.33],[-74.33,-56.19],[-74.51,-56.08],[-74.97,-55.83],[-75.57,-55.44],[-75.91,-55.21],[-76.21,-54.84],[-76.25,-54.78],[-76.37,-54.41],[-76.43,-54.04],[-76.48,-53.67],[-76.53,-53.34],[-76.54,-53.17],[-76.63,-52.86],[-76.71,-52.71],[-76.71,-52.71],[-75.78,-53.15],[-74.83,-53.58],[-73.86,-54],[-72.5,-54.48],[-71.1,-54.94],[-69.67,-55.39],[-68.12,-55.4],[-66.58,-55.4],[-65.03,-55.38],[-64.17,-55.27],[-63.32,-55.16],[-62.34,-54.88],[-61.25,-54.57],[-60.37,-54.44],[-59.36,-54.38],[-58.37,-54.4],[-57.37,-54.41],[-55.72,-54.15],[-54.08,-53.88],[-52.95,-53.76],[-51.83,-53.63],[-50.69,-53.62],[-49.56,-53.6],[-48.38,-53.56],[-47.21,-53.52],[-46.9,-53.7]]]}},{"type":"Feature","properties":{"ma":10,"type":"gpml:TopologicalNetwork","name":"Siberia_Eurasia_Mesh","pid":401,"deforming":true},"geometry":{"type":"Polygon","coordinates":[[[141.06,61.05],[139.55,61.64],[137.98,62.21],[137.3,62.93],[136.58,63.65],[134.65,64.17],[132.65,64.67],[130.81,64.77],[129.32,65.37],[127.77,65.94],[126.32,66.46],[124.81,66.96],[123.72,67.48],[122.57,67.98],[122.27,68.72],[121.95,69.45],[122.05,70.3],[122.15,71.15],[123.83,71.87],[125.64,72.57],[127.6,73.25],[130.23,73.24],[132.85,73.2],[135.46,73.12],[138.04,73.02],[138.04,73.02],[138.79,73.24],[140.88,73.48],[143.04,73.69],[146.24,73.49],[149.36,73.25],[152.39,72.96],[155.31,72.62],[158.12,72.25],[160.81,71.84],[160.81,71.84],[159.66,70.94],[158.6,70.04],[156.68,69.65],[154.82,69.24],[153.04,68.81],[151.32,68.36],[150.93,67.69],[150.56,67.02],[150.21,66.35],[150.86,65.9],[151.49,65.45],[152.16,64.95],[152.81,64.44],[153.93,64.28],[155.04,64.11],[156.16,63.94],[156.99,63.8],[158.54,63.52],[160.37,63.17],[160.05,62.54],[160.05,62.54],[161.41,62.38],[162.75,62.2],[163.79,62.39],[165.21,62.64],[166.88,62.91],[169,63.16],[170.02,63.08],[170.02,63.08],[170.47,63.04],[169.36,62.48],[168.29,61.9],[167.26,61.32],[166.27,60.73],[165.07,60.32],[163.9,59.9],[162.76,59.46],[162.76,59.46],[162.35,58.66],[161.94,58.1],[161.54,57.54],[161.16,56.84],[160.79,56.14],[160.05,55.58],[159.33,55.03],[158.63,54.46],[157.46,53.85],[156.32,53.22],[156.32,53.22],[155.7,52.83],[155.1,52.44],[155.02,52.55],[155.02,52.55],[154.64,53.19],[154.25,53.83],[153.91,54.65],[153.48,55.05],[153.43,55.32],[153.43,55.32],[153.14,55.44],[153.14,55.44],[153.24,54.63],[153.48,53.77],[153.72,52.9],[153.89,51.93],[154.01,51.26],[154.12,50.59],[154.36,49.81],[154.36,49.81],[153.83,49.37],[153.31,48.92],[152.65,48.25],[151.65,47.6],[150.69,46.95],[149.85,46.61],[149.02,46.26],[148.3,45.87],[147.59,45.47],[146.84,45.07],[146.1,44.67],[145.03,44.1],[143.99,43.53],[143.42,43.25],[142.85,42.97],[142.22,42.5],[142.22,42.5],[142.19,43.33],[142.15,44.17],[142.27,44.86],[142.39,45.55],[142.4,46.08],[142.41,46.62],[142.41,46.62],[142.34,45.97],[142.34,45.97],[143.06,46.09],[143.78,46.2],[144.87,46.68],[145.81,47.05],[146.78,47.42],[147.99,47.71],[148.64,48.04],[149.29,48.24],[149.84,48.6],[150.4,48.96],[150.87,49.21],[151.58,50.02],[152.32,50.83],[152.32,50.83],[151.26,50.5],[150.22,50.16],[148.95,49.67],[148.15,49.41],[147.35,49.14],[146.99,49.02],[145.62,48.92],[144.26,48.8],[143.46,48.72],[142.65,48.64],[142.65,48.64],[142.75,49.37],[142.76,50.23],[142.77,51.08],[142.78,51.94],[142.79,52.8],[142.64,53.78],[142.48,54.77],[142.32,55.75],[142.14,56.74],[142.14,56.74],[141.56,57.19],[140.96,57.64],[140.54,58.59],[140.09,59.54],[140.09,59.54],[141.3,59.96],[142.53,60.37],[141.06,61.05]]]}},{"type":"Feature","properties":{"ma":10,"type":"gpml:OceanicCrust","name":"Kurli_Basin_Oceanic_Crust","pid":6662,"deforming":false},"geometry":{"type":"Polygon","coordinates":[[[142.44,46.86],[142.54,47.75],[142.65,48.64],[142.65,48.64],[143.46,48.72],[144.26,48.8],[145.62,48.92],[146.99,49.02],[147.35,49.14],[148.15,49.41],[148.95,49.67],[150.22,50.16],[151.26,50.5],[152.32,50.83],[152.32,50.83],[151.58,50.02],[150.87,49.21],[150.4,48.96],[149.84,48.6],[149.29,48.24],[148.64,48.04],[147.99,47.71],[146.78,47.42],[145.81,47.05],[144.87,46.68],[143.78,46.2],[143.06,46.09],[142.34,45.97],[142.44,46.86]]]}},{"type":"Feature","properties":{"ma":10,"type":"gpml:TopologicalNetwork","name":"South_China_Sea_Deformation_Network","pid":602,"deforming":true},"geometry":{"type":"Polygon","coordinates":[[[108.6,4.12],[108.26,4.99],[107.93,5.86],[107.59,6.73],[107.59,6.73],[107.41,7.66],[107.24,8.58],[107.1,9.28],[107.17,9.89],[107.25,10.55],[107.32,11.13],[107.41,11.83],[107.48,12.43],[107.55,13.03],[107.63,13.63],[107.62,14.53],[107.62,15.42],[107.62,16.32],[107.43,17.29],[107.23,18.26],[107.23,18.26],[106.49,18.93],[105.74,19.6],[104.98,20.27],[104.47,20.76],[103.96,21.24],[103.44,21.72],[103.44,21.72],[103.52,21.75],[104.15,22.17],[104.68,22.56],[105.2,22.91],[106.06,23.24],[106.58,23.14],[107.6,22.88],[108.35,23.08],[109.05,23.34],[109.65,23.53],[110.22,23.83],[110.8,24.14],[111.48,24.23],[112.15,24.33],[112.79,24.63],[113.43,24.94],[113.98,25.24],[114.52,25.55],[115.03,26.02],[115.53,26.5],[115.53,26.5],[115.88,25.61],[116.22,24.73],[116.55,23.85],[116.88,22.96],[117.12,22.27],[117.36,21.58],[117.6,20.88],[117.17,20.37],[116.51,20.29],[115.84,20.21],[115.05,19.82],[114.91,19.65],[114.76,19.52],[114.59,19.45],[114.26,19.38],[113.77,19.36],[113.24,19.54],[112.71,19.71],[112.55,19.69],[112.05,19.49],[111.76,18.93],[111.48,18.37],[111.55,18.04],[111.76,17.85],[112.07,17.86],[112.47,18.21],[112.7,18.4],[112.97,18.39],[113.61,18.47],[113.62,18.4],[113.51,18.17],[113.27,17.96],[112.94,17.27],[112.78,16.84],[112.18,16.08],[111.69,15.77],[111.58,15.68],[111.56,15.43],[111.02,14.74],[111.05,14.38],[110.37,13.79],[109.57,13.45],[109.17,13.29],[109.17,13.29],[109.24,12.52],[109.31,11.76],[109.67,11.45],[110.51,11.87],[111.07,12.2],[111.43,12.51],[111.89,12.93],[112.45,13.15],[113.22,13.14],[113.78,13.26],[114.07,13.62],[114.2,13.99],[114.87,13.77],[115.34,13.46],[115.97,13.51],[115.97,13.51],[116.09,13.63],[116.15,13.72],[116.21,13.77],[116.23,13.81],[116.3,13.82],[116.81,13.91],[117.12,13.93],[117.66,13.98],[117.66,13.98],[117.7,14.14],[117.29,14.91],[117.27,14.95],[117.27,14.95],[117.5,15],[118,14.87],[118.08,14.83],[118.08,14.83],[118.13,14.89],[118.13,14.89],[118.71,14.44],[118.94,14.31],[118.94,14.31],[118.46,13.43],[118.06,12.92],[117.66,12.42],[117.23,11.73],[117.23,11.65],[116.88,11.52],[116.33,11.02],[115.8,10.52],[115.26,10.02],[115.26,10.02],[114.95,10.42],[114.95,10.42],[114.79,9.77],[114.62,9.12],[114.46,8.47],[114.06,7.74],[113.67,7],[113.27,6.27],[112.87,5.64],[112.46,5],[112.06,4.37],[111.65,3.73],[110.79,3.29],[109.97,3.62],[109.15,3.95],[108.95,4.01],[108.95,4.01],[108.95,4.01],[108.95,4.01],[108.6,4.12]]]}},{"type":"Feature","properties":{"ma":10,"type":"gpml:TopologicalNetwork","name":"Northen_NZ_Deformation_Network","pid":833,"deforming":true},"geometry":{"type":"Polygon","coordinates":[[[167.55,-47.96],[167.91,-46.99],[168.43,-46.53],[168.93,-46.07],[169.72,-45.38],[170.4,-44.97],[171.05,-44.12],[171.07,-43.56],[171.1,-43],[171.51,-42.58],[171.92,-42.15],[172.7,-41.55],[173.27,-40.88],[172.59,-40.37],[172.24,-39.83],[171.99,-39.42],[171.75,-39.02],[171.41,-38.47],[171.13,-38],[170.92,-37.65],[170.93,-37.42],[170.93,-37.1],[170.95,-37.08],[170.95,-37.08],[171.75,-37.11],[172.94,-37.34],[173.8,-37.56],[174.59,-37.82],[175.25,-38.29],[175.59,-38.72],[175.91,-39.04],[175.91,-39.04],[176.18,-39.05],[176.84,-38.87],[177.93,-38.61],[178.05,-38.64],[178.05,-38.64],[177.94,-38.96],[177.52,-39.86],[177.14,-40.5],[176.88,-41.07],[176.7,-41.51],[176.55,-41.91],[176.41,-42.32],[176.29,-42.69],[176.04,-43.11],[175.8,-43.53],[175.31,-44.01],[174.96,-44.34],[174.67,-44.59],[174.15,-44.83],[173.7,-45.03],[173.35,-45.21],[172.92,-45.42],[172.71,-45.63],[172.49,-45.86],[172.18,-46.06],[171.66,-46.38],[171.58,-46.49],[171.58,-46.49],[171.45,-46.56],[171.18,-46.71],[171.1,-46.75],[171.02,-46.79],[170.86,-46.87],[170.7,-46.96],[170.55,-47.03],[170.45,-47.09],[170.26,-47.2],[170.11,-47.28],[169.86,-47.43],[169.63,-47.57],[169.43,-47.7],[169.37,-47.74],[169.23,-47.83],[169.06,-47.94],[168.95,-48.01],[168.88,-48.05],[168.81,-48.09],[168.71,-48.15],[168.58,-48.23],[168.52,-48.26],[168.48,-48.28],[168.39,-48.34],[168.36,-48.36],[168.36,-48.36],[167.97,-48.14],[167.55,-47.96]]]}},{"type":"Feature","properties":{"ma":10,"type":"gpml:TopologicalNetwork","name":"Campbell_Deforming_Network","pid":901,"deforming":true},"geometry":{"type":"MultiPolygon","coordinates":[[[[180,-45.04],[180,-45.85],[180,-46.67],[180,-47.48],[180,-48.3],[179.97,-48.31],[179.19,-48.73],[178.4,-49.15],[177.58,-49.59],[176.75,-50.02],[175.93,-50.5],[175.08,-50.97],[174.23,-51.43],[172.96,-52],[171.66,-52.55],[170.98,-53],[170.49,-53.33],[169.81,-53.76],[169.63,-53.87],[169.63,-53.87],[169.63,-53.83],[169.65,-53.76],[169.66,-53.62],[169.7,-53.36],[169.73,-53.18],[169.77,-52.92],[169.81,-52.7],[169.92,-52.31],[170.01,-52.04],[170.1,-51.76],[170.11,-51.65],[170.12,-51.54],[170.14,-51.44],[170.15,-51.32],[170.17,-51.15],[170.2,-50.89],[169.72,-50.23],[169.57,-49.77],[169.48,-49.4],[169.47,-49.09],[169.5,-48.78],[169.46,-48.11],[169.46,-48],[169.43,-47.7],[169.43,-47.7],[169.46,-47.68],[169.86,-47.43],[170.24,-47.21],[170.55,-47.03],[171.2,-46.7],[171.58,-46.49],[171.58,-46.49],[171.66,-46.38],[172.18,-46.06],[172.49,-45.86],[172.71,-45.63],[172.92,-45.42],[173.35,-45.21],[173.7,-45.03],[174.15,-44.83],[174.67,-44.59],[174.96,-44.34],[175.31,-44.01],[175.8,-43.53],[176.04,-43.11],[176.29,-42.69],[176.41,-42.32],[176.55,-41.91],[176.7,-41.51],[176.88,-41.07],[177.14,-40.5],[177.52,-39.86],[177.94,-38.96],[178.05,-38.64],[178.05,-38.64],[178.63,-38.76],[179.3,-38.89],[179.86,-39],[179.85,-39.53],[180,-39.83],[180,-40.36],[180,-40.89],[179.89,-41.1],[179.82,-41.22],[179.72,-41.39],[179.69,-41.45],[179.69,-41.45],[179.69,-41.45],[179.5,-42.13],[179.35,-42.71],[179.24,-43.13],[179.04,-43.47],[178.91,-43.7],[178.81,-43.87],[178.68,-44.1],[178.58,-44.28],[178.58,-44.28],[178.58,-44.28],[178.76,-44.25],[178.63,-44.38],[178.52,-44.48],[178.53,-44.53],[178.7,-44.48],[179.84,-44.26],[180,-44.22],[180,-45.04]]],[[[-180,-40.36],[-180,-39.83],[-179.87,-40.23],[-179.88,-40.65],[-180,-40.89],[-180,-40.36]]],[[[-180,-47.48],[-180,-46.67],[-180,-45.85],[-180,-45.04],[-180,-44.22],[-179.47,-44.11],[-178.94,-44],[-177.68,-43.71],[-177.16,-43.39],[-176.49,-42.97],[-175.84,-43.03],[-175.38,-43.08],[-174.93,-43.12],[-174.51,-43.15],[-174.07,-43.19],[-173.95,-43.2],[-173.81,-43.21],[-173.52,-43.23],[-173.31,-43.25],[-173.14,-43.26],[-173.14,-43.26],[-173.32,-43.49],[-173.6,-43.86],[-174.04,-44.64],[-174.56,-45.19],[-175.09,-45.73],[-175.85,-46.2],[-176.62,-46.66],[-177.5,-47.11],[-178.4,-47.55],[-179.2,-47.93],[-180,-48.3],[-180,-47.48]]]]}},{"type":"Feature","properties":{"ma":10,"type":"gpml:TopologicalNetwork","name":"SEAsiaDeformNetwork","pid":604,"deforming":true},"geometry":{"type":"Polygon","coordinates":[[[94.62,29.77],[95.22,29.16],[95.82,28.55],[96.42,27.94],[96.92,27.31],[97.42,26.68],[97.91,26.05],[98.52,25.44],[99.13,24.84],[99.95,24.31],[100.77,23.77],[101.37,23.36],[101.96,22.95],[102.55,22.54],[103.17,21.97],[103.78,21.41],[104.38,20.84],[104.98,20.27],[105.74,19.6],[106.49,18.93],[107.23,18.26],[107.23,18.26],[107.43,17.29],[107.62,16.32],[107.62,15.42],[107.62,14.53],[107.63,13.63],[107.55,13.03],[107.48,12.43],[107.41,11.83],[107.32,11.13],[107.25,10.55],[107.17,9.89],[107.1,9.28],[107.24,8.58],[107.41,7.66],[107.59,6.73],[107.59,6.73],[107.93,5.86],[108.26,4.99],[108.6,4.12],[108.6,4.12],[109.11,3.96],[109.95,3.62],[110.79,3.29],[111.65,3.73],[112.06,4.37],[112.46,5],[112.87,5.64],[113.27,6.27],[113.67,7],[114.06,7.74],[114.46,8.47],[114.62,9.12],[114.79,9.77],[114.95,10.42],[114.95,10.42],[115.46,9.75],[115.97,9.08],[116.48,8.4],[116.98,7.73],[117.48,6.94],[117.48,6.94],[117.45,6.34],[117.03,5.52],[116.62,4.71],[117.01,3.97],[117.39,3.23],[117.4,2.54],[117.4,1.85],[117.72,0.91],[118.04,-0.03],[118.36,-0.97],[118.68,-1.91],[118.74,-2.6],[118.81,-3.3],[118.87,-3.99],[119.05,-4.91],[119.22,-5.84],[119.35,-6.44],[119.49,-7.04],[119.54,-7.88],[119.59,-8.73],[119.21,-8.93],[119.21,-8.93],[118.4,-8.87],[117.59,-8.81],[116.79,-8.74],[115.81,-8.73],[114.84,-8.72],[113.87,-8.71],[112.9,-8.7],[112.22,-8.57],[112.22,-8.57],[112.01,-8.58],[111.05,-8.59],[110.9,-8.59],[110.49,-8.59],[110.05,-8.59],[109.75,-8.6],[109.24,-8.57],[108.83,-8.55],[108.51,-8.53],[108.28,-8.52],[108.01,-8.51],[107.68,-8.49],[107.06,-8.46],[106.14,-8.32],[105.47,-8.23],[104.94,-8.15],[103.96,-8.05],[102.98,-7.95],[102.48,-7.84],[102.48,-7.84],[101.75,-7.29],[101.02,-6.75],[101.01,-6.73],[101.01,-6.73],[101.08,-6.04],[101.2,-5.48],[101.31,-4.92],[101.31,-4.31],[101.3,-3.71],[100.97,-3.08],[100.64,-2.45],[100.01,-1.68],[99.39,-0.91],[98.87,-0.12],[98.35,0.67],[97.83,1.47],[97.31,2.26],[96.79,3.05],[96.49,3.74],[96.18,4.43],[95.95,4.96],[95.71,5.49],[95.72,5.54],[95.72,5.54],[95.48,5.73],[95.19,6.69],[94.89,7.64],[94.8,8.48],[94.7,9.31],[94.61,10.15],[94.61,10.9],[94.61,11.65],[94.61,12.41],[94.85,13.27],[95.08,14.13],[95.28,14.51],[95.28,14.51],[95.13,15.37],[94.98,16.22],[94.83,17.08],[94.68,17.94],[94.45,18.92],[94.21,19.89],[93.97,20.87],[93.91,21.66],[93.86,22.46],[93.81,23.26],[93.99,24.17],[94.17,25.08],[94.36,25.99],[94.55,26.9],[94.38,27.66],[94.2,28.42],[94.02,29.18],[93.84,29.94],[94.62,29.77]]]}},{"type":"Feature","properties":{"ma":10,"type":"gpml:TopologicalNetwork","name":"Outer Boundary Cenozoic deformation zone","pid":101,"deforming":true},"geometry":{"type":"Polygon","coordinates":[[[-97.28,15.71],[-97.46,15.79],[-97.95,16],[-98.54,16.32],[-99.03,16.54],[-99.82,16.87],[-100.51,17.19],[-101.2,17.52],[-101.99,17.94],[-102.67,18.37],[-103.36,18.79],[-103.84,19.31],[-104.23,19.62],[-104.62,20.03],[-104.69,20.63],[-104.68,21.03],[-104.58,21.49],[-104.58,21.49],[-104.44,21.51],[-104.31,21.57],[-104.2,21.62],[-104.2,21.62],[-104.45,22.01],[-104.84,22.7],[-105.13,23.11],[-105.41,23.52],[-105.85,24.03],[-106.18,24.51],[-106.41,24.81],[-106.67,25.02],[-106.82,25.25],[-106.89,25.42],[-107.31,25.69],[-107.65,26],[-107.76,26.17],[-108.07,26.33],[-108.15,26.54],[-108.22,26.74],[-108.19,26.91],[-108.38,27.18],[-108.62,27.35],[-108.89,27.55],[-109.09,27.78],[-109.32,28.05],[-109.56,28.28],[-109.76,28.45],[-110,28.58],[-110.16,28.75],[-110.17,29.02],[-110.3,29.43],[-110.51,29.76],[-110.92,30.09],[-111.21,30.36],[-111.54,30.59],[-111.79,30.78],[-111.93,30.98],[-112.1,31.12],[-112.12,31.26],[-112.12,31.26],[-112.87,31.78],[-113.5,32.31],[-114.06,32.77],[-114.57,33.15],[-115.28,33.82],[-115.92,34.4],[-116.58,34.92],[-117.18,35.41],[-117.63,35.9],[-118.09,36.39],[-118.59,36.88],[-118.8,37.37],[-118.92,37.87],[-119.13,38.66],[-119.28,38.71],[-119.42,38.76],[-119.55,38.81],[-119.7,38.87],[-119.9,39.54],[-120.11,40.21],[-120.33,39.54],[-120.55,38.87],[-120.64,38.12],[-120.64,38.12],[-119.86,38.13],[-119.86,38.13],[-119.51,37.69],[-118.86,37.12],[-118.32,36.72],[-117.78,36.32],[-117.27,35.77],[-116.77,35.22],[-116.47,34.69],[-116.18,34.16],[-116.18,34.16],[-116.47,34.69],[-116.77,35.22],[-117.27,35.77],[-117.78,36.32],[-118.32,36.72],[-118.86,37.12],[-119.51,37.69],[-120.1,38.42],[-120.7,39.14],[-121.01,39.67],[-121.33,40.19],[-121.61,40.69],[-121.9,41.18],[-122.3,41.88],[-122.45,42.14],[-122.44,42.31],[-122.49,42.48],[-122.52,42.63],[-122.49,42.78],[-122.42,42.85],[-122.42,42.99],[-122.49,43.05],[-122.54,43.35],[-122.56,43.54],[-122.62,43.63],[-122.68,43.75],[-122.78,43.91],[-122.81,44.22],[-122.8,44.41],[-122.78,44.48],[-122.72,44.55],[-122.76,44.81],[-122.78,45.01],[-122.79,45.15],[-122.86,45.21],[-122.88,45.36],[-122.89,45.58],[-123.01,45.95],[-123.2,46.41],[-123.35,46.76],[-123.49,47.1],[-123.65,47.42],[-123.77,47.79],[-124.1,48.18],[-124.11,48.18],[-124.11,48.18],[-124.09,48.49],[-123.98,49.09],[-124.06,49.59],[-124.07,49.98],[-124.5,50.45],[-125.37,51],[-126.33,51.37],[-126.98,51.77],[-127.9,52.24],[-128.13,52.37],[-128.13,52.37],[-128.03,52.7],[-127.93,52.98],[-127.87,53.32],[-127.81,53.86],[-127.81,54.47],[-127.89,55.06],[-127.9,55.52],[-127.9,55.52],[-127.02,54.68],[-126.18,53.83],[-125.28,53.28],[-124.41,52.72],[-123.51,52.12],[-122.64,51.51],[-121.38,50.96],[-120.15,50.4],[-118.94,49.83],[-118.2,49.64],[-117.46,49.45],[-116.12,49.2],[-114.87,49.11],[-114.23,48.94],[-113.92,48.45],[-113.87,47.82],[-113.6,46.93],[-113.64,46.2],[-113.84,45.66],[-114.03,45.11],[-113.86,44.36],[-113.08,44.18],[-112.18,44.08],[-111.33,44.34],[-110.86,44.48],[-110.5,44.72],[-110.03,45.02],[-109.36,45.15],[-108.76,44.81],[-108.51,44.38],[-108.42,43.9],[-108.31,43.34],[-108.33,43.34],[-108.33,43.31],[-108.34,43.25],[-108.35,43.23],[-108.35,43.2],[-108.35,43.16],[-108.35,43.13],[-108.35,43.13],[-108.28,43.09],[-108.25,43.03],[-108.22,42.95],[-108.23,42.9],[-108.23,42.86],[-108.23,42.79],[-108.23,42.73],[-108.24,42.68],[-108.27,42.6],[-108.29,42.56],[-108.3,42.53],[-108.31,42.46],[-108.31,42.41],[-108.31,42.38],[-108.29,42.21],[-108.29,42.2],[-108.29,42.15],[-108.33,42.08],[-108.45,41.88],[-108.52,41.78],[-108.51,41.76],[-108.46,41.75],[-108.36,41.74],[-108.33,41.74],[-108.32,41.72],[-108.31,41.69],[-108.28,41.65],[-108.25,41.65],[-108.22,41.65],[-108.17,41.6],[-108.16,41.59],[-108.11,41.59],[-108.05,41.6],[-108.04,41.59],[-107.99,41.56],[-107.99,41.56],[-107.9,41.58],[-107.87,41.58],[-107.82,41.58],[-107.78,41.56],[-107.74,41.55],[-107.72,41.55],[-107.64,41.56],[-107.44,41.59],[-107.27,41.59],[-107.05,41.57],[-106.92,41.55],[-106.88,41.54],[-106.8,41.51],[-106.67,41.47],[-106.56,41.4],[-106.5,41.35],[-106.45,41.28],[-106.44,41.23],[-106.44,41.22],[-106.44,41.19],[-106.46,41.19],[-106.5,41.22],[-106.5,41.2],[-106.51,41.16],[-106.31,41.09],[-106.24,41.08],[-106.15,41.08],[-106.06,41.08],[-105.97,41.08],[-105.88,41.07],[-105.83,41.07],[-105.78,41.07],[-105.75,41.05],[-105.73,41.04],[-105.73,41.04],[-105.73,41.04],[-104.96,41.06],[-104.98,41.08],[-104.99,41.1],[-105.01,41.12],[-105.01,41.16],[-105,41.19],[-104.99,41.24],[-104.98,41.29],[-104.99,41.35],[-105.03,41.37],[-105.04,41.39],[-105.06,41.42],[-105.07,41.45],[-105.07,41.48],[-105.07,41.48],[-105.08,41.49],[-105.09,41.49],[-105.1,41.53],[-105.12,41.55],[-105.14,41.58],[-105.18,41.62],[-105.19,41.62],[-105.14,41.63],[-105.05,41.63],[-104.96,41.63],[-104.89,41.61],[-104.83,41.6],[-104.82,41.6],[-104.82,41.6],[-104.74,41.59],[-104.69,41.59],[-104.68,41.59],[-104.67,41.59],[-104.64,41.6],[-104.63,41.6],[-104.6,41.61],[-104.54,41.64],[-104.53,41.64],[-104.53,41.65],[-104.45,41.68],[-104.29,41.8],[-104.29,41.81],[-104.28,41.8],[-104.27,41.8],[-104.25,41.8],[-104.22,41.81],[-104.21,41.83],[-104.19,41.85],[-104.15,41.87],[-104.11,41.87],[-104.05,41.86],[-104.03,41.84],[-104.03,41.82],[-104.03,41.82],[-104.03,41.81],[-104.03,41.79],[-104.03,41.79],[-104.03,41.79],[-104.03,41.76],[-104.03,41.73],[-104.02,41.71],[-104.01,41.69],[-104.02,41.67],[-104.02,41.66],[-104.04,41.66],[-104.07,41.66],[-104.04,41.63],[-104.01,41.62],[-103.99,41.61],[-103.97,41.59],[-103.95,41.59],[-103.93,41.58],[-103.9,41.57],[-103.87,41.58],[-103.84,41.59],[-103.8,41.61],[-103.77,41.63],[-103.74,41.64],[-103.72,41.65],[-103.69,41.67],[-103.65,41.69],[-103.63,41.71],[-103.61,41.74],[-103.6,41.76],[-103.58,41.79],[-103.58,41.82],[-103.61,41.84],[-103.63,41.84],[-103.61,41.94],[-103.6,42.01],[-103.6,42.12],[-103.59,42.16],[-103.61,42.2],[-103.6,42.24],[-103.63,42.28],[-103.7,42.31],[-103.74,42.32],[-103.84,42.34],[-103.89,42.35],[-103.93,42.37],[-103.8,42.44],[-103.79,42.48],[-103.81,42.53],[-103.82,42.56],[-103.86,42.58],[-103.88,42.61],[-103.92,42.66],[-103.98,42.71],[-103.97,42.73],[-103.95,42.76],[-103.95,42.78],[-103.98,42.8],[-103.98,42.84],[-103.96,42.89],[-103.94,42.91],[-103.94,42.91],[-103.95,42.92],[-103.99,42.96],[-104.02,42.99],[-104.04,43.01],[-104.09,43],[-104.13,43.01],[-104.16,43.04],[-104.19,43.06],[-104.15,43.06],[-104.11,43.06],[-104.04,43.07],[-103.95,43.09],[-103.81,43.11],[-103.73,43.14],[-103.72,43.15],[-103.71,43.15],[-103.67,43.17],[-103.62,43.18],[-103.57,43.18],[-103.55,43.18],[-103.55,43.2],[-103.54,43.21],[-103.55,43.22],[-103.49,43.22],[-103.36,43.2],[-103.35,43.2],[-103.29,43.19],[-103.29,43.18],[-103.28,43.17],[-103.26,43.16],[-103.21,43.12],[-103.26,43.01],[-103.26,43],[-103.21,42.98],[-103.17,42.94],[-103.17,42.91],[-103.16,42.87],[-103.17,42.84],[-103.15,42.83],[-103.14,42.82],[-103.13,42.81],[-103.1,42.79],[-103.08,42.74],[-103.09,42.72],[-103.08,42.72],[-103.05,42.66],[-103.07,42.62],[-103.09,42.59],[-103.1,42.55],[-103.11,42.5],[-103.07,42.5],[-103,42.46],[-103,42.39],[-103.06,42.33],[-103.12,42.32],[-103.16,42.25],[-103.17,42.25],[-103.15,42.23],[-103.13,42.18],[-103.18,42.13],[-103.27,42.01],[-103.25,41.97],[-103.24,41.97],[-103.24,41.96],[-103.21,41.87],[-103.2,41.84],[-103.17,41.77],[-103.15,41.68],[-103.14,41.63],[-103.14,41.61],[-103.15,41.57],[-103.15,41.57],[-103.18,41.52],[-103.17,41.49],[-103.18,41.46],[-103.2,41.44],[-103.21,41.44],[-103.21,41.43],[-103.22,41.4],[-103.23,41.35],[-103.25,41.32],[-103.27,41.31],[-103.3,41.3],[-103.3,41.29],[-103.29,41.28],[-103.29,41.28],[-103.29,41.23],[-103.29,41.15],[-103.27,41.09],[-103.25,41.04],[-103.23,41.01],[-103.24,40.98],[-103.24,40.94],[-103.24,40.92],[-103.23,40.9],[-103.25,40.9],[-103.29,40.9],[-103.28,40.89],[-103.28,40.86],[-103.3,40.83],[-103.32,40.8],[-103.35,40.77],[-103.35,40.76],[-103.35,40.76],[-103.35,40.75],[-103.37,40.72],[-103.37,40.7],[-103.39,40.68],[-103.39,40.67],[-103.38,40.65],[-103.4,40.64],[-103.42,40.62],[-103.43,40.59],[-103.42,40.56],[-103.42,40.55],[-103.42,40.54],[-103.42,40.46],[-103.4,40.36],[-103.39,40.34],[-103.38,40.34],[-103.38,40.33],[-103.36,40.32],[-103.35,40.3],[-103.33,40.27],[-103.31,40.23],[-103.28,40.14],[-103.25,40.04],[-103.21,39.96],[-103.18,39.89],[-103.16,39.81],[-103.16,39.81],[-103.16,39.8],[-103.15,39.76],[-103.1,39.69],[-103.04,39.62],[-103.02,39.6],[-103.03,39.53],[-103.03,39.47],[-103.02,39.33],[-103.01,39.18],[-103.02,39.17],[-103.01,39.08],[-103.1,39.05],[-103.18,39.02],[-103.25,38.98],[-103.29,38.95],[-103.33,38.94],[-103.35,38.94],[-103.36,38.96],[-103.39,39],[-103.42,39.01],[-103.43,39.01],[-103.45,39],[-103.47,38.97],[-103.48,38.9],[-103.49,38.87],[-103.47,38.84],[-103.44,38.8],[-103.41,38.78],[-103.38,38.74],[-103.33,38.67],[-103.28,38.59],[-103.27,38.55],[-103.25,38.52],[-103.22,38.52],[-103.2,38.52],[-103.2,38.5],[-103.2,38.49],[-103.21,38.47],[-103.16,38.45],[-103.13,38.41],[-103.1,38.37],[-103.14,38.38],[-103.17,38.37],[-103.19,38.37],[-103.18,38.35],[-103.17,38.33],[-103.17,38.33],[-103.17,38.32],[-103.17,38.29],[-103.18,38.26],[-103.19,38.21],[-103.2,38.19],[-103.22,38.19],[-103.23,38.18],[-103.24,38.19],[-103.26,38.2],[-103.28,38.2],[-103.26,38.18],[-103.24,38.14],[-103.21,38.13],[-103.2,38.13],[-103.17,38.12],[-103.16,38.13],[-103.15,38.14],[-103.14,38.15],[-103.13,38.17],[-103.11,38.18],[-103.09,38.17],[-103.05,38.17],[-103.01,38.15],[-102.96,38.12],[-102.92,38.09],[-102.9,38.06],[-102.87,38.01],[-102.85,38.01],[-102.81,37.99],[-102.78,37.94],[-102.74,37.88],[-102.71,37.82],[-102.69,37.77],[-102.65,37.73],[-102.58,37.67],[-102.52,37.64],[-102.47,37.58],[-102.44,37.52],[-102.41,37.45],[-102.37,37.42],[-102.31,37.39],[-102.26,37.37],[-102.28,37.36],[-102.29,37.36],[-102.3,37.34],[-102.29,37.34],[-102.29,37.33],[-102.29,37.33],[-102.3,37.31],[-102.3,37.29],[-102.29,37.27],[-102.29,37.26],[-102.29,37.25],[-102.3,37.25],[-102.32,37.23],[-102.31,37.23],[-102.32,37.23],[-102.33,37.22],[-102.36,37.23],[-102.4,37.23],[-102.44,37.25],[-102.49,37.26],[-102.55,37.26],[-102.59,37.25],[-102.64,37.26],[-102.67,37.26],[-102.69,37.27],[-102.7,37.29],[-102.72,37.28],[-102.74,37.27],[-102.75,37.24],[-102.76,37.23],[-102.8,37.21],[-102.81,37.19],[-102.83,37.18],[-102.84,37.17],[-102.88,37.17],[-102.89,37.16],[-102.91,37.14],[-102.92,37.11],[-102.93,37.11],[-102.96,37.11],[-103,37.1],[-103.02,37.1],[-103.03,37.11],[-103.04,37.09],[-103.05,37.06],[-103.06,37.04],[-103.08,37.02],[-103.12,37.01],[-103.14,37.01],[-103.14,37],[-103.16,36.98],[-103.17,36.98],[-103.2,36.99],[-103.22,36.98],[-103.21,36.94],[-103.21,36.92],[-103.24,36.9],[-103.26,36.88],[-103.26,36.86],[-103.28,36.84],[-103.31,36.83],[-103.33,36.8],[-103.33,36.77],[-103.34,36.8],[-103.36,36.83],[-103.37,36.85],[-103.36,36.88],[-103.39,36.89],[-103.41,36.9],[-103.45,36.91],[-103.46,36.92],[-103.46,36.91],[-103.46,36.91],[-103.49,36.91],[-103.52,36.91],[-103.55,36.89],[-103.56,36.88],[-103.57,36.88],[-103.57,36.88],[-103.58,36.89],[-103.59,36.91],[-103.62,36.92],[-103.65,36.93],[-103.65,36.93],[-103.68,36.93],[-103.72,36.94],[-103.73,36.94],[-103.76,36.93],[-103.79,36.91],[-103.81,36.89],[-103.82,36.9],[-103.84,36.93],[-103.85,36.95],[-103.86,36.96],[-103.87,36.97],[-103.87,36.98],[-103.87,36.97],[-103.88,36.95],[-103.91,36.84],[-103.92,36.75],[-103.93,36.7],[-103.93,36.66],[-103.94,36.61],[-103.95,36.54],[-103.96,36.49],[-103.94,36.49],[-103.94,36.48],[-103.95,36.45],[-103.95,36.42],[-103.96,36.4],[-103.97,36.38],[-103.99,36.36],[-104.02,36.34],[-104.06,36.25],[-104.1,36.15],[-104.1,36.14],[-104.11,36.14],[-104.11,36.1],[-104.12,36.06],[-104.12,36.05],[-104.13,36.05],[-104.14,35.99],[-104.22,35.93],[-104.37,35.85],[-104.5,35.78],[-104.61,35.7],[-104.7,35.61],[-104.77,35.54],[-104.81,35.51],[-104.82,35.5],[-104.81,35.4],[-104.81,35.32],[-104.82,35.26],[-104.82,35.23],[-104.82,35.21],[-104.82,35.19],[-104.79,35.17],[-104.83,35.11],[-104.86,35.06],[-104.88,35.02],[-104.9,34.97],[-104.94,34.9],[-104.96,34.82],[-104.98,34.81],[-105.01,34.81],[-105.02,34.81],[-105.04,34.8],[-105.05,34.79],[-105.07,34.78],[-105.07,34.77],[-105.07,34.77],[-105.09,34.75],[-105.09,34.75],[-105.1,34.75],[-105.14,34.72],[-105.17,34.68],[-105.19,34.65],[-105.22,34.61],[-105.22,34.6],[-105.22,34.6],[-105.21,34.55],[-105.2,34.52],[-105.19,34.51],[-105.19,34.48],[-105.19,34.44],[-105.2,34.39],[-105.19,34.33],[-105.18,34.31],[-105.16,34.3],[-105.14,34.29],[-105.12,34.28],[-105.11,34.29],[-105.12,34.33],[-105.12,34.36],[-105.12,34.43],[-105.08,34.44],[-105.05,34.45],[-105.04,34.45],[-105.02,34.42],[-105,34.41],[-104.98,34.39],[-104.96,34.38],[-104.95,34.38],[-104.95,34.4],[-104.95,34.41],[-104.97,34.44],[-104.98,34.46],[-104.97,34.49],[-104.95,34.52],[-104.94,34.54],[-104.94,34.56],[-104.93,34.58],[-104.91,34.58],[-104.9,34.57],[-104.89,34.55],[-104.87,34.56],[-104.86,34.59],[-104.85,34.61],[-104.82,34.63],[-104.8,34.63],[-104.78,34.63],[-104.76,34.62],[-104.75,34.59],[-104.76,34.56],[-104.77,34.5],[-104.79,34.44],[-104.8,34.34],[-104.81,34.25],[-104.81,34.25],[-104.81,34.24],[-104.79,34.21],[-104.77,34.2],[-104.75,34.18],[-104.74,34.15],[-104.71,34.12],[-104.69,34.09],[-104.67,34.07],[-104.65,34.05],[-104.63,34.03],[-104.61,34.05],[-104.59,34.09],[-104.58,34.11],[-104.55,34.13],[-104.55,34.15],[-104.55,34.17],[-104.55,34.19],[-104.54,34.21],[-104.53,34.23],[-104.52,34.24],[-104.5,34.25],[-104.49,34.26],[-104.49,34.26],[-104.49,34.26],[-104.49,34.27],[-104.49,34.28],[-104.5,34.3],[-104.5,34.31],[-104.5,34.31],[-104.51,34.31],[-104.52,34.33],[-104.54,34.33],[-104.57,34.34],[-104.58,34.36],[-104.57,34.38],[-104.55,34.39],[-104.53,34.41],[-104.51,34.42],[-104.48,34.41],[-104.45,34.41],[-104.42,34.41],[-104.38,34.41],[-104.37,34.39],[-104.35,34.37],[-104.34,34.34],[-104.32,34.32],[-104.32,34.29],[-104.32,34.27],[-104.34,34.25],[-104.33,34.24],[-104.32,34.22],[-104.32,34.2],[-104.32,34.17],[-104.34,34.14],[-104.36,34.11],[-104.39,34.09],[-104.44,34.05],[-104.48,34.02],[-104.51,34],[-104.54,33.98],[-104.56,33.97],[-104.57,33.96],[-104.58,33.93],[-104.59,33.91],[-104.6,33.87],[-104.6,33.87],[-104.59,33.87],[-104.57,33.86],[-104.55,33.83],[-104.51,33.76],[-104.47,33.65],[-104.46,33.59],[-104.45,33.55],[-104.42,33.5],[-104.41,33.46],[-104.4,33.42],[-104.39,33.38],[-104.39,33.35],[-104.39,33.29],[-104.39,33.24],[-104.41,33.19],[-104.41,33.15],[-104.39,33.13],[-104.36,33.11],[-104.35,33.08],[-104.35,33.05],[-104.35,33.01],[-104.36,32.98],[-104.35,32.96],[-104.36,32.94],[-104.38,32.91],[-104.39,32.88],[-104.41,32.84],[-104.41,32.82],[-104.43,32.79],[-104.45,32.77],[-104.48,32.76],[-104.51,32.73],[-104.55,32.71],[-104.58,32.67],[-104.61,32.64],[-104.64,32.6],[-104.65,32.57],[-104.66,32.56],[-104.67,32.55],[-104.7,32.52],[-104.72,32.5],[-104.75,32.47],[-104.75,32.41],[-104.75,32.35],[-104.75,32.29],[-104.74,32.25],[-104.73,32.23],[-104.72,32.21],[-104.67,32.16],[-104.61,32.11],[-104.58,32.09],[-104.56,32.05],[-104.52,32.02],[-104.47,31.97],[-104.44,31.94],[-104.39,31.89],[-104.28,31.8],[-104.23,31.74],[-104.19,31.7],[-104.09,31.73],[-104.02,31.73],[-103.98,31.73],[-103.95,31.7],[-103.9,31.67],[-103.85,31.65],[-103.84,31.64],[-103.79,31.61],[-103.78,31.59],[-103.74,31.54],[-103.69,31.5],[-103.63,31.46],[-103.59,31.42],[-103.56,31.38],[-103.55,31.31],[-103.55,31.31],[-103.54,31.31],[-103.48,31.35],[-103.47,31.36],[-103.48,31.36],[-103.48,31.4],[-103.48,31.44],[-103.44,31.5],[-103.42,31.52],[-103.4,31.57],[-103.38,31.62],[-103.38,31.62],[-103.33,31.7],[-103.41,31.71],[-103.42,31.72],[-103.48,31.71],[-103.48,31.77],[-103.51,31.94],[-103.52,31.96],[-103.56,31.99],[-103.6,32.01],[-103.64,32.03],[-103.7,32.07],[-103.72,32.08],[-103.77,32.09],[-103.79,32.14],[-103.8,32.18],[-103.8,32.25],[-103.79,32.28],[-103.71,32.45],[-103.71,32.46],[-103.69,32.56],[-103.69,32.64],[-103.67,32.69],[-103.64,32.65],[-103.61,32.57],[-103.59,32.49],[-103.57,32.36],[-103.56,32.26],[-103.51,32.19],[-103.47,32.11],[-103.4,32],[-103.34,31.93],[-103.33,31.91],[-103.33,31.91],[-103.28,31.82],[-103.25,31.78],[-103.19,31.71],[-103.18,31.67],[-103.19,31.65],[-103.12,31.65],[-103.05,31.62],[-103,31.61],[-102.87,31.55],[-102.79,31.51],[-102.72,31.48],[-102.61,31.41],[-102.59,31.4],[-102.58,31.4],[-102.57,31.39],[-102.54,31.37],[-102.41,31.27],[-102.39,31.25],[-102.39,31.26],[-102.35,31.28],[-102.35,31.29],[-102.35,31.3],[-102.34,31.31],[-102.33,31.33],[-102.31,31.34],[-102.27,31.31],[-102.22,31.29],[-102.18,31.27],[-102.15,31.25],[-102.13,31.23],[-102.13,31.21],[-102.13,31.19],[-102.15,31.17],[-102.15,31.15],[-102.11,31.12],[-102.06,31.1],[-102.01,31.08],[-102.01,31.07],[-101.97,30.99],[-101.95,30.93],[-101.93,30.88],[-101.89,30.82],[-101.82,30.85],[-101.69,30.88],[-101.68,30.89],[-101.66,30.89],[-101.6,30.91],[-101.55,30.91],[-101.49,30.91],[-101.43,30.89],[-101.35,30.85],[-101.22,30.77],[-101.15,30.74],[-101.11,30.75],[-101.08,30.75],[-101.06,30.75],[-101.03,30.76],[-100.99,30.76],[-100.97,30.76],[-100.92,30.77],[-100.88,30.76],[-100.75,30.69],[-100.48,30.24],[-100.21,29.79],[-99.77,28.98],[-99.85,28.02],[-99.33,27.54],[-98.9,27.14],[-98.47,26.73],[-98.36,25.99],[-98.66,25.68],[-98.43,25.21],[-98.2,24.74],[-98.01,23.99],[-97.83,23.25],[-97.65,22.51],[-97.24,21.66],[-96.83,20.81],[-96.18,20.21],[-95.53,19.61],[-95.64,19.39],[-95.59,18.93],[-95.35,18.54],[-94.87,17.93],[-94.47,17.48],[-94.07,17.03],[-93.64,16.62],[-92.98,16.09],[-92.33,15.56],[-92.07,15.32],[-92.07,15.32],[-92.86,15.28],[-93.65,15.24],[-94.43,15.19],[-95.22,15.14],[-96.14,15.39],[-97.06,15.63],[-97.28,15.71]]]}},{"type":"Feature","properties":{"ma":10,"type":"gpml:TopologicalNetwork","name":"Outer Boundary Cenozoic deformation zone","pid":101,"deforming":true},"geometry":{"type":"Polygon","coordinates":[[[-118.62,36.94],[-118.86,37.12],[-119.51,37.69],[-119.86,38.13],[-119.86,38.13],[-120.64,38.12],[-120.64,38.12],[-120.55,38.87],[-120.33,39.54],[-120.11,40.21],[-120.64,39.73],[-120.09,40.57],[-120.08,40.06],[-120.07,39.54],[-120.04,39.3],[-119.7,38.87],[-119.55,38.81],[-119.42,38.76],[-119.28,38.71],[-119.13,38.66],[-118.92,37.87],[-118.8,37.37],[-118.62,36.94]]]}}]}