{"type":"FeatureCollection","features":[{"type":"Feature","properties":{"ma":45,"type":"gpml:TopologicalNetwork","name":"Alpine_Deforming_Mesh_ELB","pid":301,"deforming":true},"geometry":{"type":"Polygon","coordinates":[[[0.78,39.74],[0.23,39.34],[-0.32,38.94],[-0.98,38.76],[-1.63,38.57],[-2.78,38.44],[-2.78,38.44],[-2.77,38.4],[-2.77,38.4],[-3.65,38.46],[-4.54,38.51],[-5.46,38.57],[-6.37,38.62],[-7.44,38.99],[-7.44,38.99],[-7.6,39.49],[-7.6,39.49],[-6.8,39.71],[-5.66,39.64],[-4.52,39.56],[-3.76,39.62],[-3.01,39.67],[-2.14,39.79],[-1.27,39.9],[-0.58,39.99],[-0.02,40.06],[-0.02,40.06],[0.5,39.81],[0.5,39.81],[0.49,39.96],[0.86,40.39],[1.62,40.95],[2.13,41.39],[2.62,41.75],[3.26,42.05],[3.95,42.3],[4.55,42.5],[5.26,42.68],[5.98,42.81],[7.21,42.97],[7.88,43.02],[8.63,43.04],[9.31,43.01],[9.99,42.96],[10.42,42.89],[10.88,42.82],[11.24,42.76],[11.64,42.65],[12.03,42.63],[12.26,42.43],[12.44,42.04],[12.52,41.88],[12.54,41.93],[12.53,41.51],[12.77,40.8],[13.14,40.2],[13.42,39.58],[13.77,38.95],[13.95,38.48],[14.14,38],[14.14,38],[14.79,37.57],[15.44,37.18],[16.11,36.8],[16.84,36.49],[17.57,36.2],[18.37,36.14],[19.33,36.04],[20.28,35.98],[21.18,36.01],[22.07,36.09],[23.09,36.12],[24.09,36.19],[25.06,36.32],[25.89,36.42],[26.8,36.51],[27.64,36.56],[28.66,36.58],[29.55,36.56],[30.38,36.55],[31.36,36.53],[32.26,36.45],[33.15,36.33],[33.97,36.18],[33.97,36.18],[33.96,36.16],[33.82,35.24],[33.97,34.27],[34.11,33.31],[34.33,32.81],[34.55,32.31],[34.55,32.31],[33.88,32.21],[33.21,32.1],[32.52,31.94],[31.84,31.79],[30.84,31.49],[29.8,31.11],[28.86,30.73],[28.12,30.44],[27.14,30.05],[26.54,29.82],[25.94,29.58],[25.94,29.58],[25.29,29.41],[24.64,29.23],[23.79,29.05],[22.95,28.86],[22.36,28.79],[21.78,28.71],[20.77,28.61],[20.18,28.65],[19.59,28.68],[18.83,28.76],[18.06,28.84],[17.22,29.15],[16.37,29.45],[15.93,29.77],[15.48,30.09],[14.7,30.71],[14.27,31.14],[13.83,31.56],[13.35,32.38],[12.95,33.21],[12.95,33.21],[12.73,33.65],[12.64,34.03],[12.17,34.49],[12.01,34.66],[11.48,34.95],[10.85,35.06],[10.14,35.42],[9.42,35.77],[9.09,36.18],[8.74,37.03],[8.8,37.92],[8.74,38.11],[8.29,38.61],[7.84,39.08],[7.33,38.86],[7.04,38.85],[6.65,38.83],[5.99,38.69],[5.7,38.55],[5.23,38.53],[4.75,38.62],[4.36,38.7],[4.09,38.82],[3.54,39.02],[3.49,39],[3.49,39],[3.25,39.22],[2.56,39.4],[2.18,39.49],[1.67,39.59],[1.11,39.7],[0.78,39.74]]]}},{"type":"Feature","properties":{"ma":45,"type":"gpml:TopologicalNetwork","name":"Alpine Mesh - East","pid":301,"deforming":true},"geometry":{"type":"Polygon","coordinates":[[[25.66,40.47],[26.37,40.42],[27.08,40.37],[27.82,40.31],[28.56,40.25],[29.23,40.19],[29.89,40.13],[31.05,39.7],[32.07,39.3],[33.09,38.9],[33.94,38.81],[34.79,38.71],[35.31,38.66],[35.31,38.66],[35.11,38.31],[34.47,37.48],[34.22,36.83],[33.97,36.18],[33.97,36.18],[33.15,36.33],[32.26,36.45],[31.36,36.53],[30.38,36.55],[29.55,36.56],[28.66,36.58],[27.64,36.56],[26.8,36.51],[25.89,36.42],[25.06,36.32],[24.09,36.19],[23.09,36.12],[22.07,36.09],[21.18,36.01],[20.28,35.98],[19.33,36.04],[18.37,36.14],[17.57,36.2],[16.84,36.49],[16.11,36.8],[15.44,37.18],[14.79,37.57],[14.14,38],[14.14,38],[13.95,38.48],[13.77,38.95],[13.42,39.58],[13.14,40.2],[12.77,40.8],[12.53,41.51],[12.54,41.93],[12.11,41.94],[13.08,41.96],[13.52,41.97],[14.02,41.97],[14.43,41.97],[14.96,41.97],[15.51,41.97],[15.09,41.59],[15.02,41.17],[15.31,40.96],[15.78,40.75],[16.36,40.55],[17.19,40.45],[18.26,40.45],[19.06,40.42],[19.87,40.38],[20.81,40.38],[21.99,40.44],[23.17,40.49],[24.35,40.52],[24.36,40.54],[25.66,40.47]]]}},{"type":"Feature","properties":{"ma":45,"type":"gpml:TopologicalNetwork","name":"Andes","pid":201,"deforming":true},"geometry":{"type":"Polygon","coordinates":[[[-68.08,-43.05],[-68.07,-43.03],[-67.99,-42.8],[-67.99,-42.8],[-67.8,-42.05],[-67.61,-41.3],[-67.43,-40.55],[-67.28,-39.71],[-67.13,-38.86],[-66.98,-38.01],[-66.84,-37.17],[-66.7,-36.32],[-66.57,-35.47],[-66.7,-34.68],[-66.82,-33.9],[-66.95,-33.11],[-67.07,-32.32],[-67.26,-31.51],[-67.43,-30.71],[-67.61,-29.9],[-67.78,-29.09],[-67.95,-28.28],[-68.01,-27.38],[-68.07,-26.48],[-68.3,-25.78],[-68.54,-25.24],[-68.69,-24.71],[-69.06,-24.03],[-69.29,-23.54],[-69.51,-23.06],[-70.28,-22.45],[-70.64,-21.83],[-71,-21.21],[-71.36,-20.59],[-71.8,-19.85],[-72.22,-19.12],[-72.65,-18.39],[-72.97,-17.58],[-73.3,-16.78],[-73.62,-15.98],[-73.94,-15.17],[-74.25,-14.37],[-74.57,-13.56],[-74.86,-12.74],[-75.14,-11.92],[-75.43,-11.09],[-75.31,-10.18],[-75.2,-9.26],[-75.09,-8.34],[-74.98,-7.68],[-74.98,-7.68],[-74.84,-6.82],[-74.81,-6.54],[-74.78,-6.28],[-74.74,-6.06],[-74.74,-6.06],[-74.1,-6.63],[-73.45,-7.19],[-72.79,-7.76],[-72.14,-8.33],[-71.48,-8.9],[-70.83,-9.46],[-70.14,-10.03],[-69.46,-10.6],[-68.77,-11.17],[-68.08,-11.74],[-67.39,-12.31],[-66.7,-12.87],[-65.93,-13.43],[-65.16,-13.99],[-64.39,-14.54],[-63.61,-15.09],[-62.93,-15.61],[-62.23,-16.13],[-61.54,-16.64],[-60.84,-17.15],[-60.07,-17.61],[-59.3,-18.07],[-58.52,-18.52],[-57.74,-18.97],[-57.16,-19.52],[-56.59,-20.07],[-56.01,-20.62],[-55.42,-21.16],[-55.23,-21.81],[-55.03,-22.46],[-54.84,-23.11],[-55,-23.93],[-55.16,-24.75],[-55.32,-25.57],[-55.75,-26.5],[-56.17,-27.42],[-56.61,-28.34],[-57.02,-29.26],[-57.44,-30.18],[-57.86,-31.1],[-58.35,-31.93],[-58.84,-32.75],[-59.34,-33.58],[-59.72,-34.44],[-60.1,-35.31],[-60.5,-36.17],[-60.55,-36.92],[-60.61,-37.68],[-60.67,-38.43],[-61.29,-39.06],[-61.92,-39.68],[-62.56,-40.29],[-63.22,-40.91],[-64.16,-41.35],[-65.12,-41.79],[-66.1,-42.22],[-67.08,-42.64],[-68.08,-43.05]]]}},{"type":"Feature","properties":{"ma":45,"type":"gpml:TopologicalNetwork","name":"Eurasia Mesh","pid":101,"deforming":true},"geometry":{"type":"Polygon","coordinates":[[[21.46,86.79],[24.35,86.85],[26.19,86.85],[27.88,86.88],[29.5,86.91],[30.84,86.93],[33.21,86.95],[43.98,87.23],[56.62,87.4],[75.65,87.21],[90.91,86.77],[101.94,86.16],[109.74,85.45],[112.34,84.53],[114.18,83.6],[115.56,82.66],[116.62,81.72],[116.16,80.73],[115.78,79.74],[116.88,79.23],[117.89,78.72],[121.61,78.32],[125.07,77.88],[125.2,76.9],[123.96,75.98],[123.2,75.7],[123.2,75.7],[120.96,76.04],[118.62,76.35],[115.37,76.74],[111.26,77.03],[109.07,76.91],[106.7,77.05],[104.28,77.15],[101.94,77.34],[99.53,77.51],[97.77,78.12],[95.82,78.71],[93.66,79.29],[90.74,79.76],[87.55,80.21],[84.06,80.62],[79.43,81.13],[74.28,81.58],[68.6,81.95],[62.44,82.24],[55.33,82.09],[48.58,81.83],[48.58,81.83],[48.37,82.34],[48.13,82.84],[48.13,82.84],[50.17,82.91],[53.26,83],[57.33,83.08],[61.42,83.12],[66.61,83.04],[72.94,82.75],[76.34,82.49],[79.5,82.21],[85.64,81.8],[89.35,81.64],[95.09,81.44],[100.52,81.15],[100.52,81.15],[100.84,81.66],[101.2,82.17],[99.79,82.7],[98.17,83.23],[93.07,83.81],[86.99,84.33],[80.15,84.73],[72.31,85.05],[63.53,85.44],[57.44,85.85],[53.59,85.82],[48.51,85.71],[43.93,85.64],[41.88,85.53],[38.25,85.35],[36.13,85.2],[36.13,85.2],[28.97,86],[18.52,86.7],[21.46,86.79]]]}},{"type":"Feature","properties":{"ma":45,"type":"gpml:TopologicalNetwork","name":"AUS-ANT_Deforming_Network","pid":801,"deforming":true},"geometry":{"type":"Polygon","coordinates":[[[136.78,-59.4],[138.7,-59.41],[139.7,-59.25],[140.7,-59.08],[141.82,-58.93],[143.09,-58.62],[144.64,-58.49],[145.57,-58.41],[146.69,-58.11],[147.55,-57.84],[148.87,-57.46],[149.98,-57.09],[151.14,-56.74],[151.15,-56.91],[151.21,-57.8],[151.23,-58.06],[150.99,-58.67],[150.74,-59.27],[150.77,-59.31],[151.15,-59.94],[151.54,-60.56],[152.07,-61.02],[152.62,-61.48],[153.46,-61.65],[154.83,-62.19],[154.94,-62.23],[155.76,-62.58],[156.59,-62.92],[156.59,-62.92],[156.32,-63.4],[156,-63.6],[154.76,-64.13],[153.68,-64.57],[152.94,-64.86],[152.14,-65.16],[150.33,-65.81],[150.33,-65.81],[150.32,-65.81],[149.52,-65.4],[148.66,-65.19],[147.61,-64.95],[146.56,-64.7],[145.7,-64.48],[144.21,-64.3],[142.75,-63.59],[141.37,-62.86],[140.64,-62.58],[140.11,-62.43],[139.2,-62.15],[138.3,-61.86],[137.4,-61.58],[136.51,-61.3],[135.62,-61.02],[134.76,-60.77],[133.87,-60.47],[133.01,-60.19],[132.16,-59.89],[131.34,-59.58],[129.9,-59.44],[128.47,-59.28],[128.16,-59.26],[126.93,-59.15],[126.07,-59.13],[125.41,-59.12],[123.65,-59.02],[122.43,-58.75],[120.97,-58.44],[120.19,-58.39],[119.46,-58.34],[118.19,-58.35],[117.94,-58.35],[116.42,-58.38],[116.3,-58.39],[114.92,-58.48],[114.72,-58.52],[113.58,-58.76],[113.47,-58.78],[112.54,-58.93],[111.99,-59.02],[111.46,-59.05],[110.46,-59.12],[110.11,-59.14],[108.94,-59.2],[108.7,-59.2],[107.41,-59.24],[107.25,-59.26],[105.96,-59.43],[105.89,-59.44],[104.72,-59.55],[104.35,-59.58],[103.44,-59.66],[102.81,-59.72],[101.93,-59.69],[101.27,-59.67],[100.28,-59.59],[98.79,-59.44],[97.3,-59.28],[95.78,-59.02],[95.78,-59.02],[95.34,-58.25],[94.92,-57.47],[94.52,-56.69],[94.52,-56.69],[94.67,-56.71],[96.2,-56.42],[97.14,-56.52],[98.07,-56.61],[99.75,-56.43],[101.37,-56.26],[102.63,-56.15],[104.2,-56.18],[105.27,-56.15],[106.33,-56.1],[107.83,-55.98],[109.51,-55.85],[110.97,-55.91],[111.99,-55.73],[113,-55.54],[114.07,-55.44],[115.14,-55.33],[116.29,-55.16],[117.43,-54.98],[118.53,-54.75],[119.62,-54.5],[121.12,-54.36],[121.79,-54.21],[123.27,-54.53],[124.77,-54.84],[125.48,-55.13],[126.19,-55.43],[127.17,-55.78],[128.17,-56.13],[128.94,-56.41],[129.72,-56.69],[130.97,-57.19],[132.08,-57.66],[132.94,-58.08],[133.97,-58.52],[135.14,-58.93],[136.15,-59.17],[136.58,-59.38],[136.78,-59.4]]]}},{"type":"Feature","properties":{"ma":45,"type":"gpml:TopologicalNetwork","name":"AUSANT_Deforming_Network","pid":802,"deforming":true},"geometry":{"type":"Polygon","coordinates":[[[158.62,-68.57],[158.75,-68.59],[159.84,-68.73],[160.95,-69.05],[160.97,-69.09],[161.01,-69.2],[161.22,-69.55],[161.96,-69.78],[163.06,-70.15],[163.49,-70.48],[163.85,-70.74],[164.58,-71.1],[165.44,-71.22],[166.39,-71.3],[166.39,-71.49],[167.9,-71.99],[169.5,-72.47],[170.76,-72.2],[171.89,-72.24],[171.89,-72.24],[173.5,-72.45],[174.34,-72.92],[175.22,-73.39],[175.89,-73.9],[175.89,-73.9],[173.98,-74.59],[171.88,-75.28],[171.88,-75.28],[170.32,-74.84],[168.85,-74.39],[167.22,-73.85],[165.7,-73.3],[163.83,-72.59],[162.97,-71.8],[162.62,-71.07],[161.33,-70.94],[160.46,-70.46],[159.64,-69.97],[157.94,-69.64],[156.15,-69.64],[154.37,-69.63],[152.84,-69.18],[151.7,-68.7],[150.6,-68.21],[149.44,-67.85],[148.32,-67.48],[146.68,-67.25],[145.06,-66.99],[143.32,-66.81],[141.6,-66.62],[140.38,-66.42],[139.18,-66.2],[136.93,-65.97],[135.32,-65.94],[133.71,-65.88],[132.15,-65.62],[130.62,-65.35],[128.74,-65.26],[127.33,-65.29],[125.93,-65.3],[124.43,-65.37],[122.93,-65.42],[121.14,-65.69],[119.31,-65.94],[117.39,-66.01],[115.47,-66.05],[113.54,-66.06],[112.29,-66.16],[111.03,-66.24],[109.3,-66.33],[107.55,-66.39],[106.26,-66.32],[104.97,-66.23],[102.88,-65.97],[100.83,-65.7],[100.62,-65.67],[100.62,-65.67],[99.98,-64.9],[99.38,-64.13],[98.81,-63.36],[98.58,-62.52],[98.58,-62.52],[99.12,-62.65],[100.01,-62.83],[101.82,-63.15],[103.23,-63.11],[104.65,-63.05],[105.57,-62.99],[106.21,-62.95],[107.09,-62.9],[107.78,-62.86],[108.91,-62.88],[109.36,-62.89],[110.84,-62.94],[110.94,-62.94],[112.51,-62.88],[112.69,-62.87],[114.07,-62.8],[114.34,-62.79],[115.64,-62.74],[116.05,-62.73],[117.21,-62.71],[117.95,-62.76],[118.79,-62.82],[120.18,-62.88],[120.36,-62.88],[121.92,-62.81],[122.16,-62.77],[123.46,-62.52],[123.56,-62.5],[124.78,-62.2],[124.97,-62.15],[126,-61.93],[126.5,-61.81],[127.09,-61.72],[127.81,-61.59],[128.05,-61.55],[129.1,-61.4],[129.6,-61.33],[130.33,-61.26],[131.16,-61.18],[131.41,-61.17],[133.31,-61.49],[135.24,-61.78],[135.6,-61.9],[136.28,-62.1],[136.91,-62.28],[137.34,-62.39],[138.06,-62.57],[138.78,-62.77],[139.25,-62.9],[139.81,-63.05],[140.54,-63.23],[141.34,-63.42],[141.84,-63.54],[142.74,-63.79],[144.21,-64.3],[145.17,-64.84],[146.21,-65.39],[147.11,-65.85],[147.36,-65.96],[147.94,-66.23],[148.52,-66.56],[148.92,-66.7],[149.27,-66.83],[150.24,-67.03],[150.58,-67.13],[150.97,-67.23],[151.73,-67.4],[152.11,-67.63],[152.85,-67.79],[153.4,-67.88],[153.72,-67.92],[154.65,-68.03],[155.34,-68.14],[155.54,-68.17],[157.67,-68.44],[158.62,-68.57]]]}},{"type":"Feature","properties":{"ma":45,"type":"gpml:TopologicalNetwork","name":"Deforming Network","pid":851,"deforming":true},"geometry":{"type":"Polygon","coordinates":[[[145.7,-64.48],[146.56,-64.7],[147.61,-64.95],[148.66,-65.19],[149.52,-65.4],[150.32,-65.81],[151.03,-65.98],[151.89,-66.08],[152.89,-66.16],[153.85,-66.23],[155.2,-66.33],[156.22,-66.48],[157.21,-66.68],[158.21,-66.85],[159.63,-67.08],[160.59,-67.31],[161.43,-67.56],[161.74,-67.71],[161.51,-68.22],[160.27,-68.45],[159.52,-68.44],[159.5,-68.44],[158.57,-68.38],[158.46,-68.37],[157.58,-68.33],[156.94,-68.3],[156.59,-68.29],[155.55,-68.17],[155.33,-68.13],[154.65,-68.03],[153.73,-67.93],[153.39,-67.88],[152.85,-67.79],[152.11,-67.63],[151.74,-67.4],[150.98,-67.23],[150.58,-67.13],[150.23,-67.02],[149.28,-66.83],[148.93,-66.7],[148.52,-66.56],[147.94,-66.23],[147.36,-65.96],[147.11,-65.85],[146.21,-65.4],[145.23,-64.88],[145.17,-64.85],[144.21,-64.3],[145.7,-64.48]]]}},{"type":"Feature","properties":{"ma":45,"type":"gpml:TopologicalClosedPlateBoundary","name":"Australia Ocean Crust during early AUS-ANT opening","pid":802,"deforming":false},"geometry":{"type":"Polygon","coordinates":[[[103.23,-63.11],[101.82,-63.15],[100.01,-62.83],[99.12,-62.65],[98.58,-62.52],[98.58,-62.52],[98.49,-62.16],[98.36,-61.31],[98.51,-61.01],[98.51,-61.01],[98.67,-61.04],[98.67,-61.04],[100.5,-61.19],[102.35,-61.31],[104.29,-61.33],[105.77,-61.23],[107.47,-61.17],[108.49,-61.18],[110.04,-61.04],[111.52,-60.99],[113,-60.91],[114.9,-60.88],[116.79,-60.82],[118.45,-60.58],[119.98,-60.41],[121.59,-60.23],[122.79,-60.14],[123.27,-60.1],[124.03,-60.08],[125.07,-60.18],[125.89,-60.3],[127.22,-60.26],[127.84,-60.23],[128.63,-60.2],[129.66,-60.22],[129.95,-60.23],[131.52,-60.4],[133.25,-60.68],[133.86,-60.89],[134.61,-61.14],[135.37,-61.37],[136.03,-61.58],[136.84,-61.8],[137.63,-62.03],[138.31,-62.24],[139.05,-62.46],[139.87,-62.69],[140.72,-62.92],[141.23,-63.05],[142.09,-63.29],[143.13,-63.8],[144.21,-64.3],[145.17,-64.85],[145.23,-64.88],[146.21,-65.4],[147.11,-65.85],[147.36,-65.96],[147.94,-66.23],[148.52,-66.56],[148.93,-66.7],[149.28,-66.83],[150.23,-67.02],[150.58,-67.13],[150.98,-67.23],[151.74,-67.4],[152.11,-67.63],[152.85,-67.79],[153.39,-67.88],[153.73,-67.93],[154.65,-68.03],[155.33,-68.13],[155.55,-68.17],[156.59,-68.29],[156.95,-68.32],[157.63,-68.39],[158.54,-68.47],[158.66,-68.49],[159.62,-68.59],[159.84,-68.73],[158.75,-68.59],[158.62,-68.57],[157.67,-68.44],[156.97,-68.34],[156.58,-68.28],[155.54,-68.17],[155.34,-68.14],[154.65,-68.03],[153.72,-67.92],[153.4,-67.88],[152.85,-67.79],[152.11,-67.63],[151.73,-67.4],[150.97,-67.23],[150.58,-67.13],[150.24,-67.03],[149.27,-66.83],[148.92,-66.7],[148.52,-66.56],[147.94,-66.23],[147.36,-65.96],[147.11,-65.85],[146.21,-65.39],[145.23,-64.88],[145.17,-64.84],[144.21,-64.3],[142.74,-63.79],[141.84,-63.54],[141.34,-63.42],[140.54,-63.23],[139.81,-63.05],[139.25,-62.9],[138.78,-62.77],[138.06,-62.57],[137.34,-62.39],[136.91,-62.28],[136.28,-62.1],[135.6,-61.9],[135.24,-61.78],[133.31,-61.49],[131.41,-61.17],[131.16,-61.18],[130.33,-61.26],[129.6,-61.33],[129.1,-61.4],[128.05,-61.55],[127.81,-61.59],[127.09,-61.72],[126.5,-61.81],[126,-61.93],[124.97,-62.15],[124.78,-62.2],[123.56,-62.5],[123.46,-62.52],[122.16,-62.77],[121.92,-62.81],[120.36,-62.88],[120.18,-62.88],[118.79,-62.82],[117.95,-62.76],[117.21,-62.71],[116.05,-62.73],[115.64,-62.74],[114.34,-62.79],[114.07,-62.8],[112.69,-62.87],[112.51,-62.88],[110.94,-62.94],[110.84,-62.94],[109.36,-62.89],[108.91,-62.88],[107.78,-62.86],[107.09,-62.9],[106.21,-62.95],[105.57,-62.99],[104.65,-63.05],[103.23,-63.11]]]}},{"type":"Feature","properties":{"ma":45,"type":"gpml:TopologicalNetwork","name":"EllesmereIsland_Deformation_Mesh_Gion","pid":120,"deforming":true},"geometry":{"type":"Polygon","coordinates":[[[-70.53,73.4],[-73.29,73.67],[-75.68,73.99],[-78.16,74.29],[-79.9,74.49],[-81.67,74.67],[-84.61,75.11],[-86.1,75.55],[-87.68,75.98],[-88.98,76.43],[-90.37,76.88],[-92.88,77.6],[-94.97,78.45],[-96.54,79.21],[-94.54,80.09],[-91.26,80.92],[-87.71,81.15],[-83.99,81.35],[-80.11,81.44],[-76.17,81.49],[-71.74,81.52],[-67.3,81.51],[-62.25,81.42],[-57.34,81.26],[-53.43,81.15],[-49.62,81.01],[-45.35,81.01],[-41.1,80.96],[-37.53,81.03],[-33.94,81.05],[-28.87,81.07],[-25.66,81.4],[-22.2,81.71],[-19.86,82.31],[-17.12,82.89],[-14.15,83.45],[-10.62,84],[-5.41,84.68],[1.26,85.3],[4.18,85.56],[10.17,86.16],[18.23,86.69],[18.23,86.69],[18.52,86.7],[18.52,86.7],[27.98,86.08],[34.73,85.38],[34.73,85.38],[34.31,85.36],[31.89,85.22],[33.41,84.96],[28.89,84.4],[24.7,83.8],[19.9,83.48],[12.48,83.67],[7.74,83.76],[2.51,83.66],[-0.31,82.77],[-3.2,81.93],[-6.23,81.22],[-9.1,80.76],[-11.7,80.29],[-14.75,79.64],[-12.17,79.47],[-8.93,79.39],[-5.74,79.29],[-2.64,79.06],[-2.64,79.06],[-2.3,79.12],[-1.99,79.19],[-1.43,79.32],[-1.43,79.32],[3.36,79.1],[5.66,79.54],[8.17,79.95],[11.51,80.56],[13.86,81.02],[16.02,81.4],[19.05,82.1],[23.79,82.07],[29.07,82.14],[32.29,82.47],[39.66,82.52],[40.65,82.57],[42.19,82.63],[43.99,82.7],[46.1,82.77],[48.13,82.85],[48.13,82.85],[48.13,82.85],[48.37,82.34],[48.58,81.83],[48.58,81.83],[43.49,81.54],[37.87,81.22],[32.68,80.82],[28.64,80.43],[24.94,79.99],[21.2,79.64],[17.71,79.25],[14.36,78.78],[11.29,78.27],[8.87,77.86],[6.61,77.42],[4.29,77.02],[2.11,76.61],[-0.16,75.93],[0.89,75.15],[2.27,74.63],[3.55,74.1],[4.51,73.48],[5.4,72.85],[6.22,72.22],[6.7,71.69],[7.15,71.15],[7.15,71.15],[4.34,70.81],[1.64,70.42],[1.64,70.42],[1.18,70.72],[0.52,71.28],[-0.06,71.67],[-0.59,72.04],[-1.76,72.7],[-3.08,73.4],[-4.52,74.1],[-6.16,74.58],[-7.9,75.05],[-10.22,75.5],[-12.69,75.92],[-15.31,76.32],[-17.58,76.49],[-19.9,76.64],[-19.9,76.64],[-21.71,76.56],[-23.54,76.43],[-25.75,76.25],[-27.25,76.1],[-29.58,75.79],[-31.7,75.4],[-33.72,74.99],[-35.19,74.75],[-35.86,74.76],[-36.97,74.86],[-37.83,74.94],[-39.52,74.9],[-40.87,74.86],[-41.68,74.61],[-42.31,74.4],[-43.61,74.32],[-44.58,74.26],[-44.88,74.03],[-45.22,73.78],[-45.57,73.5],[-46.2,73.5],[-46.74,73.51],[-47.31,73.51],[-48.11,73.51],[-48.73,73.51],[-49.42,73.5],[-49.86,73.5],[-50.29,73.43],[-51.12,73.28],[-52.07,73.11],[-53.59,72.68],[-54.51,72.53],[-55.29,72.4],[-56.48,72.2],[-58.46,71.8],[-58.89,71.69],[-58.89,71.69],[-61.53,72.03],[-63.31,72.31],[-65.83,72.73],[-66.73,72.96],[-66.95,73.02],[-68.72,73.22],[-70.53,73.4]]]}},{"type":"Feature","properties":{"ma":45,"type":"gpml:TopologicalNetwork","name":"Zagros-Himalaya","pid":501,"deforming":true},"geometry":{"type":"Polygon","coordinates":[[[35.61,35.04],[35.76,35.71],[35.92,36.37],[36.07,37.04],[36.67,37.77],[37.28,38.5],[38.37,38.39],[39.46,38.26],[40.54,38.13],[41.62,37.98],[42.83,38.08],[44.04,38.16],[45.25,38.22],[46.47,38.28],[47.44,38.27],[48.4,38.24],[49.2,37.67],[49.99,37.09],[50.6,36.93],[51.2,36.77],[51.96,36.06],[52.71,35.35],[52.99,34.67],[53.26,33.99],[53.52,33.3],[53.71,32.8],[53.9,32.3],[54.52,32.18],[55.13,32.06],[55.69,32.35],[56.24,32.64],[56.75,33.09],[57.26,33.54],[57.45,34.19],[57.65,34.83],[57.86,35.48],[57.94,36.16],[58.03,36.83],[58.12,37.51],[58.17,38.18],[58.23,38.84],[58.29,39.51],[58.89,40.03],[59.51,40.54],[60.25,41.36],[61.02,42.18],[61.8,42.99],[62.95,43.43],[64.12,43.86],[65.3,44.27],[66.35,44.55],[67.42,44.82],[68.49,45.08],[69.57,45.33],[70.66,45.57],[71.96,45.74],[73.26,45.89],[74.57,46.03],[75.88,46.15],[77.2,46.26],[78.36,46.29],[79.53,46.3],[80.7,46.3],[81.86,46.29],[83.03,46.26],[84.25,46.26],[85.46,46.25],[86.68,46.23],[87.89,46.19],[89.11,46.14],[90.21,46.01],[91.3,45.86],[92.39,45.71],[93.48,45.54],[94.74,45.31],[95.98,45.05],[97.22,44.79],[98.44,44.51],[98.49,44.47],[98.49,44.47],[98.42,44.37],[97.83,43.57],[97.33,42.81],[96.93,42.15],[96.65,41.3],[96.77,40.46],[97.03,39.85],[97.28,39.24],[97.78,38.46],[98.04,37.92],[98.29,37.38],[98.25,36.85],[98.2,36.32],[97.97,35.76],[97.75,35.2],[97.24,34.6],[96.83,34.1],[96.24,33.46],[95.74,32.9],[95.52,32.01],[95.58,31.18],[95.63,30.34],[95.69,29.5],[95.74,28.66],[95.8,27.83],[95.85,26.99],[95.84,26.43],[95.84,26.43],[95.53,26.61],[94.89,27.19],[94.24,27.77],[93.7,28.38],[93.16,28.99],[92.62,29.6],[91.98,30.18],[91.34,30.77],[90.69,31.35],[89.91,31.48],[89.12,31.6],[88.44,31.45],[87.77,31.3],[87,31.13],[86.22,30.96],[85.46,30.78],[85.46,30.78],[85.73,30.29],[85.99,29.79],[86.37,28.99],[86.74,28.19],[87.1,27.38],[86.99,26.55],[86.89,25.72],[86.79,24.88],[86.69,24.05],[86.59,23.21],[86.34,22.31],[86.34,22.31],[85.91,22.42],[85.63,22.49],[85.29,22.57],[85.01,22.64],[84.81,22.69],[84.48,22.95],[83.99,22.84],[83.74,22.79],[83.52,22.59],[83.36,22.44],[83.07,22.24],[82.61,22.08],[82.04,22.04],[81.72,22.03],[81.33,22.01],[80.92,22.03],[80.78,22.05],[80.46,22.08],[80.19,21.98],[79.74,21.91],[79.45,21.88],[79.03,21.71],[78.76,21.59],[78.53,21.57],[78.15,21.51],[77.78,21.38],[77.42,21.36],[77.1,21.36],[76.72,21.35],[76.55,21.38],[76.25,21.25],[75.89,21.21],[75.59,21.25],[75.08,21.42],[74.51,21.68],[73.94,21.9],[73.36,22.11],[73.14,22.2],[72.83,22.19],[72.51,22.18],[72.19,22.21],[71.91,22.25],[71.49,22.31],[71.31,22.32],[71.01,22.5],[70.66,22.73],[70.45,22.77],[70.2,22.79],[69.98,22.85],[69.56,23.48],[69.22,23.76],[68.92,24.04],[68.58,24.15],[68.39,24.23],[68,24.46],[67.65,24.68],[67.3,24.97],[67.2,25],[66.7,25.2],[66.35,25.32],[66.15,25.36],[65.97,25.31],[65.78,25.31],[65.4,25.32],[65.13,25.39],[64.98,25.57],[64.75,25.79],[64.67,25.99],[64.56,26.21],[64.47,26.31],[64.36,26.25],[64.06,25.95],[63.84,25.73],[63.52,25.55],[63.41,25.58],[63.28,25.67],[63.2,25.83],[63.04,25.91],[62.94,25.83],[62.72,25.61],[62.33,25.27],[61.79,25.05],[61.26,24.83],[60.45,24.58],[59.64,24.33],[58.84,24.07],[58.84,24.07],[59.05,24.6],[59.26,25.13],[59.26,25.13],[58.42,25.07],[57.59,25],[56.76,24.92],[55.92,24.84],[55.17,24.77],[54.42,24.69],[54.42,24.69],[53.44,24.91],[52.46,25.13],[51.47,25.35],[50.48,25.56],[49.73,25.83],[48.98,26.1],[48.22,26.36],[47.5,26.73],[46.77,27.1],[46.04,27.47],[45.58,27.79],[45.12,28.1],[44.51,28.49],[43.88,28.88],[43.21,29.34],[42.52,29.81],[41.61,30.32],[40.68,30.83],[39.99,31.29],[39.29,31.76],[38.58,32.21],[38.01,32.73],[37.43,33.25],[36.84,33.76],[36.45,34.25],[36.06,34.73],[35.61,35.04]]]}},{"type":"Feature","properties":{"ma":45,"type":"gpml:TopologicalClosedPlateBoundary","name":"Africa","pid":701,"deforming":false},"geometry":{"type":"Polygon","coordinates":[[[-3.57,-58.53],[-3.91,-57.76],[-4.59,-57.79],[-4.82,-57.19],[-6.3,-57.35],[-7.81,-57.5],[-8.1,-56.86],[-9.02,-56.92],[-9.95,-56.97],[-10.01,-56.13],[-10.07,-55.29],[-10.12,-54.44],[-10.57,-54.46],[-10.66,-53.55],[-11.24,-53.57],[-11.26,-52.97],[-12.33,-53.05],[-13.41,-53.11],[-13.61,-52.43],[-13.8,-51.76],[-13.98,-51.08],[-15.41,-51.19],[-16.85,-51.29],[-18.3,-51.37],[-18.23,-50.6],[-18.17,-49.84],[-18.11,-49.08],[-18.96,-49.08],[-19.82,-49.08],[-19.85,-48.15],[-19.88,-47.22],[-19.91,-46.29],[-20.51,-46.31],[-20.6,-45.6],[-20.69,-44.89],[-20.78,-44.18],[-20.13,-44.17],[-20.11,-43.32],[-20.08,-42.47],[-19.55,-42.47],[-19.63,-41.68],[-19.71,-40.89],[-19.79,-40.1],[-19.87,-39.31],[-19.4,-39.28],[-19.27,-38.44],[-18.49,-38.39],[-17.72,-38.33],[-17.67,-37.8],[-17.63,-37.28],[-16.84,-37.23],[-16.81,-36.57],[-16.26,-36.54],[-16.19,-35.79],[-15.52,-35.73],[-14.85,-35.67],[-14.88,-34.67],[-15.14,-34.67],[-15.24,-33.84],[-15.33,-33],[-14.42,-32.9],[-14.42,-32.09],[-14.69,-32.1],[-14.73,-31.27],[-14.77,-30.44],[-15.52,-30.52],[-16.26,-30.6],[-16.42,-29.74],[-16.57,-28.89],[-15.94,-28.83],[-15.3,-28.77],[-15.22,-27.81],[-15.09,-27.8],[-15.1,-27.29],[-15.12,-26.78],[-14.41,-26.68],[-13.7,-26.57],[-13.73,-26.2],[-13.09,-26.14],[-13.1,-25.25],[-13.11,-24.36],[-13.89,-24.38],[-14.08,-23.7],[-14.26,-23.01],[-14.44,-22.32],[-14.67,-22.36],[-14.85,-21.62],[-14.97,-21.64],[-15.29,-20.86],[-15.61,-20.08],[-15.49,-20.06],[-15.54,-19.41],[-15.58,-18.76],[-15.84,-18.78],[-15.9,-18.34],[-16.45,-18.37],[-17.01,-18.4],[-17,-17.63],[-17,-16.86],[-16.68,-16.89],[-16.69,-16.31],[-16.69,-15.73],[-15.67,-15.65],[-14.66,-15.56],[-14.72,-14.65],[-14.79,-13.75],[-14.85,-12.84],[-14.92,-11.94],[-14.98,-11.03],[-14.07,-10.95],[-13.16,-10.86],[-12.25,-10.77],[-12.52,-9.88],[-12.78,-8.99],[-13.05,-8.09],[-13.31,-7.2],[-12.95,-7.17],[-12.83,-7.24],[-13.13,-6.43],[-13.43,-5.62],[-13.73,-4.81],[-14.52,-4.89],[-15.31,-4.96],[-16.1,-5.03],[-16.21,-4.73],[-16.5,-4.76],[-16.66,-4.19],[-16.88,-4.19],[-16.97,-3.8],[-17.89,-3.85],[-18.82,-3.9],[-19.75,-3.96],[-20.67,-4.01],[-21.6,-4.06],[-22.52,-4.11],[-23.45,-4.15],[-24.37,-4.2],[-25.3,-4.25],[-25.45,-3.49],[-25.6,-2.73],[-26.25,-2.76],[-26.89,-2.79],[-27.02,-2.13],[-27.89,-2.16],[-28.76,-2.18],[-29.63,-2.21],[-30.5,-2.24],[-30.55,-1.44],[-31.27,-1.46],[-31.3,-0.64],[-31.33,0.17],[-31.36,0.99],[-32.32,0.98],[-33.27,0.97],[-33.28,1.83],[-33.28,2.69],[-33.88,2.67],[-33.87,3.18],[-33.87,3.68],[-34.73,3.72],[-35.6,3.75],[-35.6,4.12],[-36.27,4.13],[-36.27,4.59],[-37.04,4.6],[-37.03,4.9],[-37.7,4.91],[-38.38,4.92],[-38.35,5.43],[-39.31,5.47],[-40.27,5.5],[-40.21,6.18],[-40.74,6.21],[-40.69,6.79],[-40.91,6.8],[-40.86,7.37],[-41.09,7.38],[-41.04,8.33],[-41.97,8.37],[-42.91,8.41],[-43.84,8.44],[-43.79,9.06],[-43.74,9.67],[-44.13,9.71],[-44.05,10.2],[-44.71,10.24],[-45.38,10.27],[-45.37,11.05],[-45.36,11.84],[-45.17,11.85],[-45.07,12.36],[-44.97,12.87],[-45.7,12.91],[-46.43,12.95],[-46.51,12.95],[-46.51,12.95],[-46.31,13.57],[-46.12,14.19],[-46.57,14.21],[-46.32,14.99],[-46.06,15.77],[-45.8,16.55],[-45.53,16.51],[-45.31,17.29],[-45.22,17.3],[-44.97,18.06],[-45.18,18.12],[-45,18.74],[-44.81,19.36],[-44.72,19.38],[-44.52,20.28],[-44.31,21.18],[-44.86,21.22],[-44.57,21.94],[-44.46,21.91],[-44.22,22.29],[-43.86,22.28],[-43.6,22.79],[-43.34,23.29],[-42.8,24.14],[-42.24,25],[-41.68,25.84],[-41.52,25.84],[-41.17,26.39],[-40.81,26.93],[-39.73,26.89],[-39.26,27.52],[-38.78,28.15],[-38.3,28.78],[-37.83,28.74],[-37.52,29.17],[-37.22,29.6],[-36.96,29.58],[-36.8,29.99],[-36.02,29.95],[-35.25,29.91],[-34.47,29.87],[-34.15,30.56],[-33.82,31.25],[-32.9,31.21],[-31.99,31.16],[-31.78,31.65],[-31.58,32.13],[-31.04,32.09],[-30.8,32.68],[-30.56,33.28],[-29.8,33.24],[-29.04,33.19],[-28.98,33.19],[-28.82,33.56],[-28.82,33.56],[-27.87,33.39],[-26.93,33.21],[-25.98,33.02],[-25.04,32.82],[-24.11,32.62],[-23.04,32.49],[-21.98,32.34],[-20.91,32.19],[-19.86,32.03],[-18.8,31.86],[-17.75,31.68],[-16.71,31.49],[-15.67,31.29],[-14.63,31.09],[-14.45,31.14],[-14.45,31.14],[-14.32,31.11],[-13.21,31.26],[-12.09,31.4],[-10.98,31.53],[-9.86,31.65],[-8.74,31.76],[-7.61,31.87],[-6.68,32.05],[-5.75,32.24],[-4.82,32.41],[-3.88,32.63],[-3.88,32.63],[-3.59,32.82],[-2.96,33.43],[-2.31,34.03],[-1.66,34.63],[-1,35.23],[-0.33,35.82],[0.38,36.58],[1.12,37.34],[1.12,37.34],[2.12,37.01],[3.11,36.68],[4.09,36.35],[5.07,36],[6.16,35.71],[7.24,35.4],[8.31,35.09],[9.38,34.77],[10.43,34.43],[11.48,34.09],[12.52,33.74],[12.73,33.66],[12.73,33.66],[12.73,33.65],[12.95,33.21],[12.95,33.21],[13.35,32.38],[13.83,31.56],[14.27,31.14],[14.7,30.71],[15.48,30.09],[15.93,29.77],[16.37,29.45],[17.22,29.15],[18.06,28.84],[18.83,28.76],[19.59,28.68],[20.18,28.65],[20.77,28.61],[21.78,28.71],[22.36,28.79],[22.95,28.86],[23.79,29.05],[24.64,29.23],[25.29,29.41],[25.94,29.58],[25.94,29.58],[26.54,29.82],[27.14,30.05],[28.12,30.44],[28.86,30.73],[29.8,31.11],[30.84,31.49],[31.84,31.79],[32.52,31.94],[33.21,32.1],[33.88,32.21],[34.55,32.31],[34.55,32.31],[34.33,32.81],[34.11,33.31],[33.98,34.19],[33.85,35.07],[33.85,35.07],[34.49,35.22],[35.13,35.36],[36.06,34.73],[36.45,34.25],[36.84,33.76],[37.43,33.25],[38.01,32.73],[38.58,32.21],[39.29,31.76],[39.99,31.29],[40.68,30.83],[41.61,30.32],[42.52,29.81],[43.21,29.34],[43.88,28.88],[44.51,28.49],[45.12,28.1],[45.58,27.79],[46.04,27.47],[46.77,27.1],[47.5,26.73],[48.22,26.36],[48.98,26.1],[49.73,25.83],[50.48,25.56],[51.47,25.35],[52.46,25.13],[53.44,24.91],[54.42,24.69],[54.42,24.69],[55.17,24.77],[55.92,24.84],[56.76,24.92],[57.59,25],[58.42,25.07],[59.26,25.13],[59.26,25.13],[58.92,24.29],[58.59,23.45],[58.26,22.61],[57.84,21.69],[57.42,20.77],[57.01,19.85],[56.64,19],[56.27,18.16],[55.91,17.31],[55.5,16.47],[55.09,15.63],[54.69,14.79],[54.3,13.94],[53.9,13.1],[53.51,12.25],[53.13,11.44],[52.76,10.62],[52.4,9.81],[52.03,9],[51.66,8.18],[51.3,7.37],[50.9,6.57],[50.51,5.77],[50.11,4.97],[49.72,4.17],[49.32,3.38],[48.93,2.58],[48.52,1.84],[48.11,1.11],[47.69,0.38],[47.28,-0.35],[46.87,-1.08],[46.46,-1.82],[46.46,-1.82],[47.14,-2.13],[47.83,-2.44],[47.57,-2.99],[47.86,-3.26],[47.55,-3.85],[48.07,-4.13],[48.59,-4.41],[49.41,-4.89],[49.3,-5.04],[49.88,-5.48],[50.46,-5.92],[51.04,-6.36],[50.67,-6.97],[51.56,-7.43],[52.46,-7.88],[53.35,-8.33],[54.02,-8.67],[54.68,-9.01],[54.37,-9.77],[54.06,-10.53],[53.75,-11.28],[53.38,-12.03],[54.11,-12.41],[54.84,-12.78],[54.49,-13.49],[54.14,-14.21],[53.79,-14.92],[54.57,-15.3],[55.35,-15.68],[54.85,-16.53],[54.34,-17.38],[53.82,-18.23],[54.58,-18.8],[54.05,-19.62],[53.5,-20.43],[52.96,-21.25],[52.4,-22.06],[51.84,-22.87],[51.28,-23.68],[51.78,-24.03],[52.28,-24.38],[52.72,-24.69],[52.72,-24.69],[52.24,-25.42],[51.76,-26.14],[51.27,-26.87],[50.77,-27.59],[50.27,-28.31],[49.76,-29.03],[50.39,-29.49],[51.02,-29.94],[50.66,-30.45],[50.29,-30.97],[51.06,-31.39],[51.84,-31.81],[52.63,-32.22],[53.43,-32.63],[54.22,-33.36],[54.19,-33.62],[54.19,-33.62],[53.55,-33.38],[53.55,-33.38],[53.54,-34.24],[53.55,-34.62],[52.56,-34.85],[52.63,-35.33],[51.61,-35.58],[51.75,-36.08],[50.97,-36.27],[50.18,-36.46],[50.27,-37.07],[50.37,-37.68],[49.32,-37.91],[49.36,-38.33],[48.79,-38.47],[48.86,-38.7],[47.82,-38.9],[47.83,-39.06],[47.1,-39.24],[46.36,-39.41],[46.46,-39.98],[46.55,-40.55],[45.86,-40.64],[45.18,-40.72],[45.36,-41.7],[44.23,-41.9],[43.09,-42.09],[41.95,-42.27],[40.8,-42.43],[40.72,-43],[39.69,-43.14],[39.25,-43.24],[39.1,-43.63],[38.96,-43.96],[37.87,-44.09],[37.83,-44.74],[37.16,-44.78],[36.01,-44.78],[35.83,-45.22],[35.53,-46.08],[35.25,-46.68],[34.95,-47.28],[34.55,-47.97],[34.13,-48.65],[33.33,-48.62],[32.53,-48.57],[32.53,-48.76],[31.67,-48.73],[30.81,-48.69],[30.68,-49.02],[30.1,-48.97],[29.97,-49.31],[28.71,-49.39],[27.44,-49.47],[27.19,-50.29],[26.05,-50.13],[25.83,-50.79],[25.6,-51.45],[25.33,-52.14],[25.05,-52.83],[24.32,-52.73],[23.94,-52.67],[23.59,-53.38],[23.22,-54.09],[22.3,-53.96],[21.88,-54.72],[21.44,-55.48],[21.14,-55.43],[20.73,-56.04],[20.31,-56.64],[19.46,-56.48],[19.25,-56.8],[18.38,-56.6],[18.23,-56.73],[16.93,-56.43],[16.32,-57.06],[15.69,-57.68],[14.66,-57.36],[14.56,-57.44],[13.8,-57.25],[13.46,-57.58],[12.18,-57.22],[11.68,-57.71],[10.17,-57.24],[8.69,-56.75],[7.26,-56.25],[7.35,-56.14],[6.19,-55.72],[5.91,-56.01],[4.44,-55.99],[2.98,-55.96],[2.81,-56.16],[2.32,-56.02],[1.33,-56.19],[0.54,-56.85],[-0.29,-57.5],[-0.96,-57.34],[-2.05,-57.97],[-3.17,-58.6],[-3.42,-58.74],[-3.42,-58.74],[-3.48,-58.74],[-3.57,-58.53]]]}},{"type":"Feature","properties":{"ma":45,"type":"gpml:TopologicalClosedPlateBoundary","name":"Australia","pid":801,"deforming":false},"geometry":{"type":"MultiPolygon","coordinates":[[[[180,-47.18],[180,-48.1],[180,-49.02],[180,-49.94],[180,-50.86],[180,-51.78],[180,-52.71],[180,-53.63],[180,-54.55],[180,-55.47],[180,-56.39],[179.77,-56.59],[179.23,-57.34],[178.75,-58.01],[178.6,-58.98],[178.47,-59.85],[177.84,-60.59],[177.18,-61.33],[176.45,-62.1],[175.69,-62.87],[174.99,-63.59],[174.26,-64.31],[173.49,-65.03],[171.75,-65.5],[169.96,-65.96],[169.96,-65.96],[169.04,-66.7],[168.41,-66.64],[167.34,-67.4],[166.21,-68.15],[165.01,-68.9],[163.72,-69.63],[164.41,-69.79],[164.14,-70.08],[162.56,-69.59],[161.06,-69.1],[159.62,-68.59],[159.5,-68.44],[159.52,-68.44],[160.27,-68.45],[161.51,-68.22],[161.74,-67.71],[161.43,-67.56],[160.59,-67.31],[159.63,-67.08],[158.21,-66.85],[157.21,-66.68],[156.22,-66.48],[155.2,-66.33],[153.85,-66.23],[152.89,-66.16],[151.89,-66.08],[151.03,-65.98],[150.33,-65.81],[150.33,-65.81],[152.14,-65.16],[152.94,-64.86],[153.68,-64.57],[154.76,-64.13],[156,-63.6],[156.32,-63.4],[156.59,-62.92],[156.59,-62.92],[156.59,-62.92],[155.76,-62.58],[154.94,-62.23],[154.83,-62.19],[153.46,-61.65],[152.62,-61.48],[152.07,-61.02],[151.54,-60.56],[151.14,-59.92],[150.74,-59.27],[150.99,-58.67],[151.23,-58.06],[151.21,-57.8],[151.15,-56.91],[151.14,-56.74],[149.98,-57.09],[148.87,-57.46],[147.55,-57.84],[146.69,-58.11],[145.57,-58.41],[144.64,-58.49],[143.09,-58.62],[141.82,-58.93],[140.7,-59.08],[139.7,-59.25],[138.7,-59.41],[136.78,-59.4],[136.78,-59.4],[136.58,-59.38],[136.15,-59.17],[135.14,-58.93],[133.97,-58.52],[132.94,-58.08],[132.08,-57.66],[130.97,-57.19],[129.72,-56.69],[128.94,-56.41],[128.17,-56.13],[127.17,-55.78],[126.19,-55.43],[125.48,-55.13],[124.77,-54.84],[123.27,-54.53],[121.79,-54.21],[121.12,-54.36],[119.62,-54.5],[118.53,-54.75],[117.43,-54.98],[116.29,-55.16],[115.14,-55.33],[114.07,-55.44],[113,-55.54],[111.99,-55.73],[110.97,-55.91],[109.51,-55.85],[107.83,-55.98],[106.33,-56.1],[105.27,-56.15],[104.2,-56.18],[102.63,-56.15],[101.37,-56.26],[99.75,-56.43],[98.07,-56.61],[97.14,-56.52],[96.2,-56.42],[94.67,-56.71],[94.52,-56.69],[94.52,-56.69],[95,-57.62],[95.51,-58.54],[96.04,-59.46],[97,-60.18],[97.99,-60.89],[97.94,-60.97],[96.67,-60.46],[95.52,-59.98],[94.41,-59.49],[93.3,-58.76],[91.67,-58.82],[90.04,-58.87],[88.61,-58.91],[87.17,-58.93],[85.58,-58.91],[84.77,-58.48],[83.97,-58.04],[82.88,-57.55],[81.81,-57.05],[80.72,-56.52],[79.66,-55.97],[78.63,-55.41],[77.63,-54.85],[76.66,-54.33],[75.71,-53.79],[74.79,-53.25],[73.85,-52.83],[72.94,-52.4],[72.04,-51.96],[71.09,-51.47],[70.16,-50.97],[68.88,-50.55],[67.62,-50.12],[66.53,-49.81],[65.46,-49.49],[64.61,-49.37],[63.77,-49.24],[62.9,-49.03],[62.04,-48.82],[61.36,-48.42],[61.36,-48.42],[61.96,-47.54],[62.53,-46.66],[63.09,-45.77],[63.64,-44.89],[64.16,-43.99],[64.63,-43.1],[65.08,-42.2],[65.51,-41.31],[65.94,-40.41],[66.35,-39.51],[66.75,-38.6],[67.15,-37.7],[67.53,-36.79],[68.33,-36.93],[69.14,-37.06],[69.47,-36.23],[69.81,-35.4],[70.13,-34.57],[70.45,-33.74],[70.76,-32.9],[71.07,-32.07],[71.37,-31.24],[71.97,-31.27],[72.57,-31.31],[72.87,-30.44],[73.17,-29.58],[73.46,-28.71],[73.74,-27.85],[74.02,-26.98],[74.3,-26.12],[74.57,-25.25],[75.43,-25.52],[76.29,-25.78],[76.54,-25.01],[76.78,-24.24],[77.02,-23.47],[77.26,-22.7],[78.3,-22.88],[79.34,-23.05],[80.38,-23.21],[81.42,-23.37],[81.72,-22.49],[82.01,-21.61],[82.3,-20.73],[82.59,-19.84],[82.87,-18.96],[83.15,-18.08],[83.42,-17.19],[84.37,-17.38],[85.31,-17.57],[86.25,-17.76],[87.2,-17.93],[88.15,-18.11],[88.34,-17.4],[88.53,-16.69],[88.82,-15.76],[89.1,-14.82],[89.38,-13.89],[89.66,-12.95],[89.94,-12.02],[90.22,-11.08],[90.49,-10.15],[91.17,-10.27],[91.84,-10.4],[92.51,-10.52],[92.51,-10.52],[92.71,-9.61],[92.9,-8.69],[93.1,-7.78],[93.29,-6.86],[93.51,-5.9],[93.73,-4.93],[93.94,-3.97],[94.16,-3],[94.38,-2.04],[94.91,-2.13],[95.44,-2.21],[95.65,-1.52],[95.86,-0.82],[96.08,-0.12],[96.88,-0.17],[97.68,-0.22],[98.48,0.04],[99.28,0.3],[100.08,0.56],[100.88,0.82],[101.68,1.08],[101.68,1.08],[102.34,0.72],[102.85,0.39],[103.36,0.05],[103.85,-0.42],[104.34,-0.89],[104.83,-1.35],[105.23,-1.88],[105.63,-2.41],[106.15,-2.79],[106.67,-3.16],[107.18,-3.71],[107.69,-4.26],[108.44,-4.71],[109.18,-5.15],[109.93,-5.6],[110.87,-5.91],[110.87,-5.91],[111.61,-5.64],[112.35,-5.1],[112.91,-4.64],[113.47,-4.17],[114.02,-3.71],[114.75,-3.27],[115.48,-2.83],[116.21,-2.39],[116.94,-1.95],[116.94,-1.95],[116.87,-1.09],[116.87,-1.09],[116.9,-1.09],[117.61,-0.97],[118.09,-0.81],[118.47,-0.59],[118.67,-0.74],[118.67,-0.74],[118.64,-0.89],[118.39,-1.78],[118.15,-2.67],[117.9,-3.56],[117.66,-4.45],[117.41,-5.34],[117.16,-6.23],[116.92,-7.12],[116.67,-8.01],[116.42,-8.9],[116.17,-9.79],[115.92,-10.68],[115.62,-11.6],[115.31,-12.52],[115.01,-13.44],[114.71,-14.37],[114.4,-15.29],[114.09,-16.21],[113.77,-17.13],[113.73,-17.53],[113.73,-17.53],[114.18,-18.08],[114.64,-18.63],[115.28,-19.19],[115.92,-19.74],[116.56,-20.29],[117.21,-20.83],[117.93,-21.31],[118.65,-21.78],[119.37,-22.24],[120.25,-22.58],[121.13,-22.92],[122.02,-23.25],[122.02,-23.25],[122.93,-23.44],[123.85,-23.63],[124.76,-23.81],[125.7,-23.97],[126.63,-24.12],[127.71,-24.24],[128.79,-24.35],[129.72,-24.61],[130.66,-24.86],[131.54,-25.04],[132.43,-25.22],[133.32,-25.39],[134.22,-25.55],[134.85,-25.86],[135.49,-26.17],[136.31,-26.78],[136.77,-27.22],[137.61,-27.66],[138.45,-28.1],[139.05,-27.95],[139.65,-27.8],[139.86,-27.72],[139.86,-27.72],[140.32,-26.86],[140.77,-25.99],[141.21,-25.13],[141.65,-24.26],[142.08,-23.39],[142.36,-22.57],[142.65,-21.75],[142.93,-20.93],[143.21,-20.11],[143.48,-19.29],[143.48,-19.29],[143.95,-19.68],[144.43,-20.07],[145.07,-20.61],[145.71,-21.15],[146.36,-21.69],[147.07,-22.26],[147.78,-22.83],[148.5,-23.4],[149.01,-23.79],[149.34,-24.08],[149.94,-23.66],[150.53,-23.25],[151.12,-22.83],[151.81,-23.3],[152.5,-23.76],[153.2,-24.22],[153.87,-24.67],[154.55,-25.12],[155.23,-25.57],[155.91,-26.02],[156.42,-26.32],[156.42,-26.32],[155.54,-26.28],[155.54,-26.28],[155.31,-27.25],[154.99,-28.19],[154.28,-28.09],[154.16,-28.66],[154.03,-29.24],[153.88,-29.99],[153.52,-30.02],[153.4,-30.83],[153.28,-31.64],[152.58,-31.54],[152.52,-32.48],[152.46,-33.43],[152.4,-34.37],[152.34,-35.31],[152.4,-36],[152.47,-36.69],[152.53,-37.37],[152.53,-37.37],[153.57,-36.85],[154.59,-36.32],[155.59,-35.78],[156.59,-35.23],[157.57,-34.67],[157.57,-34.67],[157.83,-35.01],[158.76,-35.43],[159.7,-35.85],[160.72,-36.24],[161.76,-36.63],[162.69,-36.9],[163.64,-37.15],[164.46,-37.47],[165.29,-37.78],[165.91,-38.27],[166.54,-38.76],[167.18,-39.25],[167.54,-39.59],[167.64,-39.7],[167.69,-39.76],[168.39,-40.35],[169.09,-40.94],[169.09,-40.94],[169.42,-41.53],[169.76,-42.12],[170.39,-42.71],[171.02,-43.3],[171.67,-43.89],[172.71,-44.33],[173.75,-44.75],[174.82,-45.17],[176.12,-45.42],[177.44,-45.65],[178.77,-45.87],[180,-46.25],[180,-47.18]]],[[[-180,-55.47],[-180,-54.55],[-180,-53.63],[-180,-52.71],[-180,-51.78],[-180,-50.86],[-180,-49.94],[-180,-49.02],[-180,-48.1],[-180,-47.18],[-180,-46.25],[-178.77,-46.62],[-177.53,-46.98],[-176.27,-47.32],[-174.99,-47.64],[-173.83,-47.83],[-173.83,-47.83],[-173.7,-48.79],[-173.55,-49.74],[-173.4,-50.69],[-173.25,-51.64],[-173.87,-52.27],[-174.72,-52.82],[-175.59,-53.37],[-176.49,-53.91],[-177.61,-54.62],[-178.78,-55.31],[-179.38,-55.85],[-180,-56.39],[-180,-55.47]]]]}},{"type":"Feature","properties":{"ma":45,"type":"gpml:TopologicalClosedPlateBoundary","name":"East Antarctica","pid":802,"deforming":false},"geometry":{"type":"Polygon","coordinates":[[[180,-85.14],[180,-86.11],[180,-87.08],[180,-88.06],[180,-89.03],[180,-90],[-180,-90],[-180,-89.03],[-180,-88.06],[-180,-87.08],[-180,-86.11],[-180,-85.14],[-180,-84.17],[-177.02,-84.33],[-169.19,-84.55],[-160.86,-84.66],[-150.27,-84.65],[-140.07,-84.46],[-140.07,-84.46],[-139.56,-84.39],[-137.75,-84.02],[-136.69,-83.79],[-136.69,-83.79],[-128.6,-83.6],[-124.03,-83.37],[-119.78,-83.1],[-116.62,-82.78],[-113.74,-82.44],[-110.78,-81.88],[-108.21,-81.29],[-105.28,-80.57],[-103.73,-80.01],[-102.34,-79.45],[-100.97,-78.86],[-99.74,-78.27],[-98.19,-77.68],[-96.78,-77.08],[-95.4,-76.13],[-94.74,-75.64],[-94.12,-75.14],[-93.57,-74.16],[-93.32,-73.39],[-93.32,-73.27],[-93.32,-73.27],[-93.94,-72.73],[-96.16,-72.33],[-98.29,-71.91],[-100.31,-71.46],[-102.25,-70.99],[-102.25,-70.99],[-99.23,-70.87],[-96.75,-70.62],[-95.31,-70.46],[-93.9,-70.3],[-92.62,-70.06],[-90.32,-69.89],[-88.5,-69.79],[-87.15,-69.35],[-85.76,-68.79],[-84.44,-68.23],[-83.15,-67.81],[-81.92,-67.38],[-80.07,-66.71],[-78.83,-66.12],[-77.33,-65.4],[-75.9,-64.63],[-74.41,-64.21],[-73.07,-63.98],[-71.74,-63.73],[-70.63,-63.41],[-69.41,-63.05],[-69,-62.96],[-69,-62.96],[-67.78,-63.36],[-66.57,-63.69],[-65.34,-64],[-64.06,-64.32],[-63.49,-64.47],[-62.57,-64.68],[-61.29,-64.97],[-60.44,-65.15],[-59.83,-65.23],[-58.7,-65.37],[-58.7,-65.37],[-57.07,-64.83],[-56.53,-64.69],[-56.53,-64.69],[-54.56,-65.2],[-52.52,-65.69],[-52.14,-65.49],[-50.95,-65.75],[-49.74,-65.99],[-47.8,-65.95],[-45.86,-65.89],[-43.93,-65.8],[-42.02,-65.69],[-39.87,-65.54],[-37.74,-65.35],[-36.44,-65.16],[-35.16,-64.96],[-34.35,-65.13],[-33.9,-64.89],[-33.2,-64.45],[-32.52,-64],[-30.4,-64.24],[-29.13,-63.53],[-28.36,-63.69],[-27.55,-63.12],[-26.77,-62.55],[-25.4,-62.69],[-24.01,-62.82],[-23.56,-62.44],[-21.76,-62.66],[-19.93,-62.86],[-19.69,-62.52],[-18.77,-62.54],[-18.44,-62.08],[-16.52,-62.32],[-15.65,-61.42],[-15.11,-60.66],[-14.59,-60.73],[-13.83,-59.81],[-12.51,-59.97],[-11.18,-60.12],[-10.85,-59.49],[-9.09,-59.89],[-8.49,-58.99],[-6.76,-59.25],[-6.27,-58.52],[-5.23,-58.61],[-4.18,-58.7],[-3.42,-58.74],[-3.42,-58.74],[-3.17,-58.6],[-2.05,-57.97],[-0.96,-57.34],[-0.29,-57.5],[0.54,-56.85],[1.33,-56.19],[2.32,-56.02],[2.81,-56.16],[2.98,-55.96],[4.44,-55.99],[5.91,-56.01],[6.19,-55.72],[7.35,-56.14],[7.26,-56.25],[8.69,-56.75],[10.17,-57.24],[11.68,-57.71],[12.18,-57.22],[13.46,-57.58],[13.8,-57.25],[14.56,-57.44],[14.66,-57.36],[15.69,-57.68],[16.32,-57.06],[16.93,-56.43],[18.23,-56.73],[18.38,-56.6],[19.25,-56.8],[19.46,-56.48],[20.31,-56.64],[20.73,-56.04],[21.14,-55.43],[21.44,-55.48],[21.88,-54.72],[22.3,-53.96],[23.22,-54.09],[23.59,-53.38],[23.94,-52.67],[24.32,-52.73],[25.05,-52.83],[25.33,-52.14],[25.6,-51.45],[25.83,-50.79],[26.05,-50.13],[27.19,-50.29],[27.44,-49.47],[28.71,-49.39],[29.97,-49.31],[30.1,-48.97],[30.68,-49.02],[30.81,-48.69],[31.67,-48.73],[32.53,-48.76],[32.53,-48.57],[33.33,-48.62],[34.13,-48.65],[34.55,-47.97],[34.95,-47.28],[35.25,-46.68],[35.53,-46.08],[35.83,-45.22],[36.01,-44.78],[37.16,-44.78],[37.83,-44.74],[37.87,-44.09],[38.96,-43.96],[39.1,-43.63],[39.25,-43.24],[39.69,-43.14],[40.72,-43],[40.8,-42.43],[41.95,-42.27],[43.09,-42.09],[44.23,-41.9],[45.36,-41.7],[45.18,-40.72],[45.86,-40.64],[46.55,-40.55],[46.46,-39.98],[46.36,-39.41],[47.1,-39.24],[47.83,-39.06],[47.82,-38.9],[48.86,-38.7],[48.79,-38.47],[49.36,-38.33],[49.32,-37.91],[50.37,-37.68],[50.27,-37.07],[50.18,-36.46],[50.97,-36.27],[51.75,-36.08],[51.61,-35.58],[52.63,-35.33],[52.56,-34.85],[53.55,-34.62],[53.54,-34.24],[53.55,-33.38],[53.55,-33.38],[54.23,-33.64],[54.94,-33.94],[55.65,-34.24],[55.35,-35.02],[55.04,-35.8],[55.93,-36.14],[56.83,-36.48],[57.73,-36.82],[58.64,-37.14],[58.29,-37.99],[57.93,-38.83],[58.88,-39.22],[59.84,-39.6],[60.8,-39.97],[60.36,-40.86],[59.9,-41.75],[59.43,-42.64],[60.38,-43.08],[60.21,-43.39],[61.12,-43.67],[62.03,-43.95],[62.96,-44.21],[63.92,-44.4],[63.44,-45.21],[62.94,-46.02],[62.43,-46.82],[61.9,-47.62],[61.36,-48.42],[61.36,-48.42],[62.04,-48.82],[62.9,-49.03],[63.77,-49.24],[64.61,-49.37],[65.46,-49.49],[66.53,-49.81],[67.62,-50.12],[68.88,-50.55],[70.16,-50.97],[71.09,-51.47],[72.04,-51.96],[72.94,-52.4],[73.85,-52.83],[74.79,-53.25],[75.71,-53.79],[76.66,-54.33],[77.63,-54.85],[78.63,-55.41],[79.66,-55.97],[80.72,-56.52],[81.81,-57.05],[82.88,-57.55],[83.97,-58.04],[84.77,-58.48],[85.58,-58.91],[87.17,-58.93],[88.61,-58.91],[90.04,-58.87],[91.67,-58.82],[93.3,-58.76],[94.41,-59.49],[95.52,-59.98],[96.67,-60.46],[97.54,-60.82],[98.44,-61.16],[98.44,-61.16],[98.36,-61.31],[98.49,-62.16],[98.65,-62.76],[98.81,-63.36],[99.38,-64.13],[99.98,-64.9],[100.61,-65.66],[100.61,-65.66],[102.75,-65.96],[104.93,-66.22],[106.24,-66.31],[107.55,-66.39],[109.29,-66.32],[111.01,-66.23],[112.27,-66.15],[113.52,-66.06],[115.46,-66.04],[117.4,-66],[119.33,-65.94],[121.12,-65.69],[122.88,-65.42],[124.41,-65.36],[125.94,-65.3],[127.34,-65.28],[128.74,-65.25],[130.62,-65.35],[132.14,-65.62],[133.7,-65.88],[135.27,-65.93],[136.85,-65.97],[139.18,-66.2],[140.38,-66.42],[141.6,-66.62],[143.32,-66.81],[145.06,-66.99],[146.68,-67.25],[148.32,-67.48],[149.44,-67.85],[150.6,-68.21],[151.7,-68.7],[152.84,-69.18],[154.37,-69.62],[156.15,-69.64],[157.94,-69.64],[159.64,-69.97],[160.46,-70.46],[161.33,-70.94],[162.62,-71.07],[162.8,-71.45],[162.8,-71.45],[161.47,-72.02],[160.07,-72.58],[159.01,-73.15],[157.88,-73.72],[156.88,-74.37],[155.8,-75.01],[156.11,-75.71],[156.44,-76.41],[156.47,-76.27],[156.58,-76.4],[156.52,-76.63],[156.57,-76.99],[156.36,-77.42],[155.73,-77.66],[155.22,-78],[155.11,-78.11],[155.01,-78.23],[154.9,-78.34],[154.78,-78.35],[154.78,-78.35],[154.57,-79.01],[154.33,-79.67],[155.65,-80.44],[157.19,-81.21],[159.73,-81.84],[162.69,-82.45],[165.06,-82.85],[167.69,-83.24],[168.9,-83.32],[168.9,-83.32],[174.07,-83.77],[180,-84.17],[180,-85.14]]]}},{"type":"Feature","properties":{"ma":45,"type":"gpml:TopologicalClosedPlateBoundary","name":"Eurasia_45_44","pid":301,"deforming":false},"geometry":{"type":"Polygon","coordinates":[[[35.92,36.37],[35.76,35.71],[35.61,35.04],[35.13,35.36],[34.49,35.22],[33.85,35.07],[33.85,35.07],[33.82,35.24],[33.96,36.16],[34.22,36.82],[34.47,37.48],[35.11,38.31],[35.31,38.66],[35.31,38.66],[34.79,38.71],[33.94,38.81],[33.09,38.9],[32.07,39.3],[31.05,39.7],[29.89,40.13],[29.23,40.19],[28.56,40.25],[27.82,40.31],[27.08,40.37],[26.37,40.42],[25.66,40.47],[24.36,40.54],[24.36,40.54],[24.35,40.52],[23.17,40.49],[21.99,40.44],[20.81,40.38],[19.87,40.38],[19.06,40.42],[18.26,40.45],[17.19,40.45],[16.36,40.55],[15.78,40.75],[15.31,40.96],[15.02,41.17],[15.09,41.59],[15.51,41.97],[14.96,41.97],[14.43,41.97],[14.02,41.97],[13.52,41.97],[13.08,41.96],[12.49,41.95],[12.49,41.95],[12.44,42.04],[12.26,42.43],[12.03,42.63],[11.64,42.65],[11.24,42.76],[10.88,42.82],[10.42,42.89],[9.99,42.96],[9.31,43.01],[8.63,43.04],[7.88,43.02],[7.21,42.97],[5.98,42.81],[5.26,42.68],[4.55,42.5],[3.95,42.3],[3.26,42.05],[2.62,41.75],[2.13,41.39],[1.62,40.95],[0.86,40.39],[0.49,39.96],[0.5,39.81],[0.5,39.81],[-0.02,40.06],[-0.02,40.06],[-0.58,39.99],[-1.27,39.9],[-2.14,39.79],[-3.01,39.67],[-3.76,39.62],[-4.52,39.56],[-5.66,39.64],[-6.8,39.71],[-7.6,39.49],[-7.6,39.49],[-7.8,40.12],[-8.05,40.47],[-8.33,40.79],[-8.55,41.17],[-8.77,41.51],[-9.3,41.95],[-9.87,42.42],[-10.5,42.66],[-10.79,42.89],[-11.36,43.19],[-11.9,43.35],[-12.31,43.47],[-12.8,43.56],[-12.84,43.57],[-12.84,43.57],[-12.91,43.42],[-13.07,43.05],[-13.23,42.75],[-13.31,42.57],[-13.31,42.57],[-14.17,42.92],[-15.04,43.26],[-16.12,43.56],[-17.22,43.86],[-18.32,44.14],[-18.89,44.65],[-19.47,45.16],[-19.91,45.69],[-20.4,46.27],[-20.82,46.76],[-21.31,47.27],[-21.8,47.69],[-22.61,48.12],[-23.21,48.09],[-24.01,47.94],[-24.54,47.79],[-25.56,47.6],[-26.57,47.39],[-27.51,47.36],[-28.45,47.32],[-29.33,47.38],[-30.22,47.44],[-31.34,47.46],[-32.47,47.47],[-32.47,47.47],[-32.48,48.16],[-32.45,48.36],[-32.33,48.65],[-32.34,48.95],[-32.27,49.32],[-32.2,49.61],[-32.18,49.87],[-32.22,50.32],[-32.08,50.7],[-31.71,51.29],[-31.66,51.55],[-31.65,51.69],[-31.65,51.69],[-30.76,52.21],[-30.12,52.52],[-29.71,52.79],[-28.74,53.35],[-28.02,53.78],[-27.36,54.29],[-26.74,54.68],[-26.2,54.99],[-25.16,55.57],[-24.56,55.92],[-24.02,56.2],[-23.22,56.64],[-22.32,57.14],[-21.86,57.35],[-21.16,57.84],[-20.31,58.35],[-20.15,58.61],[-19.69,58.91],[-19.18,59.1],[-18.41,59.3],[-17.73,59.53],[-17.41,59.76],[-17.28,60.04],[-17.24,60.13],[-15.95,59.95],[-14.68,59.75],[-14.4,59.69],[-14.4,59.69],[-13.48,59.75],[-13.16,59.77],[-12.88,59.86],[-12.67,59.94],[-12.52,59.99],[-12.25,60.03],[-12.1,60.12],[-11.92,60.2],[-11.64,60.26],[-11.54,60.36],[-11.34,60.4],[-11.06,60.51],[-10.83,60.62],[-10.27,60.81],[-10.27,60.81],[-10.27,60.99],[-10.1,61.05],[-9.98,61.12],[-9.9,61.24],[-9.58,61.38],[-9.61,61.55],[-9.45,61.63],[-9.18,61.73],[-9.01,61.85],[-9.18,62.03],[-9.19,62.04],[-9.19,62.04],[-9.12,62.07],[-8.78,62.28],[-8.66,62.39],[-8.35,62.42],[-8.08,62.5],[-7.71,62.62],[-7.68,62.63],[-7.68,62.63],[-8.01,62.83],[-8.39,63.12],[-8.39,63.12],[-8.3,63.37],[-8.31,63.55],[-8.15,63.82],[-8.15,64.01],[-8.02,64.22],[-7.83,64.42],[-7.49,64.72],[-7.26,64.89],[-6.88,65.09],[-6.51,65.2],[-6.13,65.33],[-5.35,65.48],[-4.68,65.66],[-4.22,65.8],[-3.51,65.97],[-2.78,66.21],[-2.12,66.36],[-1.49,66.48],[-0.79,66.6],[-0.25,66.66],[0.44,66.79],[0.92,66.91],[1.49,67.01],[1.96,67.13],[2.25,67.26],[2.4,67.31],[2.8,67.42],[3.6,67.61],[4.24,67.75],[5.17,67.96],[5.17,67.96],[5.09,68.86],[4.99,69.76],[4.89,70.66],[4.7,70.85],[4.7,70.85],[7.15,71.15],[7.15,71.15],[6.7,71.69],[6.22,72.22],[5.4,72.85],[4.51,73.48],[3.55,74.1],[2.27,74.63],[0.89,75.15],[-0.16,75.93],[2.11,76.61],[4.29,77.02],[6.61,77.42],[8.87,77.86],[11.29,78.27],[14.36,78.78],[17.71,79.25],[21.2,79.64],[24.94,79.99],[28.64,80.43],[32.68,80.82],[37.87,81.22],[43.49,81.54],[49.44,81.87],[55.81,82.11],[62.48,82.24],[62.48,82.24],[68.63,81.95],[74.3,81.58],[79.44,81.13],[84.06,80.62],[87.55,80.21],[90.74,79.76],[93.66,79.29],[95.82,78.71],[97.77,78.12],[99.53,77.51],[101.94,77.34],[104.28,77.15],[106.7,77.05],[109.07,76.91],[111.26,77.03],[115.37,76.74],[118.62,76.35],[121.16,76.01],[123.57,75.64],[123.57,75.64],[120.52,75.48],[117.53,75.28],[116.1,74.47],[114.8,73.65],[113.63,72.83],[114.19,71.99],[114.7,71.16],[115.53,70.47],[116.31,69.77],[117.82,69.37],[119.28,68.95],[121.16,68.57],[122.98,68.17],[124.93,67.72],[126.81,67.24],[128.87,67.27],[131.26,66.92],[133.59,66.54],[134.64,65.87],[135.65,65.2],[137.56,64.74],[139.41,64.25],[140.74,63.83],[142.03,63.4],[142.03,63.4],[141.39,62.95],[140.78,62.5],[139.95,61.71],[139.17,60.92],[138.26,60.05],[137.82,59.61],[137.82,59.61],[138.89,59.08],[139.93,58.55],[139.93,58.55],[140.99,58.66],[142.04,58.76],[142.04,58.76],[141.62,57.87],[141.21,56.98],[140.82,56.09],[140.46,55.23],[140.12,54.38],[139.79,53.52],[139.47,52.66],[139.09,51.94],[138.72,51.22],[138.23,50.42],[137.75,49.61],[137.21,48.78],[136.69,47.94],[136.24,47.22],[135.8,46.5],[135.43,45.97],[135.06,45.43],[134.58,44.84],[134.11,44.25],[133.65,43.65],[133.12,42.99],[132.6,42.32],[132.02,41.66],[131.45,40.99],[130.79,40.34],[130.15,39.68],[129.38,38.88],[128.58,38.22],[127.82,37.42],[127.29,36.84],[126.76,36.25],[126.24,35.66],[125.71,35.07],[125.19,34.47],[124.65,33.83],[124.11,33.18],[123.58,32.54],[122.92,31.91],[122.49,31.55],[122.49,31.55],[122.42,31.42],[122.03,30.74],[121.64,30.07],[121.25,29.39],[120.82,28.99],[120.39,28.59],[119.78,28.26],[119.17,27.94],[119.17,27.94],[119.34,27.11],[119.51,26.29],[119.84,25.46],[120.17,24.63],[120.49,23.79],[120.81,22.96],[121.12,22.14],[121.43,21.31],[121.74,20.48],[122.04,19.66],[122.34,18.83],[122.59,17.99],[122.84,17.14],[123.09,16.3],[123.09,16.3],[122.44,16.08],[121.79,15.85],[120.95,15.55],[120.13,15.25],[119.3,14.94],[119.15,14.27],[119.01,13.6],[118.77,13.51],[118.77,13.51],[118.5,12.73],[118.23,11.94],[117.96,11.16],[116.99,11.46],[116.02,11.75],[115.04,12.04],[114.06,12.33],[113.68,12.09],[112.81,12.4],[111.93,12.7],[111.06,12.99],[110.18,13.29],[109.29,13.58],[108.41,13.87],[107.52,14.15],[106.63,14.43],[105.74,14.71],[104.83,14.98],[103.91,15.24],[103.91,15.24],[103.76,15.5],[103.64,16.1],[103.5,16.75],[103.38,17.33],[103.23,18.02],[103.11,18.61],[102.98,19.2],[102.85,19.79],[102.59,20.52],[102.33,21.25],[102.07,21.97],[102.07,21.97],[101.68,22.28],[101.05,22.83],[100.41,23.37],[99.76,23.91],[99.12,24.45],[98.5,24.84],[97.88,25.23],[97.25,25.61],[96.55,26.03],[95.84,26.43],[95.84,26.43],[95.85,26.99],[95.8,27.83],[95.74,28.66],[95.69,29.5],[95.63,30.34],[95.58,31.18],[95.52,32.01],[95.74,32.9],[96.24,33.46],[96.83,34.1],[97.24,34.6],[97.75,35.2],[97.97,35.76],[98.2,36.32],[98.25,36.85],[98.29,37.38],[98.04,37.92],[97.78,38.46],[97.28,39.24],[97.03,39.85],[96.77,40.46],[96.65,41.3],[96.93,42.15],[97.33,42.81],[97.83,43.57],[98.42,44.37],[98.49,44.47],[98.49,44.47],[98.44,44.51],[97.22,44.79],[95.98,45.05],[94.74,45.31],[93.48,45.54],[92.39,45.71],[91.3,45.86],[90.21,46.01],[89.11,46.14],[87.89,46.19],[86.68,46.23],[85.46,46.25],[84.25,46.26],[83.03,46.26],[81.86,46.29],[80.7,46.3],[79.53,46.3],[78.36,46.29],[77.2,46.26],[75.88,46.15],[74.57,46.03],[73.26,45.89],[71.96,45.74],[70.66,45.57],[69.57,45.33],[68.49,45.08],[67.42,44.82],[66.35,44.55],[65.3,44.27],[64.12,43.86],[62.95,43.43],[61.8,42.99],[61.02,42.18],[60.25,41.36],[59.51,40.54],[58.89,40.03],[58.29,39.51],[58.23,38.84],[58.17,38.18],[58.12,37.51],[58.03,36.83],[57.94,36.16],[57.86,35.48],[57.65,34.83],[57.45,34.19],[57.26,33.54],[56.75,33.09],[56.24,32.64],[55.69,32.35],[55.13,32.06],[54.52,32.18],[53.9,32.3],[53.71,32.8],[53.52,33.3],[53.26,33.99],[52.99,34.67],[52.71,35.35],[51.96,36.06],[51.2,36.77],[50.6,36.93],[49.99,37.09],[49.2,37.67],[48.4,38.24],[47.44,38.27],[46.47,38.28],[45.25,38.22],[44.04,38.16],[42.83,38.08],[41.62,37.98],[40.54,38.13],[39.46,38.26],[38.37,38.39],[37.28,38.5],[36.67,37.77],[36.07,37.04],[35.92,36.37]]]}},{"type":"Feature","properties":{"ma":45,"type":"gpml:TopologicalClosedPlateBoundary","name":"Greenland","pid":102,"deforming":false},"geometry":{"type":"Polygon","coordinates":[[[-31.65,51.66],[-31.65,51.66],[-32.19,51.79],[-33.41,52],[-34.51,52.06],[-35.53,52.12],[-36.55,52.18],[-37.65,52.83],[-38.31,52.95],[-39.65,53.02],[-40.35,53.59],[-41.08,54.3],[-41.66,54.9],[-42.56,55.63],[-43.13,56.12],[-44.22,56.65],[-44.92,57.01],[-46.08,57.51],[-46.27,57.72],[-46.27,57.72],[-46.19,57.75],[-45.95,58.63],[-45.32,59.37],[-45.02,60.11],[-44.3,60.63],[-44.25,60.66],[-44.25,60.66],[-45.02,60.87],[-44.41,61.4],[-43.77,61.93],[-42.5,62.71],[-42.12,63.61],[-42.24,64.22],[-41.89,64.97],[-42.39,65.57],[-42.88,66.21],[-42.99,66.89],[-43.58,67.66],[-43.22,68.63],[-44.64,69.15],[-45.31,69.92],[-46.51,70.49],[-48.1,71.22],[-48.49,71.72],[-48.89,72.22],[-49.42,73.05],[-49.2,73.5],[-49.2,73.5],[-48.73,73.51],[-48.11,73.51],[-47.31,73.51],[-46.74,73.51],[-46.2,73.5],[-45.57,73.5],[-45.22,73.78],[-44.88,74.03],[-44.58,74.26],[-43.61,74.32],[-42.31,74.4],[-41.68,74.61],[-40.87,74.86],[-39.52,74.9],[-37.83,74.94],[-36.97,74.86],[-35.86,74.76],[-35.19,74.75],[-33.72,74.99],[-31.7,75.4],[-29.58,75.79],[-27.25,76.1],[-25.75,76.25],[-23.54,76.43],[-21.71,76.56],[-19.9,76.64],[-19.9,76.64],[-17.58,76.49],[-15.31,76.32],[-12.69,75.92],[-10.22,75.5],[-7.9,75.05],[-6.16,74.58],[-4.52,74.1],[-3.08,73.4],[-1.76,72.7],[-0.59,72.04],[-0.06,71.67],[0.52,71.28],[1.18,70.72],[1.64,70.42],[1.64,70.42],[3.15,70.64],[4.7,70.85],[4.7,70.85],[4.89,70.66],[4.99,69.76],[5.09,68.86],[5.17,67.96],[5.17,67.96],[4.24,67.75],[3.6,67.61],[2.8,67.42],[2.4,67.31],[2.25,67.26],[1.96,67.13],[1.49,67.01],[0.92,66.91],[0.44,66.79],[-0.25,66.66],[-0.79,66.6],[-1.49,66.48],[-2.12,66.36],[-2.78,66.21],[-3.51,65.97],[-4.22,65.8],[-4.68,65.66],[-5.35,65.48],[-6.13,65.33],[-6.51,65.2],[-6.88,65.09],[-7.26,64.89],[-7.49,64.72],[-7.83,64.42],[-8.02,64.22],[-8.15,64.01],[-8.15,63.82],[-8.31,63.55],[-8.3,63.37],[-8.39,63.12],[-8.39,63.12],[-8.01,62.83],[-7.68,62.63],[-7.68,62.63],[-7.71,62.62],[-8.08,62.5],[-8.35,62.42],[-8.66,62.39],[-8.78,62.28],[-9.12,62.07],[-9.19,62.04],[-9.19,62.04],[-9.18,62.03],[-9.01,61.85],[-9.18,61.73],[-9.45,61.63],[-9.61,61.55],[-9.58,61.38],[-9.9,61.24],[-9.98,61.12],[-10.1,61.05],[-10.27,60.99],[-10.27,60.81],[-10.27,60.81],[-10.83,60.62],[-11.06,60.51],[-11.34,60.4],[-11.54,60.36],[-11.64,60.26],[-11.92,60.2],[-12.1,60.12],[-12.25,60.03],[-12.52,59.99],[-12.67,59.94],[-12.88,59.86],[-13.16,59.77],[-13.48,59.75],[-14.4,59.69],[-14.4,59.69],[-14.68,59.75],[-15.95,59.95],[-17.24,60.13],[-17.28,60.04],[-17.41,59.76],[-17.73,59.53],[-18.41,59.3],[-19.18,59.1],[-19.69,58.91],[-20.15,58.61],[-20.31,58.35],[-21.16,57.84],[-21.86,57.35],[-22.32,57.14],[-23.22,56.64],[-24.02,56.2],[-24.56,55.92],[-25.16,55.57],[-26.2,54.99],[-26.74,54.68],[-27.36,54.29],[-28.02,53.78],[-28.74,53.35],[-29.71,52.79],[-30.12,52.52],[-30.76,52.21],[-31.65,51.69],[-31.65,51.66]]]}},{"type":"Feature","properties":{"ma":45,"type":"gpml:TopologicalClosedPlateBoundary","name":"Kamchatka","pid":406,"deforming":false},"geometry":{"type":"Polygon","coordinates":[[[137.82,59.61],[138.26,60.05],[139.17,60.92],[139.95,61.71],[140.78,62.5],[141.39,62.95],[142.03,63.4],[142.03,63.4],[142.28,63.32],[142.28,63.32],[141.55,62.76],[141.47,62.29],[140.81,61.51],[140.45,60.85],[140.1,60.19],[140.1,60.19],[140.06,60.07],[141.11,60.19],[142.17,60.3],[142.17,60.3],[144.02,60.43],[145.88,60.53],[147.22,60.75],[148.58,60.95],[149.96,61.13],[151.2,61.56],[152.47,61.98],[153.58,62.28],[154.72,62.56],[156.22,63.03],[156.22,63.03],[157.8,62.97],[159.37,62.89],[160.94,62.79],[162.29,62.88],[163.66,62.95],[163.66,62.95],[164.68,62.08],[165.62,61.42],[165.62,61.42],[163.97,61.89],[162.48,62.31],[160.95,62.71],[160.95,62.71],[159.29,62.42],[157.66,62.11],[156.07,61.79],[154.52,61.44],[153,61.08],[151.65,60.76],[150.33,60.43],[148.8,60.14],[147.3,59.84],[145.83,59.52],[144.89,59.31],[143.96,59.09],[143.03,58.93],[142.11,58.76],[141.02,58.66],[139.93,58.55],[139.93,58.55],[138.89,59.08],[137.82,59.61]]]}},{"type":"Feature","properties":{"ma":45,"type":"gpml:TopologicalClosedPlateBoundary","name":"Kula","pid":918,"deforming":false},"geometry":{"type":"Polygon","coordinates":[[[-171.24,57.2],[-169.82,57.29],[-168.39,57.36],[-166.96,57.41],[-165.24,57.71],[-163.5,57.98],[-161.73,58.23],[-160.23,58.51],[-158.7,58.77],[-157.16,59.01],[-155.59,59.23],[-153.95,59.54],[-152.29,59.82],[-150.59,60.09],[-149.8,60.28],[-148.74,60.57],[-147.8,60.86],[-147.01,61.09],[-145.77,61.34],[-144.9,61.69],[-143.84,62.09],[-142.57,62.57],[-141.26,63.05],[-139.9,63.51],[-138.51,63.97],[-136.67,64.48],[-134.76,64.96],[-132.79,65.43],[-130.74,65.86],[-128.63,66.27],[-128.63,66.27],[-128.39,65.83],[-127.91,65.37],[-127.46,64.94],[-127.02,64.61],[-126.5,64.31],[-126.09,63.97],[-125.79,63.8],[-125.1,63.41],[-124.61,62.98],[-124.43,62.63],[-124.06,62.29],[-124.07,61.81],[-123.71,61.46],[-123.42,60.98],[-123.13,60.5],[-122.78,59.65],[-122.39,59.14],[-122.02,58.63],[-121.07,57.79],[-120.68,57.42],[-120.13,57.01],[-119.58,56.6],[-119.01,56.15],[-119.01,56.15],[-119.54,55.61],[-120.06,55.08],[-121.59,55.52],[-123.15,55.95],[-124.01,55.1],[-124.83,54.25],[-125.62,53.39],[-126.38,52.53],[-127.11,51.66],[-127.81,50.79],[-128.49,49.91],[-129.14,49.03],[-129.77,48.15],[-129.77,48.15],[-130.8,48.12],[-132.07,47.95],[-132.35,48.32],[-133.36,48],[-134.22,47.78],[-135.08,47.56],[-136.12,47.22],[-137.14,46.87],[-138.16,46.6],[-139.17,46.33],[-139.72,46.97],[-140.29,47.6],[-141,47.35],[-141.7,47.1],[-142.58,46.85],[-143.45,46.59],[-144.24,46.29],[-145.03,45.99],[-145.93,45.68],[-146.82,45.37],[-147.29,45.86],[-147.77,46.34],[-148.53,46.04],[-149.27,45.74],[-150.48,45.3],[-151.66,44.84],[-152.83,44.37],[-153.98,43.9],[-154.41,44.33],[-154.85,44.76],[-155.79,44.3],[-156.71,43.84],[-157.62,43.37],[-158.51,42.89],[-158.51,42.89],[-158.93,43.4],[-159.37,43.91],[-160.04,44.64],[-160.72,45.36],[-161.36,46.19],[-162.03,47.01],[-162.75,47.83],[-163.49,48.64],[-164.26,49.45],[-165.05,50.25],[-165.87,51.04],[-166.72,51.83],[-167.6,52.61],[-168.5,53.39],[-169.45,54.16],[-170.2,54.9],[-170.99,55.64],[-171.8,56.37],[-172.65,57.1],[-171.24,57.2]]]}},{"type":"Feature","properties":{"ma":45,"type":"gpml:TopologicalClosedPlateBoundary","name":"Pacific","pid":901,"deforming":false},"geometry":{"type":"MultiPolygon","coordinates":[[[[180,-57.33],[180,-58.27],[180,-59.21],[180,-60.15],[180,-61.09],[180,-62.02],[180,-62.96],[180,-63.9],[180,-64.84],[180,-65.78],[180,-66.72],[180,-67.65],[180,-68.59],[180,-69.53],[180,-70.47],[177.43,-70.39],[175.32,-69.73],[173.34,-69.04],[171.49,-68.33],[169.75,-67.6],[168.11,-66.86],[168.11,-66.86],[168.41,-66.64],[169.04,-66.7],[169.96,-65.96],[169.96,-65.96],[171.75,-65.5],[173.49,-65.03],[174.26,-64.31],[174.99,-63.59],[175.69,-62.87],[176.45,-62.1],[177.18,-61.33],[177.84,-60.59],[178.47,-59.85],[178.6,-58.98],[178.75,-58.01],[179.23,-57.34],[179.77,-56.59],[180,-56.39],[180,-57.33]]],[[[180,56.47],[180,55.47],[180,54.47],[180,53.47],[180,52.48],[180,51.48],[180,50.48],[180,49.49],[180,48.49],[180,47.49],[180,46.49],[180,45.5],[180,44.5],[180,43.5],[180,42.5],[180,41.51],[180,40.51],[180,39.51],[180,38.52],[180,37.52],[180,36.52],[180,35.52],[180,34.53],[180,33.53],[180,32.53],[180,31.53],[180,30.54],[180,29.54],[180,28.54],[180,27.55],[180,26.55],[180,25.55],[180,24.55],[180,23.56],[180,22.56],[180,21.56],[180,20.56],[180,19.57],[180,18.57],[180,17.57],[180,16.57],[180,15.58],[180,14.58],[180,13.58],[180,12.59],[180,11.59],[180,10.59],[180,9.59],[180,8.6],[180,7.6],[180,6.6],[180,5.6],[180,4.61],[180,3.61],[180,2.61],[180,1.62],[180,0.62],[180,-0.38],[180,-1.38],[180,-2.37],[180,-3.37],[180,-4.37],[180,-5.37],[180,-6.36],[180,-7.36],[180,-8.36],[180,-9.35],[180,-10.35],[180,-11.35],[180,-12.35],[180,-13.34],[180,-14.34],[180,-15.34],[180,-16.34],[180,-17.33],[180,-18.33],[180,-19.33],[180,-20.32],[180,-21.32],[180,-22.32],[180,-23.32],[180,-24.31],[180,-25.31],[180,-26.31],[180,-27.31],[180,-28.3],[180,-29.3],[180,-30.3],[180,-31.3],[180,-32.29],[180,-33.29],[180,-34.29],[180,-35.28],[180,-36.28],[180,-37.28],[180,-38.28],[180,-39.27],[180,-40.27],[180,-41.27],[180,-42.27],[180,-43.26],[180,-44.26],[180,-45.26],[180,-46.25],[178.77,-45.87],[177.44,-45.65],[176.12,-45.42],[174.82,-45.17],[173.75,-44.75],[172.71,-44.33],[171.67,-43.89],[171.02,-43.3],[170.39,-42.71],[169.76,-42.12],[169.42,-41.53],[169.09,-40.94],[169.09,-40.94],[168.39,-40.35],[167.69,-39.76],[167.64,-39.7],[167.54,-39.59],[167.18,-39.25],[166.54,-38.76],[165.91,-38.27],[165.29,-37.78],[164.46,-37.47],[163.64,-37.15],[162.69,-36.9],[161.76,-36.63],[160.72,-36.24],[159.7,-35.85],[158.76,-35.43],[157.83,-35.01],[157.44,-34.51],[157.2,-34.12],[156.91,-33.42],[156.91,-33.42],[157.24,-32.92],[157.56,-32.42],[158.13,-31.96],[158.69,-31.69],[159.25,-31.42],[160.09,-31.06],[161.03,-30.52],[161.64,-30.27],[162.24,-30.01],[163.17,-29.62],[163.74,-29.22],[164.37,-28.92],[164.79,-28.66],[164.79,-28.66],[164.69,-28.48],[164.44,-27.81],[164.19,-27.13],[163.9,-26.52],[163.6,-25.9],[163.31,-25.28],[162.88,-24.76],[162.45,-24.23],[161.97,-23.66],[161.49,-23.08],[161.28,-22.61],[161.07,-22.14],[160.62,-21.75],[160.18,-21.37],[159.62,-20.76],[159.06,-20.15],[158.4,-19.86],[157.83,-19.75],[157.27,-19.64],[156.75,-19.21],[156.14,-19.05],[155.54,-18.9],[154.81,-18.55],[154.08,-18.19],[153.31,-18.13],[152.54,-18.07],[151.98,-17.87],[151.42,-17.66],[151.02,-17.24],[150.62,-16.82],[150.21,-16.3],[149.79,-15.79],[149.21,-15.36],[148.64,-14.93],[148.06,-14.5],[147.46,-14.05],[146.85,-13.6],[146.25,-13.15],[145.62,-12.87],[145.62,-12.87],[145.59,-11.89],[145.57,-10.91],[145.57,-10.91],[146.1,-10.14],[146.62,-9.37],[147.15,-8.6],[147.58,-7.97],[148.02,-7.35],[148.46,-6.73],[148.89,-6.1],[149.24,-5.38],[149.59,-4.67],[149.93,-3.95],[150.28,-3.12],[150.63,-2.3],[150.98,-1.48],[151.33,-0.66],[151.42,0.26],[151.52,1.19],[151.52,1.19],[151.08,1.6],[150.64,2.01],[150.19,2.56],[149.75,3.1],[149.27,3.3],[148.79,3.5],[148.07,3.88],[147.65,4.36],[147.22,4.84],[146.96,5.4],[146.7,5.95],[146.42,6.38],[146.15,6.81],[145.69,7.22],[145.22,7.63],[144.74,7.99],[144.25,8.35],[143.89,8.79],[143.53,9.23],[143.13,9.73],[142.74,10.23],[142.36,10.84],[141.97,11.44],[141.72,11.89],[141.47,12.34],[141.17,12.81],[140.88,13.28],[140.46,13.9],[140.04,14.52],[139.6,15.08],[139.16,15.64],[138.63,16.2],[138.09,16.77],[137.66,17.17],[137.23,17.56],[136.58,18.33],[135.93,19.1],[135.29,19.8],[134.64,20.49],[133.98,21.18],[133.39,21.72],[132.79,22.25],[132.19,22.78],[131.59,23.31],[130.9,23.8],[130.22,24.29],[129.53,24.78],[128.83,25.27],[128.05,25.66],[127.27,26.05],[126.48,26.43],[125.69,26.81],[125,27.43],[124.31,28.04],[123.61,28.66],[122.93,29.09],[122.25,29.51],[121.56,29.93],[121.99,30.68],[122.42,31.42],[122.49,31.55],[122.49,31.55],[122.92,31.91],[123.58,32.54],[124.11,33.18],[124.65,33.83],[125.19,34.47],[125.71,35.07],[126.24,35.66],[126.76,36.25],[127.29,36.84],[127.82,37.42],[128.58,38.22],[129.38,38.88],[130.15,39.68],[130.79,40.34],[131.45,40.99],[132.02,41.66],[132.6,42.32],[133.12,42.99],[133.65,43.65],[134.11,44.25],[134.58,44.84],[135.06,45.43],[135.43,45.97],[135.8,46.5],[136.24,47.22],[136.69,47.94],[137.21,48.78],[137.75,49.61],[138.23,50.42],[138.72,51.22],[139.09,51.94],[139.47,52.66],[139.79,53.52],[140.12,54.38],[140.46,55.23],[140.82,56.09],[141.21,56.98],[141.62,57.87],[142.04,58.76],[142.04,58.76],[142.11,58.76],[143.03,58.93],[143.96,59.09],[144.89,59.31],[145.83,59.52],[147.3,59.84],[148.8,60.14],[150.33,60.43],[151.65,60.76],[153,61.08],[154.52,61.44],[156.07,61.79],[157.66,62.11],[159.29,62.42],[160.95,62.71],[160.95,62.71],[162.48,62.31],[163.97,61.89],[165.38,61.49],[166.75,61.07],[168.08,60.64],[169.38,60.19],[170.78,59.82],[172.16,59.43],[173.5,59.03],[174.82,58.61],[176.41,58.26],[177.98,57.89],[179.51,57.5],[180,57.46],[180,56.47]]],[[[-180,-45.26],[-180,-44.26],[-180,-43.26],[-180,-42.27],[-180,-41.27],[-180,-40.27],[-180,-39.27],[-180,-38.28],[-180,-37.28],[-180,-36.28],[-180,-35.28],[-180,-34.29],[-180,-33.29],[-180,-32.29],[-180,-31.3],[-180,-30.3],[-180,-29.3],[-180,-28.3],[-180,-27.31],[-180,-26.31],[-180,-25.31],[-180,-24.31],[-180,-23.32],[-180,-22.32],[-180,-21.32],[-180,-20.32],[-180,-19.33],[-180,-18.33],[-180,-17.33],[-180,-16.34],[-180,-15.34],[-180,-14.34],[-180,-13.34],[-180,-12.35],[-180,-11.35],[-180,-10.35],[-180,-9.35],[-180,-8.36],[-180,-7.36],[-180,-6.36],[-180,-5.37],[-180,-4.37],[-180,-3.37],[-180,-2.37],[-180,-1.38],[-180,-0.38],[-180,0.62],[-180,1.62],[-180,2.61],[-180,3.61],[-180,4.61],[-180,5.6],[-180,6.6],[-180,7.6],[-180,8.6],[-180,9.59],[-180,10.59],[-180,11.59],[-180,12.59],[-180,13.58],[-180,14.58],[-180,15.58],[-180,16.57],[-180,17.57],[-180,18.57],[-180,19.57],[-180,20.56],[-180,21.56],[-180,22.56],[-180,23.56],[-180,24.55],[-180,25.55],[-180,26.55],[-180,27.55],[-180,28.54],[-180,29.54],[-180,30.54],[-180,31.53],[-180,32.53],[-180,33.53],[-180,34.53],[-180,35.52],[-180,36.52],[-180,37.52],[-180,38.52],[-180,39.51],[-180,40.51],[-180,41.51],[-180,42.5],[-180,43.5],[-180,44.5],[-180,45.5],[-180,46.49],[-180,47.49],[-180,48.49],[-180,49.49],[-180,50.48],[-180,51.48],[-180,52.48],[-180,53.47],[-180,54.47],[-180,55.47],[-180,56.47],[-180,57.46],[-178.48,57.32],[-176.96,57.16],[-175.47,57.08],[-173.98,56.99],[-172.65,57.1],[-172.65,57.1],[-171.8,56.37],[-170.99,55.64],[-170.2,54.9],[-169.45,54.16],[-168.5,53.39],[-167.6,52.61],[-166.72,51.83],[-165.87,51.04],[-165.05,50.25],[-164.26,49.45],[-163.49,48.64],[-162.75,47.83],[-162.03,47.01],[-161.36,46.19],[-160.72,45.36],[-160.04,44.64],[-159.37,43.91],[-158.93,43.4],[-158.51,42.89],[-158.51,42.89],[-157.62,43.37],[-156.71,43.84],[-155.79,44.3],[-154.85,44.76],[-154.41,44.33],[-153.98,43.9],[-152.83,44.37],[-151.66,44.84],[-150.48,45.3],[-149.27,45.74],[-148.53,46.04],[-147.77,46.34],[-147.29,45.86],[-146.82,45.37],[-145.93,45.68],[-145.03,45.99],[-144.24,46.29],[-143.45,46.59],[-142.58,46.85],[-141.7,47.1],[-141,47.35],[-140.29,47.6],[-139.72,46.97],[-139.17,46.33],[-138.16,46.6],[-137.14,46.87],[-136.12,47.22],[-135.08,47.56],[-134.22,47.78],[-133.36,48],[-132.35,48.32],[-132.07,47.95],[-130.8,48.12],[-129.68,48.15],[-129.68,48.15],[-129.56,47.25],[-129.69,46.69],[-129.95,45.77],[-130.21,44.85],[-130.45,43.93],[-130.69,43.01],[-129.85,42.94],[-129.01,42.87],[-129.09,41.98],[-129.17,41.1],[-129.24,40.21],[-129.31,39.33],[-128.14,39.21],[-126.98,39.09],[-127.01,38.16],[-127.04,37.24],[-127.07,36.31],[-127.09,35.39],[-127.12,34.46],[-128.22,34.35],[-129.32,34.23],[-129.18,33.43],[-129.05,32.63],[-128.92,31.83],[-128.79,31.03],[-128.66,30.23],[-127.64,30.35],[-126.61,30.45],[-125.59,30.54],[-124.56,30.63],[-123.45,30.72],[-122.35,30.8],[-121.25,30.87],[-120.14,30.93],[-119.03,30.98],[-117.93,31.02],[-116.82,31.05],[-116.13,31.08],[-116.13,31.08],[-116.09,30.43],[-116.05,29.79],[-115.2,29.84],[-114.36,29.89],[-113.52,29.93],[-113.37,28.98],[-113.23,28.02],[-113.09,27.06],[-112.95,26.1],[-112.82,25.14],[-112.68,24.18],[-113.69,23.99],[-114.7,23.79],[-115.7,23.59],[-116.71,23.38],[-117.7,23.16],[-118.7,22.94],[-119.69,22.71],[-119.47,21.81],[-119.25,20.9],[-119.04,20],[-118.83,19.09],[-118.62,18.19],[-118.41,17.28],[-118.2,16.38],[-118,15.47],[-117.07,15.65],[-116.14,15.83],[-115.21,16],[-114.28,16.17],[-113.35,16.34],[-112.42,16.5],[-111.48,16.65],[-111.28,15.7],[-111.09,14.74],[-110.36,14.85],[-110.21,13.98],[-110.07,13.1],[-109.92,12.23],[-109.78,11.35],[-109.64,10.48],[-109.49,9.6],[-109.35,8.72],[-110.22,8.51],[-111.08,8.3],[-111.94,8.08],[-112.8,7.87],[-113.66,7.65],[-114.52,7.43],[-115.38,7.21],[-115.14,6.4],[-114.9,5.6],[-114.66,4.8],[-115.34,4.6],[-115.1,3.7],[-114.86,2.8],[-114.62,1.89],[-114.38,0.99],[-114.15,0.08],[-113.91,-0.82],[-113.67,-1.72],[-113.43,-2.63],[-114.37,-2.9],[-115.31,-3.17],[-116.26,-3.44],[-117.2,-3.7],[-118.14,-3.97],[-117.89,-4.88],[-117.64,-5.78],[-117.39,-6.69],[-117.14,-7.59],[-116.89,-8.5],[-116.63,-9.4],[-116.38,-10.31],[-116.12,-11.21],[-115.86,-12.12],[-115.86,-12.12],[-115.86,-12.12],[-115.21,-11.93],[-114.57,-11.74],[-114.31,-12.63],[-114.05,-13.52],[-113.79,-14.41],[-113.52,-15.3],[-113.25,-16.19],[-112.98,-17.08],[-112.71,-17.97],[-112.43,-18.86],[-112.15,-19.75],[-113.09,-20.02],[-114.02,-20.28],[-114.96,-20.55],[-115.9,-20.8],[-116.84,-21.05],[-116.58,-21.77],[-116.31,-22.49],[-116.04,-23.21],[-116.75,-23.44],[-117.45,-23.66],[-118.16,-23.89],[-117.82,-24.79],[-117.47,-25.7],[-117.12,-26.6],[-116.77,-27.51],[-116.41,-28.41],[-116.04,-29.31],[-115.66,-30.22],[-116.6,-30.51],[-117.55,-30.8],[-118.5,-31.08],[-118.2,-31.97],[-117.9,-32.86],[-117.59,-33.74],[-117.27,-34.63],[-116.94,-35.52],[-116.61,-36.4],[-116.27,-37.28],[-115.78,-37.09],[-115.4,-38.01],[-115,-38.94],[-114.59,-39.86],[-114.18,-40.78],[-113.75,-41.7],[-113.3,-42.62],[-112.85,-43.53],[-112.38,-44.45],[-111.9,-45.36],[-111.4,-46.27],[-110.88,-47.18],[-110.34,-48.08],[-109.79,-48.98],[-108.45,-48.65],[-108.1,-49.6],[-107.73,-50.56],[-107.34,-51.51],[-106.94,-52.45],[-106.9,-52.49],[-106.9,-52.49],[-105.92,-52.78],[-104.75,-53.23],[-103.55,-53.68],[-103.81,-54.03],[-102.7,-54.44],[-101.57,-54.83],[-100.42,-55.21],[-100.05,-55.33],[-100.05,-55.33],[-100.72,-56.16],[-101.78,-56.96],[-102.41,-56.87],[-103.01,-57.61],[-103.63,-58.35],[-104.27,-59.09],[-104.94,-59.82],[-105.43,-60.32],[-105.93,-60.83],[-105,-61.06],[-105.77,-61.87],[-106.58,-62.67],[-107.43,-63.47],[-109.13,-63.09],[-110.78,-62.69],[-112.39,-62.26],[-113.95,-61.83],[-114.78,-62.42],[-115.64,-63],[-117.26,-62.59],[-118.83,-62.16],[-120.35,-61.71],[-121.83,-61.24],[-123.26,-60.76],[-124.37,-61.43],[-125.52,-62.1],[-126.73,-62.75],[-127.98,-63.39],[-129.3,-64.03],[-130.68,-64.65],[-132.36,-64.14],[-133.99,-63.62],[-135.56,-63.08],[-137.06,-63.8],[-138.64,-64.5],[-140.3,-65.19],[-142.05,-65.86],[-143.89,-66.5],[-144.81,-66.07],[-145.93,-66.49],[-147.09,-66.9],[-146.19,-67.33],[-147.99,-67.87],[-149.87,-68.39],[-151.84,-68.89],[-153.89,-69.36],[-154.72,-68.87],[-155.51,-68.38],[-157.01,-68.77],[-158.57,-69.14],[-159.97,-68.56],[-161.34,-68.94],[-162.75,-69.29],[-163.68,-68.9],[-164.57,-68.51],[-166.85,-68.91],[-169.21,-69.28],[-168.93,-69.63],[-171.27,-69.95],[-172.07,-69.29],[-173.87,-69.56],[-175.71,-69.82],[-175.42,-70.12],[-177.12,-70.27],[-178.85,-70.39],[-178.8,-70.49],[-180,-70.47],[-180,-69.53],[-180,-68.59],[-180,-67.65],[-180,-66.72],[-180,-65.78],[-180,-64.84],[-180,-63.9],[-180,-62.96],[-180,-62.02],[-180,-61.09],[-180,-60.15],[-180,-59.21],[-180,-58.27],[-180,-57.33],[-180,-56.39],[-179.38,-55.85],[-178.78,-55.31],[-177.61,-54.62],[-176.49,-53.91],[-175.59,-53.37],[-174.72,-52.82],[-173.87,-52.27],[-173.25,-51.64],[-173.4,-50.69],[-173.55,-49.74],[-173.7,-48.79],[-173.83,-47.83],[-173.83,-47.83],[-174.99,-47.64],[-176.27,-47.32],[-177.53,-46.98],[-178.77,-46.62],[-180,-46.25],[-180,-45.26]]]]}},{"type":"Feature","properties":{"ma":45,"type":"gpml:TopologicalClosedPlateBoundary","name":"Porcupine Plate","pid":317,"deforming":false},"geometry":{"type":"Polygon","coordinates":[[[-11.86,40.51],[-12.32,40.59],[-13.5,40.78],[-14.68,40.97],[-14.68,40.97],[-15.54,40.92],[-16.44,40.88],[-17.3,41.01],[-18.12,40.97],[-18.83,40.99],[-19.84,40.87],[-20.85,40.75],[-22.14,40.72],[-22.14,40.72],[-22.63,40.07],[-23.13,39.26],[-23.7,38.78],[-23.96,38.22],[-23.96,38.22],[-24.04,38.23],[-24.52,38.33],[-25.06,38.44],[-25.71,38.73],[-25.71,38.73],[-25.62,38.96],[-25.56,39.36],[-25.33,39.73],[-25.04,40.36],[-25.08,41.1],[-25.09,41.97],[-25.14,42.74],[-25.34,43.25],[-25.58,43.83],[-25.77,44.44],[-26.19,44.9],[-26.66,45.41],[-27.32,45.45],[-27.46,45.96],[-27.65,46.55],[-27.87,47.1],[-28.01,47.34],[-28.01,47.34],[-26.57,47.39],[-25.56,47.6],[-24.54,47.79],[-24.01,47.94],[-23.21,48.09],[-22.61,48.12],[-21.8,47.69],[-21.31,47.27],[-20.82,46.76],[-20.4,46.27],[-19.91,45.69],[-19.47,45.16],[-18.89,44.65],[-18.32,44.14],[-17.22,43.86],[-16.12,43.56],[-15.04,43.26],[-14.17,42.92],[-13.31,42.57],[-13.31,42.57],[-13.36,42.46],[-13.49,42.26],[-13.51,42.2],[-13.51,42.2],[-13.48,42.19],[-12.62,41.9],[-11.95,41.65],[-11.75,41.44],[-11.68,41.21],[-11.64,41.04],[-11.69,40.88],[-11.72,40.71],[-11.82,40.57],[-11.86,40.51]]]}},{"type":"Feature","properties":{"ma":45,"type":"gpml:TopologicalClosedPlateBoundary","name":"SAM","pid":201,"deforming":false},"geometry":{"type":"Polygon","coordinates":[[[-3.48,-58.74],[-4.18,-58.7],[-5.23,-58.61],[-6.27,-58.52],[-6.76,-59.25],[-8.49,-58.99],[-9.09,-59.89],[-10.85,-59.49],[-11.18,-60.12],[-12.51,-59.97],[-13.83,-59.81],[-14.59,-60.73],[-15.11,-60.66],[-15.65,-61.42],[-16.52,-62.32],[-18.44,-62.08],[-18.77,-62.54],[-19.69,-62.52],[-19.93,-62.86],[-21.76,-62.66],[-23.56,-62.44],[-24.01,-62.82],[-25.4,-62.69],[-26.77,-62.55],[-27.55,-63.12],[-28.36,-63.69],[-29.13,-63.53],[-30.4,-64.24],[-32.52,-64],[-33.2,-64.45],[-33.9,-64.89],[-34.35,-65.13],[-35.16,-64.96],[-36.44,-65.16],[-37.74,-65.35],[-39.87,-65.54],[-42.02,-65.69],[-43.93,-65.8],[-45.86,-65.89],[-47.8,-65.95],[-49.74,-65.99],[-50.95,-65.75],[-52.14,-65.49],[-52.52,-65.69],[-54.56,-65.2],[-56.53,-64.69],[-56.53,-64.69],[-55.41,-64.38],[-54.1,-63.99],[-52.82,-63.59],[-51.58,-63.18],[-50.64,-62.92],[-49.72,-62.64],[-48.22,-62.06],[-46.79,-61.47],[-46.79,-61.47],[-46.86,-61.4],[-47.15,-61.29],[-47.15,-61.29],[-47.35,-61.25],[-47.4,-61.23],[-47.53,-61.2],[-47.7,-61.16],[-47.87,-61.13],[-47.98,-61.1],[-48.15,-61.06],[-48.19,-60.92],[-48.15,-60.77],[-47.94,-60.63],[-47.63,-60.51],[-47.45,-60.4],[-47.45,-60.4],[-47.53,-60.23],[-48.49,-60.29],[-48.84,-60.37],[-49.22,-60.3],[-49.85,-60.24],[-50.77,-60.38],[-50.77,-60.38],[-51.31,-60.24],[-52.49,-60.03],[-53.64,-59.81],[-54.96,-59.58],[-56.11,-59.37],[-57,-59.27],[-57,-59.27],[-56.69,-59.12],[-56.1,-59.23],[-55.56,-59.34],[-55.01,-59.42],[-54.65,-59.48],[-54.21,-59.54],[-53.5,-59.51],[-52.56,-59.45],[-52.05,-59.52],[-51.39,-59.6],[-50.4,-59.62],[-49.29,-59.38],[-48.16,-59.12],[-48.23,-58.82],[-48.76,-58.66],[-49.07,-58.57],[-49.59,-58.53],[-50.38,-58.46],[-50.61,-58.44],[-50.95,-58.4],[-51.17,-58.37],[-51.34,-58.35],[-51.34,-58.35],[-51.3,-58.35],[-51.13,-58.35],[-50.94,-58.32],[-50.77,-58.3],[-50.68,-58.29],[-50.39,-58.21],[-50.04,-58.29],[-49.61,-58.4],[-49.31,-58.36],[-48.91,-58.32],[-48.49,-58.26],[-48.19,-58.22],[-48.01,-57.89],[-47.42,-57.81],[-47.03,-57.76],[-46.63,-57.71],[-46.53,-57.53],[-46.47,-57.41],[-46.47,-57.41],[-46.21,-57.42],[-46.09,-57.43],[-45.96,-57.43],[-45.66,-57.26],[-45.74,-56.85],[-45.74,-56.85],[-44.75,-56.88],[-44.28,-56.89],[-44.28,-56.89],[-43.65,-57.05],[-42.89,-57.24],[-42.48,-57.37],[-42.39,-57.42],[-42.39,-57.42],[-42.45,-57.55],[-42.52,-57.73],[-41.87,-58.17],[-41.01,-58.42],[-40.13,-58.66],[-39.26,-59.12],[-38.75,-59.17],[-37.91,-59.26],[-37.39,-59.06],[-36.53,-58.59],[-35.67,-57.9],[-34.84,-57.2],[-34.59,-56.85],[-34.62,-56.56],[-34.6,-56.19],[-34.6,-56.14],[-34.6,-56.14],[-35.5,-56.07],[-36.39,-56],[-37.93,-55.88],[-39.48,-55.99],[-41.03,-56.07],[-42.23,-56.13],[-43.44,-56.17],[-44.62,-56.33],[-45.82,-56.48],[-47.54,-56.8],[-49.29,-57.09],[-50.36,-57.11],[-51.43,-57.11],[-52.51,-57.2],[-53.44,-57.34],[-54.59,-57.68],[-55.63,-57.98],[-56.54,-58.1],[-57.46,-58.22],[-59.13,-58.27],[-60.8,-58.3],[-62.47,-58.3],[-64.03,-57.87],[-65.55,-57.43],[-67.04,-56.96],[-68.1,-56.55],[-69.13,-56.12],[-70.13,-55.69],[-70.13,-55.69],[-70.27,-55.45],[-70.47,-55.09],[-70.59,-54.75],[-70.72,-54.46],[-70.76,-54.21],[-70.84,-53.89],[-70.9,-53.53],[-70.83,-53.08],[-70.67,-52.72],[-70.54,-52.5],[-70.41,-52.24],[-70.23,-51.94],[-69.95,-51.47],[-69.68,-51.05],[-69.5,-50.71],[-69.38,-50.37],[-69.44,-49.94],[-69.46,-49.65],[-69.48,-49.42],[-69.47,-49.34],[-69.45,-49.09],[-69.42,-48.78],[-69.37,-48.41],[-69.31,-48.1],[-69.24,-47.78],[-69.16,-47.41],[-69.1,-47.15],[-68.97,-46.49],[-68.88,-46.06],[-68.78,-45.65],[-68.69,-45.27],[-68.55,-44.75],[-68.47,-44.45],[-68.38,-43.99],[-68.33,-43.7],[-68.26,-43.33],[-68.08,-43.05],[-68.08,-43.05],[-67.08,-42.64],[-66.1,-42.22],[-65.12,-41.79],[-64.16,-41.35],[-63.22,-40.91],[-62.56,-40.29],[-61.92,-39.68],[-61.29,-39.06],[-60.67,-38.43],[-60.61,-37.68],[-60.55,-36.92],[-60.5,-36.17],[-60.1,-35.31],[-59.72,-34.44],[-59.34,-33.58],[-58.84,-32.75],[-58.35,-31.93],[-57.86,-31.1],[-57.44,-30.18],[-57.02,-29.26],[-56.61,-28.34],[-56.17,-27.42],[-55.75,-26.5],[-55.32,-25.57],[-55.16,-24.75],[-55,-23.93],[-54.84,-23.11],[-55.03,-22.46],[-55.23,-21.81],[-55.42,-21.16],[-56.01,-20.62],[-56.59,-20.07],[-57.16,-19.52],[-57.74,-18.97],[-58.52,-18.52],[-59.3,-18.07],[-60.07,-17.61],[-60.84,-17.15],[-61.54,-16.64],[-62.23,-16.13],[-62.93,-15.61],[-63.61,-15.09],[-64.39,-14.54],[-65.16,-13.99],[-65.93,-13.43],[-66.7,-12.87],[-67.39,-12.31],[-68.08,-11.74],[-68.77,-11.17],[-69.46,-10.6],[-70.14,-10.03],[-70.83,-9.46],[-71.48,-8.9],[-72.14,-8.33],[-72.79,-7.76],[-73.45,-7.19],[-74.1,-6.63],[-74.74,-6.06],[-74.74,-6.06],[-74.73,-6],[-74.68,-5.62],[-74.64,-5.41],[-74.62,-5.17],[-74.5,-4.78],[-74.4,-4.43],[-74.28,-4.15],[-74.09,-3.7],[-73.95,-3.35],[-73.8,-3.03],[-73.62,-2.62],[-73.4,-2.28],[-73.19,-1.94],[-73.04,-1.74],[-72.79,-1.39],[-72.51,-1.01],[-72.24,-0.69],[-72.01,-0.48],[-71.8,-0.17],[-71.63,0],[-71.59,0.29],[-71.32,0.73],[-71.05,1.17],[-71.32,1.89],[-71.59,2.61],[-71.59,3.25],[-71.59,3.88],[-71.09,4.55],[-70.58,5.22],[-70.07,5.91],[-69.57,6.6],[-69.06,7.28],[-68.64,7.71],[-68.23,8.14],[-68.23,8.14],[-67.54,8.05],[-66.85,7.96],[-66.15,7.88],[-65.16,7.75],[-64.16,7.62],[-63.17,7.48],[-62.16,7.44],[-61.16,7.39],[-60.2,7.34],[-59.25,7.29],[-59.25,7.29],[-59.06,7.97],[-58.87,8.64],[-58.69,9.32],[-58.52,10.25],[-58.35,11.17],[-58.54,12.1],[-58.73,13.02],[-59.08,13.48],[-59.43,13.94],[-59.67,14.46],[-59.91,14.97],[-59.91,14.97],[-59,14.6],[-58.09,14.23],[-57.19,13.85],[-56.42,13.63],[-55.66,13.41],[-54.89,13.19],[-54.13,12.96],[-53.17,12.97],[-52.22,12.98],[-51.27,12.98],[-50.32,12.98],[-49.36,12.98],[-48.41,12.97],[-47.46,12.97],[-46.51,12.95],[-46.51,12.95],[-46.51,12.95],[-46.51,12.95],[-46.43,12.95],[-45.7,12.91],[-44.97,12.87],[-45.07,12.36],[-45.17,11.85],[-45.36,11.84],[-45.37,11.05],[-45.38,10.27],[-44.71,10.24],[-44.05,10.2],[-44.13,9.71],[-43.74,9.67],[-43.79,9.06],[-43.84,8.44],[-42.91,8.41],[-41.97,8.37],[-41.04,8.33],[-41.09,7.38],[-40.86,7.37],[-40.91,6.8],[-40.69,6.79],[-40.74,6.21],[-40.21,6.18],[-40.27,5.5],[-39.31,5.47],[-38.35,5.43],[-38.38,4.92],[-37.7,4.91],[-37.03,4.9],[-37.04,4.6],[-36.27,4.59],[-36.27,4.13],[-35.6,4.12],[-35.6,3.75],[-34.73,3.72],[-33.87,3.68],[-33.87,3.18],[-33.88,2.67],[-33.28,2.69],[-33.28,1.83],[-33.27,0.97],[-32.32,0.98],[-31.36,0.99],[-31.33,0.17],[-31.3,-0.64],[-31.27,-1.46],[-30.55,-1.44],[-30.5,-2.24],[-29.63,-2.21],[-28.76,-2.18],[-27.89,-2.16],[-27.02,-2.13],[-26.89,-2.79],[-26.25,-2.76],[-25.6,-2.73],[-25.45,-3.49],[-25.3,-4.25],[-24.37,-4.2],[-23.45,-4.15],[-22.52,-4.11],[-21.6,-4.06],[-20.67,-4.01],[-19.75,-3.96],[-18.82,-3.9],[-17.89,-3.85],[-16.97,-3.8],[-16.88,-4.19],[-16.66,-4.19],[-16.5,-4.76],[-16.21,-4.73],[-16.1,-5.03],[-15.31,-4.96],[-14.52,-4.89],[-13.73,-4.81],[-13.43,-5.62],[-13.13,-6.43],[-12.83,-7.24],[-12.95,-7.17],[-13.31,-7.2],[-13.05,-8.09],[-12.78,-8.99],[-12.52,-9.88],[-12.25,-10.77],[-13.16,-10.86],[-14.07,-10.95],[-14.98,-11.03],[-14.92,-11.94],[-14.85,-12.84],[-14.79,-13.75],[-14.72,-14.65],[-14.66,-15.56],[-15.67,-15.65],[-16.69,-15.73],[-16.69,-16.31],[-16.68,-16.89],[-17,-16.86],[-17,-17.63],[-17.01,-18.4],[-16.45,-18.37],[-15.9,-18.34],[-15.84,-18.78],[-15.58,-18.76],[-15.54,-19.41],[-15.49,-20.06],[-15.61,-20.08],[-15.29,-20.86],[-14.97,-21.64],[-14.85,-21.62],[-14.67,-22.36],[-14.44,-22.32],[-14.26,-23.01],[-14.08,-23.7],[-13.89,-24.38],[-13.11,-24.36],[-13.1,-25.25],[-13.09,-26.14],[-13.73,-26.2],[-13.7,-26.57],[-14.41,-26.68],[-15.12,-26.78],[-15.1,-27.29],[-15.09,-27.8],[-15.22,-27.81],[-15.3,-28.77],[-15.94,-28.83],[-16.57,-28.89],[-16.42,-29.74],[-16.26,-30.6],[-15.52,-30.52],[-14.77,-30.44],[-14.73,-31.27],[-14.69,-32.1],[-14.42,-32.09],[-14.42,-32.9],[-15.33,-33],[-15.24,-33.84],[-15.14,-34.67],[-14.88,-34.67],[-14.85,-35.67],[-15.52,-35.73],[-16.19,-35.79],[-16.26,-36.54],[-16.81,-36.57],[-16.84,-37.23],[-17.63,-37.28],[-17.67,-37.8],[-17.72,-38.33],[-18.49,-38.39],[-19.27,-38.44],[-19.4,-39.28],[-19.87,-39.31],[-19.79,-40.1],[-19.71,-40.89],[-19.63,-41.68],[-19.55,-42.47],[-20.08,-42.47],[-20.11,-43.32],[-20.13,-44.17],[-20.78,-44.18],[-20.69,-44.89],[-20.6,-45.6],[-20.51,-46.31],[-19.91,-46.29],[-19.88,-47.22],[-19.85,-48.15],[-19.82,-49.08],[-18.96,-49.08],[-18.11,-49.08],[-18.17,-49.84],[-18.23,-50.6],[-18.3,-51.37],[-16.85,-51.29],[-15.41,-51.19],[-13.98,-51.08],[-13.8,-51.76],[-13.61,-52.43],[-13.41,-53.11],[-12.33,-53.05],[-11.26,-52.97],[-11.24,-53.57],[-10.66,-53.55],[-10.57,-54.46],[-10.12,-54.44],[-10.07,-55.29],[-10.01,-56.13],[-9.95,-56.97],[-9.02,-56.92],[-8.1,-56.86],[-7.81,-57.5],[-6.3,-57.35],[-4.82,-57.19],[-4.59,-57.79],[-3.91,-57.76],[-3.57,-58.53],[-3.48,-58.74]]]}},{"type":"Feature","properties":{"ma":45,"type":"gpml:TopologicalClosedPlateBoundary","name":"West Antarctica","pid":804,"deforming":false},"geometry":{"type":"MultiPolygon","coordinates":[[[[180,-71.33],[180,-72.2],[180,-73.07],[180,-73.93],[180,-74.8],[177.51,-74.56],[174.76,-74.32],[174.76,-74.32],[175.89,-73.9],[175.89,-73.9],[175.22,-73.39],[174.34,-72.92],[173.5,-72.45],[171.89,-72.24],[171.89,-72.24],[170.76,-72.2],[169.5,-72.47],[167.9,-71.99],[166.39,-71.49],[166.39,-71.3],[165.44,-71.22],[164.58,-71.1],[163.85,-70.74],[163.49,-70.48],[163.06,-70.15],[161.96,-69.78],[161.22,-69.55],[161.01,-69.2],[160.97,-69.09],[160.95,-69.05],[159.84,-68.73],[159.62,-68.59],[161.06,-69.1],[162.56,-69.59],[164.14,-70.08],[164.41,-69.79],[163.72,-69.63],[164.92,-68.95],[166.05,-68.26],[167.11,-67.56],[168.11,-66.86],[168.11,-66.86],[169.75,-67.6],[171.49,-68.33],[173.34,-69.04],[175.32,-69.73],[177.43,-70.39],[180,-70.47],[180,-71.33]]],[[[-180,-73.93],[-180,-73.07],[-180,-72.2],[-180,-71.33],[-180,-70.47],[-178.8,-70.49],[-178.85,-70.39],[-177.12,-70.27],[-175.42,-70.12],[-175.71,-69.82],[-173.87,-69.56],[-172.07,-69.29],[-171.27,-69.95],[-168.93,-69.63],[-169.21,-69.28],[-166.85,-68.91],[-164.57,-68.51],[-163.68,-68.9],[-162.75,-69.29],[-161.34,-68.94],[-159.97,-68.56],[-158.57,-69.14],[-157.01,-68.77],[-155.51,-68.38],[-154.72,-68.87],[-153.89,-69.36],[-151.84,-68.89],[-149.87,-68.39],[-147.99,-67.87],[-146.19,-67.33],[-147.09,-66.9],[-145.93,-66.49],[-144.81,-66.07],[-143.89,-66.5],[-142.05,-65.86],[-140.3,-65.19],[-138.64,-64.5],[-137.06,-63.8],[-135.56,-63.08],[-133.99,-63.62],[-132.36,-64.14],[-130.68,-64.65],[-129.3,-64.03],[-127.98,-63.39],[-126.73,-62.75],[-125.52,-62.1],[-124.37,-61.43],[-123.26,-60.76],[-121.83,-61.24],[-120.35,-61.71],[-118.83,-62.16],[-117.26,-62.59],[-115.64,-63],[-114.78,-62.42],[-113.95,-61.83],[-112.39,-62.26],[-110.78,-62.69],[-109.13,-63.09],[-107.43,-63.47],[-106.58,-62.67],[-105.77,-61.87],[-105,-61.06],[-105.93,-60.83],[-105.43,-60.32],[-104.94,-59.82],[-104.27,-59.09],[-103.63,-58.35],[-103.01,-57.61],[-102.41,-56.87],[-101.78,-56.96],[-100.72,-56.16],[-100.05,-55.33],[-100.05,-55.33],[-98.8,-55.72],[-97.52,-56.1],[-98.01,-56.76],[-97.05,-57.21],[-95.78,-57.72],[-94.48,-58.21],[-93.14,-58.69],[-91.76,-59.16],[-90.42,-59.46],[-89.06,-59.74],[-89.06,-59.74],[-89.43,-60.05],[-90.21,-60.74],[-91.04,-61.42],[-91.89,-62.1],[-90.97,-62.47],[-90.03,-62.83],[-91.1,-63.47],[-92.23,-64.11],[-93.41,-64.73],[-92.17,-65.13],[-90.89,-65.52],[-92.26,-66.2],[-93.7,-66.85],[-95.21,-67.5],[-96.82,-68.13],[-96.33,-68.88],[-95.89,-69.39],[-95.43,-69.9],[-94.88,-70.41],[-94.88,-70.41],[-96.75,-70.62],[-99.23,-70.87],[-102.25,-70.99],[-102.25,-70.99],[-103.26,-70.73],[-103.26,-70.73],[-103.72,-70.74],[-106.59,-70.64],[-108.13,-70.6],[-110.53,-70.58],[-112.72,-70.8],[-114.95,-71],[-116.16,-71.02],[-118.8,-70.9],[-120.2,-70.84],[-122.5,-70.89],[-124.67,-71.02],[-126.38,-71.2],[-128.21,-71.27],[-130.06,-71.34],[-131.03,-71.27],[-131.77,-71.39],[-134.14,-71.64],[-135.68,-71.76],[-137.41,-71.73],[-139.66,-71.52],[-141.37,-71.82],[-143.13,-72.12],[-144.86,-72.18],[-146.59,-72.24],[-149.04,-72.58],[-151.58,-72.9],[-153.9,-73.24],[-156.32,-73.55],[-157.85,-74.04],[-160.38,-74.35],[-163,-74.64],[-164.98,-74.98],[-167.06,-75.31],[-169.05,-75.48],[-172.81,-75.31],[-176.46,-75.08],[-180,-74.8],[-180,-73.93]]]]}},{"type":"Feature","properties":{"ma":45,"type":"gpml:TopologicalClosedPlateBoundary","name":"Proto Caroline Plate","pid":688,"deforming":false},"geometry":{"type":"Polygon","coordinates":[[[148.52,3.64],[148.79,3.5],[149.27,3.3],[149.75,3.1],[150.19,2.56],[150.64,2.01],[151.08,1.6],[151.52,1.19],[151.52,1.19],[151.42,0.26],[151.33,-0.66],[150.98,-1.48],[150.63,-2.3],[150.28,-3.12],[149.93,-3.95],[149.59,-4.67],[149.24,-5.38],[148.89,-6.1],[148.51,-6.66],[148.12,-7.21],[147.73,-7.76],[147.73,-7.76],[147.08,-7.19],[146.42,-6.61],[145.76,-6.04],[145.11,-5.46],[145.11,-5.46],[145.52,-4.89],[145.94,-4.32],[145.43,-3.93],[145.87,-3.26],[146.3,-2.6],[145.91,-2.3],[146.36,-1.59],[146.81,-0.88],[147.26,-0.17],[146.82,0.21],[147.39,0.98],[147.97,1.76],[147.68,2.08],[148.13,2.78],[148.52,3.64]]]}},{"type":"Feature","properties":{"ma":45,"type":"gpml:TopologicalClosedPlateBoundary","name":"South Celebes Sea","pid":665,"deforming":false},"geometry":{"type":"Polygon","coordinates":[[[116.87,-1.09],[116.82,-0.39],[116.77,0.31],[116.55,1.1],[116.55,1.1],[117.11,1.28],[117.66,1.46],[118.65,1.53],[119.38,1.18],[120.11,0.82],[120.83,0.47],[121.21,0.45],[121.79,0.4],[122.38,0.34],[123.07,0.24],[123.34,0.18],[123.85,-0.08],[124.45,-0.1],[124.74,-0.17],[124.78,-0.17],[124.78,-0.17],[124.95,-1.01],[124.95,-1.01],[124.52,-1.4],[123.68,-1.9],[123.12,-2.16],[122.56,-2.42],[121.73,-2.36],[120.96,-1.96],[120.53,-1.62],[119.89,-1.31],[119.43,-1.1],[118.85,-0.86],[118.47,-0.59],[118.09,-0.81],[117.61,-0.97],[116.9,-1.09],[116.87,-1.09]]]}},{"type":"Feature","properties":{"ma":45,"type":"gpml:TopologicalClosedPlateBoundary","name":"S Phil Basin","pid":608,"deforming":false},"geometry":{"type":"Polygon","coordinates":[[[122.69,8.34],[123.38,8.4],[124.07,8.45],[124.91,8.71],[125.65,8.96],[126.4,9.21],[127.14,9.46],[127.35,8.62],[127.55,7.78],[127.75,6.94],[127.96,6.1],[128.16,5.26],[128.97,5.58],[129.78,5.9],[130.6,6.21],[130.79,5.34],[130.99,4.46],[131.18,3.58],[131.38,2.71],[131.38,2.71],[131.64,2.7],[132.36,2.67],[132.5,1.75],[132.75,1.78],[132.78,1.38],[133.32,1.33],[133.86,1.28],[134.44,1.23],[135.02,1.17],[135.01,0.77],[135.56,0.73],[136.11,0.7],[136.14,0.35],[136.85,0.32],[137.55,0.29],[138.25,0.26],[138.31,-0.24],[138.87,-0.29],[139.42,-0.34],[139.44,-0.74],[140.1,-0.76],[140.08,-1.01],[140.74,-0.98],[141.4,-0.95],[141.41,-1.29],[142.33,-1.31],[143.25,-1.32],[143.26,-1.48],[144.05,-1.45],[144.83,-1.43],[145.62,-1.41],[145.66,-2.29],[145.7,-3.18],[145.88,-3.24],[145.88,-3.24],[145.43,-3.93],[145.94,-4.32],[145.52,-4.89],[145.11,-5.46],[145.11,-5.46],[145.76,-6.04],[146.42,-6.61],[147.08,-7.19],[147.73,-7.76],[147.73,-7.76],[147.44,-8.18],[147.15,-8.6],[146.62,-9.37],[146.1,-10.14],[145.57,-10.91],[145.57,-10.91],[145.59,-11.63],[145.61,-12.34],[145.63,-13.05],[145.51,-13.86],[145.39,-14.66],[145.27,-15.47],[145.15,-16.27],[145.03,-17.07],[145.03,-17.07],[144.32,-16.98],[143.61,-16.89],[142.9,-16.8],[141.97,-16.62],[141.05,-16.44],[140.13,-16.26],[139.6,-15.63],[139.07,-15],[138.68,-14.19],[138.29,-13.37],[137.93,-12.97],[137.57,-12.58],[137.06,-12.23],[136.54,-11.88],[135.98,-11.52],[135.41,-11.16],[134.49,-10.81],[133.57,-10.47],[132.9,-10.19],[132.23,-9.91],[131.56,-9.63],[130.72,-9.21],[129.89,-8.79],[129.06,-8.36],[128.39,-8.01],[127.73,-7.65],[127.06,-7.3],[126.55,-7.05],[126.04,-6.81],[126.04,-6.81],[125.9,-5.96],[125.75,-5.11],[125.61,-4.27],[125.47,-3.42],[125.28,-2.54],[125.1,-1.67],[124.91,-0.8],[124.72,0.08],[124.54,0.95],[124.32,1.84],[124.11,2.73],[123.89,3.62],[123.68,4.5],[123.46,5.39],[123.27,6.12],[123.08,6.85],[122.89,7.58],[122.7,8.31],[122.69,8.34]]]}},{"type":"Feature","properties":{"ma":45,"type":"gpml:TopologicalClosedPlateBoundary","name":"N Phil Basin","pid":609,"deforming":false},"geometry":{"type":"Polygon","coordinates":[[[121.56,29.93],[122.25,29.51],[122.93,29.09],[123.61,28.66],[124.31,28.04],[125,27.43],[125.69,26.81],[126.48,26.43],[127.27,26.05],[128.05,25.66],[128.83,25.27],[129.53,24.78],[130.22,24.29],[130.9,23.8],[131.59,23.31],[132.19,22.78],[132.79,22.25],[133.39,21.72],[133.98,21.18],[134.64,20.49],[135.29,19.8],[135.93,19.1],[136.58,18.33],[137.23,17.56],[137.66,17.17],[138.09,16.77],[138.63,16.2],[139.16,15.64],[139.6,15.08],[140.04,14.52],[140.46,13.9],[140.88,13.28],[141.17,12.81],[141.47,12.34],[141.72,11.89],[141.97,11.44],[142.36,10.84],[142.74,10.23],[143.13,9.73],[143.53,9.23],[143.89,8.79],[144.25,8.35],[144.74,7.99],[145.22,7.63],[145.69,7.22],[146.15,6.81],[146.42,6.38],[146.7,5.95],[146.96,5.4],[147.22,4.84],[147.65,4.36],[148.07,3.88],[148.52,3.64],[148.52,3.64],[148.13,2.78],[147.68,2.08],[147.97,1.76],[147.39,0.98],[146.82,0.21],[147.26,-0.17],[146.81,-0.88],[146.36,-1.59],[145.91,-2.3],[146.3,-2.6],[145.88,-3.24],[145.88,-3.24],[145.7,-3.18],[145.66,-2.29],[145.62,-1.41],[144.83,-1.43],[144.05,-1.45],[143.26,-1.48],[143.25,-1.32],[142.33,-1.31],[141.41,-1.29],[141.4,-0.95],[140.74,-0.98],[140.08,-1.01],[140.1,-0.76],[139.44,-0.74],[139.42,-0.34],[138.87,-0.29],[138.31,-0.24],[138.25,0.26],[137.55,0.29],[136.85,0.32],[136.14,0.35],[136.11,0.7],[135.56,0.73],[135.01,0.77],[135.02,1.17],[134.44,1.23],[133.86,1.28],[133.32,1.33],[132.78,1.38],[132.75,1.78],[132.5,1.75],[132.36,2.67],[131.64,2.7],[131.38,2.71],[131.38,2.71],[131.18,3.58],[130.99,4.46],[130.79,5.34],[130.6,6.21],[129.78,5.9],[128.97,5.58],[128.16,5.26],[127.96,6.1],[127.75,6.94],[127.55,7.78],[127.35,8.62],[127.14,9.46],[126.4,9.21],[125.65,8.96],[124.91,8.71],[124.07,8.45],[123.38,8.4],[122.69,8.34],[122.69,8.34],[122.68,8.36],[122.68,8.36],[122.91,8.52],[123.55,9.14],[124.19,9.75],[124.19,9.75],[124.18,10.69],[124.17,11.63],[124.16,12.58],[123.9,13.47],[123.65,14.36],[123.39,15.26],[123.13,16.15],[122.87,17.04],[122.61,17.94],[122.34,18.83],[122.04,19.66],[121.74,20.48],[121.43,21.31],[121.12,22.14],[120.81,22.96],[120.49,23.79],[120.17,24.63],[119.84,25.46],[119.51,26.29],[119.34,27.11],[119.17,27.94],[119.17,27.94],[119.78,28.26],[120.39,28.59],[120.82,28.99],[121.25,29.39],[121.56,29.93]]]}},{"type":"Feature","properties":{"ma":45,"type":"gpml:TopologicalClosedPlateBoundary","name":"Indochina","pid":604,"deforming":false},"geometry":{"type":"Polygon","coordinates":[[[92.2,29.98],[92.62,29.6],[93.16,28.99],[93.7,28.38],[94.24,27.77],[94.89,27.19],[95.53,26.61],[96.39,26.11],[97.25,25.61],[97.88,25.23],[98.5,24.84],[99.12,24.45],[99.76,23.91],[100.41,23.37],[101.05,22.83],[101.68,22.28],[102.07,21.97],[102.07,21.97],[102.33,21.25],[102.59,20.52],[102.85,19.79],[102.98,19.2],[103.11,18.61],[103.23,18.02],[103.38,17.33],[103.5,16.75],[103.64,16.1],[103.76,15.5],[104.12,14.87],[104.6,14.02],[105.08,13.17],[105.55,12.32],[105.87,11.89],[106.18,11.46],[106.56,11.01],[106.94,10.56],[107.54,9.87],[108.14,9.17],[108.57,8.33],[109,7.48],[109,7.48],[109.5,6.9],[110,6.33],[110.12,5.62],[110.38,5],[110.63,4.38],[111.07,3.77],[111.5,3.16],[112.28,2.87],[113.06,2.59],[113.84,2.3],[114.59,2.44],[115.34,2.58],[116.1,2.72],[116.1,2.72],[116.32,1.92],[116.54,1.11],[116.77,0.31],[116.82,-0.44],[116.88,-1.2],[116.94,-1.95],[116.94,-1.95],[116.21,-2.39],[115.48,-2.83],[114.75,-3.27],[114.02,-3.71],[113.47,-4.17],[112.91,-4.64],[112.35,-5.1],[111.61,-5.64],[110.87,-5.91],[110.87,-5.91],[109.93,-5.6],[109.18,-5.15],[108.44,-4.71],[107.69,-4.26],[107.3,-3.84],[106.9,-3.41],[106.9,-3.41],[106.69,-2.64],[106.47,-1.87],[106.26,-1.1],[105.92,-0.24],[105.77,0.32],[105.61,0.87],[105.33,1.4],[105.05,1.94],[104.47,2.35],[103.89,2.75],[102.97,3.15],[102.06,3.55],[101.24,4.02],[100.41,4.48],[99.58,4.94],[98.75,5.4],[97.92,5.86],[97.33,6.33],[96.73,6.8],[96.27,7.16],[95.81,7.52],[95.52,8.3],[95.23,9.07],[94.94,9.85],[94.85,10.79],[94.75,11.73],[94.66,12.67],[94.57,13.61],[94.67,14.48],[94.77,15.34],[94.87,16.21],[94.87,16.21],[94.57,16.43],[94.11,17.11],[93.64,17.8],[93.17,18.48],[92.95,19.3],[92.73,20.12],[92.51,20.94],[92.39,21.88],[92.26,22.83],[92.36,23.55],[92.47,24.27],[92.5,24.83],[92.53,25.39],[92.39,26.21],[92.24,27.02],[92.13,27.86],[92.02,28.69],[91.9,29.53],[91.78,30.37],[92.2,29.98]]]}},{"type":"Feature","properties":{"ma":45,"type":"gpml:TopologicalClosedPlateBoundary","name":"Sibumasu","pid":603,"deforming":false},"geometry":{"type":"Polygon","coordinates":[[[87.09,8.81],[86.83,9.73],[86.58,10.65],[86.32,11.58],[86.06,12.5],[85.66,13.21],[85.25,13.93],[85.17,14.77],[85.08,15.6],[85,16.44],[85.15,17.22],[85.3,17.99],[85.45,18.77],[85.61,19.54],[85.79,20.23],[85.97,20.92],[86.15,21.61],[86.37,22.41],[86.59,23.21],[86.69,24.05],[86.79,24.88],[86.89,25.72],[86.99,26.55],[87.1,27.38],[86.74,28.19],[86.37,28.99],[85.99,29.79],[85.73,30.29],[85.46,30.78],[85.46,30.78],[86.22,30.96],[87,31.13],[87.77,31.3],[88.44,31.45],[89.12,31.6],[89.91,31.48],[90.69,31.35],[91.24,30.86],[91.78,30.37],[91.78,30.37],[91.9,29.53],[92.02,28.69],[92.13,27.86],[92.24,27.02],[92.39,26.21],[92.53,25.39],[92.5,24.83],[92.47,24.27],[92.36,23.55],[92.26,22.83],[92.39,21.88],[92.51,20.94],[92.73,20.12],[92.95,19.3],[93.17,18.48],[93.64,17.8],[94.11,17.11],[94.57,16.43],[94.87,16.21],[94.87,16.21],[94.77,15.34],[94.67,14.48],[94.57,13.61],[94.66,12.67],[94.75,11.73],[94.85,10.79],[94.94,9.85],[95.23,9.07],[95.52,8.3],[95.81,7.52],[96.27,7.16],[96.73,6.8],[97.33,6.33],[97.92,5.86],[98.75,5.4],[99.58,4.94],[100.41,4.48],[101.24,4.02],[102.06,3.55],[102.97,3.15],[103.89,2.75],[104.47,2.35],[105.05,1.94],[105.33,1.4],[105.61,0.87],[105.77,0.32],[105.92,-0.24],[106.26,-1.1],[106.47,-1.87],[106.69,-2.64],[106.9,-3.41],[106.9,-3.41],[106.67,-3.16],[106.15,-2.79],[105.63,-2.41],[105.23,-1.88],[104.83,-1.35],[104.34,-0.89],[103.85,-0.42],[103.36,0.05],[102.85,0.39],[102.34,0.72],[101.56,1.15],[100.78,1.58],[99.99,2.01],[99.17,2.4],[98.35,2.78],[97.53,3.16],[96.71,3.55],[95.93,4],[95.14,4.45],[94.35,4.9],[93.57,5.35],[92.8,5.65],[92.04,5.96],[91.27,6.26],[90.44,6.68],[89.61,7.1],[88.78,7.52],[88.22,7.95],[87.65,8.38],[87.09,8.81]]]}},{"type":"Feature","properties":{"ma":45,"type":"gpml:TopologicalClosedPlateBoundary","name":"North Celebes Sea","pid":645,"deforming":false},"geometry":{"type":"Polygon","coordinates":[[[122.68,8.36],[122.7,8.31],[122.89,7.58],[123.08,6.85],[123.27,6.12],[123.46,5.39],[123.68,4.5],[123.89,3.62],[124.11,2.73],[124.32,1.84],[124.54,0.95],[124.66,0.39],[124.78,-0.17],[124.78,-0.17],[124.74,-0.17],[124.45,-0.1],[123.85,-0.08],[123.34,0.18],[123.07,0.24],[122.38,0.34],[121.79,0.4],[121.21,0.45],[120.83,0.47],[120.11,0.82],[119.38,1.18],[118.65,1.53],[117.66,1.46],[117.11,1.28],[116.55,1.1],[116.55,1.1],[116.29,2.03],[116.03,2.96],[115.77,3.89],[115.77,3.89],[116.42,4.33],[117.06,4.76],[117.71,5.2],[118.41,5.61],[119.12,6.02],[119.83,6.43],[120.53,6.84],[121.25,7.35],[121.96,7.86],[122.68,8.36]]]}},{"type":"Feature","properties":{"ma":45,"type":"gpml:TopologicalClosedPlateBoundary","name":"Proto South China Sea","pid":735,"deforming":false},"geometry":{"type":"Polygon","coordinates":[[[108.57,8.33],[108.14,9.17],[107.54,9.87],[106.94,10.56],[106.56,11.01],[106.18,11.46],[105.87,11.89],[105.55,12.32],[105.08,13.17],[104.6,14.02],[104.12,14.87],[103.91,15.24],[103.91,15.24],[104.83,14.98],[105.74,14.71],[106.63,14.43],[107.52,14.15],[108.41,13.87],[109.29,13.58],[110.18,13.29],[111.06,12.99],[111.93,12.7],[112.81,12.4],[113.68,12.09],[114.06,12.33],[115.04,12.04],[116.02,11.75],[116.99,11.46],[117.96,11.16],[118.23,11.94],[118.5,12.73],[118.77,13.51],[118.77,13.51],[119.01,13.6],[119.15,14.27],[119.3,14.94],[120.13,15.25],[120.95,15.55],[121.79,15.85],[122.44,16.08],[123.09,16.3],[123.09,16.3],[123.36,15.37],[123.63,14.44],[123.89,13.51],[124.16,12.58],[124.17,11.63],[124.18,10.69],[124.19,9.75],[124.19,9.75],[123.55,9.14],[122.91,8.52],[122.11,7.96],[121.32,7.41],[120.53,6.84],[119.83,6.43],[119.12,6.02],[118.41,5.61],[117.71,5.2],[117.06,4.76],[116.42,4.33],[115.77,3.89],[115.77,3.89],[115.93,3.31],[116.1,2.72],[116.1,2.72],[115.34,2.58],[114.59,2.44],[113.84,2.3],[113.06,2.59],[112.28,2.87],[111.5,3.16],[111.07,3.77],[110.63,4.38],[110.38,5],[110.12,5.62],[110,6.33],[109.5,6.9],[109,7.48],[108.57,8.33]]]}},{"type":"Feature","properties":{"ma":45,"type":"gpml:TopologicalClosedPlateBoundary","name":"Iberia","pid":304,"deforming":false},"geometry":{"type":"Polygon","coordinates":[[[-3.88,32.63],[-4.82,32.41],[-5.75,32.24],[-6.68,32.05],[-7.61,31.87],[-8.74,31.76],[-9.86,31.65],[-10.98,31.53],[-12.09,31.4],[-13.21,31.26],[-14.32,31.11],[-14.45,31.14],[-14.45,31.14],[-14.63,31.09],[-15.67,31.29],[-16.71,31.49],[-17.75,31.68],[-18.8,31.86],[-19.86,32.03],[-20.91,32.19],[-21.98,32.34],[-23.04,32.49],[-24.11,32.62],[-25.04,32.82],[-25.98,33.02],[-26.93,33.21],[-27.87,33.39],[-28.82,33.56],[-28.82,33.56],[-28.47,34.39],[-28.1,34.38],[-27.82,35.09],[-27.54,35.79],[-27.25,36.49],[-27.06,37.06],[-26.87,37.62],[-26.66,38.22],[-26.44,38.81],[-26.15,39.09],[-26.12,39.13],[-26.12,39.13],[-25.78,38.76],[-25.06,38.44],[-24.52,38.33],[-24.04,38.23],[-23.96,38.22],[-23.96,38.22],[-23.7,38.78],[-23.13,39.26],[-22.63,40.07],[-22.14,40.72],[-22.14,40.72],[-20.85,40.75],[-19.84,40.87],[-18.83,40.99],[-18.12,40.97],[-17.3,41.01],[-16.44,40.88],[-15.54,40.92],[-14.68,40.97],[-14.68,40.97],[-13.5,40.78],[-12.32,40.59],[-11.86,40.51],[-11.86,40.51],[-11.88,40.48],[-11.88,40.48],[-11.92,40.47],[-11.92,40.47],[-11.77,40.39],[-11.61,40.21],[-11.33,39.88],[-10.98,39.16],[-10.98,39.16],[-10.71,39.21],[-10.48,39.24],[-10.08,39.3],[-9.73,39.35],[-8.89,39.44],[-8.08,39.56],[-7.61,39.52],[-7.61,39.52],[-7.44,38.99],[-7.44,38.99],[-6.37,38.62],[-5.46,38.57],[-4.54,38.51],[-3.65,38.46],[-2.77,38.4],[-2.77,38.4],[-2.78,38.44],[-2.78,38.44],[-1.63,38.57],[-0.98,38.76],[-0.32,38.94],[0.23,39.34],[0.78,39.74],[0.78,39.74],[1.11,39.7],[1.67,39.59],[2.18,39.49],[2.56,39.4],[2.93,39.3],[2.93,39.3],[2.63,38.88],[2.2,38.44],[1.78,38.01],[1.06,37.28],[0.36,36.55],[-0.33,35.82],[-1,35.23],[-1.66,34.63],[-2.31,34.03],[-2.96,33.43],[-3.59,32.82],[-3.88,32.63]]]}},{"type":"Feature","properties":{"ma":45,"type":"gpml:TopologicalClosedPlateBoundary","name":"Caribbean","pid":224,"deforming":false},"geometry":{"type":"Polygon","coordinates":[[[-79.25,17.05],[-78.94,17.07],[-78.13,17.13],[-77.32,17.18],[-76.51,17.23],[-75.63,17.28],[-74.74,17.32],[-73.86,17.35],[-72.95,17.38],[-72.03,17.41],[-71.12,17.43],[-70.27,17.4],[-69.41,17.37],[-68.56,17.34],[-67.71,17.3],[-66.77,17.25],[-65.84,17.2],[-64.91,17.14],[-63.88,17.03],[-62.85,16.91],[-61.82,16.79],[-61.31,16.73],[-61.31,16.73],[-60.79,16.24],[-60.28,15.75],[-59.85,14.84],[-59.43,13.94],[-59.08,13.48],[-58.73,13.02],[-58.54,12.1],[-58.35,11.17],[-58.52,10.25],[-58.69,9.32],[-58.87,8.64],[-59.06,7.97],[-59.25,7.29],[-59.25,7.29],[-60.2,7.34],[-61.16,7.39],[-62.16,7.44],[-63.17,7.48],[-64.16,7.62],[-65.16,7.75],[-66.15,7.88],[-66.85,7.96],[-67.54,8.05],[-68.23,8.14],[-68.23,8.14],[-68.64,7.71],[-69.06,7.28],[-69.57,6.6],[-70.07,5.91],[-70.58,5.22],[-71.09,4.55],[-71.59,3.88],[-71.59,3.25],[-71.59,2.61],[-71.32,1.89],[-71.05,1.17],[-71.32,0.73],[-71.59,0.29],[-71.63,0],[-71.8,-0.17],[-72.01,-0.48],[-72.2,-0.65],[-72.2,-0.65],[-72.95,-0.56],[-73.7,-0.47],[-74.45,-0.38],[-74.91,-0.14],[-75.37,0.09],[-75.81,0.54],[-76.33,1.18],[-76.85,1.82],[-77.75,2.21],[-78.66,2.22],[-79.3,2.25],[-79.42,2.25],[-79.42,2.25],[-79.59,2.21],[-80.32,2.18],[-81.04,2.15],[-81.76,2.12],[-82.6,2.34],[-83.43,2.55],[-84.3,2.91],[-85.17,3.26],[-86.05,3.61],[-86.92,3.97],[-87.54,4.3],[-88.15,4.64],[-88.76,4.98],[-88.76,4.98],[-89.05,5.72],[-89.34,6.47],[-89.34,6.47],[-88.64,6.78],[-87.95,7.08],[-87.25,7.39],[-86.55,7.69],[-85.93,8.31],[-85.3,8.92],[-84.67,9.53],[-84.04,10.15],[-83.48,10.97],[-82.92,11.8],[-82.36,12.62],[-81.59,12.9],[-80.81,13.18],[-80.03,13.46],[-79.53,14.12],[-79.01,14.77],[-78.5,15.43],[-78.46,16.16],[-78.46,16.16],[-78.68,16.17],[-79.14,16.14],[-79.14,16.14],[-79.14,16.15],[-79.25,17.05]]]}},{"type":"Feature","properties":{"ma":45,"type":"gpml:TopologicalClosedPlateBoundary","name":"Aluk","pid":904,"deforming":false},"geometry":{"type":"Polygon","coordinates":[[[-70.75,-54.25],[-70.72,-54.46],[-70.59,-54.75],[-70.47,-55.09],[-70.27,-55.45],[-70.04,-55.84],[-69.94,-56.15],[-69.93,-56.32],[-69.87,-56.65],[-69.81,-57.02],[-69.73,-57.39],[-69.59,-57.75],[-69.56,-57.82],[-69.22,-58.19],[-68.85,-58.42],[-68.19,-58.8],[-67.68,-59.05],[-67.49,-59.15],[-67.18,-59.3],[-66.84,-59.43],[-66.51,-59.58],[-66.14,-59.74],[-65.76,-59.89],[-65.5,-60],[-65.18,-60.12],[-64.99,-60.2],[-64.79,-60.3],[-64.31,-60.47],[-63.8,-60.59],[-63.12,-60.75],[-62.64,-60.85],[-62.19,-60.96],[-62.14,-60.97],[-62.14,-60.97],[-63.02,-61.21],[-64.41,-61.59],[-65.84,-61.95],[-66.01,-62.02],[-66.01,-62.02],[-66.68,-62.23],[-67.98,-62.72],[-69.41,-63.05],[-70.63,-63.41],[-71.74,-63.73],[-73.07,-63.98],[-74.41,-64.21],[-75.9,-64.63],[-77.33,-65.4],[-78.83,-66.12],[-80.07,-66.71],[-81.92,-67.38],[-83.15,-67.81],[-84.44,-68.23],[-85.76,-68.79],[-87.15,-69.35],[-88.5,-69.79],[-90.32,-69.89],[-92.62,-70.06],[-93.9,-70.3],[-94.88,-70.41],[-94.88,-70.41],[-95.43,-69.9],[-95.89,-69.39],[-96.33,-68.88],[-96.82,-68.13],[-96.82,-68.13],[-95.21,-67.5],[-93.7,-66.85],[-92.26,-66.2],[-90.89,-65.52],[-92.17,-65.13],[-93.41,-64.73],[-92.23,-64.11],[-91.1,-63.47],[-90.03,-62.83],[-90.97,-62.47],[-91.89,-62.1],[-91.04,-61.42],[-90.21,-60.74],[-89.43,-60.05],[-89.06,-59.74],[-89.06,-59.74],[-89.97,-59.55],[-89.97,-59.55],[-88.16,-59.23],[-86.39,-58.89],[-84.65,-58.52],[-82.95,-58.12],[-81.29,-57.71],[-79.67,-57.27],[-78.09,-56.81],[-76.55,-56.34],[-75.04,-55.84],[-73.57,-55.33],[-72.14,-54.8],[-70.75,-54.25]]]}},{"type":"Feature","properties":{"ma":45,"type":"gpml:TopologicalClosedPlateBoundary","name":"Chortis","pid":2035,"deforming":false},"geometry":{"type":"Polygon","coordinates":[[[-92.45,14.6],[-91.47,14.61],[-90.49,14.62],[-89.51,14.62],[-88.53,14.62],[-87.55,14.62],[-86.73,14.66],[-85.92,14.71],[-85.11,14.89],[-84.3,15.07],[-83.37,15.37],[-82.44,15.67],[-81.55,15.86],[-80.65,16.04],[-79.67,16.11],[-78.68,16.17],[-78.46,16.16],[-78.46,16.16],[-78.5,15.43],[-79.01,14.77],[-79.53,14.12],[-80.03,13.46],[-80.81,13.18],[-81.59,12.9],[-82.36,12.62],[-82.92,11.8],[-83.48,10.97],[-84.04,10.15],[-84.67,9.53],[-85.3,8.92],[-85.93,8.31],[-86.55,7.69],[-87.25,7.39],[-87.95,7.08],[-88.64,6.78],[-89.34,6.47],[-89.34,6.47],[-89.56,7.06],[-89.79,7.65],[-90.06,8.41],[-90.32,9.16],[-90.59,9.91],[-90.77,10.82],[-90.96,11.73],[-91.36,12.47],[-91.75,13.22],[-92.15,13.96],[-92.45,14.6]]]}},{"type":"Feature","properties":{"ma":45,"type":"gpml:TopologicalClosedPlateBoundary","name":"South Rennell Trough","pid":861,"deforming":false},"geometry":{"type":"Polygon","coordinates":[[[163.89,-26.5],[164.19,-27.13],[164.44,-27.81],[164.69,-28.48],[164.79,-28.66],[164.79,-28.66],[164.37,-28.92],[163.74,-29.22],[163.17,-29.62],[162.24,-30.01],[161.64,-30.27],[161.03,-30.52],[160.09,-31.06],[159.25,-31.42],[158.69,-31.69],[158.13,-31.96],[157.56,-32.42],[157.24,-32.92],[156.91,-33.42],[156.91,-33.42],[157.2,-34.12],[157.44,-34.51],[157.57,-34.67],[157.57,-34.67],[156.59,-35.23],[155.59,-35.78],[154.59,-36.32],[153.57,-36.85],[152.53,-37.37],[152.53,-37.37],[152.47,-36.69],[152.4,-36],[152.34,-35.31],[152.4,-34.37],[152.46,-33.43],[152.52,-32.48],[152.58,-31.54],[153.28,-31.64],[153.4,-30.83],[153.52,-30.02],[153.88,-29.99],[154.03,-29.24],[154.16,-28.66],[154.28,-28.09],[154.99,-28.19],[155.31,-27.25],[155.54,-26.28],[155.54,-26.28],[156.47,-26.32],[157.4,-26.36],[158.33,-26.38],[159.26,-26.4],[160.19,-26.42],[160.85,-26.44],[161.51,-26.47],[162.55,-26.5],[163.22,-26.5],[163.89,-26.5]]]}},{"type":"Feature","properties":{"ma":45,"type":"gpml:TopologicalClosedPlateBoundary","name":"Melanesian Basin","pid":922,"deforming":false},"geometry":{"type":"Polygon","coordinates":[[[143.74,-18.52],[143.99,-17.75],[144.24,-16.98],[144.24,-16.98],[145.03,-17.07],[145.03,-17.07],[145.15,-16.27],[145.27,-15.47],[145.39,-14.66],[145.51,-13.86],[145.63,-13.05],[145.62,-12.87],[145.62,-12.87],[146.25,-13.15],[146.85,-13.6],[147.46,-14.05],[148.06,-14.5],[148.64,-14.93],[149.21,-15.36],[149.79,-15.79],[150.21,-16.3],[150.62,-16.82],[151.02,-17.24],[151.42,-17.66],[151.98,-17.87],[152.54,-18.07],[153.31,-18.13],[154.08,-18.19],[154.81,-18.55],[155.54,-18.9],[156.14,-19.05],[156.75,-19.21],[157.27,-19.64],[157.83,-19.75],[158.4,-19.86],[159.06,-20.15],[159.62,-20.76],[160.18,-21.37],[160.62,-21.75],[161.07,-22.14],[161.28,-22.61],[161.49,-23.08],[161.97,-23.66],[162.45,-24.23],[162.88,-24.76],[163.31,-25.28],[163.6,-25.89],[163.89,-26.5],[163.89,-26.5],[163.22,-26.5],[162.55,-26.5],[161.51,-26.47],[160.85,-26.44],[160.19,-26.42],[159.25,-26.4],[158.31,-26.38],[157.36,-26.36],[156.42,-26.32],[156.42,-26.32],[155.91,-26.02],[155.23,-25.57],[154.55,-25.12],[153.87,-24.67],[153.2,-24.22],[152.5,-23.76],[151.81,-23.3],[151.12,-22.83],[150.53,-23.25],[149.94,-23.66],[149.34,-24.08],[149.01,-23.79],[148.5,-23.4],[147.78,-22.83],[147.07,-22.26],[146.36,-21.69],[145.71,-21.15],[145.07,-20.61],[144.43,-20.07],[143.95,-19.68],[143.48,-19.29],[143.74,-18.52]]]}},{"type":"Feature","properties":{"ma":45,"type":"gpml:TopologicalClosedPlateBoundary","name":"India","pid":501,"deforming":false},"geometry":{"type":"Polygon","coordinates":[[[46.46,-1.82],[46.87,-1.08],[47.28,-0.35],[47.69,0.38],[48.11,1.11],[48.52,1.84],[48.93,2.58],[49.32,3.38],[49.72,4.17],[50.11,4.97],[50.51,5.77],[50.9,6.57],[51.3,7.37],[51.66,8.18],[52.03,9],[52.4,9.81],[52.76,10.62],[53.13,11.44],[53.51,12.25],[53.66,12.57],[53.66,12.57],[54.58,12.94],[55.28,13.33],[55.98,13.72],[56.62,14.02],[57.26,14.32],[57.88,14.68],[58.5,15.03],[59.19,15.51],[59.45,15.95],[59.71,16.39],[60.26,16.8],[60.77,17.23],[61.28,17.66],[61.95,18.21],[62.32,17.61],[62.69,17.01],[63.19,16.39],[63.79,15.99],[64.15,15.21],[64.08,14.66],[64.67,14.05],[65.01,13.56],[65.52,13.28],[65.84,12.89],[66.08,12.5],[66.47,12.22],[66.66,11.89],[67.14,11.55],[67.51,11.44],[67.77,11.28],[68.18,11.02],[68.39,10.6],[69.09,10.24],[69.7,9.85],[70.3,9.47],[70.72,9.26],[71.13,9.05],[71.98,8.79],[72.53,8.64],[72.68,8.25],[72.98,8.15],[73.38,8.45],[73.84,8.27],[74.35,8.18],[75.22,8.22],[75.64,7.99],[76.15,8.02],[76.99,7.99],[77.46,7.97],[77.93,7.94],[78.77,7.92],[79.07,7.88],[79.66,8.22],[80.27,8.58],[80.86,8.8],[81.53,8.69],[82.03,8.63],[82.52,8.56],[83.41,8.68],[84.29,8.57],[85.18,8.46],[85.93,8.68],[86.68,8.89],[87.06,8.91],[87.06,8.91],[87.09,8.81],[87.09,8.81],[87.65,8.38],[88.22,7.95],[88.78,7.52],[89.61,7.1],[90.44,6.68],[91.27,6.26],[92.04,5.96],[92.8,5.65],[93.57,5.35],[94.35,4.9],[95.14,4.45],[95.93,4],[96.71,3.55],[97.53,3.16],[98.35,2.78],[99.17,2.4],[99.99,2.01],[100.84,1.55],[101.68,1.08],[101.68,1.08],[100.88,0.82],[100.08,0.56],[99.28,0.3],[98.48,0.04],[97.68,-0.22],[96.88,-0.17],[96.08,-0.12],[95.86,-0.82],[95.65,-1.52],[95.44,-2.21],[94.91,-2.13],[94.38,-2.04],[94.16,-3],[93.94,-3.97],[93.73,-4.93],[93.51,-5.9],[93.29,-6.86],[93.1,-7.78],[92.9,-8.69],[92.71,-9.61],[92.51,-10.52],[92.51,-10.52],[91.84,-10.4],[91.17,-10.27],[90.49,-10.15],[90.22,-11.08],[89.94,-12.02],[89.66,-12.95],[89.38,-13.89],[89.1,-14.82],[88.82,-15.76],[88.53,-16.69],[88.34,-17.4],[88.15,-18.11],[87.2,-17.93],[86.25,-17.76],[85.31,-17.57],[84.37,-17.38],[83.42,-17.19],[83.15,-18.08],[82.87,-18.96],[82.59,-19.84],[82.3,-20.73],[82.01,-21.61],[81.72,-22.49],[81.42,-23.37],[80.38,-23.21],[79.34,-23.05],[78.3,-22.88],[77.26,-22.7],[77.02,-23.47],[76.78,-24.24],[76.54,-25.01],[76.29,-25.78],[75.43,-25.52],[74.57,-25.25],[74.3,-26.12],[74.02,-26.98],[73.74,-27.85],[73.46,-28.71],[73.17,-29.58],[72.87,-30.44],[72.57,-31.31],[71.97,-31.27],[71.37,-31.24],[71.07,-32.07],[70.76,-32.9],[70.45,-33.74],[70.13,-34.57],[69.81,-35.4],[69.47,-36.23],[69.14,-37.06],[68.33,-36.93],[67.53,-36.79],[67.15,-37.7],[66.75,-38.6],[66.35,-39.51],[65.94,-40.41],[65.51,-41.31],[65.08,-42.2],[64.63,-43.1],[64.16,-43.99],[63.92,-44.4],[63.92,-44.4],[62.96,-44.21],[62.03,-43.95],[61.12,-43.67],[60.21,-43.39],[60.38,-43.08],[59.43,-42.64],[59.9,-41.75],[60.36,-40.86],[60.8,-39.97],[59.84,-39.6],[58.88,-39.22],[57.93,-38.83],[58.29,-37.99],[58.64,-37.14],[57.73,-36.82],[56.83,-36.48],[55.93,-36.14],[55.04,-35.8],[55.35,-35.02],[55.65,-34.24],[54.94,-33.94],[54.23,-33.64],[54.19,-33.62],[54.19,-33.62],[54.22,-33.36],[53.43,-32.63],[52.63,-32.22],[51.84,-31.81],[51.06,-31.39],[50.29,-30.97],[50.66,-30.45],[51.02,-29.94],[50.39,-29.49],[49.76,-29.03],[50.27,-28.31],[50.77,-27.59],[51.27,-26.87],[51.76,-26.14],[52.24,-25.42],[52.72,-24.69],[52.72,-24.69],[52.28,-24.38],[51.78,-24.03],[51.28,-23.68],[51.84,-22.87],[52.4,-22.06],[52.96,-21.25],[53.5,-20.43],[54.05,-19.62],[54.58,-18.8],[53.82,-18.23],[54.34,-17.38],[54.85,-16.53],[55.35,-15.68],[54.57,-15.3],[53.79,-14.92],[54.14,-14.21],[54.49,-13.49],[54.84,-12.78],[54.11,-12.41],[53.38,-12.03],[53.75,-11.28],[54.06,-10.53],[54.37,-9.77],[54.68,-9.01],[54.02,-8.67],[53.35,-8.33],[52.46,-7.88],[51.56,-7.43],[50.67,-6.97],[51.04,-6.36],[50.46,-5.92],[49.88,-5.48],[49.3,-5.04],[49.41,-4.89],[48.59,-4.41],[48.07,-4.13],[47.55,-3.85],[47.86,-3.26],[47.57,-2.99],[47.83,-2.44],[47.14,-2.13],[46.46,-1.82]]]}},{"type":"Feature","properties":{"ma":45,"type":"gpml:TopologicalClosedPlateBoundary","name":"Vancouver","pid":903,"deforming":false},"geometry":{"type":"Polygon","coordinates":[[[-129.77,48.15],[-129.77,48.15],[-129.14,49.03],[-128.49,49.91],[-127.81,50.79],[-127.11,51.66],[-126.38,52.53],[-125.62,53.39],[-124.83,54.25],[-124.01,55.1],[-123.15,55.95],[-121.59,55.52],[-120.06,55.08],[-119.54,55.61],[-119.01,56.15],[-119.01,56.15],[-118.62,55.83],[-117.98,55.1],[-116.93,54.62],[-115.9,54.12],[-115.87,53.74],[-115.87,53.74],[-115.63,53.66],[-115.19,53.2],[-114.69,52.75],[-114.62,52.39],[-114.29,52.05],[-113.64,51.72],[-113.01,51.03],[-112.74,50.44],[-112.47,49.85],[-112.27,49.25],[-112.06,48.46],[-112,47.96],[-111.95,47.45],[-112.01,46.93],[-111.97,46.53],[-111.85,45.97],[-111.84,45.24],[-111.81,44.92],[-111.74,44.74],[-111.74,44.74],[-111.63,43.95],[-111.26,43.3],[-110.89,42.64],[-110.54,41.99],[-110.3,41.47],[-110.07,40.95],[-109.57,40.16],[-109.08,39.36],[-108.52,38.54],[-107.98,37.7],[-107.52,37],[-107.07,36.3],[-106.7,35.7],[-106.34,35.09],[-105.89,34.31],[-105.45,33.52],[-105.02,32.73],[-104.49,31.91],[-103.97,31.08],[-103.37,30.41],[-102.78,29.74],[-102.78,29.74],[-103.08,29.7],[-103.89,29.57],[-104.69,29.43],[-105.5,29.29],[-106.37,29.21],[-107.24,29.13],[-108.11,29.04],[-108.98,28.97],[-109.85,28.9],[-110.71,28.82],[-111.77,28.74],[-112.82,28.66],[-113.32,28.64],[-113.32,28.64],[-113.42,29.29],[-113.52,29.93],[-114.36,29.89],[-115.2,29.84],[-116.05,29.79],[-116.09,30.43],[-116.13,31.08],[-116.13,31.08],[-116.82,31.05],[-117.93,31.02],[-119.03,30.98],[-120.14,30.93],[-121.25,30.87],[-122.35,30.8],[-123.45,30.72],[-124.56,30.63],[-125.59,30.54],[-126.61,30.45],[-127.64,30.35],[-128.66,30.23],[-128.79,31.03],[-128.92,31.83],[-129.05,32.63],[-129.18,33.43],[-129.32,34.23],[-128.22,34.35],[-127.12,34.46],[-127.09,35.39],[-127.07,36.31],[-127.04,37.24],[-127.01,38.16],[-126.98,39.09],[-128.14,39.21],[-129.31,39.33],[-129.24,40.21],[-129.17,41.1],[-129.09,41.98],[-129.01,42.87],[-129.85,42.94],[-130.69,43.01],[-130.45,43.93],[-130.21,44.85],[-129.95,45.77],[-129.69,46.69],[-129.56,47.25],[-129.68,48.15],[-129.77,48.15]]]}},{"type":"Feature","properties":{"ma":45,"type":"gpml:TopologicalClosedPlateBoundary","name":"Farallon","pid":902,"deforming":false},"geometry":{"type":"Polygon","coordinates":[[[-67.99,-42.8],[-68.07,-43.03],[-68.26,-43.33],[-68.33,-43.7],[-68.38,-43.99],[-68.47,-44.45],[-68.55,-44.75],[-68.69,-45.27],[-68.78,-45.65],[-68.88,-46.06],[-68.97,-46.49],[-69.1,-47.15],[-69.16,-47.41],[-69.24,-47.78],[-69.31,-48.1],[-69.37,-48.41],[-69.42,-48.78],[-69.45,-49.09],[-69.47,-49.34],[-69.48,-49.42],[-69.46,-49.65],[-69.44,-49.94],[-69.38,-50.37],[-69.5,-50.71],[-69.68,-51.05],[-69.95,-51.47],[-70.23,-51.94],[-70.41,-52.24],[-70.54,-52.5],[-70.67,-52.72],[-70.83,-53.08],[-70.9,-53.53],[-70.84,-53.89],[-70.76,-54.21],[-70.75,-54.25],[-70.75,-54.25],[-72.14,-54.8],[-73.57,-55.33],[-75.04,-55.84],[-76.55,-56.34],[-78.09,-56.81],[-79.67,-57.27],[-81.29,-57.71],[-82.95,-58.12],[-84.65,-58.52],[-86.39,-58.89],[-88.16,-59.23],[-89.97,-59.55],[-89.97,-59.55],[-91.76,-59.16],[-93.14,-58.69],[-94.48,-58.21],[-95.78,-57.72],[-97.05,-57.21],[-98.01,-56.76],[-97.52,-56.1],[-98.98,-55.67],[-100.42,-55.21],[-101.57,-54.83],[-102.7,-54.44],[-103.81,-54.03],[-103.55,-53.68],[-104.75,-53.23],[-105.92,-52.78],[-106.9,-52.49],[-106.9,-52.49],[-106.94,-52.45],[-107.34,-51.51],[-107.73,-50.56],[-108.1,-49.6],[-108.45,-48.65],[-109.79,-48.98],[-110.34,-48.08],[-110.88,-47.18],[-111.4,-46.27],[-111.9,-45.36],[-112.38,-44.45],[-112.85,-43.53],[-113.3,-42.62],[-113.75,-41.7],[-114.18,-40.78],[-114.59,-39.86],[-115,-38.94],[-115.4,-38.01],[-115.78,-37.09],[-116.27,-37.28],[-116.61,-36.4],[-116.94,-35.52],[-117.27,-34.63],[-117.59,-33.74],[-117.9,-32.86],[-118.2,-31.97],[-118.5,-31.08],[-117.55,-30.8],[-116.6,-30.51],[-115.66,-30.22],[-116.04,-29.31],[-116.41,-28.41],[-116.77,-27.51],[-117.12,-26.6],[-117.47,-25.7],[-117.82,-24.79],[-118.16,-23.89],[-117.45,-23.66],[-116.75,-23.44],[-116.04,-23.21],[-116.31,-22.49],[-116.58,-21.77],[-116.84,-21.05],[-115.9,-20.8],[-114.96,-20.55],[-114.02,-20.28],[-113.09,-20.02],[-112.15,-19.75],[-112.43,-18.86],[-112.71,-17.97],[-112.98,-17.08],[-113.25,-16.19],[-113.52,-15.3],[-113.79,-14.41],[-114.05,-13.52],[-114.31,-12.63],[-114.57,-11.74],[-115.21,-11.93],[-115.86,-12.12],[-115.86,-12.12],[-115.86,-12.12],[-116.12,-11.21],[-116.38,-10.31],[-116.63,-9.4],[-116.89,-8.5],[-117.14,-7.59],[-117.39,-6.69],[-117.64,-5.78],[-117.89,-4.88],[-118.14,-3.97],[-117.2,-3.7],[-116.26,-3.44],[-115.31,-3.17],[-114.37,-2.9],[-113.43,-2.63],[-113.67,-1.72],[-113.91,-0.82],[-114.15,0.08],[-114.38,0.99],[-114.62,1.89],[-114.86,2.8],[-115.1,3.7],[-115.34,4.6],[-114.66,4.8],[-114.9,5.6],[-115.14,6.4],[-115.38,7.21],[-114.52,7.43],[-113.66,7.65],[-112.8,7.87],[-111.94,8.08],[-111.08,8.3],[-110.22,8.51],[-109.35,8.72],[-109.49,9.6],[-109.64,10.48],[-109.78,11.35],[-109.92,12.23],[-110.07,13.1],[-110.21,13.98],[-110.36,14.85],[-111.09,14.74],[-111.28,15.7],[-111.48,16.65],[-112.42,16.5],[-113.35,16.34],[-114.28,16.17],[-115.21,16],[-116.14,15.83],[-117.07,15.65],[-118,15.47],[-118.2,16.38],[-118.41,17.28],[-118.62,18.19],[-118.83,19.09],[-119.04,20],[-119.25,20.9],[-119.47,21.81],[-119.69,22.71],[-118.7,22.94],[-117.7,23.16],[-116.71,23.38],[-115.7,23.59],[-114.7,23.79],[-113.69,23.99],[-112.68,24.18],[-112.81,25.07],[-112.93,25.96],[-113.06,26.86],[-113.19,27.75],[-113.32,28.64],[-113.32,28.64],[-112.82,28.66],[-111.77,28.74],[-110.71,28.82],[-109.85,28.9],[-108.98,28.97],[-108.11,29.04],[-107.24,29.13],[-106.37,29.21],[-105.5,29.29],[-104.69,29.43],[-103.89,29.57],[-103.08,29.7],[-102.78,29.74],[-102.78,29.74],[-102.76,29.72],[-102.43,29.03],[-102.11,28.34],[-101.5,27.64],[-100.9,26.94],[-100.31,26.23],[-99.72,25.52],[-99.14,24.8],[-98.57,24.08],[-98,23.54],[-97.42,22.99],[-96.86,22.44],[-96.27,21.89],[-95.69,21.34],[-95.38,21.05],[-95.38,21.05],[-95.03,20.28],[-94.69,19.51],[-94.34,18.74],[-94,17.97],[-93.66,17.19],[-93.28,16.38],[-92.9,15.58],[-92.52,14.77],[-92.15,13.96],[-91.75,13.22],[-91.36,12.47],[-90.96,11.73],[-90.77,10.82],[-90.59,9.91],[-90.32,9.16],[-90.06,8.41],[-89.79,7.65],[-89.45,6.76],[-89.11,5.87],[-88.76,4.98],[-88.76,4.98],[-88.15,4.64],[-87.54,4.3],[-86.92,3.97],[-86.05,3.61],[-85.17,3.26],[-84.3,2.91],[-83.43,2.55],[-82.6,2.34],[-81.76,2.12],[-81.04,2.15],[-80.32,2.18],[-79.59,2.21],[-79.42,2.25],[-79.42,2.25],[-79.3,2.25],[-78.66,2.22],[-77.75,2.21],[-76.85,1.82],[-76.33,1.18],[-75.81,0.54],[-75.37,0.09],[-74.91,-0.14],[-74.45,-0.38],[-73.7,-0.47],[-72.95,-0.56],[-72.2,-0.65],[-72.2,-0.65],[-72.24,-0.69],[-72.51,-1.01],[-72.79,-1.39],[-73.04,-1.74],[-73.19,-1.94],[-73.4,-2.28],[-73.62,-2.62],[-73.8,-3.03],[-73.95,-3.35],[-74.09,-3.7],[-74.28,-4.15],[-74.4,-4.43],[-74.5,-4.78],[-74.62,-5.17],[-74.64,-5.41],[-74.68,-5.62],[-74.73,-6],[-74.78,-6.28],[-74.81,-6.54],[-74.84,-6.82],[-74.98,-7.68],[-74.98,-7.68],[-75.09,-8.34],[-75.2,-9.26],[-75.31,-10.18],[-75.43,-11.09],[-75.14,-11.92],[-74.86,-12.74],[-74.57,-13.56],[-74.25,-14.37],[-73.94,-15.17],[-73.62,-15.98],[-73.3,-16.78],[-72.97,-17.58],[-72.65,-18.39],[-72.22,-19.12],[-71.8,-19.85],[-71.36,-20.59],[-71,-21.21],[-70.64,-21.83],[-70.28,-22.45],[-69.51,-23.06],[-69.29,-23.54],[-69.06,-24.03],[-68.69,-24.71],[-68.54,-25.24],[-68.3,-25.78],[-68.07,-26.48],[-68.01,-27.38],[-67.95,-28.28],[-67.78,-29.09],[-67.61,-29.9],[-67.43,-30.71],[-67.26,-31.51],[-67.07,-32.32],[-66.95,-33.11],[-66.82,-33.9],[-66.7,-34.68],[-66.57,-35.47],[-66.7,-36.32],[-66.84,-37.17],[-66.98,-38.01],[-67.13,-38.86],[-67.28,-39.71],[-67.43,-40.55],[-67.61,-41.3],[-67.8,-42.05],[-67.99,-42.8]]]}},{"type":"Feature","properties":{"ma":45,"type":"gpml:TopologicalClosedPlateBoundary","name":"NAM_Ocean_Basin","pid":101,"deforming":false},"geometry":{"type":"Polygon","coordinates":[[[25.52,83.93],[25.75,83.93],[29.08,84.42],[33.03,84.88],[35.31,85.13],[38.25,85.35],[41.88,85.53],[43.93,85.64],[48.51,85.71],[53.59,85.82],[57.44,85.85],[63.53,85.44],[72.31,85.05],[80.15,84.73],[86.99,84.33],[93.07,83.81],[98.17,83.23],[99.79,82.7],[101.2,82.17],[100.65,81.37],[100.65,81.37],[99.91,81.5],[98.1,81.83],[96.36,82.04],[94.15,82.34],[90.64,82.6],[87.1,82.93],[83.21,83.24],[79.31,83.55],[76.78,83.81],[72.61,84.06],[67.22,84.29],[62.97,84.27],[58.41,84.28],[50.74,84.11],[45.61,83.93],[43.6,83.84],[40.74,83.74],[38.18,83.6],[34.95,83.46],[32.96,83.38],[29.67,83.28],[26.64,83.27],[23.73,83.24],[21.4,83.19],[19.1,83.18],[17.6,83.22],[16.33,83.13],[15.65,82.89],[14.33,82.72],[13.74,82.49],[13.03,82.19],[12.58,81.96],[11.67,81.73],[10.44,81.48],[8.77,81.22],[7.45,81.05],[5.87,80.83],[4.63,80.63],[2.85,80.42],[1.99,80.31],[1.63,80.2],[0.88,79.88],[-0.75,79.46],[-1.43,79.32],[-1.43,79.32],[-1.43,79.32],[-1.43,79.32],[-1.99,79.19],[-2.3,79.12],[-2.64,79.06],[-2.64,79.06],[-5.74,79.29],[-8.93,79.39],[-12.17,79.47],[-14.75,79.64],[-11.7,80.29],[-9.1,80.76],[-6.23,81.22],[-3.2,81.93],[-0.31,82.77],[2.51,83.66],[7.74,83.76],[12.48,83.67],[19.9,83.48],[24.7,83.8],[25.52,83.93]]]}},{"type":"Feature","properties":{"ma":45,"type":"gpml:TopologicalClosedPlateBoundary","name":"Eurasia_Ocean_Basin","pid":301,"deforming":false},"geometry":{"type":"Polygon","coordinates":[[[100.65,81.37],[100.52,81.15],[100.52,81.15],[95.09,81.44],[89.35,81.64],[85.64,81.8],[79.5,82.21],[76.34,82.49],[72.94,82.75],[66.61,83.04],[61.42,83.12],[57.33,83.08],[53.26,83],[50.17,82.91],[46.1,82.76],[39.55,82.52],[38.6,82.52],[38.6,82.52],[32.29,82.47],[29.07,82.14],[23.79,82.07],[19.05,82.1],[16.02,81.4],[13.86,81.02],[11.51,80.56],[8.17,79.95],[5.66,79.54],[3.36,79.1],[-1.43,79.32],[-1.43,79.32],[-0.75,79.46],[0.88,79.88],[1.63,80.2],[1.99,80.31],[2.85,80.42],[4.63,80.63],[5.87,80.83],[7.45,81.05],[8.77,81.22],[10.44,81.48],[11.67,81.73],[12.58,81.96],[13.03,82.19],[13.74,82.49],[14.33,82.72],[15.65,82.89],[16.33,83.13],[17.6,83.22],[19.1,83.18],[21.4,83.19],[23.73,83.24],[26.64,83.27],[29.67,83.28],[32.96,83.38],[34.95,83.46],[38.18,83.6],[40.74,83.74],[43.6,83.84],[45.61,83.93],[50.74,84.11],[58.41,84.28],[62.97,84.27],[67.22,84.29],[72.61,84.06],[76.78,83.81],[79.31,83.55],[83.21,83.24],[87.1,82.93],[90.64,82.6],[94.15,82.34],[96.36,82.04],[98.1,81.83],[99.91,81.5],[100.65,81.37]]]}},{"type":"Feature","properties":{"ma":45,"type":"gpml:TopologicalClosedPlateBoundary","name":"NAM","pid":101,"deforming":false},"geometry":{"type":"Polygon","coordinates":[[[-180,58.45],[-180,59.44],[-180,60.42],[-180,61.41],[-180,62.39],[-180,63.38],[-180,64.37],[-180,65.35],[-180,66.34],[-180,67.32],[-180,68.31],[-180,69.3],[-180,70.28],[-180,71.27],[-180,72.25],[-180,73.24],[-180,74.22],[-180,75.21],[-180,76.2],[-180,77.18],[-180,78.17],[-180,79.15],[-180,80.14],[-180,81.13],[-180,82.11],[-180,83.1],[-180,84.08],[-180,85.07],[-180,86.06],[-180,87.04],[-180,88.03],[-180,89.01],[-180,90],[180,90],[180,89.01],[180,88.03],[180,87.04],[180,86.06],[180,85.07],[180,84.08],[180,83.1],[180,82.11],[180,81.13],[180,80.14],[180,79.15],[180,78.17],[180,77.18],[180,76.2],[180,75.21],[180,74.22],[180,73.24],[180,72.25],[180,71.27],[180,70.28],[180,69.3],[180,68.31],[180,67.32],[180,66.34],[180,65.35],[180,64.37],[180,63.38],[180,62.39],[180,61.41],[180,60.42],[180,59.44],[180,58.45],[180,57.46],[179.51,57.5],[177.98,57.89],[176.41,58.26],[174.82,58.61],[173.5,59.03],[172.16,59.43],[170.78,59.82],[169.38,60.19],[168.15,60.61],[166.9,61.02],[165.62,61.42],[165.62,61.42],[164.68,62.08],[163.66,62.95],[163.66,62.95],[165.62,63.03],[167.6,63.09],[166.73,63.64],[164.81,64.16],[163.1,64.52],[161.43,64.84],[160.52,65.01],[159.57,65.74],[158.58,66.46],[158.15,67.4],[158.15,67.4],[156.04,67.72],[153.87,68.01],[151.65,68.28],[150.49,68.87],[149.26,69.46],[147.96,70.04],[148.1,70.73],[148.24,71.41],[148.4,72.09],[150.23,72.63],[152.17,73.14],[154.23,73.64],[156.42,74.11],[157.28,75.05],[158.26,75.99],[158.26,75.99],[154.59,76.28],[150.78,76.51],[146.85,76.68],[142.84,76.79],[138.78,76.84],[134.72,76.83],[132.38,76.47],[130.16,76.1],[129.52,75.83],[129.52,75.83],[126.52,75.75],[123.57,75.64],[123.57,75.64],[123.2,75.7],[123.2,75.7],[123.96,75.98],[125.2,76.9],[125.07,77.88],[121.61,78.32],[117.89,78.72],[116.88,79.23],[115.78,79.74],[116.16,80.73],[116.62,81.72],[115.56,82.66],[114.18,83.6],[112.34,84.53],[109.74,85.45],[101.94,86.16],[90.91,86.77],[75.65,87.21],[56.62,87.4],[43.98,87.23],[33.21,86.95],[30.84,86.93],[29.5,86.91],[27.88,86.88],[26.19,86.85],[24.35,86.85],[21.46,86.79],[18.23,86.69],[18.23,86.69],[10.17,86.16],[4.18,85.56],[1.26,85.3],[-5.41,84.68],[-10.62,84],[-14.15,83.45],[-17.12,82.89],[-19.86,82.31],[-22.2,81.71],[-25.66,81.4],[-28.87,81.07],[-33.94,81.05],[-37.53,81.03],[-41.1,80.96],[-45.35,81.01],[-49.62,81.01],[-53.43,81.15],[-57.34,81.26],[-62.25,81.42],[-67.3,81.51],[-71.74,81.52],[-76.17,81.49],[-80.11,81.44],[-83.99,81.35],[-87.71,81.15],[-91.26,80.92],[-94.54,80.09],[-96.54,79.21],[-94.97,78.45],[-92.88,77.6],[-90.37,76.88],[-88.98,76.43],[-87.68,75.98],[-86.1,75.55],[-84.61,75.11],[-81.67,74.67],[-79.9,74.49],[-78.16,74.29],[-75.68,73.99],[-73.29,73.67],[-70.53,73.4],[-68.72,73.22],[-66.95,73.02],[-66.95,73.02],[-66.73,72.96],[-65.83,72.73],[-63.31,72.31],[-61.53,72.03],[-58.89,71.69],[-58.89,71.69],[-58.46,71.8],[-56.48,72.2],[-55.29,72.4],[-54.51,72.53],[-53.59,72.68],[-52.07,73.11],[-51.12,73.28],[-50.29,73.43],[-49.86,73.5],[-49.42,73.5],[-49.2,73.5],[-49.2,73.5],[-49.42,73.05],[-48.89,72.22],[-48.49,71.72],[-48.1,71.22],[-46.51,70.49],[-45.31,69.92],[-44.64,69.15],[-43.22,68.63],[-43.58,67.66],[-42.99,66.89],[-42.88,66.21],[-42.39,65.57],[-41.89,64.97],[-42.24,64.22],[-42.12,63.61],[-42.5,62.71],[-43.77,61.93],[-44.41,61.4],[-45.02,60.87],[-44.25,60.66],[-44.25,60.66],[-44.3,60.63],[-45.02,60.11],[-45.32,59.37],[-45.95,58.63],[-46.19,57.75],[-46.27,57.72],[-46.27,57.72],[-46.08,57.51],[-44.92,57.01],[-44.22,56.65],[-43.13,56.12],[-42.56,55.63],[-41.66,54.9],[-41.08,54.3],[-40.35,53.59],[-39.65,53.02],[-38.31,52.95],[-37.65,52.83],[-36.55,52.18],[-35.53,52.12],[-34.51,52.06],[-33.41,52],[-32.19,51.79],[-31.65,51.66],[-31.65,51.66],[-31.66,51.55],[-31.71,51.29],[-32.08,50.7],[-32.22,50.32],[-32.18,49.87],[-32.2,49.61],[-32.27,49.32],[-32.34,48.95],[-32.33,48.65],[-32.45,48.36],[-32.48,48.16],[-32.47,47.47],[-32.47,47.47],[-31.34,47.46],[-30.22,47.44],[-29.33,47.38],[-28.45,47.32],[-28.01,47.34],[-28.01,47.34],[-27.87,47.1],[-27.65,46.55],[-27.46,45.96],[-27.32,45.45],[-26.66,45.41],[-26.19,44.9],[-25.77,44.44],[-25.58,43.83],[-25.34,43.25],[-25.14,42.74],[-25.09,41.97],[-25.08,41.1],[-25.04,40.36],[-25.33,39.73],[-25.56,39.36],[-25.62,38.96],[-25.71,38.73],[-25.71,38.73],[-25.78,38.76],[-26.12,39.13],[-26.15,39.09],[-26.44,38.81],[-26.66,38.22],[-26.87,37.62],[-27.06,37.06],[-27.25,36.49],[-27.54,35.79],[-27.82,35.09],[-28.1,34.38],[-28.47,34.39],[-28.73,33.79],[-28.98,33.19],[-29.04,33.19],[-29.8,33.24],[-30.56,33.28],[-30.8,32.68],[-31.04,32.09],[-31.58,32.13],[-31.78,31.65],[-31.99,31.16],[-32.9,31.21],[-33.82,31.25],[-34.15,30.56],[-34.47,29.87],[-35.25,29.91],[-36.02,29.95],[-36.8,29.99],[-36.96,29.58],[-37.22,29.6],[-37.52,29.17],[-37.83,28.74],[-38.3,28.78],[-38.78,28.15],[-39.26,27.52],[-39.73,26.89],[-40.81,26.93],[-41.17,26.39],[-41.52,25.84],[-41.68,25.84],[-42.24,25],[-42.8,24.14],[-43.34,23.29],[-43.6,22.79],[-43.86,22.28],[-44.22,22.29],[-44.46,21.91],[-44.57,21.94],[-44.86,21.22],[-44.31,21.18],[-44.52,20.28],[-44.72,19.38],[-44.81,19.36],[-45,18.74],[-45.18,18.12],[-44.97,18.06],[-45.22,17.3],[-45.31,17.29],[-45.53,16.51],[-45.8,16.55],[-46.06,15.77],[-46.32,14.99],[-46.57,14.21],[-46.12,14.19],[-46.31,13.57],[-46.51,12.95],[-46.51,12.95],[-47.46,12.97],[-48.41,12.97],[-49.36,12.98],[-50.32,12.98],[-51.27,12.98],[-52.22,12.98],[-53.17,12.97],[-54.13,12.96],[-54.89,13.19],[-55.66,13.41],[-56.42,13.63],[-57.19,13.85],[-58.09,14.23],[-59,14.6],[-59.91,14.97],[-59.91,14.97],[-60.28,15.75],[-60.79,16.24],[-61.31,16.73],[-61.31,16.73],[-61.82,16.79],[-62.85,16.91],[-63.88,17.03],[-64.91,17.14],[-65.84,17.2],[-66.77,17.25],[-67.71,17.3],[-68.56,17.34],[-69.41,17.37],[-70.27,17.4],[-71.12,17.43],[-72.03,17.41],[-72.95,17.38],[-73.86,17.35],[-74.74,17.32],[-75.63,17.28],[-76.51,17.23],[-77.32,17.18],[-78.13,17.13],[-78.94,17.07],[-79.25,17.05],[-79.25,17.05],[-79.14,16.15],[-79.14,16.14],[-79.14,16.14],[-79.9,16.09],[-80.65,16.04],[-81.55,15.86],[-82.44,15.67],[-83.37,15.37],[-84.3,15.07],[-85.11,14.89],[-85.92,14.71],[-86.73,14.66],[-87.55,14.62],[-88.53,14.62],[-89.51,14.62],[-90.49,14.62],[-91.47,14.61],[-92.45,14.6],[-92.45,14.6],[-92.85,15.46],[-93.26,16.33],[-93.66,17.19],[-94,17.97],[-94.34,18.74],[-94.69,19.51],[-95.03,20.28],[-95.38,21.05],[-95.38,21.05],[-95.69,21.34],[-96.27,21.89],[-96.86,22.44],[-97.42,22.99],[-98,23.54],[-98.57,24.08],[-99.14,24.8],[-99.72,25.52],[-100.31,26.23],[-100.9,26.94],[-101.5,27.64],[-102.11,28.34],[-102.43,29.03],[-102.76,29.72],[-103.36,30.4],[-103.97,31.08],[-104.49,31.91],[-105.02,32.73],[-105.45,33.52],[-105.89,34.31],[-106.34,35.09],[-106.7,35.7],[-107.07,36.3],[-107.52,37],[-107.98,37.7],[-108.52,38.54],[-109.08,39.36],[-109.57,40.16],[-110.07,40.95],[-110.3,41.47],[-110.54,41.99],[-110.89,42.64],[-111.26,43.3],[-111.63,43.95],[-111.74,44.74],[-111.74,44.74],[-111.81,44.92],[-111.84,45.24],[-111.85,45.97],[-111.97,46.53],[-112.01,46.93],[-111.95,47.45],[-112,47.96],[-112.06,48.46],[-112.27,49.25],[-112.47,49.85],[-112.74,50.44],[-113.01,51.03],[-113.64,51.72],[-114.29,52.05],[-114.62,52.39],[-114.69,52.75],[-115.19,53.2],[-115.63,53.66],[-115.87,53.74],[-115.87,53.74],[-115.9,54.12],[-116.93,54.62],[-117.98,55.1],[-118.62,55.83],[-119.58,56.6],[-120.13,57.01],[-120.68,57.42],[-121.07,57.79],[-122.02,58.63],[-122.39,59.14],[-122.78,59.65],[-123.13,60.5],[-123.42,60.98],[-123.71,61.46],[-124.07,61.81],[-124.06,62.29],[-124.43,62.63],[-124.61,62.98],[-125.1,63.41],[-125.79,63.8],[-126.09,63.97],[-126.5,64.31],[-127.02,64.61],[-127.46,64.94],[-127.91,65.37],[-128.39,65.83],[-128.63,66.27],[-128.63,66.27],[-130.74,65.86],[-132.79,65.43],[-134.76,64.96],[-136.67,64.48],[-138.51,63.97],[-139.9,63.51],[-141.26,63.05],[-142.57,62.57],[-143.84,62.09],[-144.9,61.69],[-145.77,61.34],[-147.01,61.09],[-147.8,60.86],[-148.74,60.57],[-149.8,60.28],[-150.59,60.09],[-152.29,59.82],[-153.95,59.54],[-155.59,59.23],[-157.16,59.01],[-158.7,58.77],[-160.23,58.51],[-161.73,58.23],[-163.5,57.98],[-165.24,57.71],[-166.96,57.41],[-168.73,57.34],[-170.49,57.25],[-172.24,57.13],[-173.98,56.99],[-175.47,57.08],[-176.96,57.16],[-178.48,57.32],[-180,57.46],[-180,58.45]]]}},{"type":"Feature","properties":{"ma":45,"type":"gpml:TopologicalClosedPlateBoundary","name":"Adria","pid":307,"deforming":false},"geometry":{"type":"Polygon","coordinates":[[[12.73,33.66],[12.52,33.74],[11.48,34.09],[10.43,34.43],[9.38,34.77],[8.31,35.09],[7.24,35.4],[6.16,35.71],[5.07,36],[4.09,36.35],[3.11,36.68],[2.12,37.01],[1.12,37.34],[1.12,37.34],[1.78,38.01],[2.2,38.44],[2.63,38.88],[2.93,39.3],[2.93,39.3],[3.25,39.22],[3.49,39],[3.49,39],[3.54,39.02],[4.09,38.82],[4.36,38.7],[4.75,38.62],[5.23,38.53],[5.7,38.55],[5.99,38.69],[6.65,38.83],[7.04,38.85],[7.33,38.86],[7.84,39.08],[8.29,38.61],[8.74,38.11],[8.8,37.92],[8.74,37.03],[9.09,36.18],[9.42,35.77],[10.14,35.42],[10.85,35.06],[11.48,34.95],[12.01,34.66],[12.17,34.49],[12.64,34.03],[12.73,33.66]]]}},{"type":"Feature","properties":{"ma":45,"type":"gpml:TopologicalClosedPlateBoundary","name":"Sepik back arc","pid":698,"deforming":false},"geometry":{"type":"Polygon","coordinates":[[[139.86,-27.72],[139.65,-27.8],[139.05,-27.95],[138.45,-28.1],[137.61,-27.66],[136.77,-27.22],[136.31,-26.78],[135.49,-26.17],[134.85,-25.86],[134.22,-25.55],[133.32,-25.39],[132.43,-25.22],[131.54,-25.04],[130.66,-24.86],[129.72,-24.61],[128.79,-24.35],[127.71,-24.24],[126.63,-24.12],[125.7,-23.97],[124.76,-23.81],[123.85,-23.63],[122.93,-23.44],[122.02,-23.25],[122.02,-23.25],[121.13,-22.92],[120.25,-22.58],[119.37,-22.24],[118.65,-21.78],[117.93,-21.31],[117.21,-20.83],[116.46,-20.2],[115.71,-19.56],[115.71,-19.56],[116.64,-19.77],[117.57,-19.98],[118.37,-20.27],[119.17,-20.54],[119.98,-20.82],[120.79,-21.09],[121.72,-21.3],[122.65,-21.5],[123.59,-21.7],[124.46,-21.9],[125.34,-22.1],[126.3,-22.32],[127.27,-22.53],[127.55,-22.06],[128.59,-22.29],[129.63,-22.52],[130.68,-22.74],[131.73,-22.96],[131.67,-23.36],[132.54,-23.58],[133.41,-23.79],[134.29,-23.99],[135.17,-24.19],[135.13,-24.72],[136.14,-25.01],[137.16,-25.29],[138.18,-25.57],[138.99,-25.82],[139.79,-26.07],[140.6,-26.31],[140.6,-26.31],[140.24,-27.01],[139.86,-27.72]]]}},{"type":"Feature","properties":{"ma":45,"type":"gpml:TopologicalClosedPlateBoundary","name":"Alpine Mesh between Eurasia and East. Med. Subduction Zone","pid":0,"deforming":false},"geometry":{"type":"Polygon","coordinates":[[[25.66,40.47],[26.37,40.42],[27.08,40.37],[27.82,40.31],[28.56,40.25],[29.23,40.19],[29.89,40.13],[31.05,39.7],[32.07,39.3],[33.09,38.9],[33.94,38.81],[34.79,38.71],[35.31,38.66],[35.31,38.66],[35.11,38.31],[34.47,37.48],[34.22,36.83],[33.97,36.18],[33.97,36.18],[33.15,36.33],[32.26,36.45],[31.36,36.53],[30.38,36.55],[29.55,36.56],[28.66,36.58],[27.64,36.56],[26.8,36.51],[25.89,36.42],[25.06,36.32],[24.09,36.19],[23.09,36.12],[22.07,36.09],[21.18,36.01],[20.28,35.98],[19.33,36.04],[18.37,36.14],[17.57,36.2],[16.84,36.49],[16.11,36.8],[15.44,37.18],[14.79,37.57],[14.14,38],[14.14,38],[13.95,38.48],[13.77,38.95],[13.42,39.58],[13.14,40.2],[12.77,40.8],[12.53,41.51],[12.54,41.93],[12.52,41.88],[12.49,41.95],[12.49,41.95],[13.08,41.96],[13.52,41.97],[14.02,41.97],[14.43,41.97],[14.96,41.97],[15.51,41.97],[15.09,41.59],[15.02,41.17],[15.31,40.96],[15.78,40.75],[16.36,40.55],[17.19,40.45],[18.26,40.45],[19.06,40.42],[19.87,40.38],[20.81,40.38],[21.99,40.44],[23.17,40.49],[24.35,40.52],[24.36,40.54],[25.66,40.47]]]}},{"type":"Feature","properties":{"ma":45,"type":"gpml:TopologicalNetwork","name":"Greater India","pid":501,"deforming":true},"geometry":{"type":"Polygon","coordinates":[[[53.66,12.57],[54.02,13.36],[54.4,14.16],[54.77,14.95],[55.14,15.74],[55.52,16.52],[55.91,17.31],[56.27,18.16],[56.64,19],[57.01,19.85],[57.42,20.77],[57.84,21.69],[58.26,22.61],[58.55,23.34],[58.84,24.07],[58.84,24.07],[59.64,24.33],[60.45,24.58],[61.26,24.83],[61.79,25.05],[62.33,25.27],[62.72,25.61],[62.94,25.83],[63.04,25.91],[63.2,25.83],[63.28,25.67],[63.41,25.58],[63.52,25.55],[63.84,25.73],[64.06,25.95],[64.36,26.25],[64.47,26.31],[64.56,26.21],[64.67,25.99],[64.75,25.79],[64.98,25.57],[65.13,25.39],[65.4,25.32],[65.78,25.31],[65.97,25.31],[66.15,25.36],[66.35,25.32],[66.7,25.2],[67.2,25],[67.3,24.97],[67.65,24.68],[68,24.46],[68.39,24.23],[68.58,24.15],[68.92,24.04],[69.22,23.76],[69.56,23.48],[69.98,22.85],[70.2,22.79],[70.45,22.77],[70.66,22.73],[71.01,22.5],[71.31,22.32],[71.49,22.31],[71.91,22.25],[72.19,22.21],[72.51,22.18],[72.83,22.19],[73.14,22.2],[73.36,22.11],[73.94,21.9],[74.51,21.68],[75.08,21.42],[75.59,21.25],[75.89,21.21],[76.25,21.25],[76.55,21.38],[76.72,21.35],[77.1,21.36],[77.42,21.36],[77.78,21.38],[78.15,21.51],[78.53,21.57],[78.76,21.59],[79.03,21.71],[79.45,21.88],[79.74,21.91],[80.19,21.98],[80.46,22.08],[80.78,22.05],[80.92,22.03],[81.33,22.01],[81.72,22.03],[82.04,22.04],[82.61,22.08],[83.07,22.24],[83.36,22.44],[83.52,22.59],[83.74,22.79],[83.99,22.84],[84.48,22.95],[84.81,22.69],[85.01,22.64],[85.29,22.57],[85.63,22.49],[85.91,22.42],[86.34,22.31],[86.34,22.31],[86.15,21.61],[85.97,20.92],[85.79,20.23],[85.61,19.54],[85.45,18.77],[85.3,17.99],[85.15,17.22],[85,16.44],[85.08,15.6],[85.17,14.77],[85.25,13.93],[85.66,13.21],[86.06,12.5],[86.31,11.6],[86.56,10.71],[86.81,9.81],[87.06,8.91],[87.06,8.91],[86.68,8.89],[85.93,8.68],[85.18,8.46],[84.29,8.57],[83.41,8.68],[82.52,8.56],[82.03,8.63],[81.53,8.69],[80.86,8.8],[80.27,8.58],[79.66,8.22],[79.07,7.88],[78.77,7.92],[77.93,7.94],[77.46,7.97],[76.99,7.99],[76.15,8.02],[75.64,7.99],[75.22,8.22],[74.35,8.18],[73.84,8.27],[73.38,8.45],[72.98,8.15],[72.68,8.25],[72.53,8.64],[71.98,8.79],[71.13,9.05],[70.72,9.26],[70.3,9.47],[69.7,9.85],[69.09,10.24],[68.39,10.6],[68.18,11.02],[67.77,11.28],[67.51,11.44],[67.14,11.55],[66.66,11.89],[66.47,12.22],[66.08,12.5],[65.84,12.89],[65.52,13.28],[65.01,13.56],[64.67,14.05],[64.08,14.66],[64.15,15.21],[63.79,15.99],[63.19,16.39],[62.69,17.01],[62.32,17.61],[61.95,18.21],[61.28,17.66],[60.77,17.23],[60.26,16.8],[59.71,16.39],[59.45,15.95],[59.19,15.51],[58.5,15.03],[57.88,14.68],[57.26,14.32],[56.62,14.02],[55.98,13.72],[55.28,13.33],[54.58,12.94],[53.66,12.57]]]}},{"type":"Feature","properties":{"ma":45,"type":"gpml:TopologicalNetwork","name":"Greater_India_East_Mesh","pid":801,"deforming":true},"geometry":{"type":"Polygon","coordinates":[[[99.1,-45],[98.05,-45.14],[97,-45.27],[95.94,-45.39],[94.92,-45.49],[93.89,-45.59],[93.89,-45.59],[94.61,-45.19],[95.16,-44.57],[95.69,-43.94],[94.89,-43.51],[94.1,-43.08],[93.33,-42.64],[93.66,-41.98],[93.99,-41.32],[94.79,-40.94],[95.58,-40.55],[96.36,-40.15],[96.68,-39.38],[96.15,-38.61],[96.91,-37.95],[97.6,-38.09],[98.29,-38.23],[99.18,-38.68],[100.07,-38.76],[100.97,-38.84],[101.99,-38.97],[103.02,-39.1],[103.68,-38.95],[103.93,-37.98],[104.35,-37.23],[104.76,-36.49],[105.32,-35.63],[105.64,-35.14],[105.96,-34.66],[106.17,-34.33],[106.93,-33.97],[107.67,-33.61],[108.41,-33.25],[109.09,-32.8],[109.77,-32.35],[109.58,-31.98],[110.51,-31.49],[111.44,-31],[112.35,-30.5],[113.09,-30.13],[113.83,-29.74],[114.57,-29.36],[114.91,-29.83],[115.26,-30.3],[115.94,-29.83],[116.61,-29.36],[117.28,-28.89],[117.28,-28.89],[117.9,-29.43],[118.52,-29.96],[119.29,-30.53],[120.07,-31.08],[120.85,-31.64],[121.64,-32.18],[122.45,-32.73],[123.26,-33.27],[124.08,-33.8],[124.08,-33.8],[123.4,-34.04],[122.72,-34.28],[121.77,-34.87],[120.8,-35.46],[120.13,-35.85],[119.45,-36.24],[118.77,-36.63],[118.2,-37.43],[117.38,-37.77],[116.55,-38.11],[115.72,-38.45],[114.69,-38.87],[113.65,-39.29],[112.77,-39.62],[111.89,-39.94],[110.99,-40.26],[110.15,-40.88],[109.29,-41.48],[108.42,-42.02],[107.53,-42.56],[106.63,-43.08],[105.7,-43.32],[104.75,-43.54],[103.8,-43.76],[102.82,-44.01],[101.83,-44.26],[100.84,-44.49],[100.14,-44.85],[99.1,-45]]]}},{"type":"Feature","properties":{"ma":45,"type":"gpml:TopologicalNetwork","name":"aus_antarc_india_mesh","pid":801,"deforming":true},"geometry":{"type":"Polygon","coordinates":[[[87.82,-45.69],[87.97,-45.66],[88.84,-45.28],[89.71,-44.89],[90.56,-44.5],[90.94,-44.89],[90.87,-45.67],[90.8,-46.45],[91.47,-46.8],[92.15,-47.15],[92.82,-46.76],[93.29,-46.22],[93.75,-45.68],[94.82,-45.57],[95.87,-45.45],[96.93,-45.32],[97.98,-45.18],[97.98,-45.18],[97.53,-46.07],[97.58,-46.76],[97.64,-47.44],[97.57,-47.94],[97.48,-48.55],[97.39,-49.2],[97.29,-49.84],[97.36,-50.43],[97.43,-51.03],[97.63,-51.75],[97.83,-52.47],[97.99,-53.16],[98.15,-53.85],[98.01,-54.63],[97.86,-55.41],[97.47,-55.96],[97.07,-56.51],[97.07,-56.51],[96.2,-56.42],[94.67,-56.71],[94.39,-56.68],[94.39,-56.68],[95.01,-56.34],[94.73,-55.46],[94.46,-54.57],[94.78,-54.77],[95.02,-55],[95.71,-54.52],[95.9,-54.22],[96.01,-54.13],[95.96,-53.49],[96.07,-53.45],[96.36,-53.48],[96.56,-53.44],[96.55,-53.1],[96.44,-52.81],[95.82,-52.35],[95.81,-52.24],[95.4,-51.91],[95.61,-51.82],[94.69,-51.06],[93.84,-50.38],[93.47,-49.94],[93.1,-49.5],[92.34,-49.04],[91.55,-48.51],[90.78,-47.98],[90.15,-47.67],[89.53,-47.06],[89.08,-46.73],[89.08,-46.73],[89.1,-46.62],[88.45,-46.15],[87.82,-45.69]]]}},{"type":"Feature","properties":{"ma":45,"type":"gpml:TopologicalNetwork","name":"IA_PNG_Jurassic_Deforming_Network","pid":615,"deforming":true},"geometry":{"type":"Polygon","coordinates":[[[125,-24.69],[125.25,-25.29],[125.5,-25.82],[125.5,-25.82],[126.55,-25.93],[127.21,-25.97],[128.22,-26.16],[128.76,-26.23],[129.27,-26.35],[129.9,-26.5],[130.78,-26.68],[131.3,-26.81],[131.57,-26.84],[131.91,-26.99],[131.91,-26.99],[132.06,-26.64],[132.38,-26.32],[132.38,-26.32],[132.49,-26.32],[133.21,-26.32],[134.12,-26.57],[134.95,-26.88],[135.15,-27],[135.13,-27.32],[135.06,-27.44],[135,-27.69],[135,-27.69],[135.09,-27.73],[135.65,-28.02],[136.05,-28.3],[136.57,-28.93],[137.09,-29.39],[137.56,-29.62],[137.56,-29.62],[137.56,-29.64],[137.56,-29.64],[136.59,-30.1],[136.19,-30.76],[136.08,-30.88],[136.08,-30.88],[135.67,-30.62],[134.77,-30.14],[134.12,-29.88],[133.48,-29.62],[133.18,-29.48],[132.88,-29.32],[132.62,-29.17],[132.4,-28.97],[132.4,-28.74],[132.46,-28.52],[132.47,-28.47],[132.06,-28.35],[131.74,-28.3],[131.48,-28.19],[131.03,-28.06],[130.37,-27.9],[129.98,-27.74],[129.21,-27.67],[128.8,-27.6],[128.24,-27.56],[127.88,-27.54],[127.26,-27.5],[126.8,-27.45],[125.84,-27.21],[125.5,-27.19],[124.9,-27.13],[124.53,-27.05],[123.76,-26.83],[123.33,-26.74],[122.46,-26.25],[121.6,-25.76],[121.07,-25.05],[120.5,-24.33],[120.45,-23.78],[120.39,-23.23],[120.31,-22.95],[120.31,-22.95],[120.35,-22.95],[120.94,-23.02],[121.53,-23.08],[122.09,-23.3],[122.65,-23.52],[123.21,-23.85],[123.78,-24.19],[124.46,-24.45],[125,-24.69]]]}},{"type":"Feature","properties":{"ma":45,"type":"gpml:TopologicalNetwork","name":"Inactive_PNG_Jurassic_Deforming_Network","pid":615,"deforming":true},"geometry":{"type":"Polygon","coordinates":[[[124.33,-23.47],[124.33,-23.47],[124.37,-23.37],[125,-22.79],[125.77,-22.48],[126.54,-22.52],[127.31,-22.55],[128.31,-22.73],[129.3,-22.91],[130.34,-23.14],[131.37,-23.35],[132.39,-23.7],[133.41,-24.04],[134.44,-24.38],[135.15,-24.96],[135.88,-25.53],[135.73,-26.03],[135.72,-26.05],[135.72,-26.05],[135.33,-25.84],[134.96,-25.64],[134.57,-25.55],[134.13,-25.45],[133.33,-25.26],[132.4,-25.08],[131.65,-24.93],[130.92,-24.77],[130.33,-24.64],[129.75,-24.51],[128.8,-24.35],[127.92,-24.19],[127.19,-24.12],[126.47,-24.06],[125.43,-23.85],[124.66,-23.74],[124.63,-23.74],[124.33,-23.47]]]}},{"type":"Feature","properties":{"ma":45,"type":"gpml:TopologicalNetwork","name":"Inactive_aus_antarc_india_mesh","pid":802,"deforming":true},"geometry":{"type":"Polygon","coordinates":[[[97.49,-63.77],[95.97,-63.92],[94.44,-64.06],[93.28,-64.32],[92.1,-64.58],[90.77,-64.81],[89.42,-65.02],[88.27,-65.36],[87.08,-65.7],[85.62,-65.76],[84.15,-65.8],[82.86,-65.84],[81.57,-65.86],[79.9,-65.99],[78.22,-66.1],[76.56,-66.36],[74.85,-66.59],[73.33,-66.9],[72.75,-67.86],[71.52,-68.64],[70.36,-69.1],[69.07,-69.71],[67.71,-70.32],[66.84,-71.09],[65.9,-71.86],[65.31,-70.91],[64.8,-70.02],[64.94,-69.45],[65.08,-68.88],[65.7,-68.38],[66.28,-67.89],[67.16,-67.21],[65.44,-67.42],[62.98,-67.44],[61.3,-67.4],[59.61,-67.33],[57.78,-67.22],[55.97,-67.08],[54.17,-66.93],[52.94,-66.68],[51.73,-66.43],[50.44,-65.82],[48.54,-65.79],[46.67,-66.25],[44.42,-66.68],[42.1,-67.08],[40.05,-67.58],[37.91,-68.06],[36.15,-68.55],[34.31,-69.03],[31.93,-68.88],[29.59,-68.69],[27.75,-68.28],[25.97,-67.86],[24.94,-67.41],[23.94,-66.96],[23.94,-66.96],[24.84,-66.58],[25.71,-66.19],[26.44,-65.81],[27.25,-65.5],[28.23,-65.1],[28.67,-65.06],[29.15,-65.14],[29.52,-65.49],[29.57,-65.75],[29.43,-66.05],[29.26,-66.45],[29.18,-66.78],[29.27,-67.01],[29.69,-67.32],[30.44,-67.5],[31.99,-67.66],[33.56,-67.8],[34.32,-67.14],[35.1,-67.19],[35.86,-67.27],[36.07,-67.25],[37.04,-66.59],[37.5,-66.1],[38.29,-65.7],[39.97,-65.32],[41.6,-64.91],[42.63,-64.41],[43.62,-63.91],[45.13,-63.8],[45.13,-63.8],[47.24,-63.86],[48.53,-64.03],[49.97,-64.19],[52.14,-64.43],[52.51,-63.74],[52.64,-63.68],[53.79,-63.72],[54.95,-63.76],[56.58,-63.78],[58.53,-63.8],[60.24,-63.97],[60.92,-63.99],[61.95,-63.99],[63.56,-63.91],[64.39,-63.82],[65.31,-63.73],[65.93,-63.91],[66.92,-64.19],[68.63,-63.58],[69.06,-63.63],[69.73,-63.7],[70.93,-63.83],[71.16,-64.21],[71.33,-64.5],[71.94,-64.59],[73.32,-64.68],[74.61,-64.75],[76.35,-64.85],[77.32,-64.9],[78.7,-64.87],[80.08,-64.83],[80.73,-64.77],[81.11,-64.69],[82.5,-64.59],[83.89,-64.47],[85.17,-64.35],[86.84,-64.06],[88.47,-63.76],[89.49,-63.46],[90.49,-63.16],[90.26,-62.52],[90.11,-62.02],[92.06,-61.89],[94.08,-61.8],[96.08,-61.67],[97.03,-61.96],[97.84,-62.11],[98.59,-62.25],[98.59,-62.25],[98.5,-62.19],[98.5,-62.19],[98.65,-62.78],[98.81,-63.36],[98.99,-63.61],[97.49,-63.77]]]}},{"type":"Feature","properties":{"ma":45,"type":"gpml:TopologicalNetwork","name":"Inactive_aus_antarc_india_mesh","pid":501,"deforming":true},"geometry":{"type":"Polygon","coordinates":[[[64.14,-4.5],[64.31,-4.24],[64.45,-3.55],[64.59,-2.85],[64.84,-2.19],[65.09,-1.53],[65.7,-1.16],[66.3,-0.78],[66.95,-0.65],[67.6,-0.51],[68.26,-0.14],[68.93,0.23],[69.42,0.61],[69.9,0.98],[70.42,1.42],[70.95,1.85],[71.54,2.44],[72.13,3.02],[72.72,3.3],[73.32,3.58],[73.89,3.53],[74.45,3.49],[75.36,3.74],[75.36,3.74],[75.61,3.1],[76.02,2.28],[76.02,2.28],[75.58,2.25],[75,2.23],[74.86,2.19],[74.63,2.14],[74.49,2.08],[74.36,2.05],[74.14,1.96],[73.97,1.88],[73.82,1.85],[73.62,1.74],[73.48,1.67],[73.27,1.61],[73.12,1.56],[72.96,1.54],[72.83,1.51],[72.53,1.46],[72.32,1.41],[72.14,1.38],[71.88,1.4],[71.67,1.35],[71.38,1.25],[71.26,1.19],[71.06,1.06],[70.85,0.88],[70.43,0.54],[70.21,0.38],[69.99,0.25],[69.76,0.11],[69.5,-0.07],[69.01,-0.44],[68.95,-0.49],[68.59,-0.73],[68.07,-0.94],[67.95,-1.01],[67.36,-1.37],[67.04,-1.53],[66.53,-1.69],[66.08,-1.91],[65.61,-2.28],[65.39,-2.55],[65.28,-3.22],[65.24,-3.62],[65.27,-4.28],[64.54,-4.93],[64.54,-4.93],[64.14,-4.5]]]}},{"type":"Feature","properties":{"ma":45,"type":"gpml:TopologicalNetwork","name":"Inactive_Western_Deforming_Network","pid":801,"deforming":true},"geometry":{"type":"Polygon","coordinates":[[[148.06,-38.4],[148.25,-38.84],[148.55,-39.35],[149.09,-40.25],[149.41,-40.82],[149.92,-41.67],[149.9,-42.52],[150.33,-42.8],[150.42,-43.79],[150.6,-44.77],[150.79,-45.75],[150.99,-46.73],[151.33,-47.05],[151.46,-47.57],[151.59,-48.08],[151.67,-48.36],[151.55,-49.32],[151.5,-49.65],[151.67,-50.18],[151.84,-50.71],[151.91,-50.95],[151.84,-51.58],[151.77,-52.22],[151.76,-52.24],[151.58,-52.87],[151.4,-53.5],[151.13,-54.44],[150.86,-55.39],[150.9,-55.6],[151.02,-56.17],[151.14,-56.74],[149.98,-57.09],[149.23,-57.34],[149.23,-57.34],[148.93,-56.96],[148.59,-56.37],[148.53,-55.74],[148.45,-55.09],[148.95,-54.33],[149.06,-53.9],[149.11,-53.61],[149.36,-52.67],[149.67,-52.02],[150.01,-51.18],[149.76,-50.36],[149.69,-49.69],[149.93,-49.15],[150.16,-48.61],[150.17,-48.04],[149.78,-47.54],[149.63,-46.88],[149.2,-46.33],[149.14,-45.39],[148.66,-44.48],[148.37,-43.76],[148.88,-43.04],[148.79,-42.38],[148.65,-41.52],[148.33,-41.08],[147.54,-40.53],[146.77,-39.91],[146.3,-39.27],[145.76,-38.53],[145.27,-37.94],[145.27,-37.94],[146.04,-37.64],[146.8,-37.33],[147.55,-37.01],[147.55,-37.01],[147.79,-37.63],[148.06,-38.4]]]}},{"type":"Feature","properties":{"ma":45,"type":"gpml:TopologicalNetwork","name":"Inactive_Coral_Deforming_Network","pid":836,"deforming":true},"geometry":{"type":"Polygon","coordinates":[[[146.98,-30.74],[147.9,-31.02],[148.55,-31.21],[149.2,-31.4],[149.72,-31.55],[149.99,-31.7],[150.28,-31.82],[150.28,-31.82],[149.89,-32.23],[149.5,-32.63],[148.75,-33.16],[147.98,-33.67],[147.98,-33.67],[147.85,-33.42],[147.45,-32.98],[146.94,-32.64],[146.43,-32.31],[146.13,-32.02],[146.13,-32.02],[145.67,-31.88],[144.52,-31.84],[143.38,-31.8],[142.48,-31.85],[141.59,-31.89],[141.48,-31.85],[141.48,-31.85],[140.93,-32.23],[140.51,-32.46],[139.54,-32.64],[138.79,-32.68],[138.79,-32.68],[138.68,-32.74],[138.41,-32.75],[138.09,-32.83],[137.66,-33.03],[137.61,-33.32],[137.9,-33.82],[138.12,-34.05],[138.02,-34.15],[138.02,-34.15],[138.41,-34.38],[138.69,-34.5],[139.06,-34.71],[139.72,-34.89],[140.55,-35.07],[141.33,-35.15],[142.11,-35.24],[143.25,-35.38],[144.05,-35.46],[144.86,-35.54],[145.45,-36.13],[146.16,-36.66],[146.44,-37.47],[146.44,-37.47],[145.46,-37.87],[145.46,-37.87],[145.23,-37.39],[145.01,-36.9],[144.4,-36.51],[143.79,-36.1],[142.98,-36.04],[142.17,-35.97],[141.27,-35.85],[140.37,-35.71],[139.48,-35.58],[138.45,-35.34],[137.43,-35.1],[136.58,-35.17],[135.73,-35.22],[134.88,-35.27],[134.38,-34.85],[134.14,-34.64],[134.14,-34.64],[134.21,-34.44],[134.36,-34.04],[134.49,-33.64],[134.61,-33.24],[134.85,-32.4],[135.15,-31.92],[135.44,-31.44],[136.35,-31.43],[137.25,-31.41],[137.76,-31.74],[137.76,-31.74],[137.98,-31.62],[138.38,-31.39],[138.96,-30.99],[139.57,-30.6],[140.38,-30.59],[141.19,-30.57],[141.9,-30.48],[142.49,-30.45],[143.09,-30.42],[144.15,-30.52],[145.22,-30.62],[146.06,-30.46],[146.98,-30.74]]]}},{"type":"Feature","properties":{"ma":45,"type":"gpml:TopologicalNetwork","name":"Inactive_Central_Atlantic_Mesh","pid":101,"deforming":true},"geometry":{"type":"Polygon","coordinates":[[[-42.57,39.21],[-42.91,39.42],[-43.53,39.73],[-44.07,39.79],[-44.78,40.24],[-45.31,40.38],[-46.21,40.14],[-47.16,40.08],[-48.12,40.01],[-48.93,39.5],[-49.46,39.09],[-49.81,38.81],[-50.3,38.58],[-50.85,38.44],[-51.56,38.65],[-52.48,39.05],[-53.34,39.17],[-54.04,39.17],[-54.24,39.16],[-54.51,39.01],[-54.89,38.82],[-55.03,38.75],[-55.14,38.69],[-55.24,38.63],[-55.33,38.56],[-55.6,38.39],[-55.93,38.16],[-56.06,38.06],[-56.27,37.91],[-56.42,37.82],[-56.54,37.73],[-56.74,37.6],[-56.94,37.47],[-57.09,37.34],[-57.45,37.28],[-57.8,37.39],[-58.11,37.5],[-58.6,37.64],[-58.87,37.55],[-59.13,37.5],[-59.45,37.5],[-59.79,37.46],[-60.14,37.46],[-60.38,37.45],[-60.66,37.46],[-60.94,37.52],[-61.3,37.57],[-61.52,37.62],[-61.85,37.47],[-62.02,37.42],[-62.47,37.41],[-63.27,37.27],[-63.91,36.98],[-64.47,36.49],[-64.76,35.83],[-65.13,35.32],[-65.28,35.02],[-65.29,34.6],[-65.26,34.19],[-65.32,33.63],[-65.79,33.13],[-66.24,32.64],[-66.69,32.19],[-67.05,31.82],[-67.66,31.29],[-68.01,30.82],[-68.84,30.59],[-69.72,30.33],[-70.61,30.05],[-71,29.7],[-71.29,29.35],[-70.93,29.02],[-70.88,28.81],[-71.09,28.37],[-70.93,27.87],[-70.74,26.96],[-70.65,26.65],[-70.61,26.22],[-70.62,26.14],[-70.62,26.14],[-71.09,26.19],[-71.85,26.33],[-72.57,26.64],[-73.08,27.18],[-73.59,27.56],[-74.22,27.88],[-74.77,28.27],[-74.96,28.78],[-75.74,29.12],[-76.33,29.51],[-76.92,29.89],[-76.92,29.89],[-76.31,30.08],[-75.98,30.14],[-75.71,30.48],[-75.33,30.92],[-74.96,31.3],[-74.59,31.64],[-74.49,31.86],[-74.11,32],[-73.77,32.13],[-73.19,32.36],[-72.48,32.58],[-71.77,32.8],[-71.19,33.3],[-70.71,33.8],[-70.58,34.58],[-70.47,35.21],[-69.76,35.6],[-68.91,36.22],[-68.53,36.56],[-68,37.08],[-67.47,37.59],[-67.19,38.06],[-67.03,38.51],[-66.53,38.71],[-66.38,38.82],[-66.07,38.83],[-65.68,38.77],[-65.32,38.79],[-64.75,38.97],[-64.44,39.02],[-64.22,39.03],[-63.84,39.31],[-63.45,39.6],[-62.86,39.76],[-62.44,40.09],[-62.22,40.67],[-61.91,40.77],[-61.4,40.65],[-60.75,40.94],[-60.14,40.98],[-59.14,41.06],[-58.12,41.22],[-57.45,41.38],[-56.43,41.52],[-55.76,41.82],[-54.85,42.21],[-54.07,42.47],[-53.34,42.59],[-52.49,42.71],[-52.04,42.72],[-51.4,42.6],[-50.53,42.51],[-49.77,42.54],[-49.12,42.55],[-48.45,42.53],[-47.76,42.48],[-46.92,42.39],[-45.98,42.18],[-45.11,41.95],[-44.1,41.77],[-43.68,41.63],[-43.49,41.4],[-43.21,41.29],[-43.05,41.13],[-42.92,41.02],[-42.72,40.83],[-42.41,40.61],[-42.51,40.51],[-42.71,40.42],[-43.12,40.46],[-43.11,40.26],[-42.98,40.03],[-42.55,40.17],[-42.49,40.17],[-42.33,40.12],[-42.38,39.91],[-42.46,39.5],[-42.13,39.39],[-42.13,39.39],[-42.57,39.21]]]}},{"type":"Feature","properties":{"ma":45,"type":"gpml:TopologicalNetwork","name":"Inactive Deforming Network","pid":701,"deforming":true},"geometry":{"type":"Polygon","coordinates":[[[-1.01,-1.47],[-1.81,-1.08],[-2.61,-0.68],[-2.61,-0.68],[-1.88,-0.22],[-1.46,0.04],[-1.46,0.04],[-1.16,-0.02],[-0.39,-0.24],[0.03,-0.51],[0.45,-0.77],[0.8,-1.24],[1.16,-1.7],[1.45,-2.44],[1.45,-3.05],[1.45,-3.67],[1.22,-4.38],[0.98,-5.09],[0.74,-5.79],[0.86,-6.3],[0.98,-6.8],[1.18,-7.78],[1.16,-8.64],[1.23,-9.19],[1.3,-9.74],[1.6,-10.21],[1.9,-10.68],[2.5,-11.12],[2.94,-11.89],[3.14,-12.35],[3.35,-12.81],[3.48,-13.66],[3.57,-14.48],[3.82,-15.29],[4.2,-16.21],[4.47,-17.04],[4.47,-17.71],[4.37,-18.26],[4.26,-18.81],[3.84,-19.58],[3.49,-19.96],[3.13,-20.34],[2.59,-21.18],[2.37,-21.7],[2.16,-22.22],[1.94,-22.83],[1.71,-23.44],[1.56,-23.98],[1.41,-24.52],[1.56,-25.46],[1.76,-26.08],[1.97,-26.7],[2.13,-27.18],[2.3,-27.66],[2.56,-28.5],[3.01,-29.34],[3.16,-30],[3.31,-30.65],[3.51,-31.6],[3.59,-32.15],[3.67,-32.7],[3.79,-33.27],[3.9,-33.83],[4.04,-34.37],[4.17,-34.91],[4.68,-35.71],[5.24,-36.54],[5.54,-37.08],[5.84,-37.62],[6.03,-38.25],[6.22,-38.88],[6.41,-39.8],[6.6,-40.73],[6.86,-41.33],[7.13,-41.92],[7.67,-42.36],[8.22,-42.8],[8.81,-43.32],[9.41,-43.83],[10.24,-44.39],[10.24,-44.39],[9.57,-44.72],[8.9,-45.05],[8.9,-45.05],[8.37,-44.61],[7.85,-44.17],[7.86,-44.12],[7.16,-43.47],[6.82,-43.15],[6.28,-42.65],[5.82,-42.19],[5.45,-41.81],[4.92,-41.19],[4.68,-40.91],[4.19,-40.24],[3.66,-39.51],[3.4,-39.05],[3.11,-38.53],[2.92,-38.18],[2.85,-38],[2.63,-37.4],[2.44,-36.87],[2.4,-36.75],[2.26,-36.24],[2.12,-35.73],[2.1,-35.65],[1.93,-34.89],[1.92,-34.85],[1.8,-34.14],[1.77,-33.95],[1.72,-33.39],[1.69,-33.05],[1.63,-32.64],[1.56,-32.15],[1.5,-31.89],[1.35,-31.27],[1.31,-31.12],[1.15,-30.39],[1.15,-30.35],[1.14,-29.59],[1.14,-29.48],[1.08,-28.82],[1.06,-28.58],[0.95,-28.04],[0.88,-27.69],[0.82,-27.29],[0.76,-26.79],[0.74,-26.51],[0.7,-25.88],[0.7,-25.76],[0.69,-25.18],[0.68,-24.98],[0.69,-24.87],[0.71,-24.67],[0.72,-24.48],[0.75,-24.17],[0.75,-24.07],[0.82,-23.7],[0.92,-23.18],[0.93,-23.13],[1.1,-22.61],[1.19,-22.31],[1.38,-21.98],[1.64,-21.51],[1.81,-20.95],[1.9,-20.63],[1.93,-20.38],[2,-19.73],[2.01,-19.58],[2.05,-18.83],[2.02,-18.68],[1.84,-17.94],[1.81,-17.89],[1.49,-17.19],[1.46,-17.11],[1.21,-16.44],[1.15,-16.27],[1.08,-15.62],[1.06,-15.37],[1.01,-14.81],[0.97,-14.46],[0.94,-14.02],[0.9,-13.55],[0.87,-13.19],[0.82,-12.65],[0.66,-12.4],[0.35,-11.92],[0.22,-11.82],[-0.35,-11.33],[-0.4,-11.26],[-0.83,-10.61],[-0.85,-10.58],[-1.02,-9.94],[-1.08,-9.72],[-0.99,-9.26],[-0.9,-8.83],[-0.83,-8.48],[-0.73,-7.94],[-0.73,-7.77],[-0.73,-7.18],[-0.73,-7.04],[-0.67,-6.88],[-0.48,-6.36],[-0.42,-6.2],[0.2,-5.54],[0.56,-4.75],[0.87,-4.01],[0.91,-3.91],[0.87,-3.06],[0.86,-3.02],[0.37,-2.45],[0.28,-2.35],[-0.28,-1.92],[-0.44,-1.8],[-1,-1.44],[-1.01,-1.47]]]}},{"type":"Feature","properties":{"ma":45,"type":"gpml:TopologicalNetwork","name":"Inactive Deforming Network","pid":201,"deforming":true},"geometry":{"type":"Polygon","coordinates":[[[-27.32,-8.58],[-27.11,-9.16],[-27.05,-9.34],[-26.89,-9.99],[-26.86,-10.11],[-26.71,-10.85],[-26.7,-10.88],[-26.57,-11.61],[-26.56,-11.67],[-26.72,-12.16],[-26.94,-12.7],[-27.08,-12.97],[-27.14,-13.09],[-27.78,-13.56],[-28.13,-13.73],[-28.51,-13.92],[-29.04,-14.52],[-29.16,-14.69],[-29.52,-15.16],[-29.72,-15.45],[-29.97,-15.82],[-30.27,-16.22],[-30.45,-16.47],[-30.79,-17.15],[-30.81,-17.18],[-30.65,-17.95],[-30.62,-18.03],[-30.39,-18.71],[-30.3,-18.85],[-29.94,-19.38],[-29.9,-19.67],[-29.84,-20.16],[-29.91,-20.51],[-30,-20.94],[-30.14,-21.37],[-30.26,-21.7],[-30.39,-22.23],[-30.45,-22.48],[-30.53,-23.08],[-30.55,-23.27],[-30.61,-23.98],[-30.61,-24.07],[-30.79,-24.84],[-30.79,-24.9],[-30.81,-25.64],[-30.82,-25.79],[-30.88,-26.44],[-30.95,-26.57],[-31.2,-27.14],[-31.48,-27.38],[-31.78,-27.64],[-31.94,-28.07],[-32.05,-28.39],[-32.33,-28.63],[-32.62,-28.88],[-33.31,-29.31],[-33.36,-29.35],[-33.96,-29.8],[-34.5,-30.13],[-34.65,-30.22],[-35.42,-30.51],[-36.22,-30.68],[-37.03,-30.86],[-37.28,-30.94],[-37.81,-31.11],[-38.43,-31.6],[-38.5,-31.71],[-38.86,-32.27],[-38.98,-32.53],[-39.2,-32.99],[-39.46,-33.36],[-39.67,-33.65],[-40.01,-34.09],[-40.17,-34.28],[-40.62,-34.81],[-40.7,-34.9],[-41.21,-35.53],[-41.23,-35.56],[-41.71,-36.16],[-41.77,-36.3],[-42.05,-36.89],[-42.16,-37.15],[-42.37,-37.62],[-42.55,-38.02],[-42.7,-38.35],[-42.99,-38.89],[-43.08,-39.06],[-43.48,-39.71],[-43.5,-39.75],[-43.95,-40.42],[-43.99,-40.49],[-44.38,-41.08],[-44.77,-41.67],[-44.87,-41.78],[-45.3,-42.26],[-45.57,-42.84],[-45.7,-43.02],[-45.97,-43.36],[-46.4,-43.85],[-46.78,-44.29],[-47.23,-44.77],[-47.68,-45.24],[-48.24,-45.93],[-48.48,-46.24],[-48.81,-46.93],[-49.02,-47.38],[-49.23,-47.94],[-49.47,-48.55],[-49.56,-48.95],[-49.73,-49.78],[-49.9,-50.35],[-50.07,-50.91],[-50.13,-51.35],[-50.13,-51.35],[-51.57,-51.16],[-51.57,-51.16],[-51.75,-50.45],[-51.77,-49.96],[-51.75,-49.46],[-51.74,-48.96],[-51.57,-48.27],[-51.4,-47.57],[-51.15,-46.87],[-50.82,-46.24],[-50.2,-45.34],[-49.64,-44.68],[-49.1,-44.01],[-48.57,-43.34],[-48.1,-42.66],[-47.71,-42.12],[-47.33,-41.57],[-47.03,-41.31],[-46.39,-40.72],[-45.76,-40.12],[-45.26,-39.63],[-44.77,-39.14],[-44.35,-38.34],[-44.04,-37.52],[-43.63,-36.68],[-43.18,-35.95],[-42.88,-35.35],[-42.38,-34.52],[-41.9,-33.72],[-41.55,-32.9],[-41.43,-32.73],[-40.97,-32.27],[-40.65,-31.32],[-40.71,-30.41],[-40.63,-29.88],[-40.55,-29.35],[-40.19,-28.9],[-39.83,-28.46],[-38.93,-27.86],[-38.38,-27.61],[-37.84,-27.36],[-37.02,-26.98],[-36.25,-26.81],[-35.48,-26.63],[-34.82,-26.42],[-34.16,-26.21],[-33.56,-25.59],[-33.35,-25.12],[-33.12,-24.64],[-32.72,-24.01],[-32.62,-23.39],[-32.55,-22.86],[-32.44,-22.42],[-32.22,-21.86],[-32.12,-21.29],[-31.93,-20.92],[-31.93,-20.5],[-31.8,-20.02],[-31.62,-19.52],[-31.57,-18.9],[-31.58,-18.25],[-31.46,-17.71],[-31.58,-17.11],[-31.55,-16.61],[-31.49,-16.26],[-31.25,-15.55],[-31.19,-15.06],[-31.19,-14.62],[-31.22,-14.09],[-31.27,-13.64],[-31.35,-13.2],[-31.29,-12.83],[-31.12,-12.56],[-30.91,-12.33],[-30.47,-12.02],[-30.29,-11.78],[-31.14,-11.86],[-31.99,-11.51],[-32.49,-11.22],[-32.82,-11.43],[-32.85,-11.86],[-33.23,-11.88],[-33.59,-11.62],[-33.8,-11.23],[-33.68,-10.95],[-33.31,-10.53],[-32.93,-10.1],[-32.32,-9.85],[-31.95,-9.48],[-31.63,-9.53],[-31.31,-9],[-30.95,-8.71],[-30.31,-8.52],[-29.95,-8.19],[-30.03,-7.82],[-30.25,-7.64],[-30.25,-7.64],[-29.59,-7.52],[-28.92,-7.39],[-28.92,-7.39],[-28.65,-7.51],[-28.21,-7.72],[-27.77,-8.15],[-27.32,-8.58]]]}},{"type":"Feature","properties":{"ma":45,"type":"gpml:TopologicalNetwork","name":"Inactive Deforming Network","pid":201,"deforming":true},"geometry":{"type":"Polygon","coordinates":[[[-42.39,0.45],[-42.25,0.32],[-41.58,-0.42],[-41.15,-0.78],[-40.82,-1.06],[-40.15,-1.81],[-39.84,-2.07],[-39.4,-2.45],[-38.54,-2.96],[-38.42,-3.02],[-37.7,-3.37],[-37.64,-3.4],[-37.29,-3.71],[-36.9,-4.06],[-36.81,-4.18],[-36.27,-4.84],[-35.95,-5.07],[-35.48,-5.39],[-34.48,-5.45],[-33.98,-5.45],[-33.48,-5.45],[-33.22,-5.48],[-32.49,-5.56],[-32.36,-5.61],[-31.87,-5.83],[-31.57,-5.95],[-31.21,-6.18],[-30.73,-6.49],[-30.38,-6.75],[-29.91,-6.95],[-29.44,-7.16],[-28.92,-7.39],[-28.92,-7.39],[-29.59,-7.52],[-30.25,-7.64],[-30.25,-7.64],[-30.29,-7.61],[-30.83,-7.49],[-31.38,-7.32],[-31.74,-7.16],[-31.74,-7.16],[-31.97,-7.07],[-32.55,-6.9],[-33.3,-6.79],[-33.98,-6.81],[-34.66,-6.84],[-35.54,-6.73],[-36.42,-6.61],[-37.35,-6.28],[-38.2,-5.85],[-39.09,-5.4],[-39.92,-5.07],[-40.47,-4.86],[-41.02,-4.64],[-41.53,-4.42],[-42.05,-4.2],[-42.62,-3.98],[-43.19,-3.77],[-43.54,-3.39],[-43.9,-3.01],[-44.12,-2.52],[-44.34,-2.02],[-44.47,-1.47],[-44.59,-0.91],[-44.85,-0.42],[-45.11,0.08],[-45.81,0.78],[-46.35,1.36],[-46.74,1.86],[-47.12,2.36],[-47.5,3.02],[-47.63,3.95],[-47.68,4.63],[-47.94,5.02],[-48.06,5.12],[-48.06,5.12],[-48.06,5.34],[-47.89,5.62],[-47.31,5.58],[-46.77,5],[-46.06,4.74],[-45.74,4.65],[-45.74,4.65],[-45.68,4.11],[-45.6,3.56],[-45.51,3.01],[-45.15,2.32],[-44.46,1.85],[-43.77,1.38],[-43.08,0.92],[-42.39,0.45]]]}},{"type":"Feature","properties":{"ma":45,"type":"gpml:TopologicalNetwork","name":"Deforming Network","pid":714,"deforming":true},"geometry":{"type":"Polygon","coordinates":[[[-20.74,1.5],[-21.41,1.93],[-22.07,2.36],[-22.66,2.87],[-22.94,3.36],[-23.22,3.84],[-23.57,4.52],[-23.57,4.52],[-22.98,4.63],[-22.38,4.74],[-22.38,4.74],[-22.14,4.09],[-21.89,3.44],[-21.24,2.89],[-20.66,2.77],[-20.07,2.65],[-19.52,2.06],[-18.96,1.47],[-18.4,0.9],[-17.84,0.34],[-17.2,-0.11],[-16.55,-0.55],[-15.85,-0.76],[-15.02,-0.66],[-14.19,-0.56],[-13.38,-0.54],[-12.57,-0.51],[-11.59,-0.61],[-10.96,-0.78],[-10.33,-0.95],[-9.56,-0.8],[-8.79,-0.65],[-8.05,-0.35],[-7.31,-0.05],[-6.83,0.12],[-6.34,0.29],[-5.38,0.37],[-4.43,0.45],[-3.63,0.36],[-2.84,0.27],[-2.04,0.18],[-1.47,0.04],[-1.47,0.04],[-1.88,-0.22],[-2.61,-0.68],[-2.61,-0.68],[-2.99,-0.5],[-3.62,-0.41],[-4.25,-0.32],[-4.89,-0.35],[-5.67,-0.4],[-6.53,-0.6],[-7.07,-0.73],[-7.74,-0.97],[-8.41,-1.21],[-8.74,-1.32],[-9.26,-1.49],[-9.77,-1.67],[-9.88,-1.64],[-10.17,-1.58],[-10.5,-1.52],[-11.09,-1.4],[-11.46,-1.29],[-11.96,-1.14],[-12.46,-1],[-12.79,-1.03],[-13.32,-1.09],[-13.86,-1.15],[-14.47,-1.25],[-15.08,-1.36],[-15.28,-1.39],[-15.98,-1.42],[-16.69,-1.45],[-16.77,-1.42],[-17.47,-1.13],[-18,-0.9],[-18.2,-0.71],[-18.8,-0.14],[-19.04,0.09],[-19.35,0.38],[-19.97,0.96],[-20.08,1.07],[-20.74,1.5]]]}},{"type":"Feature","properties":{"ma":45,"type":"gpml:TopologicalNetwork","name":"Inactive_Southern_Central_Atlantic_Mesh","pid":714,"deforming":true},"geometry":{"type":"Polygon","coordinates":[[[-23.11,8.72],[-23.17,8.47],[-23.09,8.23],[-23.24,7.76],[-23.26,7.3],[-22.98,6.55],[-22.66,5.69],[-22.33,5.2],[-21.73,4.86],[-21.12,4.51],[-20.53,3.79],[-20.21,3.14],[-19.71,2.41],[-19.72,2.27],[-19.72,2.27],[-20.07,2.65],[-20.66,2.77],[-21.24,2.89],[-21.89,3.44],[-22.14,4.1],[-22.39,4.76],[-22.39,4.76],[-22.43,4.76],[-22.96,4.65],[-23.29,4.57],[-23.57,4.59],[-24.31,4.49],[-24.94,4.84],[-25.49,5.26],[-25.44,5.89],[-25.37,6.45],[-24.97,6.98],[-24.97,6.98],[-24.95,7.24],[-24.89,7.54],[-24.88,7.79],[-24.82,8.04],[-24.93,8.26],[-24.88,8.62],[-24.8,8.94],[-24.8,8.94],[-23.94,8.89],[-23.08,8.83],[-23.11,8.72]]]}},{"type":"Feature","properties":{"ma":45,"type":"gpml:TopologicalNetwork","name":"Inactive_Rockall_DFM","pid":102,"deforming":true},"geometry":{"type":"Polygon","coordinates":[[[-35.3,74.44],[-35.22,74.06],[-35.14,73.68],[-35.4,73.37],[-35.71,72.88],[-35.57,72.42],[-34.8,72.06],[-34.36,71.48],[-33.75,70.83],[-33.36,70.06],[-33.22,69.45],[-33.22,68.8],[-33.75,68.17],[-34.18,67.54],[-34.18,66.94],[-33.87,66.23],[-34.14,65.78],[-34.23,65.36],[-34.21,64.71],[-34.14,63.9],[-34.5,63.44],[-34.6,62.77],[-34.79,62.21],[-35.05,61.56],[-35.64,61.18],[-35.9,60.71],[-36.17,60],[-36.43,59.44],[-36.38,58.76],[-36.28,58.25],[-35.78,57.45],[-35.15,56.94],[-34.55,56.31],[-33.83,55.86],[-33.46,55.4],[-33.41,55.04],[-33.11,54.75],[-32.92,54.26],[-32.64,53.87],[-32.64,53.87],[-32.88,53.61],[-32.88,53.61],[-32.92,53.62],[-33.63,53.78],[-34.27,54.11],[-34.63,54],[-35.07,53.99],[-35.67,54.03],[-36.6,54.17],[-37.3,54.36],[-37.7,54.73],[-38.22,55.1],[-38.72,55.54],[-39.21,55.94],[-39.79,56.39],[-40.33,56.85],[-41.12,57.36],[-41.77,57.85],[-42.42,58.32],[-42.92,58.42],[-44.65,58.8],[-44.65,58.8],[-44.67,58.81],[-44.74,58.95],[-44.79,59.05],[-44.86,59.18],[-44.87,59.32],[-44.89,59.44],[-44.92,59.74],[-44.68,59.91],[-44.47,60.06],[-44.37,60.4],[-43.95,60.81],[-43.77,61.12],[-43.35,61.55],[-43.19,61.8],[-42.63,61.9],[-42.21,62.15],[-42.03,62.52],[-41.73,62.9],[-41.11,63.43],[-40.76,63.87],[-40.39,64.2],[-40.02,64.52],[-40.03,64.81],[-40.2,65.28],[-40.33,65.78],[-40.38,65.97],[-40.38,65.97],[-40.42,66.09],[-40.42,66.35],[-40.53,66.69],[-40.64,67.14],[-40.96,67.57],[-41.15,67.86],[-41.27,68.2],[-41.42,68.57],[-41.72,69.16],[-41.93,69.6],[-42.04,69.95],[-42.36,70.38],[-42.86,70.92],[-43.94,71.35],[-44.83,71.53],[-45.54,71.87],[-45.92,72.16],[-46.21,72.3],[-46.55,72.46],[-46.84,72.62],[-46.7,72.85],[-47,73.15],[-46.76,73.49],[-46.76,73.51],[-46.76,73.51],[-46.74,73.51],[-46.2,73.5],[-45.57,73.5],[-45.22,73.78],[-44.88,74.03],[-44.58,74.26],[-43.61,74.32],[-42.31,74.4],[-41.68,74.61],[-40.87,74.86],[-39.52,74.9],[-37.83,74.94],[-36.97,74.86],[-35.86,74.76],[-35.74,74.76],[-35.3,74.44]]]}},{"type":"Feature","properties":{"ma":45,"type":"gpml:TopologicalNetwork","name":"Inactive_Rockall_DFM","pid":101,"deforming":true},"geometry":{"type":"Polygon","coordinates":[[[-54.25,70.41],[-53.45,70.59],[-52.74,70.74],[-52.38,70.82],[-52,70.83],[-51.4,70.84],[-50.93,70.85],[-50.93,70.85],[-50.56,70.36],[-49.82,69.86],[-48.73,69.41],[-47.73,68.94],[-46.58,68.24],[-46.33,68.04],[-46.33,68.04],[-46.32,68],[-45.94,67.7],[-45.48,67.35],[-44.95,66.76],[-44.72,66.4],[-44.38,65.81],[-44.11,65.17],[-43.65,64.29],[-43.42,63.79],[-43.43,63.01],[-43.57,62.57],[-43.59,62.67],[-43.77,62.34],[-44.5,61.72],[-44.96,61.16],[-45.51,60.73],[-46.03,60.13],[-46.39,59.56],[-46.37,59.04],[-46.47,58.98],[-46.47,58.98],[-46.82,58.71],[-47.23,58.2],[-47.26,57.6],[-47.28,56.98],[-47.16,56.7],[-47.06,56.47],[-46.98,56.27],[-46.81,56.05],[-46.66,55.83],[-46.65,55.82],[-46.47,55.71],[-46.28,55.56],[-45.98,55.34],[-45.67,55.09],[-45.41,54.84],[-45.02,54.52],[-44.73,54.15],[-44.42,53.74],[-44.12,53.51],[-43.88,53.3],[-43.69,53.07],[-43.4,52.76],[-42.98,52.42],[-42.78,52.25],[-42.58,52.11],[-42.11,51.91],[-41.92,51.76],[-41.8,51.55],[-41.62,51.33],[-41.36,51.06],[-41.23,50.93],[-41.04,50.69],[-40.43,50.35],[-39.83,50.01],[-39.83,50.01],[-39.89,49.61],[-39.68,49.17],[-39.5,48.71],[-39.43,48.42],[-39.18,48.21],[-38.98,47.96],[-38.83,47.66],[-38.76,47.51],[-38.65,47.4],[-38.65,47.4],[-39.36,47.38],[-40.49,47.35],[-40.49,47.35],[-40.83,47.61],[-41.64,48.13],[-42.45,48.51],[-43.48,48.9],[-44.01,49.26],[-44.46,49.64],[-44.94,49.93],[-45.41,50.27],[-45.86,50.56],[-46.35,50.93],[-46.63,51.21],[-47.06,51.5],[-47.72,52.17],[-48.16,52.91],[-48.51,53.49],[-48.71,53.81],[-48.95,54.18],[-49.33,54.65],[-49.74,55.26],[-49.99,55.72],[-50.3,55.92],[-50.69,56.16],[-50.99,56.5],[-51.41,57.1],[-51.54,57.73],[-51.59,58.23],[-51.27,58.74],[-51.24,59.2],[-50.97,59.9],[-50.75,60.42],[-50.62,60.83],[-50.18,61.21],[-49.85,61.52],[-49.45,62.08],[-49.32,62.61],[-49.04,63.01],[-48.75,63.41],[-48.97,64],[-49.17,64.37],[-49.62,64.62],[-49.95,64.88],[-50.15,65.22],[-50.09,65.57],[-50.15,65.98],[-50.25,66.45],[-50.6,66.85],[-51.01,67.31],[-51.53,67.7],[-51.99,68.09],[-53.03,68.5],[-53.74,68.86],[-54.51,69.42],[-55.11,69.67],[-55.36,70.02],[-54.25,70.41]]]}},{"type":"Feature","properties":{"ma":45,"type":"gpml:TopologicalNetwork","name":"Inactive_Rockall_DFM","pid":102,"deforming":true},"geometry":{"type":"Polygon","coordinates":[[[-32.64,53.87],[-31.98,54.53],[-31.6,54.82],[-31.44,55.17],[-31.03,55.59],[-30.71,56],[-30.44,56.32],[-30.33,56.75],[-29.87,57.01],[-29.24,57.34],[-28.56,57.73],[-27.96,58.05],[-27.48,58.45],[-26.98,58.74],[-26.53,58.9],[-26.12,58.96],[-25.72,59.21],[-25.32,59.42],[-24.73,59.6],[-24.31,59.85],[-23.77,59.99],[-23.34,60.08],[-22.73,60.29],[-22.17,60.52],[-21.59,60.87],[-20.9,61],[-20.32,61.14],[-19.69,61.24],[-19.03,61.42],[-18.69,61.59],[-17.9,61.7],[-17.16,61.88],[-16.44,61.96],[-15.82,62.1],[-15.25,62.28],[-14.57,62.57],[-13.9,62.79],[-13.48,63.03],[-13.34,63.42],[-13.32,63.63],[-13.5,63.88],[-13.59,64.19],[-13.72,64.42],[-13.27,64.66],[-13.08,64.95],[-12.66,65.25],[-12.34,65.65],[-12.04,65.97],[-11.73,66.31],[-11.57,66.63],[-11.18,66.94],[-10.51,67.16],[-9.96,67.42],[-9.27,67.64],[-8.87,67.88],[-8.15,67.97],[-7.46,68.24],[-7.26,68.51],[-6.84,68.88],[-6.45,69.28],[-5.93,69.62],[-5.43,70.01],[-4.71,70.44],[-4.06,70.85],[-3.75,71.15],[-3.57,71.28],[-3.57,71.28],[-1.99,70.99],[-0.6,70.57],[0.65,70.22],[1.54,69.93],[1.57,69.92],[1.57,69.92],[2.3,69.25],[2.3,69.25],[2.4,68.72],[1.77,68.55],[0.11,68.33],[-1.51,68.09],[-1.95,67.95],[-2.8,67.77],[-3.8,67.59],[-4.81,67.25],[-5.7,66.98],[-6.02,66.9],[-6.58,66.8],[-7.24,66.73],[-7.72,66.72],[-8.39,66.69],[-9.09,66.56],[-10.3,66.11],[-10.63,65.83],[-10.74,65.7],[-10.88,65.31],[-10.54,64.96],[-10.59,64.78],[-10.76,64.46],[-10.94,64.12],[-11.02,63.97],[-11.5,63.59],[-11.87,63.16],[-12.21,62.93],[-12.67,62.7],[-13.54,62.28],[-13.88,62.15],[-14.44,61.97],[-15.12,61.74],[-15.45,61.64],[-15.76,61.57],[-16.34,61.43],[-17.11,61.28],[-18.14,61.14],[-18.84,60.98],[-19.23,60.93],[-19.65,60.81],[-20.51,60.32],[-21.6,59.91],[-23.03,59.43],[-23.9,58.95],[-24.4,58.56],[-24.89,58.29],[-25.47,58.05],[-26.28,57.7],[-27.71,57.23],[-28.6,56.37],[-29.46,55.51],[-29.97,54.88],[-30.52,54.29],[-31.39,53.76],[-31.72,53.57],[-32.33,53.53],[-32.33,53.53],[-32.53,53.71],[-32.64,53.87]]]}},{"type":"Feature","properties":{"ma":45,"type":"gpml:TopologicalNetwork","name":"Inactive_Rockall_DFM","pid":301,"deforming":true},"geometry":{"type":"Polygon","coordinates":[[[5.68,66.45],[5.67,66.45],[5.34,66.24],[4.63,65.97],[3.95,65.73],[2.93,65.29],[2.06,64.95],[1.23,64.64],[0.98,64.36],[0.81,64.09],[0.46,63.77],[0.08,63.41],[-0.72,63.03],[-1.52,62.81],[-2.18,62.56],[-3.12,62.29],[-3.43,62.02],[-3.6,61.67],[-3.45,61.4],[-3.35,60.94],[-3.57,60.69],[-3.9,60.15],[-4.36,59.9],[-4.86,59.57],[-5.48,59.23],[-5.71,58.92],[-6.19,58.67],[-6.78,58.32],[-7.39,58.15],[-8.29,58.08],[-9.11,57.93],[-9.83,57.71],[-10.3,57.51],[-10.78,57.16],[-11.25,56.9],[-11.57,56.78],[-12.02,56.76],[-12.5,56.61],[-12.82,56.46],[-13.38,56.41],[-13.96,56.28],[-14.64,56.14],[-15,55.96],[-15.62,55.81],[-16.44,55.71],[-17.2,55.66],[-18,55.61],[-18.76,55.46],[-19.2,55.35],[-19.69,55.13],[-20.14,54.75],[-20.21,54.57],[-20.23,54.3],[-20.65,54.07],[-20.98,53.72],[-21.1,53.45],[-21.17,53.07],[-21.33,52.8],[-21.64,52.51],[-21.85,52.33],[-22.39,52.21],[-22.74,52.01],[-22.98,51.83],[-23.13,51.5],[-23.33,51.17],[-23.52,50.81],[-23.76,50.36],[-23.9,50],[-24.32,49.7],[-24.98,49.14],[-25.63,48.57],[-25.63,48.57],[-25.74,48.64],[-25.91,48.75],[-26.04,49.01],[-26.16,49.25],[-26.35,49.6],[-26.45,49.79],[-26.75,49.94],[-26.99,50.2],[-27.11,50.41],[-27.15,50.6],[-27.16,50.78],[-27.17,50.96],[-27.26,51.07],[-27.26,51.07],[-26.84,51.41],[-26.57,51.62],[-26.23,51.88],[-25.78,52.4],[-25.3,52.7],[-25.05,52.99],[-24.69,53.21],[-24.14,53.69],[-23.46,54.47],[-23.15,54.76],[-22.99,54.9],[-22.45,55.17],[-21.96,55.43],[-21.37,55.47],[-20.87,55.51],[-20.34,55.56],[-19.62,55.95],[-18.81,56.08],[-18.18,56.58],[-17.81,56.84],[-16.76,57.21],[-15.68,57.56],[-14.99,57.88],[-14.34,58.13],[-13.63,58.32],[-12.67,58.41],[-11.25,58.55],[-10.42,58.67],[-9.69,58.86],[-8.74,59.09],[-7.79,59.32],[-5.96,59.67],[-5.86,59.87],[-6.13,60.21],[-6.34,60.46],[-5.49,60.88],[-4.81,61.16],[-4.78,61.35],[-5.15,61.49],[-5.63,61.8],[-6.07,62.05],[-6.33,62.28],[-6.24,62.52],[-6.18,63.04],[-5.71,63.3],[-4.66,63.54],[-4.4,63.61],[-4.04,63.72],[-2.19,64.16],[-0.52,64.79],[0.35,64.82],[1.01,65.02],[2.16,65.51],[3.17,65.76],[3.68,66.01],[4.26,66.12],[4.72,66.29],[5.68,66.45]]]}},{"type":"Feature","properties":{"ma":45,"type":"gpml:TopologicalNetwork","name":"Inactive_mesh","pid":702,"deforming":true},"geometry":{"type":"Polygon","coordinates":[[[41.71,-24.15],[41.68,-24.18],[41.66,-24.37],[41.39,-25.11],[41.08,-25.24],[41.07,-25.33],[41.12,-25.49],[41.05,-25.63],[40.84,-26.08],[40.84,-26.31],[40.68,-26.72],[40.4,-27.29],[40.35,-27.5],[40.32,-27.93],[39.98,-28.39],[39.88,-28.58],[39.91,-28.87],[39.9,-29.04],[39.8,-29.21],[39.8,-29.36],[39.68,-29.79],[39.67,-30.13],[39.67,-30.13],[39.61,-30.16],[39.38,-30.48],[39.3,-30.79],[39.28,-31.23],[39.08,-31.53],[39.03,-31.86],[38.91,-32.16],[38.91,-32.32],[39,-32.51],[38.89,-32.71],[38.64,-33.34],[38.26,-33.52],[37.65,-33.49],[37.65,-33.49],[38.03,-32.74],[38.4,-31.99],[38.76,-31.24],[38.91,-30.58],[39.06,-29.92],[39.21,-29.27],[39.46,-28.53],[39.7,-27.79],[39.95,-27.05],[40.11,-26.38],[40.27,-25.71],[40.42,-25.04],[40.62,-24.38],[40.82,-23.72],[41.01,-23.05],[41.16,-22.13],[41.3,-21.21],[41.3,-21.21],[41.36,-21.23],[41.34,-21.61],[41.48,-21.81],[41.49,-22.04],[41.57,-22.25],[41.47,-23.04],[41.89,-23.33],[41.78,-23.61],[41.71,-24.15]]]}},{"type":"Feature","properties":{"ma":45,"type":"gpml:TopologicalNetwork","name":"Inactive_mesh","pid":501,"deforming":true},"geometry":{"type":"Polygon","coordinates":[[[60.45,-10.02],[59.87,-9.72],[59.23,-10.01],[58.73,-9.91],[58.63,-9.37],[58.52,-8.82],[58.85,-8.28],[58.87,-7.78],[58.87,-7.78],[58.87,-7.22],[59.12,-6.96],[59.38,-6.34],[59.23,-5.84],[59.05,-5.32],[58.88,-4.79],[58.65,-3.98],[58.46,-3.1],[58.54,-2.66],[58.43,-1.8],[58.42,-1.33],[58.26,-0.47],[58.09,0.19],[57.98,0.46],[57.88,0.73],[57.72,1.13],[57.32,1.58],[56.89,2.16],[56.71,2.64],[56.52,3.11],[56.39,3.81],[56.23,4.52],[55.98,5.23],[55.6,5.71],[55.15,6.55],[54.9,7.04],[54.66,7.53],[54.43,8.1],[54.12,8.38],[53.93,8.97],[53.93,8.97],[54.78,9.21],[55.15,9.31],[55.15,9.31],[55.31,8.7],[55.62,8.07],[55.94,7.44],[56.19,6.81],[56.44,6.18],[56.68,5.54],[56.99,4.89],[57.29,4.23],[57.6,3.58],[57.87,2.85],[58.15,2.12],[58.42,1.39],[58.67,0.51],[58.92,-0.37],[59.17,-1.25],[59.31,-1.93],[59.46,-2.6],[59.6,-3.27],[59.8,-4.06],[60,-4.85],[60.19,-5.64],[60.39,-6.43],[60.62,-7.31],[60.86,-8.18],[61.1,-9.05],[61.31,-9.64],[61.31,-9.64],[60.71,-10.03],[60.45,-10.02]]]}},{"type":"Feature","properties":{"ma":45,"type":"gpml:TopologicalNetwork","name":"Inactive_Mesozoic Africa Basins","pid":701,"deforming":true},"geometry":{"type":"Polygon","coordinates":[[[6.8,27.03],[7.8,26.71],[8.8,26.38],[9.79,26.04],[10.78,25.7],[11.76,25.35],[12.74,25],[13.71,24.64],[13.71,24.64],[13.35,24.1],[13.29,23.37],[13.23,22.64],[13.16,21.91],[13.5,21.34],[13.83,20.78],[14.27,20.43],[14.72,20.08],[14.63,19.35],[14.54,18.62],[14.45,17.89],[13.82,17.58],[13.2,17.26],[12.36,17.21],[11.65,16.84],[10.93,16.47],[9.91,16.49],[8.89,16.5],[7.87,16.35],[7.15,16],[6.44,15.64],[5.82,15.61],[5.19,15.57],[4.58,15.23],[3.98,14.89],[4.23,14.29],[4.48,13.69],[4.62,13.11],[4.77,12.53],[5.13,12.05],[5.01,11.15],[5.3,10.49],[5.58,9.83],[5.84,9.33],[6.09,8.84],[6.35,8.27],[6.62,7.71],[6.7,7.21],[6.78,6.72],[6.47,6.05],[5.96,5.4],[5.96,5.4],[6.2,4.95],[6.37,4.68],[7.17,4.39],[7.39,3.97],[7.34,3.72],[7.64,3.23],[8.12,2.85],[8.62,2.93],[9.07,2.67],[9.52,2.41],[9.93,2.1],[10.34,1.79],[10.86,1.92],[11.38,2.05],[12.26,2.31],[13.14,2.57],[13.94,2.62],[14.75,2.67],[15.25,2.9],[15.76,3.13],[16.61,3.29],[17.46,3.45],[17.88,3.76],[18.31,4.06],[19.03,3.98],[19.86,4.42],[20.27,3.94],[20.86,3.22],[21.24,2.75],[21.61,2.28],[21.85,1.61],[22.09,0.93],[22.33,0.26],[22.77,-0.58],[23.17,-0.93],[23.58,-1.27],[24.14,-1.03],[24.52,-0.62],[24.18,0.11],[23.78,0.62],[23.38,1.14],[23.44,1.7],[23.51,2.27],[23.75,2.8],[23.99,3.33],[24.29,3.61],[24.65,3.49],[24.94,2.64],[25.24,1.8],[25.41,1.09],[25.59,0.38],[25.6,-0.17],[25.61,-0.73],[25.34,-1.13],[25.42,-1.99],[25.96,-2.79],[26.65,-2.81],[27.33,-2.83],[27.93,-3.02],[28.58,-2.5],[29.23,-1.98],[29.35,-1.37],[29.48,-0.77],[29.97,-0.22],[30.47,0.33],[30.84,0.71],[31.21,1.09],[31.94,1.49],[32.66,1.88],[33.38,2.27],[34.11,2.67],[35.07,2.93],[36.03,3.19],[37,3.45],[37.81,3.67],[38.63,3.88],[39.45,4.1],[40.25,4.31],[41.06,4.52],[41.86,4.73],[42.52,4.88],[43.19,5.03],[43.85,5.17],[44.61,5.32],[45.38,5.47],[46.15,5.62],[46.15,5.62],[45.94,4.92],[45.86,4.82],[45.86,4.82],[45.85,4.82],[45.1,4.62],[44.35,4.43],[43.59,4.23],[42.84,4.03],[42.03,3.75],[41.22,3.46],[40.41,3.17],[39.54,2.93],[38.67,2.69],[37.8,2.45],[36.92,2.24],[36.05,2.03],[35.17,1.82],[34.39,1.59],[33.62,1.35],[32.84,1.11],[32.36,0.67],[31.88,0.22],[31.3,-0.34],[30.72,-0.9],[30.19,-1.65],[29.65,-2.4],[29.11,-3.14],[28.38,-3.47],[27.65,-3.8],[26.81,-3.6],[25.97,-3.39],[25.13,-3.19],[24.47,-3.07],[23.81,-2.94],[23.16,-2.82],[22.39,-2.28],[21.63,-1.73],[21.44,-0.83],[20.97,-0.64],[20.5,-0.45],[20.19,0.16],[19.48,0.74],[18.78,1.31],[18.07,1.88],[17.36,2.45],[16.51,2.49],[15.66,2.52],[14.93,2.24],[14.2,1.95],[13.47,1.66],[12.53,1.44],[11.58,1.21],[10.64,0.99],[9.99,0.85],[9.33,0.71],[8.54,0.48],[7.75,0.24],[7.2,-0.12],[6.64,-0.49],[5.89,-0.68],[5.14,-0.86],[4.44,-0.92],[3.74,-0.98],[2.95,-1.4],[2.16,-1.83],[1.38,-2.25],[1.38,-2.25],[1.16,-1.7],[0.8,-1.24],[0.45,-0.77],[0.03,-0.51],[-0.39,-0.24],[-1.16,-0.02],[-1.46,0.04],[-1.46,0.04],[-1.29,0.15],[-1.09,0.26],[-1.09,0.26],[-1.43,0.91],[-1.66,1.55],[-2.31,2.18],[-2.86,2.55],[-3.17,3.25],[-3.49,3.94],[-4.05,4.37],[-4.61,4.74],[-4.54,5.16],[-4.65,5.82],[-4.95,6.3],[-5.13,6.91],[-5.31,7.52],[-5.48,8.44],[-5.77,9.2],[-6.48,9.46],[-7.11,9.74],[-7.42,10.15],[-7.59,10.62],[-7.76,11.1],[-7.92,11.81],[-7.7,12.47],[-6.99,12.89],[-6.83,12.34],[-6.67,11.8],[-6.2,10.94],[-5.49,10.68],[-4.83,10.95],[-4.6,11.57],[-4.36,12.19],[-3.8,12.57],[-3.23,12.96],[-2.3,13.16],[-1.38,13.37],[-0.99,13.71],[-0.59,14.06],[-0.06,14.62],[0.58,14.26],[1.21,13.9],[1.79,13.87],[2.36,13.83],[2.62,14.31],[2.88,14.8],[3.22,15.46],[3.56,16.12],[3.74,17.07],[3.92,18.01],[4.03,18.85],[4.14,19.69],[4.26,20.45],[4.38,21.2],[4.8,21.88],[5.22,22.56],[5.72,23.18],[6.23,23.8],[6.15,24.62],[6.07,25.43],[5.93,26.39],[5.79,27.34],[6.8,27.03]]]}},{"type":"Feature","properties":{"ma":45,"type":"gpml:TopologicalNetwork","name":"Inactive_Mesozoic Southern South America Deformation","pid":201,"deforming":true},"geometry":{"type":"Polygon","coordinates":[[[-50.46,-51.31],[-49.35,-51.44],[-49.35,-51.44],[-49.35,-51.56],[-49.1,-51.69],[-48.88,-51.66],[-48.29,-51.83],[-47.38,-52.11],[-46.46,-52.38],[-45.5,-52.64],[-44.53,-52.9],[-43.94,-52.97],[-43.74,-53.03],[-42.66,-53.2],[-41.4,-53.25],[-40.08,-53.23],[-39.67,-53.27],[-38.34,-53.25],[-37.01,-53.21],[-36.78,-53.24],[-35.73,-53.18],[-34.62,-53.09],[-33.66,-53.02],[-32.7,-52.95],[-32.47,-52.91],[-31.62,-52.87],[-30.11,-52.76],[-29.93,-52.74],[-29.88,-52.75],[-29.24,-53.06],[-29.24,-53.06],[-29.69,-53.6],[-30.45,-54.12],[-31.23,-54.63],[-32.1,-55.38],[-32.1,-55.38],[-32.22,-55.47],[-32.37,-55.52],[-33.28,-55.7],[-33.85,-55.98],[-34.27,-56.08],[-34.35,-56.16],[-34.35,-56.16],[-35.38,-56.08],[-36.39,-56],[-37.93,-55.88],[-39.48,-55.99],[-41.03,-56.07],[-42.23,-56.13],[-43.44,-56.17],[-44.62,-56.33],[-45.82,-56.48],[-47.54,-56.8],[-49.29,-57.09],[-50.36,-57.11],[-51.43,-57.11],[-52.51,-57.2],[-53.44,-57.34],[-54.59,-57.68],[-55.63,-57.98],[-56.54,-58.1],[-57.46,-58.22],[-59.13,-58.27],[-60.8,-58.3],[-62.47,-58.3],[-64.03,-57.87],[-65.55,-57.43],[-67.04,-56.96],[-68.03,-56.57],[-69,-56.18],[-69.95,-55.77],[-69.95,-55.77],[-70.01,-55.5],[-70.09,-55.13],[-70.18,-54.86],[-70.25,-54.55],[-70.29,-54.28],[-70.34,-54.12],[-70.45,-53.9],[-70.43,-53.39],[-70.38,-52.9],[-70.35,-52.6],[-70.16,-52.29],[-69.99,-51.9],[-69.7,-51.57],[-69.35,-51.15],[-69.25,-50.77],[-69.29,-50.4],[-69.23,-50.15],[-69.25,-49.76],[-69.22,-49.44],[-69.22,-49.35],[-69.23,-49.2],[-69.21,-48.82],[-69.17,-48.46],[-69.07,-48.22],[-68.96,-47.9],[-68.85,-47.55],[-68.76,-46.95],[-68.63,-46.46],[-68.55,-45.94],[-68.46,-45.52],[-68.4,-45.08],[-68.4,-44.73],[-68.37,-44.38],[-68.38,-43.99],[-68.33,-43.7],[-68.26,-43.33],[-68.08,-43.05],[-68.08,-43.05],[-67.08,-42.64],[-66.1,-42.22],[-65.12,-41.79],[-64.16,-41.35],[-63.22,-40.91],[-62.56,-40.29],[-61.92,-39.68],[-61.29,-39.06],[-60.67,-38.43],[-60.67,-38.43],[-60.61,-37.69],[-60.56,-36.94],[-60.56,-36.94],[-59.81,-37.13],[-58.87,-37.34],[-57.93,-37.54],[-56.71,-37.64],[-55.49,-37.73],[-54.48,-38.02],[-53.45,-38.31],[-52.69,-38.39],[-51.92,-38.47],[-50.95,-38.47],[-49.98,-38.47],[-49.33,-38.38],[-48.68,-38.28],[-47.84,-38.57],[-47.57,-39.07],[-46.92,-39.71],[-46.17,-39.97],[-45.63,-40],[-45.63,-40],[-45.76,-40.12],[-46.39,-40.72],[-47.03,-41.31],[-47.33,-41.57],[-47.71,-42.12],[-48.1,-42.66],[-48.57,-43.34],[-49.1,-44.01],[-49.64,-44.68],[-50.2,-45.34],[-50.82,-46.24],[-51.15,-46.87],[-51.4,-47.57],[-51.57,-48.27],[-51.74,-48.96],[-51.75,-49.46],[-51.77,-49.96],[-51.75,-50.45],[-51.57,-51.16],[-50.46,-51.31]]]}},{"type":"Feature","properties":{"ma":45,"type":"gpml:TopologicalNetwork","name":"Inactive_ant_Zealandia_deformation_network","pid":813,"deforming":true},"geometry":{"type":"MultiPolygon","coordinates":[[[[180,-57.36],[180,-58.32],[180,-59.28],[180,-60.25],[180,-61.21],[180,-62.17],[179.7,-62.2],[178.04,-62.16],[177.15,-61.82],[176.95,-61.58],[176.95,-61.58],[177.18,-61.33],[177.84,-60.59],[178.47,-59.85],[178.6,-58.98],[178.75,-58.01],[179.23,-57.34],[179.77,-56.59],[180,-56.39],[180,-57.36]]],[[[-180,-61.21],[-180,-60.25],[-180,-59.28],[-180,-58.32],[-180,-57.36],[-180,-56.39],[-179.38,-55.85],[-178.78,-55.31],[-177.61,-54.62],[-176.49,-53.91],[-175.59,-53.37],[-174.72,-52.82],[-173.87,-52.27],[-173.25,-51.64],[-173.37,-50.88],[-172.73,-50.77],[-171.42,-50.54],[-170.2,-50.3],[-169.38,-50.16],[-168.56,-50.02],[-168.19,-49.95],[-167.67,-49.85],[-167.08,-49.73],[-166.36,-49.59],[-165.3,-49.51],[-164.25,-49.42],[-163.65,-49.06],[-163.05,-48.7],[-162.16,-48.7],[-161.26,-48.7],[-160.2,-48.95],[-159.12,-49.19],[-157.81,-49.45],[-156.48,-49.7],[-155.26,-49.92],[-154.03,-50.12],[-152.79,-50.3],[-151.55,-50.48],[-150.49,-50.69],[-149.42,-50.89],[-148.34,-51.09],[-148.23,-51.4],[-148.23,-51.4],[-149.47,-51.67],[-150.72,-51.93],[-151.99,-52.17],[-153.28,-52.4],[-154.55,-52.8],[-155.85,-53.18],[-156.99,-53.27],[-158.14,-53.34],[-159.58,-53.41],[-161.02,-53.47],[-162.47,-53.51],[-163.27,-53.7],[-164.08,-53.89],[-163.53,-54.28],[-162.97,-54.66],[-162.25,-54.86],[-161.46,-55.48],[-161.34,-56.22],[-162.1,-56.81],[-162.88,-57.39],[-164.22,-57.68],[-165.59,-57.96],[-166.98,-58.22],[-167.91,-58.59],[-168.85,-58.94],[-169.49,-59.34],[-170.15,-59.74],[-171.02,-60.3],[-171.91,-60.86],[-171.91,-60.86],[-173.59,-61.23],[-175.3,-61.57],[-177.05,-61.9],[-178.52,-62.04],[-180,-62.17],[-180,-61.21]]]]}},{"type":"Feature","properties":{"ma":45,"type":"gpml:TopologicalNetwork","name":"Inactive_mesh_yucatan","pid":2004,"deforming":true},"geometry":{"type":"Polygon","coordinates":[[[-76.91,23.47],[-76.85,23.2],[-76.83,22.69],[-76.8,22.18],[-77.19,21.36],[-77.62,20.91],[-78.05,20.47],[-78.38,19.97],[-78.89,19.45],[-79.48,18.85],[-79.91,18.15],[-80.35,17.38],[-80.53,16.85],[-81.06,16.31],[-81.58,15.77],[-82.05,15.38],[-82.54,14.99],[-82.99,15.04],[-83.37,15.24],[-83.91,15.67],[-84.67,15.73],[-85.28,16.11],[-86.01,16.36],[-86.6,16.74],[-87.35,17.24],[-87.84,17.72],[-88.12,18.24],[-88.07,18.67],[-88.22,18.97],[-88.07,19.36],[-88.01,19.93],[-87.87,20.91],[-87.46,21.39],[-86.97,21.49],[-86.97,21.49],[-86.83,21.67],[-86.43,22.21],[-86.16,22.52],[-85.82,22.78],[-85.67,23.21],[-85.09,23.56],[-84.78,24.05],[-84.46,24.28],[-84.07,24.5],[-83.63,24.82],[-83.23,24.93],[-82.6,25.03],[-81.98,25.06],[-81.11,25.05],[-80.71,25.14],[-80.44,25.35],[-79.93,25.46],[-79.27,25.3],[-78.83,24.96],[-78.38,24.62],[-77.86,24.29],[-77.46,23.78],[-76.91,23.47]]]}},{"type":"Feature","properties":{"ma":45,"type":"gpml:TopologicalNetwork","name":"Inactive_Proto_Caribbean_Mesh","pid":101,"deforming":true},"geometry":{"type":"Polygon","coordinates":[[[-97.6,24.61],[-97.18,25.23],[-96.7,25.92],[-96.32,26.72],[-95.96,27.59],[-95.8,28.43],[-95.29,29.29],[-94.77,30.16],[-94.24,31.02],[-93.65,31.63],[-93.04,32.24],[-92.43,32.84],[-91.83,32.97],[-91.23,33.1],[-90.1,33.42],[-89.47,33.42],[-88.83,33.42],[-87.95,33.45],[-87.06,33.48],[-85.95,33.15],[-85.33,33.02],[-84.71,32.89],[-84.09,32.78],[-83.46,32.68],[-82.81,32.52],[-82.16,32.37],[-81.29,32.16],[-80.41,31.79],[-79.39,31.49],[-79.39,31.49],[-78.63,30.89],[-77.96,30.51],[-77.3,30.13],[-76.52,29.63],[-75.74,29.12],[-74.96,28.78],[-74.77,28.27],[-74.22,27.88],[-73.59,27.56],[-73.08,27.18],[-72.57,26.64],[-71.85,26.33],[-71.09,26.19],[-70.62,26.14],[-70.62,26.14],[-70.64,25.73],[-70.65,25.43],[-70.65,25.43],[-70.57,25.43],[-70.38,25.25],[-69.67,25.31],[-69.39,24.86],[-69.11,24.4],[-68.85,24.43],[-68.45,24.42],[-68.45,24.42],[-68.39,24.26],[-68.09,24],[-67.61,23.6],[-67.07,22.93],[-66.6,22.31],[-66.3,21.82],[-65.74,21.35],[-65.24,21.09],[-64.81,20.87],[-64.34,20.45],[-63.69,19.99],[-63.55,19.53],[-64.17,19.28],[-64.76,18.85],[-65.79,18.73],[-66.54,18.92],[-67.09,19.25],[-67.56,19.55],[-68.04,19.86],[-68.89,20.36],[-69.54,20.81],[-69.98,21.11],[-70.41,21.41],[-71.07,21.71],[-71.73,22.01],[-72.24,22.22],[-72.75,22.43],[-73.15,22.54],[-73.15,22.54],[-73.56,22.8],[-74.26,23.27],[-75.06,23.72],[-75.84,24.34],[-76.41,24.71],[-76.62,24.91],[-76.62,24.91],[-76.62,25],[-76.53,25.35],[-76.87,25.87],[-77.05,26.38],[-77.26,26.68],[-77.69,26.82],[-78.32,26.97],[-78.98,27.15],[-79.65,27.32],[-80.36,27.48],[-81.06,27.63],[-81.42,27.6],[-82.07,27.66],[-82.73,27.73],[-83.37,27.66],[-83.96,27.64],[-84.55,27.62],[-85.36,27.49],[-86.2,27.21],[-86.63,27.02],[-87.11,26.48],[-87.59,25.94],[-87.97,25.59],[-88.21,25.24],[-88.64,24.8],[-89.07,24.36],[-89.22,24.1],[-89.28,23.68],[-89.21,22.95],[-89.17,22.5],[-89.17,22.5],[-89.14,22.37],[-89.08,21.86],[-89.03,21.34],[-88.76,20.64],[-88.63,20.17],[-88.5,19.42],[-88.37,18.67],[-88.34,18.48],[-88.34,18.48],[-88.81,18.4],[-89.52,18.54],[-90.04,18.7],[-90.57,18.86],[-91.19,19],[-91.81,19.14],[-92.59,19.33],[-93.36,19.51],[-94.29,19.69],[-94.96,19.95],[-95,19.97],[-95,19.97],[-95.17,20.43],[-95.4,21.02],[-95.6,21.46],[-95.93,21.69],[-96.25,21.97],[-96.56,22.25],[-96.93,22.59],[-97.26,22.91],[-97.52,23.28],[-97.8,23.56],[-98.02,23.99],[-97.6,24.61]]]}},{"type":"Feature","properties":{"ma":45,"type":"gpml:TopologicalNetwork","name":"Inactive_Mesh","pid":702,"deforming":true},"geometry":{"type":"Polygon","coordinates":[[[35.61,-33.73],[35.66,-33.63],[35.38,-33.58],[35.22,-33.36],[35,-33.17],[34.84,-32.9],[34.83,-32.71],[34.58,-32.47],[34.62,-32.24],[34.56,-32.06],[34.61,-31.85],[34.55,-31.34],[34.33,-31.04],[34.12,-30.65],[34.01,-30.26],[34.13,-30.09],[34.06,-29.9],[34.23,-29.74],[34.23,-29.52],[34.52,-29.31],[35.02,-28.62],[35.21,-28.24],[35.13,-28.04],[35.05,-27.9],[35.18,-27.51],[34.97,-27.05],[34.77,-26.58],[34.41,-26.13],[34.08,-25.45],[34.11,-24.94],[34.51,-24.5],[34.9,-24.05],[35.71,-23.72],[36.39,-23.88],[36.71,-23.78],[37.19,-23.44],[37.59,-23.32],[38.17,-22.76],[38.74,-22.19],[38.77,-21.76],[39.03,-21.37],[39.39,-20.9],[39.59,-20.2],[39.79,-20.15],[39.93,-20.05],[40.24,-20.03],[40.34,-20.04],[40.34,-20.04],[40.48,-20.23],[40.8,-20.53],[41.2,-20.73],[41.1,-21.47],[41,-22.2],[40.9,-22.93],[40.9,-22.93],[40.64,-23.1],[39.97,-23.55],[39.3,-23.99],[38.62,-24.43],[37.78,-25.06],[36.94,-25.7],[36.76,-26.51],[36.58,-27.32],[36.46,-28.19],[36.33,-29.07],[36.43,-29.95],[36.54,-30.84],[36.65,-31.58],[36.76,-32.31],[37.06,-33],[37.37,-33.69],[37.11,-34.08],[37.11,-34.08],[36.76,-34.25],[35.9,-34.04],[35.61,-33.73]]]}},{"type":"Feature","properties":{"ma":45,"type":"gpml:TopologicalNetwork","name":"West_Antarctica_Inactive_Mesh","pid":802,"deforming":true},"geometry":{"type":"Polygon","coordinates":[[[23.89,-66.93],[24.91,-67.4],[25.97,-67.86],[27.75,-68.28],[29.59,-68.69],[29.8,-68.71],[29.8,-68.71],[29.48,-68.95],[27.4,-69.45],[25.23,-69.91],[23.37,-70.4],[21.42,-70.86],[19.57,-70.95],[17.71,-71.03],[15.32,-70.91],[12.96,-70.76],[10.98,-70.79],[9,-70.8],[7.09,-70.99],[5.15,-71.15],[3.21,-71.22],[1.26,-71.28],[-0.9,-71.5],[-3.12,-71.7],[-6.16,-71.74],[-9.22,-71.73],[-11.85,-71.98],[-14.55,-72.2],[-14.55,-72.2],[-14.58,-71.69],[-14.61,-71.18],[-14.61,-71.18],[-14.6,-71.18],[-13.27,-70.98],[-10.95,-70.87],[-8.65,-70.73],[-8.17,-70.72],[-7.39,-70.24],[-6.63,-69.76],[-5.22,-69.27],[-2.95,-69.05],[-0.73,-68.79],[0.83,-68.87],[2.4,-68.93],[3.74,-69.16],[5.11,-69.38],[6.82,-69.57],[8.97,-69.72],[11.14,-69.85],[13.27,-70.03],[15.44,-70.18],[17.64,-70.31],[19.29,-70.1],[20.34,-69.47],[21.33,-68.83],[22.27,-68.18],[22.89,-67.69],[23.48,-67.19],[23.89,-66.93]]]}},{"type":"Feature","properties":{"ma":45,"type":"gpml:TopologicalNetwork","name":"Inactive_East_West_Gondwana_Mesh","pid":701,"deforming":true},"geometry":{"type":"Polygon","coordinates":[[[45.86,4.82],[45.38,4.29],[44.9,3.76],[44.43,3.23],[44.06,2.65],[43.69,2.07],[43.31,1.49],[43.06,1.02],[42.81,0.55],[42.27,-0.09],[41.72,-0.72],[41.18,-1.36],[40.69,-1.89],[40.2,-2.43],[39.71,-2.96],[39.13,-3.51],[38.56,-4.06],[38.03,-4.63],[37.49,-5.21],[36.96,-5.79],[36.29,-6.28],[35.62,-6.78],[34.94,-7.27],[34.42,-7.83],[33.89,-8.39],[33.36,-8.95],[32.83,-9.73],[32.3,-10.51],[31.93,-11.22],[31.55,-11.92],[31.13,-12.79],[30.7,-13.65],[30.77,-14.04],[31.1,-14.84],[31.08,-15.65],[31.38,-16.24],[31.07,-16.99],[31.27,-17.66],[31.47,-18.33],[32.01,-18.67],[32.06,-19.22],[32.11,-19.78],[32.08,-20.54],[32.13,-21.18],[32.19,-21.83],[32.28,-22.32],[32.37,-22.82],[32.42,-23.34],[32.48,-23.86],[32.41,-24.26],[31.76,-24.9],[31.05,-25.43],[30.15,-25.77],[29.43,-26.11],[28.7,-26.44],[28.57,-26.93],[28.26,-27.27],[27.72,-27.73],[27.3,-28.28],[27.04,-28.73],[26.79,-29.19],[26.74,-29.71],[26.69,-30.24],[26.87,-31.2],[26.76,-31.74],[26.66,-32.28],[26.38,-32.9],[25.85,-33.4],[24.84,-33.45],[24.03,-33.59],[23.73,-34.31],[23.62,-34.88],[23.51,-35.45],[23.39,-36.02],[23.39,-36.28],[23.19,-36.62],[23.01,-36.94],[23.01,-36.94],[22.97,-36.94],[22.37,-37.47],[21.75,-37.26],[21.12,-37.04],[21.12,-37.04],[21.65,-36.21],[21.66,-35.54],[21.66,-34.87],[21.67,-34.2],[21.97,-33.46],[22.26,-32.71],[22.72,-31.87],[23.17,-31.03],[23.9,-30.33],[24.61,-29.63],[24.78,-28.99],[24.94,-28.35],[25.18,-27.67],[25.42,-27],[26.18,-26.42],[26.38,-25.76],[27.09,-25.04],[27.65,-24.7],[28.21,-24.36],[29.01,-23.82],[29.8,-23.28],[30.23,-22.63],[30.66,-21.99],[30.72,-21.01],[30.57,-20.16],[30.42,-19.32],[30.11,-18.6],[29.82,-17.88],[29.64,-17.16],[29.48,-16.43],[29.27,-15.65],[29.07,-14.88],[29.16,-14.14],[29.25,-13.41],[29.38,-12.89],[29.52,-12.37],[29.86,-11.76],[30.19,-11.16],[30.63,-10.52],[31.08,-9.88],[31.22,-9.14],[31.36,-8.4],[31.5,-7.66],[31.81,-6.95],[32.13,-6.23],[32.44,-5.51],[32.46,-4.69],[32.46,-3.85],[32.5,-2.98],[32.54,-2.1],[32.94,-1.55],[33.33,-0.99],[33.95,-0.38],[34.57,0.22],[35.3,0.56],[36.04,0.89],[36.7,1.16],[37.36,1.43],[38.06,1.79],[38.77,2.14],[39.14,2.53],[39.52,2.93],[39.52,2.93],[40.41,3.17],[41.22,3.46],[42.03,3.75],[42.84,4.03],[43.59,4.23],[44.35,4.43],[45.1,4.62],[45.85,4.82],[45.86,4.82]]]}},{"type":"Feature","properties":{"ma":45,"type":"gpml:TopologicalNetwork","name":"Inactive_Network","pid":833,"deforming":true},"geometry":{"type":"MultiPolygon","coordinates":[[[[180,-47.97],[180,-48.92],[180,-49.87],[180,-50.83],[180,-51.78],[180,-52.74],[180,-53.69],[180,-54.64],[180,-55.6],[180,-56.55],[179.99,-56.56],[179.89,-56.68],[179.71,-56.88],[179.56,-57.08],[179.44,-57.26],[179.4,-57.31],[179.31,-57.43],[179.2,-57.57],[179.14,-57.67],[179.09,-57.72],[179.04,-57.78],[178.98,-57.86],[178.89,-57.97],[178.85,-58.02],[178.82,-58.05],[178.76,-58.12],[178.72,-58.18],[178.72,-58.18],[178.31,-58.12],[177.46,-57.99],[176.6,-57.93],[175.59,-57.89],[174.7,-57.95],[173.78,-58.69],[172.81,-58.45],[171.86,-58.21],[171.64,-57.64],[171.43,-57.07],[171.42,-56.93],[171.41,-56.54],[171.41,-56.54],[171.16,-56.42],[170.52,-56.22],[169.84,-56.07],[169.84,-56.07],[170.04,-55.85],[168.89,-55.17],[167.77,-54.49],[166.33,-53.96],[166.23,-53.92],[165.34,-53.34],[164.54,-53.33],[163.61,-53.2],[162.69,-53.07],[162.02,-52.55],[161.36,-52.02],[161.3,-52],[160.09,-51.49],[159.78,-51.36],[158.93,-51.39],[158.08,-51.42],[157.95,-51.29],[157.48,-50.84],[157.03,-50.39],[156.83,-50.24],[156.28,-49.58],[155.76,-48.91],[155.81,-48.19],[155.87,-47.48],[155.87,-47.44],[155.52,-46.95],[155.18,-46.46],[155.03,-46.24],[154.75,-45.72],[154.47,-45.21],[154.32,-44.93],[154.26,-44.43],[154.2,-43.93],[154.15,-43.6],[153.43,-42.76],[153.15,-42.42],[152.4,-41.96],[151.66,-41.5],[151.12,-41.01],[150.72,-40.64],[150.45,-40.02],[150.24,-39.52],[150.03,-39.02],[149.69,-38.43],[149.42,-37.95],[149.16,-37.47],[148.77,-37.38],[148.49,-36.83],[148.3,-36.21],[148.56,-35.64],[148.81,-35.07],[148.49,-34.4],[148.49,-34.4],[148.78,-34.15],[149.24,-33.5],[149.7,-32.85],[149.7,-32.85],[149.98,-33.03],[150.3,-33.18],[150.58,-33.33],[151.24,-33.79],[151.8,-34.43],[152.09,-35.28],[151.84,-35.76],[151.57,-36.27],[151.29,-36.77],[151.91,-37.32],[151.89,-38.11],[152.26,-38.47],[153.11,-38.88],[153.85,-38.24],[154.57,-37.59],[155.28,-36.93],[155.98,-36.27],[156.67,-35.61],[157.34,-34.95],[158.26,-35.39],[158.74,-35.8],[159.23,-36.21],[159.78,-36.46],[160.35,-36.7],[161.21,-37.1],[162.17,-37.37],[163.17,-37.66],[163.97,-37.78],[164.57,-38.05],[164.73,-38.32],[164.89,-38.5],[165.01,-38.78],[165.36,-39.37],[165.68,-40.26],[166.09,-40.94],[166.64,-41.66],[166.94,-42.04],[167.32,-42.75],[167.49,-43],[167.89,-43.66],[168.7,-44.13],[168.91,-44.51],[169.13,-45.28],[169.39,-45.86],[169.72,-46.21],[170.09,-46.48],[171.38,-46.84],[172.1,-47],[172.88,-47.07],[173.9,-47.24],[174.03,-47.3],[174.03,-47.3],[174.55,-46.99],[174.55,-46.99],[175.45,-46.81],[176.86,-46.7],[177.9,-46.66],[178.89,-46.69],[179.84,-46.93],[180,-47.01],[180,-47.97]]],[[[-180,-55.6],[-180,-54.64],[-180,-53.69],[-180,-52.74],[-180,-51.78],[-180,-50.83],[-180,-49.87],[-180,-48.92],[-180,-47.97],[-180,-47.01],[-179.56,-47.24],[-178.89,-47.5],[-178.22,-47.76],[-176.94,-47.96],[-176.13,-47.99],[-175.33,-48.02],[-174.05,-48.29],[-174.05,-48.29],[-174.04,-48.75],[-174.11,-49.43],[-174.29,-50.02],[-174.48,-50.62],[-174.8,-51.55],[-174.95,-52.29],[-175.49,-53.2],[-176.13,-53.56],[-176.78,-53.92],[-177.45,-54.34],[-178.36,-54.82],[-178.64,-55.11],[-178.9,-55.37],[-179.16,-55.65],[-179.36,-55.85],[-179.41,-55.92],[-179.47,-55.98],[-179.58,-56.09],[-179.71,-56.22],[-179.81,-56.33],[-179.88,-56.41],[-180,-56.55],[-180,-55.6]]]]}},{"type":"Feature","properties":{"ma":45,"type":"gpml:TopologicalNetwork","name":"Inactive_Central_Atlantic_Mesh","pid":714,"deforming":true},"geometry":{"type":"Polygon","coordinates":[[[-7.83,28.91],[-8.19,28.55],[-8.74,27.99],[-9.22,27.5],[-9.61,27.09],[-9.97,26.71],[-10.4,26.26],[-10.87,25.75],[-11.48,25.64],[-12.1,25.43],[-12.52,25.42],[-12.92,25.39],[-13.5,25.3],[-14.07,25.3],[-14.74,25.14],[-15.12,24.85],[-15.58,24.28],[-16.28,23.76],[-16.86,23.25],[-17.19,22.73],[-17.84,22.01],[-18.05,21.5],[-18.53,20.75],[-19.01,20.11],[-19.55,19.88],[-19.75,19.88],[-20.22,19.62],[-21.08,19.13],[-21.95,18.78],[-22.01,18.63],[-22.3,18.19],[-22.6,17.75],[-22.64,17.2],[-22.69,16.64],[-22.66,16.14],[-22.63,15.63],[-22.48,14.99],[-22.47,14.35],[-22.49,13.68],[-22.55,13.4],[-22.64,13.05],[-22.5,12.63],[-22.32,12.22],[-21.94,11.53],[-21.89,11.05],[-21.87,10.62],[-22.01,10.28],[-22.02,9.94],[-22,9.65],[-21.98,9.24],[-22.37,9.02],[-22.69,8.82],[-22.69,8.82],[-22.84,8.82],[-23.82,8.88],[-24.8,8.94],[-24.8,8.94],[-24.78,9.03],[-24.62,9.48],[-24.67,10.01],[-24.5,10.31],[-24.2,10.95],[-23.9,11.8],[-23.75,12.52],[-23.74,13.07],[-23.73,13.62],[-23.7,14.25],[-23.71,15.04],[-23.63,15.48],[-23.58,15.98],[-23.6,16.52],[-23.62,17.07],[-23.63,17.76],[-23.35,18.46],[-23.07,18.74],[-22.7,19.1],[-22.7,19.1],[-22.31,19.65],[-22.15,20.01],[-21.88,20.25],[-21.43,20.65],[-21.16,20.83],[-20.66,21.35],[-20.38,21.53],[-19.95,21.89],[-19.7,22.13],[-19.49,22.41],[-19.34,22.76],[-19.05,23.38],[-18.75,23.91],[-18.3,24.19],[-17.95,24.4],[-17.55,24.61],[-17.2,24.71],[-16.9,24.94],[-16.62,24.99],[-16.36,25.05],[-16.3,25.15],[-16.1,25.42],[-15.89,25.91],[-15.67,26.28],[-15.56,26.54],[-15.36,27.04],[-15.17,27.27],[-14.89,27.7],[-14.55,28.28],[-14.34,28.7],[-14.09,29.14],[-13.75,29.41],[-13.57,29.58],[-13.57,29.58],[-13.46,29.58],[-12.82,29.53],[-12.18,29.49],[-11.38,29.29],[-10.3,29.23],[-9.48,29.13],[-8.65,29.02],[-7.83,28.91]]]}},{"type":"Feature","properties":{"ma":45,"type":"gpml:TopologicalNetwork","name":"Inactive_Arctic_Network","pid":101,"deforming":true},"geometry":{"type":"Polygon","coordinates":[[[-180,81.05],[-180,82.04],[-180,83.04],[-180,84.03],[-180,85.03],[-180,86.02],[-180,87.02],[-180,88.01],[-180,89.01],[-180,90],[180,90],[180,89.01],[180,88.01],[180,87.02],[180,86.02],[180,85.03],[180,84.03],[180,83.04],[180,82.04],[180,81.05],[180,80.05],[175.94,80.19],[172.46,80.89],[168.67,81.15],[164.67,81.37],[158.48,81.54],[152.13,81.6],[145.4,81.5],[138.91,81.29],[133.2,81.12],[127.75,80.88],[123.23,80.97],[118.64,81.01],[118.62,81.01],[118.62,81.01],[118.88,81.43],[118.01,82.37],[116.9,83.31],[115.42,84.24],[113.38,85.17],[109.07,85.81],[100.47,86.52],[87.92,87.11],[70.25,87.51],[48.83,87.6],[35.92,87.36],[25.56,87.02],[25.28,87.01],[25.28,87.01],[23.73,86.92],[20.93,86.83],[18.5,86.71],[10.28,86.17],[4.18,85.56],[1.26,85.3],[-5.41,84.68],[-10.62,84],[-14.15,83.45],[-17.12,82.89],[-19.86,82.31],[-22.2,81.71],[-25.66,81.4],[-28.87,81.07],[-34.52,81.07],[-37.27,81.03],[-37.27,81.03],[-41.1,80.96],[-45.35,81.01],[-49.62,81.01],[-53.43,81.15],[-57.34,81.26],[-62.25,81.42],[-67.3,81.51],[-71.74,81.52],[-76.17,81.49],[-80.11,81.44],[-83.99,81.35],[-87.71,81.15],[-91.26,80.92],[-94.54,80.09],[-96.54,79.21],[-94.97,78.45],[-94.09,78.11],[-96.3,77.49],[-96.3,77.49],[-99.71,78.15],[-103.51,78.76],[-107.71,79.32],[-107.71,79.32],[-108.38,79.1],[-109.6,78.65],[-110.72,78.21],[-111.88,77.7],[-112.95,77.2],[-112.62,76.56],[-112.44,76],[-112.28,75.45],[-112.27,75.43],[-112.27,75.43],[-114.31,75.57],[-114.96,75.3],[-114.96,75.3],[-116.8,75.61],[-118.71,75.91],[-120.08,76.34],[-121.2,76.68],[-121.88,76.88],[-123.07,77.21],[-124.35,77.55],[-125,78.24],[-124.06,78.86],[-124.93,79.41],[-123.96,80.13],[-124.79,80.63],[-124.28,81.21],[-123.69,81.78],[-123.76,81.97],[-123.76,81.97],[-120.66,82.1],[-115.02,82.25],[-109.22,82.33],[-104.47,82.22],[-99.89,82.06],[-97.31,81.66],[-97.31,81.66],[-99.2,81.43],[-101.2,81.03],[-103.02,80.63],[-104.76,80.19],[-106.36,79.75],[-107.71,79.32],[-107.71,79.32],[-103.51,78.76],[-99.71,78.15],[-96.3,77.49],[-96.3,77.49],[-96.75,77.36],[-98.24,76.85],[-99.62,76.34],[-100.88,75.91],[-102.05,75.46],[-103.11,75.02],[-104.1,74.58],[-105.51,74.13],[-106.29,73.93],[-107.5,73.84],[-110.23,73.7],[-112.21,73.57],[-113,73.51],[-114.36,73.43],[-114.45,73.42],[-114.45,73.42],[-116.53,73.46],[-117.86,73.57],[-118.91,73.91],[-119.29,74.03],[-121.1,74.33],[-123.35,74.95],[-124.19,75.09],[-126.93,75.53],[-127.8,75.69],[-129,76.03],[-131.19,76.41],[-133.49,76.76],[-137.38,77.15],[-139.01,77.46],[-140.25,77.72],[-142.28,78.24],[-143.16,78.54],[-144.75,78.82],[-146.53,79.11],[-148.06,79.48],[-149.95,79.91],[-151.66,80.26],[-152.08,80.34],[-152.08,80.34],[-154.56,80.16],[-158.43,79.78],[-161.84,79.35],[-164.97,78.88],[-165,78.87],[-165,78.87],[-167.17,79.07],[-170.28,79.41],[-173.59,79.72],[-176.74,79.9],[-180,80.05],[-180,81.05]]]}},{"type":"Feature","properties":{"ma":45,"type":"gpml:TopologicalNetwork","name":"BoB_Deform","pid":305,"deforming":true},"geometry":{"type":"Polygon","coordinates":[[[-13.51,42.2],[-13.49,42.26],[-13.36,42.46],[-13.23,42.75],[-13.07,43.05],[-12.91,43.42],[-12.84,43.57],[-12.84,43.57],[-12.8,43.56],[-12.31,43.47],[-11.9,43.35],[-11.36,43.19],[-10.79,42.89],[-10.5,42.66],[-9.87,42.42],[-9.3,41.95],[-8.77,41.51],[-8.55,41.17],[-8.33,40.79],[-8.05,40.47],[-7.8,40.12],[-7.61,39.52],[-7.61,39.52],[-8.08,39.56],[-8.89,39.44],[-9.73,39.35],[-10.08,39.3],[-10.48,39.24],[-10.71,39.21],[-10.98,39.16],[-10.98,39.16],[-11.33,39.88],[-11.61,40.21],[-11.77,40.39],[-11.92,40.47],[-11.92,40.47],[-11.88,40.48],[-11.88,40.48],[-11.82,40.57],[-11.72,40.71],[-11.69,40.88],[-11.64,41.04],[-11.68,41.21],[-11.75,41.44],[-11.95,41.65],[-12.62,41.9],[-13.48,42.19],[-13.51,42.2]]]}},{"type":"Feature","properties":{"ma":45,"type":"gpml:TopologicalNetwork","name":"WEC","pid":601,"deforming":true},"geometry":{"type":"Polygon","coordinates":[[[98.24,36.83],[98.29,37.38],[98.04,37.92],[97.78,38.46],[97.28,39.24],[97.03,39.85],[96.77,40.46],[96.65,41.3],[96.93,42.15],[97.33,42.81],[97.83,43.57],[98.42,44.37],[98.86,44.97],[99.58,45.81],[100.24,46.2],[100.9,46.59],[101.69,47.17],[102.5,47.74],[103.21,48.23],[103.94,48.7],[104.68,49.18],[105.47,49.64],[106.27,50.11],[107.09,50.56],[107.95,51.16],[108.83,51.75],[109.59,52.31],[110.37,52.86],[111,53.3],[111.65,53.74],[112.13,53.99],[112.13,53.99],[113.05,53.95],[114.27,53.89],[115.5,53.81],[117.14,53.69],[118.77,53.54],[119.71,53.45],[120.65,53.35],[121.96,53.19],[123.26,53.02],[124.22,52.88],[125.18,52.74],[126.21,52.58],[127.23,52.4],[128.41,52.19],[129.59,51.97],[130.68,51.74],[131.76,51.51],[132.84,51.27],[134.1,50.96],[135.35,50.65],[136.66,50.3],[137.94,49.93],[137.94,49.93],[137.75,49.61],[137.21,48.78],[136.69,47.94],[136.24,47.22],[135.8,46.5],[135.43,45.97],[135.06,45.43],[134.58,44.84],[134.11,44.25],[133.65,43.65],[133.12,42.99],[132.6,42.32],[132.02,41.66],[131.45,40.99],[130.79,40.34],[130.15,39.68],[129.38,38.88],[128.58,38.22],[127.82,37.42],[127.29,36.84],[126.76,36.25],[126.24,35.66],[125.71,35.07],[125.19,34.47],[124.65,33.83],[124.11,33.18],[123.58,32.54],[122.92,31.91],[122.49,31.55],[122.49,31.55],[121.51,32.09],[120.51,32.62],[119.51,33.15],[118.49,33.67],[117.46,34.18],[116.42,34.68],[115.36,35.17],[114.49,34.99],[113.63,34.81],[112.8,34.85],[111.96,34.88],[111.12,34.9],[110.85,34.45],[110.58,34],[109.82,34.24],[109.05,34.47],[108.28,34.7],[107.45,35.12],[106.61,35.54],[105.76,35.95],[104.75,36.25],[103.73,36.54],[102.5,36.64],[101.26,36.73],[100.08,36.74],[98.9,36.74],[98.24,36.83]]]}},{"type":"Feature","properties":{"ma":45,"type":"gpml:TopologicalNetwork","name":"Scotia_Sea_Deforming_Network","pid":819,"deforming":true},"geometry":{"type":"Polygon","coordinates":[[[-67.98,-62.72],[-66.68,-62.23],[-66.01,-62.02],[-66.01,-62.02],[-65.84,-61.95],[-64.41,-61.59],[-63.02,-61.21],[-62.14,-60.97],[-62.14,-60.97],[-62.19,-60.96],[-62.64,-60.85],[-63.12,-60.75],[-63.8,-60.59],[-64.31,-60.47],[-64.79,-60.3],[-64.99,-60.2],[-65.18,-60.12],[-65.5,-60],[-65.76,-59.89],[-66.14,-59.74],[-66.51,-59.58],[-66.84,-59.43],[-67.18,-59.3],[-67.49,-59.15],[-67.68,-59.05],[-68.19,-58.8],[-68.85,-58.42],[-69.22,-58.19],[-69.56,-57.82],[-69.59,-57.75],[-69.73,-57.39],[-69.81,-57.02],[-69.87,-56.65],[-69.93,-56.32],[-69.94,-56.15],[-70.04,-55.84],[-70.13,-55.69],[-70.13,-55.69],[-69.13,-56.12],[-68.1,-56.55],[-67.04,-56.96],[-65.55,-57.43],[-64.03,-57.87],[-62.47,-58.3],[-60.8,-58.3],[-59.13,-58.27],[-57.46,-58.22],[-56.54,-58.1],[-55.63,-57.98],[-54.59,-57.68],[-53.44,-57.34],[-52.51,-57.2],[-51.43,-57.11],[-50.36,-57.11],[-49.29,-57.09],[-47.54,-56.8],[-45.82,-56.48],[-44.62,-56.33],[-43.44,-56.17],[-42.23,-56.13],[-41.03,-56.07],[-39.48,-55.99],[-37.93,-55.88],[-36.39,-56],[-35.5,-56.07],[-34.6,-56.14],[-34.6,-56.14],[-34.6,-56.19],[-34.62,-56.56],[-34.59,-56.85],[-34.84,-57.2],[-35.67,-57.9],[-36.53,-58.59],[-37.39,-59.06],[-37.91,-59.26],[-38.75,-59.17],[-39.26,-59.12],[-40.13,-58.66],[-41.01,-58.42],[-41.87,-58.17],[-42.52,-57.73],[-42.45,-57.55],[-42.39,-57.42],[-42.39,-57.42],[-42.48,-57.37],[-42.89,-57.24],[-43.65,-57.05],[-44.28,-56.89],[-44.28,-56.89],[-44.75,-56.88],[-45.74,-56.85],[-45.74,-56.85],[-45.66,-57.26],[-45.96,-57.43],[-46.09,-57.43],[-46.21,-57.42],[-46.47,-57.41],[-46.47,-57.41],[-46.53,-57.53],[-46.63,-57.71],[-47.03,-57.76],[-47.42,-57.81],[-48.01,-57.89],[-48.19,-58.22],[-48.49,-58.26],[-48.91,-58.32],[-49.31,-58.36],[-49.61,-58.4],[-50.04,-58.29],[-50.39,-58.21],[-50.68,-58.29],[-50.77,-58.3],[-50.94,-58.32],[-51.13,-58.35],[-51.3,-58.35],[-51.34,-58.35],[-51.34,-58.35],[-51.17,-58.37],[-50.95,-58.4],[-50.61,-58.44],[-50.38,-58.46],[-49.59,-58.53],[-49.07,-58.57],[-48.76,-58.66],[-48.23,-58.82],[-48.16,-59.12],[-49.29,-59.38],[-50.4,-59.62],[-51.39,-59.6],[-52.05,-59.52],[-52.56,-59.45],[-53.5,-59.51],[-54.21,-59.54],[-54.65,-59.48],[-55.01,-59.42],[-55.56,-59.34],[-56.1,-59.23],[-56.69,-59.12],[-57,-59.27],[-57,-59.27],[-56.11,-59.37],[-54.96,-59.58],[-53.64,-59.81],[-52.49,-60.03],[-51.31,-60.24],[-50.77,-60.38],[-50.77,-60.38],[-49.85,-60.24],[-49.22,-60.3],[-48.84,-60.37],[-48.49,-60.29],[-47.53,-60.23],[-47.45,-60.4],[-47.45,-60.4],[-47.63,-60.51],[-47.94,-60.63],[-48.15,-60.77],[-48.19,-60.92],[-48.15,-61.06],[-47.98,-61.1],[-47.87,-61.13],[-47.7,-61.16],[-47.53,-61.2],[-47.4,-61.23],[-47.35,-61.25],[-47.15,-61.29],[-47.15,-61.29],[-46.86,-61.4],[-46.79,-61.47],[-46.79,-61.47],[-48.22,-62.06],[-49.72,-62.64],[-50.64,-62.92],[-51.58,-63.18],[-52.82,-63.59],[-54.1,-63.99],[-55.41,-64.38],[-57.07,-64.83],[-58.7,-65.37],[-58.7,-65.37],[-59.83,-65.23],[-60.44,-65.15],[-61.29,-64.97],[-62.57,-64.68],[-63.49,-64.47],[-64.06,-64.32],[-65.34,-64],[-66.57,-63.69],[-67.78,-63.36],[-69,-62.96],[-67.98,-62.72]]]}},{"type":"Feature","properties":{"ma":45,"type":"gpml:TopologicalNetwork","name":"Siberian_Eurasia_Mesh","pid":401,"deforming":true},"geometry":{"type":"Polygon","coordinates":[[[130.16,76.1],[132.38,76.47],[134.72,76.83],[138.78,76.84],[142.84,76.79],[146.85,76.68],[150.78,76.51],[154.59,76.28],[158.26,75.99],[158.26,75.99],[157.28,75.05],[156.42,74.11],[154.23,73.64],[152.17,73.14],[150.23,72.63],[148.4,72.09],[148.24,71.41],[148.1,70.73],[147.96,70.04],[149.26,69.46],[150.49,68.87],[151.65,68.28],[153.87,68.01],[156.04,67.72],[158.15,67.4],[158.15,67.4],[158.58,66.46],[159.57,65.74],[160.52,65.01],[161.63,64.81],[163.13,64.51],[164.81,64.16],[166.73,63.64],[167.34,63.25],[167.34,63.25],[167.6,63.09],[165.92,63.04],[164.25,62.98],[162.59,62.89],[160.94,62.79],[159.37,62.89],[157.8,62.97],[156.22,63.03],[156.22,63.03],[154.72,62.56],[153.58,62.28],[152.47,61.98],[151.2,61.56],[149.96,61.13],[148.58,60.95],[147.22,60.75],[145.88,60.53],[144.02,60.43],[142.17,60.3],[142.17,60.3],[141.11,60.19],[140.06,60.07],[140.1,60.19],[140.1,60.19],[140.45,60.85],[140.81,61.51],[141.47,62.29],[141.55,62.76],[142.28,63.32],[142.28,63.32],[140.87,63.79],[139.41,64.25],[137.56,64.74],[135.65,65.2],[134.64,65.87],[133.59,66.54],[131.26,66.92],[128.87,67.27],[126.81,67.24],[124.93,67.72],[122.98,68.17],[121.16,68.57],[119.28,68.95],[117.82,69.37],[116.31,69.77],[115.53,70.47],[114.7,71.16],[114.19,71.99],[113.63,72.83],[114.8,73.65],[116.1,74.47],[117.53,75.28],[120.44,75.47],[123.41,75.63],[126.44,75.75],[129.52,75.83],[130.16,76.1]]]}},{"type":"Feature","properties":{"ma":45,"type":"gpml:TopologicalNetwork","name":"WAR_Mesh","pid":804,"deforming":true},"geometry":{"type":"MultiPolygon","coordinates":[[[[180,-75.73],[180,-76.67],[180,-77.61],[180,-78.54],[180,-79.48],[180,-80.42],[180,-81.36],[180,-82.29],[180,-83.23],[180,-84.17],[174.07,-83.77],[168.9,-83.32],[168.9,-83.32],[167.69,-83.24],[165.06,-82.85],[162.69,-82.45],[159.73,-81.84],[157.19,-81.21],[155.65,-80.44],[154.33,-79.67],[154.57,-79.01],[154.78,-78.35],[154.78,-78.35],[154.9,-78.34],[155.01,-78.23],[155.11,-78.11],[155.22,-78],[155.73,-77.66],[156.36,-77.42],[156.57,-76.99],[156.52,-76.63],[156.58,-76.4],[156.47,-76.27],[156.44,-76.41],[156.11,-75.71],[155.8,-75.01],[156.88,-74.37],[157.88,-73.72],[159.01,-73.15],[160.07,-72.58],[161.47,-72.02],[162.8,-71.45],[162.97,-71.8],[163.83,-72.59],[165.7,-73.3],[167.22,-73.85],[168.85,-74.39],[170.32,-74.84],[171.88,-75.28],[171.88,-75.28],[173.36,-74.8],[174.76,-74.32],[174.76,-74.32],[177.51,-74.56],[180,-74.8],[180,-75.73]]],[[[-180,-83.23],[-180,-82.29],[-180,-81.36],[-180,-80.42],[-180,-79.48],[-180,-78.54],[-180,-77.61],[-180,-76.67],[-180,-75.73],[-180,-74.8],[-176.46,-75.08],[-172.81,-75.31],[-169.05,-75.48],[-167.06,-75.31],[-164.98,-74.98],[-163,-74.64],[-160.38,-74.35],[-157.85,-74.04],[-156.32,-73.55],[-153.9,-73.24],[-151.58,-72.9],[-149.04,-72.58],[-146.59,-72.24],[-144.86,-72.18],[-143.13,-72.12],[-141.37,-71.82],[-139.66,-71.52],[-137.41,-71.73],[-135.68,-71.76],[-134.14,-71.64],[-131.77,-71.39],[-131.03,-71.27],[-130.06,-71.34],[-128.21,-71.27],[-126.38,-71.2],[-124.67,-71.02],[-122.5,-70.89],[-120.2,-70.84],[-118.8,-70.9],[-116.16,-71.02],[-114.95,-71],[-112.72,-70.8],[-110.53,-70.58],[-108.13,-70.6],[-106.59,-70.64],[-103.72,-70.74],[-103.26,-70.73],[-103.26,-70.73],[-101.11,-71.27],[-98.84,-71.79],[-96.45,-72.28],[-93.94,-72.73],[-93.32,-73.27],[-93.32,-73.27],[-93.32,-73.39],[-93.57,-74.16],[-94.12,-75.14],[-94.74,-75.64],[-95.4,-76.13],[-96.78,-77.08],[-98.19,-77.68],[-99.74,-78.27],[-100.97,-78.86],[-102.34,-79.45],[-103.73,-80.01],[-105.28,-80.57],[-108.21,-81.29],[-110.78,-81.88],[-113.74,-82.44],[-116.62,-82.78],[-119.78,-83.1],[-124.03,-83.37],[-128.6,-83.6],[-136.69,-83.79],[-136.69,-83.79],[-137.75,-84.02],[-139.56,-84.39],[-140.07,-84.46],[-140.07,-84.46],[-150.27,-84.65],[-160.86,-84.66],[-169.19,-84.55],[-177.02,-84.33],[-180,-84.17],[-180,-83.23]]]]}},{"type":"Feature","properties":{"ma":45,"type":"gpml:TopologicalNetwork","name":"","pid":120,"deforming":true},"geometry":{"type":"Polygon","coordinates":[[[25.52,83.93],[28.89,84.4],[33.41,84.96],[31.89,85.22],[34.31,85.36],[34.73,85.38],[34.73,85.38],[36.13,85.2],[36.13,85.2],[35.31,85.13],[33.03,84.88],[29.08,84.42],[25.75,83.93],[25.52,83.93]]]}},{"type":"Feature","properties":{"ma":45,"type":"gpml:TopologicalClosedPlateBoundary","name":"Sepik/Proto Molucca Plate South","pid":781,"deforming":false},"geometry":{"type":"Polygon","coordinates":[[[143.94,-17.89],[143.64,-18.81],[143.34,-19.73],[143.03,-20.65],[142.71,-21.56],[142.4,-22.48],[142.08,-23.39],[141.72,-24.12],[141.35,-24.85],[140.98,-25.58],[140.6,-26.31],[140.6,-26.31],[139.79,-26.07],[138.99,-25.82],[138.18,-25.57],[137.16,-25.29],[136.14,-25.01],[135.13,-24.72],[135.17,-24.19],[134.29,-23.99],[133.41,-23.79],[132.54,-23.58],[131.67,-23.36],[131.73,-22.96],[130.68,-22.74],[129.63,-22.52],[128.59,-22.29],[127.55,-22.06],[127.27,-22.53],[126.3,-22.32],[125.34,-22.1],[124.46,-21.9],[123.59,-21.7],[122.65,-21.5],[121.72,-21.3],[120.79,-21.09],[119.98,-20.82],[119.17,-20.54],[118.37,-20.27],[117.57,-19.98],[116.64,-19.77],[115.71,-19.56],[115.71,-19.56],[115.17,-19.09],[114.64,-18.63],[114.18,-18.08],[113.73,-17.53],[113.73,-17.53],[113.77,-17.13],[114.09,-16.21],[114.4,-15.29],[114.71,-14.37],[115.01,-13.44],[115.31,-12.52],[115.62,-11.6],[115.92,-10.68],[116.17,-9.79],[116.42,-8.9],[116.67,-8.01],[116.92,-7.12],[117.16,-6.23],[117.41,-5.34],[117.66,-4.45],[117.9,-3.56],[118.15,-2.67],[118.39,-1.78],[118.64,-0.89],[118.67,-0.74],[118.67,-0.74],[118.85,-0.86],[119.43,-1.1],[119.89,-1.31],[120.53,-1.62],[120.96,-1.96],[121.73,-2.36],[122.56,-2.42],[123.12,-2.16],[123.68,-1.9],[124.52,-1.4],[124.95,-1.01],[124.95,-1.01],[125.13,-1.81],[125.3,-2.61],[125.47,-3.42],[125.61,-4.27],[125.75,-5.11],[125.9,-5.96],[126.04,-6.81],[126.04,-6.81],[126.55,-7.05],[127.06,-7.3],[127.73,-7.65],[128.39,-8.01],[129.06,-8.36],[129.89,-8.79],[130.72,-9.21],[131.56,-9.63],[132.23,-9.91],[132.9,-10.19],[133.57,-10.47],[134.49,-10.81],[135.41,-11.16],[135.98,-11.52],[136.54,-11.88],[137.06,-12.23],[137.57,-12.58],[137.93,-12.97],[138.29,-13.37],[138.68,-14.19],[139.07,-15],[139.6,-15.63],[140.13,-16.26],[141.05,-16.44],[141.97,-16.62],[142.9,-16.8],[143.57,-16.89],[144.24,-16.98],[143.94,-17.89]]]}},{"type":"Feature","properties":{"ma":45,"type":"gpml:TopologicalClosedPlateBoundary","name":"Australia Ocean Crust during early AUS-ANT opening","pid":801,"deforming":false},"geometry":{"type":"Polygon","coordinates":[[[100.28,-59.59],[101.27,-59.67],[101.93,-59.69],[102.81,-59.72],[103.44,-59.66],[104.35,-59.58],[104.72,-59.55],[105.89,-59.44],[105.96,-59.43],[107.25,-59.26],[107.41,-59.24],[108.7,-59.2],[108.94,-59.2],[110.11,-59.14],[110.46,-59.12],[111.46,-59.05],[111.99,-59.02],[112.54,-58.93],[113.47,-58.78],[113.58,-58.76],[114.72,-58.52],[114.92,-58.48],[116.3,-58.39],[116.42,-58.38],[117.94,-58.35],[118.19,-58.35],[119.46,-58.34],[120.19,-58.39],[120.97,-58.44],[122.43,-58.75],[123.65,-59.02],[125.41,-59.12],[126.07,-59.13],[126.93,-59.15],[128.16,-59.26],[128.47,-59.28],[129.9,-59.44],[131.34,-59.58],[132.16,-59.89],[133.01,-60.19],[133.87,-60.47],[134.76,-60.77],[135.62,-61.02],[136.51,-61.3],[137.4,-61.58],[138.3,-61.86],[139.2,-62.15],[140.11,-62.43],[140.64,-62.58],[141.37,-62.86],[142.75,-63.59],[144.21,-64.3],[145.17,-64.85],[145.23,-64.88],[146.21,-65.4],[147.11,-65.85],[147.36,-65.96],[147.94,-66.23],[148.52,-66.56],[148.93,-66.7],[149.28,-66.83],[150.23,-67.02],[150.58,-67.13],[150.98,-67.23],[151.74,-67.4],[152.11,-67.63],[152.85,-67.79],[153.39,-67.88],[153.73,-67.93],[154.65,-68.03],[155.33,-68.13],[155.55,-68.17],[156.59,-68.29],[156.94,-68.3],[157.58,-68.33],[158.46,-68.37],[158.57,-68.38],[159.5,-68.44],[159.62,-68.59],[158.66,-68.49],[158.54,-68.47],[157.63,-68.39],[156.95,-68.32],[156.59,-68.29],[155.55,-68.17],[155.33,-68.13],[154.65,-68.03],[153.73,-67.93],[153.39,-67.88],[152.85,-67.79],[152.11,-67.63],[151.74,-67.4],[150.98,-67.23],[150.58,-67.13],[150.23,-67.02],[149.28,-66.83],[148.93,-66.7],[148.52,-66.56],[147.94,-66.23],[147.36,-65.96],[147.11,-65.85],[146.21,-65.4],[145.23,-64.88],[145.17,-64.85],[144.21,-64.3],[143.13,-63.8],[142.09,-63.29],[141.23,-63.05],[140.72,-62.92],[139.87,-62.69],[139.05,-62.46],[138.31,-62.24],[137.63,-62.03],[136.84,-61.8],[136.03,-61.58],[135.37,-61.37],[134.61,-61.14],[133.86,-60.89],[133.25,-60.68],[131.52,-60.4],[129.95,-60.23],[129.66,-60.22],[128.63,-60.2],[127.84,-60.23],[127.22,-60.26],[125.89,-60.3],[125.07,-60.18],[124.03,-60.08],[123.27,-60.1],[122.79,-60.14],[121.59,-60.23],[119.98,-60.41],[118.45,-60.58],[116.79,-60.82],[114.9,-60.88],[113,-60.91],[111.52,-60.99],[110.04,-61.04],[108.49,-61.18],[107.47,-61.17],[105.77,-61.23],[104.29,-61.33],[102.35,-61.31],[100.5,-61.19],[98.67,-61.04],[98.67,-61.04],[98.51,-61.01],[98.51,-61.01],[98.44,-61.16],[98.44,-61.16],[97.94,-60.97],[97.94,-60.97],[97.99,-60.89],[97,-60.18],[96.04,-59.46],[95.78,-59.02],[95.78,-59.02],[97.3,-59.28],[98.79,-59.44],[100.28,-59.59]]]}}]}